# Blender v2.93.0 Alpha OBJ File: 'Book_001.blend'
# www.blender.org
mtllib Book.mtl
o Cube
v -1.001536 -0.247995 1.484704
v -1.001536 0.247995 1.484704
v -1.001536 -0.247995 -1.486758
v 1.069380 -0.246612 1.481164
v 1.069380 0.246612 1.481164
v 1.069380 -0.246612 -1.484245
v 1.069380 0.246612 -1.484245
v -1.001536 0.247995 -1.486758
v -1.065022 0.215111 1.484704
v -1.064832 -0.215288 1.484704
v -1.064832 -0.215288 -1.486758
v -1.065022 0.215111 -1.486758
v 1.065040 -0.218337 -1.476777
v 1.065040 0.218337 -1.476777
v 1.065040 -0.218337 1.474736
v 1.065040 0.218337 1.474736
v -1.032151 0.215282 1.484574
v -1.032015 -0.215410 1.484574
v -1.032151 0.215282 -1.484574
v -1.032015 -0.215410 -1.484574
v -1.105019 0.145904 1.481770
v -1.145185 0.076399 1.481770
v -1.159066 0.000000 1.481770
v -1.145185 -0.076399 1.481770
v -1.104831 -0.146081 1.481770
v -1.105019 0.145904 -1.481770
v -1.145185 0.076399 -1.481770
v -1.159066 0.000000 -1.481770
v -1.145185 -0.076399 -1.481770
v -1.104830 -0.146081 -1.481770
v -1.134635 -0.146044 1.484704
v -1.174989 -0.076374 1.484704
v -1.188866 0.000000 1.484704
v -1.174989 0.076374 1.484704
v -1.134824 0.145867 1.484704
v -1.134635 -0.146044 -1.486758
v -1.174989 -0.076374 -1.486758
v -1.188866 0.000000 -1.486758
v -1.174989 0.076374 -1.486758
v -1.134824 0.145867 -1.486758
v 1.034286 -0.209865 -1.436850
v 1.034104 0.209688 -1.436850
v 1.034286 -0.209865 1.434865
v 1.034104 0.209688 1.434865
v -1.029377 0.209404 1.446716
v -1.029093 -0.209669 1.446716
v -1.029377 0.209404 -1.446716
v -1.029093 -0.209669 -1.446716
v -1.093520 0.145913 1.441708
v -1.133682 0.076405 1.441708
v -1.147564 0.000000 1.441708
v -1.133683 -0.076405 1.441708
v -1.093331 -0.146090 1.441708
v -1.093520 0.145913 -1.441708
v -1.133683 0.076405 -1.441708
v -1.147564 0.000000 -1.441708
v -1.133682 -0.076405 -1.441708
v -1.093331 -0.146090 -1.441708
v 0.966738 -0.146035 1.424897
v 0.928008 -0.076368 1.424897
v 0.914691 0.000000 1.424897
v 0.928008 0.076368 1.424897
v 0.966556 0.145858 1.424897
v 0.966556 0.145858 -1.426869
v 0.928008 0.076368 -1.426869
v 0.914691 0.000000 -1.426869
v 0.928008 -0.076368 -1.426869
v 0.966738 -0.146035 -1.426869
v -1.035056 -0.236254 -1.484245
v -1.035056 0.236254 1.481164
v -1.035056 0.236254 -1.484245
v -1.035056 -0.236254 1.481164
v 0.699658 -0.218337 -1.481770
v 0.710855 0.250651 -1.486758
v 0.699658 0.218337 1.481770
v 0.699658 -0.218337 1.481770
v 0.699658 0.218337 -1.481770
v 0.710855 0.250651 1.484704
v 0.710855 -0.250651 -1.486758
v 0.710855 -0.250651 1.484704
v 0.672763 -0.209865 -1.441708
v 0.672580 0.209688 1.441708
v 0.672763 -0.209865 1.441708
v 0.672580 0.209688 -1.441708
v 0.606074 -0.146044 1.431693
v 0.567073 -0.076374 1.431693
v 0.553661 0.000000 1.431693
v 0.567073 0.076374 1.431693
v 0.605891 0.145867 1.431693
v 0.606074 -0.146044 -1.431693
v 0.567073 -0.076374 -1.431693
v 0.553661 0.000000 -1.431693
v 0.567073 0.076374 -1.431693
v 0.605891 0.145867 -1.431693
v -0.994271 -0.255543 -0.981498
v 1.072656 -0.250651 -0.981497
v 1.072656 0.250651 -0.981497
v 1.071597 0.218337 -0.974908
v 1.071597 -0.218337 -0.974908
v -1.072447 0.214579 -0.981497
v -1.072258 -0.214757 -0.981497
v -0.994271 0.255543 -0.981497
v -1.142086 -0.146035 -0.981498
v -1.182439 -0.076368 -0.981498
v -1.196315 -0.000000 -0.981498
v -1.182439 0.076368 -0.981498
v -1.142275 0.145858 -0.981498
v 1.040643 0.209688 -0.948550
v 1.040825 -0.209865 -0.948550
v 0.973272 -0.146035 -0.941961
v 0.934544 -0.076368 -0.941961
v 0.921227 0.000000 -0.941961
v 0.934544 0.076368 -0.941961
v 0.973091 0.145858 -0.941961
v -1.035078 0.237903 -0.981497
v -1.035078 -0.237903 -0.981497
v 0.712075 0.258730 -0.981498
v 0.712075 -0.258730 -0.981498
v -0.667617 -0.218337 -1.481770
v -0.667617 0.218337 1.481770
v -0.642288 0.250651 1.484704
v -0.642288 -0.250651 -1.486758
v -0.679311 -0.209865 -1.441708
v -0.679498 0.209688 1.441708
v -0.742612 -0.146081 1.431693
v -0.782684 -0.076399 1.431693
v -0.796469 -0.000000 1.431693
v -0.782684 0.076399 1.431693
v -0.742800 0.145904 1.431693
v -0.642288 0.250651 -1.486758
v -0.667617 -0.218337 1.481770
v -0.667617 0.218337 -1.481770
v -0.642288 -0.250651 1.484704
v -0.679310 -0.209865 1.441708
v -0.679498 0.209688 -1.441708
v -0.742612 -0.146081 -1.431693
v -0.782684 -0.076399 -1.431693
v -0.796469 0.000000 -1.431693
v -0.782684 0.076399 -1.431693
v -0.742800 0.145904 -1.431693
v -0.636285 -0.258730 -0.981498
v -0.636285 0.258730 -0.981498
v -0.994271 -0.255543 0.971226
v 1.072656 0.250651 0.971226
v 1.071597 0.218337 0.964706
v -1.072257 -0.214757 0.971226
v 1.040643 0.209688 0.938624
v 0.973272 -0.146035 0.932103
v 0.934544 -0.076368 0.932103
v 0.921227 0.000000 0.932103
v 0.934544 0.076368 0.932103
v 0.973091 0.145858 0.932103
v 0.712075 0.258730 0.971226
v 0.712075 -0.258730 0.971226
v 1.072656 -0.250651 0.971226
v 1.071597 -0.218337 0.964706
v -1.072447 0.214579 0.971226
v -0.994271 0.255543 0.971226
v -1.142086 -0.146035 0.971226
v -1.182439 -0.076368 0.971226
v -1.196315 0.000000 0.971226
v -1.182440 0.076368 0.971226
v -1.142275 0.145858 0.971226
v 1.040825 -0.209865 0.938624
v -1.035078 0.237903 0.971226
v -1.035078 -0.237903 0.971226
v -0.636285 -0.258730 0.971226
v -0.636285 0.258730 0.971226
v -1.055543 0.197557 1.481770
v -1.085313 0.197547 1.484704
v -1.055543 0.197557 -1.481770
v -1.085313 0.197547 -1.486758
v -1.044056 0.197560 1.441708
v 1.014083 0.197545 1.424897
v -1.044056 0.197560 -1.441708
v 1.014082 0.197545 -1.426869
v 0.653742 0.197547 1.431693
v 0.653742 0.197547 -1.431693
v 1.020615 0.197545 -0.941961
v -1.092755 0.197545 -0.981498
v -0.693669 0.197557 -1.431693
v -0.693669 0.197557 1.431693
v 1.020615 0.197545 0.932103
v -1.092755 0.197545 0.971226
v -1.054787 -0.198266 1.481770
v -1.084556 -0.198257 1.484704
v -1.084556 -0.198257 -1.486758
v -1.054787 -0.198266 -1.481770
v 1.014809 -0.198254 1.424897
v -1.043300 -0.198268 1.441708
v -1.043300 -0.198268 -1.441708
v 1.014809 -0.198254 -1.426869
v 0.654474 -0.198257 1.431693
v 0.654474 -0.198257 -1.431693
v 1.021342 -0.198254 -0.941961
v -1.091998 -0.198254 -0.981497
v -0.692919 -0.198266 1.431693
v -0.692919 -0.198266 -1.431693
v 1.021342 -0.198254 0.932103
v -1.091998 -0.198254 0.971226
v -0.994384 -0.255425 1.258123
v -0.995179 -0.254599 1.409898
v -0.997336 -0.252359 1.470706
v 1.069362 -0.225593 -1.482494
v 1.071130 -0.233970 -1.485080
v 1.070758 -0.241618 -1.485243
v -0.867524 -0.218296 -1.481807
v -0.973506 -0.218011 -1.482070
v -1.017365 -0.217222 -1.482806
v 0.910768 0.250565 -1.486704
v 1.017192 0.249959 -1.486328
v 1.060094 0.248466 -1.485399
v -0.867526 0.218294 1.481807
v -0.973520 0.217998 1.482070
v -1.017414 0.217176 1.482806
v 1.072586 -0.250565 -1.266492
v 1.072095 -0.249959 -1.415735
v 1.070884 -0.248466 -1.473557
v 1.072586 0.250565 1.258066
v 1.072095 0.249959 1.409439
v 1.070884 0.248466 1.469206
v -1.058252 0.215565 -1.489571
v -1.049844 0.215960 -1.490414
v -1.040919 0.216021 -1.489118
v -1.058063 -0.215742 1.488705
v -1.049660 -0.216132 1.490157
v -1.040749 -0.216180 1.489086
v 1.070758 -0.241618 1.482633
v 1.071130 -0.233970 1.482852
v 1.069362 -0.225593 1.480423
v -1.040919 0.216021 1.489086
v -1.049844 0.215960 1.490157
v -1.058252 0.215565 1.488705
v 0.901674 -0.218337 1.481660
v 1.009532 -0.218337 1.480890
v 1.053799 -0.218337 1.478803
v 1.071495 0.218337 1.249676
v 1.070778 0.218337 1.400432
v 1.068831 0.218337 1.460833
v 1.071495 -0.218337 -1.258030
v 1.070778 -0.218337 -1.406554
v 1.068831 -0.218337 -1.464722
v 0.901674 0.218337 -1.481692
v 1.009532 0.218337 -1.481146
v 1.053799 0.218337 -1.479663
v -1.040750 -0.216180 -1.489118
v -1.049660 -0.216132 -1.490414
v -1.058063 -0.215742 -1.489571
v -1.072331 0.214588 -1.266533
v -1.071519 0.214646 -1.416061
v -1.069314 0.214803 -1.474622
v -1.072142 -0.214765 1.258123
v -1.071329 -0.214823 1.409898
v -1.069125 -0.214981 1.470706
v -1.057921 -0.220421 -1.486704
v -1.049637 -0.226407 -1.486328
v -1.041286 -0.232183 -1.485399
v -1.041289 0.232180 1.482789
v -1.049660 0.226385 1.484098
v -1.058001 0.220346 1.484628
v -1.041286 -0.232183 1.482789
v -1.049637 -0.226407 1.484097
v -1.057921 -0.220421 1.484628
v -1.028752 -0.239037 -1.485399
v -1.019975 -0.242445 -1.486328
v -1.010579 -0.245559 -1.486704
v -1.041289 0.232180 -1.485399
v -1.049660 0.226385 -1.486328
v -1.058001 0.220346 -1.486704
v -0.840123 0.250610 1.484704
v -0.945013 0.250319 1.484704
v -0.988352 0.249531 1.484704
v -0.840123 -0.250610 -1.486758
v -0.945013 -0.250319 -1.486758
v -0.988352 -0.249531 -1.486758
v -1.010579 -0.245559 1.484628
v -1.019975 -0.242445 1.484098
v -1.028752 -0.239037 1.482789
v 0.910768 -0.250565 1.484628
v 1.017192 -0.249959 1.484098
v 1.060094 -0.248466 1.482789
v -0.994385 0.255425 -1.266533
v -0.995179 0.254599 -1.416061
v -0.997336 0.252359 -1.474622
v -1.137472 -0.094622 1.481770
v -1.128138 -0.112333 1.481770
v -1.117239 -0.129499 1.481770
v -1.158188 -0.019397 1.481770
v -1.155567 -0.038675 1.481770
v -1.151226 -0.057715 1.481770
v -1.151226 0.057715 1.481770
v -1.155567 0.038675 1.481770
v -1.158188 0.019397 1.481770
v -1.117319 0.129424 1.481770
v -1.128162 0.112311 1.481770
v -1.137475 0.094619 1.481770
v -1.127882 -0.146053 -1.489508
v -1.119732 -0.146063 -1.489905
v -1.111583 -0.146073 -1.487481
v -1.137472 -0.094622 -1.481769
v -1.128138 -0.112333 -1.481770
v -1.117239 -0.129499 -1.481770
v -1.147046 -0.129461 -1.486758
v -1.157946 -0.112298 -1.486758
v -1.167278 -0.094591 -1.486758
v -1.168236 -0.076380 -1.489508
v -1.160087 -0.076386 -1.489905
v -1.151937 -0.076393 -1.487481
v -1.158188 -0.019397 -1.481770
v -1.155567 -0.038675 -1.481770
v -1.151226 -0.057715 -1.481770
v -1.181027 -0.057696 -1.486758
v -1.185368 -0.038662 -1.486758
v -1.187988 -0.019390 -1.486758
v -1.182114 0.000000 -1.489508
v -1.173966 0.000000 -1.489905
v -1.165818 0.000000 -1.487481
v -1.151226 0.057715 -1.481770
v -1.155567 0.038675 -1.481770
v -1.158188 0.019397 -1.481770
v -1.187988 0.019390 -1.486758
v -1.185368 0.038662 -1.486758
v -1.181027 0.057696 -1.486758
v -1.168236 0.076380 -1.489508
v -1.160087 0.076386 -1.489905
v -1.151937 0.076393 -1.487481
v -1.117319 0.129424 -1.481770
v -1.128162 0.112311 -1.481770
v -1.137475 0.094619 -1.481770
v -1.167281 0.094588 -1.486758
v -1.157970 0.112276 -1.486758
v -1.147126 0.129386 -1.486758
v -1.128071 0.145875 -1.489508
v -1.119922 0.145885 -1.489905
v -1.111772 0.145896 -1.487481
v -1.141969 -0.146035 -1.266532
v -1.141154 -0.146036 -1.416061
v -1.138942 -0.146039 -1.474622
v -1.147046 -0.129461 1.484704
v -1.157946 -0.112298 1.484704
v -1.167278 -0.094591 1.484704
v -1.182323 -0.076368 -1.266532
v -1.181508 -0.076368 -1.416061
v -1.179296 -0.076370 -1.474622
v -1.181027 -0.057696 1.484704
v -1.185368 -0.038662 1.484704
v -1.187988 -0.019390 1.484704
v -1.196199 -0.000000 -1.266532
v -1.195384 0.000000 -1.416061
v -1.193173 0.000000 -1.474622
v -1.187988 0.019390 1.484704
v -1.185368 0.038662 1.484704
v -1.181027 0.057696 1.484704
v -1.182323 0.076368 -1.266532
v -1.181508 0.076368 -1.416061
v -1.179296 0.076370 -1.474622
v -1.167281 0.094588 1.484704
v -1.157969 0.112276 1.484704
v -1.147126 0.129386 1.484704
v -1.142159 0.145858 -1.266532
v -1.141344 0.145859 -1.416061
v -1.139132 0.145861 -1.474622
v -1.100648 0.145909 -1.472693
v -1.097994 0.145912 -1.461739
v -1.095977 0.145913 -1.450785
v -1.095788 -0.146090 1.450785
v -1.097805 -0.146089 1.461739
v -1.100460 -0.146086 1.472693
v -1.150023 -0.000000 1.450785
v -1.152041 -0.000000 1.461739
v -1.154696 -0.000000 1.472693
v -1.029932 -0.209833 -1.452944
v -1.030697 -0.210422 -1.462689
v -1.031259 -0.211902 -1.473798
v -1.095977 0.145913 1.450785
v -1.097994 0.145912 1.461739
v -1.100649 0.145909 1.472693
v -1.140814 -0.076403 -1.472693
v -1.138159 -0.076405 -1.461739
v -1.136141 -0.076405 -1.450785
v -1.030172 0.209609 -1.452944
v -1.030897 0.210235 -1.462689
v -1.031430 0.211741 -1.473798
v 1.058155 -0.213660 -1.467731
v 1.049812 -0.211219 -1.456813
v 1.041394 -0.210219 -1.445896
v -1.140814 0.076403 -1.472693
v -1.138159 0.076405 -1.461739
v -1.136141 0.076405 -1.450785
v 1.041317 0.210144 -1.445896
v 1.049789 0.211197 -1.456813
v 1.058153 0.213657 -1.467731
v -1.140814 0.076403 1.472693
v -1.138159 0.076405 1.461739
v -1.136141 0.076405 1.450785
v 1.041317 0.210144 1.443898
v 1.049789 0.211197 1.454800
v 1.058153 0.213657 1.465703
v -1.095788 -0.146090 -1.450785
v -1.097805 -0.146089 -1.461739
v -1.100459 -0.146086 -1.472693
v -1.029932 -0.209833 1.452944
v -1.030697 -0.210422 1.462689
v -1.031259 -0.211902 1.473798
v 1.058155 -0.213660 1.465703
v 1.049812 -0.211219 1.454801
v 1.041394 -0.210219 1.443898
v -1.030172 0.209609 1.452944
v -1.030897 0.210235 1.462689
v -1.031430 0.211741 1.473798
v -1.111583 -0.146073 1.487449
v -1.119733 -0.146063 1.489648
v -1.127882 -0.146053 1.488641
v -1.151937 -0.076393 1.487449
v -1.160087 -0.076386 1.489648
v -1.168236 -0.076380 1.488641
v -1.165818 0.000000 1.487449
v -1.173966 0.000000 1.489648
v -1.182114 0.000000 1.488641
v -1.151937 0.076393 1.487449
v -1.160087 0.076386 1.489648
v -1.168236 0.076380 1.488641
v -1.111772 0.145896 1.487449
v -1.119922 0.145885 1.489648
v -1.128071 0.145875 1.488641
v -1.136141 -0.076405 1.450785
v -1.138159 -0.076405 1.461739
v -1.140814 -0.076403 1.472693
v -1.048086 -0.204489 1.481807
v -1.043506 -0.208383 1.482070
v -1.039202 -0.211304 1.482806
v -1.048780 0.203839 1.481807
v -1.044044 0.207879 1.482070
v -1.039540 0.210987 1.482806
v -1.095305 0.188100 1.484704
v -1.107738 0.175871 1.484704
v -1.121336 0.161559 1.484704
v -1.077870 -0.204500 1.484704
v -1.073430 -0.208502 1.484704
v -1.069622 -0.211640 1.484704
v -1.094610 -0.188751 -1.486758
v -1.107194 -0.176380 -1.486758
v -1.120979 -0.161895 -1.486758
v -1.048086 -0.204489 -1.481807
v -1.043506 -0.208383 -1.482070
v -1.039202 -0.211304 -1.482806
v -1.048780 0.203839 -1.481807
v -1.044044 0.207879 -1.482070
v -1.039540 0.210987 -1.482806
v -1.150023 0.000000 -1.450785
v -1.152041 0.000000 -1.461739
v -1.154696 0.000000 -1.472693
v -1.078565 0.203849 -1.486758
v -1.073974 0.207993 -1.486758
v -1.069979 0.211305 -1.486758
v -0.876845 -0.209861 -1.441815
v -0.980648 -0.209832 -1.442566
v -1.021249 -0.209759 -1.444417
v -0.877036 0.209682 1.441815
v -0.980853 0.209640 1.442566
v -1.021489 0.209534 1.444417
v 0.872573 -0.209865 1.441601
v 0.979288 -0.209865 1.440853
v 1.023120 -0.209865 1.438821
v 1.040541 0.209688 1.215890
v 1.039825 0.209688 1.362570
v 1.037884 0.209688 1.421337
v 1.040722 -0.209865 -1.224017
v 1.040007 -0.209865 -1.368526
v 1.038066 -0.209865 -1.425122
v 0.872391 0.209688 -1.441632
v 0.979106 0.209688 -1.441101
v 1.022938 0.209688 -1.439659
v -0.939679 -0.146086 1.431849
v -1.043419 -0.146089 1.432945
v -1.084435 -0.146090 1.435918
v -1.125970 -0.094629 1.441708
v -1.116636 -0.112342 1.441708
v -1.105738 -0.129508 1.441708
v 0.954825 -0.129451 1.424897
v 0.944364 -0.112289 1.424897
v 0.935408 -0.094583 1.424897
v -0.979908 -0.076402 1.431849
v -1.083730 -0.076404 1.432945
v -1.124780 -0.076405 1.435918
v -1.146686 -0.019398 1.441708
v -1.144065 -0.038678 1.441708
v -1.139723 -0.057720 1.441708
v 0.922213 -0.057691 1.424897
v 0.918048 -0.038659 1.424897
v 0.915534 -0.019389 1.424897
v -0.993747 0.000000 1.431849
v -1.097598 0.000000 1.432945
v -1.138659 0.000000 1.435918
v -1.139723 0.057720 1.441708
v -1.144065 0.038678 1.441708
v -1.146686 0.019398 1.441708
v 0.915534 0.019389 1.424897
v 0.918048 0.038659 1.424897
v 0.922213 0.057691 1.424897
v -0.979908 0.076402 1.431849
v -1.083730 0.076404 1.432945
v -1.124780 0.076405 1.435918
v -1.105817 0.129433 1.441708
v -1.116660 0.112320 1.441708
v -1.125973 0.094627 1.441708
v 0.935405 0.094580 1.424897
v 0.944341 0.112267 1.424897
v 0.954748 0.129376 1.424897
v -0.939867 0.145909 1.431849
v -1.043608 0.145912 1.432945
v -1.084624 0.145913 1.435918
v -1.125970 -0.094629 -1.441708
v -1.116636 -0.112342 -1.441708
v -1.105737 -0.129508 -1.441708
v -1.146686 -0.019398 -1.441708
v -1.144065 -0.038678 -1.441708
v -1.139723 -0.057720 -1.441708
v -1.139723 0.057720 -1.441708
v -1.144065 0.038678 -1.441708
v -1.146686 0.019398 -1.441708
v -1.105817 0.129433 -1.441708
v -1.116660 0.112320 -1.441708
v -1.125973 0.094627 -1.441708
v 0.805394 -0.146039 -1.431617
v 0.911853 -0.146036 -1.431090
v 0.955589 -0.146035 -1.429658
v 0.935408 -0.094583 -1.426869
v 0.944364 -0.112289 -1.426869
v 0.954825 -0.129451 -1.426869
v 0.766548 -0.076370 -1.431617
v 0.873088 -0.076368 -1.431090
v 0.916854 -0.076368 -1.429658
v 0.915534 -0.019389 -1.426869
v 0.918048 -0.038659 -1.426869
v 0.922213 -0.057691 -1.426869
v 0.753190 0.000000 -1.431617
v 0.859758 0.000000 -1.431090
v 0.903535 -0.000000 -1.429658
v 0.922213 0.057691 -1.426869
v 0.918048 0.038659 -1.426869
v 0.915534 0.019389 -1.426869
v 0.766548 0.076370 -1.431617
v 0.873088 0.076368 -1.431090
v 0.916854 0.076368 -1.429658
v 0.954748 0.129376 -1.426869
v 0.944341 0.112267 -1.426869
v 0.935405 0.094580 -1.426869
v 0.805211 0.145862 -1.431617
v 0.911671 0.145859 -1.431090
v 0.955407 0.145858 -1.429658
v 0.973170 -0.146035 1.207444
v 0.972455 -0.146035 1.353104
v 0.970516 -0.146035 1.411463
v 0.934442 -0.076368 1.207444
v 0.933727 -0.076368 1.353104
v 0.931787 -0.076368 1.411463
v 0.921125 0.000000 1.207444
v 0.920410 0.000000 1.353104
v 0.918470 0.000000 1.411463
v 0.934442 0.076368 1.207444
v 0.933727 0.076368 1.353104
v 0.931787 0.076368 1.411463
v 0.972988 0.145858 1.207444
v 0.972274 0.145858 1.353104
v 0.970334 0.145858 1.411463
v 1.005158 -0.188747 1.424897
v 0.993078 -0.176374 1.424897
v 0.979846 -0.161887 1.424897
v -1.036696 -0.204418 1.441815
v -1.032780 -0.207801 1.442566
v -1.030458 -0.209270 1.444417
v -1.037392 0.203766 1.441815
v -1.033336 0.207281 1.442566
v -1.030856 0.208897 1.444418
v 1.020569 0.203763 1.425053
v 1.025036 0.207314 1.426143
v 1.029031 0.209017 1.429103
v -1.036696 -0.204418 -1.441815
v -1.032780 -0.207801 -1.442566
v -1.030458 -0.209270 -1.444417
v -1.037392 0.203766 -1.441815
v -1.033336 0.207281 -1.442566
v -1.030856 0.208897 -1.444417
v 1.004491 0.188096 -1.426869
v 0.992556 0.175864 -1.426869
v 0.979503 0.161551 -1.426869
v 1.021236 -0.204414 -1.427025
v 1.025558 -0.207824 -1.428116
v 1.029375 -0.209352 -1.431080
v -1.008140 0.241121 -1.489571
v -1.016231 0.232628 -1.490414
v -1.024573 0.223717 -1.489118
v 1.069361 0.225593 1.480423
v 1.071130 0.233970 1.482852
v 1.070758 0.241618 1.482633
v -1.010579 0.245559 1.484628
v -1.019975 0.242445 1.484098
v -1.028752 0.239037 1.482789
v 1.070758 0.241618 -1.485243
v 1.071130 0.233970 -1.485080
v 1.069361 0.225593 -1.482493
v -1.024524 -0.223763 -1.489118
v -1.016217 -0.232641 -1.490414
v -1.008138 -0.241123 -1.489571
v -1.035078 0.237869 -1.266492
v -1.035075 0.237631 -1.415735
v -1.035067 0.237035 -1.473557
v -1.024524 -0.223763 1.489086
v -1.016217 -0.232641 1.490157
v -1.008138 -0.241123 1.488705
v -1.035078 -0.237869 -1.266492
v -1.035075 -0.237631 -1.415735
v -1.035067 -0.237035 -1.473557
v -1.010579 0.245559 -1.486704
v -1.019975 0.242445 -1.486328
v -1.028752 0.239037 -1.485399
v -1.008140 0.241121 1.488705
v -1.016230 0.232628 1.490157
v -1.024573 0.223717 1.489086
v 1.053799 -0.218337 -1.479663
v 1.009532 -0.218337 -1.481146
v 0.901674 -0.218337 -1.481692
v -0.335668 0.250651 -1.486758
v 0.033354 0.250651 -1.486758
v 0.402841 0.250651 -1.486758
v 1.053799 0.218337 1.478802
v 1.009532 0.218337 1.480890
v 0.901674 0.218337 1.481660
v -0.357784 -0.218337 1.481770
v 0.015101 -0.218337 1.481770
v 0.388445 -0.218337 1.481770
v -0.357784 0.218337 -1.481770
v 0.015101 0.218337 -1.481770
v 0.388445 0.218337 -1.481770
v 1.060094 0.248466 1.482789
v 1.017192 0.249959 1.484097
v 0.910768 0.250565 1.484628
v 1.060094 -0.248466 -1.485399
v 1.017192 -0.249959 -1.486328
v 0.910768 -0.250565 -1.486704
v -0.335668 -0.250651 1.484704
v 0.033354 -0.250651 1.484704
v 0.402841 -0.250651 1.484704
v 1.023120 -0.209865 -1.439659
v 0.979288 -0.209865 -1.441101
v 0.872573 -0.209865 -1.441632
v 1.022938 0.209688 1.438821
v 0.979106 0.209688 1.440853
v 0.872391 0.209688 1.441601
v -0.372934 -0.209865 1.441708
v -0.004204 -0.209865 1.441708
v 0.364991 -0.209865 1.441708
v -0.373121 0.209688 -1.441708
v -0.004389 0.209688 -1.441708
v 0.364807 0.209688 -1.441708
v 0.955589 -0.146035 1.428826
v 0.911853 -0.146036 1.430844
v 0.805394 -0.146039 1.431587
v 0.916854 -0.076368 1.428826
v 0.873088 -0.076368 1.430843
v 0.766548 -0.076370 1.431587
v 0.903535 0.000000 1.428826
v 0.859758 0.000000 1.430843
v 0.753190 0.000000 1.431587
v 0.916854 0.076368 1.428826
v 0.873088 0.076368 1.430843
v 0.766548 0.076370 1.431587
v 0.955407 0.145858 1.428826
v 0.911671 0.145859 1.430843
v 0.805211 0.145862 1.431587
v -0.437005 -0.146072 -1.431693
v -0.069201 -0.146062 -1.431693
v 0.299069 -0.146052 -1.431693
v -0.476834 -0.076393 -1.431693
v -0.108737 -0.076386 -1.431693
v 0.259825 -0.076380 -1.431693
v -0.490534 0.000000 -1.431693
v -0.122335 -0.000000 -1.431693
v 0.246329 0.000000 -1.431693
v -0.476834 0.076393 -1.431693
v -0.108737 0.076386 -1.431693
v 0.259825 0.076380 -1.431693
v -0.437192 0.145895 -1.431693
v -0.069387 0.145885 -1.431693
v 0.298885 0.145875 -1.431693
v 0.704416 -0.225658 -1.487481
v 0.707626 -0.234494 -1.489905
v 0.709651 -0.243330 -1.489508
v 0.574522 0.094588 -1.431693
v 0.583521 0.112276 -1.431693
v 0.594001 0.129386 -1.431693
v 0.554509 0.019390 -1.431693
v 0.557042 0.038662 -1.431693
v 0.561236 0.057696 -1.431693
v 0.561236 -0.057696 -1.431693
v 0.557042 -0.038662 -1.431693
v 0.554509 -0.019390 -1.431693
v 0.594078 -0.129461 -1.431693
v 0.583544 -0.112298 -1.431693
v 0.574525 -0.094591 -1.431693
v 0.574522 0.094588 1.431693
v 0.583521 0.112276 1.431693
v 0.594001 0.129386 1.431693
v 0.554509 0.019390 1.431693
v 0.557042 0.038662 1.431693
v 0.561236 0.057696 1.431693
v 0.561236 -0.057696 1.431693
v 0.557042 -0.038662 1.431693
v 0.554510 -0.019390 1.431693
v 0.594079 -0.129461 1.431693
v 0.583544 -0.112298 1.431693
v 0.574525 -0.094591 1.431693
v 0.644757 -0.188751 1.431693
v 0.632595 -0.176381 1.431693
v 0.619273 -0.161895 1.431693
v 0.644085 0.188100 1.431693
v 0.632069 0.175871 1.431693
v 0.618927 0.161559 1.431693
v 0.660923 -0.204415 -1.431849
v 0.665130 -0.207825 -1.432945
v 0.668581 -0.209352 -1.435918
v 0.644085 0.188100 -1.431693
v 0.632069 0.175871 -1.431693
v 0.618927 0.161559 -1.431693
v 0.693221 -0.213660 1.472693
v 0.685905 -0.211219 1.461739
v 0.678741 -0.210219 1.450785
v 0.693218 0.213657 1.472693
v 0.685882 0.211197 1.461739
v 0.678664 0.210144 1.450785
v 0.693218 0.213657 -1.472693
v 0.685882 0.211197 -1.461739
v 0.678664 0.210144 -1.450785
v 0.693221 -0.213660 -1.472693
v 0.685905 -0.211219 -1.461739
v 0.678741 -0.210219 -1.450785
v 0.712056 0.258604 1.258123
v 0.711923 0.257720 1.409898
v 0.711560 0.255322 1.470706
v 0.704416 -0.225658 1.487449
v 0.707626 -0.234494 1.489648
v 0.709651 -0.243330 1.488641
v 0.709651 0.243330 -1.489508
v 0.707626 0.234494 -1.489905
v 0.704416 0.225658 -1.487481
v 0.709651 0.243330 1.488641
v 0.707626 0.234494 1.489648
v 0.704416 0.225658 1.487449
v 0.712056 -0.258604 1.258123
v 0.711923 -0.257720 1.409898
v 0.711560 -0.255322 1.470706
v -0.997336 -0.252359 -1.474622
v -0.995179 -0.254599 -1.416061
v -0.994384 -0.255425 -1.266533
v 1.072656 -0.250651 0.527383
v 1.072656 -0.250651 -0.005906
v 1.072656 -0.250651 -0.538810
v 1.070884 0.248466 -1.473557
v 1.072095 0.249959 -1.415735
v 1.072586 0.250565 -1.266492
v 1.068831 0.218337 -1.464722
v 1.070778 0.218337 -1.406554
v 1.071495 0.218337 -1.258029
v 1.071597 -0.218337 0.523843
v 1.071597 -0.218337 -0.005866
v 1.071597 -0.218337 -0.535193
v -1.072447 0.214579 0.527383
v -1.072447 0.214579 -0.005906
v -1.072447 0.214579 -0.538810
v -1.069125 -0.214981 -1.474622
v -1.071329 -0.214823 -1.416061
v -1.072142 -0.214765 -1.266533
v -0.994271 0.255543 0.527383
v -0.994271 0.255543 -0.005906
v -0.994271 0.255543 -0.538810
v -1.142086 -0.146035 0.527383
v -1.142086 -0.146035 -0.005906
v -1.142086 -0.146035 -0.538810
v -1.182440 -0.076368 0.527383
v -1.182440 -0.076368 -0.005906
v -1.182440 -0.076368 -0.538810
v -1.196315 -0.000000 0.527383
v -1.196316 0.000000 -0.005906
v -1.196315 0.000000 -0.538810
v -1.182440 0.076368 0.527383
v -1.182440 0.076368 -0.005906
v -1.182439 0.076368 -0.538810
v -1.142275 0.145858 0.527383
v -1.142275 0.145858 -0.005906
v -1.142275 0.145858 -0.538810
v 1.037884 0.209688 -1.425122
v 1.039826 0.209688 -1.368526
v 1.040541 0.209688 -1.224017
v 1.040825 -0.209865 0.509680
v 1.040824 -0.209865 -0.005708
v 1.040825 -0.209865 -0.520723
v 0.970515 -0.146035 -1.415222
v 0.972455 -0.146035 -1.359019
v 0.973170 -0.146035 -1.215514
v 0.931787 -0.076368 -1.415222
v 0.933727 -0.076368 -1.359019
v 0.934442 -0.076368 -1.215514
v 0.918470 0.000000 -1.415222
v 0.920410 0.000000 -1.359019
v 0.921125 0.000000 -1.215514
v 0.931787 0.076368 -1.415222
v 0.933727 0.076368 -1.359019
v 0.934442 0.076368 -1.215514
v 0.970334 0.145858 -1.415222
v 0.972274 0.145858 -1.359019
v 0.972989 0.145858 -1.215514
v -1.035078 0.237903 0.527383
v -1.035078 0.237903 -0.005906
v -1.035078 0.237903 -0.538810
v -1.035078 -0.237903 0.527383
v -1.035078 -0.237903 -0.005906
v -1.035078 -0.237903 -0.538810
v 0.711560 0.255322 -1.474622
v 0.711923 0.257720 -1.416061
v 0.712056 0.258604 -1.266533
v 0.711560 -0.255322 -1.474622
v 0.711923 -0.257720 -1.416061
v 0.712056 -0.258604 -1.266533
v -0.833419 -0.258680 -0.981497
v -0.937938 -0.258331 -0.981498
v -0.981127 -0.257385 -0.981498
v 0.911347 0.258604 -0.981498
v 1.017782 0.257720 -0.981498
v 1.061509 0.255322 -0.981497
v -1.024102 -0.243619 -0.981497
v -1.013435 -0.248557 -0.981498
v -1.003388 -0.252578 -0.981498
v -1.046001 0.231618 -0.981498
v -1.056291 0.225260 -0.981498
v -1.065317 0.219392 -0.981498
v 0.941940 0.094580 -0.941961
v 0.950877 0.112267 -0.941961
v 0.961283 0.129376 -0.941961
v 0.922070 0.019389 -0.941961
v 0.924584 0.038659 -0.941961
v 0.928749 0.057691 -0.941961
v 0.928749 -0.057691 -0.941961
v 0.924584 -0.038659 -0.941961
v 0.922070 -0.019389 -0.941961
v 0.961360 -0.129451 -0.941961
v 0.950899 -0.112289 -0.941961
v 0.941943 -0.094583 -0.941961
v 1.027768 -0.204414 -0.942064
v 1.032091 -0.207824 -0.942785
v 1.035910 -0.209352 -0.944741
v 1.011024 0.188096 -0.941961
v 0.999089 0.175864 -0.941961
v 0.986037 0.161551 -0.941961
v 1.064708 0.213657 -0.968936
v 1.056339 0.211197 -0.961729
v 1.047861 0.210144 -0.954522
v 1.064710 -0.213660 -0.968936
v 1.056362 -0.211219 -0.961729
v 1.047938 -0.210219 -0.954522
v -1.174733 0.094580 -0.981498
v -1.165421 0.112267 -0.981498
v -1.154578 0.129376 -0.981497
v -1.195437 0.019389 -0.981498
v -1.192818 0.038659 -0.981498
v -1.188478 0.057691 -0.981497
v -1.188478 -0.057691 -0.981498
v -1.192818 -0.038659 -0.981498
v -1.195437 -0.019389 -0.981497
v -1.154498 -0.129451 -0.981498
v -1.165398 -0.112289 -0.981498
v -1.174730 -0.094583 -0.981497
v 1.075885 -0.225658 -0.978718
v 1.077424 -0.234494 -0.980674
v 1.076315 -0.243330 -0.981395
v -0.330753 0.258730 -0.981497
v 0.036962 0.258730 -0.981498
v 0.405144 0.258730 -0.981498
v -1.102750 0.188096 -0.981497
v -1.115185 0.175864 -0.981498
v -1.128785 0.161551 -0.981498
v -1.085311 -0.204490 -0.981498
v -1.080868 -0.208436 -0.981498
v -1.077055 -0.211416 -0.981497
v -1.003389 0.252578 -0.981497
v -1.013435 0.248557 -0.981497
v -1.024102 0.243619 -0.981497
v 1.076315 0.243330 -0.981395
v 1.077424 0.234494 -0.980674
v 1.075885 0.225658 -0.978718
v 1.061509 -0.255322 -0.981498
v 1.017782 -0.257720 -0.981498
v 0.911347 -0.258604 -0.981497
v -1.065237 -0.219467 -0.981498
v -1.056267 -0.225282 -0.981498
v -1.045998 -0.231621 -0.981498
v 0.388445 -0.218337 -1.481769
v 0.015101 -0.218337 -1.481769
v -0.357784 -0.218337 -1.481770
v 0.388445 0.218337 1.481770
v 0.015101 0.218337 1.481770
v -0.357784 0.218337 1.481770
v 0.402841 0.250651 1.484704
v 0.033354 0.250651 1.484704
v -0.335668 0.250651 1.484704
v 0.402841 -0.250651 -1.486758
v 0.033354 -0.250651 -1.486758
v -0.335668 -0.250651 -1.486758
v 0.364991 -0.209865 -1.441708
v -0.004204 -0.209865 -1.441708
v -0.372934 -0.209865 -1.441708
v 0.364807 0.209688 1.441708
v -0.004389 0.209688 1.441708
v -0.373121 0.209688 1.441708
v 0.299069 -0.146052 1.431693
v -0.069201 -0.146062 1.431693
v -0.437006 -0.146072 1.431693
v 0.259825 -0.076380 1.431693
v -0.108737 -0.076386 1.431693
v -0.476834 -0.076393 1.431693
v 0.246329 -0.000000 1.431693
v -0.122335 0.000000 1.431693
v -0.490534 0.000000 1.431693
v 0.259825 0.076380 1.431693
v -0.108737 0.076386 1.431693
v -0.476834 0.076393 1.431693
v 0.298885 0.145875 1.431693
v -0.069387 0.145885 1.431693
v -0.437192 0.145895 1.431693
v -0.988352 0.249531 -1.486758
v -0.945012 0.250319 -1.486758
v -0.840123 0.250610 -1.486758
v -1.017365 -0.217222 1.482806
v -0.973506 -0.218011 1.482070
v -0.867524 -0.218296 1.481807
v -1.017414 0.217176 -1.482806
v -0.973520 0.217998 -1.482070
v -0.867526 0.218294 -1.481807
v -0.988352 -0.249531 1.484704
v -0.945013 -0.250319 1.484704
v -0.840123 -0.250610 1.484704
v -1.021249 -0.209759 1.444417
v -0.980648 -0.209832 1.442566
v -0.876845 -0.209861 1.441815
v -1.021489 0.209534 -1.444417
v -0.980853 0.209640 -1.442566
v -0.877036 0.209682 -1.441815
v -1.084435 -0.146090 -1.435918
v -1.043419 -0.146089 -1.432945
v -0.939679 -0.146086 -1.431849
v -1.124780 -0.076405 -1.435918
v -1.083731 -0.076404 -1.432945
v -0.979908 -0.076402 -1.431849
v -1.138659 0.000000 -1.435918
v -1.097598 0.000000 -1.432945
v -0.993747 0.000000 -1.431849
v -1.124780 0.076405 -1.435918
v -1.083730 0.076404 -1.432945
v -0.979908 0.076402 -1.431849
v -1.084624 0.145913 -1.435918
v -1.043608 0.145912 -1.432945
v -0.939867 0.145909 -1.431849
v 0.405144 -0.258730 -0.981497
v 0.036962 -0.258730 -0.981498
v -0.330753 -0.258730 -0.981498
v -0.981127 0.257385 -0.981497
v -0.937938 0.258331 -0.981498
v -0.833419 0.258680 -0.981498
v -0.638817 0.255322 -1.474622
v -0.637035 0.257720 -1.416061
v -0.636379 0.258604 -1.266533
v -0.638817 -0.255322 -1.474622
v -0.637035 -0.257720 -1.416061
v -0.636379 -0.258604 -1.266533
v -0.636379 -0.258604 1.258123
v -0.637035 -0.257720 1.409898
v -0.638817 -0.255322 1.470706
v -0.647748 0.243330 -1.489508
v -0.654458 0.234494 -1.489905
v -0.661415 0.225658 -1.487481
v -0.672292 0.213657 -1.472693
v -0.675582 0.211197 -1.461739
v -0.677860 0.210144 -1.450785
v -0.672289 -0.213660 1.472693
v -0.675559 -0.211219 1.461739
v -0.677781 -0.210219 1.450785
v -0.754934 -0.129498 1.431693
v -0.765757 -0.112333 1.431693
v -0.775025 -0.094621 1.431693
v -0.788683 -0.057715 1.431693
v -0.792994 -0.038675 1.431693
v -0.795596 -0.019397 1.431693
v -0.795596 0.019397 1.431693
v -0.792994 0.038675 1.431693
v -0.788683 0.057715 1.431693
v -0.775028 0.094619 1.431693
v -0.765780 0.112311 1.431693
v -0.755013 0.129423 1.431693
v -0.661415 -0.225658 -1.487481
v -0.654458 -0.234494 -1.489905
v -0.647748 -0.243330 -1.489508
v -0.686378 -0.204420 1.431849
v -0.682625 -0.207826 1.432945
v -0.680616 -0.209353 1.435918
v -0.687068 0.203769 -1.431849
v -0.683164 0.207317 -1.432945
v -0.680971 0.209018 -1.435918
v -0.775028 0.094619 -1.431693
v -0.765780 0.112311 -1.431693
v -0.755013 0.129423 -1.431693
v -0.795596 0.019397 -1.431693
v -0.792994 0.038675 -1.431693
v -0.788683 0.057715 -1.431693
v -0.788683 -0.057715 -1.431693
v -0.792994 -0.038675 -1.431693
v -0.795596 -0.019397 -1.431693
v -0.754934 -0.129498 -1.431693
v -0.765757 -0.112333 -1.431693
v -0.775025 -0.094621 -1.431693
v -0.702894 -0.188768 -1.431693
v -0.715380 -0.176405 -1.431693
v -0.729058 -0.161926 -1.431693
v -0.703583 0.188117 1.431693
v -0.715919 0.175896 1.431693
v -0.729413 0.161591 1.431693
v -0.672292 0.213657 1.472693
v -0.675582 0.211197 1.461739
v -0.677860 0.210144 1.450785
v -0.672289 -0.213660 -1.472693
v -0.675559 -0.211219 -1.461739
v -0.677781 -0.210219 -1.450785
v -0.636379 0.258604 1.258123
v -0.637035 0.257720 1.409898
v -0.638817 0.255322 1.470706
v -0.661415 -0.225658 1.487449
v -0.654458 -0.234494 1.489648
v -0.647748 -0.243330 1.488641
v -0.647748 0.243330 1.488641
v -0.654458 0.234494 1.489648
v -0.661415 0.225658 1.487449
v -0.994271 -0.255543 -0.538810
v -0.994271 -0.255543 -0.005906
v -0.994271 -0.255543 0.527383
v 1.072656 0.250651 -0.538810
v 1.072656 0.250651 -0.005906
v 1.072656 0.250651 0.527383
v 1.071597 0.218337 -0.535193
v 1.071597 0.218337 -0.005866
v 1.071597 0.218337 0.523842
v -1.072257 -0.214757 -0.538810
v -1.072258 -0.214757 -0.005906
v -1.072257 -0.214757 0.527383
v 1.040643 0.209688 -0.520723
v 1.040643 0.209688 -0.005708
v 1.040643 0.209688 0.509680
v 0.973272 -0.146035 -0.517106
v 0.973272 -0.146035 -0.005668
v 0.973272 -0.146035 0.506139
v 0.934544 -0.076368 -0.517106
v 0.934544 -0.076368 -0.005668
v 0.934544 -0.076368 0.506139
v 0.921227 -0.000000 -0.517106
v 0.921227 0.000000 -0.005668
v 0.921227 -0.000000 0.506139
v 0.934544 0.076368 -0.517106
v 0.934544 0.076368 -0.005668
v 0.934544 0.076368 0.506139
v 0.973091 0.145858 -0.517106
v 0.973091 0.145858 -0.005668
v 0.973091 0.145858 0.506139
v 0.712075 0.258730 -0.538810
v 0.712075 0.258730 -0.005906
v 0.712075 0.258730 0.527383
v 0.712075 -0.258730 -0.538810
v 0.712075 -0.258730 -0.005906
v 0.712075 -0.258730 0.527383
v 1.070884 -0.248466 1.469206
v 1.072095 -0.249959 1.409439
v 1.072586 -0.250565 1.258066
v 1.068831 -0.218337 1.460833
v 1.070778 -0.218337 1.400432
v 1.071495 -0.218337 1.249676
v -1.069314 0.214803 1.470706
v -1.071519 0.214646 1.409898
v -1.072331 0.214588 1.258123
v -0.997336 0.252359 1.470706
v -0.995179 0.254599 1.409898
v -0.994384 0.255425 1.258123
v -1.138942 -0.146039 1.470706
v -1.141155 -0.146036 1.409898
v -1.141969 -0.146035 1.258123
v -1.179296 -0.076370 1.470706
v -1.181508 -0.076368 1.409898
v -1.182323 -0.076368 1.258123
v -1.193172 0.000000 1.470706
v -1.195384 0.000000 1.409898
v -1.196199 0.000000 1.258123
v -1.179296 0.076370 1.470706
v -1.181508 0.076368 1.409898
v -1.182323 0.076368 1.258123
v -1.139132 0.145861 1.470706
v -1.141344 0.145859 1.409898
v -1.142159 0.145858 1.258123
v 1.038066 -0.209865 1.421337
v 1.040007 -0.209865 1.362570
v 1.040722 -0.209865 1.215890
v -1.035067 0.237035 1.469206
v -1.035075 0.237631 1.409439
v -1.035078 0.237869 1.258065
v -1.035067 -0.237035 1.469206
v -1.035075 -0.237631 1.409439
v -1.035078 -0.237869 1.258065
v -0.636285 -0.258730 -0.538810
v -0.636285 -0.258730 -0.005906
v -0.636285 -0.258730 0.527383
v -0.636285 0.258730 -0.538810
v -0.636285 0.258730 -0.005906
v -0.636285 0.258730 0.527383
v -0.330753 0.258730 0.971226
v 0.036962 0.258730 0.971226
v 0.405144 0.258730 0.971226
v -0.833419 -0.258680 0.971226
v -0.937938 -0.258331 0.971226
v -0.981127 -0.257385 0.971226
v -1.065237 -0.219467 0.971226
v -1.056267 -0.225282 0.971226
v -1.045998 -0.231621 0.971226
v -1.003388 0.252578 0.971226
v -1.013435 0.248557 0.971226
v -1.024102 0.243619 0.971226
v 1.064710 -0.213660 0.958797
v 1.056362 -0.211219 0.951665
v 1.047938 -0.210219 0.944533
v 0.961360 -0.129451 0.932103
v 0.950899 -0.112289 0.932104
v 0.941943 -0.094583 0.932103
v 0.928749 -0.057691 0.932103
v 0.924584 -0.038659 0.932103
v 0.922070 -0.019389 0.932103
v 0.922070 0.019389 0.932103
v 0.924584 0.038659 0.932103
v 0.928749 0.057691 0.932103
v 0.941940 0.094580 0.932103
v 0.950877 0.112267 0.932103
v 0.961283 0.129376 0.932103
v -1.046001 0.231618 0.971226
v -1.056291 0.225260 0.971226
v -1.065317 0.219392 0.971226
v -1.024102 -0.243619 0.971226
v -1.013435 -0.248557 0.971226
v -1.003388 -0.252578 0.971226
v 0.405144 -0.258730 0.971226
v 0.036962 -0.258730 0.971226
v -0.330753 -0.258730 0.971226
v 0.911347 0.258604 0.971226
v 1.017782 0.257720 0.971226
v 1.061509 0.255322 0.971226
v 1.027768 -0.204414 0.932205
v 1.032091 -0.207824 0.932918
v 1.035910 -0.209352 0.934854
v 1.011024 0.188096 0.932103
v 0.999089 0.175864 0.932104
v 0.986037 0.161551 0.932103
v 1.064708 0.213657 0.958797
v 1.056339 0.211197 0.951665
v 1.047861 0.210144 0.944533
v -1.086006 0.203839 0.971226
v -1.081412 0.207926 0.971226
v -1.077413 0.211080 0.971226
v -1.174733 0.094580 0.971226
v -1.165421 0.112267 0.971226
v -1.154578 0.129376 0.971226
v -1.195437 0.019389 0.971226
v -1.192818 0.038659 0.971226
v -1.188478 0.057691 0.971226
v -1.188478 -0.057691 0.971226
v -1.192818 -0.038659 0.971226
v -1.195437 -0.019389 0.971226
v -1.154498 -0.129451 0.971226
v -1.165398 -0.112289 0.971226
v -1.174730 -0.094583 0.971226
v -1.102055 -0.188747 0.971226
v -1.114641 -0.176374 0.971226
v -1.128428 -0.161887 0.971226
v 1.075885 -0.225658 0.968475
v 1.077424 -0.234494 0.970411
v 1.076315 -0.243330 0.971124
v -0.981127 0.257385 0.971226
v -0.937938 0.258331 0.971226
v -0.833419 0.258680 0.971226
v 1.076315 0.243330 0.971124
v 1.077424 0.234494 0.970411
v 1.075885 0.225658 0.968475
v 1.061509 -0.255322 0.971226
v 1.017782 -0.257720 0.971226
v 0.911347 -0.258604 0.971226
v -1.091539 0.161592 1.481770
v -1.077950 0.175896 1.481770
v -1.065526 0.188117 1.481770
v -1.069979 0.211305 1.484704
v -1.073974 0.207993 1.484704
v -1.078565 0.203849 1.484704
v -1.091539 0.161592 -1.481770
v -1.077950 0.175896 -1.481770
v -1.065527 0.188117 -1.481769
v -1.121336 0.161559 -1.486758
v -1.107738 0.175871 -1.486758
v -1.095305 0.188100 -1.486758
v -1.080042 0.161600 1.441708
v -1.066456 0.175902 1.441708
v -1.054036 0.188121 1.441708
v 0.979503 0.161551 1.424897
v 0.992556 0.175864 1.424897
v 1.004491 0.188096 1.424897
v -1.080042 0.161600 -1.441708
v -1.066456 0.175902 -1.441708
v -1.054037 0.188121 -1.441708
v 1.029031 0.209017 -1.431080
v 1.025036 0.207314 -1.428116
v 1.020569 0.203763 -1.427025
v 0.668235 0.209017 1.435918
v 0.664605 0.207315 1.432945
v 0.660252 0.203764 1.431849
v 0.668235 0.209017 -1.435918
v 0.664604 0.207315 -1.432945
v 0.660252 0.203764 -1.431849
v 1.035566 0.209017 -0.944741
v 1.031569 0.207314 -0.942785
v 1.027102 0.203763 -0.942064
v -1.077413 0.211080 -0.981497
v -1.081412 0.207926 -0.981498
v -1.086006 0.203839 -0.981498
v -0.729413 0.161591 -1.431693
v -0.715919 0.175896 -1.431693
v -0.703583 0.188117 -1.431693
v -0.680971 0.209018 1.435918
v -0.683165 0.207317 1.432945
v -0.687068 0.203769 1.431849
v 1.035566 0.209017 0.934854
v 1.031569 0.207314 0.932918
v 1.027102 0.203763 0.932205
v -1.128786 0.161551 0.971226
v -1.115185 0.175864 0.971226
v -1.102749 0.188096 0.971226
v -1.092755 0.197545 0.527383
v -1.092756 0.197545 -0.005906
v -1.092755 0.197545 -0.538810
v 1.020513 0.197545 1.207444
v 1.019799 0.197545 1.353105
v 1.017859 0.197545 1.411463
v -0.388353 0.197555 -1.431693
v -0.020897 0.197552 -1.431693
v 0.347026 0.197549 -1.431693
v -0.890549 0.197558 1.431849
v -0.994191 0.197559 1.432945
v -1.035169 0.197560 1.435918
v -1.092639 0.197545 -1.266532
v -1.091825 0.197545 -1.416061
v -1.089616 0.197546 -1.474622
v 1.020615 0.197545 0.506139
v 1.020615 0.197545 -0.005668
v 1.020615 0.197545 -0.517106
v -0.388353 0.197555 1.431693
v -0.020897 0.197552 1.431693
v 0.347026 0.197549 1.431693
v 0.852877 0.197546 -1.431617
v 0.959241 0.197545 -1.431090
v 1.002940 0.197545 -1.429658
v 1.020513 0.197545 -1.215514
v 1.019799 0.197545 -1.359019
v 1.017859 0.197545 -1.415222
v -0.890549 0.197558 -1.431849
v -0.994191 0.197559 -1.432945
v -1.035169 0.197560 -1.435918
v 0.852877 0.197546 1.431587
v 0.959241 0.197545 1.430844
v 1.002940 0.197545 1.428826
v -1.062288 0.197555 1.487449
v -1.070428 0.197552 1.489648
v -1.078568 0.197549 1.488641
v -1.051177 0.197559 1.472693
v -1.048525 0.197559 1.461739
v -1.046510 0.197560 1.450785
v -1.092639 0.197545 1.258123
v -1.091825 0.197545 1.409898
v -1.089616 0.197546 1.470706
v -1.078568 0.197549 -1.489508
v -1.070428 0.197552 -1.489905
v -1.062288 0.197555 -1.487481
v -1.051177 0.197559 -1.472693
v -1.048525 0.197559 -1.461739
v -1.046510 0.197560 -1.450785
v -1.091181 -0.161927 1.481770
v -1.077406 -0.176405 1.481770
v -1.064832 -0.188768 1.481769
v -1.120979 -0.161895 1.484704
v -1.107194 -0.176381 1.484704
v -1.094610 -0.188751 1.484704
v -1.069622 -0.211640 -1.486758
v -1.073430 -0.208502 -1.486758
v -1.077870 -0.204500 -1.486758
v -1.091181 -0.161927 -1.481770
v -1.077406 -0.176405 -1.481769
v -1.064832 -0.188768 -1.481769
v 1.029375 -0.209352 1.429102
v 1.025558 -0.207824 1.426143
v 1.021236 -0.204414 1.425053
v -1.079685 -0.161935 1.441708
v -1.065913 -0.176411 1.441708
v -1.053343 -0.188772 1.441708
v -1.079685 -0.161935 -1.441708
v -1.065913 -0.176411 -1.441708
v -1.053343 -0.188772 -1.441708
v 0.979846 -0.161887 -1.426869
v 0.993078 -0.176374 -1.426869
v 1.005157 -0.188747 -1.426869
v 0.668581 -0.209352 1.435918
v 0.665130 -0.207825 1.432945
v 0.660923 -0.204415 1.431849
v 0.619273 -0.161895 -1.431693
v 0.632595 -0.176381 -1.431693
v 0.644757 -0.188751 -1.431693
v 0.986380 -0.161887 -0.941961
v 0.999612 -0.176374 -0.941961
v 1.011691 -0.188747 -0.941961
v -1.128428 -0.161887 -0.981497
v -1.114641 -0.176374 -0.981498
v -1.102055 -0.188747 -0.981498
v -0.729058 -0.161926 1.431693
v -0.715380 -0.176405 1.431693
v -0.702894 -0.188768 1.431693
v -0.680616 -0.209353 -1.435918
v -0.682625 -0.207826 -1.432945
v -0.686378 -0.204420 -1.431849
v 0.986380 -0.161887 0.932104
v 0.999612 -0.176374 0.932103
v 1.011691 -0.188747 0.932104
v -1.077055 -0.211416 0.971226
v -1.080868 -0.208436 0.971226
v -1.085311 -0.204490 0.971226
v -1.061532 -0.198264 -1.487481
v -1.069672 -0.198261 -1.489905
v -1.077812 -0.198259 -1.489508
v 1.021342 -0.198254 0.506139
v 1.021342 -0.198254 -0.005668
v 1.021342 -0.198254 -0.517106
v -1.088859 -0.198255 -1.474622
v -1.091068 -0.198255 -1.416061
v -1.091882 -0.198254 -1.266533
v -1.034413 -0.198268 1.435918
v -0.993436 -0.198268 1.432945
v -0.889795 -0.198267 1.431849
v -0.387606 -0.198264 -1.431693
v -0.020156 -0.198261 -1.431693
v 0.347762 -0.198259 -1.431693
v -1.091998 -0.198254 0.527383
v -1.091999 -0.198254 -0.005906
v -1.091999 -0.198254 -0.538810
v 1.003667 -0.198254 -1.429658
v 0.959968 -0.198255 -1.431090
v 0.853606 -0.198255 -1.431618
v -1.034413 -0.198268 -1.435918
v -0.993436 -0.198268 -1.432945
v -0.889795 -0.198267 -1.431849
v 1.021240 -0.198254 -1.215514
v 1.020525 -0.198254 -1.359019
v 1.018586 -0.198254 -1.415222
v -0.387606 -0.198264 1.431693
v -0.020156 -0.198261 1.431693
v 0.347762 -0.198259 1.431693
v 1.003667 -0.198254 1.428826
v 0.959968 -0.198255 1.430844
v 0.853606 -0.198255 1.431587
v -1.077812 -0.198259 1.488641
v -1.069672 -0.198261 1.489648
v -1.061531 -0.198264 1.487449
v 1.018586 -0.198254 1.411463
v 1.020525 -0.198254 1.353104
v 1.021240 -0.198254 1.207443
v -1.050421 -0.198267 -1.472693
v -1.047769 -0.198268 -1.461739
v -1.045755 -0.198268 -1.450785
v -1.050421 -0.198267 1.472693
v -1.047769 -0.198268 1.461739
v -1.045755 -0.198268 1.450785
v -1.088859 -0.198255 1.470706
v -1.091068 -0.198254 1.409898
v -1.091882 -0.198254 1.258123
v -1.017181 -0.239145 1.488650
v -1.025260 -0.231247 1.490383
v -1.033534 -0.223084 1.490246
v -1.026473 -0.236683 1.488009
v -1.034514 -0.229575 1.489914
v -1.042691 -0.222293 1.490383
v -1.034967 -0.234116 1.486219
v -1.043008 -0.227825 1.488009
v -1.051168 -0.221316 1.488650
v -1.045942 -0.231616 -1.266503
v -1.056171 -0.225294 -1.266522
v -1.065124 -0.219481 -1.266531
v -1.045553 -0.231579 -1.415826
v -1.055496 -0.225381 -1.415979
v -1.064330 -0.219581 -1.416051
v -1.044376 -0.231577 -1.473892
v -1.053606 -0.225657 -1.474375
v -1.062168 -0.219857 -1.474591
v 0.911337 -0.258478 1.258121
v 1.017766 -0.257598 1.258109
v 1.061468 -0.255211 1.258082
v 0.911268 -0.257598 1.409884
v 1.017655 -0.256748 1.409783
v 1.061184 -0.254440 1.409568
v 0.911087 -0.255211 1.470663
v 1.017408 -0.254440 1.470358
v 1.060547 -0.252381 1.469678
v -1.017181 -0.239145 -1.489545
v -1.026473 -0.236683 -1.489099
v -1.034967 -0.234116 -1.487833
v -1.025260 -0.231247 -1.490671
v -1.034514 -0.229575 -1.490418
v -1.043008 -0.227825 -1.489099
v -1.033534 -0.223084 -1.490310
v -1.042691 -0.222293 -1.490671
v -1.051168 -0.221316 -1.489545
v -0.861122 0.225619 1.487476
v -0.853609 0.234461 1.489657
v -0.846208 0.243295 1.488642
v -0.967075 0.225343 1.487665
v -0.959225 0.234230 1.489723
v -0.951432 0.243050 1.488651
v -1.011023 0.224650 1.488165
v -1.002918 0.233633 1.489890
v -0.994914 0.242389 1.488672
v 1.075783 0.225656 1.254558
v 1.077326 0.234478 1.257053
v 1.076226 0.243280 1.257950
v 1.075069 0.225642 1.405890
v 1.076636 0.234363 1.408600
v 1.075601 0.242933 1.409420
v 1.073132 0.225611 1.466497
v 1.074764 0.234118 1.469124
v 1.073931 0.242157 1.469524
v -1.024156 0.243553 -1.266503
v -1.013530 0.248464 -1.266522
v -1.003500 0.252469 -1.266531
v -1.024538 0.243093 -1.415826
v -1.014195 0.247814 -1.415979
v -1.004280 0.251703 -1.416051
v -1.025697 0.241808 -1.473892
v -1.016058 0.246029 -1.474375
v -1.006405 0.249623 -1.474591
v -1.140293 -0.129469 -1.489508
v -1.151192 -0.112306 -1.489508
v -1.160525 -0.094598 -1.489508
v -1.132142 -0.129480 -1.489905
v -1.143042 -0.112316 -1.489905
v -1.152375 -0.094606 -1.489905
v -1.123992 -0.129490 -1.487481
v -1.134891 -0.112325 -1.487481
v -1.144225 -0.094615 -1.487481
v -1.154498 -0.129451 -0.538810
v -1.154498 -0.129451 -0.005906
v -1.154498 -0.129451 0.527383
v -1.165398 -0.112289 -0.538810
v -1.165398 -0.112289 -0.005906
v -1.165398 -0.112289 0.527383
v -1.174730 -0.094583 -0.538810
v -1.174730 -0.094583 -0.005906
v -1.174730 -0.094583 0.527383
v -1.153818 0.019398 1.472693
v -1.151163 0.019398 1.461739
v -1.149145 0.019398 1.450785
v -1.151197 0.038677 1.472693
v -1.148542 0.038677 1.461739
v -1.146524 0.038678 1.450785
v -1.146855 0.057718 1.472693
v -1.144200 0.057719 1.461739
v -1.142182 0.057720 1.450785
v 0.906221 0.225656 -1.487403
v 0.908875 0.234478 -1.489829
v 0.910196 0.243280 -1.489439
v 1.013958 0.225642 -1.486857
v 1.016250 0.234363 -1.489300
v 1.017045 0.242933 -1.488960
v 1.058157 0.225611 -1.485376
v 1.060153 0.234118 -1.487866
v 1.060385 0.242157 -1.487679
v -1.133101 -0.094626 1.472693
v -1.123767 -0.112339 1.472693
v -1.112867 -0.129504 1.472693
v -1.130446 -0.094628 1.461739
v -1.121111 -0.112341 1.461739
v -1.110212 -0.129507 1.461739
v -1.128428 -0.094629 1.450785
v -1.119094 -0.112342 1.450785
v -1.108195 -0.129508 1.450785
v -1.033600 0.223022 1.490246
v -1.025279 0.231229 1.490383
v -1.017184 0.239143 1.488650
v -1.042767 0.222222 1.490383
v -1.034537 0.229555 1.489914
v -1.026476 0.236680 1.488009
v -1.051247 0.221242 1.488650
v -1.043032 0.227803 1.488009
v -1.034970 0.234113 1.486218
v -0.846208 -0.243295 1.488642
v -0.853609 -0.234461 1.489657
v -0.861121 -0.225620 1.487476
v -0.951431 -0.243050 1.488651
v -0.959222 -0.234232 1.489723
v -0.967067 -0.225350 1.487665
v -0.994913 -0.242390 1.488671
v -1.002910 -0.233640 1.489890
v -1.010998 -0.224673 1.488165
v -0.833523 0.258554 1.258123
v -0.938048 0.258206 1.258123
v -0.981240 0.257262 1.258123
v -0.834257 0.257671 1.409898
v -0.938822 0.257330 1.409898
v -0.982030 0.256403 1.409898
v -0.836247 0.255275 1.470707
v -0.940922 0.254951 1.470706
v -0.984175 0.254072 1.470707
v 1.076226 -0.243280 1.257950
v 1.077326 -0.234478 1.257053
v 1.075783 -0.225656 1.254558
v 1.075601 -0.242933 1.409420
v 1.076636 -0.234363 1.408600
v 1.075069 -0.225642 1.405890
v 1.073931 -0.242157 1.469524
v 1.074764 -0.234118 1.469124
v 1.073132 -0.225611 1.466497
v -1.123992 -0.129490 1.487449
v -1.134892 -0.112325 1.487449
v -1.144225 -0.094615 1.487449
v -1.132143 -0.129480 1.489648
v -1.143042 -0.112316 1.489648
v -1.152375 -0.094606 1.489648
v -1.140293 -0.129469 1.488641
v -1.151193 -0.112306 1.488641
v -1.160525 -0.094598 1.488641
v -1.101938 -0.188747 1.258123
v -1.101124 -0.188748 1.409898
v -1.098914 -0.188749 1.470706
v -1.114524 -0.176374 1.258123
v -1.113710 -0.176375 1.409898
v -1.111499 -0.176377 1.470706
v -1.128311 -0.161887 1.258123
v -1.127497 -0.161888 1.409898
v -1.125285 -0.161890 1.470706
v -1.044440 0.203810 -1.472723
v -1.039885 0.207640 -1.472929
v -1.035998 0.210057 -1.473412
v -1.041823 0.203782 -1.461769
v -1.037505 0.207415 -1.461976
v -1.034268 0.209318 -1.462421
v -1.039831 0.203769 -1.450848
v -1.035667 0.207304 -1.451287
v -1.032838 0.208976 -1.452266
v -1.146855 -0.057718 -1.472693
v -1.151197 -0.038677 -1.472693
v -1.153818 -0.019398 -1.472693
v -1.144200 -0.057719 -1.461739
v -1.148542 -0.038677 -1.461739
v -1.151163 -0.019398 -1.461739
v -1.142182 -0.057720 -1.450785
v -1.146524 -0.038678 -1.450785
v -1.149145 -0.019398 -1.450785
v -1.133104 0.094623 -1.472693
v -1.123790 0.112316 -1.472693
v -1.112947 0.129429 -1.472693
v -1.130449 0.094626 -1.461739
v -1.121135 0.112319 -1.461739
v -1.110292 0.129432 -1.461739
v -1.128431 0.094627 -1.450785
v -1.119117 0.112320 -1.450785
v -1.108275 0.129433 -1.450785
v -0.871895 -0.213631 -1.472723
v -0.977444 -0.213427 -1.472929
v -1.020279 -0.212887 -1.473412
v -0.874519 -0.211205 -1.461769
v -0.979391 -0.211109 -1.461976
v -1.021161 -0.210858 -1.462421
v -0.875982 -0.210212 -1.450847
v -0.980221 -0.210168 -1.451287
v -1.021231 -0.210051 -1.452266
v -1.146855 -0.057718 1.472693
v -1.144200 -0.057719 1.461739
v -1.142182 -0.057720 1.450785
v -1.151197 -0.038677 1.472693
v -1.148542 -0.038677 1.461739
v -1.146524 -0.038678 1.450785
v -1.153818 -0.019398 1.472693
v -1.151163 -0.019398 1.461739
v -1.149145 -0.019398 1.450785
v -1.153818 0.019398 -1.472693
v -1.151197 0.038677 -1.472693
v -1.146855 0.057718 -1.472693
v -1.151163 0.019398 -1.461739
v -1.148542 0.038677 -1.461739
v -1.144200 0.057719 -1.461739
v -1.149145 0.019398 -1.450785
v -1.146524 0.038678 -1.450785
v -1.142182 0.057720 -1.450785
v -1.043747 -0.204460 1.472723
v -1.039345 -0.208146 1.472929
v -1.035652 -0.210381 1.473412
v -1.041129 -0.204433 1.461769
v -1.036960 -0.207926 1.461976
v -1.033905 -0.209658 1.462421
v -1.039135 -0.204420 1.450848
v -1.035115 -0.207822 1.451287
v -1.032454 -0.209337 1.452266
v -1.060465 -0.188770 -1.472693
v -1.073038 -0.176409 -1.472693
v -1.086811 -0.161931 -1.472693
v -1.057813 -0.188771 -1.461739
v -1.070384 -0.176411 -1.461739
v -1.084157 -0.161934 -1.461739
v -1.055798 -0.188772 -1.450785
v -1.068369 -0.176411 -1.450784
v -1.082141 -0.161935 -1.450784
v -1.174276 -0.057700 -1.489508
v -1.178616 -0.038665 -1.489508
v -1.181236 -0.019392 -1.489508
v -1.166127 -0.057706 -1.489905
v -1.170468 -0.038668 -1.489905
v -1.173088 -0.019394 -1.489905
v -1.157977 -0.057711 -1.487481
v -1.162319 -0.038672 -1.487481
v -1.164940 -0.019395 -1.487481
v -1.181236 0.019392 -1.489508
v -1.178616 0.038665 -1.489508
v -1.174276 0.057700 -1.489508
v -1.173088 0.019394 -1.489905
v -1.170468 0.038668 -1.489905
v -1.166127 0.057706 -1.489905
v -1.164940 0.019395 -1.487481
v -1.162319 0.038672 -1.487481
v -1.157977 0.057711 -1.487481
v -1.160528 0.094595 -1.489508
v -1.151216 0.112284 -1.489508
v -1.140373 0.129394 -1.489508
v -1.152378 0.094603 -1.489905
v -1.143066 0.112294 -1.489905
v -1.132222 0.129405 -1.489905
v -1.144228 0.094612 -1.487481
v -1.134915 0.112303 -1.487481
v -1.124072 0.129415 -1.487481
v -1.055524 0.203856 -1.487508
v -1.063676 0.203861 -1.489914
v -1.071821 0.203857 -1.489509
v -1.050795 0.208025 -1.487697
v -1.059036 0.208073 -1.489980
v -1.067225 0.208047 -1.489517
v -1.046430 0.211486 -1.488197
v -1.054927 0.211600 -1.490147
v -1.063219 0.211489 -1.489538
v -1.151354 -0.129455 -1.474622
v -1.153567 -0.129452 -1.416061
v -1.154382 -0.129451 -1.266533
v -1.162254 -0.112293 -1.474622
v -1.164466 -0.112290 -1.416061
v -1.165281 -0.112289 -1.266533
v -1.171586 -0.094586 -1.474622
v -1.173798 -0.094584 -1.416061
v -1.174613 -0.094583 -1.266533
v -1.185335 -0.057693 1.470706
v -1.189675 -0.038660 1.470706
v -1.192294 -0.019389 1.470706
v -1.187547 -0.057692 1.409898
v -1.191886 -0.038659 1.409898
v -1.194506 -0.019389 1.409898
v -1.188362 -0.057691 1.258123
v -1.192701 -0.038659 1.258123
v -1.195321 -0.019389 1.258123
v -1.192294 0.019389 1.470706
v -1.189675 0.038660 1.470706
v -1.185335 0.057693 1.470706
v -1.194506 0.019389 1.409898
v -1.191886 0.038659 1.409898
v -1.187547 0.057692 1.409898
v -1.195321 0.019389 1.258123
v -1.192701 0.038659 1.258123
v -1.188362 0.057691 1.258123
v -1.171589 0.094583 1.470706
v -1.162278 0.112271 1.470706
v -1.151434 0.129380 1.470706
v -1.173801 0.094581 1.409898
v -1.164490 0.112268 1.409898
v -1.153646 0.129377 1.409898
v -1.174616 0.094580 1.258123
v -1.165305 0.112267 1.258123
v -1.154462 0.129376 1.258123
v -1.099609 0.188098 1.470706
v -1.101819 0.188097 1.409898
v -1.102633 0.188096 1.258123
v -1.112043 0.175867 1.470706
v -1.114254 0.175865 1.409898
v -1.115069 0.175865 1.258123
v -1.125643 0.161555 1.470706
v -1.127854 0.161552 1.409898
v -1.128669 0.161551 1.258123
v 1.027666 -0.204414 1.207575
v 1.026952 -0.204414 1.353252
v 1.025012 -0.204414 1.411618
v 1.031989 -0.207824 1.208499
v 1.031274 -0.207824 1.354288
v 1.029335 -0.207824 1.412698
v 1.035807 -0.209352 1.211007
v 1.035093 -0.209352 1.357098
v 1.033153 -0.209352 1.415629
v -1.054830 -0.204507 1.487476
v -1.062981 -0.204512 1.489657
v -1.071126 -0.204507 1.488642
v -1.050256 -0.208531 1.487665
v -1.058494 -0.208581 1.489723
v -1.066682 -0.208556 1.488651
v -1.046085 -0.211809 1.488165
v -1.054574 -0.211931 1.489890
v -1.062862 -0.211823 1.488671
v -1.133104 0.094623 1.472693
v -1.130449 0.094626 1.461739
v -1.128431 0.094627 1.450785
v -1.123790 0.112316 1.472693
v -1.121135 0.112319 1.461739
v -1.119118 0.112320 1.450785
v -1.112947 0.129429 1.472693
v -1.110292 0.129432 1.461739
v -1.108275 0.129433 1.450785
v -1.112867 -0.129504 -1.472693
v -1.123767 -0.112339 -1.472693
v -1.133101 -0.094626 -1.472693
v -1.110212 -0.129507 -1.461739
v -1.121111 -0.112341 -1.461739
v -1.130446 -0.094628 -1.461739
v -1.108195 -0.129508 -1.450785
v -1.119094 -0.112342 -1.450785
v -1.128428 -0.094629 -1.450785
v -1.061159 0.188120 1.472693
v -1.073581 0.175899 1.472693
v -1.087169 0.161596 1.472693
v -1.058507 0.188121 1.461739
v -1.070928 0.175901 1.461739
v -1.084514 0.161599 1.461739
v -1.056491 0.188121 1.450785
v -1.068912 0.175902 1.450785
v -1.082498 0.161600 1.450785
v 0.894978 0.213657 -1.472616
v 1.002704 0.213657 -1.472073
v 1.046920 0.213657 -1.470600
v 0.887055 0.211197 -1.461662
v 0.994476 0.211197 -1.461123
v 1.038576 0.211197 -1.459661
v 0.879121 0.210144 -1.450708
v 0.986170 0.210144 -1.450174
v 1.030129 0.210144 -1.448722
v 1.064608 -0.213660 -1.250324
v 1.063891 -0.213660 -1.397938
v 1.061945 -0.213660 -1.455750
v 1.056260 -0.211219 -1.241024
v 1.055543 -0.211219 -1.387540
v 1.053599 -0.211219 -1.444922
v 1.047836 -0.210219 -1.231723
v 1.047120 -0.210219 -1.377142
v 1.045177 -0.210219 -1.434094
v 0.843926 -0.188749 1.431587
v 0.950308 -0.188748 1.430843
v 0.994014 -0.188747 1.428826
v 0.831811 -0.176377 1.431587
v 0.938217 -0.176375 1.430844
v 0.981933 -0.176374 1.428826
v 0.818541 -0.161890 1.431587
v 0.924973 -0.161888 1.430844
v 0.968699 -0.161887 1.428826
v 1.064605 0.213657 1.242021
v 1.063888 0.213657 1.391854
v 1.061942 0.213657 1.451885
v 1.056237 0.211197 1.232783
v 1.055520 0.211197 1.381501
v 1.053576 0.211197 1.441085
v 1.047759 0.210144 1.223545
v 1.047043 0.210144 1.371148
v 1.045101 0.210144 1.430285
v -0.871900 0.213626 1.472723
v -0.977465 0.213407 1.472929
v -1.020348 0.212823 1.473412
v -0.874546 0.211181 1.461769
v -0.979436 0.211067 1.461976
v -1.021257 0.210767 1.462421
v -0.876064 0.210135 1.450848
v -0.980321 0.210074 1.451287
v -1.021378 0.209912 1.452266
v 0.894981 -0.213660 1.472584
v 1.002706 -0.213660 1.471819
v 1.046923 -0.213660 1.469744
v 0.887078 -0.211219 1.461631
v 0.994499 -0.211219 1.460872
v 1.038599 -0.211219 1.458812
v 0.879197 -0.210219 1.450677
v 0.986246 -0.210219 1.449924
v 1.030206 -0.210219 1.447879
v -1.157978 -0.057711 1.487449
v -1.162319 -0.038672 1.487449
v -1.164939 -0.019395 1.487449
v -1.166126 -0.057706 1.489648
v -1.170467 -0.038668 1.489648
v -1.173088 -0.019394 1.489648
v -1.174276 -0.057700 1.488641
v -1.178616 -0.038665 1.488641
v -1.181236 -0.019392 1.488641
v -1.164939 0.019395 1.487449
v -1.162319 0.038672 1.487449
v -1.157978 0.057711 1.487449
v -1.173088 0.019394 1.489648
v -1.170467 0.038668 1.489648
v -1.166127 0.057706 1.489648
v -1.181236 0.019392 1.488641
v -1.178616 0.038665 1.488641
v -1.174276 0.057700 1.488641
v -1.144228 0.094612 1.487449
v -1.134915 0.112303 1.487449
v -1.124072 0.129415 1.487449
v -1.152378 0.094603 1.489648
v -1.143066 0.112294 1.489648
v -1.132222 0.129405 1.489648
v -1.160528 0.094595 1.488641
v -1.151216 0.112284 1.488641
v -1.140373 0.129394 1.488641
v -1.071821 0.203857 1.488642
v -1.063676 0.203861 1.489657
v -1.055524 0.203856 1.487476
v -1.067225 0.208047 1.488651
v -1.059036 0.208073 1.489723
v -1.050795 0.208025 1.487665
v -1.063220 0.211489 1.488671
v -1.054927 0.211600 1.489890
v -1.046430 0.211486 1.488165
v -0.381086 -0.204419 1.431849
v -0.377230 -0.207826 1.432945
v -0.374893 -0.209353 1.435918
v -0.013661 -0.204417 1.431850
v -0.009680 -0.207825 1.432945
v -0.006949 -0.209353 1.435918
v 0.354232 -0.204416 1.431850
v 0.358336 -0.207825 1.432945
v 0.361460 -0.209352 1.435918
v 1.027666 -0.204414 -1.215647
v 1.031989 -0.207824 -1.216577
v 1.035808 -0.209352 -1.219101
v 1.026952 -0.204414 -1.359168
v 1.031274 -0.207824 -1.360207
v 1.035093 -0.209352 -1.363030
v 1.025012 -0.204414 -1.415376
v 1.029335 -0.207824 -1.416459
v 1.033153 -0.209352 -1.419398
v 0.287000 -0.129469 -1.431693
v -0.081360 -0.129479 -1.431693
v -0.449253 -0.129490 -1.431693
v 0.276400 -0.112306 -1.431693
v -0.092038 -0.112315 -1.431693
v -0.460010 -0.112325 -1.431693
v 0.267324 -0.094598 -1.431693
v -0.101182 -0.094606 -1.431693
v -0.469222 -0.094614 -1.431693
v -0.899809 -0.188770 -1.431850
v -1.003469 -0.188771 -1.432945
v -1.044454 -0.188772 -1.435918
v -0.912342 -0.176409 -1.431849
v -1.016027 -0.176410 -1.432945
v -1.057022 -0.176411 -1.435918
v -0.926073 -0.161931 -1.431850
v -1.029785 -0.161933 -1.432945
v -1.070791 -0.161934 -1.435918
v -0.952048 -0.129504 1.431849
v -0.962913 -0.112338 1.431849
v -0.972219 -0.094626 1.431849
v -1.055813 -0.129507 1.432945
v -1.066701 -0.112341 1.432945
v -1.076025 -0.094628 1.432945
v -1.096840 -0.129508 1.435918
v -1.107736 -0.112342 1.435918
v -1.117068 -0.094629 1.435918
v 0.911058 -0.057691 1.428826
v 0.906892 -0.038659 1.428826
v 0.904378 -0.019389 1.428826
v 0.867287 -0.057692 1.430844
v 0.863118 -0.038659 1.430844
v 0.860601 -0.019389 1.430844
v 0.760735 -0.057693 1.431587
v 0.756557 -0.038660 1.431587
v 0.754035 -0.019389 1.431587
v 0.904378 0.019389 1.428826
v 0.906892 0.038659 1.428826
v 0.911058 0.057691 1.428826
v 0.860601 0.019389 1.430844
v 0.863118 0.038659 1.430844
v 0.867287 0.057692 1.430844
v 0.754035 0.019389 1.431587
v 0.756557 0.038660 1.431587
v 0.760735 0.057693 1.431587
v 0.924252 0.094580 1.428826
v 0.933190 0.112267 1.428826
v 0.943598 0.129377 1.428826
v 0.880491 0.094581 1.430844
v 0.889436 0.112268 1.430844
v 0.899853 0.129378 1.430844
v 0.773967 0.094584 1.431587
v 0.782930 0.112271 1.431587
v 0.793369 0.129380 1.431587
v 0.993347 0.188096 1.428826
v 0.949640 0.188097 1.430843
v 0.843257 0.188098 1.431587
v 0.981411 0.175865 1.428826
v 0.937695 0.175865 1.430844
v 0.831288 0.175867 1.431587
v 0.968356 0.161551 1.428826
v 0.924630 0.161552 1.430844
v 0.818196 0.161555 1.431587
v 0.860042 -0.204414 -1.431774
v 0.966397 -0.204414 -1.431246
v 1.010094 -0.204414 -1.429814
v 0.864315 -0.207824 -1.432869
v 0.970704 -0.207824 -1.432341
v 1.014413 -0.207824 -1.430908
v 0.867975 -0.209352 -1.435843
v 0.974473 -0.209352 -1.435313
v 1.018223 -0.209352 -1.433877
v 0.943675 -0.129451 -1.429658
v 0.899929 -0.129452 -1.431090
v 0.793445 -0.129455 -1.431618
v 0.933212 -0.112289 -1.429658
v 0.889459 -0.112290 -1.431090
v 0.782953 -0.112293 -1.431617
v 0.924255 -0.094583 -1.429658
v 0.880494 -0.094584 -1.431090
v 0.773970 -0.094586 -1.431618
v -1.130819 -0.057720 -1.435918
v -1.135160 -0.038678 -1.435918
v -1.137781 -0.019398 -1.435918
v -1.089765 -0.057719 -1.432945
v -1.094103 -0.038677 -1.432945
v -1.096721 -0.019398 -1.432945
v -0.985930 -0.057718 -1.431849
v -0.990258 -0.038676 -1.431850
v -0.992871 -0.019398 -1.431849
v -1.137780 0.019398 -1.435918
v -1.135160 0.038678 -1.435918
v -1.130819 0.057720 -1.435918
v -1.096721 0.019398 -1.432945
v -1.094103 0.038677 -1.432945
v -1.089765 0.057719 -1.432945
v -0.992871 0.019398 -1.431849
v -0.990258 0.038676 -1.431850
v -0.985930 0.057718 -1.431849
v -1.117071 0.094626 -1.435918
v -1.107760 0.112320 -1.435918
v -1.096919 0.129433 -1.435918
v -1.076028 0.094625 -1.432945
v -1.066725 0.112319 -1.432945
v -1.055893 0.129432 -1.432945
v -0.972221 0.094623 -1.431849
v -0.962937 0.112316 -1.431850
v -0.952127 0.129429 -1.431849
v -1.045147 0.188121 -1.435918
v -1.004162 0.188121 -1.432945
v -0.900500 0.188120 -1.431849
v -1.057565 0.175902 -1.435918
v -1.016570 0.175901 -1.432945
v -0.912884 0.175899 -1.431850
v -1.071148 0.161599 -1.435918
v -1.030143 0.161599 -1.432945
v -0.926429 0.161596 -1.431849
v -1.102055 -0.188747 0.527383
v -1.114641 -0.176374 0.527383
v -1.128428 -0.161887 0.527383
v -1.102055 -0.188747 -0.005906
v -1.114641 -0.176374 -0.005906
v -1.128428 -0.161887 -0.005906
v -1.102055 -0.188747 -0.538810
v -1.114641 -0.176374 -0.538810
v -1.128428 -0.161887 -0.538810
v 0.961258 -0.129451 1.207443
v 0.950797 -0.112289 1.207444
v 0.941841 -0.094583 1.207443
v 0.960543 -0.129451 1.353104
v 0.950082 -0.112289 1.353105
v 0.941126 -0.094583 1.353105
v 0.958603 -0.129451 1.411463
v 0.948142 -0.112289 1.411464
v 0.939186 -0.094583 1.411463
v 0.925992 -0.057691 -1.415222
v 0.921827 -0.038659 -1.415221
v 0.919312 -0.019389 -1.415222
v 0.927932 -0.057691 -1.359019
v 0.923767 -0.038659 -1.359019
v 0.921253 -0.019389 -1.359019
v 0.928647 -0.057691 -1.215514
v 0.924482 -0.038659 -1.215514
v 0.921968 -0.019389 -1.215514
v 0.919312 0.019389 -1.415222
v 0.921827 0.038659 -1.415221
v 0.925992 0.057691 -1.415222
v 0.921253 0.019389 -1.359019
v 0.923767 0.038659 -1.359019
v 0.927932 0.057691 -1.359019
v 0.921968 0.019389 -1.215514
v 0.924482 0.038659 -1.215514
v 0.928647 0.057691 -1.215514
v 0.939183 0.094580 -1.415222
v 0.948120 0.112267 -1.415221
v 0.958526 0.129376 -1.415222
v 0.941123 0.094580 -1.359019
v 0.950060 0.112267 -1.359019
v 0.960466 0.129376 -1.359019
v 0.941838 0.094580 -1.215514
v 0.950775 0.112267 -1.215514
v 0.961181 0.129376 -1.215514
v 1.008268 0.188096 -1.415222
v 1.010207 0.188096 -1.359019
v 1.010922 0.188096 -1.215514
v 0.996333 0.175864 -1.415222
v 0.998273 0.175864 -1.359019
v 0.998987 0.175864 -1.215514
v 0.983280 0.161551 -1.415222
v 0.985220 0.161551 -1.359019
v 0.985935 0.161551 -1.215514
v -0.449253 -0.129490 1.431693
v -0.081360 -0.129479 1.431693
v 0.287000 -0.129469 1.431693
v -0.460010 -0.112325 1.431693
v -0.092038 -0.112315 1.431693
v 0.276400 -0.112306 1.431693
v -0.469222 -0.094614 1.431693
v -0.101182 -0.094606 1.431693
v 0.267324 -0.094598 1.431693
v -1.096840 -0.129508 -1.435918
v -1.107736 -0.112342 -1.435918
v -1.117068 -0.094629 -1.435918
v -1.055813 -0.129507 -1.432945
v -1.066701 -0.112341 -1.432945
v -1.076026 -0.094628 -1.432945
v -0.952048 -0.129504 -1.431850
v -0.962913 -0.112338 -1.431849
v -0.972219 -0.094626 -1.431850
v -1.065204 0.219406 -1.266531
v -1.056195 0.225272 -1.266522
v -1.045945 0.231613 -1.266503
v -1.064410 0.219506 -1.416051
v -1.055520 0.225358 -1.415979
v -1.045556 0.231576 -1.415826
v -1.062248 0.219782 -1.474591
v -1.053630 0.225635 -1.474375
v -1.044379 0.231574 -1.473892
v -1.003500 -0.252469 -1.266531
v -1.013530 -0.248464 -1.266522
v -1.024156 -0.243553 -1.266503
v -1.004280 -0.251703 -1.416051
v -1.014195 -0.247814 -1.415979
v -1.024538 -0.243093 -1.415826
v -1.006405 -0.249623 -1.474591
v -1.016058 -0.246029 -1.474375
v -1.025697 -0.241808 -1.473892
v -1.051247 0.221242 -1.489545
v -1.043031 0.227803 -1.489099
v -1.034970 0.234113 -1.487833
v -1.042767 0.222222 -1.490671
v -1.034537 0.229555 -1.490418
v -1.026475 0.236680 -1.489099
v -1.033600 0.223022 -1.490310
v -1.025279 0.231229 -1.490671
v -1.017184 0.239143 -1.489545
v 0.910196 -0.243280 -1.489439
v 0.908875 -0.234478 -1.489829
v 0.906220 -0.225656 -1.487403
v 1.017045 -0.242933 -1.488960
v 1.016250 -0.234363 -1.489300
v 1.013958 -0.225642 -1.486857
v 1.060385 -0.242157 -1.487679
v 1.060153 -0.234118 -1.487866
v 1.058157 -0.225611 -1.485377
v -0.340161 -0.243330 -1.489508
v -0.345805 -0.234494 -1.489905
v -0.351910 -0.225658 -1.487481
v 0.030025 -0.243330 -1.489508
v 0.025660 -0.234494 -1.489905
v 0.020580 -0.225658 -1.487481
v 0.400674 -0.243330 -1.489508
v 0.397588 -0.234494 -1.489905
v 0.393530 -0.225658 -1.487481
v 1.009427 0.203763 -1.429814
v 0.965730 0.203763 -1.431246
v 0.859373 0.203763 -1.431774
v 1.013891 0.207314 -1.430908
v 0.970181 0.207314 -1.432341
v 0.863791 0.207314 -1.432869
v 1.017880 0.209017 -1.433877
v 0.974129 0.209017 -1.435313
v 0.867630 0.209017 -1.435843
v 0.924252 0.094580 -1.429658
v 0.880491 0.094581 -1.431090
v 0.773967 0.094584 -1.431618
v 0.933190 0.112267 -1.429658
v 0.889436 0.112268 -1.431090
v 0.782930 0.112271 -1.431617
v 0.943598 0.129377 -1.429658
v 0.899853 0.129378 -1.431090
v 0.793369 0.129380 -1.431618
v 0.904378 0.019389 -1.429658
v 0.860601 0.019389 -1.431090
v 0.754035 0.019389 -1.431618
v 0.906892 0.038659 -1.429658
v 0.863118 0.038659 -1.431090
v 0.756557 0.038660 -1.431617
v 0.911058 0.057691 -1.429658
v 0.867287 0.057692 -1.431090
v 0.760735 0.057693 -1.431618
v 0.911058 -0.057691 -1.429658
v 0.867287 -0.057692 -1.431090
v 0.760735 -0.057693 -1.431618
v 0.906892 -0.038659 -1.429658
v 0.863118 -0.038659 -1.431090
v 0.756557 -0.038660 -1.431617
v 0.904378 -0.019389 -1.429658
v 0.860601 -0.019389 -1.431090
v 0.754035 -0.019389 -1.431618
v -0.397523 -0.188764 -1.431693
v -0.409935 -0.176399 -1.431693
v -0.423532 -0.161919 -1.431693
v -0.030001 -0.188760 -1.431693
v -0.042325 -0.176393 -1.431693
v -0.055825 -0.161910 -1.431693
v 0.337986 -0.188755 -1.431693
v 0.325751 -0.176386 -1.431693
v 0.312348 -0.161902 -1.431693
v 0.337311 0.188104 1.431693
v -0.030682 0.188109 1.431693
v -0.398208 0.188113 1.431693
v 0.325222 0.175876 1.431693
v -0.042858 0.175883 1.431693
v -0.410471 0.175890 1.431693
v 0.312000 0.161567 1.431693
v -0.056176 0.161575 1.431693
v -0.423885 0.161584 1.431693
v -0.469225 0.094612 1.431693
v -0.101185 0.094603 1.431693
v 0.267321 0.094595 1.431693
v -0.460034 0.112303 1.431693
v -0.092061 0.112293 1.431693
v 0.276377 0.112284 1.431693
v -0.449332 0.129415 1.431693
v -0.081438 0.129405 1.431693
v 0.286922 0.129394 1.431693
v -0.489667 0.019395 1.431693
v -0.121475 0.019394 1.431693
v 0.247183 0.019392 1.431693
v -0.487081 0.038672 1.431693
v -0.118908 0.038668 1.431693
v 0.249731 0.038665 1.431693
v -0.482796 0.057711 1.431693
v -0.114655 0.057705 1.431693
v 0.253952 0.057700 1.431693
v -0.482796 -0.057711 1.431693
v -0.114655 -0.057705 1.431693
v 0.253952 -0.057700 1.431693
v -0.487081 -0.038672 1.431693
v -0.118908 -0.038668 1.431693
v 0.249731 -0.038665 1.431693
v -0.489667 -0.019395 1.431693
v -0.121475 -0.019394 1.431693
v 0.247183 -0.019392 1.431693
v 0.943675 -0.129451 1.428826
v 0.933212 -0.112289 1.428826
v 0.924255 -0.094583 1.428826
v 0.899929 -0.129452 1.430844
v 0.889459 -0.112290 1.430844
v 0.880494 -0.094584 1.430844
v 0.793445 -0.129455 1.431587
v 0.782953 -0.112293 1.431587
v 0.773970 -0.094586 1.431587
v -0.883241 -0.204420 1.432005
v -0.986868 -0.204420 1.433095
v -1.027827 -0.204418 1.436055
v -0.879547 -0.207826 1.433096
v -0.983164 -0.207820 1.434150
v -1.024031 -0.207809 1.437011
v -0.877736 -0.209351 1.436055
v -0.981369 -0.209334 1.437011
v -1.022041 -0.209296 1.439563
v -1.085195 -0.204491 -1.266533
v -1.084381 -0.204492 -1.416061
v -1.082172 -0.204494 -1.474622
v -1.080752 -0.208437 -1.266532
v -1.079939 -0.208444 -1.416061
v -1.077730 -0.208464 -1.474622
v -1.076939 -0.211419 -1.266533
v -1.076126 -0.211444 -1.416061
v -1.073919 -0.211510 -1.474622
v -0.362857 -0.213660 1.472693
v 0.009545 -0.213660 1.472693
v 0.382408 -0.213660 1.472693
v -0.367047 -0.211219 1.461739
v 0.004249 -0.211219 1.461739
v 0.376008 -0.211219 1.461739
v -0.370393 -0.210219 1.450785
v -0.000447 -0.210219 1.450785
v 0.369962 -0.210219 1.450785
v 1.046920 0.213657 1.469744
v 1.002703 0.213657 1.471819
v 0.894978 0.213657 1.472584
v 1.038577 0.211197 1.458812
v 0.994476 0.211197 1.460872
v 0.887055 0.211197 1.461631
v 1.030129 0.210144 1.447879
v 0.986170 0.210144 1.449924
v 0.879120 0.210144 1.450677
v -0.362860 0.213657 -1.472693
v 0.009542 0.213657 -1.472693
v 0.382405 0.213657 -1.472693
v -0.367070 0.211197 -1.461739
v 0.004226 0.211197 -1.461739
v 0.375985 0.211197 -1.461739
v -0.370472 0.210144 -1.450785
v -0.000525 0.210144 -1.450785
v 0.369885 0.210144 -1.450785
v 1.046922 -0.213660 -1.470600
v 1.002706 -0.213660 -1.472073
v 0.894981 -0.213660 -1.472616
v 1.038599 -0.211219 -1.459661
v 0.994499 -0.211219 -1.461123
v 0.887078 -0.211219 -1.461662
v 1.030206 -0.210219 -1.448722
v 0.986246 -0.210219 -1.450174
v 0.879197 -0.210219 -1.450708
v 1.061468 0.255211 1.258082
v 1.017766 0.257598 1.258109
v 0.911337 0.258478 1.258121
v 1.061184 0.254440 1.409568
v 1.017656 0.256748 1.409783
v 0.911268 0.257598 1.409884
v 1.060547 0.252381 1.469678
v 1.017408 0.254440 1.470358
v 0.911087 0.255211 1.470663
v 1.060385 -0.242157 1.486064
v 1.060153 -0.234118 1.486776
v 1.058157 -0.225611 1.484484
v 1.017045 -0.242933 1.487869
v 1.016250 -0.234363 1.488796
v 1.013958 -0.225642 1.486571
v 0.910196 -0.243280 1.488545
v 0.908875 -0.234478 1.489542
v 0.906220 -0.225656 1.487339
v -0.351910 0.225658 -1.487481
v -0.345805 0.234494 -1.489905
v -0.340161 0.243330 -1.489508
v 0.020580 0.225658 -1.487481
v 0.025660 0.234494 -1.489905
v 0.030025 0.243330 -1.489508
v 0.393530 0.225658 -1.487481
v 0.397588 0.234494 -1.489905
v 0.400674 0.243330 -1.489508
v 1.058157 0.225611 1.484484
v 1.060153 0.234118 1.486776
v 1.060385 0.242157 1.486064
v 1.013958 0.225642 1.486571
v 1.016250 0.234363 1.488796
v 1.017045 0.242933 1.487869
v 0.906221 0.225656 1.487339
v 0.908875 0.234478 1.489542
v 0.910196 0.243280 1.488545
v -0.330829 -0.258604 1.258123
v 0.036906 -0.258604 1.258123
v 0.405108 -0.258604 1.258123
v -0.331367 -0.257720 1.409898
v 0.036511 -0.257720 1.409898
v 0.404856 -0.257720 1.409898
v -0.332826 -0.255322 1.470707
v 0.035440 -0.255322 1.470706
v 0.404172 -0.255322 1.470707
v -0.332826 -0.255322 -1.474623
v 0.035440 -0.255322 -1.474622
v 0.404172 -0.255322 -1.474622
v -0.331367 -0.257720 -1.416061
v 0.036511 -0.257720 -1.416061
v 0.404856 -0.257720 -1.416061
v -0.330829 -0.258604 -1.266533
v 0.036906 -0.258604 -1.266533
v 0.405108 -0.258604 -1.266533
v 1.060547 0.252381 -1.473892
v 1.017407 0.254440 -1.474375
v 0.911087 0.255212 -1.474591
v 1.061183 0.254440 -1.415827
v 1.017655 0.256748 -1.415979
v 0.911268 0.257598 -1.416050
v 1.061468 0.255211 -1.266503
v 1.017766 0.257598 -1.266523
v 0.911337 0.258478 -1.266531
v -1.003388 -0.252578 0.527383
v -1.013435 -0.248557 0.527383
v -1.024102 -0.243619 0.527383
v -1.003388 -0.252578 -0.005906
v -1.013435 -0.248557 -0.005906
v -1.024102 -0.243619 -0.005906
v -1.003388 -0.252578 -0.538810
v -1.013435 -0.248557 -0.538810
v -1.024102 -0.243619 -0.538810
v -1.065317 0.219392 0.527383
v -1.056291 0.225260 0.527383
v -1.046001 0.231618 0.527383
v -1.065317 0.219392 -0.005906
v -1.056291 0.225260 -0.005906
v -1.046001 0.231618 -0.005906
v -1.065317 0.219392 -0.538810
v -1.056291 0.225260 -0.538810
v -1.046001 0.231618 -0.538810
v -1.151354 -0.129455 1.470706
v -1.162254 -0.112293 1.470706
v -1.171586 -0.094586 1.470706
v -1.153567 -0.129452 1.409898
v -1.164466 -0.112290 1.409898
v -1.173798 -0.094584 1.409898
v -1.154382 -0.129451 1.258123
v -1.165281 -0.112289 1.258123
v -1.174613 -0.094583 1.258123
v 1.011024 0.188096 -0.517106
v 1.011024 0.188096 -0.005668
v 1.011024 0.188096 0.506139
v 0.999089 0.175864 -0.517106
v 0.999089 0.175864 -0.005668
v 0.999089 0.175864 0.506139
v 0.986037 0.161551 -0.517106
v 0.986037 0.161551 -0.005668
v 0.986037 0.161551 0.506139
v 0.941940 0.094580 0.506139
v 0.941940 0.094580 -0.005668
v 0.941940 0.094580 -0.517106
v 0.950877 0.112267 0.506139
v 0.950877 0.112267 -0.005668
v 0.950877 0.112267 -0.517106
v 0.961283 0.129376 0.506139
v 0.961283 0.129376 -0.005668
v 0.961283 0.129376 -0.517106
v 0.922070 0.019389 0.506139
v 0.922070 0.019389 -0.005668
v 0.922070 0.019389 -0.517106
v 0.924584 0.038659 0.506139
v 0.924584 0.038659 -0.005668
v 0.924584 0.038659 -0.517106
v 0.928749 0.057691 0.506139
v 0.928749 0.057691 -0.005668
v 0.928749 0.057691 -0.517106
v 0.928749 -0.057691 0.506139
v 0.928749 -0.057691 -0.005668
v 0.928749 -0.057691 -0.517106
v 0.924584 -0.038659 0.506139
v 0.924584 -0.038659 -0.005668
v 0.924584 -0.038659 -0.517106
v 0.922070 -0.019389 0.506139
v 0.922070 -0.019389 -0.005668
v 0.922070 -0.019389 -0.517106
v 0.958603 -0.129451 -1.415222
v 0.948142 -0.112289 -1.415221
v 0.939186 -0.094583 -1.415222
v 0.960543 -0.129451 -1.359019
v 0.950082 -0.112289 -1.359019
v 0.941126 -0.094583 -1.359019
v 0.961258 -0.129451 -1.215514
v 0.950797 -0.112289 -1.215514
v 0.941841 -0.094583 -1.215514
v 1.061942 0.213657 -1.455750
v 1.063888 0.213657 -1.397938
v 1.064605 0.213657 -1.250324
v 1.053576 0.211197 -1.444922
v 1.055520 0.211197 -1.387540
v 1.056237 0.211197 -1.241023
v 1.045101 0.210144 -1.434094
v 1.047043 0.210144 -1.377142
v 1.047759 0.210144 -1.231723
v 1.064710 -0.213660 0.520634
v 1.064710 -0.213660 -0.005830
v 1.064710 -0.213660 -0.531914
v 1.056362 -0.211219 0.516761
v 1.056362 -0.211219 -0.005787
v 1.056362 -0.211219 -0.527958
v 1.047938 -0.210219 0.512889
v 1.047938 -0.210219 -0.005744
v 1.047938 -0.210219 -0.524001
v -1.082867 0.203843 -1.474622
v -1.085076 0.203840 -1.416061
v -1.085890 0.203839 -1.266533
v -1.078274 0.207954 -1.474622
v -1.080483 0.207934 -1.416061
v -1.081296 0.207927 -1.266533
v -1.074277 0.211175 -1.474622
v -1.076484 0.211108 -1.416061
v -1.077297 0.211084 -1.266533
v -1.171589 0.094583 -1.474622
v -1.173801 0.094581 -1.416061
v -1.174616 0.094580 -1.266533
v -1.162278 0.112271 -1.474622
v -1.164490 0.112268 -1.416061
v -1.165305 0.112267 -1.266533
v -1.151434 0.129380 -1.474622
v -1.153646 0.129377 -1.416061
v -1.154462 0.129376 -1.266533
v -1.192294 0.019389 -1.474622
v -1.194506 0.019389 -1.416061
v -1.195321 0.019389 -1.266533
v -1.189675 0.038660 -1.474622
v -1.191886 0.038659 -1.416061
v -1.192701 0.038659 -1.266533
v -1.185335 0.057693 -1.474622
v -1.187547 0.057692 -1.416061
v -1.188362 0.057691 -1.266533
v -1.185335 -0.057693 -1.474622
v -1.187547 -0.057692 -1.416061
v -1.188362 -0.057691 -1.266533
v -1.189674 -0.038660 -1.474622
v -1.191886 -0.038659 -1.416061
v -1.192701 -0.038659 -1.266533
v -1.192295 -0.019389 -1.474622
v -1.194506 -0.019389 -1.416061
v -1.195321 -0.019389 -1.266533
v 1.073932 -0.242157 -1.473738
v 1.074764 -0.234118 -1.473138
v 1.073132 -0.225611 -1.470415
v 1.075601 -0.242933 -1.415678
v 1.076636 -0.234363 -1.414791
v 1.075069 -0.225642 -1.412040
v 1.076226 -0.243280 -1.266370
v 1.077326 -0.234478 -1.265460
v 1.075783 -0.225656 -1.262944
v -0.836247 0.255275 -1.474623
v -0.940922 0.254951 -1.474622
v -0.984175 0.254072 -1.474622
v -0.834257 0.257671 -1.416061
v -0.938822 0.257330 -1.416061
v -0.982030 0.256403 -1.416061
v -0.833523 0.258554 -1.266533
v -0.938048 0.258206 -1.266533
v -0.981240 0.257262 -1.266533
v 1.027768 -0.204414 0.506195
v 1.032091 -0.207824 0.506582
v 1.035910 -0.209352 0.507633
v 1.027768 -0.204414 -0.005669
v 1.032091 -0.207824 -0.005673
v 1.035910 -0.209352 -0.005685
v 1.027768 -0.204414 -0.517162
v 1.032091 -0.207824 -0.517558
v 1.035910 -0.209352 -0.518632
v 0.961360 -0.129451 0.506139
v 0.961360 -0.129451 -0.005668
v 0.961360 -0.129451 -0.517106
v 0.950899 -0.112289 0.506139
v 0.950899 -0.112289 -0.005668
v 0.950899 -0.112289 -0.517106
v 0.941943 -0.094583 0.506139
v 0.941943 -0.094583 -0.005668
v 0.941943 -0.094583 -0.517106
v -1.024102 0.243619 0.527383
v -1.013435 0.248557 0.527383
v -1.003388 0.252578 0.527383
v -1.024102 0.243619 -0.005906
v -1.013435 0.248557 -0.005906
v -1.003388 0.252578 -0.005906
v -1.024102 0.243619 -0.538810
v -1.013435 0.248557 -0.538810
v -1.003388 0.252578 -0.538810
v 1.073132 0.225611 -1.470415
v 1.074764 0.234118 -1.473137
v 1.073931 0.242157 -1.473738
v 1.075069 0.225642 -1.412040
v 1.076636 0.234363 -1.414791
v 1.075601 0.242933 -1.415678
v 1.075783 0.225656 -1.262944
v 1.077326 0.234478 -1.265460
v 1.076226 0.243280 -1.266370
v 0.911087 -0.255212 -1.474592
v 1.017408 -0.254440 -1.474375
v 1.060547 -0.252381 -1.473893
v 0.911268 -0.257598 -1.416050
v 1.017655 -0.256748 -1.415979
v 1.061184 -0.254440 -1.415827
v 0.911338 -0.258478 -1.266531
v 1.017766 -0.257598 -1.266523
v 1.061468 -0.255211 -1.266503
v -1.045998 -0.231621 0.527383
v -1.056267 -0.225282 0.527383
v -1.065238 -0.219467 0.527383
v -1.045998 -0.231621 -0.005906
v -1.056267 -0.225282 -0.005906
v -1.065237 -0.219467 -0.005906
v -1.045998 -0.231621 -0.538810
v -1.056267 -0.225282 -0.538810
v -1.065237 -0.219467 -0.538810
v 0.404172 0.255322 -1.474623
v 0.035440 0.255322 -1.474622
v -0.332826 0.255322 -1.474622
v 0.404856 0.257720 -1.416061
v 0.036511 0.257720 -1.416061
v -0.331367 0.257720 -1.416061
v 0.405108 0.258604 -1.266533
v 0.036906 0.258604 -1.266533
v -0.330829 0.258604 -1.266533
v -0.984175 -0.254072 -1.474622
v -0.940922 -0.254951 -1.474622
v -0.836247 -0.255275 -1.474622
v -0.982030 -0.256403 -1.416061
v -0.938822 -0.257330 -1.416061
v -0.834257 -0.257671 -1.416061
v -0.981240 -0.257262 -1.266533
v -0.938048 -0.258206 -1.266533
v -0.833523 -0.258554 -1.266533
v -0.981240 -0.257262 1.258123
v -0.938048 -0.258206 1.258123
v -0.833523 -0.258554 1.258123
v -0.982030 -0.256403 1.409898
v -0.938822 -0.257330 1.409898
v -0.834256 -0.257671 1.409898
v -0.984175 -0.254072 1.470707
v -0.940922 -0.254951 1.470706
v -0.836247 -0.255275 1.470707
v -1.011023 0.224650 -1.488197
v -1.002918 0.233633 -1.490147
v -0.994914 0.242389 -1.489538
v -0.967075 0.225343 -1.487697
v -0.959225 0.234230 -1.489980
v -0.951432 0.243050 -1.489517
v -0.861122 0.225619 -1.487508
v -0.853609 0.234461 -1.489914
v -0.846208 0.243295 -1.489509
v -1.020348 0.212823 -1.473412
v -0.977465 0.213407 -1.472929
v -0.871900 0.213626 -1.472723
v -1.021257 0.210767 -1.462421
v -0.979436 0.211067 -1.461976
v -0.874546 0.211181 -1.461769
v -1.021378 0.209912 -1.452266
v -0.980321 0.210074 -1.451287
v -0.876064 0.210135 -1.450848
v -1.020279 -0.212887 1.473412
v -0.977443 -0.213427 1.472929
v -0.871895 -0.213631 1.472723
v -1.021161 -0.210858 1.462421
v -0.979391 -0.211109 1.461976
v -0.874519 -0.211205 1.461769
v -1.021230 -0.210051 1.452266
v -0.980221 -0.210168 1.451287
v -0.875982 -0.210212 1.450848
v -0.985930 -0.057718 1.431849
v -0.990258 -0.038676 1.431849
v -0.992871 -0.019398 1.431849
v -1.089765 -0.057719 1.432945
v -1.094103 -0.038677 1.432945
v -1.096721 -0.019398 1.432945
v -1.130819 -0.057720 1.435918
v -1.135160 -0.038678 1.435918
v -1.137781 -0.019398 1.435918
v -0.992871 0.019398 1.431849
v -0.990258 0.038676 1.431849
v -0.985930 0.057718 1.431849
v -1.096721 0.019398 1.432945
v -1.094103 0.038677 1.432945
v -1.089765 0.057719 1.432945
v -1.137781 0.019398 1.435918
v -1.135160 0.038678 1.435918
v -1.130819 0.057720 1.435918
v -0.972222 0.094623 1.431849
v -0.962937 0.112316 1.431849
v -0.952127 0.129429 1.431849
v -1.076028 0.094625 1.432945
v -1.066725 0.112319 1.432945
v -1.055893 0.129432 1.432945
v -1.117071 0.094626 1.435918
v -1.107760 0.112320 1.435918
v -1.096919 0.129433 1.435918
v -1.028522 0.203767 1.436055
v -0.987562 0.203769 1.433095
v -0.883933 0.203770 1.432005
v -1.024583 0.207291 1.437011
v -0.983710 0.207308 1.434150
v -0.880090 0.207316 1.433095
v -1.022426 0.208935 1.439563
v -0.981735 0.208990 1.437011
v -0.878094 0.209015 1.436055
v -0.994913 -0.242390 -1.489538
v -1.002910 -0.233640 -1.490147
v -1.010998 -0.224673 -1.488197
v -0.951432 -0.243050 -1.489517
v -0.959222 -0.234232 -1.489980
v -0.967067 -0.225350 -1.487697
v -0.846208 -0.243295 -1.489509
v -0.853609 -0.234461 -1.489914
v -0.861121 -0.225620 -1.487508
v 0.353556 0.203765 -1.431849
v -0.014341 0.203766 -1.431849
v -0.381772 0.203768 -1.431849
v 0.357807 0.207315 -1.432945
v -0.010213 0.207316 -1.432945
v -0.377766 0.207317 -1.432945
v 0.361113 0.209017 -1.435918
v -0.007300 0.209017 -1.435918
v -0.375246 0.209018 -1.435918
v 0.267321 0.094595 -1.431693
v -0.101185 0.094603 -1.431693
v -0.469225 0.094612 -1.431693
v 0.276377 0.112284 -1.431693
v -0.092061 0.112293 -1.431693
v -0.460034 0.112303 -1.431693
v 0.286922 0.129394 -1.431693
v -0.081438 0.129405 -1.431693
v -0.449332 0.129415 -1.431693
v 0.247183 0.019392 -1.431693
v -0.121475 0.019394 -1.431693
v -0.489667 0.019395 -1.431693
v 0.249731 0.038665 -1.431693
v -0.118908 0.038668 -1.431693
v -0.487081 0.038672 -1.431693
v 0.253952 0.057700 -1.431693
v -0.114655 0.057705 -1.431693
v -0.482796 0.057711 -1.431693
v 0.253952 -0.057700 -1.431693
v -0.114655 -0.057705 -1.431693
v -0.482796 -0.057711 -1.431693
v 0.249731 -0.038665 -1.431693
v -0.118908 -0.038668 -1.431693
v -0.487081 -0.038672 -1.431693
v 0.247183 -0.019392 -1.431693
v -0.121475 -0.019394 -1.431693
v -0.489667 -0.019395 -1.431693
v 0.382405 0.213657 1.472693
v 0.009542 0.213657 1.472693
v -0.362860 0.213657 1.472693
v 0.375984 0.211197 1.461739
v 0.004226 0.211197 1.461739
v -0.367071 0.211197 1.461739
v 0.369885 0.210144 1.450785
v -0.000525 0.210144 1.450785
v -0.370472 0.210144 1.450785
v 0.382408 -0.213660 -1.472693
v 0.009545 -0.213660 -1.472693
v -0.362857 -0.213660 -1.472693
v 0.376008 -0.211219 -1.461739
v 0.004249 -0.211219 -1.461739
v -0.367047 -0.211219 -1.461739
v 0.369962 -0.210219 -1.450785
v -0.000447 -0.210219 -1.450784
v -0.370393 -0.210219 -1.450784
v 0.405108 0.258604 1.258123
v 0.036906 0.258604 1.258123
v -0.330829 0.258604 1.258123
v 0.404856 0.257720 1.409898
v 0.036511 0.257720 1.409898
v -0.331367 0.257720 1.409898
v 0.404172 0.255322 1.470707
v 0.035440 0.255322 1.470706
v -0.332826 0.255322 1.470707
v 0.400674 -0.243330 1.488641
v 0.397588 -0.234494 1.489648
v 0.393530 -0.225658 1.487449
v 0.030025 -0.243330 1.488641
v 0.025660 -0.234494 1.489648
v 0.020580 -0.225658 1.487449
v -0.340161 -0.243330 1.488641
v -0.345805 -0.234494 1.489648
v -0.351910 -0.225658 1.487449
v 0.393530 0.225658 1.487449
v 0.397588 0.234494 1.489648
v 0.400674 0.243330 1.488641
v 0.020580 0.225658 1.487449
v 0.025661 0.234494 1.489648
v 0.030025 0.243330 1.488641
v -0.351910 0.225658 1.487449
v -0.345805 0.234494 1.489648
v -0.340161 0.243330 1.488641
v 0.405144 0.258730 -0.538810
v 0.036962 0.258730 -0.538810
v -0.330753 0.258730 -0.538810
v 0.405144 0.258730 -0.005906
v 0.036962 0.258730 -0.005906
v -0.330753 0.258730 -0.005906
v 0.405144 0.258730 0.527383
v 0.036962 0.258730 0.527383
v -0.330753 0.258730 0.527383
v -0.981127 -0.257385 -0.538810
v -0.937938 -0.258331 -0.538810
v -0.833419 -0.258680 -0.538810
v -0.981127 -0.257385 -0.005906
v -0.937938 -0.258331 -0.005906
v -0.833419 -0.258680 -0.005906
v -0.981127 -0.257385 0.527383
v -0.937938 -0.258331 0.527383
v -0.833419 -0.258680 0.527383
v -1.044376 -0.231577 1.469678
v -1.053606 -0.225657 1.470358
v -1.062168 -0.219857 1.470663
v -1.045553 -0.231579 1.409568
v -1.055496 -0.225381 1.409783
v -1.064330 -0.219581 1.409883
v -1.045942 -0.231616 1.258082
v -1.056171 -0.225294 1.258108
v -1.065124 -0.219481 1.258121
v -1.025696 0.241808 1.469678
v -1.016058 0.246029 1.470358
v -1.006405 0.249623 1.470663
v -1.024538 0.243093 1.409568
v -1.014195 0.247814 1.409783
v -1.004280 0.251703 1.409883
v -1.024156 0.243553 1.258082
v -1.013530 0.248464 1.258109
v -1.003500 0.252469 1.258121
v 1.061945 -0.213660 1.451885
v 1.063891 -0.213660 1.391854
v 1.064608 -0.213660 1.242022
v 1.053599 -0.211219 1.441085
v 1.055543 -0.211219 1.381501
v 1.056260 -0.211219 1.232783
v 1.045177 -0.210219 1.430285
v 1.047120 -0.210219 1.371148
v 1.047836 -0.210219 1.223545
v 0.928647 -0.057691 1.207443
v 0.924482 -0.038659 1.207444
v 0.921968 -0.019389 1.207443
v 0.927932 -0.057691 1.353104
v 0.923767 -0.038659 1.353105
v 0.921253 -0.019389 1.353105
v 0.925992 -0.057691 1.411463
v 0.921827 -0.038659 1.411464
v 0.919312 -0.019389 1.411463
v 0.921968 0.019389 1.207443
v 0.924482 0.038659 1.207444
v 0.928647 0.057691 1.207443
v 0.921253 0.019389 1.353104
v 0.923767 0.038659 1.353105
v 0.927932 0.057691 1.353105
v 0.919312 0.019389 1.411463
v 0.921827 0.038659 1.411464
v 0.925992 0.057691 1.411463
v 0.941838 0.094580 1.207443
v 0.950775 0.112267 1.207444
v 0.961181 0.129376 1.207443
v 0.941123 0.094580 1.353104
v 0.950060 0.112267 1.353105
v 0.960466 0.129376 1.353105
v 0.939183 0.094580 1.411463
v 0.948120 0.112267 1.411464
v 0.958526 0.129376 1.411463
v 1.024345 0.203763 1.411618
v 1.026285 0.203763 1.353253
v 1.026999 0.203763 1.207575
v 1.028813 0.207314 1.412698
v 1.030752 0.207314 1.354288
v 1.031467 0.207314 1.208499
v 1.032809 0.209017 1.415629
v 1.034749 0.209017 1.357098
v 1.035464 0.209017 1.211007
v -1.062248 0.219782 1.470663
v -1.053630 0.225635 1.470358
v -1.044379 0.231574 1.469678
v -1.064410 0.219506 1.409883
v -1.055520 0.225358 1.409783
v -1.045556 0.231576 1.409568
v -1.065204 0.219406 1.258121
v -1.056195 0.225272 1.258108
v -1.045945 0.231613 1.258082
v -1.006405 -0.249623 1.470663
v -1.016058 -0.246029 1.470358
v -1.025697 -0.241808 1.469678
v -1.004280 -0.251703 1.409883
v -1.014195 -0.247814 1.409783
v -1.024538 -0.243093 1.409568
v -1.003500 -0.252469 1.258121
v -1.013530 -0.248464 1.258108
v -1.024156 -0.243553 1.258082
v -0.330753 -0.258730 -0.538810
v 0.036962 -0.258730 -0.538810
v 0.405144 -0.258730 -0.538810
v -0.330753 -0.258730 -0.005906
v 0.036962 -0.258730 -0.005906
v 0.405144 -0.258730 -0.005906
v -0.330753 -0.258730 0.527383
v 0.036962 -0.258730 0.527383
v 0.405144 -0.258730 0.527383
v 1.061509 0.255322 -0.538810
v 1.017782 0.257720 -0.538810
v 0.911347 0.258604 -0.538810
v 1.061509 0.255322 -0.005906
v 1.017782 0.257720 -0.005906
v 0.911347 0.258604 -0.005906
v 1.061509 0.255322 0.527383
v 1.017782 0.257720 0.527383
v 0.911347 0.258604 0.527383
v 1.064708 0.213657 -0.531914
v 1.064708 0.213657 -0.005830
v 1.064708 0.213657 0.520634
v 1.056339 0.211197 -0.527958
v 1.056339 0.211197 -0.005787
v 1.056339 0.211197 0.516761
v 1.047861 0.210144 -0.524001
v 1.047861 0.210144 -0.005744
v 1.047861 0.210144 0.512889
v -1.086006 0.203839 -0.538810
v -1.086006 0.203839 -0.005906
v -1.086006 0.203839 0.527383
v -1.081412 0.207926 -0.538810
v -1.081413 0.207926 -0.005906
v -1.081412 0.207926 0.527383
v -1.077413 0.211080 -0.538810
v -1.077413 0.211080 -0.005906
v -1.077413 0.211080 0.527383
v -1.174733 0.094580 -0.538810
v -1.174733 0.094580 -0.005906
v -1.174733 0.094580 0.527383
v -1.165421 0.112267 -0.538810
v -1.165422 0.112267 -0.005906
v -1.165421 0.112267 0.527383
v -1.154578 0.129376 -0.538810
v -1.154578 0.129376 -0.005906
v -1.154578 0.129376 0.527383
v -1.195437 0.019389 -0.538810
v -1.195438 0.019389 -0.005906
v -1.195437 0.019389 0.527383
v -1.192818 0.038659 -0.538810
v -1.192817 0.038659 -0.005906
v -1.192818 0.038659 0.527383
v -1.188478 0.057691 -0.538810
v -1.188478 0.057691 -0.005906
v -1.188478 0.057691 0.527383
v -1.188478 -0.057691 -0.538810
v -1.188478 -0.057691 -0.005906
v -1.188478 -0.057691 0.527383
v -1.192818 -0.038659 -0.538810
v -1.192817 -0.038659 -0.005906
v -1.192818 -0.038659 0.527383
v -1.195438 -0.019389 -0.538810
v -1.195438 -0.019389 -0.005906
v -1.195438 -0.019389 0.527383
v 1.076315 -0.243330 -0.538753
v 1.077424 -0.234494 -0.538358
v 1.075885 -0.225658 -0.537284
v 1.076315 -0.243330 -0.005905
v 1.077424 -0.234494 -0.005901
v 1.075885 -0.225658 -0.005889
v 1.076315 -0.243330 0.527328
v 1.077424 -0.234494 0.526941
v 1.075885 -0.225658 0.525889
v -0.833419 0.258680 -0.538810
v -0.937938 0.258331 -0.538810
v -0.981127 0.257385 -0.538810
v -0.833419 0.258680 -0.005906
v -0.937938 0.258331 -0.005906
v -0.981127 0.257385 -0.005906
v -0.833419 0.258680 0.527383
v -0.937938 0.258331 0.527383
v -0.981127 0.257385 0.527383
v 1.075885 0.225658 -0.537284
v 1.077424 0.234494 -0.538358
v 1.076315 0.243330 -0.538753
v 1.075885 0.225658 -0.005889
v 1.077424 0.234494 -0.005901
v 1.076315 0.243330 -0.005905
v 1.075885 0.225658 0.525889
v 1.077424 0.234494 0.526941
v 1.076315 0.243330 0.527328
v 0.911347 -0.258604 -0.538810
v 1.017782 -0.257720 -0.538810
v 1.061509 -0.255322 -0.538810
v 0.911347 -0.258604 -0.005906
v 1.017782 -0.257720 -0.005906
v 1.061509 -0.255322 -0.005906
v 0.911347 -0.258604 0.527383
v 1.017782 -0.257720 0.527383
v 1.061509 -0.255322 0.527383
v -1.071126 -0.204508 -1.489509
v -1.062982 -0.204512 -1.489914
v -1.054830 -0.204507 -1.487508
v -1.066682 -0.208556 -1.489517
v -1.058494 -0.208581 -1.489980
v -1.050256 -0.208531 -1.487697
v -1.062862 -0.211823 -1.489538
v -1.054574 -0.211931 -1.490147
v -1.046085 -0.211809 -1.488197
v -1.128786 0.161551 -0.538810
v -1.128785 0.161551 -0.005906
v -1.128786 0.161551 0.527383
v -1.115185 0.175864 -0.538810
v -1.115185 0.175864 -0.005906
v -1.115185 0.175864 0.527383
v -1.102750 0.188096 -0.538810
v -1.102750 0.188096 -0.005906
v -1.102750 0.188096 0.527383
v 0.983280 0.161551 1.411463
v 0.985220 0.161551 1.353105
v 0.985935 0.161551 1.207443
v 0.996333 0.175864 1.411464
v 0.998273 0.175864 1.353105
v 0.998987 0.175864 1.207443
v 1.008268 0.188096 1.411463
v 1.010207 0.188096 1.353105
v 1.010922 0.188096 1.207443
v 0.312000 0.161567 -1.431693
v -0.056176 0.161575 -1.431693
v -0.423885 0.161584 -1.431693
v 0.325222 0.175876 -1.431693
v -0.042858 0.175883 -1.431693
v -0.410471 0.175890 -1.431693
v 0.337311 0.188104 -1.431693
v -0.030682 0.188109 -1.431693
v -0.398208 0.188113 -1.431693
v -1.071148 0.161600 1.435918
v -1.030142 0.161599 1.432945
v -0.926429 0.161596 1.431849
v -1.057565 0.175902 1.435918
v -1.016570 0.175901 1.432945
v -0.912884 0.175899 1.431850
v -1.045148 0.188121 1.435918
v -1.004162 0.188121 1.432945
v -0.900500 0.188120 1.431849
v -1.125643 0.161555 -1.474622
v -1.127854 0.161552 -1.416061
v -1.128669 0.161551 -1.266533
v -1.112043 0.175867 -1.474622
v -1.114254 0.175865 -1.416061
v -1.115069 0.175865 -1.266533
v -1.099609 0.188098 -1.474622
v -1.101819 0.188097 -1.416061
v -1.102633 0.188096 -1.266533
v 1.035566 0.209017 -0.518632
v 1.035566 0.209017 -0.005685
v 1.035566 0.209017 0.507633
v 1.031569 0.207314 -0.517558
v 1.031569 0.207314 -0.005673
v 1.031569 0.207314 0.506582
v 1.027102 0.203763 -0.517162
v 1.027102 0.203763 -0.005669
v 1.027102 0.203763 0.506195
v 0.361113 0.209017 1.435918
v -0.007300 0.209017 1.435918
v -0.375246 0.209018 1.435918
v 0.357807 0.207315 1.432945
v -0.010213 0.207316 1.432945
v -0.377766 0.207317 1.432945
v 0.353556 0.203765 1.431849
v -0.014341 0.203766 1.431850
v -0.381772 0.203768 1.431849
v 0.968356 0.161551 -1.429658
v 0.924630 0.161552 -1.431090
v 0.818196 0.161555 -1.431618
v 0.981410 0.175865 -1.429658
v 0.937695 0.175865 -1.431090
v 0.831288 0.175867 -1.431617
v 0.993347 0.188096 -1.429658
v 0.949640 0.188097 -1.431090
v 0.843257 0.188098 -1.431618
v 1.032809 0.209017 -1.419398
v 1.034749 0.209017 -1.363030
v 1.035464 0.209017 -1.219101
v 1.028812 0.207314 -1.416459
v 1.030752 0.207314 -1.360207
v 1.031467 0.207314 -1.216577
v 1.024345 0.203763 -1.415376
v 1.026285 0.203763 -1.359168
v 1.026999 0.203763 -1.215647
v -1.022426 0.208935 -1.439563
v -0.981735 0.208990 -1.437011
v -0.878094 0.209015 -1.436055
v -1.024583 0.207291 -1.437011
v -0.983710 0.207308 -1.434150
v -0.880089 0.207316 -1.433096
v -1.028522 0.203767 -1.436055
v -0.987562 0.203769 -1.433095
v -0.883933 0.203770 -1.432005
v 1.017880 0.209017 1.433043
v 0.974129 0.209017 1.435066
v 0.867630 0.209017 1.435812
v 1.013891 0.207314 1.430075
v 0.970182 0.207314 1.432095
v 0.863791 0.207314 1.432839
v 1.009427 0.203763 1.428982
v 0.965730 0.203763 1.431000
v 0.859373 0.203763 1.431743
v -1.114585 0.161567 1.488641
v -1.106437 0.161576 1.489648
v -1.098290 0.161584 1.487449
v -1.100989 0.175876 1.488641
v -1.092844 0.175883 1.489648
v -1.084699 0.175890 1.487449
v -1.088558 0.188104 1.488641
v -1.080416 0.188109 1.489648
v -1.072273 0.188113 1.487449
v -1.035998 0.210057 1.473412
v -1.039885 0.207640 1.472929
v -1.044440 0.203810 1.472723
v -1.034268 0.209318 1.462421
v -1.037506 0.207415 1.461976
v -1.041823 0.203782 1.461769
v -1.032838 0.208976 1.452266
v -1.035668 0.207304 1.451287
v -1.039831 0.203769 1.450848
v -1.074277 0.211175 1.470706
v -1.076484 0.211108 1.409898
v -1.077297 0.211084 1.258123
v -1.078274 0.207954 1.470706
v -1.080482 0.207934 1.409898
v -1.081296 0.207927 1.258123
v -1.082867 0.203843 1.470706
v -1.085076 0.203840 1.409898
v -1.085890 0.203839 1.258123
v -1.098289 0.161584 -1.487481
v -1.106437 0.161576 -1.489904
v -1.114585 0.161567 -1.489508
v -1.084699 0.175890 -1.487481
v -1.092844 0.175883 -1.489905
v -1.100989 0.175876 -1.489508
v -1.072273 0.188113 -1.487481
v -1.080416 0.188109 -1.489905
v -1.088558 0.188104 -1.489508
v -1.087168 0.161596 -1.472693
v -1.073581 0.175899 -1.472693
v -1.061159 0.188120 -1.472693
v -1.084514 0.161599 -1.461739
v -1.070928 0.175901 -1.461739
v -1.058507 0.188121 -1.461739
v -1.082498 0.161600 -1.450785
v -1.068912 0.175902 -1.450785
v -1.056491 0.188121 -1.450785
v -1.114227 -0.161902 -1.489508
v -1.106080 -0.161911 -1.489905
v -1.097932 -0.161919 -1.487481
v -1.100445 -0.176386 -1.489508
v -1.092300 -0.176393 -1.489905
v -1.084155 -0.176400 -1.487481
v -1.087864 -0.188755 -1.489508
v -1.079721 -0.188760 -1.489905
v -1.071579 -0.188764 -1.487481
v 0.986380 -0.161887 0.506139
v 0.999612 -0.176374 0.506139
v 1.011691 -0.188747 0.506139
v 0.986380 -0.161887 -0.005668
v 0.999612 -0.176374 -0.005668
v 1.011691 -0.188747 -0.005668
v 0.986380 -0.161887 -0.517106
v 0.999612 -0.176374 -0.517106
v 1.011691 -0.188747 -0.517106
v -1.128312 -0.161887 -1.266533
v -1.127496 -0.161888 -1.416061
v -1.125285 -0.161890 -1.474622
v -1.114525 -0.176374 -1.266532
v -1.113710 -0.176375 -1.416061
v -1.111499 -0.176377 -1.474622
v -1.101938 -0.188747 -1.266533
v -1.101124 -0.188748 -1.416061
v -1.098914 -0.188749 -1.474622
v -0.926073 -0.161931 1.431849
v -1.029785 -0.161933 1.432945
v -1.070791 -0.161934 1.435918
v -0.912342 -0.176409 1.431850
v -1.016027 -0.176410 1.432945
v -1.057022 -0.176411 1.435918
v -0.899809 -0.188770 1.431850
v -1.003469 -0.188771 1.432945
v -1.044454 -0.188772 1.435918
v -0.374893 -0.209353 -1.435918
v -0.377230 -0.207826 -1.432945
v -0.381087 -0.204419 -1.431849
v -0.006949 -0.209353 -1.435918
v -0.009680 -0.207825 -1.432945
v -0.013661 -0.204417 -1.431849
v 0.361460 -0.209352 -1.435918
v 0.358336 -0.207825 -1.432945
v 0.354232 -0.204416 -1.431849
v -1.077055 -0.211416 0.527383
v -1.080868 -0.208436 0.527383
v -1.085311 -0.204490 0.527383
v -1.077055 -0.211416 -0.005906
v -1.080868 -0.208436 -0.005906
v -1.085311 -0.204490 -0.005906
v -1.077055 -0.211416 -0.538810
v -1.080868 -0.208436 -0.538810
v -1.085311 -0.204490 -0.538810
v 0.818541 -0.161890 -1.431617
v 0.924973 -0.161888 -1.431090
v 0.968699 -0.161887 -1.429658
v 0.831811 -0.176377 -1.431617
v 0.938217 -0.176375 -1.431090
v 0.981933 -0.176374 -1.429658
v 0.843926 -0.188749 -1.431618
v 0.950308 -0.188748 -1.431090
v 0.994014 -0.188747 -1.429658
v -0.877737 -0.209351 -1.436055
v -0.981369 -0.209334 -1.437011
v -1.022041 -0.209296 -1.439563
v -0.879547 -0.207826 -1.433095
v -0.983164 -0.207820 -1.434150
v -1.024031 -0.207809 -1.437011
v -0.883241 -0.204420 -1.432005
v -0.986868 -0.204420 -1.433095
v -1.027827 -0.204418 -1.436055
v 0.986278 -0.161887 -1.215514
v 0.999510 -0.176374 -1.215514
v 1.011589 -0.188747 -1.215514
v 0.985563 -0.161887 -1.359019
v 0.998795 -0.176374 -1.359019
v 1.010874 -0.188747 -1.359019
v 0.983624 -0.161887 -1.415222
v 0.996855 -0.176374 -1.415222
v 1.008934 -0.188747 -1.415222
v -0.423533 -0.161919 1.431693
v -0.409935 -0.176399 1.431693
v -0.397523 -0.188764 1.431693
v -0.055825 -0.161910 1.431693
v -0.042325 -0.176393 1.431693
v -0.030002 -0.188760 1.431693
v 0.312348 -0.161902 1.431693
v 0.325751 -0.176386 1.431693
v 0.337986 -0.188755 1.431693
v 0.867975 -0.209352 1.435812
v 0.974473 -0.209352 1.435066
v 1.018223 -0.209352 1.433043
v 0.864315 -0.207824 1.432839
v 0.970704 -0.207824 1.432095
v 1.014413 -0.207824 1.430075
v 0.860042 -0.204414 1.431744
v 0.966397 -0.204414 1.431000
v 1.010094 -0.204414 1.428982
v -1.097932 -0.161919 1.487449
v -1.106080 -0.161911 1.489648
v -1.114228 -0.161902 1.488641
v -1.084155 -0.176400 1.487449
v -1.092300 -0.176393 1.489648
v -1.100445 -0.176386 1.488641
v -1.071579 -0.188764 1.487449
v -1.079721 -0.188760 1.489648
v -1.087864 -0.188755 1.488641
v 0.986278 -0.161887 1.207443
v 0.985563 -0.161887 1.353105
v 0.983624 -0.161887 1.411463
v 0.999510 -0.176374 1.207443
v 0.998795 -0.176374 1.353105
v 0.996855 -0.176374 1.411464
v 1.011589 -0.188747 1.207443
v 1.010874 -0.188747 1.353104
v 1.008935 -0.188747 1.411463
v -1.035652 -0.210381 -1.473412
v -1.039345 -0.208146 -1.472929
v -1.043747 -0.204460 -1.472723
v -1.033905 -0.209658 -1.462421
v -1.036960 -0.207926 -1.461976
v -1.041129 -0.204433 -1.461769
v -1.032454 -0.209337 -1.452266
v -1.035115 -0.207822 -1.451287
v -1.039135 -0.204420 -1.450848
v -1.086811 -0.161931 1.472693
v -1.073038 -0.176409 1.472693
v -1.060465 -0.188770 1.472693
v -1.084157 -0.161934 1.461739
v -1.070384 -0.176411 1.461739
v -1.057813 -0.188771 1.461739
v -1.082141 -0.161935 1.450785
v -1.068369 -0.176411 1.450785
v -1.055798 -0.188772 1.450785
v -1.076939 -0.211419 1.258123
v -1.076126 -0.211444 1.409898
v -1.073919 -0.211510 1.470706
v -1.080752 -0.208437 1.258123
v -1.079938 -0.208444 1.409898
v -1.077730 -0.208464 1.470706
v -1.085195 -0.204490 1.258123
v -1.084381 -0.204492 1.409898
v -1.082172 -0.204494 1.470706
vt 0.034804 0.757563
vt 0.036178 0.759870
vt 0.035901 0.762212
vt 0.034718 0.759796
vt 0.037602 0.762485
vt 0.036992 0.764922
vt 0.035405 0.764484
vt 0.034432 0.761989
vt 0.036241 0.767277
vt 0.033445 0.753860
vt 0.034832 0.755523
vt 0.033467 0.755810
vt 0.036351 0.757690
vt 0.038067 0.760132
vt 0.040272 0.762556
vt 0.038840 0.764998
vt 0.037877 0.767449
vt 0.036904 0.769845
vt 0.035601 0.771931
vt 0.035091 0.769313
vt 0.034449 0.766403
vt 0.033709 0.763743
vt 0.033301 0.760198
vt 0.033067 0.761921
vt 0.033449 0.757986
vt 0.892779 0.691349
vt 0.894538 0.691360
vt 0.894469 0.713231
vt 0.892753 0.713213
vt 0.896099 0.691368
vt 0.896017 0.713236
vt 0.894255 0.721795
vt 0.892643 0.721732
vt 0.895774 0.721818
vt 0.891216 0.649595
vt 0.893026 0.649601
vt 0.890945 0.691338
vt 0.894760 0.649604
vt 0.896296 0.649605
vt 0.897510 0.649605
vt 0.897336 0.691374
vt 0.897256 0.713234
vt 0.897020 0.721814
vt 0.896495 0.723635
vt 0.895223 0.723629
vt 0.893714 0.723573
vt 0.892215 0.723436
vt 0.891058 0.721689
vt 0.891118 0.723265
vt 0.890979 0.713205
vt 0.486291 0.072474
vt 0.469538 0.072469
vt 0.469592 0.048642
vt 0.486298 0.048594
vt 0.462646 0.072464
vt 0.462737 0.048665
vt 0.469618 0.039132
vt 0.486304 0.039020
vt 0.462888 0.039287
vt 0.517663 0.117640
vt 0.486274 0.117639
vt 0.517663 0.072455
vt 0.469508 0.117633
vt 0.462610 0.117630
vt 0.460706 0.117629
vt 0.460750 0.072461
vt 0.460887 0.048664
vt 0.461156 0.039297
vt 0.461365 0.037372
vt 0.462876 0.037141
vt 0.469618 0.036865
vt 0.486344 0.036705
vt 0.517712 0.038963
vt 0.517820 0.036639
vt 0.517666 0.048549
vt 0.414902 0.129655
vt 0.415509 0.128951
vt 0.416483 0.128560
vt 0.415946 0.129304
vt 0.416058 0.128278
vt 0.416960 0.127853
vt 0.417456 0.128116
vt 0.417023 0.128914
vt 0.417857 0.127380
vt 0.413407 0.130559
vt 0.414004 0.129888
vt 0.414333 0.130340
vt 0.414661 0.129192
vt 0.415290 0.128523
vt 0.415747 0.128018
vt 0.416403 0.127688
vt 0.417276 0.127216
vt 0.418134 0.126724
vt 0.418840 0.126305
vt 0.418604 0.126964
vt 0.418271 0.127712
vt 0.417950 0.128538
vt 0.416584 0.129708
vt 0.417789 0.129517
vt 0.415425 0.130029
vt 0.220845 0.826861
vt 0.222649 0.827583
vt 0.206707 0.836942
vt 0.204459 0.836275
vt 0.224403 0.828267
vt 0.208873 0.837527
vt 0.199170 0.842204
vt 0.196296 0.841665
vt 0.201775 0.842634
vt 0.247002 0.812229
vt 0.248410 0.813071
vt 0.219177 0.826010
vt 0.249904 0.813839
vt 0.251347 0.814588
vt 0.252586 0.815333
vt 0.225909 0.828957
vt 0.210712 0.838125
vt 0.203905 0.843112
vt 0.201620 0.844673
vt 0.199379 0.844293
vt 0.196608 0.844061
vt 0.193473 0.843802
vt 0.193602 0.840687
vt 0.190067 0.843102
vt 0.202412 0.835370
vt 0.448081 0.696955
vt 0.449278 0.696869
vt 0.455458 0.715191
vt 0.454287 0.715163
vt 0.450397 0.696593
vt 0.456557 0.715016
vt 0.456712 0.722329
vt 0.455718 0.722066
vt 0.457738 0.722495
vt 0.433801 0.662101
vt 0.435024 0.662169
vt 0.446837 0.696734
vt 0.436221 0.661989
vt 0.437353 0.661663
vt 0.438369 0.661295
vt 0.451396 0.696256
vt 0.457547 0.714777
vt 0.458721 0.722596
vt 0.457956 0.724475
vt 0.457195 0.724182
vt 0.456405 0.723826
vt 0.455627 0.723471
vt 0.454725 0.721646
vt 0.454786 0.723042
vt 0.453074 0.714821
vt 0.980238 0.691338
vt 0.981950 0.691333
vt 0.981811 0.713205
vt 0.980146 0.713178
vt 0.983530 0.691328
vt 0.983372 0.713221
vt 0.981415 0.721754
vt 0.979875 0.721678
vt 0.982923 0.721795
vt 0.978193 0.649668
vt 0.979970 0.649660
vt 0.978439 0.691344
vt 0.981658 0.649651
vt 0.983211 0.649640
vt 0.984588 0.649628
vt 0.984933 0.691322
vt 0.984771 0.713227
vt 0.984312 0.721816
vt 0.983509 0.723642
vt 0.982130 0.723602
vt 0.980674 0.723524
vt 0.979289 0.723374
vt 0.978335 0.721624
vt 0.978276 0.723196
vt 0.978410 0.713160
vt 0.428381 0.122630
vt 0.430143 0.122191
vt 0.429911 0.122886
vt 0.428147 0.123318
vt 0.431924 0.121890
vt 0.431692 0.122593
vt 0.429684 0.123613
vt 0.427921 0.124039
vt 0.431462 0.123327
vt 0.426811 0.122577
vt 0.428557 0.122005
vt 0.426636 0.123197
vt 0.430323 0.121560
vt 0.432108 0.121254
vt 0.433911 0.121095
vt 0.433721 0.121737
vt 0.433488 0.122447
vt 0.433254 0.123187
vt 0.433067 0.123966
vt 0.431292 0.124102
vt 0.429530 0.124385
vt 0.427783 0.124808
vt 0.426174 0.124594
vt 0.426050 0.125363
vt 0.426400 0.123878
vt 0.915495 0.587376
vt 0.915753 0.514021
vt 0.918551 0.514021
vt 0.918330 0.587397
vt 0.915487 0.440617
vt 0.918322 0.440596
vt 0.921307 0.514021
vt 0.921122 0.587415
vt 0.921114 0.440579
vt 0.911960 0.649837
vt 0.912606 0.587351
vt 0.914932 0.649877
vt 0.912902 0.514021
vt 0.912598 0.440641
vt 0.911957 0.377990
vt 0.914929 0.377952
vt 0.917845 0.377920
vt 0.920715 0.377894
vt 0.923551 0.377872
vt 0.923874 0.440565
vt 0.924032 0.514021
vt 0.923882 0.587429
vt 0.920718 0.649938
vt 0.923553 0.649960
vt 0.917848 0.649910
vt 0.104708 0.834904
vt 0.106511 0.831100
vt 0.113162 0.833808
vt 0.111537 0.837705
vt 0.108220 0.827436
vt 0.114681 0.830044
vt 0.120025 0.836069
vt 0.118584 0.840047
vt 0.121349 0.832222
vt 0.096309 0.835022
vt 0.098119 0.831648
vt 0.102995 0.838342
vt 0.100097 0.827953
vt 0.101992 0.824405
vt 0.103546 0.821484
vt 0.109644 0.824425
vt 0.115972 0.826959
vt 0.122502 0.829073
vt 0.129211 0.830759
vt 0.128197 0.833960
vt 0.127074 0.837874
vt 0.125822 0.841919
vt 0.117073 0.843596
vt 0.124420 0.845516
vt 0.109924 0.841201
vt 0.389145 0.324872
vt 0.390001 0.325319
vt 0.388719 0.335757
vt 0.387880 0.335533
vt 0.390838 0.325625
vt 0.389495 0.335868
vt 0.388724 0.339357
vt 0.388053 0.339218
vt 0.389348 0.339459
vt 0.394011 0.304149
vt 0.394762 0.304910
vt 0.388303 0.324225
vt 0.395549 0.305514
vt 0.396342 0.305991
vt 0.397059 0.306354
vt 0.391582 0.325837
vt 0.390167 0.335940
vt 0.389914 0.339545
vt 0.389560 0.340354
vt 0.389116 0.340248
vt 0.388589 0.340130
vt 0.388035 0.339985
vt 0.387312 0.339022
vt 0.387388 0.339835
vt 0.386984 0.335123
vt 0.069295 0.809036
vt 0.064522 0.803333
vt 0.067435 0.800442
vt 0.072083 0.805971
vt 0.060133 0.797290
vt 0.063149 0.794590
vt 0.070299 0.797732
vt 0.074822 0.803087
vt 0.066112 0.792070
vt 0.072225 0.817471
vt 0.066995 0.812044
vt 0.074430 0.814370
vt 0.062131 0.806229
vt 0.057661 0.800052
vt 0.053623 0.793557
vt 0.056156 0.790953
vt 0.059243 0.788463
vt 0.062273 0.786144
vt 0.064660 0.784085
vt 0.068445 0.789870
vt 0.072559 0.795397
vt 0.076990 0.800629
vt 0.079670 0.808104
vt 0.081733 0.805534
vt 0.077075 0.811150
vt 0.191585 0.845475
vt 0.194723 0.845373
vt 0.192753 0.846865
vt 0.189708 0.847326
vt 0.197544 0.845395
vt 0.195569 0.846653
vt 0.190967 0.848519
vt 0.187989 0.849255
vt 0.193739 0.848072
vt 0.188614 0.845706
vt 0.199839 0.845682
vt 0.197878 0.846845
vt 0.195955 0.848146
vt 0.194524 0.849267
vt 0.192540 0.849651
vt 0.189748 0.850396
vt 0.186776 0.851369
vt 0.185288 0.850042
vt 0.184119 0.852321
vt 0.186919 0.847886
vt 0.036007 0.727160
vt 0.037435 0.728282
vt 0.037377 0.745966
vt 0.035855 0.744463
vt 0.038921 0.729431
vt 0.039003 0.747496
vt 0.036651 0.754692
vt 0.035051 0.752755
vt 0.038467 0.756792
vt 0.032733 0.697313
vt 0.033976 0.697968
vt 0.034694 0.726250
vt 0.035325 0.698792
vt 0.036715 0.699650
vt 0.038125 0.700400
vt 0.040448 0.730407
vt 0.040724 0.748743
vt 0.040557 0.758525
vt 0.033637 0.751231
vt 0.034477 0.743235
vt 0.761155 0.938062
vt 0.777620 0.938067
vt 0.777723 0.961962
vt 0.761266 0.961966
vt 0.784426 0.938072
vt 0.784522 0.961971
vt 0.778059 0.971527
vt 0.761584 0.971550
vt 0.784843 0.971517
vt 0.730092 0.892858
vt 0.761153 0.892863
vt 0.730099 0.938059
vt 0.777622 0.892868
vt 0.784429 0.892870
vt 0.786520 0.892871
vt 0.786517 0.938074
vt 0.786613 0.961981
vt 0.786926 0.971548
vt 0.787629 0.973848
vt 0.785537 0.973817
vt 0.778717 0.973847
vt 0.762198 0.973873
vt 0.730484 0.971560
vt 0.731031 0.973885
vt 0.730202 0.961972
vt 0.029037 0.472228
vt 0.029400 0.473297
vt 0.011046 0.477828
vt 0.010613 0.476831
vt 0.029960 0.474332
vt 0.011682 0.478777
vt 0.004512 0.480533
vt 0.003839 0.479776
vt 0.005249 0.481213
vt 0.064586 0.463460
vt 0.064825 0.464495
vt 0.028788 0.471225
vt 0.065161 0.465606
vt 0.065652 0.466692
vt 0.066363 0.467667
vt 0.030799 0.475243
vt 0.012599 0.479598
vt 0.006114 0.481811
vt 0.004933 0.482490
vt 0.004140 0.482023
vt 0.003442 0.481568
vt 0.002735 0.481105
vt 0.003241 0.479019
vt 0.002096 0.480633
vt 0.010290 0.475890
vt 0.055995 0.802894
vt 0.060489 0.809126
vt 0.059228 0.812065
vt 0.054754 0.805814
vt 0.065373 0.814977
vt 0.064081 0.817916
vt 0.058036 0.814938
vt 0.053585 0.808680
vt 0.062856 0.820782
vt 0.051931 0.796317
vt 0.070616 0.820425
vt 0.069286 0.823354
vt 0.068020 0.826202
vt 0.066690 0.828842
vt 0.061528 0.823428
vt 0.056701 0.817581
vt 0.052235 0.811306
vt 0.049546 0.802031
vt 0.048171 0.804622
vt 0.050701 0.799194
vt 0.903138 0.336175
vt 0.903068 0.314014
vt 0.905648 0.314026
vt 0.905709 0.336176
vt 0.902870 0.305102
vt 0.905466 0.305115
vt 0.908569 0.314041
vt 0.908620 0.336180
vt 0.908407 0.305136
vt 0.901559 0.378168
vt 0.901119 0.336175
vt 0.903547 0.378132
vt 0.901045 0.314007
vt 0.900836 0.305097
vt 0.900369 0.302989
vt 0.902417 0.302989
vt 0.905030 0.302997
vt 0.907994 0.303013
vt 0.911098 0.303035
vt 0.911481 0.305163
vt 0.911623 0.314059
vt 0.911664 0.336184
vt 0.908954 0.378036
vt 0.906082 0.378086
vt 0.454308 0.142818
vt 0.454431 0.143452
vt 0.453299 0.143757
vt 0.453212 0.143189
vt 0.454529 0.143947
vt 0.453364 0.144138
vt 0.452267 0.143958
vt 0.452191 0.143434
vt 0.452357 0.144277
vt 0.454985 0.141272
vt 0.455257 0.142258
vt 0.454094 0.141863
vt 0.455431 0.142944
vt 0.455596 0.143557
vt 0.455867 0.144529
vt 0.454587 0.144484
vt 0.453394 0.144498
vt 0.452416 0.144550
vt 0.451794 0.144609
vt 0.451583 0.144458
vt 0.451492 0.144100
vt 0.451417 0.143603
vt 0.452050 0.142617
vt 0.451282 0.142906
vt 0.453044 0.142294
vt 0.434696 0.124877
vt 0.436430 0.125053
vt 0.436244 0.126024
vt 0.434578 0.125850
vt 0.438151 0.125386
vt 0.437895 0.126351
vt 0.436072 0.126946
vt 0.434477 0.126775
vt 0.437652 0.127265
vt 0.434850 0.123985
vt 0.432960 0.124857
vt 0.436631 0.124162
vt 0.438399 0.124498
vt 0.440142 0.124997
vt 0.439846 0.125878
vt 0.439521 0.126830
vt 0.439208 0.127731
vt 0.438950 0.128463
vt 0.437444 0.128007
vt 0.435916 0.127695
vt 0.434375 0.127526
vt 0.432877 0.126751
vt 0.432828 0.127502
vt 0.432909 0.125828
vt 0.447586 0.130659
vt 0.448908 0.132065
vt 0.448181 0.132854
vt 0.446921 0.131489
vt 0.450132 0.133609
vt 0.449346 0.134354
vt 0.447462 0.133580
vt 0.446263 0.132256
vt 0.448570 0.135033
vt 0.446666 0.128561
vt 0.448124 0.129841
vt 0.446176 0.129398
vt 0.449493 0.131269
vt 0.450764 0.132839
vt 0.451929 0.134546
vt 0.451250 0.135286
vt 0.450409 0.135982
vt 0.449579 0.136611
vt 0.448922 0.137154
vt 0.447956 0.135613
vt 0.446893 0.134193
vt 0.445743 0.132898
vt 0.444982 0.131067
vt 0.444512 0.131735
vt 0.445575 0.130262
vt 0.411265 0.143081
vt 0.415835 0.134533
vt 0.416804 0.134903
vt 0.412299 0.143335
vt 0.417955 0.131123
vt 0.418825 0.131703
vt 0.417674 0.135337
vt 0.413261 0.143672
vt 0.419553 0.132264
vt 0.402037 0.159894
vt 0.410237 0.143012
vt 0.403104 0.159903
vt 0.414840 0.134376
vt 0.416984 0.130780
vt 0.418619 0.130279
vt 0.419368 0.131009
vt 0.419965 0.131617
vt 0.420340 0.132004
vt 0.420117 0.132676
vt 0.418365 0.135700
vt 0.414037 0.143975
vt 0.405234 0.160321
vt 0.406074 0.160551
vt 0.404200 0.160072
vt 0.079906 0.819315
vt 0.082396 0.815956
vt 0.088023 0.820371
vt 0.085695 0.823854
vt 0.084832 0.812764
vt 0.090289 0.817046
vt 0.093930 0.824376
vt 0.091772 0.827971
vt 0.096016 0.820932
vt 0.077798 0.822496
vt 0.086780 0.810091
vt 0.092113 0.814279
vt 0.097711 0.818082
vt 0.089860 0.831287
vt 0.083684 0.827106
vt 0.441508 0.126522
vt 0.443125 0.127326
vt 0.442660 0.128245
vt 0.441113 0.127461
vt 0.444685 0.128285
vt 0.444151 0.129180
vt 0.442204 0.129109
vt 0.440727 0.128346
vt 0.443626 0.130017
vt 0.441853 0.125647
vt 0.443518 0.126460
vt 0.445126 0.127433
vt 0.443207 0.130707
vt 0.441838 0.129818
vt 0.440415 0.129069
vt 0.044859 0.766230
vt 0.044275 0.764610
vt 0.047151 0.763160
vt 0.047737 0.764609
vt 0.043813 0.763423
vt 0.046738 0.762255
vt 0.049777 0.761776
vt 0.050458 0.763082
vt 0.049244 0.761089
vt 0.043350 0.770832
vt 0.042394 0.768095
vt 0.045815 0.768867
vt 0.041779 0.766331
vt 0.041207 0.764847
vt 0.043435 0.762134
vt 0.046432 0.761398
vt 0.048862 0.760496
vt 0.050310 0.759773
vt 0.050983 0.759915
vt 0.051722 0.760420
vt 0.052528 0.761594
vt 0.051556 0.765465
vt 0.053759 0.763859
vt 0.048737 0.767116
vt 0.421505 0.128348
vt 0.422872 0.127633
vt 0.423160 0.128563
vt 0.421847 0.129267
vt 0.424440 0.126906
vt 0.424681 0.127840
vt 0.423479 0.129446
vt 0.422214 0.130129
vt 0.424954 0.128729
vt 0.420233 0.128079
vt 0.421340 0.127466
vt 0.420443 0.128977
vt 0.422744 0.126758
vt 0.424345 0.126033
vt 0.426110 0.126237
vt 0.426302 0.127177
vt 0.426521 0.128071
vt 0.426670 0.128813
vt 0.425146 0.129474
vt 0.423701 0.130190
vt 0.422461 0.130855
vt 0.421279 0.130689
vt 0.421564 0.131353
vt 0.420850 0.129878
vt 0.435528 0.121740
vt 0.437333 0.121902
vt 0.437097 0.122624
vt 0.435294 0.122456
vt 0.439123 0.122223
vt 0.438887 0.122952
vt 0.436855 0.123377
vt 0.435056 0.123203
vt 0.438641 0.123711
vt 0.435723 0.121093
vt 0.437533 0.121252
vt 0.439328 0.121569
vt 0.441097 0.122044
vt 0.440889 0.122702
vt 0.440652 0.123439
vt 0.440403 0.124206
vt 0.442622 0.123340
vt 0.444312 0.124137
vt 0.444074 0.124888
vt 0.442385 0.124083
vt 0.445948 0.125093
vt 0.445708 0.125851
vt 0.443817 0.125667
vt 0.442133 0.124855
vt 0.445445 0.126637
vt 0.442836 0.122676
vt 0.444531 0.123467
vt 0.446173 0.124418
vt 0.447748 0.125527
vt 0.447516 0.126206
vt 0.447273 0.126972
vt 0.447005 0.127765
vt 0.449004 0.127474
vt 0.450407 0.128893
vt 0.450158 0.129672
vt 0.448759 0.128247
vt 0.451716 0.130456
vt 0.451462 0.131241
vt 0.449877 0.130476
vt 0.448485 0.129046
vt 0.451173 0.132050
vt 0.449245 0.126790
vt 0.450655 0.128205
vt 0.451974 0.129764
vt 0.453194 0.131464
vt 0.452925 0.132159
vt 0.452665 0.132950
vt 0.452365 0.133763
vt 0.455902 0.141500
vt 0.456340 0.140646
vt 0.456562 0.141322
vt 0.456107 0.142192
vt 0.456701 0.139803
vt 0.456935 0.140465
vt 0.456739 0.141917
vt 0.456282 0.142813
vt 0.457113 0.141040
vt 0.455584 0.140516
vt 0.455993 0.139676
vt 0.456329 0.138844
vt 0.456667 0.138117
vt 0.457062 0.139067
vt 0.457309 0.139725
vt 0.457487 0.140291
vt 0.457674 0.140986
vt 0.457313 0.141750
vt 0.456959 0.142656
vt 0.456536 0.143602
vt 0.914505 0.721715
vt 0.914632 0.713157
vt 0.917595 0.713140
vt 0.917485 0.721690
vt 0.914668 0.691374
vt 0.917622 0.691371
vt 0.920509 0.713125
vt 0.920417 0.721668
vt 0.920529 0.691369
vt 0.911081 0.723604
vt 0.911466 0.721742
vt 0.914156 0.723584
vt 0.911611 0.713174
vt 0.911657 0.691377
vt 0.923401 0.691367
vt 0.923386 0.713112
vt 0.923312 0.721649
vt 0.920154 0.723551
vt 0.923097 0.723538
vt 0.917178 0.723567
vt 0.926199 0.305272
vt 0.929055 0.305283
vt 0.929090 0.314145
vt 0.926252 0.314135
vt 0.931902 0.305291
vt 0.931916 0.314152
vt 0.929088 0.336200
vt 0.926256 0.336198
vt 0.931909 0.336202
vt 0.923115 0.303105
vt 0.926037 0.303115
vt 0.923327 0.305257
vt 0.928945 0.303122
vt 0.931846 0.303124
vt 0.934750 0.303123
vt 0.934747 0.305300
vt 0.934736 0.314157
vt 0.934724 0.336203
vt 0.934729 0.377834
vt 0.931948 0.377837
vt 0.929161 0.377845
vt 0.926364 0.377856
vt 0.923407 0.336196
vt 0.923398 0.314123
vt 0.937591 0.305299
vt 0.940437 0.305299
vt 0.940382 0.314156
vt 0.937556 0.314158
vt 0.943291 0.305295
vt 0.943218 0.314152
vt 0.940359 0.336203
vt 0.937539 0.336203
vt 0.943190 0.336202
vt 0.937653 0.303132
vt 0.940553 0.303138
vt 0.943460 0.303141
vt 0.946379 0.303139
vt 0.946161 0.305288
vt 0.946070 0.314146
vt 0.946037 0.336202
vt 0.945906 0.377861
vt 0.943094 0.377847
vt 0.940296 0.377839
vt 0.937510 0.377834
vt 0.949053 0.305276
vt 0.951976 0.305261
vt 0.951851 0.314128
vt 0.948945 0.314138
vt 0.954940 0.305244
vt 0.954799 0.314116
vt 0.951807 0.336198
vt 0.948907 0.336200
vt 0.954748 0.336196
vt 0.949318 0.303133
vt 0.952286 0.303125
vt 0.955291 0.303115
vt 0.958338 0.303102
vt 0.957952 0.305225
vt 0.957793 0.314104
vt 0.957735 0.336193
vt 0.957461 0.377964
vt 0.954511 0.377930
vt 0.951606 0.377901
vt 0.948741 0.377879
vt 0.966440 0.305181
vt 0.966230 0.314072
vt 0.963687 0.314080
vt 0.963881 0.305190
vt 0.966149 0.336185
vt 0.963612 0.336187
vt 0.960809 0.314091
vt 0.960985 0.305205
vt 0.960741 0.336190
vt 0.968924 0.303078
vt 0.968457 0.305179
vt 0.966895 0.303075
vt 0.968237 0.314068
vt 0.968152 0.336185
vt 0.967743 0.378122
vt 0.965768 0.378089
vt 0.963264 0.378048
vt 0.960430 0.378005
vt 0.961401 0.303088
vt 0.964319 0.303078
vt 0.861959 0.349958
vt 0.864947 0.330634
vt 0.865675 0.330667
vt 0.862706 0.349918
vt 0.867061 0.323531
vt 0.867740 0.323686
vt 0.866272 0.330438
vt 0.863333 0.349626
vt 0.868317 0.323574
vt 0.858015 0.386819
vt 0.860767 0.349844
vt 0.859154 0.386875
vt 0.863798 0.330384
vt 0.865997 0.323088
vt 0.866456 0.321256
vt 0.867532 0.321780
vt 0.868193 0.322041
vt 0.868779 0.322090
vt 0.869542 0.321998
vt 0.869062 0.323242
vt 0.867045 0.329912
vt 0.864058 0.349058
vt 0.860712 0.386503
vt 0.861489 0.385959
vt 0.859966 0.386814
vt 0.040706 0.770314
vt 0.039500 0.772744
vt 0.038914 0.770889
vt 0.040097 0.768480
vt 0.038346 0.775162
vt 0.037786 0.773281
vt 0.038457 0.769332
vt 0.039583 0.766918
vt 0.037370 0.771726
vt 0.041665 0.773111
vt 0.040443 0.775594
vt 0.039271 0.778080
vt 0.037809 0.780321
vt 0.036897 0.777325
vt 0.036361 0.775401
vt 0.035986 0.773827
vt 0.133224 0.843310
vt 0.134279 0.839216
vt 0.141614 0.840092
vt 0.140758 0.844214
vt 0.135201 0.835253
vt 0.142332 0.836105
vt 0.149039 0.840509
vt 0.148387 0.844630
vt 0.149557 0.836523
vt 0.131939 0.846946
vt 0.136072 0.832012
vt 0.143061 0.832840
vt 0.150144 0.833255
vt 0.157281 0.833271
vt 0.156830 0.836524
vt 0.156505 0.840477
vt 0.156052 0.844563
vt 0.147371 0.848303
vt 0.155187 0.848216
vt 0.139602 0.847878
vt 0.427806 0.125686
vt 0.429512 0.125268
vt 0.429589 0.126224
vt 0.427942 0.126634
vt 0.431230 0.124989
vt 0.431245 0.125954
vt 0.429690 0.127134
vt 0.428104 0.127534
vt 0.431281 0.126871
vt 0.431284 0.127620
vt 0.429743 0.127880
vt 0.428206 0.128278
vt 0.176560 0.842347
vt 0.170596 0.843246
vt 0.170732 0.839355
vt 0.176606 0.838598
vt 0.163604 0.844051
vt 0.163876 0.840044
vt 0.170770 0.835564
vt 0.176577 0.834944
vt 0.164033 0.836155
vt 0.180671 0.844841
vt 0.176066 0.845735
vt 0.181097 0.841545
vt 0.170008 0.846745
vt 0.162887 0.847645
vt 0.164363 0.832934
vt 0.171023 0.832399
vt 0.176800 0.831872
vt 0.181014 0.834435
vt 0.181234 0.831503
vt 0.181079 0.837931
vt 0.387406 0.323328
vt 0.385943 0.334470
vt 0.384748 0.333613
vt 0.386434 0.322266
vt 0.386362 0.338742
vt 0.385127 0.338402
vt 0.383557 0.332644
vt 0.385492 0.321193
vt 0.383700 0.338004
vt 0.393224 0.303190
vt 0.386508 0.339669
vt 0.385334 0.339485
vt 0.383964 0.339291
vt 0.382638 0.339102
vt 0.382298 0.337483
vt 0.382639 0.331784
vt 0.384719 0.320275
vt 0.391533 0.301034
vt 0.390848 0.300133
vt 0.392369 0.302106
vt 0.318945 0.335357
vt 0.324732 0.319498
vt 0.325405 0.320878
vt 0.319406 0.336823
vt 0.325596 0.313744
vt 0.326431 0.314624
vt 0.326045 0.322333
vt 0.319837 0.338287
vt 0.327364 0.315673
vt 0.300351 0.364273
vt 0.318441 0.334094
vt 0.300736 0.365570
vt 0.324072 0.318396
vt 0.324921 0.313095
vt 0.325044 0.312254
vt 0.325725 0.312772
vt 0.326603 0.313488
vt 0.327607 0.314338
vt 0.328569 0.315161
vt 0.328215 0.316815
vt 0.326534 0.323504
vt 0.320202 0.339521
vt 0.301361 0.368494
vt 0.301623 0.369751
vt 0.301060 0.367035
vt 0.859848 0.296523
vt 0.862522 0.312732
vt 0.860277 0.311332
vt 0.857691 0.294831
vt 0.864294 0.318829
vt 0.862013 0.317722
vt 0.857621 0.309755
vt 0.855187 0.292962
vt 0.859286 0.316455
vt 0.858835 0.266724
vt 0.861510 0.297859
vt 0.857334 0.265370
vt 0.864220 0.313819
vt 0.866009 0.319685
vt 0.864759 0.320446
vt 0.862486 0.319412
vt 0.859756 0.318235
vt 0.856714 0.317018
vt 0.856261 0.315143
vt 0.854707 0.308153
vt 0.852480 0.291101
vt 0.853137 0.261802
vt 0.850686 0.259945
vt 0.855393 0.263671
vt 0.445487 0.696174
vt 0.451752 0.714132
vt 0.450292 0.713262
vt 0.444018 0.695441
vt 0.453622 0.720997
vt 0.452346 0.720192
vt 0.448838 0.712390
vt 0.442571 0.694706
vt 0.451011 0.719366
vt 0.432497 0.661762
vt 0.453749 0.722463
vt 0.452494 0.721741
vt 0.451175 0.720980
vt 0.450021 0.720335
vt 0.449828 0.718667
vt 0.447612 0.711677
vt 0.441355 0.694106
vt 0.429695 0.660816
vt 0.428509 0.660424
vt 0.431085 0.661293
vt 0.217731 0.824838
vt 0.200732 0.833948
vt 0.199393 0.832069
vt 0.216470 0.823359
vt 0.191634 0.838665
vt 0.190364 0.835972
vt 0.198395 0.830128
vt 0.215415 0.821815
vt 0.189632 0.833390
vt 0.245737 0.811157
vt 0.188745 0.840005
vt 0.187795 0.836874
vt 0.187303 0.834147
vt 0.187188 0.832400
vt 0.189226 0.831393
vt 0.197687 0.828530
vt 0.214603 0.820512
vt 0.243604 0.808511
vt 0.242823 0.807380
vt 0.244594 0.809854
vt 0.007370 0.502220
vt 0.005838 0.489137
vt 0.007286 0.489956
vt 0.008897 0.502995
vt 0.005701 0.484197
vt 0.006961 0.484929
vt 0.008725 0.490763
vt 0.010396 0.503765
vt 0.008278 0.485670
vt 0.009960 0.526415
vt 0.005990 0.501570
vt 0.011349 0.526995
vt 0.004546 0.488437
vt 0.004646 0.483568
vt 0.005952 0.483041
vt 0.007202 0.483694
vt 0.008516 0.484377
vt 0.009649 0.484977
vt 0.009412 0.486309
vt 0.009925 0.491438
vt 0.011633 0.504409
vt 0.014381 0.528310
vt 0.015620 0.528854
vt 0.012880 0.527660
vt 0.076196 0.825461
vt 0.082085 0.830076
vt 0.080662 0.832963
vt 0.074822 0.828371
vt 0.088259 0.834262
vt 0.086782 0.837127
vt 0.079296 0.835761
vt 0.073509 0.831195
vt 0.085360 0.839899
vt 0.094704 0.838007
vt 0.093170 0.840856
vt 0.091687 0.843606
vt 0.090285 0.846202
vt 0.083982 0.842505
vt 0.077940 0.838378
vt 0.072169 0.833824
vt 0.101391 0.841328
vt 0.108315 0.844190
vt 0.106676 0.846982
vt 0.099806 0.844145
vt 0.115461 0.846591
vt 0.113767 0.849360
vt 0.105079 0.849672
vt 0.098267 0.846863
vt 0.112111 0.852025
vt 0.122810 0.848519
vt 0.121064 0.851265
vt 0.119353 0.853908
vt 0.117852 0.856486
vt 0.110633 0.854602
vt 0.103626 0.852252
vt 0.096841 0.849450
vt 0.130339 0.849955
vt 0.138027 0.850890
vt 0.136208 0.853592
vt 0.128551 0.852679
vt 0.145839 0.851314
vt 0.144007 0.853993
vt 0.134409 0.856193
vt 0.126790 0.855300
vt 0.142185 0.856572
vt 0.153720 0.851212
vt 0.151898 0.853863
vt 0.150075 0.856419
vt 0.148586 0.859024
vt 0.140670 0.859171
vt 0.132886 0.858783
vt 0.125274 0.857883
vt 0.179535 0.851666
vt 0.181072 0.849327
vt 0.183119 0.848835
vt 0.181586 0.851135
vt 0.182599 0.846932
vt 0.184645 0.846475
vt 0.184844 0.848389
vt 0.183282 0.850650
vt 0.186412 0.846080
vt 0.175205 0.854938
vt 0.176406 0.852426
vt 0.178389 0.854124
vt 0.177986 0.850034
vt 0.179541 0.847593
vt 0.183684 0.844212
vt 0.185678 0.843800
vt 0.187412 0.843500
vt 0.182148 0.853013
vt 0.180460 0.853547
vt 0.858683 0.116788
vt 0.859506 0.117705
vt 0.858960 0.170837
vt 0.858058 0.169824
vt 0.860345 0.118309
vt 0.859869 0.171587
vt 0.859156 0.223453
vt 0.858311 0.222515
vt 0.859996 0.224217
vt 0.858669 0.070310
vt 0.859601 0.071335
vt 0.857785 0.115805
vt 0.860232 0.072018
vt 0.860843 0.072394
vt 0.861732 0.072597
vt 0.861239 0.118621
vt 0.860785 0.172024
vt 0.860879 0.224736
vt 0.862051 0.269517
vt 0.861146 0.268942
vt 0.860494 0.268335
vt 0.859813 0.267623
vt 0.857392 0.221587
vt 0.857156 0.168866
vt 0.862064 0.651903
vt 0.862813 0.651941
vt 0.865802 0.670894
vt 0.865075 0.670930
vt 0.863439 0.652234
vt 0.866401 0.671121
vt 0.867833 0.677600
vt 0.867151 0.677763
vt 0.868410 0.677706
vt 0.858092 0.615237
vt 0.859232 0.615179
vt 0.860872 0.652019
vt 0.860044 0.615242
vt 0.860787 0.615554
vt 0.861565 0.616103
vt 0.864166 0.652805
vt 0.867176 0.671646
vt 0.869149 0.678024
vt 0.869542 0.679093
vt 0.868782 0.679012
vt 0.868193 0.679072
vt 0.867523 0.679333
vt 0.866082 0.678213
vt 0.866432 0.679842
vt 0.863927 0.671186
vt 0.847206 0.787693
vt 0.847112 0.840491
vt 0.844646 0.842035
vt 0.844718 0.789192
vt 0.847529 0.893812
vt 0.845005 0.895433
vt 0.842097 0.843359
vt 0.842155 0.790477
vt 0.842395 0.896822
vt 0.850577 0.740876
vt 0.849613 0.785988
vt 0.848036 0.742562
vt 0.849492 0.838736
vt 0.849961 0.891969
vt 0.850484 0.937701
vt 0.847974 0.939610
vt 0.845377 0.941282
vt 0.842697 0.942711
vt 0.839938 0.943889
vt 0.839705 0.897970
vt 0.839471 0.844454
vt 0.839520 0.791538
vt 0.842741 0.745314
vt 0.839993 0.746364
vt 0.845424 0.744044
vt 0.857070 0.961975
vt 0.857030 0.977659
vt 0.855171 0.979557
vt 0.855193 0.963861
vt 0.857105 0.983873
vt 0.855219 0.985824
vt 0.852977 0.981654
vt 0.852998 0.965926
vt 0.853001 0.987930
vt 0.858392 0.929931
vt 0.858519 0.960461
vt 0.856954 0.931496
vt 0.858444 0.976166
vt 0.858528 0.982278
vt 0.858861 0.983913
vt 0.857377 0.985500
vt 0.855460 0.987439
vt 0.853219 0.989543
vt 0.850768 0.991619
vt 0.850575 0.990005
vt 0.850565 0.983733
vt 0.850593 0.967974
vt 0.852884 0.935592
vt 0.855079 0.933454
vt 0.848345 0.030268
vt 0.845726 0.028620
vt 0.845700 0.012777
vt 0.848324 0.014439
vt 0.843020 0.027207
vt 0.842993 0.011356
vt 0.845701 0.006493
vt 0.848330 0.008152
vt 0.842991 0.005073
vt 0.850742 0.062510
vt 0.848226 0.060593
vt 0.850873 0.032142
vt 0.845621 0.058914
vt 0.842933 0.057479
vt 0.840167 0.056294
vt 0.840235 0.026040
vt 0.840209 0.010183
vt 0.840204 0.003902
vt 0.840295 0.002274
vt 0.843107 0.003447
vt 0.845844 0.004869
vt 0.848498 0.006530
vt 0.850872 0.010042
vt 0.851066 0.008423
vt 0.850857 0.016334
vt 0.839452 0.310408
vt 0.835872 0.309954
vt 0.835428 0.302031
vt 0.838794 0.302560
vt 0.832256 0.309684
vt 0.832031 0.301711
vt 0.834831 0.284177
vt 0.837906 0.284769
vt 0.831726 0.283819
vt 0.843249 0.313188
vt 0.839659 0.312595
vt 0.842978 0.311041
vt 0.836012 0.312169
vt 0.832327 0.311916
vt 0.828624 0.311847
vt 0.828623 0.309598
vt 0.828619 0.301602
vt 0.828606 0.283699
vt 0.828584 0.252532
vt 0.831496 0.252652
vt 0.834393 0.253011
vt 0.837257 0.253605
vt 0.840937 0.285593
vt 0.840074 0.254432
vt 0.842113 0.303296
vt 0.824990 0.309686
vt 0.821376 0.309960
vt 0.821811 0.302039
vt 0.825207 0.301715
vt 0.817798 0.310417
vt 0.818447 0.302573
vt 0.822382 0.284187
vt 0.825486 0.283824
vt 0.819308 0.284785
vt 0.824920 0.311918
vt 0.821237 0.312173
vt 0.817593 0.312601
vt 0.814007 0.313197
vt 0.814275 0.311052
vt 0.815131 0.303313
vt 0.816278 0.285614
vt 0.817094 0.254447
vt 0.819911 0.253617
vt 0.822775 0.253019
vt 0.825671 0.252656
vt 0.810826 0.311858
vt 0.807464 0.312820
vt 0.808697 0.305386
vt 0.811878 0.304254
vt 0.804202 0.313923
vt 0.805597 0.306694
vt 0.810393 0.287948
vt 0.813304 0.286671
vt 0.807548 0.289434
vt 0.810501 0.313952
vt 0.807088 0.314852
vt 0.803785 0.315880
vt 0.800608 0.317017
vt 0.801056 0.315145
vt 0.802591 0.308162
vt 0.804775 0.291118
vt 0.806511 0.259953
vt 0.809041 0.258270
vt 0.811652 0.256784
vt 0.814339 0.255506
vt 0.793138 0.318798
vt 0.794886 0.312699
vt 0.797098 0.311311
vt 0.795386 0.317699
vt 0.797504 0.296490
vt 0.799631 0.294813
vt 0.799714 0.309749
vt 0.798071 0.316444
vt 0.802100 0.292963
vt 0.790997 0.321222
vt 0.791439 0.319652
vt 0.792679 0.320414
vt 0.793204 0.313783
vt 0.795856 0.297824
vt 0.798449 0.266677
vt 0.799940 0.265327
vt 0.801857 0.263643
vt 0.804086 0.261793
vt 0.797606 0.318222
vt 0.794918 0.319388
vt 0.862477 0.702213
vt 0.865214 0.686487
vt 0.865856 0.686017
vt 0.863105 0.701637
vt 0.867030 0.680800
vt 0.867675 0.680445
vt 0.866441 0.685628
vt 0.863686 0.701150
vt 0.868250 0.680207
vt 0.858706 0.734125
vt 0.861403 0.703086
vt 0.859682 0.733229
vt 0.864130 0.687185
vt 0.865941 0.681348
vt 0.869075 0.680050
vt 0.867382 0.685196
vt 0.864650 0.700578
vt 0.861012 0.731915
vt 0.861915 0.731342
vt 0.860362 0.732520
vt 0.853028 0.687069
vt 0.851607 0.694282
vt 0.848498 0.695585
vt 0.849753 0.688167
vt 0.849605 0.711500
vt 0.846755 0.712980
vt 0.845316 0.696709
vt 0.846386 0.689123
vt 0.843846 0.714248
vt 0.856679 0.684037
vt 0.856198 0.685846
vt 0.853474 0.685174
vt 0.854634 0.692813
vt 0.852392 0.709813
vt 0.840878 0.715295
vt 0.842066 0.697641
vt 0.842939 0.689921
vt 0.846733 0.687093
vt 0.843224 0.687840
vt 0.850153 0.686199
vt 0.837088 0.997030
vt 0.834188 0.997682
vt 0.834201 0.991423
vt 0.837100 0.990769
vt 0.831254 0.998074
vt 0.831267 0.991816
vt 0.834233 0.975612
vt 0.837135 0.974959
vt 0.831294 0.976004
vt 0.840026 0.997741
vt 0.837153 0.998653
vt 0.839936 0.996119
vt 0.834229 0.999306
vt 0.831273 0.999696
vt 0.828303 0.999822
vt 0.828306 0.998204
vt 0.828316 0.991945
vt 0.828338 0.976133
vt 0.828371 0.946003
vt 0.831308 0.945871
vt 0.834227 0.945473
vt 0.837110 0.944811
vt 0.839983 0.974050
vt 0.839946 0.989857
vt 0.825358 0.998064
vt 0.822426 0.997663
vt 0.822433 0.991405
vt 0.825365 0.991807
vt 0.819528 0.997001
vt 0.819537 0.990742
vt 0.822446 0.975596
vt 0.825383 0.975996
vt 0.819545 0.974936
vt 0.825334 0.999686
vt 0.822379 0.999286
vt 0.819458 0.998624
vt 0.816589 0.997703
vt 0.816684 0.996081
vt 0.816694 0.989820
vt 0.816700 0.974020
vt 0.816809 0.943872
vt 0.819635 0.944798
vt 0.822516 0.945464
vt 0.825434 0.945867
vt 0.813909 0.994907
vt 0.811215 0.993488
vt 0.811232 0.987226
vt 0.813923 0.988645
vt 0.808608 0.991837
vt 0.808630 0.985572
vt 0.811237 0.971443
vt 0.813928 0.972852
vt 0.808638 0.969805
vt 0.813789 0.996527
vt 0.811069 0.995106
vt 0.808436 0.993452
vt 0.805898 0.991576
vt 0.806095 0.989963
vt 0.806125 0.983695
vt 0.806138 0.967951
vt 0.806305 0.937701
vt 0.808795 0.939595
vt 0.811380 0.941261
vt 0.814054 0.942690
vt 0.799662 0.983893
vt 0.799754 0.977682
vt 0.801585 0.979562
vt 0.801519 0.985823
vt 0.799751 0.962021
vt 0.801601 0.963886
vt 0.803745 0.981635
vt 0.803701 0.987907
vt 0.803763 0.965925
vt 0.797917 0.983937
vt 0.798252 0.982306
vt 0.799386 0.985516
vt 0.798353 0.976195
vt 0.798317 0.960516
vt 0.798495 0.930020
vt 0.799922 0.931575
vt 0.801771 0.933509
vt 0.803934 0.935618
vt 0.803479 0.989518
vt 0.801273 0.987436
vt 0.904436 0.440727
vt 0.906894 0.440699
vt 0.907273 0.514021
vt 0.904846 0.514021
vt 0.909681 0.440669
vt 0.910023 0.514021
vt 0.906902 0.587294
vt 0.904444 0.587265
vt 0.909689 0.587323
vt 0.902509 0.440750
vt 0.908957 0.649791
vt 0.906086 0.649743
vt 0.903551 0.649697
vt 0.902517 0.587242
vt 0.901564 0.649661
vt 0.902944 0.514022
vt 0.848252 0.348611
vt 0.845429 0.348383
vt 0.847866 0.326739
vt 0.850949 0.327342
vt 0.842619 0.348184
vt 0.844743 0.326207
vt 0.849842 0.317250
vt 0.853122 0.318194
vt 0.846467 0.316424
vt 0.848931 0.386291
vt 0.846308 0.386167
vt 0.851094 0.348863
vt 0.843719 0.386059
vt 0.841159 0.385968
vt 0.838618 0.385893
vt 0.839817 0.348014
vt 0.841579 0.325758
vt 0.843008 0.315731
vt 0.846762 0.313941
vt 0.850185 0.314841
vt 0.853507 0.315873
vt 0.856297 0.319237
vt 0.853989 0.328006
vt 0.839502 0.686157
vt 0.835905 0.686552
vt 0.835182 0.676542
vt 0.838434 0.676276
vt 0.832271 0.686785
vt 0.831909 0.676704
vt 0.834251 0.654133
vt 0.837065 0.654030
vt 0.831436 0.654198
vt 0.839639 0.688428
vt 0.843043 0.685607
vt 0.835996 0.688850
vt 0.832316 0.689099
vt 0.828618 0.689166
vt 0.828620 0.686852
vt 0.828627 0.676760
vt 0.828622 0.654224
vt 0.828575 0.616323
vt 0.831094 0.616309
vt 0.833615 0.616280
vt 0.836142 0.616236
vt 0.839877 0.653891
vt 0.838674 0.616177
vt 0.841653 0.675911
vt 0.824970 0.686778
vt 0.821338 0.686538
vt 0.822075 0.676536
vt 0.825346 0.676701
vt 0.817745 0.686137
vt 0.818827 0.676267
vt 0.822993 0.654142
vt 0.825807 0.654202
vt 0.820181 0.654044
vt 0.824920 0.689092
vt 0.821243 0.688835
vt 0.817604 0.688406
vt 0.814023 0.687810
vt 0.814209 0.685580
vt 0.815612 0.675900
vt 0.817370 0.653911
vt 0.818472 0.616201
vt 0.821006 0.616254
vt 0.823533 0.616292
vt 0.826055 0.616315
vt 0.810748 0.684879
vt 0.807378 0.684045
vt 0.809314 0.674897
vt 0.812439 0.675440
vt 0.804111 0.683095
vt 0.806240 0.674281
vt 0.811750 0.653546
vt 0.814561 0.653744
vt 0.808933 0.653321
vt 0.810521 0.687056
vt 0.807113 0.686158
vt 0.803814 0.685132
vt 0.800640 0.683998
vt 0.800963 0.682048
vt 0.803223 0.673608
vt 0.806108 0.653072
vt 0.808175 0.615832
vt 0.810784 0.615949
vt 0.813367 0.616049
vt 0.815928 0.616133
vt 0.793058 0.678932
vt 0.795307 0.671641
vt 0.797604 0.672224
vt 0.795296 0.679872
vt 0.798345 0.652306
vt 0.800656 0.652544
vt 0.800295 0.672902
vt 0.797977 0.680942
vt 0.803302 0.652807
vt 0.791025 0.679823
vt 0.791382 0.678199
vt 0.792712 0.680619
vt 0.793549 0.671202
vt 0.796537 0.652114
vt 0.799166 0.615330
vt 0.800890 0.615434
vt 0.803079 0.615563
vt 0.805562 0.615701
vt 0.797640 0.682797
vt 0.794953 0.681637
vt 0.847744 0.106533
vt 0.847287 0.160021
vt 0.844814 0.158470
vt 0.845214 0.104906
vt 0.847341 0.212982
vt 0.844847 0.211477
vt 0.842258 0.157140
vt 0.842597 0.103511
vt 0.842277 0.210186
vt 0.850182 0.108384
vt 0.849673 0.161784
vt 0.849754 0.214694
vt 0.848140 0.258252
vt 0.845520 0.256763
vt 0.842830 0.255487
vt 0.839635 0.209120
vt 0.839625 0.156039
vt 0.839900 0.102357
vt 0.848040 0.991887
vt 0.845418 0.993540
vt 0.845422 0.987275
vt 0.848038 0.985620
vt 0.842715 0.994953
vt 0.842722 0.988690
vt 0.845459 0.971482
vt 0.848072 0.969840
vt 0.842761 0.972888
vt 0.848207 0.993504
vt 0.845559 0.995159
vt 0.842830 0.996574
vt 0.973278 0.691373
vt 0.974847 0.691365
vt 0.974923 0.713187
vt 0.973368 0.713193
vt 0.976607 0.691354
vt 0.976640 0.713169
vt 0.975142 0.721732
vt 0.973615 0.721756
vt 0.976753 0.721668
vt 0.971865 0.649678
vt 0.973100 0.649678
vt 0.972022 0.691379
vt 0.974647 0.649677
vt 0.976384 0.649673
vt 0.977181 0.723367
vt 0.975682 0.723505
vt 0.974166 0.723561
vt 0.972350 0.721752
vt 0.972875 0.723568
vt 0.972110 0.713191
vt 0.885843 0.691321
vt 0.887427 0.691327
vt 0.887570 0.713251
vt 0.886005 0.713267
vt 0.889142 0.691332
vt 0.889238 0.713224
vt 0.887970 0.721821
vt 0.886459 0.721863
vt 0.889514 0.721744
vt 0.884818 0.649554
vt 0.886195 0.649566
vt 0.884438 0.691315
vt 0.887750 0.649578
vt 0.889438 0.649587
vt 0.890103 0.723444
vt 0.888714 0.723596
vt 0.887254 0.723674
vt 0.885066 0.721884
vt 0.885872 0.723715
vt 0.884602 0.713274
vt 0.457586 0.142749
vt 0.457911 0.143899
vt 0.457694 0.144859
vt 0.457290 0.143685
vt 0.458262 0.144997
vt 0.458123 0.145974
vt 0.457495 0.145882
vt 0.456973 0.144684
vt 0.458003 0.147007
vt 0.457919 0.141967
vt 0.458201 0.143120
vt 0.458491 0.144245
vt 0.458721 0.145057
vt 0.458647 0.145830
vt 0.458564 0.146860
vt 0.458480 0.147915
vt 0.458375 0.148889
vt 0.457870 0.147982
vt 0.457302 0.146863
vt 0.456669 0.145670
vt 0.333014 0.300582
vt 0.333788 0.300983
vt 0.327103 0.308694
vt 0.326522 0.308210
vt 0.334677 0.301306
vt 0.327804 0.309152
vt 0.324528 0.310996
vt 0.324054 0.310618
vt 0.325057 0.311385
vt 0.342743 0.283182
vt 0.343492 0.283453
vt 0.332370 0.300187
vt 0.344374 0.283703
vt 0.345346 0.283862
vt 0.346408 0.283889
vt 0.335702 0.301488
vt 0.328674 0.309534
vt 0.325671 0.311787
vt 0.324523 0.311890
vt 0.324064 0.311589
vt 0.323642 0.311290
vt 0.323630 0.310270
vt 0.323280 0.311042
vt 0.326037 0.307775
vt 0.386629 0.187610
vt 0.387643 0.187455
vt 0.373091 0.221127
vt 0.372110 0.221175
vt 0.388702 0.187271
vt 0.374130 0.221027
vt 0.358129 0.255390
vt 0.357188 0.255299
vt 0.359142 0.255405
vt 0.397977 0.160662
vt 0.398876 0.160506
vt 0.385753 0.187702
vt 0.399913 0.160284
vt 0.400986 0.160054
vt 0.389762 0.187112
vt 0.375195 0.220894
vt 0.360210 0.255330
vt 0.356380 0.255166
vt 0.371263 0.221168
vt 0.790413 0.680771
vt 0.792197 0.686461
vt 0.791536 0.685973
vt 0.789747 0.680402
vt 0.794853 0.702188
vt 0.794205 0.701588
vt 0.790936 0.685560
vt 0.789156 0.680144
vt 0.793616 0.701079
vt 0.791508 0.681328
vt 0.789929 0.679303
vt 0.793287 0.687170
vt 0.795934 0.703074
vt 0.798502 0.734126
vt 0.797519 0.733218
vt 0.796825 0.732491
vt 0.796173 0.731867
vt 0.795268 0.731266
vt 0.792649 0.700480
vt 0.789991 0.685103
vt 0.788326 0.679969
vt 0.788633 0.678950
vt 0.787863 0.679016
vt 0.789240 0.679028
vt 0.810863 0.689085
vt 0.811910 0.696665
vt 0.808738 0.695535
vt 0.807508 0.688124
vt 0.813325 0.714200
vt 0.810423 0.712925
vt 0.805647 0.694231
vt 0.804253 0.687024
vt 0.807587 0.711442
vt 0.814303 0.689890
vt 0.815154 0.697605
vt 0.816289 0.715256
vt 0.817082 0.746331
vt 0.814336 0.745274
vt 0.811659 0.743998
vt 0.809056 0.742515
vt 0.806535 0.740835
vt 0.804823 0.709761
vt 0.802648 0.692766
vt 0.801113 0.685806
vt 0.824992 0.691257
vt 0.825203 0.699205
vt 0.821816 0.698879
vt 0.821386 0.690982
vt 0.825470 0.717046
vt 0.822375 0.716682
vt 0.818461 0.698345
vt 0.817817 0.690525
vt 0.819310 0.716084
vt 0.828616 0.691349
vt 0.828606 0.699319
vt 0.828580 0.717173
vt 0.828535 0.748249
vt 0.825632 0.748123
vt 0.822745 0.747760
vt 0.819890 0.747161
vt 0.839420 0.690548
vt 0.838756 0.698371
vt 0.835398 0.698897
vt 0.835848 0.690998
vt 0.837855 0.716113
vt 0.834788 0.716701
vt 0.832010 0.699213
vt 0.832240 0.691265
vt 0.831692 0.717056
vt 0.837184 0.747186
vt 0.834327 0.747776
vt 0.831439 0.748131
vt 0.856174 0.886053
vt 0.854383 0.887907
vt 0.853833 0.834865
vt 0.855600 0.833095
vt 0.852276 0.889945
vt 0.851762 0.836808
vt 0.854030 0.782224
vt 0.855838 0.780500
vt 0.851918 0.784114
vt 0.857544 0.884577
vt 0.853022 0.739026
vt 0.855272 0.737165
vt 0.857209 0.735473
vt 0.857232 0.779123
vt 0.856957 0.831681
vt 0.801235 0.220125
vt 0.801423 0.167350
vt 0.803174 0.165593
vt 0.803027 0.218413
vt 0.800816 0.114213
vt 0.802591 0.112374
vt 0.805226 0.163669
vt 0.805119 0.216539
vt 0.804679 0.110356
vt 0.799847 0.221501
vt 0.800070 0.168761
vt 0.799450 0.115687
vt 0.798585 0.070176
vt 0.800017 0.068617
vt 0.801873 0.066679
vt 0.804045 0.064565
vt 0.806425 0.062477
vt 0.806977 0.108350
vt 0.807479 0.161757
vt 0.807407 0.214679
vt 0.814538 0.103507
vt 0.814870 0.157139
vt 0.812316 0.158466
vt 0.811924 0.104898
vt 0.814858 0.210192
vt 0.812291 0.211481
vt 0.809850 0.160010
vt 0.809401 0.106516
vt 0.809805 0.212980
vt 0.816966 0.056295
vt 0.817234 0.102355
vt 0.814201 0.057478
vt 0.817502 0.156039
vt 0.817500 0.209125
vt 0.808923 0.060579
vt 0.811518 0.058910
vt 0.825687 0.100410
vt 0.825753 0.154181
vt 0.822961 0.154556
vt 0.822827 0.100802
vt 0.825758 0.207321
vt 0.822966 0.207685
vt 0.820205 0.155176
vt 0.820003 0.101451
vt 0.820207 0.208287
vt 0.828565 0.054165
vt 0.828567 0.100279
vt 0.825620 0.054300
vt 0.828564 0.154055
vt 0.828567 0.207198
vt 0.819801 0.055368
vt 0.822692 0.054702
vt 0.837131 0.101453
vt 0.836922 0.155176
vt 0.834166 0.154556
vt 0.834307 0.100803
vt 0.836927 0.208284
vt 0.834169 0.207683
vt 0.831374 0.154181
vt 0.831446 0.100411
vt 0.831377 0.207320
vt 0.837331 0.055367
vt 0.831511 0.054300
vt 0.834439 0.054701
vt 0.853086 0.313913
vt 0.849806 0.312807
vt 0.848559 0.305364
vt 0.851674 0.306675
vt 0.846433 0.311844
vt 0.845370 0.304234
vt 0.846830 0.287919
vt 0.849686 0.289407
vt 0.843913 0.286645
vt 0.859764 0.040685
vt 0.859684 0.024914
vt 0.860236 0.025469
vt 0.860315 0.041250
vt 0.859731 0.018833
vt 0.860250 0.019378
vt 0.860736 0.025723
vt 0.860835 0.041528
vt 0.860711 0.019614
vt 0.858818 0.039684
vt 0.858755 0.023930
vt 0.858843 0.017799
vt 0.859179 0.016160
vt 0.860143 0.017254
vt 0.860709 0.017886
vt 0.861145 0.018190
vt 0.861552 0.018325
vt 0.861461 0.019619
vt 0.861588 0.025797
vt 0.861730 0.041659
vt 0.899776 0.691382
vt 0.899695 0.713227
vt 0.898825 0.713229
vt 0.898908 0.691379
vt 0.899475 0.721805
vt 0.898602 0.721804
vt 0.898115 0.713231
vt 0.898191 0.691377
vt 0.897888 0.721807
vt 0.901112 0.691384
vt 0.900250 0.649638
vt 0.901032 0.713224
vt 0.900818 0.721807
vt 0.900351 0.723647
vt 0.898997 0.723639
vt 0.898114 0.723633
vt 0.897385 0.723632
vt 0.898455 0.649610
vt 0.899295 0.649621
vt 0.034057 0.658774
vt 0.026298 0.611206
vt 0.027823 0.611632
vt 0.035618 0.659106
vt 0.018105 0.565077
vt 0.019627 0.565620
vt 0.029308 0.611986
vt 0.037136 0.659330
vt 0.021114 0.566124
vt 0.032615 0.658303
vt 0.039654 0.700917
vt 0.024896 0.610726
vt 0.016715 0.564557
vt 0.022343 0.566537
vt 0.030533 0.612262
vt 0.038387 0.659484
vt 0.042930 0.701358
vt 0.044264 0.701428
vt 0.041313 0.701214
vt 0.452887 0.723316
vt 0.448533 0.725913
vt 0.447026 0.725109
vt 0.451558 0.722628
vt 0.436352 0.731771
vt 0.434838 0.730871
vt 0.445531 0.724308
vt 0.450186 0.721897
vt 0.433342 0.729995
vt 0.454011 0.723884
vt 0.449849 0.726648
vt 0.437673 0.732611
vt 0.413934 0.742787
vt 0.412670 0.741898
vt 0.411251 0.740932
vt 0.409859 0.739987
vt 0.408697 0.739213
vt 0.432093 0.729281
vt 0.444275 0.723644
vt 0.448999 0.721272
vt 0.433042 0.205220
vt 0.418915 0.238992
vt 0.418092 0.238076
vt 0.432185 0.204429
vt 0.404505 0.273485
vt 0.403692 0.272461
vt 0.417267 0.237220
vt 0.431319 0.203718
vt 0.402888 0.271474
vt 0.444790 0.178233
vt 0.433777 0.206054
vt 0.444033 0.177468
vt 0.419638 0.239892
vt 0.405238 0.274434
vt 0.402226 0.270654
vt 0.416585 0.236518
vt 0.430598 0.203145
vt 0.442233 0.176217
vt 0.441477 0.175763
vt 0.443139 0.176793
vt 0.326478 0.312283
vt 0.329813 0.309867
vt 0.331198 0.310189
vt 0.327505 0.312945
vt 0.336947 0.301545
vt 0.338362 0.301550
vt 0.332662 0.310445
vt 0.328688 0.313707
vt 0.339768 0.301528
vt 0.347637 0.283808
vt 0.349004 0.283693
vt 0.350347 0.283576
vt 0.351462 0.283470
vt 0.340934 0.301490
vt 0.333883 0.310574
vt 0.329930 0.314380
vt 0.462653 0.937998
vt 0.469544 0.937992
vt 0.469599 0.961818
vt 0.462744 0.961795
vt 0.486297 0.937987
vt 0.486305 0.961866
vt 0.469625 0.971329
vt 0.462895 0.971174
vt 0.486310 0.971440
vt 0.460712 0.892833
vt 0.462615 0.892832
vt 0.460757 0.938000
vt 0.469513 0.892829
vt 0.486279 0.892823
vt 0.517668 0.892821
vt 0.517668 0.938005
vt 0.517672 0.961911
vt 0.517717 0.971496
vt 0.517826 0.973820
vt 0.486351 0.973755
vt 0.469625 0.973596
vt 0.462884 0.973319
vt 0.461163 0.971164
vt 0.461372 0.973089
vt 0.460894 0.961797
vt 0.002008 0.482259
vt 0.002883 0.482645
vt 0.002292 0.487706
vt 0.001203 0.487587
vt 0.003753 0.483075
vt 0.003403 0.487969
vt 0.003592 0.500982
vt 0.002467 0.500959
vt 0.004765 0.501163
vt 0.001099 0.481865
vt 0.008721 0.526021
vt 0.007534 0.525815
vt 0.006397 0.525749
vt 0.001422 0.501018
vt 0.005348 0.525772
vt 0.000178 0.487534
vt 0.434400 0.206925
vt 0.435003 0.207814
vt 0.420925 0.241564
vt 0.420279 0.240749
vt 0.435596 0.208650
vt 0.421569 0.242302
vt 0.406631 0.275979
vt 0.405921 0.275258
vt 0.407347 0.276596
vt 0.445412 0.179106
vt 0.445999 0.180043
vt 0.446566 0.180948
vt 0.447083 0.181707
vt 0.436138 0.209344
vt 0.422160 0.242905
vt 0.408000 0.277089
vt 0.454929 0.724385
vt 0.455780 0.724902
vt 0.451722 0.728199
vt 0.450884 0.727381
vt 0.456596 0.725447
vt 0.452424 0.729077
vt 0.439499 0.734367
vt 0.438698 0.733449
vt 0.440137 0.735331
vt 0.457438 0.726018
vt 0.453034 0.729936
vt 0.440659 0.736270
vt 0.417016 0.746441
vt 0.416462 0.745517
vt 0.415782 0.744565
vt 0.414953 0.743647
vt 0.681957 0.072401
vt 0.624016 0.072412
vt 0.624071 0.048497
vt 0.682039 0.048485
vt 0.566006 0.072430
vt 0.566034 0.048517
vt 0.624238 0.038907
vt 0.682267 0.038896
vt 0.566137 0.038929
vt 0.730092 0.117599
vt 0.681953 0.117606
vt 0.730098 0.072397
vt 0.624017 0.117616
vt 0.566013 0.117629
vt 0.566345 0.036604
vt 0.624566 0.036582
vt 0.682715 0.036571
vt 0.730483 0.038895
vt 0.731030 0.036570
vt 0.730201 0.048483
vt 0.682283 0.502983
vt 0.624256 0.502975
vt 0.624089 0.493740
vt 0.682053 0.493748
vt 0.566158 0.502958
vt 0.566055 0.493724
vt 0.624032 0.470181
vt 0.681970 0.470187
vt 0.566026 0.470167
vt 0.731042 0.505029
vt 0.682730 0.505032
vt 0.730495 0.502981
vt 0.624584 0.505024
vt 0.566367 0.505006
vt 0.517846 0.504974
vt 0.517737 0.502926
vt 0.517691 0.493695
vt 0.517687 0.470145
vt 0.517683 0.425257
vt 0.566029 0.425263
vt 0.624030 0.425272
vt 0.681962 0.425278
vt 0.730108 0.470189
vt 0.730100 0.425282
vt 0.730212 0.493747
vt 0.462926 0.507816
vt 0.469647 0.507687
vt 0.469620 0.516854
vt 0.462765 0.516865
vt 0.486325 0.507586
vt 0.486320 0.516808
vt 0.469560 0.540325
vt 0.462668 0.540316
vt 0.486311 0.540332
vt 0.461403 0.506068
vt 0.462914 0.505911
vt 0.461195 0.507798
vt 0.469648 0.505686
vt 0.486367 0.505547
vt 0.517838 0.505484
vt 0.517730 0.507532
vt 0.517684 0.516763
vt 0.517679 0.540314
vt 0.517676 0.585204
vt 0.486288 0.585200
vt 0.469523 0.585192
vt 0.462626 0.585188
vt 0.460773 0.540313
vt 0.460722 0.585187
vt 0.460917 0.516855
vt 0.886705 0.440816
vt 0.888210 0.440808
vt 0.888394 0.514008
vt 0.886909 0.514008
vt 0.889844 0.440801
vt 0.890008 0.514008
vt 0.888224 0.587162
vt 0.886718 0.587155
vt 0.889858 0.587170
vt 0.884811 0.378264
vt 0.886188 0.378252
vt 0.885372 0.440824
vt 0.887742 0.378241
vt 0.889430 0.378231
vt 0.891207 0.378224
vt 0.891566 0.440794
vt 0.891707 0.514008
vt 0.891580 0.587176
vt 0.885385 0.587147
vt 0.885593 0.514008
vt 0.972915 0.440752
vt 0.974413 0.440755
vt 0.974340 0.514008
vt 0.972862 0.514008
vt 0.976097 0.440758
vt 0.976002 0.514008
vt 0.974419 0.587221
vt 0.972920 0.587224
vt 0.976103 0.587218
vt 0.971868 0.378163
vt 0.973103 0.378163
vt 0.971672 0.440750
vt 0.974648 0.378164
vt 0.976385 0.378167
vt 0.978194 0.378172
vt 0.977851 0.440763
vt 0.977733 0.514007
vt 0.977857 0.587213
vt 0.971676 0.587226
vt 0.971584 0.514007
vt 0.914520 0.305190
vt 0.917500 0.305215
vt 0.917606 0.314094
vt 0.914644 0.314077
vt 0.920432 0.305237
vt 0.920520 0.314110
vt 0.917629 0.336191
vt 0.914675 0.336188
vt 0.920536 0.336194
vt 0.914174 0.303055
vt 0.917195 0.303074
vt 0.920172 0.303091
vt 0.802230 0.562624
vt 0.802622 0.501102
vt 0.804681 0.501101
vt 0.804320 0.562660
vt 0.802195 0.439535
vt 0.804284 0.439499
vt 0.807015 0.501101
vt 0.806690 0.562697
vt 0.806654 0.439462
vt 0.800585 0.562595
vt 0.801002 0.501102
vt 0.800550 0.439564
vt 0.799155 0.386688
vt 0.800878 0.386587
vt 0.803065 0.386462
vt 0.805545 0.386330
vt 0.808155 0.386203
vt 0.809145 0.439427
vt 0.809468 0.501100
vt 0.809182 0.562733
vt 0.816514 0.439346
vt 0.816721 0.501098
vt 0.814330 0.501099
vt 0.814083 0.439369
vt 0.816553 0.562813
vt 0.814122 0.562791
vt 0.811913 0.501100
vt 0.811628 0.439396
vt 0.811666 0.562764
vt 0.818439 0.385851
vt 0.818926 0.439328
vt 0.815898 0.385915
vt 0.819094 0.501098
vt 0.818965 0.562831
vt 0.810761 0.386091
vt 0.813340 0.385996
vt 0.826104 0.439298
vt 0.826156 0.501096
vt 0.823808 0.501097
vt 0.823718 0.439304
vt 0.826146 0.562859
vt 0.823759 0.562854
vt 0.821456 0.501097
vt 0.821326 0.439314
vt 0.821366 0.562845
vt 0.828529 0.385741
vt 0.828488 0.439297
vt 0.826012 0.385746
vt 0.828500 0.501095
vt 0.828530 0.562860
vt 0.820969 0.385801
vt 0.823493 0.385766
vt 0.835648 0.439317
vt 0.835544 0.501093
vt 0.833191 0.501094
vt 0.833257 0.439306
vt 0.835693 0.562837
vt 0.833301 0.562849
vt 0.830844 0.501095
vt 0.830871 0.439299
vt 0.830914 0.562856
vt 0.838048 0.439332
vt 0.836087 0.385832
vt 0.837905 0.501092
vt 0.838094 0.562821
vt 0.831045 0.385757
vt 0.833564 0.385787
vt 0.853181 0.683132
vt 0.849893 0.684081
vt 0.847968 0.674911
vt 0.851061 0.674294
vt 0.846511 0.684911
vt 0.844831 0.675453
vt 0.845505 0.653515
vt 0.848336 0.653281
vt 0.842688 0.653719
vt 0.856361 0.682082
vt 0.841217 0.616102
vt 0.843779 0.616011
vt 0.846369 0.615904
vt 0.851185 0.653023
vt 0.848993 0.615779
vt 0.854110 0.673617
vt 0.385842 0.340451
vt 0.381938 0.345157
vt 0.380365 0.345604
vt 0.384568 0.340416
vt 0.373540 0.361364
vt 0.372008 0.362109
vt 0.378745 0.346125
vt 0.383089 0.340416
vt 0.370491 0.362875
vt 0.386821 0.340521
vt 0.383277 0.344894
vt 0.374938 0.360808
vt 0.365007 0.399220
vt 0.363658 0.399999
vt 0.362222 0.400964
vt 0.360802 0.401947
vt 0.359572 0.402863
vt 0.369209 0.363515
vt 0.377438 0.346572
vt 0.381591 0.340530
vt 0.124153 0.456314
vt 0.190730 0.438669
vt 0.191138 0.439832
vt 0.124934 0.457333
vt 0.257614 0.408355
vt 0.257873 0.409716
vt 0.191541 0.440990
vt 0.125716 0.458333
vt 0.258113 0.411076
vt 0.123453 0.455302
vt 0.067341 0.468564
vt 0.190318 0.437500
vt 0.257306 0.407060
vt 0.258312 0.412370
vt 0.191924 0.442102
vt 0.126434 0.459260
vt 0.069622 0.470366
vt 0.070585 0.471129
vt 0.068484 0.469478
vt 0.969800 0.721745
vt 0.969575 0.713185
vt 0.970474 0.713187
vt 0.970701 0.721743
vt 0.969494 0.691387
vt 0.970391 0.691384
vt 0.971219 0.713188
vt 0.971451 0.721746
vt 0.971135 0.691382
vt 0.968914 0.723583
vt 0.968448 0.721747
vt 0.970277 0.723575
vt 0.968228 0.713183
vt 0.968149 0.691388
vt 0.967741 0.649729
vt 0.969066 0.649708
vt 0.970042 0.649692
vt 0.970897 0.649682
vt 0.971954 0.723566
vt 0.971189 0.723568
vt 0.949037 0.721639
vt 0.948932 0.713106
vt 0.951839 0.713117
vt 0.951961 0.721656
vt 0.948901 0.691369
vt 0.951801 0.691372
vt 0.954787 0.713130
vt 0.954926 0.721675
vt 0.954742 0.691375
vt 0.946364 0.723513
vt 0.946146 0.721626
vt 0.949303 0.723520
vt 0.946057 0.713096
vt 0.946031 0.691367
vt 0.945908 0.649980
vt 0.948742 0.649964
vt 0.951607 0.649942
vt 0.954511 0.649915
vt 0.957461 0.649882
vt 0.957730 0.691378
vt 0.957782 0.713144
vt 0.957938 0.721696
vt 0.955277 0.723540
vt 0.958325 0.723554
vt 0.952272 0.723529
vt 0.937576 0.721611
vt 0.937544 0.713081
vt 0.940369 0.713084
vt 0.940422 0.721613
vt 0.937532 0.691363
vt 0.940353 0.691364
vt 0.943205 0.713089
vt 0.943276 0.721617
vt 0.943184 0.691365
vt 0.934733 0.723525
vt 0.934731 0.721609
vt 0.937637 0.723517
vt 0.934724 0.713080
vt 0.934717 0.691363
vt 0.934731 0.650002
vt 0.937512 0.650003
vt 0.940298 0.650000
vt 0.943095 0.649993
vt 0.943444 0.723511
vt 0.940537 0.723512
vt 0.926183 0.721635
vt 0.926241 0.713101
vt 0.929078 0.713092
vt 0.929039 0.721624
vt 0.926249 0.691365
vt 0.929081 0.691364
vt 0.931904 0.713085
vt 0.931886 0.721617
vt 0.931902 0.691363
vt 0.926019 0.723529
vt 0.926367 0.649977
vt 0.929164 0.649990
vt 0.931951 0.649998
vt 0.931829 0.723523
vt 0.928928 0.723524
vt 0.323172 0.312068
vt 0.323747 0.312347
vt 0.322585 0.317158
vt 0.321812 0.316835
vt 0.324327 0.312667
vt 0.323360 0.317647
vt 0.316967 0.332411
vt 0.316096 0.331867
vt 0.317782 0.333133
vt 0.322634 0.311807
vt 0.299780 0.363191
vt 0.299019 0.362266
vt 0.298176 0.361476
vt 0.315273 0.331440
vt 0.297365 0.360808
vt 0.321106 0.316586
vt 0.761592 0.507489
vt 0.778063 0.507513
vt 0.777728 0.516723
vt 0.761273 0.516719
vt 0.784842 0.507524
vt 0.784525 0.516713
vt 0.777626 0.540263
vt 0.761161 0.540268
vt 0.784431 0.540258
vt 0.731040 0.505427
vt 0.762205 0.505442
vt 0.730493 0.507476
vt 0.778721 0.505471
vt 0.785535 0.505503
vt 0.787629 0.505469
vt 0.786924 0.507489
vt 0.786617 0.516703
vt 0.786523 0.540255
vt 0.786526 0.585165
vt 0.784434 0.585166
vt 0.777627 0.585168
vt 0.761158 0.585172
vt 0.730106 0.540269
vt 0.730098 0.585176
vt 0.730210 0.516710
vt 0.857624 0.439589
vt 0.858609 0.439533
vt 0.858262 0.501085
vt 0.857189 0.501085
vt 0.859594 0.439291
vt 0.859334 0.501088
vt 0.858662 0.562610
vt 0.857678 0.562553
vt 0.859646 0.562856
vt 0.856536 0.439576
vt 0.860583 0.438891
vt 0.860410 0.501092
vt 0.860634 0.563263
vt 0.856590 0.562567
vt 0.856115 0.501085
vt 0.845355 0.439402
vt 0.845097 0.501090
vt 0.842672 0.501091
vt 0.842893 0.439375
vt 0.845403 0.562747
vt 0.842940 0.562776
vt 0.840278 0.501092
vt 0.840460 0.439351
vt 0.840506 0.562801
vt 0.847856 0.439435
vt 0.847560 0.501089
vt 0.847904 0.562713
vt 0.979573 0.440769
vt 0.981208 0.440776
vt 0.981047 0.514007
vt 0.979433 0.514007
vt 0.982714 0.440783
vt 0.982534 0.514007
vt 0.981215 0.587200
vt 0.979579 0.587207
vt 0.982721 0.587193
vt 0.979970 0.378179
vt 0.981657 0.378188
vt 0.983211 0.378199
vt 0.984587 0.378210
vt 0.984048 0.440790
vt 0.983850 0.514007
vt 0.984055 0.587186
vt 0.387570 0.340681
vt 0.388224 0.340906
vt 0.385304 0.345179
vt 0.384372 0.344921
vt 0.388843 0.341155
vt 0.386105 0.345549
vt 0.377396 0.360701
vt 0.376205 0.360602
vt 0.378486 0.360974
vt 0.389421 0.341388
vt 0.386802 0.345918
vt 0.379444 0.361296
vt 0.370232 0.398653
vt 0.369034 0.398581
vt 0.367709 0.398585
vt 0.366341 0.398764
vt 0.486334 0.502872
vt 0.469657 0.502772
vt 0.469629 0.493605
vt 0.486329 0.493650
vt 0.462936 0.502643
vt 0.462775 0.493594
vt 0.469568 0.470135
vt 0.486320 0.470128
vt 0.462678 0.470144
vt 0.486375 0.504912
vt 0.469657 0.504772
vt 0.462924 0.504547
vt 0.461413 0.504391
vt 0.461205 0.502661
vt 0.460926 0.493604
vt 0.460782 0.470147
vt 0.460730 0.425275
vt 0.462633 0.425274
vt 0.469531 0.425270
vt 0.486296 0.425261
vt 0.893318 0.440789
vt 0.894997 0.440784
vt 0.895094 0.514007
vt 0.893436 0.514007
vt 0.896484 0.440782
vt 0.896562 0.514007
vt 0.895012 0.587186
vt 0.893333 0.587182
vt 0.896500 0.587188
vt 0.893017 0.378218
vt 0.894750 0.378214
vt 0.896286 0.378213
vt 0.897500 0.378213
vt 0.897717 0.440779
vt 0.897839 0.514008
vt 0.897731 0.587192
vt 0.566152 0.507500
vt 0.624252 0.507482
vt 0.624085 0.516717
vt 0.566049 0.516734
vt 0.682280 0.507474
vt 0.682050 0.516709
vt 0.624028 0.540277
vt 0.566020 0.540292
vt 0.681967 0.540270
vt 0.566361 0.505451
vt 0.624580 0.505432
vt 0.682727 0.505425
vt 0.681960 0.585180
vt 0.624026 0.585187
vt 0.566024 0.585197
vt 0.784843 0.502932
vt 0.778064 0.502944
vt 0.777729 0.493734
vt 0.784526 0.493744
vt 0.761593 0.502967
vt 0.761274 0.493738
vt 0.777627 0.470195
vt 0.784432 0.470200
vt 0.761163 0.470190
vt 0.787629 0.504988
vt 0.785536 0.504953
vt 0.786925 0.502968
vt 0.778721 0.504986
vt 0.762206 0.505015
vt 0.761160 0.425287
vt 0.777629 0.425291
vt 0.784435 0.425293
vt 0.786523 0.470203
vt 0.786527 0.425293
vt 0.786617 0.493755
vt 0.784426 0.072383
vt 0.777620 0.072388
vt 0.777724 0.048493
vt 0.784522 0.048484
vt 0.761155 0.072394
vt 0.761266 0.048490
vt 0.778059 0.038928
vt 0.784843 0.038937
vt 0.761584 0.038906
vt 0.786521 0.117585
vt 0.784430 0.117586
vt 0.786518 0.072381
vt 0.777623 0.117588
vt 0.761153 0.117593
vt 0.762198 0.036582
vt 0.778717 0.036608
vt 0.785537 0.036638
vt 0.786926 0.038906
vt 0.787629 0.036607
vt 0.786614 0.048474
vt 0.456273 0.147119
vt 0.456942 0.148242
vt 0.455640 0.152475
vt 0.455017 0.151464
vt 0.457540 0.149324
vt 0.456223 0.153473
vt 0.452484 0.162138
vt 0.451891 0.161174
vt 0.453052 0.163084
vt 0.455496 0.146190
vt 0.458061 0.150210
vt 0.456744 0.154310
vt 0.453567 0.163881
vt 0.451250 0.160310
vt 0.454330 0.150594
vt 0.454459 0.145699
vt 0.453468 0.149954
vt 0.452459 0.149499
vt 0.453303 0.145496
vt 0.450462 0.159603
vt 0.449531 0.159025
vt 0.451478 0.149172
vt 0.452278 0.145401
vt 0.448591 0.158559
vt 0.447811 0.158202
vt 0.450692 0.148928
vt 0.451518 0.145307
vt 0.043153 0.759161
vt 0.042694 0.749441
vt 0.044875 0.749637
vt 0.045958 0.758908
vt 0.042135 0.731045
vt 0.043987 0.731380
vt 0.046947 0.749519
vt 0.048412 0.758280
vt 0.045794 0.731509
vt 0.047278 0.731544
vt 0.048594 0.749305
vt 0.050222 0.757698
vt 0.837379 0.025126
vt 0.834468 0.024469
vt 0.834447 0.008607
vt 0.837355 0.009266
vt 0.831520 0.024073
vt 0.831504 0.008211
vt 0.834439 0.002329
vt 0.837348 0.002985
vt 0.831496 0.001934
vt 0.828555 0.023941
vt 0.828544 0.008080
vt 0.828539 0.001801
vt 0.828537 0.000178
vt 0.831516 0.000307
vt 0.834481 0.000700
vt 0.837414 0.001357
vt 0.825590 0.024076
vt 0.822644 0.024476
vt 0.822642 0.008617
vt 0.825584 0.008216
vt 0.819734 0.025135
vt 0.819737 0.009280
vt 0.822640 0.002339
vt 0.825582 0.001939
vt 0.819733 0.003001
vt 0.816879 0.026053
vt 0.816885 0.010202
vt 0.816879 0.003922
vt 0.816785 0.002295
vt 0.819663 0.001373
vt 0.822594 0.000711
vt 0.825559 0.000312
vt 0.814097 0.027222
vt 0.811397 0.028633
vt 0.811403 0.012801
vt 0.814104 0.011379
vt 0.808788 0.030274
vt 0.808792 0.014458
vt 0.811391 0.006519
vt 0.814095 0.005098
vt 0.808774 0.008174
vt 0.806279 0.032132
vt 0.806278 0.016339
vt 0.806253 0.010052
vt 0.806056 0.008433
vt 0.808603 0.006553
vt 0.811246 0.004896
vt 0.813976 0.003473
vt 0.797484 0.018771
vt 0.797541 0.024849
vt 0.796970 0.025427
vt 0.796947 0.019338
vt 0.797477 0.040594
vt 0.796906 0.041181
vt 0.796457 0.025708
vt 0.796474 0.019600
vt 0.796379 0.041484
vt 0.798045 0.016090
vt 0.798380 0.017727
vt 0.797074 0.017192
vt 0.798476 0.023857
vt 0.798429 0.039585
vt 0.797645 0.071210
vt 0.796997 0.071911
vt 0.796384 0.072313
vt 0.795493 0.072543
vt 0.795483 0.041641
vt 0.795604 0.025808
vt 0.795720 0.019629
vt 0.796038 0.018178
vt 0.795627 0.018332
vt 0.796490 0.017847
vt 0.413632 0.131399
vt 0.414735 0.131123
vt 0.412704 0.134719
vt 0.411635 0.134972
vt 0.415894 0.130861
vt 0.413802 0.134482
vt 0.408119 0.143392
vt 0.407069 0.143637
vt 0.409198 0.143153
vt 0.412697 0.131604
vt 0.406157 0.143817
vt 0.410712 0.135161
vt 0.798944 0.778235
vt 0.799150 0.830787
vt 0.798251 0.829777
vt 0.798102 0.777301
vt 0.798491 0.883666
vt 0.797671 0.882751
vt 0.797346 0.828998
vt 0.797265 0.776513
vt 0.796836 0.882118
vt 0.799864 0.779166
vt 0.800048 0.831743
vt 0.799391 0.884652
vt 0.797559 0.928988
vt 0.796914 0.928289
vt 0.796303 0.927888
vt 0.795415 0.927658
vt 0.795945 0.881782
vt 0.796433 0.828537
vt 0.796383 0.775970
vt 0.814821 0.790451
vt 0.814793 0.843340
vt 0.812249 0.842015
vt 0.812262 0.789164
vt 0.814423 0.896805
vt 0.811818 0.895416
vt 0.809792 0.840474
vt 0.809785 0.787668
vt 0.809304 0.893801
vt 0.817454 0.791517
vt 0.817417 0.844438
vt 0.817110 0.897955
vt 0.806890 0.891971
vt 0.807429 0.838731
vt 0.807396 0.785972
vt 0.825685 0.793321
vt 0.825641 0.846297
vt 0.822858 0.845921
vt 0.822901 0.792956
vt 0.825536 0.899900
vt 0.822684 0.899507
vt 0.820111 0.845300
vt 0.820152 0.792354
vt 0.819870 0.898858
vt 0.828485 0.793446
vt 0.828443 0.846424
vt 0.828406 0.900033
vt 0.836821 0.792369
vt 0.836776 0.845313
vt 0.834028 0.845929
vt 0.834070 0.792967
vt 0.836945 0.898869
vt 0.834129 0.899514
vt 0.831244 0.846301
vt 0.831286 0.793326
vt 0.831277 0.899904
vt 0.375887 0.756820
vt 0.331295 0.774714
vt 0.330098 0.773616
vt 0.374583 0.755792
vt 0.285624 0.793554
vt 0.284493 0.792368
vt 0.328980 0.772515
vt 0.373329 0.754775
vt 0.283476 0.791164
vt 0.377096 0.757745
vt 0.332471 0.775675
vt 0.286810 0.794562
vt 0.282657 0.790158
vt 0.328064 0.771602
vt 0.372289 0.753936
vt 0.361404 0.255205
vt 0.376348 0.220790
vt 0.377582 0.220749
vt 0.362708 0.255087
vt 0.390872 0.187061
vt 0.392036 0.187128
vt 0.378772 0.220753
vt 0.363976 0.254991
vt 0.393147 0.187260
vt 0.394055 0.187389
vt 0.379750 0.220767
vt 0.365024 0.254913
vt 0.566010 0.938029
vt 0.624018 0.938046
vt 0.624075 0.961960
vt 0.566039 0.961941
vt 0.681959 0.938055
vt 0.682040 0.961971
vt 0.624241 0.971549
vt 0.566142 0.971529
vt 0.682269 0.971560
vt 0.566016 0.892831
vt 0.624019 0.892843
vt 0.681953 0.892851
vt 0.682717 0.973885
vt 0.624569 0.973875
vt 0.566350 0.973854
vt 0.013093 0.563645
vt 0.014255 0.563831
vt 0.022367 0.609791
vt 0.021160 0.609431
vt 0.015464 0.564132
vt 0.023617 0.610235
vt 0.029974 0.657081
vt 0.028703 0.656509
vt 0.031285 0.657709
vt 0.012023 0.563558
vt 0.027532 0.656077
vt 0.020049 0.609189
vt 0.378146 0.758603
vt 0.379067 0.759490
vt 0.334654 0.777374
vt 0.333590 0.776525
vt 0.379862 0.760400
vt 0.335619 0.778231
vt 0.289296 0.796214
vt 0.288043 0.795405
vt 0.290478 0.797018
vt 0.380519 0.761283
vt 0.336432 0.779069
vt 0.291485 0.797809
vt 0.566024 0.654935
vt 0.624031 0.654933
vt 0.624031 0.738892
vt 0.566022 0.738891
vt 0.681966 0.654930
vt 0.681967 0.738894
vt 0.624027 0.822914
vt 0.566020 0.822908
vt 0.681962 0.822919
vt 0.517668 0.654934
vt 0.730107 0.654927
vt 0.730109 0.738895
vt 0.730103 0.822924
vt 0.517664 0.822907
vt 0.517664 0.738890
vt 0.784448 0.355538
vt 0.777641 0.355537
vt 0.777644 0.271561
vt 0.784451 0.271561
vt 0.761171 0.355535
vt 0.761174 0.271562
vt 0.777637 0.187527
vt 0.784444 0.187526
vt 0.761167 0.187529
vt 0.786540 0.355538
vt 0.730109 0.355532
vt 0.730111 0.271563
vt 0.730104 0.187533
vt 0.786536 0.187526
vt 0.786543 0.271561
vt 0.892663 0.305211
vt 0.894274 0.305120
vt 0.894483 0.314003
vt 0.892767 0.314029
vt 0.895792 0.305085
vt 0.896031 0.313994
vt 0.894544 0.336198
vt 0.892785 0.336209
vt 0.896105 0.336189
vt 0.891140 0.303511
vt 0.892237 0.303273
vt 0.891078 0.305273
vt 0.893736 0.303081
vt 0.895245 0.303005
vt 0.896516 0.302997
vt 0.897039 0.305088
vt 0.897269 0.313996
vt 0.897341 0.336185
vt 0.890951 0.336220
vt 0.890993 0.314042
vt 0.979878 0.305292
vt 0.981418 0.305187
vt 0.981815 0.314052
vt 0.980151 0.314089
vt 0.982926 0.305132
vt 0.983375 0.314033
vt 0.981951 0.336242
vt 0.980240 0.336239
vt 0.983531 0.336247
vt 0.978279 0.303609
vt 0.979291 0.303362
vt 0.978339 0.305367
vt 0.980675 0.303157
vt 0.982131 0.303059
vt 0.983509 0.303017
vt 0.984315 0.305110
vt 0.984774 0.314026
vt 0.984933 0.336252
vt 0.978440 0.336233
vt 0.978415 0.314112
vt 0.007225 0.482379
vt 0.013861 0.480326
vt 0.015343 0.481071
vt 0.008554 0.483007
vt 0.031974 0.476061
vt 0.033353 0.476886
vt 0.016823 0.481806
vt 0.009932 0.483668
vt 0.034723 0.477686
vt 0.035857 0.478362
vt 0.018051 0.482431
vt 0.011124 0.484265
vt 0.837014 0.347878
vt 0.834210 0.347777
vt 0.835142 0.325138
vt 0.838376 0.325400
vt 0.831406 0.347712
vt 0.831888 0.324977
vt 0.835889 0.314788
vt 0.839476 0.315183
vt 0.832265 0.314554
vt 0.828602 0.347684
vt 0.828624 0.324919
vt 0.828624 0.314484
vt 0.825798 0.347703
vt 0.822994 0.347760
vt 0.822108 0.325134
vt 0.825361 0.324975
vt 0.820191 0.347852
vt 0.818876 0.325394
vt 0.821362 0.314791
vt 0.824984 0.314556
vt 0.817777 0.315187
vt 0.817390 0.347979
vt 0.815677 0.325750
vt 0.814249 0.315737
vt 0.814589 0.348138
vt 0.811786 0.348327
vt 0.809406 0.326725
vt 0.812519 0.326197
vt 0.808976 0.348543
vt 0.806341 0.327323
vt 0.807433 0.317256
vt 0.810797 0.316431
vt 0.804171 0.318196
vt 0.806157 0.348782
vt 0.803331 0.327978
vt 0.801027 0.319232
vt 0.790392 0.323499
vt 0.792505 0.330568
vt 0.791756 0.330605
vt 0.789693 0.323666
vt 0.795396 0.349812
vt 0.794624 0.349772
vt 0.791133 0.330383
vt 0.789095 0.323568
vt 0.793982 0.349488
vt 0.791461 0.323049
vt 0.789916 0.321754
vt 0.793661 0.330316
vt 0.796597 0.349704
vt 0.798004 0.386741
vt 0.797173 0.386680
vt 0.796428 0.386385
vt 0.795634 0.385847
vt 0.793238 0.348921
vt 0.790344 0.329864
vt 0.788338 0.323250
vt 0.788631 0.322096
vt 0.787858 0.322018
vt 0.789235 0.322029
vt 0.973622 0.305173
vt 0.975147 0.305210
vt 0.974929 0.314070
vt 0.973374 0.314060
vt 0.976758 0.305303
vt 0.976645 0.314097
vt 0.974850 0.336210
vt 0.973281 0.336201
vt 0.976609 0.336222
vt 0.972880 0.303091
vt 0.974170 0.303100
vt 0.972357 0.305175
vt 0.975686 0.303178
vt 0.977184 0.303371
vt 0.972025 0.336195
vt 0.972117 0.314061
vt 0.886478 0.305034
vt 0.887990 0.305090
vt 0.887584 0.313980
vt 0.886020 0.313959
vt 0.889534 0.305197
vt 0.889253 0.314017
vt 0.887433 0.336228
vt 0.885850 0.336233
vt 0.889148 0.336225
vt 0.885896 0.302913
vt 0.887277 0.302955
vt 0.885085 0.305010
vt 0.888738 0.303055
vt 0.890125 0.303263
vt 0.884445 0.336238
vt 0.884617 0.313951
vt 0.681969 0.355529
vt 0.624034 0.355527
vt 0.624032 0.271566
vt 0.681969 0.271564
vt 0.566028 0.355525
vt 0.566023 0.271569
vt 0.624026 0.187545
vt 0.681963 0.187539
vt 0.566019 0.187552
vt 0.517673 0.355528
vt 0.517665 0.271572
vt 0.517662 0.187555
vt 0.462605 0.654927
vt 0.469505 0.654928
vt 0.469498 0.738889
vt 0.462598 0.738889
vt 0.486274 0.654931
vt 0.486268 0.738890
vt 0.469500 0.822910
vt 0.462601 0.822911
vt 0.486269 0.822909
vt 0.460701 0.654926
vt 0.460697 0.822911
vt 0.460694 0.738889
vt 0.369044 0.469870
vt 0.388109 0.541597
vt 0.386927 0.541971
vt 0.367829 0.470686
vt 0.411461 0.606852
vt 0.410167 0.606771
vt 0.385753 0.542344
vt 0.366632 0.471510
vt 0.408887 0.606681
vt 0.370253 0.469143
vt 0.389299 0.541223
vt 0.412704 0.606870
vt 0.407711 0.606608
vt 0.384587 0.542716
vt 0.365613 0.472225
vt 0.968172 0.587258
vt 0.967755 0.514020
vt 0.969032 0.514016
vt 0.969341 0.587245
vt 0.968162 0.440737
vt 0.969332 0.440745
vt 0.970308 0.514011
vt 0.970508 0.587233
vt 0.970501 0.440748
vt 0.966882 0.587273
vt 0.966476 0.514020
vt 0.966872 0.440723
vt 0.969067 0.378143
vt 0.970044 0.378156
vt 0.970899 0.378162
vt 0.948414 0.587427
vt 0.948249 0.514021
vt 0.951002 0.514021
vt 0.951203 0.587412
vt 0.948404 0.440568
vt 0.951193 0.440583
vt 0.953791 0.514021
vt 0.954029 0.587393
vt 0.954019 0.440602
vt 0.945655 0.587439
vt 0.945525 0.514021
vt 0.945645 0.440556
vt 0.956887 0.440624
vt 0.956622 0.514021
vt 0.956897 0.587372
vt 0.937477 0.587456
vt 0.937452 0.514021
vt 0.940132 0.514021
vt 0.940191 0.587453
vt 0.937468 0.440538
vt 0.940182 0.440541
vt 0.942821 0.514021
vt 0.942916 0.587448
vt 0.942906 0.440547
vt 0.934768 0.587457
vt 0.934778 0.514021
vt 0.934759 0.440538
vt 0.926621 0.587440
vt 0.926735 0.514021
vt 0.929424 0.514021
vt 0.929345 0.587449
vt 0.926612 0.440553
vt 0.929336 0.440545
vt 0.932104 0.514021
vt 0.932059 0.587454
vt 0.932050 0.440540
vt 0.255580 0.403648
vt 0.256248 0.404722
vt 0.189481 0.435154
vt 0.189060 0.433983
vt 0.256849 0.405859
vt 0.189902 0.436327
vt 0.122488 0.453108
vt 0.122155 0.451961
vt 0.122906 0.454238
vt 0.254921 0.402647
vt 0.121876 0.450857
vt 0.188637 0.432815
vt 0.761169 0.654924
vt 0.777639 0.654922
vt 0.777642 0.738896
vt 0.761172 0.738895
vt 0.784446 0.654922
vt 0.784449 0.738896
vt 0.777636 0.822930
vt 0.761166 0.822928
vt 0.784443 0.822931
vt 0.786537 0.654921
vt 0.786541 0.738896
vt 0.786535 0.822931
vt 0.371508 0.468602
vt 0.372823 0.468223
vt 0.391700 0.540480
vt 0.390498 0.540851
vt 0.374150 0.467947
vt 0.392905 0.540112
vt 0.415088 0.606445
vt 0.413903 0.606730
vt 0.416239 0.606078
vt 0.375427 0.467724
vt 0.394108 0.539745
vt 0.417324 0.605691
vt 0.486279 0.355533
vt 0.469510 0.355536
vt 0.469499 0.271576
vt 0.486269 0.271574
vt 0.462611 0.355538
vt 0.462600 0.271576
vt 0.469498 0.187554
vt 0.486267 0.187555
vt 0.462599 0.187553
vt 0.460707 0.355538
vt 0.460696 0.271576
vt 0.460694 0.187553
vt 0.420030 0.126186
vt 0.419769 0.126901
vt 0.419261 0.127171
vt 0.419532 0.126443
vt 0.419539 0.127676
vt 0.419022 0.127967
vt 0.418826 0.127413
vt 0.419117 0.126672
vt 0.418565 0.128226
vt 0.420965 0.125175
vt 0.420780 0.125809
vt 0.420217 0.125542
vt 0.420526 0.126510
vt 0.420300 0.127262
vt 0.419488 0.128525
vt 0.418986 0.128834
vt 0.418535 0.129098
vt 0.419325 0.126016
vt 0.419726 0.125792
vt 0.959783 0.587346
vt 0.959470 0.514021
vt 0.962186 0.514020
vt 0.962535 0.587319
vt 0.959773 0.440649
vt 0.962525 0.440676
vt 0.964585 0.514020
vt 0.964966 0.587294
vt 0.964956 0.440702
vt 0.960430 0.649843
vt 0.965766 0.649761
vt 0.963263 0.649801
vt 0.798043 0.320327
vt 0.800408 0.328664
vt 0.797718 0.329323
vt 0.795364 0.321388
vt 0.803355 0.349037
vt 0.800713 0.349289
vt 0.795421 0.329890
vt 0.793130 0.322323
vt 0.798404 0.349519
vt 0.805116 0.784116
vt 0.805184 0.836823
vt 0.803140 0.834903
vt 0.803033 0.782247
vt 0.804600 0.889969
vt 0.802520 0.887956
vt 0.801396 0.833151
vt 0.801247 0.780539
vt 0.800752 0.886122
vt 0.804118 0.738999
vt 0.799987 0.735473
vt 0.801898 0.737154
vt 0.803850 0.012112
vt 0.803889 0.018404
vt 0.801720 0.020482
vt 0.801659 0.014201
vt 0.803896 0.034163
vt 0.801725 0.036207
vt 0.799882 0.022366
vt 0.799794 0.016136
vt 0.799868 0.038076
vt 0.803628 0.010496
vt 0.799519 0.014507
vt 0.801414 0.012583
vt 0.960972 0.721718
vt 0.960798 0.713157
vt 0.963677 0.713169
vt 0.963870 0.721735
vt 0.960737 0.691382
vt 0.963607 0.691386
vt 0.966222 0.713178
vt 0.966430 0.721744
vt 0.966145 0.691388
vt 0.961388 0.723569
vt 0.966884 0.723585
vt 0.964308 0.723580
vt 0.797518 0.562870
vt 0.797776 0.501107
vt 0.798848 0.501103
vt 0.798504 0.562637
vt 0.797479 0.439294
vt 0.798466 0.439523
vt 0.799921 0.501102
vt 0.799488 0.562582
vt 0.799452 0.439577
vt 0.795646 0.616176
vt 0.796531 0.563264
vt 0.796441 0.615633
vt 0.796699 0.501112
vt 0.796489 0.438908
vt 0.798014 0.615276
vt 0.797183 0.615337
vt 0.797238 0.224160
vt 0.797357 0.171513
vt 0.798265 0.170732
vt 0.798078 0.223370
vt 0.796885 0.118227
vt 0.797723 0.117592
vt 0.799168 0.169719
vt 0.798923 0.222435
vt 0.798547 0.116675
vt 0.795203 0.269544
vt 0.796352 0.224704
vt 0.796112 0.268942
vt 0.796442 0.171974
vt 0.795990 0.118564
vt 0.797462 0.267588
vt 0.796766 0.268316
vt 0.798132 0.684512
vt 0.799779 0.691185
vt 0.797170 0.689629
vt 0.795450 0.683264
vt 0.802157 0.707921
vt 0.799696 0.706076
vt 0.794964 0.688247
vt 0.793205 0.682173
vt 0.797576 0.704403
vt 0.789009 0.677655
vt 0.791022 0.671121
vt 0.791646 0.670902
vt 0.789607 0.677564
vt 0.793922 0.652323
vt 0.794563 0.652040
vt 0.792394 0.670944
vt 0.790308 0.677740
vt 0.795336 0.652002
vt 0.788257 0.677957
vt 0.790230 0.671637
vt 0.793175 0.652892
vt 0.796354 0.980437
vt 0.796342 0.974348
vt 0.796853 0.974629
vt 0.796826 0.980698
vt 0.796276 0.958621
vt 0.796801 0.958924
vt 0.797422 0.975206
vt 0.797360 0.981264
vt 0.797369 0.959510
vt 0.795509 0.981701
vt 0.795603 0.980408
vt 0.795919 0.981855
vt 0.795491 0.974248
vt 0.795382 0.958464
vt 0.796951 0.982838
vt 0.796369 0.982185
vt 0.789076 0.320841
vt 0.790844 0.315400
vt 0.791447 0.314988
vt 0.789670 0.320591
vt 0.793530 0.299824
vt 0.794121 0.299314
vt 0.792111 0.314498
vt 0.790340 0.320219
vt 0.794772 0.298713
vt 0.788248 0.321003
vt 0.789894 0.315854
vt 0.792560 0.300424
vt 0.157934 0.855746
vt 0.159730 0.853217
vt 0.167022 0.852210
vt 0.165286 0.854704
vt 0.161508 0.850604
vt 0.168728 0.849644
vt 0.173253 0.851062
vt 0.171597 0.853510
vt 0.174876 0.848556
vt 0.156495 0.858349
vt 0.170314 0.856068
vt 0.163918 0.857293
vt 0.187303 0.840371
vt 0.185893 0.840608
vt 0.185658 0.837194
vt 0.186787 0.837068
vt 0.184036 0.840969
vt 0.183945 0.837458
vt 0.185500 0.834007
vt 0.186496 0.834120
vt 0.183849 0.834107
vt 0.184065 0.831333
vt 0.185694 0.831413
vt 0.186652 0.831836
vt 0.971459 0.305180
vt 0.971227 0.314063
vt 0.970481 0.314065
vt 0.970709 0.305182
vt 0.971138 0.336192
vt 0.970394 0.336189
vt 0.969583 0.314066
vt 0.969808 0.305181
vt 0.969498 0.336187
vt 0.971960 0.303093
vt 0.970285 0.303086
vt 0.971196 0.303092
vt 0.453436 0.135590
vt 0.453752 0.134774
vt 0.454689 0.136598
vt 0.454350 0.137419
vt 0.454022 0.133977
vt 0.454974 0.135794
vt 0.455444 0.138285
vt 0.455073 0.139114
vt 0.455752 0.137467
vt 0.452970 0.136364
vt 0.454304 0.133279
vt 0.455272 0.135090
vt 0.456067 0.136754
vt 0.454524 0.139872
vt 0.453846 0.138184
vt 0.452245 0.137070
vt 0.453071 0.138853
vt 0.452126 0.139433
vt 0.451351 0.137711
vt 0.453693 0.140500
vt 0.452696 0.141007
vt 0.451203 0.139939
vt 0.450472 0.138284
vt 0.451734 0.141430
vt 0.450985 0.141816
vt 0.450478 0.140392
vt 0.449776 0.138787
vt 0.424921 0.123872
vt 0.424681 0.124549
vt 0.423067 0.125262
vt 0.423311 0.124584
vt 0.424455 0.125263
vt 0.422841 0.125981
vt 0.421648 0.125943
vt 0.421898 0.125256
vt 0.421423 0.126674
vt 0.425096 0.123254
vt 0.422078 0.124632
vt 0.423488 0.123966
vt 0.850372 0.439472
vt 0.852771 0.439510
vt 0.852403 0.501087
vt 0.850039 0.501088
vt 0.854882 0.439546
vt 0.854485 0.501086
vt 0.852822 0.562635
vt 0.850422 0.562675
vt 0.854936 0.562598
vt 0.851566 0.386430
vt 0.854075 0.386574
vt 0.856284 0.386710
vt 0.856358 0.615348
vt 0.854146 0.615488
vt 0.851633 0.615636
vt 0.908613 0.691381
vt 0.908556 0.713192
vt 0.905635 0.713207
vt 0.905702 0.691384
vt 0.908391 0.721769
vt 0.905450 0.721790
vt 0.903055 0.713218
vt 0.903130 0.691385
vt 0.902853 0.721802
vt 0.907977 0.723625
vt 0.905012 0.723641
vt 0.902399 0.723648
vt 0.853284 0.034199
vt 0.853274 0.018421
vt 0.855475 0.020527
vt 0.855485 0.036271
vt 0.853304 0.012125
vt 0.855527 0.014240
vt 0.857337 0.022432
vt 0.857367 0.038164
vt 0.857417 0.016198
vt 0.853147 0.064627
vt 0.853523 0.010507
vt 0.855770 0.012620
vt 0.857691 0.014567
vt 0.857227 0.068739
vt 0.855348 0.066773
vt 0.860099 0.882083
vt 0.859262 0.882684
vt 0.858758 0.829717
vt 0.859664 0.828970
vt 0.858440 0.883597
vt 0.857857 0.830726
vt 0.858993 0.777264
vt 0.859831 0.776503
vt 0.858149 0.778198
vt 0.861448 0.927653
vt 0.860561 0.927855
vt 0.860990 0.881772
vt 0.859952 0.928230
vt 0.859322 0.928910
vt 0.860712 0.775986
vt 0.860577 0.828535
vt 0.898886 0.440777
vt 0.900055 0.440773
vt 0.900390 0.514017
vt 0.899115 0.514012
vt 0.901225 0.440765
vt 0.901666 0.514021
vt 0.900065 0.587213
vt 0.898898 0.587200
vt 0.901233 0.587227
vt 0.898446 0.378211
vt 0.899290 0.378205
vt 0.900246 0.378192
vt 0.855093 0.707960
vt 0.857543 0.691220
vt 0.860195 0.689652
vt 0.857592 0.706100
vt 0.859221 0.684544
vt 0.861947 0.683287
vt 0.862435 0.688262
vt 0.859744 0.704416
vt 0.864227 0.682191
vt 0.859721 0.682828
vt 0.862452 0.681660
vt 0.864728 0.680637
vt 0.860531 0.958624
vt 0.860421 0.974380
vt 0.859922 0.974633
vt 0.860011 0.958902
vt 0.860391 0.980470
vt 0.859931 0.980705
vt 0.859371 0.975186
vt 0.859462 0.959465
vt 0.859414 0.981248
vt 0.861423 0.958495
vt 0.861270 0.974307
vt 0.861138 0.980466
vt 0.861229 0.981756
vt 0.860823 0.981890
vt 0.860387 0.982192
vt 0.859823 0.982822
vt 0.854025 0.652745
vt 0.856708 0.652470
vt 0.859816 0.672217
vt 0.857080 0.672903
vt 0.859051 0.652220
vt 0.862149 0.671627
vt 0.862115 0.679891
vt 0.859389 0.680969
vt 0.864388 0.678945
vt 0.852504 0.110416
vt 0.854616 0.112462
vt 0.854025 0.165669
vt 0.851948 0.163719
vt 0.856411 0.114323
vt 0.855796 0.167446
vt 0.854182 0.218473
vt 0.852065 0.216576
vt 0.855995 0.220204
vt 0.863799 0.299804
vt 0.866537 0.315385
vt 0.865949 0.314996
vt 0.863216 0.299315
vt 0.868326 0.320834
vt 0.867749 0.320602
vt 0.865306 0.314523
vt 0.862587 0.298736
vt 0.867100 0.320244
vt 0.864765 0.300377
vt 0.867482 0.315816
vt 0.869148 0.320978
vt 0.048370 0.789540
vt 0.047143 0.792342
vt 0.044206 0.785759
vt 0.045440 0.783060
vt 0.045989 0.795122
vt 0.043043 0.788452
vt 0.041975 0.780008
vt 0.043210 0.777425
vt 0.040802 0.782596
vt 0.050082 0.786895
vt 0.044585 0.797653
vt 0.041610 0.790898
vt 0.039347 0.784940
vt 0.044913 0.775047
vt 0.047157 0.780550
vt 0.853929 0.349134
vt 0.856954 0.328704
vt 0.859687 0.329375
vt 0.856607 0.349403
vt 0.859322 0.320344
vt 0.862044 0.321417
vt 0.862020 0.329952
vt 0.858947 0.349648
vt 0.864311 0.322360
vt 0.418965 0.129990
vt 0.419306 0.129754
vt 0.419840 0.130623
vt 0.419589 0.130810
vt 0.419747 0.129442
vt 0.420217 0.130331
vt 0.420377 0.131349
vt 0.420149 0.131485
vt 0.420710 0.131091
vt 0.421048 0.131651
vt 0.420804 0.131845
vt 0.420564 0.132027
vt 0.052641 0.784472
vt 0.049703 0.778306
vt 0.052779 0.776233
vt 0.055750 0.782198
vt 0.047415 0.772961
vt 0.050415 0.771062
vt 0.055807 0.774287
vt 0.058808 0.780077
vt 0.053354 0.769270
vt 0.055683 0.767560
vt 0.058210 0.772480
vt 0.061226 0.778156
vt 0.898197 0.336182
vt 0.898128 0.313999
vt 0.898838 0.314001
vt 0.898916 0.336180
vt 0.897906 0.305095
vt 0.898621 0.305098
vt 0.899708 0.314003
vt 0.899784 0.336177
vt 0.899494 0.305097
vt 0.897405 0.303001
vt 0.898134 0.303001
vt 0.899017 0.302996
vn -0.1471 -0.4870 0.8609
vn -0.0239 -0.1151 0.9931
vn -0.1787 -0.3359 0.9248
vn -0.2619 -0.6069 0.7504
vn 0.1122 0.2403 0.9642
vn -0.0969 -0.1047 0.9898
vn -0.3747 -0.5884 0.7165
vn -0.3923 -0.7247 0.5664
vn -0.3490 -0.4672 0.8123
vn -0.0779 -0.5528 0.8297
vn -0.0744 -0.4034 0.9120
vn -0.1766 -0.6385 0.7490
vn 0.0197 -0.0100 0.9998
vn 0.1304 0.3924 0.9105
vn 0.2583 0.7623 0.5935
vn 0.2138 0.4569 0.8634
vn -0.0294 0.0399 0.9988
vn -0.1685 -0.1695 0.9710
vn -0.4507 -0.5840 0.6751
vn -0.4443 -0.5652 0.6951
vn -0.5338 -0.7386 0.4117
vn -0.5224 -0.7768 0.3518
vn -0.5024 -0.8197 0.2749
vn -0.4074 -0.8639 0.2960
vn -0.4707 -0.8606 0.1942
vn -0.3331 -0.8520 0.4038
vn -0.5128 -0.8585 -0.0009
vn -0.5360 -0.8442 -0.0010
vn -0.5408 -0.8411 -0.0078
vn -0.5160 -0.8566 -0.0062
vn -0.5521 -0.8338 -0.0013
vn -0.5574 -0.8302 -0.0096
vn -0.5509 -0.8312 -0.0747
vn -0.5257 -0.8489 -0.0551
vn -0.5675 -0.8183 -0.0907
vn -0.4804 -0.8771 -0.0001
vn -0.5121 -0.8589 -0.0001
vn -0.4803 -0.8771 -0.0008
vn -0.5348 -0.8450 -0.0001
vn -0.5507 -0.8347 -0.0001
vn -0.5645 -0.8255 -0.0001
vn -0.5658 -0.8245 -0.0015
vn -0.5708 -0.8210 -0.0110
vn -0.5799 -0.8082 -0.1026
vn -0.5795 -0.7944 -0.1818
vn -0.5685 -0.8072 -0.1587
vn -0.5522 -0.8236 -0.1294
vn -0.4903 -0.7963 -0.3542
vn -0.4789 -0.8767 -0.0446
vn -0.4634 -0.8471 -0.2602
vn -0.4802 -0.8771 -0.0056
vn 0.0044 -1.0000 0.0031
vn 0.0312 -0.9995 0.0030
vn 0.0301 -0.9993 0.0216
vn 0.0043 -0.9997 0.0224
vn 0.2226 -0.9749 0.0029
vn 0.2169 -0.9760 0.0203
vn 0.0283 -0.9844 0.1737
vn 0.0041 -0.9839 0.1786
vn 0.1926 -0.9693 0.1531
vn 0.0003 -1.0000 0.0002
vn 0.0045 -1.0000 0.0002
vn 0.0003 -1.0000 0.0031
vn 0.0315 -0.9995 0.0002
vn 0.2237 -0.9747 0.0002
vn 0.3862 -0.9224 0.0002
vn 0.3844 -0.9232 0.0028
vn 0.3756 -0.9266 0.0191
vn 0.3364 -0.9327 0.1303
vn 0.2972 -0.9251 0.2361
vn 0.1653 -0.9480 0.2719
vn 0.0265 -0.9516 0.3063
vn 0.0039 -0.9492 0.3146
vn 0.0003 -0.9837 0.1796
vn 0.0003 -0.9486 0.3163
vn 0.0003 -0.9997 0.0226
vn -0.1132 -0.3730 -0.9209
vn -0.2170 -0.4997 -0.8386
vn -0.1258 -0.2355 -0.9637
vn 0.0021 -0.0392 -0.9992
vn -0.3478 -0.6418 -0.6835
vn -0.3127 -0.4916 -0.8128
vn -0.0449 -0.0300 -0.9985
vn 0.1287 0.2725 -0.9535
vn -0.2748 -0.3674 -0.8885
vn -0.0583 -0.4219 -0.9048
vn -0.1390 -0.5080 -0.8501
vn -0.0547 -0.2932 -0.9545
vn -0.2293 -0.6067 -0.7612
vn -0.3933 -0.8382 -0.3779
vn -0.4037 -0.5942 -0.6957
vn -0.3820 -0.5092 -0.7712
vn -0.3631 -0.4604 -0.8101
vn -0.2432 -0.2926 -0.9248
vn 0.0199 0.0993 -0.9949
vn 0.2260 0.4708 -0.8528
vn 0.1330 0.4080 -0.9033
vn 0.2589 0.7636 -0.5915
vn 0.0298 0.0484 -0.9984
vn 0.0013 -0.4334 0.9012
vn 0.0003 -0.0621 0.9981
vn 0.0022 -0.0518 0.9987
vn 0.0088 -0.4247 0.9053
vn -0.0004 0.3007 0.9537
vn -0.0030 0.3085 0.9512
vn 0.0105 -0.0297 0.9995
vn 0.0521 -0.4164 0.9077
vn -0.0223 0.3395 0.9403
vn 0.0001 -0.7690 0.6392
vn 0.0001 -0.4363 0.8998
vn 0.0019 -0.7694 0.6388
vn 0.0000 -0.0649 0.9979
vn -0.0000 0.2990 0.9543
vn -0.0000 0.4737 0.8807
vn -0.0004 0.4747 0.8802
vn -0.0031 0.4794 0.8776
vn -0.0203 0.4989 0.8664
vn -0.0779 0.5527 0.8297
vn -0.0745 0.4033 0.9120
vn 0.0197 0.0099 0.9998
vn 0.1311 -0.3916 0.9108
vn 0.0880 -0.7870 0.6106
vn 0.2630 -0.7595 0.5950
vn 0.0133 -0.7724 0.6350
vn 0.9383 -0.3459 0.0025
vn 0.9997 -0.0259 0.0026
vn 0.9992 -0.0348 0.0184
vn 0.9345 -0.3555 0.0177
vn 0.9573 0.2890 0.0026
vn 0.9587 0.2840 0.0179
vn 0.9863 -0.0711 0.1489
vn 0.9027 -0.4076 0.1376
vn 0.9579 0.2548 0.1321
vn 0.7303 -0.6832 0.0001
vn 0.9389 -0.3441 0.0002
vn 0.7294 -0.6841 0.0018
vn 0.9997 -0.0240 0.0002
vn 0.9571 0.2899 0.0002
vn 0.8945 0.4470 0.0002
vn 0.8946 0.4468 0.0025
vn 0.8958 0.4441 0.0173
vn 0.9021 0.4165 0.1124
vn 0.9001 0.3847 0.2047
vn 0.9489 0.2149 0.2310
vn 0.9641 -0.0863 0.2511
vn 0.8828 -0.4060 0.2364
vn 0.6776 -0.7293 0.0946
vn 0.4567 -0.7968 0.3957
vn 0.7232 -0.6906 0.0130
vn -0.4401 0.8979 -0.0009
vn -0.3942 0.9190 -0.0012
vn -0.3878 0.9217 -0.0092
vn -0.4361 0.8999 -0.0067
vn -0.3386 0.9409 -0.0016
vn -0.3316 0.9433 -0.0124
vn -0.3695 0.9249 -0.0903
vn -0.4217 0.9046 -0.0616
vn -0.3113 0.9429 -0.1185
vn -0.4804 0.8770 -0.0001
vn -0.4410 0.8975 -0.0001
vn -0.4804 0.8771 -0.0008
vn -0.3958 0.9183 -0.0001
vn -0.3404 0.9403 -0.0001
vn -0.2247 0.9744 -0.0002
vn -0.2233 0.9747 -0.0022
vn -0.2177 0.9759 -0.0168
vn -0.1976 0.9680 -0.1546
vn -0.2106 0.9419 -0.2616
vn -0.3077 0.9299 -0.2017
vn -0.3658 0.9182 -0.1521
vn -0.3933 0.8381 -0.3780
vn -0.4790 0.8767 -0.0446
vn -0.4634 0.8470 -0.2603
vn -0.4803 0.8771 -0.0056
vn -0.2146 -0.1516 -0.9649
vn -0.2163 -0.1283 -0.9679
vn 0.1145 0.0636 -0.9914
vn 0.1142 0.0754 -0.9906
vn -0.2178 -0.1056 -0.9703
vn 0.1147 0.0521 -0.9920
vn 0.4512 0.2602 -0.8536
vn 0.4437 0.3048 -0.8427
vn 0.4574 0.2157 -0.8627
vn -0.3620 -0.2831 -0.8882
vn -0.3658 -0.2455 -0.8977
vn -0.2125 -0.1745 -0.9615
vn -0.3691 -0.2081 -0.9058
vn -0.3717 -0.1714 -0.9124
vn -0.3738 -0.1354 -0.9176
vn -0.2189 -0.0834 -0.9722
vn 0.1148 0.0410 -0.9925
vn 0.4624 0.1713 -0.8700
vn 0.7553 0.2822 -0.5916
vn 0.7367 0.3504 -0.5783
vn 0.7147 0.4157 -0.5625
vn 0.6897 0.4776 -0.5443
vn 0.4354 0.3482 -0.8301
vn 0.6628 0.5343 -0.5246
vn 0.1140 0.0878 -0.9896
vn -0.8230 -0.5681 -0.0000
vn -0.8651 -0.5016 -0.0000
vn -0.9036 -0.4284 -0.0000
vn -0.7795 -0.6263 -0.0002
vn -0.7795 -0.6263 -0.0000
vn -0.8230 -0.5681 -0.0002
vn -0.7795 -0.6263 0.0002
vn -0.8230 -0.5681 0.0002
vn -0.8651 -0.5016 0.0002
vn -0.9036 -0.4284 0.0002
vn -0.9371 -0.3490 0.0002
vn -0.9371 -0.3490 0.0000
vn -0.9036 -0.4284 -0.0002
vn -0.9371 -0.3490 -0.0002
vn -0.8651 -0.5016 -0.0002
vn 0.9379 -0.0851 0.3363
vn 0.9742 -0.0882 0.2078
vn 0.9629 -0.1750 0.2054
vn 0.9278 -0.1690 0.3327
vn 0.9714 -0.0878 0.2204
vn 0.9603 -0.1742 0.2179
vn 0.9444 -0.2600 0.2014
vn 0.9111 -0.2513 0.3268
vn 0.9420 -0.2588 0.2138
vn 0.7877 -0.0000 0.6161
vn 0.9413 -0.0000 0.3375
vn 0.7856 -0.0712 0.6146
vn 0.9780 0.0000 0.2086
vn 0.9752 0.0000 0.2213
vn 0.9652 0.0000 0.2615
vn 0.9615 -0.0876 0.2605
vn 0.9505 -0.1739 0.2575
vn 0.9324 -0.2585 0.2526
vn 0.9075 -0.3406 0.2458
vn 0.9167 -0.3410 0.2081
vn 0.9189 -0.3425 0.1959
vn 0.8880 -0.3316 0.3186
vn 0.7690 -0.2121 0.6030
vn 0.7545 -0.2818 0.5927
vn 0.7794 -0.1419 0.6103
vn 0.0024 -0.4501 -0.8930
vn 0.0027 -0.1133 -0.9936
vn 0.0188 -0.1214 -0.9924
vn 0.0172 -0.4568 -0.8894
vn 0.0028 0.1996 -0.9799
vn 0.0192 0.1948 -0.9807
vn 0.1404 -0.1459 -0.9793
vn 0.1247 -0.4850 -0.8656
vn 0.1302 0.1724 -0.9764
vn 0.0001 -0.7699 -0.6382
vn 0.0002 -0.4486 -0.8937
vn 0.0017 -0.7704 -0.6376
vn 0.0002 -0.1114 -0.9938
vn 0.0002 0.2006 -0.9797
vn 0.0002 0.3515 -0.9362
vn 0.0030 0.3512 -0.9363
vn 0.0193 0.3483 -0.9372
vn 0.1130 0.3263 -0.9385
vn 0.2066 0.3005 -0.9311
vn 0.2266 0.1355 -0.9645
vn 0.2381 -0.1616 -0.9577
vn 0.2151 -0.4873 -0.8463
vn 0.0824 -0.7888 -0.6091
vn 0.4234 -0.7990 -0.4271
vn 0.0117 -0.7733 -0.6339
vn 0.8591 0.4085 0.3083
vn 0.8257 0.4800 0.2964
vn 0.8506 0.4935 0.1813
vn 0.8872 0.4209 0.1891
vn 0.7886 0.5458 0.2831
vn 0.8105 0.5598 0.1727
vn 0.8492 0.4917 0.1928
vn 0.8853 0.4193 0.2009
vn 0.8093 0.5579 0.1837
vn 0.7545 0.2819 0.5927
vn 0.7360 0.3500 0.5795
vn 0.8880 0.3317 0.3186
vn 0.7140 0.4153 0.5637
vn 0.6890 0.4772 0.5455
vn 0.6623 0.5338 0.5258
vn 0.7500 0.6041 0.2693
vn 0.7689 0.6181 0.1638
vn 0.7680 0.6162 0.1744
vn 0.7607 0.6155 0.2059
vn 0.8014 0.5574 0.2170
vn 0.8408 0.4912 0.2277
vn 0.8765 0.4188 0.2374
vn 0.9167 0.3411 0.2080
vn 0.9075 0.3407 0.2458
vn 0.9188 0.3425 0.1959
vn 0.1127 -0.2395 0.9643
vn -0.0239 0.1149 0.9931
vn -0.1787 0.3355 0.9250
vn -0.0968 0.1049 0.9898
vn -0.1471 0.4868 0.8611
vn -0.2619 0.6066 0.7506
vn -0.3749 0.5878 0.7169
vn -0.3492 0.4665 0.8127
vn -0.3924 0.7244 0.5668
vn 0.2155 -0.4531 0.8650
vn -0.1766 0.6385 0.7491
vn -0.3331 0.8520 0.4038
vn -0.4075 0.8639 0.2961
vn -0.4708 0.8606 0.1943
vn -0.5027 0.8195 0.2752
vn -0.5229 0.7762 0.3523
vn -0.5347 0.7375 0.4124
vn -0.4512 0.5823 0.6763
vn -0.4450 0.5630 0.6964
vn -0.0293 -0.0378 0.9989
vn -0.1685 0.1699 0.9710
vn -0.0004 -0.3007 0.9537
vn 0.0003 0.0621 0.9981
vn 0.0022 0.0519 0.9987
vn -0.0030 -0.3085 0.9512
vn 0.0013 0.4335 0.9012
vn 0.0087 0.4249 0.9052
vn 0.0105 0.0298 0.9995
vn -0.0223 -0.3396 0.9403
vn 0.0517 0.4169 0.9075
vn -0.0000 -0.4737 0.8807
vn -0.0000 -0.2990 0.9543
vn -0.0004 -0.4747 0.8802
vn 0.0000 0.0649 0.9979
vn 0.0001 0.4363 0.8998
vn 0.0001 0.7691 0.6391
vn 0.0019 0.7696 0.6386
vn 0.0130 0.7728 0.6345
vn 0.0859 0.7880 0.6096
vn -0.0203 -0.4989 0.8664
vn -0.0031 -0.4794 0.8776
vn -0.0018 1.0000 0.0031
vn -0.0125 0.9999 0.0031
vn -0.0122 0.9997 0.0221
vn -0.0017 0.9997 0.0225
vn -0.0799 0.9968 0.0028
vn -0.0776 0.9968 0.0203
vn -0.0108 0.9843 0.1764
vn -0.0015 0.9838 0.1792
vn -0.0690 0.9840 0.1641
vn -0.0001 1.0000 0.0002
vn -0.0018 1.0000 0.0002
vn -0.0001 1.0000 0.0031
vn -0.0126 0.9999 0.0002
vn -0.0804 0.9968 0.0002
vn -0.2247 0.9744 0.0002
vn -0.2233 0.9747 0.0022
vn -0.2178 0.9759 0.0162
vn -0.1990 0.9705 0.1361
vn -0.2103 0.9502 0.2298
vn -0.0775 0.9555 0.2845
vn -0.0119 0.9507 0.3098
vn -0.0017 0.9490 0.3152
vn -0.0001 0.9837 0.1797
vn -0.0001 0.9486 0.3164
vn -0.0001 0.9997 0.0226
vn 0.9573 -0.2890 0.0026
vn 0.9997 0.0259 0.0026
vn 0.9992 0.0348 0.0184
vn 0.9587 -0.2840 0.0179
vn 0.9383 0.3459 0.0025
vn 0.9345 0.3555 0.0177
vn 0.9863 0.0711 0.1488
vn 0.9579 -0.2548 0.1321
vn 0.9027 0.4076 0.1376
vn 0.8945 -0.4470 0.0002
vn 0.9571 -0.2899 0.0002
vn 0.8946 -0.4468 0.0025
vn 0.9997 0.0240 0.0002
vn 0.9389 0.3441 0.0002
vn 0.7302 0.6832 0.0001
vn 0.7294 0.6841 0.0018
vn 0.7231 0.6906 0.0130
vn 0.6776 0.7294 0.0946
vn 0.4566 0.7968 0.3957
vn 0.8828 0.4060 0.2364
vn 0.9641 0.0863 0.2511
vn 0.9489 -0.2149 0.2310
vn 0.9022 -0.4165 0.1124
vn 0.9001 -0.3847 0.2047
vn 0.8958 -0.4440 0.0173
vn 0.4321 0.2965 0.8517
vn 0.4392 0.2531 0.8620
vn 0.0646 0.0341 0.9973
vn 0.0645 0.0405 0.9971
vn 0.4452 0.2097 0.8705
vn 0.0646 0.0279 0.9975
vn -0.3148 -0.1855 0.9308
vn -0.3110 -0.2182 0.9250
vn -0.3181 -0.1533 0.9356
vn 0.4242 0.3389 0.8398
vn 0.4499 0.1665 0.8774
vn 0.0646 0.0220 0.9977
vn -0.3207 -0.1214 0.9394
vn -0.4956 -0.1799 0.8497
vn -0.4907 -0.2267 0.8413
vn -0.4847 -0.2738 0.8307
vn -0.4773 -0.3209 0.8180
vn -0.3064 -0.2499 0.9185
vn -0.4688 -0.3673 0.8033
vn 0.0646 0.0474 0.9968
vn -0.6941 -0.7199 0.0020
vn -0.6940 -0.7198 0.0145
vn -0.7128 -0.7012 0.0149
vn -0.7128 -0.7013 0.0021
vn -0.6897 -0.7145 0.1175
vn -0.7083 -0.6955 0.1206
vn -0.7412 -0.6711 0.0155
vn -0.7412 -0.6712 0.0021
vn -0.7363 -0.6650 0.1252
vn -0.6845 -0.7290 0.0001
vn -0.6845 -0.7290 0.0020
vn -0.6940 -0.7199 0.0001
vn -0.6845 -0.7289 0.0143
vn -0.6802 -0.7239 0.1158
vn -0.6697 -0.7135 0.2057
vn -0.6779 -0.7050 0.2083
vn -0.6949 -0.6867 0.2135
vn -0.7208 -0.6568 0.2215
vn -0.7557 -0.6123 0.2323
vn -0.7739 -0.6196 0.1315
vn -0.7796 -0.6261 0.0163
vn -0.7796 -0.6263 0.0022
vn -0.7412 -0.6713 0.0002
vn -0.7128 -0.7013 0.0001
vn 0.6406 -0.7327 -0.2299
vn 0.5621 -0.8002 -0.2093
vn 0.5661 -0.8149 -0.1243
vn 0.6535 -0.7441 -0.1389
vn 0.4242 -0.8827 -0.2024
vn 0.3853 -0.9165 -0.1080
vn 0.5601 -0.8182 -0.1299
vn 0.6526 -0.7430 -0.1488
vn 0.3629 -0.9274 -0.0908
vn 0.5999 -0.6417 -0.4778
vn 0.5806 -0.6678 -0.4658
vn 0.6635 -0.7092 -0.2382
vn 0.5189 -0.7335 -0.4390
vn 0.4206 -0.7888 -0.4481
vn 0.2636 -0.7608 -0.5931
vn 0.2324 -0.9439 -0.2345
vn 0.1699 -0.9793 -0.1101
vn 0.1385 -0.9882 -0.0652
vn 0.1170 -0.9901 -0.0770
vn 0.2742 -0.9388 -0.2086
vn 0.4634 -0.7946 -0.3923
vn 0.6466 -0.7425 -0.1749
vn 0.6755 -0.7212 -0.1534
vn 0.6717 -0.7182 -0.1816
vn 0.6764 -0.7223 -0.1439
vn 0.9111 0.2513 -0.3268
vn 0.9278 0.1690 -0.3327
vn 0.9629 0.1750 -0.2054
vn 0.9444 0.2600 -0.2014
vn 0.9379 0.0850 -0.3363
vn 0.9742 0.0882 -0.2078
vn 0.9603 0.1742 -0.2179
vn 0.9420 0.2588 -0.2138
vn 0.9714 0.0878 -0.2204
vn 0.7698 0.2124 -0.6019
vn 0.8880 0.3317 -0.3186
vn 0.7802 0.1421 -0.6091
vn 0.7865 0.0713 -0.6135
vn 0.7885 0.0000 -0.6150
vn 0.9413 0.0000 -0.3375
vn 0.9780 -0.0000 -0.2086
vn 0.9752 0.0000 -0.2213
vn 0.9652 0.0000 -0.2615
vn 0.9615 0.0876 -0.2605
vn 0.9505 0.1739 -0.2575
vn 0.9324 0.2585 -0.2526
vn 0.9167 0.3411 -0.2080
vn 0.9075 0.3406 -0.2458
vn 0.9188 0.3425 -0.1959
vn 0.8592 -0.4082 -0.3083
vn 0.8260 -0.4794 -0.2965
vn 0.8510 -0.4929 -0.1814
vn 0.8873 -0.4207 -0.1892
vn 0.7892 -0.5449 -0.2833
vn 0.8111 -0.5589 -0.1728
vn 0.8495 -0.4911 -0.1928
vn 0.8855 -0.4190 -0.2010
vn 0.8099 -0.5570 -0.1839
vn 0.7553 -0.2821 -0.5916
vn 0.7368 -0.3502 -0.5784
vn 0.8880 -0.3316 -0.3186
vn 0.7149 -0.4151 -0.5626
vn 0.6900 -0.4767 -0.5446
vn 0.6633 -0.5333 -0.5249
vn 0.7507 -0.6032 -0.2695
vn 0.7696 -0.6171 -0.1639
vn 0.7688 -0.6153 -0.1745
vn 0.7615 -0.6146 -0.2061
vn 0.8020 -0.5564 -0.2171
vn 0.8411 -0.4906 -0.2278
vn 0.8766 -0.4185 -0.2374
vn 0.9167 -0.3410 -0.2081
vn 0.9075 -0.3406 -0.2458
vn 0.9189 -0.3425 -0.1959
vn 0.0014 0.9416 -0.3367
vn 0.0098 0.9466 -0.3222
vn 0.0052 0.9896 -0.1438
vn 0.0008 0.9884 -0.1521
vn 0.0634 0.9580 -0.2797
vn 0.0331 0.9916 -0.1253
vn 0.0028 0.9981 -0.0620
vn 0.0004 0.9979 -0.0643
vn 0.0183 0.9983 -0.0562
vn 0.0001 0.7700 -0.6381
vn 0.0019 0.7704 -0.6375
vn 0.0001 0.9404 -0.3402
vn 0.0130 0.7737 -0.6335
vn 0.0859 0.7889 -0.6085
vn 0.2201 0.9474 -0.2325
vn 0.1509 0.9828 -0.1065
vn 0.1161 0.9915 -0.0582
vn 0.0962 0.9934 -0.0620
vn 0.0219 0.9974 -0.0691
vn 0.0028 0.9979 -0.0643
vn 0.0004 0.9980 -0.0637
vn 0.0000 0.9979 -0.0649
vn 0.0000 0.9980 -0.0636
vn 0.0001 0.9880 -0.1543
vn 0.9111 0.2513 0.3268
vn 0.9444 0.2600 0.2014
vn 0.9629 0.1750 0.2054
vn 0.9278 0.1690 0.3327
vn 0.9420 0.2588 0.2138
vn 0.9603 0.1742 0.2179
vn 0.9742 0.0882 0.2078
vn 0.9379 0.0850 0.3363
vn 0.9714 0.0878 0.2204
vn 0.7690 0.2121 0.6030
vn 0.9324 0.2585 0.2526
vn 0.9505 0.1739 0.2575
vn 0.9615 0.0876 0.2605
vn 0.7856 0.0712 0.6146
vn 0.7794 0.1419 0.6103
vn 0.9379 -0.0851 -0.3363
vn 0.9278 -0.1690 -0.3327
vn 0.9629 -0.1750 -0.2054
vn 0.9742 -0.0882 -0.2078
vn 0.9111 -0.2513 -0.3268
vn 0.9444 -0.2600 -0.2014
vn 0.9603 -0.1742 -0.2179
vn 0.9714 -0.0878 -0.2204
vn 0.9420 -0.2589 -0.2138
vn 0.7864 -0.0713 -0.6135
vn 0.7802 -0.1421 -0.6092
vn 0.7698 -0.2124 -0.6019
vn 0.9324 -0.2585 -0.2526
vn 0.9505 -0.1739 -0.2575
vn 0.9615 -0.0876 -0.2605
vn 0.6398 0.7335 0.2296
vn 0.5561 0.8048 0.2075
vn 0.5589 0.8201 0.1229
vn 0.6527 0.7448 0.1387
vn 0.4105 0.8897 0.2000
vn 0.3647 0.9252 0.1048
vn 0.5524 0.8237 0.1281
vn 0.6518 0.7437 0.1486
vn 0.3386 0.9371 0.0853
vn 0.5995 0.6413 0.4790
vn 0.5795 0.6683 0.4664
vn 0.6635 0.7092 0.2382
vn 0.5145 0.7376 0.4372
vn 0.4128 0.7945 0.4454
vn 0.2201 0.9474 0.2325
vn 0.1509 0.9828 0.1065
vn 0.1161 0.9915 0.0582
vn 0.0962 0.9934 0.0620
vn 0.2568 0.9473 0.1916
vn 0.4557 0.8016 0.3870
vn 0.6458 0.7433 0.1747
vn 0.6755 0.7212 0.1534
vn 0.6717 0.7182 0.1816
vn 0.6764 0.7224 0.1439
vn 0.6732 0.6988 -0.2418
vn 0.6902 0.6799 -0.2478
vn 0.7047 0.6935 -0.1500
vn 0.6866 0.7122 -0.1462
vn 0.7157 0.6494 -0.2570
vn 0.7321 0.6632 -0.1559
vn 0.7040 0.6920 -0.1598
vn 0.6858 0.7110 -0.1557
vn 0.7313 0.6615 -0.1660
vn 0.5999 0.6417 -0.4778
vn 0.6074 0.6306 -0.4831
vn 0.6635 0.7092 -0.2382
vn 0.6199 0.6109 -0.4925
vn 0.6385 0.5796 -0.5064
vn 0.7500 0.6041 -0.2693
vn 0.7689 0.6181 -0.1638
vn 0.7680 0.6162 -0.1744
vn 0.7607 0.6155 -0.2059
vn 0.7251 0.6601 -0.1962
vn 0.6987 0.6900 -0.1890
vn 0.6814 0.7083 -0.1843
vn 0.6755 0.7212 -0.1534
vn 0.6717 0.7182 -0.1816
vn 0.6764 0.7224 -0.1439
vn -0.2196 -0.0618 -0.9736
vn -0.2202 -0.0409 -0.9746
vn 0.1151 0.0201 -0.9932
vn 0.1150 0.0304 -0.9929
vn -0.2205 -0.0204 -0.9752
vn 0.1151 0.0100 -0.9933
vn 0.4689 0.0847 -0.8792
vn 0.4662 0.1276 -0.8754
vn 0.4705 0.0423 -0.8814
vn -0.3753 -0.1005 -0.9214
vn -0.3763 -0.0666 -0.9241
vn -0.3770 -0.0332 -0.9256
vn -0.3772 -0.0000 -0.9261
vn -0.2206 -0.0000 -0.9754
vn 0.1151 0.0000 -0.9933
vn 0.4710 0.0000 -0.8821
vn -0.2205 0.0204 -0.9752
vn -0.2202 0.0409 -0.9746
vn 0.1151 -0.0201 -0.9932
vn 0.1151 -0.0100 -0.9933
vn -0.2196 0.0618 -0.9736
vn 0.1150 -0.0304 -0.9929
vn 0.4689 -0.0847 -0.8792
vn 0.4705 -0.0423 -0.8814
vn 0.4662 -0.1276 -0.8754
vn -0.3770 0.0332 -0.9256
vn -0.3763 0.0666 -0.9241
vn -0.3753 0.1005 -0.9214
vn -0.3737 0.1354 -0.9176
vn -0.2189 0.0834 -0.9722
vn 0.1148 -0.0410 -0.9925
vn 0.4624 -0.1713 -0.8700
vn -0.2177 0.1055 -0.9703
vn -0.2163 0.1281 -0.9679
vn 0.1145 -0.0635 -0.9914
vn 0.1147 -0.0521 -0.9920
vn -0.2146 0.1512 -0.9649
vn 0.1142 -0.0753 -0.9906
vn 0.4513 -0.2599 -0.8537
vn 0.4574 -0.2156 -0.8627
vn 0.4439 -0.3041 -0.8429
vn -0.3717 0.1713 -0.9124
vn -0.3690 0.2078 -0.9059
vn -0.3659 0.2449 -0.8979
vn -0.3621 0.2824 -0.8883
vn -0.2125 0.1741 -0.9615
vn 0.1140 -0.0876 -0.9896
vn 0.4356 -0.3475 -0.8304
vn 0.4034 -0.4618 -0.7900
vn 0.1109 -0.1280 -0.9856
vn 0.0964 -0.1427 -0.9851
vn 0.3688 -0.5102 -0.7770
vn -0.2066 0.2238 -0.9525
vn -0.2113 0.2368 -0.9483
vn 0.0669 -0.1487 -0.9866
vn 0.3068 -0.5370 -0.7858
vn -0.2223 0.2570 -0.9405
vn 0.4138 -0.4422 -0.7957
vn 0.1149 -0.1225 -0.9858
vn -0.2054 0.2189 -0.9539
vn -0.3506 0.3720 -0.8595
vn -0.3503 0.3776 -0.8571
vn -0.3507 0.3925 -0.8503
vn -0.3535 0.4222 -0.8348
vn -0.3634 0.4583 -0.8111
vn -0.2433 0.2921 -0.9249
vn 0.0201 -0.0971 -0.9951
vn 0.2277 -0.4670 -0.8545
vn -0.8139 -0.5594 -0.1568
vn -0.8230 -0.5678 -0.0178
vn -0.8651 -0.5013 -0.0187
vn -0.8543 -0.4932 -0.1642
vn -0.8230 -0.5680 -0.0024
vn -0.8651 -0.5016 -0.0025
vn -0.9035 -0.4282 -0.0195
vn -0.8910 -0.4206 -0.1710
vn -0.9036 -0.4284 -0.0026
vn -0.7488 -0.6074 -0.2655
vn -0.7721 -0.6178 -0.1491
vn -0.7876 -0.5492 -0.2793
vn -0.7796 -0.6261 -0.0168
vn -0.7796 -0.6263 -0.0023
vn -0.9371 -0.3490 -0.0027
vn -0.9370 -0.3488 -0.0202
vn -0.9228 -0.3423 -0.1767
vn -0.8590 -0.4114 -0.3048
vn -0.8882 -0.3342 -0.3152
vn -0.8251 -0.4832 -0.2927
vn -0.9519 -0.2609 0.1605
vn -0.9708 -0.1757 0.1636
vn -0.9837 -0.1786 0.0205
vn -0.9640 -0.2651 0.0201
vn -0.9822 -0.0885 0.1654
vn -0.9957 -0.0900 0.0208
vn -0.9839 -0.1787 0.0028
vn -0.9642 -0.2652 0.0028
vn -0.9959 -0.0901 0.0029
vn -0.8995 -0.3380 0.2767
vn -0.9238 -0.2564 0.2842
vn -0.9260 -0.3436 0.1563
vn -0.9415 -0.1725 0.2897
vn -0.9522 -0.0868 0.2930
vn -0.9558 0.0000 0.2941
vn -0.9861 0.0000 0.1660
vn -0.9998 -0.0000 0.0209
vn -1.0000 0.0000 0.0029
vn -1.0000 0.0000 0.0002
vn -0.9959 -0.0901 0.0002
vn -0.9839 -0.1787 0.0002
vn -0.9642 -0.2652 0.0002
vn -0.9371 -0.3490 0.0027
vn -0.9370 -0.3488 0.0195
vn -0.9822 0.0885 0.1654
vn -0.9708 0.1757 0.1636
vn -0.9837 0.1786 0.0205
vn -0.9957 0.0900 0.0208
vn -0.9519 0.2609 0.1605
vn -0.9640 0.2651 0.0201
vn -0.9839 0.1787 0.0028
vn -0.9959 0.0901 0.0029
vn -0.9642 0.2652 0.0028
vn -0.9522 0.0868 0.2930
vn -0.9415 0.1725 0.2897
vn -0.9238 0.2564 0.2842
vn -0.8995 0.3380 0.2767
vn -0.9260 0.3436 0.1563
vn -0.9370 0.3488 0.0195
vn -0.9371 0.3490 0.0027
vn -0.9371 0.3490 0.0002
vn -0.9642 0.2652 0.0002
vn -0.9839 0.1787 0.0002
vn -0.9959 0.0901 0.0002
vn -0.8939 0.4220 0.1511
vn -0.8571 0.4943 0.1451
vn -0.8654 0.5007 0.0180
vn -0.9036 0.4279 0.0188
vn -0.8166 0.5603 0.1385
vn -0.8236 0.5669 0.0172
vn -0.8655 0.5010 0.0025
vn -0.9037 0.4281 0.0026
vn -0.8236 0.5671 0.0024
vn -0.8694 0.4155 0.2674
vn -0.8346 0.4874 0.2567
vn -0.7963 0.5532 0.2448
vn -0.7564 0.6113 0.2325
vn -0.7746 0.6186 0.1316
vn -0.7803 0.6251 0.0163
vn -0.7803 0.6254 0.0023
vn -0.7803 0.6254 0.0002
vn -0.8236 0.5672 0.0002
vn -0.8655 0.5010 0.0002
vn -0.9037 0.4282 0.0002
vn -0.6898 0.7144 0.1175
vn -0.6941 0.7197 0.0145
vn -0.7132 0.7008 0.0149
vn -0.7086 0.6952 0.1206
vn -0.6942 0.7198 0.0020
vn -0.7132 0.7010 0.0021
vn -0.7419 0.6703 0.0155
vn -0.7369 0.6643 0.1253
vn -0.7419 0.6705 0.0021
vn -0.6697 0.7135 0.2057
vn -0.6802 0.7238 0.1158
vn -0.6780 0.7049 0.2083
vn -0.6845 0.7289 0.0143
vn -0.6845 0.7290 0.0020
vn -0.6845 0.7290 0.0001
vn -0.6942 0.7198 0.0001
vn -0.7132 0.7010 0.0001
vn -0.7419 0.6705 0.0002
vn -0.7213 0.6561 0.2217
vn -0.6952 0.6863 0.2136
vn 0.6563 0.7545 0.0017
vn 0.6553 0.7553 0.0120
vn 0.4971 0.8677 0.0089
vn 0.5001 0.8660 0.0012
vn 0.6436 0.7594 0.0955
vn 0.4701 0.8801 0.0665
vn 0.2352 0.9719 0.0050
vn 0.2393 0.9709 0.0007
vn 0.2044 0.9783 0.0337
vn 0.6969 0.7172 0.0001
vn 0.6969 0.7172 0.0018
vn 0.6564 0.7544 0.0001
vn 0.6967 0.7172 0.0132
vn 0.6918 0.7140 0.1074
vn 0.6834 0.7043 0.1921
vn 0.6351 0.7515 0.1785
vn 0.3242 0.9233 0.2060
vn 0.1137 0.9885 0.1000
vn 0.0330 0.9990 0.0293
vn 0.0629 0.9980 0.0101
vn 0.0747 0.9972 0.0016
vn 0.0765 0.9971 0.0002
vn 0.2399 0.9708 0.0001
vn 0.0767 0.9971 0.0000
vn 0.5006 0.8657 0.0001
vn 0.3931 0.4516 0.8009
vn 0.2470 0.2769 0.9286
vn 0.2300 0.3070 0.9235
vn 0.2124 0.3304 0.9196
vn -0.1250 -0.1297 0.9836
vn -0.1231 -0.1299 0.9839
vn -0.1286 -0.1304 0.9831
vn -0.1348 -0.1322 0.9820
vn 0.1910 0.3337 0.9231
vn 0.1626 0.3168 0.9344
vn -0.1426 -0.1381 0.9801
vn -0.1555 -0.1509 0.9762
vn 0.4036 0.4313 0.8069
vn 0.2511 0.2671 0.9304
vn -0.1221 -0.1297 0.9840
vn -0.1219 -0.1291 0.9841
vn -0.4442 -0.4738 0.7604
vn -0.4447 -0.4719 0.7613
vn -0.4435 -0.4785 0.7579
vn -0.4427 -0.4839 0.7549
vn -0.4413 -0.4961 0.7477
vn -0.4397 -0.5110 0.7386
vn -0.4393 -0.5292 0.7259
vn -0.4406 -0.5465 0.7122
vn 0.3985 0.7002 0.5924
vn 0.4783 0.6423 0.5989
vn 0.8592 -0.4082 0.3083
vn 0.8873 -0.4207 0.1892
vn 0.8510 -0.4929 0.1814
vn 0.8260 -0.4794 0.2965
vn 0.8855 -0.4190 0.2010
vn 0.8495 -0.4911 0.1928
vn 0.8111 -0.5588 0.1728
vn 0.7892 -0.5449 0.2833
vn 0.8099 -0.5570 0.1839
vn 0.7360 -0.3498 0.5795
vn 0.8766 -0.4185 0.2374
vn 0.8411 -0.4906 0.2278
vn 0.8020 -0.5564 0.2171
vn 0.7614 -0.6146 0.2061
vn 0.7687 -0.6153 0.1745
vn 0.7696 -0.6171 0.1639
vn 0.7507 -0.6032 0.2695
vn 0.6894 -0.4763 0.5458
vn 0.6627 -0.5329 0.5261
vn 0.7142 -0.4147 0.5638
vn 0.7886 0.5458 -0.2831
vn 0.8257 0.4800 -0.2964
vn 0.8506 0.4935 -0.1813
vn 0.8105 0.5598 -0.1727
vn 0.8591 0.4085 -0.3083
vn 0.8872 0.4209 -0.1891
vn 0.8492 0.4917 -0.1928
vn 0.8093 0.5579 -0.1837
vn 0.8853 0.4193 -0.2009
vn 0.8765 0.4188 -0.2374
vn 0.8408 0.4912 -0.2277
vn 0.8014 0.5574 -0.2170
vn 0.6733 -0.6987 0.2418
vn 0.6905 -0.6795 0.2479
vn 0.7050 -0.6931 0.1501
vn 0.6867 -0.7121 0.1462
vn 0.7163 -0.6486 0.2572
vn 0.7327 -0.6624 0.1560
vn 0.7043 -0.6917 0.1599
vn 0.6859 -0.7109 0.1557
vn 0.7319 -0.6608 0.1662
vn 0.5995 -0.6412 0.4790
vn 0.6070 -0.6300 0.4844
vn 0.6635 -0.7092 0.2382
vn 0.6196 -0.6101 0.4939
vn 0.6384 -0.5784 0.5079
vn 0.7257 -0.6594 0.1964
vn 0.6990 -0.6896 0.1891
vn 0.6815 -0.7082 0.1843
vn 0.6755 -0.7212 0.1534
vn 0.6717 -0.7182 0.1816
vn 0.6764 -0.7223 0.1439
vn 0.0008 -0.9400 -0.3412
vn 0.0059 -0.9408 -0.3388
vn 0.0026 -0.9877 -0.1564
vn 0.0004 -0.9875 -0.1576
vn 0.0408 -0.9456 -0.3227
vn 0.0182 -0.9887 -0.1486
vn 0.0012 -0.9974 -0.0722
vn 0.0002 -0.9973 -0.0729
vn 0.0084 -0.9976 -0.0681
vn 0.0001 -0.9399 -0.3415
vn 0.2243 -0.9495 -0.2194
vn 0.1030 -0.9896 -0.1001
vn 0.0458 -0.9979 -0.0450
vn 0.0389 -0.9984 -0.0400
vn 0.0108 -0.9974 -0.0715
vn 0.0017 -0.9967 -0.0810
vn 0.0003 -0.9966 -0.0824
vn 0.0000 -0.9973 -0.0729
vn 0.0000 -0.9966 -0.0827
vn 0.0000 -0.9875 -0.1577
vn 0.4257 0.9049 -0.0010
vn 0.4204 0.9073 -0.0071
vn 0.1970 0.9804 -0.0031
vn 0.1996 0.9799 -0.0004
vn 0.3821 0.9226 -0.0529
vn 0.1783 0.9837 -0.0233
vn 0.0825 0.9966 -0.0013
vn 0.0837 0.9965 -0.0002
vn 0.0745 0.9972 -0.0097
vn 0.7302 0.6832 -0.0001
vn 0.7293 0.6841 -0.0019
vn 0.4264 0.9046 -0.0001
vn 0.7229 0.6909 -0.0135
vn 0.6715 0.7335 -0.1054
vn 0.4233 0.7990 -0.4271
vn 0.2240 0.9496 -0.2191
vn 0.1017 0.9899 -0.0987
vn 0.0421 0.9983 -0.0411
vn 0.0303 0.9991 -0.0311
vn 0.0614 0.9981 -0.0110
vn 0.0746 0.9972 -0.0016
vn 0.0765 0.9971 -0.0002
vn 0.0838 0.9965 -0.0000
vn 0.2000 0.9798 -0.0000
vn 0.0037 0.0037 1.0000
vn 0.0264 0.0261 0.9993
vn 0.0263 0.0246 0.9994
vn 0.0037 0.0035 1.0000
vn 0.1838 0.1818 0.9660
vn 0.1839 0.1718 0.9678
vn 0.0262 0.0225 0.9994
vn 0.0037 0.0032 1.0000
vn 0.1841 0.1576 0.9702
vn 0.0003 0.0130 0.9999
vn 0.0037 0.0166 0.9999
vn 0.0003 0.0003 1.0000
vn 0.0264 0.0398 0.9989
vn 0.1833 0.2005 0.9624
vn 0.3127 0.3404 0.8868
vn 0.3154 0.3169 0.8945
vn 0.3168 0.3037 0.8986
vn 0.3188 0.2832 0.9045
vn 0.3214 0.2550 0.9120
vn 0.1843 0.1394 0.9729
vn 0.0261 0.0197 0.9995
vn 0.0037 0.0028 1.0000
vn 0.0003 0.0002 1.0000
vn 0.4264 -0.9045 0.0010
vn 0.4213 -0.9069 0.0069
vn 0.2004 -0.9797 0.0031
vn 0.2030 -0.9792 0.0004
vn 0.3867 -0.9209 0.0479
vn 0.1829 -0.9829 0.0215
vn 0.0917 -0.9958 0.0015
vn 0.0930 -0.9957 0.0002
vn 0.0829 -0.9965 0.0101
vn 0.4271 -0.9042 0.0001
vn 0.2442 -0.9485 0.2016
vn 0.1125 -0.9894 0.0917
vn 0.0500 -0.9979 0.0413
vn 0.0424 -0.9984 0.0377
vn 0.0800 -0.9967 0.0128
vn 0.0946 -0.9955 0.0020
vn 0.0968 -0.9953 0.0003
vn 0.0932 -0.9956 0.0000
vn 0.0971 -0.9953 0.0000
vn 0.2033 -0.9791 0.0000
vn 0.0015 -0.9412 0.3377
vn 0.0104 -0.9462 0.3234
vn 0.0058 -0.9891 0.1471
vn 0.0009 -0.9879 0.1553
vn 0.0675 -0.9573 0.2812
vn 0.0383 -0.9910 0.1286
vn 0.0035 -0.9975 0.0699
vn 0.0005 -0.9974 0.0723
vn 0.0235 -0.9977 0.0636
vn 0.0001 -0.9400 0.3411
vn 0.2324 -0.9439 0.2345
vn 0.1699 -0.9793 0.1101
vn 0.1385 -0.9882 0.0652
vn 0.1170 -0.9901 0.0770
vn 0.0283 -0.9957 0.0880
vn 0.0037 -0.9965 0.0833
vn 0.0005 -0.9966 0.0827
vn 0.0000 -0.9973 0.0729
vn 0.0000 -0.9966 0.0826
vn 0.0001 -0.9875 0.1575
vn 0.0012 0.9404 0.3401
vn 0.0082 0.9415 0.3369
vn 0.0036 0.9882 0.1528
vn 0.0005 0.9880 0.1543
vn 0.0553 0.9474 0.3152
vn 0.0243 0.9895 0.1428
vn 0.0015 0.9979 0.0642
vn 0.0002 0.9979 0.0649
vn 0.0101 0.9982 0.0598
vn 0.0002 0.7691 0.6391
vn 0.0023 0.7698 0.6383
vn 0.0001 0.9402 0.3405
vn 0.0165 0.7737 0.6333
vn 0.1124 0.7928 0.5991
vn 0.2439 0.9487 0.2012
vn 0.1111 0.9897 0.0904
vn 0.0460 0.9982 0.0376
vn 0.0108 0.9986 0.0525
vn 0.0018 0.9981 0.0619
vn 0.0003 0.9980 0.0634
vn 0.0000 0.9979 0.0649
vn 0.0000 0.9980 0.0636
vn 0.0000 0.9880 0.1545
vn 0.4536 0.1240 0.8825
vn 0.4562 0.0823 0.8861
vn 0.0648 0.0108 0.9978
vn 0.0647 0.0163 0.9978
vn 0.4577 0.0411 0.8882
vn 0.0648 0.0054 0.9979
vn -0.3238 -0.0598 0.9442
vn -0.3226 -0.0902 0.9422
vn -0.3246 -0.0298 0.9454
vn 0.4582 0.0000 0.8889
vn 0.0647 0.0000 0.9979
vn -0.3249 0.0000 0.9457
vn -0.5038 0.0000 0.8638
vn -0.5033 -0.0444 0.8630
vn -0.5018 -0.0889 0.8604
vn -0.4993 -0.1340 0.8560
vn 0.4577 -0.0411 0.8882
vn 0.4562 -0.0823 0.8861
vn 0.0648 -0.0108 0.9978
vn 0.0648 -0.0054 0.9979
vn 0.4536 -0.1240 0.8825
vn 0.0647 -0.0163 0.9978
vn -0.3238 0.0597 0.9442
vn -0.3246 0.0298 0.9454
vn -0.3226 0.0902 0.9422
vn 0.4499 -0.1665 0.8774
vn 0.0646 -0.0220 0.9977
vn -0.3207 0.1214 0.9394
vn -0.4956 0.1799 0.8497
vn -0.4993 0.1340 0.8560
vn -0.5018 0.0889 0.8604
vn -0.5033 0.0444 0.8630
vn 0.4452 -0.2096 0.8706
vn 0.4393 -0.2527 0.8620
vn 0.0646 -0.0341 0.9973
vn 0.0646 -0.0279 0.9975
vn 0.4323 -0.2959 0.8518
vn 0.0645 -0.0404 0.9971
vn -0.3148 0.1852 0.9309
vn -0.3181 0.1532 0.9356
vn -0.3110 0.2177 0.9251
vn 0.4243 -0.3382 0.8400
vn 0.0646 -0.0473 0.9968
vn -0.3065 0.2494 0.9186
vn -0.4690 0.3665 0.8036
vn -0.4774 0.3203 0.8182
vn -0.4847 0.2734 0.8308
vn -0.4908 0.2266 0.8413
vn -0.1231 0.1299 0.9839
vn -0.1250 0.1298 0.9836
vn -0.1348 0.1328 0.9819
vn -0.1286 0.1307 0.9830
vn 0.2471 -0.2765 0.9287
vn 0.3933 -0.4508 0.8013
vn 0.2128 -0.3259 0.9211
vn 0.2302 -0.3047 0.9242
vn -0.1554 0.1515 0.9762
vn -0.1426 0.1387 0.9800
vn 0.1631 -0.3119 0.9360
vn 0.1915 -0.3284 0.9249
vn -0.4447 0.4719 0.7613
vn -0.4442 0.4738 0.7604
vn -0.4428 0.4836 0.7550
vn -0.4435 0.4784 0.7579
vn -0.1219 0.1290 0.9841
vn -0.1221 0.1296 0.9840
vn 0.2511 -0.2671 0.9304
vn 0.4036 -0.4313 0.8069
vn 0.5802 -0.6673 0.4670
vn 0.5185 -0.7331 0.4401
vn 0.4803 -0.6388 0.6011
vn 0.4201 -0.7885 0.4493
vn 0.4029 -0.6936 0.5971
vn -0.4400 0.5271 0.7270
vn -0.4413 0.5442 0.7135
vn -0.4416 0.4953 0.7481
vn -0.4401 0.5095 0.7394
vn -0.0000 0.1675 0.9859
vn -0.0000 0.3060 0.9520
vn -0.0000 0.1674 0.9859
vn -0.0000 0.8896 0.4568
vn -0.0000 0.9607 0.2777
vn -0.0000 0.8895 0.4569
vn -0.0000 0.3059 0.9520
vn -0.0000 0.9607 0.2778
vn 0.0004 0.0131 0.9999
vn 0.0004 0.1676 0.9859
vn -0.0000 0.0127 0.9999
vn 0.0002 0.3061 0.9520
vn 0.0002 0.8894 0.4571
vn 0.0001 0.9606 0.2778
vn 0.0001 0.9607 0.2777
vn 0.0001 0.8895 0.4569
vn 0.0004 0.3063 0.9519
vn 0.0003 0.1676 0.9858
vn 0.6563 0.7545 -0.0017
vn 0.5001 0.8660 -0.0013
vn 0.4969 0.8678 -0.0093
vn 0.6552 0.7553 -0.0124
vn 0.2393 0.9709 -0.0007
vn 0.2350 0.9720 -0.0052
vn 0.4657 0.8818 -0.0743
vn 0.6413 0.7597 -0.1080
vn 0.2000 0.9791 -0.0371
vn 0.6969 0.7172 -0.0001
vn 0.6564 0.7544 -0.0001
vn 0.6969 0.7172 -0.0019
vn 0.5006 0.8657 -0.0001
vn 0.2399 0.9708 -0.0001
vn 0.1053 0.9888 -0.1058
vn 0.3085 0.9227 -0.2313
vn 0.6308 0.7485 -0.2045
vn 0.6905 0.7130 -0.1220
vn 0.6792 0.7001 -0.2203
vn 0.6967 0.7172 -0.0137
vn -0.0000 0.0000 -1.0000
vn 0.0002 0.0001 -1.0000
vn 0.0004 0.0003 -1.0000
vn 0.0004 0.0002 -1.0000
vn 0.0057 0.0060 -1.0000
vn 0.0416 0.0434 -0.9982
vn 0.0417 0.0415 -0.9983
vn 0.0057 0.0057 -1.0000
vn 0.0722 0.0741 -0.9946
vn 0.0722 0.0698 -0.9949
vn 0.0419 0.0386 -0.9984
vn 0.0058 0.0053 -1.0000
vn 0.0722 0.0638 -0.9953
vn 0.0004 0.0131 -0.9999
vn 0.0057 0.0185 -0.9998
vn 0.0004 0.0004 -1.0000
vn 0.0413 0.0558 -0.9976
vn 0.0721 0.0820 -0.9940
vn 0.4689 0.5109 -0.7205
vn 0.4712 0.5044 -0.7236
vn 0.4759 0.4896 -0.7307
vn 0.4741 0.4956 -0.7278
vn 0.4822 0.4680 -0.7405
vn 0.4794 0.4779 -0.7361
vn 0.4909 0.4362 -0.7541
vn 0.4873 0.4497 -0.7485
vn 0.5016 0.3932 -0.7706
vn 0.4976 0.4098 -0.7645
vn 0.0722 0.0563 -0.9958
vn 0.0421 0.0346 -0.9985
vn 0.0058 0.0048 -1.0000
vn 0.0058 0.0041 1.0000
vn 0.0058 0.0035 1.0000
vn 0.0422 0.0250 0.9988
vn 0.0422 0.0298 0.9987
vn 0.0058 0.0028 1.0000
vn 0.0422 0.0205 0.9989
vn 0.0722 0.0406 0.9966
vn 0.0722 0.0483 0.9962
vn 0.0722 0.0332 0.9968
vn 0.0004 0.0003 1.0000
vn 0.0058 0.0048 1.0000
vn 0.0004 0.0002 1.0000
vn 0.0058 0.0022 1.0000
vn 0.0423 0.0161 0.9990
vn 0.3200 0.1216 0.9396
vn 0.5270 0.2564 0.8102
vn 0.5348 0.1943 0.8223
vn 0.5287 0.2444 0.8128
vn 0.5187 0.3087 0.7973
vn 0.5211 0.2946 0.8010
vn 0.5088 0.3605 0.7818
vn 0.5120 0.3445 0.7869
vn 0.4976 0.4098 0.7645
vn 0.5016 0.3932 0.7706
vn 0.0421 0.0346 0.9985
vn 0.0722 0.0563 0.9958
vn 0.1869 0.0484 0.9812
vn 0.1871 0.0320 0.9818
vn 0.0260 0.0044 0.9997
vn 0.0260 0.0067 0.9996
vn 0.1872 0.0160 0.9822
vn 0.0260 0.0022 0.9997
vn 0.0037 0.0006 1.0000
vn 0.0037 0.0009 1.0000
vn 0.0037 0.0003 1.0000
vn 0.3298 0.1213 0.9362
vn 0.3309 0.0898 0.9394
vn 0.1865 0.0654 0.9803
vn 0.3316 0.0594 0.9416
vn 0.3320 0.0296 0.9428
vn 0.3322 -0.0000 0.9432
vn 0.1873 -0.0000 0.9823
vn 0.0260 -0.0000 0.9997
vn 0.0037 -0.0000 1.0000
vn 0.0003 -0.0000 1.0000
vn 0.0003 0.0001 1.0000
vn 0.0037 0.0013 1.0000
vn 0.0260 0.0091 0.9996
vn 0.1872 -0.0160 0.9822
vn 0.1871 -0.0320 0.9818
vn 0.0260 -0.0044 0.9997
vn 0.0260 -0.0022 0.9997
vn 0.1869 -0.0484 0.9812
vn 0.0260 -0.0067 0.9996
vn 0.0037 -0.0006 1.0000
vn 0.0037 -0.0003 1.0000
vn 0.0037 -0.0009 1.0000
vn 0.3320 -0.0296 0.9428
vn 0.3316 -0.0594 0.9416
vn 0.3309 -0.0898 0.9394
vn 0.3298 -0.1213 0.9362
vn 0.1865 -0.0654 0.9803
vn 0.0260 -0.0091 0.9996
vn 0.0037 -0.0013 1.0000
vn 0.0003 -0.0001 1.0000
vn 0.1861 -0.0830 0.9790
vn 0.1856 -0.1011 0.9774
vn 0.0260 -0.0142 0.9996
vn 0.0260 -0.0116 0.9996
vn 0.1850 -0.1199 0.9754
vn 0.0261 -0.0169 0.9995
vn 0.0037 -0.0020 1.0000
vn 0.0037 -0.0016 1.0000
vn 0.0037 -0.0024 1.0000
vn 0.3283 -0.1536 0.9320
vn 0.3264 -0.1867 0.9266
vn 0.3241 -0.2206 0.9199
vn 0.3214 -0.2544 0.9121
vn 0.1843 -0.1391 0.9730
vn 0.0261 -0.0197 0.9995
vn 0.0037 -0.0028 1.0000
vn 0.0003 -0.0002 1.0000
vn 0.1838 -0.1817 0.9660
vn 0.0264 -0.0261 0.9993
vn 0.0263 -0.0246 0.9994
vn 0.1838 -0.1716 0.9679
vn 0.0037 -0.0037 1.0000
vn 0.0037 -0.0035 1.0000
vn 0.0262 -0.0224 0.9994
vn 0.1841 -0.1573 0.9702
vn 0.0037 -0.0032 1.0000
vn 0.3127 -0.3402 0.8868
vn 0.1833 -0.2003 0.9624
vn 0.3154 -0.3168 0.8945
vn 0.0264 -0.0397 0.9989
vn 0.0037 -0.0164 0.9999
vn 0.0003 -0.0128 0.9999
vn 0.0003 -0.0003 1.0000
vn 0.3189 -0.2827 0.9047
vn 0.3168 -0.3035 0.8986
vn 0.0026 0.1701 -0.9854
vn 0.0184 0.1870 -0.9822
vn 0.0250 0.3340 -0.9422
vn 0.0037 0.3100 -0.9507
vn 0.1298 0.3071 -0.9428
vn 0.1672 0.4867 -0.8574
vn 0.0007 0.8898 -0.4564
vn 0.0052 0.8920 -0.4520
vn 0.0065 0.9629 -0.2697
vn 0.0010 0.9610 -0.2766
vn 0.0361 0.9067 -0.4203
vn 0.0381 0.9736 -0.2252
vn 0.0002 0.0129 -0.9999
vn 0.0027 0.0154 -0.9999
vn 0.0002 0.1675 -0.9859
vn 0.0188 0.0319 -0.9993
vn 0.1351 0.1511 -0.9792
vn 0.2344 0.2605 -0.9366
vn 0.2152 0.4638 -0.8594
vn 0.2066 0.5261 -0.8250
vn 0.0083 0.9984 -0.0552
vn 0.0013 0.9981 -0.0624
vn 0.0002 0.9980 -0.0634
vn 0.0001 0.9607 -0.2777
vn 0.0000 0.8895 -0.4569
vn 0.0003 0.3062 -0.9520
vn 0.1348 0.0875 -0.9870
vn 0.0185 0.0120 -0.9998
vn 0.0185 0.0101 -0.9998
vn 0.1350 0.0736 -0.9881
vn 0.0026 0.0017 -1.0000
vn 0.0026 0.0014 -1.0000
vn 0.0185 0.0082 -0.9998
vn 0.1352 0.0603 -0.9890
vn 0.0026 0.0012 -1.0000
vn 0.2383 0.1892 -0.9526
vn 0.1347 0.1018 -0.9856
vn 0.2394 0.1635 -0.9571
vn 0.0185 0.0140 -0.9997
vn 0.0026 0.0020 -1.0000
vn 0.0026 0.0009 -1.0000
vn 0.0185 0.0065 -0.9998
vn 0.1353 0.0474 -0.9897
vn 0.2410 0.1130 -0.9639
vn 0.2416 0.0890 -0.9663
vn 0.2403 0.1378 -0.9609
vn 0.3223 0.0904 -0.9423
vn 0.3239 0.0599 -0.9442
vn 0.0423 0.0078 -0.9991
vn 0.0423 0.0119 -0.9990
vn 0.3248 0.0299 -0.9453
vn 0.0423 0.0039 -0.9991
vn 0.0058 0.0011 -1.0000
vn 0.0058 0.0016 -1.0000
vn 0.0058 0.0005 -1.0000
vn 0.5348 0.1943 -0.8223
vn 0.5394 0.1448 -0.8295
vn 0.3200 0.1216 -0.9396
vn 0.5426 0.0962 -0.8345
vn 0.5445 0.0481 -0.8374
vn 0.5451 0.0000 -0.8384
vn 0.3252 0.0000 -0.9457
vn 0.0423 0.0000 -0.9991
vn 0.0058 0.0000 -1.0000
vn 0.0004 -0.0000 -1.0000
vn 0.0004 0.0001 -1.0000
vn 0.0058 0.0022 -1.0000
vn 0.0423 0.0161 -0.9990
vn 0.3248 -0.0299 -0.9453
vn 0.3239 -0.0599 -0.9442
vn 0.0423 -0.0079 -0.9991
vn 0.0423 -0.0039 -0.9991
vn 0.3223 -0.0904 -0.9423
vn 0.0423 -0.0119 -0.9990
vn 0.0058 -0.0011 -1.0000
vn 0.0058 -0.0005 -1.0000
vn 0.0058 -0.0016 -1.0000
vn 0.5445 -0.0481 -0.8374
vn 0.5426 -0.0962 -0.8345
vn 0.5394 -0.1448 -0.8295
vn 0.5348 -0.1943 -0.8223
vn 0.3200 -0.1215 -0.9396
vn 0.0423 -0.0161 -0.9990
vn 0.0058 -0.0022 -1.0000
vn 0.0004 -0.0002 -1.0000
vn 0.0004 -0.0001 -1.0000
vn 0.0722 -0.0332 -0.9968
vn 0.0722 -0.0405 -0.9966
vn 0.0422 -0.0250 -0.9988
vn 0.0422 -0.0205 -0.9989
vn 0.0722 -0.0482 -0.9962
vn 0.0421 -0.0297 -0.9987
vn 0.0058 -0.0034 -1.0000
vn 0.0058 -0.0028 -1.0000
vn 0.0058 -0.0041 -1.0000
vn 0.5287 -0.2443 -0.8129
vn 0.5271 -0.2562 -0.8103
vn 0.5212 -0.2942 -0.8011
vn 0.5188 -0.3082 -0.7974
vn 0.5122 -0.3438 -0.7871
vn 0.5089 -0.3597 -0.7821
vn 0.5017 -0.3923 -0.7709
vn 0.4978 -0.4090 -0.7648
vn 0.0722 -0.0561 -0.9958
vn 0.0421 -0.0345 -0.9985
vn 0.0058 -0.0047 -1.0000
vn 0.0004 -0.0003 -1.0000
vn 0.0721 -0.0740 -0.9946
vn 0.0416 -0.0434 -0.9982
vn 0.0417 -0.0415 -0.9983
vn 0.0722 -0.0697 -0.9950
vn 0.0057 -0.0059 -1.0000
vn 0.0057 -0.0057 -1.0000
vn 0.0419 -0.0385 -0.9984
vn 0.0722 -0.0637 -0.9954
vn 0.0058 -0.0053 -1.0000
vn 0.4712 -0.5044 -0.7236
vn 0.4690 -0.5108 -0.7206
vn 0.4741 -0.4955 -0.7278
vn 0.4760 -0.4894 -0.7307
vn 0.0721 -0.0819 -0.9940
vn 0.0413 -0.0557 -0.9976
vn 0.0057 -0.0184 -0.9998
vn 0.0004 -0.0130 -0.9999
vn 0.0004 -0.0004 -1.0000
vn 0.4911 -0.4355 -0.7544
vn 0.4875 -0.4490 -0.7488
vn 0.4823 -0.4676 -0.7407
vn 0.4795 -0.4776 -0.7362
vn -0.6940 -0.7199 0.0000
vn -0.7128 -0.7013 0.0000
vn -0.7412 -0.6713 0.0000
vn -0.6845 -0.7290 0.0000
vn -0.7412 -0.6713 -0.0002
vn -0.7128 -0.7013 -0.0001
vn -0.6940 -0.7199 -0.0001
vn -0.6845 -0.7290 -0.0001
vn 0.8336 0.5523 0.0022
vn 0.8738 0.4863 0.0023
vn 0.8736 0.4864 0.0167
vn 0.8334 0.5524 0.0159
vn 0.9102 0.4142 0.0024
vn 0.9100 0.4143 0.0174
vn 0.8651 0.4831 0.1347
vn 0.8258 0.5490 0.1287
vn 0.9007 0.4113 0.1402
vn 0.7919 0.6107 0.0001
vn 0.8336 0.5523 0.0002
vn 0.7919 0.6107 0.0021
vn 0.8738 0.4863 0.0002
vn 0.9102 0.4142 0.0002
vn 0.9416 0.3367 0.0002
vn 0.9416 0.3367 0.0025
vn 0.9414 0.3367 0.0180
vn 0.9313 0.3341 0.1449
vn 0.9110 0.3232 0.2562
vn 0.8828 0.3987 0.2483
vn 0.8500 0.4694 0.2391
vn 0.8134 0.5348 0.2288
vn 0.7850 0.6073 0.1224
vn 0.7750 0.5933 0.2179
vn 0.7917 0.6108 0.0151
vn 0.9528 0.2526 -0.1684
vn 0.9705 0.1698 -0.1714
vn 0.9849 0.1718 -0.0195
vn 0.9667 0.2554 -0.0191
vn 0.9812 0.0855 -0.1733
vn 0.9961 0.0865 -0.0197
vn 0.9851 0.1717 -0.0026
vn 0.9669 0.2553 -0.0026
vn 0.9962 0.0865 -0.0027
vn 0.9014 0.3194 -0.2924
vn 0.9230 0.2416 -0.2994
vn 0.9284 0.3332 -0.1642
vn 0.9386 0.1622 -0.3045
vn 0.9480 0.0816 -0.3076
vn 0.9512 -0.0000 -0.3086
vn 0.9848 -0.0000 -0.1739
vn 0.9998 0.0000 -0.0198
vn 1.0000 0.0000 -0.0027
vn 1.0000 0.0000 -0.0002
vn 0.9963 0.0865 -0.0002
vn 0.9851 0.1717 -0.0002
vn 0.9669 0.2553 -0.0002
vn 0.9416 0.3367 -0.0025
vn 0.9416 0.3367 -0.0002
vn 0.9414 0.3367 -0.0186
vn 0.9812 -0.0855 -0.1733
vn 0.9705 -0.1698 -0.1714
vn 0.9849 -0.1718 -0.0195
vn 0.9961 -0.0865 -0.0197
vn 0.9528 -0.2526 -0.1684
vn 0.9667 -0.2554 -0.0191
vn 0.9851 -0.1717 -0.0026
vn 0.9962 -0.0865 -0.0027
vn 0.9669 -0.2553 -0.0026
vn 0.9480 -0.0816 -0.3076
vn 0.9386 -0.1622 -0.3045
vn 0.9230 -0.2416 -0.2995
vn 0.9014 -0.3194 -0.2924
vn 0.9285 -0.3332 -0.1642
vn 0.9414 -0.3367 -0.0186
vn 0.9416 -0.3366 -0.0025
vn 0.9416 -0.3366 -0.0002
vn 0.9669 -0.2553 -0.0002
vn 0.9851 -0.1717 -0.0002
vn 0.9963 -0.0865 -0.0002
vn 0.8981 -0.4100 -0.1589
vn 0.8631 -0.4814 -0.1528
vn 0.8739 -0.4858 -0.0173
vn 0.9101 -0.4140 -0.0180
vn 0.8243 -0.5470 -0.1461
vn 0.8340 -0.5515 -0.0165
vn 0.8741 -0.4857 -0.0023
vn 0.9103 -0.4140 -0.0024
vn 0.8342 -0.5514 -0.0022
vn 0.8742 -0.3941 -0.2836
vn 0.8426 -0.4641 -0.2733
vn 0.8073 -0.5289 -0.2619
vn 0.7699 -0.5873 -0.2497
vn 0.7838 -0.6052 -0.1390
vn 0.7924 -0.6098 -0.0156
vn 0.7926 -0.6097 -0.0021
vn 0.7926 -0.6097 -0.0001
vn 0.8342 -0.5514 -0.0002
vn 0.8741 -0.4857 -0.0002
vn 0.9103 -0.4140 -0.0002
vn 0.7028 -0.7003 -0.1248
vn 0.7087 -0.7054 -0.0140
vn 0.7273 -0.6862 -0.0144
vn 0.7208 -0.6813 -0.1279
vn 0.7088 -0.7054 -0.0019
vn 0.7274 -0.6862 -0.0019
vn 0.7552 -0.6553 -0.0149
vn 0.7478 -0.6506 -0.1327
vn 0.7554 -0.6553 -0.0020
vn 0.6793 -0.7000 -0.2203
vn 0.6906 -0.7129 -0.1220
vn 0.6917 -0.6865 -0.2243
vn 0.6967 -0.7172 -0.0137
vn 0.6969 -0.7172 -0.0019
vn 0.6969 -0.7171 -0.0001
vn 0.7088 -0.7054 -0.0001
vn 0.7274 -0.6862 -0.0001
vn 0.7554 -0.6553 -0.0001
vn 0.7356 -0.6340 -0.2386
vn 0.7094 -0.6662 -0.2301
vn -0.0000 -0.0000 1.0000
vn 0.0722 0.0483 -0.9962
vn 0.0722 0.0406 -0.9966
vn 0.0422 0.0250 -0.9988
vn 0.0422 0.0298 -0.9987
vn 0.0722 0.0332 -0.9968
vn 0.0422 0.0205 -0.9989
vn 0.0058 0.0034 -1.0000
vn 0.0058 0.0041 -1.0000
vn 0.0058 0.0028 -1.0000
vn 0.5120 0.3445 -0.7869
vn 0.5088 0.3605 -0.7818
vn 0.5211 0.2946 -0.8010
vn 0.5187 0.3087 -0.7973
vn 0.5287 0.2444 -0.8128
vn 0.5270 0.2564 -0.8102
vn -0.5538 0.8326 -0.0013
vn -0.5367 0.8438 -0.0011
vn -0.5415 0.8407 -0.0079
vn -0.5590 0.8291 -0.0096
vn -0.5131 0.8583 -0.0009
vn -0.5162 0.8564 -0.0062
vn -0.5516 0.8307 -0.0748
vn -0.5690 0.8173 -0.0909
vn -0.5259 0.8487 -0.0552
vn -0.5679 0.8231 -0.0001
vn -0.5524 0.8336 -0.0001
vn -0.5692 0.8222 -0.0015
vn -0.5355 0.8445 -0.0001
vn -0.5123 0.8588 -0.0001
vn -0.4905 0.7960 -0.3545
vn -0.5528 0.8232 -0.1296
vn -0.5697 0.8063 -0.1592
vn -0.5827 0.8061 -0.1032
vn -0.5818 0.7925 -0.1826
vn -0.5741 0.8187 -0.0111
vn -0.3386 -0.9409 -0.0016
vn -0.3942 -0.9190 -0.0012
vn -0.3878 -0.9217 -0.0092
vn -0.3316 -0.9433 -0.0124
vn -0.4401 -0.8979 -0.0009
vn -0.4361 -0.8999 -0.0067
vn -0.3695 -0.9249 -0.0903
vn -0.3113 -0.9429 -0.1185
vn -0.4217 -0.9046 -0.0616
vn -0.2247 -0.9744 -0.0002
vn -0.3404 -0.9403 -0.0001
vn -0.2233 -0.9747 -0.0022
vn -0.3958 -0.9183 -0.0001
vn -0.4410 -0.8975 -0.0001
vn -0.3658 -0.9182 -0.1521
vn -0.3077 -0.9299 -0.2017
vn -0.1976 -0.9680 -0.1546
vn -0.2106 -0.9419 -0.2616
vn -0.2177 -0.9759 -0.0168
vn -0.2748 0.3668 -0.8888
vn -0.3127 0.4909 -0.8131
vn -0.1257 0.2352 -0.9638
vn -0.0448 0.0304 -0.9985
vn -0.3478 0.6414 -0.6838
vn -0.2169 0.4995 -0.8387
vn 0.0022 0.0392 -0.9992
vn 0.1292 -0.2716 -0.9537
vn -0.1132 0.3728 -0.9210
vn -0.3822 0.5079 -0.7720
vn -0.4039 0.5933 -0.6964
vn -0.2293 0.6066 -0.7613
vn -0.1390 0.5079 -0.8501
vn -0.0583 0.4218 -0.9048
vn -0.0547 0.2931 -0.9545
vn 0.0298 -0.0483 -0.9984
vn 0.1337 -0.4071 -0.9036
vn 0.0028 -0.1996 -0.9799
vn 0.0027 0.1133 -0.9936
vn 0.0188 0.1214 -0.9924
vn 0.0192 -0.1948 -0.9807
vn 0.0024 0.4501 -0.8930
vn 0.0172 0.4568 -0.8894
vn 0.1404 0.1459 -0.9793
vn 0.1302 -0.1724 -0.9764
vn 0.1247 0.4850 -0.8656
vn 0.0002 -0.3515 -0.9362
vn 0.0002 -0.2006 -0.9797
vn 0.0030 -0.3512 -0.9363
vn 0.0002 0.1114 -0.9938
vn 0.0002 0.4487 -0.8937
vn 0.0017 0.7705 -0.6375
vn 0.0117 0.7734 -0.6338
vn 0.0824 0.7889 -0.6090
vn 0.2151 0.4873 -0.8463
vn 0.2381 0.1616 -0.9577
vn 0.2266 -0.1355 -0.9645
vn 0.1130 -0.3263 -0.9385
vn 0.2066 -0.3005 -0.9311
vn 0.0193 -0.3483 -0.9372
vn 0.0000 -0.2007 -0.9796
vn 0.0000 0.1112 -0.9938
vn 0.0000 0.4485 -0.8938
vn -0.0000 -0.3517 -0.9361
vn -0.0000 -0.2009 -0.9796
vn 0.0000 -0.3516 -0.9361
vn 0.0000 0.1109 -0.9938
vn 0.0001 0.4482 -0.8939
vn 0.0000 0.7700 -0.6381
vn 0.1300 -0.3014 -0.9446
vn 0.0184 -0.1812 -0.9833
vn 0.0251 -0.3231 -0.9460
vn 0.1683 -0.4771 -0.8626
vn 0.0026 -0.1643 -0.9864
vn 0.0038 -0.2990 -0.9542
vn 0.0389 -0.8885 -0.4572
vn 0.0056 -0.8709 -0.4914
vn 0.0072 -0.9528 -0.3034
vn 0.0425 -0.9662 -0.2543
vn 0.0007 -0.8682 -0.4962
vn 0.0011 -0.9504 -0.3110
vn 0.2344 -0.2603 -0.9366
vn 0.1351 -0.1509 -0.9793
vn 0.2161 -0.4567 -0.8630
vn 0.0188 -0.0318 -0.9993
vn 0.0027 -0.0153 -0.9999
vn 0.0002 -0.0128 -0.9999
vn 0.0002 -0.1617 -0.9868
vn 0.0003 -0.2951 -0.9555
vn 0.0000 -0.8679 -0.4968
vn 0.0001 -0.9500 -0.3122
vn 0.1201 -0.9854 -0.1207
vn 0.3195 -0.9147 -0.2473
vn 0.2079 -0.5170 -0.8304
vn 0.1352 -0.0602 -0.9890
vn 0.0185 -0.0082 -0.9998
vn 0.0185 -0.0101 -0.9998
vn 0.1350 -0.0735 -0.9881
vn 0.0026 -0.0012 -1.0000
vn 0.0026 -0.0014 -1.0000
vn 0.0185 -0.0120 -0.9998
vn 0.1349 -0.0873 -0.9870
vn 0.0026 -0.0017 -1.0000
vn 0.2416 -0.0889 -0.9663
vn 0.1353 -0.0474 -0.9897
vn 0.2410 -0.1129 -0.9639
vn 0.0185 -0.0065 -0.9998
vn 0.0026 -0.0009 -1.0000
vn 0.0002 -0.0001 -1.0000
vn 0.0026 -0.0020 -1.0000
vn 0.0185 -0.0140 -0.9997
vn 0.1347 -0.1016 -0.9857
vn 0.2394 -0.1631 -0.9571
vn 0.2383 -0.1888 -0.9527
vn 0.2403 -0.1376 -0.9609
vn 0.1355 -0.0115 -0.9907
vn 0.0184 -0.0016 -0.9998
vn 0.0184 -0.0032 -0.9998
vn 0.1355 -0.0232 -0.9905
vn 0.0026 -0.0002 -1.0000
vn 0.0026 -0.0004 -1.0000
vn 0.0185 -0.0048 -0.9998
vn 0.1354 -0.0351 -0.9902
vn 0.0026 -0.0007 -1.0000
vn 0.2425 -0.0000 -0.9701
vn 0.1355 0.0000 -0.9908
vn 0.2425 -0.0216 -0.9699
vn 0.0184 0.0000 -0.9998
vn 0.0026 0.0000 -1.0000
vn 0.0002 -0.0000 -1.0000
vn 0.2420 -0.0658 -0.9680
vn 0.2423 -0.0434 -0.9692
vn 0.1354 0.0351 -0.9902
vn 0.0185 0.0048 -0.9998
vn 0.0184 0.0032 -0.9998
vn 0.1355 0.0232 -0.9905
vn 0.0026 0.0007 -1.0000
vn 0.0026 0.0004 -1.0000
vn 0.0184 0.0016 -0.9998
vn 0.1355 0.0115 -0.9907
vn 0.0026 0.0002 -1.0000
vn 0.2420 0.0657 -0.9680
vn 0.2425 0.0216 -0.9699
vn 0.2423 0.0434 -0.9692
vn -0.0000 0.0127 -0.9999
vn 0.0002 0.0002 -1.0000
vn -0.0000 -0.0126 0.9999
vn 0.0004 -0.0130 0.9999
vn 0.0004 -0.0004 1.0000
vn 0.0004 -0.0003 1.0000
vn 0.0004 -0.0002 1.0000
vn 0.0004 -0.0000 1.0000
vn 0.0004 -0.0001 1.0000
vn 0.0004 0.0001 1.0000
vn 0.1850 0.1201 0.9754
vn 0.1856 0.1013 0.9774
vn 0.0260 0.0142 0.9996
vn 0.0261 0.0169 0.9995
vn 0.1861 0.0831 0.9790
vn 0.0260 0.0116 0.9996
vn 0.0037 0.0020 1.0000
vn 0.0037 0.0024 1.0000
vn 0.0037 0.0016 1.0000
vn 0.3241 0.2211 0.9198
vn 0.3264 0.1870 0.9265
vn 0.3283 0.1538 0.9320
vn 0.0054 0.1706 0.9853
vn 0.0393 0.1976 0.9795
vn 0.0240 0.3204 0.9470
vn 0.0030 0.3073 0.9516
vn 0.0710 0.1620 0.9842
vn 0.0665 0.3501 0.9343
vn 0.0031 0.8882 0.4594
vn 0.0222 0.8849 0.4652
vn 0.0092 0.9585 0.2849
vn 0.0012 0.9603 0.2791
vn 0.2314 0.8415 0.4881
vn 0.0772 0.9531 0.2928
vn 0.0057 0.0185 0.9998
vn 0.0413 0.0558 0.9976
vn 0.0721 0.0820 0.9940
vn 0.4689 0.5109 0.7205
vn 0.4712 0.5044 0.7236
vn 0.4528 0.5543 0.6984
vn 0.4330 0.6018 0.6710
vn 0.0219 0.9974 0.0691
vn 0.0028 0.9979 0.0643
vn 0.0004 0.9980 0.0637
vn -0.6732 -0.7395 -0.0020
vn -0.6736 -0.7390 -0.0145
vn -0.6425 -0.7661 -0.0137
vn -0.6407 -0.7678 -0.0018
vn -0.6693 -0.7316 -0.1295
vn -0.6428 -0.7560 -0.1236
vn -0.5988 -0.8008 -0.0123
vn -0.5950 -0.8037 -0.0017
vn -0.6047 -0.7883 -0.1135
vn -0.6845 -0.7290 -0.0020
vn -0.6731 -0.7396 -0.0001
vn -0.6845 -0.7289 -0.0148
vn -0.6788 -0.7224 -0.1316
vn -0.6651 -0.7087 -0.2356
vn -0.6557 -0.7186 -0.2316
vn -0.6303 -0.7446 -0.2197
vn -0.5979 -0.7759 -0.2012
vn -0.5940 -0.8045 -0.0001
vn -0.6403 -0.7682 -0.0001
vn 0.0000 0.9402 0.3406
vn -0.0000 0.9880 0.1546
vn -0.0000 0.7691 0.6391
vn 0.0001 0.9404 0.3402
vn 0.0001 0.9880 0.1543
vn 0.0555 -0.9472 0.3159
vn 0.0082 -0.9412 0.3377
vn 0.0037 -0.9878 0.1559
vn 0.0248 -0.9891 0.1454
vn 0.0012 -0.9401 0.3410
vn 0.0005 -0.9875 0.1575
vn 0.0017 -0.9974 0.0720
vn 0.0114 -0.9977 0.0664
vn 0.0002 -0.9973 0.0728
vn 0.1124 -0.7927 0.5991
vn 0.0165 -0.7736 0.6334
vn 0.0023 -0.7697 0.6384
vn 0.0002 -0.7691 0.6392
vn 0.0001 -0.9399 0.3415
vn 0.0000 -0.9875 0.1577
vn 0.0000 -0.9966 0.0827
vn 0.0004 -0.9966 0.0824
vn 0.0024 -0.9968 0.0803
vn 0.0140 -0.9976 0.0680
vn 0.0000 -0.9399 -0.3415
vn -0.0000 -0.7699 -0.6382
vn 0.0001 -0.9400 -0.3411
vn -0.0000 -0.9966 -0.0826
vn 0.0001 -0.9875 -0.1575
vn 0.0406 0.9459 -0.3219
vn 0.0059 0.9412 -0.3379
vn 0.0026 0.9882 -0.1533
vn 0.0178 0.9891 -0.1459
vn 0.0008 0.9403 -0.3402
vn 0.0004 0.9880 -0.1544
vn 0.0011 0.9979 -0.0644
vn 0.0074 0.9981 -0.0611
vn 0.0002 0.9979 -0.0649
vn 0.0001 0.9402 -0.3406
vn 0.0000 0.9880 -0.1545
vn 0.2226 0.9749 0.0029
vn 0.0312 0.9995 0.0030
vn 0.0301 0.9993 0.0216
vn 0.2169 0.9760 0.0203
vn 0.0044 1.0000 0.0031
vn 0.0043 0.9997 0.0224
vn 0.0283 0.9844 0.1737
vn 0.1926 0.9693 0.1531
vn 0.0041 0.9839 0.1786
vn 0.3862 0.9224 0.0002
vn 0.2237 0.9747 0.0002
vn 0.3844 0.9232 0.0028
vn 0.0315 0.9995 0.0002
vn 0.0045 1.0000 0.0002
vn 0.0003 1.0000 0.0002
vn 0.0003 1.0000 0.0031
vn 0.0003 0.9997 0.0226
vn 0.0003 0.9837 0.1796
vn 0.0003 0.9486 0.3163
vn 0.0039 0.9492 0.3146
vn 0.0265 0.9516 0.3063
vn 0.1653 0.9480 0.2719
vn 0.3364 0.9327 0.1303
vn 0.2972 0.9251 0.2361
vn 0.3756 0.9266 0.0191
vn 0.1773 -0.2613 0.9489
vn 0.1946 0.1095 0.9748
vn 0.0269 0.0777 0.9966
vn 0.0266 -0.2917 0.9561
vn 0.1715 0.4824 0.8590
vn 0.0244 0.4473 0.8941
vn 0.0038 0.0677 0.9977
vn 0.0039 -0.2975 0.9547
vn 0.0035 0.4386 0.8987
vn 0.2737 -0.4064 0.8718
vn 0.3078 -0.2194 0.9258
vn 0.1529 -0.4417 0.8840
vn 0.3289 0.1310 0.9352
vn 0.2934 0.4955 0.8176
vn 0.0002 0.4368 0.8996
vn 0.0003 0.0654 0.9979
vn 0.0003 -0.2987 0.9544
vn 0.0040 -0.4732 0.8809
vn 0.0003 -0.4736 0.8807
vn 0.0257 -0.4701 0.8822
vn -0.0000 -0.4485 -0.8938
vn -0.0000 -0.1112 -0.9938
vn -0.0000 0.2007 -0.9797
vn 0.0001 -0.4482 -0.8939
vn 0.0000 -0.1109 -0.9938
vn -0.0000 0.2009 -0.9796
vn -0.0000 0.3517 -0.9361
vn 0.0000 0.3516 -0.9362
vn 0.1715 -0.4824 0.8590
vn 0.1946 -0.1095 0.9748
vn 0.0269 -0.0777 0.9966
vn 0.0244 -0.4473 0.8941
vn 0.1773 0.2613 0.9489
vn 0.0266 0.2917 0.9561
vn 0.0038 -0.0677 0.9977
vn 0.0035 -0.4386 0.8987
vn 0.0039 0.2975 0.9547
vn 0.2934 -0.4955 0.8176
vn 0.3289 -0.1310 0.9352
vn 0.3078 0.2195 0.9258
vn 0.2737 0.4064 0.8718
vn 0.1529 0.4418 0.8840
vn 0.0257 0.4701 0.8822
vn 0.0040 0.4732 0.8809
vn 0.0003 0.4736 0.8807
vn 0.0003 0.2987 0.9544
vn 0.0003 -0.0654 0.9979
vn 0.0002 -0.4368 0.8996
vn -0.0000 -1.0000 0.0031
vn -0.0000 -0.9997 0.0226
vn -0.0000 -0.9837 0.1798
vn -0.0001 -1.0000 0.0002
vn -0.0000 -1.0000 0.0002
vn -0.0001 -1.0000 0.0031
vn 0.0000 -0.9486 0.3165
vn -0.0001 -0.9837 0.1797
vn -0.0001 -0.9486 0.3164
vn -0.0001 -0.9997 0.0226
vn 0.0000 -0.9792 -0.2027
vn -0.0000 -0.9997 -0.0234
vn 0.0000 -1.0000 -0.0032
vn -0.0001 -0.9333 -0.3590
vn 0.0000 -0.9333 -0.3592
vn -0.0001 -0.9792 -0.2027
vn 0.0003 -0.9334 -0.3589
vn 0.0003 -0.9793 -0.2026
vn 0.0003 -0.9997 -0.0234
vn 0.0003 -1.0000 -0.0032
vn 0.0003 -1.0000 -0.0002
vn -0.0000 -1.0000 -0.0002
vn -0.0001 -1.0000 -0.0032
vn -0.0001 -1.0000 -0.0002
vn -0.0001 -0.9997 -0.0234
vn 0.1908 0.9667 -0.1706
vn 0.0278 0.9804 -0.1951
vn 0.0301 0.9993 -0.0223
vn 0.2169 0.9760 -0.0210
vn 0.0040 0.9795 -0.2013
vn 0.0043 0.9997 -0.0232
vn 0.0312 0.9995 -0.0030
vn 0.2226 0.9749 -0.0029
vn 0.0044 1.0000 -0.0031
vn 0.2904 0.9196 -0.2647
vn 0.1634 0.9381 -0.3053
vn 0.3334 0.9315 -0.1454
vn 0.0254 0.9377 -0.3465
vn 0.0037 0.9342 -0.3568
vn 0.0003 0.9334 -0.3589
vn 0.0003 0.9793 -0.2026
vn 0.0003 0.9997 -0.0234
vn 0.0003 1.0000 -0.0032
vn 0.0003 1.0000 -0.0002
vn 0.0045 1.0000 -0.0002
vn 0.0315 0.9995 -0.0002
vn 0.2237 0.9747 -0.0002
vn 0.3844 0.9232 -0.0028
vn 0.3862 0.9224 -0.0002
vn 0.3755 0.9266 -0.0197
vn -0.3406 -0.9402 0.0000
vn -0.3960 -0.9183 0.0000
vn -0.4411 -0.8974 0.0000
vn -0.2247 -0.9744 0.0002
vn -0.3404 -0.9403 0.0001
vn -0.2249 -0.9744 0.0000
vn -0.3958 -0.9183 0.0001
vn -0.4410 -0.8975 0.0001
vn -0.4804 -0.8771 0.0001
vn -0.4804 -0.8771 0.0000
vn -0.5523 0.8337 0.0000
vn -0.5354 0.8446 0.0000
vn -0.5122 0.8588 -0.0000
vn -0.5679 0.8231 0.0001
vn -0.5524 0.8336 0.0001
vn -0.5677 0.8232 0.0000
vn -0.5355 0.8445 0.0001
vn -0.5123 0.8588 0.0001
vn -0.4804 0.8770 0.0001
vn -0.4804 0.8770 -0.0000
vn -0.8160 -0.5612 0.1384
vn -0.8568 -0.4949 0.1451
vn -0.8651 -0.5013 0.0180
vn -0.8230 -0.5678 0.0172
vn -0.8938 -0.4222 0.1511
vn -0.9035 -0.4282 0.0188
vn -0.8651 -0.5016 0.0025
vn -0.8230 -0.5681 0.0024
vn -0.9036 -0.4284 0.0026
vn -0.7957 -0.5541 0.2447
vn -0.8343 -0.4880 0.2566
vn -0.8693 -0.4158 0.2674
vn 0.7088 -0.7054 0.0000
vn 0.7274 -0.6862 -0.0000
vn 0.7554 -0.6553 -0.0000
vn 0.6969 -0.7171 0.0000
vn 0.6969 -0.7171 0.0001
vn 0.7088 -0.7054 0.0001
vn 0.7274 -0.6862 0.0001
vn 0.7554 -0.6553 0.0001
vn 0.7926 -0.6097 0.0001
vn 0.7926 -0.6097 -0.0000
vn 0.9103 -0.4140 0.0000
vn 0.8741 -0.4857 0.0000
vn 0.8342 -0.5514 0.0000
vn 0.9416 -0.3366 0.0002
vn 0.9416 -0.3366 0.0000
vn 0.9103 -0.4140 0.0002
vn 0.8342 -0.5514 0.0002
vn 0.8741 -0.4857 0.0002
vn 0.9963 -0.0865 -0.0000
vn 0.9851 -0.1717 0.0000
vn 0.9669 -0.2553 0.0000
vn 1.0000 0.0000 0.0002
vn 1.0000 0.0000 -0.0000
vn 0.9963 -0.0865 0.0002
vn 0.9669 -0.2553 0.0002
vn 0.9851 -0.1717 0.0002
vn 0.9669 0.2553 -0.0000
vn 0.9851 0.1717 0.0000
vn 0.9963 0.0865 0.0000
vn 0.9416 0.3366 -0.0000
vn 0.9669 0.2553 0.0002
vn 0.9416 0.3367 0.0000
vn 0.9963 0.0865 0.0002
vn 0.9851 0.1717 0.0002
vn 0.8237 0.5479 -0.1460
vn 0.8627 0.4820 -0.1528
vn 0.8736 0.4864 -0.0173
vn 0.8334 0.5524 -0.0165
vn 0.8980 0.4103 -0.1589
vn 0.9100 0.4143 -0.0180
vn 0.8738 0.4863 -0.0023
vn 0.8336 0.5523 -0.0022
vn 0.9102 0.4142 -0.0024
vn 0.7692 0.5883 -0.2495
vn 0.8067 0.5298 -0.2617
vn 0.7831 0.6062 -0.1389
vn 0.8423 0.4646 -0.2732
vn 0.8741 0.3943 -0.2836
vn 0.9102 0.4142 -0.0002
vn 0.8738 0.4863 -0.0002
vn 0.8336 0.5523 -0.0002
vn 0.7919 0.6107 -0.0021
vn 0.7919 0.6107 -0.0001
vn 0.7917 0.6108 -0.0156
vn 0.3827 -0.9224 -0.0530
vn 0.4211 -0.9070 -0.0071
vn 0.2003 -0.9797 -0.0032
vn 0.1810 -0.9832 -0.0238
vn 0.4264 -0.9045 -0.0010
vn 0.2030 -0.9792 -0.0004
vn 0.0916 -0.9958 -0.0015
vn 0.0819 -0.9966 -0.0111
vn 0.0930 -0.9957 -0.0002
vn 0.6715 -0.7335 -0.1054
vn 0.7229 -0.6908 -0.0135
vn 0.7294 -0.6841 -0.0019
vn 0.7303 -0.6832 -0.0001
vn 0.4271 -0.9042 -0.0001
vn 0.0968 -0.9953 -0.0003
vn 0.0945 -0.9955 -0.0021
vn 0.0781 -0.9968 -0.0140
vn 0.4264 0.9045 -0.0000
vn 0.7303 0.6831 -0.0000
vn 0.4264 0.9046 0.0001
vn 0.0768 0.9970 0.0000
vn -0.6696 0.7313 -0.1296
vn -0.6739 0.7387 -0.0145
vn -0.6445 0.7645 -0.0137
vn -0.6445 0.7545 -0.1238
vn -0.6735 0.7392 -0.0020
vn -0.6428 0.7660 -0.0019
vn -0.6025 0.7980 -0.0124
vn -0.6080 0.7857 -0.1140
vn -0.5989 0.8008 -0.0017
vn -0.6651 0.7086 -0.2356
vn -0.6788 0.7224 -0.1316
vn -0.6560 0.7183 -0.2317
vn -0.6845 0.7289 -0.0148
vn -0.6845 0.7290 -0.0020
vn -0.6845 0.7290 -0.0001
vn -0.6734 0.7393 -0.0001
vn -0.6423 0.7664 -0.0001
vn -0.5980 0.8015 -0.0001
vn -0.6009 0.7733 -0.2023
vn -0.6320 0.7430 -0.2203
vn -0.8911 0.4204 -0.1710
vn -0.9036 0.4279 -0.0195
vn -0.8654 0.5007 -0.0187
vn -0.8546 0.4926 -0.1643
vn -0.9037 0.4281 -0.0026
vn -0.8655 0.5010 -0.0025
vn -0.8236 0.5669 -0.0178
vn -0.8145 0.5585 -0.1569
vn -0.8236 0.5671 -0.0024
vn -0.8883 0.3342 -0.3152
vn -0.9228 0.3422 -0.1767
vn -0.8591 0.4111 -0.3048
vn -0.9370 0.3488 -0.0202
vn -0.9371 0.3490 -0.0027
vn -0.9371 0.3490 -0.0002
vn -0.9037 0.4282 -0.0002
vn -0.8655 0.5010 -0.0002
vn -0.8236 0.5672 -0.0002
vn -0.7803 0.6254 -0.0002
vn -0.7803 0.6254 -0.0023
vn -0.7803 0.6251 -0.0168
vn -0.7728 0.6169 -0.1492
vn -0.7882 0.5483 -0.2796
vn -0.7494 0.6064 -0.2657
vn -0.8254 0.4826 -0.2928
vn -0.9784 0.0881 -0.1868
vn -0.9957 0.0900 -0.0215
vn -0.9837 0.1786 -0.0212
vn -0.9671 0.1749 -0.1847
vn -0.9959 0.0901 -0.0029
vn -0.9839 0.1787 -0.0029
vn -0.9640 0.2651 -0.0208
vn -0.9485 0.2598 -0.1814
vn -0.9642 0.2652 -0.0028
vn -0.9424 0.0000 -0.3345
vn -0.9823 0.0000 -0.1875
vn -0.9389 0.0857 -0.3332
vn -0.9998 0.0000 -0.0216
vn -1.0000 0.0000 -0.0029
vn -1.0000 0.0000 -0.0002
vn -0.9959 0.0901 -0.0002
vn -0.9839 0.1787 -0.0002
vn -0.9642 0.2652 -0.0002
vn -0.9117 0.2533 -0.3235
vn -0.9286 0.1703 -0.3296
vn -0.9485 -0.2598 -0.1814
vn -0.9640 -0.2651 -0.0208
vn -0.9837 -0.1786 -0.0212
vn -0.9671 -0.1749 -0.1847
vn -0.9642 -0.2652 -0.0028
vn -0.9839 -0.1787 -0.0029
vn -0.9957 -0.0900 -0.0215
vn -0.9784 -0.0881 -0.1868
vn -0.9959 -0.0901 -0.0029
vn -0.9117 -0.2533 -0.3235
vn -0.9642 -0.2652 -0.0002
vn -0.9839 -0.1787 -0.0002
vn -0.9959 -0.0901 -0.0002
vn -0.9389 -0.0857 -0.3332
vn -0.9287 -0.1703 -0.3295
vn 0.9569 -0.2496 -0.1482
vn 0.9829 0.0774 -0.1670
vn 0.9992 0.0351 -0.0190
vn 0.9587 -0.2838 -0.0185
vn 0.8970 0.4142 -0.1542
vn 0.9344 0.3558 -0.0183
vn 0.9997 0.0259 -0.0026
vn 0.9573 -0.2890 -0.0026
vn 0.9383 0.3459 -0.0025
vn 0.8979 -0.3755 -0.2297
vn 0.9422 -0.2117 -0.2597
vn 0.9023 -0.4122 -0.1259
vn 0.9539 0.0951 -0.2847
vn 0.8676 0.4192 -0.2676
vn 0.9389 0.3441 -0.0002
vn 0.9997 0.0240 -0.0002
vn 0.9571 -0.2899 -0.0002
vn 0.8946 -0.4468 -0.0026
vn 0.8945 -0.4470 -0.0002
vn 0.8959 -0.4439 -0.0178
vn -0.0015 0.9794 -0.2021
vn -0.0107 0.9799 -0.1991
vn -0.0122 0.9997 -0.0229
vn -0.0017 0.9997 -0.0233
vn -0.0683 0.9803 -0.1856
vn -0.0776 0.9968 -0.0210
vn -0.0125 0.9999 -0.0031
vn -0.0018 1.0000 -0.0032
vn -0.0799 0.9968 -0.0028
vn -0.0001 0.9333 -0.3590
vn -0.0017 0.9338 -0.3578
vn -0.0001 0.9792 -0.2027
vn -0.0119 0.9361 -0.3516
vn -0.0778 0.9431 -0.3233
vn -0.0804 0.9968 -0.0002
vn -0.0126 0.9999 -0.0002
vn -0.0018 1.0000 -0.0002
vn -0.0001 1.0000 -0.0032
vn -0.0001 1.0000 -0.0002
vn -0.0001 0.9997 -0.0234
vn 0.6564 0.7544 0.0000
vn 0.5006 0.8657 -0.0000
vn 0.2399 0.9708 -0.0000
vn 0.2400 0.9708 -0.0000
vn 0.6969 0.7172 0.0000
vn 0.8336 0.5523 -0.0000
vn 0.8738 0.4863 0.0000
vn 0.9102 0.4142 0.0000
vn 0.7919 0.6107 -0.0000
vn -0.4411 0.8974 -0.0000
vn -0.3960 0.9183 -0.0000
vn -0.3406 0.9402 0.0000
vn -0.4410 0.8975 0.0001
vn -0.3958 0.9183 0.0001
vn -0.3404 0.9403 0.0001
vn -0.2249 0.9744 0.0000
vn 0.8970 -0.4142 -0.1542
vn 0.9829 -0.0774 -0.1670
vn 0.9992 -0.0351 -0.0190
vn 0.9344 -0.3558 -0.0183
vn 0.9569 0.2496 -0.1482
vn 0.9587 0.2838 -0.0185
vn 0.9997 -0.0259 -0.0026
vn 0.9383 -0.3459 -0.0025
vn 0.9573 0.2890 -0.0026
vn 0.8676 -0.4192 -0.2676
vn 0.9539 -0.0951 -0.2847
vn 0.9422 0.2117 -0.2597
vn 0.8979 0.3755 -0.2297
vn 0.9024 0.4122 -0.1259
vn 0.8959 0.4439 -0.0178
vn 0.8946 0.4468 -0.0026
vn 0.8945 0.4470 -0.0002
vn 0.9571 0.2899 -0.0002
vn 0.9997 -0.0240 -0.0002
vn 0.9389 -0.3441 -0.0002
vn 0.0040 -0.9795 -0.2013
vn 0.0278 -0.9804 -0.1951
vn 0.0301 -0.9993 -0.0223
vn 0.0043 -0.9997 -0.0232
vn 0.1908 -0.9667 -0.1706
vn 0.2169 -0.9760 -0.0210
vn 0.0312 -0.9995 -0.0030
vn 0.0044 -1.0000 -0.0031
vn 0.2226 -0.9749 -0.0029
vn 0.0037 -0.9342 -0.3568
vn 0.0254 -0.9377 -0.3465
vn 0.1634 -0.9381 -0.3053
vn 0.2904 -0.9196 -0.2647
vn 0.3334 -0.9315 -0.1454
vn 0.3755 -0.9266 -0.0197
vn 0.3844 -0.9232 -0.0028
vn 0.3862 -0.9224 -0.0002
vn 0.2237 -0.9747 -0.0002
vn 0.0315 -0.9995 -0.0002
vn 0.0045 -1.0000 -0.0002
vn -0.5120 -0.8590 0.0000
vn -0.5347 -0.8451 0.0000
vn -0.5506 -0.8348 0.0000
vn -0.5121 -0.8589 0.0001
vn -0.5348 -0.8450 0.0001
vn -0.5507 -0.8347 0.0001
vn -0.5645 -0.8255 0.0001
vn -0.5643 -0.8256 0.0000
vn 0.0000 0.9792 -0.2027
vn -0.0000 0.9997 -0.0234
vn 0.0000 1.0000 -0.0032
vn 0.0000 0.9333 -0.3592
vn 0.0000 1.0000 -0.0002
vn -0.0683 -0.9803 -0.1856
vn -0.0107 -0.9799 -0.1991
vn -0.0122 -0.9997 -0.0229
vn -0.0776 -0.9968 -0.0210
vn -0.0015 -0.9794 -0.2021
vn -0.0017 -0.9997 -0.0233
vn -0.0125 -0.9999 -0.0031
vn -0.0799 -0.9968 -0.0028
vn -0.0018 -1.0000 -0.0032
vn -0.0778 -0.9431 -0.3233
vn -0.0119 -0.9361 -0.3516
vn -0.0017 -0.9338 -0.3578
vn -0.0018 -1.0000 -0.0002
vn -0.0126 -0.9999 -0.0002
vn -0.0804 -0.9968 -0.0002
vn -0.0799 -0.9968 0.0028
vn -0.0125 -0.9999 0.0031
vn -0.0122 -0.9997 0.0221
vn -0.0776 -0.9968 0.0203
vn -0.0018 -1.0000 0.0031
vn -0.0017 -0.9997 0.0225
vn -0.0108 -0.9843 0.1764
vn -0.0690 -0.9840 0.1641
vn -0.0015 -0.9838 0.1792
vn -0.0804 -0.9968 0.0002
vn -0.2233 -0.9747 0.0022
vn -0.0126 -0.9999 0.0002
vn -0.0018 -1.0000 0.0002
vn -0.0017 -0.9490 0.3152
vn -0.0119 -0.9507 0.3098
vn -0.0775 -0.9555 0.2845
vn -0.1990 -0.9705 0.1361
vn -0.2103 -0.9502 0.2298
vn -0.2178 -0.9759 0.0162
vn 0.0526 -0.4292 -0.9017
vn 0.0134 -0.0795 -0.9967
vn 0.0027 -0.0984 -0.9951
vn 0.0089 -0.4368 -0.8995
vn -0.0158 0.2364 -0.9715
vn -0.0020 0.2095 -0.9778
vn 0.0004 -0.1082 -0.9941
vn 0.0013 -0.4454 -0.8953
vn -0.0003 0.2025 -0.9793
vn 0.0879 -0.7879 -0.6095
vn -0.0147 0.3735 -0.9275
vn -0.0022 0.3566 -0.9343
vn -0.0003 0.3525 -0.9358
vn 0.0019 -0.7703 -0.6377
vn 0.0133 -0.7733 -0.6339
vn 0.0675 -0.9573 -0.2812
vn 0.0104 -0.9462 -0.3234
vn 0.0058 -0.9891 -0.1471
vn 0.0383 -0.9910 -0.1286
vn 0.0015 -0.9412 -0.3377
vn 0.0009 -0.9879 -0.1553
vn 0.0035 -0.9975 -0.0699
vn 0.0235 -0.9977 -0.0636
vn 0.0005 -0.9974 -0.0723
vn 0.0005 -0.9966 -0.0827
vn 0.0037 -0.9965 -0.0833
vn 0.0283 -0.9957 -0.0880
vn 0.0634 0.9580 0.2797
vn 0.0098 0.9466 0.3222
vn 0.0052 0.9896 0.1438
vn 0.0331 0.9916 0.1253
vn 0.0014 0.9416 0.3367
vn 0.0008 0.9884 0.1521
vn 0.0028 0.9981 0.0620
vn 0.0183 0.9983 0.0562
vn 0.0004 0.9979 0.0643
vn 0.0058 0.0016 1.0000
vn 0.0058 0.0011 1.0000
vn 0.0423 0.0078 0.9991
vn 0.0423 0.0119 0.9990
vn 0.0058 0.0005 1.0000
vn 0.0423 0.0039 0.9991
vn 0.3239 0.0599 0.9442
vn 0.3223 0.0904 0.9423
vn 0.3248 0.0299 0.9453
vn 0.0058 0.0000 1.0000
vn 0.0423 0.0000 0.9991
vn 0.3252 -0.0000 0.9457
vn 0.5451 -0.0000 0.8384
vn 0.5445 0.0481 0.8374
vn 0.5426 0.0962 0.8345
vn 0.5394 0.1448 0.8295
vn 0.0058 -0.0005 1.0000
vn 0.0058 -0.0011 1.0000
vn 0.0423 -0.0079 0.9991
vn 0.0423 -0.0039 0.9991
vn 0.0058 -0.0016 1.0000
vn 0.0423 -0.0119 0.9990
vn 0.3239 -0.0599 0.9442
vn 0.3248 -0.0299 0.9453
vn 0.3223 -0.0904 0.9423
vn 0.0058 -0.0022 1.0000
vn 0.0423 -0.0161 0.9990
vn 0.3200 -0.1215 0.9396
vn 0.5348 -0.1943 0.8223
vn 0.5394 -0.1448 0.8295
vn 0.5426 -0.0962 0.8345
vn 0.5445 -0.0481 0.8374
vn 0.0058 -0.0028 1.0000
vn 0.0058 -0.0034 1.0000
vn 0.0422 -0.0250 0.9988
vn 0.0422 -0.0205 0.9989
vn 0.0058 -0.0041 1.0000
vn 0.0421 -0.0297 0.9987
vn 0.0722 -0.0405 0.9966
vn 0.0722 -0.0332 0.9968
vn 0.0722 -0.0482 0.9962
vn 0.0058 -0.0048 1.0000
vn 0.0421 -0.0345 0.9985
vn 0.0722 -0.0561 0.9958
vn 0.5089 -0.3597 0.7821
vn 0.4978 -0.4090 0.7648
vn 0.5018 -0.3923 0.7709
vn 0.5122 -0.3438 0.7871
vn 0.5188 -0.3082 0.7974
vn 0.5212 -0.2942 0.8011
vn 0.5271 -0.2562 0.8103
vn 0.5287 -0.2443 0.8129
vn 0.0710 -0.1594 0.9847
vn 0.0394 -0.1925 0.9805
vn 0.0241 -0.3099 0.9505
vn 0.0668 -0.3406 0.9378
vn 0.0054 -0.1649 0.9863
vn 0.0030 -0.2962 0.9551
vn 0.2398 -0.8278 0.5072
vn 0.0244 -0.8641 0.5027
vn 0.0103 -0.9478 0.3186
vn 0.0839 -0.9427 0.3228
vn 0.0034 -0.8667 0.4988
vn 0.0014 -0.9496 0.3135
vn 0.4712 -0.5044 0.7236
vn 0.4689 -0.5108 0.7206
vn 0.4343 -0.5987 0.6730
vn 0.4534 -0.5527 0.6993
vn 0.0721 -0.0819 0.9940
vn 0.0413 -0.0557 0.9976
vn 0.0057 -0.0184 0.9998
vn 0.0004 -0.1618 0.9868
vn 0.0002 -0.2950 0.9555
vn 0.0003 -0.8678 0.4968
vn 0.0001 -0.9500 0.3123
vn 0.2742 -0.9388 0.2086
vn 0.4634 -0.7946 0.3923
vn -0.0158 -0.2364 -0.9715
vn 0.0134 0.0796 -0.9967
vn 0.0027 0.0985 -0.9951
vn -0.0020 -0.2095 -0.9778
vn 0.0522 0.4298 -0.9014
vn 0.0088 0.4371 -0.8994
vn 0.0004 0.1082 -0.9941
vn -0.0003 -0.2025 -0.9793
vn 0.0013 0.4454 -0.8953
vn -0.0147 -0.3735 -0.9275
vn -0.0003 -0.3525 -0.9358
vn -0.0022 -0.3566 -0.9342
vn -0.0000 -0.1615 -0.9869
vn -0.0000 -0.1616 -0.9869
vn -0.0000 -0.2949 -0.9555
vn -0.0000 -0.2948 -0.9556
vn -0.0000 -0.8679 -0.4967
vn -0.0000 -0.9500 -0.3122
vn -0.0000 -0.9500 -0.3123
vn -0.0000 -0.8680 -0.4966
vn 0.0000 -0.0126 -0.9999
vn 0.0004 -0.1618 -0.9868
vn 0.0002 -0.2950 -0.9555
vn 0.0003 -0.8678 -0.4968
vn 0.0001 -0.9500 -0.3123
vn 0.0000 -0.9399 0.3415
vn 0.0000 -0.7690 0.6392
vn 0.0000 0.9402 -0.3406
vn 0.0000 1.0000 0.0031
vn 0.0000 0.9997 0.0226
vn 0.0000 0.9837 0.1798
vn 0.0000 1.0000 0.0002
vn 0.0000 0.9486 0.3165
vn -0.0000 -0.2988 0.9543
vn -0.0000 0.0652 0.9979
vn 0.0000 0.4366 0.8996
vn 0.0000 -0.4736 0.8807
vn 0.0000 -0.4366 0.8996
vn 0.0000 -0.0652 0.9979
vn 0.0000 0.2988 0.9543
vn -0.0000 0.4736 0.8807
vn 0.0000 1.0000 -0.0000
vn 0.0003 1.0000 0.0000
vn -0.0001 1.0000 0.0000
vn -0.0805 -0.9968 -0.0000
vn -0.0126 -0.9999 -0.0000
vn -0.0018 -1.0000 -0.0000
vn -0.0001 -1.0000 -0.0000
vn -0.5250 -0.8497 0.0485
vn -0.5506 -0.8322 0.0655
vn -0.5407 -0.8412 0.0076
vn -0.5160 -0.8566 0.0060
vn -0.5678 -0.8193 0.0796
vn -0.5574 -0.8302 0.0092
vn -0.5360 -0.8442 0.0010
vn -0.5128 -0.8585 0.0008
vn -0.5521 -0.8338 0.0013
vn -0.4791 -0.8768 0.0396
vn -0.5820 -0.7976 0.1584
vn -0.5805 -0.8093 0.0901
vn -0.5708 -0.8210 0.0106
vn -0.5658 -0.8245 0.0014
vn -0.4803 -0.8771 0.0008
vn -0.4802 -0.8771 0.0054
vn -0.4231 0.9045 0.0540
vn -0.3709 0.9253 0.0790
vn -0.3878 0.9217 0.0089
vn -0.4362 0.8998 0.0065
vn -0.3125 0.9442 0.1040
vn -0.3317 0.9433 0.0119
vn -0.3942 0.9190 0.0012
vn -0.4401 0.8979 0.0009
vn -0.3386 0.9409 0.0016
vn -0.4792 0.8768 0.0396
vn -0.3089 0.9346 0.1765
vn -0.4804 0.8771 0.0008
vn -0.4803 0.8771 0.0054
vn 0.3861 0.9212 0.0477
vn 0.4206 0.9072 0.0069
vn 0.1971 0.9804 0.0030
vn 0.1802 0.9834 0.0210
vn 0.4257 0.9049 0.0010
vn 0.1996 0.9799 0.0004
vn 0.0826 0.9966 0.0013
vn 0.0753 0.9971 0.0088
vn 0.0837 0.9965 0.0002
vn 0.9669 0.2553 0.0026
vn 0.9851 0.1717 0.0026
vn 0.9850 0.1718 0.0188
vn 0.9667 0.2554 0.0184
vn 0.9962 0.0865 0.0026
vn 0.9961 0.0865 0.0190
vn 0.9737 0.1703 0.1514
vn 0.9559 0.2532 0.1487
vn 0.9845 0.0857 0.1531
vn 1.0000 -0.0000 0.0026
vn 0.9998 -0.0000 0.0191
vn 0.9881 -0.0000 0.1536
vn 0.9626 0.0000 0.2708
vn 0.9593 0.0827 0.2699
vn 0.9496 0.1643 0.2671
vn 0.9334 0.2446 0.2625
vn 0.9962 -0.0865 0.0026
vn 0.9851 -0.1717 0.0026
vn 0.9850 -0.1718 0.0188
vn 0.9961 -0.0865 0.0190
vn 0.9669 -0.2553 0.0026
vn 0.9667 -0.2554 0.0184
vn 0.9737 -0.1703 0.1514
vn 0.9845 -0.0857 0.1531
vn 0.9559 -0.2532 0.1487
vn 0.9416 -0.3366 0.0025
vn 0.9414 -0.3367 0.0180
vn 0.9313 -0.3341 0.1449
vn 0.9110 -0.3232 0.2562
vn 0.9334 -0.2446 0.2625
vn 0.9496 -0.1643 0.2671
vn 0.9593 -0.0827 0.2698
vn 0.9103 -0.4140 0.0024
vn 0.8741 -0.4857 0.0023
vn 0.8739 -0.4858 0.0167
vn 0.9101 -0.4140 0.0174
vn 0.8342 -0.5514 0.0022
vn 0.8340 -0.5515 0.0159
vn 0.8655 -0.4825 0.1348
vn 0.9008 -0.4110 0.1402
vn 0.8264 -0.5481 0.1288
vn 0.7926 -0.6097 0.0021
vn 0.7924 -0.6098 0.0151
vn 0.7857 -0.6064 0.1225
vn 0.7756 -0.5923 0.2181
vn 0.8140 -0.5339 0.2289
vn 0.8503 -0.4688 0.2391
vn 0.8829 -0.3984 0.2483
vn 0.6453 -0.7579 0.0959
vn 0.6567 -0.7540 0.0121
vn 0.5083 -0.8612 0.0091
vn 0.4820 -0.8735 0.0682
vn 0.6577 -0.7533 0.0017
vn 0.5112 -0.8594 0.0013
vn 0.2591 -0.9658 0.0054
vn 0.2275 -0.9731 0.0366
vn 0.2632 -0.9647 0.0008
vn 0.6835 -0.7042 0.1921
vn 0.6919 -0.7140 0.1074
vn 0.6369 -0.7499 0.1790
vn 0.6968 -0.7172 0.0132
vn 0.6969 -0.7172 0.0018
vn 0.6579 -0.7531 0.0001
vn 0.5117 -0.8592 0.0001
vn 0.2638 -0.9646 0.0001
vn 0.1296 -0.9850 0.1136
vn 0.3361 -0.9157 0.2201
vn -0.5693 0.8183 0.0798
vn -0.5513 0.8317 0.0656
vn -0.5415 0.8407 0.0076
vn -0.5590 0.8291 0.0093
vn -0.5252 0.8496 0.0485
vn -0.5162 0.8565 0.0060
vn -0.5367 0.8438 0.0010
vn -0.5538 0.8326 0.0013
vn -0.5131 0.8584 0.0008
vn -0.5843 0.7958 0.1592
vn -0.5834 0.8071 0.0906
vn -0.5692 0.8222 0.0015
vn -0.5741 0.8187 0.0107
vn -0.3125 -0.9442 0.1040
vn -0.3709 -0.9253 0.0790
vn -0.3878 -0.9217 0.0089
vn -0.3317 -0.9433 0.0119
vn -0.4231 -0.9045 0.0540
vn -0.4362 -0.8998 0.0065
vn -0.3942 -0.9190 0.0012
vn -0.3386 -0.9409 0.0016
vn -0.4401 -0.8979 0.0009
vn -0.3089 -0.9346 0.1765
vn -0.0000 -1.0000 -0.0000
vn 0.0003 -1.0000 -0.0000
vn 0.2239 0.9746 -0.0000
vn 0.0315 0.9995 0.0000
vn 0.0045 1.0000 -0.0000
vn 0.3864 0.9223 -0.0000
vn 0.4271 -0.9042 -0.0000
vn 0.2034 -0.9791 0.0000
vn 0.7303 -0.6831 0.0000
vn -0.6734 0.7393 -0.0000
vn -0.6423 0.7665 0.0000
vn -0.5979 0.8016 0.0000
vn -0.6845 0.7290 -0.0000
vn -0.6734 0.7393 0.0001
vn -0.6423 0.7664 0.0001
vn -0.5980 0.8015 0.0001
vn -0.9037 0.4282 -0.0000
vn -0.8655 0.5010 -0.0000
vn -0.8236 0.5672 0.0000
vn -0.9371 0.3490 -0.0000
vn -0.7803 0.6254 -0.0000
vn -0.9959 0.0901 -0.0000
vn -0.9839 0.1787 -0.0000
vn -0.9642 0.2652 -0.0000
vn -1.0000 0.0000 -0.0000
vn -0.9642 -0.2652 0.0000
vn -0.9839 -0.1787 0.0000
vn -0.9959 -0.0901 -0.0000
vn 0.9570 -0.2899 0.0000
vn 0.9997 0.0238 0.0000
vn 0.9390 0.3440 0.0000
vn 0.8945 -0.4471 0.0000
vn 0.8945 -0.4470 -0.0000
vn -0.0018 1.0000 0.0000
vn -0.0126 0.9999 -0.0000
vn -0.0805 0.9968 -0.0000
vn 0.9390 -0.3440 0.0000
vn 0.9997 -0.0238 0.0000
vn 0.9570 0.2899 0.0000
vn 0.8945 0.4471 0.0000
vn 0.8945 0.4470 0.0000
vn 0.0045 -1.0000 -0.0000
vn 0.0315 -0.9995 -0.0000
vn 0.2239 -0.9746 -0.0000
vn 0.3864 -0.9223 0.0000
vn -0.2065 -0.2239 -0.9525
vn 0.1109 0.1282 -0.9855
vn 0.0962 0.1443 -0.9848
vn -0.2113 -0.2374 -0.9481
vn 0.4032 0.4625 -0.7896
vn 0.3674 0.5143 -0.7749
vn 0.0667 0.1520 -0.9861
vn -0.2222 -0.2576 -0.9404
vn 0.3043 0.5432 -0.7825
vn -0.3506 -0.3720 -0.8595
vn -0.2054 -0.2189 -0.9539
vn -0.3503 -0.3777 -0.8571
vn 0.1149 0.1225 -0.9858
vn 0.4138 0.4422 -0.7957
vn 0.5800 0.6687 -0.4653
vn 0.5150 0.7380 -0.4361
vn 0.4133 0.7949 -0.4442
vn -0.3532 -0.4240 -0.8340
vn -0.3506 -0.3932 -0.8500
vn -0.7419 0.6705 0.0000
vn -0.7132 0.7010 0.0000
vn -0.6942 0.7198 0.0000
vn -0.7419 0.6705 -0.0002
vn -0.6942 0.7198 -0.0001
vn -0.7132 0.7010 -0.0001
vn 0.7494 -0.6517 0.1169
vn 0.7552 -0.6553 0.0144
vn 0.7273 -0.6862 0.0139
vn 0.7222 -0.6825 0.1126
vn 0.7554 -0.6553 0.0020
vn 0.7274 -0.6862 0.0019
vn 0.7087 -0.7054 0.0135
vn 0.7041 -0.7015 0.1099
vn 0.7088 -0.7054 0.0019
vn 0.7406 -0.6389 0.2083
vn 0.6959 -0.6909 0.1957
vn 0.7139 -0.6708 0.2007
vn 0.0002 -0.0002 -1.0000
vn 0.0722 -0.0637 0.9954
vn 0.0419 -0.0385 0.9984
vn 0.0417 -0.0415 0.9983
vn 0.0722 -0.0697 0.9950
vn 0.0058 -0.0053 1.0000
vn 0.0057 -0.0057 1.0000
vn 0.0416 -0.0434 0.9982
vn 0.0721 -0.0740 0.9946
vn 0.0057 -0.0060 1.0000
vn 0.4875 -0.4491 0.7488
vn 0.4911 -0.4355 0.7544
vn 0.4760 -0.4894 0.7307
vn 0.4741 -0.4955 0.7278
vn 0.4824 -0.4676 0.7407
vn 0.4795 -0.4776 0.7362
vn -0.7354 0.6626 -0.1422
vn -0.7419 0.6703 -0.0160
vn -0.7132 0.7008 -0.0154
vn -0.7072 0.6936 -0.1370
vn -0.7419 0.6705 -0.0022
vn -0.7132 0.7010 -0.0021
vn -0.6941 0.7197 -0.0150
vn -0.6884 0.7129 -0.1334
vn -0.6942 0.7198 -0.0020
vn -0.7153 0.6512 -0.2536
vn -0.6730 0.7001 -0.2385
vn -0.6898 0.6815 -0.2445
vn 0.2639 -0.9646 0.0000
vn 0.5117 -0.8592 -0.0000
vn 0.6579 -0.7531 -0.0000
vn 0.2638 -0.9646 -0.0001
vn 0.6579 -0.7531 -0.0001
vn 0.5117 -0.8592 -0.0001
vn -0.0000 -0.9500 0.3123
vn -0.0000 -0.8679 0.4967
vn -0.0000 -0.8679 0.4968
vn -0.0000 -0.9500 0.3122
vn -0.0000 -0.8680 0.4966
vn -0.0000 -0.2949 0.9555
vn -0.0000 -0.1616 0.9869
vn 0.0000 -0.1615 0.9869
vn -0.0000 -0.2950 0.9555
vn 0.0001 -0.9500 0.3122
vn 0.0003 -0.1618 0.9868
vn 0.0004 -0.2952 0.9554
vn 0.0001 -0.8679 0.4968
vn 0.1349 -0.1152 -0.9841
vn 0.0186 -0.0159 -0.9997
vn 0.0187 -0.0175 -0.9997
vn 0.1351 -0.1260 -0.9828
vn 0.0026 -0.0022 -1.0000
vn 0.0026 -0.0025 -1.0000
vn 0.0188 -0.0185 -0.9997
vn 0.1352 -0.1337 -0.9818
vn 0.0027 -0.0026 -1.0000
vn 0.2373 -0.2105 -0.9484
vn 0.2359 -0.2370 -0.9424
vn 0.2364 -0.2266 -0.9448
vn 0.2230 -0.9740 -0.0404
vn 0.2589 -0.9659 -0.0056
vn 0.5081 -0.8612 -0.0094
vn 0.4777 -0.8752 -0.0763
vn 0.2632 -0.9647 -0.0008
vn 0.5112 -0.8594 -0.0013
vn 0.6567 -0.7540 -0.0125
vn 0.6430 -0.7581 -0.1085
vn 0.6577 -0.7533 -0.0017
vn 0.6325 -0.7469 -0.2051
vn 0.0839 -0.9427 -0.3228
vn 0.0103 -0.9478 -0.3186
vn 0.0244 -0.8641 -0.5027
vn 0.2398 -0.8278 -0.5072
vn 0.0014 -0.9496 -0.3135
vn 0.0034 -0.8667 -0.4988
vn 0.0668 -0.3406 -0.9378
vn 0.0241 -0.3099 -0.9505
vn 0.0394 -0.1925 -0.9805
vn 0.0710 -0.1594 -0.9847
vn 0.0030 -0.2962 -0.9551
vn 0.0054 -0.1649 -0.9863
vn 0.4534 -0.5527 -0.6993
vn 0.4343 -0.5987 -0.6730
vn 0.0539 -0.9700 0.2369
vn 0.0099 -0.9539 0.2999
vn 0.0079 -0.8721 0.4892
vn 0.0534 -0.8955 0.4419
vn 0.0015 -0.9506 0.3105
vn 0.0010 -0.8684 0.4959
vn 0.2203 -0.5290 0.8195
vn 0.0352 -0.3343 0.9418
vn 0.0259 -0.1892 0.9816
vn 0.1749 -0.3500 0.9203
vn 0.0053 -0.3007 0.9537
vn 0.0037 -0.1654 0.9862
vn 0.2841 -0.5202 0.8054
vn 0.2715 -0.5779 0.7696
vn -0.3016 0.2757 0.9127
vn 0.0653 -0.0551 0.9963
vn -0.1219 0.1218 0.9850
vn -0.2977 0.2949 0.9080
vn 0.4169 -0.3752 0.8279
vn 0.4108 -0.4025 0.8180
vn 0.2529 -0.2446 0.9361
vn -0.1218 0.1275 0.9843
vn -0.2950 0.3073 0.9048
vn 0.4065 -0.4208 0.8110
vn 0.2519 -0.2587 0.9325
vn -0.4603 0.4080 0.7885
vn -0.4476 0.4603 0.7666
vn -0.4530 0.4391 0.7759
vn 0.4242 -0.8827 0.2024
vn 0.5621 -0.8002 0.2093
vn 0.5661 -0.8149 0.1242
vn 0.3853 -0.9165 0.1080
vn 0.6406 -0.7327 0.2299
vn 0.6535 -0.7441 0.1389
vn 0.5601 -0.8182 0.1299
vn 0.3628 -0.9274 0.0908
vn 0.6526 -0.7430 0.1488
vn 0.6467 -0.7425 0.1749
vn -0.6087 0.7870 0.1002
vn -0.6026 0.7980 0.0120
vn -0.6445 0.7645 0.0133
vn -0.6454 0.7560 0.1089
vn -0.5989 0.8008 0.0016
vn -0.6428 0.7661 0.0018
vn -0.6739 0.7387 0.0140
vn -0.6708 0.7328 0.1141
vn -0.6735 0.7392 0.0019
vn -0.6043 0.7770 0.1765
vn -0.6606 0.7230 0.2023
vn -0.6362 0.7472 0.1923
vn 0.4278 -0.3852 -0.8177
vn 0.1143 -0.1000 -0.9884
vn 0.1146 -0.1100 -0.9873
vn 0.4214 -0.4131 -0.8073
vn -0.2099 0.1929 -0.9585
vn -0.2079 0.2067 -0.9561
vn 0.1149 -0.1175 -0.9864
vn 0.4169 -0.4316 -0.8000
vn -0.2063 0.2154 -0.9545
vn 0.6389 -0.5789 -0.5067
vn -0.3580 0.3169 -0.8783
vn -0.3546 0.3433 -0.8697
vn -0.3520 0.3617 -0.8633
vn 0.6074 -0.6305 -0.4832
vn 0.6201 -0.6105 -0.4927
vn 0.7163 -0.6486 -0.2572
vn 0.6905 -0.6795 -0.2479
vn 0.7050 -0.6931 -0.1501
vn 0.7327 -0.6624 -0.1560
vn 0.6733 -0.6987 -0.2418
vn 0.6867 -0.7121 -0.1462
vn 0.7043 -0.6917 -0.1599
vn 0.7319 -0.6608 -0.1662
vn 0.6859 -0.7109 -0.1557
vn 0.6815 -0.7082 -0.1843
vn 0.6990 -0.6896 -0.1891
vn 0.7257 -0.6594 -0.1964
vn -0.2099 -0.1932 -0.9584
vn 0.1144 0.1003 -0.9884
vn 0.1146 0.1102 -0.9873
vn -0.2078 -0.2068 -0.9560
vn 0.4276 0.3859 -0.8175
vn 0.4213 0.4134 -0.8072
vn 0.1149 0.1175 -0.9864
vn -0.2063 -0.2155 -0.9545
vn 0.4169 0.4317 -0.7999
vn -0.3580 -0.3175 -0.8781
vn -0.3520 -0.3619 -0.8632
vn -0.3546 -0.3437 -0.8696
vn 0.7548 0.6560 0.0000
vn 0.7271 0.6866 0.0000
vn 0.7087 0.7055 0.0000
vn 0.7547 0.6560 0.0001
vn 0.7271 0.6866 0.0001
vn 0.7087 0.7055 0.0001
vn 0.7087 0.7055 -0.0001
vn 0.7271 0.6866 -0.0001
vn 0.7547 0.6560 -0.0001
vn -0.7412 -0.6712 -0.0022
vn -0.7412 -0.6710 -0.0160
vn -0.7128 -0.7012 -0.0154
vn -0.7128 -0.7013 -0.0021
vn -0.7347 -0.6633 -0.1421
vn -0.7069 -0.6940 -0.1369
vn -0.6940 -0.7198 -0.0150
vn -0.6940 -0.7199 -0.0020
vn -0.6883 -0.7130 -0.1334
vn -0.7147 -0.6519 -0.2534
vn -0.6895 -0.6818 -0.2444
vn -0.6730 -0.7002 -0.2385
vn 0.0058 0.0053 1.0000
vn 0.0419 0.0386 0.9984
vn 0.0417 0.0415 0.9983
vn 0.0057 0.0057 1.0000
vn 0.0722 0.0638 0.9953
vn 0.0722 0.0698 0.9949
vn 0.0416 0.0434 0.9982
vn 0.0057 0.0060 1.0000
vn 0.0721 0.0740 0.9946
vn 0.0004 0.0004 1.0000
vn 0.4910 0.4362 0.7541
vn 0.4874 0.4497 0.7485
vn 0.4822 0.4681 0.7405
vn 0.4794 0.4779 0.7361
vn 0.4759 0.4896 0.7307
vn 0.4741 0.4956 0.7278
vn -0.0000 0.9607 -0.2777
vn -0.0000 0.8896 -0.4568
vn -0.0000 0.3060 -0.9520
vn -0.0000 0.1674 -0.9859
vn -0.0000 0.9607 -0.2778
vn -0.0000 0.3059 -0.9521
vn 0.0001 0.9607 -0.2778
vn 0.0002 0.8894 -0.4570
vn 0.0002 0.3061 -0.9520
vn 0.0004 0.1676 -0.9859
vn -0.5939 -0.8046 0.0000
vn -0.6402 -0.7682 0.0000
vn -0.6730 -0.7396 0.0000
vn -0.5940 -0.8045 0.0001
vn -0.6403 -0.7682 0.0001
vn -0.6731 -0.7396 0.0001
vn 0.0026 0.0023 -1.0000
vn 0.0186 0.0159 -0.9997
vn 0.0187 0.0175 -0.9997
vn 0.0026 0.0025 -1.0000
vn 0.1349 0.1154 -0.9841
vn 0.1351 0.1261 -0.9828
vn 0.0188 0.0186 -0.9997
vn 0.0027 0.0026 -1.0000
vn 0.1352 0.1337 -0.9817
vn 0.2373 0.2109 -0.9483
vn 0.2364 0.2268 -0.9448
vn 0.2359 0.2371 -0.9424
vn 0.0012 0.9603 -0.2791
vn 0.0092 0.9585 -0.2849
vn 0.0222 0.8849 -0.4652
vn 0.0031 0.8882 -0.4594
vn 0.0772 0.9531 -0.2928
vn 0.2314 0.8415 -0.4882
vn 0.0030 0.3072 -0.9516
vn 0.0240 0.3204 -0.9470
vn 0.0393 0.1976 -0.9795
vn 0.0054 0.1706 -0.9853
vn 0.0665 0.3501 -0.9343
vn 0.0710 0.1620 -0.9842
vn 0.2567 0.9473 -0.1917
vn 0.4557 0.8016 -0.3870
vn 0.4528 0.5543 -0.6984
vn 0.4330 0.6018 -0.6710
vn 0.7547 0.6560 -0.0020
vn 0.7271 0.6866 -0.0019
vn 0.7269 0.6866 -0.0144
vn 0.7546 0.6561 -0.0149
vn 0.7087 0.7055 -0.0019
vn 0.7086 0.7055 -0.0140
vn 0.7204 0.6816 -0.1279
vn 0.7472 0.6513 -0.1326
vn 0.7027 0.7004 -0.1248
vn 0.6916 0.6866 -0.2243
vn 0.7091 0.6666 -0.2300
vn 0.7350 0.6348 -0.2384
vn 0.0014 0.9611 0.2761
vn 0.0090 0.9638 0.2664
vn 0.0073 0.8930 0.4499
vn 0.0009 0.8899 0.4561
vn 0.0483 0.9766 0.2095
vn 0.0496 0.9125 0.4061
vn 0.0053 0.3118 0.9501
vn 0.0350 0.3453 0.9379
vn 0.0259 0.1950 0.9805
vn 0.0037 0.1713 0.9852
vn 0.2188 0.5380 0.8141
vn 0.1746 0.3557 0.9182
vn 0.2695 0.5861 0.7641
vn 0.2828 0.5265 0.8017
vn 0.4168 0.3758 0.8277
vn 0.0654 0.0552 0.9963
vn 0.2529 0.2449 0.9360
vn 0.4108 0.4029 0.8179
vn -0.3015 -0.2761 0.9126
vn -0.2977 -0.2951 0.9079
vn -0.1218 -0.1219 0.9850
vn 0.2520 0.2589 0.9325
vn 0.4065 0.4209 0.8109
vn -0.2949 -0.3073 0.9047
vn -0.1218 -0.1276 0.9843
vn 0.6380 0.5791 0.5076
vn -0.4601 -0.4087 0.7882
vn -0.4529 -0.4395 0.7757
vn -0.4476 -0.4605 0.7666
vn 0.6069 0.6302 0.4843
vn 0.6194 0.6104 0.4937
vn 0.7547 0.6560 0.0020
vn 0.7546 0.6561 0.0144
vn 0.7269 0.6866 0.0139
vn 0.7271 0.6866 0.0019
vn 0.7488 0.6524 0.1168
vn 0.7219 0.6828 0.1126
vn 0.7086 0.7055 0.0135
vn 0.7087 0.7055 0.0019
vn 0.7040 0.7016 0.1098
vn 0.7400 0.6396 0.2081
vn 0.7136 0.6712 0.2006
vn 0.6958 0.6911 0.1956
vn 0.4105 0.8897 -0.2000
vn 0.5561 0.8048 -0.2075
vn 0.5589 0.8201 -0.1229
vn 0.3647 0.9252 -0.1048
vn 0.6398 0.7335 -0.2295
vn 0.6527 0.7448 -0.1387
vn 0.5524 0.8237 -0.1281
vn 0.3386 0.9371 -0.0853
vn 0.6518 0.7437 -0.1486
vn 0.6458 0.7433 -0.1747
vn 0.7157 0.6494 0.2570
vn 0.6902 0.6799 0.2478
vn 0.7047 0.6935 0.1500
vn 0.7321 0.6632 0.1559
vn 0.6732 0.6988 0.2418
vn 0.6866 0.7122 0.1462
vn 0.7040 0.6920 0.1598
vn 0.7313 0.6615 0.1660
vn 0.6858 0.7110 0.1557
vn 0.6814 0.7083 0.1843
vn 0.6987 0.6900 0.1890
vn 0.7251 0.6601 0.1962
vn -0.5950 -0.8037 0.0016
vn -0.5988 -0.8008 0.0119
vn -0.6425 -0.7661 0.0132
vn -0.6407 -0.7678 0.0018
vn -0.6055 -0.7896 0.0997
vn -0.6438 -0.7574 0.1087
vn -0.6736 -0.7390 0.0140
vn -0.6732 -0.7395 0.0019
vn -0.6705 -0.7330 0.1140
vn -0.6013 -0.7795 0.1755
vn -0.6345 -0.7487 0.1918
vn -0.6603 -0.7233 0.2022
usemtl Book
s 1
f 1389/1/1 1390/2/2 1393/3/3 1392/4/4
f 1390/2/2 1391/5/5 1394/6/6 1393/3/3
f 1392/4/4 1393/3/3 1396/7/7 1395/8/8
f 1393/3/3 1394/6/6 1397/9/9 1396/7/7
f 1/10/10 611/11/11 1389/1/1 276/12/12
f 611/11/11 610/13/13 1390/2/2 1389/1/1
f 610/13/13 609/14/14 1391/5/5 1390/2/2
f 609/14/14 18/15/15 227/16/16 1391/5/5
f 1391/5/5 227/16/16 226/17/17 1394/6/6
f 1394/6/6 226/17/17 225/18/18 1397/9/9
f 1397/9/9 225/18/19 10/19/20 263/20/21
f 1396/7/7 1397/9/9 263/20/21 262/21/22
f 1395/8/8 1396/7/7 262/21/22 261/22/23
f 278/23/24 1395/8/8 261/22/23 72/24/25
f 277/25/26 1392/4/4 1395/8/8 278/23/24
f 276/12/12 1389/1/1 1392/4/4 277/25/26
f 1398/26/27 1399/27/28 1402/28/29 1401/29/30
f 1399/27/28 1400/30/31 1403/31/32 1402/28/29
f 1401/29/30 1402/28/29 1405/32/33 1404/33/34
f 1402/28/29 1403/31/32 1406/34/35 1405/32/33
f 116/35/36 896/36/37 1398/26/27 612/37/38
f 896/36/37 895/38/39 1399/27/28 1398/26/27
f 895/38/39 894/39/40 1400/30/31 1399/27/28
f 894/39/40 101/40/41 773/41/42 1400/30/31
f 1400/30/31 773/41/42 772/42/43 1403/31/32
f 1403/31/32 772/42/43 771/43/44 1406/34/35
f 1406/34/35 771/43/44 11/44/45 255/45/46
f 1405/32/33 1406/34/35 255/45/46 256/46/47
f 1404/33/34 1405/32/33 256/46/47 257/47/48
f 614/48/49 1404/33/34 257/47/48 69/49/50
f 613/50/51 1401/29/30 1404/33/34 614/48/49
f 612/37/38 1398/26/27 1401/29/30 613/50/51
f 1407/51/52 1408/52/53 1411/53/54 1410/54/55
f 1408/52/53 1409/55/56 1412/56/57 1411/53/54
f 1410/54/55 1411/53/54 1414/57/58 1413/58/59
f 1411/53/54 1412/56/57 1415/59/60 1414/57/58
f 154/60/61 1196/61/62 1407/51/52 750/62/63
f 1196/61/62 1195/63/64 1408/52/53 1407/51/52
f 1195/63/64 1194/64/65 1409/55/56 1408/52/53
f 1194/64/65 155/65/66 1079/66/67 1409/55/56
f 1409/55/56 1079/66/67 1078/67/68 1412/56/57
f 1412/56/57 1078/67/68 1077/68/69 1415/59/60
f 1415/59/60 1077/68/69 4/69/70 281/70/71
f 1414/57/58 1415/59/60 281/70/71 280/71/72
f 1413/58/59 1414/57/58 280/71/72 279/72/73
f 752/73/74 1413/58/59 279/72/73 80/74/75
f 751/75/76 1410/54/55 1413/58/59 752/73/74
f 750/62/63 1407/51/52 1410/54/55 751/75/76
f 1416/76/77 1417/77/78 1420/78/79 1419/79/80
f 1417/77/78 1418/80/81 1421/81/82 1420/78/79
f 1419/79/80 1420/78/79 1423/82/83 1422/83/84
f 1420/78/79 1421/81/82 1424/84/85 1423/82/83
f 3/85/86 266/86/87 1416/76/77 605/87/88
f 266/86/87 265/88/89 1417/77/78 1416/76/77
f 265/88/89 264/89/90 1418/80/81 1417/77/78
f 264/89/90 69/90/50 257/91/48 1418/80/81
f 1418/80/81 257/91/48 256/92/91 1421/81/82
f 1421/81/82 256/92/91 255/93/92 1424/84/85
f 1424/84/85 255/93/92 11/94/93 248/95/94
f 1423/82/83 1424/84/85 248/95/94 247/96/95
f 1422/83/84 1423/82/83 247/96/95 246/97/96
f 603/98/97 1422/83/84 246/97/96 20/99/98
f 604/100/99 1419/79/80 1422/83/84 603/98/97
f 605/87/88 1416/76/77 1419/79/80 604/100/99
f 1425/101/100 1426/102/101 1429/103/102 1428/104/103
f 1426/102/101 1427/105/104 1430/106/105 1429/103/102
f 1428/104/103 1429/103/102 1432/107/106 1431/108/107
f 1429/103/102 1430/106/105 1433/109/108 1432/107/106
f 120/110/109 1040/111/110 1425/101/100 213/112/111
f 1040/111/110 1039/113/112 1426/102/101 1425/101/100
f 1039/113/112 1038/114/113 1427/105/104 1426/102/101
f 1038/114/113 121/115/114 270/116/115 1427/105/104
f 1427/105/104 270/116/115 271/117/116 1430/106/105
f 1430/106/105 271/117/116 272/118/117 1433/109/108
f 1433/109/108 272/118/117 2/119/118 618/120/119
f 1432/107/106 1433/109/108 618/120/119 619/121/120
f 1431/108/107 1432/107/106 619/121/120 620/122/121
f 215/123/122 1431/108/107 620/122/121 17/124/123
f 214/125/124 1428/104/103 1431/108/107 215/123/122
f 213/112/111 1425/101/100 1428/104/103 214/125/124
f 1434/126/125 1435/127/126 1438/128/127 1437/129/128
f 1435/127/126 1436/130/129 1439/131/130 1438/128/127
f 1437/129/128 1438/128/127 1441/132/131 1440/133/132
f 1438/128/127 1439/131/130 1442/134/133 1441/132/131
f 145/135/134 1193/136/135 1434/126/125 237/137/136
f 1193/136/135 1192/138/137 1435/127/126 1434/126/125
f 1192/138/137 1191/139/138 1436/130/129 1435/127/126
f 1191/139/138 144/140/139 219/141/140 1436/130/129
f 1436/130/129 219/141/140 220/142/141 1439/131/130
f 1439/131/130 220/142/141 221/143/142 1442/134/133
f 1442/134/133 221/143/142 5/144/143 596/145/144
f 1441/132/131 1442/134/133 596/145/144 595/146/145
f 1440/133/132 1441/132/131 595/146/145 594/147/146
f 239/148/147 1440/133/132 594/147/146 16/149/148
f 238/150/149 1437/129/128 1440/133/132 239/148/147
f 237/137/136 1434/126/125 1437/129/128 238/150/149
f 1443/151/150 1444/152/151 1447/153/152 1446/154/153
f 1444/152/151 1445/155/154 1448/156/155 1447/153/152
f 1446/154/153 1447/153/152 1450/157/156 1449/158/157
f 1447/153/152 1448/156/155 1451/159/158 1450/157/156
f 115/160/159 887/161/160 1443/151/150 606/162/161
f 887/161/160 886/163/162 1444/152/151 1443/151/150
f 886/163/162 885/164/163 1445/155/154 1444/152/151
f 885/164/163 102/165/164 282/166/165 1445/155/154
f 1445/155/154 282/166/165 283/167/166 1448/156/155
f 1448/156/155 283/167/166 284/168/167 1451/159/158
f 1451/159/158 284/168/167 8/169/168 615/170/169
f 1450/157/156 1451/159/158 615/170/169 616/171/170
f 1449/158/157 1450/157/156 616/171/170 617/172/171
f 608/173/172 1449/158/157 617/172/171 71/174/173
f 607/175/174 1446/154/153 1449/158/157 608/173/172
f 606/162/161 1443/151/150 1446/154/153 607/175/174
f 1452/176/175 1453/177/176 1456/178/177 1455/179/178
f 1453/177/176 1454/180/179 1457/181/180 1456/178/177
f 1455/179/178 1456/178/177 1459/182/181 1458/183/182
f 1456/178/177 1457/181/180 1460/184/183 1459/182/181
f 36/185/184 303/186/185 1452/176/175 297/187/186
f 303/186/185 304/188/187 1453/177/176 1452/176/175
f 304/188/187 305/189/188 1454/180/179 1453/177/176
f 305/189/188 37/190/189 306/191/190 1454/180/179
f 1454/180/179 306/191/190 307/192/191 1457/181/180
f 1457/181/180 307/192/191 308/193/192 1460/184/183
f 1460/184/183 308/193/192 29/194/193 300/195/194
f 1459/182/181 1460/184/183 300/195/194 301/196/195
f 1458/183/182 1459/182/181 301/196/195 302/197/196
f 299/198/197 1458/183/182 302/197/196 30/199/198
f 298/200/199 1455/179/178 1458/183/182 299/198/197
f 297/187/186 1452/176/175 1455/179/178 298/200/199
f 1461/201/200 1462/202/200 1465/203/201 1464/204/201
f 1462/202/200 1463/205/200 1466/206/201 1465/203/201
f 1464/204/201 1465/203/201 1468/207/202 1467/208/202
f 1465/203/201 1466/206/201 1469/209/202 1468/207/202
f 103/210/203 779/211/204 1461/201/200 870/212/205
f 779/211/204 778/213/204 1462/202/200 1461/201/200
f 778/213/204 777/214/204 1463/205/200 1462/202/200
f 777/214/204 159/215/206 1179/216/207 1463/205/200
f 1463/205/200 1179/216/207 1180/217/208 1466/206/201
f 1466/206/201 1180/217/208 1181/218/209 1469/209/202
f 1469/209/202 1181/218/209 160/219/210 780/220/211
f 1468/207/202 1469/209/202 780/220/211 781/221/211
f 1467/208/202 1468/207/202 781/221/211 782/222/211
f 872/223/212 1467/208/202 782/222/211 104/224/213
f 871/225/214 1464/204/201 1467/208/202 872/223/212
f 870/212/205 1461/201/200 1464/204/201 871/225/214
f 1470/226/215 1471/227/216 1474/228/217 1473/229/218
f 1471/227/216 1472/230/219 1475/231/220 1474/228/217
f 1473/229/218 1474/228/217 1477/232/221 1476/233/222
f 1474/228/217 1475/231/220 1478/234/223 1477/232/221
f 23/235/224 371/236/225 1470/226/215 293/237/226
f 371/236/225 370/238/227 1471/227/216 1470/226/215
f 370/238/227 369/239/228 1472/230/219 1471/227/216
f 369/239/228 51/240/229 497/241/230 1472/230/219
f 1472/230/219 497/241/230 496/242/231 1475/231/220
f 1475/231/220 496/242/231 495/243/232 1478/234/223
f 1478/234/223 495/243/232 50/244/233 395/245/234
f 1477/232/221 1478/234/223 395/245/234 394/246/235
f 1476/233/222 1477/232/221 394/246/235 393/247/236
f 291/248/237 1476/233/222 393/247/236 22/249/238
f 292/250/239 1473/229/218 1476/233/222 291/248/237
f 293/237/226 1470/226/215 1473/229/218 292/250/239
f 1479/251/240 1480/252/241 1483/253/242 1482/254/243
f 1480/252/241 1481/255/244 1484/256/245 1483/253/242
f 1482/254/243 1483/253/242 1486/257/246 1485/258/247
f 1483/253/242 1484/256/245 1487/259/248 1486/257/246
f 77/260/249 746/261/250 1479/251/240 243/262/251
f 746/261/250 745/263/252 1480/252/241 1479/251/240
f 745/263/252 744/264/253 1481/255/244 1480/252/241
f 744/264/253 74/265/254 210/266/255 1481/255/244
f 1481/255/244 210/266/255 211/267/256 1484/256/245
f 1484/256/245 211/267/256 212/268/257 1487/259/248
f 1487/259/248 212/268/257 7/269/258 600/270/259
f 1486/257/246 1487/259/248 600/270/259 601/271/260
f 1485/258/247 1486/257/246 601/271/260 602/272/261
f 245/273/262 1485/258/247 602/272/261 14/274/263
f 244/275/264 1482/254/243 1485/258/247 245/273/262
f 243/262/251 1479/251/240 1482/254/243 244/275/264
f 1488/276/265 1489/277/266 1492/278/267 1491/279/268
f 1489/277/266 1490/280/269 1493/281/270 1492/278/267
f 1491/279/268 1492/278/267 1495/282/271 1494/283/272
f 1492/278/267 1493/281/270 1496/284/273 1495/282/271
f 24/285/274 285/286/275 1488/276/265 428/287/276
f 285/286/275 286/288/277 1489/277/266 1488/276/265
f 286/288/277 287/289/278 1490/280/269 1489/277/266
f 287/289/278 25/290/279 368/291/280 1490/280/269
f 1490/280/269 368/291/280 367/292/281 1493/281/270
f 1493/281/270 367/292/281 366/293/282 1496/284/273
f 1496/284/273 366/293/282 53/294/283 479/295/284
f 1495/282/271 1496/284/273 479/295/284 478/296/285
f 1494/283/272 1495/282/271 478/296/285 477/297/286
f 426/298/287 1494/283/272 477/297/286 52/299/288
f 427/300/289 1491/279/268 1494/283/272 426/298/287
f 428/287/276 1488/276/265 1491/279/268 427/300/289
f 1497/301/290 1498/302/291 1501/303/292 1500/304/293
f 1498/302/291 1499/305/294 1502/306/295 1501/303/292
f 1500/304/293 1501/303/292 1504/307/296 1503/308/297
f 1501/303/292 1502/306/295 1505/309/298 1504/307/296
f 17/124/123 620/122/121 1497/301/290 231/310/299
f 620/122/121 619/121/120 1498/302/291 1497/301/290
f 619/121/120 618/120/119 1499/305/294 1498/302/291
f 618/120/119 2/119/118 597/311/300 1499/305/294
f 1499/305/294 597/311/300 598/312/301 1502/306/295
f 1502/306/295 598/312/301 599/313/302 1505/309/298
f 1505/309/298 599/313/302 70/314/303 258/315/304
f 1504/307/296 1505/309/298 258/315/304 259/316/305
f 1503/308/297 1504/307/296 259/316/305 260/317/306
f 233/318/307 1503/308/297 260/317/306 9/319/308
f 232/320/309 1500/304/293 1503/308/297 233/318/310
f 231/310/299 1497/301/290 1500/304/293 232/320/309
f 1506/321/311 1507/322/312 1510/323/313 1509/324/314
f 1507/322/312 1508/325/315 1511/326/316 1510/323/313
f 1509/324/314 1510/323/313 1513/327/317 1512/328/318
f 1510/323/313 1511/326/316 1514/329/319 1513/327/317
f 133/330/320 1037/331/321 1506/321/311 941/332/322
f 1037/331/321 1036/333/323 1507/322/312 1506/321/311
f 1036/333/323 1035/334/324 1508/325/315 1507/322/312
f 1035/334/324 131/335/325 935/336/326 1508/325/315
f 1508/325/315 935/336/326 934/337/327 1511/326/316
f 1511/326/316 934/337/327 933/338/328 1514/329/319
f 1514/329/319 933/338/328 18/15/15 609/14/14
f 1513/327/317 1514/329/319 609/14/14 610/13/13
f 1512/328/318 1513/327/317 610/13/13 611/11/11
f 939/339/329 1512/328/318 611/11/11 1/10/10
f 940/340/330 1509/324/314 1512/328/318 939/339/329
f 941/332/322 1506/321/311 1509/324/314 940/340/330
f 1515/341/331 1516/342/332 1519/343/333 1518/344/334
f 1516/342/332 1517/345/335 1520/346/336 1519/343/333
f 1518/344/334 1519/343/333 1522/347/337 1521/348/338
f 1519/343/333 1520/346/336 1523/349/339 1522/347/337
f 168/350/340 1190/351/341 1515/341/331 1032/352/342
f 1190/351/341 1189/353/343 1516/342/332 1515/341/331
f 1189/353/343 1188/354/344 1517/345/335 1516/342/332
f 1188/354/344 158/355/345 1088/356/346 1517/345/335
f 1517/345/335 1088/356/346 1087/357/347 1520/346/336
f 1520/346/336 1087/357/347 1086/358/348 1523/349/339
f 1523/349/339 1086/358/348 2/359/349 272/360/350
f 1522/347/337 1523/349/339 272/360/350 271/361/351
f 1521/348/338 1522/347/337 271/361/351 270/362/352
f 1034/363/353 1521/348/338 270/362/352 121/364/354
f 1033/365/355 1518/344/334 1521/348/338 1034/363/353
f 1032/352/342 1515/341/331 1518/344/334 1033/365/355
f 1524/366/356 1525/367/357 1528/368/358 1527/369/359
f 1525/367/357 1526/370/360 1529/371/361 1528/368/358
f 1527/369/359 1528/368/358 1531/372/362 1530/373/363
f 1528/368/358 1529/371/361 1532/374/364 1531/372/362
f 155/375/365 1187/376/366 1524/366/356 1079/377/367
f 1187/376/366 1186/378/368 1525/367/357 1524/366/356
f 1186/378/368 1185/379/369 1526/370/360 1525/367/357
f 1185/379/369 156/380/370 1082/381/371 1526/370/360
f 1526/370/360 1082/381/371 1081/382/372 1529/371/361
f 1529/371/361 1081/382/372 1080/383/373 1532/374/364
f 1532/374/364 1080/383/373 15/384/374 230/385/375
f 1531/372/362 1532/374/364 230/385/375 229/386/376
f 1530/373/363 1531/372/362 229/386/376 228/387/377
f 1077/388/378 1530/373/363 228/387/377 4/389/379
f 1078/390/380 1527/369/359 1530/373/363 1077/388/378
f 1079/377/367 1524/366/356 1527/369/359 1078/390/380
f 1533/391/381 1534/392/382 1537/393/383 1536/394/384
f 1534/392/382 1535/395/385 1538/396/386 1537/393/383
f 1536/394/384 1537/393/383 1540/397/387 1539/398/388
f 1537/393/383 1538/396/386 1541/399/389 1540/397/387
f 25/290/279 287/289/278 1533/391/381 411/400/390
f 287/289/278 286/288/277 1534/392/382 1533/391/381
f 286/288/277 285/286/275 1535/395/385 1534/392/382
f 285/286/275 24/285/274 414/401/391 1535/395/385
f 1535/395/385 414/401/391 415/402/392 1538/396/386
f 1538/396/386 415/402/392 416/403/393 1541/399/389
f 1541/399/389 416/403/393 32/404/394 341/405/395
f 1540/397/387 1541/399/389 341/405/395 340/406/396
f 1539/398/388 1540/397/387 340/406/396 339/407/397
f 413/408/398 1539/398/388 339/407/397 31/409/399
f 412/410/400 1536/394/384 1539/398/388 413/408/398
f 411/400/390 1533/391/381 1536/394/384 412/410/400
f 1542/411/401 1543/412/402 1546/413/403 1545/414/404
f 1543/412/402 1544/415/405 1547/416/406 1546/413/403
f 1545/414/404 1546/413/403 1549/417/407 1548/418/408
f 1546/413/403 1547/416/406 1550/419/409 1549/417/407
f 200/420/410 1388/421/411 1542/411/401 1182/422/412
f 1388/421/411 1387/423/413 1543/412/402 1542/411/401
f 1387/423/413 1386/424/414 1544/415/405 1543/412/402
f 1386/424/414 186/425/415 1298/426/416 1544/415/405
f 1544/415/405 1298/426/416 1297/427/417 1547/416/406
f 1547/416/406 1297/427/417 1296/428/418 1550/419/409
f 1550/419/409 1296/428/418 31/429/419 1089/430/420
f 1549/417/407 1550/419/409 1089/430/420 1090/431/421
f 1548/418/408 1549/417/407 1090/431/421 1091/432/422
f 1184/433/423 1548/418/408 1091/432/422 159/215/206
f 1183/434/424 1545/414/404 1548/418/408 1184/433/423
f 1182/422/412 1542/411/401 1545/414/404 1183/434/424
f 1551/435/425 1552/436/426 1555/437/427 1554/438/428
f 1552/436/426 1553/439/429 1556/440/430 1555/437/427
f 1554/438/428 1555/437/427 1558/441/431 1557/442/432
f 1555/437/427 1556/440/430 1559/443/433 1558/441/431
f 171/444/434 447/445/435 1551/435/425 1290/446/436
f 447/445/435 448/447/437 1552/436/426 1551/435/425
f 448/447/437 449/448/438 1553/439/429 1552/436/426
f 449/448/438 19/449/439 383/450/440 1553/439/429
f 1553/439/429 383/450/440 382/451/441 1556/440/430
f 1556/440/430 382/451/441 381/452/442 1559/443/433
f 1559/443/433 381/452/442 47/453/443 584/454/444
f 1558/441/431 1559/443/433 584/454/444 583/455/445
f 1557/442/432 1558/441/431 583/455/445 582/456/446
f 1292/457/447 1557/442/432 582/456/446 175/458/448
f 1291/459/449 1554/438/428 1557/442/432 1292/457/447
f 1290/446/436 1551/435/425 1554/438/428 1291/459/449
f 1560/460/450 1561/461/451 1564/462/452 1563/463/453
f 1561/461/451 1562/464/454 1565/465/455 1564/462/452
f 1563/463/453 1564/462/452 1567/466/456 1566/467/457
f 1564/462/452 1565/465/455 1568/468/458 1567/466/456
f 29/194/193 311/469/459 1560/460/450 378/470/460
f 311/469/459 310/471/461 1561/461/451 1560/460/450
f 310/471/461 309/472/462 1562/464/454 1561/461/451
f 309/472/462 28/473/463 452/474/464 1562/464/454
f 1562/464/454 452/474/464 451/475/465 1565/465/455
f 1565/465/455 451/475/465 450/476/466 1568/468/458
f 1568/468/458 450/476/466 56/477/467 516/478/468
f 1567/466/456 1568/468/458 516/478/468 517/479/469
f 1566/467/457 1567/466/456 517/479/469 518/480/470
f 380/481/471 1566/467/457 518/480/470 57/482/472
f 379/483/473 1563/463/453 1566/467/457 380/481/471
f 378/470/460 1560/460/450 1563/463/453 379/483/473
f 1569/484/474 1570/485/475 1573/486/476 1572/487/477
f 1570/485/475 1571/488/478 1574/489/479 1573/486/476
f 1572/487/477 1573/486/476 1576/490/480 1575/491/481
f 1573/486/476 1574/489/479 1577/492/482 1576/490/480
f 27/493/483 329/494/484 1569/484/474 387/495/485
f 329/494/484 328/496/486 1570/485/475 1569/484/474
f 328/496/486 327/497/487 1571/488/478 1570/485/475
f 327/497/487 26/498/488 363/499/489 1571/488/478
f 1571/488/478 363/499/489 364/500/490 1574/489/479
f 1574/489/479 364/500/490 365/501/491 1577/492/482
f 1577/492/482 365/501/491 54/502/492 522/503/493
f 1576/490/480 1577/492/482 522/503/493 523/504/494
f 1575/491/481 1576/490/480 523/504/494 524/505/495
f 389/506/496 1575/491/481 524/505/495 55/507/497
f 388/508/498 1572/487/477 1575/491/481 389/506/496
f 387/495/485 1569/484/474 1572/487/477 388/508/498
f 1578/509/499 1579/510/500 1582/511/501 1581/512/502
f 1579/510/500 1580/513/503 1583/514/504 1582/511/501
f 1581/512/502 1582/511/501 1585/515/505 1584/516/506
f 1582/511/501 1583/514/504 1586/517/507 1585/515/505
f 119/518/508 207/519/509 1578/509/499 1029/520/510
f 207/519/509 208/521/511 1579/510/500 1578/509/499
f 208/521/511 209/522/512 1580/513/503 1579/510/500
f 209/522/512 20/99/98 374/523/513 1580/513/503
f 1580/513/503 374/523/513 373/524/514 1583/514/504
f 1583/514/504 373/524/514 372/525/515 1586/517/507
f 1586/517/507 372/525/515 48/526/516 458/527/517
f 1585/515/505 1586/517/507 458/527/517 457/528/518
f 1584/516/506 1585/515/505 457/528/518 456/529/519
f 1031/530/520 1584/516/506 456/529/519 123/531/521
f 1030/532/522 1581/512/502 1584/516/506 1031/530/520
f 1029/520/510 1578/509/499 1581/512/502 1030/532/522
f 1587/533/523 1588/534/524 1591/535/525 1590/536/526
f 1588/534/524 1589/537/527 1592/538/528 1591/535/525
f 1590/536/526 1591/535/525 1594/539/529 1593/540/530
f 1591/535/525 1592/538/528 1595/541/531 1594/539/529
f 24/285/274 428/287/276 1587/533/523 290/542/532
f 428/287/276 427/300/289 1588/534/524 1587/533/523
f 427/300/289 426/298/287 1589/537/527 1588/534/524
f 426/298/287 52/299/288 488/543/533 1589/537/527
f 1589/537/527 488/543/533 487/544/534 1592/538/528
f 1592/538/528 487/544/534 486/545/535 1595/541/531
f 1595/541/531 486/545/535 51/240/229 369/239/228
f 1594/539/529 1595/541/531 369/239/228 370/238/227
f 1593/540/530 1594/539/529 370/238/227 371/236/225
f 288/546/536 1593/540/530 371/236/225 23/235/224
f 289/547/537 1590/536/526 1593/540/530 288/546/536
f 290/542/532 1587/533/523 1590/536/526 289/547/537
f 1596/548/538 1597/549/539 1600/550/540 1599/551/541
f 1597/549/539 1598/552/542 1601/553/543 1600/550/540
f 1599/551/541 1600/550/540 1603/554/544 1602/555/545
f 1600/550/540 1601/553/543 1604/556/546 1603/554/544
f 28/473/463 320/557/547 1596/548/538 452/474/464
f 320/557/547 319/558/548 1597/549/539 1596/548/538
f 319/558/548 318/559/549 1598/552/542 1597/549/539
f 318/559/549 27/493/483 387/495/485 1598/552/542
f 1598/552/542 387/495/485 388/508/498 1601/553/543
f 1601/553/543 388/508/498 389/506/496 1604/556/546
f 1604/556/546 389/506/496 55/507/497 519/560/550
f 1603/554/544 1604/556/546 519/560/550 520/561/551
f 1602/555/545 1603/554/544 520/561/551 521/562/552
f 450/476/466 1602/555/545 521/562/552 56/477/467
f 451/475/465 1599/551/541 1602/555/545 450/476/466
f 452/474/464 1596/548/538 1599/551/541 451/475/465
f 1605/563/553 1606/564/554 1609/565/555 1608/566/556
f 1606/564/554 1607/567/557 1610/568/558 1609/565/555
f 1608/566/556 1609/565/555 1612/569/559 1611/570/560
f 1609/565/555 1610/568/558 1613/571/561 1612/569/559
f 185/572/562 429/573/563 1605/563/553 1383/574/564
f 429/573/563 430/575/565 1606/564/554 1605/563/553
f 430/575/565 431/576/566 1607/567/557 1606/564/554
f 431/576/566 18/15/15 404/577/567 1607/567/557
f 1607/567/557 404/577/567 403/578/568 1610/568/558
f 1610/568/558 403/578/568 402/579/569 1613/571/561
f 1613/571/561 402/579/569 46/580/570 572/581/571
f 1612/569/559 1613/571/561 572/581/571 571/582/572
f 1611/570/560 1612/569/559 571/582/572 570/583/573
f 1385/584/574 1611/570/560 570/583/573 190/585/575
f 1384/586/576 1608/566/556 1611/570/560 1385/584/574
f 1383/574/564 1605/563/553 1608/566/556 1384/586/576
f 1614/587/577 1615/588/578 1618/589/579 1617/590/580
f 1615/588/578 1616/591/581 1619/592/582 1618/589/579
f 1617/590/580 1618/589/579 1621/593/583 1620/594/584
f 1618/589/579 1619/592/582 1622/595/585 1621/593/583
f 188/596/586 1304/597/587 1614/587/577 1380/598/588
f 1304/597/587 1303/599/589 1615/588/578 1614/587/577
f 1303/599/589 1302/600/590 1616/591/581 1615/588/578
f 1302/600/590 30/199/198 401/601/591 1616/591/581
f 1616/591/581 401/601/591 400/602/592 1619/592/582
f 1619/592/582 400/602/592 399/603/593 1622/595/585
f 1622/595/585 399/603/593 58/604/594 1311/605/595
f 1621/593/583 1622/595/585 1311/605/595 1312/606/596
f 1620/594/584 1621/593/583 1312/606/596 1313/607/597
f 1382/608/598 1620/594/584 1313/607/597 191/609/599
f 1381/610/600 1617/590/580 1620/594/584 1382/608/598
f 1380/598/588 1614/587/577 1617/590/580 1381/610/600
f 1623/611/601 1624/612/602 1627/613/603 1626/614/604
f 1624/612/602 1625/615/605 1628/616/606 1627/613/603
f 1626/614/604 1627/613/603 1630/617/607 1629/618/608
f 1627/613/603 1628/616/606 1631/619/609 1630/617/607
f 37/190/189 312/620/610 1623/611/601 306/191/190
f 312/620/610 313/621/611 1624/612/602 1623/611/601
f 313/621/611 314/622/612 1625/615/605 1624/612/602
f 314/622/612 38/623/613 315/624/614 1625/615/605
f 1625/615/605 315/624/614 316/625/615 1628/616/606
f 1628/616/606 316/625/615 317/626/616 1631/619/609
f 1631/619/609 317/626/616 28/473/463 309/472/462
f 1630/617/607 1631/619/609 309/472/462 310/471/461
f 1629/618/608 1630/617/607 310/471/461 311/469/459
f 308/193/192 1629/618/608 311/469/459 29/194/193
f 307/192/191 1626/614/604 1629/618/608 308/193/192
f 306/191/190 1623/611/601 1626/614/604 307/192/191
f 1632/627/617 1633/628/618 1636/629/619 1635/630/620
f 1633/628/618 1634/631/621 1637/632/622 1636/629/619
f 1635/630/620 1636/629/619 1639/633/623 1638/634/624
f 1636/629/619 1637/632/622 1640/635/625 1639/633/623
f 38/623/613 321/636/626 1632/627/617 315/624/614
f 321/636/626 322/637/627 1633/628/618 1632/627/617
f 322/637/627 323/638/628 1634/631/621 1633/628/618
f 323/638/628 39/639/629 324/640/630 1634/631/621
f 1634/631/621 324/640/630 325/641/631 1637/632/622
f 1637/632/622 325/641/631 326/642/632 1640/635/625
f 1640/635/625 326/642/632 27/493/483 318/559/549
f 1639/633/623 1640/635/625 318/559/549 319/558/548
f 1638/634/624 1639/633/623 319/558/548 320/557/547
f 317/626/616 1638/634/624 320/557/547 28/473/463
f 316/625/615 1635/630/620 1638/634/624 317/626/616
f 315/624/614 1632/627/617 1635/630/620 316/625/615
f 1641/643/633 1642/644/634 1645/645/635 1644/646/636
f 1642/644/634 1643/647/637 1646/648/638 1645/645/635
f 1644/646/636 1645/645/635 1648/649/639 1647/650/640
f 1645/645/635 1646/648/638 1649/651/641 1648/649/639
f 39/639/629 330/652/642 1641/643/633 324/640/630
f 330/652/642 331/653/643 1642/644/634 1641/643/633
f 331/653/643 332/654/644 1643/647/637 1642/644/634
f 332/654/644 40/655/645 333/656/646 1643/647/637
f 1643/647/637 333/656/646 334/657/647 1646/648/638
f 1646/648/638 334/657/647 335/658/648 1649/651/641
f 1649/651/641 335/658/648 26/498/488 327/497/487
f 1648/649/639 1649/651/641 327/497/487 328/496/486
f 1647/650/640 1648/649/639 328/496/486 329/494/484
f 326/642/632 1647/650/640 329/494/484 27/493/483
f 325/641/631 1644/646/636 1647/650/640 326/642/632
f 324/640/630 1641/643/633 1644/646/636 325/641/631
f 1650/659/649 1651/660/650 1654/661/651 1653/662/652
f 1651/660/650 1652/663/653 1655/664/654 1654/661/651
f 1653/662/652 1654/661/651 1657/665/655 1656/666/656
f 1654/661/651 1655/664/654 1658/667/657 1657/665/655
f 171/444/434 1289/668/658 1650/659/649 447/445/435
f 1289/668/658 1288/669/659 1651/660/650 1650/659/649
f 1288/669/659 1287/670/660 1652/663/653 1651/660/650
f 1287/670/660 172/671/661 453/672/662 1652/663/653
f 1652/663/653 453/672/662 454/673/663 1655/664/654
f 1655/664/654 454/673/663 455/674/664 1658/667/657
f 1658/667/657 455/674/664 12/675/665 222/676/666
f 1657/665/655 1658/667/657 222/676/666 223/677/667
f 1656/666/656 1657/665/655 223/677/667 224/678/668
f 449/448/438 1656/666/656 224/678/668 19/449/439
f 448/447/437 1653/662/652 1656/666/656 449/448/438
f 447/445/435 1650/659/649 1653/662/652 448/447/437
f 1659/679/669 1660/680/670 1663/681/671 1662/682/672
f 1660/680/670 1661/683/673 1664/684/674 1663/681/671
f 1662/682/672 1663/681/671 1666/685/675 1665/686/676
f 1663/681/671 1664/684/674 1667/687/677 1666/685/675
f 36/688/678 338/689/679 1659/679/669 303/690/680
f 338/689/679 337/691/681 1660/680/670 1659/679/669
f 337/691/681 336/692/682 1661/683/673 1660/680/670
f 336/692/682 103/210/203 870/212/205 1661/683/673
f 1661/683/673 870/212/205 871/225/214 1664/684/674
f 1664/684/674 871/225/214 872/223/212 1667/687/677
f 1667/687/677 872/223/212 104/224/213 342/693/683
f 1666/685/675 1667/687/677 342/693/683 343/694/684
f 1665/686/676 1666/685/675 343/694/684 344/695/685
f 305/696/686 1665/686/676 344/695/685 37/697/687
f 304/698/688 1662/682/672 1665/686/676 305/696/686
f 303/690/680 1659/679/669 1662/682/672 304/698/688
f 1668/699/689 1669/700/690 1672/701/691 1671/702/692
f 1669/700/690 1670/703/693 1673/704/694 1672/701/691
f 1671/702/692 1672/701/691 1675/705/695 1674/706/696
f 1672/701/691 1673/704/694 1676/707/697 1675/705/695
f 32/708/698 345/709/699 1668/699/689 1092/710/700
f 345/709/699 346/711/701 1669/700/690 1668/699/689
f 346/711/701 347/712/702 1670/703/693 1669/700/690
f 347/712/702 33/713/703 1095/714/704 1670/703/693
f 1670/703/693 1095/714/704 1096/715/705 1673/704/694
f 1673/704/694 1096/715/705 1097/716/706 1676/707/697
f 1676/707/697 1097/716/706 161/717/707 1178/718/708
f 1675/705/695 1676/707/697 1178/718/708 1177/719/709
f 1674/706/696 1675/705/695 1177/719/709 1176/720/710
f 1094/721/711 1674/706/696 1176/720/710 160/219/210
f 1093/722/712 1671/702/692 1674/706/696 1094/721/711
f 1092/710/700 1668/699/689 1671/702/692 1093/722/712
f 1677/723/713 1678/724/714 1681/725/715 1680/726/716
f 1678/724/714 1679/727/717 1682/728/718 1681/725/715
f 1680/726/716 1681/725/715 1684/729/719 1683/730/720
f 1681/725/715 1682/728/718 1685/731/721 1684/729/719
f 33/713/703 351/732/722 1677/723/713 1095/714/704
f 351/732/722 352/733/723 1678/724/714 1677/723/713
f 352/733/723 353/734/724 1679/727/717 1678/724/714
f 353/734/724 34/735/725 1098/736/726 1679/727/717
f 1679/727/717 1098/736/726 1099/737/727 1682/728/718
f 1682/728/718 1099/737/727 1100/738/728 1685/731/721
f 1685/731/721 1100/738/728 162/739/729 1175/740/730
f 1684/729/719 1685/731/721 1175/740/730 1174/741/731
f 1683/730/720 1684/729/719 1174/741/731 1173/742/732
f 1097/716/706 1683/730/720 1173/742/732 161/717/707
f 1096/715/705 1680/726/716 1683/730/720 1097/716/706
f 1095/714/704 1677/723/713 1680/726/716 1096/715/705
f 1686/743/733 1687/744/734 1690/745/735 1689/746/736
f 1687/744/734 1688/747/737 1691/748/738 1690/745/735
f 1689/746/736 1690/745/735 1693/749/739 1692/750/740
f 1690/745/735 1691/748/738 1694/751/741 1693/749/739
f 34/735/725 357/752/742 1686/743/733 1098/736/726
f 357/752/742 358/753/743 1687/744/734 1686/743/733
f 358/753/743 359/754/744 1688/747/737 1687/744/734
f 359/754/744 35/755/745 1101/756/746 1688/747/737
f 1688/747/737 1101/756/746 1102/757/747 1691/748/738
f 1691/748/738 1102/757/747 1103/758/748 1694/751/741
f 1694/751/741 1103/758/748 163/759/749 1172/760/750
f 1693/749/739 1694/751/741 1172/760/750 1171/761/751
f 1692/750/740 1693/749/739 1171/761/751 1170/762/752
f 1100/738/728 1692/750/740 1170/762/752 162/739/729
f 1099/737/727 1689/746/736 1692/750/740 1100/738/728
f 1098/736/726 1686/743/733 1689/746/736 1099/737/727
f 1695/763/753 1696/764/754 1699/765/755 1698/766/756
f 1696/764/754 1697/767/757 1700/768/758 1699/765/755
f 1698/766/756 1699/765/755 1702/769/759 1701/770/760
f 1699/765/755 1700/768/758 1703/771/761 1702/769/759
f 170/772/762 1286/773/763 1695/763/753 435/774/764
f 1286/773/763 1285/775/765 1696/764/754 1695/763/753
f 1285/775/765 1284/776/766 1697/767/757 1696/764/754
f 1284/776/766 184/777/767 1244/778/768 1697/767/757
f 1697/767/757 1244/778/768 1243/779/769 1700/768/758
f 1700/768/758 1243/779/769 1242/780/770 1703/771/761
f 1703/771/761 1242/780/770 163/759/749 1103/758/748
f 1702/769/759 1703/771/761 1103/758/748 1102/757/747
f 1701/770/760 1702/769/759 1102/757/747 1101/756/746
f 437/781/771 1701/770/760 1101/756/746 35/755/745
f 436/782/772 1698/766/756 1701/770/760 437/781/771
f 435/774/764 1695/763/753 1698/766/756 436/782/772
f 1704/783/773 1705/784/774 1708/785/775 1707/786/776
f 1705/784/774 1706/787/777 1709/788/778 1708/785/775
f 1707/786/776 1708/785/775 1711/789/779 1710/790/780
f 1708/785/775 1709/788/778 1712/791/781 1711/789/779
f 199/792/782 1379/793/783 1704/783/773 1158/794/784
f 1379/793/783 1378/795/785 1705/784/774 1704/783/773
f 1378/795/785 1377/796/786 1706/787/777 1705/784/774
f 1377/796/786 189/797/787 1307/798/788 1706/787/777
f 1706/787/777 1307/798/788 1306/799/789 1709/788/778
f 1709/788/778 1306/799/789 1305/800/790 1712/791/781
f 1712/791/781 1305/800/790 43/801/791 1104/802/792
f 1711/789/779 1712/791/781 1104/802/792 1105/803/793
f 1710/790/780 1711/789/779 1105/803/793 1106/804/794
f 1160/805/795 1710/790/780 1106/804/794 164/806/796
f 1159/807/797 1707/786/776 1710/790/780 1160/805/795
f 1158/794/784 1704/783/773 1707/786/776 1159/807/797
f 1713/808/798 1714/809/799 1717/810/800 1716/811/801
f 1714/809/802 1715/812/803 1718/813/804 1717/810/805
f 1716/811/801 1717/810/800 1720/814/806 1719/815/807
f 1717/810/805 1718/813/804 1721/816/808 1720/814/809
f 185/572/562 1376/817/810 1713/808/798 429/573/563
f 1376/817/810 1375/818/811 1714/809/799 1713/808/798
f 1375/818/812 1374/819/813 1715/812/803 1714/809/802
f 1374/819/814 186/820/815 438/821/816 1715/812/817
f 1715/812/817 438/821/816 439/822/818 1718/813/819
f 1718/813/819 439/822/818 440/823/820 1721/816/821
f 1721/816/821 440/823/820 10/19/20 225/18/19
f 1720/814/809 1721/816/808 225/18/18 226/17/17
f 1719/815/807 1720/814/806 226/17/17 227/16/16
f 431/576/566 1719/815/822 227/16/16 18/15/15
f 430/575/565 1716/811/823 1719/815/822 431/576/566
f 429/573/563 1713/808/798 1716/811/823 430/575/565
f 1722/824/824 1723/825/825 1726/826/826 1725/827/827
f 1723/825/825 1724/828/828 1727/829/829 1726/826/826
f 1725/827/827 1726/826/826 1729/830/830 1728/831/831
f 1726/826/826 1727/829/829 1730/832/832 1729/830/830
f 22/249/238 393/247/236 1722/824/824 296/833/833
f 393/247/236 394/246/235 1723/825/825 1722/824/824
f 394/246/235 395/245/234 1724/828/828 1723/825/825
f 395/245/234 50/244/233 506/834/834 1724/828/828
f 1724/828/828 506/834/834 505/835/835 1727/829/829
f 1727/829/829 505/835/835 504/836/836 1730/832/832
f 1730/832/832 504/836/836 49/837/837 375/838/838
f 1729/830/830 1730/832/832 375/838/838 376/839/839
f 1728/831/831 1729/830/830 376/839/839 377/840/840
f 294/841/841 1728/831/831 377/840/840 21/842/842
f 295/843/843 1725/827/827 1728/831/831 294/841/841
f 296/833/833 1722/824/824 1725/827/827 295/843/843
f 1731/844/844 1732/845/845 1735/846/846 1734/847/847
f 1732/845/845 1733/848/848 1736/849/849 1735/846/846
f 1734/847/847 1735/846/846 1738/850/850 1737/851/851
f 1735/846/846 1736/849/849 1739/852/852 1738/850/850
f 30/199/198 302/197/196 1731/844/844 401/601/591
f 302/197/196 301/196/195 1732/845/845 1731/844/844
f 301/196/195 300/195/194 1733/848/848 1732/845/845
f 300/195/194 29/194/193 378/470/460 1733/848/848
f 1733/848/848 378/470/460 379/483/473 1736/849/849
f 1736/849/849 379/483/473 380/481/471 1739/852/852
f 1739/852/852 380/481/471 57/482/472 513/853/853
f 1738/850/850 1739/852/852 513/853/853 514/854/854
f 1737/851/851 1738/850/850 514/854/854 515/855/855
f 399/603/593 1737/851/851 515/855/855 58/604/594
f 400/602/592 1734/847/847 1737/851/851 399/603/593
f 401/601/591 1731/844/844 1734/847/847 400/602/592
f 1740/856/856 1741/857/857 1744/858/858 1743/859/859
f 1741/857/857 1742/860/860 1745/861/861 1744/858/858
f 1743/859/859 1744/858/858 1747/862/862 1746/863/863
f 1744/858/858 1745/861/861 1748/864/864 1747/862/862
f 169/865/865 1199/866/866 1740/856/856 1281/867/867
f 1199/866/866 1198/868/868 1741/857/857 1740/856/856
f 1198/868/868 1197/869/869 1742/860/860 1741/857/857
f 1197/869/869 21/842/842 377/840/840 1742/860/860
f 1742/860/860 377/840/840 376/839/839 1745/861/861
f 1745/861/861 376/839/839 375/838/838 1748/864/864
f 1748/864/864 375/838/838 49/837/837 1209/870/870
f 1747/862/862 1748/864/864 1209/870/870 1210/871/871
f 1746/863/863 1747/862/862 1210/871/871 1211/872/872
f 1283/873/873 1746/863/863 1211/872/872 173/874/874
f 1282/875/875 1743/859/859 1746/863/863 1283/873/873
f 1281/867/867 1740/856/856 1743/859/859 1282/875/875
f 1749/876/876 1750/877/877 1753/878/878 1752/879/879
f 1750/877/877 1751/880/880 1754/881/881 1753/878/878
f 1752/879/879 1753/878/878 1756/882/882 1755/883/883
f 1753/878/878 1754/881/881 1757/884/884 1756/882/882
f 77/260/249 243/262/251 1749/876/876 732/885/885
f 243/262/251 244/275/264 1750/877/877 1749/876/876
f 244/275/264 245/273/262 1751/880/880 1750/877/877
f 245/273/262 14/274/263 392/886/886 1751/880/880
f 1751/880/880 392/886/886 391/887/887 1754/881/881
f 1754/881/881 391/887/887 390/888/888 1757/884/884
f 1757/884/884 390/888/888 42/889/889 473/890/890
f 1756/882/882 1757/884/884 473/890/890 472/891/891
f 1755/883/883 1756/882/882 472/891/891 471/892/892
f 734/893/893 1755/883/883 471/892/892 84/894/894
f 733/895/895 1752/879/879 1755/883/883 734/893/893
f 732/885/885 1749/876/876 1752/879/879 733/895/895
f 1758/896/896 1759/897/897 1762/898/898 1761/899/899
f 1759/897/897 1760/900/900 1763/901/901 1762/898/898
f 1761/899/899 1762/898/898 1765/902/902 1764/903/903
f 1762/898/898 1763/901/901 1766/904/904 1765/902/902
f 99/905/905 240/906/906 1758/896/896 858/907/907
f 240/906/906 241/908/908 1759/897/897 1758/896/896
f 241/908/908 242/909/909 1760/900/900 1759/897/897
f 242/909/909 13/910/910 384/911/911 1760/900/900
f 1760/900/900 384/911/911 385/912/912 1763/901/901
f 1763/901/901 385/912/912 386/913/913 1766/904/904
f 1766/904/904 386/913/913 41/914/914 470/915/915
f 1765/902/902 1766/904/904 470/915/915 469/916/916
f 1764/903/903 1765/902/902 469/916/916 468/917/917
f 860/918/918 1764/903/903 468/917/917 109/919/796
f 859/920/919 1761/899/899 1764/903/903 860/918/918
f 858/907/907 1758/896/896 1761/899/899 859/920/919
f 1767/921/920 1768/922/921 1771/923/922 1770/924/923
f 1768/922/921 1769/925/924 1772/926/925 1771/923/922
f 1770/924/923 1771/923/922 1774/927/926 1773/928/927
f 1771/923/922 1772/926/925 1775/929/928 1774/927/926
f 193/930/929 1373/931/930 1767/921/920 714/932/931
f 1373/931/930 1372/933/932 1768/922/921 1767/921/920
f 1372/933/932 1371/934/933 1769/925/924 1768/922/921
f 1371/934/933 189/797/934 567/935/935 1769/925/924
f 1769/925/924 567/935/935 568/936/936 1772/926/925
f 1772/926/925 568/936/936 569/937/937 1775/929/928
f 1775/929/928 569/937/937 59/938/938 657/939/939
f 1774/927/926 1775/929/928 657/939/939 658/940/940
f 1773/928/927 1774/927/926 658/940/940 659/941/941
f 716/942/942 1773/928/927 659/941/941 85/943/942
f 715/944/942 1770/924/923 1773/928/927 716/942/942
f 714/932/931 1767/921/920 1770/924/923 715/944/942
f 1776/945/943 1777/946/944 1780/947/945 1779/948/946
f 1777/946/944 1778/949/947 1781/950/948 1780/947/945
f 1779/948/946 1780/947/945 1783/951/949 1782/952/950
f 1780/947/945 1781/950/948 1784/953/951 1783/951/949
f 145/135/134 237/137/136 1776/945/943 1164/954/952
f 237/137/136 238/150/149 1777/946/944 1776/945/943
f 238/150/149 239/148/147 1778/949/947 1777/946/944
f 239/148/147 16/149/148 398/955/953 1778/949/947
f 1778/949/947 398/955/953 397/956/954 1781/950/948
f 1781/950/948 397/956/954 396/957/955 1784/953/951
f 1784/953/951 396/957/955 44/958/956 467/959/957
f 1783/951/949 1784/953/951 467/959/957 466/960/958
f 1782/952/950 1783/951/949 466/960/958 465/961/959
f 1166/962/960 1782/952/950 465/961/959 147/963/961
f 1165/964/962 1779/948/946 1782/952/950 1166/962/960
f 1164/954/952 1776/945/943 1779/948/946 1165/964/962
f 1785/965/963 1786/966/964 1789/967/965 1788/968/966
f 1786/966/964 1787/969/967 1790/970/968 1789/967/965
f 1788/968/966 1789/967/965 1792/971/969 1791/972/970
f 1789/967/965 1790/970/968 1793/973/971 1792/971/969
f 120/110/109 213/112/111 1785/965/963 1026/974/972
f 213/112/111 214/125/124 1786/966/964 1785/965/963
f 214/125/124 215/123/122 1787/969/967 1786/966/964
f 215/123/122 17/124/123 410/975/973 1787/969/967
f 1787/969/967 410/975/973 409/976/974 1790/970/968
f 1790/970/968 409/976/974 408/977/975 1793/973/971
f 1793/973/971 408/977/975 45/978/976 461/979/977
f 1792/971/969 1793/973/971 461/979/977 460/980/978
f 1791/972/970 1792/971/969 460/980/978 459/981/979
f 1028/982/980 1791/972/970 459/981/979 124/983/981
f 1027/984/982 1788/968/966 1791/972/970 1028/982/980
f 1026/974/972 1785/965/963 1788/968/966 1027/984/982
f 1794/985/983 1795/986/984 1798/987/985 1797/988/986
f 1795/986/984 1796/989/987 1799/990/988 1798/987/985
f 1797/988/986 1798/987/985 1801/991/989 1800/992/990
f 1798/987/985 1799/990/988 1802/993/991 1801/991/989
f 76/994/992 234/995/993 1794/985/983 726/996/994
f 234/995/993 235/997/995 1795/986/984 1794/985/983
f 235/997/995 236/998/996 1796/989/987 1795/986/984
f 236/998/996 15/384/374 405/999/997 1796/989/987
f 1796/989/987 405/999/997 406/1000/998 1799/990/988
f 1799/990/988 406/1000/998 407/1001/999 1802/993/991
f 1802/993/991 407/1001/999 43/1002/791 464/1003/1000
f 1801/991/989 1802/993/991 464/1003/1000 463/1004/1001
f 1800/992/990 1801/991/989 463/1004/1001 462/1005/1002
f 728/1006/1003 1800/992/990 462/1005/1002 83/1007/1004
f 727/1008/1005 1797/988/986 1800/992/990 728/1006/1003
f 726/996/994 1794/985/983 1797/988/986 727/1008/1005
f 1803/1009/1006 1804/1010/1007 1807/1011/1008 1806/1012/1009
f 1804/1010/1007 1805/1013/1010 1808/1014/1011 1807/1011/1008
f 1806/1012/1009 1807/1011/1008 1810/1015/1012 1809/1016/1013
f 1807/1011/1008 1808/1014/1011 1811/1017/1014 1810/1015/1012
f 24/285/274 290/542/532 1803/1009/1006 414/401/391
f 290/542/532 289/547/537 1804/1010/1007 1803/1009/1006
f 289/547/537 288/546/536 1805/1013/1010 1804/1010/1007
f 288/546/536 23/235/224 417/1018/1015 1805/1013/1010
f 1805/1013/1010 417/1018/1015 418/1019/1016 1808/1014/1011
f 1808/1014/1011 418/1019/1016 419/1020/1017 1811/1017/1014
f 1811/1017/1014 419/1020/1017 33/1021/1018 347/1022/1019
f 1810/1015/1012 1811/1017/1014 347/1022/1019 346/1023/1020
f 1809/1016/1013 1810/1015/1012 346/1023/1020 345/1024/1021
f 416/403/393 1809/1016/1013 345/1024/1021 32/404/394
f 415/402/392 1806/1012/1009 1809/1016/1013 416/403/393
f 414/401/391 1803/1009/1006 1806/1012/1009 415/402/392
f 1812/1025/1022 1813/1026/1023 1816/1027/1024 1815/1028/1025
f 1813/1026/1023 1814/1029/1026 1817/1030/1027 1816/1027/1024
f 1815/1028/1025 1816/1027/1024 1819/1031/1028 1818/1032/1029
f 1816/1027/1024 1817/1030/1027 1820/1033/1030 1819/1031/1028
f 23/235/224 293/237/226 1812/1025/1022 417/1018/1015
f 293/237/226 292/250/239 1813/1026/1023 1812/1025/1022
f 292/250/239 291/248/237 1814/1029/1026 1813/1026/1023
f 291/248/237 22/249/238 420/1034/1031 1814/1029/1026
f 1814/1029/1026 420/1034/1031 421/1035/1032 1817/1030/1027
f 1817/1030/1027 421/1035/1032 422/1036/1033 1820/1033/1030
f 1820/1033/1030 422/1036/1033 34/1037/1034 353/1038/1035
f 1819/1031/1028 1820/1033/1030 353/1038/1035 352/1039/1036
f 1818/1032/1029 1819/1031/1028 352/1039/1036 351/1040/1037
f 419/1020/1017 1818/1032/1029 351/1040/1037 33/1021/1018
f 418/1019/1016 1815/1028/1025 1818/1032/1029 419/1020/1017
f 417/1018/1015 1812/1025/1022 1815/1028/1025 418/1019/1016
f 1821/1041/1038 1822/1042/1039 1825/1043/1040 1824/1044/1041
f 1822/1042/1039 1823/1045/1042 1826/1046/1043 1825/1043/1040
f 1824/1044/1041 1825/1043/1040 1828/1047/1044 1827/1048/1045
f 1825/1043/1040 1826/1046/1043 1829/1049/1046 1828/1047/1044
f 22/249/238 296/833/833 1821/1041/1038 420/1034/1031
f 296/833/833 295/843/843 1822/1042/1039 1821/1041/1038
f 295/843/843 294/841/841 1823/1045/1042 1822/1042/1039
f 294/841/841 21/842/842 423/1050/1047 1823/1045/1042
f 1823/1045/1042 423/1050/1047 424/1051/1048 1826/1046/1043
f 1826/1046/1043 424/1051/1048 425/1052/1049 1829/1049/1046
f 1829/1049/1046 425/1052/1049 35/1053/1050 359/1054/1051
f 1828/1047/1044 1829/1049/1046 359/1054/1051 358/1055/1052
f 1827/1048/1045 1828/1047/1044 358/1055/1052 357/1056/1053
f 422/1036/1033 1827/1048/1045 357/1056/1053 34/1037/1034
f 421/1035/1032 1824/1044/1041 1827/1048/1045 422/1036/1033
f 420/1034/1031 1821/1041/1038 1824/1044/1041 421/1035/1032
f 1830/1057/1054 1831/1058/1055 1834/1059/1056 1833/1060/1057
f 1831/1058/1058 1832/1061/1059 1835/1062/1060 1834/1059/1061
f 1833/1060/1057 1834/1059/1056 1837/1063/1062 1836/1064/1063
f 1834/1059/1061 1835/1062/1060 1838/1065/1064 1837/1063/1065
f 170/1066/1066 1280/1067/1067 1830/1057/1068 1202/1068/1069
f 1280/1067/1070 1279/1069/1071 1831/1058/1055 1830/1057/1054
f 1279/1069/1072 1278/1070/1073 1832/1061/1059 1831/1058/1058
f 1278/1070/1073 169/865/865 432/1071/1074 1832/1061/1059
f 1832/1061/1059 432/1071/1074 433/1072/1075 1835/1062/1076
f 1835/1062/1076 433/1072/1075 434/1073/1077 1838/1065/1078
f 1838/1065/1078 434/1073/1077 17/124/123 231/310/299
f 1837/1063/1065 1838/1065/1064 231/310/299 232/320/309
f 1836/1064/1063 1837/1063/1062 232/320/309 233/318/310
f 1200/1074/1079 1836/1064/1080 233/318/307 9/319/308
f 1201/1075/1081 1833/1060/1082 1836/1064/1080 1200/1074/1079
f 1202/1068/1069 1830/1057/1068 1833/1060/1082 1201/1075/1081
f 1839/1076/1083 1840/1077/1084 1843/1078/1084 1842/1079/1085
f 1840/1077/1086 1841/1080/1087 1844/1081/1087 1843/1078/1088
f 1842/1079/1085 1843/1078/1084 1846/1082/1089 1845/1083/1085
f 1843/1078/1088 1844/1081/1087 1847/1084/1090 1846/1082/1088
f 197/1085/1091 1002/1086/1092 1839/1076/1083 1368/1087/1093
f 1002/1086/1092 1003/1088/1094 1840/1077/1084 1839/1076/1083
f 1003/1088/1095 1004/1089/1096 1841/1080/1087 1840/1077/1086
f 1004/1089/1096 134/1090/1004 651/1091/1004 1841/1080/1087
f 1841/1080/1087 651/1091/1004 652/1092/1004 1844/1081/1087
f 1844/1081/1087 652/1092/1004 653/1093/1004 1847/1084/1090
f 1847/1084/1090 653/1093/1004 83/1094/1004 1317/1095/1097
f 1846/1082/1088 1847/1084/1090 1317/1095/1097 1318/1096/1098
f 1845/1083/1085 1846/1082/1089 1318/1096/1099 1319/1097/1100
f 1370/1098/1093 1845/1083/1085 1319/1097/1100 193/930/929
f 1369/1099/1093 1842/1079/1085 1845/1083/1085 1370/1098/1093
f 1368/1087/1093 1839/1076/1083 1842/1079/1085 1369/1099/1093
f 1848/1100/1101 1849/1101/1102 1852/1102/1103 1851/1103/1104
f 1849/1101/1102 1850/1104/1105 1853/1105/1106 1852/1102/1103
f 1851/1103/1104 1852/1102/1103 1855/1106/1107 1854/1107/1108
f 1852/1102/1103 1853/1105/1106 1856/1108/1109 1855/1106/1107
f 195/1109/1110 849/1110/1111 1848/1100/1101 1365/1111/1112
f 849/1110/1111 850/1112/1113 1849/1101/1102 1848/1100/1101
f 850/1112/1113 851/1113/1114 1850/1104/1105 1849/1101/1102
f 851/1113/1114 109/1114/796 468/1115/917 1850/1104/1105
f 1850/1104/1105 468/1115/917 469/1116/916 1853/1105/1106
f 1853/1105/1106 469/1116/916 470/1117/915 1856/1108/1109
f 1856/1108/1109 470/1117/915 41/1118/914 590/1119/1115
f 1855/1106/1107 1856/1108/1109 590/1119/1115 589/1120/1116
f 1854/1107/1108 1855/1106/1107 589/1120/1116 588/1121/1117
f 1367/1122/1118 1854/1107/1108 588/1121/1117 192/1123/1119
f 1366/1124/1120 1851/1103/1104 1854/1107/1108 1367/1122/1118
f 1365/1111/1112 1848/1100/1101 1851/1103/1104 1366/1124/1120
f 1857/1125/1121 1858/1126/1121 1861/1127/1121 1860/1128/1121
f 1858/1126/1121 1859/1129/1121 1862/1130/1121 1861/1127/1121
f 1860/1128/1121 1861/1127/1121 1864/1131/1121 1863/1132/1121
f 1861/1127/1121 1862/1130/1121 1865/1133/1121 1864/1131/1121
f 90/1134/1122 674/1135/1121 1857/1125/1121 699/1136/1122
f 674/1135/1121 673/1137/1121 1858/1126/1121 1857/1125/1121
f 673/1137/1121 672/1138/1121 1859/1129/1121 1858/1126/1121
f 672/1138/1121 136/1139/1123 1017/1140/1123 1859/1129/1121
f 1859/1129/1121 1017/1140/1123 1018/1141/1124 1862/1130/1121
f 1862/1130/1121 1018/1141/1124 1019/1142/1124 1865/1133/1121
f 1865/1133/1121 1019/1142/1124 137/1143/1124 675/1144/1121
f 1864/1131/1121 1865/1133/1121 675/1144/1121 676/1145/1121
f 1863/1132/1121 1864/1131/1121 676/1145/1121 677/1146/1121
f 701/1147/1122 1863/1132/1121 677/1146/1121 91/1148/1122
f 700/1149/1122 1860/1128/1121 1863/1132/1121 701/1147/1122
f 699/1136/1122 1857/1125/1121 1860/1128/1121 700/1149/1122
f 1866/1150/1125 1867/1151/1126 1870/1152/1127 1869/1153/1128
f 1867/1151/1126 1868/1154/1129 1871/1155/1130 1870/1152/1127
f 1869/1153/1128 1870/1152/1127 1873/1156/1131 1872/1157/1132
f 1870/1152/1127 1871/1155/1130 1874/1158/1133 1873/1156/1131
f 198/1159/1134 1364/1160/1135 1866/1150/1125 1020/1161/1136
f 1364/1160/1135 1363/1162/1137 1867/1151/1126 1866/1150/1125
f 1363/1162/1137 1362/1163/1138 1868/1154/1129 1867/1151/1126
f 1362/1163/1139 191/1164/1140 1313/1165/1141 1868/1154/1142
f 1868/1154/1142 1313/1165/1141 1312/1166/1143 1871/1155/1144
f 1871/1155/1144 1312/1166/1143 1311/1167/1145 1874/1158/1146
f 1874/1158/1146 1311/1167/1145 58/1168/1147 948/1169/1148
f 1873/1156/1131 1874/1158/1133 948/1169/1149 949/1170/1150
f 1872/1157/1132 1873/1156/1131 949/1170/1150 950/1171/1151
f 1022/1172/1136 1872/1157/1132 950/1171/1151 136/1139/1123
f 1021/1173/1136 1869/1153/1128 1872/1157/1132 1022/1172/1136
f 1020/1161/1136 1866/1150/1125 1869/1153/1128 1021/1173/1136
f 1875/1174/1152 1876/1175/1153 1879/1176/1154 1878/1177/1155
f 1876/1175/1153 1877/1178/1156 1880/1179/1157 1879/1176/1154
f 1878/1177/1155 1879/1176/1154 1882/1180/1158 1881/1181/1159
f 1879/1176/1154 1880/1179/1157 1883/1182/1160 1882/1180/1158
f 125/1183/1161 987/1184/1161 1875/1174/1152 474/1185/1162
f 987/1184/1161 988/1186/1163 1876/1175/1153 1875/1174/1152
f 988/1186/1163 989/1187/1163 1877/1178/1156 1876/1175/1153
f 989/1187/1163 126/1188/1163 483/1189/1164 1877/1178/1156
f 1877/1178/1156 483/1189/1164 484/1190/1165 1880/1179/1157
f 1880/1179/1157 484/1190/1165 485/1191/1166 1883/1182/1160
f 1883/1182/1167 485/1191/1166 52/1192/1168 477/1193/1169
f 1882/1180/1170 1883/1182/1167 477/1193/1169 478/1194/1171
f 1881/1181/1172 1882/1180/1170 478/1194/1171 479/1195/1173
f 476/1196/1174 1881/1181/1172 479/1195/1173 53/1197/1175
f 475/1198/1176 1878/1177/1155 1881/1181/1159 476/1196/1177
f 474/1185/1162 1875/1174/1152 1878/1177/1155 475/1198/1176
f 1884/1199/1178 1885/1200/1179 1888/1201/1180 1887/1202/1181
f 1885/1200/1179 1886/1203/1182 1889/1204/1183 1888/1201/1180
f 1887/1202/1181 1888/1201/1180 1891/1205/1184 1890/1206/1185
f 1888/1201/1180 1889/1204/1183 1892/1207/1186 1891/1205/1184
f 60/1208/1187 489/1209/1188 1884/1199/1178 660/1210/1189
f 489/1209/1188 490/1211/1190 1885/1200/1179 1884/1199/1178
f 490/1211/1190 491/1212/1191 1886/1203/1182 1885/1200/1179
f 491/1212/1191 61/1213/1192 663/1214/1193 1886/1203/1182
f 1886/1203/1182 663/1214/1193 664/1215/1194 1889/1204/1183
f 1889/1204/1183 664/1215/1194 665/1216/1195 1892/1207/1186
f 1892/1207/1186 665/1216/1195 87/1217/1196 710/1218/1196
f 1891/1205/1184 1892/1207/1186 710/1218/1196 709/1219/1196
f 1890/1206/1185 1891/1205/1184 709/1219/1196 708/1220/1197
f 662/1221/1198 1890/1206/1185 708/1220/1197 86/1222/1197
f 661/1223/1199 1887/1202/1181 1890/1206/1185 662/1221/1198
f 660/1210/1189 1884/1199/1178 1887/1202/1181 661/1223/1199
f 1893/1224/1200 1894/1225/1201 1897/1226/1202 1896/1227/1203
f 1894/1225/1201 1895/1228/1204 1898/1229/1205 1897/1226/1202
f 1896/1227/1203 1897/1226/1202 1900/1230/1206 1899/1231/1207
f 1897/1226/1202 1898/1229/1205 1901/1232/1208 1900/1230/1206
f 61/1213/1192 498/1233/1209 1893/1224/1200 663/1214/1193
f 498/1233/1209 499/1234/1210 1894/1225/1201 1893/1224/1200
f 499/1234/1210 500/1235/1211 1895/1228/1204 1894/1225/1201
f 500/1235/1211 62/1236/1212 666/1237/1213 1895/1228/1204
f 1895/1228/1204 666/1237/1213 667/1238/1214 1898/1229/1205
f 1898/1229/1205 667/1238/1214 668/1239/1215 1901/1232/1208
f 1901/1232/1208 668/1239/1215 88/1240/1216 707/1241/1216
f 1900/1230/1206 1901/1232/1208 707/1241/1216 706/1242/1196
f 1899/1231/1207 1900/1230/1206 706/1242/1196 705/1243/1196
f 665/1216/1195 1899/1231/1207 705/1243/1196 87/1217/1196
f 664/1215/1194 1896/1227/1203 1899/1231/1207 665/1216/1195
f 663/1214/1193 1893/1224/1200 1896/1227/1203 664/1215/1194
f 1902/1244/1217 1903/1245/1218 1906/1246/1219 1905/1247/1220
f 1903/1245/1218 1904/1248/1221 1907/1249/1222 1906/1246/1219
f 1905/1247/1220 1906/1246/1219 1909/1250/1223 1908/1251/1224
f 1906/1246/1219 1907/1249/1222 1910/1252/1225 1909/1250/1223
f 62/1236/1212 507/1253/1226 1902/1244/1217 666/1237/1213
f 507/1253/1226 508/1254/1227 1903/1245/1218 1902/1244/1217
f 508/1254/1227 509/1255/1228 1904/1248/1221 1903/1245/1218
f 509/1255/1228 63/1256/1229 669/1257/1230 1904/1248/1221
f 1904/1248/1221 669/1257/1230 670/1258/1231 1907/1249/1222
f 1907/1249/1222 670/1258/1231 671/1259/1232 1910/1252/1225
f 1910/1252/1225 671/1259/1232 89/1260/1233 704/1261/1233
f 1909/1250/1223 1910/1252/1225 704/1261/1233 703/1262/1216
f 1908/1251/1224 1909/1250/1223 703/1262/1216 702/1263/1216
f 668/1239/1215 1908/1251/1224 702/1263/1216 88/1240/1216
f 667/1238/1214 1905/1247/1220 1908/1251/1224 668/1239/1215
f 666/1237/1213 1902/1244/1217 1905/1247/1220 667/1238/1214
f 1911/1264/1234 1912/1265/1235 1915/1266/1236 1914/1267/1237
f 1912/1265/1235 1913/1268/1238 1916/1269/1239 1915/1266/1236
f 1914/1267/1237 1915/1266/1236 1918/1270/1240 1917/1271/1241
f 1915/1266/1236 1916/1269/1239 1919/1272/1242 1918/1270/1240
f 174/1273/1243 1277/1274/1244 1911/1264/1234 1214/1275/1245
f 1277/1274/1244 1276/1276/1246 1912/1265/1235 1911/1264/1234
f 1276/1276/1246 1275/1277/1247 1913/1268/1238 1912/1265/1235
f 1275/1277/1247 177/1278/1248 717/1279/1249 1913/1268/1238
f 1913/1268/1238 717/1279/1249 718/1280/1233 1916/1269/1239
f 1916/1269/1239 718/1280/1233 719/1281/1233 1919/1272/1242
f 1919/1272/1242 719/1281/1233 89/1260/1233 671/1259/1232
f 1918/1270/1240 1919/1272/1242 671/1259/1232 670/1258/1231
f 1917/1271/1241 1918/1270/1240 670/1258/1231 669/1257/1230
f 1212/1282/1250 1917/1271/1241 669/1257/1230 63/1256/1229
f 1213/1283/1251 1914/1267/1237 1917/1271/1241 1212/1282/1250
f 1214/1275/1245 1911/1264/1234 1914/1267/1237 1213/1283/1251
f 1920/1284/1252 1921/1285/1253 1924/1286/1254 1923/1287/1255
f 1921/1285/1253 1922/1288/1256 1925/1289/1257 1924/1286/1254
f 1923/1287/1258 1924/1286/1259 1927/1290/1260 1926/1291/1261
f 1924/1286/1259 1925/1289/1262 1928/1292/1263 1927/1290/1260
f 194/1293/1264 1361/1294/1265 1920/1284/1252 720/1295/1266
f 1361/1294/1265 1360/1296/1267 1921/1285/1253 1920/1284/1252
f 1360/1296/1267 1359/1297/1268 1922/1288/1256 1921/1285/1253
f 1359/1297/1268 192/1123/1269 588/1121/1270 1922/1288/1256
f 1922/1288/1256 588/1121/1270 589/1120/1271 1925/1289/1257
f 1925/1289/1262 589/1120/1116 590/1119/1115 1928/1292/1263
f 1928/1292/1263 590/1119/1115 41/1118/914 645/1298/1272
f 1927/1290/1260 1928/1292/1263 645/1298/1272 646/1299/1273
f 1926/1291/1261 1927/1290/1260 646/1299/1273 647/1300/1274
f 722/1301/1275 1926/1291/1261 647/1300/1274 81/1302/521
f 721/1303/1276 1923/1287/1258 1926/1291/1261 722/1301/1275
f 720/1295/1266 1920/1284/1252 1923/1287/1255 721/1303/1277
f 1929/1304/1278 1930/1305/1279 1933/1306/1280 1932/1307/1281
f 1930/1305/1279 1931/1308/1282 1934/1309/1283 1933/1306/1280
f 1932/1307/1281 1933/1306/1280 1936/1310/1284 1935/1311/1285
f 1933/1306/1280 1934/1309/1283 1937/1312/1286 1936/1310/1284
f 68/1313/1287 527/1314/1288 1929/1304/1278 530/1315/1289
f 527/1314/1288 526/1316/1290 1930/1305/1279 1929/1304/1278
f 526/1316/1290 525/1317/1291 1931/1308/1282 1930/1305/1279
f 525/1317/1291 90/1134/1122 699/1136/1122 1931/1308/1282
f 1931/1308/1282 699/1136/1122 700/1149/1122 1934/1309/1283
f 1934/1309/1283 700/1149/1122 701/1147/1122 1937/1312/1286
f 1937/1312/1286 701/1147/1122 91/1148/1122 531/1318/1292
f 1936/1310/1284 1937/1312/1286 531/1318/1292 532/1319/1293
f 1935/1311/1285 1936/1310/1284 532/1319/1293 533/1320/1294
f 528/1321/1295 1935/1311/1285 533/1320/1294 67/1322/1296
f 529/1323/1297 1932/1307/1281 1935/1311/1285 528/1321/1295
f 530/1315/1289 1929/1304/1278 1932/1307/1281 529/1323/1297
f 1938/1324/1298 1939/1325/1299 1942/1326/1300 1941/1327/1301
f 1939/1325/1299 1940/1328/1302 1943/1329/1303 1942/1326/1300
f 1941/1327/1301 1942/1326/1300 1945/1330/1304 1944/1331/1305
f 1942/1326/1300 1943/1329/1303 1946/1332/1306 1945/1330/1304
f 57/1333/1307 518/1334/1308 1938/1324/1298 951/1335/1309
f 518/1334/1308 517/1336/1310 1939/1325/1299 1938/1324/1298
f 517/1336/1310 516/1337/1311 1940/1328/1302 1939/1325/1299
f 516/1337/1311 56/1338/1312 954/1339/1313 1940/1328/1302
f 1940/1328/1302 954/1339/1313 955/1340/1314 1943/1329/1303
f 1943/1329/1303 955/1340/1314 956/1341/1315 1946/1332/1306
f 1946/1332/1306 956/1341/1315 138/1342/1316 1016/1343/1316
f 1945/1330/1304 1946/1332/1306 1016/1343/1316 1015/1344/1317
f 1944/1331/1305 1945/1330/1304 1015/1344/1317 1014/1345/1317
f 953/1346/1318 1944/1331/1305 1014/1345/1317 137/1143/1124
f 952/1347/1319 1941/1327/1301 1944/1331/1305 953/1346/1318
f 951/1335/1309 1938/1324/1298 1941/1327/1301 952/1347/1319
f 1947/1348/1320 1948/1349/1321 1951/1350/1322 1950/1351/1323
f 1948/1349/1321 1949/1352/1324 1952/1353/1325 1951/1350/1322
f 1950/1351/1323 1951/1350/1322 1954/1354/1326 1953/1355/1327
f 1951/1350/1322 1952/1353/1325 1955/1356/1328 1954/1354/1326
f 56/1338/1312 521/1357/1329 1947/1348/1320 954/1339/1313
f 521/1357/1329 520/1358/1330 1948/1349/1321 1947/1348/1320
f 520/1358/1330 519/1359/1331 1949/1352/1324 1948/1349/1321
f 519/1359/1331 55/1360/1332 957/1361/1333 1949/1352/1324
f 1949/1352/1324 957/1361/1333 958/1362/1334 1952/1353/1325
f 1952/1353/1325 958/1362/1334 959/1363/1335 1955/1356/1328
f 1955/1356/1328 959/1363/1335 139/1364/1336 1013/1365/1337
f 1954/1354/1326 1955/1356/1328 1013/1365/1337 1012/1366/1337
f 1953/1355/1327 1954/1354/1326 1012/1366/1337 1011/1367/1316
f 956/1341/1315 1953/1355/1327 1011/1367/1316 138/1342/1316
f 955/1340/1314 1950/1351/1323 1953/1355/1327 956/1341/1315
f 954/1339/1313 1947/1348/1320 1950/1351/1323 955/1340/1314
f 1956/1368/1338 1957/1369/1339 1960/1370/1340 1959/1371/1341
f 1957/1369/1339 1958/1372/1342 1961/1373/1343 1960/1370/1340
f 1959/1371/1341 1960/1370/1340 1963/1374/1344 1962/1375/1345
f 1960/1370/1340 1961/1373/1343 1964/1376/1346 1963/1374/1344
f 55/1360/1332 524/1377/1347 1956/1368/1348 957/1361/1333
f 524/1377/1347 523/1378/1349 1957/1369/1350 1956/1368/1348
f 523/1378/1349 522/1379/1351 1958/1372/1352 1957/1369/1350
f 522/1379/1351 54/1380/1353 960/1381/1354 1958/1372/1352
f 1958/1372/1342 960/1381/1355 961/1382/1356 1961/1373/1343
f 1961/1373/1343 961/1382/1356 962/1383/1357 1964/1376/1346
f 1964/1376/1346 962/1383/1357 140/1384/1358 1010/1385/1358
f 1963/1374/1344 1964/1376/1346 1010/1385/1358 1009/1386/1336
f 1962/1375/1345 1963/1374/1344 1009/1386/1336 1008/1387/1336
f 959/1363/1335 1962/1375/1345 1008/1387/1336 139/1364/1336
f 958/1362/1334 1959/1371/1341 1962/1375/1345 959/1363/1335
f 957/1361/1333 1956/1368/1338 1959/1371/1341 958/1362/1334
f 1965/1388/1359 1966/1389/1360 1969/1390/1361 1968/1391/1362
f 1966/1389/1360 1967/1392/1363 1970/1393/1364 1969/1390/1361
f 1968/1391/1362 1969/1390/1361 1972/1394/1365 1971/1395/1366
f 1969/1390/1361 1970/1393/1364 1973/1396/1367 1972/1394/1365
f 175/1397/1368 1274/1398/1369 1965/1388/1370 1217/1399/1371
f 1274/1398/1372 1273/1400/1373 1966/1389/1360 1965/1388/1359
f 1273/1400/1373 1272/1401/1374 1967/1392/1363 1966/1389/1360
f 1272/1401/1374 181/1402/1375 1235/1403/1376 1967/1392/1363
f 1967/1392/1363 1235/1403/1376 1234/1404/1376 1970/1393/1364
f 1970/1393/1364 1234/1404/1376 1233/1405/1376 1973/1396/1367
f 1973/1396/1367 1233/1405/1376 140/1384/1358 962/1383/1357
f 1972/1394/1365 1973/1396/1367 962/1383/1357 961/1382/1356
f 1971/1395/1366 1972/1394/1365 961/1382/1356 960/1381/1355
f 1215/1406/1377 1971/1395/1378 960/1381/1354 54/1380/1353
f 1216/1407/1379 1968/1391/1380 1971/1395/1378 1215/1406/1377
f 1217/1399/1371 1965/1388/1370 1968/1391/1380 1216/1407/1379
f 1974/1408/1381 1975/1409/1382 1978/1410/1382 1977/1411/1381
f 1975/1409/1382 1976/1412/1383 1979/1413/1383 1978/1410/1382
f 1977/1411/1381 1978/1410/1382 1981/1414/1382 1980/1415/1381
f 1978/1410/1382 1979/1413/1383 1982/1416/1383 1981/1414/1382
f 200/420/410 1182/422/412 1974/1408/1381 1356/1417/1384
f 1182/422/412 1183/434/424 1975/1409/1382 1974/1408/1381
f 1183/434/424 1184/433/423 1976/1412/1383 1975/1409/1382
f 1184/433/423 159/215/206 777/214/204 1976/1412/1383
f 1976/1412/1383 777/214/204 778/213/204 1979/1413/1383
f 1979/1413/1383 778/213/204 779/211/204 1982/1416/1383
f 1982/1416/1383 779/211/204 103/210/203 1326/1418/1385
f 1981/1414/1382 1982/1416/1383 1326/1418/1385 1327/1419/1386
f 1980/1415/1381 1981/1414/1382 1327/1419/1386 1328/1420/1387
f 1358/1421/1384 1980/1415/1381 1328/1420/1387 196/1422/1388
f 1357/1423/1384 1977/1411/1381 1980/1415/1381 1358/1421/1384
f 1356/1417/1384 1974/1408/1381 1977/1411/1381 1357/1423/1384
f 1983/1424/1389 1984/1425/1390 1987/1426/1391 1986/1427/1392
f 1984/1425/1390 1985/1428/1393 1988/1429/1394 1987/1426/1391
f 1986/1427/1392 1987/1426/1391 1990/1430/1395 1989/1431/1396
f 1987/1426/1391 1988/1429/1394 1991/1432/1397 1990/1430/1395
f 148/1433/1398 1134/1434/1399 1983/1424/1389 552/1435/1400
f 1134/1434/1399 1135/1436/1401 1984/1425/1390 1983/1424/1389
f 1135/1436/1401 1136/1437/1402 1985/1428/1393 1984/1425/1390
f 1136/1437/1402 149/1438/1403 555/1439/1404 1985/1428/1393
f 1985/1428/1393 555/1439/1404 556/1440/1405 1988/1429/1394
f 1988/1429/1394 556/1440/1405 557/1441/1406 1991/1432/1397
f 1991/1432/1397 557/1441/1406 60/1208/1407 482/1442/1408
f 1990/1430/1395 1991/1432/1397 482/1442/1408 481/1443/1409
f 1989/1431/1396 1990/1430/1395 481/1443/1409 480/1444/1410
f 554/1445/1411 1989/1431/1396 480/1444/1410 59/938/1412
f 553/1446/1413 1986/1427/1392 1989/1431/1396 554/1445/1411
f 552/1435/1400 1983/1424/1389 1986/1427/1392 553/1446/1413
f 1992/1447/1414 1993/1448/1415 1996/1449/1416 1995/1450/1417
f 1993/1448/1415 1994/1451/1418 1997/1452/1419 1996/1449/1416
f 1995/1450/1417 1996/1449/1416 1999/1453/1420 1998/1454/1421
f 1996/1449/1416 1997/1452/1419 2000/1455/1422 1999/1453/1420
f 67/1322/1423 536/1456/1424 1992/1447/1414 801/1457/1425
f 536/1456/1424 535/1458/1426 1993/1448/1415 1992/1447/1414
f 535/1458/1426 534/1459/1427 1994/1451/1418 1993/1448/1415
f 534/1459/1427 66/1460/1428 804/1461/1429 1994/1451/1418
f 1994/1451/1418 804/1461/1429 805/1462/1430 1997/1452/1419
f 1997/1452/1419 805/1462/1430 806/1463/1431 2000/1455/1422
f 2000/1455/1422 806/1463/1431 112/1464/1432 845/1465/1433
f 1999/1453/1420 2000/1455/1422 845/1465/1433 844/1466/1434
f 1998/1454/1421 1999/1453/1420 844/1466/1434 843/1467/1435
f 803/1468/1436 1998/1454/1421 843/1467/1435 111/1469/1437
f 802/1470/1438 1995/1450/1417 1998/1454/1421 803/1468/1436
f 801/1457/1425 1992/1447/1414 1995/1450/1417 802/1470/1438
f 2001/1471/1439 2002/1472/1440 2005/1473/1441 2004/1474/1442
f 2002/1472/1440 2003/1475/1443 2006/1476/1444 2005/1473/1441
f 2004/1474/1442 2005/1473/1441 2008/1477/1445 2007/1478/1446
f 2005/1473/1441 2006/1476/1444 2009/1479/1447 2008/1477/1445
f 66/1460/1428 542/1480/1448 2001/1471/1439 804/1461/1429
f 542/1480/1448 541/1481/1449 2002/1472/1440 2001/1471/1439
f 541/1481/1449 540/1482/1450 2003/1475/1443 2002/1472/1440
f 540/1482/1450 65/1483/1451 807/1484/1452 2003/1475/1443
f 2003/1475/1443 807/1484/1452 808/1485/1453 2006/1476/1444
f 2006/1476/1444 808/1485/1453 809/1486/1454 2009/1479/1447
f 2009/1479/1447 809/1486/1454 113/1487/1455 842/1488/1456
f 2008/1477/1445 2009/1479/1447 842/1488/1456 841/1489/1457
f 2007/1478/1446 2008/1477/1445 841/1489/1457 840/1490/1458
f 806/1463/1431 2007/1478/1446 840/1490/1458 112/1464/1432
f 805/1462/1430 2004/1474/1442 2007/1478/1446 806/1463/1431
f 804/1461/1429 2001/1471/1439 2004/1474/1442 805/1462/1430
f 2010/1491/1459 2011/1492/1460 2014/1493/1461 2013/1494/1462
f 2011/1492/1460 2012/1495/1463 2015/1496/1464 2014/1493/1461
f 2013/1494/1462 2014/1493/1461 2017/1497/1465 2016/1498/1466
f 2014/1493/1461 2015/1496/1464 2018/1499/1467 2017/1497/1465
f 65/1483/1451 548/1500/1468 2010/1491/1459 807/1484/1452
f 548/1500/1468 547/1501/1469 2011/1492/1460 2010/1491/1459
f 547/1501/1469 546/1502/1470 2012/1495/1463 2011/1492/1460
f 546/1502/1470 64/1503/1471 810/1504/1472 2012/1495/1463
f 2012/1495/1463 810/1504/1472 811/1505/1473 2015/1496/1464
f 2015/1496/1464 811/1505/1473 812/1506/1474 2018/1499/1467
f 2018/1499/1467 812/1506/1474 114/1507/1475 839/1508/1476
f 2017/1497/1465 2018/1499/1467 839/1508/1476 838/1509/1477
f 2016/1498/1466 2017/1497/1465 838/1509/1477 837/1510/1478
f 809/1486/1454 2016/1498/1466 837/1510/1478 113/1487/1455
f 808/1485/1453 2013/1494/1462 2016/1498/1466 809/1486/1454
f 807/1484/1452 2010/1491/1459 2013/1494/1462 808/1485/1453
f 2019/1511/1479 2020/1512/1480 2023/1513/1481 2022/1514/1482
f 2020/1512/1480 2021/1515/1483 2024/1516/1484 2023/1513/1481
f 2022/1514/1482 2023/1513/1481 2026/1517/1485 2025/1518/1486
f 2023/1513/1481 2024/1516/1484 2027/1519/1487 2026/1517/1485
f 176/1520/1488 1271/1521/1489 2019/1511/1479 585/1522/1490
f 1271/1521/1489 1270/1523/1491 2020/1512/1480 2019/1511/1479
f 1270/1523/1491 1269/1524/1492 2021/1515/1483 2020/1512/1480
f 1269/1524/1492 179/1525/1493 852/1526/1494 2021/1515/1483
f 2021/1515/1483 852/1526/1494 853/1527/1495 2024/1516/1484
f 2024/1516/1484 853/1527/1495 854/1528/1496 2027/1519/1487
f 2027/1519/1487 854/1528/1496 114/1507/1475 812/1506/1474
f 2026/1517/1485 2027/1519/1487 812/1506/1474 811/1505/1473
f 2025/1518/1486 2026/1517/1485 811/1505/1473 810/1504/1472
f 587/1529/1497 2025/1518/1486 810/1504/1472 64/1503/1471
f 586/1530/1498 2022/1514/1482 2025/1518/1486 587/1529/1497
f 585/1522/1490 2019/1511/1479 2022/1514/1482 586/1530/1498
f 2028/1531/1499 2029/1532/1499 2032/1533/1499 2031/1534/1499
f 2029/1532/1499 2030/1535/1499 2033/1536/1499 2032/1533/1499
f 2031/1534/1499 2032/1533/1499 2035/1537/1499 2034/1538/1499
f 2032/1533/1499 2033/1536/1499 2036/1539/1499 2035/1537/1499
f 125/1183/1161 917/1540/1499 2028/1531/1499 987/1184/1161
f 917/1540/1499 916/1541/1499 2029/1532/1499 2028/1531/1499
f 916/1541/1499 915/1542/1499 2030/1535/1499 2029/1532/1499
f 915/1542/1499 85/943/942 711/1543/942 2030/1535/1499
f 2030/1535/1499 711/1543/942 712/1544/1197 2033/1536/1499
f 2033/1536/1499 712/1544/1197 713/1545/1197 2036/1539/1499
f 2036/1539/1499 713/1545/1197 86/1222/1197 918/1546/1499
f 2035/1537/1499 2036/1539/1499 918/1546/1499 919/1547/1499
f 2034/1538/1499 2035/1537/1499 919/1547/1499 920/1548/1499
f 989/1187/1163 2034/1538/1499 920/1548/1499 126/1188/1163
f 988/1186/1163 2031/1534/1499 2034/1538/1499 989/1187/1163
f 987/1184/1161 2028/1531/1499 2031/1534/1499 988/1186/1163
f 2037/1549/1500 2038/1550/1501 2041/1551/1502 2040/1552/1503
f 2038/1550/1501 2039/1553/1504 2042/1554/1505 2041/1551/1502
f 2040/1552/1503 2041/1551/1502 2044/1555/1506 2043/1556/1507
f 2041/1551/1502 2042/1554/1505 2045/1557/1508 2044/1555/1506
f 58/1168/1147 515/1558/1509 2037/1549/1510 948/1169/1148
f 515/1558/1509 514/1559/1511 2038/1550/1512 2037/1549/1510
f 514/1559/1511 513/1560/1513 2039/1553/1514 2038/1550/1512
f 513/1560/1513 57/1333/1307 951/1335/1309 2039/1553/1514
f 2039/1553/1504 951/1335/1309 952/1347/1319 2042/1554/1505
f 2042/1554/1505 952/1347/1319 953/1346/1318 2045/1557/1508
f 2045/1557/1508 953/1346/1318 137/1143/1124 1019/1142/1124
f 2044/1555/1506 2045/1557/1508 1019/1142/1124 1018/1141/1124
f 2043/1556/1507 2044/1555/1506 1018/1141/1124 1017/1140/1123
f 950/1171/1151 2043/1556/1507 1017/1140/1123 136/1139/1123
f 949/1170/1150 2040/1552/1503 2043/1556/1507 950/1171/1151
f 948/1169/1149 2037/1549/1500 2040/1552/1503 949/1170/1150
f 2046/1561/1515 2047/1562/1516 2050/1563/1517 2049/1564/1518
f 2047/1562/1516 2048/1565/1519 2051/1566/1520 2050/1563/1517
f 2049/1564/1518 2050/1563/1517 2053/1567/1521 2052/1568/1522
f 2050/1563/1517 2051/1566/1520 2054/1569/1523 2053/1567/1521
f 100/1570/1524 836/1571/1525 2046/1561/1515 249/1572/1526
f 836/1571/1525 835/1573/1527 2047/1562/1516 2046/1561/1515
f 835/1573/1527 834/1574/1528 2048/1565/1519 2047/1562/1516
f 834/1574/1528 115/160/159 606/162/161 2048/1565/1519
f 2048/1565/1519 606/162/161 607/175/174 2051/1566/1520
f 2051/1566/1520 607/175/174 608/173/172 2054/1569/1523
f 2054/1569/1523 608/173/172 71/174/173 267/1575/1529
f 2053/1567/1521 2054/1569/1523 267/1575/1529 268/1576/1530
f 2052/1568/1522 2053/1567/1521 268/1576/1530 269/1577/1531
f 251/1578/1532 2052/1568/1522 269/1577/1531 12/1579/1533
f 250/1580/1534 2049/1564/1518 2052/1568/1522 251/1578/1532
f 249/1572/1526 2046/1561/1515 2049/1564/1518 250/1580/1534
f 2055/1581/1535 2056/1582/1536 2059/1583/1537 2058/1584/1538
f 2056/1582/1536 2057/1585/1539 2060/1586/1540 2059/1583/1537
f 2058/1584/1538 2059/1583/1537 2062/1587/1541 2061/1588/1542
f 2059/1583/1537 2060/1586/1540 2063/1589/1543 2062/1587/1541
f 95/1590/1544 833/1591/1545 2055/1581/1535 755/1592/1546
f 833/1591/1545 832/1593/1547 2056/1582/1536 2055/1581/1535
f 832/1593/1547 831/1594/1548 2057/1585/1539 2056/1582/1536
f 831/1594/1548 116/35/36 612/37/38 2057/1585/1539
f 2057/1585/1539 612/37/38 613/50/51 2060/1586/1540
f 2060/1586/1540 613/50/51 614/48/49 2063/1589/1543
f 2063/1589/1543 614/48/49 69/49/50 264/1595/90
f 2062/1587/1541 2063/1589/1543 264/1595/90 265/1596/1549
f 2061/1588/1542 2062/1587/1541 265/1596/1549 266/1597/1550
f 753/1598/1551 2061/1588/1542 266/1597/1550 3/1599/1552
f 754/1600/1553 2058/1584/1538 2061/1588/1542 753/1598/1551
f 755/1592/1546 2055/1581/1535 2058/1584/1538 754/1600/1553
f 2064/1601/1554 2065/1602/1555 2068/1603/1556 2067/1604/1557
f 2065/1602/1555 2066/1605/1558 2069/1606/1559 2068/1603/1556
f 2067/1604/1557 2068/1603/1556 2071/1607/1560 2070/1608/1561
f 2068/1603/1556 2069/1606/1559 2072/1609/1562 2071/1607/1560
f 12/675/665 269/1610/1563 2064/1601/1554 222/676/666
f 269/1610/1563 268/1611/1564 2065/1602/1555 2064/1601/1554
f 268/1611/1564 267/1612/1529 2066/1605/1558 2065/1602/1555
f 267/1612/1529 71/1613/173 617/1614/171 2066/1605/1558
f 2066/1605/1558 617/1614/171 616/1615/1565 2069/1606/1559
f 2069/1606/1559 616/1615/1565 615/1616/1566 2072/1609/1562
f 2072/1609/1562 615/1616/1566 8/1617/1567 591/1618/1568
f 2071/1607/1560 2072/1609/1562 591/1618/1568 592/1619/1569
f 2070/1608/1561 2071/1607/1560 592/1619/1569 593/1620/1570
f 224/678/668 2070/1608/1561 593/1620/1570 19/449/439
f 223/677/667 2067/1604/1557 2070/1608/1561 224/678/668
f 222/676/666 2064/1601/1554 2067/1604/1557 223/677/667
f 2073/1621/1571 2074/1622/1572 2077/1623/1573 2076/1624/1574
f 2074/1622/1572 2075/1625/1575 2078/1626/1576 2077/1623/1573
f 2076/1624/1574 2077/1623/1573 2080/1627/1577 2079/1628/1578
f 2077/1623/1573 2078/1626/1576 2081/1629/1579 2080/1627/1577
f 79/1630/1580 689/1631/1581 2073/1621/1571 641/1632/1582
f 689/1631/1581 688/1633/1583 2074/1622/1572 2073/1621/1571
f 688/1633/1583 687/1634/1584 2075/1625/1575 2074/1622/1572
f 687/1634/1584 73/1635/508 623/1636/1585 2075/1625/1575
f 2075/1625/1575 623/1636/1585 622/1637/1586 2078/1626/1576
f 2078/1626/1576 622/1637/1586 621/1638/1587 2081/1629/1579
f 2081/1629/1579 621/1638/1587 13/910/910 204/1639/1588
f 2080/1627/1577 2081/1629/1579 204/1639/1588 205/1640/1589
f 2079/1628/1578 2080/1627/1577 205/1640/1589 206/1641/1590
f 639/1642/1591 2079/1628/1578 206/1641/1590 6/1643/1592
f 640/1644/1593 2076/1624/1574 2079/1628/1578 639/1642/1591
f 641/1632/1582 2073/1621/1571 2076/1624/1574 640/1644/1593
f 2082/1645/1594 2083/1646/1595 2086/1647/1595 2085/1648/1594
f 2083/1646/1595 2084/1649/1596 2087/1650/1596 2086/1647/1595
f 2085/1648/1594 2086/1647/1595 2089/1651/1595 2088/1652/1594
f 2086/1647/1595 2087/1650/1596 2090/1653/1596 2089/1651/1595
f 122/1654/1597 1001/1655/1598 2082/1645/1594 908/1656/1599
f 1001/1655/1598 1000/1657/1600 2083/1646/1595 2082/1645/1594
f 1000/1657/1600 999/1658/1601 2084/1649/1596 2083/1646/1595
f 999/1658/1601 119/518/508 899/1659/1602 2084/1649/1596
f 2084/1649/1596 899/1659/1602 898/1660/1602 2087/1650/1596
f 2087/1650/1596 898/1660/1602 897/1661/1602 2090/1653/1596
f 2090/1653/1596 897/1661/1602 73/1635/508 687/1634/1584
f 2089/1651/1595 2090/1653/1596 687/1634/1584 688/1633/1583
f 2088/1652/1594 2089/1651/1595 688/1633/1583 689/1631/1581
f 906/1662/1599 2088/1652/1594 689/1631/1581 79/1630/1580
f 907/1663/1599 2085/1648/1594 2088/1652/1594 906/1662/1599
f 908/1656/1599 2082/1645/1594 2085/1648/1594 907/1663/1599
f 2091/1664/1603 2092/1665/1604 2095/1666/1605 2094/1667/1606
f 2092/1665/1604 2093/1668/1607 2096/1669/1608 2095/1666/1605
f 2094/1667/1609 2095/1666/1610 2098/1670/1611 2097/1671/1612
f 2095/1666/1610 2096/1669/1613 2099/1672/1614 2098/1670/1611
f 176/1520/1615 1268/1673/1616 2091/1664/1603 1220/1674/1617
f 1268/1673/1616 1267/1675/1618 2092/1665/1604 2091/1664/1603
f 1267/1675/1618 1266/1676/1619 2093/1668/1607 2092/1665/1604
f 1266/1676/1619 178/1677/1620 1226/1678/1621 2093/1668/1607
f 2093/1668/1607 1226/1678/1621 1225/1679/1622 2096/1669/1608
f 2096/1669/1613 1225/1679/1623 1224/1680/1624 2099/1672/1614
f 2099/1672/1614 1224/1680/1624 84/1681/894 471/1682/892
f 2098/1670/1611 2099/1672/1614 471/1682/892 472/1683/891
f 2097/1671/1612 2098/1670/1611 472/1683/891 473/1684/890
f 1218/1685/1625 2097/1671/1612 473/1684/890 42/1686/889
f 1219/1687/1626 2094/1667/1609 2097/1671/1612 1218/1685/1625
f 1220/1674/1617 2091/1664/1603 2094/1667/1606 1219/1687/1627
f 2100/1688/1628 2101/1689/1629 2104/1690/1630 2103/1691/1631
f 2101/1689/1629 2102/1692/1632 2105/1693/1633 2104/1690/1630
f 2103/1691/1631 2104/1690/1630 2107/1694/1634 2106/1695/1635
f 2104/1690/1630 2105/1693/1633 2108/1696/1636 2107/1694/1634
f 65/1483/1637 545/1697/1638 2100/1688/1628 548/1500/1639
f 545/1697/1638 544/1698/1640 2101/1689/1629 2100/1688/1628
f 544/1698/1640 543/1699/1641 2102/1692/1632 2101/1689/1629
f 543/1699/1641 93/1700/1642 690/1701/1642 2102/1692/1632
f 2102/1692/1632 690/1701/1642 691/1702/1642 2105/1693/1633
f 2105/1693/1633 691/1702/1642 692/1703/1642 2108/1696/1636
f 2108/1696/1636 692/1703/1642 94/1704/1642 549/1705/1643
f 2107/1694/1634 2108/1696/1636 549/1705/1643 550/1706/1644
f 2106/1695/1635 2107/1694/1634 550/1706/1644 551/1707/1645
f 546/1502/1646 2106/1695/1635 551/1707/1645 64/1503/1647
f 547/1501/1648 2103/1691/1631 2106/1695/1635 546/1502/1646
f 548/1500/1639 2100/1688/1628 2103/1691/1631 547/1501/1648
f 2109/1708/1649 2110/1709/1650 2113/1710/1651 2112/1711/1652
f 2110/1709/1650 2111/1712/1653 2114/1713/1654 2113/1710/1651
f 2112/1711/1652 2113/1710/1651 2116/1714/1655 2115/1715/1656
f 2113/1710/1651 2114/1713/1654 2117/1716/1657 2116/1714/1655
f 66/1460/1658 539/1717/1659 2109/1708/1649 542/1480/1660
f 539/1717/1659 538/1718/1661 2110/1709/1650 2109/1708/1649
f 538/1718/1661 537/1719/1662 2111/1712/1653 2110/1709/1650
f 537/1719/1662 92/1720/1663 693/1721/1663 2111/1712/1653
f 2111/1712/1653 693/1721/1663 694/1722/1663 2114/1713/1654
f 2114/1713/1654 694/1722/1663 695/1723/1663 2117/1716/1657
f 2117/1716/1657 695/1723/1663 93/1700/1642 543/1699/1641
f 2116/1714/1655 2117/1716/1657 543/1699/1641 544/1698/1640
f 2115/1715/1656 2116/1714/1655 544/1698/1640 545/1697/1638
f 540/1482/1664 2115/1715/1656 545/1697/1638 65/1483/1637
f 541/1481/1665 2112/1711/1652 2115/1715/1656 540/1482/1664
f 542/1480/1660 2109/1708/1649 2112/1711/1652 541/1481/1665
f 2118/1724/1666 2119/1725/1667 2122/1726/1668 2121/1727/1669
f 2119/1725/1667 2120/1728/1670 2123/1729/1671 2122/1726/1668
f 2121/1727/1669 2122/1726/1668 2125/1730/1672 2124/1731/1673
f 2122/1726/1668 2123/1729/1671 2126/1732/1674 2125/1730/1672
f 67/1322/1296 533/1320/1294 2118/1724/1666 536/1456/1675
f 533/1320/1294 532/1319/1293 2119/1725/1667 2118/1724/1666
f 532/1319/1293 531/1318/1292 2120/1728/1670 2119/1725/1667
f 531/1318/1292 91/1148/1122 696/1733/1663 2120/1728/1670
f 2120/1728/1670 696/1733/1663 697/1734/1663 2123/1729/1671
f 2123/1729/1671 697/1734/1663 698/1735/1663 2126/1732/1674
f 2126/1732/1674 698/1735/1663 92/1720/1663 537/1719/1662
f 2125/1730/1672 2126/1732/1674 537/1719/1662 538/1718/1661
f 2124/1731/1673 2125/1730/1672 538/1718/1661 539/1717/1659
f 534/1459/1676 2124/1731/1673 539/1717/1659 66/1460/1658
f 535/1458/1677 2121/1727/1669 2124/1731/1673 534/1459/1676
f 536/1456/1675 2118/1724/1666 2121/1727/1669 535/1458/1677
f 2127/1736/1121 2128/1737/1121 2131/1738/1121 2130/1739/1121
f 2128/1737/1121 2129/1740/1121 2132/1741/1121 2131/1738/1121
f 2130/1739/1121 2131/1738/1121 2134/1742/1121 2133/1743/1121
f 2131/1738/1121 2132/1741/1121 2135/1744/1121 2134/1742/1121
f 198/1159/1134 1020/1161/1136 2127/1736/1121 1353/1745/1678
f 1020/1161/1136 1021/1173/1136 2128/1737/1121 2127/1736/1121
f 1021/1173/1136 1022/1172/1136 2129/1740/1121 2128/1737/1121
f 1022/1172/1136 136/1139/1123 672/1138/1121 2129/1740/1121
f 2129/1740/1121 672/1138/1121 673/1137/1121 2132/1741/1121
f 2132/1741/1121 673/1137/1121 674/1135/1121 2135/1744/1121
f 2135/1744/1121 674/1135/1121 90/1134/1122 1320/1746/1679
f 2134/1742/1121 2135/1744/1121 1320/1746/1679 1321/1747/1679
f 2133/1743/1121 2134/1742/1121 1321/1747/1679 1322/1748/1679
f 1355/1749/1678 2133/1743/1121 1322/1748/1679 194/1293/1264
f 1354/1750/1678 2130/1739/1121 2133/1743/1121 1355/1749/1678
f 1353/1745/1678 2127/1736/1121 2130/1739/1121 1354/1750/1678
f 2136/1751/1499 2137/1752/1499 2140/1753/1499 2139/1754/1499
f 2137/1752/1499 2138/1755/1499 2141/1756/1499 2140/1753/1499
f 2139/1754/1499 2140/1753/1499 2143/1757/1499 2142/1758/1499
f 2140/1753/1499 2141/1756/1499 2144/1759/1499 2143/1757/1499
f 177/1278/1248 1265/1760/1680 2136/1751/1499 717/1279/1249
f 1265/1760/1680 1264/1761/1680 2137/1752/1499 2136/1751/1499
f 1264/1761/1680 1263/1762/1680 2138/1755/1499 2137/1752/1499
f 1263/1762/1680 182/1763/1681 1023/1764/1682 2138/1755/1499
f 2138/1755/1499 1023/1764/1682 1024/1765/1682 2141/1756/1499
f 2141/1756/1499 1024/1765/1682 1025/1766/1682 2144/1759/1499
f 2144/1759/1499 1025/1766/1682 129/1767/1683 929/1768/1499
f 2143/1757/1499 2144/1759/1499 929/1768/1499 928/1769/1499
f 2142/1758/1499 2143/1757/1499 928/1769/1499 927/1770/1499
f 719/1281/1233 2142/1758/1499 927/1770/1499 89/1260/1233
f 718/1280/1233 2139/1754/1499 2142/1758/1499 719/1281/1233
f 717/1279/1249 2136/1751/1499 2139/1754/1499 718/1280/1233
f 2145/1771/1499 2146/1772/1499 2149/1773/1499 2148/1774/1499
f 2146/1772/1499 2147/1775/1499 2150/1776/1499 2149/1773/1499
f 2148/1774/1499 2149/1773/1499 2152/1777/1499 2151/1778/1499
f 2149/1773/1499 2150/1776/1499 2153/1779/1499 2152/1777/1499
f 128/1780/1684 926/1781/1499 2145/1771/1499 996/1782/1684
f 926/1781/1499 925/1783/1499 2146/1772/1499 2145/1771/1499
f 925/1783/1499 924/1784/1499 2147/1775/1499 2146/1772/1499
f 924/1784/1499 88/1240/1216 702/1263/1216 2147/1775/1499
f 2147/1775/1499 702/1263/1216 703/1262/1216 2150/1776/1499
f 2150/1776/1499 703/1262/1216 704/1261/1233 2153/1779/1499
f 2153/1779/1499 704/1261/1233 89/1260/1233 927/1770/1499
f 2152/1777/1499 2153/1779/1499 927/1770/1499 928/1769/1499
f 2151/1778/1499 2152/1777/1499 928/1769/1499 929/1768/1499
f 998/1785/1683 2151/1778/1499 929/1768/1499 129/1767/1683
f 997/1786/1684 2148/1774/1499 2151/1778/1499 998/1785/1683
f 996/1782/1684 2145/1771/1499 2148/1774/1499 997/1786/1684
f 2154/1787/1499 2155/1788/1499 2158/1789/1499 2157/1790/1499
f 2155/1788/1499 2156/1791/1499 2159/1792/1499 2158/1789/1499
f 2157/1790/1499 2158/1789/1499 2161/1793/1499 2160/1794/1499
f 2158/1789/1499 2159/1792/1499 2162/1795/1499 2161/1793/1499
f 127/1796/1685 923/1797/1499 2154/1787/1499 993/1798/1685
f 923/1797/1499 922/1799/1499 2155/1788/1499 2154/1787/1499
f 922/1799/1499 921/1800/1499 2156/1791/1499 2155/1788/1499
f 921/1800/1499 87/1217/1196 705/1243/1196 2156/1791/1499
f 2156/1791/1499 705/1243/1196 706/1242/1196 2159/1792/1499
f 2159/1792/1499 706/1242/1196 707/1241/1216 2162/1795/1499
f 2162/1795/1499 707/1241/1216 88/1240/1216 924/1784/1499
f 2161/1793/1499 2162/1795/1499 924/1784/1499 925/1783/1499
f 2160/1794/1499 2161/1793/1499 925/1783/1499 926/1781/1499
f 995/1801/1686 2160/1794/1499 926/1781/1499 128/1780/1684
f 994/1802/1686 2157/1790/1499 2160/1794/1499 995/1801/1686
f 993/1798/1685 2154/1787/1499 2157/1790/1499 994/1802/1686
f 2163/1803/1499 2164/1804/1499 2167/1805/1499 2166/1806/1499
f 2164/1804/1499 2165/1807/1499 2168/1808/1499 2167/1805/1499
f 2166/1806/1499 2167/1805/1499 2170/1809/1499 2169/1810/1499
f 2167/1805/1499 2168/1808/1499 2171/1811/1499 2170/1809/1499
f 126/1188/1163 920/1548/1499 2163/1803/1499 990/1812/1687
f 920/1548/1499 919/1547/1499 2164/1804/1499 2163/1803/1499
f 919/1547/1499 918/1546/1499 2165/1807/1499 2164/1804/1499
f 918/1546/1499 86/1222/1197 708/1220/1197 2165/1807/1499
f 2165/1807/1499 708/1220/1197 709/1219/1196 2168/1808/1499
f 2168/1808/1499 709/1219/1196 710/1218/1196 2171/1811/1499
f 2171/1811/1499 710/1218/1196 87/1217/1196 921/1800/1499
f 2170/1809/1499 2171/1811/1499 921/1800/1499 922/1799/1499
f 2169/1810/1499 2170/1809/1499 922/1799/1499 923/1797/1499
f 992/1813/1685 2169/1810/1499 923/1797/1499 127/1796/1685
f 991/1814/1687 2166/1806/1499 2169/1810/1499 992/1813/1685
f 990/1812/1687 2163/1803/1499 2166/1806/1499 991/1814/1687
f 2172/1815/1688 2173/1816/1689 2176/1817/1690 2175/1818/1691
f 2173/1816/1689 2174/1819/1692 2177/1820/1693 2176/1817/1690
f 2175/1818/1691 2176/1817/1690 2179/1821/1694 2178/1822/1695
f 2176/1817/1690 2177/1820/1693 2180/1823/1696 2179/1821/1694
f 59/938/938 480/1444/1697 2172/1815/1688 657/939/939
f 480/1444/1697 481/1443/1698 2173/1816/1689 2172/1815/1688
f 481/1443/1698 482/1442/1699 2174/1819/1692 2173/1816/1689
f 482/1442/1699 60/1208/1187 660/1210/1189 2174/1819/1692
f 2174/1819/1692 660/1210/1189 661/1223/1199 2177/1820/1693
f 2177/1820/1693 661/1223/1199 662/1221/1198 2180/1823/1696
f 2180/1823/1696 662/1221/1198 86/1222/1197 713/1545/1197
f 2179/1821/1694 2180/1823/1696 713/1545/1197 712/1544/1197
f 2178/1822/1695 2179/1821/1694 712/1544/1197 711/1543/942
f 659/941/941 2178/1822/1695 711/1543/942 85/943/942
f 658/940/940 2175/1818/1691 2178/1822/1695 659/941/941
f 657/939/939 2172/1815/1688 2175/1818/1691 658/940/940
f 2181/1824/1700 2182/1825/1701 2185/1826/1702 2184/1827/1703
f 2182/1825/1701 2183/1828/1704 2186/1829/1705 2185/1826/1702
f 2184/1827/1706 2185/1826/1707 2188/1830/1708 2187/1831/1709
f 2185/1826/1707 2186/1829/1710 2189/1832/1711 2188/1830/1708
f 197/1085/1091 1352/1833/1712 2181/1824/1700 1002/1086/1092
f 1352/1833/1712 1351/1834/1713 2182/1825/1701 2181/1824/1700
f 1351/1834/1713 1350/1835/1714 2183/1828/1704 2182/1825/1701
f 1350/1835/1715 190/1836/1716 570/1837/1717 2183/1828/1718
f 2183/1828/1718 570/1837/1717 571/1838/572 2186/1829/1710
f 2186/1829/1710 571/1838/572 572/1839/571 2189/1832/1711
f 2189/1832/1711 572/1839/571 46/1840/570 942/1841/1719
f 2188/1830/1708 2189/1832/1711 942/1841/1719 943/1842/1720
f 2187/1831/1709 2188/1830/1708 943/1842/1720 944/1843/1721
f 1004/1089/1096 2187/1831/1709 944/1843/1721 134/1090/1004
f 1003/1088/1095 2184/1827/1706 2187/1831/1709 1004/1089/1096
f 1002/1086/1092 2181/1824/1700 2184/1827/1703 1003/1088/1094
f 2190/1844/1722 2191/1845/1723 2194/1846/1724 2193/1847/1725
f 2191/1845/1723 2192/1848/1726 2195/1849/1727 2194/1846/1724
f 2193/1847/1725 2194/1846/1724 2197/1850/1728 2196/1851/1729
f 2194/1846/1724 2195/1849/1727 2198/1852/1730 2197/1850/1728
f 196/1422/1388 1349/1853/1731 2190/1844/1722 882/1854/1732
f 1349/1853/1731 1348/1855/1733 2191/1845/1723 2190/1844/1722
f 1348/1855/1733 1347/1856/1734 2192/1848/1726 2191/1845/1723
f 1347/1856/1734 187/1857/1735 1301/1858/1736 2192/1848/1726
f 2192/1848/1726 1301/1858/1736 1300/1859/1737 2195/1849/1727
f 2195/1849/1727 1300/1859/1737 1299/1860/1738 2198/1852/1730
f 2198/1852/1730 1299/1860/1738 11/44/45 771/43/44
f 2197/1850/1728 2198/1852/1730 771/43/44 772/42/43
f 2196/1851/1729 2197/1850/1728 772/42/43 773/41/42
f 884/1861/1739 2196/1851/1729 773/41/42 101/40/41
f 883/1862/1740 2193/1847/1725 2196/1851/1729 884/1861/1739
f 882/1854/1732 2190/1844/1722 2193/1847/1725 883/1862/1740
f 2199/1863/1741 2200/1864/1741 2203/1865/1742 2202/1866/1005
f 2200/1864/1741 2201/1867/1741 2204/1868/1005 2203/1865/1742
f 2202/1866/1005 2203/1865/1742 2206/1869/1003 2205/1870/1003
f 2203/1865/1742 2204/1868/1005 2207/1871/1003 2206/1869/1003
f 131/335/325 630/1872/1743 2199/1863/1741 984/1873/1744
f 630/1872/1743 631/1874/1743 2200/1864/1741 2199/1863/1741
f 631/1874/1743 632/1875/1743 2201/1867/1741 2200/1864/1741
f 632/1875/1743 76/994/992 726/996/994 2201/1867/1741
f 2201/1867/1741 726/996/994 727/1008/1005 2204/1868/1005
f 2204/1868/1005 727/1008/1005 728/1006/1003 2207/1871/1003
f 2207/1871/1003 728/1006/1003 83/1007/1004 653/1876/1004
f 2206/1869/1003 2207/1871/1003 653/1876/1004 652/1877/1004
f 2205/1870/1003 2206/1869/1003 652/1877/1004 651/1878/1004
f 986/1879/1003 2205/1870/1003 651/1878/1004 134/1880/1004
f 985/1881/1745 2202/1866/1005 2205/1870/1003 986/1879/1003
f 984/1873/1744 2199/1863/1741 2202/1866/1005 985/1881/1745
f 2208/1882/1746 2209/1883/1747 2212/1884/1748 2211/1885/1749
f 2209/1883/1747 2210/1886/1750 2213/1887/1751 2212/1884/1748
f 2211/1885/1749 2212/1884/1748 2215/1888/1752 2214/1889/1753
f 2212/1884/1748 2213/1887/1751 2216/1890/1754 2215/1888/1752
f 16/149/148 627/1891/1755 2208/1882/1746 398/955/953
f 627/1891/1755 628/1892/1756 2209/1883/1747 2208/1882/1746
f 628/1892/1756 629/1893/1757 2210/1886/1750 2209/1883/1747
f 629/1893/1757 75/1894/1758 729/1895/1759 2210/1886/1750
f 2210/1886/1750 729/1895/1759 730/1896/1760 2213/1887/1751
f 2213/1887/1751 730/1896/1760 731/1897/980 2216/1890/1754
f 2216/1890/1754 731/1897/980 82/1898/1761 650/1899/1762
f 2215/1888/1752 2216/1890/1754 650/1899/1762 649/1900/1763
f 2214/1889/1753 2215/1888/1752 649/1900/1763 648/1901/1764
f 396/957/955 2214/1889/1753 648/1901/1764 44/958/956
f 397/956/954 2211/1885/1749 2214/1889/1753 396/957/955
f 398/955/953 2208/1882/1746 2211/1885/1749 397/956/954
f 2217/1902/1765 2218/1903/1765 2221/1904/895 2220/1905/895
f 2218/1903/1765 2219/1906/1765 2222/1907/895 2221/1904/895
f 2220/1905/895 2221/1904/895 2224/1908/893 2223/1909/893
f 2221/1904/895 2222/1907/895 2225/1910/893 2224/1908/893
f 132/1911/249 633/1912/1766 2217/1902/1765 981/1913/1767
f 633/1912/1766 634/1914/1766 2218/1903/1765 2217/1902/1765
f 634/1914/1766 635/1915/1766 2219/1906/1765 2218/1903/1765
f 635/1915/1766 77/260/249 732/885/885 2219/1906/1765
f 2219/1906/1765 732/885/885 733/895/895 2222/1907/895
f 2222/1907/895 733/895/895 734/893/893 2225/1910/893
f 2225/1910/893 734/893/893 84/894/894 656/1916/894
f 2224/1908/893 2225/1910/893 656/1916/894 655/1917/894
f 2223/1909/893 2224/1908/893 655/1917/894 654/1918/1768
f 983/1919/893 2223/1909/893 654/1918/1768 135/1920/1768
f 982/1921/1769 2220/1905/895 2223/1909/893 983/1919/893
f 981/1913/1767 2217/1902/1765 2220/1905/895 982/1921/1769
f 2226/1922/1770 2227/1923/1771 2230/1924/1772 2229/1925/1773
f 2227/1923/1771 2228/1926/1774 2231/1927/1775 2230/1924/1772
f 2229/1925/1773 2230/1924/1772 2233/1928/1776 2232/1929/1777
f 2230/1924/1772 2231/1927/1775 2234/1930/1778 2233/1928/1776
f 13/910/910 621/1638/1587 2226/1922/1770 384/911/911
f 621/1638/1587 622/1637/1586 2227/1923/1771 2226/1922/1770
f 622/1637/1586 623/1636/1585 2228/1926/1774 2227/1923/1771
f 623/1636/1585 73/1635/508 735/1931/1779 2228/1926/1774
f 2228/1926/1774 735/1931/1779 736/1932/1780 2231/1927/1775
f 2231/1927/1775 736/1932/1780 737/1933/520 2234/1930/1778
f 2234/1930/1778 737/1933/520 81/1934/521 647/1935/1274
f 2233/1928/1776 2234/1930/1778 647/1935/1274 646/1936/1273
f 2232/1929/1777 2233/1928/1776 646/1936/1273 645/1937/1272
f 386/913/913 2232/1929/1777 645/1937/1272 41/914/914
f 385/912/912 2229/1925/1773 2232/1929/1777 386/913/913
f 384/911/911 2226/1922/1770 2229/1925/1773 385/912/912
f 2235/1938/1781 2236/1939/1782 2239/1940/1783 2238/1941/1784
f 2236/1939/1782 2237/1942/1785 2240/1943/1786 2239/1940/1783
f 2238/1941/1784 2239/1940/1783 2242/1944/1787 2241/1945/1788
f 2239/1940/1783 2240/1943/1786 2243/1946/1789 2242/1944/1787
f 144/1947/1790 1157/1948/1791 2235/1938/1781 219/1949/1792
f 1157/1948/1791 1156/1950/1793 2236/1939/1782 2235/1938/1781
f 1156/1950/1793 1155/1951/1794 2237/1942/1785 2236/1939/1782
f 1155/1951/1794 153/1952/1795 738/1953/1796 2237/1942/1785
f 2237/1942/1785 738/1953/1796 739/1954/1797 2240/1943/1786
f 2240/1943/1786 739/1954/1797 740/1955/1798 2243/1946/1789
f 2243/1946/1789 740/1955/1798 78/1956/1799 638/1957/1800
f 2242/1944/1787 2243/1946/1789 638/1957/1800 637/1958/1801
f 2241/1945/1788 2242/1944/1787 637/1958/1801 636/1959/1802
f 221/1960/1803 2241/1945/1788 636/1959/1802 5/1961/1804
f 220/1962/1805 2238/1941/1784 2241/1945/1788 221/1960/1803
f 219/1949/1792 2235/1938/1781 2238/1941/1784 220/1962/1805
f 2244/1963/1806 2245/1964/1807 2248/1965/1808 2247/1966/1809
f 2245/1964/1807 2246/1967/1810 2249/1968/1811 2248/1965/1808
f 2247/1966/1809 2248/1965/1808 2251/1969/1812 2250/1970/1813
f 2248/1965/1808 2249/1968/1811 2252/1971/1814 2251/1969/1812
f 4/389/1815 228/387/1816 2244/1963/1806 281/1972/1817
f 228/387/1816 229/386/1818 2245/1964/1807 2244/1963/1806
f 229/386/1818 230/385/1819 2246/1967/1810 2245/1964/1807
f 230/385/1819 15/384/374 236/998/996 2246/1967/1810
f 2246/1967/1810 236/998/996 235/997/995 2249/1968/1811
f 2249/1968/1811 235/997/995 234/995/993 2252/1971/1814
f 2252/1971/1814 234/995/993 76/994/992 741/1973/1820
f 2251/1969/1812 2252/1971/1814 741/1973/1820 742/1974/1821
f 2250/1970/1813 2251/1969/1812 742/1974/1821 743/1975/1822
f 279/1976/1823 2250/1970/1813 743/1975/1822 80/1977/1824
f 280/1978/1825 2247/1966/1809 2250/1970/1813 279/1976/1823
f 281/1972/1817 2244/1963/1806 2247/1966/1809 280/1978/1825
f 2253/1979/1826 2254/1980/1827 2257/1981/1827 2256/1982/1826
f 2254/1980/1827 2255/1983/1828 2258/1984/1828 2257/1981/1827
f 2256/1982/1826 2257/1981/1827 2260/1985/1827 2259/1986/1826
f 2257/1981/1827 2258/1984/1828 2261/1987/1828 2260/1985/1827
f 132/1911/249 980/1988/1829 2253/1979/1826 633/1912/1766
f 980/1988/1829 979/1989/1830 2254/1980/1827 2253/1979/1826
f 979/1989/1830 978/1990/1831 2255/1983/1828 2254/1980/1827
f 978/1990/1831 130/1991/1832 624/1992/1833 2255/1983/1828
f 2255/1983/1828 624/1992/1833 625/1993/1833 2258/1984/1828
f 2258/1984/1828 625/1993/1833 626/1994/1833 2261/1987/1828
f 2261/1987/1828 626/1994/1833 74/265/254 744/264/253
f 2260/1985/1827 2261/1987/1828 744/264/253 745/263/252
f 2259/1986/1826 2260/1985/1827 745/263/252 746/261/250
f 635/1915/1766 2259/1986/1826 746/261/250 77/260/249
f 634/1914/1766 2256/1982/1826 2259/1986/1826 635/1915/1766
f 633/1912/1766 2253/1979/1826 2256/1982/1826 634/1914/1766
f 2262/1995/1834 2263/1996/1835 2266/1997/1836 2265/1998/1837
f 2263/1996/1835 2264/1999/1838 2267/2000/1839 2266/1997/1836
f 2265/1998/1837 2266/1997/1836 2269/2001/1840 2268/2002/1841
f 2266/1997/1836 2267/2000/1839 2270/2003/1842 2269/2001/1840
f 16/149/148 594/147/1843 2262/1995/1834 627/1891/1755
f 594/147/1843 595/146/1844 2263/1996/1835 2262/1995/1834
f 595/146/1844 596/145/1845 2264/1999/1838 2263/1996/1835
f 596/145/1845 5/144/1846 636/2004/1847 2264/1999/1838
f 2264/1999/1838 636/2004/1847 637/2005/1848 2267/2000/1839
f 2267/2000/1839 637/2005/1848 638/2006/1849 2270/2003/1842
f 2270/2003/1842 638/2006/1849 78/2007/1850 747/2008/1851
f 2269/2001/1840 2270/2003/1842 747/2008/1851 748/2009/1852
f 2268/2002/1841 2269/2001/1840 748/2009/1852 749/2010/1853
f 629/1893/1757 2268/2002/1841 749/2010/1853 75/1894/1758
f 628/1892/1756 2265/1998/1837 2268/2002/1841 629/1893/1757
f 627/1891/1755 2262/1995/1834 2265/1998/1837 628/1892/1756
f 2271/2011/1854 2272/2012/1854 2275/2013/1855 2274/2014/1855
f 2272/2012/1854 2273/2015/1854 2276/2016/1855 2275/2013/1855
f 2274/2014/1855 2275/2013/1855 2278/2017/1856 2277/2018/1856
f 2275/2013/1855 2276/2016/1855 2279/2019/1856 2278/2017/1856
f 167/2020/1857 1154/2021/1858 2271/2011/1854 975/2022/1859
f 1154/2021/1858 1153/2023/1858 2272/2012/1854 2271/2011/1854
f 1153/2023/1858 1152/2024/1858 2273/2015/1854 2272/2012/1854
f 1152/2024/1858 154/60/61 750/62/63 2273/2015/1854
f 2273/2015/1854 750/62/63 751/75/76 2276/2016/1855
f 2276/2016/1855 751/75/76 752/73/74 2279/2019/1856
f 2279/2019/1856 752/73/74 80/74/75 644/2025/1860
f 2278/2017/1856 2279/2019/1856 644/2025/1860 643/2026/1860
f 2277/2018/1856 2278/2017/1856 643/2026/1860 642/2027/1860
f 977/2028/1861 2277/2018/1856 642/2027/1860 133/2029/1862
f 976/2030/1863 2274/2014/1855 2277/2018/1856 977/2028/1861
f 975/2022/1859 2271/2011/1854 2274/2014/1855 976/2030/1863
f 2280/2031/1864 2281/2032/1864 2284/2033/1865 2283/2034/1865
f 2281/2032/1864 2282/2035/1864 2285/2036/1865 2284/2033/1865
f 2283/2034/1865 2284/2033/1865 2287/2037/1866 2286/2038/1866
f 2284/2033/1865 2285/2036/1865 2288/2039/1866 2287/2037/1866
f 122/2040/1867 908/2041/1868 2280/2031/1864 972/2042/1869
f 908/2041/1868 907/2043/1868 2281/2032/1864 2280/2031/1864
f 907/2043/1868 906/2044/1868 2282/2035/1864 2281/2032/1864
f 906/2044/1868 79/2045/1870 822/2046/1871 2282/2035/1864
f 2282/2035/1864 822/2046/1871 823/2047/1872 2285/2036/1865
f 2285/2036/1865 823/2047/1872 824/2048/1873 2288/2039/1866
f 2288/2039/1866 824/2048/1873 118/2049/1874 963/2050/1875
f 2287/2037/1866 2288/2039/1866 963/2050/1875 964/2051/1875
f 2286/2038/1866 2287/2037/1866 964/2051/1875 965/2052/1875
f 974/2053/1876 2286/2038/1866 965/2052/1875 141/2054/1877
f 973/2055/1878 2283/2034/1865 2286/2038/1866 974/2053/1876
f 972/2042/1869 2280/2031/1864 2283/2034/1865 973/2055/1878
f 2289/2056/1879 2290/2057/1880 2293/2058/1881 2292/2059/1882
f 2290/2057/1880 2291/2060/1883 2294/2061/1884 2293/2058/1881
f 2292/2059/1882 2293/2058/1881 2296/2062/1885 2295/2063/1886
f 2293/2058/1881 2294/2061/1884 2297/2064/1887 2296/2062/1885
f 7/2065/1888 212/2066/1889 2289/2056/1879 759/2067/1890
f 212/2066/1889 211/2068/1891 2290/2057/1880 2289/2056/1879
f 211/2068/1891 210/2069/1892 2291/2060/1883 2290/2057/1880
f 210/2069/1892 74/2070/1893 819/2071/1894 2291/2060/1883
f 2291/2060/1883 819/2071/1894 820/2072/1895 2294/2061/1884
f 2294/2061/1884 820/2072/1895 821/2073/1896 2297/2064/1887
f 2297/2064/1887 821/2073/1896 117/2074/1897 828/2075/1898
f 2296/2062/1885 2297/2064/1887 828/2075/1898 829/2076/1899
f 2295/2063/1886 2296/2062/1885 829/2076/1899 830/2077/1900
f 761/2078/1901 2295/2063/1886 830/2077/1900 97/2079/1902
f 760/2080/1903 2292/2059/1882 2295/2063/1886 761/2078/1901
f 759/2067/1890 2289/2056/1879 2292/2059/1882 760/2080/1903
f 2298/2081/1904 2299/2082/1905 2302/2083/1905 2301/2084/1904
f 2299/2082/1905 2300/2085/1906 2303/2086/1906 2302/2083/1905
f 2301/2084/1904 2302/2083/1905 2305/2087/1905 2304/2088/1904
f 2302/2083/1905 2303/2086/1906 2306/2089/1906 2305/2087/1905
f 143/2090/1907 1151/2091/1908 2298/2081/1904 1043/2092/1909
f 1151/2091/1908 1150/2093/1910 2299/2082/1905 2298/2081/1904
f 1150/2093/1910 1149/2094/1911 2300/2085/1906 2299/2082/1905
f 1149/2094/1911 166/2095/1912 816/2096/1913 2300/2085/1906
f 2300/2085/1906 816/2096/1913 817/2097/1913 2303/2086/1906
f 2303/2086/1906 817/2097/1913 818/2098/1913 2306/2089/1906
f 2306/2089/1906 818/2098/1913 116/35/36 831/1594/1548
f 2305/2087/1905 2306/2089/1906 831/1594/1548 832/1593/1547
f 2304/2088/1904 2305/2087/1905 832/1593/1547 833/1591/1545
f 1041/2099/1909 2304/2088/1904 833/1591/1545 95/1590/1544
f 1042/2100/1909 2301/2084/1904 2304/2088/1904 1041/2099/1909
f 1043/2092/1909 2298/2081/1904 2301/2084/1904 1042/2100/1909
f 2307/2101/1914 2308/2102/1915 2311/2103/1915 2310/2104/1914
f 2308/2102/1915 2309/2105/1916 2312/2106/1916 2311/2103/1915
f 2310/2104/1914 2311/2103/1915 2314/2107/1915 2313/2108/1914
f 2311/2103/1915 2312/2106/1916 2315/2109/1916 2314/2107/1915
f 157/2110/1917 1148/2111/1918 2307/2101/1914 768/2112/1919
f 1148/2111/1918 1147/2113/1920 2308/2102/1915 2307/2101/1914
f 1147/2113/1920 1146/2114/1921 2309/2105/1916 2308/2102/1915
f 1146/2114/1921 165/2115/1922 813/2116/1923 2309/2105/1916
f 2309/2105/1916 813/2116/1923 814/2117/1923 2312/2106/1916
f 2312/2106/1916 814/2117/1923 815/2118/1923 2315/2109/1916
f 2315/2109/1916 815/2118/1923 115/160/159 834/1574/1528
f 2314/2107/1915 2315/2109/1916 834/1574/1528 835/1573/1527
f 2313/2108/1914 2314/2107/1915 835/1573/1527 836/1571/1525
f 770/2119/1919 2313/2108/1914 836/1571/1525 100/1570/1524
f 769/2120/1919 2310/2104/1914 2313/2108/1914 770/2119/1919
f 768/2112/1919 2307/2101/1914 2310/2104/1914 769/2120/1919
f 2316/2121/1924 2317/2122/1925 2320/2123/1926 2319/2124/1927
f 2317/2122/1925 2318/2125/1928 2321/2126/1929 2320/2123/1926
f 2319/2124/1927 2320/2123/1926 2323/2127/1930 2322/2128/1931
f 2320/2123/1926 2321/2126/1929 2324/2129/1932 2323/2127/1930
f 31/429/419 339/2130/1933 2316/2121/1924 1089/430/420
f 339/2130/1933 340/2131/1934 2317/2122/1925 2316/2121/1924
f 340/2131/1934 341/2132/1935 2318/2125/1928 2317/2122/1925
f 341/2132/1935 32/708/698 1092/710/700 2318/2125/1928
f 2318/2125/1928 1092/710/700 1093/722/712 2321/2126/1929
f 2321/2126/1929 1093/722/712 1094/721/711 2324/2129/1932
f 2324/2129/1932 1094/721/711 160/219/210 1181/218/209
f 2323/2127/1930 2324/2129/1932 1181/218/209 1180/217/208
f 2322/2128/1931 2323/2127/1930 1180/217/208 1179/216/207
f 1091/432/422 2322/2128/1931 1179/216/207 159/215/206
f 1090/431/421 2319/2124/1927 2322/2128/1931 1091/432/422
f 1089/430/420 2316/2121/1924 2319/2124/1927 1090/431/421
f 2325/2133/1936 2326/2134/1936 2329/2135/1937 2328/2136/1937
f 2326/2134/1936 2327/2137/1936 2330/2138/1937 2329/2135/1937
f 2328/2136/1937 2329/2135/1937 2332/2139/1938 2331/2140/1938
f 2329/2135/1937 2330/2138/1937 2333/2141/1938 2332/2139/1938
f 179/1525/1493 1262/2142/1939 2325/2133/1936 852/1526/1494
f 1262/2142/1939 1261/2143/1939 2326/2134/1936 2325/2133/1936
f 1261/2143/1939 1260/2144/1939 2327/2137/1936 2326/2134/1936
f 1260/2144/1939 183/2145/1940 1161/2146/1941 2327/2137/1936
f 2327/2137/1936 1161/2146/1941 1162/2147/1942 2330/2138/1937
f 2330/2138/1937 1162/2147/1942 1163/2148/1943 2333/2141/1938
f 2333/2141/1938 1163/2148/1943 152/2149/1944 1070/2150/1945
f 2332/2139/1938 2333/2141/1938 1070/2150/1945 1069/2151/1945
f 2331/2140/1938 2332/2139/1938 1069/2151/1945 1068/2152/1945
f 854/1528/1496 2331/2140/1938 1068/2152/1945 114/1507/1475
f 853/1527/1495 2328/2136/1937 2331/2140/1938 854/1528/1496
f 852/1526/1494 2325/2133/1936 2328/2136/1937 853/1527/1495
f 2334/2153/1946 2335/2154/1946 2338/2155/1947 2337/2156/1947
f 2335/2154/1946 2336/2157/1946 2339/2158/1947 2338/2155/1947
f 2337/2156/1947 2338/2155/1947 2341/2159/1948 2340/2160/1948
f 2338/2155/1947 2339/2158/1947 2342/2161/1948 2341/2159/1948
f 151/2162/1949 1067/2163/1950 2334/2153/1946 1143/2164/1951
f 1067/2163/1950 1066/2165/1950 2335/2154/1946 2334/2153/1946
f 1066/2165/1950 1065/2166/1950 2336/2157/1946 2335/2154/1946
f 1065/2166/1950 113/1487/1455 837/1510/1478 2336/2157/1946
f 2336/2157/1946 837/1510/1478 838/1509/1477 2339/2158/1947
f 2339/2158/1947 838/1509/1477 839/1508/1476 2342/2161/1948
f 2342/2161/1948 839/1508/1476 114/1507/1475 1068/2152/1945
f 2341/2159/1948 2342/2161/1948 1068/2152/1945 1069/2151/1945
f 2340/2160/1948 2341/2159/1948 1069/2151/1945 1070/2150/1945
f 1145/2167/1952 2340/2160/1948 1070/2150/1945 152/2149/1944
f 1144/2168/1953 2337/2156/1947 2340/2160/1948 1145/2167/1952
f 1143/2164/1951 2334/2153/1946 2337/2156/1947 1144/2168/1953
f 2343/2169/1954 2344/2170/1954 2347/2171/1955 2346/2172/1955
f 2344/2170/1954 2345/2173/1954 2348/2174/1955 2347/2171/1955
f 2346/2172/1955 2347/2171/1955 2350/2175/1956 2349/2176/1956
f 2347/2171/1955 2348/2174/1955 2351/2177/1956 2350/2175/1956
f 150/2178/1957 1064/2179/1958 2343/2169/1954 1140/2180/1959
f 1064/2179/1958 1063/2181/1958 2344/2170/1954 2343/2169/1954
f 1063/2181/1958 1062/2182/1958 2345/2173/1954 2344/2170/1954
f 1062/2182/1958 112/1464/1432 840/1490/1458 2345/2173/1954
f 2345/2173/1954 840/1490/1458 841/1489/1457 2348/2174/1955
f 2348/2174/1955 841/1489/1457 842/1488/1456 2351/2177/1956
f 2351/2177/1956 842/1488/1456 113/1487/1455 1065/2166/1950
f 2350/2175/1956 2351/2177/1956 1065/2166/1950 1066/2165/1950
f 2349/2176/1956 2350/2175/1956 1066/2165/1950 1067/2163/1950
f 1142/2183/1960 2349/2176/1956 1067/2163/1950 151/2162/1949
f 1141/2184/1961 2346/2172/1955 2349/2176/1956 1142/2183/1960
f 1140/2180/1959 2343/2169/1954 2346/2172/1955 1141/2184/1961
f 2352/2185/1962 2353/2186/1962 2356/2187/1963 2355/2188/1963
f 2353/2186/1962 2354/2189/1962 2357/2190/1963 2356/2187/1963
f 2355/2188/1963 2356/2187/1963 2359/2191/1964 2358/2192/1964
f 2356/2187/1963 2357/2190/1963 2360/2193/1964 2359/2191/1964
f 149/1438/1403 1061/2194/1965 2352/2185/1962 1137/2195/1966
f 1061/2194/1965 1060/2196/1967 2353/2186/1962 2352/2185/1962
f 1060/2196/1967 1059/2197/1967 2354/2189/1962 2353/2186/1962
f 1059/2197/1967 111/1469/1437 843/1467/1435 2354/2189/1962
f 2354/2189/1962 843/1467/1435 844/1466/1434 2357/2190/1963
f 2357/2190/1963 844/1466/1434 845/1465/1433 2360/2193/1964
f 2360/2193/1964 845/1465/1433 112/1464/1432 1062/2182/1958
f 2359/2191/1964 2360/2193/1964 1062/2182/1958 1063/2181/1958
f 2358/2192/1964 2359/2191/1964 1063/2181/1958 1064/2179/1958
f 1139/2198/1968 2358/2192/1964 1064/2179/1958 150/2178/1957
f 1138/2199/1969 2355/2188/1963 2358/2192/1964 1139/2198/1968
f 1137/2195/1966 2352/2185/1962 2355/2188/1963 1138/2199/1969
f 2361/2200/1970 2362/2201/1971 2365/2202/1972 2364/2203/1973
f 2362/2201/1971 2363/2204/1974 2366/2205/1975 2365/2202/1972
f 2364/2203/1973 2365/2202/1972 2368/2206/1976 2367/2207/1977
f 2365/2202/1972 2366/2205/1975 2369/2208/1978 2368/2206/1976
f 68/1313/1979 530/1315/1980 2361/2200/1970 798/2209/1981
f 530/1315/1980 529/1323/1982 2362/2201/1971 2361/2200/1970
f 529/1323/1982 528/1321/1983 2363/2204/1974 2362/2201/1971
f 528/1321/1983 67/1322/1423 801/1457/1425 2363/2204/1974
f 2363/2204/1974 801/1457/1425 802/1470/1438 2366/2205/1975
f 2366/2205/1975 802/1470/1438 803/1468/1436 2369/2208/1978
f 2369/2208/1978 803/1468/1436 111/1469/1437 848/2210/1984
f 2368/2206/1976 2369/2208/1978 848/2210/1984 847/2211/1985
f 2367/2207/1977 2368/2206/1976 847/2211/1985 846/2212/1986
f 800/2213/1987 2367/2207/1977 846/2212/1986 110/2214/1988
f 799/2215/1989 2364/2203/1973 2367/2207/1977 800/2213/1987
f 798/2209/1981 2361/2200/1970 2364/2203/1973 799/2215/1989
f 2370/2216/1990 2371/2217/1991 2374/2218/1992 2373/2219/1993
f 2371/2217/1991 2372/2220/1994 2375/2221/1995 2374/2218/1992
f 2373/2219/1993 2374/2218/1992 2377/2222/1996 2376/2223/1997
f 2374/2218/1992 2375/2221/1995 2378/2224/1998 2377/2222/1996
f 14/274/263 762/2225/1999 2370/2216/1990 392/886/886
f 762/2225/1999 763/2226/2000 2371/2217/1991 2370/2216/1990
f 763/2226/2000 764/2227/2001 2372/2220/1994 2371/2217/1991
f 764/2227/2001 98/2228/2002 855/2229/2003 2372/2220/1994
f 2372/2220/1994 855/2229/2003 856/2230/962 2375/2221/1995
f 2375/2221/1995 856/2230/962 857/2231/960 2378/2224/1998
f 2378/2224/1998 857/2231/960 108/2232/961 794/2233/2004
f 2377/2222/1996 2378/2224/1998 794/2233/2004 793/2234/2005
f 2376/2223/1997 2377/2222/1996 793/2234/2005 792/2235/2006
f 390/888/888 2376/2223/1997 792/2235/2006 42/889/889
f 391/887/887 2373/2219/1993 2376/2223/1997 390/888/888
f 392/886/886 2370/2216/1990 2373/2219/1993 391/887/887
f 2379/2236/2007 2380/2237/2007 2383/2238/919 2382/2239/919
f 2380/2237/2007 2381/2240/2007 2384/2241/919 2383/2238/919
f 2382/2239/919 2383/2238/919 2386/2242/918 2385/2243/918
f 2383/2238/919 2384/2241/919 2387/2244/918 2386/2242/918
f 156/380/370 765/2245/2008 2379/2236/2007 1131/2246/2009
f 765/2245/2008 766/2247/2008 2380/2237/2007 2379/2236/2007
f 766/2247/2008 767/2248/2008 2381/2240/2007 2380/2237/2007
f 767/2248/2008 99/905/905 858/907/907 2381/2240/2007
f 2381/2240/2007 858/907/907 859/920/919 2384/2241/919
f 2384/2241/919 859/920/919 860/918/918 2387/2244/918
f 2387/2244/918 860/918/918 109/919/796 797/2249/2010
f 2386/2242/918 2387/2244/918 797/2249/2010 796/2250/2010
f 2385/2243/918 2386/2242/918 796/2250/2010 795/2251/2010
f 1133/2252/918 2385/2243/918 795/2251/2010 164/2253/796
f 1132/2254/919 2382/2239/919 2385/2243/918 1133/2252/918
f 1131/2246/2009 2379/2236/2007 2382/2239/919 1132/2254/919
f 2388/2255/2011 2389/2256/2012 2392/2257/2013 2391/2258/2014
f 2389/2256/2012 2390/2259/2015 2393/2260/2016 2392/2257/2013
f 2391/2258/2014 2392/2257/2013 2395/2261/2017 2394/2262/2018
f 2392/2257/2013 2393/2260/2016 2396/2263/2019 2395/2261/2017
f 172/2264/2020 1259/2265/2021 2388/2255/2011 453/2266/2022
f 1259/2265/2021 1258/2267/2023 2389/2256/2012 2388/2255/2011
f 1258/2267/2023 1257/2268/2024 2390/2259/2015 2389/2256/2012
f 1257/2268/2024 180/2269/2025 1232/2270/2026 2390/2259/2015
f 2390/2259/2015 1232/2270/2026 1231/2271/2027 2393/2260/2016
f 2393/2260/2016 1231/2271/2027 1230/2272/2028 2396/2263/2019
f 2396/2263/2019 1230/2272/2028 100/1570/1524 249/1572/1526
f 2395/2261/2017 2396/2263/2019 249/1572/1526 250/1580/1534
f 2394/2262/2018 2395/2261/2017 250/1580/1534 251/1578/1532
f 455/2273/2029 2394/2262/2018 251/1578/1532 12/1579/1533
f 454/2274/2030 2391/2258/2014 2394/2262/2018 455/2273/2029
f 453/2266/2022 2388/2255/2011 2391/2258/2014 454/2274/2030
f 2397/2275/2031 2398/2276/2032 2401/2277/2033 2400/2278/2034
f 2398/2276/2032 2399/2279/2035 2402/2280/2036 2401/2277/2033
f 2400/2278/2034 2401/2277/2033 2404/2281/2037 2403/2282/2038
f 2401/2277/2033 2402/2280/2036 2405/2283/2039 2404/2281/2037
f 39/2284/2040 356/2285/2041 2397/2275/2031 330/2286/2042
f 356/2285/2041 355/2287/2043 2398/2276/2032 2397/2275/2031
f 355/2287/2043 354/2288/2044 2399/2279/2035 2398/2276/2032
f 354/2288/2044 106/2289/2045 861/2290/2046 2399/2279/2035
f 2399/2279/2035 861/2290/2046 862/2291/2047 2402/2280/2036
f 2402/2280/2036 862/2291/2047 863/2292/2048 2405/2283/2039
f 2405/2283/2039 863/2292/2048 107/2293/2049 360/2294/2050
f 2404/2281/2037 2405/2283/2039 360/2294/2050 361/2295/2051
f 2403/2282/2038 2404/2281/2037 361/2295/2051 362/2296/2052
f 332/2297/2053 2403/2282/2038 362/2296/2052 40/2298/2054
f 331/2299/2055 2400/2278/2034 2403/2282/2038 332/2297/2053
f 330/2286/2042 2397/2275/2031 2400/2278/2034 331/2299/2055
f 2406/2300/2056 2407/2301/2057 2410/2302/2058 2409/2303/2059
f 2407/2301/2057 2408/2304/2060 2411/2305/2061 2410/2302/2058
f 2409/2303/2059 2410/2302/2058 2413/2306/2062 2412/2307/2063
f 2410/2302/2058 2411/2305/2061 2414/2308/2064 2413/2306/2062
f 38/2309/2065 350/2310/2066 2406/2300/2056 321/2311/2067
f 350/2310/2066 349/2312/2068 2407/2301/2057 2406/2300/2056
f 349/2312/2068 348/2313/2069 2408/2304/2060 2407/2301/2057
f 348/2313/2069 105/2314/2070 864/2315/2071 2408/2304/2060
f 2408/2304/2060 864/2315/2071 865/2316/2072 2411/2305/2061
f 2411/2305/2061 865/2316/2072 866/2317/2073 2414/2308/2064
f 2414/2308/2064 866/2317/2073 106/2289/2045 354/2288/2044
f 2413/2306/2062 2414/2308/2064 354/2288/2044 355/2287/2043
f 2412/2307/2063 2413/2306/2062 355/2287/2043 356/2285/2041
f 323/2318/2074 2412/2307/2063 356/2285/2041 39/2284/2040
f 322/2319/2075 2409/2303/2059 2412/2307/2063 323/2318/2074
f 321/2311/2067 2406/2300/2056 2409/2303/2059 322/2319/2075
f 2415/2320/2076 2416/2321/2077 2419/2322/2078 2418/2323/2079
f 2416/2321/2077 2417/2324/2080 2420/2325/2081 2419/2322/2078
f 2418/2323/2079 2419/2322/2078 2422/2326/2082 2421/2327/2083
f 2419/2322/2078 2420/2325/2081 2423/2328/2084 2422/2326/2082
f 37/697/687 344/695/685 2415/2320/2076 312/2329/2085
f 344/695/685 343/694/684 2416/2321/2077 2415/2320/2076
f 343/694/684 342/693/683 2417/2324/2080 2416/2321/2077
f 342/693/683 104/224/213 867/2330/2086 2417/2324/2080
f 2417/2324/2080 867/2330/2086 868/2331/2087 2420/2325/2081
f 2420/2325/2081 868/2331/2087 869/2332/2088 2423/2328/2084
f 2423/2328/2084 869/2332/2088 105/2314/2070 348/2313/2069
f 2422/2326/2082 2423/2328/2084 348/2313/2069 349/2312/2068
f 2421/2327/2083 2422/2326/2082 349/2312/2068 350/2310/2066
f 314/2333/2089 2421/2327/2083 350/2310/2066 38/2309/2065
f 313/2334/2090 2418/2323/2079 2421/2327/2083 314/2333/2089
f 312/2329/2085 2415/2320/2076 2418/2323/2079 313/2334/2090
f 2424/2335/2091 2425/2336/2092 2428/2337/2093 2427/2338/2094
f 2425/2336/2092 2426/2339/2095 2429/2340/2096 2428/2337/2093
f 2427/2338/2094 2428/2337/2093 2431/2341/2097 2430/2342/2098
f 2428/2337/2093 2429/2340/2096 2432/2343/2099 2431/2341/2097
f 6/1643/2100 206/1641/2101 2424/2335/2091 218/2344/2102
f 206/1641/2101 205/1640/2103 2425/2336/2092 2424/2335/2091
f 205/1640/2103 204/1639/2104 2426/2339/2095 2425/2336/2092
f 204/1639/2104 13/910/910 242/909/909 2426/2339/2095
f 2426/2339/2095 242/909/909 241/908/908 2429/2340/2096
f 2429/2340/2096 241/908/908 240/906/906 2432/2343/2099
f 2432/2343/2099 240/906/906 99/905/905 873/2345/2105
f 2431/2341/2097 2432/2343/2099 873/2345/2105 874/2346/2106
f 2430/2342/2098 2431/2341/2097 874/2346/2106 875/2347/2107
f 216/2348/2108 2430/2342/2098 875/2347/2107 96/2349/2109
f 217/2350/2110 2427/2338/2094 2430/2342/2098 216/2348/2108
f 218/2344/2102 2424/2335/2091 2427/2338/2094 217/2350/2110
f 2433/2351/2111 2434/2352/2112 2437/2353/2113 2436/2354/2114
f 2434/2352/2112 2435/2355/2115 2438/2356/2116 2437/2353/2113
f 2436/2354/2114 2437/2353/2113 2440/2357/2117 2439/2358/2118
f 2437/2353/2113 2438/2356/2116 2441/2359/2119 2440/2357/2117
f 130/2360/2120 932/2361/2121 2433/2351/2111 969/2362/2122
f 932/2361/2121 931/2363/2123 2434/2352/2112 2433/2351/2111
f 931/2363/2123 930/2364/2124 2435/2355/2115 2434/2352/2112
f 930/2364/2124 8/2365/168 284/2366/167 2435/2355/2115
f 2435/2355/2115 284/2366/167 283/2367/166 2438/2356/2116
f 2438/2356/2116 283/2367/166 282/2368/165 2441/2359/2119
f 2441/2359/2119 282/2368/165 102/2369/164 966/2370/2125
f 2440/2357/2117 2441/2359/2119 966/2370/2125 967/2371/2126
f 2439/2358/2118 2440/2357/2117 967/2371/2126 968/2372/2127
f 971/2373/2128 2439/2358/2118 968/2372/2127 142/2374/2129
f 970/2375/2130 2436/2354/2114 2439/2358/2118 971/2373/2128
f 969/2362/2122 2433/2351/2111 2436/2354/2114 970/2375/2130
f 2442/2376/2131 2443/2377/2132 2446/2378/2132 2445/2379/2131
f 2443/2377/2132 2444/2380/2133 2447/2381/2134 2446/2378/2132
f 2445/2379/2131 2446/2378/2132 2449/2382/2132 2448/2383/2131
f 2446/2378/2132 2447/2381/2134 2450/2384/2133 2449/2382/2132
f 199/792/782 1158/794/784 2442/2376/2131 1344/2385/2135
f 1158/794/784 1159/807/797 2443/2377/2132 2442/2376/2131
f 1159/807/797 1160/805/795 2444/2380/2133 2443/2377/2132
f 1160/805/795 164/806/796 795/2386/2010 2444/2380/2133
f 2444/2380/2133 795/2386/2010 796/2387/2010 2447/2381/2134
f 2447/2381/2134 796/2387/2010 797/2388/2010 2450/2384/2133
f 2450/2384/2133 797/2388/2010 109/1114/796 851/1113/1114
f 2449/2382/2132 2450/2384/2133 851/1113/1114 850/1112/1113
f 2448/2383/2131 2449/2382/2132 850/1112/1113 849/1110/1111
f 1346/2389/2135 2448/2383/2131 849/1110/1111 195/1109/1110
f 1345/2390/2135 2445/2379/2131 2448/2383/2131 1346/2389/2135
f 1344/2385/2135 2442/2376/2131 2445/2379/2131 1345/2390/2135
f 2451/2391/2136 2452/2392/2136 2455/2393/2137 2454/2394/2137
f 2452/2392/2136 2453/2395/2136 2456/2396/2137 2455/2393/2137
f 2454/2394/2137 2455/2393/2137 2458/2397/2138 2457/2398/2138
f 2455/2393/2137 2456/2396/2137 2459/2399/2138 2458/2397/2138
f 148/1433/1398 1058/2400/2139 2451/2391/2136 1134/1434/1399
f 1058/2400/2139 1057/2401/2139 2452/2392/2136 2451/2391/2136
f 1057/2401/2139 1056/2402/2139 2453/2395/2136 2452/2392/2136
f 1056/2402/2139 110/2214/1988 846/2212/1986 2453/2395/2136
f 2453/2395/2136 846/2212/1986 847/2211/1985 2456/2396/2137
f 2456/2396/2137 847/2211/1985 848/2210/1984 2459/2399/2138
f 2459/2399/2138 848/2210/1984 111/1469/1437 1059/2197/1967
f 2458/2397/2138 2459/2399/2138 1059/2197/1967 1060/2196/1967
f 2457/2398/2138 2458/2397/2138 1060/2196/1967 1061/2194/1965
f 1136/1437/1402 2457/2398/2138 1061/2194/1965 149/1438/1403
f 1135/1436/1401 2454/2394/2137 2457/2398/2138 1136/1437/1402
f 1134/1434/1399 2451/2391/2136 2454/2394/2137 1135/1436/1401
f 2460/2403/2140 2461/2404/2141 2464/2405/2141 2463/2406/2140
f 2461/2404/2141 2462/2407/2142 2465/2408/2142 2464/2405/2141
f 2463/2406/2140 2464/2405/2141 2467/2409/2141 2466/2410/2140
f 2464/2405/2141 2465/2408/2142 2468/2411/2142 2467/2409/2141
f 165/2115/1922 1130/2412/2143 2460/2403/2140 813/2116/1923
f 1130/2412/2143 1129/2413/2144 2461/2404/2141 2460/2403/2140
f 1129/2413/2144 1128/2414/2145 2462/2407/2142 2461/2404/2141
f 1128/2414/2145 158/2415/345 774/2416/2146 2462/2407/2142
f 2462/2407/2142 774/2416/2146 775/2417/2146 2465/2408/2142
f 2465/2408/2142 775/2417/2146 776/2418/2146 2468/2411/2142
f 2468/2411/2142 776/2418/2146 102/165/164 885/164/163
f 2467/2409/2141 2468/2411/2142 885/164/163 886/163/162
f 2466/2410/2140 2467/2409/2141 886/163/162 887/161/160
f 815/2118/1923 2466/2410/2140 887/161/160 115/160/159
f 814/2117/1923 2463/2406/2140 2466/2410/2140 815/2118/1923
f 813/2116/1923 2460/2403/2140 2463/2406/2140 814/2117/1923
f 2469/2419/2147 2470/2420/2148 2473/2421/2149 2472/2422/2150
f 2470/2420/2148 2471/2423/2151 2474/2424/2152 2473/2421/2149
f 2472/2422/2150 2473/2421/2149 2476/2425/2153 2475/2426/2154
f 2473/2421/2149 2474/2424/2152 2477/2427/2155 2476/2425/2153
f 14/274/263 602/272/2156 2469/2419/2147 762/2225/1999
f 602/272/2156 601/271/2157 2470/2420/2148 2469/2419/2147
f 601/271/2157 600/270/2158 2471/2423/2151 2470/2420/2148
f 600/270/2158 7/269/2159 759/2428/2160 2471/2423/2151
f 2471/2423/2151 759/2428/2160 760/2429/2161 2474/2424/2152
f 2474/2424/2152 760/2429/2161 761/2430/2162 2477/2427/2155
f 2477/2427/2155 761/2430/2162 97/2431/2163 888/2432/2164
f 2476/2425/2153 2477/2427/2155 888/2432/2164 889/2433/2165
f 2475/2426/2154 2476/2425/2153 889/2433/2165 890/2434/2166
f 764/2227/2001 2475/2426/2154 890/2434/2166 98/2228/2002
f 763/2226/2000 2472/2422/2150 2475/2426/2154 764/2227/2001
f 762/2225/1999 2469/2419/2147 2472/2422/2150 763/2226/2000
f 2478/2435/2167 2479/2436/2168 2482/2437/2169 2481/2438/2170
f 2479/2436/2168 2480/2439/2171 2483/2440/2172 2482/2437/2169
f 2481/2438/2170 2482/2437/2169 2485/2441/2173 2484/2442/2174
f 2482/2437/2169 2483/2440/2172 2486/2443/2175 2485/2441/2173
f 79/2045/1870 641/2444/2176 2478/2435/2167 822/2046/1871
f 641/2444/2176 640/2445/2177 2479/2436/2168 2478/2435/2167
f 640/2445/2177 639/2446/2178 2480/2439/2171 2479/2436/2168
f 639/2446/2178 6/2447/2179 218/2448/2180 2480/2439/2171
f 2480/2439/2171 218/2448/2180 217/2449/2181 2483/2440/2172
f 2483/2440/2172 217/2449/2181 216/2450/2182 2486/2443/2175
f 2486/2443/2175 216/2450/2182 96/2451/2183 891/2452/2184
f 2485/2441/2173 2486/2443/2175 891/2452/2184 892/2453/2185
f 2484/2442/2174 2485/2441/2173 892/2453/2185 893/2454/2186
f 824/2048/1873 2484/2442/2174 893/2454/2186 118/2049/1874
f 823/2047/1872 2481/2438/2170 2484/2442/2174 824/2048/1873
f 822/2046/1871 2478/2435/2167 2481/2438/2170 823/2047/1872
f 2487/2455/2187 2488/2456/2188 2491/2457/2188 2490/2458/2187
f 2488/2456/2188 2489/2459/2189 2492/2460/2189 2491/2457/2188
f 2490/2458/2187 2491/2457/2188 2494/2461/2188 2493/2462/2187
f 2491/2457/2188 2492/2460/2189 2495/2463/2189 2494/2461/2188
f 166/2095/1912 1127/2464/2190 2487/2455/2187 816/2096/1913
f 1127/2464/2190 1126/2465/2191 2488/2456/2188 2487/2455/2187
f 1126/2465/2191 1125/2466/2192 2489/2459/2189 2488/2456/2188
f 1125/2466/2192 146/2467/2193 1052/2468/2194 2489/2459/2189
f 2489/2459/2189 1052/2468/2194 1051/2469/2194 2492/2460/2189
f 2492/2460/2189 1051/2469/2194 1050/2470/2194 2495/2463/2189
f 2495/2463/2189 1050/2470/2194 101/40/41 894/39/40
f 2494/2461/2188 2495/2463/2189 894/39/40 895/38/39
f 2493/2462/2187 2494/2461/2188 895/38/39 896/36/37
f 818/2098/1913 2493/2462/2187 896/36/37 116/35/36
f 817/2097/1913 2490/2458/2187 2493/2462/2187 818/2098/1913
f 816/2096/1913 2487/2455/2187 2490/2458/2187 817/2097/1913
f 2496/2471/2195 2497/2472/2195 2500/2473/2196 2499/2474/2196
f 2497/2472/2195 2498/2475/2195 2501/2476/2196 2500/2473/2196
f 2499/2474/2196 2500/2473/2196 2503/2477/2197 2502/2478/2197
f 2500/2473/2196 2501/2476/2196 2504/2479/2197 2503/2477/2197
f 74/2070/1893 626/2480/2198 2496/2471/2195 819/2071/1894
f 626/2480/2198 625/2481/2198 2497/2472/2195 2496/2471/2195
f 625/2481/2198 624/2482/2198 2498/2475/2195 2497/2472/2195
f 624/2482/2198 130/2360/2120 969/2362/2122 2498/2475/2195
f 2498/2475/2195 969/2362/2122 970/2375/2130 2501/2476/2196
f 2501/2476/2196 970/2375/2130 971/2373/2128 2504/2479/2197
f 2504/2479/2197 971/2373/2128 142/2374/2129 876/2483/2199
f 2503/2477/2197 2504/2479/2197 876/2483/2199 877/2484/2199
f 2502/2478/2197 2503/2477/2197 877/2484/2199 878/2485/2199
f 821/2073/1896 2502/2478/2197 878/2485/2199 117/2074/1897
f 820/2072/1895 2499/2474/2196 2502/2478/2197 821/2073/1896
f 819/2071/1894 2496/2471/2195 2499/2474/2196 820/2072/1895
f 2505/2486/2200 2506/2487/2201 2509/2488/2202 2508/2489/2203
f 2506/2487/2201 2507/2490/2204 2510/2491/2205 2509/2488/2202
f 2508/2489/2203 2509/2488/2202 2512/2492/2206 2511/2493/2207
f 2509/2488/2202 2510/2491/2205 2513/2494/2208 2512/2492/2206
f 3/2495/1552 275/2496/2209 2505/2486/2200 753/2497/1551
f 275/2496/2209 274/2498/2210 2506/2487/2201 2505/2486/2200
f 274/2498/2210 273/2499/2211 2507/2490/2204 2506/2487/2201
f 273/2499/2211 122/2040/1867 972/2042/1869 2507/2490/2204
f 2507/2490/2204 972/2042/1869 973/2055/1878 2510/2491/2205
f 2510/2491/2205 973/2055/1878 974/2053/1876 2513/2494/2208
f 2513/2494/2208 974/2053/1876 141/2054/1877 825/2500/2212
f 2512/2492/2206 2513/2494/2208 825/2500/2212 826/2501/2213
f 2511/2493/2207 2512/2492/2206 826/2501/2213 827/2502/2214
f 755/2503/1546 2511/2493/2207 827/2502/2214 95/2504/1544
f 754/2505/1553 2508/2489/2203 2511/2493/2207 755/2503/1546
f 753/2497/1551 2505/2486/2200 2508/2489/2203 754/2505/1553
f 2514/2506/2215 2515/2507/2216 2518/2508/2217 2517/2509/2218
f 2515/2507/2216 2516/2510/2219 2519/2511/2220 2518/2508/2217
f 2517/2509/2218 2518/2508/2217 2521/2512/2221 2520/2513/2222
f 2518/2508/2217 2519/2511/2220 2522/2514/2223 2521/2512/2221
f 143/2515/1907 1124/2516/2224 2514/2506/2215 201/2517/2225
f 1124/2516/2224 1123/2518/2226 2515/2507/2216 2514/2506/2215
f 1123/2518/2226 1122/2519/2227 2516/2510/2219 2515/2507/2216
f 1122/2519/2227 167/2020/1857 975/2022/1859 2516/2510/2219
f 2516/2510/2219 975/2022/1859 976/2030/1863 2519/2511/2220
f 2519/2511/2220 976/2030/1863 977/2028/1861 2522/2514/2223
f 2522/2514/2223 977/2028/1861 133/2029/1862 941/2520/2228
f 2521/2512/2221 2522/2514/2223 941/2520/2228 940/2521/2229
f 2520/2513/2222 2521/2512/2221 940/2521/2229 939/2522/2230
f 203/2523/2231 2520/2513/2222 939/2522/2230 1/2524/2232
f 202/2525/2233 2517/2509/2218 2520/2513/2222 203/2523/2231
f 201/2517/2225 2514/2506/2215 2517/2509/2218 202/2525/2233
f 2523/2526/2234 2524/2527/2235 2527/2528/2236 2526/2529/2237
f 2524/2527/2235 2525/2530/2238 2528/2531/2239 2527/2528/2236
f 2526/2529/2237 2527/2528/2236 2530/2532/2240 2529/2533/2241
f 2527/2528/2236 2528/2531/2239 2531/2534/2242 2530/2532/2240
f 19/449/439 593/1620/1570 2523/2526/2234 936/2535/2243
f 593/1620/1570 592/1619/1569 2524/2527/2235 2523/2526/2234
f 592/1619/1569 591/1618/1568 2525/2530/2238 2524/2527/2235
f 591/1618/1568 8/1617/1567 930/2536/2244 2525/2530/2238
f 2525/2530/2238 930/2536/2244 931/2537/2245 2528/2531/2239
f 2528/2531/2239 931/2537/2245 932/2538/2246 2531/2534/2242
f 2531/2534/2242 932/2538/2246 130/1991/1832 978/1990/1831
f 2530/2532/2240 2531/2534/2242 978/1990/1831 979/1989/1830
f 2529/2533/2241 2530/2532/2240 979/1989/1830 980/1988/1829
f 938/2539/2247 2529/2533/2241 980/1988/1829 132/1911/249
f 937/2540/2248 2526/2529/2237 2529/2533/2241 938/2539/2247
f 936/2535/2243 2523/2526/2234 2526/2529/2237 937/2540/2248
f 2532/2541/2249 2533/2542/2250 2536/2543/2251 2535/2544/2252
f 2533/2542/2250 2534/2545/2253 2537/2546/2254 2536/2543/2251
f 2535/2544/2252 2536/2543/2251 2539/2547/2255 2538/2548/2256
f 2536/2543/2251 2537/2546/2254 2540/2549/2257 2539/2547/2255
f 19/449/439 936/2535/2243 2532/2541/2249 383/450/440
f 936/2535/2243 937/2540/2248 2533/2542/2250 2532/2541/2249
f 937/2540/2248 938/2539/2247 2534/2545/2253 2533/2542/2250
f 938/2539/2247 132/1911/249 981/1913/1767 2534/2545/2253
f 2534/2545/2253 981/1913/1767 982/1921/1769 2537/2546/2254
f 2537/2546/2254 982/1921/1769 983/1919/893 2540/2549/2257
f 2540/2549/2257 983/1919/893 135/1920/1768 947/2550/2258
f 2539/2547/2255 2540/2549/2257 947/2550/2258 946/2551/2259
f 2538/2548/2256 2539/2547/2255 946/2551/2259 945/2552/2260
f 381/452/442 2538/2548/2256 945/2552/2260 47/453/443
f 382/451/441 2535/2544/2252 2538/2548/2256 381/452/442
f 383/450/440 2532/2541/2249 2535/2544/2252 382/451/441
f 2541/2553/2261 2542/2554/2262 2545/2555/2263 2544/2556/2264
f 2542/2554/2262 2543/2557/2265 2546/2558/2266 2545/2555/2263
f 2544/2556/2264 2545/2555/2263 2548/2559/2267 2547/2560/2268
f 2545/2555/2263 2546/2558/2266 2549/2561/2269 2548/2559/2267
f 18/15/15 933/338/328 2541/2553/2261 404/577/567
f 933/338/328 934/337/327 2542/2554/2262 2541/2553/2261
f 934/337/327 935/336/326 2543/2557/2265 2542/2554/2262
f 935/336/326 131/335/325 984/1873/1744 2543/2557/2265
f 2543/2557/2265 984/1873/1744 985/1881/1745 2546/2558/2266
f 2546/2558/2266 985/1881/1745 986/1879/1003 2549/2561/2269
f 2549/2561/2269 986/1879/1003 134/1880/1004 944/2562/1721
f 2548/2559/2267 2549/2561/2269 944/2562/1721 943/2563/1720
f 2547/2560/2268 2548/2559/2267 943/2563/1720 942/2564/1719
f 402/579/569 2547/2560/2268 942/2564/1719 46/580/570
f 403/578/568 2544/2556/2264 2547/2560/2268 402/579/569
f 404/577/567 2541/2553/2261 2544/2556/2264 403/578/568
f 2550/2565/2270 2551/2566/2271 2554/2567/2272 2553/2568/2273
f 2551/2566/2271 2552/2569/2274 2555/2570/2275 2554/2567/2272
f 2553/2568/2273 2554/2567/2272 2557/2571/2276 2556/2572/2277
f 2554/2567/2272 2555/2570/2275 2558/2573/2278 2557/2571/2276
f 126/1188/1163 990/1812/1687 2550/2565/2270 483/1189/1164
f 990/1812/1687 991/1814/1687 2551/2566/2271 2550/2565/2270
f 991/1814/1687 992/1813/1685 2552/2569/2274 2551/2566/2271
f 992/1813/1685 127/1796/1685 492/2574/2279 2552/2569/2274
f 2552/2569/2274 492/2574/2279 493/2575/2280 2555/2570/2275
f 2555/2570/2275 493/2575/2280 494/2576/2281 2558/2573/2278
f 2558/2573/2278 494/2576/2281 51/2577/2282 486/2578/2283
f 2557/2571/2276 2558/2573/2278 486/2578/2283 487/2579/2284
f 2556/2572/2277 2557/2571/2276 487/2579/2284 488/2580/2285
f 485/1191/1166 2556/2572/2277 488/2580/2285 52/1192/1168
f 484/1190/1165 2553/2568/2273 2556/2572/2277 485/1191/1166
f 483/1189/1164 2550/2565/2270 2553/2568/2273 484/1190/1165
f 2559/2581/2286 2560/2582/2287 2563/2583/2288 2562/2584/2289
f 2560/2582/2287 2561/2585/2290 2564/2586/2291 2563/2583/2288
f 2562/2584/2289 2563/2583/2288 2566/2587/2292 2565/2588/2293
f 2563/2583/2288 2564/2586/2291 2567/2589/2294 2566/2587/2292
f 127/1796/1685 993/1798/1685 2559/2581/2286 492/2574/2279
f 993/1798/1685 994/1802/1686 2560/2582/2287 2559/2581/2286
f 994/1802/1686 995/1801/1686 2561/2585/2290 2560/2582/2287
f 995/1801/1686 128/1780/1684 501/2590/2295 2561/2585/2290
f 2561/2585/2290 501/2590/2295 502/2591/2296 2564/2586/2291
f 2564/2586/2291 502/2591/2296 503/2592/2297 2567/2589/2294
f 2567/2589/2294 503/2592/2297 50/2593/2298 495/2594/2299
f 2566/2587/2292 2567/2589/2294 495/2594/2299 496/2595/2300
f 2565/2588/2293 2566/2587/2292 496/2595/2300 497/2596/2301
f 494/2576/2281 2565/2588/2293 497/2596/2301 51/2577/2282
f 493/2575/2280 2562/2584/2289 2565/2588/2293 494/2576/2281
f 492/2574/2279 2559/2581/2286 2562/2584/2289 493/2575/2280
f 2568/2597/2302 2569/2598/2303 2572/2599/2304 2571/2600/2305
f 2569/2598/2303 2570/2601/2306 2573/2602/2307 2572/2599/2304
f 2571/2600/2305 2572/2599/2304 2575/2603/2308 2574/2604/2309
f 2572/2599/2304 2573/2602/2307 2576/2605/2310 2575/2603/2308
f 128/1780/1684 996/1782/1684 2568/2597/2302 501/2590/2295
f 996/1782/1684 997/1786/1684 2569/2598/2303 2568/2597/2302
f 997/1786/1684 998/1785/1683 2570/2601/2306 2569/2598/2303
f 998/1785/1683 129/1767/1683 510/2606/2311 2570/2601/2306
f 2570/2601/2306 510/2606/2311 511/2607/2312 2573/2602/2307
f 2573/2602/2307 511/2607/2312 512/2608/2313 2576/2605/2310
f 2576/2605/2314 512/2608/2315 49/2609/2316 504/2610/2317
f 2575/2603/2318 2576/2605/2314 504/2610/2317 505/2611/2319
f 2574/2604/2320 2575/2603/2318 505/2611/2319 506/2612/2321
f 503/2592/2297 2574/2604/2320 506/2612/2321 50/2593/2298
f 502/2591/2296 2571/2600/2305 2574/2604/2309 503/2592/2297
f 501/2590/2295 2568/2597/2302 2571/2600/2305 502/2591/2296
f 2577/2613/2322 2578/2614/2323 2581/2615/2324 2580/2616/2325
f 2578/2614/2323 2579/2617/2326 2582/2618/2327 2581/2615/2324
f 2580/2616/2328 2581/2615/2329 2584/2619/2330 2583/2620/2331
f 2581/2615/2329 2582/2618/2332 2585/2621/2333 2584/2619/2330
f 173/2622/2334 1256/2623/2335 2577/2613/2336 573/2624/2337
f 1256/2623/2338 1255/2625/2339 2578/2614/2323 2577/2613/2322
f 1255/2625/2339 1254/2626/2340 2579/2617/2326 2578/2614/2323
f 1254/2626/2340 182/1763/1681 1238/2627/2341 2579/2617/2326
f 2579/2617/2326 1238/2627/2341 1237/2628/2342 2582/2618/2327
f 2582/2618/2332 1237/2628/2343 1236/2629/2344 2585/2621/2333
f 2585/2621/2333 1236/2629/2344 124/2630/981 459/2631/979
f 2584/2619/2330 2585/2621/2333 459/2631/979 460/2632/978
f 2583/2620/2331 2584/2619/2330 460/2632/978 461/2633/977
f 575/2634/2345 2583/2620/2331 461/2633/977 45/2635/976
f 574/2636/2346 2580/2616/2328 2583/2620/2331 575/2634/2345
f 573/2624/2337 2577/2613/2336 2580/2616/2328 574/2636/2346
f 2586/2637/2347 2587/2638/2348 2590/2639/2349 2589/2640/2350
f 2587/2638/2348 2588/2641/2351 2591/2642/2352 2590/2639/2349
f 2589/2640/2350 2590/2639/2349 2593/2643/2353 2592/2644/2354
f 2590/2639/2349 2591/2642/2352 2594/2645/2355 2593/2643/2353
f 3/85/86 605/87/88 2586/2637/2347 275/2646/2356
f 605/87/88 604/100/99 2587/2638/2348 2586/2637/2347
f 604/100/99 603/98/97 2588/2641/2351 2587/2638/2348
f 603/98/97 20/99/98 209/522/512 2588/2641/2351
f 2588/2641/2351 209/522/512 208/521/511 2591/2642/2352
f 2591/2642/2352 208/521/511 207/519/509 2594/2645/2355
f 2594/2645/2355 207/519/509 119/518/508 999/1658/1601
f 2593/2643/2353 2594/2645/2355 999/1658/1601 1000/1657/1600
f 2592/2644/2354 2593/2643/2353 1000/1657/1600 1001/1655/1598
f 273/2647/2357 2592/2644/2354 1001/1655/1598 122/1654/1597
f 274/2648/2358 2589/2640/2350 2592/2644/2354 273/2647/2357
f 275/2646/2356 2586/2637/2347 2589/2640/2350 274/2648/2358
f 2595/2649/2359 2596/2650/2360 2599/2651/2361 2598/2652/2362
f 2596/2650/2360 2597/2653/2360 2600/2654/2361 2599/2651/2361
f 2598/2652/2363 2599/2651/2363 2602/2655/2364 2601/2656/2365
f 2599/2651/2363 2600/2654/2366 2603/2657/2364 2602/2655/2364
f 178/1677/1620 1253/2658/2367 2595/2649/2359 1226/1678/1621
f 1253/2658/2367 1252/2659/2367 2596/2650/2360 2595/2649/2359
f 1252/2659/2367 1251/2660/2367 2597/2653/2360 2596/2650/2360
f 1251/2660/2367 181/1402/1375 1005/2661/2368 2597/2653/2360
f 2597/2653/2360 1005/2661/2368 1006/2662/2369 2600/2654/2361
f 2600/2654/2366 1006/2662/2370 1007/2663/2371 2603/2657/2364
f 2603/2657/2364 1007/2663/2371 135/2664/1768 654/2665/1768
f 2602/2655/2364 2603/2657/2364 654/2665/1768 655/2666/894
f 2601/2656/2365 2602/2655/2364 655/2666/894 656/2667/894
f 1224/1680/1624 2601/2656/2365 656/2667/894 84/1681/894
f 1225/1679/1623 2598/2652/2363 2601/2656/2365 1224/1680/1624
f 1226/1678/1621 2595/2649/2359 2598/2652/2362 1225/1679/1622
f 2604/2668/1121 2605/2669/1121 2608/2670/1121 2607/2671/1121
f 2605/2669/1121 2606/2672/1121 2609/2673/1121 2608/2670/1121
f 2607/2671/1121 2608/2670/1121 2611/2674/1121 2610/2675/1121
f 2608/2670/1121 2609/2673/1121 2612/2676/1121 2611/2674/1121
f 93/1700/1642 683/2677/1121 2604/2668/1121 690/1701/1642
f 683/2677/1121 682/2678/1121 2605/2669/1121 2604/2668/1121
f 682/2678/1121 681/2679/1121 2606/2672/1121 2605/2669/1121
f 681/2679/1121 139/1364/1336 1008/1387/1336 2606/2672/1121
f 2606/2672/1121 1008/1387/1336 1009/1386/1336 2609/2673/1121
f 2609/2673/1121 1009/1386/1336 1010/1385/1358 2612/2676/1121
f 2612/2676/1121 1010/1385/1358 140/1384/1358 684/2680/1121
f 2611/2674/1121 2612/2676/1121 684/2680/1121 685/2681/1121
f 2610/2675/1121 2611/2674/1121 685/2681/1121 686/2682/1121
f 692/1703/1642 2610/2675/1121 686/2682/1121 94/1704/1642
f 691/1702/1642 2607/2671/1121 2610/2675/1121 692/1703/1642
f 690/1701/1642 2604/2668/1121 2607/2671/1121 691/1702/1642
f 2613/2683/1121 2614/2684/1121 2617/2685/1121 2616/2686/1121
f 2614/2684/1121 2615/2687/1121 2618/2688/1121 2617/2685/1121
f 2616/2686/1121 2617/2685/1121 2620/2689/1121 2619/2690/1121
f 2617/2685/1121 2618/2688/1121 2621/2691/1121 2620/2689/1121
f 92/1720/1663 680/2692/1121 2613/2683/1121 693/1721/1663
f 680/2692/1121 679/2693/1121 2614/2684/1121 2613/2683/1121
f 679/2693/1121 678/2694/1121 2615/2687/1121 2614/2684/1121
f 678/2694/1121 138/1342/1316 1011/1367/1316 2615/2687/1121
f 2615/2687/1121 1011/1367/1316 1012/1366/1337 2618/2688/1121
f 2618/2688/1121 1012/1366/1337 1013/1365/1337 2621/2691/1121
f 2621/2691/1121 1013/1365/1337 139/1364/1336 681/2679/1121
f 2620/2689/1121 2621/2691/1121 681/2679/1121 682/2678/1121
f 2619/2690/1121 2620/2689/1121 682/2678/1121 683/2677/1121
f 695/1723/1663 2619/2690/1121 683/2677/1121 93/1700/1642
f 694/1722/1663 2616/2686/1121 2619/2690/1121 695/1723/1663
f 693/1721/1663 2613/2683/1121 2616/2686/1121 694/1722/1663
f 2622/2695/1121 2623/2696/1121 2626/2697/1121 2625/2698/1121
f 2623/2696/1121 2624/2699/1121 2627/2700/1121 2626/2697/1121
f 2625/2698/1121 2626/2697/1121 2629/2701/1121 2628/2702/1121
f 2626/2697/1121 2627/2700/1121 2630/2703/1121 2629/2701/1121
f 91/1148/1122 677/1146/1121 2622/2695/1121 696/1733/1663
f 677/1146/1121 676/1145/1121 2623/2696/1121 2622/2695/1121
f 676/1145/1121 675/1144/1121 2624/2699/1121 2623/2696/1121
f 675/1144/1121 137/1143/1124 1014/1345/1317 2624/2699/1121
f 2624/2699/1121 1014/1345/1317 1015/1344/1317 2627/2700/1121
f 2627/2700/1121 1015/1344/1317 1016/1343/1316 2630/2703/1121
f 2630/2703/1121 1016/1343/1316 138/1342/1316 678/2694/1121
f 2629/2701/1121 2630/2703/1121 678/2694/1121 679/2693/1121
f 2628/2702/1121 2629/2701/1121 679/2693/1121 680/2692/1121
f 698/1735/1663 2628/2702/1121 680/2692/1121 92/1720/1663
f 697/1734/1663 2625/2698/1121 2628/2702/1121 698/1735/1663
f 696/1733/1663 2622/2695/1121 2625/2698/1121 697/1734/1663
f 2631/2704/2372 2632/2705/2372 2635/2706/1760 2634/2707/1760
f 2632/2705/2372 2633/2708/2372 2636/2709/1760 2635/2706/1760
f 2634/2707/1760 2635/2706/1760 2638/2710/980 2637/2711/980
f 2635/2706/1760 2636/2709/1760 2639/2712/980 2638/2710/980
f 75/1894/1758 900/2713/2373 2631/2704/2372 729/1895/1759
f 900/2713/2373 901/2714/2373 2632/2705/2372 2631/2704/2372
f 901/2714/2373 902/2715/2373 2633/2708/2372 2632/2705/2372
f 902/2715/2373 120/110/109 1026/974/972 2633/2708/2372
f 2633/2708/2372 1026/974/972 1027/984/982 2636/2709/1760
f 2636/2709/1760 1027/984/982 1028/982/980 2639/2712/980
f 2639/2712/980 1028/982/980 124/983/981 914/2716/981
f 2638/2710/980 2639/2712/980 914/2716/981 913/2717/1761
f 2637/2711/980 2638/2710/980 913/2717/1761 912/2718/1761
f 731/1897/980 2637/2711/980 912/2718/1761 82/1898/1761
f 730/1896/1760 2634/2707/1760 2637/2711/980 731/1897/980
f 729/1895/1759 2631/2704/2372 2634/2707/1760 730/1896/1760
f 2640/2719/2374 2641/2720/2374 2644/2721/1780 2643/2722/1780
f 2641/2720/2374 2642/2723/2374 2645/2724/1780 2644/2721/1780
f 2643/2722/1780 2644/2721/1780 2647/2725/520 2646/2726/520
f 2644/2721/1780 2645/2724/1780 2648/2727/520 2647/2725/520
f 73/1635/508 897/1661/1602 2640/2719/2374 735/1931/1779
f 897/1661/1602 898/1660/1602 2641/2720/2374 2640/2719/2374
f 898/1660/1602 899/1659/1602 2642/2723/2374 2641/2720/2374
f 899/1659/1602 119/518/508 1029/520/510 2642/2723/2374
f 2642/2723/2374 1029/520/510 1030/532/522 2645/2724/1780
f 2645/2724/1780 1030/532/522 1031/530/520 2648/2727/520
f 2648/2727/520 1031/530/520 123/531/521 911/2728/521
f 2647/2725/520 2648/2727/520 911/2728/521 910/2729/521
f 2646/2726/520 2647/2725/520 910/2729/521 909/2730/521
f 737/1933/520 2646/2726/520 909/2730/521 81/1934/521
f 736/1932/1780 2643/2722/1780 2646/2726/520 737/1933/520
f 735/1931/1779 2640/2719/2374 2643/2722/1780 736/1932/1780
f 2649/2731/2375 2650/2732/2375 2653/2733/2376 2652/2734/2376
f 2650/2732/2375 2651/2735/2375 2654/2736/2376 2653/2733/2376
f 2652/2734/2376 2653/2733/2376 2656/2737/2377 2655/2738/2377
f 2653/2733/2376 2654/2736/2376 2657/2739/2377 2656/2737/2377
f 153/1952/1795 1121/2740/2378 2649/2731/2375 738/1953/1796
f 1121/2740/2378 1120/2741/2378 2650/2732/2375 2649/2731/2375
f 1120/2741/2378 1119/2742/2378 2651/2735/2375 2650/2732/2375
f 1119/2742/2378 168/350/340 1032/352/342 2651/2735/2375
f 2651/2735/2375 1032/352/342 1033/365/355 2654/2736/2376
f 2654/2736/2376 1033/365/355 1034/363/353 2657/2739/2377
f 2657/2739/2377 1034/363/353 121/364/354 905/2743/2379
f 2656/2737/2377 2657/2739/2377 905/2743/2379 904/2744/2379
f 2655/2738/2377 2656/2737/2377 904/2744/2379 903/2745/2379
f 740/1955/1798 2655/2738/2377 903/2745/2379 78/1956/1799
f 739/1954/1797 2652/2734/2376 2655/2738/2377 740/1955/1798
f 738/1953/1796 2649/2731/2375 2652/2734/2376 739/1954/1797
f 2658/2746/2380 2659/2747/2381 2662/2748/2381 2661/2749/2380
f 2659/2747/2381 2660/2750/2382 2663/2751/2382 2662/2748/2381
f 2661/2749/2380 2662/2748/2381 2665/2752/2381 2664/2753/2380
f 2662/2748/2381 2663/2751/2382 2666/2754/2382 2665/2752/2381
f 80/1977/1824 743/1975/1822 2658/2746/2380 644/2755/2383
f 743/1975/1822 742/1974/1821 2659/2747/2381 2658/2746/2380
f 742/1974/1821 741/1973/1820 2660/2750/2382 2659/2747/2381
f 741/1973/1820 76/994/992 632/1875/1743 2660/2750/2382
f 2660/2750/2382 632/1875/1743 631/1874/1743 2663/2751/2382
f 2663/2751/2382 631/1874/1743 630/1872/1743 2666/2754/2382
f 2666/2754/2382 630/1872/1743 131/335/325 1035/334/324
f 2665/2752/2381 2666/2754/2382 1035/334/324 1036/333/323
f 2664/2753/2380 2665/2752/2381 1036/333/323 1037/331/321
f 642/2756/2383 2664/2753/2380 1037/331/321 133/330/320
f 643/2757/2383 2661/2749/2380 2664/2753/2380 642/2756/2383
f 644/2755/2383 2658/2746/2380 2661/2749/2380 643/2757/2383
f 2667/2758/2384 2668/2759/2385 2671/2760/2385 2670/2761/2384
f 2668/2759/2385 2669/2762/2386 2672/2763/2386 2671/2760/2385
f 2670/2761/2384 2671/2760/2385 2674/2764/2385 2673/2765/2384
f 2671/2760/2385 2672/2763/2386 2675/2766/2386 2674/2764/2385
f 75/1894/1758 749/2010/1853 2667/2758/2384 900/2713/2373
f 749/2010/1853 748/2009/1852 2668/2759/2385 2667/2758/2384
f 748/2009/1852 747/2008/1851 2669/2762/2386 2668/2759/2385
f 747/2008/1851 78/2007/1850 903/2767/114 2669/2762/2386
f 2669/2762/2386 903/2767/114 904/2768/2387 2672/2763/2386
f 2672/2763/2386 904/2768/2387 905/2769/2387 2675/2766/2386
f 2675/2766/2386 905/2769/2387 121/115/114 1038/114/113
f 2674/2764/2385 2675/2766/2386 1038/114/113 1039/113/112
f 2673/2765/2384 2674/2764/2385 1039/113/112 1040/111/110
f 902/2715/2373 2673/2765/2384 1040/111/110 120/110/109
f 901/2714/2373 2670/2761/2384 2673/2765/2384 902/2715/2373
f 900/2713/2373 2667/2758/2384 2670/2761/2384 901/2714/2373
f 2676/2770/2388 2677/2771/2388 2680/2772/2388 2679/2773/2388
f 2677/2771/2388 2678/2774/2388 2681/2775/2388 2680/2772/2388
f 2679/2773/2388 2680/2772/2388 2683/2776/2388 2682/2777/2388
f 2680/2772/2388 2681/2775/2388 2684/2778/2388 2683/2776/2388
f 117/2074/1897 878/2485/2199 2676/2770/2388 1071/2779/2389
f 878/2485/2199 877/2484/2199 2677/2771/2388 2676/2770/2388
f 877/2484/2199 876/2483/2199 2678/2774/2388 2677/2771/2388
f 876/2483/2199 142/2374/2129 1116/2780/2390 2678/2774/2388
f 2678/2774/2388 1116/2780/2390 1117/2781/2390 2681/2775/2388
f 2681/2775/2388 1117/2781/2390 1118/2782/2390 2684/2778/2388
f 2684/2778/2388 1118/2782/2390 168/350/340 1119/2742/2378
f 2683/2776/2388 2684/2778/2388 1119/2742/2378 1120/2741/2378
f 2682/2777/2388 2683/2776/2388 1120/2741/2378 1121/2740/2378
f 1073/2783/2389 2682/2777/2388 1121/2740/2378 153/1952/1795
f 1072/2784/2389 2679/2773/2388 2682/2777/2388 1073/2783/2389
f 1071/2779/2389 2676/2770/2388 2679/2773/2388 1072/2784/2389
f 2685/2785/2391 2686/2786/2392 2689/2787/2392 2688/2788/2391
f 2686/2786/2392 2687/2789/2393 2690/2790/2393 2689/2787/2392
f 2688/2788/2391 2689/2787/2392 2692/2791/2392 2691/2792/2391
f 2689/2787/2392 2690/2790/2393 2693/2793/2393 2692/2791/2392
f 95/2504/1544 827/2502/2214 2685/2785/2391 1041/2794/1909
f 827/2502/2214 826/2501/2213 2686/2786/2392 2685/2785/2391
f 826/2501/2213 825/2500/2212 2687/2789/2393 2686/2786/2392
f 825/2500/2212 141/2054/1877 1113/2795/2394 2687/2789/2393
f 2687/2789/2393 1113/2795/2394 1114/2796/2394 2690/2790/2393
f 2690/2790/2393 1114/2796/2394 1115/2797/2394 2693/2793/2393
f 2693/2793/2393 1115/2797/2394 167/2020/1857 1122/2519/2227
f 2692/2791/2392 2693/2793/2393 1122/2519/2227 1123/2518/2226
f 2691/2792/2391 2692/2791/2392 1123/2518/2226 1124/2516/2224
f 1043/2798/1909 2691/2792/2391 1124/2516/2224 143/2515/1907
f 1042/2799/1909 2688/2788/2391 2691/2792/2391 1043/2798/1909
f 1041/2794/1909 2685/2785/2391 2688/2788/2391 1042/2799/1909
f 2694/2800/2395 2695/2801/2396 2698/2802/2397 2697/2803/2398
f 2695/2801/2396 2696/2804/2399 2699/2805/2400 2698/2802/2397
f 2697/2803/2398 2698/2802/2397 2701/2806/2401 2700/2807/2402
f 2698/2802/2397 2699/2805/2400 2702/2808/2403 2701/2806/2401
f 72/2809/25 261/2810/23 2694/2800/2395 1110/2811/2404
f 261/2810/23 262/2812/22 2695/2801/2396 2694/2800/2395
f 262/2812/22 263/2813/21 2696/2804/2399 2695/2801/2396
f 263/2813/21 10/2814/2405 254/2815/2406 2696/2804/2399
f 2696/2804/2399 254/2815/2406 253/2816/2407 2699/2805/2400
f 2699/2805/2400 253/2816/2407 252/2817/2408 2702/2808/2403
f 2702/2808/2403 252/2817/2408 146/2467/2193 1125/2466/2192
f 2701/2806/2401 2702/2808/2403 1125/2466/2192 1126/2465/2191
f 2700/2807/2402 2701/2806/2401 1126/2465/2191 1127/2464/2190
f 1112/2818/2409 2700/2807/2402 1127/2464/2190 166/2095/1912
f 1111/2819/2410 2697/2803/2398 2700/2807/2402 1112/2818/2409
f 1110/2811/2404 2694/2800/2395 2697/2803/2398 1111/2819/2410
f 2703/2820/2411 2704/2821/2412 2707/2822/2413 2706/2823/2414
f 2704/2821/2412 2705/2824/2415 2708/2825/2416 2707/2822/2413
f 2706/2823/2414 2707/2822/2413 2710/2826/2417 2709/2827/2418
f 2707/2822/2413 2708/2825/2416 2711/2828/2419 2710/2826/2417
f 70/2829/303 599/2830/302 2703/2820/2411 1107/2831/2420
f 599/2830/302 598/2832/301 2704/2821/2412 2703/2820/2411
f 598/2832/301 597/2833/2421 2705/2824/2415 2704/2821/2412
f 597/2833/2421 2/2834/349 1086/2835/348 2705/2824/2415
f 2705/2824/2415 1086/2835/348 1087/2836/347 2708/2825/2416
f 2708/2825/2416 1087/2836/347 1088/2837/346 2711/2828/2419
f 2711/2828/2419 1088/2837/346 158/2415/345 1128/2414/2145
f 2710/2826/2417 2711/2828/2419 1128/2414/2145 1129/2413/2144
f 2709/2827/2418 2710/2826/2417 1129/2413/2144 1130/2412/2143
f 1109/2838/2422 2709/2827/2418 1130/2412/2143 165/2115/1922
f 1108/2839/2423 2706/2823/2414 2709/2827/2418 1109/2838/2422
f 1107/2831/2420 2703/2820/2411 2706/2823/2414 1108/2839/2423
f 2712/2840/2424 2713/2841/2425 2716/2842/2426 2715/2843/2427
f 2713/2841/2425 2714/2844/2428 2717/2845/2429 2716/2842/2426
f 2715/2843/2427 2716/2842/2426 2719/2846/2430 2718/2847/2431
f 2716/2842/2426 2717/2845/2429 2720/2848/2432 2719/2846/2430
f 15/384/374 1080/383/373 2712/2840/2424 405/999/997
f 1080/383/373 1081/382/372 2713/2841/2425 2712/2840/2424
f 1081/382/372 1082/381/371 2714/2844/2428 2713/2841/2425
f 1082/381/371 156/380/370 1131/2246/2009 2714/2844/2428
f 2714/2844/2428 1131/2246/2009 1132/2254/919 2717/2845/2429
f 2717/2845/2429 1132/2254/919 1133/2252/918 2720/2848/2432
f 2720/2848/2432 1133/2252/918 164/2253/796 1106/2849/794
f 2719/2846/2430 2720/2848/2432 1106/2849/794 1105/2850/793
f 2718/2847/2431 2719/2846/2430 1105/2850/793 1104/2851/792
f 407/1001/999 2718/2847/2431 1104/2851/792 43/1002/791
f 406/1000/998 2715/2843/2427 2718/2847/2431 407/1001/999
f 405/999/997 2712/2840/2424 2715/2843/2427 406/1000/998
f 2721/2852/2433 2722/2853/2434 2725/2854/2435 2724/2855/2436
f 2722/2853/2434 2723/2856/2437 2726/2857/2438 2725/2854/2435
f 2724/2855/2436 2725/2854/2435 2728/2858/2439 2727/2859/2440
f 2725/2854/2435 2726/2857/2438 2729/2860/2441 2728/2858/2439
f 149/1438/1403 1137/2195/1966 2721/2852/2433 555/1439/1404
f 1137/2195/1966 1138/2199/1969 2722/2853/2434 2721/2852/2433
f 1138/2199/1969 1139/2198/1968 2723/2856/2437 2722/2853/2434
f 1139/2198/1968 150/2178/1957 558/2861/2442 2723/2856/2437
f 2723/2856/2437 558/2861/2442 559/2862/2443 2726/2857/2438
f 2726/2857/2438 559/2862/2443 560/2863/2444 2729/2860/2441
f 2729/2860/2441 560/2863/2444 61/1213/2445 491/1212/2446
f 2728/2858/2439 2729/2860/2441 491/1212/2446 490/1211/2447
f 2727/2859/2440 2728/2858/2439 490/1211/2447 489/1209/2448
f 557/1441/1406 2727/2859/2440 489/1209/2448 60/1208/1407
f 556/1440/1405 2724/2855/2436 2727/2859/2440 557/1441/1406
f 555/1439/1404 2721/2852/2433 2724/2855/2436 556/1440/1405
f 2730/2864/2449 2731/2865/2450 2734/2866/2451 2733/2867/2452
f 2731/2865/2450 2732/2868/2453 2735/2869/2454 2734/2866/2451
f 2733/2867/2452 2734/2866/2451 2737/2870/2455 2736/2871/2456
f 2734/2866/2451 2735/2869/2454 2738/2872/2457 2737/2870/2455
f 150/2178/1957 1140/2180/1959 2730/2864/2449 558/2861/2442
f 1140/2180/1959 1141/2184/1961 2731/2865/2450 2730/2864/2449
f 1141/2184/1961 1142/2183/1960 2732/2868/2453 2731/2865/2450
f 1142/2183/1960 151/2162/1949 561/2873/2458 2732/2868/2453
f 2732/2868/2453 561/2873/2458 562/2874/2459 2735/2869/2454
f 2735/2869/2454 562/2874/2459 563/2875/2460 2738/2872/2457
f 2738/2872/2457 563/2875/2460 62/1236/2461 500/1235/2462
f 2737/2870/2455 2738/2872/2457 500/1235/2462 499/1234/2463
f 2736/2871/2456 2737/2870/2455 499/1234/2463 498/1233/2464
f 560/2863/2444 2736/2871/2456 498/1233/2464 61/1213/2445
f 559/2862/2443 2733/2867/2452 2736/2871/2456 560/2863/2444
f 558/2861/2442 2730/2864/2449 2733/2867/2452 559/2862/2443
f 2739/2876/2465 2740/2877/2466 2743/2878/2467 2742/2879/2468
f 2740/2877/2466 2741/2880/2469 2744/2881/2470 2743/2878/2467
f 2742/2879/2468 2743/2878/2467 2746/2882/2471 2745/2883/2472
f 2743/2878/2467 2744/2881/2470 2747/2884/2473 2746/2882/2471
f 151/2162/1949 1143/2164/1951 2739/2876/2465 561/2873/2458
f 1143/2164/1951 1144/2168/1953 2740/2877/2466 2739/2876/2465
f 1144/2168/1953 1145/2167/1952 2741/2880/2469 2740/2877/2466
f 1145/2167/1952 152/2149/1944 564/2885/2474 2741/2880/2469
f 2741/2880/2469 564/2885/2474 565/2886/2475 2744/2881/2470
f 2744/2881/2470 565/2886/2475 566/2887/2476 2747/2884/2473
f 2747/2884/2473 566/2887/2476 63/1256/2477 509/1255/2478
f 2746/2882/2471 2747/2884/2473 509/1255/2478 508/1254/2479
f 2745/2883/2472 2746/2882/2471 508/1254/2479 507/1253/2480
f 563/2875/2460 2745/2883/2472 507/1253/2480 62/1236/2461
f 562/2874/2459 2742/2879/2468 2745/2883/2472 563/2875/2460
f 561/2873/2458 2739/2876/2465 2742/2879/2468 562/2874/2459
f 2748/2888/2481 2749/2889/2482 2752/2890/2483 2751/2891/2484
f 2749/2889/2482 2750/2892/2485 2753/2893/2486 2752/2890/2483
f 2751/2891/2484 2752/2890/2483 2755/2894/2487 2754/2895/2488
f 2752/2890/2483 2753/2893/2486 2756/2896/2489 2755/2894/2487
f 174/1273/2490 1250/2897/2491 2748/2888/2481 576/2898/2492
f 1250/2897/2491 1249/2899/2493 2749/2889/2482 2748/2888/2481
f 1249/2899/2493 1248/2900/2494 2750/2892/2485 2749/2889/2482
f 1248/2900/2494 183/2145/1940 1241/2901/2495 2750/2892/2485
f 2750/2892/2485 1241/2901/2495 1240/2902/2496 2753/2893/2486
f 2753/2893/2486 1240/2902/2496 1239/2903/2497 2756/2896/2489
f 2756/2896/2489 1239/2903/2497 147/2904/961 465/2905/959
f 2755/2894/2487 2756/2896/2489 465/2905/959 466/2906/958
f 2754/2895/2488 2755/2894/2487 466/2906/958 467/2907/957
f 578/2908/2498 2754/2895/2488 467/2907/957 44/2909/956
f 577/2910/2499 2751/2891/2484 2754/2895/2488 578/2908/2498
f 576/2898/2492 2748/2888/2481 2751/2891/2484 577/2910/2499
f 2757/2911/2500 2758/2912/2501 2761/2913/2502 2760/2914/2503
f 2758/2912/2501 2759/2915/2504 2762/2916/2505 2761/2913/2502
f 2760/2914/2503 2761/2913/2502 2764/2917/2506 2763/2918/2507
f 2761/2913/2502 2762/2916/2505 2765/2919/2508 2764/2917/2506
f 9/2920/2509 260/2921/306 2757/2911/2500 1083/2922/2510
f 260/2921/306 259/2923/305 2758/2912/2501 2757/2911/2500
f 259/2923/305 258/2924/304 2759/2915/2504 2758/2912/2501
f 258/2924/304 70/2829/303 1107/2831/2420 2759/2915/2504
f 2759/2915/2504 1107/2831/2420 1108/2839/2423 2762/2916/2505
f 2762/2916/2505 1108/2839/2423 1109/2838/2422 2765/2919/2508
f 2765/2919/2508 1109/2838/2422 165/2115/1922 1146/2114/1921
f 2764/2917/2506 2765/2919/2508 1146/2114/1921 1147/2113/1920
f 2763/2918/2507 2764/2917/2506 1147/2113/1920 1148/2111/1918
f 1085/2925/2511 2763/2918/2507 1148/2111/1918 157/2110/1917
f 1084/2926/2512 2760/2914/2503 2763/2918/2507 1085/2925/2511
f 1083/2922/2510 2757/2911/2500 2760/2914/2503 1084/2926/2512
f 2766/2927/2513 2767/2928/2514 2770/2929/2515 2769/2930/2516
f 2767/2928/2514 2768/2931/2517 2771/2932/2518 2770/2929/2515
f 2769/2930/2516 2770/2929/2515 2773/2933/2519 2772/2934/2520
f 2770/2929/2515 2771/2932/2518 2774/2935/2521 2773/2933/2519
f 1/2936/2232 276/2937/2522 2766/2927/2513 203/2938/2231
f 276/2937/2522 277/2939/26 2767/2928/2514 2766/2927/2513
f 277/2939/26 278/2940/24 2768/2931/2517 2767/2928/2514
f 278/2940/24 72/2809/25 1110/2811/2404 2768/2931/2517
f 2768/2931/2517 1110/2811/2404 1111/2819/2410 2771/2932/2518
f 2771/2932/2518 1111/2819/2410 1112/2818/2409 2774/2935/2521
f 2774/2935/2521 1112/2818/2409 166/2095/1912 1149/2094/1911
f 2773/2933/2519 2774/2935/2521 1149/2094/1911 1150/2093/1910
f 2772/2934/2520 2773/2933/2519 1150/2093/1910 1151/2091/1908
f 201/2941/2225 2772/2934/2520 1151/2091/1908 143/2090/1907
f 202/2942/2233 2769/2930/2516 2772/2934/2520 201/2941/2225
f 203/2938/2231 2766/2927/2513 2769/2930/2516 202/2942/2233
f 2775/2943/2523 2776/2944/2523 2779/2945/2523 2778/2946/2523
f 2776/2944/2523 2777/2947/2523 2780/2948/2523 2779/2945/2523
f 2778/2946/2523 2779/2945/2523 2782/2949/2523 2781/2950/2523
f 2779/2945/2523 2780/2948/2523 2783/2951/2523 2782/2949/2523
f 141/2054/1877 965/2052/1875 2775/2943/2523 1113/2795/2394
f 965/2052/1875 964/2051/1875 2776/2944/2523 2775/2943/2523
f 964/2051/1875 963/2050/1875 2777/2947/2523 2776/2944/2523
f 963/2050/1875 118/2049/1874 1074/2952/2524 2777/2947/2523
f 2777/2947/2523 1074/2952/2524 1075/2953/2524 2780/2948/2523
f 2780/2948/2523 1075/2953/2524 1076/2954/2524 2783/2951/2523
f 2783/2951/2523 1076/2954/2524 154/60/61 1152/2024/1858
f 2782/2949/2523 2783/2951/2523 1152/2024/1858 1153/2023/1858
f 2781/2950/2523 2782/2949/2523 1153/2023/1858 1154/2021/1858
f 1115/2797/2394 2781/2950/2523 1154/2021/1858 167/2020/1857
f 1114/2796/2394 2778/2946/2523 2781/2950/2523 1115/2797/2394
f 1113/2795/2394 2775/2943/2523 2778/2946/2523 1114/2796/2394
f 2784/2955/2525 2785/2956/2526 2788/2957/2526 2787/2958/2525
f 2785/2956/2526 2786/2959/2527 2789/2960/2527 2788/2957/2526
f 2787/2958/2525 2788/2957/2526 2791/2961/2526 2790/2962/2525
f 2788/2957/2526 2789/2960/2527 2792/2963/2527 2791/2961/2526
f 97/2079/1902 830/2077/1900 2784/2955/2525 1044/2964/2528
f 830/2077/1900 829/2076/1899 2785/2956/2526 2784/2955/2525
f 829/2076/1899 828/2075/1898 2786/2959/2527 2785/2956/2526
f 828/2075/1898 117/2074/1897 1071/2779/2389 2786/2959/2527
f 2786/2959/2527 1071/2779/2389 1072/2784/2389 2789/2960/2527
f 2789/2960/2527 1072/2784/2389 1073/2783/2389 2792/2963/2527
f 2792/2963/2527 1073/2783/2389 153/1952/1795 1155/1951/1794
f 2791/2961/2526 2792/2963/2527 1155/1951/1794 1156/1950/1793
f 2790/2962/2525 2791/2961/2526 1156/1950/1793 1157/1948/1791
f 1046/2965/2528 2790/2962/2525 1157/1948/1791 144/1947/1790
f 1045/2966/2528 2787/2958/2525 2790/2962/2525 1046/2965/2528
f 1044/2964/2528 2784/2955/2525 2787/2958/2525 1045/2966/2528
f 2793/2967/2529 2794/2968/2529 2797/2969/2530 2796/2970/2530
f 2794/2968/2529 2795/2971/2529 2798/2972/2530 2797/2969/2530
f 2796/2970/2530 2797/2969/2530 2800/2973/960 2799/2974/960
f 2797/2969/2530 2798/2972/2530 2801/2975/960 2800/2973/960
f 98/2228/2002 1047/2976/2531 2793/2967/2529 855/2229/2003
f 1047/2976/2531 1048/2977/2531 2794/2968/2529 2793/2967/2529
f 1048/2977/2531 1049/2978/2531 2795/2971/2529 2794/2968/2529
f 1049/2978/2531 145/135/134 1164/954/952 2795/2971/2529
f 2795/2971/2529 1164/954/952 1165/964/962 2798/2972/2530
f 2798/2972/2530 1165/964/962 1166/962/960 2801/2975/960
f 2801/2975/960 1166/962/960 147/963/961 1055/2979/961
f 2800/2973/960 2801/2975/960 1055/2979/961 1054/2980/961
f 2799/2974/960 2800/2973/960 1054/2980/961 1053/2981/961
f 857/2231/960 2799/2974/960 1053/2981/961 108/2232/961
f 856/2230/962 2796/2970/2530 2799/2974/960 857/2231/960
f 855/2229/2003 2793/2967/2529 2796/2970/2530 856/2230/962
f 2802/2982/2532 2803/2983/2532 2806/2984/2533 2805/2985/2533
f 2803/2983/2532 2804/2986/2532 2807/2987/2533 2806/2984/2533
f 2805/2985/2533 2806/2984/2533 2809/2988/2534 2808/2989/2534
f 2806/2984/2533 2807/2987/2533 2810/2990/2534 2809/2988/2534
f 180/2269/2025 1247/2991/2535 2802/2982/2532 1232/2270/2026
f 1247/2991/2535 1246/2992/2535 2803/2983/2532 2802/2982/2532
f 1246/2992/2535 1245/2993/2535 2804/2986/2532 2803/2983/2532
f 1245/2993/2535 184/777/767 1167/2994/2536 2804/2986/2532
f 2804/2986/2532 1167/2994/2536 1168/2995/2537 2807/2987/2533
f 2807/2987/2533 1168/2995/2537 1169/2996/2538 2810/2990/2534
f 2810/2990/2534 1169/2996/2538 157/2110/1917 768/2112/1919
f 2809/2988/2534 2810/2990/2534 768/2112/1919 769/2120/1919
f 2808/2989/2534 2809/2988/2534 769/2120/1919 770/2119/1919
f 1230/2272/2028 2808/2989/2534 770/2119/1919 100/1570/1524
f 1231/2271/2027 2805/2985/2533 2808/2989/2534 1230/2272/2028
f 1232/2270/2026 2802/2982/2532 2805/2985/2533 1231/2271/2027
f 2811/2997/2539 2812/2998/2539 2815/2999/2540 2814/3000/2540
f 2812/2998/2539 2813/3001/2539 2816/3002/2540 2815/2999/2540
f 2814/3000/2540 2815/2999/2540 2818/3003/2541 2817/3004/2541
f 2815/2999/2540 2816/3002/2540 2819/3005/2541 2818/3003/2541
f 106/2289/2045 788/3006/2542 2811/2997/2539 861/2290/2046
f 788/3006/2542 787/3007/2542 2812/2998/2539 2811/2997/2539
f 787/3007/2542 786/3008/2542 2813/3001/2539 2812/2998/2539
f 786/3008/2542 162/739/729 1170/762/752 2813/3001/2539
f 2813/3001/2539 1170/762/752 1171/761/751 2816/3002/2540
f 2816/3002/2540 1171/761/751 1172/760/750 2819/3005/2541
f 2819/3005/2541 1172/760/750 163/759/749 789/3009/2543
f 2818/3003/2541 2819/3005/2541 789/3009/2543 790/3010/2543
f 2817/3004/2541 2818/3003/2541 790/3010/2543 791/3011/2543
f 863/2292/2048 2817/3004/2541 791/3011/2543 107/2293/2049
f 862/2291/2047 2814/3000/2540 2817/3004/2541 863/2292/2048
f 861/2290/2046 2811/2997/2539 2814/3000/2540 862/2291/2047
f 2820/3012/2544 2821/3013/2544 2824/3014/2545 2823/3015/2545
f 2821/3013/2544 2822/3016/2544 2825/3017/2545 2824/3014/2545
f 2823/3015/2545 2824/3014/2545 2827/3018/2546 2826/3019/2546
f 2824/3014/2545 2825/3017/2545 2828/3020/2546 2827/3018/2546
f 105/2314/2070 785/3021/2547 2820/3012/2544 864/2315/2071
f 785/3021/2547 784/3022/2547 2821/3013/2544 2820/3012/2544
f 784/3022/2547 783/3023/2547 2822/3016/2544 2821/3013/2544
f 783/3023/2547 161/717/707 1173/742/732 2822/3016/2544
f 2822/3016/2544 1173/742/732 1174/741/731 2825/3017/2545
f 2825/3017/2545 1174/741/731 1175/740/730 2828/3020/2546
f 2828/3020/2546 1175/740/730 162/739/729 786/3008/2542
f 2827/3018/2546 2828/3020/2546 786/3008/2542 787/3007/2542
f 2826/3019/2546 2827/3018/2546 787/3007/2542 788/3006/2542
f 866/2317/2073 2826/3019/2546 788/3006/2542 106/2289/2045
f 865/2316/2072 2823/3015/2545 2826/3019/2546 866/2317/2073
f 864/2315/2071 2820/3012/2544 2823/3015/2545 865/2316/2072
f 2829/3024/2548 2830/3025/2548 2833/3026/2549 2832/3027/2549
f 2830/3025/2548 2831/3028/2548 2834/3029/2549 2833/3026/2549
f 2832/3027/2549 2833/3026/2549 2836/3030/2550 2835/3031/2550
f 2833/3026/2549 2834/3029/2549 2837/3032/2550 2836/3030/2550
f 104/224/213 782/222/211 2829/3024/2548 867/2330/2086
f 782/222/211 781/221/211 2830/3025/2548 2829/3024/2548
f 781/221/211 780/220/211 2831/3028/2548 2830/3025/2548
f 780/220/211 160/219/210 1176/720/710 2831/3028/2548
f 2831/3028/2548 1176/720/710 1177/719/709 2834/3029/2549
f 2834/3029/2549 1177/719/709 1178/718/708 2837/3032/2550
f 2837/3032/2550 1178/718/708 161/717/707 783/3023/2547
f 2836/3030/2550 2837/3032/2550 783/3023/2547 784/3022/2547
f 2835/3031/2550 2836/3030/2550 784/3022/2547 785/3021/2547
f 869/2332/2088 2835/3031/2550 785/3021/2547 105/2314/2070
f 868/2331/2087 2832/3027/2549 2835/3031/2550 869/2332/2088
f 867/2330/2086 2829/3024/2548 2832/3027/2549 868/2331/2087
f 2838/3033/2551 2839/3034/2552 2842/3035/2552 2841/3036/2551
f 2839/3034/2552 2840/3037/2553 2843/3038/2553 2842/3035/2552
f 2841/3036/2551 2842/3035/2552 2845/3039/2552 2844/3040/2551
f 2842/3035/2552 2843/3038/2553 2846/3041/2553 2845/3039/2552
f 96/2349/2109 875/2347/2107 2838/3033/2551 758/3042/2554
f 875/2347/2107 874/2346/2106 2839/3034/2552 2838/3033/2551
f 874/2346/2106 873/2345/2105 2840/3037/2553 2839/3034/2552
f 873/2345/2105 99/905/905 767/2248/2008 2840/3037/2553
f 2840/3037/2553 767/2248/2008 766/2247/2008 2843/3038/2553
f 2843/3038/2553 766/2247/2008 765/2245/2008 2846/3041/2553
f 2846/3041/2553 765/2245/2008 156/380/370 1185/379/369
f 2845/3039/2552 2846/3041/2553 1185/379/369 1186/378/368
f 2844/3040/2551 2845/3039/2552 1186/378/368 1187/376/366
f 756/3043/2555 2844/3040/2551 1187/376/366 155/375/365
f 757/3044/2555 2841/3036/2551 2844/3040/2551 756/3043/2555
f 758/3042/2554 2838/3033/2551 2841/3036/2551 757/3044/2555
f 2847/3045/2556 2848/3046/2557 2851/3047/2557 2850/3048/2556
f 2848/3046/2557 2849/3049/2558 2852/3050/2558 2851/3047/2557
f 2850/3048/2556 2851/3047/2557 2854/3051/2557 2853/3052/2556
f 2851/3047/2557 2852/3050/2558 2855/3053/2558 2854/3051/2557
f 142/2374/2129 968/2372/2127 2847/3045/2556 1116/2780/2390
f 968/2372/2127 967/2371/2126 2848/3046/2557 2847/3045/2556
f 967/2371/2126 966/2370/2125 2849/3049/2558 2848/3046/2557
f 966/2370/2125 102/2369/164 776/3054/2146 2849/3049/2558
f 2849/3049/2558 776/3054/2146 775/3055/2146 2852/3050/2558
f 2852/3050/2558 775/3055/2146 774/3056/2146 2855/3053/2558
f 2855/3053/2558 774/3056/2146 158/355/345 1188/354/344
f 2854/3051/2557 2855/3053/2558 1188/354/344 1189/353/343
f 2853/3052/2556 2854/3051/2557 1189/353/343 1190/351/341
f 1118/2782/2390 2853/3052/2556 1190/351/341 168/350/340
f 1117/2781/2390 2850/3048/2556 2853/3052/2556 1118/2782/2390
f 1116/2780/2390 2847/3045/2556 2850/3048/2556 1117/2781/2390
f 2856/3057/2559 2857/3058/2560 2860/3059/2560 2859/3060/2559
f 2857/3058/2560 2858/3061/2561 2861/3062/2561 2860/3059/2560
f 2859/3060/2559 2860/3059/2560 2863/3063/2560 2862/3064/2559
f 2860/3059/2560 2861/3062/2561 2864/3065/2561 2863/3063/2560
f 98/2228/2002 890/2434/2166 2856/3057/2559 1047/2976/2531
f 890/2434/2166 889/2433/2165 2857/3058/2560 2856/3057/2559
f 889/2433/2165 888/2432/2164 2858/3061/2561 2857/3058/2560
f 888/2432/2164 97/2431/2163 1044/3066/2562 2858/3061/2561
f 2858/3061/2561 1044/3066/2562 1045/3067/2563 2861/3062/2561
f 2861/3062/2561 1045/3067/2563 1046/3068/2563 2864/3065/2561
f 2864/3065/2561 1046/3068/2563 144/140/139 1191/139/138
f 2863/3063/2560 2864/3065/2561 1191/139/138 1192/138/137
f 2862/3064/2559 2863/3063/2560 1192/138/137 1193/136/135
f 1049/2978/2531 2862/3064/2559 1193/136/135 145/135/134
f 1048/2977/2531 2859/3060/2559 2862/3064/2559 1049/2978/2531
f 1047/2976/2531 2856/3057/2559 2859/3060/2559 1048/2977/2531
f 2865/3069/2564 2866/3070/2565 2869/3071/2565 2868/3072/2564
f 2866/3070/2565 2867/3073/2566 2870/3074/2566 2869/3071/2565
f 2868/3072/2564 2869/3071/2565 2872/3075/2565 2871/3076/2564
f 2869/3071/2565 2870/3074/2566 2873/3077/2566 2872/3075/2565
f 118/2049/1874 893/2454/2186 2865/3069/2564 1074/2952/2524
f 893/2454/2186 892/2453/2185 2866/3070/2565 2865/3069/2564
f 892/2453/2185 891/2452/2184 2867/3073/2566 2866/3070/2565
f 891/2452/2184 96/2451/2183 758/3078/2567 2867/3073/2566
f 2867/3073/2566 758/3078/2567 757/3079/2567 2870/3074/2566
f 2870/3074/2566 757/3079/2567 756/3080/2567 2873/3077/2566
f 2873/3077/2566 756/3080/2567 155/65/66 1194/64/65
f 2872/3075/2565 2873/3077/2566 1194/64/65 1195/63/64
f 2871/3076/2564 2872/3075/2565 1195/63/64 1196/61/62
f 1076/2954/2524 2871/3076/2564 1196/61/62 154/60/61
f 1075/2953/2524 2868/3072/2564 2871/3076/2564 1076/2954/2524
f 1074/2952/2524 2865/3069/2564 2868/3072/2564 1075/2953/2524
f 2874/3081/2568 2875/3082/2569 2878/3083/2570 2877/3084/2571
f 2875/3082/2569 2876/3085/2572 2879/3086/2573 2878/3083/2570
f 2877/3084/2571 2878/3083/2570 2881/3087/2574 2880/3088/2575
f 2878/3083/2570 2879/3086/2573 2882/3089/2576 2881/3087/2574
f 187/3090/2577 1343/3091/2578 2874/3081/2568 1301/3092/2579
f 1343/3091/2578 1342/3093/2580 2875/3082/2569 2874/3081/2568
f 1342/3093/2580 1341/3094/2581 2876/3085/2572 2875/3082/2569
f 1341/3094/2581 188/596/586 444/3095/2582 2876/3085/2572
f 2876/3085/2572 444/3095/2582 445/3096/2583 2879/3086/2573
f 2879/3086/2573 445/3096/2583 446/3097/2584 2882/3089/2576
f 2882/3089/2576 446/3097/2584 20/99/98 246/97/96
f 2881/3087/2574 2882/3089/2576 246/97/96 247/96/95
f 2880/3088/2575 2881/3087/2574 247/96/95 248/95/94
f 1299/3098/2585 2880/3088/2575 248/95/94 11/94/93
f 1300/3099/2586 2877/3084/2571 2880/3088/2575 1299/3098/2585
f 1301/3092/2579 2874/3081/2568 2877/3084/2571 1300/3099/2586
f 2883/3100/2587 2884/3101/2587 2887/3102/2588 2886/3103/2588
f 2884/3101/2587 2885/3104/2587 2888/3105/2588 2887/3102/2588
f 2886/3103/2588 2887/3102/2588 2890/3106/2589 2889/3107/2589
f 2887/3102/2588 2888/3105/2588 2891/3108/2589 2890/3106/2589
f 107/2293/2049 791/3011/2543 2883/3100/2587 881/3109/2590
f 791/3011/2543 790/3010/2543 2884/3101/2587 2883/3100/2587
f 790/3010/2543 789/3009/2543 2885/3104/2587 2884/3101/2587
f 789/3009/2543 163/759/749 1242/780/770 2885/3104/2587
f 2885/3104/2587 1242/780/770 1243/779/769 2888/3105/2588
f 2888/3105/2588 1243/779/769 1244/778/768 2891/3108/2589
f 2891/3108/2589 1244/778/768 184/777/767 1245/2993/2535
f 2890/3106/2589 2891/3108/2589 1245/2993/2535 1246/2992/2535
f 2889/3107/2589 2890/3106/2589 1246/2992/2535 1247/2991/2535
f 879/3110/2591 2889/3107/2589 1247/2991/2535 180/2269/2025
f 880/3111/2592 2886/3103/2588 2889/3107/2589 879/3110/2591
f 881/3109/2590 2883/3100/2587 2886/3103/2588 880/3111/2592
f 2892/3112/2593 2893/3113/2594 2896/3114/2595 2895/3115/2596
f 2893/3113/2594 2894/3116/2597 2897/3117/2598 2896/3114/2595
f 2895/3115/2596 2896/3114/2595 2899/3118/2599 2898/3119/2600
f 2896/3114/2595 2897/3117/2598 2900/3120/2601 2899/3118/2599
f 63/1256/2477 566/2887/2476 2892/3112/2593 1212/1282/2602
f 566/2887/2476 565/2886/2475 2893/3113/2594 2892/3112/2593
f 565/2886/2475 564/2885/2474 2894/3116/2597 2893/3113/2594
f 564/2885/2474 152/2149/1944 1163/2148/1943 2894/3116/2597
f 2894/3116/2597 1163/2148/1943 1162/2147/1942 2897/3117/2598
f 2897/3117/2598 1162/2147/1942 1161/2146/1941 2900/3120/2601
f 2900/3120/2601 1161/2146/1941 183/2145/1940 1248/2900/2494
f 2899/3118/2599 2900/3120/2601 1248/2900/2494 1249/2899/2493
f 2898/3119/2600 2899/3118/2599 1249/2899/2493 1250/2897/2491
f 1214/1275/2603 2898/3119/2600 1250/2897/2491 174/1273/2490
f 1213/1283/2604 2895/3115/2596 2898/3119/2600 1214/1275/2603
f 1212/1282/2602 2892/3112/2593 2895/3115/2596 1213/1283/2604
f 2901/3121/1121 2902/3122/1121 2905/3123/1121 2904/3124/1121
f 2902/3122/1121 2903/3125/1121 2906/3126/1121 2905/3123/1121
f 2904/3124/1121 2905/3123/1121 2908/3127/1121 2907/3128/1121
f 2905/3123/1121 2906/3126/1121 2909/3129/1121 2908/3127/1121
f 94/1704/1642 686/2682/1121 2901/3121/1121 725/3130/2605
f 686/2682/1121 685/2681/1121 2902/3122/1121 2901/3121/1121
f 685/2681/1121 684/2680/1121 2903/3125/1121 2902/3122/1121
f 684/2680/1121 140/1384/1358 1233/1405/1376 2903/3125/1121
f 2903/3125/1121 1233/1405/1376 1234/1404/1376 2906/3126/1121
f 2906/3126/1121 1234/1404/1376 1235/1403/1376 2909/3129/1121
f 2909/3129/1121 1235/1403/1376 181/1402/1375 1251/2660/2367
f 2908/3127/1121 2909/3129/1121 1251/2660/2367 1252/2659/2367
f 2907/3128/1121 2908/3127/1121 1252/2659/2367 1253/2658/2367
f 723/3131/2605 2907/3128/1121 1253/2658/2367 178/1677/1620
f 724/3132/2605 2904/3124/1121 2907/3128/1121 723/3131/2605
f 725/3130/2605 2901/3121/1121 2904/3124/1121 724/3132/2605
f 2910/3133/2606 2911/3134/2607 2914/3135/2608 2913/3136/2609
f 2911/3134/2607 2912/3137/2610 2915/3138/2611 2914/3135/2608
f 2913/3136/2609 2914/3135/2608 2917/3139/2612 2916/3140/2613
f 2914/3135/2608 2915/3138/2611 2918/3141/2614 2917/3139/2612
f 49/2609/2316 512/2608/2315 2910/3133/2615 1209/3142/2616
f 512/2608/2313 511/2607/2312 2911/3134/2607 2910/3133/2606
f 511/2607/2312 510/2606/2311 2912/3137/2610 2911/3134/2607
f 510/2606/2311 129/1767/1683 1025/1766/1682 2912/3137/2610
f 2912/3137/2610 1025/1766/1682 1024/1765/1682 2915/3138/2611
f 2915/3138/2611 1024/1765/1682 1023/1764/1682 2918/3141/2614
f 2918/3141/2614 1023/1764/1682 182/1763/1681 1254/2626/2340
f 2917/3139/2612 2918/3141/2614 1254/2626/2340 1255/2625/2339
f 2916/3140/2613 2917/3139/2612 1255/2625/2339 1256/2623/2338
f 1211/3143/2617 2916/3140/2618 1256/2623/2335 173/2622/2334
f 1210/3144/2619 2913/3136/2620 2916/3140/2618 1211/3143/2617
f 1209/3142/2616 2910/3133/2615 2913/3136/2620 1210/3144/2619
f 2919/3145/2621 2920/3146/2622 2923/3147/2623 2922/3148/2624
f 2920/3146/2622 2921/3149/2625 2924/3150/2626 2923/3147/2623
f 2922/3148/2624 2923/3147/2623 2926/3151/2627 2925/3152/2628
f 2923/3147/2623 2924/3150/2626 2927/3153/2629 2926/3151/2627
f 40/2298/2054 362/2296/2052 2919/3145/2621 1206/3154/2630
f 362/2296/2052 361/2295/2051 2920/3146/2622 2919/3145/2621
f 361/2295/2051 360/2294/2050 2921/3149/2625 2920/3146/2622
f 360/2294/2050 107/2293/2049 881/3109/2590 2921/3149/2625
f 2921/3149/2625 881/3109/2590 880/3111/2592 2924/3150/2626
f 2924/3150/2626 880/3111/2592 879/3110/2591 2927/3153/2629
f 2927/3153/2629 879/3110/2591 180/2269/2025 1257/2268/2024
f 2926/3151/2627 2927/3153/2629 1257/2268/2024 1258/2267/2023
f 2925/3152/2628 2926/3151/2627 1258/2267/2023 1259/2265/2021
f 1208/3155/2631 2925/3152/2628 1259/2265/2021 172/2264/2020
f 1207/3156/2632 2922/3148/2624 2925/3152/2628 1208/3155/2631
f 1206/3154/2630 2919/3145/2621 2922/3148/2624 1207/3156/2632
f 2928/3157/2633 2929/3158/2633 2932/3159/2634 2931/3160/2634
f 2929/3158/2633 2930/3161/2633 2933/3162/2634 2932/3159/2634
f 2931/3160/2634 2932/3159/2634 2935/3163/2635 2934/3164/2635
f 2932/3159/2634 2933/3162/2634 2936/3165/2635 2935/3163/2635
f 108/3166/961 1053/3167/961 2928/3157/2633 1227/3168/2636
f 1053/3167/961 1054/3169/961 2929/3158/2633 2928/3157/2633
f 1054/3169/961 1055/3170/961 2930/3161/2633 2929/3158/2633
f 1055/3170/961 147/2904/961 1239/2903/2497 2930/3161/2633
f 2930/3161/2633 1239/2903/2497 1240/2902/2496 2933/3162/2634
f 2933/3162/2634 1240/2902/2496 1241/2901/2495 2936/3165/2635
f 2936/3165/2635 1241/2901/2495 183/2145/1940 1260/2144/1939
f 2935/3163/2635 2936/3165/2635 1260/2144/1939 1261/2143/1939
f 2934/3164/2635 2935/3163/2635 1261/2143/1939 1262/2142/1939
f 1229/3171/2637 2934/3164/2635 1262/2142/1939 179/1525/1493
f 1228/3172/2638 2931/3160/2634 2934/3164/2635 1229/3171/2637
f 1227/3168/2636 2928/3157/2633 2931/3160/2634 1228/3172/2638
f 2937/3173/2639 2938/3174/2639 2941/3175/2640 2940/3176/2641
f 2938/3174/2639 2939/3177/2642 2942/3178/2643 2941/3175/2640
f 2940/3176/2644 2941/3175/2644 2944/3179/2645 2943/3180/2646
f 2941/3175/2644 2942/3178/2647 2945/3181/2645 2944/3179/2645
f 82/3182/1761 912/3183/1761 2937/3173/2639 1221/3184/2648
f 912/3183/1761 913/3185/1761 2938/3174/2639 2937/3173/2639
f 913/3185/1761 914/3186/981 2939/3177/2642 2938/3174/2639
f 914/3186/981 124/2630/981 1236/2629/2344 2939/3177/2642
f 2939/3177/2642 1236/2629/2344 1237/2628/2343 2942/3178/2643
f 2942/3178/2647 1237/2628/2342 1238/2627/2341 2945/3181/2645
f 2945/3181/2645 1238/2627/2341 182/1763/1681 1263/1762/1680
f 2944/3179/2645 2945/3181/2645 1263/1762/1680 1264/1761/1680
f 2943/3180/2646 2944/3179/2645 1264/1761/1680 1265/1760/1680
f 1223/3187/2649 2943/3180/2646 1265/1760/1680 177/1278/1248
f 1222/3188/2650 2940/3176/2644 2943/3180/2646 1223/3187/2649
f 1221/3184/2648 2937/3173/2639 2940/3176/2641 1222/3188/2651
f 2946/3189/2652 2947/3190/2653 2950/3191/2654 2949/3192/2655
f 2947/3190/2653 2948/3193/2656 2951/3194/2657 2950/3191/2654
f 2949/3192/2655 2950/3191/2654 2953/3195/2658 2952/3196/2659
f 2950/3191/2654 2951/3194/2657 2954/3197/2660 2953/3195/2658
f 64/1503/1647 551/1707/1645 2946/3189/2652 587/1529/2661
f 551/1707/1645 550/1706/1644 2947/3190/2653 2946/3189/2652
f 550/1706/1644 549/1705/1643 2948/3193/2656 2947/3190/2653
f 549/1705/1643 94/1704/1642 725/3130/2605 2948/3193/2656
f 2948/3193/2656 725/3130/2605 724/3132/2605 2951/3194/2657
f 2951/3194/2657 724/3132/2605 723/3131/2605 2954/3197/2660
f 2954/3197/2660 723/3131/2605 178/1677/1620 1266/1676/1619
f 2953/3195/2658 2954/3197/2660 1266/1676/1619 1267/1675/1618
f 2952/3196/2659 2953/3195/2658 1267/1675/1618 1268/1673/1616
f 585/1522/2662 2952/3196/2659 1268/1673/1616 176/1520/1615
f 586/1530/2663 2949/3192/2655 2952/3196/2659 585/1522/2662
f 587/1529/2661 2946/3189/2652 2949/3192/2655 586/1530/2663
f 2955/3198/2664 2956/3199/2665 2959/3200/2666 2958/3201/2667
f 2956/3199/2665 2957/3202/2668 2960/3203/2669 2959/3200/2666
f 2958/3201/2667 2959/3200/2666 2962/3204/2670 2961/3205/2671
f 2959/3200/2666 2960/3203/2669 2963/3206/2672 2962/3204/2670
f 42/1686/889 792/3207/2006 2955/3198/2664 1218/1685/1625
f 792/3207/2006 793/3208/2005 2956/3199/2665 2955/3198/2664
f 793/3208/2005 794/3209/2004 2957/3202/2668 2956/3199/2665
f 794/3209/2004 108/3166/961 1227/3168/2636 2957/3202/2668
f 2957/3202/2668 1227/3168/2636 1228/3172/2638 2960/3203/2669
f 2960/3203/2669 1228/3172/2638 1229/3171/2637 2963/3206/2672
f 2963/3206/2672 1229/3171/2637 179/1525/1493 1269/1524/1492
f 2962/3204/2670 2963/3206/2672 1269/1524/1492 1270/1523/1491
f 2961/3205/2671 2962/3204/2670 1270/1523/1491 1271/1521/1489
f 1220/1674/2673 2961/3205/2671 1271/1521/1489 176/1520/1488
f 1219/1687/1626 2958/3201/2667 2961/3205/2671 1220/1674/2673
f 1218/1685/1625 2955/3198/2664 2958/3201/2667 1219/1687/1626
f 2964/3210/2674 2965/3211/2675 2968/3212/2676 2967/3213/2677
f 2965/3211/2675 2966/3214/2678 2969/3215/2679 2968/3212/2676
f 2967/3213/2680 2968/3212/2681 2971/3216/2682 2970/3217/2683
f 2968/3212/2681 2969/3215/2684 2972/3218/2685 2971/3216/2682
f 47/3219/443 945/3220/2260 2964/3210/2674 584/3221/444
f 945/3220/2260 946/3222/2259 2965/3211/2675 2964/3210/2674
f 946/3222/2259 947/3223/2258 2966/3214/2678 2965/3211/2675
f 947/3223/2258 135/2664/1768 1007/2663/2371 2966/3214/2678
f 2966/3214/2678 1007/2663/2371 1006/2662/2370 2969/3215/2679
f 2969/3215/2684 1006/2662/2369 1005/2661/2368 2972/3218/2685
f 2972/3218/2685 1005/2661/2368 181/1402/1375 1272/1401/1374
f 2971/3216/2682 2972/3218/2685 1272/1401/1374 1273/1400/1373
f 2970/3217/2683 2971/3216/2682 1273/1400/1373 1274/1398/1372
f 582/3224/2686 2970/3217/2687 1274/1398/1369 175/1397/1368
f 583/3225/445 2967/3213/2677 2970/3217/2687 582/3224/2686
f 584/3221/444 2964/3210/2674 2967/3213/2677 583/3225/445
f 2973/3226/2688 2974/3227/2689 2977/3228/2690 2976/3229/2691
f 2974/3227/2689 2975/3230/2692 2978/3231/2693 2977/3228/2690
f 2976/3229/2694 2977/3228/2695 2980/3232/2696 2979/3233/2697
f 2977/3228/2695 2978/3231/2698 2981/3234/2699 2980/3232/2696
f 44/2909/956 648/3235/1764 2973/3226/2688 578/2908/2498
f 648/3235/1764 649/3236/1763 2974/3227/2689 2973/3226/2688
f 649/3236/1763 650/3237/1762 2975/3230/2692 2974/3227/2689
f 650/3237/1762 82/3182/1761 1221/3184/2648 2975/3230/2692
f 2975/3230/2692 1221/3184/2648 1222/3188/2651 2978/3231/2693
f 2978/3231/2698 1222/3188/2650 1223/3187/2649 2981/3234/2699
f 2981/3234/2699 1223/3187/2649 177/1278/1248 1275/1277/1247
f 2980/3232/2696 2981/3234/2699 1275/1277/1247 1276/1276/1246
f 2979/3233/2697 2980/3232/2696 1276/1276/1246 1277/1274/1244
f 576/2898/2700 2979/3233/2697 1277/1274/1244 174/1273/1243
f 577/2910/2701 2976/3229/2694 2979/3233/2697 576/2898/2700
f 578/2908/2498 2973/3226/2688 2976/3229/2691 577/2910/2499
f 2982/3238/2702 2983/3239/2703 2986/3240/2704 2985/3241/2705
f 2983/3239/2703 2984/3242/2706 2987/3243/2707 2986/3240/2708
f 2985/3241/2705 2986/3240/2704 2989/3244/2709 2988/3245/2710
f 2986/3240/2708 2987/3243/2707 2990/3246/2711 2989/3244/2712
f 35/1053/1050 425/1052/1049 2982/3238/2702 437/3247/2713
f 425/1052/1049 424/1051/1048 2983/3239/2703 2982/3238/2702
f 424/1051/1048 423/1050/1047 2984/3242/2706 2983/3239/2703
f 423/1050/1047 21/842/842 1197/869/869 2984/3242/2706
f 2984/3242/2706 1197/869/869 1198/868/868 2987/3243/2707
f 2987/3243/2707 1198/868/868 1199/866/866 2990/3246/2711
f 2990/3246/2711 1199/866/866 169/865/865 1278/1070/1073
f 2989/3244/2712 2990/3246/2711 1278/1070/1073 1279/1069/1072
f 2988/3245/2710 2989/3244/2709 1279/1069/1071 1280/1067/1070
f 435/3248/2714 2988/3245/2710 1280/1067/1067 170/1066/1066
f 436/3249/2715 2985/3241/2705 2988/3245/2710 435/3248/2714
f 437/3247/2713 2982/3238/2702 2985/3241/2705 436/3249/2715
f 2991/3250/2716 2992/3251/2717 2995/3252/2718 2994/3253/2719
f 2992/3251/2717 2993/3254/2720 2996/3255/2721 2995/3252/2718
f 2994/3253/2719 2995/3252/2718 2998/3256/2722 2997/3257/2723
f 2995/3252/2718 2996/3255/2721 2999/3258/2724 2998/3256/2722
f 17/124/123 434/1073/1077 2991/3250/2716 410/975/973
f 434/1073/1077 433/1072/1075 2992/3251/2717 2991/3250/2716
f 433/1072/1075 432/1071/1074 2993/3254/2720 2992/3251/2717
f 432/1071/1074 169/865/865 1281/867/867 2993/3254/2720
f 2993/3254/2720 1281/867/867 1282/875/875 2996/3255/2721
f 2996/3255/2721 1282/875/875 1283/873/873 2999/3258/2724
f 2999/3258/2724 1283/873/873 173/874/874 573/3259/2725
f 2998/3256/2722 2999/3258/2724 573/3259/2725 574/3260/2346
f 2997/3257/2723 2998/3256/2722 574/3260/2346 575/3261/2345
f 408/977/975 2997/3257/2723 575/3261/2345 45/978/976
f 409/976/974 2994/3253/2719 2997/3257/2723 408/977/975
f 410/975/973 2991/3250/2716 2994/3253/2719 409/976/974
f 3000/3262/2726 3001/3263/2727 3004/3264/2728 3003/3265/2729
f 3001/3263/2727 3002/3266/2730 3005/3267/2731 3004/3264/2728
f 3003/3265/2729 3004/3264/2728 3007/3268/2732 3006/3269/2733
f 3004/3264/2728 3005/3267/2731 3008/3270/2734 3007/3268/2732
f 9/2920/2509 1083/2922/2510 3000/3262/2726 1200/3271/2735
f 1083/2922/2510 1084/2926/2512 3001/3263/2727 3000/3262/2726
f 1084/2926/2512 1085/2925/2511 3002/3266/2730 3001/3263/2727
f 1085/2925/2511 157/2110/1917 1169/2996/2538 3002/3266/2730
f 3002/3266/2730 1169/2996/2538 1168/2995/2537 3005/3267/2731
f 3005/3267/2731 1168/2995/2537 1167/2994/2536 3008/3270/2734
f 3008/3270/2734 1167/2994/2536 184/777/767 1284/776/766
f 3007/3268/2732 3008/3270/2734 1284/776/766 1285/775/765
f 3006/3269/2733 3007/3268/2732 1285/775/765 1286/773/763
f 1202/3272/2736 3006/3269/2733 1286/773/763 170/772/762
f 1201/3273/2737 3003/3265/2729 3006/3269/2733 1202/3272/2736
f 1200/3271/2735 3000/3262/2726 3003/3265/2729 1201/3273/2737
f 3009/3274/2738 3010/3275/2739 3013/3276/2740 3012/3277/2741
f 3010/3275/2739 3011/3278/2742 3014/3279/2743 3013/3276/2740
f 3012/3277/2741 3013/3276/2740 3016/3280/2744 3015/3281/2745
f 3013/3276/2740 3014/3279/2743 3017/3282/2746 3016/3280/2744
f 26/498/488 335/658/648 3009/3274/2738 1203/3283/2747
f 335/658/648 334/657/647 3010/3275/2739 3009/3274/2738
f 334/657/647 333/656/646 3011/3278/2742 3010/3275/2739
f 333/656/646 40/655/645 1206/3284/2748 3011/3278/2742
f 3011/3278/2742 1206/3284/2748 1207/3285/2749 3014/3279/2743
f 3014/3279/2743 1207/3285/2749 1208/3286/2750 3017/3282/2746
f 3017/3282/2746 1208/3286/2750 172/671/661 1287/670/660
f 3016/3280/2744 3017/3282/2746 1287/670/660 1288/669/659
f 3015/3281/2745 3016/3280/2744 1288/669/659 1289/668/658
f 1205/3287/2751 3015/3281/2745 1289/668/658 171/444/434
f 1204/3288/2752 3012/3277/2741 3015/3281/2745 1205/3287/2751
f 1203/3283/2747 3009/3274/2738 3012/3277/2741 1204/3288/2752
f 3018/3289/2753 3019/3290/2754 3022/3291/2755 3021/3292/2756
f 3019/3290/2754 3020/3293/2757 3023/3294/2758 3022/3291/2755
f 3021/3292/2756 3022/3291/2755 3025/3295/2759 3024/3296/2760
f 3022/3291/2755 3023/3294/2758 3026/3297/2761 3025/3295/2759
f 26/498/488 1203/3283/2747 3018/3289/2753 363/499/489
f 1203/3283/2747 1204/3288/2752 3019/3290/2754 3018/3289/2753
f 1204/3288/2752 1205/3287/2751 3020/3293/2757 3019/3290/2754
f 1205/3287/2751 171/444/434 1290/446/436 3020/3293/2757
f 3020/3293/2757 1290/446/436 1291/459/449 3023/3294/2758
f 3023/3294/2758 1291/459/449 1292/457/447 3026/3297/2761
f 3026/3297/2761 1292/457/447 175/458/448 1217/3298/2762
f 3025/3295/2759 3026/3297/2761 1217/3298/2762 1216/3299/2763
f 3024/3296/2760 3025/3295/2759 1216/3299/2763 1215/3300/2764
f 365/501/491 3024/3296/2760 1215/3300/2764 54/502/492
f 364/500/490 3021/3292/2756 3024/3296/2760 365/501/491
f 363/499/489 3018/3289/2753 3021/3292/2756 364/500/490
f 3027/3301/2765 3028/3302/2766 3031/3303/2767 3030/3304/2768
f 3028/3302/2766 3029/3305/2769 3032/3306/2770 3031/3303/2767
f 3030/3304/2768 3031/3303/2767 3034/3307/2771 3033/3308/2772
f 3031/3303/2767 3032/3306/2770 3035/3309/2773 3034/3307/2771
f 36/185/184 297/187/186 3027/3301/2765 443/3310/2774
f 297/187/186 298/200/199 3028/3302/2766 3027/3301/2765
f 298/200/199 299/198/197 3029/3305/2769 3028/3302/2766
f 299/198/197 30/199/198 1302/600/590 3029/3305/2769
f 3029/3305/2769 1302/600/590 1303/599/589 3032/3306/2770
f 3032/3306/2770 1303/599/589 1304/597/587 3035/3309/2773
f 3035/3309/2773 1304/597/587 188/596/586 1341/3094/2581
f 3034/3307/2771 3035/3309/2773 1341/3094/2581 1342/3093/2580
f 3033/3308/2772 3034/3307/2771 1342/3093/2580 1343/3091/2578
f 441/3311/2775 3033/3308/2772 1343/3091/2578 187/3090/2577
f 442/3312/2776 3030/3304/2768 3033/3308/2772 441/3311/2775
f 443/3310/2774 3027/3301/2765 3030/3304/2768 442/3312/2776
f 3036/3313/2777 3037/3314/2778 3040/3315/2778 3039/3316/2777
f 3037/3314/2778 3038/3317/2779 3041/3318/2779 3040/3315/2778
f 3039/3316/2777 3040/3315/2778 3043/3319/2778 3042/3320/2777
f 3040/3315/2778 3041/3318/2779 3044/3321/2779 3043/3319/2778
f 148/1433/1398 1335/3322/2780 3036/3313/2777 1058/2400/2139
f 1335/3322/2780 1336/3323/2781 3037/3314/2778 3036/3313/2777
f 1336/3323/2781 1337/3324/2782 3038/3317/2779 3037/3314/2778
f 1337/3324/2782 199/792/782 1344/2385/2135 3038/3317/2779
f 3038/3317/2779 1344/2385/2135 1345/2390/2135 3041/3318/2779
f 3041/3318/2779 1345/2390/2135 1346/2389/2135 3044/3321/2779
f 3044/3321/2779 1346/2389/2135 195/1109/1110 1325/3325/2783
f 3043/3319/2778 3044/3321/2779 1325/3325/2783 1324/3326/2784
f 3042/3320/2777 3043/3319/2778 1324/3326/2784 1323/3327/2785
f 1056/2402/2139 3042/3320/2777 1323/3327/2785 110/2214/1988
f 1057/2401/2139 3039/3316/2777 3042/3320/2777 1056/2402/2139
f 1058/2400/2139 3036/3313/2777 3039/3316/2777 1057/2401/2139
f 3045/3328/2786 3046/3329/2787 3049/3330/2788 3048/3331/2789
f 3046/3329/2787 3047/3332/2790 3050/3333/2791 3049/3330/2788
f 3048/3331/2789 3049/3330/2788 3052/3334/2792 3051/3335/2793
f 3049/3330/2788 3050/3333/2791 3053/3336/2794 3052/3334/2792
f 103/210/203 336/692/682 3045/3328/2786 1326/1418/1385
f 336/692/682 337/691/681 3046/3329/2787 3045/3328/2786
f 337/691/681 338/689/679 3047/3332/2790 3046/3329/2787
f 338/689/679 36/688/678 443/3337/2795 3047/3332/2790
f 3047/3332/2790 443/3337/2795 442/3338/2796 3050/3333/2791
f 3050/3333/2791 442/3338/2796 441/3339/2797 3053/3336/2794
f 3053/3336/2794 441/3339/2797 187/1857/1735 1347/1856/1734
f 3052/3334/2792 3053/3336/2794 1347/1856/1734 1348/1855/1733
f 3051/3335/2793 3052/3334/2792 1348/1855/1733 1349/1853/1731
f 1328/1420/1387 3051/3335/2793 1349/1853/1731 196/1422/1388
f 1327/1419/1386 3048/3331/2789 3051/3335/2793 1328/1420/1387
f 1326/1418/1385 3045/3328/2786 3048/3331/2789 1327/1419/1386
f 3054/3340/2798 3055/3341/2799 3058/3342/2800 3057/3343/2801
f 3055/3341/2799 3056/3344/2802 3059/3345/2803 3058/3342/2800
f 3057/3343/2801 3058/3342/2800 3061/3346/2804 3060/3347/2805
f 3058/3342/2800 3059/3345/2803 3062/3348/2806 3061/3346/2804
f 125/1183/1161 474/1185/1162 3054/3340/2798 1329/3349/2807
f 474/1185/1162 475/1198/1176 3055/3341/2799 3054/3340/2798
f 475/1198/1176 476/1196/1177 3056/3344/2802 3055/3341/2799
f 476/1196/1174 53/1197/1175 1308/3350/2808 3056/3344/2809
f 3056/3344/2809 1308/3350/2808 1309/3351/2810 3059/3345/2811
f 3059/3345/2811 1309/3351/2810 1310/3352/2812 3062/3348/2813
f 3062/3348/2813 1310/3352/2812 190/1836/1716 1350/1835/1715
f 3061/3346/2804 3062/3348/2806 1350/1835/1714 1351/1834/1713
f 3060/3347/2805 3061/3346/2804 1351/1834/1713 1352/1833/1712
f 1331/3353/2807 3060/3347/2805 1352/1833/1712 197/1085/1091
f 1330/3354/2807 3057/3343/2801 3060/3347/2805 1331/3353/2807
f 1329/3349/2807 3054/3340/2798 3057/3343/2801 1330/3354/2807
f 3063/3355/2814 3064/3356/2815 3067/3357/2815 3066/3358/2814
f 3064/3356/2816 3065/3359/2817 3068/3360/2817 3067/3357/2816
f 3066/3358/2814 3067/3357/2815 3070/3361/1276 3069/3362/2818
f 3067/3357/2816 3068/3360/2817 3071/3363/2817 3070/3361/2819
f 123/3364/521 1332/3365/2820 3063/3355/2814 911/3366/521
f 1332/3365/2820 1333/3367/2821 3064/3356/2815 3063/3355/2814
f 1333/3367/2822 1334/3368/2823 3065/3359/2817 3064/3356/2816
f 1334/3368/2823 198/1159/1134 1353/1745/1678 3065/3359/2817
f 3065/3359/2817 1353/1745/1678 1354/1750/1678 3068/3360/2817
f 3068/3360/2817 1354/1750/1678 1355/1749/1678 3071/3363/2817
f 3071/3363/2817 1355/1749/1678 194/1293/1264 720/1295/1266
f 3070/3361/2819 3071/3363/2817 720/1295/1266 721/1303/1277
f 3069/3362/2818 3070/3361/1276 721/1303/1276 722/1301/1275
f 909/3369/521 3069/3362/2818 722/1301/1275 81/1302/521
f 910/3370/521 3066/3358/2814 3069/3362/2818 909/3369/521
f 911/3366/521 3063/3355/2814 3066/3358/2814 910/3370/521
f 3072/3371/2824 3073/3372/2825 3076/3373/2825 3075/3374/2824
f 3073/3372/2825 3074/3375/2826 3077/3376/2826 3076/3373/2825
f 3075/3374/2824 3076/3373/2825 3079/3377/2825 3078/3378/2824
f 3076/3373/2825 3077/3376/2826 3080/3379/2826 3079/3377/2825
f 146/2467/2193 1338/3380/2827 3072/3371/2824 1052/2468/2194
f 1338/3380/2827 1339/3381/2828 3073/3372/2825 3072/3371/2824
f 1339/3381/2828 1340/3382/2829 3074/3375/2826 3073/3372/2825
f 1340/3382/2829 200/420/410 1356/1417/1384 3074/3375/2826
f 3074/3375/2826 1356/1417/1384 1357/1423/1384 3077/3376/2826
f 3077/3376/2826 1357/1423/1384 1358/1421/1384 3080/3379/2826
f 3080/3379/2826 1358/1421/1384 196/1422/1388 882/1854/1732
f 3079/3377/2825 3080/3379/2826 882/1854/1732 883/1862/1740
f 3078/3378/2824 3079/3377/2825 883/1862/1740 884/1861/1739
f 1050/2470/2194 3078/3378/2824 884/1861/1739 101/40/41
f 1051/2469/2194 3075/3374/2824 3078/3378/2824 1050/2470/2194
f 1052/2468/2194 3072/3371/2824 3075/3374/2824 1051/2469/2194
f 3081/3383/2830 3082/3384/2831 3085/3385/2832 3084/3386/2833
f 3082/3384/2831 3083/3387/2834 3086/3388/2835 3085/3385/2832
f 3084/3386/2833 3085/3385/2832 3088/3389/2836 3087/3390/2837
f 3085/3385/2832 3086/3388/2835 3089/3391/2838 3088/3389/2836
f 90/1134/1122 525/1317/1291 3081/3383/2830 1320/1746/1679
f 525/1317/1291 526/1316/1290 3082/3384/2831 3081/3383/2830
f 526/1316/1290 527/1314/1288 3083/3387/2834 3082/3384/2831
f 527/1314/1288 68/1313/1287 1314/3392/2839 3083/3387/2834
f 3083/3387/2834 1314/3392/2839 1315/3393/2840 3086/3388/2835
f 3086/3388/2835 1315/3393/2840 1316/3394/2841 3089/3391/2838
f 3089/3391/2838 1316/3394/2841 192/1123/1269 1359/1297/1268
f 3088/3389/2836 3089/3391/2838 1359/1297/1268 1360/1296/1267
f 3087/3390/2837 3088/3389/2836 1360/1296/1267 1361/1294/1265
f 1322/1748/1679 3087/3390/2837 1361/1294/1265 194/1293/1264
f 1321/1747/1679 3084/3386/2833 3087/3390/2837 1322/1748/1679
f 1320/1746/1679 3081/3383/2830 3084/3386/2833 1321/1747/1679
f 3090/3395/2842 3091/3396/2843 3094/3397/2844 3093/3398/2845
f 3091/3396/2843 3092/3399/2846 3095/3400/2847 3094/3397/2844
f 3093/3398/2848 3094/3397/2849 3097/3401/2850 3096/3402/2851
f 3094/3397/2849 3095/3400/2852 3098/3403/2853 3097/3401/2850
f 123/3364/521 456/3404/519 3090/3395/2842 1332/3365/2820
f 456/3404/519 457/3405/518 3091/3396/2843 3090/3395/2842
f 457/3405/518 458/3406/517 3092/3399/2846 3091/3396/2843
f 458/3406/517 48/3407/516 581/3408/2854 3092/3399/2846
f 3092/3399/2846 581/3408/2854 580/3409/2855 3095/3400/2847
f 3095/3400/2847 580/3409/2855 579/3410/2856 3098/3403/2857
f 3098/3403/2857 579/3410/2856 191/1164/1140 1362/1163/1139
f 3097/3401/2850 3098/3403/2853 1362/1163/1138 1363/1162/1137
f 3096/3402/2851 3097/3401/2850 1363/1162/1137 1364/1160/1135
f 1334/3368/2823 3096/3402/2851 1364/1160/1135 198/1159/1134
f 1333/3367/2822 3093/3398/2848 3096/3402/2851 1334/3368/2823
f 1332/3365/2820 3090/3395/2842 3093/3398/2845 1333/3367/2821
f 3099/3411/2858 3100/3412/2859 3103/3413/2860 3102/3414/2861
f 3100/3412/2859 3101/3415/2862 3104/3416/2863 3103/3413/2860
f 3102/3414/2861 3103/3413/2860 3106/3417/2864 3105/3418/2865
f 3103/3413/2860 3104/3416/2863 3107/3419/2866 3106/3417/2864
f 110/2214/1988 1323/3327/2785 3099/3411/2858 800/2213/1987
f 1323/3327/2785 1324/3326/2784 3100/3412/2859 3099/3411/2858
f 1324/3326/2784 1325/3325/2783 3101/3415/2862 3100/3412/2859
f 1325/3325/2783 195/1109/1110 1365/1111/1112 3101/3415/2862
f 3101/3415/2862 1365/1111/1112 1366/1124/1120 3104/3416/2863
f 3104/3416/2863 1366/1124/1120 1367/1122/1118 3107/3419/2866
f 3107/3419/2866 1367/1122/1118 192/1123/1119 1316/3394/2867
f 3106/3417/2864 3107/3419/2866 1316/3394/2867 1315/3393/2868
f 3105/3418/2865 3106/3417/2864 1315/3393/2868 1314/3392/2869
f 798/2209/1981 3105/3418/2865 1314/3392/2869 68/1313/1979
f 799/2215/1989 3102/3414/2861 3105/3418/2865 798/2209/1981
f 800/2213/1987 3099/3411/2858 3102/3414/2861 799/2215/1989
f 3108/3420/1499 3109/3421/1499 3112/3422/1499 3111/3423/1499
f 3109/3421/1499 3110/3424/1499 3113/3425/1499 3112/3422/1499
f 3111/3423/1499 3112/3422/1499 3115/3426/1499 3114/3427/1499
f 3112/3422/1499 3113/3425/1499 3116/3428/1499 3115/3426/1499
f 125/1183/1161 1329/3349/2807 3108/3420/1499 917/1540/1499
f 1329/3349/2807 1330/3354/2807 3109/3421/1499 3108/3420/1499
f 1330/3354/2807 1331/3353/2807 3110/3424/1499 3109/3421/1499
f 1331/3353/2807 197/1085/1091 1368/1087/1093 3110/3424/1499
f 3110/3424/1499 1368/1087/1093 1369/1099/1093 3113/3425/1499
f 3113/3425/1499 1369/1099/1093 1370/1098/1093 3116/3428/1499
f 3116/3428/1499 1370/1098/1093 193/930/929 714/932/931
f 3115/3426/1499 3116/3428/1499 714/932/931 715/944/942
f 3114/3427/1499 3115/3426/1499 715/944/942 716/942/942
f 915/1542/1499 3114/3427/1499 716/942/942 85/943/942
f 916/1541/1499 3111/3423/1499 3114/3427/1499 915/1542/1499
f 917/1540/1499 3108/3420/1499 3111/3423/1499 916/1541/1499
f 3117/3429/2870 3118/3430/2871 3121/3431/2872 3120/3432/2873
f 3118/3430/2871 3119/3433/2874 3122/3434/2875 3121/3431/2872
f 3120/3432/2876 3121/3431/2877 3124/3435/2878 3123/3436/2879
f 3121/3431/2877 3122/3434/2880 3125/3437/2881 3124/3435/2878
f 83/1094/1004 462/3438/1002 3117/3429/2870 1317/1095/1097
f 462/3438/1002 463/3439/1001 3118/3430/2871 3117/3429/2870
f 463/3439/1001 464/3440/1000 3119/3433/2874 3118/3430/2871
f 464/3440/1000 43/801/791 1305/800/790 3119/3433/2874
f 3119/3433/2874 1305/800/790 1306/799/789 3122/3434/2875
f 3122/3434/2880 1306/799/2882 1307/798/2883 3125/3437/2881
f 3125/3437/2881 1307/798/2883 189/797/934 1371/934/933
f 3124/3435/2878 3125/3437/2881 1371/934/933 1372/933/932
f 3123/3436/2879 3124/3435/2878 1372/933/932 1373/931/930
f 1319/1097/1100 3123/3436/2879 1373/931/930 193/930/929
f 1318/1096/1099 3120/3432/2876 3123/3436/2879 1319/1097/1100
f 1317/1095/1097 3117/3429/2870 3120/3432/2873 1318/1096/1098
f 3126/3441/2884 3127/3442/2885 3130/3443/2886 3129/3444/2887
f 3127/3442/2885 3128/3445/2888 3131/3446/2889 3130/3443/2890
f 3129/3444/2887 3130/3443/2886 3133/3447/2891 3132/3448/2892
f 3130/3443/2890 3131/3446/2889 3134/3449/2893 3133/3447/2894
f 25/290/279 411/400/390 3126/3441/2884 1293/3450/2895
f 411/400/390 412/410/400 3127/3442/2885 3126/3441/2884
f 412/410/400 413/408/398 3128/3445/2888 3127/3442/2885
f 413/408/398 31/409/399 1296/3451/2896 3128/3445/2888
f 3128/3445/2888 1296/3451/2896 1297/3452/2897 3131/3446/2889
f 3131/3446/2889 1297/3452/2897 1298/3453/2898 3134/3449/2893
f 3134/3449/2893 1298/3453/2898 186/820/815 1374/819/814
f 3133/3447/2894 3134/3449/2893 1374/819/813 1375/818/812
f 3132/3448/2892 3133/3447/2891 1375/818/811 1376/817/810
f 1295/3454/2899 3132/3448/2892 1376/817/810 185/572/562
f 1294/3455/2900 3129/3444/2887 3132/3448/2892 1295/3454/2899
f 1293/3450/2895 3126/3441/2884 3129/3444/2887 1294/3455/2900
f 3135/3456/2901 3136/3457/2902 3139/3458/2903 3138/3459/2904
f 3136/3457/2902 3137/3460/2905 3140/3461/2906 3139/3458/2903
f 3138/3459/2904 3139/3458/2903 3142/3462/2907 3141/3463/2908
f 3139/3458/2903 3140/3461/2906 3143/3464/2909 3142/3462/2907
f 148/1433/1398 552/1435/1400 3135/3456/2901 1335/3322/2780
f 552/1435/1400 553/1446/1413 3136/3457/2902 3135/3456/2901
f 553/1446/1413 554/1445/1411 3137/3460/2905 3136/3457/2902
f 554/1445/1411 59/938/1412 569/937/2910 3137/3460/2905
f 3137/3460/2905 569/937/2910 568/936/2911 3140/3461/2906
f 3140/3461/2906 568/936/2911 567/935/2912 3143/3464/2909
f 3143/3464/2909 567/935/2912 189/797/787 1377/796/786
f 3142/3462/2907 3143/3464/2909 1377/796/786 1378/795/785
f 3141/3463/2908 3142/3462/2907 1378/795/785 1379/793/783
f 1337/3324/2782 3141/3463/2908 1379/793/783 199/792/782
f 1336/3323/2781 3138/3459/2904 3141/3463/2908 1337/3324/2782
f 1335/3322/2780 3135/3456/2901 3138/3459/2904 1336/3323/2781
f 3144/3465/2913 3145/3466/2914 3148/3467/2915 3147/3468/2916
f 3145/3466/2914 3146/3469/2917 3149/3470/2918 3148/3467/2915
f 3147/3468/2916 3148/3467/2915 3151/3471/2919 3150/3472/2920
f 3148/3467/2915 3149/3470/2918 3152/3473/2921 3151/3471/2919
f 20/99/98 446/3097/2584 3144/3465/2913 374/523/513
f 446/3097/2584 445/3096/2583 3145/3466/2914 3144/3465/2913
f 445/3096/2583 444/3095/2582 3146/3469/2917 3145/3466/2914
f 444/3095/2582 188/596/586 1380/598/588 3146/3469/2917
f 3146/3469/2917 1380/598/588 1381/610/600 3149/3470/2918
f 3149/3470/2918 1381/610/600 1382/608/598 3152/3473/2921
f 3152/3473/2921 1382/608/598 191/609/599 579/3474/2922
f 3151/3471/2919 3152/3473/2921 579/3474/2922 580/3475/2855
f 3150/3472/2920 3151/3471/2919 580/3475/2855 581/3476/2854
f 372/525/515 3150/3472/2920 581/3476/2854 48/526/516
f 373/524/514 3147/3468/2916 3150/3472/2920 372/525/515
f 374/523/513 3144/3465/2913 3147/3468/2916 373/524/514
f 3153/3477/2923 3154/3478/2924 3157/3479/2925 3156/3480/2926
f 3154/3478/2924 3155/3481/2927 3158/3482/2928 3157/3479/2925
f 3156/3480/2926 3157/3479/2925 3160/3483/2929 3159/3484/2930
f 3157/3479/2925 3158/3482/2928 3161/3485/2931 3160/3483/2929
f 25/290/279 1293/3450/2895 3153/3477/2923 368/291/280
f 1293/3450/2895 1294/3455/2900 3154/3478/2924 3153/3477/2923
f 1294/3455/2900 1295/3454/2899 3155/3481/2927 3154/3478/2924
f 1295/3454/2899 185/572/562 1383/574/564 3155/3481/2927
f 3155/3481/2927 1383/574/564 1384/586/576 3158/3482/2928
f 3158/3482/2928 1384/586/576 1385/584/574 3161/3485/2931
f 3161/3485/2931 1385/584/574 190/585/575 1310/3486/2932
f 3160/3483/2929 3161/3485/2931 1310/3486/2932 1309/3487/2933
f 3159/3484/2930 3160/3483/2929 1309/3487/2933 1308/3488/2934
f 366/293/282 3159/3484/2930 1308/3488/2934 53/294/283
f 367/292/281 3156/3480/2926 3159/3484/2930 366/293/282
f 368/291/280 3153/3477/2923 3156/3480/2926 367/292/281
f 3162/3489/2935 3163/3490/2936 3166/3491/2937 3165/3492/2938
f 3163/3490/2936 3164/3493/2939 3167/3494/2940 3166/3491/2937
f 3165/3492/2938 3166/3491/2937 3169/3495/2941 3168/3496/2942
f 3166/3491/2937 3167/3494/2940 3170/3497/2943 3169/3495/2941
f 146/2467/2193 252/2817/2408 3162/3489/2935 1338/3380/2827
f 252/2817/2408 253/2816/2407 3163/3490/2936 3162/3489/2935
f 253/2816/2407 254/2815/2406 3164/3493/2939 3163/3490/2936
f 254/2815/2406 10/2814/2405 440/3498/2944 3164/3493/2939
f 3164/3493/2939 440/3498/2944 439/3499/2945 3167/3494/2940
f 3167/3494/2940 439/3499/2945 438/3500/2946 3170/3497/2943
f 3170/3497/2943 438/3500/2946 186/425/415 1386/424/414
f 3169/3495/2941 3170/3497/2943 1386/424/414 1387/423/413
f 3168/3496/2942 3169/3495/2941 1387/423/413 1388/421/411
f 1340/3382/2829 3168/3496/2942 1388/421/411 200/420/410
f 1339/3381/2828 3165/3492/2938 3168/3496/2942 1340/3382/2829
f 1338/3380/2827 3162/3489/2935 3165/3492/2938 1339/3381/2828
