# Blender 5.0.0
# www.blender.org
mtllib Untitled.mtl
o Desktop
v 5.918957 0.015213 2.822787
v 5.930551 0.015213 2.822787
v 5.930551 0.018952 2.822787
v 5.930551 0.022690 2.822787
v 5.930551 0.022690 2.830769
v 5.930551 0.022690 2.838751
v 5.918957 0.022690 2.838751
v 5.907361 0.022690 2.838751
v 5.907361 0.018952 2.838751
v 5.907361 0.015213 2.838751
v 5.907361 0.015213 2.830769
v 5.907361 0.015213 2.822787
v 5.930551 5.315608 2.822787
v 5.930551 5.319347 2.822787
v 5.918957 5.319347 2.822787
v 5.907361 5.319347 2.822787
v 5.907361 5.319347 2.830769
v 5.907361 5.319347 2.838751
v 5.907361 5.315608 2.838751
v 5.907361 5.311870 2.838751
v 5.918957 5.311870 2.838751
v 5.930551 5.311870 2.838751
v 5.930551 5.311870 2.830769
v 5.930551 5.311870 2.822787
v 5.544020 0.018952 2.822787
v 5.544020 0.015213 2.822787
v 5.555615 0.015213 2.822787
v 5.567210 0.015213 2.822787
v 5.567210 0.015213 2.830769
v 5.567210 0.015213 2.838751
v 5.567210 0.018952 2.838751
v 5.567210 0.022690 2.838751
v 5.555615 0.022690 2.838751
v 5.544020 0.022690 2.838751
v 5.544020 0.022690 2.830769
v 5.544020 0.022690 2.822787
v 5.555615 5.319347 2.822787
v 5.544020 5.319347 2.822787
v 5.544020 5.315608 2.822787
v 5.544020 5.311870 2.822787
v 5.544020 5.311870 2.830769
v 5.544020 5.311870 2.838751
v 5.555615 5.311870 2.838751
v 5.567210 5.311870 2.838751
v 5.567210 5.315608 2.838751
v 5.567210 5.319347 2.838751
v 5.567210 5.319347 2.830769
v 5.567210 5.319347 2.822787
v 5.567210 0.018952 -2.838751
v 5.567210 0.015213 -2.838751
v 5.567210 0.015213 -2.830769
v 5.567210 0.015213 -2.822787
v 5.555615 0.015213 -2.822787
v 5.544020 0.015213 -2.822787
v 5.544020 0.018952 -2.822787
v 5.544020 0.022690 -2.822787
v 5.544020 0.022690 -2.830769
v 5.544020 0.022690 -2.838751
v 5.555615 0.022690 -2.838751
v 5.567210 0.022690 -2.838751
v 5.567210 5.319347 -2.830770
v 5.567210 5.319347 -2.838752
v 5.567210 5.315608 -2.838752
v 5.567210 5.311870 -2.838752
v 5.555615 5.311870 -2.838752
v 5.544020 5.311870 -2.838752
v 5.544020 5.311870 -2.830770
v 5.544020 5.311870 -2.822788
v 5.544020 5.315608 -2.822788
v 5.544020 5.319347 -2.822788
v 5.555615 5.319347 -2.822788
v 5.567210 5.319347 -2.822788
v 5.930551 0.018952 -2.822787
v 5.930551 0.015213 -2.822787
v 5.918957 0.015213 -2.822787
v 5.907361 0.015213 -2.822787
v 5.907361 0.015213 -2.830769
v 5.907361 0.015213 -2.838751
v 5.907361 0.018952 -2.838751
v 5.907361 0.022690 -2.838751
v 5.918957 0.022690 -2.838751
v 5.930551 0.022690 -2.838751
v 5.930551 0.022690 -2.830769
v 5.930551 0.022690 -2.822787
v 5.918957 5.319347 -2.822788
v 5.930551 5.319347 -2.822788
v 5.930551 5.315608 -2.822788
v 5.930551 5.311870 -2.822788
v 5.930551 5.311870 -2.830770
v 5.930551 5.311870 -2.838752
v 5.918957 5.311870 -2.838752
v 5.907361 5.311870 -2.838752
v 5.907361 5.315608 -2.838752
v 5.907361 5.319347 -2.838752
v 5.907361 5.319347 -2.830770
v 5.907361 5.319347 -2.822788
v 5.918957 0.015213 2.830769
v 5.930551 0.015213 2.830769
v 5.930551 0.018952 2.830769
v 5.930551 0.018952 2.838751
v 5.918957 0.018952 2.838751
v 5.918957 0.015213 2.838751
v 5.930551 0.015213 2.838751
v 5.930551 5.315608 2.830769
v 5.930551 5.319347 2.830769
v 5.918957 5.319347 2.830769
v 5.918957 5.319347 2.838751
v 5.918957 5.315608 2.838751
v 5.930551 5.315608 2.838751
v 5.930551 5.319347 2.838751
v 5.544020 0.018952 2.830769
v 5.544020 0.015213 2.830769
v 5.555615 0.015213 2.830769
v 5.555615 0.015213 2.838751
v 5.555615 0.018952 2.838751
v 5.544020 0.018952 2.838751
v 5.544020 0.015213 2.838751
v 5.555615 5.319347 2.830769
v 5.544020 5.319347 2.830769
v 5.544020 5.315608 2.830769
v 5.544020 5.315608 2.838751
v 5.555615 5.315608 2.838751
v 5.555615 5.319347 2.838751
v 5.544020 5.319347 2.838751
v 5.555615 0.018952 -2.838751
v 5.555615 0.015213 -2.838751
v 5.555615 0.015213 -2.830769
v 5.544020 0.015213 -2.830769
v 5.544020 0.018952 -2.830769
v 5.544020 0.018952 -2.838751
v 5.544020 0.015213 -2.838751
v 5.555615 5.319347 -2.830770
v 5.555615 5.319347 -2.838752
v 5.555615 5.315608 -2.838752
v 5.544020 5.315608 -2.838752
v 5.544020 5.315608 -2.830770
v 5.544020 5.319347 -2.830770
v 5.544020 5.319347 -2.838752
v 5.930551 0.018952 -2.830769
v 5.930551 0.015213 -2.830769
v 5.918957 0.015213 -2.830769
v 5.918957 0.015213 -2.838751
v 5.918957 0.018952 -2.838751
v 5.930551 0.018952 -2.838751
v 5.930551 0.015213 -2.838751
v 5.918957 5.319347 -2.830770
v 5.930551 5.319347 -2.830770
v 5.930551 5.315608 -2.830770
v 5.930551 5.315608 -2.838752
v 5.918957 5.315608 -2.838752
v 5.918957 5.319347 -2.838752
v 5.930551 5.319347 -2.838752
v 5.918957 3.196198 2.838751
v 5.930551 3.196198 2.838751
v 5.930551 3.196198 2.830769
v 5.930551 3.196198 2.822787
v 5.930551 3.196198 -2.822787
v 5.930551 3.196198 -2.830769
v 5.930551 3.196198 -2.838751
v 5.918957 3.196198 -2.838751
v 5.907361 3.196198 -2.838751
v 5.567210 3.196198 -2.838751
v 5.555615 3.196198 -2.838751
v 5.544020 3.196198 -2.838751
v 5.544020 3.196198 -2.830769
v 5.544020 3.196198 -2.822787
v 5.544020 3.196198 2.822787
v 5.544020 3.196198 2.830769
v 5.544020 3.196198 2.838751
v 5.555615 3.196198 2.838751
v 5.567210 3.196198 2.838751
v 5.907361 3.196198 2.838751
v 5.907362 4.465601 2.838751
v 5.567210 4.465601 2.838751
v 5.555615 4.465601 2.838751
v 5.544020 4.465601 2.838751
v 5.544020 4.465601 2.830769
v 5.544020 4.465601 2.822787
v 5.544020 4.465601 -2.822787
v 5.544020 4.465601 -2.830769
v 5.544020 4.465601 -2.838751
v 5.555615 4.465601 -2.838751
v 5.567210 4.465601 -2.838751
v 5.907362 4.465601 -2.838751
v 5.918957 4.465601 -2.838751
v 5.930552 4.465601 -2.838751
v 5.930552 4.465601 -2.830769
v 5.930552 4.465601 -2.822787
v 5.930552 4.465601 2.822787
v 5.930552 4.465601 2.830769
v 5.930552 4.465601 2.838751
v 5.918957 4.465601 2.838751
v 5.918958 1.926795 2.838751
v 5.930552 1.926795 2.838751
v 5.930552 1.926795 2.830769
v 5.930552 1.926795 2.822787
v 5.930551 1.926795 -2.822787
v 5.930552 1.926795 -2.830769
v 5.930552 1.926795 -2.838751
v 5.918958 1.926795 -2.838751
v 5.907361 1.926795 -2.838751
v 5.567210 1.926795 -2.838751
v 5.555615 1.926795 -2.838751
v 5.544020 1.926795 -2.838751
v 5.544020 1.926795 -2.830769
v 5.544020 1.926795 -2.822787
v 5.544020 1.926795 2.822787
v 5.544020 1.926795 2.830769
v 5.544020 1.926795 2.838751
v 5.555615 1.926795 2.838751
v 5.567210 1.926795 2.838751
v 5.907361 1.926795 2.838751
v 5.930551 0.018952 1.693672
v 5.930551 0.015213 1.693672
v 5.918957 0.015213 1.693672
v 5.907361 0.015213 1.693672
v 5.567210 0.015213 1.693672
v 5.555615 0.015213 1.693672
v 5.544020 0.015213 1.693672
v 5.544020 0.018952 1.693672
v 5.544020 0.022690 1.693672
v 5.544020 1.926795 1.693672
v 5.544020 3.196198 1.693672
v 5.544020 4.465601 1.693672
v 5.544020 5.311870 1.693672
v 5.544020 5.315609 1.693672
v 5.544020 5.319347 1.693672
v 5.555615 5.319347 1.693672
v 5.567210 5.319347 1.693672
v 5.907361 5.319347 1.693672
v 5.918957 5.319347 1.693672
v 5.930551 5.319347 1.693672
v 5.930551 5.315609 1.693672
v 5.930551 5.311870 1.693672
v 5.930552 4.465601 1.693672
v 5.930551 3.196198 1.693672
v 5.930552 1.926795 1.693672
v 5.930551 0.022690 1.693672
v 5.930551 0.022690 -1.919495
v 5.930551 1.926795 -1.919495
v 5.930551 3.196198 -1.919495
v 5.930552 4.465601 -1.919495
v 5.930551 5.311870 -1.919495
v 5.930551 5.315609 -1.919495
v 5.930551 5.319347 -1.919495
v 5.918957 5.319347 -1.919495
v 5.907361 5.319347 -1.919495
v 5.567210 5.319347 -1.919495
v 5.555615 5.319347 -1.919495
v 5.544020 5.319347 -1.919495
v 5.544020 5.315609 -1.919495
v 5.544020 5.311870 -1.919495
v 5.544020 4.465601 -1.919495
v 5.544020 3.196198 -1.919495
v 5.544020 1.926795 -1.919495
v 5.544020 0.022690 -1.919495
v 5.544020 0.018952 -1.919495
v 5.544020 0.015213 -1.919495
v 5.555615 0.015213 -1.919495
v 5.567210 0.015213 -1.919495
v 5.907361 0.015213 -1.919495
v 5.918957 0.015213 -1.919495
v 5.930551 0.015213 -1.919495
v 5.930551 0.018952 -1.919495
v -5.918957 0.015213 2.822787
v -5.930551 0.015213 2.822787
v -5.930551 0.018952 2.822787
v -5.930551 0.022690 2.822787
v -5.930551 0.022690 2.830769
v -5.930551 0.022690 2.838751
v -5.918957 0.022690 2.838751
v -5.907361 0.022690 2.838751
v -5.907361 0.018952 2.838751
v -5.907361 0.015213 2.838751
v -5.907361 0.015213 2.830769
v -5.907361 0.015213 2.822787
v -5.930551 5.315608 2.822787
v -5.930551 5.319347 2.822787
v -5.918957 5.319347 2.822787
v -5.907361 5.319347 2.822787
v -5.907361 5.319347 2.830769
v -5.907361 5.319347 2.838751
v -5.907361 5.315608 2.838751
v -5.907361 5.311870 2.838751
v -5.918957 5.311870 2.838751
v -5.930551 5.311870 2.838751
v -5.930551 5.311870 2.830769
v -5.930551 5.311870 2.822787
v -5.544020 0.018952 2.822787
v -5.544020 0.015213 2.822787
v -5.555615 0.015213 2.822787
v -5.567210 0.015213 2.822787
v -5.567210 0.015213 2.830769
v -5.567210 0.015213 2.838751
v -5.567210 0.018952 2.838751
v -5.567210 0.022690 2.838751
v -5.555615 0.022690 2.838751
v -5.544020 0.022690 2.838751
v -5.544020 0.022690 2.830769
v -5.544020 0.022690 2.822787
v -5.555615 5.319347 2.822787
v -5.544020 5.319347 2.822787
v -5.544020 5.315608 2.822787
v -5.544020 5.311870 2.822787
v -5.544020 5.311870 2.830769
v -5.544020 5.311870 2.838751
v -5.555615 5.311870 2.838751
v -5.567210 5.311870 2.838751
v -5.567210 5.315608 2.838751
v -5.567210 5.319347 2.838751
v -5.567210 5.319347 2.830769
v -5.567210 5.319347 2.822787
v -5.567210 0.018952 -2.838751
v -5.567210 0.015213 -2.838751
v -5.567210 0.015213 -2.830769
v -5.567210 0.015213 -2.822787
v -5.555615 0.015213 -2.822787
v -5.544020 0.015213 -2.822787
v -5.544020 0.018952 -2.822787
v -5.544020 0.022690 -2.822787
v -5.544020 0.022690 -2.830769
v -5.544020 0.022690 -2.838751
v -5.555615 0.022690 -2.838751
v -5.567210 0.022690 -2.838751
v -5.567210 5.319347 -2.830770
v -5.567210 5.319347 -2.838752
v -5.567210 5.315608 -2.838752
v -5.567210 5.311870 -2.838752
v -5.555615 5.311870 -2.838752
v -5.544020 5.311870 -2.838752
v -5.544020 5.311870 -2.830770
v -5.544020 5.311870 -2.822788
v -5.544020 5.315608 -2.822788
v -5.544020 5.319347 -2.822788
v -5.555615 5.319347 -2.822788
v -5.567210 5.319347 -2.822788
v -5.930551 0.018952 -2.822787
v -5.930551 0.015213 -2.822787
v -5.918957 0.015213 -2.822787
v -5.907361 0.015213 -2.822787
v -5.907361 0.015213 -2.830769
v -5.907361 0.015213 -2.838751
v -5.907361 0.018952 -2.838751
v -5.907361 0.022690 -2.838751
v -5.918957 0.022690 -2.838751
v -5.930551 0.022690 -2.838751
v -5.930551 0.022690 -2.830769
v -5.930551 0.022690 -2.822787
v -5.918957 5.319347 -2.822788
v -5.930551 5.319347 -2.822788
v -5.930551 5.315608 -2.822788
v -5.930551 5.311870 -2.822788
v -5.930551 5.311870 -2.830770
v -5.930551 5.311870 -2.838752
v -5.918957 5.311870 -2.838752
v -5.907361 5.311870 -2.838752
v -5.907361 5.315608 -2.838752
v -5.907361 5.319347 -2.838752
v -5.907361 5.319347 -2.830770
v -5.907361 5.319347 -2.822788
v -5.918957 0.015213 2.830769
v -5.930551 0.015213 2.830769
v -5.930551 0.018952 2.830769
v -5.930551 0.018952 2.838751
v -5.918957 0.018952 2.838751
v -5.918957 0.015213 2.838751
v -5.930551 0.015213 2.838751
v -5.930551 5.315608 2.830769
v -5.930551 5.319347 2.830769
v -5.918957 5.319347 2.830769
v -5.918957 5.319347 2.838751
v -5.918957 5.315608 2.838751
v -5.930551 5.315608 2.838751
v -5.930551 5.319347 2.838751
v -5.544020 0.018952 2.830769
v -5.544020 0.015213 2.830769
v -5.555615 0.015213 2.830769
v -5.555615 0.015213 2.838751
v -5.555615 0.018952 2.838751
v -5.544020 0.018952 2.838751
v -5.544020 0.015213 2.838751
v -5.555615 5.319347 2.830769
v -5.544020 5.319347 2.830769
v -5.544020 5.315608 2.830769
v -5.544020 5.315608 2.838751
v -5.555615 5.315608 2.838751
v -5.555615 5.319347 2.838751
v -5.544020 5.319347 2.838751
v -5.555615 0.018952 -2.838751
v -5.555615 0.015213 -2.838751
v -5.555615 0.015213 -2.830769
v -5.544020 0.015213 -2.830769
v -5.544020 0.018952 -2.830769
v -5.544020 0.018952 -2.838751
v -5.544020 0.015213 -2.838751
v -5.555615 5.319347 -2.830770
v -5.555615 5.319347 -2.838752
v -5.555615 5.315608 -2.838752
v -5.544020 5.315608 -2.838752
v -5.544020 5.315608 -2.830770
v -5.544020 5.319347 -2.830770
v -5.544020 5.319347 -2.838752
v -5.930551 0.018952 -2.830769
v -5.930551 0.015213 -2.830769
v -5.918957 0.015213 -2.830769
v -5.918957 0.015213 -2.838751
v -5.918957 0.018952 -2.838751
v -5.930551 0.018952 -2.838751
v -5.930551 0.015213 -2.838751
v -5.918957 5.319347 -2.830770
v -5.930551 5.319347 -2.830770
v -5.930551 5.315608 -2.830770
v -5.930551 5.315608 -2.838752
v -5.918957 5.315608 -2.838752
v -5.918957 5.319347 -2.838752
v -5.930551 5.319347 -2.838752
v -5.918957 3.196198 2.838751
v -5.930551 3.196198 2.838751
v -5.930551 3.196198 2.830769
v -5.930551 3.196198 2.822787
v -5.930551 3.196198 -2.822787
v -5.930551 3.196198 -2.830769
v -5.930551 3.196198 -2.838751
v -5.918957 3.196198 -2.838751
v -5.907361 3.196198 -2.838751
v -5.567210 3.196198 -2.838751
v -5.555615 3.196198 -2.838751
v -5.544020 3.196198 -2.838751
v -5.544020 3.196198 -2.830769
v -5.544020 3.196198 -2.822787
v -5.544020 3.196198 2.822787
v -5.544020 3.196198 2.830769
v -5.544020 3.196198 2.838751
v -5.555615 3.196198 2.838751
v -5.567210 3.196198 2.838751
v -5.907361 3.196198 2.838751
v -5.907362 4.465601 2.838751
v -5.567210 4.465601 2.838751
v -5.555615 4.465601 2.838751
v -5.544020 4.465601 2.838751
v -5.544020 4.465601 2.830769
v -5.544020 4.465601 2.822787
v -5.544020 4.465601 -2.822787
v -5.544020 4.465601 -2.830769
v -5.544020 4.465601 -2.838751
v -5.555615 4.465601 -2.838751
v -5.567210 4.465601 -2.838751
v -5.907362 4.465601 -2.838751
v -5.918957 4.465601 -2.838751
v -5.930552 4.465601 -2.838751
v -5.930552 4.465601 -2.830769
v -5.930552 4.465601 -2.822787
v -5.930552 4.465601 2.822787
v -5.930552 4.465601 2.830769
v -5.930552 4.465601 2.838751
v -5.918957 4.465601 2.838751
v -5.918958 1.926795 2.838751
v -5.930552 1.926795 2.838751
v -5.930552 1.926795 2.830769
v -5.930552 1.926795 2.822787
v -5.930551 1.926795 -2.822787
v -5.930552 1.926795 -2.830769
v -5.930552 1.926795 -2.838751
v -5.918958 1.926795 -2.838751
v -5.907361 1.926795 -2.838751
v -5.567210 1.926795 -2.838751
v -5.555615 1.926795 -2.838751
v -5.544020 1.926795 -2.838751
v -5.544020 1.926795 -2.830769
v -5.544020 1.926795 -2.822787
v -5.544020 1.926795 2.822787
v -5.544020 1.926795 2.830769
v -5.544020 1.926795 2.838751
v -5.555615 1.926795 2.838751
v -5.567210 1.926795 2.838751
v -5.907361 1.926795 2.838751
v -5.930551 0.018952 1.693672
v -5.930551 0.015213 1.693672
v -5.918957 0.015213 1.693672
v -5.907361 0.015213 1.693672
v -5.567210 0.015213 1.693672
v -5.555615 0.015213 1.693672
v -5.544020 0.015213 1.693672
v -5.544020 0.018952 1.693672
v -5.544020 0.022690 1.693672
v -5.544020 1.926795 1.693672
v -5.544020 3.196198 1.693672
v -5.544020 4.465601 1.693672
v -5.544020 5.311870 1.693672
v -5.544020 5.315609 1.693672
v -5.544020 5.319347 1.693672
v -5.555615 5.319347 1.693672
v -5.567210 5.319347 1.693672
v -5.907361 5.319347 1.693672
v -5.918957 5.319347 1.693672
v -5.930551 5.319347 1.693672
v -5.930551 5.315609 1.693672
v -5.930551 5.311870 1.693672
v -5.930552 4.465601 1.693672
v -5.930551 3.196198 1.693672
v -5.930552 1.926795 1.693672
v -5.930551 0.022690 1.693672
v -5.930551 0.022690 -1.919495
v -5.930551 1.926795 -1.919495
v -5.930551 3.196198 -1.919495
v -5.930552 4.465601 -1.919495
v -5.930551 5.311870 -1.919495
v -5.930551 5.315609 -1.919495
v -5.930551 5.319347 -1.919495
v -5.918957 5.319347 -1.919495
v -5.907361 5.319347 -1.919495
v -5.567210 5.319347 -1.919495
v -5.555615 5.319347 -1.919495
v -5.544020 5.319347 -1.919495
v -5.544020 5.315609 -1.919495
v -5.544020 5.311870 -1.919495
v -5.544020 4.465601 -1.919495
v -5.544020 3.196198 -1.919495
v -5.544020 1.926795 -1.919495
v -5.544020 0.022690 -1.919495
v -5.544020 0.018952 -1.919495
v -5.544020 0.015213 -1.919495
v -5.555615 0.015213 -1.919495
v -5.567210 0.015213 -1.919495
v -5.907361 0.015213 -1.919495
v -5.918957 0.015213 -1.919495
v -5.930551 0.015213 -1.919495
v -5.930551 0.018952 -1.919495
v 1.860837 0.015213 2.822787
v 1.872431 0.015213 2.822787
v 1.872431 0.018952 2.822787
v 1.872431 0.022690 2.822787
v 1.872431 0.022690 2.830769
v 1.872431 0.022690 2.838751
v 1.860837 0.022690 2.838751
v 1.849241 0.022690 2.838751
v 1.849241 0.018952 2.838751
v 1.849241 0.015213 2.838751
v 1.849241 0.015213 2.830769
v 1.849241 0.015213 2.822787
v 1.872431 5.315608 2.822787
v 1.872431 5.319347 2.822787
v 1.860837 5.319347 2.822787
v 1.849241 5.319347 2.822787
v 1.849241 5.319347 2.830769
v 1.849241 5.319347 2.838751
v 1.849241 5.315608 2.838751
v 1.849241 5.311870 2.838751
v 1.860837 5.311870 2.838751
v 1.872431 5.311870 2.838751
v 1.872431 5.311870 2.830769
v 1.872431 5.311870 2.822787
v 1.485899 0.018952 2.822787
v 1.485900 0.015213 2.822787
v 1.497495 0.015213 2.822787
v 1.509090 0.015213 2.822787
v 1.509090 0.015213 2.830769
v 1.509090 0.015213 2.838751
v 1.509090 0.018952 2.838751
v 1.509090 0.022690 2.838751
v 1.497495 0.022690 2.838751
v 1.485899 0.022690 2.838751
v 1.485899 0.022690 2.830769
v 1.485899 0.022690 2.822787
v 1.497495 5.319347 2.822787
v 1.485899 5.319347 2.822787
v 1.485900 5.315608 2.822787
v 1.485900 5.311870 2.822787
v 1.485900 5.311870 2.830769
v 1.485900 5.311870 2.838751
v 1.497495 5.311870 2.838751
v 1.509090 5.311870 2.838751
v 1.509090 5.315608 2.838751
v 1.509090 5.319347 2.838751
v 1.509090 5.319347 2.830769
v 1.509090 5.319347 2.822787
v 1.509090 0.018952 -2.838751
v 1.509090 0.015213 -2.838751
v 1.509090 0.015213 -2.830769
v 1.497495 0.015213 -2.822787
v 1.485900 0.015213 -2.822787
v 1.485899 0.018952 -2.822787
v 1.485899 0.022690 -2.822787
v 1.485899 0.022690 -2.830769
v 1.485899 0.022690 -2.838751
v 1.497495 0.022690 -2.838751
v 1.509090 0.022690 -2.838751
v 1.509090 5.319347 -2.830770
v 1.509090 5.319347 -2.838752
v 1.509090 5.315608 -2.838752
v 1.509090 5.311870 -2.838752
v 1.497495 5.311870 -2.838752
v 1.485900 5.311870 -2.838752
v 1.485900 5.311870 -2.830770
v 1.485900 5.311870 -2.822788
v 1.485900 5.315608 -2.822788
v 1.485899 5.319347 -2.822788
v 1.497495 5.319347 -2.822788
v 1.509090 5.319347 -2.822788
v 1.872431 0.018952 -2.822787
v 1.872431 0.015213 -2.822787
v 1.860837 0.015213 -2.822787
v 1.849241 0.015213 -2.822787
v 1.849241 0.015213 -2.830769
v 1.849241 0.015213 -2.838751
v 1.849241 0.018952 -2.838751
v 1.849241 0.022690 -2.838751
v 1.860837 0.022690 -2.838751
v 1.872431 0.022690 -2.838751
v 1.872431 0.022690 -2.830769
v 1.872431 0.022690 -2.822787
v 1.860837 5.319347 -2.822788
v 1.872431 5.319347 -2.822788
v 1.872431 5.315608 -2.822788
v 1.872431 5.311870 -2.822788
v 1.872431 5.311870 -2.830770
v 1.872431 5.311870 -2.838752
v 1.860837 5.311870 -2.838752
v 1.849241 5.311870 -2.838752
v 1.849241 5.315608 -2.838752
v 1.849241 5.319347 -2.838752
v 1.849241 5.319347 -2.830770
v 1.849241 5.319347 -2.822788
v 1.860837 0.015213 2.830769
v 1.872431 0.015213 2.830769
v 1.872431 0.018952 2.830769
v 1.872431 0.018952 2.838751
v 1.860837 0.018952 2.838751
v 1.860837 0.015213 2.838751
v 1.872431 0.015213 2.838751
v 1.872431 5.315608 2.830769
v 1.872431 5.319347 2.830769
v 1.860837 5.319347 2.830769
v 1.860837 5.319347 2.838751
v 1.860837 5.315608 2.838751
v 1.872431 5.315608 2.838751
v 1.872431 5.319347 2.838751
v 1.485899 0.018952 2.830769
v 1.485900 0.015213 2.830769
v 1.497495 0.015213 2.830769
v 1.497495 0.015213 2.838751
v 1.497495 0.018952 2.838751
v 1.485899 0.018952 2.838751
v 1.485900 0.015213 2.838751
v 1.497495 5.319347 2.830769
v 1.485899 5.319347 2.830769
v 1.485900 5.315608 2.830769
v 1.485900 5.315608 2.838751
v 1.497495 5.315608 2.838751
v 1.497495 5.319347 2.838751
v 1.485899 5.319347 2.838751
v 1.497495 0.018952 -2.838751
v 1.497495 0.015213 -2.838751
v 1.497495 0.015213 -2.830769
v 1.485900 0.015213 -2.830769
v 1.485899 0.018952 -2.830769
v 1.485899 0.018952 -2.838751
v 1.485900 0.015213 -2.838751
v 1.497495 5.319347 -2.830770
v 1.497495 5.319347 -2.838752
v 1.497495 5.315608 -2.838752
v 1.485900 5.315608 -2.838752
v 1.485900 5.315608 -2.830770
v 1.485899 5.319347 -2.830770
v 1.485899 5.319347 -2.838752
v 1.872431 0.018952 -2.830769
v 1.872431 0.015213 -2.830769
v 1.860837 0.015213 -2.830769
v 1.860837 0.015213 -2.838751
v 1.860837 0.018952 -2.838751
v 1.872431 0.018952 -2.838751
v 1.872431 0.015213 -2.838751
v 1.860837 5.319347 -2.830770
v 1.872431 5.319347 -2.830770
v 1.872431 5.315608 -2.830770
v 1.872431 5.315608 -2.838752
v 1.860837 5.315608 -2.838752
v 1.860837 5.319347 -2.838752
v 1.872431 5.319347 -2.838752
v 1.860837 3.196198 2.838751
v 1.872431 3.196198 2.838751
v 1.872431 3.196198 2.830769
v 1.872431 3.196198 2.822787
v 1.872431 3.196198 -2.822787
v 1.872431 3.196198 -2.830769
v 1.872431 3.196198 -2.838751
v 1.860837 3.196198 -2.838751
v 1.849241 3.196198 -2.838751
v 1.509090 3.196198 -2.838751
v 1.497495 3.196198 -2.838751
v 1.485899 3.196198 -2.838751
v 1.485899 3.196198 -2.830769
v 1.485899 3.196198 -2.822787
v 1.485899 3.196198 2.822787
v 1.485899 3.196198 2.830769
v 1.485899 3.196198 2.838751
v 1.497495 3.196198 2.838751
v 1.509090 3.196198 2.838751
v 1.849241 3.196198 2.838751
v 1.849241 4.465601 2.838751
v 1.509090 4.465601 2.838751
v 1.497495 4.465601 2.838751
v 1.485900 4.465601 2.838751
v 1.485900 4.465601 2.830769
v 1.485900 4.465601 2.822787
v 1.485900 4.465601 -2.822787
v 1.485900 4.465601 -2.830769
v 1.485900 4.465601 -2.838751
v 1.497495 4.465601 -2.838751
v 1.509090 4.465601 -2.838751
v 1.849241 4.465601 -2.838751
v 1.860837 4.465601 -2.838751
v 1.872431 4.465601 -2.838751
v 1.872431 4.465601 -2.830769
v 1.872431 4.465601 -2.822787
v 1.872431 4.465601 2.822787
v 1.872431 4.465601 2.830769
v 1.872431 4.465601 2.838751
v 1.860837 4.465601 2.838751
v 1.860837 1.926795 2.838751
v 1.872431 1.926795 2.838751
v 1.872431 1.926795 2.830769
v 1.872431 1.926795 2.822787
v 1.872431 1.926795 -2.822787
v 1.872431 1.926795 -2.830769
v 1.872431 1.926795 -2.838751
v 1.860837 1.926795 -2.838751
v 1.849241 1.926795 -2.838751
v 1.509089 1.926795 -2.838751
v 1.497495 1.926795 -2.838751
v 1.485899 1.926795 -2.838751
v 1.485899 1.926795 -2.830769
v 1.485899 1.926795 -2.822787
v 1.485899 1.926795 2.822787
v 1.485899 1.926795 2.830769
v 1.485899 1.926795 2.838751
v 1.497495 1.926795 2.838751
v 1.509090 1.926795 2.838751
v 1.849241 1.926795 2.838751
v 1.872431 0.018952 1.693672
v 1.872431 0.015213 1.693672
v 1.860837 0.015213 1.693672
v 1.849241 0.015213 1.693672
v 1.509090 0.015213 1.693672
v 1.497495 0.015213 1.693672
v 1.485900 0.015213 1.693672
v 1.485899 0.018952 1.693672
v 1.485899 0.022690 1.693672
v 1.485899 1.926795 1.693672
v 1.485899 3.196198 1.693672
v 1.485900 4.465601 1.693672
v 1.485900 5.311870 1.693672
v 1.485899 5.315609 1.693672
v 1.485899 5.319347 1.693672
v 1.497495 5.319347 1.693672
v 1.509090 5.319347 1.693672
v 1.849241 5.319347 1.693672
v 1.860837 5.319347 1.693672
v 1.872431 5.319347 1.693672
v 1.872431 5.315609 1.693672
v 1.872431 5.311870 1.693672
v 1.872431 4.465601 1.693672
v 1.872431 3.196198 1.693672
v 1.872431 1.926795 1.693672
v 1.872431 0.022690 1.693672
v 1.872431 0.022690 -1.919495
v 1.872431 1.926795 -1.919495
v 1.872431 3.196198 -1.919495
v 1.872431 4.465601 -1.919495
v 1.872431 5.311870 -1.919495
v 1.872431 5.315609 -1.919495
v 1.872431 5.319347 -1.919495
v 1.860837 5.319347 -1.919495
v 1.849241 5.319347 -1.919495
v 1.509090 5.319347 -1.919495
v 1.497495 5.319347 -1.919495
v 1.485899 5.319347 -1.919495
v 1.485899 5.315609 -1.919495
v 1.485900 5.311870 -1.919495
v 1.485900 4.465601 -1.919495
v 1.485899 3.196198 -1.919495
v 1.485899 1.926795 -1.919495
v 1.485899 0.022690 -1.919495
v 1.485899 0.018952 -1.919495
v 1.485900 0.015213 -1.919495
v 1.497495 0.015213 -1.919495
v 1.509090 0.015213 -1.919495
v 1.849241 0.015213 -1.919495
v 1.860837 0.015213 -1.919495
v 1.872431 0.015213 -1.919495
v 1.872431 0.018952 -1.919495
v -5.548575 4.228539 2.621881
v -5.548575 4.224203 2.621881
v -5.540021 4.224203 2.621881
v -5.531468 4.224203 2.621881
v -5.531468 4.224203 2.630434
v -5.531468 4.224203 2.638988
v -5.531468 4.228539 2.638988
v -5.531468 4.232876 2.638988
v -5.540021 4.232876 2.638988
v -5.548575 4.232876 2.638988
v -5.548575 4.232876 2.630434
v -5.548575 4.232876 2.621881
v 1.487817 4.224203 2.621881
v 1.496371 4.224203 2.621881
v 1.496371 4.228539 2.621881
v 1.496371 4.232876 2.621881
v 1.496371 4.232876 2.630434
v 1.496371 4.232876 2.638988
v 1.487817 4.232876 2.638988
v 1.479264 4.232876 2.638988
v 1.479264 4.228539 2.638988
v 1.479264 4.224203 2.638988
v 1.479264 4.224203 2.630434
v 1.479264 4.224203 2.621881
v -5.540021 4.368777 2.621881
v -5.548575 4.368777 2.621881
v -5.548575 4.364440 2.621881
v -5.548575 4.360103 2.621881
v -5.548575 4.360103 2.630434
v -5.548575 4.360103 2.638988
v -5.540021 4.360103 2.638988
v -5.531468 4.360103 2.638988
v -5.531468 4.364440 2.638988
v -5.531468 4.368777 2.638988
v -5.531468 4.368777 2.630434
v -5.531468 4.368777 2.621881
v 1.496371 4.364440 2.621881
v 1.496371 4.368777 2.621881
v 1.487817 4.368777 2.621881
v 1.479264 4.368777 2.621881
v 1.479264 4.368777 2.630434
v 1.479264 4.368777 2.638988
v 1.479264 4.364440 2.638988
v 1.479264 4.360103 2.638988
v 1.487817 4.360103 2.638988
v 1.496371 4.360103 2.638988
v 1.496371 4.360103 2.630434
v 1.496371 4.360103 2.621881
v -5.540021 4.360103 -2.813301
v -5.548575 4.360103 -2.813301
v -5.548575 4.360103 -2.804747
v -5.548575 4.360103 -2.796194
v -5.548575 4.364440 -2.796194
v -5.548575 4.368777 -2.796194
v -5.540021 4.368777 -2.796194
v -5.531468 4.368777 -2.796194
v -5.531468 4.368777 -2.804747
v -5.531468 4.368777 -2.813301
v -5.531468 4.364440 -2.813301
v -5.531468 4.360103 -2.813301
v 1.496371 4.360103 -2.804747
v 1.496371 4.360103 -2.813301
v 1.487817 4.360103 -2.813301
v 1.479264 4.360103 -2.813301
v 1.479264 4.364440 -2.813301
v 1.479264 4.368777 -2.813301
v 1.479264 4.368777 -2.804747
v 1.479264 4.368777 -2.796194
v 1.487817 4.368777 -2.796194
v 1.496371 4.368777 -2.796194
v 1.496371 4.364440 -2.796194
v 1.496371 4.360103 -2.796194
v -5.540021 4.224203 -2.796194
v -5.548575 4.224203 -2.796194
v -5.548575 4.228539 -2.796194
v -5.548575 4.232876 -2.796194
v -5.548575 4.232876 -2.804747
v -5.548575 4.232876 -2.813301
v -5.540021 4.232876 -2.813301
v -5.531468 4.232876 -2.813301
v -5.531468 4.228539 -2.813301
v -5.531468 4.224203 -2.813301
v -5.531468 4.224203 -2.804747
v -5.531468 4.224203 -2.796194
v 1.496371 4.228539 -2.796194
v 1.496371 4.224203 -2.796194
v 1.487817 4.224203 -2.796194
v 1.479264 4.224203 -2.796194
v 1.479264 4.224203 -2.804747
v 1.479264 4.224203 -2.813301
v 1.479264 4.228539 -2.813301
v 1.479264 4.232876 -2.813301
v 1.487817 4.232876 -2.813301
v 1.496371 4.232876 -2.813301
v 1.496371 4.232876 -2.804747
v 1.496371 4.232876 -2.796194
v -5.548575 4.228539 2.630434
v -5.548575 4.224203 2.630434
v -5.540021 4.224203 2.630434
v -5.540021 4.224203 2.638988
v -5.540021 4.228539 2.638988
v -5.548575 4.228539 2.638988
v -5.548575 4.224203 2.638988
v 1.487817 4.224203 2.630434
v 1.496371 4.224203 2.630434
v 1.496371 4.228539 2.630434
v 1.496371 4.228539 2.638988
v 1.487817 4.228539 2.638988
v 1.487817 4.224203 2.638988
v 1.496371 4.224203 2.638988
v -5.540021 4.368777 2.630434
v -5.548575 4.368777 2.630434
v -5.548575 4.364440 2.630434
v -5.548575 4.364440 2.638988
v -5.540021 4.364440 2.638988
v -5.540021 4.368777 2.638988
v -5.548575 4.368777 2.638988
v 1.496371 4.364440 2.630434
v 1.496371 4.368777 2.630434
v 1.487817 4.368777 2.630434
v 1.487817 4.368777 2.638988
v 1.487817 4.364440 2.638988
v 1.496371 4.364440 2.638988
v 1.496371 4.368777 2.638988
v -5.540021 4.364440 -2.813301
v -5.548575 4.364440 -2.813301
v -5.548575 4.364440 -2.804747
v -5.548575 4.368777 -2.804747
v -5.540021 4.368777 -2.804747
v -5.540021 4.368777 -2.813301
v -5.548575 4.368777 -2.813301
v 1.496371 4.364440 -2.804747
v 1.496371 4.364440 -2.813301
v 1.487817 4.364440 -2.813301
v 1.487817 4.368777 -2.813301
v 1.487817 4.368777 -2.804747
v 1.496371 4.368777 -2.804747
v 1.496371 4.368777 -2.813301
v -5.540021 4.224203 -2.804747
v -5.548575 4.224203 -2.804747
v -5.548575 4.228539 -2.804747
v -5.548575 4.228539 -2.813301
v -5.540021 4.228539 -2.813301
v -5.540021 4.224203 -2.813301
v -5.548575 4.224203 -2.813301
v 1.496371 4.228539 -2.804747
v 1.496371 4.224203 -2.804747
v 1.487817 4.224203 -2.804747
v 1.487817 4.224203 -2.813301
v 1.487817 4.228539 -2.813301
v 1.496371 4.228539 -2.813301
v 1.496371 4.224203 -2.813301
v -1.307893 4.228539 2.638988
v -1.307893 4.224203 2.638988
v -1.307893 4.224203 2.630434
v -1.307893 4.224203 2.621881
v -1.307893 4.224203 -2.796194
v -1.307893 4.224203 -2.804747
v -1.307893 4.224203 -2.813301
v -1.307893 4.228539 -2.813301
v -1.307893 4.232876 -2.813301
v -1.307893 4.360103 -2.813301
v -1.307893 4.364440 -2.813301
v -1.307893 4.368777 -2.813301
v -1.307893 4.368777 -2.804747
v -1.307893 4.368777 -2.796194
v -1.307893 4.368777 2.621881
v -1.307893 4.368777 2.630434
v -1.307893 4.368777 2.638988
v -1.307893 4.364440 2.638988
v -1.307893 4.360103 2.638988
v -1.307893 4.232876 2.638988
v -0.457029 4.232876 2.638988
v -0.457029 4.360103 2.638988
v -0.457029 4.364440 2.638988
v -0.457029 4.368777 2.638988
v -0.457029 4.368777 2.630434
v -0.457029 4.368777 2.621881
v -0.457029 4.368777 -2.796194
v -0.457029 4.368777 -2.804747
v -0.457029 4.368777 -2.813301
v -0.457029 4.364440 -2.813301
v -0.457029 4.360103 -2.813301
v -0.457029 4.232876 -2.813301
v -0.457029 4.228539 -2.813301
v -0.457029 4.224203 -2.813301
v -0.457029 4.224203 -2.804747
v -0.457029 4.224203 -2.796194
v -0.457029 4.224203 2.621881
v -0.457029 4.224203 2.630434
v -0.457029 4.224203 2.638988
v -0.457029 4.228539 2.638988
v -1.694256 4.228539 2.638988
v -1.694256 4.224203 2.638988
v -1.694256 4.224203 2.630434
v -1.694256 4.224203 2.621881
v -1.694256 4.224203 -2.796194
v -1.694256 4.224203 -2.804747
v -1.694256 4.224203 -2.813301
v -1.694256 4.228539 -2.813301
v -1.694256 4.232876 -2.813301
v -1.694256 4.360103 -2.813301
v -1.694256 4.364440 -2.813301
v -1.694256 4.368777 -2.813301
v -1.694256 4.368777 -2.804747
v -1.694256 4.368777 -2.796194
v -1.694256 4.368777 2.621881
v -1.694256 4.368777 2.630434
v -1.694256 4.368777 2.638988
v -1.694256 4.364440 2.638988
v -1.694256 4.360103 2.638988
v -1.694256 4.232876 2.638988
v -5.540021 4.224203 1.814988
v -5.548575 4.224203 1.814988
v -5.548575 4.228539 1.814988
v -5.548575 4.232876 1.814988
v -5.548575 4.360103 1.814988
v -5.548575 4.364440 1.814988
v -5.548575 4.368777 1.814988
v -5.540021 4.368777 1.814988
v -5.531468 4.368777 1.814988
v -1.694256 4.368777 1.814988
v -1.307893 4.368777 1.814988
v -0.457029 4.368777 1.814988
v 1.479263 4.368777 1.814988
v 1.487817 4.368777 1.814988
v 1.496371 4.368777 1.814988
v 1.496371 4.364440 1.814988
v 1.496371 4.360103 1.814988
v 1.496371 4.232876 1.814988
v 1.496371 4.228539 1.814988
v 1.496371 4.224203 1.814988
v 1.487817 4.224203 1.814988
v 1.479264 4.224203 1.814988
v -0.457029 4.224203 1.814988
v -1.307893 4.224203 1.814988
v -1.694256 4.224203 1.814988
v -5.531467 4.224203 1.814988
v -5.531468 4.224203 -2.056986
v -1.694256 4.224203 -2.056986
v -1.307893 4.224203 -2.056986
v -0.457029 4.224203 -2.056986
v 1.479263 4.224203 -2.056986
v 1.487817 4.224203 -2.056986
v 1.496371 4.224203 -2.056986
v 1.496371 4.228539 -2.056986
v 1.496371 4.232876 -2.056986
v 1.496371 4.360103 -2.056986
v 1.496371 4.364440 -2.056986
v 1.496371 4.368777 -2.056986
v 1.487817 4.368777 -2.056986
v 1.479264 4.368777 -2.056986
v -0.457029 4.368777 -2.056986
v -1.307893 4.368777 -2.056986
v -1.694256 4.368777 -2.056986
v -5.531467 4.368777 -2.056986
v -5.540021 4.368777 -2.056986
v -5.548575 4.368777 -2.056986
v -5.548575 4.364440 -2.056986
v -5.548575 4.360103 -2.056986
v -5.548575 4.232876 -2.056986
v -5.548575 4.228539 -2.056986
v -5.548575 4.224203 -2.056986
v -5.540021 4.224203 -2.056986
v -5.468418 4.687606 -2.673063
v -5.468418 4.687606 -2.668726
v -5.460058 4.687606 -2.668726
v -5.451700 4.687606 -2.668726
v -5.451700 4.696159 -2.668726
v -5.451700 4.704713 -2.668726
v -5.451700 4.704713 -2.673063
v -5.451700 4.704713 -2.677400
v -5.460058 4.704713 -2.677400
v -5.468418 4.704713 -2.677400
v -5.468418 4.696159 -2.677400
v -5.468418 4.687606 -2.677400
v 1.407855 4.687606 -2.668726
v 1.416214 4.687606 -2.668726
v 1.416214 4.687606 -2.673063
v 1.416214 4.687606 -2.677400
v 1.416214 4.696159 -2.677400
v 1.416214 4.704713 -2.677400
v 1.407855 4.704713 -2.677400
v 1.399496 4.704713 -2.677400
v 1.399496 4.704713 -2.673063
v 1.399496 4.704713 -2.668726
v 1.399496 4.696159 -2.668726
v 1.399496 4.687606 -2.668726
v -5.460058 4.687606 -2.813301
v -5.468418 4.687606 -2.813301
v -5.468418 4.687606 -2.808964
v -5.468418 4.687606 -2.804627
v -5.468418 4.696159 -2.804627
v -5.468418 4.704713 -2.804627
v -5.460058 4.704713 -2.804627
v -5.451700 4.704713 -2.804627
v -5.451700 4.704713 -2.808964
v -5.451700 4.704713 -2.813301
v -5.451700 4.696159 -2.813301
v -5.451700 4.687606 -2.813301
v 1.416214 4.687606 -2.808964
v 1.416214 4.687606 -2.813301
v 1.407855 4.687606 -2.813301
v 1.399496 4.687606 -2.813301
v 1.399496 4.696159 -2.813301
v 1.399496 4.704713 -2.813301
v 1.399496 4.704713 -2.808964
v 1.399496 4.704713 -2.804627
v 1.407855 4.704713 -2.804627
v 1.416214 4.704713 -2.804627
v 1.416214 4.696159 -2.804627
v 1.416214 4.687606 -2.804627
v -5.460058 4.368777 -2.804627
v -5.468418 4.368777 -2.804627
v -5.468418 4.377331 -2.804627
v -5.468418 4.385884 -2.804627
v -5.468418 4.385884 -2.808964
v -5.468418 4.385884 -2.813301
v -5.460058 4.385884 -2.813301
v -5.451700 4.385884 -2.813301
v -5.451700 4.377331 -2.813301
v -5.451700 4.368777 -2.813301
v -5.451700 4.368777 -2.808964
v -5.451700 4.368777 -2.804627
v 1.416214 4.377331 -2.804627
v 1.416214 4.368777 -2.804627
v 1.407855 4.368777 -2.804627
v 1.399496 4.368777 -2.804627
v 1.399496 4.368777 -2.808964
v 1.399496 4.368777 -2.813301
v 1.399496 4.377331 -2.813301
v 1.399496 4.385884 -2.813301
v 1.407855 4.385884 -2.813301
v 1.416214 4.385884 -2.813301
v 1.416214 4.385884 -2.808964
v 1.416214 4.385884 -2.804627
v -5.460058 4.385884 -2.668726
v -5.468418 4.385884 -2.668726
v -5.468418 4.385884 -2.673063
v -5.468418 4.385884 -2.677400
v -5.468418 4.377331 -2.677400
v -5.468418 4.368777 -2.677400
v -5.460058 4.368777 -2.677400
v -5.451700 4.368777 -2.677400
v -5.451700 4.368777 -2.673063
v -5.451700 4.368777 -2.668726
v -5.451700 4.377331 -2.668726
v -5.451700 4.385884 -2.668726
v 1.416214 4.385884 -2.673063
v 1.416214 4.385884 -2.668726
v 1.407855 4.385884 -2.668726
v 1.399496 4.385884 -2.668726
v 1.399496 4.377331 -2.668726
v 1.399496 4.368777 -2.668726
v 1.399496 4.368777 -2.673063
v 1.399496 4.368777 -2.677400
v 1.407855 4.368777 -2.677400
v 1.416214 4.368777 -2.677400
v 1.416214 4.377331 -2.677400
v 1.416214 4.385884 -2.677400
v -5.468418 4.696159 -2.673063
v -5.468418 4.696159 -2.668726
v -5.460058 4.696159 -2.668726
v -5.460058 4.704713 -2.668726
v -5.460058 4.704713 -2.673063
v -5.468418 4.704713 -2.673063
v -5.468418 4.704713 -2.668726
v 1.407855 4.696159 -2.668726
v 1.416214 4.696159 -2.668726
v 1.416214 4.696159 -2.673063
v 1.416214 4.704713 -2.673063
v 1.407855 4.704713 -2.673063
v 1.407855 4.704713 -2.668726
v 1.416214 4.704713 -2.668726
v -5.460058 4.696159 -2.813301
v -5.468418 4.696159 -2.813301
v -5.468418 4.696159 -2.808964
v -5.468418 4.704713 -2.808964
v -5.460058 4.704713 -2.808964
v -5.460058 4.704713 -2.813301
v -5.468418 4.704713 -2.813301
v 1.416214 4.696159 -2.808964
v 1.416214 4.696159 -2.813301
v 1.407855 4.696159 -2.813301
v 1.407855 4.704713 -2.813301
v 1.407855 4.704713 -2.808964
v 1.416214 4.704713 -2.808964
v 1.416214 4.704713 -2.813301
v -5.460058 4.368777 -2.808964
v -5.468418 4.368777 -2.808964
v -5.468418 4.377331 -2.808964
v -5.468418 4.377331 -2.813301
v -5.460058 4.377331 -2.813301
v -5.460058 4.368777 -2.813301
v -5.468418 4.368777 -2.813301
v 1.416214 4.377331 -2.808964
v 1.416214 4.368777 -2.808964
v 1.407855 4.368777 -2.808964
v 1.407855 4.368777 -2.813301
v 1.407855 4.377331 -2.813301
v 1.416214 4.377331 -2.813301
v 1.416214 4.368777 -2.813301
v -5.460058 4.377331 -2.668726
v -5.468418 4.377331 -2.668726
v -5.468418 4.377331 -2.673063
v -5.468418 4.368777 -2.673063
v -5.460058 4.368777 -2.673063
v -5.460058 4.368777 -2.668726
v -5.468418 4.368777 -2.668726
v 1.416214 4.377331 -2.673063
v 1.416214 4.377331 -2.668726
v 1.407855 4.377331 -2.668726
v 1.407855 4.368777 -2.668726
v 1.407855 4.368777 -2.673063
v 1.416214 4.368777 -2.673063
v 1.416214 4.368777 -2.668726
v -1.324236 4.704713 -2.673063
v -1.324236 4.704713 -2.668726
v -1.324236 4.696159 -2.668726
v -1.324236 4.687606 -2.668726
v -1.324237 4.385884 -2.668726
v -1.324236 4.377331 -2.668726
v -1.324236 4.368777 -2.668726
v -1.324236 4.368777 -2.673063
v -1.324236 4.368777 -2.677400
v -1.324237 4.368777 -2.804627
v -1.324236 4.368777 -2.808964
v -1.324236 4.368777 -2.813301
v -1.324236 4.377331 -2.813301
v -1.324236 4.385884 -2.813301
v -1.324237 4.687606 -2.813301
v -1.324236 4.696159 -2.813301
v -1.324236 4.704713 -2.813301
v -1.324236 4.704713 -2.808964
v -1.324236 4.704713 -2.804627
v -1.324237 4.704713 -2.677400
v -0.492735 4.704713 -2.677400
v -0.492735 4.704713 -2.804627
v -0.492735 4.704713 -2.808964
v -0.492735 4.704713 -2.813301
v -0.492735 4.696159 -2.813301
v -0.492735 4.687606 -2.813301
v -0.492735 4.385884 -2.813301
v -0.492735 4.377331 -2.813301
v -0.492735 4.368777 -2.813301
v -0.492735 4.368777 -2.808964
v -0.492735 4.368777 -2.804627
v -0.492735 4.368777 -2.677400
v -0.492735 4.368777 -2.673063
v -0.492735 4.368777 -2.668726
v -0.492735 4.377331 -2.668726
v -0.492735 4.385884 -2.668726
v -0.492735 4.687606 -2.668726
v -0.492735 4.696159 -2.668726
v -0.492735 4.704713 -2.668726
v -0.492735 4.704713 -2.673063
v -1.701807 4.704713 -2.673063
v -1.701807 4.704713 -2.668726
v -1.701807 4.696159 -2.668726
v -1.701807 4.687606 -2.668726
v -1.701808 4.385884 -2.668726
v -1.701807 4.377331 -2.668726
v -1.701807 4.368777 -2.668726
v -1.701807 4.368777 -2.673063
v -1.701807 4.368777 -2.677400
v -1.701808 4.368777 -2.804627
v -1.701807 4.368777 -2.808964
v -1.701807 4.368777 -2.813301
v -1.701807 4.377331 -2.813301
v -1.701807 4.385884 -2.813301
v -1.701808 4.687606 -2.813301
v -1.701807 4.696159 -2.813301
v -1.701807 4.704713 -2.813301
v -1.701807 4.704713 -2.808964
v -1.701807 4.704713 -2.804627
v -1.701808 4.704713 -2.677400
v -5.551372 3.194943 -2.673063
v -5.551372 3.194943 -2.668726
v -5.543012 3.194943 -2.668726
v -5.534654 3.194943 -2.668726
v -5.534654 3.203496 -2.668726
v -5.534654 3.212050 -2.668726
v -5.534654 3.212050 -2.673063
v -5.534654 3.212050 -2.677400
v -5.543012 3.212050 -2.677400
v -5.551372 3.212050 -2.677400
v -5.551372 3.203496 -2.677400
v -5.551372 3.194943 -2.677400
v 1.470070 3.194943 -2.668726
v 1.478429 3.194943 -2.668726
v 1.478429 3.194943 -2.673063
v 1.478429 3.194943 -2.677400
v 1.478429 3.203496 -2.677400
v 1.478429 3.212050 -2.677400
v 1.470070 3.212050 -2.677400
v 1.461711 3.212050 -2.677400
v 1.461711 3.212050 -2.673063
v 1.461711 3.212050 -2.668726
v 1.461711 3.203496 -2.668726
v 1.461711 3.194943 -2.668726
v -5.543012 3.194943 -2.813301
v -5.551372 3.194943 -2.813301
v -5.551372 3.194943 -2.808964
v -5.551372 3.194943 -2.804627
v -5.551372 3.203496 -2.804627
v -5.551372 3.212050 -2.804627
v -5.543012 3.212050 -2.804627
v -5.534654 3.212050 -2.804627
v -5.534654 3.212050 -2.808964
v -5.534654 3.212050 -2.813301
v -5.534654 3.203496 -2.813301
v -5.534654 3.194943 -2.813301
v 1.478429 3.194943 -2.808964
v 1.478429 3.194943 -2.813301
v 1.470070 3.194943 -2.813301
v 1.461711 3.194943 -2.813301
v 1.461711 3.203496 -2.813301
v 1.461711 3.212050 -2.813301
v 1.461711 3.212050 -2.808964
v 1.461711 3.212050 -2.804627
v 1.470070 3.212050 -2.804627
v 1.478429 3.212050 -2.804627
v 1.478429 3.203496 -2.804627
v 1.478429 3.194943 -2.804627
v -5.543012 0.727696 -2.804627
v -5.551372 0.727696 -2.804627
v -5.551372 0.736249 -2.804627
v -5.551372 0.744802 -2.804627
v -5.551372 0.744802 -2.808964
v -5.551372 0.744802 -2.813301
v -5.543012 0.744802 -2.813301
v -5.534654 0.744802 -2.813301
v -5.534654 0.736249 -2.813301
v -5.534654 0.727696 -2.813301
v -5.534654 0.727696 -2.808964
v -5.534654 0.727696 -2.804627
v 1.478429 0.736249 -2.804627
v 1.478429 0.727696 -2.804627
v 1.470070 0.727696 -2.804627
v 1.461711 0.727696 -2.804627
v 1.461711 0.727696 -2.808964
v 1.461711 0.727696 -2.813301
v 1.461711 0.736249 -2.813301
v 1.461711 0.744802 -2.813301
v 1.470070 0.744802 -2.813301
v 1.478429 0.744802 -2.813301
v 1.478429 0.744802 -2.808964
v 1.478429 0.744802 -2.804627
v -5.543012 0.744802 -2.668726
v -5.551372 0.744802 -2.668726
v -5.551372 0.744802 -2.673063
v -5.551372 0.744802 -2.677400
v -5.551372 0.736249 -2.677400
v -5.551372 0.727696 -2.677400
v -5.543012 0.727696 -2.677400
v -5.534654 0.727696 -2.677400
v -5.534654 0.727696 -2.673063
v -5.534654 0.727696 -2.668726
v -5.534654 0.736249 -2.668726
v -5.534654 0.744802 -2.668726
v 1.478429 0.744802 -2.673063
v 1.478429 0.744802 -2.668726
v 1.470070 0.744802 -2.668726
v 1.461711 0.744802 -2.668726
v 1.461711 0.736249 -2.668726
v 1.461711 0.727696 -2.668726
v 1.461711 0.727696 -2.673063
v 1.461711 0.727696 -2.677400
v 1.470070 0.727696 -2.677400
v 1.478429 0.727696 -2.677400
v 1.478429 0.736249 -2.677400
v 1.478429 0.744802 -2.677400
v -5.551372 3.203496 -2.673063
v -5.551372 3.203496 -2.668726
v -5.543012 3.203496 -2.668726
v -5.543012 3.212050 -2.668726
v -5.543012 3.212050 -2.673063
v -5.551372 3.212050 -2.673063
v -5.551372 3.212050 -2.668726
v 1.470070 3.203496 -2.668726
v 1.478429 3.203496 -2.668726
v 1.478429 3.203496 -2.673063
v 1.478429 3.212050 -2.673063
v 1.470070 3.212050 -2.673063
v 1.470070 3.212050 -2.668726
v 1.478429 3.212050 -2.668726
v -5.543012 3.203496 -2.813301
v -5.551372 3.203496 -2.813301
v -5.551372 3.203496 -2.808964
v -5.551372 3.212050 -2.808964
v -5.543012 3.212050 -2.808964
v -5.543012 3.212050 -2.813301
v -5.551372 3.212050 -2.813301
v 1.478429 3.203496 -2.808964
v 1.478429 3.203496 -2.813301
v 1.470070 3.203496 -2.813301
v 1.470070 3.212050 -2.813301
v 1.470070 3.212050 -2.808964
v 1.478429 3.212050 -2.808964
v 1.478429 3.212050 -2.813301
v -5.543012 0.727696 -2.808964
v -5.551372 0.727696 -2.808964
v -5.551372 0.736249 -2.808964
v -5.551372 0.736249 -2.813301
v -5.543012 0.736249 -2.813301
v -5.543012 0.727696 -2.813301
v -5.551372 0.727696 -2.813301
v 1.478429 0.736249 -2.808964
v 1.478429 0.727696 -2.808964
v 1.470070 0.727696 -2.808964
v 1.470070 0.727696 -2.813301
v 1.470070 0.736249 -2.813301
v 1.478429 0.736249 -2.813301
v 1.478429 0.727696 -2.813301
v -5.543012 0.736249 -2.668726
v -5.551372 0.736249 -2.668726
v -5.551372 0.736249 -2.673063
v -5.551372 0.727696 -2.673063
v -5.543012 0.727696 -2.673063
v -5.543012 0.727696 -2.668726
v -5.551372 0.727696 -2.668726
v 1.478429 0.736249 -2.673063
v 1.478429 0.736249 -2.668726
v 1.470070 0.736249 -2.668726
v 1.470070 0.727696 -2.668726
v 1.470070 0.727696 -2.673063
v 1.478429 0.727696 -2.673063
v 1.478429 0.727696 -2.668726
v -1.923588 3.212050 -2.673063
v -1.923588 3.212050 -2.668726
v -1.923588 3.203496 -2.668726
v -1.923588 3.194943 -2.668726
v -1.923588 0.744802 -2.668726
v -1.923588 0.736249 -2.668726
v -1.923588 0.727696 -2.668726
v -1.923588 0.727696 -2.673063
v -1.923588 0.727696 -2.677400
v -1.324237 0.727696 -2.804627
v -1.324236 0.727696 -2.808964
v -1.324236 0.727696 -2.813301
v -1.324236 0.736249 -2.813301
v -1.324236 0.744802 -2.813301
v -1.324237 3.194943 -2.813301
v -1.324236 3.203496 -2.813301
v -1.324236 3.212050 -2.813301
v -1.324236 3.212050 -2.808964
v -1.324236 3.212050 -2.804627
v -1.923588 3.212050 -2.677400
v -0.492735 3.212050 -2.677400
v -0.492735 3.212050 -2.804627
v -0.492735 3.212050 -2.808964
v -0.492735 3.212050 -2.813301
v -0.492735 3.203496 -2.813301
v -0.492735 3.194943 -2.813301
v -0.492735 0.744802 -2.813301
v -0.492735 0.736249 -2.813301
v -0.492735 0.727696 -2.813301
v -0.492735 0.727696 -2.808964
v -0.492735 0.727696 -2.804627
v -0.492735 0.727696 -2.677400
v -0.492735 0.727696 -2.673063
v -0.492735 0.727696 -2.668726
v -0.492735 0.736249 -2.668726
v -0.492735 0.744802 -2.668726
v -0.492735 3.194943 -2.668726
v -0.492735 3.203496 -2.668726
v -0.492735 3.212050 -2.668726
v -0.492735 3.212050 -2.673063
v -3.579275 3.212050 -2.673063
v -3.579275 3.212050 -2.668726
v -3.579275 3.203496 -2.668726
v -3.579275 3.194943 -2.668726
v -3.579275 0.744802 -2.668726
v -3.579275 0.736249 -2.668726
v -3.579275 0.727696 -2.668726
v -3.579275 0.727696 -2.673063
v -3.579275 0.727696 -2.677400
v -3.579275 0.727696 -2.804627
v -3.579275 0.727696 -2.808964
v -3.579275 0.727696 -2.813301
v -3.579275 0.736249 -2.813301
v -3.579275 0.744802 -2.813301
v -3.579275 3.194943 -2.813301
v -3.579275 3.203496 -2.813301
v -3.579275 3.212050 -2.813301
v -3.579275 3.212050 -2.808964
v -3.579275 3.212050 -2.804627
v -3.579275 3.212050 -2.677400
v -5.548575 0.587596 -0.120026
v -5.548575 0.583259 -0.120026
v -5.540021 0.583259 -0.120026
v -5.531468 0.583259 -0.120026
v -5.531468 0.583259 -0.111472
v -5.531468 0.583259 -0.102919
v -5.531468 0.587596 -0.102919
v -5.531468 0.591933 -0.102919
v -5.540021 0.591933 -0.102919
v -5.548575 0.591933 -0.102919
v -5.548575 0.591933 -0.111472
v -5.548575 0.591933 -0.120026
v 1.487817 0.583259 -0.120026
v 1.496371 0.583259 -0.120026
v 1.496371 0.587596 -0.120026
v 1.496371 0.591933 -0.120026
v 1.496371 0.591933 -0.111472
v 1.496371 0.591933 -0.102919
v 1.487817 0.591933 -0.102919
v 1.479264 0.591933 -0.102919
v 1.479264 0.587596 -0.102919
v 1.479264 0.583259 -0.102919
v 1.479264 0.583259 -0.111472
v 1.479264 0.583259 -0.120026
v -5.540021 0.727834 -0.120026
v -5.548575 0.727834 -0.120026
v -5.548575 0.723497 -0.120026
v -5.548575 0.719160 -0.120026
v -5.548575 0.719160 -0.111472
v -5.548575 0.719160 -0.102919
v -5.540021 0.719160 -0.102919
v -5.531468 0.719160 -0.102919
v -5.531468 0.723497 -0.102919
v -5.531468 0.727834 -0.102919
v -5.531468 0.727834 -0.111472
v -5.531468 0.727834 -0.120026
v 1.496371 0.723497 -0.120026
v 1.496371 0.727834 -0.120026
v 1.487817 0.727834 -0.120026
v 1.479264 0.727834 -0.120026
v 1.479264 0.727834 -0.111472
v 1.479264 0.727834 -0.102919
v 1.479264 0.723497 -0.102919
v 1.479264 0.719160 -0.102919
v 1.487817 0.719160 -0.102919
v 1.496371 0.719160 -0.102919
v 1.496371 0.719160 -0.111472
v 1.496371 0.719160 -0.120026
v -5.540021 0.719160 -2.813301
v -5.548575 0.719160 -2.813301
v -5.548575 0.719160 -2.804747
v -5.548575 0.719160 -2.796194
v -5.548575 0.723497 -2.796194
v -5.548575 0.727834 -2.796194
v -5.540021 0.727834 -2.796194
v -5.531468 0.727834 -2.796194
v -5.531468 0.727834 -2.804747
v -5.531468 0.727834 -2.813301
v -5.531468 0.723497 -2.813301
v -5.531468 0.719160 -2.813301
v 1.496371 0.719160 -2.804747
v 1.496371 0.719160 -2.813301
v 1.487817 0.719160 -2.813301
v 1.479264 0.719160 -2.813301
v 1.479264 0.723497 -2.813301
v 1.479264 0.727834 -2.813301
v 1.479264 0.727834 -2.804747
v 1.479264 0.727834 -2.796194
v 1.487817 0.727834 -2.796194
v 1.496371 0.727834 -2.796194
v 1.496371 0.723497 -2.796194
v 1.496371 0.719160 -2.796194
v -5.540021 0.583259 -2.796194
v -5.548575 0.583259 -2.796194
v -5.548575 0.587596 -2.796194
v -5.548575 0.591933 -2.796194
v -5.548575 0.591933 -2.804747
v -5.548575 0.591933 -2.813301
v -5.540021 0.591933 -2.813301
v -5.531468 0.591933 -2.813301
v -5.531468 0.587596 -2.813301
v -5.531468 0.583259 -2.813301
v -5.531468 0.583259 -2.804747
v -5.531468 0.583259 -2.796194
v 1.496371 0.587596 -2.796194
v 1.496371 0.583259 -2.796194
v 1.487817 0.583259 -2.796194
v 1.479264 0.583259 -2.796194
v 1.479264 0.583259 -2.804747
v 1.479264 0.583259 -2.813301
v 1.479264 0.587596 -2.813301
v 1.479264 0.591933 -2.813301
v 1.487817 0.591933 -2.813301
v 1.496371 0.591933 -2.813301
v 1.496371 0.591933 -2.804747
v 1.496371 0.591933 -2.796194
v -5.548575 0.587596 -0.111472
v -5.548575 0.583259 -0.111472
v -5.540021 0.583259 -0.111472
v -5.540021 0.583259 -0.102919
v -5.540021 0.587596 -0.102919
v -5.548575 0.587596 -0.102919
v -5.548575 0.583259 -0.102919
v 1.487817 0.583259 -0.111472
v 1.496371 0.583259 -0.111472
v 1.496371 0.587596 -0.111472
v 1.496371 0.587596 -0.102919
v 1.487817 0.587596 -0.102919
v 1.487817 0.583259 -0.102919
v 1.496371 0.583259 -0.102919
v -5.540021 0.727834 -0.111472
v -5.548575 0.727834 -0.111472
v -5.548575 0.723497 -0.111472
v -5.548575 0.723497 -0.102919
v -5.540021 0.723497 -0.102919
v -5.540021 0.727834 -0.102919
v -5.548575 0.727834 -0.102919
v 1.496371 0.723497 -0.111472
v 1.496371 0.727834 -0.111472
v 1.487817 0.727834 -0.111472
v 1.487817 0.727834 -0.102919
v 1.487817 0.723497 -0.102919
v 1.496371 0.723497 -0.102919
v 1.496371 0.727834 -0.102919
v -5.540021 0.723497 -2.813301
v -5.548575 0.723497 -2.813301
v -5.548575 0.723497 -2.804747
v -5.548575 0.727834 -2.804747
v -5.540021 0.727834 -2.804747
v -5.540021 0.727834 -2.813301
v -5.548575 0.727834 -2.813301
v 1.496371 0.723497 -2.804747
v 1.496371 0.723497 -2.813301
v 1.487817 0.723497 -2.813301
v 1.487817 0.727834 -2.813301
v 1.487817 0.727834 -2.804747
v 1.496371 0.727834 -2.804747
v 1.496371 0.727834 -2.813301
v -5.540021 0.583259 -2.804747
v -5.548575 0.583259 -2.804747
v -5.548575 0.587596 -2.804747
v -5.548575 0.587596 -2.813301
v -5.540021 0.587596 -2.813301
v -5.540021 0.583259 -2.813301
v -5.548575 0.583259 -2.813301
v 1.496371 0.587596 -2.804747
v 1.496371 0.583259 -2.804747
v 1.487817 0.583259 -2.804747
v 1.487817 0.583259 -2.813301
v 1.487817 0.587596 -2.813301
v 1.496371 0.587596 -2.813301
v 1.496371 0.583259 -2.813301
v -1.307893 0.587596 -0.102919
v -1.307893 0.583259 -0.102919
v -1.307893 0.583259 -0.111472
v -1.307893 0.583259 -0.120026
v -1.307893 0.583259 -2.796194
v -1.307893 0.583259 -2.804747
v -1.307893 0.583259 -2.813301
v -1.307893 0.587596 -2.813301
v -1.307893 0.591933 -2.813301
v -1.307893 0.719160 -2.813301
v -1.307893 0.723497 -2.813301
v -1.307893 0.727834 -2.813301
v -1.307893 0.727834 -2.804747
v -1.307893 0.727834 -2.796194
v -1.307893 0.727834 -0.120026
v -1.307893 0.727834 -0.111472
v -1.307893 0.727834 -0.102919
v -1.307893 0.723497 -0.102919
v -1.307893 0.719160 -0.102919
v -1.307893 0.591933 -0.102919
v -0.457029 0.591933 -0.102919
v -0.457029 0.719160 -0.102919
v -0.457029 0.723497 -0.102919
v -0.457029 0.727834 -0.102919
v -0.457029 0.727834 -0.111472
v -0.457029 0.727834 -0.120026
v -0.457029 0.727834 -2.796194
v -0.457029 0.727834 -2.804747
v -0.457029 0.727834 -2.813301
v -0.457029 0.723497 -2.813301
v -0.457029 0.719160 -2.813301
v -0.457029 0.591933 -2.813301
v -0.457029 0.587596 -2.813301
v -0.457029 0.583259 -2.813301
v -0.457029 0.583259 -2.804747
v -0.457029 0.583259 -2.796194
v -0.457029 0.583259 -0.120026
v -0.457029 0.583259 -0.111472
v -0.457029 0.583259 -0.102919
v -0.457029 0.587596 -0.102919
v -1.694256 0.587596 -0.102919
v -1.694256 0.583259 -0.102919
v -1.694256 0.583259 -0.111472
v -1.694256 0.583259 -0.120026
v -1.694256 0.583259 -2.796194
v -1.694256 0.583259 -2.804747
v -1.694256 0.583259 -2.813301
v -1.694256 0.587596 -2.813301
v -1.694256 0.591933 -2.813301
v -1.694256 0.719160 -2.813301
v -1.694256 0.723497 -2.813301
v -1.694256 0.727834 -2.813301
v -1.694256 0.727834 -2.804747
v -1.694256 0.727834 -2.796194
v -1.694256 0.727834 -0.120026
v -1.694256 0.727834 -0.111472
v -1.694256 0.727834 -0.102919
v -1.694256 0.723497 -0.102919
v -1.694256 0.719160 -0.102919
v -1.694256 0.591933 -0.102919
v -5.540021 0.583259 -0.926919
v -5.548575 0.583259 -0.926919
v -5.548575 0.587596 -0.926919
v -5.548575 0.591933 -0.926919
v -5.548575 0.719160 -0.926919
v -5.548575 0.723497 -0.926919
v -5.548575 0.727834 -0.926919
v -5.540021 0.727834 -0.926919
v -5.531468 0.727834 -0.926919
v -1.694256 0.727834 -0.926919
v -1.307893 0.727834 -0.926919
v -0.457029 0.727834 -0.926919
v 1.479263 0.727834 -0.926919
v 1.487817 0.727834 -0.926919
v 1.496371 0.727834 -0.926919
v 1.496371 0.723497 -0.926919
v 1.496371 0.719160 -0.926919
v 1.496371 0.591933 -0.926919
v 1.496371 0.587596 -0.926919
v 1.496371 0.583259 -0.926919
v 1.487817 0.583259 -0.926919
v 1.479264 0.583259 -0.926919
v -0.457029 0.583259 -0.926919
v -1.307893 0.583259 -0.926919
v -1.694256 0.583259 -0.926919
v -5.531467 0.583259 -0.926919
v -5.531468 0.583259 -2.056986
v -1.694256 0.583259 -2.056986
v -1.307893 0.583259 -2.056986
v -0.457029 0.583259 -2.056986
v 1.479263 0.583259 -2.056986
v 1.487817 0.583259 -2.056986
v 1.496371 0.583259 -2.056986
v 1.496371 0.587596 -2.056986
v 1.496371 0.591933 -2.056986
v 1.496371 0.719160 -2.056986
v 1.496371 0.723497 -2.056986
v 1.496371 0.727834 -2.056986
v 1.487817 0.727834 -2.056986
v 1.479264 0.727834 -2.056986
v -0.457029 0.727834 -2.056986
v -1.307893 0.727834 -2.056986
v -1.694256 0.727834 -2.056986
v -5.531467 0.727834 -2.056986
v -5.540021 0.727834 -2.056986
v -5.548575 0.727834 -2.056986
v -5.548575 0.723497 -2.056986
v -5.548575 0.719160 -2.056986
v -5.548575 0.591933 -2.056986
v -5.548575 0.587596 -2.056986
v -5.548575 0.583259 -2.056986
v -5.540021 0.583259 -2.056986
v 1.858679 3.974175 2.819452
v 1.858679 3.969839 2.819452
v 1.867233 3.969839 2.819452
v 1.875786 3.969839 2.819452
v 1.875786 3.969839 2.828005
v 1.875786 3.969839 2.836559
v 1.875786 3.974175 2.836559
v 1.875786 3.978512 2.836559
v 1.867233 3.978512 2.836559
v 1.858679 3.978512 2.836559
v 1.858679 3.978512 2.828005
v 1.858679 3.978512 2.819452
v 5.557571 3.969839 2.819452
v 5.566126 3.969839 2.819452
v 5.566126 3.974175 2.819452
v 5.566126 3.978512 2.819452
v 5.566126 3.978512 2.828005
v 5.566126 3.978512 2.836559
v 5.557571 3.978512 2.836559
v 5.549018 3.978512 2.836559
v 5.549018 3.974175 2.836559
v 5.549018 3.969839 2.836559
v 5.549018 3.969839 2.828005
v 5.549018 3.969839 2.819452
v 1.867233 4.114413 2.819452
v 1.858679 4.114413 2.819452
v 1.858679 4.110076 2.819452
v 1.858679 4.105739 2.819452
v 1.858679 4.105739 2.828005
v 1.858679 4.105739 2.836559
v 1.867233 4.105739 2.836559
v 1.875786 4.105739 2.836559
v 1.875786 4.110076 2.836559
v 1.875786 4.114413 2.836559
v 1.875786 4.114413 2.828005
v 1.875786 4.114413 2.819452
v 5.566126 4.110076 2.819452
v 5.566126 4.114413 2.819452
v 5.557571 4.114413 2.819452
v 5.549018 4.114413 2.819452
v 5.549018 4.114413 2.828005
v 5.549018 4.114413 2.836559
v 5.549018 4.110076 2.836559
v 5.549018 4.105739 2.836559
v 5.557571 4.105739 2.836559
v 5.566126 4.105739 2.836559
v 5.566126 4.105739 2.828005
v 5.566126 4.105739 2.819452
v 1.867233 4.105739 -2.813301
v 1.858679 4.105739 -2.813301
v 1.858679 4.105739 -2.804747
v 1.858679 4.105739 -2.796194
v 1.858679 4.110076 -2.796194
v 1.858679 4.114413 -2.796194
v 1.867233 4.114413 -2.796194
v 1.875786 4.114413 -2.796194
v 1.875786 4.114413 -2.804747
v 1.875786 4.114413 -2.813301
v 1.875786 4.110076 -2.813301
v 1.875786 4.105739 -2.813301
v 5.566126 4.105739 -2.804747
v 5.566126 4.105739 -2.813301
v 5.557571 4.105739 -2.813301
v 5.549018 4.105739 -2.813301
v 5.549018 4.110076 -2.813301
v 5.549018 4.114413 -2.813301
v 5.549018 4.114413 -2.804747
v 5.549018 4.114413 -2.796194
v 5.557571 4.114413 -2.796194
v 5.566126 4.114413 -2.796194
v 5.566126 4.110076 -2.796194
v 5.566126 4.105739 -2.796194
v 1.867233 3.969839 -2.796194
v 1.858679 3.969839 -2.796194
v 1.858679 3.974175 -2.796194
v 1.858679 3.978512 -2.796194
v 1.858679 3.978512 -2.804747
v 1.858679 3.978512 -2.813301
v 1.867233 3.978512 -2.813301
v 1.875786 3.978512 -2.813301
v 1.875786 3.974175 -2.813301
v 1.875786 3.969839 -2.813301
v 1.875786 3.969839 -2.804747
v 1.875786 3.969839 -2.796194
v 5.566126 3.974175 -2.796194
v 5.566126 3.969839 -2.796194
v 5.557571 3.969839 -2.796194
v 5.549018 3.969839 -2.796194
v 5.549018 3.969839 -2.804747
v 5.549018 3.969839 -2.813301
v 5.549018 3.974175 -2.813301
v 5.549018 3.978512 -2.813301
v 5.557571 3.978512 -2.813301
v 5.566126 3.978512 -2.813301
v 5.566126 3.978512 -2.804747
v 5.566126 3.978512 -2.796194
v 1.858679 3.974175 2.828005
v 1.858679 3.969839 2.828005
v 1.867233 3.969839 2.828005
v 1.867233 3.969839 2.836559
v 1.867233 3.974175 2.836559
v 1.858679 3.974175 2.836559
v 1.858679 3.969839 2.836559
v 5.557571 3.969839 2.828005
v 5.566126 3.969839 2.828005
v 5.566126 3.974175 2.828005
v 5.566126 3.974175 2.836559
v 5.557571 3.974175 2.836559
v 5.557571 3.969839 2.836559
v 5.566126 3.969839 2.836559
v 1.867233 4.114413 2.828005
v 1.858679 4.114413 2.828005
v 1.858679 4.110076 2.828005
v 1.858679 4.110076 2.836559
v 1.867233 4.110076 2.836559
v 1.867233 4.114413 2.836559
v 1.858679 4.114413 2.836559
v 5.566126 4.110076 2.828005
v 5.566126 4.114413 2.828005
v 5.557571 4.114413 2.828005
v 5.557571 4.114413 2.836559
v 5.557571 4.110076 2.836559
v 5.566126 4.110076 2.836559
v 5.566126 4.114413 2.836559
v 1.867233 4.110076 -2.813301
v 1.858679 4.110076 -2.813301
v 1.858679 4.110076 -2.804747
v 1.858679 4.114413 -2.804747
v 1.867233 4.114413 -2.804747
v 1.867233 4.114413 -2.813301
v 1.858679 4.114413 -2.813301
v 5.566126 4.110076 -2.804747
v 5.566126 4.110076 -2.813301
v 5.557571 4.110076 -2.813301
v 5.557571 4.114413 -2.813301
v 5.557571 4.114413 -2.804747
v 5.566126 4.114413 -2.804747
v 5.566126 4.114413 -2.813301
v 1.867233 3.969839 -2.804747
v 1.858679 3.969839 -2.804747
v 1.858679 3.974175 -2.804747
v 1.858679 3.974175 -2.813301
v 1.867233 3.974175 -2.813301
v 1.867233 3.969839 -2.813301
v 1.858679 3.969839 -2.813301
v 5.566126 3.974175 -2.804747
v 5.566126 3.969839 -2.804747
v 5.557571 3.969839 -2.804747
v 5.557571 3.969839 -2.813301
v 5.557571 3.974175 -2.813301
v 5.566126 3.974175 -2.813301
v 5.566126 3.969839 -2.813301
v 5.552447 3.978512 2.836559
v 5.552447 4.105739 2.836559
v 5.552447 4.110076 2.836559
v 5.552447 4.114413 2.836559
v 5.552447 4.114413 2.828005
v 5.552447 4.114413 2.819452
v 5.552447 4.114413 -2.796194
v 5.552447 4.114413 -2.804747
v 5.552447 4.114413 -2.813301
v 5.552447 4.110076 -2.813301
v 5.552447 4.105739 -2.813301
v 5.552447 3.978512 -2.813301
v 5.552447 3.974175 -2.813301
v 5.552447 3.969839 -2.813301
v 5.552447 3.969839 -2.804747
v 5.552447 3.969839 -2.796194
v 5.552447 3.969839 2.819452
v 5.552447 3.969839 2.828005
v 5.552447 3.969839 2.836559
v 5.552447 3.974175 2.836559
v 1.867233 3.969839 2.012559
v 1.858679 3.969839 2.012559
v 1.858679 3.974175 2.012559
v 1.858679 3.978512 2.012559
v 1.858679 4.105739 2.012559
v 1.858679 4.110076 2.012559
v 1.858679 4.114413 2.012559
v 1.867233 4.114413 2.012559
v 1.875786 4.114413 2.012559
v 5.552447 4.114413 2.012559
v 5.549018 4.114413 2.012559
v 5.557572 4.114413 2.012559
v 5.566126 4.114413 2.012559
v 5.566126 4.110076 2.012559
v 5.566126 4.105739 2.012559
v 5.566126 3.978512 2.012559
v 5.566126 3.974175 2.012559
v 5.566126 3.969839 2.012559
v 5.557572 3.969839 2.012559
v 5.549018 3.969839 2.012559
v 5.552447 3.969839 2.012559
v 1.875787 3.969839 2.012559
v 1.875786 3.969839 -2.056986
v 5.552447 3.969839 -2.056986
v 5.549018 3.969839 -2.056986
v 5.557572 3.969839 -2.056986
v 5.566126 3.969839 -2.056986
v 5.566126 3.974175 -2.056986
v 5.566126 3.978512 -2.056986
v 5.566126 4.105739 -2.056986
v 5.566126 4.110076 -2.056986
v 5.566126 4.114413 -2.056986
v 5.557572 4.114413 -2.056986
v 5.549018 4.114413 -2.056986
v 5.552447 4.114413 -2.056986
v 1.875787 4.114413 -2.056986
v 1.867233 4.114413 -2.056986
v 1.858679 4.114413 -2.056986
v 1.858679 4.110076 -2.056986
v 1.858679 4.105739 -2.056986
v 1.858679 3.978512 -2.056986
v 1.858679 3.974175 -2.056986
v 1.858679 3.969839 -2.056986
v 1.867233 3.969839 -2.056986
v 1.858679 0.820659 2.809574
v 1.858679 0.816323 2.809574
v 1.867233 0.816323 2.809574
v 1.875786 0.816323 2.809574
v 1.875786 0.816323 2.818127
v 1.875786 0.816323 2.826681
v 1.875786 0.820659 2.826681
v 1.875786 0.824997 2.826681
v 1.867233 0.824997 2.826681
v 1.858679 0.824997 2.826681
v 1.858679 0.824997 2.818127
v 1.858679 0.824997 2.809574
v 5.557571 0.816323 2.809574
v 5.566126 0.816323 2.809574
v 5.566126 0.820659 2.809574
v 5.566126 0.824997 2.809574
v 5.566126 0.824997 2.818127
v 5.566126 0.824997 2.826681
v 5.557571 0.824997 2.826681
v 5.549018 0.824997 2.826681
v 5.549018 0.820659 2.826681
v 5.549018 0.816323 2.826681
v 5.549018 0.816323 2.818127
v 5.549018 0.816323 2.809574
v 1.867233 0.960897 2.809574
v 1.858679 0.960897 2.809574
v 1.858679 0.956560 2.809574
v 1.858679 0.952224 2.809574
v 1.858679 0.952224 2.818127
v 1.858679 0.952224 2.826681
v 1.867233 0.952224 2.826681
v 1.875786 0.952224 2.826681
v 1.875786 0.956560 2.826681
v 1.875786 0.960897 2.826681
v 1.875786 0.960897 2.818127
v 1.875786 0.960897 2.809574
v 5.566126 0.956560 2.809574
v 5.566126 0.960897 2.809574
v 5.557571 0.960897 2.809574
v 5.549018 0.960897 2.809574
v 5.549018 0.960897 2.818127
v 5.549018 0.960897 2.826681
v 5.549018 0.956560 2.826681
v 5.549018 0.952224 2.826681
v 5.557571 0.952224 2.826681
v 5.566126 0.952224 2.826681
v 5.566126 0.952224 2.818127
v 5.566126 0.952224 2.809574
v 1.867233 0.952224 -2.813301
v 1.858679 0.952224 -2.813301
v 1.858679 0.952224 -2.804747
v 1.858679 0.952224 -2.796194
v 1.858679 0.956560 -2.796194
v 1.858679 0.960897 -2.796194
v 1.867233 0.960897 -2.796194
v 1.875786 0.960897 -2.796194
v 1.875786 0.960897 -2.804747
v 1.875786 0.960897 -2.813301
v 1.875786 0.956560 -2.813301
v 1.875786 0.952224 -2.813301
v 5.566126 0.952224 -2.804747
v 5.566126 0.952224 -2.813301
v 5.557571 0.952224 -2.813301
v 5.549018 0.952224 -2.813301
v 5.549018 0.956560 -2.813301
v 5.549018 0.960897 -2.813301
v 5.549018 0.960897 -2.804747
v 5.549018 0.960897 -2.796194
v 5.557571 0.960897 -2.796194
v 5.566126 0.960897 -2.796194
v 5.566126 0.956560 -2.796194
v 5.566126 0.952224 -2.796194
v 1.867233 0.816323 -2.796194
v 1.858679 0.816323 -2.796194
v 1.858679 0.820659 -2.796194
v 1.858679 0.824997 -2.796194
v 1.858679 0.824997 -2.804747
v 1.858679 0.824997 -2.813301
v 1.867233 0.824997 -2.813301
v 1.875786 0.824997 -2.813301
v 1.875786 0.820659 -2.813301
v 1.875786 0.816323 -2.813301
v 1.875786 0.816323 -2.804747
v 1.875786 0.816323 -2.796194
v 5.566126 0.820659 -2.796194
v 5.566126 0.816323 -2.796194
v 5.557571 0.816323 -2.796194
v 5.549018 0.816323 -2.796194
v 5.549018 0.816323 -2.804747
v 5.549018 0.816323 -2.813301
v 5.549018 0.820659 -2.813301
v 5.549018 0.824997 -2.813301
v 5.557571 0.824997 -2.813301
v 5.566126 0.824997 -2.813301
v 5.566126 0.824997 -2.804747
v 5.566126 0.824997 -2.796194
v 1.858679 0.820659 2.818127
v 1.858679 0.816323 2.818127
v 1.867233 0.816323 2.818127
v 1.867233 0.816323 2.826681
v 1.867233 0.820659 2.826681
v 1.858679 0.820659 2.826681
v 1.858679 0.816323 2.826681
v 5.557571 0.816323 2.818127
v 5.566126 0.816323 2.818127
v 5.566126 0.820659 2.818127
v 5.566126 0.820659 2.826681
v 5.557571 0.820659 2.826681
v 5.557571 0.816323 2.826681
v 5.566126 0.816323 2.826681
v 1.867233 0.960897 2.818127
v 1.858679 0.960897 2.818127
v 1.858679 0.956560 2.818127
v 1.858679 0.956560 2.826681
v 1.867233 0.956560 2.826681
v 1.867233 0.960897 2.826681
v 1.858679 0.960897 2.826681
v 5.566126 0.956560 2.818127
v 5.566126 0.960897 2.818127
v 5.557571 0.960897 2.818127
v 5.557571 0.960897 2.826681
v 5.557571 0.956560 2.826681
v 5.566126 0.956560 2.826681
v 5.566126 0.960897 2.826681
v 1.867233 0.956560 -2.813301
v 1.858679 0.956560 -2.813301
v 1.858679 0.956560 -2.804747
v 1.858679 0.960897 -2.804747
v 1.867233 0.960897 -2.804747
v 1.867233 0.960897 -2.813301
v 1.858679 0.960897 -2.813301
v 5.566126 0.956560 -2.804747
v 5.566126 0.956560 -2.813301
v 5.557571 0.956560 -2.813301
v 5.557571 0.960897 -2.813301
v 5.557571 0.960897 -2.804747
v 5.566126 0.960897 -2.804747
v 5.566126 0.960897 -2.813301
v 1.867233 0.816323 -2.804747
v 1.858679 0.816323 -2.804747
v 1.858679 0.820659 -2.804747
v 1.858679 0.820659 -2.813301
v 1.867233 0.820659 -2.813301
v 1.867233 0.816323 -2.813301
v 1.858679 0.816323 -2.813301
v 5.566126 0.820659 -2.804747
v 5.566126 0.816323 -2.804747
v 5.557571 0.816323 -2.804747
v 5.557571 0.816323 -2.813301
v 5.557571 0.820659 -2.813301
v 5.566126 0.820659 -2.813301
v 5.566126 0.816323 -2.813301
v 5.552447 0.824997 2.826681
v 5.552447 0.952224 2.826681
v 5.552447 0.956560 2.826681
v 5.552447 0.960897 2.826681
v 5.552447 0.960897 2.818127
v 5.552447 0.960897 2.809574
v 5.552447 0.960897 -2.796194
v 5.552447 0.960897 -2.804747
v 5.552447 0.960897 -2.813301
v 5.552447 0.956560 -2.813301
v 5.552447 0.952224 -2.813301
v 5.552447 0.824997 -2.813301
v 5.552447 0.820659 -2.813301
v 5.552447 0.816323 -2.813301
v 5.552447 0.816323 -2.804747
v 5.552447 0.816323 -2.796194
v 5.552447 0.816323 2.809574
v 5.552447 0.816323 2.818127
v 5.552447 0.816323 2.826681
v 5.552447 0.820659 2.826681
v 1.867233 0.816323 2.002681
v 1.858679 0.816323 2.002681
v 1.858679 0.820659 2.002681
v 1.858679 0.824997 2.002681
v 1.858679 0.952224 2.002681
v 1.858679 0.956560 2.002681
v 1.858679 0.960897 2.002681
v 1.867233 0.960897 2.002681
v 1.875786 0.960897 2.002681
v 5.552447 0.960897 2.002681
v 5.549018 0.960897 2.002681
v 5.557572 0.960897 2.002681
v 5.566126 0.960897 2.002681
v 5.566126 0.956560 2.002681
v 5.566126 0.952224 2.002681
v 5.566126 0.824997 2.002681
v 5.566126 0.820659 2.002681
v 5.566126 0.816323 2.002681
v 5.557572 0.816323 2.002681
v 5.549018 0.816323 2.002681
v 5.552447 0.816323 2.002681
v 1.875787 0.816323 2.002681
v 1.875786 0.816323 -2.056986
v 5.552447 0.816323 -2.056986
v 5.549018 0.816323 -2.056986
v 5.557572 0.816323 -2.056986
v 5.566126 0.816323 -2.056986
v 5.566126 0.820659 -2.056986
v 5.566126 0.824997 -2.056986
v 5.566126 0.952224 -2.056986
v 5.566126 0.956560 -2.056986
v 5.566126 0.960897 -2.056986
v 5.557572 0.960897 -2.056986
v 5.549018 0.960897 -2.056986
v 5.552447 0.960897 -2.056986
v 1.875787 0.960897 -2.056986
v 1.867233 0.960897 -2.056986
v 1.858679 0.960897 -2.056986
v 1.858679 0.956560 -2.056986
v 1.858679 0.952224 -2.056986
v 1.858679 0.824997 -2.056986
v 1.858679 0.820659 -2.056986
v 1.858679 0.816323 -2.056986
v 1.867233 0.816323 -2.056986
v 1.858679 3.952731 2.832223
v 1.858679 3.952731 2.836559
v 1.867233 3.952731 2.836559
v 1.875786 3.952731 2.836559
v 1.875786 3.961285 2.836559
v 1.875786 3.969839 2.836559
v 1.875786 3.969839 2.832223
v 1.875786 3.969839 2.827885
v 1.867233 3.969839 2.827885
v 1.858679 3.969839 2.827885
v 1.858679 3.961285 2.827885
v 1.858679 3.952731 2.827885
v 5.557571 3.952731 2.836559
v 5.566126 3.952731 2.836559
v 5.566126 3.952731 2.832223
v 5.566126 3.952731 2.827885
v 5.566126 3.961285 2.827885
v 5.566126 3.969839 2.827885
v 5.557571 3.969839 2.827885
v 5.549018 3.969839 2.827885
v 5.549018 3.969839 2.832223
v 5.549018 3.969839 2.836559
v 5.549018 3.961285 2.836559
v 5.549018 3.952731 2.836559
v 1.867233 3.952731 2.691985
v 1.858679 3.952731 2.691985
v 1.858679 3.952731 2.696322
v 1.858679 3.952731 2.700658
v 1.858679 3.961285 2.700658
v 1.858679 3.969839 2.700658
v 1.867233 3.969839 2.700658
v 1.875786 3.969839 2.700658
v 1.875786 3.969839 2.696322
v 1.875786 3.969839 2.691985
v 1.875786 3.961285 2.691985
v 1.875786 3.952731 2.691985
v 5.566126 3.952731 2.696322
v 5.566126 3.952731 2.691985
v 5.557571 3.952731 2.691985
v 5.549018 3.952731 2.691985
v 5.549018 3.961285 2.691985
v 5.549018 3.969839 2.691985
v 5.549018 3.969839 2.696322
v 5.549018 3.969839 2.700658
v 5.557571 3.969839 2.700658
v 5.566126 3.969839 2.700658
v 5.566126 3.961285 2.700658
v 5.566126 3.952731 2.700658
v 1.867233 2.947089 2.700658
v 1.858679 2.947089 2.700658
v 1.858679 2.955643 2.700658
v 1.858679 2.964196 2.700658
v 1.858679 2.964196 2.696322
v 1.858679 2.964196 2.691985
v 1.867233 2.964196 2.691985
v 1.875786 2.964196 2.691985
v 1.875786 2.955643 2.691985
v 1.875786 2.947089 2.691985
v 1.875786 2.947089 2.696322
v 1.875786 2.947089 2.700658
v 5.566126 2.955643 2.700658
v 5.566126 2.947089 2.700658
v 5.557571 2.947089 2.700658
v 5.549018 2.947089 2.700658
v 5.549018 2.947089 2.696322
v 5.549018 2.947089 2.691985
v 5.549018 2.955643 2.691985
v 5.549018 2.964196 2.691985
v 5.557571 2.964196 2.691985
v 5.566126 2.964196 2.691985
v 5.566126 2.964196 2.696322
v 5.566126 2.964196 2.700658
v 1.867233 2.964196 2.836559
v 1.858679 2.964196 2.836559
v 1.858679 2.964196 2.832223
v 1.858679 2.964196 2.827885
v 1.858679 2.955643 2.827885
v 1.858679 2.947089 2.827885
v 1.867233 2.947089 2.827885
v 1.875786 2.947089 2.827885
v 1.875786 2.947089 2.832223
v 1.875786 2.947089 2.836559
v 1.875786 2.955643 2.836559
v 1.875786 2.964196 2.836559
v 5.566126 2.964196 2.832223
v 5.566126 2.964196 2.836559
v 5.557571 2.964196 2.836559
v 5.549018 2.964196 2.836559
v 5.549018 2.955643 2.836559
v 5.549018 2.947089 2.836559
v 5.549018 2.947089 2.832223
v 5.549018 2.947089 2.827885
v 5.557571 2.947089 2.827885
v 5.566126 2.947089 2.827885
v 5.566126 2.955643 2.827885
v 5.566126 2.964196 2.827885
v 1.858679 3.961285 2.832223
v 1.858679 3.961285 2.836559
v 1.867233 3.961285 2.836559
v 1.867233 3.969839 2.836559
v 1.867233 3.969839 2.832223
v 1.858679 3.969839 2.832223
v 1.858679 3.969839 2.836559
v 5.557571 3.961285 2.836559
v 5.566126 3.961285 2.836559
v 5.566126 3.961285 2.832223
v 5.566126 3.969839 2.832223
v 5.557571 3.969839 2.832223
v 5.557571 3.969839 2.836559
v 5.566126 3.969839 2.836559
v 1.867233 3.961285 2.691985
v 1.858679 3.961285 2.691985
v 1.858679 3.961285 2.696322
v 1.858679 3.969839 2.696322
v 1.867233 3.969839 2.696322
v 1.867233 3.969839 2.691985
v 1.858679 3.969839 2.691985
v 5.566126 3.961285 2.696322
v 5.566126 3.961285 2.691985
v 5.557571 3.961285 2.691985
v 5.557571 3.969839 2.691985
v 5.557571 3.969839 2.696322
v 5.566126 3.969839 2.696322
v 5.566126 3.969839 2.691985
v 1.867233 2.947089 2.696322
v 1.858679 2.947089 2.696322
v 1.858679 2.955643 2.696322
v 1.858679 2.955643 2.691985
v 1.867233 2.955643 2.691985
v 1.867233 2.947089 2.691985
v 1.858679 2.947089 2.691985
v 5.566126 2.955643 2.696322
v 5.566126 2.947089 2.696322
v 5.557571 2.947089 2.696322
v 5.557571 2.947089 2.691985
v 5.557571 2.955643 2.691985
v 5.566126 2.955643 2.691985
v 5.566126 2.947089 2.691985
v 1.867233 2.955643 2.836559
v 1.858679 2.955643 2.836559
v 1.858679 2.955643 2.832223
v 1.858679 2.947089 2.832223
v 1.867233 2.947089 2.832223
v 1.867233 2.947089 2.836559
v 1.858679 2.947089 2.836559
v 5.566126 2.955643 2.832223
v 5.566126 2.955643 2.836559
v 5.557571 2.955643 2.836559
v 5.557571 2.947089 2.836559
v 5.557571 2.947089 2.832223
v 5.566126 2.947089 2.832223
v 5.566126 2.947089 2.836559
v 5.552447 3.969839 2.827885
v 5.552447 3.969839 2.700658
v 5.552447 3.969839 2.696322
v 5.552447 3.969839 2.691985
v 5.552447 3.961285 2.691985
v 5.552447 3.952731 2.691985
v 5.552447 2.964196 2.691985
v 5.552447 2.955643 2.691985
v 5.552447 2.947089 2.691985
v 5.552447 2.947089 2.696322
v 5.552447 2.947089 2.700658
v 5.552447 2.947089 2.827885
v 5.552447 2.947089 2.832223
v 5.552447 2.947089 2.836559
v 5.552447 2.955643 2.836559
v 5.552447 2.964196 2.836559
v 5.552447 3.952731 2.836559
v 5.552447 3.961285 2.836559
v 5.552447 3.969839 2.836559
v 5.552447 3.969839 2.832223
v 1.875786 3.459482 2.836559
v 5.552447 3.459482 2.836559
v 5.549018 3.459482 2.836559
v 5.557572 3.459482 2.836559
v 5.566126 3.459482 2.836559
v 5.566126 3.459482 2.832223
v 5.566126 3.459482 2.827885
v 5.566126 3.459482 2.700658
v 5.566126 3.459482 2.696322
v 5.566126 3.459482 2.691985
v 5.557572 3.459482 2.691985
v 5.549018 3.459482 2.691985
v 5.552447 3.459482 2.691985
v 1.875787 3.459482 2.691985
v 1.867233 3.459482 2.691985
v 1.858679 3.459482 2.691985
v 1.858679 3.459482 2.696322
v 1.858679 3.459482 2.700658
v 1.858679 3.459482 2.827885
v 1.858679 3.459482 2.832223
v 1.858679 3.459482 2.836559
v 1.867233 3.459482 2.836559
v 3.714117 3.459482 2.836559
v 3.714117 3.952731 2.836559
v 3.714117 3.961285 2.836559
v 3.714117 3.969839 2.836559
v 3.714117 3.969839 2.832223
v 3.714117 3.969839 2.827885
v 3.714117 3.969839 2.700658
v 3.714117 3.969839 2.696322
v 3.714117 3.969839 2.691985
v 3.714117 3.961285 2.691985
v 3.714117 3.952731 2.691985
v 3.714117 3.459482 2.691985
v 3.714117 2.964196 2.691985
v 3.714117 2.955643 2.691985
v 3.714117 2.947089 2.691985
v 3.714117 2.947089 2.696322
v 3.714117 2.947089 2.700658
v 3.714117 2.947089 2.827885
v 3.714117 2.947089 2.832223
v 3.714117 2.947089 2.836559
v 3.714117 2.955643 2.836559
v 3.714117 2.964196 2.836559
v 1.858679 2.923438 2.832223
v 1.858679 2.923438 2.836559
v 1.867233 2.923438 2.836559
v 1.875786 2.923438 2.836559
v 1.875786 2.931992 2.836559
v 1.875786 2.940545 2.836559
v 1.875786 2.940545 2.832223
v 1.875786 2.940545 2.827885
v 1.867233 2.940545 2.827885
v 1.858679 2.940545 2.827885
v 1.858679 2.931992 2.827885
v 1.858679 2.923438 2.827885
v 5.557571 2.923438 2.836559
v 5.566126 2.923438 2.836559
v 5.566126 2.923438 2.832223
v 5.566126 2.923438 2.827885
v 5.566126 2.931992 2.827885
v 5.566126 2.940545 2.827885
v 5.557571 2.940545 2.827885
v 5.549018 2.940545 2.827885
v 5.549018 2.940545 2.832223
v 5.549018 2.940545 2.836559
v 5.549018 2.931992 2.836559
v 5.549018 2.923438 2.836559
v 1.867233 2.923438 2.691985
v 1.858679 2.923438 2.691985
v 1.858679 2.923438 2.696322
v 1.858679 2.923438 2.700658
v 1.858679 2.931992 2.700658
v 1.858679 2.940545 2.700658
v 1.867233 2.940545 2.700658
v 1.875786 2.940545 2.700658
v 1.875786 2.940545 2.696322
v 1.875786 2.940545 2.691985
v 1.875786 2.931992 2.691985
v 1.875786 2.923438 2.691985
v 5.566126 2.923438 2.696322
v 5.566126 2.923438 2.691985
v 5.557571 2.923438 2.691985
v 5.549018 2.923438 2.691985
v 5.549018 2.931992 2.691985
v 5.549018 2.940545 2.691985
v 5.549018 2.940545 2.696322
v 5.549018 2.940545 2.700658
v 5.557571 2.940545 2.700658
v 5.566126 2.940545 2.700658
v 5.566126 2.931992 2.700658
v 5.566126 2.923438 2.700658
v 1.867233 0.817324 2.700658
v 1.858679 0.817324 2.700658
v 1.858679 0.825878 2.700658
v 1.858679 0.834431 2.700658
v 1.858679 0.834431 2.696322
v 1.858679 0.834431 2.691985
v 1.867233 0.834431 2.691985
v 1.875786 0.834431 2.691985
v 1.875786 0.825878 2.691985
v 1.875786 0.817324 2.691985
v 1.875786 0.817324 2.696322
v 1.875786 0.817324 2.700658
v 5.566126 0.825878 2.700658
v 5.566126 0.817324 2.700658
v 5.557571 0.817324 2.700658
v 5.549018 0.817324 2.700658
v 5.549018 0.817324 2.696322
v 5.549018 0.817324 2.691985
v 5.549018 0.825878 2.691985
v 5.549018 0.834431 2.691985
v 5.557571 0.834431 2.691985
v 5.566126 0.834431 2.691985
v 5.566126 0.834431 2.696322
v 5.566126 0.834431 2.700658
v 1.867233 0.834431 2.836559
v 1.858679 0.834431 2.836559
v 1.858679 0.834431 2.832223
v 1.858679 0.834431 2.827885
v 1.858679 0.825878 2.827885
v 1.858679 0.817324 2.827885
v 1.867233 0.817324 2.827885
v 1.875786 0.817324 2.827885
v 1.875786 0.817324 2.832223
v 1.875786 0.817324 2.836559
v 1.875786 0.825878 2.836559
v 1.875786 0.834431 2.836559
v 5.566126 0.834431 2.832223
v 5.566126 0.834431 2.836559
v 5.557571 0.834431 2.836559
v 5.549018 0.834431 2.836559
v 5.549018 0.825878 2.836559
v 5.549018 0.817324 2.836559
v 5.549018 0.817324 2.832223
v 5.549018 0.817324 2.827885
v 5.557571 0.817324 2.827885
v 5.566126 0.817324 2.827885
v 5.566126 0.825878 2.827885
v 5.566126 0.834431 2.827885
v 1.858679 2.931992 2.832223
v 1.858679 2.931992 2.836559
v 1.867233 2.931992 2.836559
v 1.867233 2.940545 2.836559
v 1.867233 2.940545 2.832223
v 1.858679 2.940545 2.832223
v 1.858679 2.940545 2.836559
v 5.557571 2.931992 2.836559
v 5.566126 2.931992 2.836559
v 5.566126 2.931992 2.832223
v 5.566126 2.940545 2.832223
v 5.557571 2.940545 2.832223
v 5.557571 2.940545 2.836559
v 5.566126 2.940545 2.836559
v 1.867233 2.931992 2.691985
v 1.858679 2.931992 2.691985
v 1.858679 2.931992 2.696322
v 1.858679 2.940545 2.696322
v 1.867233 2.940545 2.696322
v 1.867233 2.940545 2.691985
v 1.858679 2.940545 2.691985
v 5.566126 2.931992 2.696322
v 5.566126 2.931992 2.691985
v 5.557571 2.931992 2.691985
v 5.557571 2.940545 2.691985
v 5.557571 2.940545 2.696322
v 5.566126 2.940545 2.696322
v 5.566126 2.940545 2.691985
v 1.867233 0.817324 2.696322
v 1.858679 0.817324 2.696322
v 1.858679 0.825878 2.696322
v 1.858679 0.825878 2.691985
v 1.867233 0.825878 2.691985
v 1.867233 0.817324 2.691985
v 1.858679 0.817324 2.691985
v 5.566126 0.825878 2.696322
v 5.566126 0.817324 2.696322
v 5.557571 0.817324 2.696322
v 5.557571 0.817324 2.691985
v 5.557571 0.825878 2.691985
v 5.566126 0.825878 2.691985
v 5.566126 0.817324 2.691985
v 1.867233 0.825878 2.836559
v 1.858679 0.825878 2.836559
v 1.858679 0.825878 2.832223
v 1.858679 0.817324 2.832223
v 1.867233 0.817324 2.832223
v 1.867233 0.817324 2.836559
v 1.858679 0.817324 2.836559
v 5.566126 0.825878 2.832223
v 5.566126 0.825878 2.836559
v 5.557571 0.825878 2.836559
v 5.557571 0.817324 2.836559
v 5.557571 0.817324 2.832223
v 5.566126 0.817324 2.832223
v 5.566126 0.817324 2.836559
v 5.552447 2.940545 2.827885
v 5.552447 2.940545 2.700658
v 5.552447 2.940545 2.696322
v 5.552447 2.940545 2.691985
v 5.552447 2.931992 2.691985
v 5.552447 2.923438 2.691985
v 5.552447 0.834431 2.691985
v 5.552447 0.825878 2.691985
v 5.552447 0.817324 2.691985
v 5.552447 0.817324 2.696322
v 5.552447 0.817324 2.700658
v 5.552447 0.817324 2.827885
v 5.552447 0.817324 2.832223
v 5.552447 0.817324 2.836559
v 5.552447 0.825878 2.836559
v 5.552447 0.834431 2.836559
v 5.552447 2.923438 2.836559
v 5.552447 2.931992 2.836559
v 5.552447 2.940545 2.836559
v 5.552447 2.940545 2.832223
v 1.875786 2.430189 2.836559
v 5.552447 2.430189 2.836559
v 5.549018 2.430189 2.836559
v 5.557572 2.430189 2.836559
v 5.566126 2.430189 2.836559
v 5.566126 2.430189 2.832223
v 5.566126 2.430189 2.827885
v 5.566126 2.430189 2.700658
v 5.566126 2.430189 2.696322
v 5.566126 2.430189 2.691985
v 5.557572 2.430189 2.691985
v 5.549018 2.430189 2.691985
v 5.552447 2.430189 2.691985
v 1.875787 2.430189 2.691985
v 1.867233 2.430189 2.691985
v 1.858679 2.430189 2.691985
v 1.858679 2.430189 2.696322
v 1.858679 2.430189 2.700658
v 1.858679 2.430189 2.827885
v 1.858679 2.430189 2.832223
v 1.858679 2.430189 2.836559
v 1.867233 2.430189 2.836559
v 1.875786 1.472734 2.836559
v 5.552447 1.472734 2.836559
v 5.549018 1.472734 2.836559
v 5.557572 1.472734 2.836559
v 5.566126 1.472734 2.836559
v 5.566126 1.472734 2.832223
v 5.566126 1.472734 2.827885
v 5.566126 1.472734 2.700658
v 5.566126 1.472734 2.696322
v 5.566126 1.472734 2.691985
v 5.557572 1.472734 2.691985
v 5.549018 1.472734 2.691985
v 5.552447 1.472734 2.691985
v 1.875787 1.472734 2.691985
v 1.867233 1.472734 2.691985
v 1.858679 1.472734 2.691985
v 1.858679 1.472734 2.696322
v 1.858679 1.472734 2.700658
v 1.858679 1.472734 2.827885
v 1.858679 1.472734 2.832223
v 1.858679 1.472734 2.836559
v 1.867233 1.472734 2.836559
v 3.714117 2.430189 2.836559
v 3.714117 2.923438 2.836559
v 3.714117 2.931992 2.836559
v 3.714117 2.940545 2.836559
v 3.714117 2.940545 2.832223
v 3.714117 2.940545 2.827885
v 3.714117 2.940545 2.700658
v 3.714117 2.940545 2.696322
v 3.714117 2.940545 2.691985
v 3.714117 2.931992 2.691985
v 3.714117 2.923438 2.691985
v 3.714117 2.430189 2.691985
v 3.714117 1.472734 2.691985
v 3.714117 0.834431 2.691985
v 3.714117 0.825878 2.691985
v 3.714117 0.817324 2.691985
v 3.714117 0.817324 2.696322
v 3.714117 0.817324 2.700658
v 3.714117 0.817324 2.827885
v 3.714117 0.817324 2.832223
v 3.714117 0.817324 2.836559
v 3.714117 0.825878 2.836559
v 3.714117 0.834431 2.836559
v 3.714117 1.472734 2.836559
v 1.858679 3.962476 -2.690770
v 1.858679 3.962476 -2.686434
v 1.867233 3.962476 -2.686434
v 1.875786 3.962476 -2.686434
v 1.875786 3.971029 -2.686434
v 1.875786 3.979583 -2.686434
v 1.875786 3.979583 -2.690770
v 1.875786 3.979583 -2.695107
v 1.867233 3.979583 -2.695107
v 1.858679 3.979583 -2.695107
v 1.858679 3.971029 -2.695107
v 1.858679 3.962476 -2.695107
v 5.557571 3.962476 -2.686434
v 5.566126 3.962476 -2.686434
v 5.566126 3.962476 -2.690770
v 5.566126 3.962476 -2.695107
v 5.566126 3.971029 -2.695107
v 5.566126 3.979583 -2.695107
v 5.557571 3.979583 -2.695107
v 5.549018 3.979583 -2.695107
v 5.549018 3.979583 -2.690770
v 5.549018 3.979583 -2.686434
v 5.549018 3.971029 -2.686434
v 5.549018 3.962476 -2.686434
v 1.867233 3.962476 -2.831008
v 1.858679 3.962476 -2.831008
v 1.858679 3.962476 -2.826671
v 1.858679 3.962476 -2.822334
v 1.858679 3.971029 -2.822334
v 1.858679 3.979583 -2.822334
v 1.867233 3.979583 -2.822334
v 1.875786 3.979583 -2.822334
v 1.875786 3.979583 -2.826671
v 1.875786 3.979583 -2.831008
v 1.875786 3.971029 -2.831008
v 1.875786 3.962476 -2.831008
v 5.566126 3.962476 -2.826671
v 5.566126 3.962476 -2.831008
v 5.557571 3.962476 -2.831008
v 5.549018 3.962476 -2.831008
v 5.549018 3.971029 -2.831008
v 5.549018 3.979583 -2.831008
v 5.549018 3.979583 -2.826671
v 5.549018 3.979583 -2.822334
v 5.557571 3.979583 -2.822334
v 5.566126 3.979583 -2.822334
v 5.566126 3.971029 -2.822334
v 5.566126 3.962476 -2.822334
v 1.867233 0.817324 -2.822334
v 1.858679 0.817324 -2.822334
v 1.858679 0.825878 -2.822334
v 1.858679 0.834431 -2.822334
v 1.858679 0.834431 -2.826671
v 1.858679 0.834431 -2.831008
v 1.867233 0.834431 -2.831008
v 1.875786 0.834431 -2.831008
v 1.875786 0.825878 -2.831008
v 1.875786 0.817324 -2.831008
v 1.875786 0.817324 -2.826671
v 1.875786 0.817324 -2.822334
v 5.566126 0.825878 -2.822334
v 5.566126 0.817324 -2.822334
v 5.557571 0.817324 -2.822334
v 5.549018 0.817324 -2.822334
v 5.549018 0.817324 -2.826671
v 5.549018 0.817324 -2.831008
v 5.549018 0.825878 -2.831008
v 5.549018 0.834431 -2.831008
v 5.557571 0.834431 -2.831008
v 5.566126 0.834431 -2.831008
v 5.566126 0.834431 -2.826671
v 5.566126 0.834431 -2.822334
v 1.867233 0.834431 -2.686434
v 1.858679 0.834431 -2.686434
v 1.858679 0.834431 -2.690770
v 1.858679 0.834431 -2.695107
v 1.858679 0.825878 -2.695107
v 1.858679 0.817324 -2.695107
v 1.867233 0.817324 -2.695107
v 1.875786 0.817324 -2.695107
v 1.875786 0.817324 -2.690770
v 1.875786 0.817324 -2.686434
v 1.875786 0.825878 -2.686434
v 1.875786 0.834431 -2.686434
v 5.566126 0.834431 -2.690770
v 5.566126 0.834431 -2.686434
v 5.557571 0.834431 -2.686434
v 5.549018 0.834431 -2.686434
v 5.549018 0.825878 -2.686434
v 5.549018 0.817324 -2.686434
v 5.549018 0.817324 -2.690770
v 5.549018 0.817324 -2.695107
v 5.557571 0.817324 -2.695107
v 5.566126 0.817324 -2.695107
v 5.566126 0.825878 -2.695107
v 5.566126 0.834431 -2.695107
v 1.858679 3.971029 -2.690770
v 1.858679 3.971029 -2.686434
v 1.867233 3.971029 -2.686434
v 1.867233 3.979583 -2.686434
v 1.867233 3.979583 -2.690770
v 1.858679 3.979583 -2.690770
v 1.858679 3.979583 -2.686434
v 5.557571 3.971029 -2.686434
v 5.566126 3.971029 -2.686434
v 5.566126 3.971029 -2.690770
v 5.566126 3.979583 -2.690770
v 5.557571 3.979583 -2.690770
v 5.557571 3.979583 -2.686434
v 5.566126 3.979583 -2.686434
v 1.867233 3.971029 -2.831008
v 1.858679 3.971029 -2.831008
v 1.858679 3.971029 -2.826671
v 1.858679 3.979583 -2.826671
v 1.867233 3.979583 -2.826671
v 1.867233 3.979583 -2.831008
v 1.858679 3.979583 -2.831008
v 5.566126 3.971029 -2.826671
v 5.566126 3.971029 -2.831008
v 5.557571 3.971029 -2.831008
v 5.557571 3.979583 -2.831008
v 5.557571 3.979583 -2.826671
v 5.566126 3.979583 -2.826671
v 5.566126 3.979583 -2.831008
v 1.867233 0.817324 -2.826671
v 1.858679 0.817324 -2.826671
v 1.858679 0.825878 -2.826671
v 1.858679 0.825878 -2.831008
v 1.867233 0.825878 -2.831008
v 1.867233 0.817324 -2.831008
v 1.858679 0.817324 -2.831008
v 5.566126 0.825878 -2.826671
v 5.566126 0.817324 -2.826671
v 5.557571 0.817324 -2.826671
v 5.557571 0.817324 -2.831008
v 5.557571 0.825878 -2.831008
v 5.566126 0.825878 -2.831008
v 5.566126 0.817324 -2.831008
v 1.867233 0.825878 -2.686434
v 1.858679 0.825878 -2.686434
v 1.858679 0.825878 -2.690770
v 1.858679 0.817324 -2.690770
v 1.867233 0.817324 -2.690770
v 1.867233 0.817324 -2.686434
v 1.858679 0.817324 -2.686434
v 5.566126 0.825878 -2.690770
v 5.566126 0.825878 -2.686434
v 5.557571 0.825878 -2.686434
v 5.557571 0.817324 -2.686434
v 5.557571 0.817324 -2.690770
v 5.566126 0.817324 -2.690770
v 5.566126 0.817324 -2.686434
v 5.552447 3.979583 -2.695107
v 5.552447 3.979583 -2.822334
v 5.552447 3.979583 -2.826671
v 5.552447 3.979583 -2.831008
v 5.552447 3.971029 -2.831008
v 5.552447 3.962476 -2.831008
v 5.552447 0.834431 -2.831008
v 5.552447 0.825878 -2.831008
v 5.552447 0.817324 -2.831008
v 5.552447 0.817324 -2.826671
v 5.552447 0.817324 -2.822334
v 5.552447 0.817324 -2.695107
v 5.552447 0.817324 -2.690770
v 5.552447 0.817324 -2.686434
v 5.552447 0.825878 -2.686434
v 5.552447 0.834431 -2.686434
v 5.552447 3.962476 -2.686434
v 5.552447 3.971029 -2.686434
v 5.552447 3.979583 -2.686434
v 5.552447 3.979583 -2.690770
v 1.875786 2.430189 -2.686434
v 5.552447 2.430189 -2.686434
v 5.549018 2.430189 -2.686434
v 5.557572 2.430189 -2.686434
v 5.566126 2.430189 -2.686434
v 5.566126 2.430189 -2.690770
v 5.566126 2.430189 -2.695107
v 5.566126 2.430189 -2.822334
v 5.566126 2.430189 -2.826671
v 5.566126 2.430189 -2.831008
v 5.557572 2.430189 -2.831008
v 5.549018 2.430189 -2.831008
v 5.552447 2.430189 -2.831008
v 1.875787 2.430189 -2.831008
v 1.867233 2.430189 -2.831008
v 1.858679 2.430189 -2.831008
v 1.858679 2.430189 -2.826671
v 1.858679 2.430189 -2.822334
v 1.858679 2.430189 -2.695107
v 1.858679 2.430189 -2.690770
v 1.858679 2.430189 -2.686434
v 1.867233 2.430189 -2.686434
v 1.870566 0.269841 2.613656
v 1.870566 0.264333 2.613659
v 1.875842 0.265914 2.613656
v 1.881117 0.267494 2.613654
v 1.880942 0.267442 2.618305
v 1.880766 0.267389 2.622955
v 1.880588 0.272474 2.622955
v 1.880409 0.277558 2.622955
v 1.875487 0.276270 2.622955
v 1.870566 0.274982 2.622955
v 1.870566 0.275165 2.618305
v 1.870566 0.275348 2.613654
v 2.331185 0.402321 2.613431
v 2.331185 0.402321 2.618194
v 2.331185 0.402321 2.622955
v 2.330047 0.406951 2.622955
v 2.328909 0.411581 2.622955
v 1.875328 0.810744 2.613430
v 1.870566 0.810744 2.613429
v 1.870566 0.805982 2.613430
v 1.870566 0.801220 2.613431
v 1.870566 0.801220 2.618194
v 1.870566 0.801220 2.622955
v 1.875328 0.801220 2.622955
v 1.880090 0.801220 2.622955
v 1.880088 0.805982 2.622955
v 1.880087 0.810744 2.622955
v 1.880088 0.810744 2.618194
v 1.880090 0.810744 2.613431
v 2.331185 0.810744 2.613431
v 2.331185 0.810744 2.618194
v 2.331185 0.810744 2.622955
v 2.331185 0.805982 2.622955
v 2.331185 0.801220 2.622955
v 1.875328 0.801220 2.432452
v 1.870566 0.801220 2.432452
v 1.870566 0.801220 2.437214
v 1.870566 0.801220 2.441976
v 1.870566 0.805982 2.441977
v 1.870566 0.810744 2.441978
v 1.875328 0.810744 2.441977
v 1.880090 0.810744 2.441976
v 1.880088 0.810744 2.437214
v 1.880087 0.810744 2.432452
v 1.880088 0.805982 2.432452
v 1.880090 0.801220 2.432452
v 2.331185 0.801220 2.432452
v 2.331185 0.805982 2.432452
v 2.331185 0.810744 2.432452
v 2.331185 0.810744 2.437214
v 2.331185 0.810744 2.441976
v 1.875842 0.265914 2.441751
v 1.870566 0.264333 2.441749
v 1.870566 0.269841 2.441751
v 1.870566 0.275348 2.441754
v 1.870566 0.275165 2.437103
v 1.870566 0.274982 2.432452
v 1.875487 0.276270 2.432452
v 1.880409 0.277558 2.432452
v 1.880588 0.272474 2.432452
v 1.880766 0.267389 2.432452
v 1.880942 0.267442 2.437103
v 1.881117 0.267494 2.441754
v 2.331185 0.402321 2.441976
v 2.331185 0.402321 2.437214
v 2.331185 0.402321 2.432452
v 2.330047 0.406951 2.432452
v 2.328909 0.411581 2.432452
v 5.545407 0.272925 2.622955
v 5.545181 0.267789 2.622955
v 5.544959 0.267863 2.618257
v 5.544736 0.267938 2.613558
v 5.550128 0.266136 2.613592
v 5.555520 0.264333 2.613626
v 5.555520 0.269942 2.613656
v 5.555520 0.275550 2.613686
v 5.555520 0.275352 2.618320
v 5.555520 0.275154 2.622955
v 5.550577 0.276608 2.622955
v 5.545634 0.278062 2.622955
v 5.545997 0.810744 2.618194
v 5.545999 0.810744 2.622955
v 5.545997 0.805982 2.622955
v 5.545996 0.801220 2.622955
v 5.550758 0.801220 2.622955
v 5.555520 0.801220 2.622955
v 5.555520 0.801220 2.618194
v 5.555520 0.801220 2.613431
v 5.555520 0.805982 2.613430
v 5.555520 0.810744 2.613429
v 5.550758 0.810744 2.613430
v 5.545996 0.810744 2.613431
v 5.545997 0.805982 2.432452
v 5.545999 0.810744 2.432452
v 5.545997 0.810744 2.437214
v 5.545996 0.810744 2.441976
v 5.550758 0.810744 2.441977
v 5.555520 0.810744 2.441977
v 5.555520 0.805982 2.441977
v 5.555520 0.801220 2.441976
v 5.555520 0.801220 2.437214
v 5.555520 0.801220 2.432452
v 5.550758 0.801220 2.432452
v 5.545996 0.801220 2.432452
v 5.544959 0.267863 2.437151
v 5.545181 0.267789 2.432452
v 5.545407 0.272925 2.432452
v 5.545634 0.278062 2.432452
v 5.550577 0.276650 2.432452
v 5.555520 0.275239 2.432452
v 5.555520 0.275471 2.437151
v 5.555520 0.275704 2.441849
v 5.555520 0.270019 2.441848
v 5.555520 0.264333 2.441846
v 5.550128 0.266136 2.441848
v 5.544736 0.267938 2.441849
v 3.713043 0.562592 2.613431
v 3.713043 0.562592 2.618194
v 3.713043 0.562592 2.622955
v 3.713045 0.567356 2.622955
v 3.713048 0.572121 2.622955
v 4.219733 0.546757 2.613431
v 4.219733 0.546757 2.618194
v 4.219733 0.546757 2.622955
v 4.220122 0.551509 2.622955
v 4.220512 0.556262 2.622955
v 3.713048 0.572121 2.432452
v 3.713045 0.567356 2.432452
v 3.713043 0.562592 2.432452
v 3.713043 0.562592 2.437214
v 3.713043 0.562592 2.441976
v 4.220512 0.556262 2.432452
v 4.220122 0.551509 2.432452
v 4.219733 0.546757 2.432452
v 4.219733 0.546757 2.437214
v 4.219733 0.546757 2.441976
v 3.713043 0.810744 2.441976
v 3.713043 0.810744 2.437214
v 3.713043 0.810744 2.432452
v 3.713043 0.805982 2.432452
v 3.713043 0.801220 2.432452
v 4.219733 0.810744 2.441976
v 4.219733 0.810744 2.437214
v 4.219733 0.810744 2.432452
v 4.219733 0.805982 2.432452
v 4.219733 0.801220 2.432452
v 3.713043 0.801220 2.622955
v 3.713043 0.805982 2.622955
v 3.713043 0.810744 2.622955
v 3.713043 0.810744 2.618194
v 3.713043 0.810744 2.613431
v 4.219733 0.810744 2.613431
v 4.219733 0.810744 2.618194
v 4.219733 0.810744 2.622955
v 4.219733 0.805982 2.622955
v 4.219733 0.801220 2.622955
v 4.634281 0.491580 2.613431
v 4.634281 0.491580 2.618194
v 4.634281 0.491580 2.622955
v 4.634970 0.496293 2.622955
v 4.635658 0.501005 2.622955
v 5.097174 0.427569 2.622955
v 5.096037 0.422928 2.622955
v 5.094901 0.418287 2.622955
v 5.094901 0.418287 2.618194
v 5.094901 0.418287 2.613431
v 4.634281 0.801220 2.622955
v 4.634281 0.805982 2.622955
v 4.634281 0.810744 2.622955
v 4.634281 0.810744 2.618194
v 4.634281 0.810744 2.613431
v 5.094901 0.801220 2.622955
v 5.094901 0.805982 2.622955
v 5.094901 0.810744 2.622955
v 5.094901 0.810744 2.618194
v 5.094901 0.810744 2.613431
v 4.634281 0.810744 2.441976
v 4.634281 0.810744 2.437214
v 4.634281 0.810744 2.432452
v 4.634281 0.805982 2.432452
v 4.634281 0.801220 2.432452
v 5.094901 0.810744 2.441976
v 5.094901 0.810744 2.437214
v 5.094901 0.810744 2.432452
v 5.094901 0.805982 2.432452
v 5.094901 0.801220 2.432452
v 4.635658 0.501005 2.432452
v 4.634970 0.496293 2.432452
v 4.634281 0.491580 2.432452
v 4.634281 0.491580 2.437214
v 4.634281 0.491580 2.441976
v 5.097174 0.427569 2.432452
v 5.096037 0.422928 2.432452
v 5.094901 0.418287 2.432452
v 5.094901 0.418287 2.437214
v 5.094901 0.418287 2.441976
v 2.791804 0.491348 2.613431
v 2.791804 0.491348 2.618194
v 2.791804 0.491348 2.622955
v 2.791062 0.496055 2.622955
v 2.790320 0.500762 2.622955
v 3.261968 0.558500 2.622955
v 3.262330 0.553746 2.622955
v 3.262691 0.548993 2.622955
v 3.262691 0.548993 2.618194
v 3.262691 0.548993 2.613431
v 2.790320 0.500762 2.432452
v 2.791062 0.496055 2.432452
v 2.791804 0.491348 2.432452
v 2.791804 0.491348 2.437214
v 2.791804 0.491348 2.441976
v 3.261968 0.558500 2.432452
v 3.262330 0.553746 2.432452
v 3.262691 0.548993 2.432452
v 3.262691 0.548993 2.437214
v 3.262691 0.548993 2.441976
v 2.791804 0.810744 2.441976
v 2.791804 0.810744 2.437214
v 2.791804 0.810744 2.432452
v 2.791804 0.805982 2.432452
v 2.791804 0.801220 2.432452
v 3.262691 0.810744 2.441976
v 3.262691 0.810744 2.437214
v 3.262691 0.810744 2.432452
v 3.262691 0.805982 2.432452
v 3.262691 0.801220 2.432452
v 2.791804 0.801220 2.622955
v 2.791804 0.805982 2.622955
v 2.791804 0.810744 2.622955
v 2.791804 0.810744 2.618194
v 2.791804 0.810744 2.613431
v 3.262691 0.801220 2.622955
v 3.262691 0.805982 2.622955
v 3.262691 0.810744 2.622955
v 3.262691 0.810744 2.618194
v 3.262691 0.810744 2.613431
v 1.870566 0.269841 2.618305
v 1.870566 0.264333 2.618307
v 1.875842 0.265914 2.618305
v 1.875666 0.265861 2.622955
v 1.875487 0.270946 2.622955
v 1.870566 0.269658 2.622955
v 1.870566 0.264333 2.622955
v 1.875328 0.810744 2.618194
v 1.870566 0.810744 2.618192
v 1.870566 0.805982 2.618194
v 1.870566 0.805982 2.622955
v 1.875328 0.805982 2.622955
v 1.875326 0.810744 2.622955
v 1.870566 0.810744 2.622955
v 1.875328 0.805982 2.432452
v 1.870566 0.805982 2.432452
v 1.870566 0.805982 2.437214
v 1.870566 0.810744 2.437215
v 1.875328 0.810744 2.437214
v 1.875326 0.810744 2.432452
v 1.870566 0.810744 2.432452
v 1.875842 0.265914 2.437103
v 1.870566 0.264333 2.437100
v 1.870566 0.269841 2.437103
v 1.870566 0.269658 2.432452
v 1.875487 0.270946 2.432452
v 1.875666 0.265861 2.432452
v 1.870566 0.264333 2.432452
v 5.550577 0.271197 2.622955
v 5.550351 0.266061 2.622955
v 5.550128 0.266136 2.618257
v 5.555520 0.264333 2.618291
v 5.555520 0.269942 2.618320
v 5.555520 0.269743 2.622955
v 5.555520 0.264333 2.622955
v 5.550758 0.810744 2.618194
v 5.550759 0.810744 2.622955
v 5.550758 0.805982 2.622955
v 5.555520 0.805982 2.622955
v 5.555520 0.805982 2.618194
v 5.555520 0.810744 2.618192
v 5.555520 0.810744 2.622955
v 5.550758 0.805982 2.432452
v 5.550759 0.810744 2.432452
v 5.550758 0.810744 2.437214
v 5.555520 0.810744 2.437215
v 5.555520 0.805982 2.437214
v 5.555520 0.805982 2.432452
v 5.555520 0.810744 2.432452
v 5.550128 0.266136 2.437151
v 5.550351 0.266061 2.432452
v 5.550577 0.271197 2.432452
v 5.555520 0.269786 2.432452
v 5.555520 0.270019 2.437151
v 5.555520 0.264333 2.437149
v 5.555520 0.264333 2.432452
v -6.068024 5.327901 3.024980
v -6.068024 5.319347 3.024980
v -6.059469 5.319347 3.024980
v -6.050917 5.319347 3.024980
v -6.050917 5.319347 3.033534
v -6.050917 5.319347 3.042087
v -6.050917 5.327901 3.042087
v -6.050917 5.336455 3.042087
v -6.059469 5.336455 3.042087
v -6.068024 5.336455 3.042087
v -6.068024 5.336455 3.033534
v -6.068024 5.336455 3.024980
v 6.059469 5.319347 3.024980
v 6.068024 5.319347 3.024980
v 6.068024 5.327901 3.024980
v 6.068024 5.336455 3.024980
v 6.068024 5.336455 3.033534
v 6.068024 5.336455 3.042087
v 6.059469 5.336455 3.042087
v 6.050917 5.336455 3.042087
v 6.050917 5.327901 3.042087
v 6.050917 5.319347 3.042087
v 6.050917 5.319347 3.033534
v 6.050917 5.319347 3.024980
v -6.059469 5.604493 3.024980
v -6.068024 5.604493 3.024980
v -6.068024 5.595939 3.024980
v -6.068024 5.587385 3.024980
v -6.068024 5.587385 3.033534
v -6.068024 5.587385 3.042087
v -6.059469 5.587385 3.042087
v -6.050917 5.587385 3.042087
v -6.050917 5.595939 3.042087
v -6.050917 5.604493 3.042087
v -6.050917 5.604493 3.033534
v -6.050917 5.604493 3.024980
v 6.068024 5.595939 3.024980
v 6.068024 5.604493 3.024980
v 6.059469 5.604493 3.024980
v 6.050917 5.604493 3.024980
v 6.050917 5.604493 3.033534
v 6.050917 5.604493 3.042087
v 6.050917 5.595939 3.042087
v 6.050917 5.587385 3.042087
v 6.059469 5.587385 3.042087
v 6.068024 5.587385 3.042087
v 6.068024 5.587385 3.033534
v 6.068024 5.587385 3.024980
v -6.059469 5.587385 -3.042088
v -6.068024 5.587385 -3.042088
v -6.068024 5.587385 -3.033535
v -6.068024 5.587385 -3.024981
v -6.068024 5.595939 -3.024981
v -6.068024 5.604493 -3.024981
v -6.059469 5.604493 -3.024981
v -6.050917 5.604493 -3.024981
v -6.050917 5.604493 -3.033535
v -6.050917 5.604493 -3.042088
v -6.050917 5.595939 -3.042088
v -6.050917 5.587385 -3.042088
v 6.068024 5.587385 -3.033535
v 6.068024 5.587385 -3.042088
v 6.059469 5.587385 -3.042088
v 6.050917 5.587385 -3.042088
v 6.050917 5.595939 -3.042088
v 6.050917 5.604493 -3.042088
v 6.050917 5.604493 -3.033535
v 6.050917 5.604493 -3.024981
v 6.059469 5.604493 -3.024981
v 6.068024 5.604493 -3.024981
v 6.068024 5.595939 -3.024981
v 6.068024 5.587385 -3.024981
v -6.059469 5.319347 -3.024981
v -6.068024 5.319347 -3.024981
v -6.068024 5.327901 -3.024981
v -6.068024 5.336455 -3.024981
v -6.068024 5.336455 -3.033535
v -6.068024 5.336455 -3.042088
v -6.059469 5.336455 -3.042088
v -6.050917 5.336455 -3.042088
v -6.050917 5.327901 -3.042088
v -6.050917 5.319347 -3.042088
v -6.050917 5.319347 -3.033535
v -6.050917 5.319347 -3.024981
v 6.068024 5.327901 -3.024981
v 6.068024 5.319347 -3.024981
v 6.059469 5.319347 -3.024981
v 6.050917 5.319347 -3.024981
v 6.050917 5.319347 -3.033535
v 6.050917 5.319347 -3.042088
v 6.050917 5.327901 -3.042088
v 6.050917 5.336455 -3.042088
v 6.059469 5.336455 -3.042088
v 6.068024 5.336455 -3.042088
v 6.068024 5.336455 -3.033535
v 6.068024 5.336455 -3.024981
v -6.068024 5.327901 3.033534
v -6.068024 5.319347 3.033534
v -6.059469 5.319347 3.033534
v -6.059469 5.319347 3.042087
v -6.059469 5.327901 3.042087
v -6.068024 5.327901 3.042087
v -6.068024 5.319347 3.042087
v 6.059469 5.319347 3.033534
v 6.068024 5.319347 3.033534
v 6.068024 5.327901 3.033534
v 6.068024 5.327901 3.042087
v 6.059469 5.327901 3.042087
v 6.059469 5.319347 3.042087
v 6.068024 5.319347 3.042087
v -6.059469 5.604493 3.033534
v -6.068024 5.604493 3.033534
v -6.068024 5.595939 3.033534
v -6.068024 5.595939 3.042087
v -6.059469 5.595939 3.042087
v -6.059469 5.604493 3.042087
v -6.068024 5.604493 3.042087
v 6.068024 5.595939 3.033534
v 6.068024 5.604493 3.033534
v 6.059469 5.604493 3.033534
v 6.059469 5.604493 3.042087
v 6.059469 5.595939 3.042087
v 6.068024 5.595939 3.042087
v 6.068024 5.604493 3.042087
v -6.059469 5.595939 -3.042088
v -6.068024 5.595939 -3.042088
v -6.068024 5.595939 -3.033535
v -6.068024 5.604493 -3.033535
v -6.059469 5.604493 -3.033535
v -6.059469 5.604493 -3.042088
v -6.068024 5.604493 -3.042088
v 6.068024 5.595939 -3.033535
v 6.068024 5.595939 -3.042088
v 6.059469 5.595939 -3.042088
v 6.059469 5.604493 -3.042088
v 6.059469 5.604493 -3.033535
v 6.068024 5.604493 -3.033535
v 6.068024 5.604493 -3.042088
v -6.059469 5.319347 -3.033535
v -6.068024 5.319347 -3.033535
v -6.068024 5.327901 -3.033535
v -6.068024 5.327901 -3.042088
v -6.059469 5.327901 -3.042088
v -6.059469 5.319347 -3.042088
v -6.068024 5.319347 -3.042088
v 6.068024 5.327901 -3.033535
v 6.068024 5.319347 -3.033535
v 6.059469 5.319347 -3.033535
v 6.059469 5.319347 -3.042088
v 6.059469 5.327901 -3.042088
v 6.068024 5.327901 -3.042088
v 6.068024 5.319347 -3.042088
v 1.210184 5.327901 3.042087
v 1.210184 5.319347 3.042087
v 1.210184 5.319347 3.033534
v 1.210184 5.319347 3.024980
v 1.210184 5.319347 -3.024981
v 1.210184 5.319347 -3.033535
v 1.210184 5.319347 -3.042088
v 1.210184 5.327901 -3.042088
v 1.210184 5.336455 -3.042088
v 1.210184 5.587385 -3.042088
v 1.210184 5.595939 -3.042088
v 1.210184 5.604493 -3.042088
v 1.210184 5.604493 -3.033535
v 1.210184 5.604493 -3.024981
v 1.210184 5.604493 3.024980
v 1.210184 5.604493 3.033534
v 1.210184 5.604493 3.042087
v 1.210184 5.595939 3.042087
v 1.210184 5.587385 3.042087
v 1.210184 5.336455 3.042087
v 4.114624 5.336455 3.042087
v 4.114624 5.587385 3.042087
v 4.114624 5.595939 3.042087
v 4.114624 5.604493 3.042087
v 4.114624 5.604493 3.033534
v 4.114624 5.604493 3.024980
v 4.114624 5.604493 -3.024981
v 4.114624 5.604493 -3.033535
v 4.114624 5.604493 -3.042088
v 4.114624 5.595939 -3.042088
v 4.114624 5.587385 -3.042088
v 4.114624 5.336455 -3.042088
v 4.114624 5.327901 -3.042088
v 4.114624 5.319347 -3.042088
v 4.114624 5.319347 -3.033535
v 4.114624 5.319347 -3.024981
v 4.114624 5.319347 3.024980
v 4.114624 5.319347 3.033534
v 4.114624 5.319347 3.042087
v 4.114624 5.327901 3.042087
v -1.694256 5.327901 3.042087
v -1.694256 5.319347 3.042087
v -1.694256 5.319347 3.033534
v -1.694256 5.319347 3.024980
v -1.694256 5.319347 -3.024981
v -1.694256 5.319347 -3.033535
v -1.694256 5.319347 -3.042088
v -1.694256 5.327901 -3.042088
v -1.694256 5.336455 -3.042088
v -1.694256 5.587385 -3.042088
v -1.694256 5.595939 -3.042088
v -1.694256 5.604493 -3.042088
v -1.694256 5.604493 -3.033535
v -1.694256 5.604493 -3.024981
v -1.694256 5.604493 3.024980
v -1.694256 5.604493 3.033534
v -1.694256 5.604493 3.042087
v -1.694256 5.595939 3.042087
v -1.694256 5.587385 3.042087
v -1.694256 5.336455 3.042087
v -6.059470 5.319347 1.814988
v -6.068024 5.319347 1.814988
v -6.068024 5.327901 1.814988
v -6.068024 5.336455 1.814988
v -6.068024 5.587385 1.814988
v -6.068024 5.595939 1.814988
v -6.068024 5.604493 1.814988
v -6.059470 5.604493 1.814988
v -6.050917 5.604493 1.814988
v 6.050916 5.604493 1.814988
v 6.059470 5.604493 1.814988
v 6.068024 5.604493 1.814988
v 6.068024 5.595939 1.814988
v 6.068024 5.587385 1.814988
v 6.068024 5.336455 1.814988
v 6.068024 5.327901 1.814988
v 6.068024 5.319347 1.814988
v 6.059470 5.319347 1.814988
v 6.050917 5.319347 1.814988
v 4.114624 5.319347 1.814988
v 1.210184 5.319347 1.814988
v -1.694256 5.319347 1.814988
v -6.050916 5.319347 1.814988
v -6.050917 5.319347 -2.056988
v -1.694256 5.319347 -2.056988
v 1.210184 5.319347 -2.056988
v 4.114624 5.319347 -2.056988
v 6.050916 5.319347 -2.056988
v 6.059470 5.319347 -2.056988
v 6.068024 5.319347 -2.056988
v 6.068024 5.327901 -2.056988
v 6.068024 5.336455 -2.056988
v 6.068024 5.587385 -2.056988
v 6.068024 5.595939 -2.056988
v 6.068024 5.604493 -2.056988
v 6.059470 5.604493 -2.056988
v 6.050917 5.604493 -2.056988
v -6.050916 5.604493 -2.056988
v -6.059470 5.604493 -2.056988
v -6.068024 5.604493 -2.056988
v -6.068024 5.595939 -2.056988
v -6.068024 5.587385 -2.056988
v -6.068024 5.336455 -2.056988
v -6.068024 5.327901 -2.056988
v -6.068024 5.319347 -2.056988
v -6.059470 5.319347 -2.056988
v 5.650916 5.604493 -2.056988
v 5.650916 5.604493 1.814988
v -5.650916 5.604493 1.814988
v -5.650916 5.604493 -2.056988
v -1.694256 5.604493 2.624979
v -5.650916 5.604493 2.624979
v 1.210184 5.604493 2.624979
v 4.114624 5.604493 2.624979
v 5.650916 5.604493 2.624979
v 4.114624 5.604493 -2.624980
v 5.650916 5.604493 -2.624980
v 1.210184 5.604493 -2.624980
v -1.694256 5.604493 -2.624980
v -5.650916 5.604495 -2.624980
v 5.650916 5.582549 -2.056988
v 5.650916 5.582549 1.814988
v -5.650916 5.582549 1.814988
v -5.650916 5.582549 -2.056988
v -1.694256 5.582549 2.624979
v -5.650916 5.582549 2.624979
v 1.210184 5.582549 2.624979
v 4.114624 5.582549 2.624979
v 5.650916 5.582549 2.624979
v 5.650916 5.582549 -2.624980
v 4.114624 5.582549 -2.624980
v 1.210184 5.582549 -2.624980
v -1.694256 5.582549 -2.624980
v -5.650916 5.582551 -2.624980
v 5.650916 5.562469 -2.056988
v 5.650916 5.562469 1.814988
v -5.650916 5.562469 1.814988
v -5.650916 5.562469 -2.056988
v -1.694256 5.562469 2.624979
v -5.650916 5.562469 2.624979
v 1.210184 5.562469 2.624979
v 4.114624 5.562469 2.624979
v 5.650916 5.562469 2.624980
v 5.650916 5.562469 -2.624981
v 4.114624 5.562469 -2.624981
v 1.210184 5.562469 -2.624980
v -1.694256 5.562469 -2.624980
v -5.650916 5.562471 -2.624980
v -5.650916 5.604495 -2.612280
v -6.050917 5.604493 -3.003337
v -6.059469 5.604493 -3.003337
v -6.068024 5.604493 -3.003337
v -6.068024 5.595939 -3.003337
v -6.068024 5.587385 -3.003337
v -6.068024 5.336455 -3.003337
v -6.068024 5.327901 -3.003337
v -6.068024 5.319347 -3.003337
v -6.059469 5.319347 -3.003337
v -6.050917 5.319347 -3.003337
v -1.694256 5.319347 -3.003337
v 1.210184 5.319347 -3.003337
v 4.114624 5.319347 -3.003337
v 6.050917 5.319347 -3.003337
v 6.059469 5.319347 -3.003337
v 6.068024 5.319347 -3.003337
v 6.068024 5.327901 -3.003337
v 6.068024 5.336455 -3.003337
v 6.068024 5.587385 -3.003337
v 6.068024 5.595939 -3.003337
v 6.068024 5.604493 -3.003337
v 6.059469 5.604493 -3.003337
v 6.050917 5.604493 -3.003337
v 5.650916 5.604493 -2.612280
v 5.650916 5.582549 -2.612282
v 5.650916 5.562469 -2.612282
v -5.650916 5.562471 -2.612280
v -5.650916 5.582551 -2.612280
v -5.635140 5.604495 -2.624980
v -6.033546 5.604493 -3.024981
v -6.033546 5.604493 -3.033535
v -6.033546 5.604493 -3.042088
v -6.033546 5.595939 -3.042088
v -6.033546 5.587385 -3.042088
v -6.033546 5.336455 -3.042088
v -6.033546 5.327901 -3.042088
v -6.033546 5.319347 -3.042088
v -6.033546 5.319347 -3.033535
v -6.033546 5.319347 -3.024981
v -6.033546 5.319347 -3.003337
v -6.033546 5.319347 -2.056988
v -6.033545 5.319347 1.814988
v -6.033546 5.319347 3.024980
v -6.033546 5.319347 3.033534
v -6.033546 5.319347 3.042087
v -6.033546 5.327901 3.042087
v -6.033546 5.336455 3.042087
v -6.033546 5.587385 3.042087
v -6.033546 5.595939 3.042087
v -6.033546 5.604493 3.042087
v -6.033546 5.604493 3.033534
v -6.033546 5.604493 3.024980
v -5.635140 5.604493 2.624979
v -5.635140 5.582549 2.624979
v -5.635140 5.562469 2.624979
v -5.635140 5.562471 -2.624980
v -5.635140 5.582551 -2.624980
v -5.650916 5.604493 2.612360
v -6.050917 5.604493 3.006129
v -6.059469 5.604493 3.006129
v -6.068024 5.604493 3.006129
v -6.068024 5.595939 3.006129
v -6.068024 5.587385 3.006129
v -6.068024 5.336455 3.006129
v -6.068024 5.327901 3.006129
v -6.068024 5.319347 3.006129
v -6.059469 5.319347 3.006129
v -6.050917 5.319347 3.006129
v -6.033546 5.319347 3.006129
v -1.694256 5.319347 3.006129
v 1.210184 5.319347 3.006129
v 4.114624 5.319347 3.006129
v 6.050917 5.319347 3.006129
v 6.059469 5.319347 3.006129
v 6.068024 5.319347 3.006129
v 6.068024 5.327901 3.006129
v 6.068024 5.336455 3.006129
v 6.068024 5.587385 3.006129
v 6.068024 5.595939 3.006129
v 6.068024 5.604493 3.006129
v 6.059469 5.604493 3.006129
v 6.050917 5.604493 3.006129
v 5.650916 5.604493 2.612360
v 5.650916 5.582549 2.612360
v 5.650916 5.562469 2.612360
v -5.650916 5.562469 2.612360
v -5.650916 5.582549 2.612360
v 5.634794 5.604493 2.624979
v 6.030598 5.604493 3.024980
v 6.030598 5.604493 3.033534
v 6.030598 5.604493 3.042087
v 6.030598 5.595939 3.042087
v 6.030598 5.587385 3.042087
v 6.030598 5.336455 3.042087
v 6.030598 5.327901 3.042087
v 6.030598 5.319347 3.042087
v 6.030598 5.319347 3.033534
v 6.030598 5.319347 3.024980
v 6.030598 5.319347 3.006129
v 6.030598 5.319347 1.814988
v 6.030596 5.319347 -2.056988
v 6.030597 5.319347 -3.003337
v 6.030598 5.319347 -3.024981
v 6.030598 5.319347 -3.033535
v 6.030598 5.319347 -3.042088
v 6.030598 5.327901 -3.042088
v 6.030598 5.336455 -3.042088
v 6.030598 5.587385 -3.042088
v 6.030598 5.595939 -3.042088
v 6.030598 5.604493 -3.042088
v 6.030598 5.604493 -3.033535
v 6.030598 5.604493 -3.024981
v 5.634794 5.604493 -2.624980
v 5.634794 5.582549 -2.624980
v 5.634794 5.562469 -2.624981
v 5.634794 5.562469 2.624980
v 5.634794 5.582549 2.624979
v 5.072611 5.604493 3.033534
v 5.072611 5.604493 3.024980
v 4.874709 5.604493 2.624979
v 4.874709 5.582549 2.624979
v 4.874709 5.562469 2.624979
v 4.874709 5.562469 -2.624981
v 4.874709 5.582549 -2.624980
v 4.874709 5.604493 -2.624980
v 5.072611 5.604493 -3.024981
v 5.072611 5.604493 -3.033535
v 5.072611 5.604493 -3.042088
v 5.072611 5.595939 -3.042088
v 5.072611 5.587385 -3.042088
v 5.072611 5.336455 -3.042088
v 5.072611 5.327901 -3.042088
v 5.072611 5.319347 -3.042088
v 5.072611 5.319347 -3.033535
v 5.072611 5.319347 -3.024981
v 5.072611 5.319347 -3.003337
v 5.072610 5.319347 -2.056988
v 5.072611 5.319347 1.814988
v 5.072611 5.319347 3.006129
v 5.072611 5.319347 3.024980
v 5.072611 5.319347 3.033534
v 5.072611 5.319347 3.042087
v 5.072611 5.327901 3.042087
v 5.072611 5.336455 3.042087
v 5.072611 5.587385 3.042087
v 5.072611 5.595939 3.042087
v 5.072611 5.604493 3.042087
v -3.863901 5.336455 3.042087
v -3.863901 5.327901 3.042087
v -3.863901 5.319347 3.042087
v -3.863901 5.319347 3.033534
v -3.863901 5.319347 3.024980
v -3.863901 5.319347 3.006129
v -3.863900 5.319347 1.814988
v -3.863901 5.319347 -2.056988
v -3.863901 5.319347 -3.003337
v -3.863901 5.319347 -3.024981
v -3.863901 5.319347 -3.033535
v -3.863901 5.319347 -3.042088
v -3.863901 5.327901 -3.042088
v -3.863901 5.336455 -3.042088
v -3.863901 5.587385 -3.042088
v -3.863901 5.595939 -3.042088
v -3.863901 5.604493 -3.042088
v -3.863901 5.604493 -3.033535
v -3.863901 5.604493 -3.024981
v -3.664698 5.604494 -2.624980
v -3.664698 5.582550 -2.624980
v -3.664698 5.562470 -2.624980
v -3.664698 5.562469 2.624979
v -3.664698 5.582549 2.624979
v -3.664698 5.604493 2.624979
v -3.863901 5.604493 3.024980
v -3.863901 5.604493 3.033534
v -3.863901 5.604493 3.042087
v -3.863901 5.595939 3.042087
v -3.863901 5.587385 3.042087
v -5.650916 5.604493 2.213674
v -6.050917 5.604493 2.410558
v -6.059470 5.604493 2.410558
v -6.068024 5.604493 2.410558
v -6.068024 5.595939 2.410558
v -6.068024 5.587385 2.410558
v -6.068024 5.336455 2.410558
v -6.068024 5.327901 2.410558
v -6.068024 5.319347 2.410558
v -6.059470 5.319347 2.410558
v -6.050917 5.319347 2.410558
v -6.033545 5.319347 2.410558
v -3.863900 5.319347 2.410558
v -1.694256 5.319347 2.410558
v 1.210184 5.319347 2.410558
v 4.114624 5.319347 2.410558
v 5.072611 5.319347 2.410558
v 6.030598 5.319347 2.410558
v 6.050917 5.319347 2.410558
v 6.059470 5.319347 2.410558
v 6.068024 5.319347 2.410558
v 6.068024 5.327901 2.410558
v 6.068024 5.336455 2.410558
v 6.068024 5.587385 2.410558
v 6.068024 5.595939 2.410558
v 6.068024 5.604493 2.410558
v 6.059470 5.604493 2.410558
v 6.050917 5.604493 2.410558
v 5.650916 5.604493 2.213674
v 5.650916 5.582549 2.213674
v 5.650916 5.562469 2.213674
v -5.650916 5.562469 2.213674
v -5.650916 5.582549 2.213674
v -6.068024 5.587385 -2.530163
v -6.068024 5.595939 -2.530163
v -6.068024 5.604493 -2.530163
v -6.059470 5.604493 -2.530163
v -6.050917 5.604493 -2.530163
v -5.650916 5.604494 -2.334635
v -5.650916 5.582550 -2.334635
v -5.650916 5.562470 -2.334635
v 5.650916 5.562469 -2.334635
v 5.650916 5.582549 -2.334635
v 5.650916 5.604493 -2.334635
v 6.050917 5.604493 -2.530163
v 6.059470 5.604493 -2.530163
v 6.068024 5.604493 -2.530163
v 6.068024 5.595939 -2.530163
v 6.068024 5.587385 -2.530163
v 6.068024 5.336455 -2.530163
v 6.068024 5.327901 -2.530163
v 6.068024 5.319347 -2.530163
v 6.059470 5.319347 -2.530163
v 6.050917 5.319347 -2.530163
v 6.030596 5.319347 -2.530163
v 5.072610 5.319347 -2.530163
v 4.114624 5.319347 -2.530163
v 1.210184 5.319347 -2.530163
v -1.694256 5.319347 -2.530163
v -3.863901 5.319347 -2.530163
v -6.033546 5.319347 -2.530163
v -6.050917 5.319347 -2.530163
v -6.059470 5.319347 -2.530163
v -6.068024 5.319347 -2.530163
v -6.068024 5.327901 -2.530163
v -6.068024 5.336455 -2.530163
v -6.068024 5.604493 -0.120999
v -6.068024 5.595939 -0.120999
v -6.068024 5.587385 -0.120999
v -6.068024 5.336455 -0.120999
v -6.068024 5.327901 -0.120999
v -6.068024 5.319347 -0.120999
v -6.059470 5.319347 -0.120999
v -6.050917 5.319347 -0.120999
v -6.033545 5.319347 -0.120999
v -3.863901 5.319347 -0.120999
v -1.694256 5.319347 -0.120999
v 1.210184 5.319347 -0.120999
v 4.114624 5.319347 -0.120999
v 5.072610 5.319347 -0.120999
v 6.030597 5.319347 -0.120999
v 6.050917 5.319347 -0.120999
v 6.059470 5.319347 -0.120999
v 6.068024 5.319347 -0.120999
v 6.068024 5.327901 -0.120999
v 6.068024 5.336455 -0.120999
v 6.068024 5.587385 -0.120999
v 6.068024 5.595939 -0.120999
v 6.068024 5.604493 -0.120999
v 6.059470 5.604493 -0.120999
v 6.050917 5.604493 -0.120999
v 5.650916 5.604493 -0.120999
v 5.650916 5.582549 -0.120999
v 5.650916 5.562469 -0.120999
v -5.650916 5.562469 -0.120999
v -5.650916 5.582549 -0.120999
v -5.650916 5.604493 -0.120999
v -6.050917 5.604493 -0.120999
v -6.059470 5.604493 -0.120999
v -4.649919 5.604493 2.624979
v -4.948724 5.604493 3.024980
v -4.948724 5.604493 3.033534
v -4.948724 5.604493 3.042087
v -4.948724 5.595939 3.042087
v -4.948724 5.587385 3.042087
v -4.948724 5.336455 3.042087
v -4.948724 5.327901 3.042087
v -4.948724 5.319347 3.042087
v -4.948724 5.319347 3.033534
v -4.948724 5.319347 3.024980
v -4.948724 5.319347 3.006129
v -4.948723 5.319347 2.410558
v -4.948722 5.319347 1.814988
v -4.948723 5.319347 -0.120999
v -4.948724 5.319347 -2.056988
v -4.948724 5.319347 -2.530163
v -4.948724 5.319347 -3.003337
v -4.948724 5.319347 -3.024981
v -4.948724 5.319347 -3.033535
v -4.948724 5.319347 -3.042088
v -4.948724 5.327901 -3.042088
v -4.948724 5.336455 -3.042088
v -4.948724 5.587385 -3.042088
v -4.948724 5.595939 -3.042088
v -4.948724 5.604493 -3.042088
v -4.948724 5.604493 -3.033535
v -4.948724 5.604493 -3.024981
v -4.649919 5.604494 -2.624980
v -4.649919 5.582550 -2.624980
v -4.649919 5.562471 -2.624980
v -4.649919 5.562469 2.624979
v -4.649919 5.582549 2.624979
v -5.650916 5.596718 2.213674
v -5.650916 5.596718 2.612360
v -5.650916 5.596718 2.624979
v -5.635140 5.596718 2.624979
v -4.649919 5.596718 2.624979
v -3.664698 5.596718 2.624979
v -1.694256 5.596718 2.624979
v 1.210184 5.596718 2.624979
v 4.114624 5.596718 2.624979
v 4.874709 5.596718 2.624979
v 5.634794 5.596718 2.624979
v 5.650916 5.596718 2.624979
v 5.650916 5.596718 2.612360
v 5.650916 5.596718 2.213674
v 5.650916 5.596718 1.814988
v 5.650916 5.596718 -0.120999
v 5.650916 5.596718 -2.056988
v 5.650916 5.596718 -2.334635
v 5.650916 5.596718 -2.612282
v 5.650916 5.596718 -2.624980
v 5.634794 5.596718 -2.624980
v 4.874709 5.596718 -2.624980
v 4.114624 5.596718 -2.624980
v 1.210184 5.596718 -2.624980
v -1.694256 5.596718 -2.624980
v -3.664698 5.596719 -2.624980
v -4.649919 5.596719 -2.624980
v -5.635140 5.596720 -2.624980
v -5.650916 5.596720 -2.624980
v -5.650916 5.596720 -2.612280
v -5.650916 5.596719 -2.334635
v -5.650916 5.596718 -2.056988
v -5.650916 5.596718 -0.120999
v -5.650916 5.596718 1.814988
v 5.630916 5.562469 -0.120999
v 5.630916 5.562469 1.814988
v 5.630916 5.562469 -2.056988
v 5.630916 5.562469 -2.324857
v 5.630916 5.562469 -2.592728
v 5.630916 5.562469 -2.604981
v 5.615004 5.562469 -2.604981
v 4.864814 5.562469 -2.604981
v 4.114624 5.562469 -2.604981
v 1.210184 5.562469 -2.604980
v -1.694256 5.562469 -2.604980
v -3.654738 5.562470 -2.604980
v -4.634979 5.562471 -2.604980
v -5.615220 5.562471 -2.604980
v -5.630916 5.562471 -2.604980
v -5.630916 5.562471 -2.592728
v -5.630916 5.562470 -2.324857
v -5.630916 5.562469 -2.056988
v -5.630916 5.562469 -0.120999
v -5.630916 5.562469 1.814988
v -5.630916 5.562469 2.203830
v -5.630916 5.562469 2.592672
v -5.630916 5.562469 2.604980
v -5.615220 5.562469 2.604980
v -4.634979 5.562469 2.604980
v -3.654738 5.562469 2.604980
v -1.694256 5.562469 2.604980
v 1.210184 5.562469 2.604980
v 4.114624 5.562469 2.604980
v 4.864814 5.562469 2.604980
v 5.615004 5.562469 2.604980
v 5.630916 5.562469 2.604980
v 5.630916 5.562469 2.592673
v 5.630916 5.562469 2.203830
v 4.114624 5.604493 -2.056988
v 1.210184 5.604493 -2.056988
v 1.210184 5.604493 1.814988
v 4.114624 5.604493 1.814988
v -1.694256 5.604493 -2.056988
v -1.694256 5.604493 1.814988
v 5.630916 5.604493 -2.056988
v 5.630916 5.604493 1.814988
v -5.630916 5.604493 1.814988
v -5.630916 5.604493 -2.056988
v -1.694256 5.604493 2.604980
v -5.630916 5.604493 2.604980
v 1.210184 5.604493 2.604980
v 4.114624 5.604493 2.604980
v 5.630916 5.604493 2.604980
v 4.114624 5.604493 -2.604980
v 5.630916 5.604493 -2.604980
v 1.210184 5.604493 -2.604980
v -1.694256 5.604493 -2.604980
v -5.630916 5.604495 -2.604980
v 5.630916 5.582549 -2.056988
v 5.630916 5.582549 1.814988
v -5.630916 5.582549 1.814988
v -5.630916 5.582549 -2.056988
v -1.694256 5.582549 2.604980
v -5.630916 5.582549 2.604980
v 1.210184 5.582549 2.604980
v 4.114624 5.582549 2.604980
v 5.630916 5.582549 2.604980
v 5.630916 5.582549 -2.604980
v 4.114624 5.582549 -2.604980
v 1.210184 5.582549 -2.604980
v -1.694256 5.582549 -2.604980
v -5.630916 5.582551 -2.604980
v 5.630916 5.562469 -2.056988
v 5.630916 5.562469 1.814988
v -5.630916 5.562469 1.814988
v -5.630916 5.562469 -2.056988
v -1.694256 5.562469 2.604980
v -5.630916 5.562469 2.604980
v 1.210184 5.562469 2.604980
v 4.114624 5.562469 2.604980
v 5.630916 5.562469 2.604980
v 5.630916 5.562469 -2.604981
v 4.114624 5.562469 -2.604981
v 1.210184 5.562469 -2.604980
v -1.694256 5.562469 -2.604980
v -5.630916 5.562471 -2.604980
v 5.630916 5.562469 -2.592728
v 5.630916 5.582549 -2.592728
v 5.630916 5.604493 -2.592728
v 4.114624 5.604493 -2.592728
v 1.210184 5.604493 -2.592728
v -1.694256 5.604493 -2.592728
v -5.630916 5.604495 -2.592728
v -5.630916 5.582551 -2.592728
v -5.630916 5.562471 -2.592728
v -5.615220 5.562469 2.604980
v -5.615220 5.582549 2.604980
v -5.615220 5.604493 2.604980
v -5.615220 5.604493 1.814988
v -5.615219 5.604493 -2.056988
v -5.615220 5.604495 -2.592728
v -5.615220 5.604495 -2.604980
v -5.615220 5.582551 -2.604980
v -5.615220 5.562471 -2.604980
v 5.630916 5.562469 2.592673
v 5.630916 5.582549 2.592672
v 5.630916 5.604493 2.592672
v 4.114624 5.604493 2.592672
v 1.210184 5.604493 2.592672
v -1.694256 5.604493 2.592672
v -5.615220 5.604493 2.592672
v -5.630916 5.604493 2.592672
v -5.630916 5.582549 2.592672
v -5.630916 5.562469 2.592672
v 5.615004 5.562469 -2.604981
v 5.615004 5.582549 -2.604980
v 5.615004 5.604493 -2.604980
v 5.615004 5.604493 -2.592728
v 5.615004 5.604493 -2.056988
v 5.615004 5.604493 1.814988
v 5.615004 5.604493 2.592672
v 5.615004 5.604493 2.604980
v 5.615004 5.582549 2.604980
v 5.615004 5.562469 2.604980
v 4.864814 5.562469 2.604980
v 4.864814 5.582549 2.604980
v 4.864814 5.604493 2.604980
v 4.864814 5.604493 2.592672
v 4.864814 5.604493 1.814988
v 4.864814 5.604493 -2.056988
v 4.864814 5.604493 -2.592728
v 4.864814 5.604493 -2.604980
v 4.864814 5.582549 -2.604980
v 4.864814 5.562469 -2.604981
v -3.654738 5.562470 -2.604980
v -3.654738 5.582550 -2.604980
v -3.654738 5.604494 -2.604980
v -3.654738 5.604494 -2.592728
v -3.654738 5.604493 -2.056988
v -3.654738 5.604493 1.814988
v -3.654738 5.604493 2.592672
v -3.654738 5.604493 2.604980
v -3.654738 5.582549 2.604980
v -3.654738 5.562469 2.604980
v 5.630916 5.562469 2.203830
v 5.630916 5.582549 2.203830
v 5.630916 5.604493 2.203830
v 5.615004 5.604493 2.203830
v 4.864814 5.604493 2.203830
v 4.114624 5.604493 2.203830
v 1.210184 5.604493 2.203830
v -1.694256 5.604493 2.203830
v -3.654738 5.604493 2.203830
v -5.615220 5.604493 2.203830
v -5.630916 5.604493 2.203830
v -5.630916 5.582549 2.203830
v -5.630916 5.562469 2.203830
v -5.630916 5.562470 -2.324857
v -5.630916 5.582550 -2.324857
v -5.630916 5.604494 -2.324857
v -5.615220 5.604494 -2.324857
v -3.654738 5.604493 -2.324857
v -1.694256 5.604493 -2.324857
v 1.210184 5.604493 -2.324857
v 4.114624 5.604493 -2.324857
v 4.864814 5.604493 -2.324857
v 5.615004 5.604493 -2.324857
v 5.630916 5.604493 -2.324857
v 5.630916 5.582549 -2.324857
v 5.630916 5.562469 -2.324857
v 5.630916 5.562469 -0.120999
v 5.630916 5.582549 -0.120999
v 5.630916 5.604493 -0.120999
v 5.615004 5.604493 -0.120999
v 4.864814 5.604493 -0.120999
v 4.114624 5.604493 -0.120999
v 1.210184 5.604493 -0.120999
v -1.694256 5.604493 -0.120999
v -3.654738 5.604493 -0.120999
v -5.615220 5.604493 -0.120999
v -5.630916 5.604493 -0.120999
v -5.630916 5.582549 -0.120999
v -5.630916 5.562469 -0.120999
v -4.634979 5.562471 -2.604980
v -4.634979 5.582550 -2.604980
v -4.634979 5.604494 -2.604980
v -4.634979 5.604494 -2.592728
v -4.634979 5.604494 -2.324857
v -4.634979 5.604493 -2.056988
v -4.634979 5.604493 -0.120999
v -4.634979 5.604493 1.814988
v -4.634979 5.604493 2.203830
v -4.634979 5.604493 2.592672
v -4.634979 5.604493 2.604980
v -4.634979 5.582549 2.604980
v -4.634979 5.562469 2.604980
v -5.630916 5.602546 2.604980
v -5.615220 5.602546 2.604980
v -4.634979 5.602546 2.604980
v -3.654738 5.602546 2.604980
v -1.694256 5.602546 2.604980
v 1.210184 5.602546 2.604980
v 4.114624 5.602546 2.604980
v 4.864814 5.602546 2.604980
v 5.615004 5.602546 2.604980
v 5.630916 5.602546 2.604980
v 5.630916 5.602546 2.592672
v 5.630916 5.602546 2.203830
v 5.630916 5.602546 1.814988
v 5.630916 5.602546 -0.120999
v 5.630916 5.602546 -2.056987
v 5.630916 5.602546 -2.324857
v 5.630916 5.602546 -2.592728
v 5.630916 5.602546 -2.604980
v 5.615004 5.602546 -2.604980
v 4.864814 5.602546 -2.604980
v 4.114624 5.602546 -2.604980
v 1.210184 5.602546 -2.604980
v -1.694256 5.602546 -2.604980
v -3.654738 5.602547 -2.604980
v -4.634979 5.602548 -2.604980
v -5.615220 5.602548 -2.604980
v -5.630916 5.602548 -2.604980
v -5.630916 5.602548 -2.592728
v -5.630916 5.602547 -2.324857
v -5.630916 5.602546 -2.056987
v -5.630916 5.602546 -0.120999
v -5.630916 5.602546 1.814988
v -5.630916 5.602546 2.203830
v -5.630916 5.602546 2.592672
v 4.108169 2.420371 2.869746
v 4.108169 2.420371 2.872911
v 4.079167 2.423613 2.873611
v 4.080266 2.423488 2.874521
v 4.082922 2.423190 2.874899
v 4.085371 2.402169 2.873611
v 4.086236 2.402859 2.874522
v 4.088324 2.404526 2.874899
v 4.111567 2.449482 2.873604
v 4.111474 2.448394 2.874518
v 4.111179 2.445722 2.874899
v 4.130968 2.438574 2.873611
v 4.130107 2.437886 2.874522
v 4.128027 2.436225 2.874899
v 4.111469 2.449403 2.871025
v 4.111311 2.448281 2.870120
v 4.111000 2.445620 2.869746
v 4.130968 2.438574 2.871033
v 4.130103 2.437883 2.870123
v 4.128014 2.436215 2.869746
v 4.082933 2.423200 2.869746
v 4.080276 2.423497 2.870123
v 4.079174 2.423619 2.871033
v 4.085371 2.402169 2.871033
v 4.086236 2.402859 2.870123
v 4.088325 2.404527 2.869746
v 4.089967 2.443170 2.873611
v 4.090659 2.442307 2.874522
v 4.092329 2.440223 2.874899
v 4.104909 2.391371 2.873611
v 4.105031 2.392470 2.874521
v 4.105328 2.395128 2.874899
v 4.126372 2.397572 2.873611
v 4.125684 2.398438 2.874522
v 4.124022 2.400528 2.874899
v 4.089967 2.443170 2.871033
v 4.090658 2.442305 2.870123
v 4.092325 2.440216 2.869746
v 4.137211 2.417160 2.871025
v 4.136088 2.417255 2.870120
v 4.133436 2.417539 2.869746
v 4.124014 2.400526 2.869746
v 4.125681 2.398438 2.870123
v 4.126372 2.397572 2.871033
v 4.137310 2.417239 2.873604
v 4.136234 2.417388 2.874518
v 4.133577 2.417691 2.874899
v 4.104916 2.391376 2.871033
v 4.105042 2.392478 2.870123
v 4.105340 2.395134 2.869746
v 4.090343 2.409609 2.874600
v 4.089929 2.409729 2.874814
v 4.089058 2.409816 2.874899
v 4.092035 2.407489 2.874577
v 4.091836 2.407330 2.874805
v 4.091354 2.406946 2.874899
v 4.106472 2.422497 2.874615
v 4.106256 2.422768 2.874819
v 4.105872 2.423249 2.874899
v 4.093725 2.405372 2.874596
v 4.093751 2.404936 2.874813
v 4.093642 2.404055 2.874899
v 4.109867 2.418245 2.874615
v 4.110083 2.417975 2.874819
v 4.110467 2.417494 2.874899
v 4.124488 2.433400 2.874577
v 4.124688 2.433559 2.874805
v 4.125169 2.433943 2.874899
v 4.122798 2.435517 2.874596
v 4.122772 2.435953 2.874813
v 4.122881 2.436834 2.874899
v 4.126180 2.431281 2.874600
v 4.126594 2.431160 2.874814
v 4.127465 2.431073 2.874899
v 4.090870 2.408948 2.873213
v 4.091290 2.408826 2.872997
v 4.092173 2.408737 2.872911
v 4.092716 2.408033 2.872911
v 4.092234 2.407649 2.873005
v 4.092035 2.407489 2.873232
v 4.107012 2.421821 2.873195
v 4.107228 2.421551 2.872990
v 4.107612 2.421069 2.872911
v 4.093282 2.407348 2.872911
v 4.093173 2.406467 2.872997
v 4.093199 2.406031 2.873213
v 4.108727 2.419673 2.872911
v 4.109111 2.419192 2.872990
v 4.109327 2.418921 2.873195
v 4.124488 2.433400 2.873232
v 4.124289 2.433241 2.873005
v 4.123807 2.432856 2.872911
v 4.123241 2.433542 2.872911
v 4.123350 2.434422 2.872997
v 4.123324 2.434859 2.873213
v 4.124366 2.432151 2.872911
v 4.125237 2.432064 2.872996
v 4.125651 2.431943 2.873209
v 3.325522 2.420371 2.869746
v 3.325522 2.420371 2.872911
v 3.296520 2.423613 2.873611
v 3.297619 2.423488 2.874521
v 3.300275 2.423190 2.874899
v 3.302724 2.402169 2.873611
v 3.303589 2.402859 2.874522
v 3.305677 2.404526 2.874899
v 3.328920 2.449482 2.873604
v 3.328827 2.448394 2.874518
v 3.328532 2.445722 2.874899
v 3.348321 2.438574 2.873611
v 3.347460 2.437886 2.874522
v 3.345380 2.436225 2.874899
v 3.328822 2.449403 2.871025
v 3.328664 2.448281 2.870120
v 3.328353 2.445620 2.869746
v 3.348321 2.438574 2.871033
v 3.347456 2.437883 2.870123
v 3.345367 2.436215 2.869746
v 3.300286 2.423200 2.869746
v 3.297629 2.423497 2.870123
v 3.296527 2.423619 2.871033
v 3.302724 2.402169 2.871033
v 3.303589 2.402859 2.870123
v 3.305678 2.404527 2.869746
v 3.307320 2.443170 2.873611
v 3.308012 2.442307 2.874522
v 3.309682 2.440223 2.874899
v 3.322262 2.391371 2.873611
v 3.322384 2.392470 2.874521
v 3.322681 2.395128 2.874899
v 3.343725 2.397572 2.873611
v 3.343037 2.398438 2.874522
v 3.341375 2.400528 2.874899
v 3.307320 2.443170 2.871033
v 3.308011 2.442305 2.870123
v 3.309678 2.440216 2.869746
v 3.354564 2.417160 2.871025
v 3.353441 2.417255 2.870120
v 3.350789 2.417539 2.869746
v 3.341366 2.400526 2.869746
v 3.343034 2.398438 2.870123
v 3.343725 2.397572 2.871033
v 3.354663 2.417239 2.873604
v 3.353587 2.417388 2.874518
v 3.350930 2.417691 2.874899
v 3.322269 2.391376 2.871033
v 3.322395 2.392478 2.870123
v 3.322693 2.395134 2.869746
v 3.307696 2.409609 2.874600
v 3.307282 2.409729 2.874814
v 3.306411 2.409816 2.874899
v 3.309388 2.407489 2.874577
v 3.309189 2.407330 2.874805
v 3.308707 2.406946 2.874899
v 3.323825 2.422497 2.874615
v 3.323609 2.422768 2.874819
v 3.323225 2.423249 2.874899
v 3.311078 2.405372 2.874596
v 3.311104 2.404936 2.874813
v 3.310995 2.404055 2.874899
v 3.327220 2.418245 2.874615
v 3.327436 2.417975 2.874819
v 3.327820 2.417494 2.874899
v 3.341841 2.433400 2.874577
v 3.342041 2.433559 2.874805
v 3.342522 2.433943 2.874899
v 3.340151 2.435517 2.874596
v 3.340125 2.435953 2.874813
v 3.340234 2.436834 2.874899
v 3.343533 2.431281 2.874600
v 3.343947 2.431160 2.874814
v 3.344818 2.431073 2.874899
v 3.308223 2.408948 2.873213
v 3.308643 2.408826 2.872997
v 3.309526 2.408737 2.872911
v 3.310069 2.408033 2.872911
v 3.309587 2.407649 2.873005
v 3.309388 2.407489 2.873232
v 3.324365 2.421821 2.873195
v 3.324581 2.421551 2.872990
v 3.324965 2.421069 2.872911
v 3.310635 2.407348 2.872911
v 3.310526 2.406467 2.872997
v 3.310552 2.406031 2.873213
v 3.326080 2.419673 2.872911
v 3.326464 2.419192 2.872990
v 3.326680 2.418921 2.873195
v 3.341841 2.433400 2.873232
v 3.341642 2.433241 2.873005
v 3.341160 2.432856 2.872911
v 3.340594 2.433542 2.872911
v 3.340703 2.434422 2.872997
v 3.340677 2.434859 2.873213
v 3.341719 2.432151 2.872911
v 3.342590 2.432064 2.872996
v 3.343004 2.431943 2.873209
v 3.244593 2.348271 2.868070
v 3.244593 2.348271 2.834735
v 3.244593 2.494619 2.868070
v 3.244593 2.494619 2.834735
v 4.183640 2.348271 2.868070
v 4.183640 2.494619 2.868070
v 4.183640 2.348271 2.834735
v 4.183640 2.494619 2.834735
v 3.393271 2.322833 2.951338
v 3.395771 2.322833 2.951338
v 3.393217 2.322833 2.953837
v 3.393133 2.325195 2.953837
v 3.390771 2.325170 2.953837
v 3.390771 2.325146 2.951524
v 3.390771 2.322833 2.951424
v 3.393271 2.322833 2.948838
v 4.034962 2.322833 2.951338
v 4.034962 2.322833 2.948838
v 4.037462 2.322833 2.951393
v 4.037462 2.325195 2.951476
v 4.037462 2.325172 2.953837
v 4.035148 2.325146 2.953837
v 4.035048 2.322833 2.953837
v 4.032462 2.322833 2.951338
v 3.390771 2.517646 2.953837
v 3.393181 2.517647 2.953837
v 3.393182 2.520056 2.953837
v 3.393181 2.520056 2.951427
v 3.390771 2.520056 2.951427
v 3.390771 2.517647 2.951427
v 4.037462 2.517646 2.953837
v 4.037462 2.517647 2.951427
v 4.037462 2.520056 2.951427
v 4.035052 2.520056 2.951427
v 4.035051 2.520056 2.953837
v 4.035052 2.517647 2.953837
v 3.389067 2.521761 2.834735
v 3.391477 2.521761 2.834735
v 3.392826 2.520056 2.834735
v 3.392476 2.518352 2.834735
v 3.390771 2.518004 2.834735
v 3.389067 2.519350 2.834735
v 4.039166 2.521761 2.834735
v 4.039166 2.519350 2.834735
v 4.037462 2.518002 2.834735
v 4.035758 2.518352 2.834735
v 4.035407 2.520056 2.834735
v 4.036756 2.521761 2.834735
v 3.390771 2.324888 2.834735
v 3.392476 2.324537 2.834735
v 3.392824 2.322833 2.834735
v 3.391477 2.321129 2.834735
v 3.389067 2.321129 2.834735
v 3.389067 2.323539 2.834735
v 4.037462 2.324888 2.834735
v 4.039166 2.323539 2.834735
v 4.039166 2.321129 2.834735
v 4.036756 2.321129 2.834735
v 4.035407 2.322833 2.834735
v 4.035758 2.324537 2.834735
v 3.390771 2.360609 2.951425
v 3.390771 2.358905 2.951427
v 3.390771 2.358905 2.953837
v 3.393181 2.358905 2.953837
v 3.393182 2.360609 2.953837
v 3.393181 2.362313 2.953837
v 3.390771 2.362313 2.953837
v 3.390771 2.362313 2.951427
v 4.037462 2.360609 2.951426
v 4.037462 2.362313 2.951427
v 4.037462 2.362313 2.953837
v 4.035052 2.362313 2.953837
v 4.035049 2.360609 2.953837
v 4.035052 2.358905 2.953837
v 4.037462 2.358905 2.953837
v 4.037462 2.358905 2.951427
v 3.388314 2.522514 2.868070
v 3.388315 2.520056 2.868070
v 3.390771 2.517635 2.868070
v 3.390771 2.517671 2.870456
v 3.390771 2.520056 2.870443
v 3.393133 2.520056 2.870431
v 3.393180 2.520056 2.868070
v 3.390771 2.522513 2.868070
v 4.037462 2.517649 2.868070
v 4.039895 2.520056 2.868070
v 4.039907 2.522502 2.868070
v 4.037462 2.522513 2.868070
v 4.035041 2.520056 2.868070
v 4.035076 2.520056 2.870456
v 4.037462 2.520056 2.870456
v 4.037462 2.517671 2.870456
v 3.392476 2.482280 2.834735
v 3.392476 2.480576 2.834735
v 3.390771 2.480430 2.834735
v 3.389067 2.481329 2.834735
v 3.389067 2.483332 2.834735
v 3.389067 2.485334 2.834735
v 3.390771 2.484138 2.834735
v 3.392476 2.483985 2.834735
v 4.039166 2.483332 2.834735
v 4.039166 2.481329 2.834735
v 4.037462 2.480433 2.834735
v 4.035758 2.480576 2.834735
v 4.035758 2.482280 2.834735
v 4.035758 2.483985 2.834735
v 4.037462 2.484134 2.834735
v 4.039166 2.485334 2.834735
v 3.393249 2.322833 2.870548
v 3.393271 2.322833 2.873070
v 3.390771 2.322833 2.870490
v 3.390771 2.325146 2.870383
v 3.390771 2.325205 2.868070
v 3.388338 2.322833 2.868070
v 3.388373 2.320435 2.868070
v 3.390771 2.320470 2.868070
v 3.393173 2.322833 2.868070
v 3.395682 2.322833 2.870525
v 3.388369 2.483763 2.868070
v 3.388392 2.481771 2.868070
v 3.390771 2.480447 2.868070
v 3.390771 2.480570 2.870489
v 3.390771 2.482280 2.870482
v 3.390771 2.483980 2.870474
v 3.390771 2.484141 2.868070
v 3.388343 2.485796 2.868070
v 4.034984 2.322833 2.870547
v 4.032551 2.322833 2.870525
v 4.035045 2.322833 2.868070
v 4.037462 2.320447 2.868070
v 4.039884 2.320411 2.868070
v 4.039918 2.322833 2.868070
v 4.037462 2.325205 2.868070
v 4.037462 2.325122 2.870359
v 4.037462 2.322833 2.870471
v 4.034962 2.322833 2.873070
v 4.037462 2.360609 2.870489
v 4.037462 2.358909 2.870474
v 4.037462 2.358745 2.868070
v 4.039899 2.357080 2.868070
v 4.039869 2.359124 2.868070
v 4.039841 2.361118 2.868070
v 4.037462 2.362445 2.868070
v 4.037462 2.362326 2.870498
v 3.370771 2.305245 2.834735
v 3.373226 2.307743 2.834735
v 3.373250 2.305312 2.834735
v 3.375771 2.305333 2.834735
v 3.373211 2.302833 2.834735
v 3.373133 2.302833 2.837097
v 3.370771 2.302833 2.837096
v 3.370771 2.305195 2.837097
v 3.370771 2.305243 2.868070
v 3.370771 2.305195 2.865709
v 3.370771 2.302833 2.865732
v 3.373084 2.302833 2.865757
v 3.373161 2.302833 2.868070
v 3.375681 2.305288 2.868070
v 3.373231 2.305293 2.868070
v 3.373226 2.307743 2.868070
v 3.373179 2.540056 2.868070
v 3.373133 2.540056 2.865709
v 3.370771 2.540056 2.865734
v 3.370771 2.537743 2.865757
v 3.370771 2.537675 2.868070
v 3.373226 2.535147 2.868070
v 3.373228 2.537600 2.868070
v 3.375681 2.537602 2.868070
v 3.370771 2.493552 2.868070
v 3.372575 2.491388 2.868070
v 3.372875 2.493321 2.868070
v 3.373177 2.495133 2.868070
v 3.370771 2.496806 2.868070
v 3.370771 2.496994 2.865695
v 3.370771 2.494619 2.866881
v 3.368626 2.494619 2.868070
v 3.373183 2.540056 2.834735
v 3.375681 2.537602 2.834735
v 3.373255 2.537573 2.834735
v 3.373271 2.535057 2.834735
v 3.370771 2.537617 2.834735
v 3.370771 2.537695 2.837097
v 3.370771 2.540056 2.837097
v 3.373133 2.540056 2.837097
v 3.370771 2.494619 2.835904
v 3.370771 2.496959 2.837075
v 3.370771 2.496738 2.834735
v 3.373074 2.495111 2.834735
v 3.372794 2.493371 2.834735
v 3.372525 2.491477 2.834735
v 3.370771 2.493585 2.834735
v 3.368803 2.494619 2.834735
v 4.057462 2.305245 2.834735
v 4.057462 2.305195 2.837097
v 4.057462 2.302833 2.837073
v 4.055148 2.302833 2.837048
v 4.055076 2.302833 2.834735
v 4.052552 2.305288 2.834735
v 4.055002 2.305293 2.834735
v 4.055007 2.307743 2.834735
v 4.057462 2.305242 2.868070
v 4.055007 2.307743 2.868070
v 4.054983 2.305312 2.868070
v 4.052462 2.305333 2.868070
v 4.055020 2.302833 2.868070
v 4.055100 2.302833 2.865709
v 4.057462 2.302833 2.865709
v 4.057462 2.305195 2.865709
v 4.057462 2.537644 2.868070
v 4.057462 2.537695 2.865709
v 4.057462 2.540056 2.865732
v 4.055148 2.540056 2.865757
v 4.055080 2.540056 2.868070
v 4.052552 2.537602 2.868070
v 4.055002 2.537597 2.868070
v 4.055007 2.535147 2.868070
v 4.057462 2.349338 2.868070
v 4.055659 2.351502 2.868070
v 4.055358 2.349569 2.868070
v 4.055056 2.347756 2.868070
v 4.057462 2.346085 2.868070
v 4.057462 2.345896 2.865695
v 4.057462 2.348271 2.866883
v 4.059607 2.348271 2.868070
v 4.055049 2.540056 2.834735
v 4.055100 2.540056 2.837097
v 4.057462 2.540056 2.837071
v 4.057462 2.537743 2.837048
v 4.057462 2.537671 2.834735
v 4.055007 2.535147 2.834735
v 4.055005 2.537600 2.834735
v 4.052552 2.537602 2.834735
v 4.057462 2.493553 2.834735
v 4.055659 2.491388 2.834735
v 4.055358 2.493321 2.834735
v 4.055056 2.495133 2.834735
v 4.057462 2.496807 2.834735
v 4.057462 2.496994 2.837110
v 4.057462 2.494619 2.835924
v 4.059607 2.494619 2.834735
v 4.037462 2.480576 2.953837
v 4.037462 2.480576 2.951427
v 4.037462 2.482280 2.951427
v 4.037462 2.483985 2.951427
v 4.037462 2.483985 2.953837
v 4.035052 2.483985 2.953837
v 4.035052 2.482280 2.953837
v 4.035052 2.480576 2.953837
v 3.390771 2.480576 2.953837
v 3.393181 2.480576 2.953837
v 3.393181 2.482280 2.953837
v 3.393181 2.483985 2.953837
v 3.390771 2.483985 2.953837
v 3.390771 2.483985 2.951427
v 3.390771 2.482280 2.951427
v 3.390771 2.480576 2.951427
v 3.388368 2.359126 2.868070
v 3.388343 2.357094 2.868070
v 3.390771 2.358741 2.868070
v 3.390771 2.358907 2.870477
v 3.390771 2.360609 2.870490
v 3.390771 2.362326 2.870498
v 3.390771 2.362450 2.868070
v 3.388392 2.361118 2.868070
v 3.370771 2.348271 2.866902
v 3.370771 2.345931 2.865730
v 3.370771 2.346153 2.868070
v 3.373074 2.347778 2.868070
v 3.372796 2.349520 2.868070
v 3.372525 2.351413 2.868070
v 3.370771 2.349306 2.868070
v 3.368803 2.348271 2.868070
v 3.370771 2.349337 2.834735
v 3.372575 2.351502 2.834735
v 3.372875 2.349569 2.834735
v 3.373177 2.347756 2.834735
v 3.370771 2.346083 2.834735
v 3.370771 2.345896 2.837110
v 3.370771 2.348271 2.835923
v 3.368626 2.348271 2.834735
v 3.392476 2.360609 2.834735
v 3.392476 2.358905 2.834735
v 3.390771 2.358756 2.834735
v 3.389067 2.357556 2.834735
v 3.389067 2.359558 2.834735
v 3.389067 2.361560 2.834735
v 3.390771 2.362456 2.834735
v 3.392476 2.362313 2.834735
v 4.039166 2.359558 2.834735
v 4.039166 2.357556 2.834735
v 4.037462 2.358751 2.834735
v 4.035758 2.358905 2.834735
v 4.035758 2.360609 2.834735
v 4.035758 2.362313 2.834735
v 4.037462 2.362460 2.834735
v 4.039166 2.361560 2.834735
v 4.057462 2.348271 2.835904
v 4.057462 2.345931 2.837075
v 4.057462 2.346152 2.834735
v 4.055159 2.347778 2.834735
v 4.055437 2.349520 2.834735
v 4.055708 2.351413 2.834735
v 4.057462 2.349304 2.834735
v 4.059430 2.348271 2.834735
v 4.057462 2.494619 2.866902
v 4.057462 2.496959 2.865730
v 4.057462 2.496736 2.868070
v 4.055159 2.495111 2.868070
v 4.055437 2.493370 2.868070
v 4.055708 2.491477 2.868070
v 4.057462 2.493584 2.868070
v 4.059430 2.494619 2.868070
v 4.037462 2.480444 2.868070
v 4.039838 2.481772 2.868070
v 4.039864 2.483762 2.868070
v 4.039890 2.485796 2.868070
v 4.037462 2.484148 2.868070
v 4.037462 2.483983 2.870477
v 4.037462 2.482280 2.870484
v 4.037462 2.480570 2.870489
v 3.400771 2.325194 2.878070
v 3.400771 2.325194 2.880432
v 3.400771 2.322833 2.880451
v 3.398338 2.322833 2.878070
v 3.398327 2.322833 2.875626
v 3.400771 2.322833 2.875614
v 3.403180 2.322833 2.878070
v 3.403133 2.325194 2.878070
v 4.027462 2.325194 2.878070
v 4.025100 2.325194 2.878070
v 4.025070 2.322833 2.878070
v 4.027462 2.322833 2.875637
v 4.029907 2.322833 2.875625
v 4.029918 2.322833 2.878070
v 4.027462 2.322833 2.880468
v 4.027462 2.325194 2.880432
v 4.027462 2.325194 2.943837
v 4.027462 2.325194 2.941476
v 4.027462 2.322833 2.941457
v 4.029895 2.322833 2.943837
v 4.029906 2.322833 2.946282
v 4.027462 2.322833 2.946294
v 4.025063 2.322833 2.943837
v 4.025100 2.325194 2.943837
v 3.400771 2.325194 2.943837
v 3.403133 2.325194 2.943837
v 3.403152 2.322833 2.943837
v 3.400771 2.322833 2.946271
v 3.398326 2.322833 2.946283
v 3.398315 2.322833 2.943837
v 3.400771 2.322833 2.941439
v 3.400771 2.325194 2.941476
v 3.400771 2.470908 2.880481
v 3.400771 2.468498 2.880481
v 3.400771 2.468498 2.878070
v 3.403181 2.468498 2.878070
v 3.403182 2.470908 2.878070
v 3.403181 2.470908 2.880481
v 4.027462 2.470908 2.880481
v 4.025052 2.470908 2.880481
v 4.025051 2.470908 2.878070
v 4.025052 2.468498 2.878070
v 4.027462 2.468498 2.878070
v 4.027462 2.468498 2.880481
v 4.025051 2.470908 2.943837
v 4.025052 2.470908 2.941427
v 4.027462 2.470908 2.941427
v 4.027462 2.468498 2.941427
v 4.027462 2.468498 2.943837
v 4.025052 2.468498 2.943837
v 3.400771 2.470908 2.941427
v 3.403181 2.470908 2.941427
v 3.403182 2.470908 2.943837
v 3.403181 2.468498 2.943837
v 3.400771 2.468498 2.943837
v 3.400771 2.468498 2.941427
v 3.390771 2.322833 2.953837
v 4.037462 2.322833 2.953837
v 3.390771 2.520056 2.953837
v 4.037462 2.520056 2.953837
v 3.390771 2.520056 2.834735
v 4.037462 2.520056 2.834735
v 3.390771 2.322833 2.834735
v 4.037462 2.322833 2.834735
v 3.390771 2.360609 2.953837
v 4.037462 2.360609 2.953837
v 3.390771 2.520056 2.868070
v 4.037462 2.520056 2.868070
v 3.390771 2.482280 2.834735
v 4.037462 2.482280 2.834735
v 3.390771 2.322833 2.868070
v 3.390771 2.482280 2.868070
v 4.037462 2.322833 2.868070
v 4.037462 2.360609 2.868070
v 3.370771 2.302833 2.834735
v 3.370771 2.302833 2.868070
v 3.370771 2.540056 2.868070
v 3.370771 2.494619 2.868070
v 3.370771 2.540056 2.834735
v 3.370771 2.494619 2.834735
v 4.057462 2.302833 2.834735
v 4.057462 2.302833 2.868070
v 4.057462 2.540056 2.868070
v 4.057462 2.348271 2.868070
v 4.057462 2.540056 2.834735
v 4.057462 2.494619 2.834735
v 4.037462 2.482280 2.953837
v 3.390771 2.482280 2.953837
v 3.390771 2.360609 2.868070
v 3.370771 2.348271 2.868070
v 3.370771 2.348271 2.834735
v 3.390771 2.360609 2.834735
v 4.037462 2.360609 2.834735
v 4.057462 2.348271 2.834735
v 4.057462 2.494619 2.868070
v 4.037462 2.482280 2.868070
v 3.400771 2.322833 2.878070
v 4.027462 2.322833 2.878070
v 4.027462 2.322833 2.943837
v 3.400771 2.322833 2.943837
v 3.400771 2.470908 2.878070
v 4.027462 2.470908 2.878070
v 4.027462 2.470908 2.943837
v 3.400771 2.470908 2.943837
v 3.244593 2.348271 2.866408
v 3.244593 2.494619 2.866408
v 3.368635 2.494619 2.866408
v 3.370771 2.494619 2.865336
v 3.370771 2.496992 2.864267
v 3.370771 2.537741 2.864328
v 3.370771 2.540056 2.864306
v 3.373133 2.540056 2.864282
v 4.055146 2.540056 2.864328
v 4.057462 2.540056 2.864303
v 4.057462 2.537697 2.864280
v 4.057462 2.496961 2.864303
v 4.057462 2.494619 2.865357
v 4.059439 2.494619 2.866408
v 4.183640 2.494619 2.866408
v 4.183640 2.348271 2.866408
v 4.059598 2.348271 2.866408
v 4.057462 2.348271 2.865337
v 4.057462 2.345898 2.864267
v 4.057462 2.305195 2.864282
v 4.057462 2.302833 2.864281
v 4.055103 2.302833 2.864280
v 3.373087 2.302833 2.864328
v 3.370771 2.302833 2.864304
v 3.370771 2.305195 2.864282
v 3.370771 2.345929 2.864303
v 3.370771 2.348271 2.865357
v 3.368794 2.348271 2.866408
v 4.183640 2.348271 2.836743
v 4.183640 2.494619 2.836743
v 4.059597 2.494619 2.836743
v 4.057462 2.494619 2.837790
v 4.057462 2.496992 2.838834
v 4.057462 2.537740 2.838775
v 4.057462 2.540056 2.838797
v 4.055103 2.540056 2.838823
v 3.373133 2.540056 2.838820
v 3.370771 2.540056 2.838823
v 3.370771 2.537698 2.838823
v 3.370771 2.496961 2.838799
v 3.370771 2.494619 2.837770
v 3.368792 2.494619 2.836743
v 3.244593 2.494619 2.836743
v 3.244593 2.348271 2.836743
v 3.368637 2.348271 2.836743
v 3.370771 2.348271 2.837789
v 3.370771 2.345898 2.838834
v 3.370771 2.305195 2.838820
v 3.370771 2.302833 2.838821
v 3.373130 2.302833 2.838823
v 4.055146 2.302833 2.838775
v 4.057462 2.302833 2.838798
v 4.057462 2.305195 2.838820
v 4.057462 2.345929 2.838799
v 4.057462 2.348271 2.837771
v 4.059441 2.348271 2.836743
v 3.244593 2.348271 2.851575
v 3.244593 2.494619 2.851575
v 3.368713 2.494619 2.851575
v 3.370771 2.494619 2.851553
v 3.370771 2.496977 2.851533
v 3.370771 2.537719 2.851575
v 3.370771 2.540056 2.851564
v 3.373133 2.540056 2.851551
v 4.055125 2.540056 2.851575
v 4.057462 2.540056 2.851550
v 4.057462 2.537719 2.851527
v 4.057462 2.496976 2.851569
v 4.057462 2.494619 2.851574
v 4.059518 2.494619 2.851575
v 4.183640 2.494619 2.851575
v 4.183640 2.348271 2.851575
v 4.059520 2.348271 2.851575
v 4.057462 2.348271 2.851554
v 4.057462 2.345913 2.851533
v 4.057462 2.305195 2.851551
v 4.057462 2.302833 2.851540
v 4.055124 2.302833 2.851527
v 3.373108 2.302833 2.851575
v 3.370771 2.302833 2.851562
v 3.370771 2.305195 2.851551
v 3.370771 2.345914 2.851569
v 3.370771 2.348271 2.851573
v 3.368715 2.348271 2.851575
v 4.108169 3.458408 2.869746
v 4.108169 3.458408 2.872911
v 4.079167 3.461650 2.873611
v 4.080266 3.461525 2.874521
v 4.082922 3.461227 2.874899
v 4.085371 3.440206 2.873611
v 4.086236 3.440896 2.874522
v 4.088324 3.442563 2.874899
v 4.111567 3.487518 2.873604
v 4.111474 3.486431 2.874518
v 4.111179 3.483759 2.874899
v 4.130968 3.476611 2.873611
v 4.130107 3.475923 2.874522
v 4.128027 3.474262 2.874899
v 4.111469 3.487440 2.871025
v 4.111311 3.486318 2.870120
v 4.111000 3.483657 2.869746
v 4.130968 3.476611 2.871033
v 4.130103 3.475920 2.870123
v 4.128014 3.474252 2.869746
v 4.082933 3.461237 2.869746
v 4.080276 3.461534 2.870123
v 4.079174 3.461655 2.871033
v 4.085371 3.440205 2.871033
v 4.086236 3.440896 2.870123
v 4.088325 3.442564 2.869746
v 4.089967 3.481207 2.873611
v 4.090659 3.480344 2.874522
v 4.092329 3.478260 2.874899
v 4.104909 3.429408 2.873611
v 4.105031 3.430507 2.874521
v 4.105328 3.433164 2.874899
v 4.126372 3.435609 2.873611
v 4.125684 3.436475 2.874522
v 4.124022 3.438565 2.874899
v 4.089967 3.481207 2.871033
v 4.090658 3.480342 2.870123
v 4.092325 3.478253 2.869746
v 4.137211 3.455197 2.871025
v 4.136088 3.455291 2.870120
v 4.133436 3.455576 2.869746
v 4.124014 3.438563 2.869746
v 4.125681 3.436474 2.870123
v 4.126372 3.435609 2.871033
v 4.137310 3.455276 2.873604
v 4.136234 3.455425 2.874518
v 4.133577 3.455728 2.874899
v 4.104916 3.429413 2.871033
v 4.105042 3.430515 2.870123
v 4.105340 3.433171 2.869746
v 4.090343 3.447645 2.874600
v 4.089929 3.447766 2.874814
v 4.089058 3.447853 2.874899
v 4.092035 3.445526 2.874577
v 4.091836 3.445367 2.874805
v 4.091354 3.444983 2.874899
v 4.106472 3.460534 2.874615
v 4.106256 3.460804 2.874819
v 4.105872 3.461286 2.874899
v 4.093725 3.443409 2.874596
v 4.093751 3.442973 2.874813
v 4.093642 3.442092 2.874899
v 4.109867 3.456282 2.874615
v 4.110083 3.456012 2.874819
v 4.110467 3.455531 2.874899
v 4.124488 3.471437 2.874577
v 4.124688 3.471596 2.874805
v 4.125169 3.471980 2.874899
v 4.122798 3.473554 2.874596
v 4.122772 3.473990 2.874813
v 4.122881 3.474871 2.874899
v 4.126180 3.469318 2.874600
v 4.126594 3.469197 2.874814
v 4.127465 3.469110 2.874899
v 4.090870 3.446985 2.873213
v 4.091290 3.446863 2.872997
v 4.092173 3.446774 2.872911
v 4.092716 3.446070 2.872911
v 4.092234 3.445685 2.873005
v 4.092035 3.445526 2.873232
v 4.107012 3.459858 2.873195
v 4.107228 3.459587 2.872990
v 4.107612 3.459106 2.872911
v 4.093282 3.445384 2.872911
v 4.093173 3.444504 2.872997
v 4.093199 3.444068 2.873213
v 4.108727 3.457710 2.872911
v 4.109111 3.457229 2.872990
v 4.109327 3.456958 2.873195
v 4.124488 3.471437 2.873232
v 4.124289 3.471278 2.873005
v 4.123807 3.470893 2.872911
v 4.123241 3.471579 2.872911
v 4.123350 3.472459 2.872997
v 4.123324 3.472895 2.873213
v 4.124366 3.470188 2.872911
v 4.125237 3.470101 2.872996
v 4.125651 3.469980 2.873209
v 3.325522 3.458408 2.869746
v 3.325522 3.458408 2.872911
v 3.296520 3.461650 2.873611
v 3.297619 3.461525 2.874521
v 3.300275 3.461227 2.874899
v 3.302724 3.440206 2.873611
v 3.303589 3.440896 2.874522
v 3.305677 3.442563 2.874899
v 3.328920 3.487518 2.873604
v 3.328827 3.486431 2.874518
v 3.328532 3.483759 2.874899
v 3.348321 3.476611 2.873611
v 3.347460 3.475923 2.874522
v 3.345380 3.474262 2.874899
v 3.328822 3.487440 2.871025
v 3.328664 3.486318 2.870120
v 3.328353 3.483657 2.869746
v 3.348321 3.476611 2.871033
v 3.347456 3.475920 2.870123
v 3.345367 3.474252 2.869746
v 3.300286 3.461237 2.869746
v 3.297629 3.461534 2.870123
v 3.296527 3.461655 2.871033
v 3.302724 3.440205 2.871033
v 3.303589 3.440896 2.870123
v 3.305678 3.442564 2.869746
v 3.307320 3.481207 2.873611
v 3.308012 3.480344 2.874522
v 3.309682 3.478260 2.874899
v 3.322262 3.429408 2.873611
v 3.322384 3.430507 2.874521
v 3.322681 3.433164 2.874899
v 3.343725 3.435609 2.873611
v 3.343037 3.436475 2.874522
v 3.341375 3.438565 2.874899
v 3.307320 3.481207 2.871033
v 3.308011 3.480342 2.870123
v 3.309678 3.478253 2.869746
v 3.354564 3.455197 2.871025
v 3.353441 3.455291 2.870120
v 3.350789 3.455576 2.869746
v 3.341366 3.438563 2.869746
v 3.343034 3.436474 2.870123
v 3.343725 3.435609 2.871033
v 3.354663 3.455276 2.873604
v 3.353587 3.455425 2.874518
v 3.350930 3.455728 2.874899
v 3.322269 3.429413 2.871033
v 3.322395 3.430515 2.870123
v 3.322693 3.433171 2.869746
v 3.307696 3.447645 2.874600
v 3.307282 3.447766 2.874814
v 3.306411 3.447853 2.874899
v 3.309388 3.445526 2.874577
v 3.309189 3.445367 2.874805
v 3.308707 3.444983 2.874899
v 3.323825 3.460534 2.874615
v 3.323609 3.460804 2.874819
v 3.323225 3.461286 2.874899
v 3.311078 3.443409 2.874596
v 3.311104 3.442973 2.874813
v 3.310995 3.442092 2.874899
v 3.327220 3.456282 2.874615
v 3.327436 3.456012 2.874819
v 3.327820 3.455531 2.874899
v 3.341841 3.471437 2.874577
v 3.342041 3.471596 2.874805
v 3.342522 3.471980 2.874899
v 3.340151 3.473554 2.874596
v 3.340125 3.473990 2.874813
v 3.340234 3.474871 2.874899
v 3.343533 3.469318 2.874600
v 3.343947 3.469197 2.874814
v 3.344818 3.469110 2.874899
v 3.308223 3.446985 2.873213
v 3.308643 3.446863 2.872997
v 3.309526 3.446774 2.872911
v 3.310069 3.446070 2.872911
v 3.309587 3.445685 2.873005
v 3.309388 3.445526 2.873232
v 3.324365 3.459858 2.873195
v 3.324581 3.459587 2.872990
v 3.324965 3.459106 2.872911
v 3.310635 3.445384 2.872911
v 3.310526 3.444504 2.872997
v 3.310552 3.444068 2.873213
v 3.326080 3.457710 2.872911
v 3.326464 3.457229 2.872990
v 3.326680 3.456958 2.873195
v 3.341841 3.471437 2.873232
v 3.341642 3.471278 2.873005
v 3.341160 3.470893 2.872911
v 3.340594 3.471579 2.872911
v 3.340703 3.472459 2.872997
v 3.340677 3.472895 2.873213
v 3.341719 3.470188 2.872911
v 3.342590 3.470101 2.872996
v 3.343004 3.469980 2.873209
v 3.244593 3.386308 2.868070
v 3.244593 3.386308 2.834735
v 3.244593 3.532656 2.868070
v 3.244593 3.532656 2.834735
v 4.183640 3.386308 2.868070
v 4.183640 3.532656 2.868070
v 4.183640 3.386308 2.834735
v 4.183640 3.532656 2.834735
v 3.393271 3.360870 2.951338
v 3.395771 3.360870 2.951338
v 3.393217 3.360870 2.953837
v 3.393133 3.363232 2.953837
v 3.390771 3.363207 2.953837
v 3.390771 3.363183 2.951524
v 3.390771 3.360870 2.951424
v 3.393271 3.360870 2.948838
v 4.034962 3.360870 2.951338
v 4.034962 3.360870 2.948838
v 4.037462 3.360870 2.951393
v 4.037462 3.363232 2.951476
v 4.037462 3.363208 2.953837
v 4.035148 3.363183 2.953837
v 4.035048 3.360870 2.953837
v 4.032462 3.360870 2.951338
v 3.390771 3.555683 2.953837
v 3.393181 3.555684 2.953837
v 3.393182 3.558093 2.953837
v 3.393181 3.558093 2.951427
v 3.390771 3.558093 2.951427
v 3.390771 3.555684 2.951427
v 4.037462 3.555683 2.953837
v 4.037462 3.555684 2.951427
v 4.037462 3.558093 2.951427
v 4.035052 3.558093 2.951427
v 4.035051 3.558093 2.953837
v 4.035052 3.555684 2.953837
v 3.389067 3.559797 2.834735
v 3.391477 3.559797 2.834735
v 3.392826 3.558093 2.834735
v 3.392476 3.556389 2.834735
v 3.390771 3.556041 2.834735
v 3.389067 3.557387 2.834735
v 4.039166 3.559797 2.834735
v 4.039166 3.557387 2.834735
v 4.037462 3.556039 2.834735
v 4.035758 3.556389 2.834735
v 4.035407 3.558093 2.834735
v 4.036756 3.559797 2.834735
v 3.390771 3.362925 2.834735
v 3.392476 3.362574 2.834735
v 3.392824 3.360870 2.834735
v 3.391477 3.359166 2.834735
v 3.389067 3.359166 2.834735
v 3.389067 3.361576 2.834735
v 4.037462 3.362925 2.834735
v 4.039166 3.361576 2.834735
v 4.039166 3.359166 2.834735
v 4.036756 3.359166 2.834735
v 4.035407 3.360870 2.834735
v 4.035758 3.362574 2.834735
v 3.390771 3.398646 2.951425
v 3.390771 3.396942 2.951427
v 3.390771 3.396942 2.953837
v 3.393181 3.396942 2.953837
v 3.393182 3.398646 2.953837
v 3.393181 3.400350 2.953837
v 3.390771 3.400350 2.953837
v 3.390771 3.400350 2.951427
v 4.037462 3.398646 2.951426
v 4.037462 3.400350 2.951427
v 4.037462 3.400350 2.953837
v 4.035052 3.400350 2.953837
v 4.035049 3.398646 2.953837
v 4.035052 3.396942 2.953837
v 4.037462 3.396942 2.953837
v 4.037462 3.396942 2.951427
v 3.388314 3.560551 2.868070
v 3.388315 3.558093 2.868070
v 3.390771 3.555672 2.868070
v 3.390771 3.555708 2.870456
v 3.390771 3.558093 2.870443
v 3.393133 3.558093 2.870431
v 3.393180 3.558093 2.868070
v 3.390771 3.560550 2.868070
v 4.037462 3.555686 2.868070
v 4.039895 3.558093 2.868070
v 4.039907 3.560538 2.868070
v 4.037462 3.560550 2.868070
v 4.035041 3.558093 2.868070
v 4.035076 3.558093 2.870456
v 4.037462 3.558093 2.870456
v 4.037462 3.555708 2.870456
v 3.392476 3.520317 2.834735
v 3.392476 3.518613 2.834735
v 3.390771 3.518467 2.834735
v 3.389067 3.519366 2.834735
v 3.389067 3.521369 2.834735
v 3.389067 3.523371 2.834735
v 3.390771 3.522175 2.834735
v 3.392476 3.522022 2.834735
v 4.039166 3.521369 2.834735
v 4.039166 3.519366 2.834735
v 4.037462 3.518470 2.834735
v 4.035758 3.518613 2.834735
v 4.035758 3.520317 2.834735
v 4.035758 3.522022 2.834735
v 4.037462 3.522171 2.834735
v 4.039166 3.523371 2.834735
v 3.393249 3.360870 2.870548
v 3.393271 3.360870 2.873070
v 3.390771 3.360870 2.870490
v 3.390771 3.363183 2.870383
v 3.390771 3.363242 2.868070
v 3.388338 3.360870 2.868070
v 3.388373 3.358472 2.868070
v 3.390771 3.358507 2.868070
v 3.393173 3.360870 2.868070
v 3.395682 3.360870 2.870525
v 3.388369 3.521800 2.868070
v 3.388392 3.519808 2.868070
v 3.390771 3.518484 2.868070
v 3.390771 3.518607 2.870489
v 3.390771 3.520317 2.870482
v 3.390771 3.522017 2.870474
v 3.390771 3.522177 2.868070
v 3.388343 3.523833 2.868070
v 4.034984 3.360870 2.870547
v 4.032551 3.360870 2.870525
v 4.035045 3.360870 2.868070
v 4.037462 3.358484 2.868070
v 4.039884 3.358448 2.868070
v 4.039918 3.360870 2.868070
v 4.037462 3.363242 2.868070
v 4.037462 3.363159 2.870359
v 4.037462 3.360870 2.870471
v 4.034962 3.360870 2.873070
v 4.037462 3.398646 2.870489
v 4.037462 3.396946 2.870474
v 4.037462 3.396782 2.868070
v 4.039899 3.395117 2.868070
v 4.039869 3.397161 2.868070
v 4.039841 3.399155 2.868070
v 4.037462 3.400482 2.868070
v 4.037462 3.400363 2.870498
v 3.370771 3.343282 2.834735
v 3.373226 3.345780 2.834735
v 3.373250 3.343349 2.834735
v 3.375771 3.343370 2.834735
v 3.373211 3.340870 2.834735
v 3.373133 3.340870 2.837097
v 3.370771 3.340870 2.837096
v 3.370771 3.343232 2.837097
v 3.370771 3.343280 2.868070
v 3.370771 3.343232 2.865709
v 3.370771 3.340870 2.865732
v 3.373084 3.340870 2.865757
v 3.373161 3.340870 2.868070
v 3.375681 3.343325 2.868070
v 3.373231 3.343330 2.868070
v 3.373226 3.345780 2.868070
v 3.373179 3.578093 2.868070
v 3.373133 3.578093 2.865709
v 3.370771 3.578093 2.865734
v 3.370771 3.575780 2.865757
v 3.370771 3.575711 2.868070
v 3.373226 3.573184 2.868070
v 3.373228 3.575637 2.868070
v 3.375681 3.575638 2.868070
v 3.370771 3.531589 2.868070
v 3.372575 3.529425 2.868070
v 3.372875 3.531358 2.868070
v 3.373177 3.533170 2.868070
v 3.370771 3.534843 2.868070
v 3.370771 3.535030 2.865695
v 3.370771 3.532656 2.866881
v 3.368626 3.532656 2.868070
v 3.373183 3.578093 2.834735
v 3.375681 3.575638 2.834735
v 3.373255 3.575610 2.834735
v 3.373271 3.573094 2.834735
v 3.370771 3.575653 2.834735
v 3.370771 3.575732 2.837097
v 3.370771 3.578093 2.837097
v 3.373133 3.578093 2.837097
v 3.370771 3.532656 2.835904
v 3.370771 3.534996 2.837075
v 3.370771 3.534775 2.834735
v 3.373074 3.533148 2.834735
v 3.372794 3.531408 2.834735
v 3.372525 3.529514 2.834735
v 3.370771 3.531622 2.834735
v 3.368803 3.532656 2.834735
v 4.057462 3.343282 2.834735
v 4.057462 3.343232 2.837097
v 4.057462 3.340870 2.837073
v 4.055148 3.340870 2.837048
v 4.055076 3.340870 2.834735
v 4.052552 3.343325 2.834735
v 4.055002 3.343330 2.834735
v 4.055007 3.345780 2.834735
v 4.057462 3.343278 2.868070
v 4.055007 3.345780 2.868070
v 4.054983 3.343349 2.868070
v 4.052462 3.343370 2.868070
v 4.055020 3.340870 2.868070
v 4.055100 3.340870 2.865709
v 4.057462 3.340870 2.865709
v 4.057462 3.343232 2.865709
v 4.057462 3.575681 2.868070
v 4.057462 3.575732 2.865709
v 4.057462 3.578093 2.865732
v 4.055148 3.578093 2.865757
v 4.055080 3.578093 2.868070
v 4.052552 3.575638 2.868070
v 4.055002 3.575634 2.868070
v 4.055007 3.573184 2.868070
v 4.057462 3.387375 2.868070
v 4.055659 3.389539 2.868070
v 4.055358 3.387606 2.868070
v 4.055056 3.385793 2.868070
v 4.057462 3.384121 2.868070
v 4.057462 3.383933 2.865695
v 4.057462 3.386308 2.866883
v 4.059607 3.386308 2.868070
v 4.055049 3.578093 2.834735
v 4.055100 3.578093 2.837097
v 4.057462 3.578093 2.837071
v 4.057462 3.575780 2.837048
v 4.057462 3.575708 2.834735
v 4.055007 3.573184 2.834735
v 4.055005 3.575637 2.834735
v 4.052552 3.575638 2.834735
v 4.057462 3.531590 2.834735
v 4.055659 3.529425 2.834735
v 4.055358 3.531358 2.834735
v 4.055056 3.533170 2.834735
v 4.057462 3.534844 2.834735
v 4.057462 3.535030 2.837110
v 4.057462 3.532656 2.835924
v 4.059607 3.532656 2.834735
v 4.037462 3.518613 2.953837
v 4.037462 3.518613 2.951427
v 4.037462 3.520317 2.951427
v 4.037462 3.522022 2.951427
v 4.037462 3.522022 2.953837
v 4.035052 3.522022 2.953837
v 4.035052 3.520317 2.953837
v 4.035052 3.518613 2.953837
v 3.390771 3.518613 2.953837
v 3.393181 3.518613 2.953837
v 3.393181 3.520317 2.953837
v 3.393181 3.522022 2.953837
v 3.390771 3.522022 2.953837
v 3.390771 3.522022 2.951427
v 3.390771 3.520317 2.951427
v 3.390771 3.518613 2.951427
v 3.388368 3.397163 2.868070
v 3.388343 3.395130 2.868070
v 3.390771 3.396778 2.868070
v 3.390771 3.396944 2.870477
v 3.390771 3.398646 2.870490
v 3.390771 3.400363 2.870498
v 3.390771 3.400487 2.868070
v 3.388392 3.399155 2.868070
v 3.370771 3.386308 2.866902
v 3.370771 3.383968 2.865730
v 3.370771 3.384190 2.868070
v 3.373074 3.385815 2.868070
v 3.372796 3.387557 2.868070
v 3.372525 3.389450 2.868070
v 3.370771 3.387343 2.868070
v 3.368803 3.386308 2.868070
v 3.370771 3.387373 2.834735
v 3.372575 3.389539 2.834735
v 3.372875 3.387606 2.834735
v 3.373177 3.385793 2.834735
v 3.370771 3.384120 2.834735
v 3.370771 3.383933 2.837110
v 3.370771 3.386308 2.835923
v 3.368626 3.386308 2.834735
v 3.392476 3.398646 2.834735
v 3.392476 3.396942 2.834735
v 3.390771 3.396793 2.834735
v 3.389067 3.395592 2.834735
v 3.389067 3.397595 2.834735
v 3.389067 3.399597 2.834735
v 3.390771 3.400493 2.834735
v 3.392476 3.400350 2.834735
v 4.039166 3.397595 2.834735
v 4.039166 3.395592 2.834735
v 4.037462 3.396788 2.834735
v 4.035758 3.396942 2.834735
v 4.035758 3.398646 2.834735
v 4.035758 3.400350 2.834735
v 4.037462 3.400497 2.834735
v 4.039166 3.399597 2.834735
v 4.057462 3.386308 2.835904
v 4.057462 3.383968 2.837075
v 4.057462 3.384189 2.834735
v 4.055159 3.385815 2.834735
v 4.055437 3.387557 2.834735
v 4.055708 3.389450 2.834735
v 4.057462 3.387341 2.834735
v 4.059430 3.386308 2.834735
v 4.057462 3.532656 2.866902
v 4.057462 3.534996 2.865730
v 4.057462 3.534773 2.868070
v 4.055159 3.533148 2.868070
v 4.055437 3.531407 2.868070
v 4.055708 3.529514 2.868070
v 4.057462 3.531621 2.868070
v 4.059430 3.532656 2.868070
v 4.037462 3.518481 2.868070
v 4.039838 3.519809 2.868070
v 4.039864 3.521799 2.868070
v 4.039890 3.523833 2.868070
v 4.037462 3.522185 2.868070
v 4.037462 3.522019 2.870477
v 4.037462 3.520317 2.870484
v 4.037462 3.518607 2.870489
v 3.400771 3.363231 2.878070
v 3.400771 3.363231 2.880432
v 3.400771 3.360870 2.880451
v 3.398338 3.360870 2.878070
v 3.398327 3.360870 2.875626
v 3.400771 3.360870 2.875614
v 3.403180 3.360870 2.878070
v 3.403133 3.363231 2.878070
v 4.027462 3.363231 2.878070
v 4.025100 3.363231 2.878070
v 4.025070 3.360870 2.878070
v 4.027462 3.360870 2.875637
v 4.029907 3.360870 2.875625
v 4.029918 3.360870 2.878070
v 4.027462 3.360870 2.880468
v 4.027462 3.363231 2.880432
v 4.027462 3.363231 2.943837
v 4.027462 3.363231 2.941476
v 4.027462 3.360870 2.941457
v 4.029895 3.360870 2.943837
v 4.029906 3.360870 2.946282
v 4.027462 3.360870 2.946294
v 4.025063 3.360870 2.943837
v 4.025100 3.363231 2.943837
v 3.400771 3.363231 2.943837
v 3.403133 3.363231 2.943837
v 3.403152 3.360870 2.943837
v 3.400771 3.360870 2.946271
v 3.398326 3.360870 2.946283
v 3.398315 3.360870 2.943837
v 3.400771 3.360870 2.941439
v 3.400771 3.363231 2.941476
v 3.400771 3.508945 2.880481
v 3.400771 3.506535 2.880481
v 3.400771 3.506535 2.878070
v 3.403181 3.506535 2.878070
v 3.403182 3.508945 2.878070
v 3.403181 3.508945 2.880481
v 4.027462 3.508945 2.880481
v 4.025052 3.508945 2.880481
v 4.025051 3.508945 2.878070
v 4.025052 3.506535 2.878070
v 4.027462 3.506535 2.878070
v 4.027462 3.506535 2.880481
v 4.025051 3.508945 2.943837
v 4.025052 3.508945 2.941427
v 4.027462 3.508945 2.941427
v 4.027462 3.506535 2.941427
v 4.027462 3.506535 2.943837
v 4.025052 3.506535 2.943837
v 3.400771 3.508945 2.941427
v 3.403181 3.508945 2.941427
v 3.403182 3.508945 2.943837
v 3.403181 3.506535 2.943837
v 3.400771 3.506535 2.943837
v 3.400771 3.506535 2.941427
v 3.390771 3.360870 2.953837
v 4.037462 3.360870 2.953837
v 3.390771 3.558093 2.953837
v 4.037462 3.558093 2.953837
v 3.390771 3.558093 2.834735
v 4.037462 3.558093 2.834735
v 3.390771 3.360870 2.834735
v 4.037462 3.360870 2.834735
v 3.390771 3.398646 2.953837
v 4.037462 3.398646 2.953837
v 3.390771 3.558093 2.868070
v 4.037462 3.558093 2.868070
v 3.390771 3.520317 2.834735
v 4.037462 3.520317 2.834735
v 3.390771 3.360870 2.868070
v 3.390771 3.520317 2.868070
v 4.037462 3.360870 2.868070
v 4.037462 3.398646 2.868070
v 3.370771 3.340870 2.834735
v 3.370771 3.340870 2.868070
v 3.370771 3.578093 2.868070
v 3.370771 3.532656 2.868070
v 3.370771 3.578093 2.834735
v 3.370771 3.532656 2.834735
v 4.057462 3.340870 2.834735
v 4.057462 3.340870 2.868070
v 4.057462 3.578093 2.868070
v 4.057462 3.386308 2.868070
v 4.057462 3.578093 2.834735
v 4.057462 3.532656 2.834735
v 4.037462 3.520317 2.953837
v 3.390771 3.520317 2.953837
v 3.390771 3.398646 2.868070
v 3.370771 3.386308 2.868070
v 3.370771 3.386308 2.834735
v 3.390771 3.398646 2.834735
v 4.037462 3.398646 2.834735
v 4.057462 3.386308 2.834735
v 4.057462 3.532656 2.868070
v 4.037462 3.520317 2.868070
v 3.400771 3.360870 2.878070
v 4.027462 3.360870 2.878070
v 4.027462 3.360870 2.943837
v 3.400771 3.360870 2.943837
v 3.400771 3.508945 2.878070
v 4.027462 3.508945 2.878070
v 4.027462 3.508945 2.943837
v 3.400771 3.508945 2.943837
v 3.244593 3.386308 2.866408
v 3.244593 3.532656 2.866408
v 3.368635 3.532656 2.866408
v 3.370771 3.532656 2.865336
v 3.370771 3.535029 2.864267
v 3.370771 3.575778 2.864328
v 3.370771 3.578093 2.864306
v 3.373133 3.578093 2.864282
v 4.055146 3.578093 2.864328
v 4.057462 3.578093 2.864303
v 4.057462 3.575734 2.864280
v 4.057462 3.534998 2.864303
v 4.057462 3.532656 2.865357
v 4.059439 3.532656 2.866408
v 4.183640 3.532656 2.866408
v 4.183640 3.386308 2.866408
v 4.059598 3.386308 2.866408
v 4.057462 3.386308 2.865337
v 4.057462 3.383935 2.864267
v 4.057462 3.343232 2.864282
v 4.057462 3.340870 2.864281
v 4.055103 3.340870 2.864280
v 3.373087 3.340870 2.864328
v 3.370771 3.340870 2.864304
v 3.370771 3.343232 2.864282
v 3.370771 3.383966 2.864303
v 3.370771 3.386308 2.865357
v 3.368794 3.386308 2.866408
v 4.183640 3.386308 2.836743
v 4.183640 3.532656 2.836743
v 4.059597 3.532656 2.836743
v 4.057462 3.532656 2.837790
v 4.057462 3.535028 2.838834
v 4.057462 3.575777 2.838775
v 4.057462 3.578093 2.838797
v 4.055103 3.578093 2.838823
v 3.373133 3.578093 2.838820
v 3.370771 3.578093 2.838823
v 3.370771 3.575735 2.838823
v 3.370771 3.534998 2.838799
v 3.370771 3.532656 2.837770
v 3.368792 3.532656 2.836743
v 3.244593 3.532656 2.836743
v 3.244593 3.386308 2.836743
v 3.368637 3.386308 2.836743
v 3.370771 3.386308 2.837789
v 3.370771 3.383935 2.838834
v 3.370771 3.343232 2.838820
v 3.370771 3.340870 2.838821
v 3.373130 3.340870 2.838823
v 4.055146 3.340870 2.838775
v 4.057462 3.340870 2.838798
v 4.057462 3.343232 2.838820
v 4.057462 3.383965 2.838799
v 4.057462 3.386308 2.837771
v 4.059441 3.386308 2.836743
v 3.244593 3.386308 2.851575
v 3.244593 3.532656 2.851575
v 3.368713 3.532656 2.851575
v 3.370771 3.532656 2.851553
v 3.370771 3.535013 2.851533
v 3.370771 3.575756 2.851575
v 3.370771 3.578093 2.851564
v 3.373133 3.578093 2.851551
v 4.055125 3.578093 2.851575
v 4.057462 3.578093 2.851550
v 4.057462 3.575756 2.851527
v 4.057462 3.535013 2.851569
v 4.057462 3.532656 2.851574
v 4.059518 3.532656 2.851575
v 4.183640 3.532656 2.851575
v 4.183640 3.386308 2.851575
v 4.059520 3.386308 2.851575
v 4.057462 3.386308 2.851554
v 4.057462 3.383950 2.851533
v 4.057462 3.343232 2.851551
v 4.057462 3.340870 2.851540
v 4.055124 3.340870 2.851527
v 3.373108 3.340870 2.851575
v 3.370771 3.340870 2.851562
v 3.370771 3.343232 2.851551
v 3.370771 3.383950 2.851569
v 3.370771 3.386308 2.851573
v 3.368715 3.386308 2.851575
vn 1.0000 -0.0000 -0.0000
vn -0.0000 -1.0000 -0.0000
vn -0.0000 -0.0000 1.0000
vn -0.0000 1.0000 -0.0000
vn -1.0000 -0.0000 -0.0000
vn -0.0000 -0.0000 -1.0000
vn -1.0000 -0.0003 -0.0000
vn -1.0000 -0.0002 -0.0000
vn -1.0000 -0.0001 -0.0000
vn 0.0001 -1.0000 0.0014
vn -0.0000 0.9010 -0.4338
vn 0.3827 0.1180 -0.9163
vn 0.3828 -0.8893 0.2501
vn -0.0000 0.2615 0.9652
vn -0.0000 -0.0000 -0.0000
vn -0.3827 -0.0000 -0.9239
vn -0.0000 0.6431 0.7658
vn -0.3827 0.5315 -0.7557
vn -0.0000 -1.0000 0.0014
vn 0.3827 -0.0000 0.9239
vn -0.0001 1.0000 -0.0014
vn -0.0000 -0.9491 -0.3151
vn 0.0001 0.7604 0.6494
vn 0.9945 0.1046 -0.0000
vn -0.0000 1.0000 0.0001
vn -0.0000 -1.0000 -0.0014
vn 0.8660 -0.5000 -0.0000
vn 0.6540 0.6387 0.4054
vn 0.3827 -0.0000 -0.9239
vn -0.0000 -0.6235 -0.7818
vn -0.0000 -0.9239 0.3827
vn -0.0001 -0.0000 1.0000
vn -0.0000 0.6235 -0.7818
vn -0.6532 -0.2705 -0.7073
vn 0.3827 -0.9239 -0.0000
vn -0.0000 0.9239 0.3827
vn -0.0000 -0.3826 -0.9239
vn -0.0000 -1.0000 0.0073
vn 0.3827 0.9239 -0.0000
vn -0.0001 -0.7603 0.6496
vn -0.0000 0.9239 -0.3827
vn -0.0000 0.0001 -1.0000
vn -0.0001 1.0000 -0.0000
vn -0.0000 0.3827 0.9239
vn 0.6078 -0.7570 -0.2400
vn 0.7382 -0.0000 -0.6746
vn 0.9239 0.3826 -0.0000
vn 0.2870 -0.9579 -0.0000
vn 0.2387 -0.9711 -0.0000
vn -0.3171 -0.9484 -0.0000
vn -0.3170 -0.9484 -0.0000
vn -0.2379 -0.9713 -0.0000
vn -0.2386 -0.9711 -0.0000
vn -0.1449 -0.9894 -0.0000
vn -0.1452 -0.9894 -0.0000
vn 0.1557 -0.9878 -0.0000
vn 0.0771 -0.9970 -0.0000
vn 0.0770 -0.9970 -0.0000
vn -0.0023 -1.0000 -0.0000
vn -0.0769 -0.9970 -0.0000
vn -0.0024 -1.0000 -0.0000
vn -0.1453 -0.9894 -0.0000
vn 0.1554 -0.9879 -0.0000
vn 1.0000 0.0001 -0.0000
vn -1.0000 0.0001 -0.0000
vn -0.9242 -0.2671 -0.2731
vn -0.6380 -0.1843 -0.7477
vn -0.6384 -0.1844 -0.7473
vn -0.9242 -0.2671 -0.2730
vn -0.1388 0.0155 -0.9902
vn -0.0203 0.0023 -0.9998
vn -0.0160 -0.0128 -0.9998
vn -0.1091 -0.0871 -0.9902
vn 0.0203 -0.0023 -0.9998
vn 0.1383 -0.0153 -0.9903
vn 0.0870 -0.1092 -0.9902
vn 0.0127 -0.0160 -0.9998
vn 0.5796 -0.3208 -0.7491
vn 0.8401 -0.4658 -0.2778
vn 0.8402 -0.4659 -0.2774
vn 0.4728 0.8447 0.2509
vn 0.4728 0.8440 0.2532
vn 0.4661 0.8356 -0.2907
vn 0.4658 0.8351 -0.2927
vn -0.0128 0.0159 -0.9998
vn -0.9249 -0.2674 0.2704
vn -0.9249 -0.2673 0.2703
vn 0.2674 -0.9246 0.2713
vn 0.2670 -0.9245 -0.2721
vn 0.2670 -0.9245 -0.2722
vn 0.2671 -0.9247 0.2714
vn -0.8426 0.4648 -0.2721
vn -0.8426 0.4652 0.2713
vn -0.8426 0.4653 0.2713
vn -0.8424 0.4651 -0.2721
vn 0.9280 0.2740 0.2525
vn 0.9286 0.2741 0.2503
vn 0.9177 0.2694 -0.2921
vn 0.9183 0.2693 -0.2901
vn -0.0023 -0.0204 -0.9998
vn -0.4656 -0.8427 0.2705
vn -0.4651 -0.8421 -0.2730
vn -0.4652 -0.8420 -0.2732
vn -0.4656 -0.8427 0.2703
vn -0.2681 0.9224 -0.2780
vn -0.2696 0.9255 0.2661
vn -0.2696 0.9256 0.2655
vn -0.2682 0.9223 -0.2784
vn 0.0023 0.0203 -0.9998
vn 0.0159 0.0127 -0.9998
vn 0.8429 -0.4680 0.2655
vn 0.8431 -0.4680 0.2649
vn -0.5820 0.3214 0.7470
vn -0.1386 0.0156 0.9902
vn -0.0267 0.0030 0.9996
vn -0.0160 0.0201 0.9997
vn -0.0875 0.1093 0.9902
vn -0.1093 -0.0873 0.9902
vn -0.0803 -0.0642 0.9947
vn -0.6391 -0.1849 0.7466
vn 0.3291 0.5850 0.7413
vn 0.0158 0.1390 0.9902
vn 0.0030 0.0266 0.9996
vn 0.0823 0.0657 0.9944
vn 0.1103 0.0879 0.9900
vn 0.6440 0.1918 0.7405
vn 0.0267 -0.0030 0.9996
vn 0.1392 -0.0157 0.9901
vn -0.1842 0.6354 -0.7499
vn 0.0157 0.1380 -0.9903
vn -0.0871 0.1088 -0.9902
vn 0.1087 0.0867 -0.9903
vn 0.3187 0.5747 -0.7538
vn -0.3210 -0.5816 -0.7474
vn -0.0156 -0.1388 -0.9902
vn -0.1868 0.6398 0.7455
vn -0.0156 -0.1389 0.9902
vn -0.0030 -0.0267 0.9996
vn -0.3219 -0.5824 0.7465
vn 0.0874 -0.1096 0.9901
vn 0.0160 -0.0200 0.9997
vn 0.1845 -0.6387 0.7470
vn -0.5817 0.3211 -0.7473
vn 0.6320 0.1840 -0.7528
vn 0.5833 -0.3245 0.7446
vn 0.1844 -0.6385 -0.7472
vn 0.1843 -0.6383 -0.7474
vn 0.0426 -0.0466 0.9980
vn 0.0847 -0.0920 0.9922
vn 0.1128 0.0896 0.9896
vn 0.0047 0.0038 1.0000
vn 0.5122 0.4175 0.7505
vn 0.7753 0.6203 0.1188
vn 0.7762 0.6208 0.1103
vn 0.5166 0.4125 0.7503
vn -0.0045 -0.0039 1.0000
vn -0.1122 -0.0903 0.9896
vn 0.0711 -0.1030 0.9921
vn 0.0361 -0.0518 0.9980
vn -0.5161 -0.4133 0.7502
vn -0.7768 -0.6203 0.1086
vn -0.7766 -0.6187 0.1190
vn -0.5205 -0.4073 0.7505
vn 0.0345 -0.0432 0.9985
vn -0.0343 0.0430 0.9985
vn -0.0360 0.0518 0.9980
vn -0.0424 0.0465 0.9980
vn 0.7612 0.6058 0.2313
vn 0.7691 0.6137 0.1786
vn 0.4987 -0.6247 0.6009
vn 0.4969 -0.6229 0.6042
vn 0.5020 -0.6286 0.5940
vn 0.4991 -0.6250 0.6002
vn 0.7599 0.6082 0.2296
vn 0.7766 0.6187 0.1190
vn -0.4970 0.6224 0.6046
vn -0.4988 0.6247 0.6008
vn -0.4992 0.6252 0.5999
vn -0.5019 0.6286 0.5941
vn -0.7690 -0.6138 0.1785
vn -0.7599 -0.6082 0.2297
vn 0.4970 -0.6224 0.6046
vn 0.5018 -0.6287 0.5941
vn -0.4970 0.6229 0.6041
vn -0.5021 0.6288 0.5937
vn -0.7613 -0.6059 0.2311
vn -0.7749 -0.6204 0.1207
vn 0.0078 0.0062 1.0000
vn 0.0024 -0.0021 1.0000
vn 0.0031 -0.0037 1.0000
vn -0.0016 0.0028 1.0000
vn -0.0030 0.0038 1.0000
vn 0.0016 -0.0029 1.0000
vn -0.0084 -0.0066 0.9999
vn -0.0024 0.0022 1.0000
vn 0.5162 0.4057 0.7543
vn 0.5135 0.4093 0.7542
vn 0.0870 -0.0774 0.9932
vn 0.1108 0.0882 0.9899
vn 0.5109 0.4128 0.7540
vn -0.0562 0.1019 0.9932
vn 0.0831 -0.1039 0.9911
vn 0.3201 -0.4016 0.8581
vn 0.3203 -0.4015 0.8580
vn -0.3206 0.4010 0.8581
vn -0.3203 0.4011 0.8582
vn -0.0832 0.1040 0.9911
vn -0.3199 0.4016 0.8581
vn -0.0870 0.0776 0.9932
vn -0.5134 -0.4092 0.7543
vn -0.5109 -0.4128 0.7540
vn -0.1109 -0.0883 0.9899
vn 0.0565 -0.1020 0.9932
vn 0.3205 -0.4014 0.8580
vn -0.5161 -0.4057 0.7543
vn 0.3206 -0.4009 0.8582
vn 0.3201 -0.4010 0.8583
vn 0.0828 -0.1037 0.9912
vn -0.0709 0.1030 0.9922
vn 0.5206 0.4073 0.7504
vn -0.0825 0.1035 0.9912
vn -0.3205 0.4017 0.8578
vn -0.3202 0.4011 0.8582
vn -0.0846 0.0919 0.9922
vn -0.3204 0.4009 0.8583
vn 0.3201 -0.4014 0.8581
vn -0.5117 -0.4193 0.7499
vn -0.9241 -0.2671 -0.2731
vn -0.6383 -0.1843 -0.7474
vn 0.4728 0.8447 0.2508
vn 0.2671 -0.9246 0.2714
vn -0.8424 0.4651 -0.2722
vn 0.9286 0.2741 0.2502
vn -0.4652 -0.8420 -0.2731
vn -0.2682 0.9223 -0.2783
vn -0.5821 0.3215 0.7469
vn -0.1390 0.0156 0.9902
vn -0.0875 0.1093 0.9901
vn -0.6390 -0.1849 0.7466
vn 0.6441 0.1918 0.7404
vn -0.1843 0.6358 -0.7495
vn -0.1842 0.6355 -0.7498
vn 0.3189 0.5749 -0.7535
vn 0.3190 0.5750 -0.7534
vn -0.1868 0.6398 0.7454
vn -0.3218 -0.5823 0.7465
vn 0.0876 -0.1093 0.9901
vn 0.1846 -0.6390 0.7467
vn -0.5817 0.3212 -0.7473
vn 0.5834 -0.3245 0.7446
vn 0.0847 -0.0918 0.9922
vn 0.1129 0.0896 0.9896
vn 0.5125 0.4176 0.7503
vn 0.7761 0.6209 0.1103
vn 0.5166 0.4124 0.7503
vn -0.1122 -0.0904 0.9896
vn -0.5159 -0.4132 0.7504
vn -0.7768 -0.6204 0.1086
vn -0.5202 -0.4070 0.7509
vn 0.7691 0.6136 0.1786
vn 0.4988 -0.6247 0.6009
vn 0.4990 -0.6251 0.6003
vn -0.7599 -0.6082 0.2296
vn 0.0031 -0.0038 1.0000
vn 0.5162 0.4058 0.7543
vn 0.5136 0.4094 0.7541
vn 0.5109 0.4129 0.7540
vn 0.3203 -0.4011 0.8582
vn -0.3207 0.4010 0.8581
vn -0.3205 0.4016 0.8579
vn -0.0831 0.1039 0.9911
vn -0.5135 -0.4093 0.7542
vn -0.5109 -0.4129 0.7540
vn -0.1108 -0.0883 0.9899
vn 0.3206 -0.4010 0.8582
vn -0.5162 -0.4058 0.7543
vn 0.3207 -0.4015 0.8579
vn 0.5206 0.4072 0.7504
vn -0.3200 0.4014 0.8582
vn -0.3202 0.4011 0.8583
vn -0.0846 0.0920 0.9922
vn -0.3203 0.4008 0.8584
vn 0.3204 -0.4017 0.8579
vn -0.5117 -0.4194 0.7498
vn -0.0000 -1.0000 0.0001
vn -0.0000 -1.0000 -0.0001
vn 0.0001 -0.0000 -1.0000
vn 0.0001 -0.0000 1.0000
vn -0.0001 -0.0000 -1.0000
vn -0.0000 1.0000 -0.0001
vn -0.0000 0.7441 0.6680
vn -0.0000 0.7491 -0.6624
vn 1.0000 0.0002 -0.0000
vn -0.0000 -0.7435 0.6687
vn -0.0000 -0.7438 0.6684
vn -0.0000 0.7444 -0.6677
vn -0.0000 -0.7483 0.6634
vn -0.0000 -0.7443 -0.6679
vn -0.0002 -0.0000 -1.0000
vn -0.0000 -0.7494 -0.6621
vn -0.0000 0.7484 0.6632
vn -1.0000 0.0002 -0.0000
vn 1.0000 -0.0001 -0.0000
vn -0.0000 1.0000 0.0002
vn -0.6382 -0.1843 -0.7475
vn 0.0869 -0.1092 -0.9902
vn 0.5801 -0.3211 -0.7486
vn 0.5800 -0.3211 -0.7487
vn 0.4658 0.8351 -0.2926
vn -0.9249 -0.2674 0.2703
vn -0.4655 -0.8427 0.2705
vn -0.0804 -0.0642 0.9947
vn 0.3292 0.5851 0.7411
vn 0.6441 0.1918 0.7405
vn 0.1394 -0.0154 0.9901
vn 0.0156 0.1380 -0.9903
vn 0.3187 0.5748 -0.7537
vn -0.3210 -0.5815 -0.7476
vn -0.1868 0.6399 0.7454
vn -0.3218 -0.5824 0.7465
vn 0.0875 -0.1096 0.9901
vn -0.5818 0.3211 -0.7472
vn 0.1844 -0.6384 -0.7473
vn 0.1123 0.0895 0.9896
vn 0.7767 0.6202 0.1103
vn 0.5166 0.4124 0.7504
vn -0.1124 -0.0903 0.9896
vn 0.0707 -0.1030 0.9922
vn -0.5161 -0.4136 0.7500
vn -0.5207 -0.4073 0.7503
vn 0.4968 -0.6230 0.6042
vn 0.4991 -0.6250 0.6003
vn 0.7599 0.6082 0.2297
vn -0.4992 0.6253 0.5999
vn -0.5018 0.6287 0.5941
vn -0.7598 -0.6082 0.2297
vn 0.5018 -0.6286 0.5941
vn 0.5136 0.4093 0.7541
vn 0.0818 -0.1031 0.9913
vn 0.3199 -0.4015 0.8582
vn 0.3203 -0.4012 0.8582
vn -0.3206 0.4009 0.8582
vn -0.3203 0.4012 0.8582
vn -0.0870 0.0777 0.9932
vn -0.5137 -0.4094 0.7540
vn -0.5114 -0.4134 0.7534
vn -0.1109 -0.0884 0.9899
vn 0.3206 -0.4011 0.8581
vn 0.3205 -0.4008 0.8583
vn 0.3205 -0.4012 0.8581
vn 0.0824 -0.1034 0.9912
vn -0.3204 0.4015 0.8580
vn -0.3200 0.4007 0.8585
vn 0.3201 -0.4017 0.8580
vn -0.5122 -0.4197 0.7493
vn -0.6381 -0.1843 -0.7476
vn -0.8426 0.4648 -0.2722
vn 0.9280 0.2740 0.2526
vn 0.0023 0.0202 -0.9998
vn -0.1089 -0.0871 0.9902
vn -0.6390 -0.1849 0.7467
vn 0.0030 0.0267 0.9996
vn 0.1103 0.0880 0.9900
vn -0.1844 0.6358 -0.7495
vn 0.3189 0.5750 -0.7535
vn -0.3209 -0.5814 -0.7476
vn -0.5819 0.3212 -0.7471
vn 0.5834 -0.3245 0.7445
vn 0.0848 -0.0916 0.9922
vn 0.1123 0.0896 0.9896
vn 0.5124 0.4173 0.7506
vn 0.7766 0.6202 0.1102
vn -0.1121 -0.0905 0.9896
vn 0.0709 -0.1030 0.9922
vn -0.5158 -0.4134 0.7504
vn 0.7692 0.6136 0.1786
vn 0.4990 -0.6251 0.6002
vn 0.5161 0.4057 0.7543
vn 0.3199 -0.4014 0.8582
vn 0.3202 -0.4017 0.8580
vn -0.5166 -0.4061 0.7538
vn -0.0708 0.1030 0.9922
vn 0.5207 0.4073 0.7504
vn -0.3203 0.4013 0.8581
vn -0.3201 0.4010 0.8583
vn 0.3199 -0.4013 0.8582
vn -0.5119 -0.4195 0.7497
vn -0.0000 1.0000 -0.0002
vn -0.0000 -1.0000 0.0002
vn -0.0000 0.7443 0.6679
vn -0.0000 0.7488 -0.6627
vn -0.0000 0.7445 -0.6676
vn -0.0000 -0.7486 0.6630
vn -0.0000 -0.7485 0.6631
vn -0.0000 -0.7488 0.6628
vn -0.0000 -0.7487 0.6629
vn -0.0000 -0.7447 -0.6674
vn -0.0000 -0.7444 -0.6678
vn -0.0000 -0.7493 -0.6622
vn -0.0000 0.7488 0.6628
vn -0.0000 0.7486 0.6630
vn -0.0000 -1.0000 -0.0002
vt 0.002494 0.398087
vt 0.002167 0.398087
vt 0.002167 0.082327
vt 0.002494 0.082327
vt 0.001840 0.398087
vt 0.001840 0.082327
vt 0.584913 0.396240
vt 0.584913 0.395226
vt 0.900672 0.395226
vt 0.900672 0.396240
vt 0.584913 0.394213
vt 0.900672 0.394213
vt 0.689237 0.295732
vt 0.689237 0.296746
vt 0.578302 0.296746
vt 0.578302 0.295732
vt 0.689237 0.297759
vt 0.578302 0.297759
vt 0.279831 0.498157
vt 0.279831 0.497459
vt 0.390766 0.497459
vt 0.390766 0.498157
vt 0.279831 0.496762
vt 0.390766 0.496762
vt 0.486238 0.394213
vt 0.485540 0.394213
vt 0.485540 0.364487
vt 0.486238 0.364487
vt 0.484843 0.394213
vt 0.484843 0.364487
vt 0.967227 0.295732
vt 0.966901 0.295732
vt 0.966901 0.266006
vt 0.967227 0.266006
vt 0.966574 0.295732
vt 0.966574 0.266006
vt 0.880937 0.433819
vt 0.880937 0.434832
vt 0.565178 0.434832
vt 0.565178 0.433819
vt 0.880937 0.435846
vt 0.565178 0.435846
vt 0.465376 0.398087
vt 0.465049 0.398087
vt 0.465049 0.082327
vt 0.465376 0.082327
vt 0.464722 0.398087
vt 0.464722 0.082327
vt 0.504345 0.295732
vt 0.504019 0.295732
vt 0.504019 0.266006
vt 0.504345 0.266006
vt 0.503692 0.295732
vt 0.503692 0.266006
vt 0.981007 0.433819
vt 0.980309 0.433819
vt 0.980309 0.404093
vt 0.981007 0.404093
vt 0.979612 0.433819
vt 0.979612 0.404093
vt 0.584913 0.364487
vt 0.584913 0.363473
vt 0.900672 0.363473
vt 0.900672 0.364487
vt 0.584913 0.362460
vt 0.900672 0.362460
vt 0.458338 0.601913
vt 0.458665 0.601913
vt 0.458665 0.917673
vt 0.458338 0.917673
vt 0.458991 0.601913
vt 0.458991 0.917673
vt 0.736329 0.503239
vt 0.736329 0.502541
vt 0.847263 0.502541
vt 0.847263 0.503239
vt 0.736329 0.501844
vt 0.847263 0.501844
vt 0.689237 0.263979
vt 0.689237 0.264993
vt 0.578302 0.264993
vt 0.578302 0.263979
vt 0.689237 0.266006
vt 0.578302 0.266006
vt 0.921220 0.601913
vt 0.921547 0.601913
vt 0.921547 0.917673
vt 0.921220 0.917673
vt 0.921873 0.601913
vt 0.921873 0.917673
vt 0.880937 0.402066
vt 0.880937 0.403079
vt 0.565178 0.403079
vt 0.565178 0.402066
vt 0.880937 0.404093
vt 0.565178 0.404093
vt 0.979612 0.364487
vt 0.980309 0.364487
vt 0.980309 0.394213
vt 0.979612 0.394213
vt 0.981007 0.364487
vt 0.981007 0.394213
vt 0.503692 0.226559
vt 0.504019 0.226559
vt 0.504019 0.256285
vt 0.503692 0.256285
vt 0.504345 0.226559
vt 0.504345 0.256285
vt 0.781683 0.226559
vt 0.781683 0.225546
vt 0.892617 0.225546
vt 0.892617 0.226559
vt 0.781683 0.224533
vt 0.892617 0.224533
vt 0.736329 0.998008
vt 0.736329 0.997310
vt 0.847263 0.997310
vt 0.847263 0.998008
vt 0.736329 0.996613
vt 0.847263 0.996613
vt 0.966574 0.226559
vt 0.966901 0.226559
vt 0.966901 0.256285
vt 0.966574 0.256285
vt 0.967227 0.226559
vt 0.967227 0.256285
vt 0.484843 0.404093
vt 0.485540 0.404093
vt 0.485540 0.433819
vt 0.484843 0.433819
vt 0.486238 0.404093
vt 0.486238 0.433819
vt 0.279831 0.003387
vt 0.279831 0.002690
vt 0.390766 0.002690
vt 0.390766 0.003387
vt 0.279831 0.001992
vt 0.390766 0.001992
vt 0.781683 0.258312
vt 0.781683 0.257299
vt 0.892617 0.257299
vt 0.892617 0.258312
vt 0.781683 0.256285
vt 0.892617 0.256286
vt 0.847263 0.917673
vt 0.736329 0.917673
vt 0.736329 0.601913
vt 0.847263 0.601913
vt 0.390766 0.398087
vt 0.279831 0.398087
vt 0.279831 0.082327
vt 0.390766 0.082327
vt 0.486238 0.395226
vt 0.485540 0.395226
vt 0.486238 0.396240
vt 0.485540 0.396240
vt 0.001840 0.497459
vt 0.001840 0.496762
vt 0.002167 0.496762
vt 0.002167 0.497459
vt 0.002494 0.496762
vt 0.002494 0.497459
vt 0.002494 0.498157
vt 0.002167 0.498157
vt 0.966901 0.297759
vt 0.966574 0.297759
vt 0.966574 0.296746
vt 0.966901 0.296746
vt 0.967227 0.296746
vt 0.484843 0.395226
vt 0.484843 0.396240
vt 0.001840 0.498157
vt 0.967227 0.297759
vt 0.464722 0.497459
vt 0.464722 0.496762
vt 0.465049 0.496762
vt 0.465049 0.497459
vt 0.465376 0.496762
vt 0.465376 0.497459
vt 0.980309 0.435846
vt 0.979612 0.435846
vt 0.979612 0.434832
vt 0.980309 0.434832
vt 0.981007 0.434832
vt 0.503692 0.296746
vt 0.504019 0.296746
vt 0.504345 0.296746
vt 0.504345 0.297759
vt 0.504019 0.297759
vt 0.465049 0.498157
vt 0.464722 0.498157
vt 0.465376 0.498157
vt 0.981007 0.435846
vt 0.503692 0.297759
vt 0.458991 0.502541
vt 0.458991 0.503239
vt 0.458665 0.503239
vt 0.458665 0.502541
vt 0.458338 0.503239
vt 0.458338 0.502541
vt 0.485540 0.362460
vt 0.486238 0.362460
vt 0.486238 0.363473
vt 0.485540 0.363473
vt 0.484843 0.363473
vt 0.967227 0.264993
vt 0.966901 0.264993
vt 0.966574 0.264993
vt 0.966574 0.263979
vt 0.966901 0.263979
vt 0.458665 0.501844
vt 0.458991 0.501844
vt 0.458338 0.501844
vt 0.484843 0.362460
vt 0.967227 0.263979
vt 0.979612 0.403079
vt 0.980309 0.403079
vt 0.979612 0.402066
vt 0.980309 0.402066
vt 0.921873 0.502541
vt 0.921873 0.503239
vt 0.921547 0.503239
vt 0.921547 0.502541
vt 0.921220 0.503239
vt 0.921220 0.502541
vt 0.921220 0.501844
vt 0.921547 0.501844
vt 0.504019 0.263979
vt 0.504345 0.263979
vt 0.504345 0.264993
vt 0.504019 0.264993
vt 0.503692 0.264993
vt 0.981007 0.403079
vt 0.981007 0.402066
vt 0.921873 0.501844
vt 0.503692 0.263979
vt 0.504345 0.225546
vt 0.504019 0.225546
vt 0.503692 0.225546
vt 0.981007 0.363473
vt 0.980309 0.363473
vt 0.979612 0.363473
vt 0.979612 0.362460
vt 0.980309 0.362460
vt 0.458338 0.997310
vt 0.458338 0.996613
vt 0.458665 0.996613
vt 0.458665 0.997310
vt 0.458991 0.996613
vt 0.458991 0.997310
vt 0.458991 0.998008
vt 0.458665 0.998008
vt 0.504019 0.224533
vt 0.504345 0.224533
vt 0.503692 0.224533
vt 0.981007 0.362460
vt 0.458338 0.998008
vt 0.486238 0.403079
vt 0.485540 0.403079
vt 0.484843 0.403079
vt 0.967227 0.225546
vt 0.966901 0.225546
vt 0.966574 0.225546
vt 0.966574 0.224533
vt 0.966901 0.224533
vt 0.921547 0.998008
vt 0.921220 0.998008
vt 0.921220 0.997310
vt 0.921547 0.997310
vt 0.921220 0.996613
vt 0.921547 0.996613
vt 0.921873 0.996613
vt 0.921873 0.997310
vt 0.485540 0.402066
vt 0.486238 0.402066
vt 0.484843 0.402066
vt 0.967227 0.224533
vt 0.921873 0.998008
vt 0.002494 0.002690
vt 0.002494 0.003387
vt 0.002167 0.003387
vt 0.002167 0.002690
vt 0.001840 0.003387
vt 0.001840 0.002690
vt 0.980309 0.396240
vt 0.979612 0.396240
vt 0.979612 0.395226
vt 0.980309 0.395226
vt 0.981007 0.395226
vt 0.503692 0.257299
vt 0.504019 0.257299
vt 0.504345 0.257299
vt 0.504345 0.258312
vt 0.504019 0.258312
vt 0.002167 0.001992
vt 0.002494 0.001992
vt 0.001840 0.001992
vt 0.981007 0.396240
vt 0.503692 0.258312
vt 0.486238 0.434832
vt 0.485540 0.434832
vt 0.486238 0.435846
vt 0.485540 0.435846
vt 0.465376 0.002690
vt 0.465376 0.003387
vt 0.465049 0.003387
vt 0.465049 0.002690
vt 0.464722 0.003387
vt 0.464722 0.002690
vt 0.464722 0.001992
vt 0.465049 0.001992
vt 0.966901 0.258312
vt 0.966574 0.258312
vt 0.966574 0.257299
vt 0.966901 0.257299
vt 0.967227 0.257299
vt 0.484843 0.434832
vt 0.484843 0.435846
vt 0.465376 0.001992
vt 0.967227 0.258312
vt 0.800172 0.296746
vt 0.800172 0.297759
vt 0.168896 0.498157
vt 0.168896 0.497459
vt 0.168896 0.496762
vt 0.168896 0.398087
vt 0.168896 0.082327
vt 0.168896 0.003387
vt 0.168896 0.002690
vt 0.168896 0.001992
vt 0.670748 0.258312
vt 0.670748 0.257299
vt 0.670748 0.256285
vt 0.670748 0.226559
vt 0.670748 0.225546
vt 0.670748 0.224533
vt 0.625394 0.998008
vt 0.625394 0.997310
vt 0.625394 0.996613
vt 0.625394 0.917673
vt 0.625394 0.601913
vt 0.625394 0.503239
vt 0.625394 0.502541
vt 0.625394 0.501844
vt 0.800172 0.263979
vt 0.800172 0.264993
vt 0.800172 0.266006
vt 0.800172 0.295732
vt 0.002493 0.102062
vt 0.002493 0.417822
vt 0.002167 0.417822
vt 0.002167 0.102062
vt 0.001840 0.417822
vt 0.001840 0.102062
vt 0.590816 0.227594
vt 0.906576 0.227594
vt 0.906576 0.228607
vt 0.590816 0.228607
vt 0.906576 0.229621
vt 0.590816 0.229621
vt 0.708095 0.428636
vt 0.597160 0.428636
vt 0.597160 0.427623
vt 0.708095 0.427623
vt 0.597160 0.426610
vt 0.708095 0.426610
vt 0.390765 0.001992
vt 0.390765 0.002690
vt 0.390765 0.003387
vt 0.492142 0.229621
vt 0.492142 0.259347
vt 0.491444 0.259347
vt 0.491444 0.229621
vt 0.490746 0.259347
vt 0.490746 0.229621
vt 0.986086 0.428636
vt 0.986086 0.458363
vt 0.985759 0.458363
vt 0.985759 0.428636
vt 0.985432 0.458363
vt 0.985432 0.428636
vt 0.886841 0.269227
vt 0.571081 0.269227
vt 0.571081 0.268213
vt 0.886841 0.268213
vt 0.571081 0.267200
vt 0.886841 0.267200
vt 0.465375 0.102062
vt 0.465375 0.417822
vt 0.465049 0.417822
vt 0.465049 0.102062
vt 0.464722 0.417822
vt 0.464722 0.102062
vt 0.523204 0.428636
vt 0.523204 0.458362
vt 0.522877 0.458362
vt 0.522877 0.428636
vt 0.522550 0.458362
vt 0.522550 0.428636
vt 0.986911 0.269227
vt 0.986911 0.298953
vt 0.986213 0.298953
vt 0.986213 0.269227
vt 0.985516 0.298953
vt 0.985516 0.269227
vt 0.590816 0.259347
vt 0.906576 0.259347
vt 0.906576 0.260360
vt 0.590816 0.260360
vt 0.906576 0.261374
vt 0.590816 0.261374
vt 0.458338 0.897938
vt 0.458338 0.582179
vt 0.458665 0.582179
vt 0.458665 0.897938
vt 0.458991 0.582179
vt 0.458991 0.897938
vt 0.736328 0.996613
vt 0.736328 0.997310
vt 0.736328 0.998008
vt 0.708095 0.460389
vt 0.597160 0.460389
vt 0.597160 0.459376
vt 0.708095 0.459376
vt 0.597160 0.458362
vt 0.708095 0.458362
vt 0.921220 0.897938
vt 0.921220 0.582179
vt 0.921547 0.582179
vt 0.921547 0.897938
vt 0.921873 0.582179
vt 0.921873 0.897938
vt 0.886841 0.300980
vt 0.571081 0.300980
vt 0.571081 0.299966
vt 0.886841 0.299966
vt 0.571081 0.298953
vt 0.886841 0.298953
vt 0.985516 0.259347
vt 0.985516 0.229621
vt 0.986213 0.229621
vt 0.986213 0.259347
vt 0.986911 0.229621
vt 0.986911 0.259347
vt 0.522550 0.418916
vt 0.522550 0.389189
vt 0.522877 0.389189
vt 0.522877 0.418916
vt 0.523204 0.389189
vt 0.523204 0.418916
vt 0.800541 0.418916
vt 0.911476 0.418916
vt 0.911476 0.419929
vt 0.800541 0.419929
vt 0.911476 0.420942
vt 0.800541 0.420942
vt 0.736328 0.501844
vt 0.736328 0.502541
vt 0.736328 0.503239
vt 0.985432 0.418916
vt 0.985432 0.389189
vt 0.985759 0.389189
vt 0.985759 0.418916
vt 0.986086 0.389189
vt 0.986086 0.418916
vt 0.490746 0.298953
vt 0.490746 0.269227
vt 0.491444 0.269227
vt 0.491444 0.298953
vt 0.492142 0.269227
vt 0.492142 0.298953
vt 0.279831 0.496761
vt 0.390765 0.496761
vt 0.390765 0.497459
vt 0.390765 0.498157
vt 0.800541 0.387163
vt 0.911476 0.387163
vt 0.911476 0.388176
vt 0.800541 0.388176
vt 0.911476 0.389189
vt 0.800541 0.389189
vt 0.847263 0.582179
vt 0.847263 0.897938
vt 0.736328 0.897938
vt 0.736328 0.582179
vt 0.390765 0.102062
vt 0.390765 0.417822
vt 0.279831 0.417822
vt 0.279831 0.102062
vt 0.491444 0.228607
vt 0.492142 0.228607
vt 0.491444 0.227594
vt 0.492142 0.227594
vt 0.002493 0.002690
vt 0.002493 0.003387
vt 0.002493 0.001992
vt 0.985759 0.426610
vt 0.985759 0.427623
vt 0.985432 0.427623
vt 0.985432 0.426610
vt 0.986086 0.427623
vt 0.490746 0.228607
vt 0.490746 0.227594
vt 0.986086 0.426610
vt 0.465375 0.002690
vt 0.465375 0.003387
vt 0.986213 0.267200
vt 0.986213 0.268213
vt 0.985516 0.268213
vt 0.985516 0.267200
vt 0.986911 0.268213
vt 0.522550 0.427623
vt 0.522877 0.427623
vt 0.523204 0.427623
vt 0.522877 0.426610
vt 0.523204 0.426610
vt 0.465375 0.001992
vt 0.986911 0.267200
vt 0.522550 0.426610
vt 0.491444 0.261374
vt 0.491444 0.260360
vt 0.492142 0.260360
vt 0.492142 0.261374
vt 0.490746 0.260360
vt 0.986086 0.459376
vt 0.985759 0.459376
vt 0.985432 0.459376
vt 0.985759 0.460389
vt 0.985432 0.460389
vt 0.490746 0.261374
vt 0.986086 0.460389
vt 0.986213 0.299966
vt 0.985516 0.299966
vt 0.986213 0.300980
vt 0.985516 0.300980
vt 0.921546 0.997310
vt 0.921546 0.996613
vt 0.921546 0.998008
vt 0.522877 0.460389
vt 0.522877 0.459376
vt 0.523204 0.459376
vt 0.523204 0.460389
vt 0.522550 0.459376
vt 0.986911 0.299966
vt 0.986911 0.300980
vt 0.522550 0.460389
vt 0.523204 0.419929
vt 0.522877 0.419929
vt 0.522550 0.419929
vt 0.986911 0.260360
vt 0.986213 0.260360
vt 0.985516 0.260360
vt 0.986213 0.261374
vt 0.985516 0.261374
vt 0.522877 0.420942
vt 0.523204 0.420942
vt 0.522550 0.420942
vt 0.986911 0.261374
vt 0.492142 0.299966
vt 0.491444 0.299966
vt 0.490746 0.299966
vt 0.986086 0.419929
vt 0.985759 0.419929
vt 0.985432 0.419929
vt 0.985759 0.420942
vt 0.985432 0.420942
vt 0.921546 0.501844
vt 0.921546 0.502541
vt 0.921546 0.503239
vt 0.491444 0.300980
vt 0.492142 0.300980
vt 0.490746 0.300980
vt 0.986086 0.420942
vt 0.002493 0.497459
vt 0.002167 0.496761
vt 0.002493 0.496761
vt 0.001840 0.496761
vt 0.986213 0.227594
vt 0.986213 0.228607
vt 0.985516 0.228607
vt 0.985516 0.227594
vt 0.986911 0.228607
vt 0.522550 0.388176
vt 0.522877 0.388176
vt 0.523204 0.388176
vt 0.522877 0.387163
vt 0.523204 0.387163
vt 0.002493 0.498157
vt 0.986911 0.227594
vt 0.522550 0.387163
vt 0.491444 0.268213
vt 0.492142 0.268213
vt 0.491444 0.267200
vt 0.492142 0.267200
vt 0.465375 0.497459
vt 0.465049 0.496761
vt 0.465375 0.496761
vt 0.464722 0.496761
vt 0.985759 0.387163
vt 0.985759 0.388176
vt 0.985432 0.388176
vt 0.985432 0.387163
vt 0.986086 0.388176
vt 0.490746 0.268213
vt 0.490746 0.267200
vt 0.465375 0.498157
vt 0.986086 0.387163
vt 0.819030 0.427623
vt 0.819030 0.426610
vt 0.168896 0.417822
vt 0.168896 0.102062
vt 0.168896 0.496761
vt 0.689606 0.387163
vt 0.689606 0.388176
vt 0.689606 0.389189
vt 0.689606 0.418916
vt 0.689606 0.419929
vt 0.689606 0.420942
vt 0.625394 0.897938
vt 0.625394 0.582179
vt 0.819030 0.460389
vt 0.819030 0.459376
vt 0.819030 0.458363
vt 0.819030 0.428636
vt 0.600793 0.399316
vt 0.600793 0.398303
vt 0.916552 0.398303
vt 0.916552 0.399316
vt 0.600793 0.397290
vt 0.916552 0.397290
vt 0.705548 0.344289
vt 0.705548 0.345303
vt 0.594613 0.345303
vt 0.594613 0.344289
vt 0.705548 0.346316
vt 0.594613 0.346316
vt 0.502118 0.397290
vt 0.501420 0.397290
vt 0.501420 0.367563
vt 0.502118 0.367563
vt 0.500723 0.397290
vt 0.500723 0.367563
vt 0.983539 0.344289
vt 0.983212 0.344289
vt 0.983212 0.314563
vt 0.983539 0.314563
vt 0.982885 0.344289
vt 0.982885 0.314563
vt 0.896817 0.436896
vt 0.896817 0.437909
vt 0.581058 0.437909
vt 0.581058 0.436896
vt 0.896817 0.438922
vt 0.581058 0.438922
vt 0.520657 0.344289
vt 0.520330 0.344289
vt 0.520330 0.314563
vt 0.520657 0.314563
vt 0.520003 0.344289
vt 0.520003 0.314563
vt 0.996887 0.436896
vt 0.996189 0.436896
vt 0.996189 0.407169
vt 0.996887 0.407169
vt 0.995492 0.436896
vt 0.995492 0.407169
vt 0.600793 0.367563
vt 0.600793 0.366550
vt 0.916552 0.366550
vt 0.916552 0.367563
vt 0.600793 0.365537
vt 0.916552 0.365537
vt 0.705548 0.312537
vt 0.705548 0.313550
vt 0.594613 0.313550
vt 0.594613 0.312537
vt 0.705548 0.314563
vt 0.594613 0.314563
vt 0.896817 0.405143
vt 0.896817 0.406156
vt 0.581058 0.406156
vt 0.581058 0.405143
vt 0.896817 0.407169
vt 0.581058 0.407169
vt 0.996190 0.367563
vt 0.996887 0.367563
vt 0.996887 0.397290
vt 0.996189 0.397290
vt 0.520003 0.275116
vt 0.520330 0.275116
vt 0.520330 0.304843
vt 0.520003 0.304842
vt 0.520657 0.275116
vt 0.520657 0.304843
vt 0.797994 0.275116
vt 0.797994 0.274103
vt 0.908929 0.274103
vt 0.908929 0.275116
vt 0.797994 0.273090
vt 0.908929 0.273090
vt 0.982885 0.275116
vt 0.983212 0.275116
vt 0.983212 0.304843
vt 0.982885 0.304843
vt 0.983539 0.275116
vt 0.983539 0.304843
vt 0.500723 0.407169
vt 0.501420 0.407169
vt 0.501420 0.436896
vt 0.500723 0.436896
vt 0.502118 0.407169
vt 0.502118 0.436896
vt 0.797994 0.306869
vt 0.797994 0.305856
vt 0.908929 0.305856
vt 0.908929 0.306869
vt 0.797994 0.304843
vt 0.908929 0.304843
vt 0.502118 0.398303
vt 0.501420 0.398303
vt 0.502118 0.399316
vt 0.501420 0.399316
vt 0.983212 0.346316
vt 0.982885 0.346316
vt 0.982885 0.345303
vt 0.983212 0.345303
vt 0.983539 0.345303
vt 0.500723 0.398303
vt 0.500723 0.399316
vt 0.983539 0.346316
vt 0.996189 0.438922
vt 0.995492 0.438922
vt 0.995492 0.437909
vt 0.996189 0.437909
vt 0.996887 0.437909
vt 0.520003 0.345303
vt 0.520330 0.345303
vt 0.520657 0.345303
vt 0.520657 0.346316
vt 0.520330 0.346316
vt 0.996887 0.438922
vt 0.520003 0.346316
vt 0.501420 0.365537
vt 0.502118 0.365537
vt 0.502118 0.366550
vt 0.501420 0.366550
vt 0.500723 0.366550
vt 0.983539 0.313550
vt 0.983212 0.313550
vt 0.982885 0.313550
vt 0.982885 0.312537
vt 0.983212 0.312537
vt 0.500723 0.365537
vt 0.983539 0.312537
vt 0.995492 0.406156
vt 0.996189 0.406156
vt 0.995492 0.405143
vt 0.996189 0.405143
vt 0.520330 0.312537
vt 0.520657 0.312537
vt 0.520657 0.313550
vt 0.520330 0.313550
vt 0.520003 0.313550
vt 0.996887 0.406156
vt 0.996887 0.405143
vt 0.520003 0.312536
vt 0.520657 0.274103
vt 0.520330 0.274103
vt 0.520003 0.274103
vt 0.996887 0.366550
vt 0.996190 0.366550
vt 0.995492 0.366550
vt 0.995492 0.365537
vt 0.996190 0.365537
vt 0.520330 0.273090
vt 0.520657 0.273090
vt 0.520003 0.273090
vt 0.996887 0.365537
vt 0.502118 0.406156
vt 0.501420 0.406156
vt 0.500723 0.406156
vt 0.983539 0.274103
vt 0.983212 0.274103
vt 0.982885 0.274103
vt 0.982885 0.273090
vt 0.983212 0.273090
vt 0.501420 0.405143
vt 0.502118 0.405143
vt 0.500723 0.405143
vt 0.983539 0.273090
vt 0.996189 0.399316
vt 0.995492 0.399316
vt 0.995492 0.398303
vt 0.996189 0.398303
vt 0.995492 0.397290
vt 0.996887 0.398303
vt 0.520003 0.305856
vt 0.520330 0.305856
vt 0.520657 0.305856
vt 0.520657 0.306869
vt 0.520330 0.306869
vt 0.996887 0.399316
vt 0.520003 0.306869
vt 0.502118 0.437909
vt 0.501420 0.437909
vt 0.502118 0.438922
vt 0.501420 0.438922
vt 0.983212 0.306869
vt 0.982885 0.306869
vt 0.982885 0.305856
vt 0.983212 0.305856
vt 0.983539 0.305856
vt 0.500723 0.437909
vt 0.500723 0.438922
vt 0.983539 0.306869
vt 0.816483 0.345303
vt 0.816483 0.346316
vt 0.687059 0.306869
vt 0.687059 0.305856
vt 0.687059 0.304843
vt 0.687059 0.275116
vt 0.687059 0.274103
vt 0.687059 0.273090
vt 0.816483 0.312537
vt 0.816483 0.313550
vt 0.816483 0.314563
vt 0.816483 0.344289
vt 0.375352 0.949578
vt 0.375176 0.949578
vt 0.375176 0.790478
vt 0.375352 0.790478
vt 0.375000 0.949578
vt 0.375000 0.790478
vt 0.324578 0.000000
vt 0.324578 0.007499
vt 0.165478 0.007499
vt 0.165478 0.000000
vt 0.324578 0.014998
vt 0.165478 0.014998
vt 0.524930 0.014998
vt 0.524930 0.007499
vt 0.584760 0.007499
vt 0.584760 0.014998
vt 0.524930 0.000000
vt 0.584760 0.000000
vt 0.524930 1.000000
vt 0.524930 0.999649
vt 0.584760 0.999649
vt 0.584760 1.000000
vt 0.524930 0.999297
vt 0.584760 0.999297
vt 0.374297 0.014998
vt 0.374652 0.014998
vt 0.374652 0.235002
vt 0.374297 0.235002
vt 0.375006 0.014998
vt 0.375006 0.235002
vt 0.375179 0.014998
vt 0.375179 0.235002
vt 0.375352 0.014998
vt 0.375352 0.235002
vt 0.675422 0.014998
vt 0.675422 0.007499
vt 0.834522 0.007499
vt 0.834522 0.014998
vt 0.675422 0.000000
vt 0.834522 0.000000
vt 0.625000 0.949578
vt 0.624824 0.949578
vt 0.624824 0.790478
vt 0.625000 0.790478
vt 0.624648 0.949578
vt 0.624648 0.790478
vt 0.624648 0.014998
vt 0.624821 0.014998
vt 0.624821 0.235002
vt 0.624648 0.235002
vt 0.624994 0.014998
vt 0.624994 0.235002
vt 0.625348 0.014998
vt 0.625348 0.235002
vt 0.625703 0.014998
vt 0.625703 0.235002
vt 0.324578 0.235002
vt 0.324578 0.242500
vt 0.165478 0.242501
vt 0.165478 0.235002
vt 0.324578 0.250000
vt 0.165478 0.250000
vt 0.375000 0.300422
vt 0.375176 0.300422
vt 0.375176 0.459522
vt 0.375000 0.459522
vt 0.375352 0.300422
vt 0.375352 0.459522
vt 0.524930 0.250703
vt 0.524930 0.250339
vt 0.584760 0.250339
vt 0.584760 0.250703
vt 0.524930 0.249976
vt 0.584760 0.249976
vt 0.524930 0.242491
vt 0.584760 0.242491
vt 0.524930 0.235002
vt 0.584760 0.235002
vt 0.624648 0.300422
vt 0.624824 0.300422
vt 0.624824 0.459522
vt 0.624648 0.459522
vt 0.625000 0.300422
vt 0.625000 0.459522
vt 0.675422 0.250000
vt 0.675422 0.242500
vt 0.834522 0.242501
vt 0.834522 0.250000
vt 0.675422 0.235002
vt 0.834522 0.235002
vt 0.125703 0.235002
vt 0.125351 0.235002
vt 0.125351 0.014998
vt 0.125703 0.014998
vt 0.125000 0.235002
vt 0.125000 0.014998
vt 0.375000 0.514998
vt 0.375176 0.514998
vt 0.375176 0.735002
vt 0.375000 0.735002
vt 0.375352 0.514998
vt 0.375352 0.735002
vt 0.524930 0.514998
vt 0.524930 0.507506
vt 0.584760 0.507506
vt 0.584760 0.514998
vt 0.524930 0.500024
vt 0.584760 0.500024
vt 0.524930 0.499661
vt 0.584760 0.499661
vt 0.524930 0.499297
vt 0.584760 0.499297
vt 0.624648 0.514998
vt 0.624824 0.514998
vt 0.624824 0.735002
vt 0.624648 0.735002
vt 0.625000 0.514998
vt 0.625000 0.735002
vt 0.875000 0.235002
vt 0.874649 0.235002
vt 0.874649 0.014998
vt 0.875000 0.014998
vt 0.874297 0.235002
vt 0.874297 0.014998
vt 0.524930 0.750703
vt 0.524930 0.750339
vt 0.584760 0.750339
vt 0.584760 0.750703
vt 0.524930 0.749976
vt 0.584760 0.749976
vt 0.524930 0.742494
vt 0.584760 0.742494
vt 0.524930 0.735002
vt 0.584760 0.735002
vt 0.584760 0.459522
vt 0.524930 0.459522
vt 0.524930 0.300422
vt 0.584760 0.300422
vt 0.584760 0.949578
vt 0.524930 0.949578
vt 0.524930 0.790478
vt 0.584760 0.790478
vt 0.374297 0.007499
vt 0.374649 0.007499
vt 0.374297 0.000000
vt 0.374649 0.000000
vt 0.375000 0.999649
vt 0.375000 0.999297
vt 0.375176 0.999297
vt 0.375176 0.999649
vt 0.375352 0.999297
vt 0.375352 0.999649
vt 0.375352 1.000000
vt 0.375176 1.000000
vt 0.375176 0.000000
vt 0.375352 0.000000
vt 0.375352 0.007499
vt 0.375176 0.007499
vt 0.375000 0.007499
vt 0.375000 0.000000
vt 0.375000 1.000000
vt 0.624648 0.999649
vt 0.624648 0.999297
vt 0.624824 0.999297
vt 0.624824 0.999649
vt 0.625000 0.999297
vt 0.625000 0.999649
vt 0.625351 0.000000
vt 0.625703 0.000000
vt 0.625703 0.007499
vt 0.625351 0.007499
vt 0.625000 0.007499
vt 0.624824 0.007499
vt 0.624648 0.007499
vt 0.624648 0.000000
vt 0.624824 0.000000
vt 0.624824 1.000000
vt 0.624648 1.000000
vt 0.625000 1.000000
vt 0.625000 0.000000
vt 0.375352 0.250339
vt 0.375352 0.250703
vt 0.375176 0.250703
vt 0.375176 0.250345
vt 0.375000 0.250703
vt 0.375000 0.250351
vt 0.374649 0.250000
vt 0.374297 0.250000
vt 0.374297 0.242499
vt 0.374649 0.242496
vt 0.375000 0.242494
vt 0.375176 0.242492
vt 0.375352 0.242491
vt 0.375352 0.249976
vt 0.375176 0.249988
vt 0.375000 0.250000
vt 0.625703 0.242499
vt 0.625351 0.242496
vt 0.625703 0.250000
vt 0.625351 0.250000
vt 0.625000 0.250351
vt 0.625000 0.250703
vt 0.624824 0.250703
vt 0.624824 0.250345
vt 0.624648 0.250703
vt 0.624648 0.250339
vt 0.624648 0.249976
vt 0.624824 0.249988
vt 0.624648 0.242491
vt 0.624824 0.242492
vt 0.625000 0.242494
vt 0.625000 0.250000
vt 0.375352 0.507506
vt 0.375176 0.507503
vt 0.375000 0.507499
vt 0.125000 0.242501
vt 0.125351 0.242501
vt 0.125703 0.242501
vt 0.125703 0.250000
vt 0.125351 0.250000
vt 0.375000 0.499649
vt 0.375000 0.499297
vt 0.375176 0.499297
vt 0.375176 0.499655
vt 0.375352 0.499297
vt 0.375352 0.499661
vt 0.375352 0.500024
vt 0.375176 0.500012
vt 0.375000 0.500000
vt 0.125000 0.250000
vt 0.874297 0.242501
vt 0.874649 0.242501
vt 0.875000 0.242501
vt 0.625000 0.507499
vt 0.624824 0.507503
vt 0.624648 0.507506
vt 0.624648 0.500024
vt 0.624824 0.500012
vt 0.624648 0.499661
vt 0.624824 0.499655
vt 0.624648 0.499297
vt 0.624824 0.499297
vt 0.625000 0.499297
vt 0.625000 0.499649
vt 0.874649 0.250000
vt 0.874297 0.250000
vt 0.875000 0.250000
vt 0.625000 0.500000
vt 0.375352 0.750339
vt 0.375352 0.750703
vt 0.375176 0.750703
vt 0.375176 0.750345
vt 0.375000 0.750703
vt 0.375000 0.750351
vt 0.125351 0.000000
vt 0.125703 0.000000
vt 0.125703 0.007499
vt 0.125351 0.007499
vt 0.125000 0.007499
vt 0.375000 0.742501
vt 0.375176 0.742498
vt 0.375352 0.742494
vt 0.375352 0.749976
vt 0.375176 0.749988
vt 0.375000 0.750000
vt 0.125000 0.000000
vt 0.874297 0.007499
vt 0.874649 0.007499
vt 0.874297 0.000000
vt 0.874649 0.000000
vt 0.625000 0.750351
vt 0.625000 0.750703
vt 0.624824 0.750703
vt 0.624824 0.750345
vt 0.624648 0.750703
vt 0.624648 0.750339
vt 0.624648 0.749976
vt 0.624824 0.749988
vt 0.624648 0.742494
vt 0.624824 0.742498
vt 0.625000 0.742501
vt 0.875000 0.007499
vt 0.875000 0.000000
vt 0.625000 0.750000
vt 0.465099 0.007499
vt 0.465099 0.000000
vt 0.465099 1.000000
vt 0.465099 0.999649
vt 0.465099 0.999297
vt 0.465099 0.949578
vt 0.465099 0.790478
vt 0.465099 0.750703
vt 0.465099 0.750339
vt 0.465099 0.749976
vt 0.465099 0.742494
vt 0.465099 0.735002
vt 0.465099 0.514998
vt 0.465099 0.507506
vt 0.465099 0.500024
vt 0.465099 0.499661
vt 0.465099 0.499297
vt 0.465099 0.459522
vt 0.465099 0.300422
vt 0.465099 0.250703
vt 0.465099 0.250339
vt 0.465099 0.249976
vt 0.465099 0.242491
vt 0.465099 0.235002
vt 0.465099 0.014998
vt 1.339074 0.793898
vt 1.339074 0.727010
vt 1.340176 0.727010
vt 1.340176 0.793898
vt 1.337971 0.727010
vt 1.337971 0.793898
vt 0.071477 0.026683
vt 0.071477 0.001936
vt 0.138365 0.001936
vt 0.138365 0.026683
vt 0.071477 0.051436
vt 0.138365 0.051436
vt 0.149521 0.026683
vt 0.274500 0.026683
vt 0.274500 0.051436
vt 0.149521 0.051436
vt 0.274500 0.001936
vt 0.149521 0.001936
vt 1.577142 0.795058
vt 1.577142 0.796218
vt 1.340176 0.796218
vt 1.340176 0.795058
vt 1.577142 0.793898
vt 0.139525 0.051436
vt 0.139525 0.777502
vt 0.138365 0.777502
vt 0.140685 0.051436
vt 0.140685 0.777502
vt 0.148358 0.051436
vt 0.148940 0.051436
vt 0.148940 0.777502
vt 0.148358 0.777502
vt 0.149521 0.777502
vt 0.474829 0.026683
vt 0.474829 0.051436
vt 0.407940 0.051436
vt 0.407940 0.026683
vt 0.474829 0.001936
vt 0.407940 0.001936
vt 0.852598 0.326531
vt 0.853180 0.326531
vt 0.853180 0.393419
vt 0.852598 0.393419
vt 0.852017 0.326531
vt 0.852017 0.393419
vt 0.551791 0.051436
vt 0.552373 0.051436
vt 0.552373 0.777502
vt 0.551791 0.777502
vt 0.552955 0.051436
vt 0.552955 0.777502
vt 0.405620 0.051436
vt 0.406780 0.051436
vt 0.406780 0.777502
vt 0.405620 0.777502
vt 0.407940 0.777502
vt 0.071477 0.802251
vt 0.071477 0.777502
vt 0.138365 0.802251
vt 0.071477 0.827002
vt 0.138365 0.827002
vt 1.477467 0.382744
vt 1.478252 0.382744
vt 1.478252 0.449632
vt 1.477467 0.449632
vt 1.476681 0.382744
vt 1.476681 0.449632
vt 1.307804 0.450792
vt 1.307804 0.449632
vt 1.476681 0.450792
vt 1.307804 0.451952
vt 1.476681 0.451952
vt 0.274500 0.802251
vt 0.274500 0.827002
vt 0.149521 0.827002
vt 0.149521 0.802251
vt 0.274500 0.777502
vt 0.845300 0.326254
vt 0.844718 0.326254
vt 0.844718 0.259366
vt 0.845300 0.259366
vt 0.845881 0.326254
vt 0.845881 0.259366
vt 0.474829 0.802251
vt 0.474829 0.827002
vt 0.407940 0.827002
vt 0.407940 0.802251
vt 0.474829 0.777502
vt 0.004312 0.777502
vt 0.003152 0.777502
vt 0.003152 0.051436
vt 0.004312 0.051436
vt 0.001992 0.777502
vt 0.001992 0.051436
vt 0.559587 0.051436
vt 0.560169 0.051436
vt 0.560169 0.777502
vt 0.559587 0.777502
vt 0.560750 0.051436
vt 0.560750 0.777502
vt 0.685728 0.026687
vt 0.685728 0.051436
vt 0.560750 0.026687
vt 0.685728 0.001936
vt 0.560750 0.001936
vt 1.307804 0.314419
vt 1.307804 0.313259
vt 1.476681 0.313259
vt 1.476681 0.314419
vt 1.307804 0.315579
vt 1.476681 0.315579
vt 0.816849 0.051436
vt 0.817430 0.051436
vt 0.817430 0.777502
vt 0.816849 0.777502
vt 0.818012 0.051436
vt 0.818012 0.777502
vt 0.544313 0.777502
vt 0.543153 0.777502
vt 0.543153 0.051436
vt 0.544313 0.051436
vt 0.541993 0.777502
vt 0.541993 0.051436
vt 1.577142 0.658685
vt 1.577142 0.659845
vt 1.340176 0.659845
vt 1.340176 0.658685
vt 1.577142 0.657525
vt 1.340176 0.657525
vt 0.685728 0.802255
vt 0.685728 0.827002
vt 0.560750 0.827002
vt 0.560750 0.802255
vt 0.685728 0.777502
vt 1.307804 0.382744
vt 1.577142 0.727010
vt 0.139525 0.026683
vt 0.139525 0.001936
vt 1.337971 0.795058
vt 1.339074 0.795058
vt 1.339074 0.796218
vt 0.148940 0.001936
vt 0.148940 0.026683
vt 0.148358 0.026683
vt 0.140685 0.026683
vt 0.140685 0.001936
vt 1.337971 0.796218
vt 0.148358 0.001936
vt 0.852017 0.394579
vt 0.852598 0.394579
vt 0.853180 0.394579
vt 0.406780 0.001936
vt 0.406780 0.026683
vt 0.405620 0.026683
vt 0.552955 0.026683
vt 0.552373 0.026683
vt 0.551791 0.026683
vt 0.551791 0.001936
vt 0.552373 0.001936
vt 0.852598 0.395739
vt 0.852017 0.395739
vt 0.853180 0.395739
vt 0.405620 0.001936
vt 0.552955 0.001936
vt 1.477467 0.450792
vt 1.478252 0.450792
vt 0.139525 0.827002
vt 0.139525 0.802251
vt 0.140685 0.802251
vt 0.148358 0.802251
vt 0.148940 0.802251
vt 0.148940 0.827002
vt 1.477467 0.451952
vt 1.478252 0.451952
vt 0.140685 0.827002
vt 0.148358 0.827002
vt 0.406780 0.802251
vt 0.406780 0.827002
vt 0.845881 0.258206
vt 0.845300 0.258206
vt 0.844718 0.258206
vt 0.844718 0.257046
vt 0.845300 0.257046
vt 0.552373 0.827002
vt 0.551791 0.827002
vt 0.551791 0.802251
vt 0.552373 0.802251
vt 0.552955 0.802251
vt 0.405620 0.802251
vt 0.405620 0.827002
vt 0.845881 0.257046
vt 0.552955 0.827002
vt 0.560169 0.026687
vt 0.559587 0.026687
vt 0.001992 0.802251
vt 0.003152 0.802251
vt 0.004312 0.802251
vt 0.004312 0.827002
vt 0.003152 0.827002
vt 1.478252 0.314419
vt 1.478252 0.315579
vt 1.477466 0.315579
vt 1.477466 0.314419
vt 1.477466 0.313259
vt 0.560169 0.001936
vt 0.559587 0.001936
vt 0.001992 0.827002
vt 1.478252 0.313259
vt 0.541993 0.802251
vt 0.543153 0.802251
vt 0.544313 0.802251
vt 0.818012 0.026687
vt 0.817430 0.026687
vt 0.816849 0.026687
vt 0.816849 0.001936
vt 0.817430 0.001936
vt 0.845300 0.395739
vt 0.844718 0.395739
vt 0.844718 0.394579
vt 0.845300 0.394579
vt 0.844718 0.393419
vt 0.845300 0.393419
vt 0.845881 0.393419
vt 0.845881 0.394579
vt 0.543153 0.827002
vt 0.541993 0.827002
vt 0.544313 0.827002
vt 0.818012 0.001936
vt 0.845881 0.395739
vt 1.339074 0.659845
vt 1.339074 0.658685
vt 1.337971 0.659845
vt 1.337971 0.658685
vt 0.003152 0.001936
vt 0.004312 0.001936
vt 0.004312 0.026683
vt 0.003152 0.026683
vt 0.001992 0.026683
vt 0.559587 0.802255
vt 0.560169 0.802255
vt 0.560169 0.827002
vt 1.339074 0.657525
vt 1.337971 0.657525
vt 0.001992 0.001936
vt 0.559587 0.827002
vt 0.541993 0.026683
vt 0.543153 0.026683
vt 0.541993 0.001936
vt 0.543153 0.001936
vt 0.853180 0.258206
vt 0.853180 0.259366
vt 0.852598 0.259366
vt 0.852598 0.258206
vt 0.852017 0.259366
vt 0.852017 0.258206
vt 0.852017 0.257046
vt 0.852598 0.257046
vt 0.817430 0.827002
vt 0.816849 0.827002
vt 0.816849 0.802255
vt 0.817430 0.802255
vt 0.818012 0.802255
vt 0.544313 0.026683
vt 0.544313 0.001936
vt 0.853180 0.257046
vt 0.818012 0.827002
vt 0.824878 0.051436
vt 0.824878 0.777502
vt 0.824645 0.777502
vt 0.824645 0.051436
vt 0.824878 0.026687
vt 0.824645 0.026687
vt 0.824878 0.001936
vt 0.824645 0.001936
vt 0.838583 0.394579
vt 0.838583 0.395739
vt 0.838350 0.395739
vt 0.838350 0.394579
vt 0.838583 0.393419
vt 0.838350 0.393419
vt 0.838350 0.326531
vt 0.838583 0.326531
vt 0.838583 0.258206
vt 0.838583 0.259366
vt 0.838350 0.259366
vt 0.838350 0.258206
vt 0.838583 0.257046
vt 0.838350 0.257046
vt 0.832674 0.802251
vt 0.832674 0.827002
vt 0.832441 0.827002
vt 0.832441 0.802251
vt 0.832674 0.777502
vt 0.832441 0.777502
vt 0.832674 0.051436
vt 0.832441 0.051436
vt 0.832674 0.026683
vt 0.832441 0.026683
vt 0.832674 0.001936
vt 0.832441 0.001936
vt 0.832215 0.968526
vt 0.832215 0.969686
vt 0.831982 0.969686
vt 0.831982 0.968526
vt 0.832215 0.967366
vt 0.831982 0.967366
vt 0.832215 0.833313
vt 0.832215 0.900202
vt 0.831982 0.900202
vt 0.831982 0.833313
vt 0.832215 0.832153
vt 0.831982 0.832153
vt 0.832215 0.830993
vt 0.831982 0.830993
vt 0.824878 0.802255
vt 0.824878 0.827002
vt 0.824645 0.827002
vt 0.824645 0.802255
vt 1.814107 0.727010
vt 1.814107 0.793898
vt 1.814107 0.795058
vt 1.814107 0.796218
vt 0.399477 0.001936
vt 0.399477 0.026683
vt 0.399477 0.051436
vt 0.399477 0.777502
vt 0.399477 0.802251
vt 0.399477 0.827002
vt 1.138926 0.451952
vt 1.138926 0.450792
vt 1.138926 0.449632
vt 1.138926 0.382744
vt 1.138926 0.315579
vt 1.138926 0.314419
vt 1.138926 0.313259
vt 0.810706 0.001936
vt 0.810706 0.026687
vt 0.810706 0.051436
vt 0.810706 0.777502
vt 0.810706 0.802255
vt 0.810706 0.827002
vt 1.814107 0.657525
vt 1.814107 0.658685
vt 1.814107 0.659845
vt 1.157293 0.953868
vt 1.157293 0.884098
vt 1.158097 0.884098
vt 1.158097 0.953868
vt 1.156489 0.884098
vt 1.156489 0.953868
vt 0.182623 0.022285
vt 0.182623 0.001846
vt 0.237864 0.001846
vt 0.237864 0.022285
vt 0.182623 0.042727
vt 0.237864 0.042727
vt 0.248715 0.022285
vt 0.351930 0.022285
vt 0.351930 0.042727
vt 0.248715 0.042727
vt 0.351930 0.001846
vt 0.248715 0.001846
vt 1.330842 0.955078
vt 1.330842 0.956288
vt 1.158097 0.956288
vt 1.158097 0.955078
vt 1.330842 0.953868
vt 0.238822 0.042727
vt 0.238822 0.642358
vt 0.237864 0.642358
vt 0.239779 0.042727
vt 0.239779 0.642358
vt 0.247755 0.042727
vt 0.248235 0.042727
vt 0.248235 0.642358
vt 0.247755 0.642358
vt 0.248715 0.642358
vt 0.519296 0.022285
vt 0.519296 0.042727
vt 0.464056 0.042727
vt 0.464056 0.022285
vt 0.519296 0.001846
vt 0.464056 0.001846
vt 0.784002 0.867861
vt 0.784483 0.867861
vt 0.784483 0.923102
vt 0.784002 0.923102
vt 0.783522 0.867861
vt 0.783522 0.923102
vt 0.707708 0.042727
vt 0.708188 0.042727
vt 0.708188 0.642358
vt 0.707708 0.642358
vt 0.708668 0.042727
vt 0.708668 0.642358
vt 0.462140 0.042727
vt 0.463098 0.042727
vt 0.463098 0.642358
vt 0.462140 0.642358
vt 0.464056 0.642358
vt 0.182623 0.662797
vt 0.182623 0.642358
vt 0.237864 0.662797
vt 0.182623 0.683238
vt 0.237864 0.683238
vt 0.570477 0.744387
vt 0.569997 0.744387
vt 0.569997 0.689146
vt 0.570477 0.689146
vt 0.570957 0.744387
vt 0.570957 0.689146
vt 0.674172 0.688188
vt 0.674172 0.689146
vt 0.570957 0.688188
vt 0.674172 0.687230
vt 0.570957 0.687230
vt 0.351930 0.662797
vt 0.351930 0.683238
vt 0.248715 0.683238
vt 0.248715 0.662797
vt 0.351930 0.642358
vt 0.563381 0.744386
vt 0.562901 0.744386
vt 0.562901 0.689146
vt 0.563381 0.689146
vt 0.563862 0.744386
vt 0.563862 0.689146
vt 0.519296 0.662797
vt 0.519296 0.683238
vt 0.464056 0.683238
vt 0.464056 0.662797
vt 0.519296 0.642358
vt 0.003908 0.642358
vt 0.002950 0.642358
vt 0.002950 0.042727
vt 0.003908 0.042727
vt 0.001992 0.642358
vt 0.001992 0.042727
vt 0.715503 0.042727
vt 0.715984 0.042727
vt 0.715984 0.642358
vt 0.715503 0.642358
vt 0.716464 0.042727
vt 0.716464 0.642358
vt 0.819679 0.022287
vt 0.819679 0.042727
vt 0.716464 0.022287
vt 0.819679 0.001847
vt 0.716464 0.001847
vt 0.674172 0.924060
vt 0.674172 0.925018
vt 0.570957 0.925018
vt 0.570957 0.924060
vt 0.674172 0.923102
vt 0.570957 0.923102
vt 0.929888 0.042727
vt 0.930368 0.042727
vt 0.930368 0.642358
vt 0.929888 0.642358
vt 0.930849 0.042727
vt 0.930849 0.642358
vt 0.699927 0.642358
vt 0.698969 0.642358
vt 0.698969 0.042727
vt 0.699927 0.042727
vt 0.698011 0.642358
vt 0.698011 0.042727
vt 1.330842 0.657170
vt 1.330842 0.658380
vt 1.158097 0.658380
vt 1.158097 0.657170
vt 1.330842 0.655960
vt 1.158097 0.655960
vt 0.819679 0.662801
vt 0.819679 0.683239
vt 0.716464 0.683239
vt 0.716464 0.662801
vt 0.819679 0.642358
vt 0.674172 0.744387
vt 1.330842 0.884098
vt 0.238822 0.022285
vt 0.238822 0.001846
vt 1.156489 0.955078
vt 1.157293 0.955078
vt 1.157293 0.956288
vt 0.248235 0.001846
vt 0.248235 0.022285
vt 0.247755 0.022285
vt 0.239779 0.022285
vt 0.239779 0.001846
vt 1.156489 0.956288
vt 0.247755 0.001846
vt 0.783522 0.924060
vt 0.784002 0.924060
vt 0.784483 0.924060
vt 0.463098 0.001846
vt 0.463098 0.022285
vt 0.462140 0.022285
vt 0.708668 0.022285
vt 0.708188 0.022285
vt 0.707708 0.022285
vt 0.707708 0.001846
vt 0.708188 0.001846
vt 0.784002 0.925018
vt 0.783522 0.925018
vt 0.784483 0.925018
vt 0.462140 0.001846
vt 0.708668 0.001846
vt 0.570477 0.688188
vt 0.569997 0.688188
vt 0.238822 0.683238
vt 0.238822 0.662797
vt 0.239779 0.662797
vt 0.247755 0.662797
vt 0.248235 0.662797
vt 0.248235 0.683238
vt 0.570477 0.687230
vt 0.569997 0.687230
vt 0.239779 0.683238
vt 0.247755 0.683238
vt 0.463098 0.662797
vt 0.463098 0.683238
vt 0.563862 0.688188
vt 0.563381 0.688188
vt 0.562901 0.688188
vt 0.562901 0.687230
vt 0.563381 0.687230
vt 0.708188 0.683238
vt 0.707708 0.683238
vt 0.707708 0.662797
vt 0.708188 0.662797
vt 0.708668 0.662797
vt 0.462140 0.662797
vt 0.462140 0.683238
vt 0.563862 0.687230
vt 0.708668 0.683238
vt 0.715984 0.022287
vt 0.715503 0.022287
vt 0.001992 0.662797
vt 0.002950 0.662797
vt 0.003908 0.662797
vt 0.003908 0.683238
vt 0.002950 0.683238
vt 0.569997 0.924060
vt 0.569997 0.923102
vt 0.570477 0.923102
vt 0.570477 0.924060
vt 0.570477 0.925018
vt 0.715984 0.001847
vt 0.715503 0.001847
vt 0.001992 0.683238
vt 0.569997 0.925018
vt 0.698011 0.662797
vt 0.698969 0.662797
vt 0.699927 0.662797
vt 0.930849 0.022287
vt 0.930368 0.022287
vt 0.929888 0.022287
vt 0.929888 0.001847
vt 0.930368 0.001847
vt 0.563381 0.925017
vt 0.562901 0.925017
vt 0.562901 0.924059
vt 0.563381 0.924059
vt 0.562901 0.923101
vt 0.563381 0.923101
vt 0.563862 0.923101
vt 0.563862 0.924059
vt 0.698969 0.683238
vt 0.698011 0.683238
vt 0.699927 0.683238
vt 0.930849 0.001847
vt 0.563862 0.925017
vt 1.157293 0.658380
vt 1.157293 0.657170
vt 1.156489 0.658380
vt 1.156489 0.657170
vt 0.002950 0.001846
vt 0.003908 0.001846
vt 0.003908 0.022285
vt 0.002950 0.022285
vt 0.001992 0.022285
vt 0.715503 0.662801
vt 0.715984 0.662801
vt 0.715984 0.683239
vt 1.157293 0.655960
vt 1.156489 0.655960
vt 0.001992 0.001846
vt 0.715503 0.683239
vt 0.698011 0.022285
vt 0.698969 0.022285
vt 0.698011 0.001846
vt 0.698969 0.001846
vt 0.784483 0.688188
vt 0.784483 0.689146
vt 0.784002 0.689146
vt 0.784002 0.688188
vt 0.783522 0.689146
vt 0.783522 0.688188
vt 0.783522 0.687230
vt 0.784002 0.687230
vt 0.930368 0.683239
vt 0.929888 0.683239
vt 0.929888 0.662801
vt 0.930368 0.662801
vt 0.930849 0.662801
vt 0.699927 0.022285
vt 0.699927 0.001846
vt 0.784483 0.687230
vt 0.930849 0.683239
vt 0.937876 0.042727
vt 0.937876 0.642358
vt 0.937684 0.642358
vt 0.937684 0.042727
vt 0.937876 0.022287
vt 0.937684 0.022287
vt 0.937876 0.001847
vt 0.937684 0.001847
vt 0.556766 0.924059
vt 0.556766 0.925017
vt 0.556573 0.925017
vt 0.556573 0.924059
vt 0.556766 0.923101
vt 0.556573 0.923101
vt 0.556573 0.867861
vt 0.556766 0.867861
vt 0.556766 0.688188
vt 0.556766 0.689146
vt 0.556573 0.689146
vt 0.556573 0.688188
vt 0.556766 0.687230
vt 0.556573 0.687230
vt 0.945672 0.662797
vt 0.945672 0.683238
vt 0.945480 0.683238
vt 0.945480 0.662797
vt 0.945672 0.642358
vt 0.945480 0.642358
vt 0.945672 0.042727
vt 0.945480 0.042727
vt 0.945672 0.022285
vt 0.945480 0.022285
vt 0.945672 0.001846
vt 0.945480 0.001846
vt 0.550438 0.924059
vt 0.550438 0.925017
vt 0.550245 0.925017
vt 0.550245 0.924059
vt 0.550438 0.923101
vt 0.550245 0.923101
vt 0.550438 0.689146
vt 0.550438 0.744386
vt 0.550245 0.744386
vt 0.550245 0.689146
vt 0.550438 0.688188
vt 0.550245 0.688188
vt 0.550438 0.687230
vt 0.550245 0.687230
vt 0.937876 0.662801
vt 0.937876 0.683239
vt 0.937684 0.683239
vt 0.937684 0.662801
vt 1.158097 0.748667
vt 1.330842 0.748667
vt 0.550438 0.851615
vt 0.550245 0.851615
vt 0.783522 0.760632
vt 0.784002 0.760632
vt 0.784483 0.760632
vt 0.626525 0.001846
vt 0.626525 0.022285
vt 0.626525 0.042727
vt 0.626525 0.642358
vt 0.626525 0.662797
vt 0.626525 0.683238
vt 0.563862 0.851615
vt 0.563381 0.851615
vt 0.562901 0.851615
vt 0.556573 0.760632
vt 0.556766 0.760632
vt 0.674172 0.851616
vt 0.570957 0.851616
vt 0.570477 0.851616
vt 0.569997 0.851616
vt 0.075394 0.683238
vt 0.075394 0.662797
vt 0.075394 0.642358
vt 0.075394 0.042727
vt 0.075394 0.022285
vt 0.075394 0.001846
vt 1.156489 0.748667
vt 1.157293 0.748667
vt 1.503588 0.884098
vt 1.503588 0.953868
vt 1.503588 0.955078
vt 1.503588 0.956288
vt 0.455145 0.001846
vt 0.455145 0.022285
vt 0.455145 0.042727
vt 0.455145 0.642358
vt 0.455145 0.662797
vt 0.455145 0.683238
vt 0.777387 0.687230
vt 0.777387 0.688188
vt 0.777387 0.689146
vt 0.777387 0.744387
vt 0.777387 0.851616
vt 0.777387 0.923102
vt 0.777387 0.924060
vt 0.777387 0.925018
vt 0.922893 0.001847
vt 0.922893 0.022287
vt 0.922893 0.042727
vt 0.922893 0.642358
vt 0.922893 0.662801
vt 0.922893 0.683239
vt 1.503588 0.655960
vt 1.503588 0.657170
vt 1.503588 0.658380
vt 1.503588 0.748667
vt 0.000000 0.000000
vt -0.012363 -0.002770
vt 0.375000 0.036599
vt 0.375000 0.713401
vt 0.362800 0.000000
vt 0.362797 0.002520
vt 0.137203 0.002520
vt 0.137200 0.000000
vt 0.362794 0.005040
vt 0.137206 0.005040
vt 0.368900 0.004956
vt 0.368752 0.245642
vt 0.362501 0.245642
vt 0.375000 0.004872
vt 0.375000 0.245642
vt 0.059758 0.008205
vt 0.362500 0.247821
vt 0.137500 0.247821
vt 0.137499 0.245642
vt 0.362499 0.250000
vt 0.137501 0.250000
vt 0.375000 0.262501
vt 0.375323 0.262500
vt 0.375323 0.487474
vt 0.375000 0.487499
vt 0.375646 0.262499
vt 0.375646 0.487501
vt 0.375646 0.256251
vt 0.406250 0.256250
vt 0.406250 0.262499
vt 0.375646 0.250000
vt 0.406250 0.250000
vt 0.375646 0.005168
vt 0.131248 0.245642
vt 0.131104 0.004956
vt 0.125000 0.245642
vt 0.125000 0.004872
vt 0.375000 0.504358
vt 0.375323 0.504999
vt 0.375334 0.745213
vt 0.375000 0.745128
vt 0.375646 0.505663
vt 0.375668 0.745299
vt 0.375646 0.501144
vt 0.406250 0.502915
vt 0.406250 0.505830
vt 0.375646 0.496615
vt 0.406250 0.500000
vt 0.375646 0.492064
vt 0.406250 0.493750
vt 0.406250 0.487501
vt 0.375692 0.744464
vt 0.375692 0.750000
vt 0.375680 0.747652
vt 0.406173 0.747165
vt 0.406250 0.750000
vt 0.406096 0.744331
vt 0.637165 0.005132
vt 0.637204 0.002566
vt 0.862670 0.002601
vt 0.862668 0.005202
vt 0.637243 0.000000
vt 0.862672 0.000000
vt 0.625000 0.004951
vt 0.625000 0.245642
vt 0.631086 0.005041
vt 0.631251 0.245642
vt 0.637499 0.245642
vt 0.623708 0.250000
vt 0.562500 0.250000
vt 0.624354 0.250000
vt 0.624354 0.256249
vt 0.593750 0.256249
vt 0.593750 0.250000
vt 0.624354 0.262499
vt 0.593750 0.262499
vt 0.624677 0.262500
vt 0.624677 0.487475
vt 0.624354 0.487501
vt 0.625000 0.262502
vt 0.625000 0.487500
vt 0.637502 0.250000
vt 0.637500 0.247821
vt 0.862501 0.247821
vt 0.862500 0.250000
vt 0.862501 0.245642
vt 0.624354 0.492102
vt 0.593750 0.493749
vt 0.593750 0.487501
vt 0.624354 0.496690
vt 0.593750 0.500000
vt 0.624354 0.501256
vt 0.593750 0.503033
vt 0.624354 0.505814
vt 0.593750 0.506067
vt 0.624677 0.505074
vt 0.624665 0.745120
vt 0.624329 0.745231
vt 0.625000 0.504358
vt 0.625000 0.745010
vt 0.875000 0.245642
vt 0.868747 0.245642
vt 0.868835 0.005096
vt 0.875000 0.004990
vt 0.624314 0.747618
vt 0.593827 0.747043
vt 0.593904 0.744087
vt 0.624299 0.750000
vt 0.593750 0.750000
vt 0.868687 0.016834
vt 0.500000 0.262499
vt 0.500000 0.256249
vt 0.534376 0.256249
vt 0.534376 0.262499
vt 0.500000 0.250000
vt 0.534376 0.250000
vt 0.534376 0.500000
vt 0.500000 0.487501
vt 0.534376 0.487501
vt 0.500000 0.740400
vt 0.500000 0.509595
vt 0.534376 0.509020
vt 0.534428 0.740999
vt 0.437399 0.742632
vt 0.437500 0.507455
vt 0.469447 0.509097
vt 0.469397 0.740920
vt 0.437500 0.487501
vt 0.437500 0.262498
vt 0.469447 0.262499
vt 0.469447 0.487501
vt 0.562500 0.487501
vt 0.562500 0.262499
vt 0.562593 0.742617
vt 0.562500 0.507460
vt 0.024260 0.002548
vt 0.023785 0.002823
vt 0.469447 0.750000
vt 0.500000 0.745196
vt 0.469422 0.745459
vt 0.500000 0.750000
vt 0.534402 0.745495
vt 0.534376 0.750000
vt 0.500000 0.504798
vt 0.469447 0.504548
vt 0.500000 0.500000
vt 0.469447 0.500000
vt 0.500000 0.493751
vt 0.469447 0.493751
vt 0.534376 0.504510
vt 0.534376 0.493751
vt 0.469447 0.256249
vt 0.469447 0.250000
vt 0.437500 0.250000
vt 0.025114 0.002240
vt 0.562500 0.256249
vt 0.562500 0.503730
vt 0.562500 0.500000
vt 0.562500 0.493751
vt 0.562547 0.746307
vt 0.562500 0.750000
vt 0.437450 0.746317
vt 0.437500 0.750000
vt 0.437500 0.503727
vt 0.437500 0.500000
vt 0.437500 0.493751
vt 0.437500 0.256249
vt 0.368897 0.002520
vt 0.368900 0.000000
vt 0.375000 0.018300
vt 0.123201 0.003140
vt 0.183547 0.002545
vt 0.171768 0.004241
vt 0.375000 0.002436
vt 0.375323 0.256250
vt 0.375000 0.256251
vt 0.368749 0.250000
vt 0.368751 0.247821
vt 0.375000 0.247821
vt 0.217441 0.004749
vt 0.375323 0.002584
vt 0.375323 0.250000
vt 0.375323 0.501510
vt 0.375000 0.502179
vt 0.125000 0.247821
vt 0.131249 0.247821
vt 0.131251 0.250000
vt 0.375000 0.493749
vt 0.375323 0.492752
vt 0.375323 0.497720
vt 0.180904 0.367929
vt 0.375000 0.731700
vt 0.131100 0.000000
vt 0.131103 0.002520
vt 0.125000 0.002436
vt 0.375000 0.747564
vt 0.375334 0.747650
vt 0.375346 0.750000
vt 0.375346 0.747232
vt 0.288465 0.004735
vt 0.302674 0.001225
vt 0.205775 -0.001013
vt 0.631122 0.000000
vt 0.631083 0.002566
vt 0.625000 0.002475
vt 0.624677 0.256249
vt 0.624677 0.250000
vt 0.342210 0.128555
vt 0.625000 0.247821
vt 0.631249 0.247821
vt 0.631251 0.250000
vt 0.625000 0.256251
vt 0.624677 0.501566
vt 0.624677 0.497757
vt 0.624677 0.492771
vt 0.625000 0.493750
vt 0.868750 0.250000
vt 0.868750 0.247821
vt 0.875000 0.247821
vt 0.625000 0.502179
vt 0.422413 0.001087
vt 0.871844 0.008417
vt 0.624649 0.750000
vt 0.624665 0.747616
vt 0.625000 0.747505
vt 0.875000 0.002495
vt 0.868834 0.002601
vt 0.868836 0.000000
vt 0.375176 0.870028
vt 0.375352 0.870028
vt 0.375000 0.870028
vt 0.245028 0.007499
vt 0.245028 0.000000
vt 0.245028 0.014998
vt 0.754972 0.007499
vt 0.754972 0.014998
vt 0.754972 0.000000
vt 0.624824 0.870028
vt 0.625000 0.870028
vt 0.624648 0.870028
vt 0.245028 0.242500
vt 0.245028 0.235002
vt 0.245028 0.250000
vt 0.375176 0.379972
vt 0.375000 0.379972
vt 0.375352 0.379972
vt 0.624824 0.379972
vt 0.624648 0.379972
vt 0.625000 0.379972
vt 0.754972 0.242500
vt 0.754972 0.250000
vt 0.754972 0.235002
vt 0.524930 0.870028
vt 0.584760 0.870028
vt 0.465099 0.870028
vt 0.624229 0.235002
vt 0.624229 0.014998
vt 0.624229 0.242491
vt 0.624229 0.249976
vt 0.624229 0.250339
vt 0.624229 0.250703
vt 0.624229 0.499661
vt 0.624229 0.499297
vt 0.624229 0.500024
vt 0.624229 0.507506
vt 0.624229 0.514998
vt 0.624229 0.735002
vt 0.624229 0.742494
vt 0.624229 0.749976
vt 0.624229 0.750339
vt 0.624229 0.750703
vt 0.624229 0.949578
vt 0.624229 0.870028
vt 0.624229 0.999649
vt 0.624229 0.999297
vt 0.624229 1.000000
vt 0.624229 0.007499
vt 0.624229 0.000000
vt 0.375710 0.000000
vt 0.375710 0.007499
vt 0.375710 0.999649
vt 0.375710 1.000000
vt 0.375710 0.999297
vt 0.375710 0.870028
vt 0.375710 0.949578
vt 0.375710 0.750339
vt 0.375710 0.750703
vt 0.375710 0.749976
vt 0.375710 0.742494
vt 0.375710 0.735002
vt 0.375710 0.514998
vt 0.375710 0.507506
vt 0.375710 0.500024
vt 0.375710 0.499661
vt 0.375710 0.499297
vt 0.375710 0.250339
vt 0.375710 0.250703
vt 0.375710 0.249976
vt 0.375710 0.242491
vt 0.375710 0.235002
vt 0.375710 0.014998
vt 0.375000 0.998523
vt 0.375176 0.998523
vt 0.373522 0.007499
vt 0.373522 0.000000
vt 0.373522 0.014998
vt 0.373522 0.235002
vt 0.373522 0.242499
vt 0.373522 0.250000
vt 0.375176 0.251478
vt 0.375000 0.251478
vt 0.375352 0.251478
vt 0.624824 0.251478
vt 0.624648 0.251478
vt 0.625000 0.251478
vt 0.626478 0.242499
vt 0.626478 0.250000
vt 0.626478 0.235002
vt 0.626478 0.014998
vt 0.626478 0.007499
vt 0.626478 0.000000
vt 0.624824 0.998522
vt 0.625000 0.998523
vt 0.624648 0.998522
vt 0.624229 0.998522
vt 0.524930 0.998523
vt 0.584760 0.998522
vt 0.465099 0.998523
vt 0.375352 0.998522
vt 0.375710 0.998522
vt 0.375352 0.751592
vt 0.375710 0.751592
vt 0.375710 0.771035
vt 0.375352 0.771035
vt 0.524930 0.771035
vt 0.465099 0.771035
vt 0.465099 0.751592
vt 0.524930 0.751592
vt 0.584760 0.771035
vt 0.584760 0.751592
vt 0.624648 0.771035
vt 0.624229 0.771035
vt 0.624229 0.751592
vt 0.624648 0.751592
vt 0.624824 0.771035
vt 0.624824 0.751592
vt 0.625000 0.771035
vt 0.625000 0.751592
vt 0.853965 0.007499
vt 0.853965 0.000000
vt 0.873408 0.000000
vt 0.873408 0.007499
vt 0.853965 0.014998
vt 0.873408 0.014998
vt 0.853965 0.235002
vt 0.873408 0.235002
vt 0.853965 0.242501
vt 0.873408 0.242501
vt 0.853965 0.250000
vt 0.873408 0.250000
vt 0.624824 0.478965
vt 0.625000 0.478965
vt 0.625000 0.498408
vt 0.624824 0.498408
vt 0.624648 0.478965
vt 0.624648 0.498408
vt 0.375176 0.478965
vt 0.375352 0.478965
vt 0.375352 0.498408
vt 0.375176 0.498408
vt 0.375000 0.478965
vt 0.375000 0.498408
vt 0.146035 0.242501
vt 0.146035 0.250000
vt 0.126592 0.250000
vt 0.126592 0.242501
vt 0.146035 0.235002
vt 0.126592 0.235002
vt 0.126592 0.014998
vt 0.146035 0.014998
vt 0.146035 0.007499
vt 0.126592 0.007499
vt 0.146035 0.000000
vt 0.126592 0.000000
vt 0.375176 0.771035
vt 0.375000 0.771035
vt 0.375000 0.751592
vt 0.375176 0.751592
vt 0.420404 0.499297
vt 0.420404 0.499661
vt 0.420404 0.500024
vt 0.420404 0.507506
vt 0.420404 0.514998
vt 0.420404 0.735002
vt 0.420404 0.742494
vt 0.420404 0.749976
vt 0.420404 0.750339
vt 0.420404 0.750703
vt 0.420404 0.751592
vt 0.420404 0.771035
vt 0.420404 0.949578
vt 0.420404 0.870028
vt 0.420404 0.999297
vt 0.420404 0.998523
vt 0.420404 0.999649
vt 0.420404 1.000000
vt 0.420404 0.007499
vt 0.420404 0.000000
vt 0.420404 0.014998
vt 0.420404 0.235002
vt 0.420404 0.242491
vt 0.420404 0.249976
vt 0.420404 0.250339
vt 0.420404 0.250703
vt 0.375352 0.275950
vt 0.375176 0.275950
vt 0.375000 0.275950
vt 0.349050 0.250000
vt 0.349050 0.242499
vt 0.349050 0.235002
vt 0.349050 0.014998
vt 0.349050 0.007499
vt 0.349050 0.000000
vt 0.375000 0.974050
vt 0.375176 0.974050
vt 0.375352 0.974050
vt 0.375710 0.974050
vt 0.420404 0.974050
vt 0.465099 0.974050
vt 0.524930 0.974050
vt 0.584760 0.974050
vt 0.624229 0.974050
vt 0.624648 0.974050
vt 0.624824 0.974050
vt 0.625000 0.974050
vt 0.650950 0.000000
vt 0.650950 0.007499
vt 0.650950 0.014998
vt 0.650950 0.235002
vt 0.650950 0.242499
vt 0.650950 0.250000
vt 0.625000 0.275950
vt 0.624824 0.275950
vt 0.624648 0.275950
vt 0.604495 0.250703
vt 0.604495 0.250339
vt 0.604495 0.249976
vt 0.604495 0.242491
vt 0.604495 0.235002
vt 0.604495 0.014998
vt 0.604495 0.007499
vt 0.604495 0.000000
vt 0.604495 0.999649
vt 0.604495 1.000000
vt 0.604495 0.999297
vt 0.604495 0.998522
vt 0.604495 0.974050
vt 0.604495 0.870028
vt 0.604495 0.949578
vt 0.604495 0.751592
vt 0.604495 0.771035
vt 0.604495 0.750703
vt 0.604495 0.750339
vt 0.604495 0.749976
vt 0.604495 0.742494
vt 0.604495 0.735002
vt 0.604495 0.514998
vt 0.604495 0.507506
vt 0.604495 0.500024
vt 0.604495 0.499661
vt 0.604495 0.499297
vt 0.398057 0.014998
vt 0.398057 0.007499
vt 0.398057 0.000000
vt 0.398057 1.000000
vt 0.398057 0.999649
vt 0.398057 0.999297
vt 0.398057 0.998523
vt 0.398057 0.974050
vt 0.398057 0.949578
vt 0.398057 0.870028
vt 0.398057 0.771035
vt 0.398057 0.751592
vt 0.398057 0.750703
vt 0.398057 0.750339
vt 0.398057 0.749976
vt 0.398057 0.742494
vt 0.398057 0.735002
vt 0.398057 0.514998
vt 0.398057 0.507506
vt 0.398057 0.500024
vt 0.398057 0.499661
vt 0.398057 0.499297
vt 0.398057 0.250703
vt 0.398057 0.250339
vt 0.398057 0.249976
vt 0.398057 0.242491
vt 0.398057 0.235002
vt 0.624229 0.790478
vt 0.604495 0.790478
vt 0.420404 0.790478
vt 0.398057 0.790478
vt 0.375710 0.790478
vt 0.584760 0.379972
vt 0.524930 0.379972
vt 0.465099 0.379972
vt 0.624229 0.379972
vt 0.624229 0.300422
vt 0.375710 0.300422
vt 0.375710 0.379972
vt 0.375710 0.251478
vt 0.524930 0.251478
vt 0.465099 0.251478
vt 0.584760 0.251478
vt 0.624229 0.251478
vt 0.624229 0.498408
vt 0.624229 0.478965
vt 0.524930 0.498408
vt 0.524930 0.478965
vt 0.584760 0.478965
vt 0.584760 0.498408
vt 0.465099 0.498408
vt 0.465099 0.478965
vt 0.375710 0.478965
vt 0.375710 0.498408
vt 0.420404 0.251478
vt 0.420404 0.379972
vt 0.420404 0.300422
vt 0.420404 0.498408
vt 0.420404 0.478965
vt 0.624229 0.275950
vt 0.584760 0.275950
vt 0.524930 0.275950
vt 0.465099 0.275950
vt 0.420404 0.275950
vt 0.375710 0.275950
vt 0.604495 0.498408
vt 0.604495 0.478965
vt 0.604495 0.300422
vt 0.604495 0.379972
vt 0.604495 0.251478
vt 0.604495 0.275950
vt 0.398057 0.498408
vt 0.398057 0.478965
vt 0.398057 0.379972
vt 0.398057 0.300422
vt 0.398057 0.275950
vt 0.398057 0.251478
vt 0.375710 0.459522
vt 0.398057 0.459522
vt 0.420404 0.459522
vt 0.604495 0.459522
vt 0.624229 0.459522
vt 0.375000 0.812444
vt 0.500000 0.812459
vt 0.391193 0.733807
vt 0.500000 0.733804
vt 0.608937 0.516063
vt 0.625000 0.625000
vt 0.608804 0.625000
vt 0.812913 0.250000
vt 0.812541 0.125000
vt 0.875000 0.125000
vt 0.375000 0.312824
vt 0.500000 0.312459
vt 0.500000 0.437541
vt 0.375000 0.437913
vt 0.391196 0.625000
vt 0.500000 0.625000
vt 0.500000 0.937541
vt 0.375000 0.937527
vt 0.687493 -0.000000
vt 0.812556 0.000000
vt 0.687459 0.125000
vt 0.187444 -0.000000
vt 0.312527 0.000000
vt 0.312541 0.125000
vt 0.187459 0.125000
vt 0.625000 0.312824
vt 0.625000 0.437913
vt 0.608807 0.733807
vt 0.625000 0.812444
vt 0.625000 0.937507
vt 0.312176 0.250000
vt 0.187087 0.250000
vt 0.391142 0.516142
vt 0.500000 0.516196
vt 0.687824 0.250000
vt 0.375000 0.125000
vt 0.375000 0.016193
vt 0.375000 0.125045
vt 0.500000 0.000000
vt 0.500000 1.000000
vt 0.375000 0.233763
vt 0.625000 0.233844
vt 0.125000 0.125000
vt 0.375000 0.625000
vt 0.625000 0.016199
vt 0.625000 0.125000
vt 0.625000 0.125045
vt 0.433929 0.005368
vt 0.500000 0.005274
vt 0.500000 0.244786
vt 0.433931 0.244694
vt 0.500000 0.125000
vt 0.433626 0.125000
vt 0.566376 0.125000
vt 0.566070 0.005366
vt 0.566872 0.244767
vt 0.404904 0.001585
vt 0.375000 0.125002
vt 0.594679 0.001608
vt 0.625000 0.125002
vt 0.407116 0.248341
vt 0.593372 0.248375
vt 0.129215 0.166667
vt 0.129216 0.083333
vt 0.160349 0.083333
vt 0.160348 0.166667
vt 0.839651 0.166667
vt 0.839652 0.083333
vt 0.870785 0.083333
vt 0.870784 0.166667
vt 0.375998 1.000000
vt 0.375491 0.997419
vt 0.375491 0.997418
vt 0.375971 1.000000
vt 0.375000 0.994754
vt 0.375000 0.994845
vt 0.375913 0.005210
vt 0.375945 0.000000
vt 0.624067 0.000000
vt 0.624106 0.005103
vt 0.375945 1.000000
vt 0.624033 1.000000
vt 0.624067 1.000000
vt 0.370146 0.005103
vt 0.375000 0.005156
vt 0.375000 0.079573
vt 0.369943 0.079573
vt 0.375932 0.079573
vt 0.375000 0.994934
vt 0.375000 0.825050
vt 0.375000 0.826815
vt 0.369934 0.000000
vt 0.199827 0.005103
vt 0.200050 0.000000
vt 0.625000 0.993158
vt 0.624524 0.997174
vt 0.624523 0.996578
vt 0.625000 0.993341
vt 0.624050 1.000000
vt 0.629955 0.005210
vt 0.630133 0.000000
vt 0.799989 0.000000
vt 0.800223 0.005049
vt 0.625000 0.994867
vt 0.625000 0.825220
vt 0.625000 0.825011
vt 0.625000 0.005158
vt 0.625000 0.079573
vt 0.624068 0.079573
vt 0.630057 0.079573
vt 0.375932 0.244684
vt 0.375000 0.244682
vt 0.375000 0.170427
vt 0.375932 0.170427
vt 0.369943 0.244684
vt 0.369943 0.170427
vt 0.375932 0.255057
vt 0.375932 0.248678
vt 0.624068 0.248680
vt 0.624068 0.255057
vt 0.624068 0.244684
vt 0.369942 0.250000
vt 0.199951 0.250000
vt 0.199980 0.244737
vt 0.375000 0.255058
vt 0.375913 0.425072
vt 0.375000 0.425049
vt 0.630057 0.244684
vt 0.625000 0.244682
vt 0.625000 0.170427
vt 0.630057 0.170427
vt 0.624068 0.170427
vt 0.625000 0.255058
vt 0.625000 0.425022
vt 0.624078 0.425020
vt 0.630058 0.250000
vt 0.800020 0.244737
vt 0.800022 0.250000
vt 0.375877 0.500000
vt 0.375894 0.500000
vt 0.125000 0.245580
vt 0.125000 0.245416
vt 0.375659 0.503759
vt 0.376089 0.501837
vt 0.623884 0.501837
vt 0.624341 0.503759
vt 0.624068 0.500000
vt 0.125000 0.245472
vt 0.125000 0.170765
vt 0.125000 0.171084
vt 0.375000 0.504528
vt 0.375659 0.579573
vt 0.375000 0.579235
vt 0.875000 0.245580
vt 0.875000 0.245498
vt 0.624051 0.500000
vt 0.625000 0.504533
vt 0.625000 0.579245
vt 0.624341 0.579573
vt 0.875000 0.245467
vt 0.875000 0.171084
vt 0.875000 0.170755
vt 0.375659 0.746241
vt 0.375000 0.745467
vt 0.375000 0.670755
vt 0.375659 0.670427
vt 0.125000 0.004533
vt 0.125000 0.004420
vt 0.125000 0.078916
vt 0.125000 0.079245
vt 0.375932 0.750000
vt 0.376115 0.748163
vt 0.623911 0.748163
vt 0.624123 0.750000
vt 0.624341 0.746241
vt 0.125000 0.004502
vt 0.375966 0.750000
vt 0.875000 0.004420
vt 0.875000 0.004533
vt 0.875000 0.079235
vt 0.875000 0.078916
vt 0.625000 0.745467
vt 0.624341 0.670427
vt 0.625000 0.670765
vt 0.624106 0.750000
vt 0.875000 0.004502
vt 0.369938 0.082044
vt 0.200052 0.082039
vt 0.200025 0.079578
vt 0.369943 0.084500
vt 0.200069 0.084509
vt 0.375932 0.084500
vt 0.375932 0.082061
vt 0.624067 0.082063
vt 0.624068 0.084500
vt 0.375000 0.084500
vt 0.375000 0.165500
vt 0.369943 0.165500
vt 0.375932 0.165500
vt 0.630057 0.084500
vt 0.630060 0.082044
vt 0.799950 0.082041
vt 0.799931 0.084509
vt 0.799982 0.079583
vt 0.625000 0.084500
vt 0.625000 0.165500
vt 0.624068 0.165500
vt 0.630057 0.165500
vt 0.194971 0.245495
vt 0.194971 0.250000
vt 0.194971 0.245498
vt 0.375000 0.430029
vt 0.375950 0.430029
vt 0.375949 0.430029
vt 0.195743 0.241073
vt 0.195744 0.168193
vt 0.200018 0.170417
vt 0.194971 0.171118
vt 0.376475 0.428235
vt 0.623550 0.428228
vt 0.624106 0.430029
vt 0.805029 0.245537
vt 0.804263 0.241130
vt 0.804256 0.168209
vt 0.805029 0.171118
vt 0.799975 0.170422
vt 0.625000 0.430029
vt 0.805029 0.250000
vt 0.805029 0.245498
vt 0.375659 0.584500
vt 0.375659 0.582073
vt 0.624341 0.582073
vt 0.624341 0.584500
vt 0.125000 0.165295
vt 0.125000 0.165399
vt 0.125000 0.084598
vt 0.125000 0.084473
vt 0.375000 0.584601
vt 0.375659 0.665500
vt 0.375000 0.665402
vt 0.125000 0.168007
vt 0.125000 0.168103
vt 0.125000 0.170887
vt 0.125000 0.165256
vt 0.875000 0.165295
vt 0.875000 0.168006
vt 0.875000 0.168152
vt 0.875000 0.165216
vt 0.875000 0.171077
vt 0.625000 0.584598
vt 0.625000 0.665399
vt 0.624341 0.665500
vt 0.875000 0.165402
vt 0.875000 0.084470
vt 0.875000 0.084601
vt 0.375471 0.822766
vt 0.375477 0.823396
vt 0.375000 0.826633
vt 0.375949 0.819971
vt 0.375950 0.819971
vt 0.194971 0.004463
vt 0.195734 0.008777
vt 0.195744 0.081784
vt 0.194971 0.078882
vt 0.375860 0.819971
vt 0.375000 0.819971
vt 0.375894 0.819971
vt 0.194971 0.000000
vt 0.194971 0.004502
vt 0.376110 0.819971
vt 0.623840 0.819971
vt 0.624021 0.819971
vt 0.624077 0.819971
vt 0.194971 0.165313
vt 0.195100 0.167688
vt 0.194957 0.168187
vt 0.194971 0.165216
vt 0.194971 0.171077
vt 0.200050 0.165495
vt 0.195744 0.164581
vt 0.195743 0.085231
vt 0.194971 0.084458
vt 0.200034 0.167956
vt 0.369943 0.167956
vt 0.624515 0.822525
vt 0.624509 0.822556
vt 0.624030 0.819971
vt 0.625000 0.825129
vt 0.805029 0.004505
vt 0.805029 0.000000
vt 0.805029 0.004502
vt 0.625000 0.819971
vt 0.624034 0.819971
vt 0.804262 0.008798
vt 0.804254 0.081798
vt 0.805029 0.078866
vt 0.805029 0.084459
vt 0.804899 0.082200
vt 0.805044 0.081704
vt 0.805029 0.084540
vt 0.805029 0.078923
vt 0.804258 0.085228
vt 0.804259 0.164582
vt 0.799950 0.165495
vt 0.805029 0.165315
vt 0.125775 0.000715
vt 0.125767 0.076420
vt 0.125000 0.078923
vt 0.129957 0.004331
vt 0.129987 0.078978
vt 0.375860 0.754957
vt 0.375399 0.751811
vt 0.624644 0.751778
vt 0.624158 0.754856
vt 0.133575 0.004331
vt 0.133576 0.000000
vt 0.160321 0.000000
vt 0.160298 0.004331
vt 0.375000 0.758576
vt 0.375859 0.758581
vt 0.375851 0.785349
vt 0.375000 0.785321
vt 0.190016 0.004331
vt 0.194196 0.000707
vt 0.194233 0.076656
vt 0.190061 0.079041
vt 0.194971 0.079113
vt 0.375357 0.818193
vt 0.624601 0.818160
vt 0.375842 0.815117
vt 0.624140 0.815016
vt 0.375860 0.434984
vt 0.375392 0.431820
vt 0.624645 0.431807
vt 0.624158 0.434883
vt 0.160349 0.245714
vt 0.160325 0.250000
vt 0.133579 0.250000
vt 0.133581 0.245674
vt 0.375000 0.464675
vt 0.375860 0.464702
vt 0.375860 0.491425
vt 0.375000 0.491421
vt 0.194200 0.249326
vt 0.194205 0.173579
vt 0.190117 0.245758
vt 0.189986 0.171022
vt 0.194971 0.166290
vt 0.194971 0.083579
vt 0.194971 0.084505
vt 0.194971 0.166667
vt 0.194971 0.083333
vt 0.160301 0.167550
vt 0.131372 0.167524
vt 0.160261 0.170991
vt 0.133531 0.170962
vt 0.375362 0.498208
vt 0.624606 0.498207
vt 0.375860 0.495043
vt 0.624140 0.495043
vt 0.129957 0.245669
vt 0.125788 0.249295
vt 0.125740 0.173351
vt 0.129912 0.170959
vt 0.125000 0.166667
vt 0.125000 0.166296
vt 0.125000 0.083578
vt 0.125001 0.083333
vt 0.125000 0.084540
vt 0.870043 0.004331
vt 0.874224 0.000710
vt 0.874261 0.076653
vt 0.870088 0.079041
vt 0.875000 0.079113
vt 0.624157 0.758480
vt 0.625000 0.758529
vt 0.625000 0.785273
vt 0.624149 0.785248
vt 0.866471 0.000000
vt 0.866425 0.004331
vt 0.839702 0.004331
vt 0.839727 0.000000
vt 0.805803 0.000708
vt 0.805795 0.076424
vt 0.809984 0.004331
vt 0.810014 0.078978
vt 0.809984 0.245669
vt 0.805804 0.249289
vt 0.805767 0.173344
vt 0.809939 0.170959
vt 0.805029 0.170887
vt 0.624149 0.464651
vt 0.625000 0.464705
vt 0.625000 0.491473
vt 0.624141 0.491419
vt 0.839705 0.250000
vt 0.839752 0.245713
vt 0.866520 0.245752
vt 0.866473 0.250000
vt 0.805029 0.083576
vt 0.805029 0.166296
vt 0.805029 0.165256
vt 0.805029 0.083333
vt 0.805029 0.166667
vt 0.839697 0.082450
vt 0.868628 0.082476
vt 0.839739 0.079009
vt 0.866469 0.079038
vt 0.874228 0.249319
vt 0.874233 0.173580
vt 0.870144 0.245758
vt 0.870013 0.171022
vt 0.875000 0.166291
vt 0.875000 0.083578
vt 0.875000 0.084503
vt 0.874999 0.166667
vt 0.875000 0.083333
vt 0.868585 0.167575
vt 0.839655 0.167549
vt 0.866394 0.171018
vt 0.839665 0.170990
vt 0.630057 0.167956
vt 0.799962 0.167958
vt 0.624068 0.167937
vt 0.375932 0.167938
vt 0.195099 0.082195
vt 0.194957 0.081759
vt 0.160335 0.079010
vt 0.160343 0.082452
vt 0.131411 0.082426
vt 0.133606 0.078982
vt 0.125000 0.081739
vt 0.125000 0.081892
vt 0.375659 0.667927
vt 0.624341 0.667927
vt 0.875000 0.081889
vt 0.875000 0.081790
vt 0.805043 0.168137
vt 0.804902 0.167692
vt 0.375000 0.826437
vt 0.375789 0.820969
vt 0.375805 0.820990
vt 0.375000 0.826570
vt 0.375942 0.819971
vt 0.375961 0.819971
vt 0.375000 0.831280
vt 0.375000 0.989797
vt 0.375000 0.993538
vt 0.376286 0.819971
vt 0.623711 0.819971
vt 0.624058 0.819971
vt 0.624211 0.820967
vt 0.624195 0.820988
vt 0.624039 0.819971
vt 0.625000 0.826437
vt 0.625000 0.826570
vt 0.625000 0.830181
vt 0.625000 0.988691
vt 0.625000 0.993538
vt 0.624211 0.999003
vt 0.624195 0.998982
vt 0.625000 0.993405
vt 0.624058 1.000000
vt 0.624039 1.000000
vt 0.623718 1.000000
vt 0.376284 1.000000
vt 0.375942 1.000000
vt 0.375789 0.999005
vt 0.375805 0.998984
vt 0.375961 1.000000
vt 0.375000 0.993405
vt 0.375734 0.826572
vt 0.375734 0.993403
vt 0.375961 0.826570
vt 0.375961 0.993405
vt 0.375962 0.822297
vt 0.624038 0.822297
vt 0.624039 0.826570
vt 0.624266 0.826572
vt 0.624266 0.993403
vt 0.624039 0.993405
vt 0.624038 0.997676
vt 0.375962 0.997676
vt 0.375000 0.083333
vt 0.625000 0.083333
vt 0.375000 0.583333
vt 0.875000 0.166667
vt 0.625000 0.583333
vt 0.129955 0.000000
vt 0.375000 0.754955
vt 0.190064 0.000000
vt 0.375000 0.815064
vt 0.375000 0.434932
vt 0.190068 0.250000
vt 0.192474 0.167578
vt 0.375000 0.495042
vt 0.129958 0.250000
vt 0.127455 0.167520
vt 0.870092 0.000000
vt 0.625000 0.754908
vt 0.809984 0.000000
vt 0.625000 0.815016
vt 0.809936 0.250000
vt 0.625000 0.434936
vt 0.807523 0.082422
vt 0.625000 0.495097
vt 0.870097 0.250000
vt 0.872501 0.167578
vt 0.625000 0.166667
vt 0.375000 0.166667
vt 0.192518 0.082480
vt 0.127494 0.082422
vt 0.125000 0.083333
vt 0.375000 0.666667
vt 0.625000 0.666667
vt 0.872545 0.082480
vt 0.807482 0.167520
vt 0.191481 0.166667
vt 0.191481 0.083333
vt 0.189231 0.167576
vt 0.186990 0.171019
vt 0.187117 0.245753
vt 0.187070 0.250000
vt 0.375860 0.437980
vt 0.375000 0.437930
vt 0.624157 0.437883
vt 0.625000 0.437937
vt 0.812985 0.245673
vt 0.812937 0.250000
vt 0.812936 0.170962
vt 0.810725 0.167523
vt 0.808519 0.166667
vt 0.808519 0.083333
vt 0.810766 0.082424
vt 0.813010 0.078981
vt 0.812980 0.004331
vt 0.812982 0.000000
vt 0.624141 0.812015
vt 0.625000 0.812018
vt 0.375843 0.812116
vt 0.375000 0.812066
vt 0.187020 0.004331
vt 0.187066 0.000000
vt 0.187065 0.079038
vt 0.189275 0.082477
s 1
usemtl aiStandardSurface3SG
f 238/1/1 213/2/1 264/3/1 239/4/1
f 213/2/1 214/5/1 263/6/1 264/3/1
f 214/7/2 215/8/2 262/9/2 263/10/2
f 215/8/2 216/11/2 261/12/2 262/9/2
f 172/13/3 153/14/3 192/15/3 173/16/3
f 153/14/3 154/17/3 191/18/3 192/15/3
f 154/19/1 155/20/1 190/21/1 191/22/1
f 155/20/1 156/23/1 189/24/1 190/21/1
f 12/25/2 11/26/2 29/27/2 28/28/2
f 11/26/2 10/29/2 30/30/2 29/27/2
f 10/31/3 9/32/3 31/33/3 30/34/3
f 9/32/3 8/35/3 32/36/3 31/33/3
f 230/37/4 231/38/4 246/39/4 247/40/4
f 231/38/4 232/41/4 245/42/4 246/39/4
f 232/43/1 233/44/1 244/45/1 245/46/1
f 233/44/1 234/47/1 243/48/1 244/45/1
f 20/49/3 19/50/3 45/51/3 44/52/3
f 19/50/3 18/53/3 46/54/3 45/51/3
f 18/55/4 17/56/4 47/57/4 46/58/4
f 17/56/4 16/59/4 48/60/4 47/57/4
f 217/61/2 218/62/2 259/63/2 260/64/2
f 218/62/2 219/65/2 258/66/2 259/63/2
f 219/67/5 220/68/5 257/69/5 258/70/5
f 220/68/5 221/71/5 256/72/5 257/69/5
f 167/73/5 168/74/5 177/75/5 178/76/5
f 168/74/5 169/77/5 176/78/5 177/75/5
f 169/79/3 170/80/3 175/81/3 176/82/3
f 170/80/3 171/83/3 174/84/3 175/81/3
f 225/85/5 226/86/5 251/87/5 252/88/5
f 226/86/5 227/89/5 250/90/5 251/87/5
f 227/91/4 228/92/4 249/93/4 250/94/4
f 228/92/4 229/95/4 248/96/4 249/93/4
f 52/97/2 51/98/2 77/99/2 76/100/2
f 51/98/2 50/101/2 78/102/2 77/99/2
f 50/103/6 49/104/6 79/105/6 78/106/6
f 49/104/6 60/107/6 80/108/6 79/105/6
f 162/109/6 163/110/6 182/111/6 183/112/6
f 163/110/6 164/113/6 181/114/6 182/111/6
f 164/115/5 165/116/5 180/117/5 181/118/5
f 165/116/5 166/119/5 179/120/5 180/117/5
f 64/121/6 63/122/6 93/123/6 92/124/6
f 63/122/6 62/125/6 94/126/6 93/123/6
f 62/127/4 61/128/4 95/129/4 94/130/4
f 61/128/4 72/131/4 96/132/4 95/129/4
f 157/133/1 158/134/1 187/135/1 188/136/1
f 158/134/1 159/137/1 186/138/1 187/135/1
f 159/139/6 160/140/6 185/141/6 186/142/6
f 160/140/6 161/143/6 184/144/6 185/141/6
f 171/83/3 172/13/3 173/16/3 174/84/3
f 253/145/5 254/146/5 223/147/5 224/148/5
f 161/143/6 162/109/6 183/112/6 184/144/6
f 235/149/1 236/150/1 241/151/1 242/152/1
f 229/95/4 230/37/4 247/40/4 248/96/4
f 260/64/2 261/12/2 216/11/2 217/61/2
f 11/26/2 12/25/2 1/153/2 97/154/2
f 97/154/2 1/153/2 2/155/2 98/156/2
f 98/157/1 2/158/1 3/159/1 99/160/1
f 3/159/1 4/161/1 5/162/1 99/160/1
f 99/160/1 5/162/1 6/163/1 100/164/1
f 100/165/3 6/166/3 7/167/3 101/168/3
f 7/167/3 8/35/3 9/32/3 101/168/3
f 101/168/3 9/32/3 10/31/3 102/169/3
f 102/170/2 10/29/2 11/26/2 97/154/2
f 102/170/2 97/154/2 98/156/2 103/171/2
f 98/157/1 99/160/1 100/164/1 103/172/1
f 100/165/3 101/168/3 102/169/3 103/173/3
f 23/174/1 24/175/1 13/176/1 104/177/1
f 104/177/1 13/176/1 14/178/1 105/179/1
f 105/180/4 14/181/4 15/182/4 106/183/4
f 15/182/4 16/59/4 17/56/4 106/183/4
f 106/183/4 17/56/4 18/55/4 107/184/4
f 107/185/3 18/53/3 19/50/3 108/186/3
f 19/50/3 20/49/3 21/187/3 108/186/3
f 108/186/3 21/187/3 22/188/3 109/189/3
f 109/190/1 22/191/1 23/174/1 104/177/1
f 109/190/1 104/177/1 105/179/1 110/192/1
f 105/180/4 106/183/4 107/184/4 110/193/4
f 107/185/3 108/186/3 109/189/3 110/194/3
f 35/195/5 36/196/5 25/197/5 111/198/5
f 111/198/5 25/197/5 26/199/5 112/200/5
f 112/201/2 26/202/2 27/203/2 113/204/2
f 27/203/2 28/28/2 29/27/2 113/204/2
f 113/204/2 29/27/2 30/30/2 114/205/2
f 114/206/3 30/34/3 31/33/3 115/207/3
f 31/33/3 32/36/3 33/208/3 115/207/3
f 115/207/3 33/208/3 34/209/3 116/210/3
f 116/211/5 34/212/5 35/195/5 111/198/5
f 116/211/5 111/198/5 112/200/5 117/213/5
f 112/201/2 113/204/2 114/205/2 117/214/2
f 114/206/3 115/207/3 116/210/3 117/215/3
f 47/57/4 48/60/4 37/216/4 118/217/4
f 118/217/4 37/216/4 38/218/4 119/219/4
f 119/220/5 38/221/5 39/222/5 120/223/5
f 39/222/5 40/224/5 41/225/5 120/223/5
f 120/223/5 41/225/5 42/226/5 121/227/5
f 121/228/3 42/229/3 43/230/3 122/231/3
f 43/230/3 44/52/3 45/51/3 122/231/3
f 122/231/3 45/51/3 46/54/3 123/232/3
f 123/233/4 46/58/4 47/57/4 118/217/4
f 123/233/4 118/217/4 119/219/4 124/234/4
f 119/220/5 120/223/5 121/227/5 124/235/5
f 121/228/3 122/231/3 123/232/3 124/236/3
f 59/237/6 60/107/6 49/104/6 125/238/6
f 125/238/6 49/104/6 50/103/6 126/239/6
f 126/240/2 50/101/2 51/98/2 127/241/2
f 51/98/2 52/97/2 53/242/2 127/241/2
f 127/241/2 53/242/2 54/243/2 128/244/2
f 128/245/5 54/246/5 55/247/5 129/248/5
f 55/247/5 56/249/5 57/250/5 129/248/5
f 129/248/5 57/250/5 58/251/5 130/252/5
f 130/253/6 58/254/6 59/237/6 125/238/6
f 130/253/6 125/238/6 126/239/6 131/255/6
f 126/240/2 127/241/2 128/244/2 131/256/2
f 128/245/5 129/248/5 130/252/5 131/257/5
f 71/258/4 72/131/4 61/128/4 132/259/4
f 132/259/4 61/128/4 62/127/4 133/260/4
f 133/261/6 62/125/6 63/122/6 134/262/6
f 63/122/6 64/121/6 65/263/6 134/262/6
f 134/262/6 65/263/6 66/264/6 135/265/6
f 135/266/5 66/267/5 67/268/5 136/269/5
f 67/268/5 68/270/5 69/271/5 136/269/5
f 136/269/5 69/271/5 70/272/5 137/273/5
f 137/274/4 70/275/4 71/258/4 132/259/4
f 137/274/4 132/259/4 133/260/4 138/276/4
f 133/261/6 134/262/6 135/265/6 138/277/6
f 135/266/5 136/269/5 137/273/5 138/278/5
f 83/279/1 84/280/1 73/281/1 139/282/1
f 139/282/1 73/281/1 74/283/1 140/284/1
f 140/285/2 74/286/2 75/287/2 141/288/2
f 75/287/2 76/100/2 77/99/2 141/288/2
f 141/288/2 77/99/2 78/102/2 142/289/2
f 142/290/6 78/106/6 79/105/6 143/291/6
f 79/105/6 80/108/6 81/292/6 143/291/6
f 143/291/6 81/292/6 82/293/6 144/294/6
f 144/295/1 82/296/1 83/279/1 139/282/1
f 144/295/1 139/282/1 140/284/1 145/297/1
f 140/285/2 141/288/2 142/289/2 145/298/2
f 142/290/6 143/291/6 144/294/6 145/299/6
f 95/129/4 96/132/4 85/300/4 146/301/4
f 146/301/4 85/300/4 86/302/4 147/303/4
f 147/304/1 86/305/1 87/306/1 148/307/1
f 87/306/1 88/308/1 89/309/1 148/307/1
f 148/307/1 89/309/1 90/310/1 149/311/1
f 149/312/6 90/313/6 91/314/6 150/315/6
f 91/314/6 92/124/6 93/123/6 150/315/6
f 150/315/6 93/123/6 94/126/6 151/316/6
f 151/317/4 94/130/4 95/129/4 146/301/4
f 151/317/4 146/301/4 147/303/4 152/318/4
f 147/304/1 148/307/1 149/311/1 152/319/1
f 149/312/6 150/315/6 151/316/6 152/320/6
f 193/321/3 194/322/3 154/17/3 153/14/3
f 194/323/1 195/324/1 155/20/1 154/19/1
f 195/324/1 196/325/1 156/23/1 155/20/1
f 236/150/1 237/326/1 240/327/1 241/151/1
f 197/328/1 198/329/1 158/134/1 157/133/1
f 198/329/1 199/330/1 159/137/1 158/134/1
f 199/331/6 200/332/6 160/140/6 159/139/6
f 200/332/6 201/333/6 161/143/6 160/140/6
f 201/333/6 202/334/6 162/109/6 161/143/6
f 202/334/6 203/335/6 163/110/6 162/109/6
f 203/335/6 204/336/6 164/113/6 163/110/6
f 204/337/5 205/338/5 165/116/5 164/115/5
f 205/338/5 206/339/5 166/119/5 165/116/5
f 254/146/5 255/340/5 222/341/5 223/147/5
f 207/342/5 208/343/5 168/74/5 167/73/5
f 208/343/5 209/344/5 169/77/5 168/74/5
f 209/345/3 210/346/3 170/80/3 169/79/3
f 210/346/3 211/347/3 171/83/3 170/80/3
f 211/347/3 212/348/3 172/13/3 171/83/3
f 212/348/3 193/321/3 153/14/3 172/13/3
f 174/84/3 173/16/3 20/49/3 44/52/3
f 175/81/3 174/84/3 44/52/3 43/230/3
f 176/82/3 175/81/3 43/230/3 42/229/3
f 177/75/5 176/78/5 42/226/5 41/225/5
f 178/76/5 177/75/5 41/225/5 40/224/5
f 252/88/5 253/145/5 224/148/5 225/85/5
f 180/117/5 179/120/5 68/270/5 67/268/5
f 181/118/5 180/117/5 67/268/5 66/267/5
f 182/111/6 181/114/6 66/264/6 65/263/6
f 183/112/6 182/111/6 65/263/6 64/121/6
f 184/144/6 183/112/6 64/121/6 92/124/6
f 185/141/6 184/144/6 92/124/6 91/314/6
f 186/142/6 185/141/6 91/314/6 90/313/6
f 187/135/1 186/138/1 90/310/1 89/309/1
f 188/136/1 187/135/1 89/309/1 88/308/1
f 234/47/1 235/149/1 242/152/1 243/48/1
f 190/21/1 189/24/1 24/175/1 23/174/1
f 191/22/1 190/21/1 23/174/1 22/191/1
f 192/15/3 191/18/3 22/188/3 21/187/3
f 173/16/3 192/15/3 21/187/3 20/49/3
f 7/167/3 6/166/3 194/322/3 193/321/3
f 6/163/1 5/162/1 195/324/1 194/323/1
f 5/162/1 4/161/1 196/325/1 195/324/1
f 239/4/1 240/327/1 237/326/1 238/1/1
f 84/280/1 83/279/1 198/329/1 197/328/1
f 83/279/1 82/296/1 199/330/1 198/329/1
f 82/293/6 81/292/6 200/332/6 199/331/6
f 81/292/6 80/108/6 201/333/6 200/332/6
f 60/107/6 202/334/6 201/333/6 80/108/6
f 60/107/6 59/237/6 203/335/6 202/334/6
f 59/237/6 58/254/6 204/336/6 203/335/6
f 58/251/5 57/250/5 205/338/5 204/337/5
f 57/250/5 56/249/5 206/339/5 205/338/5
f 221/71/5 222/341/5 255/340/5 256/72/5
f 36/196/5 35/195/5 208/343/5 207/342/5
f 35/195/5 34/212/5 209/344/5 208/343/5
f 34/209/3 33/208/3 210/346/3 209/345/3
f 33/208/3 32/36/3 211/347/3 210/346/3
f 8/35/3 212/348/3 211/347/3 32/36/3
f 8/35/3 7/167/3 193/321/3 212/348/3
f 3/159/1 2/158/1 214/5/1 213/2/1
f 1/153/2 12/25/2 216/11/2 215/8/2
f 217/61/2 216/11/2 12/25/2 28/28/2
f 28/28/2 27/203/2 218/62/2 217/61/2
f 27/203/2 26/202/2 219/65/2 218/62/2
f 26/199/5 25/197/5 220/68/5 219/67/5
f 25/197/5 36/196/5 221/71/5 220/68/5
f 36/196/5 207/342/5 222/341/5 221/71/5
f 223/147/5 222/341/5 207/342/5 167/73/5
f 224/148/5 223/147/5 167/73/5 178/76/5
f 225/85/5 224/148/5 178/76/5 40/224/5
f 40/224/5 39/222/5 226/86/5 225/85/5
f 39/222/5 38/221/5 227/89/5 226/86/5
f 38/218/4 37/216/4 228/92/4 227/91/4
f 37/216/4 48/60/4 229/95/4 228/92/4
f 16/59/4 230/37/4 229/95/4 48/60/4
f 16/59/4 15/182/4 231/38/4 230/37/4
f 15/182/4 14/181/4 232/41/4 231/38/4
f 14/178/1 13/176/1 233/44/1 232/43/1
f 13/176/1 24/175/1 234/47/1 233/44/1
f 189/24/1 235/149/1 234/47/1 24/175/1
f 156/23/1 236/150/1 235/149/1 189/24/1
f 196/325/1 237/326/1 236/150/1 156/23/1
f 238/1/1 237/326/1 196/325/1 4/161/1
f 4/161/1 3/159/1 213/2/1 238/1/1
f 84/280/1 197/328/1 240/327/1 239/4/1
f 241/151/1 240/327/1 197/328/1 157/133/1
f 242/152/1 241/151/1 157/133/1 188/136/1
f 243/48/1 242/152/1 188/136/1 88/308/1
f 244/45/1 243/48/1 88/308/1 87/306/1
f 245/46/1 244/45/1 87/306/1 86/305/1
f 246/39/4 245/42/4 86/302/4 85/300/4
f 247/40/4 246/39/4 85/300/4 96/132/4
f 248/96/4 247/40/4 96/132/4 72/131/4
f 249/93/4 248/96/4 72/131/4 71/258/4
f 250/94/4 249/93/4 71/258/4 70/275/4
f 251/87/5 250/90/5 70/272/5 69/271/5
f 252/88/5 251/87/5 69/271/5 68/270/5
f 179/120/5 253/145/5 252/88/5 68/270/5
f 166/119/5 254/146/5 253/145/5 179/120/5
f 206/339/5 255/340/5 254/146/5 166/119/5
f 256/72/5 255/340/5 206/339/5 56/249/5
f 257/69/5 256/72/5 56/249/5 55/247/5
f 258/70/5 257/69/5 55/247/5 54/246/5
f 259/63/2 258/66/2 54/243/2 53/242/2
f 260/64/2 259/63/2 53/242/2 52/97/2
f 76/100/2 261/12/2 260/64/2 52/97/2
f 263/10/2 262/9/2 75/287/2 74/286/2
f 264/3/1 263/6/1 74/283/1 73/281/1
f 239/4/1 264/3/1 73/281/1 84/280/1
f 502/349/5 503/350/5 528/351/5 477/352/5
f 477/352/5 528/351/5 527/353/5 478/354/5
f 478/355/2 527/356/2 526/357/2 479/358/2
f 479/358/2 526/357/2 525/359/2 480/360/2
f 436/361/3 437/362/3 456/363/3 417/364/3
f 417/364/3 456/363/3 455/365/3 418/366/3
f 418/137/5 455/367/5 454/368/5 419/134/5
f 419/134/5 454/368/5 453/369/5 420/133/5
f 276/370/2 292/371/2 293/372/2 275/373/2
f 275/373/2 293/372/2 294/374/2 274/375/2
f 274/376/3 294/377/3 295/378/3 273/379/3
f 273/379/3 295/378/3 296/380/3 272/381/3
f 494/382/4 511/383/4 510/384/4 495/385/4
f 495/385/4 510/384/4 509/386/4 496/387/4
f 496/388/5 509/389/5 508/390/5 497/391/5
f 497/391/5 508/390/5 507/392/5 498/393/5
f 284/394/3 308/395/3 309/396/3 283/397/3
f 283/397/3 309/396/3 310/398/3 282/399/3
f 282/400/4 310/401/4 311/402/4 281/403/4
f 281/403/4 311/402/4 312/404/4 280/405/4
f 481/406/2 524/407/2 523/408/2 482/409/2
f 482/409/2 523/408/2 522/410/2 483/411/2
f 483/412/1 522/413/1 521/414/1 484/415/1
f 484/415/1 521/414/1 520/416/1 485/417/1
f 431/418/1 442/120/1 441/117/1 432/419/1
f 432/419/1 441/117/1 440/118/1 433/420/1
f 433/421/3 440/422/3 439/423/3 434/424/3
f 434/424/3 439/423/3 438/425/3 435/426/3
f 489/427/1 516/428/1 515/429/1 490/430/1
f 490/430/1 515/429/1 514/431/1 491/432/1
f 491/433/4 514/434/4 513/435/4 492/436/4
f 492/436/4 513/435/4 512/437/4 493/438/4
f 316/439/2 340/440/2 341/441/2 315/442/2
f 315/442/2 341/441/2 342/443/2 314/444/2
f 314/445/6 342/446/6 343/447/6 313/448/6
f 313/448/6 343/447/6 344/449/6 324/450/6
f 426/451/6 447/452/6 446/453/6 427/454/6
f 427/454/6 446/453/6 445/455/6 428/456/6
f 428/457/1 445/78/1 444/75/1 429/458/1
f 429/458/1 444/75/1 443/76/1 430/459/1
f 328/460/6 356/461/6 357/462/6 327/463/6
f 327/463/6 357/462/6 358/464/6 326/465/6
f 326/466/4 358/467/4 359/468/4 325/469/4
f 325/469/4 359/468/4 360/470/4 336/471/4
f 421/472/5 452/473/5 451/474/5 422/20/5
f 422/20/5 451/474/5 450/475/5 423/19/5
f 423/476/6 450/477/6 449/478/6 424/479/6
f 424/479/6 449/478/6 448/480/6 425/481/6
f 435/426/3 438/425/3 437/362/3 436/361/3
f 517/482/1 488/483/1 487/484/1 518/485/1
f 425/481/6 448/480/6 447/452/6 426/451/6
f 499/486/5 506/487/5 505/488/5 500/489/5
f 493/438/4 512/437/4 511/383/4 494/382/4
f 524/407/2 481/406/2 480/360/2 525/359/2
f 275/373/2 361/490/2 265/491/2 276/370/2
f 361/490/2 362/492/2 266/493/2 265/491/2
f 362/284/5 363/282/5 267/281/5 266/283/5
f 267/281/5 363/282/5 269/494/5 268/495/5
f 363/282/5 364/295/5 270/496/5 269/494/5
f 364/497/3 365/498/3 271/499/3 270/500/3
f 271/499/3 365/498/3 273/379/3 272/381/3
f 365/498/3 366/501/3 274/376/3 273/379/3
f 366/502/2 361/490/2 275/373/2 274/375/2
f 366/502/2 367/503/2 362/492/2 361/490/2
f 362/284/5 367/297/5 364/295/5 363/282/5
f 364/497/3 367/504/3 366/501/3 365/498/3
f 287/309/5 368/307/5 277/306/5 288/308/5
f 368/307/5 369/505/5 278/506/5 277/306/5
f 369/507/4 370/508/4 279/509/4 278/510/4
f 279/509/4 370/508/4 281/403/4 280/405/4
f 370/508/4 371/511/4 282/400/4 281/403/4
f 371/512/3 372/513/3 283/397/3 282/399/3
f 283/397/3 372/513/3 285/514/3 284/394/3
f 372/513/3 373/515/3 286/516/3 285/514/3
f 373/311/5 368/307/5 287/309/5 286/310/5
f 373/311/5 374/517/5 369/505/5 368/307/5
f 369/507/4 374/518/4 371/511/4 370/508/4
f 371/512/3 374/519/3 373/515/3 372/513/3
f 299/250/1 375/248/1 289/247/1 300/249/1
f 375/248/1 376/245/1 290/246/1 289/247/1
f 376/520/2 377/521/2 291/522/2 290/523/2
f 291/522/2 377/521/2 293/372/2 292/371/2
f 377/521/2 378/524/2 294/374/2 293/372/2
f 378/525/3 379/526/3 295/378/3 294/377/3
f 295/378/3 379/526/3 297/527/3 296/380/3
f 379/526/3 380/528/3 298/529/3 297/527/3
f 380/252/1 375/248/1 299/250/1 298/251/1
f 380/252/1 381/257/1 376/245/1 375/248/1
f 376/520/2 381/530/2 378/524/2 377/521/2
f 378/525/3 381/531/3 380/528/3 379/526/3
f 311/402/4 382/532/4 301/533/4 312/404/4
f 382/532/4 383/534/4 302/535/4 301/533/4
f 383/273/1 384/536/1 303/537/1 302/272/1
f 303/537/1 384/536/1 305/268/1 304/270/1
f 384/536/1 385/538/1 306/267/1 305/268/1
f 385/539/3 386/540/3 307/541/3 306/542/3
f 307/541/3 386/540/3 309/396/3 308/395/3
f 386/540/3 387/543/3 310/398/3 309/396/3
f 387/544/4 382/532/4 311/402/4 310/401/4
f 387/544/4 388/545/4 383/534/4 382/532/4
f 383/273/1 388/278/1 385/538/1 384/536/1
f 385/539/3 388/546/3 387/543/3 386/540/3
f 323/547/6 389/548/6 313/448/6 324/450/6
f 389/548/6 390/549/6 314/445/6 313/448/6
f 390/550/2 391/551/2 315/442/2 314/444/2
f 315/442/2 391/551/2 317/552/2 316/439/2
f 391/551/2 392/553/2 318/554/2 317/552/2
f 392/200/1 393/198/1 319/197/1 318/199/1
f 319/197/1 393/198/1 321/195/1 320/196/1
f 393/198/1 394/211/1 322/212/1 321/195/1
f 394/555/6 389/548/6 323/547/6 322/556/6
f 394/555/6 395/557/6 390/549/6 389/548/6
f 390/550/2 395/558/2 392/553/2 391/551/2
f 392/200/1 395/213/1 394/211/1 393/198/1
f 335/559/4 396/560/4 325/469/4 336/471/4
f 396/560/4 397/561/4 326/466/4 325/469/4
f 397/562/6 398/563/6 327/463/6 326/465/6
f 327/463/6 398/563/6 329/564/6 328/460/6
f 398/563/6 399/565/6 330/566/6 329/564/6
f 399/567/1 400/568/1 331/225/1 330/226/1
f 331/225/1 400/568/1 333/569/1 332/224/1
f 400/568/1 401/220/1 334/221/1 333/569/1
f 401/570/4 396/560/4 335/559/4 334/571/4
f 401/570/4 402/572/4 397/561/4 396/560/4
f 397/562/6 402/573/6 399/565/6 398/563/6
f 399/567/1 402/235/1 401/220/1 400/568/1
f 347/574/5 403/160/5 337/575/5 348/576/5
f 403/160/5 404/157/5 338/577/5 337/575/5
f 404/578/2 405/579/2 339/580/2 338/581/2
f 339/580/2 405/579/2 341/441/2 340/440/2
f 405/579/2 406/582/2 342/443/2 341/441/2
f 406/583/6 407/584/6 343/447/6 342/446/6
f 343/447/6 407/584/6 345/585/6 344/449/6
f 407/584/6 408/586/6 346/587/6 345/585/6
f 408/164/5 403/160/5 347/574/5 346/588/5
f 404/578/2 409/589/2 406/582/2 405/579/2
f 406/583/6 409/590/6 408/586/6 407/584/6
f 359/468/4 410/591/4 349/592/4 360/470/4
f 410/591/4 411/593/4 350/594/4 349/592/4
f 411/595/5 412/177/5 351/596/5 350/597/5
f 351/596/5 412/177/5 353/174/5 352/598/5
f 412/177/5 413/190/5 354/191/5 353/174/5
f 413/599/6 414/600/6 355/601/6 354/602/6
f 355/601/6 414/600/6 357/462/6 356/461/6
f 414/600/6 415/603/6 358/464/6 357/462/6
f 415/604/4 410/591/4 359/468/4 358/467/4
f 415/604/4 416/605/4 411/593/4 410/591/4
f 411/595/5 416/606/5 413/190/5 412/177/5
f 413/599/6 416/607/6 415/603/6 414/600/6
f 457/608/3 417/364/3 418/366/3 458/609/3
f 458/330/5 418/137/5 419/134/5 459/329/5
f 459/329/5 419/134/5 420/133/5 460/328/5
f 500/489/5 505/488/5 504/610/5 501/611/5
f 461/612/5 421/472/5 422/20/5 462/324/5
f 462/324/5 422/20/5 423/19/5 463/323/5
f 463/613/6 423/476/6 424/479/6 464/614/6
f 464/614/6 424/479/6 425/481/6 465/615/6
f 465/615/6 425/481/6 426/451/6 466/616/6
f 466/616/6 426/451/6 427/454/6 467/617/6
f 467/617/6 427/454/6 428/456/6 468/618/6
f 468/344/1 428/457/1 429/458/1 469/343/1
f 469/343/1 429/458/1 430/459/1 470/342/1
f 518/485/1 487/484/1 486/619/1 519/620/1
f 471/339/1 431/418/1 432/419/1 472/338/1
f 472/338/1 432/419/1 433/420/1 473/337/1
f 473/621/3 433/421/3 434/424/3 474/622/3
f 474/622/3 434/424/3 435/426/3 475/623/3
f 475/623/3 435/426/3 436/361/3 476/624/3
f 476/624/3 436/361/3 417/364/3 457/608/3
f 438/425/3 308/395/3 284/394/3 437/362/3
f 439/423/3 307/541/3 308/395/3 438/425/3
f 440/422/3 306/542/3 307/541/3 439/423/3
f 441/117/1 305/268/1 306/267/1 440/118/1
f 442/120/1 304/270/1 305/268/1 441/117/1
f 516/428/1 489/427/1 488/483/1 517/482/1
f 444/75/1 331/225/1 332/224/1 443/76/1
f 445/78/1 330/226/1 331/225/1 444/75/1
f 446/453/6 329/564/6 330/566/6 445/455/6
f 447/452/6 328/460/6 329/564/6 446/453/6
f 448/480/6 356/461/6 328/460/6 447/452/6
f 449/478/6 355/601/6 356/461/6 448/480/6
f 450/477/6 354/602/6 355/601/6 449/478/6
f 451/474/5 353/174/5 354/191/5 450/475/5
f 452/473/5 352/598/5 353/174/5 451/474/5
f 498/393/5 507/392/5 506/487/5 499/486/5
f 454/368/5 287/309/5 288/308/5 453/369/5
f 455/367/5 286/310/5 287/309/5 454/368/5
f 456/363/3 285/514/3 286/516/3 455/365/3
f 437/362/3 284/394/3 285/514/3 456/363/3
f 271/499/3 457/608/3 458/609/3 270/500/3
f 270/496/5 458/330/5 459/329/5 269/494/5
f 269/494/5 459/329/5 460/328/5 268/495/5
f 503/350/5 502/349/5 501/611/5 504/610/5
f 348/576/5 461/612/5 462/324/5 347/574/5
f 347/574/5 462/324/5 463/323/5 346/588/5
f 346/587/6 463/613/6 464/614/6 345/585/6
f 345/585/6 464/614/6 465/615/6 344/449/6
f 324/450/6 344/449/6 465/615/6 466/616/6
f 324/450/6 466/616/6 467/617/6 323/547/6
f 323/547/6 467/617/6 468/618/6 322/556/6
f 322/212/1 468/344/1 469/343/1 321/195/1
f 321/195/1 469/343/1 470/342/1 320/196/1
f 485/417/1 520/416/1 519/620/1 486/619/1
f 300/249/1 471/339/1 472/338/1 299/250/1
f 299/250/1 472/338/1 473/337/1 298/251/1
f 298/529/3 473/621/3 474/622/3 297/527/3
f 297/527/3 474/622/3 475/623/3 296/380/3
f 272/381/3 296/380/3 475/623/3 476/624/3
f 272/381/3 476/624/3 457/608/3 271/499/3
f 267/281/5 477/352/5 478/354/5 266/283/5
f 266/493/2 478/355/2 479/358/2 265/491/2
f 265/491/2 479/358/2 480/360/2 276/370/2
f 481/406/2 292/371/2 276/370/2 480/360/2
f 292/371/2 481/406/2 482/409/2 291/522/2
f 291/522/2 482/409/2 483/411/2 290/523/2
f 290/246/1 483/412/1 484/415/1 289/247/1
f 289/247/1 484/415/1 485/417/1 300/249/1
f 300/249/1 485/417/1 486/619/1 471/339/1
f 487/484/1 431/418/1 471/339/1 486/619/1
f 488/483/1 442/120/1 431/418/1 487/484/1
f 489/427/1 304/270/1 442/120/1 488/483/1
f 304/270/1 489/427/1 490/430/1 303/537/1
f 303/537/1 490/430/1 491/432/1 302/272/1
f 302/535/4 491/433/4 492/436/4 301/533/4
f 301/533/4 492/436/4 493/438/4 312/404/4
f 280/405/4 312/404/4 493/438/4 494/382/4
f 280/405/4 494/382/4 495/385/4 279/509/4
f 279/509/4 495/385/4 496/387/4 278/510/4
f 278/506/5 496/388/5 497/391/5 277/306/5
f 277/306/5 497/391/5 498/393/5 288/308/5
f 453/369/5 288/308/5 498/393/5 499/486/5
f 420/133/5 453/369/5 499/486/5 500/489/5
f 460/328/5 420/133/5 500/489/5 501/611/5
f 502/349/5 268/495/5 460/328/5 501/611/5
f 268/495/5 502/349/5 477/352/5 267/281/5
f 348/576/5 503/350/5 504/610/5 461/612/5
f 505/488/5 421/472/5 461/612/5 504/610/5
f 506/487/5 452/473/5 421/472/5 505/488/5
f 507/392/5 352/598/5 452/473/5 506/487/5
f 508/390/5 351/596/5 352/598/5 507/392/5
f 509/389/5 350/597/5 351/596/5 508/390/5
f 510/384/4 349/592/4 350/594/4 509/386/4
f 511/383/4 360/470/4 349/592/4 510/384/4
f 512/437/4 336/471/4 360/470/4 511/383/4
f 513/435/4 335/559/4 336/471/4 512/437/4
f 514/434/4 334/571/4 335/559/4 513/435/4
f 515/429/1 333/569/1 334/221/1 514/431/1
f 516/428/1 332/224/1 333/569/1 515/429/1
f 443/76/1 332/224/1 516/428/1 517/482/1
f 430/459/1 443/76/1 517/482/1 518/485/1
f 470/342/1 430/459/1 518/485/1 519/620/1
f 520/416/1 320/196/1 470/342/1 519/620/1
f 521/414/1 319/197/1 320/196/1 520/416/1
f 522/413/1 318/199/1 319/197/1 521/414/1
f 523/408/2 317/552/2 318/554/2 522/410/2
f 524/407/2 316/439/2 317/552/2 523/408/2
f 340/440/2 316/439/2 524/407/2 525/359/2
f 526/357/2 339/580/2 340/440/2 525/359/2
f 527/356/2 338/581/2 339/580/2 526/357/2
f 528/351/5 337/575/5 338/577/5 527/353/5
f 503/350/5 348/576/5 337/575/5 528/351/5
f 765/1/1 740/2/1 791/3/1 766/4/1
f 740/2/1 741/5/1 790/6/1 791/3/1
f 741/625/2 742/626/2 789/627/2 790/628/2
f 742/626/2 743/629/2 788/630/2 789/627/2
f 699/631/3 680/632/3 719/633/3 700/634/3
f 680/632/3 681/635/3 718/636/3 719/633/3
f 681/19/1 682/20/1 717/21/1 718/22/1
f 682/20/1 683/23/1 716/24/1 717/21/1
f 540/637/2 539/638/2 557/639/2 556/640/2
f 539/638/2 538/641/2 558/642/2 557/639/2
f 538/643/3 537/644/3 559/645/3 558/646/3
f 537/644/3 536/647/3 560/648/3 559/645/3
f 757/649/4 758/650/4 773/651/4 774/652/4
f 758/650/4 759/653/4 772/654/4 773/651/4
f 759/43/1 760/44/1 771/45/1 772/46/1
f 760/44/1 761/47/1 770/48/1 771/45/1
f 548/655/3 547/656/3 573/657/3 572/658/3
f 547/656/3 546/659/3 574/660/3 573/657/3
f 546/661/4 545/662/4 575/663/4 574/664/4
f 545/662/4 544/665/4 576/666/4 575/663/4
f 744/667/2 745/668/2 786/669/2 787/670/2
f 745/668/2 746/671/2 785/672/2 786/669/2
f 746/67/7 747/68/8 784/69/8 785/70/7
f 747/68/8 748/71/5 783/72/5 784/69/8
f 694/73/5 695/74/5 704/75/5 705/76/5
f 695/74/5 696/77/5 703/78/5 704/75/5
f 696/673/3 697/674/3 702/675/3 703/676/3
f 697/674/3 698/677/3 701/678/3 702/675/3
f 752/85/9 753/86/8 778/87/8 779/88/9
f 753/86/8 754/89/9 777/90/9 778/87/8
f 754/679/4 755/680/4 776/681/4 777/682/4
f 755/680/4 756/683/4 775/684/4 776/681/4
f 579/685/2 578/686/2 605/687/2 604/688/2
f 578/689/6 577/690/6 606/691/6 605/692/6
f 577/690/6 587/693/6 607/694/6 606/691/6
f 689/695/6 690/696/6 709/697/6 710/698/6
f 690/696/6 691/699/6 708/700/6 709/697/6
f 691/115/5 692/116/5 707/117/5 708/118/5
f 692/116/5 693/119/5 706/120/5 707/117/5
f 591/701/6 590/702/6 620/703/6 619/704/6
f 590/702/6 589/705/6 621/706/6 620/703/6
f 589/707/4 588/708/4 622/709/4 621/710/4
f 588/708/4 599/711/4 623/712/4 622/709/4
f 684/133/1 685/134/1 714/135/1 715/136/1
f 685/134/1 686/137/1 713/138/1 714/135/1
f 686/713/6 687/714/6 712/715/6 713/716/6
f 687/714/6 688/717/6 711/718/6 712/715/6
f 698/677/3 699/631/3 700/634/3 701/678/3
f 780/145/5 781/146/5 750/147/5 751/148/5
f 688/717/6 689/695/6 710/698/6 711/718/6
f 762/149/1 763/150/1 768/151/1 769/152/1
f 756/683/4 757/649/4 774/652/4 775/684/4
f 787/670/2 788/630/2 743/629/2 744/667/2
f 539/638/2 540/637/2 529/719/2 624/720/2
f 624/720/2 529/719/2 530/721/2 625/722/2
f 625/157/1 530/158/1 531/159/1 626/160/1
f 531/159/1 532/161/1 533/162/1 626/160/1
f 626/160/1 533/162/1 534/163/1 627/164/1
f 627/723/3 534/724/3 535/725/3 628/726/3
f 535/725/3 536/647/3 537/644/3 628/726/3
f 628/726/3 537/644/3 538/643/3 629/727/3
f 629/728/2 538/641/2 539/638/2 624/720/2
f 629/728/2 624/720/2 625/722/2 630/729/2
f 625/157/1 626/160/1 627/164/1 630/172/1
f 627/723/3 628/726/3 629/727/3 630/730/3
f 551/174/1 552/175/1 541/176/1 631/177/1
f 631/177/1 541/176/1 542/178/1 632/179/1
f 632/731/4 542/732/4 543/733/4 633/734/4
f 543/733/4 544/665/4 545/662/4 633/734/4
f 633/734/4 545/662/4 546/661/4 634/735/4
f 634/736/3 546/659/3 547/656/3 635/737/3
f 547/656/3 548/655/3 549/738/3 635/737/3
f 635/737/3 549/738/3 550/739/3 636/740/3
f 636/190/1 550/191/1 551/174/1 631/177/1
f 636/190/1 631/177/1 632/179/1 637/192/1
f 632/731/4 633/734/4 634/735/4 637/741/4
f 634/736/3 635/737/3 636/740/3 637/742/3
f 563/195/5 564/196/5 553/197/9 638/198/8
f 638/198/8 553/197/9 554/199/7 639/200/7
f 639/743/2 554/744/2 555/745/2 640/746/2
f 555/745/2 556/640/2 557/639/2 640/746/2
f 640/746/2 557/639/2 558/642/2 641/747/2
f 641/748/3 558/646/3 559/645/3 642/749/3
f 559/645/3 560/648/3 561/750/3 642/749/3
f 642/749/3 561/750/3 562/751/3 643/752/3
f 643/211/8 562/212/5 563/195/5 638/198/8
f 643/211/8 638/198/8 639/200/7 644/213/7
f 639/743/2 640/746/2 641/747/2 644/753/2
f 641/748/3 642/749/3 643/752/3 644/754/3
f 575/663/4 576/666/4 565/755/4 645/756/4
f 645/756/4 565/755/4 566/757/4 646/758/4
f 646/220/7 566/221/8 567/222/9 647/223/8
f 567/222/9 568/224/5 569/225/5 647/223/8
f 647/223/8 569/225/5 570/226/5 648/227/8
f 648/759/3 570/760/3 571/761/3 649/762/3
f 571/761/3 572/658/3 573/657/3 649/762/3
f 649/762/3 573/657/3 574/660/3 650/763/3
f 650/764/4 574/664/4 575/663/4 645/756/4
f 650/764/4 645/756/4 646/758/4 651/765/4
f 646/220/7 647/223/8 648/227/8 651/235/7
f 648/759/3 649/762/3 650/763/3 651/766/3
f 586/767/6 587/693/6 577/690/6 652/768/6
f 652/768/6 577/690/6 578/689/6 653/769/6
f 653/770/2 578/686/2 579/685/2 654/771/2
f 654/771/2 580/772/2 581/773/2 655/774/2
f 655/245/7 581/246/7 582/247/9 656/248/8
f 582/247/9 583/249/5 584/250/5 656/248/8
f 656/248/8 584/250/5 585/251/5 657/252/8
f 657/775/6 585/776/6 586/767/6 652/768/6
f 657/775/6 652/768/6 653/769/6 658/777/6
f 653/770/2 654/771/2 655/774/2 658/778/2
f 655/245/7 656/248/8 657/252/8 658/257/7
f 598/779/4 599/711/4 588/708/4 659/780/4
f 659/780/4 588/708/4 589/707/4 660/781/4
f 660/782/6 589/705/6 590/702/6 661/783/6
f 590/702/6 591/701/6 592/784/6 661/783/6
f 661/783/6 592/784/6 593/785/6 662/786/6
f 662/266/8 593/267/5 594/268/5 663/269/8
f 594/268/5 595/270/5 596/271/9 663/269/8
f 663/269/8 596/271/9 597/272/8 664/273/7
f 664/787/4 597/788/4 598/779/4 659/780/4
f 664/787/4 659/780/4 660/781/4 665/789/4
f 660/782/6 661/783/6 662/786/6 665/790/6
f 662/266/8 663/269/8 664/273/7 665/278/7
f 610/279/1 611/280/1 600/281/1 666/282/1
f 666/282/1 600/281/1 601/283/1 667/284/1
f 667/791/2 601/792/2 602/793/2 668/794/2
f 602/793/2 603/795/2 604/688/2 668/794/2
f 668/794/2 604/688/2 605/687/2 669/796/2
f 669/797/6 605/692/6 606/691/6 670/798/6
f 606/691/6 607/694/6 608/799/6 670/798/6
f 670/798/6 608/799/6 609/800/6 671/801/6
f 671/295/1 609/296/1 610/279/1 666/282/1
f 671/295/1 666/282/1 667/284/1 672/297/1
f 667/791/2 668/794/2 669/796/2 672/802/2
f 669/797/6 670/798/6 671/801/6 672/803/6
f 622/709/4 623/712/4 612/804/4 673/805/4
f 673/805/4 612/804/4 613/806/4 674/807/4
f 674/304/1 613/305/1 614/306/1 675/307/1
f 614/306/1 615/308/1 616/309/1 675/307/1
f 675/307/1 616/309/1 617/310/1 676/311/1
f 676/808/6 617/809/6 618/810/6 677/811/6
f 618/810/6 619/704/6 620/703/6 677/811/6
f 677/811/6 620/703/6 621/706/6 678/812/6
f 678/813/4 621/710/4 622/709/4 673/805/4
f 678/813/4 673/805/4 674/807/4 679/814/4
f 674/304/1 675/307/1 676/311/1 679/319/1
f 676/808/6 677/811/6 678/812/6 679/815/6
f 720/816/3 721/817/3 681/635/3 680/632/3
f 721/323/1 722/324/1 682/20/1 681/19/1
f 722/324/1 723/325/1 683/23/1 682/20/1
f 763/150/1 764/326/1 767/327/1 768/151/1
f 724/328/1 725/329/1 685/134/1 684/133/1
f 725/329/1 726/330/1 686/137/1 685/134/1
f 726/818/6 727/819/6 687/714/6 686/713/6
f 727/819/6 728/820/6 688/717/6 687/714/6
f 728/820/6 729/821/6 689/695/6 688/717/6
f 729/821/6 730/822/6 690/696/6 689/695/6
f 730/822/6 731/823/6 691/699/6 690/696/6
f 731/337/5 732/338/5 692/116/5 691/115/5
f 732/338/5 733/339/5 693/119/5 692/116/5
f 781/146/5 782/340/5 749/341/5 750/147/5
f 734/342/5 735/343/5 695/74/5 694/73/5
f 735/343/5 736/344/5 696/77/5 695/74/5
f 736/824/3 737/825/3 697/674/3 696/673/3
f 737/825/3 738/826/3 698/677/3 697/674/3
f 738/826/3 739/827/3 699/631/3 698/677/3
f 739/827/3 720/816/3 680/632/3 699/631/3
f 701/678/3 700/634/3 548/655/3 572/658/3
f 702/675/3 701/678/3 572/658/3 571/761/3
f 703/676/3 702/675/3 571/761/3 570/760/3
f 704/75/5 703/78/5 570/226/5 569/225/5
f 705/76/5 704/75/5 569/225/5 568/224/5
f 779/88/9 780/145/5 751/148/5 752/85/9
f 707/117/5 706/120/5 595/270/5 594/268/5
f 708/118/5 707/117/5 594/268/5 593/267/5
f 709/697/6 708/700/6 593/785/6 592/784/6
f 710/698/6 709/697/6 592/784/6 591/701/6
f 711/718/6 710/698/6 591/701/6 619/704/6
f 712/715/6 711/718/6 619/704/6 618/810/6
f 713/716/6 712/715/6 618/810/6 617/809/6
f 714/135/1 713/138/1 617/310/1 616/309/1
f 715/136/1 714/135/1 616/309/1 615/308/1
f 761/47/1 762/149/1 769/152/1 770/48/1
f 717/21/1 716/24/1 552/175/1 551/174/1
f 718/22/1 717/21/1 551/174/1 550/191/1
f 719/633/3 718/636/3 550/739/3 549/738/3
f 700/634/3 719/633/3 549/738/3 548/655/3
f 535/725/3 534/724/3 721/817/3 720/816/3
f 534/163/1 533/162/1 722/324/1 721/323/1
f 533/162/1 532/161/1 723/325/1 722/324/1
f 766/4/1 767/327/1 764/326/1 765/1/1
f 611/280/1 610/279/1 725/329/1 724/328/1
f 610/279/1 609/296/1 726/330/1 725/329/1
f 609/800/6 608/799/6 727/819/6 726/818/6
f 608/799/6 607/694/6 728/820/6 727/819/6
f 587/693/6 729/821/6 728/820/6 607/694/6
f 587/693/6 586/767/6 730/822/6 729/821/6
f 586/767/6 585/776/6 731/823/6 730/822/6
f 585/251/5 584/250/5 732/338/5 731/337/5
f 584/250/5 583/249/5 733/339/5 732/338/5
f 748/71/5 749/341/5 782/340/5 783/72/5
f 564/196/5 563/195/5 735/343/5 734/342/5
f 563/195/5 562/212/5 736/344/5 735/343/5
f 562/751/3 561/750/3 737/825/3 736/824/3
f 561/750/3 560/648/3 738/826/3 737/825/3
f 536/647/3 739/827/3 738/826/3 560/648/3
f 536/647/3 535/725/3 720/816/3 739/827/3
f 531/159/1 530/158/1 741/5/1 740/2/1
f 530/721/2 529/719/2 742/626/2 741/625/2
f 529/719/2 540/637/2 743/629/2 742/626/2
f 744/667/2 743/629/2 540/637/2 556/640/2
f 556/640/2 555/745/2 745/668/2 744/667/2
f 555/745/2 554/744/2 746/671/2 745/668/2
f 554/199/7 553/197/9 747/68/8 746/67/7
f 553/197/9 564/196/5 748/71/5 747/68/8
f 564/196/5 734/342/5 749/341/5 748/71/5
f 750/147/5 749/341/5 734/342/5 694/73/5
f 751/148/5 750/147/5 694/73/5 705/76/5
f 752/85/9 751/148/5 705/76/5 568/224/5
f 568/224/5 567/222/9 753/86/8 752/85/9
f 567/222/9 566/221/8 754/89/9 753/86/8
f 566/757/4 565/755/4 755/680/4 754/679/4
f 565/755/4 576/666/4 756/683/4 755/680/4
f 544/665/4 757/649/4 756/683/4 576/666/4
f 544/665/4 543/733/4 758/650/4 757/649/4
f 543/733/4 542/732/4 759/653/4 758/650/4
f 542/178/1 541/176/1 760/44/1 759/43/1
f 541/176/1 552/175/1 761/47/1 760/44/1
f 716/24/1 762/149/1 761/47/1 552/175/1
f 683/23/1 763/150/1 762/149/1 716/24/1
f 723/325/1 764/326/1 763/150/1 683/23/1
f 765/1/1 764/326/1 723/325/1 532/161/1
f 532/161/1 531/159/1 740/2/1 765/1/1
f 611/280/1 724/328/1 767/327/1 766/4/1
f 768/151/1 767/327/1 724/328/1 684/133/1
f 769/152/1 768/151/1 684/133/1 715/136/1
f 770/48/1 769/152/1 715/136/1 615/308/1
f 771/45/1 770/48/1 615/308/1 614/306/1
f 772/46/1 771/45/1 614/306/1 613/305/1
f 773/651/4 772/654/4 613/806/4 612/804/4
f 774/652/4 773/651/4 612/804/4 623/712/4
f 775/684/4 774/652/4 623/712/4 599/711/4
f 776/681/4 775/684/4 599/711/4 598/779/4
f 777/682/4 776/681/4 598/779/4 597/788/4
f 778/87/8 777/90/9 597/272/8 596/271/9
f 779/88/9 778/87/8 596/271/9 595/270/5
f 706/120/5 780/145/5 779/88/9 595/270/5
f 693/119/5 781/146/5 780/145/5 706/120/5
f 733/339/5 782/340/5 781/146/5 693/119/5
f 783/72/5 782/340/5 733/339/5 583/249/5
f 784/69/8 783/72/5 583/249/5 582/247/9
f 785/70/7 784/69/8 582/247/9 581/246/7
f 789/627/2 788/630/2 603/795/2 602/793/2
f 790/628/2 789/627/2 602/793/2 601/792/2
f 791/3/1 790/6/1 601/283/1 600/281/1
f 766/4/1 791/3/1 600/281/1 611/280/1
f 1029/828/2 1004/829/2 1055/830/2 1030/831/2
f 1004/829/2 1005/832/2 1054/833/2 1055/830/2
f 1005/834/5 1006/835/5 1053/836/5 1054/837/5
f 1006/835/5 1007/838/5 1052/839/5 1053/836/5
f 963/840/3 944/841/3 983/842/3 964/843/3
f 944/841/3 945/844/3 982/845/3 983/842/3
f 945/846/2 946/847/2 981/848/2 982/849/2
f 946/847/2 947/850/2 980/851/2 981/848/2
f 803/852/5 802/853/5 820/854/5 819/855/5
f 802/853/5 801/856/5 821/857/5 820/854/5
f 801/856/3 800/858/3 822/859/3 821/857/3
f 800/858/3 799/860/3 823/861/3 822/859/3
f 1021/862/1 1022/863/1 1037/864/1 1038/865/1
f 1022/863/1 1023/866/1 1036/867/1 1037/864/1
f 1023/868/2 1024/869/2 1035/870/2 1036/871/2
f 1024/869/2 1025/872/2 1034/873/2 1035/870/2
f 811/874/3 810/875/3 836/876/3 835/877/3
f 810/875/3 809/878/3 837/879/3 836/876/3
f 809/878/1 808/880/1 838/881/1 837/879/1
f 808/880/1 807/882/1 839/883/1 838/881/1
f 1008/884/5 1009/885/5 1050/886/5 1051/887/5
f 1009/885/5 1010/888/5 1049/889/5 1050/886/5
f 1010/890/4 1011/891/4 1048/892/4 1049/893/4
f 1011/891/4 1012/894/4 1047/895/4 1048/892/4
f 958/896/4 959/897/4 968/898/4 969/899/4
f 959/897/4 960/900/4 967/901/4 968/898/4
f 960/900/3 961/902/3 966/903/3 967/901/3
f 961/902/3 962/904/3 965/905/3 966/903/3
f 1016/906/4 1017/907/4 1042/908/4 1043/909/4
f 1017/907/4 1018/910/4 1041/911/4 1042/908/4
f 1018/912/1 1019/913/1 1040/914/1 1041/915/1
f 1019/913/1 1020/916/1 1039/917/1 1040/914/1
f 843/918/5 842/919/5 868/920/5 867/921/5
f 842/919/5 841/922/5 869/923/5 868/920/5
f 841/924/6 840/925/6 870/926/6 869/927/6
f 840/925/6 851/928/6 871/929/6 870/926/6
f 953/930/6 954/931/6 973/932/6 974/933/6
f 954/931/6 955/934/6 972/935/6 973/932/6
f 955/934/4 956/936/4 971/937/4 972/935/4
f 956/936/4 957/938/4 970/939/4 971/937/4
f 855/940/6 854/941/6 884/942/6 883/943/6
f 854/941/6 853/944/6 885/945/6 884/942/6
f 853/946/1 852/947/1 886/948/1 885/949/1
f 852/947/1 863/950/1 887/951/1 886/948/1
f 948/952/2 949/953/2 978/954/2 979/955/2
f 949/953/2 950/956/2 977/957/2 978/954/2
f 950/956/6 951/958/6 976/959/6 977/957/6
f 951/958/6 952/960/6 975/961/6 976/959/6
f 962/904/3 963/840/3 964/843/3 965/905/3
f 1044/962/4 1045/963/4 1014/964/4 1015/965/4
f 952/960/6 953/930/6 974/933/6 975/961/6
f 1026/966/2 1027/967/2 1032/968/2 1033/969/2
f 1020/916/1 1021/862/1 1038/865/1 1039/917/1
f 1051/887/5 1052/839/5 1007/838/5 1008/884/5
f 802/853/5 803/852/5 792/970/5 888/971/5
f 888/971/5 792/970/5 793/972/5 889/973/5
f 889/974/2 793/975/2 794/976/2 890/977/2
f 794/976/2 795/978/2 796/979/2 890/977/2
f 890/977/2 796/979/2 797/980/2 891/981/2
f 891/982/3 797/983/3 798/984/3 892/985/3
f 798/984/3 799/860/3 800/858/3 892/985/3
f 892/985/3 800/858/3 801/856/3 893/986/3
f 893/986/5 801/856/5 802/853/5 888/971/5
f 893/986/5 888/971/5 889/973/5 894/987/5
f 889/974/2 890/977/2 891/981/2 894/988/2
f 891/982/3 892/985/3 893/986/3 894/987/3
f 814/989/2 815/990/2 804/991/2 895/992/2
f 895/992/2 804/991/2 805/993/2 896/994/2
f 896/995/1 805/996/1 806/997/1 897/998/1
f 806/997/1 807/882/1 808/880/1 897/998/1
f 897/998/1 808/880/1 809/878/1 898/999/1
f 898/999/3 809/878/3 810/875/3 899/1000/3
f 810/875/3 811/874/3 812/1001/3 899/1000/3
f 899/1000/3 812/1001/3 813/1002/3 900/1003/3
f 900/1004/2 813/1005/2 814/989/2 895/992/2
f 900/1004/2 895/992/2 896/994/2 901/1006/2
f 896/995/1 897/998/1 898/999/1 901/1007/1
f 898/999/3 899/1000/3 900/1003/3 901/1007/3
f 826/1008/4 827/1009/4 816/1010/4 902/1011/4
f 902/1011/4 816/1010/4 817/1012/4 903/1013/4
f 903/1014/5 817/1015/5 818/1016/5 904/1017/5
f 818/1016/5 819/855/5 820/854/5 904/1017/5
f 904/1017/5 820/854/5 821/857/5 905/1018/5
f 905/1018/3 821/857/3 822/859/3 906/1019/3
f 822/859/3 823/861/3 824/1020/3 906/1019/3
f 906/1019/3 824/1020/3 825/1021/3 907/1022/3
f 907/1022/4 825/1021/4 826/1008/4 902/1011/4
f 907/1022/4 902/1011/4 903/1013/4 908/1023/4
f 903/1014/5 904/1017/5 905/1018/5 908/1023/5
f 905/1018/3 906/1019/3 907/1022/3 908/1023/3
f 838/881/1 839/883/1 828/1024/1 909/1025/1
f 909/1025/1 828/1024/1 829/1026/1 910/1027/1
f 910/1028/4 829/1029/4 830/1030/4 911/1031/4
f 830/1030/4 831/1032/4 832/1033/4 911/1031/4
f 911/1031/4 832/1033/4 833/1034/4 912/1035/4
f 912/1035/3 833/1034/3 834/1036/3 913/1037/3
f 834/1036/3 835/877/3 836/876/3 913/1037/3
f 913/1037/3 836/876/3 837/879/3 914/1038/3
f 914/1038/1 837/879/1 838/881/1 909/1025/1
f 914/1038/1 909/1025/1 910/1027/1 915/1039/1
f 910/1028/4 911/1031/4 912/1035/4 915/1039/4
f 912/1035/3 913/1037/3 914/1038/3 915/1039/3
f 850/1040/6 851/928/6 840/925/6 916/1041/6
f 916/1041/6 840/925/6 841/924/6 917/1042/6
f 917/1043/5 841/922/5 842/919/5 918/1044/5
f 842/919/5 843/918/5 844/1045/5 918/1044/5
f 918/1044/5 844/1045/5 845/1046/5 919/1047/5
f 919/1048/4 845/1049/4 846/1050/4 920/1051/4
f 846/1050/4 847/1052/4 848/1053/4 920/1051/4
f 920/1051/4 848/1053/4 849/1054/4 921/1055/4
f 921/1055/6 849/1054/6 850/1040/6 916/1041/6
f 921/1055/6 916/1041/6 917/1042/6 922/1056/6
f 917/1043/5 918/1044/5 919/1047/5 922/1057/5
f 919/1048/4 920/1051/4 921/1055/4 922/1056/4
f 862/1058/1 863/950/1 852/947/1 923/1059/1
f 923/1059/1 852/947/1 853/946/1 924/1060/1
f 924/1061/6 853/944/6 854/941/6 925/1062/6
f 854/941/6 855/940/6 856/1063/6 925/1062/6
f 925/1062/6 856/1063/6 857/1064/6 926/1065/6
f 926/1065/4 857/1064/4 858/1066/4 927/1067/4
f 858/1066/4 859/1068/4 860/1069/4 927/1067/4
f 927/1067/4 860/1069/4 861/1070/4 928/1071/4
f 928/1072/1 861/1073/1 862/1058/1 923/1059/1
f 928/1072/1 923/1059/1 924/1060/1 929/1074/1
f 924/1061/6 925/1062/6 926/1065/6 929/1075/6
f 926/1065/4 927/1067/4 928/1071/4 929/1075/4
f 874/1076/2 875/1077/2 864/1078/2 930/1079/2
f 930/1079/2 864/1078/2 865/1080/2 931/1081/2
f 931/1082/5 865/1083/5 866/1084/5 932/1085/5
f 866/1084/5 867/921/5 868/920/5 932/1085/5
f 932/1085/5 868/920/5 869/923/5 933/1086/5
f 933/1087/6 869/927/6 870/926/6 934/1088/6
f 870/926/6 871/929/6 872/1089/6 934/1088/6
f 934/1088/6 872/1089/6 873/1090/6 935/1091/6
f 935/1091/2 873/1090/2 874/1076/2 930/1079/2
f 935/1091/2 930/1079/2 931/1081/2 936/1092/2
f 931/1082/5 932/1085/5 933/1086/5 936/1093/5
f 933/1087/6 934/1088/6 935/1091/6 936/1092/6
f 886/948/1 887/951/1 876/1094/1 937/1095/1
f 937/1095/1 876/1094/1 877/1096/1 938/1097/1
f 938/1098/2 877/1099/2 878/1100/2 939/1101/2
f 878/1100/2 879/1102/2 880/1103/2 939/1101/2
f 939/1101/2 880/1103/2 881/1104/2 940/1105/2
f 940/1105/6 881/1104/6 882/1106/6 941/1107/6
f 882/1106/6 883/943/6 884/942/6 941/1107/6
f 941/1107/6 884/942/6 885/945/6 942/1108/6
f 942/1109/1 885/949/1 886/948/1 937/1095/1
f 942/1109/1 937/1095/1 938/1097/1 943/1110/1
f 938/1098/2 939/1101/2 940/1105/2 943/1111/2
f 940/1105/6 941/1107/6 942/1108/6 943/1111/6
f 984/1112/3 985/1113/3 945/844/3 944/841/3
f 985/1114/2 986/1115/2 946/847/2 945/846/2
f 986/1115/2 987/1116/2 947/850/2 946/847/2
f 1027/967/2 1028/1117/2 1031/1118/2 1032/968/2
f 988/1119/2 989/1120/2 949/953/2 948/952/2
f 989/1120/2 990/1121/2 950/956/2 949/953/2
f 990/1121/6 991/1122/6 951/958/6 950/956/6
f 991/1122/6 992/1123/6 952/960/6 951/958/6
f 992/1123/6 993/1124/6 953/930/6 952/960/6
f 993/1124/6 994/1125/6 954/931/6 953/930/6
f 994/1125/6 995/1126/6 955/934/6 954/931/6
f 995/1126/4 996/1127/4 956/936/4 955/934/4
f 996/1127/4 997/1128/4 957/938/4 956/936/4
f 1045/963/4 1046/1129/4 1013/1130/4 1014/964/4
f 998/1131/4 999/1132/4 959/897/4 958/896/4
f 999/1132/4 1000/1133/4 960/900/4 959/897/4
f 1000/1133/3 1001/1134/3 961/902/3 960/900/3
f 1001/1134/3 1002/1135/3 962/904/3 961/902/3
f 1002/1135/3 1003/1136/3 963/840/3 962/904/3
f 1003/1136/3 984/1112/3 944/841/3 963/840/3
f 965/905/3 964/843/3 811/874/3 835/877/3
f 966/903/3 965/905/3 835/877/3 834/1036/3
f 967/901/3 966/903/3 834/1036/3 833/1034/3
f 968/898/4 967/901/4 833/1034/4 832/1033/4
f 969/899/4 968/898/4 832/1033/4 831/1032/4
f 1043/909/4 1044/962/4 1015/965/4 1016/906/4
f 971/937/4 970/939/4 859/1068/4 858/1066/4
f 972/935/4 971/937/4 858/1066/4 857/1064/4
f 973/932/6 972/935/6 857/1064/6 856/1063/6
f 974/933/6 973/932/6 856/1063/6 855/940/6
f 975/961/6 974/933/6 855/940/6 883/943/6
f 976/959/6 975/961/6 883/943/6 882/1106/6
f 977/957/6 976/959/6 882/1106/6 881/1104/6
f 978/954/2 977/957/2 881/1104/2 880/1103/2
f 979/955/2 978/954/2 880/1103/2 879/1102/2
f 1025/872/2 1026/966/2 1033/969/2 1034/873/2
f 981/848/2 980/851/2 815/990/2 814/989/2
f 982/849/2 981/848/2 814/989/2 813/1005/2
f 983/842/3 982/845/3 813/1002/3 812/1001/3
f 964/843/3 983/842/3 812/1001/3 811/874/3
f 798/984/3 797/983/3 985/1113/3 984/1112/3
f 797/980/2 796/979/2 986/1115/2 985/1114/2
f 796/979/2 795/978/2 987/1116/2 986/1115/2
f 1030/831/2 1031/1118/2 1028/1117/2 1029/828/2
f 875/1077/2 874/1076/2 989/1120/2 988/1119/2
f 874/1076/2 873/1090/2 990/1121/2 989/1120/2
f 873/1090/6 872/1089/6 991/1122/6 990/1121/6
f 872/1089/6 871/929/6 992/1123/6 991/1122/6
f 851/928/6 993/1124/6 992/1123/6 871/929/6
f 851/928/6 850/1040/6 994/1125/6 993/1124/6
f 850/1040/6 849/1054/6 995/1126/6 994/1125/6
f 849/1054/4 848/1053/4 996/1127/4 995/1126/4
f 848/1053/4 847/1052/4 997/1128/4 996/1127/4
f 1012/894/4 1013/1130/4 1046/1129/4 1047/895/4
f 827/1009/4 826/1008/4 999/1132/4 998/1131/4
f 826/1008/4 825/1021/4 1000/1133/4 999/1132/4
f 825/1021/3 824/1020/3 1001/1134/3 1000/1133/3
f 824/1020/3 823/861/3 1002/1135/3 1001/1134/3
f 799/860/3 1003/1136/3 1002/1135/3 823/861/3
f 799/860/3 798/984/3 984/1112/3 1003/1136/3
f 794/976/2 793/975/2 1005/832/2 1004/829/2
f 793/972/5 792/970/5 1006/835/5 1005/834/5
f 792/970/5 803/852/5 1007/838/5 1006/835/5
f 1008/884/5 1007/838/5 803/852/5 819/855/5
f 819/855/5 818/1016/5 1009/885/5 1008/884/5
f 818/1016/5 817/1015/5 1010/888/5 1009/885/5
f 817/1012/4 816/1010/4 1011/891/4 1010/890/4
f 816/1010/4 827/1009/4 1012/894/4 1011/891/4
f 827/1009/4 998/1131/4 1013/1130/4 1012/894/4
f 1014/964/4 1013/1130/4 998/1131/4 958/896/4
f 1015/965/4 1014/964/4 958/896/4 969/899/4
f 1016/906/4 1015/965/4 969/899/4 831/1032/4
f 831/1032/4 830/1030/4 1017/907/4 1016/906/4
f 830/1030/4 829/1029/4 1018/910/4 1017/907/4
f 829/1026/1 828/1024/1 1019/913/1 1018/912/1
f 828/1024/1 839/883/1 1020/916/1 1019/913/1
f 807/882/1 1021/862/1 1020/916/1 839/883/1
f 807/882/1 806/997/1 1022/863/1 1021/862/1
f 806/997/1 805/996/1 1023/866/1 1022/863/1
f 805/993/2 804/991/2 1024/869/2 1023/868/2
f 804/991/2 815/990/2 1025/872/2 1024/869/2
f 980/851/2 1026/966/2 1025/872/2 815/990/2
f 947/850/2 1027/967/2 1026/966/2 980/851/2
f 987/1116/2 1028/1117/2 1027/967/2 947/850/2
f 1029/828/2 1028/1117/2 987/1116/2 795/978/2
f 795/978/2 794/976/2 1004/829/2 1029/828/2
f 875/1077/2 988/1119/2 1031/1118/2 1030/831/2
f 1032/968/2 1031/1118/2 988/1119/2 948/952/2
f 1033/969/2 1032/968/2 948/952/2 979/955/2
f 1034/873/2 1033/969/2 979/955/2 879/1102/2
f 1035/870/2 1034/873/2 879/1102/2 878/1100/2
f 1036/871/2 1035/870/2 878/1100/2 877/1099/2
f 1037/864/1 1036/867/1 877/1096/1 876/1094/1
f 1038/865/1 1037/864/1 876/1094/1 887/951/1
f 1039/917/1 1038/865/1 887/951/1 863/950/1
f 1040/914/1 1039/917/1 863/950/1 862/1058/1
f 1041/915/1 1040/914/1 862/1058/1 861/1073/1
f 1042/908/4 1041/911/4 861/1070/4 860/1069/4
f 1043/909/4 1042/908/4 860/1069/4 859/1068/4
f 970/939/4 1044/962/4 1043/909/4 859/1068/4
f 957/938/4 1045/963/4 1044/962/4 970/939/4
f 997/1128/4 1046/1129/4 1045/963/4 957/938/4
f 1047/895/4 1046/1129/4 997/1128/4 847/1052/4
f 1048/892/4 1047/895/4 847/1052/4 846/1050/4
f 1049/893/4 1048/892/4 846/1050/4 845/1049/4
f 1050/886/5 1049/889/5 845/1046/5 844/1045/5
f 1051/887/5 1050/886/5 844/1045/5 843/918/5
f 867/921/5 1052/839/5 1051/887/5 843/918/5
f 1053/836/5 1052/839/5 867/921/5 866/1084/5
f 1054/837/5 1053/836/5 866/1084/5 865/1083/5
f 1055/830/2 1054/833/2 865/1080/2 864/1078/2
f 1030/831/2 1055/830/2 864/1078/2 875/1077/2
f 1351/1077/3 1271/978/3 1270/976/3 1340/1078/3
f 1270/976/3 1269/975/3 1341/1080/3 1340/1078/3
f 1269/972/5 1268/970/5 1342/1084/5 1341/1083/5
f 1268/970/5 1279/852/5 1343/921/5 1342/1084/5
f 1439/840/4 1420/841/4 1459/842/4 1440/843/4
f 1420/841/4 1421/844/4 1458/845/4 1459/842/4
f 1421/846/3 1422/847/3 1457/848/3 1458/849/3
f 1422/847/3 1423/850/3 1456/851/3 1457/848/3
f 1279/852/5 1278/853/5 1296/854/5 1295/855/5
f 1278/853/5 1277/856/5 1297/857/5 1296/854/5
f 1277/856/4 1276/858/4 1298/859/4 1297/857/4
f 1276/858/4 1275/860/4 1299/861/4 1298/859/4
f 1283/882/1 1282/997/1 1352/1094/1 1363/951/1
f 1282/997/1 1281/996/1 1353/1096/1 1352/1094/1
f 1281/993/3 1280/991/3 1354/1100/3 1353/1099/3
f 1280/991/3 1291/990/3 1355/1102/3 1354/1100/3
f 1287/874/4 1286/875/4 1312/876/4 1311/877/4
f 1286/875/4 1285/878/4 1313/879/4 1312/876/4
f 1285/878/1 1284/880/1 1314/881/1 1313/879/1
f 1284/880/1 1283/882/1 1315/883/1 1314/881/1
f 1295/855/5 1294/1016/5 1320/1045/5 1319/918/5
f 1294/1016/5 1293/1015/5 1321/1046/5 1320/1045/5
f 1293/1012/6 1292/1010/6 1322/1050/6 1321/1049/6
f 1292/1010/6 1303/1009/6 1323/1052/6 1322/1050/6
f 1434/896/6 1435/897/6 1444/898/6 1445/899/6
f 1435/897/6 1436/900/6 1443/901/6 1444/898/6
f 1436/900/4 1437/902/4 1442/903/4 1443/901/4
f 1437/902/4 1438/904/4 1441/905/4 1442/903/4
f 1307/1032/6 1306/1030/6 1336/1069/6 1335/1068/6
f 1306/1030/6 1305/1029/6 1337/1070/6 1336/1069/6
f 1305/1026/1 1304/1024/1 1338/1058/1 1337/1073/1
f 1304/1024/1 1315/883/1 1339/950/1 1338/1058/1
f 1319/918/5 1318/919/5 1344/920/5 1343/921/5
f 1318/919/5 1317/922/5 1345/923/5 1344/920/5
f 1317/924/2 1316/925/2 1346/926/2 1345/927/2
f 1316/925/2 1327/928/2 1347/929/2 1346/926/2
f 1429/930/2 1430/931/2 1449/932/2 1450/933/2
f 1430/931/2 1431/934/2 1448/935/2 1449/932/2
f 1431/934/6 1432/936/6 1447/937/6 1448/935/6
f 1432/936/6 1433/938/6 1446/939/6 1447/937/6
f 1331/940/2 1330/941/2 1360/942/2 1359/943/2
f 1330/941/2 1329/944/2 1361/945/2 1360/942/2
f 1329/946/1 1328/947/1 1362/948/1 1361/949/1
f 1328/947/1 1339/950/1 1363/951/1 1362/948/1
f 1424/952/3 1425/953/3 1454/954/3 1455/955/3
f 1425/953/3 1426/956/3 1453/957/3 1454/954/3
f 1426/956/2 1427/958/2 1452/959/2 1453/957/2
f 1427/958/2 1428/960/2 1451/961/2 1452/959/2
f 1438/904/4 1439/840/4 1440/843/4 1441/905/4
f 1434/896/6 1445/899/6 1446/939/6 1433/938/6
f 1428/960/2 1429/930/2 1450/933/2 1451/961/2
f 1456/851/3 1423/850/3 1424/952/3 1455/955/3
f 1315/883/1 1283/882/1 1363/951/1 1339/950/1
f 1279/852/5 1295/855/5 1319/918/5 1343/921/5
f 1278/853/5 1279/852/5 1268/970/5 1364/971/5
f 1364/971/5 1268/970/5 1269/972/5 1365/973/5
f 1365/974/3 1269/975/3 1270/976/3 1366/977/3
f 1270/976/3 1271/978/3 1272/979/3 1366/977/3
f 1366/977/3 1272/979/3 1273/980/3 1367/981/3
f 1367/982/4 1273/983/4 1274/984/4 1368/985/4
f 1274/984/4 1275/860/4 1276/858/4 1368/985/4
f 1368/985/4 1276/858/4 1277/856/4 1369/986/4
f 1369/986/5 1277/856/5 1278/853/5 1364/971/5
f 1369/986/5 1364/971/5 1365/973/5 1370/987/5
f 1365/974/3 1366/977/3 1367/981/3 1370/988/3
f 1367/982/4 1368/985/4 1369/986/4 1370/987/4
f 1290/989/3 1291/990/3 1280/991/3 1371/992/3
f 1371/992/3 1280/991/3 1281/993/3 1372/994/3
f 1372/995/1 1281/996/1 1282/997/1 1373/998/1
f 1282/997/1 1283/882/1 1284/880/1 1373/998/1
f 1373/998/1 1284/880/1 1285/878/1 1374/999/1
f 1374/999/4 1285/878/4 1286/875/4 1375/1000/4
f 1286/875/4 1287/874/4 1288/1001/4 1375/1000/4
f 1375/1000/4 1288/1001/4 1289/1002/4 1376/1003/4
f 1376/1004/3 1289/1005/3 1290/989/3 1371/992/3
f 1376/1004/3 1371/992/3 1372/994/3 1377/1006/3
f 1372/995/1 1373/998/1 1374/999/1 1377/1007/1
f 1374/999/4 1375/1000/4 1376/1003/4 1377/1007/4
f 1302/1008/6 1303/1009/6 1292/1010/6 1378/1011/6
f 1378/1011/6 1292/1010/6 1293/1012/6 1379/1013/6
f 1379/1014/5 1293/1015/5 1294/1016/5 1380/1017/5
f 1294/1016/5 1295/855/5 1296/854/5 1380/1017/5
f 1380/1017/5 1296/854/5 1297/857/5 1381/1018/5
f 1381/1018/4 1297/857/4 1298/859/4 1382/1019/4
f 1298/859/4 1299/861/4 1300/1020/4 1382/1019/4
f 1382/1019/4 1300/1020/4 1301/1021/4 1383/1022/4
f 1383/1022/6 1301/1021/6 1302/1008/6 1378/1011/6
f 1383/1022/6 1378/1011/6 1379/1013/6 1384/1023/6
f 1379/1014/5 1380/1017/5 1381/1018/5 1384/1023/5
f 1381/1018/4 1382/1019/4 1383/1022/4 1384/1023/4
f 1314/881/1 1315/883/1 1304/1024/1 1385/1025/1
f 1385/1025/1 1304/1024/1 1305/1026/1 1386/1027/1
f 1386/1028/6 1305/1029/6 1306/1030/6 1387/1031/6
f 1306/1030/6 1307/1032/6 1308/1033/6 1387/1031/6
f 1387/1031/6 1308/1033/6 1309/1034/6 1388/1035/6
f 1388/1035/4 1309/1034/4 1310/1036/4 1389/1037/4
f 1310/1036/4 1311/877/4 1312/876/4 1389/1037/4
f 1389/1037/4 1312/876/4 1313/879/4 1390/1038/4
f 1390/1038/1 1313/879/1 1314/881/1 1385/1025/1
f 1390/1038/1 1385/1025/1 1386/1027/1 1391/1039/1
f 1386/1028/6 1387/1031/6 1388/1035/6 1391/1039/6
f 1388/1035/4 1389/1037/4 1390/1038/4 1391/1039/4
f 1326/1040/2 1327/928/2 1316/925/2 1392/1041/2
f 1392/1041/2 1316/925/2 1317/924/2 1393/1042/2
f 1393/1043/5 1317/922/5 1318/919/5 1394/1044/5
f 1318/919/5 1319/918/5 1320/1045/5 1394/1044/5
f 1394/1044/5 1320/1045/5 1321/1046/5 1395/1047/5
f 1395/1048/6 1321/1049/6 1322/1050/6 1396/1051/6
f 1322/1050/6 1323/1052/6 1324/1053/6 1396/1051/6
f 1396/1051/6 1324/1053/6 1325/1054/6 1397/1055/6
f 1397/1055/2 1325/1054/2 1326/1040/2 1392/1041/2
f 1397/1055/2 1392/1041/2 1393/1042/2 1398/1056/2
f 1393/1043/5 1394/1044/5 1395/1047/5 1398/1057/5
f 1395/1048/6 1396/1051/6 1397/1055/6 1398/1056/6
f 1338/1058/1 1339/950/1 1328/947/1 1399/1059/1
f 1399/1059/1 1328/947/1 1329/946/1 1400/1060/1
f 1400/1061/2 1329/944/2 1330/941/2 1401/1062/2
f 1330/941/2 1331/940/2 1332/1063/2 1401/1062/2
f 1401/1062/2 1332/1063/2 1333/1064/2 1402/1065/2
f 1402/1065/6 1333/1064/6 1334/1066/6 1403/1067/6
f 1334/1066/6 1335/1068/6 1336/1069/6 1403/1067/6
f 1403/1067/6 1336/1069/6 1337/1070/6 1404/1071/6
f 1404/1072/1 1337/1073/1 1338/1058/1 1399/1059/1
f 1404/1072/1 1399/1059/1 1400/1060/1 1405/1074/1
f 1400/1061/2 1401/1062/2 1402/1065/2 1405/1075/2
f 1402/1065/6 1403/1067/6 1404/1071/6 1405/1075/6
f 1350/1076/3 1351/1077/3 1340/1078/3 1406/1079/3
f 1406/1079/3 1340/1078/3 1341/1080/3 1407/1081/3
f 1407/1082/5 1341/1083/5 1342/1084/5 1408/1085/5
f 1342/1084/5 1343/921/5 1344/920/5 1408/1085/5
f 1408/1085/5 1344/920/5 1345/923/5 1409/1086/5
f 1409/1087/2 1345/927/2 1346/926/2 1410/1088/2
f 1346/926/2 1347/929/2 1348/1089/2 1410/1088/2
f 1410/1088/2 1348/1089/2 1349/1090/2 1411/1091/2
f 1411/1091/3 1349/1090/3 1350/1076/3 1406/1079/3
f 1411/1091/3 1406/1079/3 1407/1081/3 1412/1092/3
f 1407/1082/5 1408/1085/5 1409/1086/5 1412/1093/5
f 1409/1087/2 1410/1088/2 1411/1091/2 1412/1092/2
f 1362/948/1 1363/951/1 1352/1094/1 1413/1095/1
f 1413/1095/1 1352/1094/1 1353/1096/1 1414/1097/1
f 1414/1098/3 1353/1099/3 1354/1100/3 1415/1101/3
f 1354/1100/3 1355/1102/3 1356/1103/3 1415/1101/3
f 1415/1101/3 1356/1103/3 1357/1104/3 1416/1105/3
f 1416/1105/2 1357/1104/2 1358/1106/2 1417/1107/2
f 1358/1106/2 1359/943/2 1360/942/2 1417/1107/2
f 1417/1107/2 1360/942/2 1361/945/2 1418/1108/2
f 1418/1109/1 1361/949/1 1362/948/1 1413/1095/1
f 1418/1109/1 1413/1095/1 1414/1097/1 1419/1110/1
f 1414/1098/3 1415/1101/3 1416/1105/3 1419/1111/3
f 1416/1105/2 1417/1107/2 1418/1108/2 1419/1111/2
f 1460/1112/4 1461/1113/4 1421/844/4 1420/841/4
f 1461/1114/3 1462/1115/3 1422/847/3 1421/846/3
f 1462/1115/3 1463/1116/3 1423/850/3 1422/847/3
f 1423/850/3 1463/1116/3 1464/1119/3 1424/952/3
f 1464/1119/3 1465/1120/3 1425/953/3 1424/952/3
f 1465/1120/3 1466/1121/3 1426/956/3 1425/953/3
f 1466/1121/2 1467/1122/2 1427/958/2 1426/956/2
f 1467/1122/2 1468/1123/2 1428/960/2 1427/958/2
f 1468/1123/2 1469/1124/2 1429/930/2 1428/960/2
f 1469/1124/2 1470/1125/2 1430/931/2 1429/930/2
f 1470/1125/2 1471/1126/2 1431/934/2 1430/931/2
f 1471/1126/6 1472/1127/6 1432/936/6 1431/934/6
f 1472/1127/6 1473/1128/6 1433/938/6 1432/936/6
f 1474/1131/6 1434/896/6 1433/938/6 1473/1128/6
f 1474/1131/6 1475/1132/6 1435/897/6 1434/896/6
f 1475/1132/6 1476/1133/6 1436/900/6 1435/897/6
f 1476/1133/4 1477/1134/4 1437/902/4 1436/900/4
f 1477/1134/4 1478/1135/4 1438/904/4 1437/902/4
f 1478/1135/4 1479/1136/4 1439/840/4 1438/904/4
f 1479/1136/4 1460/1112/4 1420/841/4 1439/840/4
f 1441/905/4 1440/843/4 1287/874/4 1311/877/4
f 1442/903/4 1441/905/4 1311/877/4 1310/1036/4
f 1443/901/4 1442/903/4 1310/1036/4 1309/1034/4
f 1444/898/6 1443/901/6 1309/1034/6 1308/1033/6
f 1445/899/6 1444/898/6 1308/1033/6 1307/1032/6
f 1445/899/6 1307/1032/6 1335/1068/6 1446/939/6
f 1447/937/6 1446/939/6 1335/1068/6 1334/1066/6
f 1448/935/6 1447/937/6 1334/1066/6 1333/1064/6
f 1449/932/2 1448/935/2 1333/1064/2 1332/1063/2
f 1450/933/2 1449/932/2 1332/1063/2 1331/940/2
f 1451/961/2 1450/933/2 1331/940/2 1359/943/2
f 1452/959/2 1451/961/2 1359/943/2 1358/1106/2
f 1453/957/2 1452/959/2 1358/1106/2 1357/1104/2
f 1454/954/3 1453/957/3 1357/1104/3 1356/1103/3
f 1455/955/3 1454/954/3 1356/1103/3 1355/1102/3
f 1291/990/3 1456/851/3 1455/955/3 1355/1102/3
f 1457/848/3 1456/851/3 1291/990/3 1290/989/3
f 1458/849/3 1457/848/3 1290/989/3 1289/1005/3
f 1459/842/4 1458/845/4 1289/1002/4 1288/1001/4
f 1440/843/4 1459/842/4 1288/1001/4 1287/874/4
f 1274/984/4 1273/983/4 1461/1113/4 1460/1112/4
f 1273/980/3 1272/979/3 1462/1115/3 1461/1114/3
f 1272/979/3 1271/978/3 1463/1116/3 1462/1115/3
f 1463/1116/3 1271/978/3 1351/1077/3 1464/1119/3
f 1351/1077/3 1350/1076/3 1465/1120/3 1464/1119/3
f 1350/1076/3 1349/1090/3 1466/1121/3 1465/1120/3
f 1349/1090/2 1348/1089/2 1467/1122/2 1466/1121/2
f 1348/1089/2 1347/929/2 1468/1123/2 1467/1122/2
f 1327/928/2 1469/1124/2 1468/1123/2 1347/929/2
f 1327/928/2 1326/1040/2 1470/1125/2 1469/1124/2
f 1326/1040/2 1325/1054/2 1471/1126/2 1470/1125/2
f 1325/1054/6 1324/1053/6 1472/1127/6 1471/1126/6
f 1324/1053/6 1323/1052/6 1473/1128/6 1472/1127/6
f 1303/1009/6 1474/1131/6 1473/1128/6 1323/1052/6
f 1303/1009/6 1302/1008/6 1475/1132/6 1474/1131/6
f 1302/1008/6 1301/1021/6 1476/1133/6 1475/1132/6
f 1301/1021/4 1300/1020/4 1477/1134/4 1476/1133/4
f 1300/1020/4 1299/861/4 1478/1135/4 1477/1134/4
f 1275/860/4 1479/1136/4 1478/1135/4 1299/861/4
f 1275/860/4 1274/984/4 1460/1112/4 1479/1136/4
f 1717/828/2 1692/829/2 1743/830/2 1718/831/2
f 1692/829/2 1693/832/2 1742/833/2 1743/830/2
f 1693/834/5 1694/835/5 1741/836/5 1742/837/5
f 1694/835/5 1695/838/5 1740/839/5 1741/836/5
f 1651/840/3 1632/841/3 1671/842/3 1652/843/3
f 1632/841/3 1633/844/3 1670/845/3 1671/842/3
f 1633/846/2 1634/847/2 1669/848/2 1670/849/2
f 1634/847/2 1635/850/2 1668/851/2 1669/848/2
f 1491/852/5 1490/853/5 1508/854/5 1507/855/5
f 1490/853/5 1489/856/5 1509/857/5 1508/854/5
f 1489/856/3 1488/858/3 1510/859/3 1509/857/3
f 1488/858/3 1487/860/3 1511/861/3 1510/859/3
f 1709/862/1 1710/863/1 1725/864/1 1726/865/1
f 1710/863/1 1711/866/1 1724/867/1 1725/864/1
f 1711/868/2 1712/869/2 1723/870/2 1724/871/2
f 1712/869/2 1713/872/2 1722/873/2 1723/870/2
f 1499/874/3 1498/875/3 1524/876/3 1523/877/3
f 1498/875/3 1497/878/3 1525/879/3 1524/876/3
f 1497/878/1 1496/880/1 1526/881/1 1525/879/1
f 1496/880/1 1495/882/1 1527/883/1 1526/881/1
f 1696/884/5 1697/885/5 1738/886/5 1739/887/5
f 1697/885/5 1698/888/5 1737/889/5 1738/886/5
f 1698/890/4 1699/891/4 1736/892/4 1737/893/4
f 1699/891/4 1700/894/4 1735/895/4 1736/892/4
f 1646/896/4 1647/897/4 1656/898/4 1657/899/4
f 1647/897/4 1648/900/4 1655/901/4 1656/898/4
f 1648/900/3 1649/902/3 1654/903/3 1655/901/3
f 1649/902/3 1650/904/3 1653/905/3 1654/903/3
f 1704/906/4 1705/907/4 1730/908/4 1731/909/4
f 1705/907/4 1706/910/4 1729/911/4 1730/908/4
f 1706/912/1 1707/913/1 1728/914/1 1729/915/1
f 1707/913/1 1708/916/1 1727/917/1 1728/914/1
f 1531/918/5 1530/919/5 1556/920/5 1555/921/5
f 1530/919/5 1529/922/5 1557/923/5 1556/920/5
f 1529/924/6 1528/925/6 1558/926/6 1557/927/6
f 1528/925/6 1539/928/6 1559/929/6 1558/926/6
f 1641/930/6 1642/931/6 1661/932/6 1662/933/6
f 1642/931/6 1643/934/6 1660/935/6 1661/932/6
f 1643/934/4 1644/936/4 1659/937/4 1660/935/4
f 1644/936/4 1645/938/4 1658/939/4 1659/937/4
f 1543/940/6 1542/941/6 1572/942/6 1571/943/6
f 1542/941/6 1541/944/6 1573/945/6 1572/942/6
f 1541/946/1 1540/947/1 1574/948/1 1573/949/1
f 1540/947/1 1551/950/1 1575/951/1 1574/948/1
f 1636/952/2 1637/953/2 1666/954/2 1667/955/2
f 1637/953/2 1638/956/2 1665/957/2 1666/954/2
f 1638/956/6 1639/958/6 1664/959/6 1665/957/6
f 1639/958/6 1640/960/6 1663/961/6 1664/959/6
f 1650/904/3 1651/840/3 1652/843/3 1653/905/3
f 1732/962/4 1733/963/4 1702/964/4 1703/965/4
f 1640/960/6 1641/930/6 1662/933/6 1663/961/6
f 1714/966/2 1715/967/2 1720/968/2 1721/969/2
f 1708/916/1 1709/862/1 1726/865/1 1727/917/1
f 1739/887/5 1740/839/5 1695/838/5 1696/884/5
f 1490/853/5 1491/852/5 1480/970/5 1576/971/5
f 1576/971/5 1480/970/5 1481/972/5 1577/973/5
f 1577/974/2 1481/975/2 1482/976/2 1578/977/2
f 1482/976/2 1483/978/2 1484/979/2 1578/977/2
f 1578/977/2 1484/979/2 1485/980/2 1579/981/2
f 1579/982/3 1485/983/3 1486/984/3 1580/985/3
f 1486/984/3 1487/860/3 1488/858/3 1580/985/3
f 1580/985/3 1488/858/3 1489/856/3 1581/986/3
f 1581/986/5 1489/856/5 1490/853/5 1576/971/5
f 1581/986/5 1576/971/5 1577/973/5 1582/987/5
f 1577/974/2 1578/977/2 1579/981/2 1582/988/2
f 1579/982/3 1580/985/3 1581/986/3 1582/987/3
f 1502/989/2 1503/990/2 1492/991/2 1583/992/2
f 1583/992/2 1492/991/2 1493/993/2 1584/994/2
f 1584/995/1 1493/996/1 1494/997/1 1585/998/1
f 1494/997/1 1495/882/1 1496/880/1 1585/998/1
f 1585/998/1 1496/880/1 1497/878/1 1586/999/1
f 1586/999/3 1497/878/3 1498/875/3 1587/1000/3
f 1498/875/3 1499/874/3 1500/1001/3 1587/1000/3
f 1587/1000/3 1500/1001/3 1501/1002/3 1588/1003/3
f 1588/1004/2 1501/1005/2 1502/989/2 1583/992/2
f 1588/1004/2 1583/992/2 1584/994/2 1589/1006/2
f 1584/995/1 1585/998/1 1586/999/1 1589/1007/1
f 1586/999/3 1587/1000/3 1588/1003/3 1589/1007/3
f 1514/1008/4 1515/1009/4 1504/1010/4 1590/1011/4
f 1590/1011/4 1504/1010/4 1505/1012/4 1591/1013/4
f 1591/1014/5 1505/1015/5 1506/1016/5 1592/1017/5
f 1506/1016/5 1507/855/5 1508/854/5 1592/1017/5
f 1592/1017/5 1508/854/5 1509/857/5 1593/1018/5
f 1593/1018/3 1509/857/3 1510/859/3 1594/1019/3
f 1510/859/3 1511/861/3 1512/1020/3 1594/1019/3
f 1594/1019/3 1512/1020/3 1513/1021/3 1595/1022/3
f 1595/1022/4 1513/1021/4 1514/1008/4 1590/1011/4
f 1595/1022/4 1590/1011/4 1591/1013/4 1596/1023/4
f 1591/1014/5 1592/1017/5 1593/1018/5 1596/1023/5
f 1593/1018/3 1594/1019/3 1595/1022/3 1596/1023/3
f 1526/881/1 1527/883/1 1516/1024/1 1597/1025/1
f 1597/1025/1 1516/1024/1 1517/1026/1 1598/1027/1
f 1598/1028/4 1517/1029/4 1518/1030/4 1599/1031/4
f 1518/1030/4 1519/1032/4 1520/1033/4 1599/1031/4
f 1599/1031/4 1520/1033/4 1521/1034/4 1600/1035/4
f 1600/1035/3 1521/1034/3 1522/1036/3 1601/1037/3
f 1522/1036/3 1523/877/3 1524/876/3 1601/1037/3
f 1601/1037/3 1524/876/3 1525/879/3 1602/1038/3
f 1602/1038/1 1525/879/1 1526/881/1 1597/1025/1
f 1602/1038/1 1597/1025/1 1598/1027/1 1603/1039/1
f 1598/1028/4 1599/1031/4 1600/1035/4 1603/1039/4
f 1600/1035/3 1601/1037/3 1602/1038/3 1603/1039/3
f 1538/1040/6 1539/928/6 1528/925/6 1604/1041/6
f 1604/1041/6 1528/925/6 1529/924/6 1605/1042/6
f 1605/1043/5 1529/922/5 1530/919/5 1606/1044/5
f 1530/919/5 1531/918/5 1532/1045/5 1606/1044/5
f 1606/1044/5 1532/1045/5 1533/1046/5 1607/1047/5
f 1607/1048/4 1533/1049/4 1534/1050/4 1608/1051/4
f 1534/1050/4 1535/1052/4 1536/1053/4 1608/1051/4
f 1608/1051/4 1536/1053/4 1537/1054/4 1609/1055/4
f 1609/1055/6 1537/1054/6 1538/1040/6 1604/1041/6
f 1609/1055/6 1604/1041/6 1605/1042/6 1610/1056/6
f 1605/1043/5 1606/1044/5 1607/1047/5 1610/1057/5
f 1607/1048/4 1608/1051/4 1609/1055/4 1610/1056/4
f 1550/1058/1 1551/950/1 1540/947/1 1611/1059/1
f 1611/1059/1 1540/947/1 1541/946/1 1612/1060/1
f 1612/1061/6 1541/944/6 1542/941/6 1613/1062/6
f 1542/941/6 1543/940/6 1544/1063/6 1613/1062/6
f 1613/1062/6 1544/1063/6 1545/1064/6 1614/1065/6
f 1614/1065/4 1545/1064/4 1546/1066/4 1615/1067/4
f 1546/1066/4 1547/1068/4 1548/1069/4 1615/1067/4
f 1615/1067/4 1548/1069/4 1549/1070/4 1616/1071/4
f 1616/1072/1 1549/1073/1 1550/1058/1 1611/1059/1
f 1616/1072/1 1611/1059/1 1612/1060/1 1617/1074/1
f 1612/1061/6 1613/1062/6 1614/1065/6 1617/1075/6
f 1614/1065/4 1615/1067/4 1616/1071/4 1617/1075/4
f 1562/1076/2 1563/1077/2 1552/1078/2 1618/1079/2
f 1618/1079/2 1552/1078/2 1553/1080/2 1619/1081/2
f 1619/1082/5 1553/1083/5 1554/1084/5 1620/1085/5
f 1554/1084/5 1555/921/5 1556/920/5 1620/1085/5
f 1620/1085/5 1556/920/5 1557/923/5 1621/1086/5
f 1621/1087/6 1557/927/6 1558/926/6 1622/1088/6
f 1558/926/6 1559/929/6 1560/1089/6 1622/1088/6
f 1622/1088/6 1560/1089/6 1561/1090/6 1623/1091/6
f 1623/1091/2 1561/1090/2 1562/1076/2 1618/1079/2
f 1623/1091/2 1618/1079/2 1619/1081/2 1624/1092/2
f 1619/1082/5 1620/1085/5 1621/1086/5 1624/1093/5
f 1621/1087/6 1622/1088/6 1623/1091/6 1624/1092/6
f 1574/948/1 1575/951/1 1564/1094/1 1625/1095/1
f 1625/1095/1 1564/1094/1 1565/1096/1 1626/1097/1
f 1626/1098/2 1565/1099/2 1566/1100/2 1627/1101/2
f 1566/1100/2 1567/1102/2 1568/1103/2 1627/1101/2
f 1627/1101/2 1568/1103/2 1569/1104/2 1628/1105/2
f 1628/1105/6 1569/1104/6 1570/1106/6 1629/1107/6
f 1570/1106/6 1571/943/6 1572/942/6 1629/1107/6
f 1629/1107/6 1572/942/6 1573/945/6 1630/1108/6
f 1630/1109/1 1573/949/1 1574/948/1 1625/1095/1
f 1630/1109/1 1625/1095/1 1626/1097/1 1631/1110/1
f 1626/1098/2 1627/1101/2 1628/1105/2 1631/1111/2
f 1628/1105/6 1629/1107/6 1630/1108/6 1631/1111/6
f 1672/1112/3 1673/1113/3 1633/844/3 1632/841/3
f 1673/1114/2 1674/1115/2 1634/847/2 1633/846/2
f 1674/1115/2 1675/1116/2 1635/850/2 1634/847/2
f 1715/967/2 1716/1117/2 1719/1118/2 1720/968/2
f 1676/1119/2 1677/1120/2 1637/953/2 1636/952/2
f 1677/1120/2 1678/1121/2 1638/956/2 1637/953/2
f 1678/1121/6 1679/1122/6 1639/958/6 1638/956/6
f 1679/1122/6 1680/1123/6 1640/960/6 1639/958/6
f 1680/1123/6 1681/1124/6 1641/930/6 1640/960/6
f 1681/1124/6 1682/1125/6 1642/931/6 1641/930/6
f 1682/1125/6 1683/1126/6 1643/934/6 1642/931/6
f 1683/1126/4 1684/1127/4 1644/936/4 1643/934/4
f 1684/1127/4 1685/1128/4 1645/938/4 1644/936/4
f 1733/963/4 1734/1129/4 1701/1130/4 1702/964/4
f 1686/1131/4 1687/1132/4 1647/897/4 1646/896/4
f 1687/1132/4 1688/1133/4 1648/900/4 1647/897/4
f 1688/1133/3 1689/1134/3 1649/902/3 1648/900/3
f 1689/1134/3 1690/1135/3 1650/904/3 1649/902/3
f 1690/1135/3 1691/1136/3 1651/840/3 1650/904/3
f 1691/1136/3 1672/1112/3 1632/841/3 1651/840/3
f 1653/905/3 1652/843/3 1499/874/3 1523/877/3
f 1654/903/3 1653/905/3 1523/877/3 1522/1036/3
f 1655/901/3 1654/903/3 1522/1036/3 1521/1034/3
f 1656/898/4 1655/901/4 1521/1034/4 1520/1033/4
f 1657/899/4 1656/898/4 1520/1033/4 1519/1032/4
f 1731/909/4 1732/962/4 1703/965/4 1704/906/4
f 1659/937/4 1658/939/4 1547/1068/4 1546/1066/4
f 1660/935/4 1659/937/4 1546/1066/4 1545/1064/4
f 1661/932/6 1660/935/6 1545/1064/6 1544/1063/6
f 1662/933/6 1661/932/6 1544/1063/6 1543/940/6
f 1663/961/6 1662/933/6 1543/940/6 1571/943/6
f 1664/959/6 1663/961/6 1571/943/6 1570/1106/6
f 1665/957/6 1664/959/6 1570/1106/6 1569/1104/6
f 1666/954/2 1665/957/2 1569/1104/2 1568/1103/2
f 1667/955/2 1666/954/2 1568/1103/2 1567/1102/2
f 1713/872/2 1714/966/2 1721/969/2 1722/873/2
f 1669/848/2 1668/851/2 1503/990/2 1502/989/2
f 1670/849/2 1669/848/2 1502/989/2 1501/1005/2
f 1671/842/3 1670/845/3 1501/1002/3 1500/1001/3
f 1652/843/3 1671/842/3 1500/1001/3 1499/874/3
f 1486/984/3 1485/983/3 1673/1113/3 1672/1112/3
f 1485/980/2 1484/979/2 1674/1115/2 1673/1114/2
f 1484/979/2 1483/978/2 1675/1116/2 1674/1115/2
f 1718/831/2 1719/1118/2 1716/1117/2 1717/828/2
f 1563/1077/2 1562/1076/2 1677/1120/2 1676/1119/2
f 1562/1076/2 1561/1090/2 1678/1121/2 1677/1120/2
f 1561/1090/6 1560/1089/6 1679/1122/6 1678/1121/6
f 1560/1089/6 1559/929/6 1680/1123/6 1679/1122/6
f 1539/928/6 1681/1124/6 1680/1123/6 1559/929/6
f 1539/928/6 1538/1040/6 1682/1125/6 1681/1124/6
f 1538/1040/6 1537/1054/6 1683/1126/6 1682/1125/6
f 1537/1054/4 1536/1053/4 1684/1127/4 1683/1126/4
f 1536/1053/4 1535/1052/4 1685/1128/4 1684/1127/4
f 1700/894/4 1701/1130/4 1734/1129/4 1735/895/4
f 1515/1009/4 1514/1008/4 1687/1132/4 1686/1131/4
f 1514/1008/4 1513/1021/4 1688/1133/4 1687/1132/4
f 1513/1021/3 1512/1020/3 1689/1134/3 1688/1133/3
f 1512/1020/3 1511/861/3 1690/1135/3 1689/1134/3
f 1487/860/3 1691/1136/3 1690/1135/3 1511/861/3
f 1487/860/3 1486/984/3 1672/1112/3 1691/1136/3
f 1482/976/2 1481/975/2 1693/832/2 1692/829/2
f 1481/972/5 1480/970/5 1694/835/5 1693/834/5
f 1480/970/5 1491/852/5 1695/838/5 1694/835/5
f 1696/884/5 1695/838/5 1491/852/5 1507/855/5
f 1507/855/5 1506/1016/5 1697/885/5 1696/884/5
f 1506/1016/5 1505/1015/5 1698/888/5 1697/885/5
f 1505/1012/4 1504/1010/4 1699/891/4 1698/890/4
f 1504/1010/4 1515/1009/4 1700/894/4 1699/891/4
f 1515/1009/4 1686/1131/4 1701/1130/4 1700/894/4
f 1702/964/4 1701/1130/4 1686/1131/4 1646/896/4
f 1703/965/4 1702/964/4 1646/896/4 1657/899/4
f 1704/906/4 1703/965/4 1657/899/4 1519/1032/4
f 1519/1032/4 1518/1030/4 1705/907/4 1704/906/4
f 1518/1030/4 1517/1029/4 1706/910/4 1705/907/4
f 1517/1026/1 1516/1024/1 1707/913/1 1706/912/1
f 1516/1024/1 1527/883/1 1708/916/1 1707/913/1
f 1495/882/1 1709/862/1 1708/916/1 1527/883/1
f 1495/882/1 1494/997/1 1710/863/1 1709/862/1
f 1494/997/1 1493/996/1 1711/866/1 1710/863/1
f 1493/993/2 1492/991/2 1712/869/2 1711/868/2
f 1492/991/2 1503/990/2 1713/872/2 1712/869/2
f 1668/851/2 1714/966/2 1713/872/2 1503/990/2
f 1635/850/2 1715/967/2 1714/966/2 1668/851/2
f 1675/1116/2 1716/1117/2 1715/967/2 1635/850/2
f 1717/828/2 1716/1117/2 1675/1116/2 1483/978/2
f 1483/978/2 1482/976/2 1692/829/2 1717/828/2
f 1563/1077/2 1676/1119/2 1719/1118/2 1718/831/2
f 1720/968/2 1719/1118/2 1676/1119/2 1636/952/2
f 1721/969/2 1720/968/2 1636/952/2 1667/955/2
f 1722/873/2 1721/969/2 1667/955/2 1567/1102/2
f 1723/870/2 1722/873/2 1567/1102/2 1566/1100/2
f 1724/871/2 1723/870/2 1566/1100/2 1565/1099/2
f 1725/864/1 1724/867/1 1565/1096/1 1564/1094/1
f 1726/865/1 1725/864/1 1564/1094/1 1575/951/1
f 1727/917/1 1726/865/1 1575/951/1 1551/950/1
f 1728/914/1 1727/917/1 1551/950/1 1550/1058/1
f 1729/915/1 1728/914/1 1550/1058/1 1549/1073/1
f 1730/908/4 1729/911/4 1549/1070/4 1548/1069/4
f 1731/909/4 1730/908/4 1548/1069/4 1547/1068/4
f 1658/939/4 1732/962/4 1731/909/4 1547/1068/4
f 1645/938/4 1733/963/4 1732/962/4 1658/939/4
f 1685/1128/4 1734/1129/4 1733/963/4 1645/938/4
f 1735/895/4 1734/1129/4 1685/1128/4 1535/1052/4
f 1736/892/4 1735/895/4 1535/1052/4 1534/1050/4
f 1737/893/4 1736/892/4 1534/1050/4 1533/1049/4
f 1738/886/5 1737/889/5 1533/1046/5 1532/1045/5
f 1739/887/5 1738/886/5 1532/1045/5 1531/918/5
f 1555/921/5 1740/839/5 1739/887/5 1531/918/5
f 1741/836/5 1740/839/5 1555/921/5 1554/1084/5
f 1742/837/5 1741/836/5 1554/1084/5 1553/1083/5
f 1743/830/2 1742/833/2 1553/1080/2 1552/1078/2
f 1718/831/2 1743/830/2 1552/1078/2 1563/1077/2
f 1937/828/2 1916/829/2 1959/830/2 1938/831/2
f 1916/829/2 1917/832/2 1958/833/2 1959/830/2
f 1917/834/5 1918/835/5 1957/836/5 1958/837/5
f 1918/835/5 1919/838/5 1956/839/5 1957/836/5
f 1750/984/3 1915/842/4 1896/843/4 1751/860/3
f 1914/845/5 1915/842/4 1750/984/3 1749/983/3
f 1913/848/6 1914/849/5 1749/980/2 1748/979/2
f 1912/851/10 1913/848/6 1748/979/2 1747/978/2
f 1755/852/5 1754/853/5 1772/854/5 1771/855/5
f 1754/853/5 1753/856/5 1773/857/5 1772/854/5
f 1753/856/3 1752/858/3 1774/859/3 1773/857/3
f 1752/858/3 1751/860/3 1775/861/3 1774/859/3
f 1931/862/1 1932/863/1 1943/864/1 1944/865/1
f 1932/863/1 1933/866/1 1942/867/1 1943/864/1
f 1933/868/2 1934/869/2 1941/870/2 1942/871/2
f 1934/869/2 1935/872/11 1940/873/12 1941/870/2
f 1763/874/5 1762/875/3 1788/876/3 1787/877/4
f 1762/875/3 1761/878/3 1789/879/3 1788/876/3
f 1761/878/1 1760/880/1 1790/881/1 1789/879/1
f 1760/880/1 1759/882/1 1791/883/1 1790/881/1
f 1920/884/5 1921/885/5 1954/886/5 1955/887/5
f 1921/885/5 1922/888/5 1953/889/5 1954/886/5
f 1922/890/4 1923/891/4 1952/892/4 1953/893/4
f 1923/891/4 1924/894/4 1951/895/4 1952/892/4
f 1900/898/3 1901/899/4 1779/1009/4 1778/1008/4
f 1899/901/5 1900/898/3 1778/1008/4 1777/1021/4
f 1898/903/2 1899/901/1 1777/1021/3 1776/1020/3
f 1897/905/3 1898/903/2 1776/1020/3 1775/861/3
f 1926/906/13 1927/907/4 1948/908/4 1949/909/14
f 1927/907/4 1928/910/4 1947/911/4 1948/908/4
f 1928/912/1 1929/913/1 1946/914/1 1947/915/1
f 1929/913/1 1930/916/1 1945/917/1 1946/914/1
f 1795/918/5 1794/919/5 1820/920/5 1819/921/5
f 1794/919/5 1793/922/5 1821/923/5 1820/920/5
f 1793/924/6 1792/925/6 1822/926/6 1821/927/6
f 1792/925/6 1803/928/6 1823/929/6 1822/926/6
f 1905/932/4 1906/933/6 1803/928/6 1802/1040/6
f 1904/935/1 1905/932/4 1802/1040/6 1801/1054/6
f 1903/937/3 1904/935/5 1801/1054/4 1800/1053/4
f 1902/939/15 1903/937/3 1800/1053/4 1799/1052/4
f 1807/940/5 1806/941/6 1836/942/6 1835/943/4
f 1806/941/6 1805/944/6 1837/945/6 1836/942/6
f 1805/946/1 1804/947/1 1838/948/1 1837/949/1
f 1804/947/1 1815/950/1 1839/951/1 1838/948/1
f 1910/954/6 1911/955/1 1827/1077/2 1826/1076/2
f 1909/957/5 1910/954/6 1826/1076/2 1825/1090/2
f 1908/959/2 1909/957/5 1825/1090/6 1824/1089/6
f 1907/961/3 1908/959/2 1824/1089/6 1823/929/6
f 1896/843/4 1897/905/3 1775/861/3 1751/860/3
f 1924/894/4 1925/965/15 1950/962/16 1951/895/4
f 1906/933/6 1907/961/3 1823/929/6 1803/928/6
f 1938/831/2 1939/969/17 1936/966/18 1937/828/2
f 1930/916/1 1931/862/1 1944/865/1 1945/917/1
f 1955/887/5 1956/839/5 1919/838/5 1920/884/5
f 1754/853/5 1755/852/5 1744/970/5 1840/971/5
f 1840/971/5 1744/970/5 1745/972/5 1841/973/5
f 1841/974/2 1745/975/2 1746/976/2 1842/977/2
f 1746/976/2 1747/978/2 1748/979/2 1842/977/2
f 1842/977/2 1748/979/2 1749/980/2 1843/981/2
f 1843/982/3 1749/983/3 1750/984/3 1844/985/3
f 1750/984/3 1751/860/3 1752/858/3 1844/985/3
f 1844/985/3 1752/858/3 1753/856/3 1845/986/3
f 1845/986/5 1753/856/5 1754/853/5 1840/971/5
f 1845/986/5 1840/971/5 1841/973/5 1846/987/5
f 1841/974/2 1842/977/2 1843/981/2 1846/988/2
f 1843/982/3 1844/985/3 1845/986/3 1846/987/3
f 1766/989/3 1767/990/19 1756/991/2 1847/992/2
f 1847/992/2 1756/991/2 1757/993/2 1848/994/2
f 1848/995/1 1757/996/1 1758/997/1 1849/998/1
f 1758/997/1 1759/882/1 1760/880/1 1849/998/1
f 1849/998/1 1760/880/1 1761/878/1 1850/999/1
f 1850/999/3 1761/878/3 1762/875/3 1851/1000/3
f 1762/875/3 1763/874/5 1764/1001/20 1851/1000/3
f 1851/1000/3 1764/1001/20 1765/1002/4 1852/1003/3
f 1852/1004/2 1765/1005/15 1766/989/3 1847/992/2
f 1852/1004/2 1847/992/2 1848/994/2 1853/1006/2
f 1848/995/1 1849/998/1 1850/999/1 1853/1007/1
f 1850/999/3 1851/1000/3 1852/1003/3 1853/1007/3
f 1778/1008/4 1779/1009/4 1768/1010/4 1854/1011/4
f 1854/1011/4 1768/1010/4 1769/1012/4 1855/1013/4
f 1855/1014/5 1769/1015/5 1770/1016/5 1856/1017/5
f 1770/1016/5 1771/855/5 1772/854/5 1856/1017/5
f 1856/1017/5 1772/854/5 1773/857/5 1857/1018/5
f 1857/1018/3 1773/857/3 1774/859/3 1858/1019/3
f 1774/859/3 1775/861/3 1776/1020/3 1858/1019/3
f 1858/1019/3 1776/1020/3 1777/1021/3 1859/1022/3
f 1859/1022/4 1777/1021/4 1778/1008/4 1854/1011/4
f 1859/1022/4 1854/1011/4 1855/1013/4 1860/1023/4
f 1855/1014/5 1856/1017/5 1857/1018/5 1860/1023/5
f 1857/1018/3 1858/1019/3 1859/1022/3 1860/1023/3
f 1790/881/1 1791/883/1 1780/1024/1 1861/1025/1
f 1861/1025/1 1780/1024/1 1781/1026/1 1862/1027/1
f 1862/1028/4 1781/1029/4 1782/1030/4 1863/1031/4
f 1782/1030/4 1783/1032/21 1784/1033/5 1863/1031/4
f 1863/1031/4 1784/1033/5 1785/1034/1 1864/1035/4
f 1864/1035/3 1785/1034/5 1786/1036/5 1865/1037/3
f 1786/1036/5 1787/877/4 1788/876/3 1865/1037/3
f 1865/1037/3 1788/876/3 1789/879/3 1866/1038/3
f 1866/1038/1 1789/879/1 1790/881/1 1861/1025/1
f 1866/1038/1 1861/1025/1 1862/1027/1 1867/1039/1
f 1862/1028/4 1863/1031/4 1864/1035/4 1867/1039/4
f 1864/1035/3 1865/1037/3 1866/1038/3 1867/1039/3
f 1802/1040/6 1803/928/6 1792/925/6 1868/1041/6
f 1868/1041/6 1792/925/6 1793/924/6 1869/1042/6
f 1869/1043/5 1793/922/5 1794/919/5 1870/1044/5
f 1794/919/5 1795/918/5 1796/1045/5 1870/1044/5
f 1870/1044/5 1796/1045/5 1797/1046/5 1871/1047/5
f 1871/1048/4 1797/1049/4 1798/1050/4 1872/1051/4
f 1798/1050/4 1799/1052/4 1800/1053/4 1872/1051/4
f 1872/1051/4 1800/1053/4 1801/1054/4 1873/1055/4
f 1873/1055/6 1801/1054/6 1802/1040/6 1868/1041/6
f 1873/1055/6 1868/1041/6 1869/1042/6 1874/1056/6
f 1869/1043/5 1870/1044/5 1871/1047/5 1874/1057/5
f 1871/1048/4 1872/1051/4 1873/1055/4 1874/1056/4
f 1814/1058/1 1815/950/1 1804/947/1 1875/1059/1
f 1875/1059/1 1804/947/1 1805/946/1 1876/1060/1
f 1876/1061/6 1805/944/6 1806/941/6 1877/1062/6
f 1806/941/6 1807/940/5 1808/1063/5 1877/1062/6
f 1877/1062/6 1808/1063/5 1809/1064/5 1878/1065/6
f 1878/1065/4 1809/1064/15 1810/1066/5 1879/1067/4
f 1810/1066/5 1811/1068/4 1812/1069/4 1879/1067/4
f 1879/1067/4 1812/1069/4 1813/1070/4 1880/1071/4
f 1880/1072/1 1813/1073/1 1814/1058/1 1875/1059/1
f 1880/1072/1 1875/1059/1 1876/1060/1 1881/1074/1
f 1876/1061/6 1877/1062/6 1878/1065/6 1881/1075/6
f 1878/1065/4 1879/1067/4 1880/1071/4 1881/1075/4
f 1826/1076/2 1827/1077/2 1816/1078/2 1882/1079/2
f 1882/1079/2 1816/1078/2 1817/1080/2 1883/1081/2
f 1883/1082/5 1817/1083/5 1818/1084/5 1884/1085/5
f 1818/1084/5 1819/921/5 1820/920/5 1884/1085/5
f 1884/1085/5 1820/920/5 1821/923/5 1885/1086/5
f 1885/1087/6 1821/927/6 1822/926/6 1886/1088/6
f 1822/926/6 1823/929/6 1824/1089/6 1886/1088/6
f 1886/1088/6 1824/1089/6 1825/1090/6 1887/1091/6
f 1887/1091/2 1825/1090/2 1826/1076/2 1882/1079/2
f 1887/1091/2 1882/1079/2 1883/1081/2 1888/1092/2
f 1883/1082/5 1884/1085/5 1885/1086/5 1888/1093/5
f 1885/1087/6 1886/1088/6 1887/1091/6 1888/1092/6
f 1838/948/1 1839/951/1 1828/1094/1 1889/1095/1
f 1889/1095/1 1828/1094/1 1829/1096/1 1890/1097/1
f 1890/1098/2 1829/1099/2 1830/1100/2 1891/1101/2
f 1830/1100/2 1831/1102/15 1832/1103/5 1891/1101/2
f 1891/1101/2 1832/1103/5 1833/1104/1 1892/1105/2
f 1892/1105/6 1833/1104/3 1834/1106/3 1893/1107/6
f 1834/1106/3 1835/943/4 1836/942/6 1893/1107/6
f 1893/1107/6 1836/942/6 1837/945/6 1894/1108/6
f 1894/1109/1 1837/949/1 1838/948/1 1889/1095/1
f 1894/1109/1 1889/1095/1 1890/1097/1 1895/1110/1
f 1890/1098/2 1891/1101/2 1892/1105/2 1895/1111/2
f 1892/1105/6 1893/1107/6 1894/1108/6 1895/1111/6
f 1897/905/3 1896/843/4 1763/874/5 1787/877/4
f 1898/903/2 1897/905/3 1787/877/4 1786/1036/5
f 1899/901/1 1898/903/2 1786/1036/5 1785/1034/5
f 1900/898/3 1899/901/5 1785/1034/1 1784/1033/5
f 1901/899/4 1900/898/3 1784/1033/5 1783/1032/21
f 1949/909/14 1950/962/16 1925/965/15 1926/906/13
f 1903/937/3 1902/939/15 1811/1068/4 1810/1066/5
f 1904/935/5 1903/937/3 1810/1066/5 1809/1064/15
f 1905/932/4 1904/935/1 1809/1064/5 1808/1063/5
f 1906/933/6 1905/932/4 1808/1063/5 1807/940/5
f 1907/961/3 1906/933/6 1807/940/5 1835/943/4
f 1908/959/2 1907/961/3 1835/943/4 1834/1106/3
f 1909/957/5 1908/959/2 1834/1106/3 1833/1104/3
f 1910/954/6 1909/957/5 1833/1104/1 1832/1103/5
f 1911/955/1 1910/954/6 1832/1103/5 1831/1102/15
f 1935/872/11 1936/966/18 1939/969/17 1940/873/12
f 1913/848/6 1912/851/10 1767/990/19 1766/989/3
f 1914/849/5 1913/848/6 1766/989/3 1765/1005/15
f 1915/842/4 1914/845/5 1765/1002/4 1764/1001/20
f 1896/843/4 1915/842/4 1764/1001/20 1763/874/5
f 1746/976/2 1745/975/2 1917/832/2 1916/829/2
f 1745/972/5 1744/970/5 1918/835/5 1917/834/5
f 1744/970/5 1755/852/5 1919/838/5 1918/835/5
f 1920/884/5 1919/838/5 1755/852/5 1771/855/5
f 1771/855/5 1770/1016/5 1921/885/5 1920/884/5
f 1770/1016/5 1769/1015/5 1922/888/5 1921/885/5
f 1769/1012/4 1768/1010/4 1923/891/4 1922/890/4
f 1768/1010/4 1779/1009/4 1924/894/4 1923/891/4
f 1779/1009/4 1901/899/4 1925/965/15 1924/894/4
f 1926/906/13 1925/965/15 1901/899/4 1783/1032/21
f 1783/1032/21 1782/1030/4 1927/907/4 1926/906/13
f 1782/1030/4 1781/1029/4 1928/910/4 1927/907/4
f 1781/1026/1 1780/1024/1 1929/913/1 1928/912/1
f 1780/1024/1 1791/883/1 1930/916/1 1929/913/1
f 1759/882/1 1931/862/1 1930/916/1 1791/883/1
f 1759/882/1 1758/997/1 1932/863/1 1931/862/1
f 1758/997/1 1757/996/1 1933/866/1 1932/863/1
f 1757/993/2 1756/991/2 1934/869/2 1933/868/2
f 1756/991/2 1767/990/19 1935/872/11 1934/869/2
f 1912/851/10 1936/966/18 1935/872/11 1767/990/19
f 1936/966/18 1912/851/10 1747/978/2 1937/828/2
f 1747/978/2 1746/976/2 1916/829/2 1937/828/2
f 1827/1077/2 1911/955/1 1939/969/17 1938/831/2
f 1940/873/12 1939/969/17 1911/955/1 1831/1102/15
f 1941/870/2 1940/873/12 1831/1102/15 1830/1100/2
f 1942/871/2 1941/870/2 1830/1100/2 1829/1099/2
f 1943/864/1 1942/867/1 1829/1096/1 1828/1094/1
f 1944/865/1 1943/864/1 1828/1094/1 1839/951/1
f 1945/917/1 1944/865/1 1839/951/1 1815/950/1
f 1946/914/1 1945/917/1 1815/950/1 1814/1058/1
f 1947/915/1 1946/914/1 1814/1058/1 1813/1073/1
f 1948/908/4 1947/911/4 1813/1070/4 1812/1069/4
f 1949/909/14 1948/908/4 1812/1069/4 1811/1068/4
f 1902/939/15 1950/962/16 1949/909/14 1811/1068/4
f 1950/962/16 1902/939/15 1799/1052/4 1951/895/4
f 1952/892/4 1951/895/4 1799/1052/4 1798/1050/4
f 1953/893/4 1952/892/4 1798/1050/4 1797/1049/4
f 1954/886/5 1953/889/5 1797/1046/5 1796/1045/5
f 1955/887/5 1954/886/5 1796/1045/5 1795/918/5
f 1819/921/5 1956/839/5 1955/887/5 1795/918/5
f 1957/836/5 1956/839/5 1819/921/5 1818/1084/5
f 1958/837/5 1957/836/5 1818/1084/5 1817/1083/5
f 1959/830/2 1958/833/2 1817/1080/2 1816/1078/2
f 1938/831/2 1959/830/2 1816/1078/2 1827/1077/2
f 2153/828/2 2132/829/2 2175/830/2 2154/831/2
f 2132/829/2 2133/832/2 2174/833/2 2175/830/2
f 2133/834/5 2134/835/5 2173/836/5 2174/837/5
f 2134/835/5 2135/838/5 2172/839/5 2173/836/5
f 1966/984/3 2131/842/15 2112/843/1 1967/860/3
f 2130/845/5 2131/842/15 1966/984/3 1965/983/3
f 2129/848/6 2130/849/5 1965/980/2 1964/979/2
f 2128/851/19 2129/848/6 1964/979/2 1963/978/2
f 1971/852/5 1970/853/5 1988/854/5 1987/855/5
f 1970/853/5 1969/856/5 1989/857/5 1988/854/5
f 1969/856/3 1968/858/3 1990/859/3 1989/857/3
f 1968/858/3 1967/860/3 1991/861/3 1990/859/3
f 2147/862/1 2148/863/1 2159/864/1 2160/865/1
f 2148/863/1 2149/866/1 2158/867/1 2159/864/1
f 2149/868/2 2150/869/2 2157/870/2 2158/871/2
f 2150/869/2 2151/872/22 2156/873/1 2157/870/2
f 1979/874/5 1978/875/3 2004/876/3 2003/877/23
f 1978/875/3 1977/878/3 2005/879/3 2004/876/3
f 1977/878/1 1976/880/1 2006/881/1 2005/879/1
f 1976/880/1 1975/882/1 2007/883/1 2006/881/1
f 2136/884/5 2137/885/5 2170/886/5 2171/887/5
f 2137/885/5 2138/888/5 2169/889/5 2170/886/5
f 2138/890/4 2139/891/4 2168/892/4 2169/893/4
f 2139/891/4 2140/894/4 2167/895/4 2168/892/4
f 2116/898/3 2117/899/15 1995/1009/4 1994/1008/4
f 2115/901/5 2116/898/3 1994/1008/4 1993/1021/4
f 2114/903/2 2115/901/1 1993/1021/3 1992/1020/3
f 2113/905/4 2114/903/2 1992/1020/3 1991/861/3
f 2142/906/24 2143/907/4 2164/908/4 2165/909/6
f 2143/907/4 2144/910/4 2163/911/4 2164/908/4
f 2144/912/1 2145/913/1 2162/914/1 2163/915/1
f 2145/913/1 2146/916/1 2161/917/1 2162/914/1
f 2011/918/5 2010/919/5 2036/920/5 2035/921/5
f 2010/919/5 2009/922/5 2037/923/5 2036/920/5
f 2009/924/6 2008/925/6 2038/926/6 2037/927/6
f 2008/925/6 2019/928/6 2039/929/6 2038/926/6
f 2121/932/4 2122/933/5 2019/928/6 2018/1040/6
f 2120/935/1 2121/932/4 2018/1040/6 2017/1054/6
f 2119/937/3 2120/935/15 2017/1054/4 2016/1053/4
f 2118/939/15 2119/937/3 2016/1053/4 2015/1052/4
f 2023/940/1 2022/941/6 2052/942/6 2051/943/2
f 2022/941/6 2021/944/6 2053/945/6 2052/942/6
f 2021/946/1 2020/947/1 2054/948/1 2053/949/1
f 2020/947/1 2031/950/1 2055/951/1 2054/948/1
f 2126/954/6 2127/955/1 2043/1077/2 2042/1076/2
f 2125/957/5 2126/954/6 2042/1076/2 2041/1090/2
f 2124/959/2 2125/957/5 2041/1090/6 2040/1089/6
f 2123/961/2 2124/959/2 2040/1089/6 2039/929/6
f 2112/843/1 2113/905/4 1991/861/3 1967/860/3
f 2140/894/4 2141/965/4 2166/962/25 2167/895/4
f 2122/933/5 2123/961/2 2039/929/6 2019/928/6
f 2154/831/2 2155/969/2 2152/966/2 2153/828/2
f 2146/916/1 2147/862/1 2160/865/1 2161/917/1
f 2171/887/5 2172/839/5 2135/838/5 2136/884/5
f 1970/853/5 1971/852/5 1960/970/5 2056/971/5
f 2056/971/5 1960/970/5 1961/972/5 2057/973/5
f 2057/974/2 1961/975/2 1962/976/2 2058/977/2
f 1962/976/2 1963/978/2 1964/979/2 2058/977/2
f 2058/977/2 1964/979/2 1965/980/2 2059/981/2
f 2059/982/3 1965/983/3 1966/984/3 2060/985/3
f 1966/984/3 1967/860/3 1968/858/3 2060/985/3
f 2060/985/3 1968/858/3 1969/856/3 2061/986/3
f 2061/986/5 1969/856/5 1970/853/5 2056/971/5
f 2061/986/5 2056/971/5 2057/973/5 2062/987/5
f 2057/974/2 2058/977/2 2059/981/2 2062/988/2
f 2059/982/3 2060/985/3 2061/986/3 2062/987/3
f 1982/989/3 1983/990/26 1972/991/2 2063/992/2
f 2063/992/2 1972/991/2 1973/993/2 2064/994/2
f 2064/995/1 1973/996/1 1974/997/1 2065/998/1
f 1974/997/1 1975/882/1 1976/880/1 2065/998/1
f 2065/998/1 1976/880/1 1977/878/1 2066/999/1
f 2066/999/3 1977/878/3 1978/875/3 2067/1000/3
f 1978/875/3 1979/874/5 1980/1001/1 2067/1000/3
f 2067/1000/3 1980/1001/1 1981/1002/15 2068/1003/3
f 2068/1004/2 1981/1005/15 1982/989/3 2063/992/2
f 2068/1004/2 2063/992/2 2064/994/2 2069/1006/2
f 2064/995/1 2065/998/1 2066/999/1 2069/1007/1
f 2066/999/3 2067/1000/3 2068/1003/3 2069/1007/3
f 1994/1008/4 1995/1009/4 1984/1010/4 2070/1011/4
f 2070/1011/4 1984/1010/4 1985/1012/4 2071/1013/4
f 2071/1014/5 1985/1015/5 1986/1016/5 2072/1017/5
f 1986/1016/5 1987/855/5 1988/854/5 2072/1017/5
f 2072/1017/5 1988/854/5 1989/857/5 2073/1018/5
f 2073/1018/3 1989/857/3 1990/859/3 2074/1019/3
f 1990/859/3 1991/861/3 1992/1020/3 2074/1019/3
f 2074/1019/3 1992/1020/3 1993/1021/3 2075/1022/3
f 2075/1022/4 1993/1021/4 1994/1008/4 2070/1011/4
f 2075/1022/4 2070/1011/4 2071/1013/4 2076/1023/4
f 2071/1014/5 2072/1017/5 2073/1018/5 2076/1023/5
f 2073/1018/3 2074/1019/3 2075/1022/3 2076/1023/3
f 2006/881/1 2007/883/1 1996/1024/1 2077/1025/1
f 2077/1025/1 1996/1024/1 1997/1026/1 2078/1027/1
f 2078/1028/4 1997/1029/4 1998/1030/4 2079/1031/4
f 1998/1030/4 1999/1032/4 2000/1033/5 2079/1031/4
f 2079/1031/4 2000/1033/5 2001/1034/1 2080/1035/4
f 2080/1035/3 2001/1034/5 2002/1036/3 2081/1037/3
f 2002/1036/3 2003/877/23 2004/876/3 2081/1037/3
f 2081/1037/3 2004/876/3 2005/879/3 2082/1038/3
f 2082/1038/1 2005/879/1 2006/881/1 2077/1025/1
f 2082/1038/1 2077/1025/1 2078/1027/1 2083/1039/1
f 2078/1028/4 2079/1031/4 2080/1035/4 2083/1039/4
f 2080/1035/3 2081/1037/3 2082/1038/3 2083/1039/3
f 2018/1040/6 2019/928/6 2008/925/6 2084/1041/6
f 2084/1041/6 2008/925/6 2009/924/6 2085/1042/6
f 2085/1043/5 2009/922/5 2010/919/5 2086/1044/5
f 2010/919/5 2011/918/5 2012/1045/5 2086/1044/5
f 2086/1044/5 2012/1045/5 2013/1046/5 2087/1047/5
f 2087/1048/4 2013/1049/4 2014/1050/4 2088/1051/4
f 2014/1050/4 2015/1052/4 2016/1053/4 2088/1051/4
f 2088/1051/4 2016/1053/4 2017/1054/4 2089/1055/4
f 2089/1055/6 2017/1054/6 2018/1040/6 2084/1041/6
f 2089/1055/6 2084/1041/6 2085/1042/6 2090/1056/6
f 2085/1043/5 2086/1044/5 2087/1047/5 2090/1057/5
f 2087/1048/4 2088/1051/4 2089/1055/4 2090/1056/4
f 2030/1058/1 2031/950/1 2020/947/1 2091/1059/1
f 2091/1059/1 2020/947/1 2021/946/1 2092/1060/1
f 2092/1061/6 2021/944/6 2022/941/6 2093/1062/6
f 2022/941/6 2023/940/1 2024/1063/6 2093/1062/6
f 2093/1062/6 2024/1063/6 2025/1064/5 2094/1065/6
f 2094/1065/4 2025/1064/15 2026/1066/5 2095/1067/4
f 2026/1066/5 2027/1068/5 2028/1069/4 2095/1067/4
f 2095/1067/4 2028/1069/4 2029/1070/4 2096/1071/4
f 2096/1072/1 2029/1073/1 2030/1058/1 2091/1059/1
f 2096/1072/1 2091/1059/1 2092/1060/1 2097/1074/1
f 2092/1061/6 2093/1062/6 2094/1065/6 2097/1075/6
f 2094/1065/4 2095/1067/4 2096/1071/4 2097/1075/4
f 2042/1076/2 2043/1077/2 2032/1078/2 2098/1079/2
f 2098/1079/2 2032/1078/2 2033/1080/2 2099/1081/2
f 2099/1082/5 2033/1083/5 2034/1084/5 2100/1085/5
f 2034/1084/5 2035/921/5 2036/920/5 2100/1085/5
f 2100/1085/5 2036/920/5 2037/923/5 2101/1086/5
f 2101/1087/6 2037/927/6 2038/926/6 2102/1088/6
f 2038/926/6 2039/929/6 2040/1089/6 2102/1088/6
f 2102/1088/6 2040/1089/6 2041/1090/6 2103/1091/6
f 2103/1091/2 2041/1090/2 2042/1076/2 2098/1079/2
f 2103/1091/2 2098/1079/2 2099/1081/2 2104/1092/2
f 2099/1082/5 2100/1085/5 2101/1086/5 2104/1093/5
f 2101/1087/6 2102/1088/6 2103/1091/6 2104/1092/6
f 2054/948/1 2055/951/1 2044/1094/1 2105/1095/1
f 2105/1095/1 2044/1094/1 2045/1096/1 2106/1097/1
f 2106/1098/2 2045/1099/2 2046/1100/2 2107/1101/2
f 2046/1100/2 2047/1102/15 2048/1103/5 2107/1101/2
f 2107/1101/2 2048/1103/5 2049/1104/15 2108/1105/2
f 2108/1105/6 2049/1104/1 2050/1106/1 2109/1107/6
f 2050/1106/1 2051/943/2 2052/942/6 2109/1107/6
f 2109/1107/6 2052/942/6 2053/945/6 2110/1108/6
f 2110/1109/1 2053/949/1 2054/948/1 2105/1095/1
f 2110/1109/1 2105/1095/1 2106/1097/1 2111/1110/1
f 2106/1098/2 2107/1101/2 2108/1105/2 2111/1111/2
f 2108/1105/6 2109/1107/6 2110/1108/6 2111/1111/6
f 2113/905/4 2112/843/1 1979/874/5 2003/877/23
f 2114/903/2 2113/905/4 2003/877/23 2002/1036/3
f 2115/901/1 2114/903/2 2002/1036/3 2001/1034/5
f 2116/898/3 2115/901/5 2001/1034/1 2000/1033/5
f 2117/899/15 2116/898/3 2000/1033/5 1999/1032/4
f 2165/909/6 2166/962/25 2141/965/4 2142/906/24
f 2119/937/3 2118/939/15 2027/1068/5 2026/1066/5
f 2120/935/15 2119/937/3 2026/1066/5 2025/1064/15
f 2121/932/4 2120/935/1 2025/1064/5 2024/1063/6
f 2122/933/5 2121/932/4 2024/1063/6 2023/940/1
f 2123/961/2 2122/933/5 2023/940/1 2051/943/2
f 2124/959/2 2123/961/2 2051/943/2 2050/1106/1
f 2125/957/5 2124/959/2 2050/1106/1 2049/1104/1
f 2126/954/6 2125/957/5 2049/1104/15 2048/1103/5
f 2127/955/1 2126/954/6 2048/1103/5 2047/1102/15
f 2151/872/22 2152/966/2 2155/969/2 2156/873/1
f 2129/848/6 2128/851/19 1983/990/26 1982/989/3
f 2130/849/5 2129/848/6 1982/989/3 1981/1005/15
f 2131/842/15 2130/845/5 1981/1002/15 1980/1001/1
f 2112/843/1 2131/842/15 1980/1001/1 1979/874/5
f 1962/976/2 1961/975/2 2133/832/2 2132/829/2
f 1961/972/5 1960/970/5 2134/835/5 2133/834/5
f 1960/970/5 1971/852/5 2135/838/5 2134/835/5
f 2136/884/5 2135/838/5 1971/852/5 1987/855/5
f 1987/855/5 1986/1016/5 2137/885/5 2136/884/5
f 1986/1016/5 1985/1015/5 2138/888/5 2137/885/5
f 1985/1012/4 1984/1010/4 2139/891/4 2138/890/4
f 1984/1010/4 1995/1009/4 2140/894/4 2139/891/4
f 1995/1009/4 2117/899/15 2141/965/4 2140/894/4
f 2142/906/24 2141/965/4 2117/899/15 1999/1032/4
f 1999/1032/4 1998/1030/4 2143/907/4 2142/906/24
f 1998/1030/4 1997/1029/4 2144/910/4 2143/907/4
f 1997/1026/1 1996/1024/1 2145/913/1 2144/912/1
f 1996/1024/1 2007/883/1 2146/916/1 2145/913/1
f 1975/882/1 2147/862/1 2146/916/1 2007/883/1
f 1975/882/1 1974/997/1 2148/863/1 2147/862/1
f 1974/997/1 1973/996/1 2149/866/1 2148/863/1
f 1973/993/2 1972/991/2 2150/869/2 2149/868/2
f 1972/991/2 1983/990/26 2151/872/22 2150/869/2
f 2128/851/19 2152/966/2 2151/872/22 1983/990/26
f 2152/966/2 2128/851/19 1963/978/2 2153/828/2
f 1963/978/2 1962/976/2 2132/829/2 2153/828/2
f 2043/1077/2 2127/955/1 2155/969/2 2154/831/2
f 2156/873/1 2155/969/2 2127/955/1 2047/1102/15
f 2157/870/2 2156/873/1 2047/1102/15 2046/1100/2
f 2158/871/2 2157/870/2 2046/1100/2 2045/1099/2
f 2159/864/1 2158/867/1 2045/1096/1 2044/1094/1
f 2160/865/1 2159/864/1 2044/1094/1 2055/951/1
f 2161/917/1 2160/865/1 2055/951/1 2031/950/1
f 2162/914/1 2161/917/1 2031/950/1 2030/1058/1
f 2163/915/1 2162/914/1 2030/1058/1 2029/1073/1
f 2164/908/4 2163/911/4 2029/1070/4 2028/1069/4
f 2165/909/6 2164/908/4 2028/1069/4 2027/1068/5
f 2118/939/15 2166/962/25 2165/909/6 2027/1068/5
f 2166/962/25 2118/939/15 2015/1052/4 2167/895/4
f 2168/892/4 2167/895/4 2015/1052/4 2014/1050/4
f 2169/893/4 2168/892/4 2014/1050/4 2013/1049/4
f 2170/886/5 2169/889/5 2013/1046/5 2012/1045/5
f 2171/887/5 2170/886/5 2012/1045/5 2011/918/5
f 2035/921/5 2172/839/5 2171/887/5 2011/918/5
f 2173/836/5 2172/839/5 2035/921/5 2034/1084/5
f 2174/837/5 2173/836/5 2034/1084/5 2033/1083/5
f 2175/830/2 2174/833/2 2033/1080/2 2032/1078/2
f 2154/831/2 2175/830/2 2032/1078/2 2043/1077/2
f 2178/1137/3 2369/1138/3 2348/1139/3 2179/1140/3
f 2368/1141/3 2369/1138/3 2178/1137/3 2177/1142/3
f 2367/1143/5 2368/1144/5 2177/1145/5 2176/1146/5
f 2366/1147/5 2367/1143/5 2176/1146/5 2187/1148/5
f 2182/1149/4 2374/1150/4 2375/1151/4 2183/1152/4
f 2373/1153/4 2374/1150/4 2182/1149/4 2181/1154/4
f 2372/1155/3 2373/1156/3 2181/1157/3 2180/1158/3
f 2371/1159/3 2372/1155/3 2180/1158/3 2179/1140/3
f 2187/1148/5 2186/1160/5 2204/1161/5 2203/1162/5
f 2186/1160/5 2185/1163/5 2205/1164/5 2204/1161/5
f 2185/1165/4 2184/1166/4 2206/1167/4 2205/1168/4
f 2184/1166/4 2183/1152/4 2207/1169/4 2206/1167/4
f 2353/1170/1 2354/1171/1 2191/1172/1 2190/1173/1
f 2352/1174/1 2353/1170/1 2190/1173/1 2189/1175/1
f 2351/1176/3 2352/1177/3 2189/1178/3 2188/1179/3
f 2350/1180/1 2351/1176/3 2188/1179/3 2199/1181/2
f 2195/1182/4 2194/1183/4 2220/1184/4 2219/1185/27
f 2194/1183/4 2193/1186/4 2221/1187/4 2220/1184/4
f 2193/1188/1 2192/1189/1 2222/1190/1 2221/1191/1
f 2192/1189/1 2191/1172/1 2223/1192/1 2222/1190/1
f 2364/1193/5 2365/1194/5 2203/1162/5 2202/1195/5
f 2363/1196/5 2364/1193/5 2202/1195/5 2201/1197/5
f 2362/1198/6 2363/1199/6 2201/1200/6 2200/1201/6
f 2361/1202/6 2362/1198/6 2200/1201/6 2211/1203/6
f 2379/1204/6 2380/1205/6 2211/1203/6 2210/1206/6
f 2378/1207/6 2379/1204/6 2210/1206/6 2209/1208/6
f 2377/1209/4 2378/1210/4 2209/1211/4 2208/1212/4
f 2376/1213/4 2377/1209/4 2208/1212/4 2207/1169/4
f 2358/1214/6 2359/1215/2 2215/1216/1 2214/1217/6
f 2357/1218/6 2358/1214/6 2214/1217/6 2213/1219/6
f 2356/1220/1 2357/1221/1 2213/1222/1 2212/1223/1
f 2355/1224/1 2356/1220/1 2212/1223/1 2223/1192/1
f 2227/1225/5 2226/1226/5 2252/1227/5 2251/1228/5
f 2226/1226/5 2225/1229/5 2253/1230/5 2252/1227/5
f 2225/1231/2 2224/1232/2 2254/1233/2 2253/1234/2
f 2224/1232/2 2235/1235/2 2255/1236/2 2254/1233/2
f 2385/1237/2 2386/1238/2 2235/1235/2 2234/1239/2
f 2384/1240/2 2385/1237/2 2234/1239/2 2233/1241/2
f 2383/1242/6 2384/1243/6 2233/1244/6 2232/1245/6
f 2382/1246/6 2383/1242/6 2232/1245/6 2231/1247/6
f 2239/1248/1 2238/1249/2 2268/1250/2 2267/1251/3
f 2238/1249/2 2237/1252/2 2269/1253/2 2268/1250/2
f 2237/1254/1 2236/1255/1 2270/1256/1 2269/1257/1
f 2236/1255/1 2247/1258/1 2271/1259/1 2270/1256/1
f 2390/1260/3 2391/1261/3 2259/1262/3 2258/1263/3
f 2389/1264/3 2390/1260/3 2258/1263/3 2257/1265/3
f 2388/1266/2 2389/1267/2 2257/1268/2 2256/1269/2
f 2387/1270/2 2388/1266/2 2256/1269/2 2255/1236/2
f 2375/1151/4 2376/1213/4 2207/1169/4 2183/1152/4
f 2381/1271/6 2361/1202/6 2211/1203/6 2380/1205/6
f 2386/1238/2 2387/1270/2 2255/1236/2 2235/1235/2
f 2179/1140/3 2348/1139/3 2370/1272/3 2371/1159/3
f 2191/1172/1 2354/1171/1 2355/1224/1 2223/1192/1
f 2203/1162/5 2365/1194/5 2366/1147/5 2187/1148/5
f 2186/1160/5 2187/1148/5 2176/1146/5 2272/1273/5
f 2272/1273/5 2176/1146/5 2177/1145/5 2273/1274/5
f 2273/1275/3 2177/1142/3 2178/1137/3 2274/1276/3
f 2178/1137/3 2179/1140/3 2180/1158/3 2274/1276/3
f 2274/1276/3 2180/1158/3 2181/1157/3 2275/1277/3
f 2275/1278/4 2181/1154/4 2182/1149/4 2276/1279/4
f 2182/1149/4 2183/1152/4 2184/1166/4 2276/1279/4
f 2276/1279/4 2184/1166/4 2185/1165/4 2277/1280/4
f 2277/1281/5 2185/1163/5 2186/1160/5 2272/1273/5
f 2277/1281/5 2272/1273/5 2273/1274/5 2278/1282/5
f 2273/1275/3 2274/1276/3 2275/1277/3 2278/1283/3
f 2275/1278/4 2276/1279/4 2277/1280/4 2278/1284/4
f 2198/1285/4 2199/1181/2 2188/1179/3 2279/1286/3
f 2279/1286/3 2188/1179/3 2189/1178/3 2280/1287/3
f 2280/1288/1 2189/1175/1 2190/1173/1 2281/1289/1
f 2190/1173/1 2191/1172/1 2192/1189/1 2281/1289/1
f 2281/1289/1 2192/1189/1 2193/1188/1 2282/1290/1
f 2282/1291/4 2193/1186/4 2194/1183/4 2283/1292/4
f 2194/1183/4 2195/1182/4 2196/1293/1 2283/1292/4
f 2283/1292/4 2196/1293/1 2197/1294/2 2284/1295/4
f 2284/1296/3 2197/1297/1 2198/1285/4 2279/1286/3
f 2284/1296/3 2279/1286/3 2280/1287/3 2285/1298/3
f 2280/1288/1 2281/1289/1 2282/1290/1 2285/1299/1
f 2282/1291/4 2283/1292/4 2284/1295/4 2285/1300/4
f 2210/1206/6 2211/1203/6 2200/1201/6 2286/1301/6
f 2286/1301/6 2200/1201/6 2201/1200/6 2287/1302/6
f 2287/1303/5 2201/1197/5 2202/1195/5 2288/1304/5
f 2202/1195/5 2203/1162/5 2204/1161/5 2288/1304/5
f 2288/1304/5 2204/1161/5 2205/1164/5 2289/1305/5
f 2289/1306/4 2205/1168/4 2206/1167/4 2290/1307/4
f 2206/1167/4 2207/1169/4 2208/1212/4 2290/1307/4
f 2290/1307/4 2208/1212/4 2209/1211/4 2291/1308/4
f 2291/1309/6 2209/1208/6 2210/1206/6 2286/1301/6
f 2291/1309/6 2286/1301/6 2287/1302/6 2292/1310/6
f 2287/1303/5 2288/1304/5 2289/1305/5 2292/1311/5
f 2289/1306/4 2290/1307/4 2291/1308/4 2292/1312/4
f 2222/1190/1 2223/1192/1 2212/1223/1 2293/1313/1
f 2293/1313/1 2212/1223/1 2213/1222/1 2294/1314/1
f 2294/1315/6 2213/1219/6 2214/1217/6 2295/1316/6
f 2214/1217/6 2215/1216/1 2216/1317/1 2295/1316/6
f 2295/1316/6 2216/1317/1 2217/1318/1 2296/1319/6
f 2296/1320/4 2217/1321/1 2218/1322/28 2297/1323/4
f 2218/1322/28 2219/1185/27 2220/1184/4 2297/1323/4
f 2297/1323/4 2220/1184/4 2221/1187/4 2298/1324/4
f 2298/1325/1 2221/1191/1 2222/1190/1 2293/1313/1
f 2298/1325/1 2293/1313/1 2294/1314/1 2299/1326/1
f 2294/1315/6 2295/1316/6 2296/1319/6 2299/1327/6
f 2296/1320/4 2297/1323/4 2298/1324/4 2299/1328/4
f 2234/1239/2 2235/1235/2 2224/1232/2 2300/1329/2
f 2300/1329/2 2224/1232/2 2225/1231/2 2301/1330/2
f 2301/1331/5 2225/1229/5 2226/1226/5 2302/1332/5
f 2226/1226/5 2227/1225/5 2228/1333/5 2302/1332/5
f 2302/1332/5 2228/1333/5 2229/1334/5 2303/1335/5
f 2303/1336/6 2229/1337/6 2230/1338/6 2304/1339/6
f 2230/1338/6 2231/1247/6 2232/1245/6 2304/1339/6
f 2304/1339/6 2232/1245/6 2233/1244/6 2305/1340/6
f 2305/1341/2 2233/1241/2 2234/1239/2 2300/1329/2
f 2305/1341/2 2300/1329/2 2301/1330/2 2306/1342/2
f 2301/1331/5 2302/1332/5 2303/1335/5 2306/1343/5
f 2303/1336/6 2304/1339/6 2305/1340/6 2306/1344/6
f 2246/1345/1 2247/1258/1 2236/1255/1 2307/1346/1
f 2307/1346/1 2236/1255/1 2237/1254/1 2308/1347/1
f 2308/1348/2 2237/1252/2 2238/1249/2 2309/1349/2
f 2238/1249/2 2239/1248/1 2240/1350/1 2309/1349/2
f 2309/1349/2 2240/1350/1 2241/1351/5 2310/1352/2
f 2310/1353/6 2241/1354/29 2242/1355/6 2311/1356/6
f 2242/1355/6 2243/1357/5 2244/1358/6 2311/1356/6
f 2311/1356/6 2244/1358/6 2245/1359/6 2312/1360/6
f 2312/1361/1 2245/1362/1 2246/1345/1 2307/1346/1
f 2312/1361/1 2307/1346/1 2308/1347/1 2313/1363/1
f 2308/1348/2 2309/1349/2 2310/1352/2 2313/1364/2
f 2310/1353/6 2311/1356/6 2312/1360/6 2313/1365/6
f 2258/1263/3 2259/1262/3 2248/1366/3 2314/1367/3
f 2314/1367/3 2248/1366/3 2249/1368/3 2315/1369/3
f 2315/1370/5 2249/1371/5 2250/1372/5 2316/1373/5
f 2250/1372/5 2251/1228/5 2252/1227/5 2316/1373/5
f 2316/1373/5 2252/1227/5 2253/1230/5 2317/1374/5
f 2317/1375/2 2253/1234/2 2254/1233/2 2318/1376/2
f 2254/1233/2 2255/1236/2 2256/1269/2 2318/1376/2
f 2318/1376/2 2256/1269/2 2257/1268/2 2319/1377/2
f 2319/1378/3 2257/1265/3 2258/1263/3 2314/1367/3
f 2319/1378/3 2314/1367/3 2315/1369/3 2320/1379/3
f 2315/1370/5 2316/1373/5 2317/1374/5 2320/1380/5
f 2317/1375/2 2318/1376/2 2319/1377/2 2320/1381/2
f 2270/1256/1 2271/1259/1 2260/1382/1 2321/1383/1
f 2321/1383/1 2260/1382/1 2261/1384/1 2322/1385/1
f 2322/1386/3 2261/1387/3 2262/1388/3 2323/1389/3
f 2262/1388/3 2263/1390/4 2264/1391/3 2323/1389/3
f 2323/1389/3 2264/1391/3 2265/1392/20 2324/1393/3
f 2324/1394/2 2265/1395/30 2266/1396/6 2325/1397/2
f 2266/1396/6 2267/1251/3 2268/1250/2 2325/1397/2
f 2325/1397/2 2268/1250/2 2269/1253/2 2326/1398/2
f 2326/1399/1 2269/1257/1 2270/1256/1 2321/1383/1
f 2326/1399/1 2321/1383/1 2322/1385/1 2327/1400/1
f 2322/1386/3 2323/1389/3 2324/1393/3 2327/1401/3
f 2324/1394/2 2325/1397/2 2326/1398/2 2327/1402/2
f 2329/1403/31 2328/1404/5 2195/1405/4 2219/1406/27
f 2330/1407/15 2329/1403/31 2219/1406/27 2218/1408/28
f 2331/1409/5 2330/1407/15 2218/1408/28 2217/1410/1
f 2332/1411/2 2331/1412/5 2217/1413/1 2216/1414/1
f 2333/1415/4 2332/1411/2 2216/1414/1 2215/1416/1
f 2215/1416/1 2359/1417/2 2360/1418/4 2333/1415/4
f 2335/1419/2 2334/1420/1 2243/1421/5 2242/1422/6
f 2336/1423/1 2335/1419/2 2242/1422/6 2241/1424/29
f 2337/1425/15 2336/1426/5 2241/1427/5 2240/1428/1
f 2338/1429/6 2337/1425/15 2240/1428/1 2239/1430/1
f 2339/1431/32 2338/1429/6 2239/1430/1 2267/1432/3
f 2340/1433/33 2339/1431/32 2267/1432/3 2266/1434/6
f 2341/1435/5 2340/1433/33 2266/1434/6 2265/1436/30
f 2342/1437/4 2341/1438/5 2265/1439/20 2264/1440/3
f 2343/1441/4 2342/1437/4 2264/1440/3 2263/1442/4
f 2344/1443/15 2349/1444/5 2350/1445/1 2199/1446/2
f 2345/1447/15 2344/1443/15 2199/1446/2 2198/1448/4
f 2346/1449/15 2345/1447/15 2198/1448/4 2197/1450/1
f 2347/1451/4 2346/1452/15 2197/1453/2 2196/1454/1
f 2328/1404/5 2347/1451/4 2196/1454/1 2195/1405/4
f 2259/1262/3 2391/1261/3 2370/1272/3 2348/1139/3
f 2350/1445/1 2349/1444/5 2343/1441/4 2263/1442/4
f 2351/1176/3 2350/1180/1 2263/1390/4 2262/1388/3
f 2352/1177/3 2351/1176/3 2262/1388/3 2261/1387/3
f 2353/1170/1 2352/1174/1 2261/1384/1 2260/1382/1
f 2354/1171/1 2353/1170/1 2260/1382/1 2271/1259/1
f 2355/1224/1 2354/1171/1 2271/1259/1 2247/1258/1
f 2356/1220/1 2355/1224/1 2247/1258/1 2246/1345/1
f 2357/1221/1 2356/1220/1 2246/1345/1 2245/1362/1
f 2358/1214/6 2357/1218/6 2245/1359/6 2244/1358/6
f 2359/1215/2 2358/1214/6 2244/1358/6 2243/1357/5
f 2334/1420/1 2360/1418/4 2359/1417/2 2243/1421/5
f 2381/1271/6 2382/1246/6 2231/1247/6 2361/1202/6
f 2362/1198/6 2361/1202/6 2231/1247/6 2230/1338/6
f 2363/1199/6 2362/1198/6 2230/1338/6 2229/1337/6
f 2364/1193/5 2363/1196/5 2229/1334/5 2228/1333/5
f 2365/1194/5 2364/1193/5 2228/1333/5 2227/1225/5
f 2251/1228/5 2366/1147/5 2365/1194/5 2227/1225/5
f 2367/1143/5 2366/1147/5 2251/1228/5 2250/1372/5
f 2368/1144/5 2367/1143/5 2250/1372/5 2249/1371/5
f 2369/1138/3 2368/1141/3 2249/1368/3 2248/1366/3
f 2348/1139/3 2369/1138/3 2248/1366/3 2259/1262/3
f 2371/1159/3 2370/1272/3 2349/1455/5 2344/1456/15
f 2344/1456/15 2345/1457/15 2372/1155/3 2371/1159/3
f 2345/1457/15 2346/1458/15 2373/1156/3 2372/1155/3
f 2346/1459/15 2347/1460/4 2374/1150/4 2373/1153/4
f 2375/1151/4 2374/1150/4 2347/1460/4 2328/1461/5
f 2328/1461/5 2329/1462/31 2376/1213/4 2375/1151/4
f 2329/1462/31 2330/1463/15 2377/1209/4 2376/1213/4
f 2330/1463/15 2331/1464/5 2378/1210/4 2377/1209/4
f 2331/1465/5 2332/1466/2 2379/1204/6 2378/1207/6
f 2332/1466/2 2333/1467/4 2380/1205/6 2379/1204/6
f 2360/1468/4 2381/1271/6 2380/1205/6 2333/1467/4
f 2360/1468/4 2334/1469/1 2382/1246/6 2381/1271/6
f 2334/1469/1 2335/1470/2 2383/1242/6 2382/1246/6
f 2335/1470/2 2336/1471/1 2384/1243/6 2383/1242/6
f 2336/1472/5 2337/1473/15 2385/1237/2 2384/1240/2
f 2337/1473/15 2338/1474/6 2386/1238/2 2385/1237/2
f 2338/1474/6 2339/1475/32 2387/1270/2 2386/1238/2
f 2339/1475/32 2340/1476/33 2388/1266/2 2387/1270/2
f 2340/1476/33 2341/1477/5 2389/1267/2 2388/1266/2
f 2341/1478/5 2342/1479/4 2390/1260/3 2389/1264/3
f 2342/1479/4 2343/1480/4 2391/1261/3 2390/1260/3
f 2370/1272/3 2391/1261/3 2343/1480/4 2349/1455/5
f 2394/1481/3 2585/1482/3 2564/1483/3 2395/1484/3
f 2584/1485/3 2585/1482/3 2394/1481/3 2393/1486/3
f 2583/1487/5 2584/1488/5 2393/1489/5 2392/1490/5
f 2582/1491/5 2583/1487/5 2392/1490/5 2403/1492/5
f 2398/1493/4 2612/1494/4 2613/1495/4 2399/1496/4
f 2611/1497/4 2612/1494/4 2398/1493/4 2397/1498/4
f 2610/1499/3 2611/1500/3 2397/1501/3 2396/1502/3
f 2609/1503/3 2610/1499/3 2396/1502/3 2395/1484/3
f 2403/1492/5 2402/1504/5 2420/1505/5 2419/1506/5
f 2402/1504/5 2401/1507/5 2421/1508/5 2420/1505/5
f 2401/1509/4 2400/1510/4 2422/1511/4 2421/1512/4
f 2400/1510/4 2399/1496/4 2423/1513/4 2422/1511/4
f 2569/1514/1 2570/1515/1 2407/1516/1 2406/1517/1
f 2568/1518/1 2569/1514/1 2406/1517/1 2405/1519/1
f 2567/1520/3 2568/1521/3 2405/1522/3 2404/1523/3
f 2566/1524/29 2567/1520/3 2404/1523/3 2415/1525/34
f 2411/1526/35 2410/1527/4 2436/1528/4 2435/1529/36
f 2410/1527/4 2409/1530/4 2437/1531/4 2436/1528/4
f 2409/1532/1 2408/1533/1 2438/1534/1 2437/1535/1
f 2408/1533/1 2407/1516/1 2439/1536/1 2438/1534/1
f 2580/1537/5 2581/1538/5 2419/1506/5 2418/1539/5
f 2579/1540/5 2580/1537/5 2418/1539/5 2417/1541/5
f 2578/1542/6 2579/1543/6 2417/1544/6 2416/1545/6
f 2577/1546/6 2578/1542/6 2416/1545/6 2427/1547/6
f 2617/1548/6 2618/1549/6 2427/1547/6 2426/1550/6
f 2616/1551/6 2617/1548/6 2426/1550/6 2425/1552/6
f 2615/1553/4 2616/1554/4 2425/1555/4 2424/1556/4
f 2614/1557/4 2615/1553/4 2424/1556/4 2423/1513/4
f 2574/1558/6 2575/1559/37 2431/1560/1 2430/1561/6
f 2573/1562/6 2574/1558/6 2430/1561/6 2429/1563/6
f 2572/1564/1 2573/1565/1 2429/1566/1 2428/1567/1
f 2571/1568/1 2572/1564/1 2428/1567/1 2439/1536/1
f 2443/1569/5 2442/1570/5 2468/1571/5 2467/1572/5
f 2442/1570/5 2441/1573/5 2469/1574/5 2468/1571/5
f 2441/1575/2 2440/1576/2 2470/1577/2 2469/1578/2
f 2440/1576/2 2451/1579/2 2471/1580/2 2470/1577/2
f 2624/1581/2 2625/1582/2 2451/1579/2 2450/1583/2
f 2623/1584/2 2624/1581/2 2450/1583/2 2449/1585/2
f 2622/1586/6 2623/1587/6 2449/1588/6 2448/1589/6
f 2621/1590/6 2622/1586/6 2448/1589/6 2447/1591/6
f 2455/1592/1 2454/1593/2 2484/1594/2 2483/1595/6
f 2454/1593/2 2453/1596/2 2485/1597/2 2484/1594/2
f 2453/1598/1 2452/1599/1 2486/1600/1 2485/1601/1
f 2452/1599/1 2463/1602/1 2487/1603/1 2486/1600/1
f 2629/1604/3 2630/1605/3 2475/1606/3 2474/1607/3
f 2628/1608/3 2629/1604/3 2474/1607/3 2473/1609/3
f 2627/1610/2 2628/1611/2 2473/1612/2 2472/1613/2
f 2626/1614/2 2627/1610/2 2472/1613/2 2471/1580/2
f 2613/1495/4 2614/1557/4 2423/1513/4 2399/1496/4
f 2619/1615/6 2577/1546/6 2427/1547/6 2618/1549/6
f 2625/1582/2 2626/1614/2 2471/1580/2 2451/1579/2
f 2395/1484/3 2564/1483/3 2608/1616/3 2609/1503/3
f 2407/1516/1 2570/1515/1 2571/1568/1 2439/1536/1
f 2419/1506/5 2581/1538/5 2582/1491/5 2403/1492/5
f 2402/1504/5 2403/1492/5 2392/1490/5 2488/1617/5
f 2488/1617/5 2392/1490/5 2393/1489/5 2489/1618/5
f 2489/1619/3 2393/1486/3 2394/1481/3 2490/1620/3
f 2394/1481/3 2395/1484/3 2396/1502/3 2490/1620/3
f 2490/1620/3 2396/1502/3 2397/1501/3 2491/1621/3
f 2491/1622/4 2397/1498/4 2398/1493/4 2492/1623/4
f 2398/1493/4 2399/1496/4 2400/1510/4 2492/1623/4
f 2492/1623/4 2400/1510/4 2401/1509/4 2493/1624/4
f 2493/1625/5 2401/1507/5 2402/1504/5 2488/1617/5
f 2493/1625/5 2488/1617/5 2489/1618/5 2494/1626/5
f 2489/1619/3 2490/1620/3 2491/1621/3 2494/1627/3
f 2491/1622/4 2492/1623/4 2493/1624/4 2494/1628/4
f 2414/1629/3 2415/1525/34 2404/1523/3 2495/1630/3
f 2495/1630/3 2404/1523/3 2405/1522/3 2496/1631/3
f 2496/1632/1 2405/1519/1 2406/1517/1 2497/1633/1
f 2406/1517/1 2407/1516/1 2408/1533/1 2497/1633/1
f 2497/1633/1 2408/1533/1 2409/1532/1 2498/1634/1
f 2498/1635/4 2409/1530/4 2410/1527/4 2499/1636/4
f 2410/1527/4 2411/1526/35 2412/1637/3 2499/1636/4
f 2499/1636/4 2412/1637/3 2413/1638/38 2500/1639/4
f 2500/1640/3 2413/1641/5 2414/1629/3 2495/1630/3
f 2500/1640/3 2495/1630/3 2496/1631/3 2501/1642/3
f 2496/1632/1 2497/1633/1 2498/1634/1 2501/1643/1
f 2498/1635/4 2499/1636/4 2500/1639/4 2501/1644/4
f 2426/1550/6 2427/1547/6 2416/1545/6 2502/1645/6
f 2502/1645/6 2416/1545/6 2417/1544/6 2503/1646/6
f 2503/1647/5 2417/1541/5 2418/1539/5 2504/1648/5
f 2418/1539/5 2419/1506/5 2420/1505/5 2504/1648/5
f 2504/1648/5 2420/1505/5 2421/1508/5 2505/1649/5
f 2505/1650/4 2421/1512/4 2422/1511/4 2506/1651/4
f 2422/1511/4 2423/1513/4 2424/1556/4 2506/1651/4
f 2506/1651/4 2424/1556/4 2425/1555/4 2507/1652/4
f 2507/1653/6 2425/1552/6 2426/1550/6 2502/1645/6
f 2507/1653/6 2502/1645/6 2503/1646/6 2508/1654/6
f 2503/1647/5 2504/1648/5 2505/1649/5 2508/1655/5
f 2505/1650/4 2506/1651/4 2507/1652/4 2508/1656/4
f 2438/1534/1 2439/1536/1 2428/1567/1 2509/1657/1
f 2509/1657/1 2428/1567/1 2429/1566/1 2510/1658/1
f 2510/1659/6 2429/1563/6 2430/1561/6 2511/1660/6
f 2430/1561/6 2431/1560/1 2432/1661/6 2511/1660/6
f 2511/1660/6 2432/1661/6 2433/1662/5 2512/1663/6
f 2512/1664/4 2433/1665/1 2434/1666/39 2513/1667/4
f 2434/1666/39 2435/1529/36 2436/1528/4 2513/1667/4
f 2513/1667/4 2436/1528/4 2437/1531/4 2514/1668/4
f 2514/1669/1 2437/1535/1 2438/1534/1 2509/1657/1
f 2514/1669/1 2509/1657/1 2510/1658/1 2515/1670/1
f 2510/1659/6 2511/1660/6 2512/1663/6 2515/1671/6
f 2512/1664/4 2513/1667/4 2514/1668/4 2515/1672/4
f 2450/1583/2 2451/1579/2 2440/1576/2 2516/1673/2
f 2516/1673/2 2440/1576/2 2441/1575/2 2517/1674/2
f 2517/1675/5 2441/1573/5 2442/1570/5 2518/1676/5
f 2442/1570/5 2443/1569/5 2444/1677/5 2518/1676/5
f 2518/1676/5 2444/1677/5 2445/1678/5 2519/1679/5
f 2519/1680/6 2445/1681/6 2446/1682/6 2520/1683/6
f 2446/1682/6 2447/1591/6 2448/1589/6 2520/1683/6
f 2520/1683/6 2448/1589/6 2449/1588/6 2521/1684/6
f 2521/1685/2 2449/1585/2 2450/1583/2 2516/1673/2
f 2521/1685/2 2516/1673/2 2517/1674/2 2522/1686/2
f 2517/1675/5 2518/1676/5 2519/1679/5 2522/1687/5
f 2519/1680/6 2520/1683/6 2521/1684/6 2522/1688/6
f 2462/1689/1 2463/1602/1 2452/1599/1 2523/1690/1
f 2523/1690/1 2452/1599/1 2453/1598/1 2524/1691/1
f 2524/1692/2 2453/1596/2 2454/1593/2 2525/1693/2
f 2454/1593/2 2455/1592/1 2456/1694/35 2525/1693/2
f 2525/1693/2 2456/1694/35 2457/1695/5 2526/1696/2
f 2526/1697/6 2457/1698/5 2458/1699/5 2527/1700/6
f 2458/1699/5 2459/1701/1 2460/1702/6 2527/1700/6
f 2527/1700/6 2460/1702/6 2461/1703/6 2528/1704/6
f 2528/1705/1 2461/1706/1 2462/1689/1 2523/1690/1
f 2528/1705/1 2523/1690/1 2524/1691/1 2529/1707/1
f 2524/1692/2 2525/1693/2 2526/1696/2 2529/1708/2
f 2526/1697/6 2527/1700/6 2528/1704/6 2529/1709/6
f 2474/1607/3 2475/1606/3 2464/1710/3 2530/1711/3
f 2530/1711/3 2464/1710/3 2465/1712/3 2531/1713/3
f 2531/1714/5 2465/1715/5 2466/1716/5 2532/1717/5
f 2466/1716/5 2467/1572/5 2468/1571/5 2532/1717/5
f 2532/1717/5 2468/1571/5 2469/1574/5 2533/1718/5
f 2533/1719/2 2469/1578/2 2470/1577/2 2534/1720/2
f 2470/1577/2 2471/1580/2 2472/1613/2 2534/1720/2
f 2534/1720/2 2472/1613/2 2473/1612/2 2535/1721/2
f 2535/1722/3 2473/1609/3 2474/1607/3 2530/1711/3
f 2535/1722/3 2530/1711/3 2531/1713/3 2536/1723/3
f 2531/1714/5 2532/1717/5 2533/1718/5 2536/1724/5
f 2533/1719/2 2534/1720/2 2535/1721/2 2536/1725/2
f 2486/1600/1 2487/1603/1 2476/1726/1 2537/1727/1
f 2537/1727/1 2476/1726/1 2477/1728/1 2538/1729/1
f 2538/1730/3 2477/1731/3 2478/1732/3 2539/1733/3
f 2478/1732/3 2479/1734/2 2480/1735/5 2539/1733/3
f 2539/1733/3 2480/1735/5 2481/1736/5 2540/1737/3
f 2540/1738/2 2481/1739/4 2482/1740/6 2541/1741/2
f 2482/1740/6 2483/1595/6 2484/1594/2 2541/1741/2
f 2541/1741/2 2484/1594/2 2485/1597/2 2542/1742/2
f 2542/1743/1 2485/1601/1 2486/1600/1 2537/1727/1
f 2542/1743/1 2537/1727/1 2538/1729/1 2543/1744/1
f 2538/1730/3 2539/1733/3 2540/1737/3 2543/1745/3
f 2540/1738/2 2541/1741/2 2542/1742/2 2543/1746/2
f 2545/1747/31 2544/1748/5 2411/1749/35 2435/1750/36
f 2546/1751/3 2545/1747/31 2435/1750/36 2434/1752/39
f 2547/1753/5 2546/1751/3 2434/1752/39 2433/1754/1
f 2548/1755/2 2547/1756/1 2433/1757/5 2432/1758/6
f 2549/1759/40 2548/1755/2 2432/1758/6 2431/1760/1
f 2431/1760/1 2575/1761/37 2576/1762/40 2549/1759/40
f 2551/1763/2 2550/1764/1 2459/1765/1 2458/1766/5
f 2552/1767/1 2551/1763/2 2458/1766/5 2457/1768/5
f 2553/1769/6 2552/1770/5 2457/1771/5 2456/1772/35
f 2554/1773/41 2553/1769/6 2456/1772/35 2455/1774/1
f 2555/1775/42 2554/1773/41 2455/1774/1 2483/1776/6
f 2556/1777/6 2555/1775/42 2483/1776/6 2482/1778/6
f 2557/1779/5 2556/1777/6 2482/1778/6 2481/1780/4
f 2558/1781/4 2557/1782/1 2481/1783/5 2480/1784/5
f 2559/1785/4 2558/1781/4 2480/1784/5 2479/1786/2
f 2560/1787/43 2565/1788/5 2566/1789/29 2415/1790/34
f 2561/1791/4 2560/1787/43 2415/1790/34 2414/1792/3
f 2562/1793/1 2561/1791/4 2414/1792/3 2413/1794/5
f 2563/1795/5 2562/1796/5 2413/1797/38 2412/1798/3
f 2544/1748/5 2563/1795/5 2412/1798/3 2411/1749/35
f 2586/1799/3 2631/1800/3 2608/1616/3 2564/1483/3
f 2566/1789/29 2565/1788/5 2587/1801/4 2588/1802/4
f 2567/1520/3 2566/1524/29 2588/1803/4 2589/1804/3
f 2568/1521/3 2567/1520/3 2589/1804/3 2590/1805/3
f 2569/1514/1 2568/1518/1 2590/1806/1 2591/1807/1
f 2570/1515/1 2569/1514/1 2591/1807/1 2592/1808/1
f 2571/1568/1 2570/1515/1 2592/1808/1 2593/1809/1
f 2572/1564/1 2571/1568/1 2593/1809/1 2594/1810/1
f 2573/1565/1 2572/1564/1 2594/1810/1 2595/1811/1
f 2574/1558/6 2573/1562/6 2595/1812/6 2596/1813/6
f 2575/1559/37 2574/1558/6 2596/1813/6 2597/1814/4
f 2597/1815/4 2598/1816/44 2576/1762/40 2575/1761/37
f 2619/1615/6 2620/1817/6 2599/1818/6 2577/1546/6
f 2578/1542/6 2577/1546/6 2599/1818/6 2600/1819/6
f 2579/1543/6 2578/1542/6 2600/1819/6 2601/1820/6
f 2580/1537/5 2579/1540/5 2601/1821/5 2602/1822/5
f 2581/1538/5 2580/1537/5 2602/1822/5 2603/1823/5
f 2603/1823/5 2604/1824/5 2582/1491/5 2581/1538/5
f 2583/1487/5 2582/1491/5 2604/1824/5 2605/1825/5
f 2584/1488/5 2583/1487/5 2605/1825/5 2606/1826/5
f 2585/1482/3 2584/1485/3 2606/1827/3 2607/1828/3
f 2564/1483/3 2585/1482/3 2607/1828/3 2586/1799/3
f 2475/1606/3 2630/1605/3 2631/1800/3 2586/1799/3
f 2588/1802/4 2587/1801/4 2559/1785/4 2479/1786/2
f 2589/1804/3 2588/1803/4 2479/1734/2 2478/1732/3
f 2590/1805/3 2589/1804/3 2478/1732/3 2477/1731/3
f 2591/1807/1 2590/1806/1 2477/1728/1 2476/1726/1
f 2592/1808/1 2591/1807/1 2476/1726/1 2487/1603/1
f 2593/1809/1 2592/1808/1 2487/1603/1 2463/1602/1
f 2594/1810/1 2593/1809/1 2463/1602/1 2462/1689/1
f 2595/1811/1 2594/1810/1 2462/1689/1 2461/1706/1
f 2596/1813/6 2595/1812/6 2461/1703/6 2460/1702/6
f 2597/1814/4 2596/1813/6 2460/1702/6 2459/1701/1
f 2550/1764/1 2598/1816/44 2597/1815/4 2459/1765/1
f 2599/1818/6 2620/1817/6 2621/1590/6 2447/1591/6
f 2600/1819/6 2599/1818/6 2447/1591/6 2446/1682/6
f 2601/1820/6 2600/1819/6 2446/1682/6 2445/1681/6
f 2602/1822/5 2601/1821/5 2445/1678/5 2444/1677/5
f 2603/1823/5 2602/1822/5 2444/1677/5 2443/1569/5
f 2467/1572/5 2604/1824/5 2603/1823/5 2443/1569/5
f 2605/1825/5 2604/1824/5 2467/1572/5 2466/1716/5
f 2606/1826/5 2605/1825/5 2466/1716/5 2465/1715/5
f 2607/1828/3 2606/1827/3 2465/1712/3 2464/1710/3
f 2586/1799/3 2607/1828/3 2464/1710/3 2475/1606/3
f 2609/1503/3 2608/1616/3 2565/1829/5 2560/1830/43
f 2560/1830/43 2561/1831/4 2610/1499/3 2609/1503/3
f 2561/1831/4 2562/1832/1 2611/1500/3 2610/1499/3
f 2562/1833/5 2563/1834/5 2612/1494/4 2611/1497/4
f 2613/1495/4 2612/1494/4 2563/1834/5 2544/1835/5
f 2544/1835/5 2545/1836/31 2614/1557/4 2613/1495/4
f 2545/1836/31 2546/1837/3 2615/1553/4 2614/1557/4
f 2546/1837/3 2547/1838/5 2616/1554/4 2615/1553/4
f 2547/1839/1 2548/1840/2 2617/1548/6 2616/1551/6
f 2548/1840/2 2549/1841/40 2618/1549/6 2617/1548/6
f 2576/1842/40 2619/1615/6 2618/1549/6 2549/1841/40
f 2576/1842/40 2598/1843/44 2620/1817/6 2619/1615/6
f 2621/1590/6 2620/1817/6 2598/1843/44 2550/1844/1
f 2550/1844/1 2551/1845/2 2622/1586/6 2621/1590/6
f 2551/1845/2 2552/1846/1 2623/1587/6 2622/1586/6
f 2552/1847/5 2553/1848/6 2624/1581/2 2623/1584/2
f 2553/1848/6 2554/1849/41 2625/1582/2 2624/1581/2
f 2554/1849/41 2555/1850/42 2626/1614/2 2625/1582/2
f 2555/1850/42 2556/1851/6 2627/1610/2 2626/1614/2
f 2556/1851/6 2557/1852/5 2628/1611/2 2627/1610/2
f 2557/1853/1 2558/1854/4 2629/1604/3 2628/1608/3
f 2558/1854/4 2559/1855/4 2630/1605/3 2629/1604/3
f 2631/1800/3 2630/1605/3 2559/1855/4 2587/1856/4
f 2608/1616/3 2631/1800/3 2587/1856/4 2565/1829/5
f 2634/976/3 2825/830/3 2804/831/3 2635/978/3
f 2824/833/3 2825/830/3 2634/976/3 2633/975/3
f 2823/836/5 2824/837/5 2633/972/5 2632/970/5
f 2822/839/5 2823/836/5 2632/970/5 2643/852/5
f 2638/984/4 2803/842/3 2784/843/4 2639/860/4
f 2802/845/5 2803/842/3 2638/984/4 2637/983/4
f 2801/848/2 2802/849/5 2637/980/3 2636/979/3
f 2800/851/2 2801/848/2 2636/979/3 2635/978/3
f 2643/852/5 2642/853/5 2660/854/5 2659/855/5
f 2642/853/5 2641/856/5 2661/857/5 2660/854/5
f 2641/856/4 2640/858/4 2662/859/4 2661/857/4
f 2640/858/4 2639/860/4 2663/861/4 2662/859/4
f 2809/864/1 2810/865/1 2647/882/1 2646/997/1
f 2808/867/1 2809/864/1 2646/997/1 2645/996/1
f 2807/870/3 2808/871/3 2645/993/3 2644/991/3
f 2806/873/5 2807/870/3 2644/991/3 2655/990/3
f 2651/874/45 2650/875/4 2676/876/4 2675/877/4
f 2650/875/4 2649/878/4 2677/879/4 2676/876/4
f 2649/878/1 2648/880/1 2678/881/1 2677/879/1
f 2648/880/1 2647/882/1 2679/883/1 2678/881/1
f 2820/886/5 2821/887/5 2659/855/5 2658/1016/5
f 2819/889/5 2820/886/5 2658/1016/5 2657/1015/5
f 2818/892/6 2819/893/6 2657/1012/6 2656/1010/6
f 2817/895/6 2818/892/6 2656/1010/6 2667/1009/6
f 2788/898/4 2789/899/1 2667/1009/6 2666/1008/6
f 2787/901/15 2788/898/4 2666/1008/6 2665/1021/6
f 2786/903/3 2787/901/5 2665/1021/4 2664/1020/4
f 2785/905/4 2786/903/3 2664/1020/4 2663/861/4
f 2814/908/6 2815/909/2 2671/1032/46 2670/1030/6
f 2813/911/6 2814/908/6 2670/1030/6 2669/1029/6
f 2812/914/1 2813/915/1 2669/1026/1 2668/1024/1
f 2811/917/1 2812/914/1 2668/1024/1 2679/883/1
f 2683/918/5 2682/919/5 2708/920/5 2707/921/5
f 2682/919/5 2681/922/5 2709/923/5 2708/920/5
f 2681/924/2 2680/925/2 2710/926/2 2709/927/2
f 2680/925/2 2691/928/2 2711/929/2 2710/926/2
f 2793/932/6 2794/933/2 2691/928/2 2690/1040/2
f 2792/935/1 2793/932/6 2690/1040/2 2689/1054/2
f 2791/937/4 2792/935/1 2689/1054/6 2688/1053/6
f 2790/939/4 2791/937/4 2688/1053/6 2687/1052/6
f 2695/940/2 2694/941/2 2724/942/2 2723/943/6
f 2694/941/2 2693/944/2 2725/945/2 2724/942/2
f 2693/946/1 2692/947/1 2726/948/1 2725/949/1
f 2692/947/1 2703/950/1 2727/951/1 2726/948/1
f 2798/954/2 2799/955/1 2715/1077/3 2714/1076/3
f 2797/957/1 2798/954/2 2714/1076/3 2713/1090/3
f 2796/959/6 2797/957/5 2713/1090/2 2712/1089/2
f 2795/961/3 2796/959/6 2712/1089/2 2711/929/2
f 2784/843/4 2785/905/4 2663/861/4 2639/860/4
f 2816/962/5 2817/895/6 2667/1009/6 2789/899/1
f 2794/933/2 2795/961/3 2711/929/2 2691/928/2
f 2635/978/3 2804/831/3 2805/969/4 2800/851/2
f 2647/882/1 2810/865/1 2811/917/1 2679/883/1
f 2659/855/5 2821/887/5 2822/839/5 2643/852/5
f 2642/853/5 2643/852/5 2632/970/5 2728/971/5
f 2728/971/5 2632/970/5 2633/972/5 2729/973/5
f 2729/974/3 2633/975/3 2634/976/3 2730/977/3
f 2634/976/3 2635/978/3 2636/979/3 2730/977/3
f 2730/977/3 2636/979/3 2637/980/3 2731/981/3
f 2731/982/4 2637/983/4 2638/984/4 2732/985/4
f 2638/984/4 2639/860/4 2640/858/4 2732/985/4
f 2732/985/4 2640/858/4 2641/856/4 2733/986/4
f 2733/986/5 2641/856/5 2642/853/5 2728/971/5
f 2733/986/5 2728/971/5 2729/973/5 2734/987/5
f 2729/974/3 2730/977/3 2731/981/3 2734/988/3
f 2731/982/4 2732/985/4 2733/986/4 2734/987/4
f 2654/989/3 2655/990/3 2644/991/3 2735/992/3
f 2735/992/3 2644/991/3 2645/993/3 2736/994/3
f 2736/995/1 2645/996/1 2646/997/1 2737/998/1
f 2646/997/1 2647/882/1 2648/880/1 2737/998/1
f 2737/998/1 2648/880/1 2649/878/1 2738/999/1
f 2738/999/4 2649/878/4 2650/875/4 2739/1000/4
f 2650/875/4 2651/874/45 2652/1001/3 2739/1000/4
f 2739/1000/4 2652/1001/3 2653/1002/3 2740/1003/4
f 2740/1004/3 2653/1005/5 2654/989/3 2735/992/3
f 2740/1004/3 2735/992/3 2736/994/3 2741/1006/3
f 2736/995/1 2737/998/1 2738/999/1 2741/1007/1
f 2738/999/4 2739/1000/4 2740/1003/4 2741/1007/4
f 2666/1008/6 2667/1009/6 2656/1010/6 2742/1011/6
f 2742/1011/6 2656/1010/6 2657/1012/6 2743/1013/6
f 2743/1014/5 2657/1015/5 2658/1016/5 2744/1017/5
f 2658/1016/5 2659/855/5 2660/854/5 2744/1017/5
f 2744/1017/5 2660/854/5 2661/857/5 2745/1018/5
f 2745/1018/4 2661/857/4 2662/859/4 2746/1019/4
f 2662/859/4 2663/861/4 2664/1020/4 2746/1019/4
f 2746/1019/4 2664/1020/4 2665/1021/4 2747/1022/4
f 2747/1022/6 2665/1021/6 2666/1008/6 2742/1011/6
f 2747/1022/6 2742/1011/6 2743/1013/6 2748/1023/6
f 2743/1014/5 2744/1017/5 2745/1018/5 2748/1023/5
f 2745/1018/4 2746/1019/4 2747/1022/4 2748/1023/4
f 2678/881/1 2679/883/1 2668/1024/1 2749/1025/1
f 2749/1025/1 2668/1024/1 2669/1026/1 2750/1027/1
f 2750/1028/6 2669/1029/6 2670/1030/6 2751/1031/6
f 2670/1030/6 2671/1032/46 2672/1033/6 2751/1031/6
f 2751/1031/6 2672/1033/6 2673/1034/15 2752/1035/6
f 2752/1035/4 2673/1034/1 2674/1036/5 2753/1037/4
f 2674/1036/5 2675/877/4 2676/876/4 2753/1037/4
f 2753/1037/4 2676/876/4 2677/879/4 2754/1038/4
f 2754/1038/1 2677/879/1 2678/881/1 2749/1025/1
f 2754/1038/1 2749/1025/1 2750/1027/1 2755/1039/1
f 2750/1028/6 2751/1031/6 2752/1035/6 2755/1039/6
f 2752/1035/4 2753/1037/4 2754/1038/4 2755/1039/4
f 2690/1040/2 2691/928/2 2680/925/2 2756/1041/2
f 2756/1041/2 2680/925/2 2681/924/2 2757/1042/2
f 2757/1043/5 2681/922/5 2682/919/5 2758/1044/5
f 2682/919/5 2683/918/5 2684/1045/5 2758/1044/5
f 2758/1044/5 2684/1045/5 2685/1046/5 2759/1047/5
f 2759/1048/6 2685/1049/6 2686/1050/6 2760/1051/6
f 2686/1050/6 2687/1052/6 2688/1053/6 2760/1051/6
f 2760/1051/6 2688/1053/6 2689/1054/6 2761/1055/6
f 2761/1055/2 2689/1054/2 2690/1040/2 2756/1041/2
f 2761/1055/2 2756/1041/2 2757/1042/2 2762/1056/2
f 2757/1043/5 2758/1044/5 2759/1047/5 2762/1057/5
f 2759/1048/6 2760/1051/6 2761/1055/6 2762/1056/6
f 2702/1058/1 2703/950/1 2692/947/1 2763/1059/1
f 2763/1059/1 2692/947/1 2693/946/1 2764/1060/1
f 2764/1061/2 2693/944/2 2694/941/2 2765/1062/2
f 2694/941/2 2695/940/2 2696/1063/5 2765/1062/2
f 2765/1062/2 2696/1063/5 2697/1064/5 2766/1065/2
f 2766/1065/6 2697/1064/5 2698/1066/5 2767/1067/6
f 2698/1066/5 2699/1068/5 2700/1069/6 2767/1067/6
f 2767/1067/6 2700/1069/6 2701/1070/6 2768/1071/6
f 2768/1072/1 2701/1073/1 2702/1058/1 2763/1059/1
f 2768/1072/1 2763/1059/1 2764/1060/1 2769/1074/1
f 2764/1061/2 2765/1062/2 2766/1065/2 2769/1075/2
f 2766/1065/6 2767/1067/6 2768/1071/6 2769/1075/6
f 2714/1076/3 2715/1077/3 2704/1078/3 2770/1079/3
f 2770/1079/3 2704/1078/3 2705/1080/3 2771/1081/3
f 2771/1082/5 2705/1083/5 2706/1084/5 2772/1085/5
f 2706/1084/5 2707/921/5 2708/920/5 2772/1085/5
f 2772/1085/5 2708/920/5 2709/923/5 2773/1086/5
f 2773/1087/2 2709/927/2 2710/926/2 2774/1088/2
f 2710/926/2 2711/929/2 2712/1089/2 2774/1088/2
f 2774/1088/2 2712/1089/2 2713/1090/2 2775/1091/2
f 2775/1091/3 2713/1090/3 2714/1076/3 2770/1079/3
f 2775/1091/3 2770/1079/3 2771/1081/3 2776/1092/3
f 2771/1082/5 2772/1085/5 2773/1086/5 2776/1093/5
f 2773/1087/2 2774/1088/2 2775/1091/2 2776/1092/2
f 2726/948/1 2727/951/1 2716/1094/1 2777/1095/1
f 2777/1095/1 2716/1094/1 2717/1096/1 2778/1097/1
f 2778/1098/3 2717/1099/3 2718/1100/3 2779/1101/3
f 2718/1100/3 2719/1102/2 2720/1103/5 2779/1101/3
f 2779/1101/3 2720/1103/5 2721/1104/5 2780/1105/3
f 2780/1105/2 2721/1104/47 2722/1106/42 2781/1107/2
f 2722/1106/42 2723/943/6 2724/942/2 2781/1107/2
f 2781/1107/2 2724/942/2 2725/945/2 2782/1108/2
f 2782/1109/1 2725/949/1 2726/948/1 2777/1095/1
f 2782/1109/1 2777/1095/1 2778/1097/1 2783/1110/1
f 2778/1098/3 2779/1101/3 2780/1105/3 2783/1111/3
f 2780/1105/2 2781/1107/2 2782/1108/2 2783/1111/2
f 2785/905/4 2784/843/4 2651/874/45 2675/877/4
f 2786/903/3 2785/905/4 2675/877/4 2674/1036/5
f 2787/901/5 2786/903/3 2674/1036/5 2673/1034/1
f 2788/898/4 2787/901/15 2673/1034/15 2672/1033/6
f 2789/899/1 2788/898/4 2672/1033/6 2671/1032/46
f 2671/1032/46 2815/909/2 2816/962/5 2789/899/1
f 2791/937/4 2790/939/4 2699/1068/5 2698/1066/5
f 2792/935/1 2791/937/4 2698/1066/5 2697/1064/5
f 2793/932/6 2792/935/1 2697/1064/5 2696/1063/5
f 2794/933/2 2793/932/6 2696/1063/5 2695/940/2
f 2795/961/3 2794/933/2 2695/940/2 2723/943/6
f 2796/959/6 2795/961/3 2723/943/6 2722/1106/42
f 2797/957/5 2796/959/6 2722/1106/42 2721/1104/47
f 2798/954/2 2797/957/1 2721/1104/5 2720/1103/5
f 2799/955/1 2798/954/2 2720/1103/5 2719/1102/2
f 2800/851/2 2805/969/4 2806/873/5 2655/990/3
f 2801/848/2 2800/851/2 2655/990/3 2654/989/3
f 2802/849/5 2801/848/2 2654/989/3 2653/1005/5
f 2803/842/3 2802/845/5 2653/1002/3 2652/1001/3
f 2784/843/4 2803/842/3 2652/1001/3 2651/874/45
f 2715/1077/3 2799/955/1 2805/969/4 2804/831/3
f 2806/873/5 2805/969/4 2799/955/1 2719/1102/2
f 2807/870/3 2806/873/5 2719/1102/2 2718/1100/3
f 2808/871/3 2807/870/3 2718/1100/3 2717/1099/3
f 2809/864/1 2808/867/1 2717/1096/1 2716/1094/1
f 2810/865/1 2809/864/1 2716/1094/1 2727/951/1
f 2811/917/1 2810/865/1 2727/951/1 2703/950/1
f 2812/914/1 2811/917/1 2703/950/1 2702/1058/1
f 2813/915/1 2812/914/1 2702/1058/1 2701/1073/1
f 2814/908/6 2813/911/6 2701/1070/6 2700/1069/6
f 2815/909/2 2814/908/6 2700/1069/6 2699/1068/5
f 2790/939/4 2816/962/5 2815/909/2 2699/1068/5
f 2816/962/5 2790/939/4 2687/1052/6 2817/895/6
f 2818/892/6 2817/895/6 2687/1052/6 2686/1050/6
f 2819/893/6 2818/892/6 2686/1050/6 2685/1049/6
f 2820/886/5 2819/889/5 2685/1046/5 2684/1045/5
f 2821/887/5 2820/886/5 2684/1045/5 2683/918/5
f 2707/921/5 2822/839/5 2821/887/5 2683/918/5
f 2823/836/5 2822/839/5 2707/921/5 2706/1084/5
f 2824/837/5 2823/836/5 2706/1084/5 2705/1083/5
f 2825/830/3 2824/833/3 2705/1080/3 2704/1078/3
f 2804/831/3 2825/830/3 2704/1078/3 2715/1077/3
f 2829/1857/48 2828/1857/48 2877/1857/48 2888/1857/48
f 2828/1858/48 2827/1859/48 2878/1860/48 2877/1858/48
f 2827/1861/5 2826/1862/5 2879/1863/5 2878/1864/5
f 2826/1862/5 2837/1865/5 2880/1866/5 2879/1863/5
f 2837/1865/5 2836/1867/5 2847/1868/5 2846/1869/5
f 2836/1867/5 2835/1870/5 2848/1871/5 2847/1868/5
f 2835/987/3 2834/1872/3 2849/1872/3 2848/987/3
f 2834/1857/3 2833/1857/3 2850/1857/3 2849/1857/3
f 2846/1869/5 2845/1873/5 2864/1874/5 2863/1875/5
f 2845/1873/5 2844/1876/5 2865/1877/5 2864/1874/5
f 2844/1878/4 2843/1879/4 2866/1880/4 2865/1881/4
f 2843/1879/4 2854/1882/4 2867/1883/4 2866/1880/4
f 2854/1882/4 2853/1884/4 2856/1885/4 2855/1886/4
f 2853/1884/4 2852/1887/4 2857/1888/4 2856/1885/4
f 2852/1889/3 2851/1872/3 2858/1872/3 2857/1888/3
f 2851/1857/3 2850/1857/3 2859/1857/3 2858/1857/3
f 2863/1875/5 2862/1890/5 2881/1891/5 2880/1866/5
f 2862/1890/5 2861/1892/5 2882/1893/5 2881/1891/5
f 2861/1894/6 2860/1895/6 2883/1896/6 2882/1897/6
f 2860/1895/6 2871/1898/6 2884/1899/6 2883/1896/6
f 2871/1898/6 2870/1900/6 2873/1901/6 2872/1902/6
f 2870/1900/6 2869/1903/6 2874/1904/6 2873/1901/6
f 2869/1903/4 2868/1905/4 2875/1906/4 2874/1904/4
f 2868/1905/4 2867/1883/4 2876/1907/4 2875/1906/4
f 2888/1857/48 2887/1857/48 2890/1857/49 2889/1857/49
f 2887/1858/48 2886/1908/48 2891/1904/49 2890/1858/49
f 2886/1909/6 2885/1910/6 2892/1911/6 2891/1912/6
f 2885/1910/6 2884/1899/6 2893/1913/6 2892/1911/6
f 2901/1914/1 2900/1915/1 2938/1916/1 2937/1917/1
f 2900/1915/1 2899/1918/1 2939/1919/1 2938/1916/1
f 2899/1918/50 2898/1858/51 2940/1858/51 2939/1919/50
f 2898/1857/51 2897/1857/51 2941/1857/51 2940/1857/51
f 2905/1857/3 2904/1857/3 2910/1857/3 2909/1857/3
f 2904/1872/3 2903/1920/3 2911/1921/3 2910/1872/3
f 2903/1920/1 2902/1922/1 2912/1923/1 2911/1921/1
f 2902/1922/1 2901/1914/1 2913/1924/1 2912/1923/1
f 2909/1857/3 2908/1857/3 2998/1857/3 2997/1857/3
f 2908/1872/3 2907/1925/3 2999/1926/3 2998/1872/3
f 2907/1927/4 2906/1928/4 3000/1929/4 2999/1930/4
f 2906/1928/4 2917/1931/4 3001/1932/4 3000/1929/4
f 2917/1931/4 2916/1933/4 2922/1934/4 2921/1935/4
f 2916/1933/4 2915/1936/4 2923/1937/4 2922/1934/4
f 2915/1938/1 2914/1939/1 2924/1940/1 2923/1941/1
f 2914/1939/1 2913/1924/1 2925/1942/1 2924/1940/1
f 2921/1935/4 2920/1943/4 3008/1944/4 3007/1945/4
f 2920/1943/4 2919/1946/4 3009/1947/4 3008/1944/4
f 2919/1946/6 2918/1948/6 3010/1949/6 3009/1947/6
f 2918/1948/6 2929/1950/6 3011/1951/6 3010/1949/6
f 2929/1950/6 2928/1952/6 2934/1953/6 2933/1954/6
f 2928/1952/6 2927/1955/6 2935/1956/6 2934/1953/6
f 2927/1957/1 2926/1958/1 2936/1959/1 2935/1960/1
f 2926/1958/1 2925/1942/1 2937/1917/1 2936/1959/1
f 2933/1954/6 2932/1961/6 3018/1962/6 3017/1963/6
f 2932/1961/6 2931/1964/6 3019/1965/6 3018/1962/6
f 2931/1966/51 2930/1858/51 3020/1858/52 3019/1965/52
f 2930/1857/51 2941/1857/51 3021/1857/53 3020/1857/52
f 2976/1967/4 2975/1968/4 2978/1969/4 2977/1970/4
f 2975/1968/4 2974/1971/4 2979/1972/4 2978/1969/4
f 2974/1973/3 2973/1872/3 2980/1872/3 2979/1972/3
f 2973/1857/3 2972/1857/3 2981/1857/3 2980/1857/3
f 2986/1857/3 2985/1857/3 2988/1857/3 2987/1857/3
f 2985/1872/3 2984/1972/3 2989/1972/3 2988/1872/3
f 2984/1972/54 2983/1858/55 2990/1858/52 2989/1972/52
f 2983/1857/55 2982/1857/55 2991/1857/52 2990/1857/52
f 3026/1857/3 3025/1857/3 3028/1857/3 3027/1857/3
f 3025/1872/3 3024/1965/3 3029/1965/3 3028/1872/3
f 3024/1965/56 3023/1858/56 3030/1858/57 3029/1965/58
f 3023/1857/56 3022/1857/56 3031/1857/57 3030/1857/57
f 2972/1857/3 2946/1857/3 2951/1857/3 2981/1857/3
f 2962/1974/4 2976/1967/4 2977/1970/4 2967/1975/4
f 2952/1976/6 2966/1977/6 2971/1978/6 2957/1979/6
f 2942/1857/59 2956/1857/59 2961/1857/60 2947/1857/60
f 2901/1914/1 2937/1917/1 2925/1942/1 2913/1924/1
f 2880/1866/5 2837/1865/5 2846/1869/5 2863/1875/5
f 3022/1857/56 3036/1857/56 3041/1857/57 3031/1857/57
f 3032/1980/6 3046/1981/6 3051/1982/6 3037/1983/6
f 3042/1984/4 3056/1985/4 3061/1986/4 3047/1987/4
f 3052/1857/3 3026/1857/3 3027/1857/3 3057/1857/3
f 2992/1857/3 2986/1857/3 2987/1857/3 2997/1857/3
f 3002/1988/4 2996/1989/4 3001/1932/4 3007/1945/4
f 3012/1990/6 3006/1991/6 3011/1951/6 3017/1963/6
f 2838/1857/49 2889/1857/49 3036/1857/56 3022/1857/56
f 2893/1913/6 2872/1902/6 3046/1981/6 3032/1980/6
f 2876/1907/4 2855/1886/4 3056/1985/4 3042/1984/4
f 2859/1857/3 2842/1857/3 3026/1857/3 3052/1857/3
f 2997/1857/3 2987/1857/3 2905/1857/3 2909/1857/3
f 3007/1945/4 3001/1932/4 2917/1931/4 2921/1935/4
f 3017/1963/6 3011/1951/6 2929/1950/6 2933/1954/6
f 2991/1857/52 3021/1857/53 2941/1857/51 2897/1857/51
f 2888/1857/48 2889/1857/49 2838/1857/49 2829/1857/48
f 2871/1898/6 2872/1902/6 2893/1913/6 2884/1899/6
f 2854/1882/4 2855/1886/4 2876/1907/4 2867/1883/4
f 2833/1857/3 2842/1857/3 2859/1857/3 2850/1857/3
f 2967/1975/4 2977/1970/4 2996/1989/4 3002/1988/4
f 2957/1979/6 2971/1978/6 3006/1991/6 3012/1990/6
f 2947/1857/60 2961/1857/60 3016/1857/55 2982/1857/55
f 2981/1857/3 2951/1857/3 2986/1857/3 2992/1857/3
f 3057/1857/3 3027/1857/3 2946/1857/3 2972/1857/3
f 3047/1987/4 3061/1986/4 2976/1967/4 2962/1974/4
f 3037/1983/6 3051/1982/6 2966/1977/6 2952/1976/6
f 3031/1857/57 3041/1857/57 2956/1857/59 2942/1857/59
f 2833/1857/3 2832/1857/3 2841/1857/3 2842/1857/3
f 2832/1872/3 2831/1992/3 2840/1993/3 2841/1872/3
f 2831/1992/48 2830/1858/48 2839/1858/49 2840/1993/49
f 2830/1857/48 2829/1857/48 2838/1857/49 2839/1857/49
f 2946/1857/3 2945/1857/3 2950/1857/3 2951/1857/3
f 2945/1872/3 2944/1912/3 2949/1912/3 2950/1872/3
f 2944/1912/61 2943/1858/59 2948/1858/60 2949/1912/60
f 2943/1857/59 2942/1857/59 2947/1857/60 2948/1857/60
f 2955/1857/59 2956/1857/59 3041/1857/57 3040/1857/57
f 2954/1912/61 2955/1858/59 3040/1858/57 3039/1994/58
f 2952/1976/6 2953/1995/6 3038/1996/6 3037/1983/6
f 2953/1995/6 2954/1997/6 3039/1994/6 3038/1996/6
f 2956/1857/59 2955/1857/59 2960/1857/60 2961/1857/60
f 2955/1858/59 2954/1912/61 2959/1997/60 2960/1858/60
f 2954/1997/6 2953/1995/6 2958/1998/6 2959/1999/6
f 2953/1995/6 2952/1976/6 2957/1979/6 2958/1998/6
f 2965/2000/6 2966/1977/6 3051/1982/6 3050/2001/6
f 2964/2002/6 2965/2000/6 3050/2001/6 3049/2003/6
f 2962/1974/4 2963/2004/4 3048/2005/4 3047/1987/4
f 2963/2004/4 2964/2002/4 3049/2003/4 3048/2005/4
f 2966/1977/6 2965/2000/6 2970/2006/6 2971/1978/6
f 2965/2000/6 2964/2002/6 2969/1973/6 2970/2006/6
f 2964/2002/4 2963/2004/4 2968/2007/4 2969/1973/4
f 2963/2004/4 2962/1974/4 2967/1975/4 2968/2007/4
f 2975/1968/4 2976/1967/4 3061/1986/4 3060/2008/4
f 2974/1971/4 2975/1968/4 3060/2008/4 3059/2009/4
f 2972/1857/3 2973/1857/3 3058/1857/3 3057/1857/3
f 2973/1872/3 2974/1973/3 3059/2010/3 3058/1872/3
f 2951/1857/3 2950/1857/3 2985/1857/3 2986/1857/3
f 2950/1872/3 2949/1912/3 2984/1972/3 2985/1872/3
f 2949/1912/60 2948/1858/60 2983/1858/55 2984/1972/54
f 2948/1857/60 2947/1857/60 2982/1857/55 2983/1857/55
f 2897/1857/51 2896/1857/51 2990/1857/52 2991/1857/52
f 2896/1858/51 2895/2011/51 2989/1972/52 2990/1858/52
f 2895/2011/3 2894/1872/3 2988/1872/3 2989/1972/3
f 2894/1857/3 2905/1857/3 2987/1857/3 2988/1857/3
f 2977/1970/4 2978/1969/4 2995/2012/4 2996/1989/4
f 2978/1969/4 2979/1972/4 2994/1926/4 2995/2012/4
f 2979/1972/3 2980/1872/3 2993/1872/3 2994/1926/3
f 2980/1857/3 2981/1857/3 2992/1857/3 2993/1857/3
f 2996/1989/4 2995/2012/4 3000/1929/4 3001/1932/4
f 2995/2012/4 2994/1926/4 2999/1930/4 3000/1929/4
f 2994/1926/3 2993/1872/3 2998/1872/3 2999/1926/3
f 2993/1857/3 2992/1857/3 2997/1857/3 2998/1857/3
f 2971/1978/6 2970/2006/6 3005/2013/6 3006/1991/6
f 2970/2006/6 2969/1973/6 3004/2014/6 3005/2013/6
f 2969/1973/4 2968/2007/4 3003/2015/4 3004/2014/4
f 2968/2007/4 2967/1975/4 3002/1988/4 3003/2015/4
f 3006/1991/6 3005/2013/6 3010/1949/6 3011/1951/6
f 3005/2013/6 3004/2014/6 3009/1947/6 3010/1949/6
f 3004/2014/4 3003/2015/4 3008/1944/4 3009/1947/4
f 3003/2015/4 3002/1988/4 3007/1945/4 3008/1944/4
f 2961/1857/60 2960/1857/60 3015/1857/55 3016/1857/55
f 2960/1858/60 2959/1997/60 3014/1947/62 3015/1858/55
f 2959/1999/6 2958/1998/6 3013/2016/6 3014/2017/6
f 2958/1998/6 2957/1979/6 3012/1990/6 3013/2016/6
f 3016/1857/55 3015/1857/55 3020/1857/52 3021/1857/53
f 3015/1858/55 3014/1947/62 3019/1965/52 3020/1858/52
f 3014/2017/6 3013/2016/6 3018/1962/6 3019/1965/6
f 3013/2016/6 3012/1990/6 3017/1963/6 3018/1962/6
f 2842/1857/3 2841/1857/3 3025/1857/3 3026/1857/3
f 2841/1872/3 2840/1993/3 3024/1965/3 3025/1872/3
f 2840/1993/49 2839/1858/49 3023/1858/56 3024/1965/56
f 2839/1857/49 2838/1857/49 3022/1857/56 3023/1857/56
f 2942/1857/59 2943/1857/59 3030/1857/57 3031/1857/57
f 2943/1858/59 2944/1912/61 3029/1965/58 3030/1858/57
f 2944/1912/3 2945/1872/3 3028/1872/3 3029/1965/3
f 2945/1857/3 2946/1857/3 3027/1857/3 3028/1857/3
f 2889/1857/49 2890/1857/49 3035/1857/56 3036/1857/56
f 2890/1858/49 2891/1904/49 3034/1965/63 3035/1858/56
f 2891/1912/6 2892/1911/6 3033/2018/6 3034/2019/6
f 2892/1911/6 2893/1913/6 3032/1980/6 3033/2018/6
f 3036/1857/56 3035/1857/56 3040/1857/57 3041/1857/57
f 3035/1858/56 3034/1965/63 3039/1994/58 3040/1858/57
f 3034/2019/6 3033/2018/6 3038/1996/6 3039/1994/6
f 3033/2018/6 3032/1980/6 3037/1983/6 3038/1996/6
f 2872/1902/6 2873/1901/6 3045/2020/6 3046/1981/6
f 2873/1901/6 2874/1904/6 3044/2021/6 3045/2020/6
f 2874/1904/4 2875/1906/4 3043/2022/4 3044/2021/4
f 2875/1906/4 2876/1907/4 3042/1984/4 3043/2022/4
f 3046/1981/6 3045/2020/6 3050/2001/6 3051/1982/6
f 3045/2020/6 3044/2021/6 3049/2003/6 3050/2001/6
f 3044/2021/4 3043/2022/4 3048/2005/4 3049/2003/4
f 3043/2022/4 3042/1984/4 3047/1987/4 3048/2005/4
f 2855/1886/4 2856/1885/4 3055/2023/4 3056/1985/4
f 2856/1885/4 2857/1888/4 3054/2010/4 3055/2023/4
f 2857/1888/3 2858/1872/3 3053/1872/3 3054/2010/3
f 2858/1857/3 2859/1857/3 3052/1857/3 3053/1857/3
f 3056/1985/4 3055/2023/4 3060/2008/4 3061/1986/4
f 3055/2023/4 3054/2010/4 3059/2009/4 3060/2008/4
f 3054/2010/3 3053/1872/3 3058/1872/3 3059/2010/3
f 3053/1857/3 3052/1857/3 3057/1857/3 3058/1857/3
f 2836/1867/5 2837/1865/5 2826/1862/5 3062/2024/5
f 3062/2024/5 2826/1862/5 2827/1861/5 3063/2025/5
f 3063/2026/48 2827/1859/48 2828/1858/48 3064/2027/48
f 2828/1857/48 2829/1857/48 2830/1857/48 3064/1857/48
f 3064/2027/48 2830/1858/48 2831/1992/48 3065/2028/48
f 3065/2028/3 2831/1992/3 2832/1872/3 3066/2029/3
f 2832/1857/3 2833/1857/3 2834/1857/3 3066/1857/3
f 3066/2029/3 2834/1872/3 2835/987/3 3067/987/3
f 3067/2030/5 2835/1870/5 2836/1867/5 3062/2024/5
f 3067/2030/5 3062/2024/5 3063/2025/5 3068/987/5
f 3063/2026/48 3064/2027/48 3065/2028/48 3068/987/48
f 3065/2028/3 3066/2029/3 3067/987/3 3068/987/3
f 2853/1884/4 2854/1882/4 2843/1879/4 3069/2031/4
f 3069/2031/4 2843/1879/4 2844/1878/4 3070/2032/4
f 3070/2033/5 2844/1876/5 2845/1873/5 3071/2034/5
f 2845/1873/5 2846/1869/5 2847/1868/5 3071/2034/5
f 3071/2034/5 2847/1868/5 2848/1871/5 3072/2035/5
f 3072/987/3 2848/987/3 2849/1872/3 3073/2036/3
f 2849/1857/3 2850/1857/3 2851/1857/3 3073/1857/3
f 3073/2036/3 2851/1872/3 2852/1889/3 3074/2037/3
f 3074/2038/4 2852/1887/4 2853/1884/4 3069/2031/4
f 3074/2038/4 3069/2031/4 3070/2032/4 3075/1023/4
f 3070/2033/5 3071/2034/5 3072/2035/5 3075/1023/5
f 3072/987/3 3073/2036/3 3074/2037/3 3075/987/3
f 2870/1900/6 2871/1898/6 2860/1895/6 3076/2039/6
f 3076/2039/6 2860/1895/6 2861/1894/6 3077/2040/6
f 3077/2041/5 2861/1892/5 2862/1890/5 3078/2042/5
f 2862/1890/5 2863/1875/5 2864/1874/5 3078/2042/5
f 3078/2042/5 2864/1874/5 2865/1877/5 3079/2043/5
f 3079/2044/4 2865/1881/4 2866/1880/4 3080/2045/4
f 2866/1880/4 2867/1883/4 2868/1905/4 3080/2045/4
f 3080/2045/4 2868/1905/4 2869/1903/4 3081/2046/4
f 3081/2046/6 2869/1903/6 2870/1900/6 3076/2039/6
f 3081/2046/6 3076/2039/6 3077/2040/6 3082/1056/6
f 3077/2041/5 3078/2042/5 3079/2043/5 3082/1057/5
f 3079/2044/4 3080/2045/4 3081/2046/4 3082/1056/4
f 2887/1857/48 2888/1857/48 2877/1857/48 3083/1857/48
f 3083/2047/48 2877/1858/48 2878/1860/48 3084/2048/48
f 3084/2049/5 2878/1864/5 2879/1863/5 3085/2050/5
f 2879/1863/5 2880/1866/5 2881/1891/5 3085/2050/5
f 3085/2050/5 2881/1891/5 2882/1893/5 3086/2051/5
f 3086/2052/6 2882/1897/6 2883/1896/6 3087/2053/6
f 2883/1896/6 2884/1899/6 2885/1910/6 3087/2053/6
f 3087/2053/6 2885/1910/6 2886/1909/6 3088/2054/6
f 3088/2055/48 2886/1908/48 2887/1858/48 3083/2047/48
f 3088/2055/48 3083/2047/48 3084/2048/48 3089/1092/48
f 3084/2049/5 3085/2050/5 3086/2051/5 3089/1093/5
f 3086/2052/6 3087/2053/6 3088/2054/6 3089/1092/6
f 2904/1857/3 2905/1857/3 2894/1857/3 3090/1857/3
f 3090/2056/3 2894/1872/3 2895/2011/3 3091/2057/3
f 3091/2057/51 2895/2011/51 2896/1858/51 3092/2058/51
f 2896/1857/51 2897/1857/51 2898/1857/51 3092/1857/51
f 3092/2058/51 2898/1858/51 2899/1918/50 3093/2059/50
f 3093/2059/1 2899/1918/1 2900/1915/1 3094/2060/1
f 2900/1915/1 2901/1914/1 2902/1922/1 3094/2060/1
f 3094/2060/1 2902/1922/1 2903/1920/1 3095/2061/1
f 3095/2061/3 2903/1920/3 2904/1872/3 3090/2056/3
f 3095/2061/3 3090/2056/3 3091/2057/3 3096/1007/3
f 3091/2057/51 3092/2058/51 3093/2059/50 3096/1007/50
f 3093/2059/1 3094/2060/1 3095/2061/1 3096/1007/1
f 2916/1933/4 2917/1931/4 2906/1928/4 3097/2062/4
f 3097/2062/4 2906/1928/4 2907/1927/4 3098/2063/4
f 3098/1927/3 2907/1925/3 2908/1872/3 3099/2064/3
f 2908/1857/3 2909/1857/3 2910/1857/3 3099/1857/3
f 3099/2064/3 2910/1872/3 2911/1921/3 3100/2065/3
f 3100/2065/1 2911/1921/1 2912/1923/1 3101/2066/1
f 2912/1923/1 2913/1924/1 2914/1939/1 3101/2066/1
f 3101/2066/1 2914/1939/1 2915/1938/1 3102/2067/1
f 3102/2068/4 2915/1936/4 2916/1933/4 3097/2062/4
f 3102/2068/4 3097/2062/4 3098/2063/4 3103/1039/4
f 3098/1927/3 3099/2064/3 3100/2065/3 3103/1039/3
f 3100/2065/1 3101/2066/1 3102/2067/1 3103/1039/1
f 2928/1952/6 2929/1950/6 2918/1948/6 3104/2069/6
f 3104/2069/6 2918/1948/6 2919/1946/6 3105/2070/6
f 3105/2070/4 2919/1946/4 2920/1943/4 3106/2071/4
f 2920/1943/4 2921/1935/4 2922/1934/4 3106/2071/4
f 3106/2071/4 2922/1934/4 2923/1937/4 3107/2072/4
f 3107/2073/1 2923/1941/1 2924/1940/1 3108/2074/1
f 2924/1940/1 2925/1942/1 2926/1958/1 3108/2074/1
f 3108/2074/1 2926/1958/1 2927/1957/1 3109/2075/1
f 3109/2076/6 2927/1955/6 2928/1952/6 3104/2069/6
f 3109/2076/6 3104/2069/6 3105/2070/6 3110/1075/6
f 3105/2070/4 3106/2071/4 3107/2072/4 3110/1075/4
f 3107/2073/1 3108/2074/1 3109/2075/1 3110/1074/1
f 2940/1857/51 2941/1857/51 2930/1857/51 3111/1857/51
f 3111/2077/51 2930/1858/51 2931/1966/51 3112/2078/51
f 3112/2079/6 2931/1964/6 2932/1961/6 3113/2080/6
f 2932/1961/6 2933/1954/6 2934/1953/6 3113/2080/6
f 3113/2080/6 2934/1953/6 2935/1956/6 3114/2081/6
f 3114/2082/1 2935/1960/1 2936/1959/1 3115/2083/1
f 2936/1959/1 2937/1917/1 2938/1916/1 3115/2083/1
f 3115/2083/1 2938/1916/1 2939/1919/1 3116/2084/1
f 3116/2084/50 2939/1919/50 2940/1858/51 3111/2077/51
f 3116/2084/50 3111/2077/51 3112/2078/51 3117/1110/50
f 3112/2079/6 3113/2080/6 3114/2081/6 3117/1111/6
f 3114/2082/1 3115/2083/1 3116/2084/1 3117/1110/1
f 3352/828/2 3330/829/2 3668/2085/2 3669/2086/2
f 3330/829/2 3331/832/2 3667/2087/2 3668/2085/2
f 3331/834/5 3332/835/5 3666/2088/5 3667/2089/5
f 3332/835/5 3333/838/5 3665/2090/5 3666/2088/5
f 3289/840/3 3270/841/3 3309/842/3 3290/843/3
f 3270/841/3 3271/844/3 3308/845/3 3309/842/3
f 3271/846/2 3272/847/2 3307/848/2 3308/849/2
f 3272/847/2 3273/850/2 3306/851/2 3307/848/2
f 3129/852/5 3128/853/5 3146/854/5 3145/855/5
f 3128/853/5 3127/856/5 3147/857/5 3146/854/5
f 3127/856/3 3126/858/3 3148/859/3 3147/857/3
f 3126/858/3 3125/860/3 3149/861/3 3148/859/3
f 3344/862/1 3345/863/1 3680/2091/1 3681/2092/1
f 3345/863/1 3346/866/1 3679/2093/1 3680/2091/1
f 3346/868/2 3347/869/2 3678/2094/2 3679/2095/2
f 3347/869/2 3348/872/2 3677/2096/2 3678/2094/2
f 3137/874/3 3136/875/3 3162/876/3 3161/877/3
f 3136/875/3 3135/878/3 3163/879/3 3162/876/3
f 3135/878/1 3134/880/1 3164/881/1 3163/879/1
f 3134/880/1 3133/882/1 3165/883/1 3164/881/1
f 3334/884/5 3335/885/5 3663/2097/5 3664/2098/5
f 3335/885/5 3336/888/5 3662/2099/5 3663/2097/5
f 3336/890/4 3337/891/4 3694/2100/4 3662/2101/4
f 3337/891/4 3338/894/4 3693/2102/4 3694/2100/4
f 3284/896/4 3285/897/4 3294/898/4 3295/899/4
f 3285/897/4 3286/900/4 3293/901/4 3294/898/4
f 3286/900/3 3287/902/3 3292/903/3 3293/901/3
f 3287/902/3 3288/904/3 3291/905/3 3292/903/3
f 3339/906/4 3340/907/4 3685/2103/4 3686/2104/4
f 3340/907/4 3341/910/4 3684/2105/4 3685/2103/4
f 3341/912/1 3342/913/1 3683/2106/1 3684/2107/1
f 3342/913/1 3343/916/1 3682/2108/1 3683/2106/1
f 3169/918/5 3168/919/5 3194/920/5 3193/921/5
f 3168/919/5 3167/922/5 3195/923/5 3194/920/5
f 3167/924/6 3166/925/6 3196/926/6 3195/927/6
f 3166/925/6 3177/928/6 3197/929/6 3196/926/6
f 3279/930/6 3280/931/6 3299/932/6 3300/933/6
f 3280/931/6 3281/934/6 3298/935/6 3299/932/6
f 3281/934/4 3282/936/4 3297/937/4 3298/935/4
f 3282/936/4 3283/938/4 3296/939/4 3297/937/4
f 3181/940/6 3180/941/6 3210/942/6 3209/943/6
f 3180/941/6 3179/944/6 3211/945/6 3210/942/6
f 3179/946/1 3178/947/1 3212/948/1 3211/949/1
f 3178/947/1 3189/950/1 3213/951/1 3212/948/1
f 3274/952/2 3275/953/2 3304/954/2 3305/955/2
f 3275/953/2 3276/956/2 3303/957/2 3304/954/2
f 3276/956/6 3277/958/6 3302/959/6 3303/957/6
f 3277/958/6 3278/960/6 3301/961/6 3302/959/6
f 3288/904/3 3289/840/3 3290/843/3 3291/905/3
f 3278/960/6 3279/930/6 3300/933/6 3301/961/6
f 3349/966/2 3350/967/2 3673/2109/2 3674/2110/2
f 3343/916/1 3344/862/1 3681/2092/1 3682/2108/1
f 3664/2098/5 3665/2090/5 3333/838/5 3334/884/5
f 3128/853/5 3129/852/5 3118/970/5 3214/971/5
f 3214/971/5 3118/970/5 3119/972/5 3215/973/5
f 3215/974/2 3119/975/2 3120/976/2 3216/977/2
f 3120/976/2 3121/978/2 3122/979/2 3216/977/2
f 3216/977/2 3122/979/2 3123/980/2 3217/981/2
f 3217/982/3 3123/983/3 3124/984/3 3218/985/3
f 3124/984/3 3125/860/3 3126/858/3 3218/985/3
f 3218/985/3 3126/858/3 3127/856/3 3219/986/3
f 3219/986/5 3127/856/5 3128/853/5 3214/971/5
f 3219/986/5 3214/971/5 3215/973/5 3220/987/5
f 3215/974/2 3216/977/2 3217/981/2 3220/988/2
f 3217/982/3 3218/985/3 3219/986/3 3220/987/3
f 3140/989/2 3141/990/2 3130/991/2 3221/992/2
f 3221/992/2 3130/991/2 3131/993/2 3222/994/2
f 3222/995/1 3131/996/1 3132/997/1 3223/998/1
f 3132/997/1 3133/882/1 3134/880/1 3223/998/1
f 3223/998/1 3134/880/1 3135/878/1 3224/999/1
f 3224/999/3 3135/878/3 3136/875/3 3225/1000/3
f 3136/875/3 3137/874/3 3138/1001/3 3225/1000/3
f 3225/1000/3 3138/1001/3 3139/1002/3 3226/1003/3
f 3226/1004/2 3139/1005/2 3140/989/2 3221/992/2
f 3226/1004/2 3221/992/2 3222/994/2 3227/1006/2
f 3222/995/1 3223/998/1 3224/999/1 3227/1007/1
f 3224/999/3 3225/1000/3 3226/1003/3 3227/1007/3
f 3152/1008/4 3153/1009/4 3142/1010/4 3228/1011/4
f 3228/1011/4 3142/1010/4 3143/1012/4 3229/1013/4
f 3229/1014/5 3143/1015/5 3144/1016/5 3230/1017/5
f 3144/1016/5 3145/855/5 3146/854/5 3230/1017/5
f 3230/1017/5 3146/854/5 3147/857/5 3231/1018/5
f 3231/1018/3 3147/857/3 3148/859/3 3232/1019/3
f 3148/859/3 3149/861/3 3150/1020/3 3232/1019/3
f 3232/1019/3 3150/1020/3 3151/1021/3 3233/1022/3
f 3233/1022/4 3151/1021/4 3152/1008/4 3228/1011/4
f 3233/1022/4 3228/1011/4 3229/1013/4 3234/1023/4
f 3229/1014/5 3230/1017/5 3231/1018/5 3234/1023/5
f 3231/1018/3 3232/1019/3 3233/1022/3 3234/1023/3
f 3164/881/1 3165/883/1 3154/1024/1 3235/1025/1
f 3235/1025/1 3154/1024/1 3155/1026/1 3236/1027/1
f 3236/1028/4 3155/1029/4 3156/1030/4 3237/1031/4
f 3156/1030/4 3157/1032/4 3158/1033/4 3237/1031/4
f 3237/1031/4 3158/1033/4 3159/1034/4 3238/1035/4
f 3238/1035/3 3159/1034/3 3160/1036/3 3239/1037/3
f 3160/1036/3 3161/877/3 3162/876/3 3239/1037/3
f 3239/1037/3 3162/876/3 3163/879/3 3240/1038/3
f 3240/1038/1 3163/879/1 3164/881/1 3235/1025/1
f 3240/1038/1 3235/1025/1 3236/1027/1 3241/1039/1
f 3236/1028/4 3237/1031/4 3238/1035/4 3241/1039/4
f 3238/1035/3 3239/1037/3 3240/1038/3 3241/1039/3
f 3176/1040/6 3177/928/6 3166/925/6 3242/1041/6
f 3242/1041/6 3166/925/6 3167/924/6 3243/1042/6
f 3243/1043/5 3167/922/5 3168/919/5 3244/1044/5
f 3168/919/5 3169/918/5 3170/1045/5 3244/1044/5
f 3244/1044/5 3170/1045/5 3171/1046/5 3245/1047/5
f 3245/1048/4 3171/1049/4 3172/1050/4 3246/1051/4
f 3172/1050/4 3173/1052/4 3174/1053/4 3246/1051/4
f 3246/1051/4 3174/1053/4 3175/1054/4 3247/1055/4
f 3247/1055/6 3175/1054/6 3176/1040/6 3242/1041/6
f 3247/1055/6 3242/1041/6 3243/1042/6 3248/1056/6
f 3243/1043/5 3244/1044/5 3245/1047/5 3248/1057/5
f 3245/1048/4 3246/1051/4 3247/1055/4 3248/1056/4
f 3188/1058/1 3189/950/1 3178/947/1 3249/1059/1
f 3249/1059/1 3178/947/1 3179/946/1 3250/1060/1
f 3250/1061/6 3179/944/6 3180/941/6 3251/1062/6
f 3180/941/6 3181/940/6 3182/1063/6 3251/1062/6
f 3251/1062/6 3182/1063/6 3183/1064/6 3252/1065/6
f 3252/1065/4 3183/1064/4 3184/1066/4 3253/1067/4
f 3184/1066/4 3185/1068/4 3186/1069/4 3253/1067/4
f 3253/1067/4 3186/1069/4 3187/1070/4 3254/1071/4
f 3254/1072/1 3187/1073/1 3188/1058/1 3249/1059/1
f 3254/1072/1 3249/1059/1 3250/1060/1 3255/1074/1
f 3250/1061/6 3251/1062/6 3252/1065/6 3255/1075/6
f 3252/1065/4 3253/1067/4 3254/1071/4 3255/1075/4
f 3200/1076/2 3201/1077/2 3190/1078/2 3256/1079/2
f 3256/1079/2 3190/1078/2 3191/1080/2 3257/1081/2
f 3257/1082/5 3191/1083/5 3192/1084/5 3258/1085/5
f 3192/1084/5 3193/921/5 3194/920/5 3258/1085/5
f 3258/1085/5 3194/920/5 3195/923/5 3259/1086/5
f 3259/1087/6 3195/927/6 3196/926/6 3260/1088/6
f 3196/926/6 3197/929/6 3198/1089/6 3260/1088/6
f 3260/1088/6 3198/1089/6 3199/1090/6 3261/1091/6
f 3261/1091/2 3199/1090/2 3200/1076/2 3256/1079/2
f 3261/1091/2 3256/1079/2 3257/1081/2 3262/1092/2
f 3257/1082/5 3258/1085/5 3259/1086/5 3262/1093/5
f 3259/1087/6 3260/1088/6 3261/1091/6 3262/1092/6
f 3212/948/1 3213/951/1 3202/1094/1 3263/1095/1
f 3263/1095/1 3202/1094/1 3203/1096/1 3264/1097/1
f 3264/1098/2 3203/1099/2 3204/1100/2 3265/1101/2
f 3204/1100/2 3205/1102/2 3206/1103/2 3265/1101/2
f 3265/1101/2 3206/1103/2 3207/1104/2 3266/1105/2
f 3266/1105/6 3207/1104/6 3208/1106/6 3267/1107/6
f 3208/1106/6 3209/943/6 3210/942/6 3267/1107/6
f 3267/1107/6 3210/942/6 3211/945/6 3268/1108/6
f 3268/1109/1 3211/949/1 3212/948/1 3263/1095/1
f 3268/1109/1 3263/1095/1 3264/1097/1 3269/1110/1
f 3264/1098/2 3265/1101/2 3266/1105/2 3269/1111/2
f 3266/1105/6 3267/1107/6 3268/1108/6 3269/1111/6
f 3310/1112/3 3311/1113/3 3271/844/3 3270/841/3
f 3311/1114/2 3312/1115/2 3272/847/2 3271/846/2
f 3312/1115/2 3313/1116/2 3273/850/2 3272/847/2
f 3350/967/2 3351/1117/2 3672/2111/2 3673/2109/2
f 3314/1119/2 3315/1120/2 3275/953/2 3274/952/2
f 3315/1120/2 3316/1121/2 3276/956/2 3275/953/2
f 3316/1121/6 3317/1122/6 3277/958/6 3276/956/6
f 3317/1122/6 3318/1123/6 3278/960/6 3277/958/6
f 3318/1123/6 3319/1124/6 3279/930/6 3278/960/6
f 3319/1124/6 3320/1125/6 3280/931/6 3279/930/6
f 3320/1125/6 3321/1126/6 3281/934/6 3280/931/6
f 3321/1126/4 3322/1127/4 3282/936/4 3281/934/4
f 3322/1127/4 3323/1128/4 3283/938/4 3282/936/4
f 3324/1131/4 3325/1132/4 3285/897/4 3284/896/4
f 3325/1132/4 3326/1133/4 3286/900/4 3285/897/4
f 3326/1133/3 3327/1134/3 3287/902/3 3286/900/3
f 3327/1134/3 3328/1135/3 3288/904/3 3287/902/3
f 3328/1135/3 3329/1136/3 3289/840/3 3288/904/3
f 3329/1136/3 3310/1112/3 3270/841/3 3289/840/3
f 3511/2112/3 3512/2113/3 3137/874/3 3161/877/3
f 3510/2114/3 3511/2112/3 3161/877/3 3160/1036/3
f 3509/2115/3 3510/2114/3 3160/1036/3 3159/1034/3
f 3508/2116/4 3509/2115/4 3159/1034/4 3158/1033/4
f 3507/2117/4 3508/2116/4 3158/1033/4 3157/1032/4
f 3529/2118/4 3530/2119/4 3185/1068/4 3184/1066/4
f 3528/2120/4 3529/2118/4 3184/1066/4 3183/1064/4
f 3527/2121/6 3528/2120/6 3183/1064/6 3182/1063/6
f 3526/2122/6 3527/2121/6 3182/1063/6 3181/940/6
f 3525/2123/6 3526/2122/6 3181/940/6 3209/943/6
f 3524/2124/6 3525/2123/6 3209/943/6 3208/1106/6
f 3523/2125/6 3524/2124/6 3208/1106/6 3207/1104/6
f 3522/2126/2 3523/2125/2 3207/1104/2 3206/1103/2
f 3521/2127/2 3522/2126/2 3206/1103/2 3205/1102/2
f 3348/872/2 3518/2128/2 3676/2129/2 3677/2096/2
f 3515/2130/2 3516/2131/2 3141/990/2 3140/989/2
f 3514/2132/2 3515/2130/2 3140/989/2 3139/1005/2
f 3513/2133/3 3514/2134/3 3139/1002/3 3138/1001/3
f 3512/2113/3 3513/2133/3 3138/1001/3 3137/874/3
f 3124/984/3 3123/983/3 3463/2135/3 3464/2136/3
f 3123/980/2 3122/979/2 3462/2137/2 3463/2138/2
f 3122/979/2 3121/978/2 3461/2139/2 3462/2137/2
f 3669/2086/2 3670/2140/2 3460/2141/2 3352/828/2
f 3201/1077/2 3200/1076/2 3456/2142/2 3457/2143/2
f 3200/1076/2 3199/1090/2 3455/2144/2 3456/2142/2
f 3199/1090/6 3198/1089/6 3454/2145/6 3455/2144/6
f 3198/1089/6 3197/929/6 3453/2146/6 3454/2145/6
f 3177/928/6 3452/2147/6 3453/2146/6 3197/929/6
f 3177/928/6 3176/1040/6 3451/2148/6 3452/2147/6
f 3176/1040/6 3175/1054/6 3450/2149/6 3451/2148/6
f 3175/1054/4 3174/1053/4 3449/2150/4 3450/2149/4
f 3174/1053/4 3173/1052/4 3448/2151/4 3449/2150/4
f 3153/1009/4 3152/1008/4 3469/2152/4 3470/2153/4
f 3152/1008/4 3151/1021/4 3468/2154/4 3469/2152/4
f 3151/1021/3 3150/1020/3 3467/2155/3 3468/2154/3
f 3150/1020/3 3149/861/3 3466/2156/3 3467/2155/3
f 3125/860/3 3465/2157/3 3466/2156/3 3149/861/3
f 3125/860/3 3124/984/3 3464/2136/3 3465/2157/3
f 3120/976/2 3119/975/2 3484/2158/2 3485/2159/2
f 3119/972/5 3118/970/5 3483/2160/5 3484/2161/5
f 3118/970/5 3129/852/5 3482/2162/5 3483/2160/5
f 3481/2163/5 3482/2162/5 3129/852/5 3145/855/5
f 3145/855/5 3144/1016/5 3480/2164/5 3481/2163/5
f 3144/1016/5 3143/1015/5 3479/2165/5 3480/2164/5
f 3143/1012/4 3142/1010/4 3478/2166/4 3479/2167/4
f 3142/1010/4 3153/1009/4 3477/2168/4 3478/2166/4
f 3157/1032/4 3156/1030/4 3499/2169/4 3500/2170/4
f 3156/1030/4 3155/1029/4 3498/2171/4 3499/2169/4
f 3155/1026/1 3154/1024/1 3497/2172/1 3498/2173/1
f 3154/1024/1 3165/883/1 3496/2174/1 3497/2172/1
f 3133/882/1 3495/2175/1 3496/2174/1 3165/883/1
f 3133/882/1 3132/997/1 3494/2176/1 3495/2175/1
f 3132/997/1 3131/996/1 3493/2177/1 3494/2176/1
f 3131/993/2 3130/991/2 3492/2178/2 3493/2179/2
f 3130/991/2 3141/990/2 3491/2180/2 3492/2178/2
f 3516/2131/2 3517/2181/2 3491/2180/2 3141/990/2
f 3273/850/2 3489/2182/2 3490/2183/2 3306/851/2
f 3313/1116/2 3488/2184/2 3489/2182/2 3273/850/2
f 3486/2185/2 3487/2186/2 3461/2139/2 3121/978/2
f 3121/978/2 3120/976/2 3485/2159/2 3486/2185/2
f 3428/2187/2 3458/2188/2 3656/2189/2 3657/2190/2
f 3653/2191/2 3654/2192/2 3429/2193/2 3430/2194/2
f 3652/2195/2 3653/2191/2 3430/2194/2 3431/2196/2
f 3649/2197/2 3650/2198/2 3520/2199/2 3432/2200/2
f 3648/2201/2 3649/2197/2 3432/2200/2 3433/2202/2
f 3647/2203/2 3648/2201/2 3433/2202/2 3434/2204/2
f 3646/2205/1 3647/2206/1 3434/2207/1 3435/2208/1
f 3645/2209/1 3646/2205/1 3435/2208/1 3436/2210/1
f 3644/2211/1 3645/2209/1 3436/2210/1 3437/2212/1
f 3643/2213/1 3644/2211/1 3437/2212/1 3438/2214/1
f 3642/2215/1 3643/2213/1 3438/2214/1 3439/2216/1
f 3641/2217/4 3642/2218/4 3439/2219/4 3440/2220/4
f 3640/2221/4 3641/2217/4 3440/2220/4 3441/2222/4
f 3632/2223/4 3633/2224/4 3419/2225/4 3420/2226/4
f 3631/2227/4 3632/2223/4 3420/2226/4 3421/2228/4
f 3630/2229/5 3631/2230/5 3421/2231/5 3422/2232/5
f 3629/2233/5 3630/2229/5 3422/2232/5 3423/2234/5
f 3424/2235/5 3661/2236/5 3629/2233/5 3423/2234/5
f 3660/2237/5 3661/2236/5 3424/2235/5 3425/2238/5
f 3659/2239/5 3660/2237/5 3425/2238/5 3426/2240/5
f 3658/2241/2 3659/2242/2 3426/2243/2 3427/2244/2
f 3657/2190/2 3658/2241/2 3427/2244/2 3428/2187/2
f 3339/906/4 3686/2104/4 3687/2104/4 3377/906/4
f 3693/2102/4 3338/894/4 3378/894/4 3692/2102/4
f 3153/1009/4 3470/2153/4 3471/2153/4 3381/1009/4
f 3477/2168/4 3153/1009/4 3381/1009/4 3476/2168/4
f 3324/1131/4 3284/896/4 3382/896/4 3380/1131/4
f 3284/896/4 3295/899/4 3383/899/4 3382/896/4
f 3507/2117/4 3157/1032/4 3384/1032/4 3506/2117/4
f 3157/1032/4 3500/2170/4 3501/2170/4 3384/1032/4
f 3640/2221/4 3441/2222/4 3442/2222/4 3639/2221/4
f 3185/1068/4 3530/2119/4 3531/2119/4 3386/1068/4
f 3296/939/4 3283/938/4 3387/938/4 3385/939/4
f 3283/938/4 3323/1128/4 3388/1128/4 3387/938/4
f 3448/2151/4 3173/1052/4 3389/1052/4 3447/2151/4
f 3419/2225/4 3633/2224/4 3634/2224/4 3418/2225/4
f 3405/906/4 3689/2104/4 3762/2104/4 3763/906/4
f 3690/2102/4 3406/894/4 3781/894/4 3780/2102/4
f 3409/1009/4 3473/2153/4 3785/2153/4 3784/1009/4
f 3504/2168/4 3409/1009/4 3784/1009/4 3783/2168/4
f 3408/1131/4 3410/896/4 3789/896/4 3788/1131/4
f 3410/896/4 3411/899/4 3790/899/4 3789/896/4
f 3534/2117/4 3412/1032/4 3793/1032/4 3792/2117/4
f 3412/1032/4 3503/2170/4 3794/2170/4 3793/1032/4
f 3637/2221/4 3444/2222/4 3766/2222/4 3765/2221/4
f 3413/1068/4 3533/2119/4 3768/2119/4 3767/1068/4
f 3414/939/4 3415/938/4 3771/938/4 3770/939/4
f 3415/938/4 3416/1128/4 3772/1128/4 3771/938/4
f 3474/2151/4 3417/1052/4 3776/1052/4 3775/2151/4
f 3445/2225/4 3636/2224/4 3778/2224/4 3777/2225/4
f 3742/906/5 3743/2104/5 3688/2104/5 3391/906/5
f 3760/2102/1 3761/894/1 3392/894/1 3691/2102/1
f 3730/1009/6 3731/2153/6 3472/2153/6 3395/1009/6
f 3505/2168/1 3729/2168/1 3730/1009/1 3395/1009/1
f 3734/1131/6 3735/896/6 3396/896/6 3394/1131/6
f 3735/896/6 3736/899/6 3397/899/6 3396/896/6
f 3535/2117/6 3738/2117/6 3739/1032/6 3398/1032/6
f 3739/1032/5 3740/2170/5 3502/2170/5 3398/1032/5
f 3745/2221/5 3746/2222/5 3443/2222/5 3638/2221/5
f 3747/1068/3 3748/2119/3 3532/2119/3 3399/1068/3
f 3750/939/3 3751/938/3 3401/938/3 3400/939/3
f 3751/938/3 3752/1128/3 3402/1128/3 3401/938/3
f 3475/2151/3 3755/2151/3 3756/1052/3 3403/1052/3
f 3446/2225/1 3757/2225/1 3758/2224/1 3635/2224/1
f 3391/906/5 3688/2104/5 3689/2104/5 3405/906/5
f 3691/2102/1 3392/894/1 3406/894/1 3690/2102/1
f 3395/1009/6 3472/2153/6 3473/2153/6 3409/1009/6
f 3505/2168/1 3395/1009/1 3409/1009/1 3504/2168/1
f 3394/1131/6 3396/896/6 3410/896/6 3408/1131/6
f 3396/896/6 3397/899/6 3411/899/6 3410/896/6
f 3535/2117/6 3398/1032/6 3412/1032/6 3534/2117/6
f 3398/1032/5 3502/2170/5 3503/2170/5 3412/1032/5
f 3638/2221/5 3443/2222/5 3444/2222/5 3637/2221/5
f 3399/1068/3 3532/2119/3 3533/2119/3 3413/1068/3
f 3400/939/3 3401/938/3 3415/938/3 3414/939/3
f 3401/938/3 3402/1128/3 3416/1128/3 3415/938/3
f 3475/2151/3 3403/1052/3 3417/1052/3 3474/2151/3
f 3446/2225/1 3635/2224/1 3636/2224/1 3445/2225/1
f 3173/1052/4 3419/2225/4 3418/2225/4 3389/1052/4
f 3420/2226/4 3419/2225/4 3173/1052/4 3172/1050/4
f 3421/2228/4 3420/2226/4 3172/1050/4 3171/1049/4
f 3422/2232/5 3421/2231/5 3171/1046/5 3170/1045/5
f 3423/2234/5 3422/2232/5 3170/1045/5 3169/918/5
f 3193/921/5 3424/2235/5 3423/2234/5 3169/918/5
f 3425/2238/5 3424/2235/5 3193/921/5 3192/1084/5
f 3426/2240/5 3425/2238/5 3192/1084/5 3191/1083/5
f 3427/2244/2 3426/2243/2 3191/1080/2 3190/1078/2
f 3428/2187/2 3427/2244/2 3190/1078/2 3201/1077/2
f 3201/1077/2 3457/2143/2 3458/2188/2 3428/2187/2
f 3430/2194/2 3429/2193/2 3314/1119/2 3274/952/2
f 3431/2196/2 3430/2194/2 3274/952/2 3305/955/2
f 3432/2200/2 3520/2199/2 3521/2127/2 3205/1102/2
f 3433/2202/2 3432/2200/2 3205/1102/2 3204/1100/2
f 3434/2204/2 3433/2202/2 3204/1100/2 3203/1099/2
f 3435/2208/1 3434/2207/1 3203/1096/1 3202/1094/1
f 3436/2210/1 3435/2208/1 3202/1094/1 3213/951/1
f 3437/2212/1 3436/2210/1 3213/951/1 3189/950/1
f 3438/2214/1 3437/2212/1 3189/950/1 3188/1058/1
f 3439/2216/1 3438/2214/1 3188/1058/1 3187/1073/1
f 3440/2220/4 3439/2219/4 3187/1070/4 3186/1069/4
f 3441/2222/4 3440/2220/4 3186/1069/4 3185/1068/4
f 3442/2222/4 3441/2222/4 3185/1068/4 3386/1068/4
f 3443/2222/5 3746/2222/5 3747/1068/5 3399/1068/5
f 3444/2222/5 3443/2222/5 3399/1068/5 3413/1068/5
f 3766/2222/4 3444/2222/4 3413/1068/4 3767/1068/4
f 3417/1052/4 3445/2225/4 3777/2225/4 3776/1052/4
f 3403/1052/1 3446/2225/1 3445/2225/1 3417/1052/1
f 3756/1052/1 3757/2225/1 3446/2225/1 3403/1052/1
f 3323/1128/4 3584/2245/4 3585/2245/4 3388/1128/4
f 3583/2246/4 3584/2245/4 3323/1128/4 3322/1127/4
f 3582/2247/4 3583/2246/4 3322/1127/4 3321/1126/4
f 3581/2248/6 3582/2247/6 3321/1126/6 3320/1125/6
f 3580/2249/6 3581/2248/6 3320/1125/6 3319/1124/6
f 3579/2250/6 3580/2249/6 3319/1124/6 3318/1123/6
f 3578/2251/6 3579/2250/6 3318/1123/6 3317/1122/6
f 3577/2252/6 3578/2251/6 3317/1122/6 3316/1121/6
f 3576/2253/2 3577/2252/2 3316/1121/2 3315/1120/2
f 3575/2254/2 3576/2253/2 3315/1120/2 3314/1119/2
f 3574/2255/2 3575/2254/2 3314/1119/2 3429/2193/2
f 3655/2256/2 3574/2255/2 3429/2193/2 3654/2192/2
f 3572/2257/2 3671/2258/2 3672/2111/2 3351/1117/2
f 3570/2259/2 3571/2260/2 3488/2184/2 3313/1116/2
f 3569/2261/2 3570/2259/2 3313/1116/2 3312/1115/2
f 3568/2262/2 3569/2261/2 3312/1115/2 3311/1114/2
f 3567/2263/3 3568/2264/3 3311/1113/3 3310/1112/3
f 3566/2265/3 3567/2263/3 3310/1112/3 3329/1136/3
f 3595/2266/3 3566/2265/3 3329/1136/3 3328/1135/3
f 3594/2267/3 3595/2266/3 3328/1135/3 3327/1134/3
f 3593/2268/3 3594/2267/3 3327/1134/3 3326/1133/3
f 3592/2269/4 3593/2268/4 3326/1133/4 3325/1132/4
f 3591/2270/4 3592/2269/4 3325/1132/4 3324/1131/4
f 3590/2270/4 3591/2270/4 3324/1131/4 3380/1131/4
f 3589/2270/6 3733/2270/6 3734/1131/6 3394/1131/6
f 3588/2270/6 3589/2270/6 3394/1131/6 3408/1131/6
f 3787/2270/4 3588/2270/4 3408/1131/4 3788/1131/4
f 3416/1128/4 3587/2245/4 3773/2245/4 3772/1128/4
f 3402/1128/3 3586/2245/3 3587/2245/3 3416/1128/3
f 3752/1128/3 3753/2245/3 3586/2245/3 3402/1128/3
f 3597/2271/4 3477/2168/4 3476/2168/4 3596/2271/4
f 3478/2166/4 3477/2168/4 3597/2271/4 3598/2272/4
f 3479/2167/4 3478/2166/4 3598/2272/4 3599/2273/4
f 3480/2164/5 3479/2165/5 3599/2274/5 3600/2275/5
f 3481/2163/5 3480/2164/5 3600/2275/5 3601/2276/5
f 3601/2276/5 3602/2277/5 3482/2162/5 3481/2163/5
f 3483/2160/5 3482/2162/5 3602/2277/5 3603/2278/5
f 3484/2161/5 3483/2160/5 3603/2278/5 3604/2279/5
f 3485/2159/2 3484/2158/2 3604/2280/2 3605/2281/2
f 3486/2185/2 3485/2159/2 3605/2281/2 3606/2282/2
f 3606/2282/2 3607/2283/2 3487/2186/2 3486/2185/2
f 3488/2184/2 3571/2260/2 3608/2284/2 3609/2285/2
f 3489/2182/2 3488/2184/2 3609/2285/2 3610/2286/2
f 3490/2183/2 3489/2182/2 3610/2286/2 3611/2287/2
f 3491/2180/2 3517/2181/2 3613/2288/2 3614/2289/2
f 3492/2178/2 3491/2180/2 3614/2289/2 3615/2290/2
f 3493/2179/2 3492/2178/2 3615/2290/2 3616/2291/2
f 3494/2176/1 3493/2177/1 3616/2292/1 3617/2293/1
f 3495/2175/1 3494/2176/1 3617/2293/1 3618/2294/1
f 3496/2174/1 3495/2175/1 3618/2294/1 3619/2295/1
f 3497/2172/1 3496/2174/1 3619/2295/1 3620/2296/1
f 3498/2173/1 3497/2172/1 3620/2296/1 3621/2297/1
f 3499/2169/4 3498/2171/4 3621/2298/4 3622/2299/4
f 3500/2170/4 3499/2169/4 3622/2299/4 3623/2300/4
f 3501/2170/4 3500/2170/4 3623/2300/4 3624/2300/4
f 3502/2170/5 3740/2170/5 3741/2300/5 3625/2300/5
f 3503/2170/5 3502/2170/5 3625/2300/5 3626/2300/5
f 3794/2170/4 3503/2170/4 3626/2300/4 3795/2300/4
f 3627/2271/4 3504/2168/4 3783/2168/4 3782/2271/4
f 3628/2271/1 3505/2168/1 3504/2168/1 3627/2271/1
f 3628/2271/1 3728/2271/1 3729/2168/1 3505/2168/1
f 3295/899/4 3537/2301/4 3538/2301/4 3383/899/4
f 3295/899/4 3294/898/4 3536/2302/4 3537/2301/4
f 3294/898/4 3293/901/4 3565/2303/4 3536/2302/4
f 3293/901/3 3292/903/3 3564/2304/3 3565/2303/3
f 3292/903/3 3291/905/3 3563/2305/3 3564/2304/3
f 3291/905/3 3290/843/3 3562/2306/3 3563/2305/3
f 3290/843/3 3309/842/3 3561/2307/3 3562/2306/3
f 3309/842/3 3308/845/3 3560/2308/3 3561/2307/3
f 3308/849/2 3307/848/2 3559/2309/2 3560/2310/2
f 3307/848/2 3306/851/2 3558/2311/2 3559/2309/2
f 3306/851/2 3490/2183/2 3557/2312/2 3558/2311/2
f 3612/2313/2 3557/2312/2 3490/2183/2 3611/2287/2
f 3675/2314/2 3556/2315/2 3349/966/2 3674/2110/2
f 3554/2316/2 3651/2317/2 3652/2195/2 3431/2196/2
f 3553/2318/2 3554/2316/2 3431/2196/2 3305/955/2
f 3305/955/2 3304/954/2 3552/2319/2 3553/2318/2
f 3304/954/2 3303/957/2 3551/2320/2 3552/2319/2
f 3303/957/6 3302/959/6 3550/2321/6 3551/2320/6
f 3302/959/6 3301/961/6 3549/2322/6 3550/2321/6
f 3301/961/6 3300/933/6 3548/2323/6 3549/2322/6
f 3300/933/6 3299/932/6 3547/2324/6 3548/2323/6
f 3299/932/6 3298/935/6 3546/2325/6 3547/2324/6
f 3298/935/4 3297/937/4 3545/2326/4 3546/2325/4
f 3297/937/4 3296/939/4 3544/2327/4 3545/2326/4
f 3543/2327/4 3544/2327/4 3296/939/4 3385/939/4
f 3542/2327/3 3749/2327/3 3750/939/3 3400/939/3
f 3541/2327/3 3542/2327/3 3400/939/3 3414/939/3
f 3769/2327/4 3541/2327/4 3414/939/4 3770/939/4
f 3411/899/4 3540/2301/4 3791/2301/4 3790/899/4
f 3397/899/6 3539/2301/6 3540/2301/6 3411/899/6
f 3736/899/6 3737/2301/6 3539/2301/6 3397/899/6
f 3537/2301/4 3536/2302/4 3508/2116/4 3507/2117/4
f 3538/2301/4 3537/2301/4 3507/2117/4 3506/2117/4
f 3539/2301/6 3737/2301/6 3738/2117/6 3535/2117/6
f 3540/2301/6 3539/2301/6 3535/2117/6 3534/2117/6
f 3791/2301/4 3540/2301/4 3534/2117/4 3792/2117/4
f 3768/2119/4 3533/2119/4 3541/2327/4 3769/2327/4
f 3533/2119/3 3532/2119/3 3542/2327/3 3541/2327/3
f 3532/2119/3 3748/2119/3 3749/2327/3 3542/2327/3
f 3531/2119/4 3530/2119/4 3544/2327/4 3543/2327/4
f 3545/2326/4 3544/2327/4 3530/2119/4 3529/2118/4
f 3546/2325/4 3545/2326/4 3529/2118/4 3528/2120/4
f 3547/2324/6 3546/2325/6 3528/2120/6 3527/2121/6
f 3548/2323/6 3547/2324/6 3527/2121/6 3526/2122/6
f 3549/2322/6 3548/2323/6 3526/2122/6 3525/2123/6
f 3550/2321/6 3549/2322/6 3525/2123/6 3524/2124/6
f 3551/2320/6 3550/2321/6 3524/2124/6 3523/2125/6
f 3552/2319/2 3551/2320/2 3523/2125/2 3522/2126/2
f 3553/2318/2 3552/2319/2 3522/2126/2 3521/2127/2
f 3521/2127/2 3520/2199/2 3554/2316/2 3553/2318/2
f 3520/2199/2 3650/2198/2 3651/2317/2 3554/2316/2
f 3676/2129/2 3518/2128/2 3556/2315/2 3675/2314/2
f 3613/2288/2 3517/2181/2 3557/2312/2 3612/2313/2
f 3558/2311/2 3557/2312/2 3517/2181/2 3516/2131/2
f 3559/2309/2 3558/2311/2 3516/2131/2 3515/2130/2
f 3560/2310/2 3559/2309/2 3515/2130/2 3514/2132/2
f 3561/2307/3 3560/2308/3 3514/2134/3 3513/2133/3
f 3562/2306/3 3561/2307/3 3513/2133/3 3512/2113/3
f 3563/2305/3 3562/2306/3 3512/2113/3 3511/2112/3
f 3564/2304/3 3563/2305/3 3511/2112/3 3510/2114/3
f 3565/2303/3 3564/2304/3 3510/2114/3 3509/2115/3
f 3536/2302/4 3565/2303/4 3509/2115/4 3508/2116/4
f 3701/2328/3 3702/2329/3 3567/2263/3 3566/2265/3
f 3702/2329/3 3703/2330/3 3568/2264/3 3567/2263/3
f 3703/2331/2 3704/2332/2 3569/2261/2 3568/2262/2
f 3704/2332/2 3705/2333/2 3570/2259/2 3569/2261/2
f 3705/2333/2 3706/2334/2 3571/2260/2 3570/2259/2
f 3608/2284/2 3571/2260/2 3706/2334/2 3707/2335/2
f 3708/2336/2 3709/2337/2 3671/2258/2 3572/2257/2
f 3711/2338/2 3712/2339/2 3574/2255/2 3655/2256/2
f 3712/2339/2 3713/2340/2 3575/2254/2 3574/2255/2
f 3713/2340/2 3714/2341/2 3576/2253/2 3575/2254/2
f 3714/2341/2 3715/2342/2 3577/2252/2 3576/2253/2
f 3715/2342/6 3716/2343/6 3578/2251/6 3577/2252/6
f 3716/2343/6 3717/2344/6 3579/2250/6 3578/2251/6
f 3717/2344/6 3718/2345/6 3580/2249/6 3579/2250/6
f 3718/2345/6 3719/2346/6 3581/2248/6 3580/2249/6
f 3719/2346/6 3720/2347/6 3582/2247/6 3581/2248/6
f 3720/2347/4 3721/2348/4 3583/2246/4 3582/2247/4
f 3721/2348/4 3722/2349/4 3584/2245/4 3583/2246/4
f 3585/2245/4 3584/2245/4 3722/2349/4 3723/2349/4
f 3586/2245/3 3753/2245/3 3754/2349/3 3724/2349/3
f 3587/2245/3 3586/2245/3 3724/2349/3 3725/2349/3
f 3773/2245/4 3587/2245/4 3725/2349/4 3774/2349/4
f 3786/2350/4 3726/2350/4 3588/2270/4 3787/2270/4
f 3726/2350/6 3727/2350/6 3589/2270/6 3588/2270/6
f 3727/2350/6 3732/2350/6 3733/2270/6 3589/2270/6
f 3695/2350/4 3696/2350/4 3591/2270/4 3590/2270/4
f 3696/2350/4 3697/2351/4 3592/2269/4 3591/2270/4
f 3697/2351/4 3698/2352/4 3593/2268/4 3592/2269/4
f 3698/2352/3 3699/2353/3 3594/2267/3 3593/2268/3
f 3699/2353/3 3700/2354/3 3595/2266/3 3594/2267/3
f 3700/2354/3 3701/2328/3 3566/2265/3 3595/2266/3
f 3338/894/4 3597/2271/4 3596/2271/4 3378/894/4
f 3598/2272/4 3597/2271/4 3338/894/4 3337/891/4
f 3599/2273/4 3598/2272/4 3337/891/4 3336/890/4
f 3600/2275/5 3599/2274/5 3336/888/5 3335/885/5
f 3601/2276/5 3600/2275/5 3335/885/5 3334/884/5
f 3334/884/5 3333/838/5 3602/2277/5 3601/2276/5
f 3603/2278/5 3602/2277/5 3333/838/5 3332/835/5
f 3604/2279/5 3603/2278/5 3332/835/5 3331/834/5
f 3605/2281/2 3604/2280/2 3331/832/2 3330/829/2
f 3606/2282/2 3605/2281/2 3330/829/2 3352/828/2
f 3352/828/2 3460/2141/2 3607/2283/2 3606/2282/2
f 3572/2257/2 3608/2284/2 3707/2335/2 3708/2336/2
f 3609/2285/2 3608/2284/2 3572/2257/2 3351/1117/2
f 3610/2286/2 3609/2285/2 3351/1117/2 3350/967/2
f 3611/2287/2 3610/2286/2 3350/967/2 3349/966/2
f 3556/2315/2 3612/2313/2 3611/2287/2 3349/966/2
f 3518/2128/2 3613/2288/2 3612/2313/2 3556/2315/2
f 3614/2289/2 3613/2288/2 3518/2128/2 3348/872/2
f 3615/2290/2 3614/2289/2 3348/872/2 3347/869/2
f 3616/2291/2 3615/2290/2 3347/869/2 3346/868/2
f 3617/2293/1 3616/2292/1 3346/866/1 3345/863/1
f 3618/2294/1 3617/2293/1 3345/863/1 3344/862/1
f 3619/2295/1 3618/2294/1 3344/862/1 3343/916/1
f 3620/2296/1 3619/2295/1 3343/916/1 3342/913/1
f 3621/2297/1 3620/2296/1 3342/913/1 3341/912/1
f 3622/2299/4 3621/2298/4 3341/910/4 3340/907/4
f 3623/2300/4 3622/2299/4 3340/907/4 3339/906/4
f 3624/2300/4 3623/2300/4 3339/906/4 3377/906/4
f 3625/2300/5 3741/2300/5 3742/906/5 3391/906/5
f 3626/2300/5 3625/2300/5 3391/906/5 3405/906/5
f 3795/2300/4 3626/2300/4 3405/906/4 3763/906/4
f 3406/894/4 3627/2271/4 3782/2271/4 3781/894/4
f 3392/894/1 3628/2271/1 3627/2271/1 3406/894/1
f 3761/894/1 3728/2271/1 3628/2271/1 3392/894/1
f 3371/887/5 3370/886/5 3630/2229/5 3629/2233/5
f 3370/886/5 3369/889/5 3631/2230/5 3630/2229/5
f 3369/893/4 3368/892/4 3632/2223/4 3631/2227/4
f 3368/892/4 3367/895/4 3633/2224/4 3632/2223/4
f 3634/2224/4 3633/2224/4 3367/895/4 3379/895/4
f 3635/2224/1 3758/2224/1 3759/895/1 3393/895/1
f 3636/2224/1 3635/2224/1 3393/895/1 3407/895/1
f 3778/2224/4 3636/2224/4 3407/895/4 3779/895/4
f 3404/909/4 3637/2221/4 3765/2221/4 3764/909/4
f 3390/909/5 3638/2221/5 3637/2221/5 3404/909/5
f 3744/909/5 3745/2221/5 3638/2221/5 3390/909/5
f 3366/909/4 3640/2221/4 3639/2221/4 3376/909/4
f 3366/909/4 3365/908/4 3641/2217/4 3640/2221/4
f 3365/908/4 3364/911/4 3642/2218/4 3641/2217/4
f 3364/915/1 3363/914/1 3643/2213/1 3642/2215/1
f 3363/914/1 3362/917/1 3644/2211/1 3643/2213/1
f 3362/917/1 3361/865/1 3645/2209/1 3644/2211/1
f 3361/865/1 3360/864/1 3646/2205/1 3645/2209/1
f 3360/864/1 3359/867/1 3647/2206/1 3646/2205/1
f 3359/871/2 3358/870/2 3648/2201/2 3647/2203/2
f 3358/870/2 3357/873/2 3649/2197/2 3648/2201/2
f 3357/873/2 3519/2355/2 3650/2198/2 3649/2197/2
f 3651/2317/2 3650/2198/2 3519/2355/2 3555/2356/2
f 3652/2195/2 3651/2317/2 3555/2356/2 3356/969/2
f 3356/969/2 3355/968/2 3653/2191/2 3652/2195/2
f 3355/968/2 3354/1118/2 3654/2192/2 3653/2191/2
f 3573/2357/2 3655/2256/2 3654/2192/2 3354/1118/2
f 3710/2358/2 3711/2338/2 3655/2256/2 3573/2357/2
f 3657/2190/2 3656/2189/2 3459/2359/2 3353/831/2
f 3353/831/2 3375/830/2 3658/2241/2 3657/2190/2
f 3375/830/2 3374/833/2 3659/2242/2 3658/2241/2
f 3374/837/5 3373/836/5 3660/2237/5 3659/2239/5
f 3373/836/5 3372/839/5 3661/2236/5 3660/2237/5
f 3629/2233/5 3661/2236/5 3372/839/5 3371/887/5
f 3663/2097/5 3662/2099/5 3369/889/5 3370/886/5
f 3664/2098/5 3663/2097/5 3370/886/5 3371/887/5
f 3371/887/5 3372/839/5 3665/2090/5 3664/2098/5
f 3666/2088/5 3665/2090/5 3372/839/5 3373/836/5
f 3667/2089/5 3666/2088/5 3373/836/5 3374/837/5
f 3668/2085/2 3667/2087/2 3374/833/2 3375/830/2
f 3669/2086/2 3668/2085/2 3375/830/2 3353/831/2
f 3353/831/2 3459/2359/2 3670/2140/2 3669/2086/2
f 3671/2258/2 3709/2337/2 3710/2358/2 3573/2357/2
f 3672/2111/2 3671/2258/2 3573/2357/2 3354/1118/2
f 3673/2109/2 3672/2111/2 3354/1118/2 3355/968/2
f 3674/2110/2 3673/2109/2 3355/968/2 3356/969/2
f 3555/2356/2 3675/2314/2 3674/2110/2 3356/969/2
f 3519/2355/2 3676/2129/2 3675/2314/2 3555/2356/2
f 3677/2096/2 3676/2129/2 3519/2355/2 3357/873/2
f 3678/2094/2 3677/2096/2 3357/873/2 3358/870/2
f 3679/2095/2 3678/2094/2 3358/870/2 3359/871/2
f 3680/2091/1 3679/2093/1 3359/867/1 3360/864/1
f 3681/2092/1 3680/2091/1 3360/864/1 3361/865/1
f 3682/2108/1 3681/2092/1 3361/865/1 3362/917/1
f 3683/2106/1 3682/2108/1 3362/917/1 3363/914/1
f 3684/2107/1 3683/2106/1 3363/914/1 3364/915/1
f 3685/2103/4 3684/2105/4 3364/911/4 3365/908/4
f 3686/2104/4 3685/2103/4 3365/908/4 3366/909/4
f 3687/2104/4 3686/2104/4 3366/909/4 3376/909/4
f 3688/2104/5 3743/2104/5 3744/909/5 3390/909/5
f 3689/2104/5 3688/2104/5 3390/909/5 3404/909/5
f 3762/2104/4 3689/2104/4 3404/909/4 3764/909/4
f 3407/895/4 3690/2102/4 3780/2102/4 3779/895/4
f 3393/895/1 3691/2102/1 3690/2102/1 3407/895/1
f 3759/895/1 3760/2102/1 3691/2102/1 3393/895/1
f 3367/895/4 3693/2102/4 3692/2102/4 3379/895/4
f 3694/2100/4 3693/2102/4 3367/895/4 3368/892/4
f 3662/2101/4 3694/2100/4 3368/892/4 3369/893/4
f 3471/2153/4 3470/2153/4 3696/2350/4 3695/2350/4
f 3470/2153/4 3469/2152/4 3697/2351/4 3696/2350/4
f 3469/2152/4 3468/2154/4 3698/2352/4 3697/2351/4
f 3468/2154/3 3467/2155/3 3699/2353/3 3698/2352/3
f 3467/2155/3 3466/2156/3 3700/2354/3 3699/2353/3
f 3466/2156/3 3465/2157/3 3701/2328/3 3700/2354/3
f 3465/2157/3 3464/2136/3 3702/2329/3 3701/2328/3
f 3464/2136/3 3463/2135/3 3703/2330/3 3702/2329/3
f 3463/2138/2 3462/2137/2 3704/2332/2 3703/2331/2
f 3462/2137/2 3461/2139/2 3705/2333/2 3704/2332/2
f 3461/2139/2 3487/2186/2 3706/2334/2 3705/2333/2
f 3707/2335/2 3706/2334/2 3487/2186/2 3607/2283/2
f 3708/2336/2 3707/2335/2 3607/2283/2 3460/2141/2
f 3460/2141/2 3670/2140/2 3709/2337/2 3708/2336/2
f 3710/2358/2 3709/2337/2 3670/2140/2 3459/2359/2
f 3459/2359/2 3656/2189/2 3711/2338/2 3710/2358/2
f 3656/2189/2 3458/2188/2 3712/2339/2 3711/2338/2
f 3458/2188/2 3457/2143/2 3713/2340/2 3712/2339/2
f 3457/2143/2 3456/2142/2 3714/2341/2 3713/2340/2
f 3456/2142/2 3455/2144/2 3715/2342/2 3714/2341/2
f 3455/2144/6 3454/2145/6 3716/2343/6 3715/2342/6
f 3454/2145/6 3453/2146/6 3717/2344/6 3716/2343/6
f 3453/2146/6 3452/2147/6 3718/2345/6 3717/2344/6
f 3452/2147/6 3451/2148/6 3719/2346/6 3718/2345/6
f 3451/2148/6 3450/2149/6 3720/2347/6 3719/2346/6
f 3450/2149/4 3449/2150/4 3721/2348/4 3720/2347/4
f 3449/2150/4 3448/2151/4 3722/2349/4 3721/2348/4
f 3723/2349/4 3722/2349/4 3448/2151/4 3447/2151/4
f 3724/2349/3 3754/2349/3 3755/2151/3 3475/2151/3
f 3725/2349/3 3724/2349/3 3475/2151/3 3474/2151/3
f 3774/2349/4 3725/2349/4 3474/2151/4 3775/2151/4
f 3785/2153/4 3473/2153/4 3726/2350/4 3786/2350/4
f 3473/2153/6 3472/2153/6 3727/2350/6 3726/2350/6
f 3472/2153/6 3731/2153/6 3732/2350/6 3727/2350/6
f 3728/2271/1 3596/2271/1 3476/2168/1 3729/2168/1
f 3730/1009/1 3729/2168/1 3476/2168/1 3381/1009/1
f 3381/1009/6 3471/2153/6 3731/2153/6 3730/1009/6
f 3732/2350/6 3731/2153/6 3471/2153/6 3695/2350/6
f 3733/2270/6 3732/2350/6 3695/2350/6 3590/2270/6
f 3734/1131/6 3733/2270/6 3590/2270/6 3380/1131/6
f 3380/1131/6 3382/896/6 3735/896/6 3734/1131/6
f 3382/896/6 3383/899/6 3736/899/6 3735/896/6
f 3383/899/6 3538/2301/6 3737/2301/6 3736/899/6
f 3738/2117/6 3737/2301/6 3538/2301/6 3506/2117/6
f 3739/1032/6 3738/2117/6 3506/2117/6 3384/1032/6
f 3384/1032/5 3501/2170/5 3740/2170/5 3739/1032/5
f 3741/2300/5 3740/2170/5 3501/2170/5 3624/2300/5
f 3742/906/5 3741/2300/5 3624/2300/5 3377/906/5
f 3377/906/5 3687/2104/5 3743/2104/5 3742/906/5
f 3744/909/5 3743/2104/5 3687/2104/5 3376/909/5
f 3376/909/5 3639/2221/5 3745/2221/5 3744/909/5
f 3639/2221/5 3442/2222/5 3746/2222/5 3745/2221/5
f 3747/1068/5 3746/2222/5 3442/2222/5 3386/1068/5
f 3386/1068/3 3531/2119/3 3748/2119/3 3747/1068/3
f 3749/2327/3 3748/2119/3 3531/2119/3 3543/2327/3
f 3750/939/3 3749/2327/3 3543/2327/3 3385/939/3
f 3385/939/3 3387/938/3 3751/938/3 3750/939/3
f 3387/938/3 3388/1128/3 3752/1128/3 3751/938/3
f 3388/1128/3 3585/2245/3 3753/2245/3 3752/1128/3
f 3754/2349/3 3753/2245/3 3585/2245/3 3723/2349/3
f 3755/2151/3 3754/2349/3 3723/2349/3 3447/2151/3
f 3756/1052/3 3755/2151/3 3447/2151/3 3389/1052/3
f 3389/1052/1 3418/2225/1 3757/2225/1 3756/1052/1
f 3758/2224/1 3757/2225/1 3418/2225/1 3634/2224/1
f 3759/895/1 3758/2224/1 3634/2224/1 3379/895/1
f 3379/895/1 3692/2102/1 3760/2102/1 3759/895/1
f 3692/2102/1 3378/894/1 3761/894/1 3760/2102/1
f 3378/894/1 3596/2271/1 3728/2271/1 3761/894/1
usemtl initialShadingGroup
f 1139/1077/3 1059/978/3 1058/976/3 1128/1078/3
f 1058/976/3 1057/975/3 1129/1080/3 1128/1078/3
f 1057/972/5 1056/970/5 1130/1084/5 1129/1083/5
f 1056/970/5 1067/852/5 1131/921/5 1130/1084/5
f 1227/840/4 1208/841/4 1247/842/4 1228/843/4
f 1208/841/4 1209/844/4 1246/845/4 1247/842/4
f 1209/846/3 1210/847/3 1245/848/3 1246/849/3
f 1210/847/3 1211/850/3 1244/851/3 1245/848/3
f 1067/852/5 1066/853/5 1084/854/5 1083/855/5
f 1066/853/5 1065/856/5 1085/857/5 1084/854/5
f 1065/856/4 1064/858/4 1086/859/4 1085/857/4
f 1064/858/4 1063/860/4 1087/861/4 1086/859/4
f 1071/882/1 1070/997/1 1140/1094/1 1151/951/1
f 1070/997/1 1069/996/1 1141/1096/1 1140/1094/1
f 1069/993/3 1068/991/3 1142/1100/3 1141/1099/3
f 1068/991/3 1079/990/3 1143/1102/3 1142/1100/3
f 1075/874/4 1074/875/4 1100/876/4 1099/877/4
f 1074/875/4 1073/878/4 1101/879/4 1100/876/4
f 1073/878/1 1072/880/1 1102/881/1 1101/879/1
f 1072/880/1 1071/882/1 1103/883/1 1102/881/1
f 1083/855/5 1082/1016/5 1108/1045/5 1107/918/5
f 1082/1016/5 1081/1015/5 1109/1046/5 1108/1045/5
f 1081/1012/6 1080/1010/6 1110/1050/6 1109/1049/6
f 1080/1010/6 1091/1009/6 1111/1052/6 1110/1050/6
f 1222/896/6 1223/897/6 1232/898/6 1233/899/6
f 1223/897/6 1224/900/6 1231/901/6 1232/898/6
f 1224/900/4 1225/902/4 1230/903/4 1231/901/4
f 1225/902/4 1226/904/4 1229/905/4 1230/903/4
f 1095/1032/6 1094/1030/6 1124/1069/6 1123/1068/6
f 1094/1030/6 1093/1029/6 1125/1070/6 1124/1069/6
f 1093/1026/1 1092/1024/1 1126/1058/1 1125/1073/1
f 1092/1024/1 1103/883/1 1127/950/1 1126/1058/1
f 1107/918/5 1106/919/5 1132/920/5 1131/921/5
f 1106/919/5 1105/922/5 1133/923/5 1132/920/5
f 1105/924/2 1104/925/2 1134/926/2 1133/927/2
f 1104/925/2 1115/928/2 1135/929/2 1134/926/2
f 1217/930/2 1218/931/2 1237/932/2 1238/933/2
f 1218/931/2 1219/934/2 1236/935/2 1237/932/2
f 1219/934/6 1220/936/6 1235/937/6 1236/935/6
f 1220/936/6 1221/938/6 1234/939/6 1235/937/6
f 1119/940/2 1118/941/2 1148/942/2 1147/943/2
f 1118/941/2 1117/944/2 1149/945/2 1148/942/2
f 1117/946/1 1116/947/1 1150/948/1 1149/949/1
f 1116/947/1 1127/950/1 1151/951/1 1150/948/1
f 1212/952/3 1213/953/3 1242/954/3 1243/955/3
f 1213/953/3 1214/956/3 1241/957/3 1242/954/3
f 1214/956/2 1215/958/2 1240/959/2 1241/957/2
f 1215/958/2 1216/960/2 1239/961/2 1240/959/2
f 1226/904/4 1227/840/4 1228/843/4 1229/905/4
f 1222/896/6 1233/899/6 1234/939/6 1221/938/6
f 1216/960/2 1217/930/2 1238/933/2 1239/961/2
f 1244/851/3 1211/850/3 1212/952/3 1243/955/3
f 1103/883/1 1071/882/1 1151/951/1 1127/950/1
f 1067/852/5 1083/855/5 1107/918/5 1131/921/5
f 1066/853/5 1067/852/5 1056/970/5 1152/971/5
f 1152/971/5 1056/970/5 1057/972/5 1153/973/5
f 1153/974/3 1057/975/3 1058/976/3 1154/977/3
f 1058/976/3 1059/978/3 1060/979/3 1154/977/3
f 1154/977/3 1060/979/3 1061/980/3 1155/981/3
f 1155/982/4 1061/983/4 1062/984/4 1156/985/4
f 1062/984/4 1063/860/4 1064/858/4 1156/985/4
f 1156/985/4 1064/858/4 1065/856/4 1157/986/4
f 1157/986/5 1065/856/5 1066/853/5 1152/971/5
f 1157/986/5 1152/971/5 1153/973/5 1158/987/5
f 1153/974/3 1154/977/3 1155/981/3 1158/988/3
f 1155/982/4 1156/985/4 1157/986/4 1158/987/4
f 1078/989/3 1079/990/3 1068/991/3 1159/992/3
f 1159/992/3 1068/991/3 1069/993/3 1160/994/3
f 1160/995/1 1069/996/1 1070/997/1 1161/998/1
f 1070/997/1 1071/882/1 1072/880/1 1161/998/1
f 1161/998/1 1072/880/1 1073/878/1 1162/999/1
f 1162/999/4 1073/878/4 1074/875/4 1163/1000/4
f 1074/875/4 1075/874/4 1076/1001/4 1163/1000/4
f 1163/1000/4 1076/1001/4 1077/1002/4 1164/1003/4
f 1164/1004/3 1077/1005/3 1078/989/3 1159/992/3
f 1164/1004/3 1159/992/3 1160/994/3 1165/1006/3
f 1160/995/1 1161/998/1 1162/999/1 1165/1007/1
f 1162/999/4 1163/1000/4 1164/1003/4 1165/1007/4
f 1090/1008/6 1091/1009/6 1080/1010/6 1166/1011/6
f 1166/1011/6 1080/1010/6 1081/1012/6 1167/1013/6
f 1167/1014/5 1081/1015/5 1082/1016/5 1168/1017/5
f 1082/1016/5 1083/855/5 1084/854/5 1168/1017/5
f 1168/1017/5 1084/854/5 1085/857/5 1169/1018/5
f 1169/1018/4 1085/857/4 1086/859/4 1170/1019/4
f 1086/859/4 1087/861/4 1088/1020/4 1170/1019/4
f 1170/1019/4 1088/1020/4 1089/1021/4 1171/1022/4
f 1171/1022/6 1089/1021/6 1090/1008/6 1166/1011/6
f 1171/1022/6 1166/1011/6 1167/1013/6 1172/1023/6
f 1167/1014/5 1168/1017/5 1169/1018/5 1172/1023/5
f 1169/1018/4 1170/1019/4 1171/1022/4 1172/1023/4
f 1102/881/1 1103/883/1 1092/1024/1 1173/1025/1
f 1173/1025/1 1092/1024/1 1093/1026/1 1174/1027/1
f 1174/1028/6 1093/1029/6 1094/1030/6 1175/1031/6
f 1094/1030/6 1095/1032/6 1096/1033/6 1175/1031/6
f 1175/1031/6 1096/1033/6 1097/1034/6 1176/1035/6
f 1176/1035/4 1097/1034/4 1098/1036/4 1177/1037/4
f 1098/1036/4 1099/877/4 1100/876/4 1177/1037/4
f 1177/1037/4 1100/876/4 1101/879/4 1178/1038/4
f 1178/1038/1 1101/879/1 1102/881/1 1173/1025/1
f 1178/1038/1 1173/1025/1 1174/1027/1 1179/1039/1
f 1174/1028/6 1175/1031/6 1176/1035/6 1179/1039/6
f 1176/1035/4 1177/1037/4 1178/1038/4 1179/1039/4
f 1114/1040/2 1115/928/2 1104/925/2 1180/1041/2
f 1180/1041/2 1104/925/2 1105/924/2 1181/1042/2
f 1181/1043/5 1105/922/5 1106/919/5 1182/1044/5
f 1106/919/5 1107/918/5 1108/1045/5 1182/1044/5
f 1182/1044/5 1108/1045/5 1109/1046/5 1183/1047/5
f 1183/1048/6 1109/1049/6 1110/1050/6 1184/1051/6
f 1110/1050/6 1111/1052/6 1112/1053/6 1184/1051/6
f 1184/1051/6 1112/1053/6 1113/1054/6 1185/1055/6
f 1185/1055/2 1113/1054/2 1114/1040/2 1180/1041/2
f 1185/1055/2 1180/1041/2 1181/1042/2 1186/1056/2
f 1181/1043/5 1182/1044/5 1183/1047/5 1186/1057/5
f 1183/1048/6 1184/1051/6 1185/1055/6 1186/1056/6
f 1126/1058/1 1127/950/1 1116/947/1 1187/1059/1
f 1187/1059/1 1116/947/1 1117/946/1 1188/1060/1
f 1188/1061/2 1117/944/2 1118/941/2 1189/1062/2
f 1118/941/2 1119/940/2 1120/1063/2 1189/1062/2
f 1189/1062/2 1120/1063/2 1121/1064/2 1190/1065/2
f 1190/1065/6 1121/1064/6 1122/1066/6 1191/1067/6
f 1122/1066/6 1123/1068/6 1124/1069/6 1191/1067/6
f 1191/1067/6 1124/1069/6 1125/1070/6 1192/1071/6
f 1192/1072/1 1125/1073/1 1126/1058/1 1187/1059/1
f 1192/1072/1 1187/1059/1 1188/1060/1 1193/1074/1
f 1188/1061/2 1189/1062/2 1190/1065/2 1193/1075/2
f 1190/1065/6 1191/1067/6 1192/1071/6 1193/1075/6
f 1138/1076/3 1139/1077/3 1128/1078/3 1194/1079/3
f 1194/1079/3 1128/1078/3 1129/1080/3 1195/1081/3
f 1195/1082/5 1129/1083/5 1130/1084/5 1196/1085/5
f 1130/1084/5 1131/921/5 1132/920/5 1196/1085/5
f 1196/1085/5 1132/920/5 1133/923/5 1197/1086/5
f 1197/1087/2 1133/927/2 1134/926/2 1198/1088/2
f 1134/926/2 1135/929/2 1136/1089/2 1198/1088/2
f 1198/1088/2 1136/1089/2 1137/1090/2 1199/1091/2
f 1199/1091/3 1137/1090/3 1138/1076/3 1194/1079/3
f 1199/1091/3 1194/1079/3 1195/1081/3 1200/1092/3
f 1195/1082/5 1196/1085/5 1197/1086/5 1200/1093/5
f 1197/1087/2 1198/1088/2 1199/1091/2 1200/1092/2
f 1150/948/1 1151/951/1 1140/1094/1 1201/1095/1
f 1201/1095/1 1140/1094/1 1141/1096/1 1202/1097/1
f 1202/1098/3 1141/1099/3 1142/1100/3 1203/1101/3
f 1142/1100/3 1143/1102/3 1144/1103/3 1203/1101/3
f 1203/1101/3 1144/1103/3 1145/1104/3 1204/1105/3
f 1204/1105/2 1145/1104/2 1146/1106/2 1205/1107/2
f 1146/1106/2 1147/943/2 1148/942/2 1205/1107/2
f 1205/1107/2 1148/942/2 1149/945/2 1206/1108/2
f 1206/1109/1 1149/949/1 1150/948/1 1201/1095/1
f 1206/1109/1 1201/1095/1 1202/1097/1 1207/1110/1
f 1202/1098/3 1203/1101/3 1204/1105/3 1207/1111/3
f 1204/1105/2 1205/1107/2 1206/1108/2 1207/1111/2
f 1248/1112/4 1249/1113/4 1209/844/4 1208/841/4
f 1249/1114/3 1250/1115/3 1210/847/3 1209/846/3
f 1250/1115/3 1251/1116/3 1211/850/3 1210/847/3
f 1211/850/3 1251/1116/3 1252/1119/3 1212/952/3
f 1252/1119/3 1253/1120/3 1213/953/3 1212/952/3
f 1253/1120/3 1254/1121/3 1214/956/3 1213/953/3
f 1254/1121/2 1255/1122/2 1215/958/2 1214/956/2
f 1255/1122/2 1256/1123/2 1216/960/2 1215/958/2
f 1256/1123/2 1257/1124/2 1217/930/2 1216/960/2
f 1257/1124/2 1258/1125/2 1218/931/2 1217/930/2
f 1258/1125/2 1259/1126/2 1219/934/2 1218/931/2
f 1259/1126/6 1260/1127/6 1220/936/6 1219/934/6
f 1260/1127/6 1261/1128/6 1221/938/6 1220/936/6
f 1262/1131/6 1222/896/6 1221/938/6 1261/1128/6
f 1262/1131/6 1263/1132/6 1223/897/6 1222/896/6
f 1263/1132/6 1264/1133/6 1224/900/6 1223/897/6
f 1264/1133/4 1265/1134/4 1225/902/4 1224/900/4
f 1265/1134/4 1266/1135/4 1226/904/4 1225/902/4
f 1266/1135/4 1267/1136/4 1227/840/4 1226/904/4
f 1267/1136/4 1248/1112/4 1208/841/4 1227/840/4
f 1229/905/4 1228/843/4 1075/874/4 1099/877/4
f 1230/903/4 1229/905/4 1099/877/4 1098/1036/4
f 1231/901/4 1230/903/4 1098/1036/4 1097/1034/4
f 1232/898/6 1231/901/6 1097/1034/6 1096/1033/6
f 1233/899/6 1232/898/6 1096/1033/6 1095/1032/6
f 1233/899/6 1095/1032/6 1123/1068/6 1234/939/6
f 1235/937/6 1234/939/6 1123/1068/6 1122/1066/6
f 1236/935/6 1235/937/6 1122/1066/6 1121/1064/6
f 1237/932/2 1236/935/2 1121/1064/2 1120/1063/2
f 1238/933/2 1237/932/2 1120/1063/2 1119/940/2
f 1239/961/2 1238/933/2 1119/940/2 1147/943/2
f 1240/959/2 1239/961/2 1147/943/2 1146/1106/2
f 1241/957/2 1240/959/2 1146/1106/2 1145/1104/2
f 1242/954/3 1241/957/3 1145/1104/3 1144/1103/3
f 1243/955/3 1242/954/3 1144/1103/3 1143/1102/3
f 1079/990/3 1244/851/3 1243/955/3 1143/1102/3
f 1245/848/3 1244/851/3 1079/990/3 1078/989/3
f 1246/849/3 1245/848/3 1078/989/3 1077/1005/3
f 1247/842/4 1246/845/4 1077/1002/4 1076/1001/4
f 1228/843/4 1247/842/4 1076/1001/4 1075/874/4
f 1062/984/4 1061/983/4 1249/1113/4 1248/1112/4
f 1061/980/3 1060/979/3 1250/1115/3 1249/1114/3
f 1060/979/3 1059/978/3 1251/1116/3 1250/1115/3
f 1251/1116/3 1059/978/3 1139/1077/3 1252/1119/3
f 1139/1077/3 1138/1076/3 1253/1120/3 1252/1119/3
f 1138/1076/3 1137/1090/3 1254/1121/3 1253/1120/3
f 1137/1090/2 1136/1089/2 1255/1122/2 1254/1121/2
f 1136/1089/2 1135/929/2 1256/1123/2 1255/1122/2
f 1115/928/2 1257/1124/2 1256/1123/2 1135/929/2
f 1115/928/2 1114/1040/2 1258/1125/2 1257/1124/2
f 1114/1040/2 1113/1054/2 1259/1126/2 1258/1125/2
f 1113/1054/6 1112/1053/6 1260/1127/6 1259/1126/6
f 1112/1053/6 1111/1052/6 1261/1128/6 1260/1127/6
f 1091/1009/6 1262/1131/6 1261/1128/6 1111/1052/6
f 1091/1009/6 1090/1008/6 1263/1132/6 1262/1131/6
f 1090/1008/6 1089/1021/6 1264/1133/6 1263/1132/6
f 1089/1021/4 1088/1020/4 1265/1134/4 1264/1133/4
f 1088/1020/4 1087/861/4 1266/1135/4 1265/1134/4
f 1063/860/4 1267/1136/4 1266/1135/4 1087/861/4
f 1063/860/4 1062/984/4 1248/1112/4 1267/1136/4
usemtl aiStandardSurface5SG
f 3933/2360/4 3934/2361/4 3798/964/4 3799/965/4
f 3934/2361/4 3935/2362/4 3801/1130/4 3798/964/4
f 3930/2104/4 3931/2363/4 3877/2364/4 3803/906/4
f 3804/894/4 3856/2365/4 3937/2366/4 3938/2102/4
f 3807/1009/4 3855/2153/4 3868/2367/4 3869/2168/4
f 3866/2368/4 3867/2369/4 3806/1131/4 3808/896/4
f 3865/2370/4 3866/2368/4 3808/896/4 3809/899/4
f 3864/2170/4 3878/2371/4 3879/2117/4 3810/1032/4
f 3875/2372/4 3924/2373/4 3925/2221/4 3846/2222/4
f 3848/2374/4 3921/2375/4 3922/2376/4 3847/2377/4
f 3849/2378/4 3920/2379/4 3921/2375/4 3848/2374/4
f 3917/2224/4 3918/2380/4 3858/2381/4 3850/2225/4
f 3930/2104/64 3803/906/1 3966/906/1 3967/2104/64
f 3804/894/5 3938/2102/65 3984/2102/5 3985/894/5
f 3855/2153/3 3807/1009/3 3954/1009/3 3955/2153/3
f 3807/1009/5 3869/2168/5 3987/2168/5 3954/1009/5
f 3808/896/3 3806/1131/3 3958/1131/3 3959/896/3
f 3809/899/3 3808/896/3 3959/896/3 3960/899/3
f 3810/1032/3 3879/2117/3 3962/2117/3 3963/1032/3
f 3864/2170/1 3810/1032/1 3963/1032/1 3964/2170/1
f 3846/2222/1 3925/2221/1 3969/2221/1 3970/2222/1
f 3874/2119/6 3812/1068/6 3971/1068/6 3972/2119/6
f 3813/938/6 3811/939/6 3974/939/6 3975/938/6
f 3814/1128/6 3813/938/6 3975/938/6 3976/1128/6
f 3815/1052/6 3859/2151/6 3979/2151/6 3980/1052/6
f 3917/2224/5 3850/2225/5 3981/2225/5 3982/2224/5
f 3929/2104/1 3817/906/1 3831/906/1 3928/2104/1
f 3818/894/5 3939/2102/5 3940/2102/5 3832/894/5
f 3854/2153/3 3821/1009/3 3835/1009/3 3853/2153/3
f 3821/1009/5 3870/2168/5 3871/2168/5 3835/1009/5
f 3822/896/3 3820/1131/3 3834/1131/3 3836/896/3
f 3823/899/3 3822/896/3 3836/896/3 3837/899/3
f 3824/1032/3 3880/2117/3 3881/2117/3 3838/1032/3
f 3863/2170/1 3824/1032/1 3838/1032/1 3862/2170/1
f 3845/2222/1 3926/2221/1 3927/2221/1 3844/2222/1
f 3873/2119/6 3825/1068/6 3839/1068/6 3872/2119/6
f 3827/938/6 3826/939/6 3840/939/6 3841/938/6
f 3828/1128/6 3827/938/6 3841/938/6 3842/1128/6
f 3829/1052/6 3860/2151/6 3861/2151/6 3843/1052/6
f 3916/2224/5 3851/2225/5 3852/2225/5 3915/2224/5
f 3825/1068/1 3845/2222/1 3844/2222/1 3839/1068/1
f 3812/1068/1 3846/2222/1 3970/2222/1 3971/1068/1
f 3874/2119/4 3875/2372/4 3846/2222/4 3812/1068/4
f 3813/938/4 3848/2374/4 3847/2377/4 3811/939/4
f 3814/1128/4 3849/2378/4 3848/2374/4 3813/938/4
f 3850/2225/4 3858/2381/4 3859/2151/4 3815/1052/4
f 3981/2225/5 3850/2225/5 3815/1052/5 3980/1052/5
f 3852/2225/5 3851/2225/5 3829/1052/5 3843/1052/5
f 3820/1131/3 3900/2270/3 3901/2270/3 3834/1131/3
f 3806/1131/3 3899/2270/3 3957/2270/3 3958/1131/3
f 3898/2382/4 3899/2270/4 3806/1131/4 3867/2369/4
f 3936/2383/4 3897/2384/4 3801/1130/4 3935/2362/4
f 3895/2385/4 3919/2386/4 3920/2379/4 3849/2378/4
f 3894/2245/4 3895/2385/4 3849/2378/4 3814/1128/4
f 3977/2245/6 3894/2245/6 3814/1128/6 3976/1128/6
f 3892/2245/6 3893/2245/6 3828/1128/6 3842/1128/6
f 3903/2300/1 3863/2170/1 3862/2170/1 3902/2300/1
f 3904/2300/1 3864/2170/1 3964/2170/1 3965/2300/1
f 3904/2300/4 3905/2387/4 3878/2371/4 3864/2170/4
f 3907/2388/4 3908/2389/4 3866/2368/4 3865/2370/4
f 3908/2389/4 3909/2390/4 3867/2369/4 3866/2368/4
f 3910/2391/4 3898/2382/4 3867/2369/4 3909/2390/4
f 3869/2168/4 3868/2367/4 3911/2392/4 3912/2271/4
f 3987/2168/5 3869/2168/5 3912/2271/5 3986/2271/5
f 3871/2168/5 3870/2168/5 3913/2271/5 3914/2271/5
f 3826/939/6 3890/2327/6 3891/2327/6 3840/939/6
f 3811/939/6 3889/2327/6 3973/2327/6 3974/939/6
f 3811/939/4 3847/2377/4 3888/2393/4 3889/2327/4
f 3847/2377/4 3922/2376/4 3923/2394/4 3888/2393/4
f 3886/2395/4 3932/2396/4 3933/2360/4 3799/965/4
f 3885/2397/4 3906/2398/4 3907/2388/4 3865/2370/4
f 3884/2301/4 3885/2397/4 3865/2370/4 3809/899/4
f 3961/2301/3 3884/2301/3 3809/899/3 3960/899/3
f 3882/2301/3 3883/2301/3 3823/899/3 3837/899/3
f 3881/2117/3 3880/2117/3 3883/2301/3 3882/2301/3
f 3962/2117/3 3879/2117/3 3884/2301/3 3961/2301/3
f 3879/2117/4 3878/2371/4 3885/2397/4 3884/2301/4
f 3878/2371/4 3905/2387/4 3906/2398/4 3885/2397/4
f 3877/2364/4 3931/2363/4 3932/2396/4 3886/2395/4
f 3888/2393/4 3923/2394/4 3924/2373/4 3875/2372/4
f 3889/2327/4 3888/2393/4 3875/2372/4 3874/2119/4
f 3973/2327/6 3889/2327/6 3874/2119/6 3972/2119/6
f 3891/2327/6 3890/2327/6 3873/2119/6 3872/2119/6
f 3941/2349/6 3942/2349/6 3893/2245/6 3892/2245/6
f 3978/2349/6 3943/2349/6 3894/2245/6 3977/2245/6
f 3943/2349/4 3944/2399/4 3895/2385/4 3894/2245/4
f 3944/2399/4 3945/2400/4 3919/2386/4 3895/2385/4
f 3947/2401/4 3948/2402/4 3897/2384/4 3936/2383/4
f 3949/2403/4 3950/2404/4 3898/2382/4 3910/2391/4
f 3950/2404/4 3951/2350/4 3899/2270/4 3898/2382/4
f 3957/2270/3 3899/2270/3 3951/2350/3 3956/2350/3
f 3901/2270/3 3900/2270/3 3952/2350/3 3953/2350/3
f 3817/906/1 3903/2300/1 3902/2300/1 3831/906/1
f 3803/906/1 3904/2300/1 3965/2300/1 3966/906/1
f 3803/906/4 3877/2364/4 3905/2387/4 3904/2300/4
f 3906/2398/4 3905/2387/4 3877/2364/4 3886/2395/4
f 3907/2388/4 3906/2398/4 3886/2395/4 3799/965/4
f 3799/965/4 3798/964/4 3908/2389/4 3907/2388/4
f 3798/964/4 3801/1130/4 3909/2390/4 3908/2389/4
f 3897/2384/4 3910/2391/4 3909/2390/4 3801/1130/4
f 3948/2402/4 3949/2403/4 3910/2391/4 3897/2384/4
f 3912/2271/4 3911/2392/4 3856/2365/4 3804/894/4
f 3986/2271/5 3912/2271/5 3804/894/5 3985/894/5
f 3914/2271/5 3913/2271/5 3818/894/5 3832/894/5
f 3819/895/5 3916/2224/5 3915/2224/5 3833/895/5
f 3805/895/65 3917/2224/5 3982/2224/5 3983/895/5
f 3805/895/4 3857/2405/4 3918/2380/4 3917/2224/4
f 3919/2386/4 3945/2400/4 3946/2406/4 3896/2407/4
f 3920/2379/4 3919/2386/4 3896/2407/4 3800/1129/4
f 3921/2375/4 3920/2379/4 3800/1129/4 3797/963/4
f 3922/2376/4 3921/2375/4 3797/963/4 3796/962/4
f 3923/2394/4 3922/2376/4 3796/962/4 3887/2408/4
f 3924/2373/4 3923/2394/4 3887/2408/4 3876/2409/4
f 3925/2221/4 3924/2373/4 3876/2409/4 3802/909/4
f 3969/2221/1 3925/2221/1 3802/909/64 3968/909/64
f 3927/2221/1 3926/2221/1 3816/909/1 3830/909/1
f 3816/909/1 3929/2104/1 3928/2104/1 3830/909/1
f 3802/909/64 3930/2104/64 3967/2104/64 3968/909/64
f 3802/909/4 3876/2409/4 3931/2363/4 3930/2104/4
f 3932/2396/4 3931/2363/4 3876/2409/4 3887/2408/4
f 3933/2360/4 3932/2396/4 3887/2408/4 3796/962/4
f 3796/962/4 3797/963/4 3934/2361/4 3933/2360/4
f 3797/963/4 3800/1129/4 3935/2362/4 3934/2361/4
f 3896/2407/4 3936/2383/4 3935/2362/4 3800/1129/4
f 3946/2406/4 3947/2401/4 3936/2383/4 3896/2407/4
f 3938/2102/4 3937/2366/4 3857/2405/4 3805/895/4
f 3984/2102/5 3938/2102/65 3805/895/65 3983/895/5
f 3940/2102/5 3939/2102/5 3819/895/5 3833/895/5
f 3861/2151/6 3860/2151/6 3942/2349/6 3941/2349/6
f 3979/2151/6 3859/2151/6 3943/2349/6 3978/2349/6
f 3859/2151/4 3858/2381/4 3944/2399/4 3943/2349/4
f 3858/2381/4 3918/2380/4 3945/2400/4 3944/2399/4
f 3946/2406/4 3945/2400/4 3918/2380/4 3857/2405/4
f 3857/2405/4 3937/2366/4 3947/2401/4 3946/2406/4
f 3937/2366/4 3856/2365/4 3948/2402/4 3947/2401/4
f 3856/2365/4 3911/2392/4 3949/2403/4 3948/2402/4
f 3911/2392/4 3868/2367/4 3950/2404/4 3949/2403/4
f 3868/2367/4 3855/2153/4 3951/2350/4 3950/2404/4
f 3956/2350/3 3951/2350/3 3855/2153/3 3955/2153/3
f 3953/2350/3 3952/2350/3 3854/2153/3 3853/2153/3
f 3955/2153/3 3954/1009/3 3821/1009/3 3854/2153/3
f 3952/2350/3 3956/2350/3 3955/2153/3 3854/2153/3
f 3900/2270/3 3957/2270/3 3956/2350/3 3952/2350/3
f 3958/1131/3 3957/2270/3 3900/2270/3 3820/1131/3
f 3959/896/3 3958/1131/3 3820/1131/3 3822/896/3
f 3960/899/3 3959/896/3 3822/896/3 3823/899/3
f 3883/2301/3 3961/2301/3 3960/899/3 3823/899/3
f 3880/2117/3 3962/2117/3 3961/2301/3 3883/2301/3
f 3963/1032/3 3962/2117/3 3880/2117/3 3824/1032/3
f 3964/2170/1 3963/1032/1 3824/1032/1 3863/2170/1
f 3965/2300/1 3964/2170/1 3863/2170/1 3903/2300/1
f 3966/906/1 3965/2300/1 3903/2300/1 3817/906/1
f 3967/2104/64 3966/906/1 3817/906/1 3929/2104/1
f 3968/909/64 3967/2104/64 3929/2104/1 3816/909/1
f 3926/2221/1 3969/2221/1 3968/909/64 3816/909/1
f 3970/2222/1 3969/2221/1 3926/2221/1 3845/2222/1
f 3971/1068/1 3970/2222/1 3845/2222/1 3825/1068/1
f 3972/2119/6 3971/1068/6 3825/1068/6 3873/2119/6
f 3890/2327/6 3973/2327/6 3972/2119/6 3873/2119/6
f 3974/939/6 3973/2327/6 3890/2327/6 3826/939/6
f 3975/938/6 3974/939/6 3826/939/6 3827/938/6
f 3976/1128/6 3975/938/6 3827/938/6 3828/1128/6
f 3893/2245/6 3977/2245/6 3976/1128/6 3828/1128/6
f 3942/2349/6 3978/2349/6 3977/2245/6 3893/2245/6
f 3860/2151/6 3979/2151/6 3978/2349/6 3942/2349/6
f 3980/1052/6 3979/2151/6 3860/2151/6 3829/1052/6
f 3851/2225/5 3981/2225/5 3980/1052/5 3829/1052/5
f 3982/2224/5 3981/2225/5 3851/2225/5 3916/2224/5
f 3983/895/5 3982/2224/5 3916/2224/5 3819/895/5
f 3939/2102/5 3984/2102/5 3983/895/5 3819/895/5
f 3985/894/5 3984/2102/5 3939/2102/5 3818/894/5
f 3913/2271/5 3986/2271/5 3985/894/5 3818/894/5
f 3870/2168/5 3987/2168/5 3986/2271/5 3913/2271/5
f 3954/1009/5 3987/2168/5 3870/2168/5 3821/1009/5
usemtl aiStandardSurface4SG
f 4010/2410/66 4009/1092/67 4012/1997/68 4011/2411/69
f 4009/1092/70 4008/2412/71 4013/2413/72 4012/1997/73
f 4028/2414/74 4027/1075/75 4030/2415/76 4029/2416/77
f 4027/1074/78 4026/2417/79 4031/2418/80 4030/2419/78
f 3996/2420/81 3999/2421/82 4005/2422/83 4002/2423/84
f 4025/2424/85 3988/2425/6 4013/2413/72 4008/2412/71
f 4010/2410/66 4011/2411/69 3993/2426/86 3990/2427/87
f 4017/2428/88 4035/2429/89 4031/2418/90 4020/2430/91
f 4010/2431/92 3990/2432/93 4014/2433/94 4023/2434/95
f 3999/2421/96 4032/2435/97 4026/2436/98 4005/2422/99
f 4013/2413/72 3988/2425/6 4029/2416/77 4037/2437/100
f 3993/2426/101 4011/2411/102 4035/2438/103 4017/2439/104
f 4023/2434/105 4014/2433/106 3996/2440/107 4002/2441/108
f 4004/2442/109 4007/2443/110 3988/2425/6 4025/2424/85
f 4029/2416/77 3988/2425/6 4007/2443/110 4028/2414/74
f 4020/2430/111 4031/2418/80 4026/2417/79 4032/2444/112
f 3990/2432/93 3991/987/113 4015/2445/113 4014/2433/94
f 3991/987/114 3992/2446/115 4016/2447/116 4015/2445/117
f 3992/2446/115 3991/987/114 3994/2448/118 3995/2448/119
f 3991/988/120 3990/2427/87 3993/2426/86 3994/2449/120
f 3996/2420/81 3997/1023/121 4000/1971/121 3999/2421/82
f 3997/1023/122 3998/2450/123 4001/1971/124 4000/1971/125
f 3999/2421/96 4000/1971/126 4033/1039/126 4032/2435/97
f 4000/1971/125 4001/1971/124 4034/2451/127 4033/1039/128
f 4002/2441/108 4003/1057/129 4024/2452/129 4023/2434/105
f 4003/1056/130 4004/2442/109 4025/2424/85 4024/2453/131
f 4004/2442/109 4003/1056/130 4006/2002/132 4007/2443/110
f 4003/1056/133 4002/2423/84 4005/2422/83 4006/2002/133
f 4011/2411/102 4012/1997/134 4036/1111/134 4035/2438/103
f 4012/1997/73 4013/2413/72 4037/2437/100 4036/1111/135
f 3998/2450/123 3997/1023/122 4015/2445/117 4016/2447/116
f 3997/1023/136 3996/2440/107 4014/2433/106 4015/2445/136
f 3995/2448/119 3994/2448/118 4018/1007/137 4019/2454/138
f 3994/2449/139 3993/2426/101 4017/2439/104 4018/1006/139
f 4019/2454/138 4018/1007/137 4021/2455/140 4022/2456/141
f 4018/1007/142 4017/2428/88 4020/2430/91 4021/2455/142
f 4008/2412/71 4009/1092/70 4024/2453/131 4025/2424/85
f 4009/1093/143 4010/2431/92 4023/2434/95 4024/2452/143
f 4007/2443/110 4006/2002/132 4027/1075/75 4028/2414/74
f 4006/2002/144 4005/2422/99 4026/2436/98 4027/1075/144
f 4022/2456/141 4021/2455/140 4033/1039/128 4034/2451/127
f 4021/2455/145 4020/2430/111 4032/2444/112 4033/1039/145
f 4029/2416/77 4030/2415/76 4036/1111/135 4037/2437/100
f 4030/2419/146 4031/2418/90 4035/2429/89 4036/1110/147
f 4064/2457/148 4063/987/149 4066/2448/150 4065/2458/151
f 4063/987/152 4062/987/153 4067/2448/154 4066/2448/155
f 4079/2459/156 4078/1971/157 4081/1023/158 4080/2460/159
f 4078/1971/160 4077/1971/161 4082/1023/162 4081/1023/163
f 4064/2457/148 4065/2458/151 3989/2461/32 4070/2462/164
f 4074/2463/165 3989/2461/32 4065/2458/151 4071/2464/166
f 4070/2462/164 3989/2461/32 4079/2459/156 4080/2460/159
f 4079/2459/156 3989/2461/32 4074/2463/165 4083/2465/167
f 4038/987/168 4041/2448/169 4067/2448/154 4062/987/153
f 4044/2445/170 4038/987/171 4062/987/172 4068/2445/173
f 4041/2448/169 4047/1007/174 4073/1007/175 4067/2448/154
f 4047/1007/176 4050/2455/177 4076/2455/178 4073/1007/179
f 4053/1971/180 4056/1023/181 4082/1023/162 4077/1971/161
f 4056/1023/182 4044/2445/170 4068/2445/173 4082/1023/183
f 4050/2455/177 4059/1039/184 4085/1039/185 4076/2455/178
f 4059/1039/186 4053/1971/180 4077/1971/161 4085/1039/187
f 3992/2446/115 3995/2448/119 4043/2448/188 4040/2466/189
f 4016/2447/116 3992/2446/115 4040/2466/189 4046/2467/190
f 3995/2448/119 4019/2454/138 4049/2468/191 4043/2448/188
f 4019/2454/138 4022/2456/141 4052/2469/192 4049/2468/191
f 4001/1971/124 3998/2450/123 4058/2470/193 4055/1971/194
f 3998/2450/123 4016/2447/116 4046/2467/190 4058/2470/193
f 4022/2456/141 4034/2451/127 4061/2471/195 4052/2469/192
f 4034/2451/127 4001/1971/124 4055/1971/194 4061/2471/195
f 4038/987/168 4039/987/196 4042/2448/197 4041/2448/169
f 4039/987/198 4040/2466/189 4043/2448/188 4042/2448/199
f 4041/2448/169 4042/2448/197 4048/1007/200 4047/1007/174
f 4042/2448/199 4043/2448/188 4049/2468/191 4048/1007/201
f 4040/2466/189 4039/987/198 4045/2445/202 4046/2467/190
f 4039/987/203 4038/987/171 4044/2445/170 4045/2445/204
f 4047/1007/176 4048/1007/205 4051/2455/206 4050/2455/177
f 4048/1007/201 4049/2468/191 4052/2469/192 4051/2455/207
f 4050/2455/177 4051/2455/206 4060/1039/208 4059/1039/184
f 4051/2455/207 4052/2469/192 4061/2471/195 4060/1039/209
f 4053/1971/180 4054/1971/210 4057/1023/211 4056/1023/181
f 4054/1971/212 4055/1971/194 4058/2470/193 4057/1023/213
f 4046/2467/190 4045/2445/202 4057/1023/213 4058/2470/193
f 4045/2445/204 4044/2445/170 4056/1023/182 4057/1023/214
f 4055/1971/194 4054/1971/212 4060/1039/209 4061/2471/195
f 4054/1971/210 4053/1971/180 4059/1039/186 4060/1039/215
f 4062/987/172 4063/987/216 4069/2445/217 4068/2445/173
f 4063/987/149 4064/2457/148 4070/2462/164 4069/2445/218
f 4065/2458/151 4066/2448/150 4072/1007/219 4071/2464/166
f 4066/2448/155 4067/2448/154 4073/1007/175 4072/1007/220
f 4071/2464/166 4072/1007/219 4075/2455/221 4074/2463/165
f 4072/1007/222 4073/1007/179 4076/2455/178 4075/2455/223
f 4074/2463/165 4075/2455/221 4084/1039/224 4083/2465/167
f 4075/2455/223 4076/2455/178 4085/1039/185 4084/1039/225
f 4068/2445/173 4069/2445/217 4081/1023/226 4082/1023/183
f 4069/2445/218 4070/2462/164 4080/2460/159 4081/1023/158
f 4077/1971/161 4078/1971/160 4084/1039/227 4085/1039/187
f 4078/1971/157 4079/2459/156 4083/2465/167 4084/1039/224
f 4108/2410/228 4107/1092/229 4110/1997/229 4109/2411/66
f 4107/1092/70 4106/2412/71 4111/2413/72 4110/1997/73
f 4126/2414/74 4125/1075/75 4128/2415/76 4127/2416/77
f 4125/1074/78 4124/2417/79 4129/2418/80 4128/2419/78
f 4094/2420/230 4097/2421/82 4103/2422/83 4100/2423/84
f 4123/2424/85 4086/2425/6 4111/2413/72 4106/2412/71
f 4108/2410/228 4109/2411/66 4091/2426/86 4088/2427/87
f 4115/2428/88 4133/2429/90 4129/2418/90 4118/2430/231
f 4108/2431/92 4088/2432/93 4112/2433/93 4121/2434/232
f 4097/2421/96 4130/2435/233 4124/2436/98 4103/2422/99
f 4111/2413/72 4086/2425/6 4127/2416/77 4135/2437/100
f 4091/2426/101 4109/2411/102 4133/2438/234 4115/2439/104
f 4121/2434/105 4112/2433/106 4094/2440/107 4100/2441/235
f 4102/2442/109 4105/2443/110 4086/2425/6 4123/2424/85
f 4127/2416/77 4086/2425/6 4105/2443/110 4126/2414/74
f 4118/2430/111 4129/2418/80 4124/2417/79 4130/2444/112
f 4088/2432/93 4089/987/236 4113/2445/236 4112/2433/93
f 4089/987/237 4090/2446/115 4114/2447/116 4113/2445/238
f 4090/2446/115 4089/987/237 4092/2448/118 4093/2448/119
f 4089/988/239 4088/2427/87 4091/2426/86 4092/2449/239
f 4094/2420/230 4095/1023/121 4098/1971/121 4097/2421/82
f 4095/1023/122 4096/2450/123 4099/1971/124 4098/1971/125
f 4097/2421/96 4098/1971/240 4131/1039/240 4130/2435/233
f 4098/1971/125 4099/1971/124 4132/2451/127 4131/1039/128
f 4100/2441/235 4101/1057/241 4122/2452/242 4121/2434/105
f 4101/1056/130 4102/2442/109 4123/2424/85 4122/2453/131
f 4102/2442/109 4101/1056/130 4104/2002/132 4105/2443/110
f 4101/1056/243 4100/2423/84 4103/2422/83 4104/2002/244
f 4109/2411/102 4110/1997/134 4134/1111/134 4133/2438/234
f 4110/1997/73 4111/2413/72 4135/2437/100 4134/1111/135
f 4096/2450/123 4095/1023/122 4113/2445/238 4114/2447/116
f 4095/1023/245 4094/2440/107 4112/2433/106 4113/2445/245
f 4093/2448/119 4092/2448/118 4116/1007/137 4117/2454/138
f 4092/2449/246 4091/2426/101 4115/2439/104 4116/1006/246
f 4117/2454/138 4116/1007/137 4119/2455/247 4120/2456/141
f 4116/1007/248 4115/2428/88 4118/2430/231 4119/2455/248
f 4106/2412/71 4107/1092/70 4122/2453/131 4123/2424/85
f 4107/1093/249 4108/2431/92 4121/2434/232 4122/2452/249
f 4105/2443/110 4104/2002/132 4125/1075/75 4126/2414/74
f 4104/2002/144 4103/2422/99 4124/2436/98 4125/1075/144
f 4120/2456/141 4119/2455/247 4131/1039/128 4132/2451/127
f 4119/2455/250 4118/2430/111 4130/2444/112 4131/1039/250
f 4127/2416/77 4128/2415/76 4134/1111/135 4135/2437/100
f 4128/2419/147 4129/2418/90 4133/2429/90 4134/1110/147
f 4162/2457/148 4161/987/251 4164/2448/252 4163/2458/151
f 4161/987/253 4160/987/153 4165/2448/254 4164/2448/255
f 4177/2459/156 4176/1971/256 4179/1023/158 4178/2460/159
f 4176/1971/257 4175/1971/258 4180/1023/162 4179/1023/259
f 4162/2457/148 4163/2458/151 4087/2461/32 4168/2462/164
f 4172/2463/165 4087/2461/32 4163/2458/151 4169/2464/166
f 4168/2462/164 4087/2461/32 4177/2459/156 4178/2460/159
f 4177/2459/156 4087/2461/32 4172/2463/165 4181/2465/167
f 4136/987/168 4139/2448/260 4165/2448/254 4160/987/153
f 4142/2445/261 4136/987/171 4160/987/172 4166/2445/262
f 4139/2448/260 4145/1007/174 4171/1007/175 4165/2448/254
f 4145/1007/176 4148/2455/177 4174/2455/178 4171/1007/179
f 4151/1971/180 4154/1023/263 4180/1023/162 4175/1971/258
f 4154/1023/182 4142/2445/261 4166/2445/262 4180/1023/183
f 4148/2455/177 4157/1039/184 4183/1039/185 4174/2455/178
f 4157/1039/186 4151/1971/180 4175/1971/258 4183/1039/187
f 4090/2446/115 4093/2448/119 4141/2448/188 4138/2466/189
f 4114/2447/116 4090/2446/115 4138/2466/189 4144/2467/264
f 4093/2448/119 4117/2454/138 4147/2468/191 4141/2448/188
f 4117/2454/138 4120/2456/141 4150/2469/192 4147/2468/191
f 4099/1971/124 4096/2450/123 4156/2470/193 4153/1971/194
f 4096/2450/123 4114/2447/116 4144/2467/264 4156/2470/193
f 4120/2456/141 4132/2451/127 4159/2471/195 4150/2469/192
f 4132/2451/127 4099/1971/124 4153/1971/194 4159/2471/195
f 4136/987/168 4137/987/265 4140/2448/266 4139/2448/260
f 4137/987/198 4138/2466/189 4141/2448/188 4140/2448/199
f 4139/2448/260 4140/2448/266 4146/1007/267 4145/1007/174
f 4140/2448/199 4141/2448/188 4147/2468/191 4146/1007/201
f 4138/2466/189 4137/987/198 4143/2445/202 4144/2467/264
f 4137/987/203 4136/987/171 4142/2445/261 4143/2445/268
f 4145/1007/176 4146/1007/269 4149/2455/270 4148/2455/177
f 4146/1007/201 4147/2468/191 4150/2469/192 4149/2455/271
f 4148/2455/177 4149/2455/270 4158/1039/208 4157/1039/184
f 4149/2455/271 4150/2469/192 4159/2471/195 4158/1039/209
f 4151/1971/180 4152/1971/272 4155/1023/273 4154/1023/263
f 4152/1971/274 4153/1971/194 4156/2470/193 4155/1023/213
f 4144/2467/264 4143/2445/202 4155/1023/213 4156/2470/193
f 4143/2445/268 4142/2445/261 4154/1023/182 4155/1023/275
f 4153/1971/194 4152/1971/274 4158/1039/209 4159/2471/195
f 4152/1971/272 4151/1971/180 4157/1039/186 4158/1039/276
f 4160/987/172 4161/987/216 4167/2445/277 4166/2445/262
f 4161/987/251 4162/2457/148 4168/2462/164 4167/2445/218
f 4163/2458/151 4164/2448/252 4170/1007/219 4169/2464/166
f 4164/2448/255 4165/2448/254 4171/1007/175 4170/1007/278
f 4169/2464/166 4170/1007/219 4173/2455/221 4172/2463/165
f 4170/1007/279 4171/1007/179 4174/2455/178 4173/2455/280
f 4172/2463/165 4173/2455/221 4182/1039/281 4181/2465/167
f 4173/2455/280 4174/2455/178 4183/1039/185 4182/1039/282
f 4166/2445/262 4167/2445/277 4179/1023/283 4180/1023/183
f 4167/2445/218 4168/2462/164 4178/2460/159 4179/1023/158
f 4175/1971/258 4176/1971/257 4182/1039/284 4183/1039/187
f 4176/1971/256 4177/2459/156 4181/2465/167 4182/1039/281
f 4714/2410/228 4713/1092/305 4716/1997/305 4715/2411/69
f 4713/1092/70 4712/2412/71 4717/2413/72 4716/1997/73
f 4732/2414/74 4731/1075/75 4734/2415/306 4733/2416/77
f 4731/1074/307 4730/2417/79 4735/2418/80 4734/2419/308
f 4700/2420/81 4703/2421/82 4709/2422/83 4706/2423/309
f 4729/2424/85 4692/2425/6 4717/2413/72 4712/2412/71
f 4714/2410/228 4715/2411/69 4697/2426/86 4694/2427/310
f 4721/2428/88 4739/2429/90 4735/2418/90 4724/2430/91
f 4714/2431/92 4694/2432/93 4718/2433/93 4727/2434/232
f 4703/2421/96 4736/2435/97 4730/2436/98 4709/2422/99
f 4717/2413/72 4692/2425/6 4733/2416/77 4741/2437/100
f 4697/2426/311 4715/2411/102 4739/2438/234 4721/2439/104
f 4727/2434/105 4718/2433/106 4700/2440/107 4706/2441/108
f 4708/2442/109 4711/2443/110 4692/2425/6 4729/2424/85
f 4733/2416/77 4692/2425/6 4711/2443/110 4732/2414/74
f 4724/2430/111 4735/2418/80 4730/2417/79 4736/2444/112
f 4694/2432/93 4695/987/113 4719/2445/113 4718/2433/93
f 4695/987/237 4696/2446/115 4720/2447/116 4719/2445/238
f 4696/2446/115 4695/987/237 4698/2448/118 4699/2448/312
f 4695/988/120 4694/2427/310 4697/2426/86 4698/2449/120
f 4700/2420/81 4701/1023/313 4704/1971/313 4703/2421/82
f 4701/1023/122 4702/2450/123 4705/1971/124 4704/1971/125
f 4703/2421/96 4704/1971/314 4737/1039/314 4736/2435/97
f 4704/1971/125 4705/1971/124 4738/2451/127 4737/1039/315
f 4706/2441/108 4707/1057/242 4728/2452/242 4727/2434/105
f 4707/1056/316 4708/2442/109 4729/2424/85 4728/2453/131
f 4708/2442/109 4707/1056/316 4710/2002/132 4711/2443/110
f 4707/1056/317 4706/2423/309 4709/2422/83 4710/2002/317
f 4715/2411/102 4716/1997/318 4740/1111/318 4739/2438/234
f 4716/1997/73 4717/2413/72 4741/2437/100 4740/1111/135
f 4702/2450/123 4701/1023/122 4719/2445/238 4720/2447/116
f 4701/1023/319 4700/2440/107 4718/2433/106 4719/2445/319
f 4699/2448/312 4698/2448/118 4722/1007/137 4723/2454/138
f 4698/2449/320 4697/2426/311 4721/2439/104 4722/1006/320
f 4723/2454/138 4722/1007/137 4725/2455/321 4726/2456/141
f 4722/1007/248 4721/2428/88 4724/2430/91 4725/2455/248
f 4712/2412/71 4713/1092/70 4728/2453/131 4729/2424/85
f 4713/1093/322 4714/2431/92 4727/2434/232 4728/2452/322
f 4711/2443/110 4710/2002/132 4731/1075/75 4732/2414/74
f 4710/2002/144 4709/2422/99 4730/2436/98 4731/1075/144
f 4726/2456/141 4725/2455/321 4737/1039/315 4738/2451/127
f 4725/2455/250 4724/2430/111 4736/2444/112 4737/1039/250
f 4733/2416/77 4734/2415/306 4740/1111/135 4741/2437/100
f 4734/2419/323 4735/2418/90 4739/2429/90 4740/1110/323
f 4768/2457/148 4767/987/149 4770/2448/324 4769/2458/151
f 4767/987/253 4766/987/153 4771/2448/325 4770/2448/326
f 4783/2459/156 4782/1971/327 4785/1023/328 4784/2460/159
f 4782/1971/329 4781/1971/161 4786/1023/162 4785/1023/330
f 4768/2457/148 4769/2458/151 4693/2461/3 4774/2462/164
f 4778/2463/165 4693/2461/3 4769/2458/151 4775/2464/166
f 4774/2462/164 4693/2461/3 4783/2459/156 4784/2460/159
f 4783/2459/156 4693/2461/3 4778/2463/165 4787/2465/167
f 4742/987/168 4745/2448/260 4771/2448/325 4766/987/153
f 4748/2445/170 4742/987/331 4766/987/172 4772/2445/332
f 4745/2448/260 4751/1007/333 4777/1007/175 4771/2448/325
f 4751/1007/176 4754/2455/177 4780/2455/334 4777/1007/335
f 4757/1971/180 4760/1023/336 4786/1023/162 4781/1971/161
f 4760/1023/182 4748/2445/170 4772/2445/332 4786/1023/337
f 4754/2455/177 4763/1039/184 4789/1039/185 4780/2455/334
f 4763/1039/186 4757/1971/180 4781/1971/161 4789/1039/187
f 4696/2446/115 4699/2448/312 4747/2448/188 4744/2466/189
f 4720/2447/116 4696/2446/115 4744/2466/189 4750/2467/264
f 4699/2448/312 4723/2454/138 4753/2468/191 4747/2448/188
f 4723/2454/138 4726/2456/141 4756/2469/192 4753/2468/191
f 4705/1971/124 4702/2450/123 4762/2470/193 4759/1971/194
f 4702/2450/123 4720/2447/116 4750/2467/264 4762/2470/193
f 4726/2456/141 4738/2451/127 4765/2471/195 4756/2469/192
f 4738/2451/127 4705/1971/124 4759/1971/194 4765/2471/195
f 4742/987/168 4743/987/196 4746/2448/338 4745/2448/260
f 4743/987/198 4744/2466/189 4747/2448/188 4746/2448/199
f 4745/2448/260 4746/2448/338 4752/1007/267 4751/1007/333
f 4746/2448/199 4747/2448/188 4753/2468/191 4752/1007/201
f 4744/2466/189 4743/987/198 4749/2445/339 4750/2467/264
f 4743/987/340 4742/987/331 4748/2445/170 4749/2445/341
f 4751/1007/176 4752/1007/342 4755/2455/343 4754/2455/177
f 4752/1007/201 4753/2468/191 4756/2469/192 4755/2455/207
f 4754/2455/177 4755/2455/343 4764/1039/208 4763/1039/184
f 4755/2455/207 4756/2469/192 4765/2471/195 4764/1039/344
f 4757/1971/180 4758/1971/345 4761/1023/346 4760/1023/336
f 4758/1971/347 4759/1971/194 4762/2470/193 4761/1023/213
f 4750/2467/264 4749/2445/339 4761/1023/213 4762/2470/193
f 4749/2445/341 4748/2445/170 4760/1023/182 4761/1023/348
f 4759/1971/194 4758/1971/347 4764/1039/344 4765/2471/195
f 4758/1971/345 4757/1971/180 4763/1039/186 4764/1039/215
f 4766/987/172 4767/987/349 4773/2445/350 4772/2445/332
f 4767/987/149 4768/2457/148 4774/2462/164 4773/2445/351
f 4769/2458/151 4770/2448/324 4776/1007/219 4775/2464/166
f 4770/2448/326 4771/2448/325 4777/1007/175 4776/1007/220
f 4775/2464/166 4776/1007/219 4779/2455/221 4778/2463/165
f 4776/1007/352 4777/1007/335 4780/2455/334 4779/2455/280
f 4778/2463/165 4779/2455/221 4788/1039/281 4787/2465/167
f 4779/2455/280 4780/2455/334 4789/1039/185 4788/1039/353
f 4772/2445/332 4773/2445/350 4785/1023/354 4786/1023/337
f 4773/2445/351 4774/2462/164 4784/2460/159 4785/1023/328
f 4781/1971/161 4782/1971/329 4788/1039/355 4789/1039/187
f 4782/1971/327 4783/2459/156 4787/2465/167 4788/1039/281
f 4812/2410/66 4811/1092/356 4814/1997/356 4813/2411/69
f 4811/1092/70 4810/2412/71 4815/2413/72 4814/1997/73
f 4830/2414/74 4829/1075/75 4832/2415/306 4831/2416/77
f 4829/1074/307 4828/2417/79 4833/2418/80 4832/2419/308
f 4798/2420/81 4801/2421/82 4807/2422/83 4804/2423/84
f 4827/2424/85 4790/2425/6 4815/2413/72 4810/2412/71
f 4812/2410/66 4813/2411/69 4795/2426/86 4792/2427/87
f 4819/2428/88 4837/2429/89 4833/2418/90 4822/2430/91
f 4812/2431/357 4792/2432/93 4816/2433/93 4825/2434/232
f 4801/2421/358 4834/2435/97 4828/2436/98 4807/2422/99
f 4815/2413/72 4790/2425/6 4831/2416/77 4839/2437/100
f 4795/2426/311 4813/2411/102 4837/2438/234 4819/2439/104
f 4825/2434/105 4816/2433/106 4798/2440/107 4804/2441/108
f 4806/2442/359 4809/2443/110 4790/2425/6 4827/2424/85
f 4831/2416/77 4790/2425/6 4809/2443/110 4830/2414/74
f 4822/2430/111 4833/2418/80 4828/2417/79 4834/2444/112
f 4792/2432/93 4793/987/236 4817/2445/236 4816/2433/93
f 4793/987/237 4794/2446/115 4818/2447/116 4817/2445/238
f 4794/2446/115 4793/987/237 4796/2448/360 4797/2448/312
f 4793/988/361 4792/2427/87 4795/2426/86 4796/2449/361
f 4798/2420/81 4799/1023/313 4802/1971/313 4801/2421/82
f 4799/1023/122 4800/2450/362 4803/1971/124 4802/1971/363
f 4801/2421/358 4802/1971/240 4835/1039/240 4834/2435/97
f 4802/1971/363 4803/1971/124 4836/2451/127 4835/1039/315
f 4804/2441/108 4805/1057/242 4826/2452/364 4825/2434/105
f 4805/1056/316 4806/2442/359 4827/2424/85 4826/2453/131
f 4806/2442/359 4805/1056/316 4808/2002/132 4809/2443/110
f 4805/1056/365 4804/2423/84 4807/2422/83 4808/2002/365
f 4813/2411/102 4814/1997/366 4838/1111/366 4837/2438/234
f 4814/1997/73 4815/2413/72 4839/2437/100 4838/1111/135
f 4800/2450/362 4799/1023/122 4817/2445/238 4818/2447/116
f 4799/1023/319 4798/2440/107 4816/2433/106 4817/2445/319
f 4797/2448/312 4796/2448/360 4820/1007/137 4821/2454/138
f 4796/2449/320 4795/2426/311 4819/2439/104 4820/1006/320
f 4821/2454/138 4820/1007/137 4823/2455/321 4824/2456/141
f 4820/1007/248 4819/2428/88 4822/2430/91 4823/2455/248
f 4810/2412/71 4811/1092/70 4826/2453/131 4827/2424/85
f 4811/1093/367 4812/2431/357 4825/2434/232 4826/2452/367
f 4809/2443/110 4808/2002/132 4829/1075/75 4830/2414/74
f 4808/2002/144 4807/2422/99 4828/2436/98 4829/1075/144
f 4824/2456/141 4823/2455/321 4835/1039/315 4836/2451/127
f 4823/2455/368 4822/2430/111 4834/2444/112 4835/1039/368
f 4831/2416/77 4832/2415/306 4838/1111/135 4839/2437/100
f 4832/2419/323 4833/2418/90 4837/2429/89 4838/1110/323
f 4866/2457/148 4865/987/369 4868/2448/370 4867/2458/151
f 4865/987/371 4864/987/153 4869/2448/372 4868/2448/326
f 4881/2459/156 4880/1971/373 4883/1023/374 4882/2460/159
f 4880/1971/375 4879/1971/161 4884/1023/162 4883/1023/330
f 4866/2457/148 4867/2458/151 4791/2461/3 4872/2462/164
f 4876/2463/165 4791/2461/3 4867/2458/151 4873/2464/166
f 4872/2462/164 4791/2461/3 4881/2459/156 4882/2460/159
f 4881/2459/156 4791/2461/3 4876/2463/165 4885/2465/167
f 4840/987/168 4843/2448/376 4869/2448/372 4864/987/153
f 4846/2445/170 4840/987/331 4864/987/172 4870/2445/377
f 4843/2448/376 4849/1007/333 4875/1007/175 4869/2448/372
f 4849/1007/176 4852/2455/177 4878/2455/334 4875/1007/179
f 4855/1971/180 4858/1023/181 4884/1023/162 4879/1971/161
f 4858/1023/182 4846/2445/170 4870/2445/377 4884/1023/337
f 4852/2455/177 4861/1039/184 4887/1039/185 4878/2455/334
f 4861/1039/186 4855/1971/180 4879/1971/161 4887/1039/187
f 4794/2446/115 4797/2448/312 4845/2448/188 4842/2466/189
f 4818/2447/116 4794/2446/115 4842/2466/189 4848/2467/264
f 4797/2448/312 4821/2454/138 4851/2468/191 4845/2448/188
f 4821/2454/138 4824/2456/141 4854/2469/192 4851/2468/191
f 4803/1971/124 4800/2450/362 4860/2470/193 4857/1971/194
f 4800/2450/362 4818/2447/116 4848/2467/264 4860/2470/193
f 4824/2456/141 4836/2451/127 4863/2471/195 4854/2469/192
f 4836/2451/127 4803/1971/124 4857/1971/194 4863/2471/195
f 4840/987/168 4841/987/378 4844/2448/197 4843/2448/376
f 4841/987/198 4842/2466/189 4845/2448/188 4844/2448/199
f 4843/2448/376 4844/2448/197 4850/1007/267 4849/1007/333
f 4844/2448/199 4845/2448/188 4851/2468/191 4850/1007/201
f 4842/2466/189 4841/987/198 4847/2445/202 4848/2467/264
f 4841/987/379 4840/987/331 4846/2445/170 4847/2445/380
f 4849/1007/176 4850/1007/342 4853/2455/206 4852/2455/177
f 4850/1007/201 4851/2468/191 4854/2469/192 4853/2455/271
f 4852/2455/177 4853/2455/206 4862/1039/208 4861/1039/184
f 4853/2455/271 4854/2469/192 4863/2471/195 4862/1039/209
f 4855/1971/180 4856/1971/272 4859/1023/273 4858/1023/181
f 4856/1971/274 4857/1971/194 4860/2470/193 4859/1023/213
f 4848/2467/264 4847/2445/202 4859/1023/213 4860/2470/193
f 4847/2445/380 4846/2445/170 4858/1023/182 4859/1023/348
f 4857/1971/194 4856/1971/274 4862/1039/209 4863/2471/195
f 4856/1971/272 4855/1971/180 4861/1039/186 4862/1039/381
f 4864/987/172 4865/987/349 4871/2445/217 4870/2445/377
f 4865/987/369 4866/2457/148 4872/2462/164 4871/2445/218
f 4867/2458/151 4868/2448/370 4874/1007/382 4873/2464/166
f 4868/2448/326 4869/2448/372 4875/1007/175 4874/1007/383
f 4873/2464/166 4874/1007/382 4877/2455/221 4876/2463/165
f 4874/1007/384 4875/1007/179 4878/2455/334 4877/2455/385
f 4876/2463/165 4877/2455/221 4886/1039/281 4885/2465/167
f 4877/2455/385 4878/2455/334 4887/1039/185 4886/1039/353
f 4870/2445/377 4871/2445/217 4883/1023/386 4884/1023/337
f 4871/2445/218 4872/2462/164 4882/2460/159 4883/1023/374
f 4879/1971/161 4880/1971/375 4886/1039/387 4887/1039/187
f 4880/1971/373 4881/2459/156 4885/2465/167 4886/1039/281
usemtl aiStandardSurface6SG
f 4650/2472/5 4651/2473/5 4664/2474/5 4665/2475/5
f 4678/2476/1 4679/2477/1 4636/2478/1 4637/2479/1
f 4193/2480/2 4192/2481/2 4532/2482/2 4531/2483/2
f 4192/2481/2 4199/2484/2 4533/2485/2 4532/2482/2
f 4195/2486/3 4194/2487/3 4206/2488/3 4205/2489/3
f 4194/2490/285 4193/2480/2 4207/2491/2 4206/2492/2
f 4197/2493/5 4196/2494/5 4246/2495/5 4245/2496/65
f 4196/2494/3 4195/2486/3 4247/2497/3 4246/2495/3
f 4199/2484/2 4198/2498/2 4294/2499/286 4293/2500/2
f 4198/2501/5 4197/2493/5 4295/2502/5 4294/2503/5
f 4201/2504/2 4200/2505/2 4524/2506/2 4523/2507/2
f 4200/2505/2 4207/2491/2 4525/2508/2 4524/2506/2
f 4203/2509/1 4202/2510/64 4318/2511/64 4317/2512/1
f 4202/2513/2 4201/2504/2 4319/2514/2 4318/2515/286
f 4205/2489/3 4204/2516/3 4258/2517/3 4257/2518/3
f 4204/2516/1 4203/2509/1 4259/2519/1 4258/2517/1
f 4209/2520/3 4208/2521/3 4436/2522/3 4435/2523/3
f 4208/2521/5 4213/2524/5 4437/2525/5 4436/2522/5
f 4211/2526/4 4210/2527/4 4218/2528/4 4217/2529/4
f 4210/2527/3 4209/2520/3 4219/2530/3 4218/2528/3
f 4213/2524/5 4212/2531/9 4264/2532/9 4263/2533/5
f 4212/2534/4 4211/2526/4 4265/2535/4 4264/2536/4
f 4215/2537/1 4214/2538/1 4428/2539/1 4427/2540/1
f 4214/2538/3 4219/2530/3 4429/2541/3 4428/2539/3
f 4217/2529/4 4216/2542/4 4274/2543/4 4273/2544/4
f 4216/2545/1 4215/2537/1 4275/2546/1 4274/2547/1
f 4221/2548/6 4220/1056/6 4362/1056/6 4361/2549/6
f 4220/1057/6 4225/2550/6 4363/2551/6 4362/1057/6
f 4223/2552/6 4222/2553/6 4230/2554/6 4229/2555/6
f 4222/2553/6 4221/2548/6 4231/2556/6 4230/2554/6
f 4225/2550/6 4224/2557/6 4282/2558/6 4281/2559/6
f 4224/2560/6 4223/2552/6 4283/2561/6 4282/2562/6
f 4227/2563/6 4226/1074/6 4414/1074/6 4413/2564/6
f 4226/1075/6 4231/2556/6 4415/2565/6 4414/1075/6
f 4229/2555/6 4228/2566/6 4290/2567/287 4289/2568/6
f 4228/2569/6 4227/2563/6 4291/2570/287 4290/2571/287
f 4233/2572/6 4232/2573/6 4466/2574/6 4465/2575/6
f 4232/2576/6 4237/2577/6 4467/2578/6 4466/2579/6
f 4235/2580/6 4234/2581/6 4242/2582/6 4241/2583/6
f 4234/2581/6 4233/2572/6 4243/2584/6 4242/2582/6
f 4237/2577/6 4236/1093/6 4330/1093/6 4329/2585/6
f 4236/1092/6 4235/2580/6 4331/2586/6 4330/1092/6
f 4239/2587/6 4238/2588/6 4474/2589/6 4473/2590/6
f 4238/2591/6 4243/2584/6 4475/2592/6 4474/2593/6
f 4241/2583/6 4240/1111/6 4382/1111/6 4381/2594/6
f 4240/1110/6 4239/2587/6 4383/2595/6 4382/1110/6
f 4245/2496/65 4244/2596/5 4444/2597/5 4443/2598/5
f 4244/2596/5 4251/2599/5 4445/2600/5 4444/2597/5
f 4249/2601/3 4248/2602/3 4256/2603/3 4255/2604/3
f 4248/2602/3 4247/2497/3 4257/2518/3 4256/2603/3
f 4251/2599/5 4250/2605/5 4432/2606/5 4439/2607/5
f 4250/2605/3 4249/2601/3 4433/2608/3 4432/2606/3
f 4253/2609/1 4252/2610/1 4320/2611/1 4327/2612/1
f 4252/2610/1 4259/2519/1 4321/2613/1 4320/2611/1
f 4255/2604/3 4254/2614/3 4424/2615/3 4431/2616/3
f 4254/2614/1 4253/2609/1 4425/2617/1 4424/2615/1
f 4261/2618/3 4260/2619/3 4350/2619/3 4349/2620/3
f 4260/2621/3 4267/2622/3 4351/2623/3 4350/2621/3
f 4263/2533/5 4262/2624/5 4308/2625/5 4307/2626/5
f 4262/2624/3 4261/2618/3 4309/2627/3 4308/2625/32
f 4267/2622/3 4266/2628/3 4272/2629/3 4271/2630/3
f 4266/2628/4 4265/2535/4 4273/2544/4 4272/2629/4
f 4269/2631/3 4268/2632/3 4500/2633/288 4499/2634/3
f 4268/2632/1 4275/2546/1 4501/2635/1 4500/2633/1
f 4271/2630/3 4270/2636/3 4398/2636/3 4397/2630/3
f 4270/2637/3 4269/2631/3 4399/2638/3 4398/2637/3
f 4277/2639/6 4276/2640/6 4288/2641/6 4287/2642/6
f 4276/2640/6 4283/2561/6 4289/2568/6 4288/2641/6
f 4279/2643/6 4278/2644/6 4470/2645/289 4469/2646/6
f 4278/2647/6 4277/2639/6 4471/2648/6 4470/2649/289
f 4281/2559/6 4280/2650/6 4372/2651/6 4371/2652/6
f 4280/2650/6 4279/2643/6 4373/2653/6 4372/2651/6
f 4285/2654/6 4284/2655/287 4418/2656/6 4417/2657/6
f 4284/2655/287 4291/2570/287 4419/2658/6 4418/2656/6
f 4287/2642/6 4286/2659/287 4478/2660/287 4477/2661/6
f 4286/2662/287 4285/2654/6 4479/2663/6 4478/2664/287
f 4293/2500/2 4292/2665/2 4508/2666/2 4507/2667/2
f 4292/2665/2 4301/2668/2 4509/2669/2 4508/2666/2
f 4297/2670/3 4296/2671/32 4442/2672/32 4441/2673/3
f 4296/2671/5 4295/2502/5 4443/2598/5 4442/2672/5
f 4299/2674/3 4298/2675/3 4342/2675/3 4341/2676/3
f 4298/2677/3 4297/2670/3 4343/2678/3 4342/2677/3
f 4301/2668/2 4300/2679/2 4312/2680/2 4311/2681/2
f 4300/2679/3 4299/2674/3 4313/2682/3 4312/2680/3
f 4303/2683/3 4302/2684/32 4354/2685/3 4353/2686/3
f 4302/2684/32 4309/2627/3 4355/2687/3 4354/2685/3
f 4305/2688/5 4304/2689/5 4446/2690/5 4445/2600/5
f 4304/2689/288 4303/2683/3 4447/2691/3 4446/2690/3
f 4307/2626/5 4306/2692/5 4438/2693/5 4437/2525/5
f 4306/2692/5 4305/2688/5 4439/2607/5 4438/2693/5
f 4311/2681/2 4310/2694/2 4516/2695/2 4515/2696/2
f 4310/2694/2 4319/2514/2 4517/2697/2 4516/2695/2
f 4315/2698/3 4314/2699/3 4386/2699/3 4385/2700/3
f 4314/2701/3 4313/2682/3 4387/2702/3 4386/2701/3
f 4317/2512/1 4316/2703/1 4322/2704/1 4321/2613/1
f 4316/2703/288 4315/2698/3 4323/2705/3 4322/2704/288
f 4325/2706/3 4324/2707/3 4402/2708/3 4401/2709/3
f 4324/2707/3 4323/2705/3 4403/2710/3 4402/2708/3
f 4327/2612/1 4326/2711/1 4496/2712/1 4503/2713/1
f 4326/2711/32 4325/2706/3 4497/2714/3 4496/2712/32
f 4329/2585/6 4328/2715/289 4460/2716/289 4459/2717/289
f 4328/2715/9 4335/2718/9 4461/2719/9 4460/2716/9
f 4333/2720/2 4332/2721/2 4380/2722/2 4379/2723/2
f 4332/2721/6 4331/2586/6 4381/2594/6 4380/2722/6
f 4655/2724/5 4656/2725/9 4687/2726/5 4688/2727/5
f 4656/2728/2 4657/2729/2 4686/2730/2 4687/2731/2
f 4337/2732/5 4336/2733/5 4450/2734/9 4449/2735/5
f 4336/2733/3 4343/2678/3 4451/2736/3 4450/2734/3
f 4341/2676/3 4340/2737/3 4388/2738/3 4387/2702/3
f 4340/2737/285 4339/2739/2 4389/2740/2 4388/2738/2
f 4345/2741/4 4344/2742/4 4396/2743/4 4395/2744/4
f 4344/2742/3 4351/2623/3 4397/2630/3 4396/2743/32
f 4669/2745/5 4670/2746/5 4645/2747/5 4646/2748/5
f 4670/2749/4 4671/2750/4 4644/2751/4 4645/2752/4
f 4349/2620/3 4348/2753/3 4356/2754/3 4355/2687/3
f 4348/2753/5 4347/2755/5 4357/2756/5 4356/2754/5
f 4353/2686/3 4352/2757/3 4454/2758/3 4453/2759/3
f 4352/2757/3 4359/2760/3 4455/2761/3 4454/2758/3
f 4666/2475/4 4667/2762/4 4648/2763/4 4649/2472/4
f 4667/2762/5 4668/2764/5 4647/2765/5 4648/2763/65
f 4361/2549/6 4360/2766/6 4408/2767/6 4415/2565/6
f 4360/2766/4 4367/2768/4 4409/2769/4 4408/2767/4
f 4365/2770/5 4364/2771/5 4370/2772/5 4369/2773/5
f 4364/2771/6 4363/2551/6 4371/2652/6 4370/2772/6
f 4375/2774/6 4374/2775/6 4456/2776/6 4463/2777/6
f 4374/2775/6 4373/2653/6 4457/2778/6 4456/2776/6
f 4377/2779/1 4376/2780/1 4482/2781/1 4481/2782/1
f 4376/2780/6 4383/2595/6 4483/2783/6 4482/2781/6
f 4658/2784/2 4659/2785/2 4684/2786/2 4685/2787/2
f 4659/2788/1 4660/2789/1 4683/2790/1 4684/2791/1
f 4385/2700/3 4384/2792/3 4404/2793/3 4403/2710/3
f 4384/2792/1 4391/2794/1 4405/2795/1 4404/2793/64
f 4393/2796/1 4392/2797/64 4490/2798/1 4489/2799/1
f 4392/2797/288 4399/2638/3 4491/2800/3 4490/2798/3
f 4672/2801/4 4673/2802/4 4642/2803/4 4643/2804/4
f 4673/2805/1 4674/2806/1 4641/2807/1 4642/2808/1
f 4401/2709/3 4400/2809/288 4494/2810/288 4493/2811/3
f 4400/2809/288 4407/2812/3 4495/2813/3 4494/2810/288
f 4680/2477/2 4681/2814/2 4662/2815/2 4663/2478/2
f 4681/2814/1 4682/2816/1 4661/2817/1 4662/2815/1
f 4413/2564/6 4412/2818/6 4420/2819/6 4419/2658/6
f 4412/2818/1 4411/2820/1 4421/2821/1 4420/2819/64
f 4417/2657/6 4416/2822/6 4486/2823/287 4485/2824/6
f 4416/2822/6 4423/2825/6 4487/2826/6 4486/2823/287
f 4638/2479/4 4639/2827/4 4676/2828/4 4677/2476/4
f 4639/2827/1 4640/2829/1 4675/2830/1 4676/2828/64
f 4427/2540/1 4426/2831/1 4502/2832/1 4501/2635/1
f 4426/2831/1 4425/2617/1 4503/2713/1 4502/2832/1
f 4431/2616/3 4430/2833/3 4434/2834/3 4433/2608/3
f 4430/2833/3 4429/2541/3 4435/2523/3 4434/2834/3
f 4441/2673/3 4440/2835/3 4452/2836/3 4451/2736/3
f 4440/2835/3 4447/2691/3 4453/2759/3 4452/2836/3
f 4689/2837/5 4690/2838/5 4653/2839/9 4654/2840/5
f 4690/2838/2 4691/2474/2 4652/2473/2 4653/2839/2
f 4459/2717/289 4458/2841/6 4468/2842/6 4467/2578/6
f 4458/2841/6 4457/2778/6 4469/2646/6 4468/2842/6
f 4465/2575/6 4464/2843/6 4476/2844/6 4475/2592/6
f 4464/2843/6 4471/2648/6 4477/2661/6 4476/2844/6
f 4473/2590/6 4472/2845/6 4484/2846/6 4483/2783/6
f 4472/2845/6 4479/2663/6 4485/2824/6 4484/2846/6
f 4493/2811/3 4492/2847/3 4498/2848/3 4497/2714/3
f 4492/2847/3 4491/2800/3 4499/2634/3 4498/2848/3
f 4505/2849/1 4504/2850/1 4538/2851/1 4537/2852/1
f 4504/2850/3 4511/2853/3 4539/2854/3 4538/2851/3
f 4507/2667/2 4506/2855/2 4534/2856/2 4533/2485/2
f 4506/2855/1 4505/2849/1 4535/2857/1 4534/2856/1
f 4511/2853/3 4510/2858/3 4514/2859/3 4513/2860/3
f 4510/2858/2 4509/2669/2 4515/2696/2 4514/2859/2
f 4513/2860/3 4512/2861/3 4546/2862/3 4545/2863/3
f 4512/2861/65 4519/2864/5 4547/2865/5 4546/2862/5
f 4519/2864/5 4518/2866/65 4522/2867/5 4521/2868/5
f 4518/2866/2 4517/2697/2 4523/2507/2 4522/2867/2
f 4521/2868/5 4520/2869/5 4552/2870/5 4551/2871/5
f 4520/2869/6 4527/2872/6 4553/2873/6 4552/2870/6
f 4527/2872/6 4526/2874/6 4530/2875/6 4529/2876/6
f 4526/2874/2 4525/2508/2 4531/2483/2 4530/2875/2
f 4529/2876/6 4528/2877/6 4558/2878/6 4557/2879/6
f 4528/2877/1 4535/2857/1 4559/2880/1 4558/2878/1
f 4537/2852/1 4536/2881/1 4554/2882/1 4559/2880/1
f 4536/2881/2 4541/2883/2 4555/2884/2 4554/2882/2
f 4541/2883/2 4540/2885/2 4544/2886/2 4543/2887/2
f 4540/2885/3 4539/2854/3 4545/2863/3 4544/2886/3
f 4543/2887/2 4542/2888/2 4550/2889/2 4549/2890/2
f 4542/2888/5 4547/2865/5 4551/2871/5 4550/2889/5
f 4549/2890/2 4548/2891/2 4556/2892/2 4555/2884/2
f 4548/2891/6 4553/2873/6 4557/2879/6 4556/2892/6
f 4195/2486/3 4205/2489/3 4257/2518/3 4247/2497/3
f 4211/2526/4 4217/2529/4 4273/2544/4 4265/2535/4
f 4465/2575/6 4475/2592/6 4243/2584/6 4233/2572/6
f 4541/2883/2 4543/2887/2 4549/2890/2 4555/2884/2
f 4203/2509/1 4317/2512/1 4321/2613/1 4259/2519/1
f 4295/2502/5 4197/2493/5 4245/2496/65 4443/2598/5
f 4654/2840/5 4655/2724/5 4688/2727/5 4689/2837/5
f 4657/2729/2 4658/2784/2 4685/2787/2 4686/2730/2
f 4682/2816/1 4683/2790/1 4660/2789/1 4661/2817/1
f 4671/2750/4 4672/2801/4 4643/2804/4 4644/2751/4
f 4297/2670/3 4441/2673/3 4451/2736/3 4343/2678/3
f 4467/2578/6 4237/2577/6 4329/2585/6 4459/2717/289
f 4235/2580/6 4241/2583/6 4381/2594/6 4331/2586/6
f 4313/2682/3 4299/2674/3 4341/2676/3 4387/2702/3
f 4323/2705/3 4315/2698/3 4385/2700/3 4403/2710/3
f 4239/2587/6 4473/2590/6 4483/2783/6 4383/2595/6
f 4267/2622/3 4271/2630/3 4397/2630/3 4351/2623/3
f 4231/2556/6 4221/2548/6 4361/2549/6 4415/2565/6
f 4435/2523/3 4429/2541/3 4219/2530/3 4209/2520/3
f 4307/2626/5 4437/2525/5 4213/2524/5 4263/2533/5
f 4355/2687/3 4309/2627/3 4261/2618/3 4349/2620/3
f 4646/2748/5 4647/2765/5 4668/2764/5 4669/2745/5
f 4225/2550/6 4281/2559/6 4371/2652/6 4363/2551/6
f 4223/2552/6 4229/2555/6 4289/2568/6 4283/2561/6
f 4419/2658/6 4291/2570/287 4227/2563/6 4413/2564/6
f 4674/2806/1 4675/2830/1 4640/2829/1 4641/2807/1
f 4269/2631/3 4499/2634/3 4491/2800/3 4399/2638/3
f 4427/2540/1 4501/2635/1 4275/2546/1 4215/2537/1
f 4249/2601/3 4255/2604/3 4431/2616/3 4433/2608/3
f 4445/2600/5 4251/2599/5 4439/2607/5 4305/2688/5
f 4453/2759/3 4447/2691/3 4303/2683/3 4353/2686/3
f 4279/2643/6 4469/2646/6 4457/2778/6 4373/2653/6
f 4277/2639/6 4287/2642/6 4477/2661/6 4471/2648/6
f 4485/2824/6 4479/2663/6 4285/2654/6 4417/2657/6
f 4497/2714/3 4325/2706/3 4401/2709/3 4493/2811/3
f 4253/2609/1 4327/2612/1 4503/2713/1 4425/2617/1
f 4651/2473/2 4652/2473/2 4691/2474/2 4664/2474/2
f 4455/2761/3 4359/2760/3 4186/2760/3 4184/2761/3
f 4665/2475/4 4666/2475/4 4649/2472/4 4650/2472/4
f 4375/2774/6 4463/2777/6 4185/2777/6 4187/2774/6
f 4495/2813/3 4407/2812/3 4188/2812/3 4189/2813/3
f 4679/2477/2 4680/2477/2 4663/2478/2 4636/2478/286
f 4487/2826/6 4423/2825/6 4191/2825/6 4190/2826/6
f 4637/2479/4 4638/2479/4 4677/2476/4 4678/2476/4
f 4301/2668/2 4311/2681/2 4515/2696/2 4509/2669/2
f 4319/2514/2 4201/2504/2 4523/2507/2 4517/2697/2
f 4207/2491/2 4193/2480/2 4531/2483/2 4525/2508/2
f 4199/2484/2 4293/2500/2 4507/2667/2 4533/2485/2
f 4511/2853/3 4513/2860/3 4545/2863/3 4539/2854/3
f 4519/2864/5 4521/2868/5 4551/2871/5 4547/2865/5
f 4527/2872/6 4529/2876/6 4557/2879/6 4553/2873/6
f 4535/2857/1 4505/2849/1 4537/2852/1 4559/2880/1
f 4198/2498/2 4199/2484/2 4192/2481/2 4560/988/2
f 4192/2481/2 4193/2480/2 4194/2490/285 4560/988/2
f 4194/2487/3 4195/2486/3 4196/2494/3 4560/987/3
f 4196/2494/5 4197/2493/5 4198/2501/5 4560/987/5
f 4206/2492/2 4207/2491/2 4200/2505/2 4561/1006/2
f 4200/2505/2 4201/2504/2 4202/2513/2 4561/1006/2
f 4202/2510/64 4203/2509/1 4204/2516/1 4561/1007/1
f 4204/2516/3 4205/2489/3 4206/2488/3 4561/1007/3
f 4212/2531/9 4213/2524/5 4208/2521/5 4562/1023/5
f 4208/2521/3 4209/2520/3 4210/2527/3 4562/1023/3
f 4210/2527/4 4211/2526/4 4212/2534/4 4562/1023/4
f 4218/2528/3 4219/2530/3 4214/2538/3 4563/1039/3
f 4214/2538/1 4215/2537/1 4216/2545/1 4563/1039/1
f 4216/2542/4 4217/2529/4 4218/2528/4 4563/1039/4
f 4224/2557/6 4225/2550/6 4220/1057/6 4564/1057/6
f 4220/1056/6 4221/2548/6 4222/2553/6 4564/1056/6
f 4222/2553/6 4223/2552/6 4224/2560/6 4564/1056/6
f 4230/2554/6 4231/2556/6 4226/1075/6 4565/1075/6
f 4226/1074/6 4227/2563/6 4228/2569/6 4565/1074/6
f 4228/2566/6 4229/2555/6 4230/2554/6 4565/1075/6
f 4236/1093/6 4237/2577/6 4232/2576/6 4566/1093/6
f 4232/2573/6 4233/2572/6 4234/2581/6 4566/1092/6
f 4234/2581/6 4235/2580/6 4236/1092/6 4566/1092/6
f 4242/2582/6 4243/2584/6 4238/2591/6 4567/1111/6
f 4238/2588/6 4239/2587/6 4240/1110/6 4567/1110/6
f 4240/1111/6 4241/2583/6 4242/2582/6 4567/1111/6
f 4250/2605/5 4251/2599/5 4244/2596/5 4568/2893/5
f 4244/2596/5 4245/2496/65 4246/2495/5 4568/2893/5
f 4246/2495/3 4247/2497/3 4248/2602/3 4568/2893/3
f 4248/2602/3 4249/2601/3 4250/2605/3 4568/2893/3
f 4258/2517/1 4259/2519/1 4252/2610/1 4569/2894/1
f 4252/2610/1 4253/2609/1 4254/2614/1 4569/2894/1
f 4254/2614/3 4255/2604/3 4256/2603/3 4569/2894/3
f 4256/2603/3 4257/2518/3 4258/2517/3 4569/2894/3
f 4266/2628/3 4267/2622/3 4260/2621/3 4570/2621/3
f 4260/2619/3 4261/2618/3 4262/2624/3 4570/2619/3
f 4262/2624/5 4263/2533/5 4264/2532/9 4570/2619/5
f 4264/2536/4 4265/2535/4 4266/2628/4 4570/2621/4
f 4274/2547/1 4275/2546/1 4268/2632/1 4571/2637/1
f 4268/2632/3 4269/2631/3 4270/2637/3 4571/2637/3
f 4270/2636/3 4271/2630/3 4272/2629/3 4571/2636/3
f 4272/2629/4 4273/2544/4 4274/2543/4 4571/2636/4
f 4282/2562/6 4283/2561/6 4276/2640/6 4572/2895/6
f 4276/2640/6 4277/2639/6 4278/2647/6 4572/2895/6
f 4278/2644/6 4279/2643/6 4280/2650/6 4572/2774/6
f 4280/2650/6 4281/2559/6 4282/2558/6 4572/2774/6
f 4290/2571/287 4291/2570/287 4284/2655/287 4573/2896/6
f 4284/2655/287 4285/2654/6 4286/2662/287 4573/2896/6
f 4286/2659/287 4287/2642/6 4288/2641/6 4573/2897/6
f 4288/2641/6 4289/2568/6 4290/2567/287 4573/2897/6
f 4300/2679/2 4301/2668/2 4292/2665/2 4574/2675/2
f 4292/2665/2 4293/2500/2 4294/2499/286 4574/2675/2
f 4294/2503/5 4295/2502/5 4296/2671/5 4574/2677/5
f 4296/2671/32 4297/2670/3 4298/2677/3 4574/2677/3
f 4298/2675/3 4299/2674/3 4300/2679/3 4574/2675/3
f 4308/2625/32 4309/2627/3 4302/2684/32 4575/2760/3
f 4302/2684/32 4303/2683/3 4304/2689/288 4575/2760/3
f 4304/2689/5 4305/2688/5 4306/2692/5 4575/2760/5
f 4306/2692/5 4307/2626/5 4308/2625/5 4575/2760/5
f 4318/2515/286 4319/2514/2 4310/2694/2 4576/2701/2
f 4310/2694/2 4311/2681/2 4312/2680/2 4576/2701/2
f 4312/2680/3 4313/2682/3 4314/2701/3 4576/2701/3
f 4314/2699/3 4315/2698/3 4316/2703/288 4576/2699/3
f 4316/2703/1 4317/2512/1 4318/2511/64 4576/2699/1
f 4326/2711/1 4327/2612/1 4320/2611/1 4577/2812/1
f 4320/2611/1 4321/2613/1 4322/2704/1 4577/2812/1
f 4322/2704/288 4323/2705/3 4324/2707/3 4577/2812/3
f 4324/2707/3 4325/2706/3 4326/2711/32 4577/2812/3
f 4334/2898/9 4335/2718/9 4328/2715/9 4578/1093/8
f 4328/2715/289 4329/2585/6 4330/1093/6 4578/1093/6
f 4330/1092/6 4331/2586/6 4332/2721/6 4578/1092/6
f 4332/2721/2 4333/2720/2 4334/2899/2 4578/1092/285
f 4342/2677/3 4343/2678/3 4336/2733/3 4579/2677/3
f 4336/2733/5 4337/2732/5 4338/2900/5 4579/2677/5
f 4338/2901/2 4339/2739/2 4340/2737/285 4579/2675/285
f 4340/2737/3 4341/2676/3 4342/2675/3 4579/2675/3
f 4350/2621/3 4351/2623/3 4344/2742/3 4580/2621/3
f 4344/2742/4 4345/2741/4 4346/2902/4 4580/2621/290
f 4346/2903/5 4347/2755/5 4348/2753/5 4580/2619/9
f 4348/2753/3 4349/2620/3 4350/2619/3 4580/2619/3
f 4358/2904/291 4359/2760/291 4352/2757/291 4581/2760/291
f 4352/2757/3 4353/2686/3 4354/2685/3 4581/2760/3
f 4354/2685/3 4355/2687/3 4356/2754/3 4581/2760/3
f 4356/2754/5 4357/2756/5 4358/2904/5 4581/2760/5
f 4366/2905/4 4367/2768/4 4360/2766/4 4582/1056/4
f 4360/2766/6 4361/2549/6 4362/1056/6 4582/1056/6
f 4362/1057/6 4363/2551/6 4364/2771/6 4582/1057/6
f 4364/2771/5 4365/2770/5 4366/2906/5 4582/1057/5
f 4374/2775/292 4375/2774/292 4368/2907/292 4583/2774/292
f 4368/2907/5 4369/2773/5 4370/2772/5 4583/2774/5
f 4370/2772/6 4371/2652/6 4372/2651/6 4583/2774/6
f 4372/2651/6 4373/2653/6 4374/2775/6 4583/2774/6
f 4382/1110/6 4383/2595/6 4376/2780/6 4584/1110/6
f 4376/2780/1 4377/2779/1 4378/2908/1 4584/1110/1
f 4378/2909/2 4379/2723/2 4380/2722/2 4584/1111/2
f 4380/2722/6 4381/2594/6 4382/1111/6 4584/1111/6
f 4390/2910/1 4391/2794/1 4384/2792/1 4585/2699/1
f 4384/2792/3 4385/2700/3 4386/2699/3 4585/2699/3
f 4386/2701/3 4387/2702/3 4388/2738/3 4585/2701/3
f 4388/2738/2 4389/2740/2 4390/2911/2 4585/2701/2
f 4398/2637/3 4399/2638/3 4392/2797/288 4586/2637/3
f 4392/2797/64 4393/2796/1 4394/2912/1 4586/2637/293
f 4394/2913/4 4395/2744/4 4396/2743/4 4586/2636/290
f 4396/2743/32 4397/2630/3 4398/2636/3 4586/2636/3
f 4406/2914/294 4407/2812/294 4400/2809/294 4587/2812/295
f 4400/2809/288 4401/2709/3 4402/2708/3 4587/2812/3
f 4402/2708/3 4403/2710/3 4404/2793/3 4587/2812/3
f 4404/2793/64 4405/2795/1 4406/2914/64 4587/2812/64
f 4414/1075/6 4415/2565/6 4408/2767/6 4588/1075/6
f 4408/2767/4 4409/2769/4 4410/2915/4 4588/1075/4
f 4410/2916/1 4411/2820/1 4412/2818/1 4588/1074/1
f 4412/2818/6 4413/2564/6 4414/1074/6 4588/1074/6
f 4422/2917/296 4423/2825/296 4416/2822/296 4589/2896/296
f 4416/2822/6 4417/2657/6 4418/2656/6 4589/2896/6
f 4418/2656/6 4419/2658/6 4420/2819/6 4589/2896/6
f 4420/2819/64 4421/2821/1 4422/2917/1 4589/2896/64
f 4430/2833/3 4431/2616/3 4424/2615/3 4590/2918/3
f 4424/2615/1 4425/2617/1 4426/2831/1 4590/2918/1
f 4426/2831/1 4427/2540/1 4428/2539/1 4590/2918/1
f 4428/2539/3 4429/2541/3 4430/2833/3 4590/2918/3
f 4438/2693/5 4439/2607/5 4432/2606/5 4591/2919/5
f 4432/2606/3 4433/2608/3 4434/2834/3 4591/2919/3
f 4434/2834/3 4435/2523/3 4436/2522/3 4591/2919/3
f 4436/2522/5 4437/2525/5 4438/2693/5 4591/2919/5
f 4446/2690/3 4447/2691/3 4440/2835/3 4592/2761/3
f 4440/2835/3 4441/2673/3 4442/2672/32 4592/2761/3
f 4442/2672/5 4443/2598/5 4444/2597/5 4592/2761/5
f 4444/2597/5 4445/2600/5 4446/2690/5 4592/2761/5
f 4454/2758/297 4455/2761/297 4448/2920/297 4593/2761/297
f 4448/2920/9 4449/2735/5 4450/2734/9 4593/2761/8
f 4450/2734/3 4451/2736/3 4452/2836/3 4593/2761/3
f 4452/2836/3 4453/2759/3 4454/2758/3 4593/2761/3
f 4462/2921/298 4463/2777/298 4456/2776/298 4594/2922/298
f 4456/2776/6 4457/2778/6 4458/2841/6 4594/2922/299
f 4458/2841/6 4459/2717/289 4460/2716/289 4594/2922/299
f 4460/2716/9 4461/2719/9 4462/2921/9 4594/2922/9
f 4470/2649/289 4471/2648/6 4464/2843/6 4595/2923/6
f 4464/2843/6 4465/2575/6 4466/2574/6 4595/2923/6
f 4466/2579/6 4467/2578/6 4468/2842/6 4595/2922/6
f 4468/2842/6 4469/2646/6 4470/2645/289 4595/2922/6
f 4478/2664/287 4479/2663/6 4472/2845/6 4596/2826/287
f 4472/2845/6 4473/2590/6 4474/2589/6 4596/2826/287
f 4474/2593/6 4475/2592/6 4476/2844/6 4596/2924/287
f 4476/2844/6 4477/2661/6 4478/2660/287 4596/2924/287
f 4486/2823/300 4487/2826/300 4480/2925/300 4597/2826/300
f 4480/2925/1 4481/2782/1 4482/2781/1 4597/2826/1
f 4482/2781/6 4483/2783/6 4484/2846/6 4597/2826/6
f 4484/2846/6 4485/2824/6 4486/2823/287 4597/2826/6
f 4494/2810/301 4495/2813/301 4488/2926/301 4598/2813/301
f 4488/2926/1 4489/2799/1 4490/2798/1 4598/2813/1
f 4490/2798/3 4491/2800/3 4492/2847/3 4598/2813/3
f 4492/2847/3 4493/2811/3 4494/2810/288 4598/2813/3
f 4502/2832/1 4503/2713/1 4496/2712/1 4599/2813/1
f 4496/2712/32 4497/2714/3 4498/2848/3 4599/2813/3
f 4498/2848/3 4499/2634/3 4500/2633/288 4599/2813/3
f 4500/2633/1 4501/2635/1 4502/2832/1 4599/2813/1
f 4510/2858/3 4511/2853/3 4504/2850/3 4600/2675/3
f 4504/2850/1 4505/2849/1 4506/2855/1 4600/2675/1
f 4506/2855/2 4507/2667/2 4508/2666/2 4600/2675/2
f 4508/2666/2 4509/2669/2 4510/2858/2 4600/2675/2
f 4518/2866/65 4519/2864/5 4512/2861/65 4601/2701/302
f 4512/2861/3 4513/2860/3 4514/2859/3 4601/2701/3
f 4514/2859/2 4515/2696/2 4516/2695/2 4601/2701/2
f 4516/2695/2 4517/2697/2 4518/2866/2 4601/2701/2
f 4526/2874/6 4527/2872/6 4520/2869/6 4602/1006/6
f 4520/2869/5 4521/2868/5 4522/2867/5 4602/1006/5
f 4522/2867/2 4523/2507/2 4524/2506/2 4602/1006/2
f 4524/2506/2 4525/2508/2 4526/2874/2 4602/1006/2
f 4534/2856/1 4535/2857/1 4528/2877/1 4603/988/1
f 4528/2877/6 4529/2876/6 4530/2875/6 4603/988/6
f 4530/2875/2 4531/2483/2 4532/2482/2 4603/988/2
f 4532/2482/2 4533/2485/2 4534/2856/2 4603/988/2
f 4540/2885/2 4541/2883/2 4536/2881/2 4604/2675/2
f 4536/2881/1 4537/2852/1 4538/2851/1 4604/2675/1
f 4538/2851/3 4539/2854/3 4540/2885/3 4604/2675/3
f 4546/2862/5 4547/2865/5 4542/2888/5 4605/2701/5
f 4542/2888/2 4543/2887/2 4544/2886/2 4605/2701/2
f 4544/2886/3 4545/2863/3 4546/2862/3 4605/2701/3
f 4552/2870/6 4553/2873/6 4548/2891/6 4606/1006/6
f 4548/2891/2 4549/2890/2 4550/2889/2 4606/1006/2
f 4550/2889/5 4551/2871/5 4552/2870/5 4606/1006/5
f 4558/2878/1 4559/2880/1 4554/2882/1 4607/988/1
f 4554/2882/2 4555/2884/2 4556/2892/2 4607/988/2
f 4556/2892/6 4557/2879/6 4558/2878/6 4607/988/6
f 4609/2927/5 4608/2928/5 4184/2761/5 4186/2760/5
f 4359/2760/4 4610/2927/4 4609/2927/4 4186/2760/4
f 4359/2760/4 4358/2904/4 4611/2929/4 4610/2927/4
f 4358/2904/5 4357/2756/5 4612/2930/5 4611/2929/5
f 4613/2931/5 4612/2930/5 4357/2756/5 4347/2755/5
f 4347/2755/5 4346/2903/5 4614/2932/5 4613/2931/5
f 4346/2902/4 4345/2741/4 4615/2933/4 4614/2934/4
f 4345/2741/4 4395/2744/4 4616/2935/4 4615/2933/4
f 4395/2744/4 4394/2913/4 4617/2936/4 4616/2935/4
f 4394/2912/1 4393/2796/1 4618/2937/1 4617/2938/1
f 4393/2796/1 4489/2799/1 4619/2939/1 4618/2937/1
f 4620/2940/303 4619/2939/1 4489/2799/1 4488/2926/1
f 4621/2941/4 4620/2940/4 4488/2926/4 4495/2813/290
f 4622/2941/290 4621/2941/4 4495/2813/290 4189/2813/304
f 4189/2813/1 4188/2812/1 4623/2942/1 4622/2941/1
f 4407/2812/2 4624/2942/2 4623/2942/2 4188/2812/2
f 4407/2812/2 4406/2914/2 4625/2943/2 4624/2942/2
f 4406/2914/64 4405/2795/1 4626/2944/1 4625/2943/1
f 4405/2795/1 4391/2794/1 4627/2945/1 4626/2944/1
f 4628/2946/1 4627/2945/1 4391/2794/1 4390/2910/1
f 4629/2947/2 4628/2948/2 4390/2911/2 4389/2740/2
f 4630/2949/2 4629/2947/2 4389/2740/2 4339/2739/2
f 4631/2950/2 4630/2949/2 4339/2739/2 4338/2901/2
f 4632/2951/5 4631/2952/5 4338/2900/5 4337/2732/5
f 4633/2953/5 4632/2951/5 4337/2732/5 4449/2735/5
f 4449/2735/5 4448/2920/9 4634/2954/5 4633/2953/5
f 4448/2920/285 4455/2761/2 4635/2928/2 4634/2954/2
f 4608/2928/286 4635/2928/2 4455/2761/2 4184/2761/286
f 4637/2479/1 4636/2478/1 4190/2826/1 4191/2825/1
f 4423/2825/4 4638/2479/4 4637/2479/4 4191/2825/4
f 4423/2825/4 4422/2917/4 4639/2827/4 4638/2479/4
f 4422/2917/1 4421/2821/1 4640/2829/1 4639/2827/1
f 4641/2807/1 4640/2829/1 4421/2821/1 4411/2820/1
f 4642/2808/1 4641/2807/1 4411/2820/1 4410/2916/1
f 4643/2804/4 4642/2803/4 4410/2915/4 4409/2769/4
f 4644/2751/4 4643/2804/4 4409/2769/4 4367/2768/4
f 4645/2752/4 4644/2751/4 4367/2768/4 4366/2905/4
f 4646/2748/5 4645/2747/5 4366/2906/5 4365/2770/5
f 4369/2773/5 4647/2765/5 4646/2748/5 4365/2770/5
f 4648/2763/65 4647/2765/5 4369/2773/5 4368/2907/5
f 4649/2472/4 4648/2763/4 4368/2907/4 4375/2774/4
f 4650/2472/4 4649/2472/4 4375/2774/4 4187/2774/4
f 4185/2777/5 4651/2473/5 4650/2472/5 4187/2774/5
f 4463/2777/2 4652/2473/2 4651/2473/2 4185/2777/2
f 4653/2839/2 4652/2473/2 4463/2777/2 4462/2921/2
f 4654/2840/5 4653/2839/9 4462/2921/9 4461/2719/9
f 4335/2718/9 4655/2724/5 4654/2840/5 4461/2719/9
f 4335/2718/9 4334/2898/9 4656/2725/9 4655/2724/5
f 4334/2899/2 4333/2720/2 4657/2729/2 4656/2728/2
f 4333/2720/2 4379/2723/2 4658/2784/2 4657/2729/2
f 4379/2723/2 4378/2909/2 4659/2785/2 4658/2784/2
f 4378/2908/1 4377/2779/1 4660/2789/1 4659/2788/1
f 4661/2817/1 4660/2789/1 4377/2779/1 4481/2782/1
f 4662/2815/1 4661/2817/1 4481/2782/1 4480/2925/1
f 4663/2478/2 4662/2815/2 4480/2925/2 4487/2826/286
f 4636/2478/286 4663/2478/2 4487/2826/286 4190/2826/286
f 4665/2475/5 4664/2474/5 4608/2928/5 4609/2927/5
f 4609/2927/4 4610/2927/4 4666/2475/4 4665/2475/4
f 4610/2927/4 4611/2929/4 4667/2762/4 4666/2475/4
f 4611/2929/5 4612/2930/5 4668/2764/5 4667/2762/5
f 4669/2745/5 4668/2764/5 4612/2930/5 4613/2931/5
f 4613/2931/5 4614/2932/5 4670/2746/5 4669/2745/5
f 4614/2934/4 4615/2933/4 4671/2750/4 4670/2749/4
f 4615/2933/4 4616/2935/4 4672/2801/4 4671/2750/4
f 4616/2935/4 4617/2936/4 4673/2802/4 4672/2801/4
f 4617/2938/1 4618/2937/1 4674/2806/1 4673/2805/1
f 4618/2937/1 4619/2939/1 4675/2830/1 4674/2806/1
f 4676/2828/64 4675/2830/1 4619/2939/1 4620/2940/303
f 4677/2476/4 4676/2828/4 4620/2940/4 4621/2941/4
f 4678/2476/4 4677/2476/4 4621/2941/4 4622/2941/290
f 4622/2941/1 4623/2942/1 4679/2477/1 4678/2476/1
f 4623/2942/2 4624/2942/2 4680/2477/2 4679/2477/2
f 4624/2942/2 4625/2943/2 4681/2814/2 4680/2477/2
f 4625/2943/1 4626/2944/1 4682/2816/1 4681/2814/1
f 4626/2944/1 4627/2945/1 4683/2790/1 4682/2816/1
f 4684/2791/1 4683/2790/1 4627/2945/1 4628/2946/1
f 4685/2787/2 4684/2786/2 4628/2948/2 4629/2947/2
f 4686/2730/2 4685/2787/2 4629/2947/2 4630/2949/2
f 4687/2731/2 4686/2730/2 4630/2949/2 4631/2950/2
f 4688/2727/5 4687/2726/5 4631/2952/5 4632/2951/5
f 4689/2837/5 4688/2727/5 4632/2951/5 4633/2953/5
f 4633/2953/5 4634/2954/5 4690/2838/5 4689/2837/5
f 4634/2954/2 4635/2928/2 4691/2474/2 4690/2838/2
f 4664/2474/2 4691/2474/2 4635/2928/2 4608/2928/286
f 5354/2472/5 5355/2473/5 5368/2474/5 5369/2475/5
f 5382/2476/1 5383/2477/1 5340/2478/1 5341/2479/1
f 4897/2480/2 4896/2481/2 5236/2482/285 5235/2483/2
f 4896/2481/2 4903/2484/2 5237/2485/2 5236/2482/285
f 4899/2486/3 4898/2487/3 4910/2488/3 4909/2489/3
f 4898/2490/286 4897/2480/2 4911/2491/2 4910/2492/2
f 4901/2493/5 4900/2494/5 4950/2495/5 4949/2496/65
f 4900/2494/3 4899/2486/3 4951/2497/3 4950/2495/3
f 4903/2484/2 4902/2498/2 4998/2499/2 4997/2500/285
f 4902/2501/5 4901/2493/5 4999/2502/5 4998/2503/5
f 4905/2504/2 4904/2505/2 5228/2506/2 5227/2507/2
f 4904/2505/2 4911/2491/2 5229/2508/2 5228/2506/2
f 4907/2509/1 4906/2510/64 5022/2511/64 5021/2512/1
f 4906/2513/2 4905/2504/2 5023/2514/2 5022/2515/2
f 4909/2489/3 4908/2516/3 4962/2517/3 4961/2518/3
f 4908/2516/1 4907/2509/1 4963/2519/1 4962/2517/1
f 4913/2520/3 4912/2521/3 5140/2522/3 5139/2523/3
f 4912/2521/5 4917/2524/5 5141/2525/5 5140/2522/5
f 4915/2526/4 4914/2527/4 4922/2528/4 4921/2529/4
f 4914/2527/3 4913/2520/3 4923/2530/3 4922/2528/3
f 4917/2524/5 4916/2531/9 4968/2532/9 4967/2533/5
f 4916/2534/290 4915/2526/4 4969/2535/4 4968/2536/4
f 4919/2537/1 4918/2538/1 5132/2539/1 5131/2540/1
f 4918/2538/3 4923/2530/3 5133/2541/3 5132/2539/3
f 4921/2529/4 4920/2542/290 4978/2543/4 4977/2544/4
f 4920/2545/1 4919/2537/1 4979/2546/1 4978/2547/1
f 4925/2548/6 4924/1056/6 5066/1056/289 5065/2549/6
f 4924/1057/6 4929/2550/6 5067/2551/6 5066/1057/289
f 4927/2552/6 4926/2553/6 4934/2554/6 4933/2555/6
f 4926/2553/6 4925/2548/6 4935/2556/6 4934/2554/6
f 4929/2550/6 4928/2557/6 4986/2558/6 4985/2559/6
f 4928/2560/6 4927/2552/6 4987/2561/6 4986/2562/6
f 4931/2563/6 4930/1074/6 5118/1074/6 5117/2564/6
f 4930/1075/6 4935/2556/6 5119/2565/6 5118/1075/6
f 4933/2555/6 4932/2566/6 4994/2567/287 4993/2568/6
f 4932/2569/6 4931/2563/6 4995/2570/287 4994/2571/287
f 4937/2572/287 4936/2573/287 5170/2574/6 5169/2575/6
f 4936/2576/287 4941/2577/6 5171/2578/6 5170/2579/6
f 4939/2580/6 4938/2581/6 4946/2582/6 4945/2583/6
f 4938/2581/6 4937/2572/287 4947/2584/289 4946/2582/6
f 4941/2577/6 4940/1093/6 5034/1093/6 5033/2585/6
f 4940/1092/6 4939/2580/6 5035/2586/6 5034/1092/6
f 4943/2587/6 4942/2588/289 5178/2589/289 5177/2590/289
f 4942/2591/289 4947/2584/289 5179/2592/6 5178/2593/289
f 4945/2583/6 4944/1111/287 5086/1111/6 5085/2594/6
f 4944/1110/287 4943/2587/6 5087/2595/6 5086/1110/6
f 4949/2496/65 4948/2596/5 5148/2597/5 5147/2598/5
f 4948/2596/5 4955/2599/5 5149/2600/5 5148/2597/5
f 4953/2601/3 4952/2602/3 4960/2603/3 4959/2604/3
f 4952/2602/3 4951/2497/3 4961/2518/3 4960/2603/3
f 4955/2599/5 4954/2605/5 5136/2606/5 5143/2607/5
f 4954/2605/3 4953/2601/3 5137/2608/3 5136/2606/3
f 4957/2609/1 4956/2610/1 5024/2611/1 5031/2612/1
f 4956/2610/1 4963/2519/1 5025/2613/1 5024/2611/1
f 4959/2604/3 4958/2614/3 5128/2615/3 5135/2616/3
f 4958/2614/1 4957/2609/1 5129/2617/1 5128/2615/1
f 4965/2618/3 4964/2619/3 5054/2619/3 5053/2620/3
f 4964/2621/3 4971/2622/3 5055/2623/3 5054/2621/3
f 4967/2533/5 4966/2624/5 5012/2625/5 5011/2626/5
f 4966/2624/3 4965/2618/3 5013/2627/3 5012/2625/3
f 4971/2622/3 4970/2628/3 4976/2629/3 4975/2630/3
f 4970/2628/4 4969/2535/4 4977/2544/4 4976/2629/4
f 4973/2631/3 4972/2632/3 5204/2633/288 5203/2634/3
f 4972/2632/1 4979/2546/1 5205/2635/1 5204/2633/1
f 4975/2630/3 4974/2636/3 5102/2636/3 5101/2630/3
f 4974/2637/3 4973/2631/3 5103/2638/3 5102/2637/3
f 4981/2639/6 4980/2640/6 4992/2641/6 4991/2642/6
f 4980/2640/6 4987/2561/6 4993/2568/6 4992/2641/6
f 4983/2643/6 4982/2644/6 5174/2645/6 5173/2646/287
f 4982/2647/6 4981/2639/6 5175/2648/289 5174/2649/6
f 4985/2559/6 4984/2650/6 5076/2651/6 5075/2652/6
f 4984/2650/6 4983/2643/6 5077/2653/6 5076/2651/6
f 4989/2654/6 4988/2655/287 5122/2656/6 5121/2657/6
f 4988/2655/287 4995/2570/287 5123/2658/6 5122/2656/6
f 4991/2642/6 4990/2659/6 5182/2660/6 5181/2661/6
f 4990/2662/6 4989/2654/6 5183/2663/6 5182/2664/6
f 4997/2500/285 4996/2665/2 5212/2666/285 5211/2667/2
f 4996/2665/2 5005/2668/2 5213/2669/2 5212/2666/285
f 5001/2670/3 5000/2671/32 5146/2672/3 5145/2673/3
f 5000/2671/5 4999/2502/5 5147/2598/5 5146/2672/5
f 5003/2674/3 5002/2675/3 5046/2675/3 5045/2676/3
f 5002/2677/3 5001/2670/3 5047/2678/3 5046/2677/3
f 5005/2668/2 5004/2679/286 5016/2680/2 5015/2681/2
f 5004/2679/3 5003/2674/3 5017/2682/3 5016/2680/3
f 5007/2683/3 5006/2684/3 5058/2685/3 5057/2686/3
f 5006/2684/3 5013/2627/3 5059/2687/3 5058/2685/3
f 5009/2688/5 5008/2689/5 5150/2690/5 5149/2600/5
f 5008/2689/288 5007/2683/3 5151/2691/3 5150/2690/288
f 5011/2626/5 5010/2692/5 5142/2693/5 5141/2525/5
f 5010/2692/5 5009/2688/5 5143/2607/5 5142/2693/5
f 5015/2681/2 5014/2694/2 5220/2695/2 5219/2696/2
f 5014/2694/2 5023/2514/2 5221/2697/286 5220/2695/2
f 5019/2698/3 5018/2699/3 5090/2699/3 5089/2700/3
f 5018/2701/3 5017/2682/3 5091/2702/3 5090/2701/3
f 5021/2512/1 5020/2703/1 5026/2704/1 5025/2613/1
f 5020/2703/3 5019/2698/3 5027/2705/3 5026/2704/288
f 5029/2706/3 5028/2707/3 5106/2708/3 5105/2709/3
f 5028/2707/3 5027/2705/3 5107/2710/3 5106/2708/3
f 5031/2612/1 5030/2711/1 5200/2712/1 5207/2713/1
f 5030/2711/3 5029/2706/3 5201/2714/3 5200/2712/32
f 5033/2585/6 5032/2715/6 5164/2716/6 5163/2717/6
f 5032/2715/9 5039/2718/9 5165/2719/9 5164/2716/9
f 5037/2720/2 5036/2721/285 5084/2722/2 5083/2723/285
f 5036/2721/6 5035/2586/6 5085/2594/6 5084/2722/6
f 5359/2724/5 5360/2725/9 5391/2726/5 5392/2727/5
f 5360/2728/286 5361/2729/2 5390/2730/2 5391/2731/2
f 5041/2732/5 5040/2733/5 5154/2734/9 5153/2735/5
f 5040/2733/3 5047/2678/3 5155/2736/3 5154/2734/3
f 5045/2676/3 5044/2737/3 5092/2738/32 5091/2702/3
f 5044/2737/285 5043/2739/2 5093/2740/2 5092/2738/2
f 5049/2741/4 5048/2742/4 5100/2743/25 5099/2744/4
f 5048/2742/3 5055/2623/3 5101/2630/3 5100/2743/3
f 5373/2745/5 5374/2746/5 5349/2747/5 5350/2748/5
f 5374/2749/4 5375/2750/4 5348/2751/4 5349/2752/4
f 5053/2620/3 5052/2753/3 5060/2754/3 5059/2687/3
f 5052/2753/5 5051/2755/5 5061/2756/5 5060/2754/5
f 5057/2686/3 5056/2757/3 5158/2758/3 5157/2759/3
f 5056/2757/3 5063/2760/3 5159/2761/3 5158/2758/3
f 5370/2475/4 5371/2762/4 5352/2763/4 5353/2472/4
f 5371/2762/5 5372/2764/5 5351/2765/5 5352/2763/65
f 5065/2549/6 5064/2766/6 5112/2767/289 5119/2565/6
f 5064/2766/4 5071/2768/4 5113/2769/4 5112/2767/4
f 5069/2770/5 5068/2771/5 5074/2772/5 5073/2773/5
f 5068/2771/289 5067/2551/6 5075/2652/6 5074/2772/6
f 5079/2774/6 5078/2775/6 5160/2776/6 5167/2777/6
f 5078/2775/6 5077/2653/6 5161/2778/6 5160/2776/6
f 5081/2779/1 5080/2780/1 5186/2781/1 5185/2782/1
f 5080/2780/6 5087/2595/6 5187/2783/6 5186/2781/289
f 5362/2784/285 5363/2785/285 5388/2786/2 5389/2787/2
f 5363/2788/1 5364/2789/1 5387/2790/1 5388/2791/1
f 5089/2700/3 5088/2792/3 5108/2793/3 5107/2710/3
f 5088/2792/1 5095/2794/1 5109/2795/1 5108/2793/64
f 5097/2796/1 5096/2797/64 5194/2798/1 5193/2799/1
f 5096/2797/288 5103/2638/3 5195/2800/3 5194/2798/3
f 5376/2801/4 5377/2802/4 5346/2803/4 5347/2804/4
f 5377/2805/1 5378/2806/1 5345/2807/1 5346/2808/1
f 5105/2709/3 5104/2809/3 5198/2810/288 5197/2811/3
f 5104/2809/3 5111/2812/3 5199/2813/3 5198/2810/288
f 5384/2477/2 5385/2814/2 5366/2815/2 5367/2478/2
f 5385/2814/1 5386/2816/1 5365/2817/1 5366/2815/1
f 5117/2564/6 5116/2818/6 5124/2819/6 5123/2658/6
f 5116/2818/1 5115/2820/1 5125/2821/1 5124/2819/64
f 5121/2657/6 5120/2822/6 5190/2823/287 5189/2824/6
f 5120/2822/6 5127/2825/6 5191/2826/6 5190/2823/287
f 5342/2479/4 5343/2827/4 5380/2828/4 5381/2476/4
f 5343/2827/1 5344/2829/1 5379/2830/1 5380/2828/64
f 5131/2540/1 5130/2831/1 5206/2832/1 5205/2635/1
f 5130/2831/1 5129/2617/1 5207/2713/1 5206/2832/1
f 5135/2616/3 5134/2833/3 5138/2834/3 5137/2608/3
f 5134/2833/3 5133/2541/3 5139/2523/3 5138/2834/3
f 5145/2673/3 5144/2835/3 5156/2836/3 5155/2736/3
f 5144/2835/3 5151/2691/3 5157/2759/3 5156/2836/3
f 5393/2837/5 5394/2838/5 5357/2839/9 5358/2840/5
f 5394/2838/2 5395/2474/2 5356/2473/2 5357/2839/2
f 5163/2717/6 5162/2841/6 5172/2842/6 5171/2578/6
f 5162/2841/6 5161/2778/6 5173/2646/287 5172/2842/6
f 5169/2575/6 5168/2843/6 5180/2844/6 5179/2592/6
f 5168/2843/6 5175/2648/289 5181/2661/6 5180/2844/6
f 5177/2590/289 5176/2845/289 5188/2846/6 5187/2783/6
f 5176/2845/289 5183/2663/6 5189/2824/6 5188/2846/6
f 5197/2811/3 5196/2847/3 5202/2848/3 5201/2714/3
f 5196/2847/3 5195/2800/3 5203/2634/3 5202/2848/3
f 5209/2849/1 5208/2850/1 5242/2851/1 5241/2852/1
f 5208/2850/3 5215/2853/3 5243/2854/3 5242/2851/3
f 5211/2667/2 5210/2855/2 5238/2856/2 5237/2485/2
f 5210/2855/1 5209/2849/1 5239/2857/1 5238/2856/1
f 5215/2853/3 5214/2858/3 5218/2859/3 5217/2860/3
f 5214/2858/2 5213/2669/2 5219/2696/2 5218/2859/2
f 5217/2860/3 5216/2861/3 5250/2862/3 5249/2863/3
f 5216/2861/65 5223/2864/5 5251/2865/5 5250/2862/5
f 5223/2864/5 5222/2866/65 5226/2867/5 5225/2868/5
f 5222/2866/2 5221/2697/286 5227/2507/2 5226/2867/2
f 5225/2868/5 5224/2869/5 5256/2870/5 5255/2871/5
f 5224/2869/6 5231/2872/6 5257/2873/6 5256/2870/6
f 5231/2872/6 5230/2874/6 5234/2875/6 5233/2876/6
f 5230/2874/2 5229/2508/2 5235/2483/2 5234/2875/2
f 5233/2876/6 5232/2877/6 5262/2878/6 5261/2879/6
f 5232/2877/1 5239/2857/1 5263/2880/1 5262/2878/1
f 5241/2852/1 5240/2881/1 5258/2882/1 5263/2880/1
f 5240/2881/2 5245/2883/2 5259/2884/2 5258/2882/2
f 5245/2883/2 5244/2885/2 5248/2886/286 5247/2887/2
f 5244/2885/3 5243/2854/3 5249/2863/3 5248/2886/3
f 5247/2887/2 5246/2888/286 5254/2889/285 5253/2890/2
f 5246/2888/5 5251/2865/5 5255/2871/5 5254/2889/5
f 5253/2890/2 5252/2891/285 5260/2892/2 5259/2884/2
f 5252/2891/6 5257/2873/6 5261/2879/6 5260/2892/6
f 4899/2486/3 4909/2489/3 4961/2518/3 4951/2497/3
f 4915/2526/4 4921/2529/4 4977/2544/4 4969/2535/4
f 5169/2575/6 5179/2592/6 4947/2584/289 4937/2572/287
f 5245/2883/2 5247/2887/2 5253/2890/2 5259/2884/2
f 4907/2509/1 5021/2512/1 5025/2613/1 4963/2519/1
f 4999/2502/5 4901/2493/5 4949/2496/65 5147/2598/5
f 5358/2840/5 5359/2724/5 5392/2727/5 5393/2837/5
f 5361/2729/2 5362/2784/285 5389/2787/2 5390/2730/2
f 5386/2816/1 5387/2790/1 5364/2789/1 5365/2817/1
f 5375/2750/4 5376/2801/4 5347/2804/4 5348/2751/4
f 5001/2670/3 5145/2673/3 5155/2736/3 5047/2678/3
f 5171/2578/6 4941/2577/6 5033/2585/6 5163/2717/6
f 4939/2580/6 4945/2583/6 5085/2594/6 5035/2586/6
f 5017/2682/3 5003/2674/3 5045/2676/3 5091/2702/3
f 5027/2705/3 5019/2698/3 5089/2700/3 5107/2710/3
f 4943/2587/6 5177/2590/289 5187/2783/6 5087/2595/6
f 4971/2622/3 4975/2630/3 5101/2630/3 5055/2623/3
f 4935/2556/6 4925/2548/6 5065/2549/6 5119/2565/6
f 5139/2523/3 5133/2541/3 4923/2530/3 4913/2520/3
f 5011/2626/5 5141/2525/5 4917/2524/5 4967/2533/5
f 5059/2687/3 5013/2627/3 4965/2618/3 5053/2620/3
f 5350/2748/5 5351/2765/5 5372/2764/5 5373/2745/5
f 4929/2550/6 4985/2559/6 5075/2652/6 5067/2551/6
f 4927/2552/6 4933/2555/6 4993/2568/6 4987/2561/6
f 5123/2658/6 4995/2570/287 4931/2563/6 5117/2564/6
f 5378/2806/1 5379/2830/1 5344/2829/1 5345/2807/1
f 4973/2631/3 5203/2634/3 5195/2800/3 5103/2638/3
f 5131/2540/1 5205/2635/1 4979/2546/1 4919/2537/1
f 4953/2601/3 4959/2604/3 5135/2616/3 5137/2608/3
f 5149/2600/5 4955/2599/5 5143/2607/5 5009/2688/5
f 5157/2759/3 5151/2691/3 5007/2683/3 5057/2686/3
f 4983/2643/6 5173/2646/287 5161/2778/6 5077/2653/6
f 4981/2639/6 4991/2642/6 5181/2661/6 5175/2648/289
f 5189/2824/6 5183/2663/6 4989/2654/6 5121/2657/6
f 5201/2714/3 5029/2706/3 5105/2709/3 5197/2811/3
f 4957/2609/1 5031/2612/1 5207/2713/1 5129/2617/1
f 5355/2473/2 5356/2473/2 5395/2474/2 5368/2474/2
f 5159/2761/3 5063/2760/3 4890/2760/3 4888/2761/3
f 5369/2475/4 5370/2475/4 5353/2472/4 5354/2472/4
f 5079/2774/6 5167/2777/6 4889/2777/6 4891/2774/6
f 5199/2813/3 5111/2812/3 4892/2812/3 4893/2813/3
f 5383/2477/2 5384/2477/2 5367/2478/2 5340/2478/2
f 5191/2826/6 5127/2825/6 4895/2825/6 4894/2826/6
f 5341/2479/4 5342/2479/4 5381/2476/4 5382/2476/4
f 5005/2668/2 5015/2681/2 5219/2696/2 5213/2669/2
f 5023/2514/2 4905/2504/2 5227/2507/2 5221/2697/286
f 4911/2491/2 4897/2480/2 5235/2483/2 5229/2508/2
f 4903/2484/2 4997/2500/285 5211/2667/2 5237/2485/2
f 5215/2853/3 5217/2860/3 5249/2863/3 5243/2854/3
f 5223/2864/5 5225/2868/5 5255/2871/5 5251/2865/5
f 5231/2872/6 5233/2876/6 5261/2879/6 5257/2873/6
f 5239/2857/1 5209/2849/1 5241/2852/1 5263/2880/1
f 4902/2498/2 4903/2484/2 4896/2481/2 5264/988/286
f 4896/2481/2 4897/2480/2 4898/2490/286 5264/988/286
f 4898/2487/3 4899/2486/3 4900/2494/3 5264/987/3
f 4900/2494/5 4901/2493/5 4902/2501/5 5264/987/5
f 4910/2492/2 4911/2491/2 4904/2505/2 5265/1006/2
f 4904/2505/2 4905/2504/2 4906/2513/2 5265/1006/2
f 4906/2510/64 4907/2509/1 4908/2516/1 5265/1007/1
f 4908/2516/3 4909/2489/3 4910/2488/3 5265/1007/32
f 4916/2531/9 4917/2524/5 4912/2521/5 5266/1023/5
f 4912/2521/3 4913/2520/3 4914/2527/3 5266/1023/3
f 4914/2527/4 4915/2526/4 4916/2534/290 5266/1023/388
f 4922/2528/3 4923/2530/3 4918/2538/3 5267/1039/3
f 4918/2538/1 4919/2537/1 4920/2545/1 5267/1039/1
f 4920/2542/290 4921/2529/4 4922/2528/4 5267/1039/388
f 4928/2557/6 4929/2550/6 4924/1057/6 5268/1057/6
f 4924/1056/6 4925/2548/6 4926/2553/6 5268/1056/6
f 4926/2553/6 4927/2552/6 4928/2560/6 5268/1056/6
f 4934/2554/6 4935/2556/6 4930/1075/6 5269/1075/6
f 4930/1074/6 4931/2563/6 4932/2569/6 5269/1074/6
f 4932/2566/6 4933/2555/6 4934/2554/6 5269/1075/6
f 4940/1093/6 4941/2577/6 4936/2576/287 5270/1093/6
f 4936/2573/287 4937/2572/287 4938/2581/6 5270/1092/6
f 4938/2581/6 4939/2580/6 4940/1092/6 5270/1092/6
f 4946/2582/6 4947/2584/289 4942/2591/289 5271/1111/6
f 4942/2588/289 4943/2587/6 4944/1110/287 5271/1110/6
f 4944/1111/287 4945/2583/6 4946/2582/6 5271/1111/6
f 4954/2605/5 4955/2599/5 4948/2596/5 5272/2893/5
f 4948/2596/5 4949/2496/65 4950/2495/5 5272/2893/5
f 4950/2495/3 4951/2497/3 4952/2602/3 5272/2893/3
f 4952/2602/3 4953/2601/3 4954/2605/3 5272/2893/3
f 4962/2517/1 4963/2519/1 4956/2610/1 5273/2894/1
f 4956/2610/1 4957/2609/1 4958/2614/1 5273/2894/1
f 4958/2614/3 4959/2604/3 4960/2603/3 5273/2894/3
f 4960/2603/3 4961/2518/3 4962/2517/3 5273/2894/3
f 4970/2628/3 4971/2622/3 4964/2621/3 5274/2621/3
f 4964/2619/3 4965/2618/3 4966/2624/3 5274/2619/3
f 4966/2624/5 4967/2533/5 4968/2532/9 5274/2619/5
f 4968/2536/4 4969/2535/4 4970/2628/4 5274/2621/4
f 4978/2547/1 4979/2546/1 4972/2632/1 5275/2637/1
f 4972/2632/3 4973/2631/3 4974/2637/3 5275/2637/3
f 4974/2636/3 4975/2630/3 4976/2629/3 5275/2636/3
f 4976/2629/4 4977/2544/4 4978/2543/4 5275/2636/4
f 4986/2562/6 4987/2561/6 4980/2640/6 5276/2895/6
f 4980/2640/6 4981/2639/6 4982/2647/6 5276/2895/6
f 4982/2644/6 4983/2643/6 4984/2650/6 5276/2774/6
f 4984/2650/6 4985/2559/6 4986/2558/6 5276/2774/6
f 4994/2571/287 4995/2570/287 4988/2655/287 5277/2896/6
f 4988/2655/287 4989/2654/6 4990/2662/6 5277/2896/6
f 4990/2659/6 4991/2642/6 4992/2641/6 5277/2897/6
f 4992/2641/6 4993/2568/6 4994/2567/287 5277/2897/6
f 5004/2679/286 5005/2668/2 4996/2665/2 5278/2675/286
f 4996/2665/2 4997/2500/285 4998/2499/2 5278/2675/286
f 4998/2503/5 4999/2502/5 5000/2671/5 5278/2677/5
f 5000/2671/32 5001/2670/3 5002/2677/3 5278/2677/3
f 5002/2675/3 5003/2674/3 5004/2679/3 5278/2675/3
f 5012/2625/3 5013/2627/3 5006/2684/3 5279/2760/288
f 5006/2684/3 5007/2683/3 5008/2689/288 5279/2760/288
f 5008/2689/5 5009/2688/5 5010/2692/5 5279/2760/5
f 5010/2692/5 5011/2626/5 5012/2625/5 5279/2760/5
f 5022/2515/2 5023/2514/2 5014/2694/2 5280/2701/2
f 5014/2694/2 5015/2681/2 5016/2680/2 5280/2701/2
f 5016/2680/3 5017/2682/3 5018/2701/3 5280/2701/3
f 5018/2699/3 5019/2698/3 5020/2703/3 5280/2699/3
f 5020/2703/1 5021/2512/1 5022/2511/64 5280/2699/1
f 5030/2711/1 5031/2612/1 5024/2611/1 5281/2812/1
f 5024/2611/1 5025/2613/1 5026/2704/1 5281/2812/1
f 5026/2704/288 5027/2705/3 5028/2707/3 5281/2812/288
f 5028/2707/3 5029/2706/3 5030/2711/3 5281/2812/288
f 5038/2898/9 5039/2718/9 5032/2715/9 5282/1093/8
f 5032/2715/6 5033/2585/6 5034/1093/6 5282/1093/6
f 5034/1092/6 5035/2586/6 5036/2721/6 5282/1092/6
f 5036/2721/285 5037/2720/2 5038/2899/2 5282/1092/389
f 5046/2677/3 5047/2678/3 5040/2733/3 5283/2677/3
f 5040/2733/5 5041/2732/5 5042/2900/5 5283/2677/5
f 5042/2901/2 5043/2739/2 5044/2737/285 5283/2675/389
f 5044/2737/3 5045/2676/3 5046/2675/3 5283/2675/3
f 5054/2621/3 5055/2623/3 5048/2742/3 5284/2621/3
f 5048/2742/4 5049/2741/4 5050/2902/4 5284/2621/4
f 5050/2903/5 5051/2755/5 5052/2753/5 5284/2619/9
f 5052/2753/3 5053/2620/3 5054/2619/3 5284/2619/3
f 5062/2904/390 5063/2760/390 5056/2757/390 5285/2760/390
f 5056/2757/3 5057/2686/3 5058/2685/3 5285/2760/3
f 5058/2685/3 5059/2687/3 5060/2754/3 5285/2760/3
f 5060/2754/5 5061/2756/5 5062/2904/5 5285/2760/5
f 5070/2905/4 5071/2768/4 5064/2766/4 5286/1056/4
f 5064/2766/6 5065/2549/6 5066/1056/289 5286/1056/289
f 5066/1057/289 5067/2551/6 5068/2771/289 5286/1057/289
f 5068/2771/5 5069/2770/5 5070/2906/5 5286/1057/5
f 5078/2775/391 5079/2774/391 5072/2907/391 5287/2774/391
f 5072/2907/5 5073/2773/5 5074/2772/5 5287/2774/5
f 5074/2772/6 5075/2652/6 5076/2651/6 5287/2774/6
f 5076/2651/6 5077/2653/6 5078/2775/6 5287/2774/6
f 5086/1110/6 5087/2595/6 5080/2780/6 5288/1110/6
f 5080/2780/1 5081/2779/1 5082/2908/1 5288/1110/1
f 5082/2909/285 5083/2723/285 5084/2722/2 5288/1111/2
f 5084/2722/6 5085/2594/6 5086/1111/6 5288/1111/6
f 5094/2910/1 5095/2794/1 5088/2792/1 5289/2699/1
f 5088/2792/3 5089/2700/3 5090/2699/3 5289/2699/3
f 5090/2701/3 5091/2702/3 5092/2738/32 5289/2701/3
f 5092/2738/2 5093/2740/2 5094/2911/2 5289/2701/2
f 5102/2637/3 5103/2638/3 5096/2797/288 5290/2637/3
f 5096/2797/64 5097/2796/1 5098/2912/1 5290/2637/293
f 5098/2913/25 5099/2744/4 5100/2743/25 5290/2636/304
f 5100/2743/3 5101/2630/3 5102/2636/3 5290/2636/3
f 5110/2914/294 5111/2812/294 5104/2809/294 5291/2812/295
f 5104/2809/3 5105/2709/3 5106/2708/3 5291/2812/3
f 5106/2708/3 5107/2710/3 5108/2793/3 5291/2812/3
f 5108/2793/64 5109/2795/1 5110/2914/64 5291/2812/64
f 5118/1075/6 5119/2565/6 5112/2767/289 5292/1075/6
f 5112/2767/4 5113/2769/4 5114/2915/4 5292/1075/4
f 5114/2916/1 5115/2820/1 5116/2818/1 5292/1074/1
f 5116/2818/6 5117/2564/6 5118/1074/6 5292/1074/6
f 5126/2917/392 5127/2825/392 5120/2822/392 5293/2896/392
f 5120/2822/6 5121/2657/6 5122/2656/6 5293/2896/6
f 5122/2656/6 5123/2658/6 5124/2819/6 5293/2896/6
f 5124/2819/64 5125/2821/1 5126/2917/1 5293/2896/64
f 5134/2833/3 5135/2616/3 5128/2615/3 5294/2918/3
f 5128/2615/1 5129/2617/1 5130/2831/1 5294/2918/1
f 5130/2831/1 5131/2540/1 5132/2539/1 5294/2918/1
f 5132/2539/3 5133/2541/3 5134/2833/3 5294/2918/3
f 5142/2693/5 5143/2607/5 5136/2606/5 5295/2919/5
f 5136/2606/3 5137/2608/3 5138/2834/3 5295/2919/3
f 5138/2834/3 5139/2523/3 5140/2522/3 5295/2919/3
f 5140/2522/5 5141/2525/5 5142/2693/5 5295/2919/5
f 5150/2690/288 5151/2691/3 5144/2835/3 5296/2761/3
f 5144/2835/3 5145/2673/3 5146/2672/3 5296/2761/3
f 5146/2672/5 5147/2598/5 5148/2597/5 5296/2761/5
f 5148/2597/5 5149/2600/5 5150/2690/5 5296/2761/5
f 5158/2758/393 5159/2761/394 5152/2920/395 5297/2761/396
f 5152/2920/9 5153/2735/5 5154/2734/9 5297/2761/8
f 5154/2734/3 5155/2736/3 5156/2836/3 5297/2761/3
f 5156/2836/3 5157/2759/3 5158/2758/3 5297/2761/3
f 5166/2921/397 5167/2777/397 5160/2776/397 5298/2922/398
f 5160/2776/6 5161/2778/6 5162/2841/6 5298/2922/289
f 5162/2841/6 5163/2717/6 5164/2716/6 5298/2922/289
f 5164/2716/9 5165/2719/9 5166/2921/9 5298/2922/9
f 5174/2649/6 5175/2648/289 5168/2843/6 5299/2923/6
f 5168/2843/6 5169/2575/6 5170/2574/6 5299/2923/6
f 5170/2579/6 5171/2578/6 5172/2842/6 5299/2922/6
f 5172/2842/6 5173/2646/287 5174/2645/6 5299/2922/6
f 5182/2664/6 5183/2663/6 5176/2845/289 5300/2826/6
f 5176/2845/289 5177/2590/289 5178/2589/289 5300/2826/6
f 5178/2593/289 5179/2592/6 5180/2844/6 5300/2924/6
f 5180/2844/6 5181/2661/6 5182/2660/6 5300/2924/6
f 5190/2823/399 5191/2826/399 5184/2925/399 5301/2826/399
f 5184/2925/1 5185/2782/1 5186/2781/1 5301/2826/1
f 5186/2781/289 5187/2783/6 5188/2846/6 5301/2826/6
f 5188/2846/6 5189/2824/6 5190/2823/287 5301/2826/6
f 5198/2810/400 5199/2813/401 5192/2926/401 5302/2813/400
f 5192/2926/1 5193/2799/1 5194/2798/1 5302/2813/1
f 5194/2798/3 5195/2800/3 5196/2847/3 5302/2813/3
f 5196/2847/3 5197/2811/3 5198/2810/288 5302/2813/3
f 5206/2832/1 5207/2713/1 5200/2712/1 5303/2813/1
f 5200/2712/32 5201/2714/3 5202/2848/3 5303/2813/3
f 5202/2848/3 5203/2634/3 5204/2633/288 5303/2813/3
f 5204/2633/1 5205/2635/1 5206/2832/1 5303/2813/1
f 5214/2858/3 5215/2853/3 5208/2850/3 5304/2675/3
f 5208/2850/1 5209/2849/1 5210/2855/1 5304/2675/1
f 5210/2855/2 5211/2667/2 5212/2666/285 5304/2675/2
f 5212/2666/285 5213/2669/2 5214/2858/2 5304/2675/2
f 5222/2866/65 5223/2864/5 5216/2861/65 5305/2701/302
f 5216/2861/3 5217/2860/3 5218/2859/3 5305/2701/3
f 5218/2859/2 5219/2696/2 5220/2695/2 5305/2701/286
f 5220/2695/2 5221/2697/286 5222/2866/2 5305/2701/286
f 5230/2874/6 5231/2872/6 5224/2869/6 5306/1006/6
f 5224/2869/5 5225/2868/5 5226/2867/5 5306/1006/5
f 5226/2867/2 5227/2507/2 5228/2506/2 5306/1006/2
f 5228/2506/2 5229/2508/2 5230/2874/2 5306/1006/2
f 5238/2856/1 5239/2857/1 5232/2877/1 5307/988/1
f 5232/2877/6 5233/2876/6 5234/2875/6 5307/988/6
f 5234/2875/2 5235/2483/2 5236/2482/285 5307/988/2
f 5236/2482/285 5237/2485/2 5238/2856/2 5307/988/2
f 5244/2885/2 5245/2883/2 5240/2881/2 5308/2675/2
f 5240/2881/1 5241/2852/1 5242/2851/1 5308/2675/1
f 5242/2851/3 5243/2854/3 5244/2885/3 5308/2675/3
f 5250/2862/5 5251/2865/5 5246/2888/5 5309/2701/5
f 5246/2888/286 5247/2887/2 5248/2886/286 5309/2701/402
f 5248/2886/3 5249/2863/3 5250/2862/3 5309/2701/3
f 5256/2870/6 5257/2873/6 5252/2891/6 5310/1006/6
f 5252/2891/285 5253/2890/2 5254/2889/285 5310/1006/389
f 5254/2889/5 5255/2871/5 5256/2870/5 5310/1006/5
f 5262/2878/1 5263/2880/1 5258/2882/1 5311/988/1
f 5258/2882/2 5259/2884/2 5260/2892/2 5311/988/2
f 5260/2892/6 5261/2879/6 5262/2878/6 5311/988/6
f 5313/2927/5 5312/2928/5 4888/2761/5 4890/2760/5
f 5063/2760/290 5314/2927/4 5313/2927/290 4890/2760/304
f 5063/2760/290 5062/2904/4 5315/2929/4 5314/2927/4
f 5062/2904/5 5061/2756/5 5316/2930/5 5315/2929/5
f 5317/2931/5 5316/2930/5 5061/2756/5 5051/2755/5
f 5051/2755/5 5050/2903/5 5318/2932/5 5317/2931/5
f 5050/2902/4 5049/2741/4 5319/2933/4 5318/2934/4
f 5049/2741/4 5099/2744/4 5320/2935/4 5319/2933/4
f 5099/2744/4 5098/2913/25 5321/2936/4 5320/2935/4
f 5098/2912/1 5097/2796/1 5322/2937/1 5321/2938/1
f 5097/2796/1 5193/2799/1 5323/2939/1 5322/2937/1
f 5324/2940/303 5323/2939/1 5193/2799/1 5192/2926/1
f 5325/2941/4 5324/2940/4 5192/2926/4 5199/2813/4
f 5326/2941/4 5325/2941/4 5199/2813/4 4893/2813/4
f 4893/2813/1 4892/2812/1 5327/2942/1 5326/2941/1
f 5111/2812/286 5328/2942/2 5327/2942/286 4892/2812/286
f 5111/2812/286 5110/2914/2 5329/2943/2 5328/2942/2
f 5110/2914/64 5109/2795/1 5330/2944/1 5329/2943/1
f 5109/2795/1 5095/2794/1 5331/2945/1 5330/2944/1
f 5332/2946/1 5331/2945/1 5095/2794/1 5094/2910/1
f 5333/2947/2 5332/2948/2 5094/2911/2 5093/2740/2
f 5334/2949/2 5333/2947/2 5093/2740/2 5043/2739/2
f 5335/2950/286 5334/2949/2 5043/2739/2 5042/2901/2
f 5336/2951/5 5335/2952/5 5042/2900/5 5041/2732/5
f 5337/2953/5 5336/2951/5 5041/2732/5 5153/2735/5
f 5153/2735/5 5152/2920/9 5338/2954/5 5337/2953/5
f 5152/2920/2 5159/2761/2 5339/2928/2 5338/2954/2
f 5312/2928/2 5339/2928/2 5159/2761/2 4888/2761/2
f 5341/2479/1 5340/2478/1 4894/2826/1 4895/2825/1
f 5127/2825/4 5342/2479/4 5341/2479/4 4895/2825/4
f 5127/2825/4 5126/2917/4 5343/2827/4 5342/2479/4
f 5126/2917/1 5125/2821/1 5344/2829/1 5343/2827/1
f 5345/2807/1 5344/2829/1 5125/2821/1 5115/2820/1
f 5346/2808/1 5345/2807/1 5115/2820/1 5114/2916/1
f 5347/2804/4 5346/2803/4 5114/2915/4 5113/2769/4
f 5348/2751/4 5347/2804/4 5113/2769/4 5071/2768/4
f 5349/2752/4 5348/2751/4 5071/2768/4 5070/2905/4
f 5350/2748/5 5349/2747/5 5070/2906/5 5069/2770/5
f 5073/2773/5 5351/2765/5 5350/2748/5 5069/2770/5
f 5352/2763/65 5351/2765/5 5073/2773/5 5072/2907/5
f 5353/2472/4 5352/2763/4 5072/2907/4 5079/2774/4
f 5354/2472/4 5353/2472/4 5079/2774/4 4891/2774/4
f 4889/2777/5 5355/2473/5 5354/2472/5 4891/2774/5
f 5167/2777/2 5356/2473/2 5355/2473/2 4889/2777/2
f 5357/2839/2 5356/2473/2 5167/2777/2 5166/2921/2
f 5358/2840/5 5357/2839/9 5166/2921/9 5165/2719/9
f 5039/2718/9 5359/2724/5 5358/2840/5 5165/2719/9
f 5039/2718/9 5038/2898/9 5360/2725/9 5359/2724/5
f 5038/2899/2 5037/2720/2 5361/2729/2 5360/2728/286
f 5037/2720/2 5083/2723/285 5362/2784/285 5361/2729/2
f 5083/2723/285 5082/2909/285 5363/2785/285 5362/2784/285
f 5082/2908/1 5081/2779/1 5364/2789/1 5363/2788/1
f 5365/2817/1 5364/2789/1 5081/2779/1 5185/2782/1
f 5366/2815/1 5365/2817/1 5185/2782/1 5184/2925/1
f 5367/2478/2 5366/2815/2 5184/2925/2 5191/2826/2
f 5340/2478/2 5367/2478/2 5191/2826/2 4894/2826/2
f 5369/2475/5 5368/2474/5 5312/2928/5 5313/2927/5
f 5313/2927/290 5314/2927/4 5370/2475/4 5369/2475/4
f 5314/2927/4 5315/2929/4 5371/2762/4 5370/2475/4
f 5315/2929/5 5316/2930/5 5372/2764/5 5371/2762/5
f 5373/2745/5 5372/2764/5 5316/2930/5 5317/2931/5
f 5317/2931/5 5318/2932/5 5374/2746/5 5373/2745/5
f 5318/2934/4 5319/2933/4 5375/2750/4 5374/2749/4
f 5319/2933/4 5320/2935/4 5376/2801/4 5375/2750/4
f 5320/2935/4 5321/2936/4 5377/2802/4 5376/2801/4
f 5321/2938/1 5322/2937/1 5378/2806/1 5377/2805/1
f 5322/2937/1 5323/2939/1 5379/2830/1 5378/2806/1
f 5380/2828/64 5379/2830/1 5323/2939/1 5324/2940/303
f 5381/2476/4 5380/2828/4 5324/2940/4 5325/2941/4
f 5382/2476/4 5381/2476/4 5325/2941/4 5326/2941/4
f 5326/2941/1 5327/2942/1 5383/2477/1 5382/2476/1
f 5327/2942/286 5328/2942/2 5384/2477/2 5383/2477/2
f 5328/2942/2 5329/2943/2 5385/2814/2 5384/2477/2
f 5329/2943/1 5330/2944/1 5386/2816/1 5385/2814/1
f 5330/2944/1 5331/2945/1 5387/2790/1 5386/2816/1
f 5388/2791/1 5387/2790/1 5331/2945/1 5332/2946/1
f 5389/2787/2 5388/2786/2 5332/2948/2 5333/2947/2
f 5390/2730/2 5389/2787/2 5333/2947/2 5334/2949/2
f 5391/2731/2 5390/2730/2 5334/2949/2 5335/2950/286
f 5392/2727/5 5391/2726/5 5335/2952/5 5336/2951/5
f 5393/2837/5 5392/2727/5 5336/2951/5 5337/2953/5
f 5337/2953/5 5338/2954/5 5394/2838/5 5393/2837/5
f 5338/2954/2 5339/2928/2 5395/2474/2 5394/2838/2
f 5368/2474/2 5395/2474/2 5339/2928/2 5312/2928/2
