# This file uses centimeters as units for non-parametric coordinates.

mtllib SM_Lamp_Modern_01.mtl
g default
v 0.000000 3.219236 -4.336920
v -1.122477 3.219236 -4.189143
v -2.168460 3.219236 -3.755883
v -3.066666 3.219236 -3.066668
v -3.755883 3.219236 -2.168460
v -4.189143 3.219236 -1.122478
v -4.336920 3.219236 -0.000001
v -4.189143 3.219236 1.122477
v -3.755883 3.219236 2.168459
v -3.066669 3.219236 3.066665
v -2.168461 3.219236 3.755882
v -1.122479 3.219236 4.189143
v -0.000002 3.219236 4.336920
v 1.122476 3.219236 4.189143
v 2.168458 3.219236 3.755884
v 3.066663 3.219236 3.066669
v 3.755882 3.219236 2.168461
v 4.189142 3.219236 1.122479
v 4.336920 3.219236 0.000002
v 4.189144 3.219236 -1.122475
v 3.755884 3.219236 -2.168458
v 3.066669 3.219236 -3.066663
v 2.168462 3.219236 -3.755881
v 1.122481 3.219236 -4.189142
v -0.000000 13.374166 -3.235723
v -0.837467 13.374166 -3.125468
v -1.617862 13.374166 -2.802218
v -2.288003 13.374166 -2.288003
v -2.802220 13.374165 -1.617862
v -3.125470 13.374165 -0.837467
v -3.235724 13.374165 -0.000000
v -3.125470 13.374165 0.837467
v -2.802220 13.374165 1.617861
v -2.288003 13.374165 2.288003
v -1.617863 13.374165 2.802220
v -0.837468 13.374165 3.125470
v -0.000002 13.374165 3.235725
v 0.837465 13.374165 3.125471
v 1.617860 13.374165 2.802221
v 2.288001 13.374165 2.288004
v 2.802218 13.374165 1.617863
v 3.125468 13.374165 0.837469
v 3.235724 13.374165 0.000002
v 3.125469 13.374165 -0.837465
v 2.802220 13.374165 -1.617860
v 2.288004 13.374166 -2.288001
v 1.617864 13.374166 -2.802217
v 0.837469 13.374166 -3.125468
v -0.000000 13.976169 -3.235723
v -0.837467 13.976169 -3.125468
v -1.617862 13.976169 -2.802218
v -2.288003 13.976169 -2.288003
v -2.802219 13.976168 -1.617862
v -3.125469 13.976168 -0.837467
v -3.235724 13.976168 -0.000000
v -3.125469 13.976168 0.837467
v -2.802220 13.976168 1.617861
v -2.288003 13.976168 2.288003
v -1.617863 13.976168 2.802220
v -0.837469 13.976168 3.125470
v -0.000002 13.976168 3.235725
v 0.837465 13.976168 3.125471
v 1.617860 13.976168 2.802221
v 2.288001 13.976168 2.288005
v 2.802218 13.976168 1.617863
v 3.125469 13.976168 0.837469
v 3.235724 13.976168 0.000002
v 3.125470 13.976168 -0.837465
v 2.802220 13.976168 -1.617860
v 2.288004 13.976169 -2.288001
v 1.617864 13.976169 -2.802217
v 0.837469 13.976169 -3.125468
v -0.000000 20.815502 -1.896366
v -0.490816 20.815502 -1.831749
v -0.948184 20.815502 -1.642301
v -1.340934 20.815502 -1.340934
v -1.642302 20.815502 -0.948183
v -1.831750 20.815502 -0.490815
v -1.896367 20.815502 0.000000
v -1.831750 20.815502 0.490816
v -1.642303 20.815502 0.948184
v -1.340935 20.815502 1.340934
v -0.948184 20.815502 1.642303
v -0.490817 20.815502 1.831751
v -0.000001 20.815502 1.896369
v 0.490815 20.815502 1.831752
v 0.948182 20.815502 1.642304
v 1.340933 20.815502 1.340936
v 1.642302 20.815502 0.948185
v 1.831750 20.815502 0.490818
v 1.896367 20.815502 0.000002
v 1.831750 20.815502 -0.490814
v 1.642303 20.815502 -0.948182
v 1.340935 20.815502 -1.340933
v 0.948185 20.815502 -1.642301
v 0.490817 20.815502 -1.831749
v -0.000000 21.215147 -1.896367
v -0.490816 21.215147 -1.831749
v -0.948184 21.215147 -1.642301
v -1.340934 21.215147 -1.340934
v -1.642303 21.215147 -0.948183
v -1.831750 21.215147 -0.490815
v -1.896367 21.215147 0.000000
v -1.831750 21.215147 0.490816
v -1.642303 21.215147 0.948184
v -1.340935 21.215147 1.340934
v -0.948184 21.215147 1.642303
v -0.490817 21.215147 1.831751
v -0.000001 21.215147 1.896369
v 0.490815 21.215147 1.831752
v 0.948182 21.215147 1.642304
v 1.340933 21.215147 1.340936
v 1.642302 21.215147 0.948185
v 1.831750 21.215147 0.490818
v 1.896367 21.215147 0.000002
v 1.831750 21.215147 -0.490814
v 1.642303 21.215147 -0.948182
v 1.340935 21.215147 -1.340933
v 0.948185 21.215147 -1.642301
v 0.490817 21.215147 -1.831749
v -0.000000 26.974547 -1.563562
v -0.404680 26.974547 -1.510284
v -0.781781 26.974547 -1.354084
v -1.105606 26.974547 -1.105605
v -1.354085 26.974547 -0.781781
v -1.510286 26.974547 -0.404679
v -1.563563 26.974547 0.000001
v -1.510286 26.974547 0.404681
v -1.354085 26.974547 0.781782
v -1.105607 26.974547 1.105607
v -0.781782 26.974547 1.354086
v -0.404681 26.974547 1.510287
v -0.000001 26.974547 1.563564
v 0.404679 26.974547 1.510287
v 0.781780 26.974547 1.354087
v 1.105606 26.974547 1.105608
v 1.354085 26.974547 0.781783
v 1.510285 26.974547 0.404681
v 1.563563 26.974547 0.000002
v 1.510286 26.974547 -0.404678
v 1.354086 26.974547 -0.781780
v 1.105607 26.974547 -1.105604
v 0.781782 26.974547 -1.354083
v 0.404681 26.974547 -1.510284
v 0.000000 2.159280 -4.670643
v -1.208852 2.159280 -4.511495
v -2.335323 2.159280 -4.044897
v -3.302645 2.159281 -3.302646
v -4.044896 2.159281 -2.335322
v -4.511495 2.159281 -1.208851
v -4.670644 2.159281 -0.000001
v -4.511496 2.159280 1.208852
v -4.044896 2.159280 2.335322
v -3.302647 2.159280 3.302643
v -2.335323 2.159280 4.044895
v -1.208853 2.159281 4.511495
v -0.000002 2.159281 4.670644
v 1.208850 2.159281 4.511496
v 2.335320 2.159280 4.044897
v 3.302643 2.159280 3.302647
v 4.044896 2.159280 2.335323
v 4.511495 2.159280 1.208853
v 4.670644 2.159281 0.000002
v 4.511496 2.159281 -1.208849
v 4.044897 2.159281 -2.335321
v 3.302647 2.159281 -3.302643
v 2.335325 2.159280 -4.044895
v 1.208854 2.159280 -4.511494
v 4.643694 3.413811 0.000002
v 4.485464 3.413811 1.201879
v 4.021557 3.413811 2.321848
v 3.283586 3.413810 3.283592
v 2.321845 3.413811 4.021558
v 1.201875 3.413811 4.485465
v -0.000002 3.413811 4.643694
v -1.201878 3.413811 4.485464
v -2.321848 3.413811 4.021557
v -3.283592 3.413811 3.283587
v -4.021558 3.413811 2.321846
v -4.485465 3.413811 1.201876
v -4.643694 3.413811 -0.000001
v -4.485464 3.413811 -1.201877
v -4.021558 3.413811 -2.321847
v -3.283588 3.413811 -3.283590
v -2.321847 3.413811 -4.021558
v -1.201877 3.413811 -4.485464
v 0.000000 3.413811 -4.643694
v 1.201880 3.413811 -4.485463
v 2.321850 3.413811 -4.021556
v 3.283592 3.413811 -3.283586
v 4.021559 3.413811 -2.321845
v 4.485465 3.413811 -1.201874
v -0.000000 26.974544 -1.032632
v -0.267265 26.974544 -0.997446
v -0.516317 26.974544 -0.894286
v -0.730182 26.974544 -0.730182
v -0.894287 26.974544 -0.516316
v -0.997447 26.974544 -0.267264
v -1.032633 26.974544 0.000001
v -0.997447 26.974544 0.267266
v -0.894287 26.974544 0.516317
v -0.730183 26.974544 0.730182
v -0.516317 26.974544 0.894287
v -0.267266 26.974544 0.997448
v -0.000001 26.974544 1.032634
v 0.267265 26.974544 0.997448
v 0.516316 26.974544 0.894288
v 0.730181 26.974544 0.730184
v 0.894286 26.974544 0.516318
v 0.997447 26.974544 0.267266
v 1.032633 26.974544 0.000001
v 0.997447 26.974544 -0.267264
v 0.894286 26.974544 -0.516315
v 0.730183 26.974544 -0.730180
v 0.516317 26.974544 -0.894285
v 0.267266 26.974544 -0.997446
v 2.703486 22.491593 0.000002
v 2.611367 22.491593 0.699716
v 2.341288 22.491593 1.351745
v 1.911651 22.491593 1.911657
v 1.351741 22.491589 2.341290
v 0.699712 22.491589 2.611369
v -0.000001 22.491589 2.703487
v -0.699715 22.491589 2.611368
v -1.351744 22.491589 2.341289
v -1.911656 22.491593 1.911653
v -2.341289 22.491593 1.351743
v -2.611368 22.491593 0.699714
v -2.703487 22.491593 0.000000
v -2.611369 22.491596 -0.699714
v -2.341290 22.491598 -1.351744
v -1.911654 22.491598 -1.911656
v -1.351744 22.491598 -2.341289
v -0.699714 22.491598 -2.611367
v 0.000000 22.491598 -2.703487
v 0.699716 22.491598 -2.611367
v 1.351746 22.491598 -2.341288
v 1.911657 22.491598 -1.911653
v 2.341290 22.491598 -1.351742
v 2.611369 22.491596 -0.699712
v 3.002095 23.640981 0.804411
v 2.691604 23.640981 1.554001
v 2.197684 23.640981 2.197689
v 1.553997 23.640978 2.691607
v 0.804407 23.640978 3.002097
v -0.000001 23.640978 3.107999
v -0.804410 23.640978 3.002096
v -1.554000 23.640978 2.691606
v -2.197688 23.640981 2.197686
v -2.691606 23.640981 1.553999
v -3.002095 23.640981 0.804409
v -3.107998 23.640981 0.000000
v -3.002095 23.640981 -0.804409
v -2.691606 23.640981 -1.553998
v -2.197686 23.640981 -2.197687
v -1.553999 23.640981 -2.691605
v -0.804409 23.640981 -3.002094
v 0.000000 23.640981 -3.107997
v 0.804411 23.640981 -3.002094
v 1.554001 23.640981 -2.691603
v 2.197688 23.640981 -2.197684
v 2.691605 23.640981 -1.553997
v 3.002095 23.640981 -0.804407
v 3.107998 23.640981 0.000002
v 5.736018 0.128202 0.000001
v 5.422830 0.000000 -1.453042
v 4.861976 0.000000 -2.807063
v 3.969788 0.000000 -3.969787
v 2.807063 0.000000 -4.861976
v 1.453043 0.000000 -5.422830
v 0.000001 0.000000 -5.614126
v -1.453042 0.000000 -5.422830
v -2.807062 0.000000 -4.861977
v -3.969786 0.000000 -3.969788
v -4.861975 0.000000 -2.807065
v -5.422829 0.000000 -1.453045
v -5.614126 0.000000 -0.000003
v -5.422830 0.000000 1.453040
v -4.861977 0.000000 2.807061
v -3.969790 0.000000 3.969784
v -2.807065 0.000000 4.861975
v -1.453046 0.000000 5.422829
v -0.000003 0.000000 5.614126
v 1.453040 0.000000 5.422830
v 2.807060 0.000000 4.861978
v 3.969784 0.000000 3.969790
v 4.861974 0.000000 2.807067
v 5.540568 0.128202 1.484596
v 5.505119 2.159063 0.000001
v 5.317537 2.159063 -1.424829
v 4.767573 2.159063 -2.752559
v 3.892707 2.159063 -3.892707
v 2.752560 2.159063 -4.767573
v 1.424830 2.159063 -5.317536
v 0.000001 2.159063 -5.505119
v -1.424829 2.159063 -5.317536
v -2.752559 2.159063 -4.767573
v -3.892705 2.159063 -3.892708
v -4.767572 2.159063 -2.752561
v -5.317536 2.159063 -1.424831
v -5.505119 2.159063 -0.000002
v -5.317536 2.159063 1.424827
v -4.767574 2.159063 2.752557
v -3.892709 2.159063 3.892704
v -2.752562 2.159063 4.767571
v -1.424832 2.159063 5.317535
v -0.000003 2.159063 5.505119
v 1.424826 2.159063 5.317536
v 2.752556 2.159063 4.767574
v 3.892704 2.159063 3.892709
v 4.767570 2.159063 2.752563
v 5.317535 2.159063 1.424834
v -0.000001 0.000000 -0.000000
v 5.614126 0.000000 0.000000
v 5.540569 0.128202 -1.484591
v 4.967538 0.128202 -2.868009
v 4.055978 0.128202 -4.055977
v 2.868009 0.128202 -4.967538
v 1.484592 0.128202 -5.540569
v 0.000001 0.128202 -5.736018
v -1.484590 0.128202 -5.540569
v -2.868008 0.128202 -4.967538
v -4.055977 0.128202 -4.055978
v -4.967537 0.128202 -2.868011
v -5.540568 0.128202 -1.484593
v -5.736018 0.128202 -0.000003
v -5.540569 0.128202 1.484588
v -4.967539 0.128202 2.868006
v -4.055981 0.128202 4.055977
v -2.868011 0.128202 4.967536
v -1.484594 0.128202 5.540568
v -0.000003 0.128202 5.736018
v 1.484587 0.128202 5.540569
v 2.868006 0.128202 4.967540
v 4.055977 0.128202 4.055981
v 4.967536 0.128202 2.868013
v 5.422829 0.000000 1.453047
v 5.639957 2.030828 0.000001
v 5.447780 2.030828 -1.459728
v 4.884346 2.030828 -2.819978
v 3.988052 2.030828 -3.988051
v 2.819979 2.030828 -4.884345
v 1.459729 2.030828 -5.447779
v 0.000001 2.030828 -5.639957
v -1.459727 2.030828 -5.447779
v -2.819977 2.030828 -4.884346
v -3.988050 2.030828 -3.988053
v -4.884344 2.030828 -2.819980
v -5.447779 2.030828 -1.459730
v -5.639957 2.030828 -0.000003
v -5.447779 2.030828 1.459725
v -4.884347 2.030828 2.819976
v -3.988054 2.030828 3.988049
v -2.819981 2.030828 4.884344
v -1.459731 2.030828 5.447778
v -0.000003 2.030828 5.639957
v 1.459724 2.030828 5.447779
v 2.819975 2.030828 4.884347
v 3.988049 2.030828 3.988054
v 4.884344 2.030828 2.819982
v 5.447778 2.030828 1.459733
v -1.007294 15.220392 -3.759268
v -1.071136 15.826411 -3.997531
v 0.000000 15.220392 -3.891881
v 0.000000 15.826411 -4.138550
v -1.945942 15.220392 -3.370469
v -2.069276 15.826411 -3.584089
v -2.751976 15.220392 -2.751980
v -2.926398 15.826411 -2.926400
v -3.370470 15.220391 -1.945941
v -3.584091 15.826411 -2.069275
v -3.759269 15.220391 -1.007293
v -3.997533 15.826411 -1.071136
v -3.891883 15.220391 -0.000000
v -4.138552 15.826411 -0.000000
v -3.759270 15.220391 1.007293
v -3.997533 15.826411 1.071136
v -3.370470 15.220391 1.945941
v -3.584091 15.826411 2.069275
v -2.751981 15.220391 2.751976
v -2.926402 15.826411 2.926398
v -1.945943 15.220391 3.370470
v -2.069277 15.826411 3.584091
v -1.007295 15.220391 3.759271
v -1.071138 15.826411 3.997534
v -0.000002 15.220391 3.891885
v -0.000002 15.826411 4.138554
v 1.007291 15.220391 3.759272
v 1.071134 15.826411 3.997536
v 1.945939 15.220391 3.370473
v 2.069273 15.826411 3.584094
v 2.751975 15.220391 2.751982
v 2.926395 15.826411 2.926403
v 3.370468 15.220391 1.945943
v 3.584090 15.826411 2.069277
v 3.759269 15.220391 1.007296
v 3.997533 15.826411 1.071138
v 3.891882 15.220391 0.000002
v 4.138551 15.826411 0.000003
v 3.759271 15.220391 -1.007291
v 3.997534 15.826411 -1.071133
v 3.370471 15.220391 -1.945939
v 3.584092 15.826411 -2.069273
v 2.751981 15.220392 -2.751975
v 2.926403 15.826411 -2.926395
v 1.945944 15.220392 -3.370467
v 2.069278 15.826411 -3.584089
v 1.007296 15.220392 -3.759268
v 1.071139 15.826411 -3.997531
v 0.000000 18.165906 -4.102086
v 0.000000 18.605746 -3.926337
v -1.061698 18.165906 -3.962310
v -1.016211 18.605746 -3.792549
v 0.000000 17.715309 -4.239790
v 0.000000 17.270501 -4.295091
v -1.097338 17.715309 -4.095322
v -1.111652 17.270501 -4.148739
v -2.051043 18.165906 -3.552510
v -1.963169 18.605746 -3.400307
v -2.119895 17.715309 -3.671766
v -2.147546 17.270501 -3.719659
v -2.900612 18.165906 -2.900616
v -2.776339 18.605746 -2.776343
v -2.997984 17.715309 -2.997988
v -3.037088 17.270501 -3.037092
v -3.552512 18.165906 -2.051043
v -3.400308 18.605746 -1.963168
v -3.671767 17.715309 -2.119895
v -3.719660 17.270501 -2.147546
v -3.962311 18.165906 -1.061698
v -3.792551 18.605746 -1.016210
v -4.095323 17.715309 -1.097339
v -4.148740 17.270501 -1.111652
v -4.102086 18.165906 0.000000
v -3.926337 18.605746 0.000000
v -4.239791 17.715309 0.000000
v -4.295093 17.270501 -0.000000
v -3.962311 18.165906 1.061698
v -3.792551 18.605746 1.016211
v -4.095323 17.715309 1.097338
v -4.148740 17.270501 1.111652
v -3.552512 18.165906 2.051043
v -3.400309 18.605746 1.963168
v -3.671767 17.715309 2.119895
v -3.719660 17.270501 2.147545
v -2.900617 18.165906 2.900612
v -2.776344 18.605746 2.776339
v -2.997989 17.715309 2.997984
v -3.037093 17.270501 3.037088
v -2.051044 18.165906 3.552513
v -1.963170 18.605746 3.400309
v -2.119897 17.715309 3.671768
v -2.147547 17.270501 3.719660
v -1.061700 18.165906 3.962313
v -1.016213 18.605746 3.792552
v -1.097341 17.715309 4.095324
v -1.111654 17.270501 4.148742
v -0.000002 18.165906 4.102089
v -0.000002 18.605746 3.926340
v -0.000002 17.715309 4.239793
v -0.000002 17.270501 4.295095
v 1.061696 18.165906 3.962314
v 1.016209 18.605746 3.792554
v 1.097336 17.715309 4.095326
v 1.111649 17.270501 4.148744
v 2.051041 18.165906 3.552514
v 1.963167 18.605746 3.400311
v 2.119893 17.715309 3.671770
v 2.147544 17.270501 3.719663
v 2.900609 18.165906 2.900619
v 2.776337 18.605746 2.776345
v 2.997981 17.715309 2.997990
v 3.037086 17.270501 3.037095
v 3.552511 18.165906 2.051045
v 3.400308 18.605746 1.963171
v 3.671766 17.715309 2.119898
v 3.719659 17.270501 2.147548
v 3.962311 18.165906 1.061700
v 3.792550 18.605746 1.016213
v 4.095323 17.715309 1.097342
v 4.148740 17.270501 1.111655
v 4.102087 18.165906 0.000003
v 3.926338 18.605746 0.000003
v 4.239791 17.715309 0.000003
v 4.295093 17.270501 0.000003
v 3.962312 18.165906 -1.061696
v 3.792552 18.605746 -1.016208
v 4.095324 17.715309 -1.097336
v 4.148741 17.270501 -1.111649
v 3.552513 18.165906 -2.051041
v 3.400309 18.605746 -1.963167
v 3.671768 17.715309 -2.119893
v 3.719661 17.270501 -2.147544
v 2.900619 18.165906 -2.900610
v 2.776345 18.605746 -2.776337
v 2.997990 17.715309 -2.997982
v 3.037094 17.270501 -3.037086
v 2.051046 18.165906 -3.552509
v 1.963171 18.605746 -3.400306
v 2.119898 17.715309 -3.671764
v 2.147549 17.270501 -3.719657
v 1.061701 18.165906 -3.962310
v 1.016214 18.605746 -3.792549
v 1.097343 17.715309 -4.095322
v 1.111656 17.270501 -4.148739
v -1.614306 9.285344 -6.024670
v -1.554335 9.897140 -5.800857
v 0.000000 9.285344 -6.237199
v 0.000000 9.897140 -6.005490
v 0.000000 8.613595 -6.404205
v 0.000000 7.964087 -6.476997
v -1.657530 8.613595 -6.185987
v -1.676371 7.964087 -6.256299
v -3.118599 9.285344 -5.401571
v -3.002745 9.897140 -5.200907
v -3.202103 8.613595 -5.546204
v -3.238499 7.964087 -5.609244
v -4.410367 9.285344 -4.410365
v -4.246523 9.897140 -4.246523
v -4.528459 8.613595 -4.528458
v -4.579930 7.964087 -4.579929
v -5.401573 9.285341 -3.118599
v -5.200908 9.897137 -3.002745
v -5.546206 8.613594 -3.202103
v -5.609246 7.964087 -3.238499
v -6.024672 9.285341 -1.614306
v -5.800860 9.897137 -1.554336
v -6.185988 8.613594 -1.657531
v -6.256301 7.964087 -1.676371
v -6.237200 9.285341 -0.000001
v -6.005492 9.897137 -0.000000
v -6.404206 8.613594 -0.000001
v -6.476999 7.964087 -0.000001
v -6.024672 9.285341 1.614305
v -5.800860 9.897137 1.554335
v -6.185988 8.613594 1.657530
v -6.256301 7.964087 1.676370
v -5.401574 9.285341 3.118598
v -5.200909 9.897137 3.002744
v -5.546206 8.613594 3.202102
v -5.609246 7.964087 3.238498
v -4.410368 9.285341 4.410367
v -4.246526 9.897137 4.246522
v -4.528459 8.613594 4.528459
v -4.579931 7.964087 4.579930
v -3.118601 9.285341 5.401572
v -3.002747 9.897137 5.200907
v -3.202105 8.613594 5.546205
v -3.238502 7.964087 5.609245
v -1.614308 9.285341 6.024672
v -1.554338 9.897137 5.800860
v -1.657533 8.613594 6.185988
v -1.676373 7.964087 6.256300
v -0.000003 9.285341 6.237200
v -0.000003 9.897137 6.005492
v -0.000003 8.613592 6.404207
v -0.000003 7.964084 6.476999
v 1.614303 9.285341 6.024673
v 1.554333 9.897137 5.800860
v 1.657527 8.613594 6.185989
v 1.676367 7.964087 6.256301
v 3.118597 9.285341 5.401576
v 3.002742 9.897137 5.200911
v 3.202099 8.613594 5.546208
v 3.238496 7.964087 5.609247
v 4.410363 9.285341 4.410369
v 4.246522 9.897137 4.246527
v 4.528455 8.613594 4.528460
v 4.579930 7.964087 4.579933
v 5.401571 9.285341 3.118601
v 5.200906 9.897137 3.002748
v 5.546203 8.613594 3.202105
v 5.609244 7.964087 3.238501
v 6.024671 9.285341 1.614309
v 5.800857 9.897137 1.554338
v 6.185986 8.613594 1.657533
v 6.256299 7.964087 1.676373
v 6.237199 9.285341 0.000003
v 6.005490 9.897137 0.000003
v 6.404205 8.613594 0.000003
v 6.476998 7.964087 0.000003
v 6.024672 9.285341 -1.614302
v 5.800860 9.897137 -1.554332
v 6.185988 8.613594 -1.657527
v 6.256301 7.964087 -1.676367
v 5.401574 9.285341 -3.118596
v 5.200909 9.897137 -3.002742
v 5.546207 8.613594 -3.202099
v 5.609247 7.964087 -3.238496
v 4.410369 9.285344 -4.410363
v 4.246527 9.897140 -4.246522
v 4.528460 8.613595 -4.528455
v 4.579933 7.964087 -4.579930
v 3.118603 9.285344 -5.401569
v 3.002749 9.897140 -5.200904
v 3.202106 8.613595 -5.546202
v 3.238503 7.964087 -5.609242
v 1.614310 9.285344 -6.024669
v 1.554340 9.897140 -5.800857
v 1.657535 8.613595 -6.185986
v 1.676375 7.964087 -6.256298
v -1.501394 4.900538 -5.603280
v -1.578574 5.483341 -5.891319
v 0.000000 4.900538 -5.800942
v 0.000000 5.483341 -6.099142
v -2.900472 4.900538 -5.023765
v -3.049571 5.483341 -5.282013
v -4.101889 4.900538 -4.101886
v -4.312747 5.483341 -4.312746
v -5.023764 4.900537 -2.900471
v -5.282013 5.483340 -3.049571
v -5.603281 4.900537 -1.501395
v -5.891320 5.483340 -1.578575
v -5.800942 4.900537 -0.000001
v -6.099142 5.483340 -0.000001
v -5.603281 4.900537 1.501394
v -5.891321 5.483340 1.578573
v -5.023764 4.900538 2.900470
v -5.282013 5.483341 3.049571
v -4.101888 4.900537 4.101885
v -4.312747 5.483340 4.312747
v -2.900473 4.900537 5.023763
v -3.049573 5.483340 5.282012
v -1.501397 4.900537 5.603280
v -1.578577 5.483340 5.891319
v -0.000003 4.900537 5.800943
v -0.000003 5.483340 6.099143
v 1.501392 4.900537 5.603281
v 1.578572 5.483340 5.891321
v 2.900468 4.900537 5.023765
v 3.049567 5.483340 5.282013
v 4.101884 4.900537 4.101889
v 4.312746 5.483340 4.312749
v 5.023763 4.900538 2.900473
v 5.282012 5.483341 3.049573
v 5.603280 4.900537 1.501397
v 5.891319 5.483341 1.578577
v 5.800942 4.900537 0.000003
v 6.099142 5.483340 0.000003
v 5.603281 4.900537 -1.501391
v 5.891321 5.483341 -1.578571
v 5.023765 4.900537 -2.900468
v 5.282014 5.483340 -3.049567
v 4.101889 4.900538 -4.101884
v 4.312748 5.483341 -4.312742
v 2.900474 4.900538 -5.023762
v 3.049575 5.483341 -5.282010
v 1.501399 4.900538 -5.603278
v 1.578579 5.483341 -5.891318
v 0.000000 6.371727 -6.358416
v 0.000000 7.017795 -6.457572
v -1.645679 6.371727 -6.141759
v -1.671343 7.017795 -6.237536
v -3.179208 6.371727 -5.506550
v -3.228786 7.017795 -5.592421
v -4.496079 6.371727 -4.496080
v -4.566197 7.017795 -4.566195
v -5.506551 6.371725 -3.179208
v -5.592423 7.017794 -3.228786
v -6.141760 6.371725 -1.645680
v -6.237537 7.017794 -1.671343
v -6.358417 6.371725 -0.000001
v -6.457573 7.017794 -0.000001
v -6.141760 6.371725 1.645679
v -6.237537 7.017793 1.671342
v -5.506551 6.371726 3.179208
v -5.592423 7.017794 3.228785
v -4.496082 6.371726 4.496079
v -4.566196 7.017794 4.566192
v -3.179211 6.371725 5.506550
v -3.228789 7.017794 5.592422
v -1.645682 6.371725 6.141760
v -1.671345 7.017794 6.237536
v -0.000003 6.371725 6.358418
v -0.000003 7.017793 6.457574
v 1.645676 6.371725 6.141760
v 1.671340 7.017794 6.237537
v 3.179204 6.371725 5.506552
v 3.228782 7.017794 5.592424
v 4.496079 6.371726 4.496083
v 4.566192 7.017794 4.566197
v 5.506549 6.371726 3.179211
v 5.592420 7.017794 3.228789
v 6.141757 6.371725 1.645682
v 6.237535 7.017793 1.671346
v 6.358417 6.371725 0.000003
v 6.457573 7.017794 0.000003
v 6.141760 6.371726 -1.645676
v 6.237537 7.017794 -1.671339
v 5.506552 6.371725 -3.179204
v 5.592424 7.017794 -3.228782
v 4.496083 6.371727 -4.496076
v 4.566197 7.017795 -4.566192
v 3.179212 6.371727 -5.506548
v 3.228790 7.017795 -5.592419
v 1.645684 6.371727 -6.141757
v 1.671348 7.017795 -6.237534
v -1.249107 11.694380 -4.661729
v -1.110914 12.307667 -4.145988
v 0.000000 11.694380 -4.826178
v 0.000000 12.307667 -4.292243
v -1.377686 11.070920 -5.141594
v -1.470131 10.521680 -5.486603
v 0.000000 11.070920 -5.322970
v 0.000000 10.521680 -5.680151
v -2.413089 11.694380 -4.179592
v -2.146122 12.307667 -3.717191
v -2.661486 11.070920 -4.609827
v -2.840076 10.521680 -4.919154
v -3.412623 11.694380 -3.412624
v -3.035074 12.307667 -3.035077
v -3.763908 11.070920 -3.763910
v -4.016475 10.521680 -4.016474
v -4.179593 11.694379 -2.413089
v -3.717192 12.307667 -2.146122
v -4.609829 11.070918 -2.661485
v -4.919156 10.521680 -2.840076
v -4.661730 11.694379 -1.249107
v -4.145989 12.307667 -1.110915
v -5.141595 11.070918 -1.377686
v -5.486605 10.521680 -1.470132
v -4.826179 11.694379 -0.000000
v -4.292244 12.307667 -0.000000
v -5.322972 11.070918 -0.000000
v -5.680152 10.521680 -0.000000
v -4.661731 11.694379 1.249106
v -4.145989 12.307667 1.110914
v -5.141596 11.070918 1.377686
v -5.486605 10.521680 1.470131
v -4.179594 11.694379 2.413088
v -3.717194 12.307667 2.146121
v -4.609830 11.070918 2.661485
v -4.919157 10.521680 2.840074
v -3.412625 11.694379 3.412622
v -3.035079 12.307667 3.035074
v -3.763911 11.070918 3.763908
v -4.016476 10.521680 4.016475
v -2.413090 11.694379 4.179593
v -2.146123 12.307667 3.717192
v -2.661487 11.070918 4.609828
v -2.840077 10.521680 4.919156
v -1.249109 11.694379 4.661730
v -1.110917 12.307667 4.145989
v -1.377688 11.070918 5.141595
v -1.470134 10.521680 5.486605
v -0.000002 11.694379 4.826179
v -0.000002 12.307667 4.292244
v -0.000002 11.070918 5.322972
v -0.000003 10.521678 5.680152
v 1.249104 11.694379 4.661731
v 1.110912 12.307667 4.145990
v 1.377684 11.070918 5.141596
v 1.470129 10.521680 5.486606
v 2.413086 11.694379 4.179596
v 2.146119 12.307667 3.717195
v 2.661482 11.070918 4.609831
v 2.840073 10.521680 4.919159
v 3.412620 11.694379 3.412626
v 3.035071 12.307667 3.035079
v 3.763905 11.070918 3.763912
v 4.016469 10.521680 4.016477
v 4.179591 11.694379 2.413091
v 3.717190 12.307667 2.146124
v 4.609826 11.070918 2.661487
v 4.919154 10.521680 2.840078
v 4.661729 11.694379 1.249109
v 4.145988 12.307667 1.110917
v 5.141594 11.070918 1.377689
v 5.486604 10.521680 1.470134
v 4.826177 11.694379 0.000003
v 4.292242 12.307667 0.000002
v 5.322970 11.070918 0.000003
v 5.680151 10.521680 0.000003
v 4.661730 11.694379 -1.249104
v 4.145989 12.307667 -1.110911
v 5.141596 11.070918 -1.377683
v 5.486605 10.521680 -1.470128
v 4.179594 11.694379 -2.413086
v 3.717193 12.307667 -2.146119
v 4.609829 11.070918 -2.661482
v 4.919157 10.521680 -2.840073
v 3.412626 11.694380 -3.412620
v 3.035079 12.307667 -3.035071
v 3.763912 11.070920 -3.763905
v 4.016477 10.521680 -4.016471
v 2.413092 11.694380 -4.179590
v 2.146124 12.307667 -3.717190
v 2.661488 11.070920 -4.609825
v 2.840079 10.521680 -4.919153
v 1.249111 11.694380 -4.661729
v 1.110918 12.307667 -4.145988
v 1.377690 11.070920 -5.141594
v 1.470136 10.521680 -5.486603
v -1.101857 16.331610 -4.112189
v -1.118394 16.776385 -4.173901
v 0.000000 16.331609 -4.257251
v 0.000000 16.776384 -4.321140
v -2.128627 16.331609 -3.686888
v -2.160571 16.776384 -3.742217
v -3.010332 16.331609 -3.010335
v -3.055507 16.776384 -3.055512
v -3.686889 16.331609 -2.128626
v -3.742219 16.776384 -2.160570
v -4.112190 16.331609 -1.101859
v -4.173902 16.776384 -1.118394
v -4.257253 16.331609 -0.000000
v -4.321142 16.776384 -0.000000
v -4.112190 16.331609 1.101857
v -4.173902 16.776384 1.118394
v -3.686889 16.331609 2.128626
v -3.742219 16.776384 2.160570
v -3.010336 16.331609 3.010332
v -3.055512 16.776384 3.055507
v -2.128628 16.331609 3.686890
v -2.160572 16.776384 3.742219
v -1.101861 16.331609 4.112191
v -1.118396 16.776384 4.173904
v -0.000002 16.331609 4.257255
v -0.000002 16.776384 4.321144
v 1.101856 16.331609 4.112193
v 1.118392 16.776384 4.173905
v 2.128624 16.331609 3.686892
v 2.160568 16.776384 3.742222
v 3.010329 16.331609 3.010338
v 3.055506 16.776384 3.055514
v 3.686888 16.331609 2.128628
v 3.742218 16.776384 2.160573
v 4.112189 16.331609 1.101861
v 4.173902 16.776384 1.118396
v 4.257253 16.331609 0.000003
v 4.321142 16.776384 0.000003
v 4.112191 16.331609 -1.101855
v 4.173903 16.776384 -1.118391
v 3.686891 16.331609 -2.128624
v 3.742220 16.776384 -2.160568
v 3.010337 16.331609 -3.010329
v 3.055514 16.776384 -3.055506
v 2.128629 16.331609 -3.686887
v 2.160574 16.776384 -3.742216
v 1.101862 16.331609 -4.112188
v 1.118397 16.776384 -4.173901
v -0.876209 19.371538 -3.270055
v -0.949900 19.003276 -3.545073
v 0.000000 19.371538 -3.385411
v 0.000000 19.003276 -3.670130
v -1.692706 19.371538 -2.931852
v -1.835065 19.003276 -3.178426
v -2.393849 19.371538 -2.393848
v -2.595174 19.003276 -2.595175
v -2.931853 19.371538 -1.692705
v -3.178427 19.003276 -1.835065
v -3.270056 19.371538 -0.876209
v -3.545074 19.003276 -0.949900
v -3.385411 19.371538 0.000000
v -3.670131 19.003276 0.000000
v -3.270056 19.371538 0.876209
v -3.545074 19.003276 0.949900
v -2.931853 19.371538 1.692706
v -3.178427 19.003276 1.835065
v -2.393849 19.371538 2.393847
v -2.595176 19.003276 2.595174
v -1.692707 19.371538 2.931854
v -1.835066 19.003276 3.178428
v -0.876211 19.371538 3.270058
v -0.949902 19.003276 3.545076
v -0.000002 19.371538 3.385414
v -0.000002 19.003276 3.670133
v 0.876207 19.371538 3.270059
v 0.949898 19.003276 3.545077
v 1.692704 19.371538 2.931855
v 1.835063 19.003276 3.178430
v 2.393846 19.371538 2.393850
v 2.595173 19.003276 2.595177
v 2.931852 19.371538 1.692708
v 3.178426 19.003276 1.835067
v 3.270056 19.371538 0.876211
v 3.545074 19.003276 0.949902
v 3.385412 19.371538 0.000002
v 3.670131 19.003276 0.000002
v 3.270058 19.371538 -0.876207
v 3.545075 19.003276 -0.949897
v 2.931853 19.371538 -1.692704
v 3.178428 19.003276 -1.835063
v 2.393849 19.371538 -2.393846
v 2.595177 19.003276 -2.595173
v 1.692708 19.371538 -2.931851
v 1.835068 19.003276 -3.178425
v 0.876211 19.371538 -3.270055
v 0.949902 19.003276 -3.545073
v 0.000000 24.438413 -2.998095
v 0.000000 24.025824 -3.079671
v -0.775965 24.438413 -2.895937
v -0.797078 24.025824 -2.974732
v -1.499048 24.438413 -2.596427
v -1.539836 24.025824 -2.667073
v -2.119974 24.438413 -2.119974
v -2.177657 24.025824 -2.177657
v -2.596428 24.438413 -1.499047
v -2.667074 24.025824 -1.539835
v -2.895938 24.438413 -0.775964
v -2.974734 24.025824 -0.797077
v -2.998096 24.438413 0.000000
v -3.079672 24.025824 0.000000
v -2.895938 24.438413 0.775965
v -2.974734 24.025824 0.797078
v -2.596428 24.438413 1.499048
v -2.667075 24.025824 1.539835
v -2.119975 24.438413 2.119974
v -2.177658 24.025824 2.177657
v -1.499049 24.438413 2.596428
v -1.539837 24.025824 2.667074
v -0.775966 24.438413 2.895939
v -0.797079 24.025824 2.974735
v -0.000001 24.438413 2.998098
v -0.000001 24.025824 3.079673
v 0.775963 24.438413 2.895940
v 0.797076 24.025824 2.974736
v 1.499046 24.438413 2.596430
v 1.539834 24.025824 2.667076
v 2.119972 24.438413 2.119976
v 2.177655 24.025824 2.177659
v 2.596427 24.438413 1.499049
v 2.667073 24.025824 1.539837
v 2.895938 24.438413 0.775966
v 2.974733 24.025824 0.797080
v 2.998096 24.438413 0.000002
v 3.079672 24.025824 0.000002
v 2.895938 24.438413 -0.775962
v 2.974734 24.025824 -0.797075
v 2.596428 24.438413 -1.499046
v 2.667074 24.025824 -1.539833
v 2.119976 24.438413 -2.119972
v 2.177658 24.025824 -2.177655
v 1.499050 24.438413 -2.596425
v 1.539838 24.025824 -2.667072
v 0.775966 24.438413 -2.895937
v 0.797080 24.025824 -2.974732
v -0.793085 23.228074 -2.959834
v -0.755715 22.837999 -2.820367
v 0.000000 23.228074 -3.064247
v 0.000000 22.837999 -2.919860
v -1.532124 23.228074 -2.653715
v -1.459930 22.837999 -2.528673
v -2.166750 23.228074 -2.166751
v -2.064653 22.837999 -2.064654
v -2.653717 23.228074 -1.532123
v -2.528674 22.837999 -1.459930
v -2.959836 23.228074 -0.793085
v -2.820369 22.837999 -0.755715
v -3.064248 23.228074 0.000000
v -2.919861 22.837999 0.000000
v -2.959836 23.228074 0.793086
v -2.820369 22.837999 0.755716
v -2.653717 23.228074 1.532123
v -2.528675 22.837999 1.459930
v -2.166751 23.228074 2.166750
v -2.064655 22.837999 2.064653
v -1.532125 23.228072 2.653717
v -1.459932 22.837996 2.528675
v -0.793087 23.228072 2.959836
v -0.755717 22.837996 2.820370
v -0.000001 23.228072 3.064249
v -0.000001 22.837996 2.919863
v 0.793084 23.228072 2.959838
v 0.755714 22.837996 2.820372
v 1.532122 23.228072 2.653718
v 1.459929 22.837996 2.528677
v 2.166748 23.228074 2.166753
v 2.064651 22.837999 2.064656
v 2.653715 23.228074 1.532125
v 2.528673 22.837999 1.459932
v 2.959835 23.228074 0.793088
v 2.820368 22.837999 0.755718
v 3.064247 23.228074 0.000002
v 2.919861 22.837999 0.000002
v 2.959836 23.228074 -0.793083
v 2.820369 22.837999 -0.755713
v 2.653716 23.228074 -1.532121
v 2.528674 22.837999 -1.459928
v 2.166752 23.228074 -2.166748
v 2.064655 22.837999 -2.064651
v 1.532125 23.228074 -2.653714
v 1.459932 22.837999 -2.528672
v 0.793088 23.228074 -2.959834
v 0.755718 22.837999 -2.820367
v -0.705388 25.095629 -2.632541
v -0.742979 24.792748 -2.772834
v 0.000000 25.095629 -2.725408
v 0.000000 24.792748 -2.870649
v -1.362705 25.095629 -2.360273
v -1.435325 24.792748 -2.486056
v -1.927155 25.095629 -1.927156
v -2.029856 24.792748 -2.029857
v -2.360274 25.095629 -1.362704
v -2.486057 24.792748 -1.435324
v -2.632543 25.095629 -0.705387
v -2.772835 24.792748 -0.742978
v -2.725409 25.095629 0.000001
v -2.870650 24.792748 0.000001
v -2.632543 25.095629 0.705388
v -2.772835 24.792748 0.742979
v -2.360274 25.095629 1.362704
v -2.486057 24.792748 1.435325
v -1.927157 25.095629 1.927154
v -2.029858 24.792748 2.029856
v -1.362705 25.095629 2.360275
v -1.435326 24.792748 2.486057
v -0.705389 25.095629 2.632544
v -0.742980 24.792748 2.772836
v -0.000001 25.095629 2.725411
v -0.000001 24.792748 2.870652
v 0.705386 25.095629 2.632545
v 0.742978 24.792748 2.772837
v 1.362703 25.095629 2.360276
v 1.435323 24.792748 2.486058
v 1.927153 25.095629 1.927158
v 2.029854 24.792748 2.029859
v 2.360273 25.095629 1.362706
v 2.486055 24.792748 1.435327
v 2.632543 25.095629 0.705390
v 2.772835 24.792748 0.742981
v 2.725409 25.095629 0.000002
v 2.870650 24.792748 0.000002
v 2.632544 25.095629 -0.705385
v 2.772835 24.792748 -0.742977
v 2.360274 25.095629 -1.362703
v 2.486057 24.792748 -1.435323
v 1.927158 25.095629 -1.927153
v 2.029859 24.792748 -2.029854
v 1.362706 25.095629 -2.360272
v 1.435327 24.792748 -2.486055
v 0.705390 25.095629 -2.632541
v 0.742981 24.792748 -2.772834
v -0.824664 13.675167 -3.077686
v -0.000000 13.675167 -3.186256
v 0.824666 13.675167 -3.077686
v 1.593130 13.675167 -2.759377
v 2.253025 13.675167 -2.253022
v 2.759380 13.675167 -1.593126
v 3.077687 13.675167 -0.824662
v 3.186256 13.675167 0.000002
v 3.077687 13.675167 0.824666
v 2.759378 13.675167 1.593129
v 2.253022 13.675167 2.253026
v 1.593126 13.675167 2.759381
v 0.824662 13.675167 3.077689
v -0.000002 13.675167 3.186258
v -0.824665 13.675167 3.077688
v -1.593129 13.675167 2.759380
v -2.253024 13.675167 2.253025
v -2.759380 13.675167 1.593128
v -3.077687 13.675167 0.824664
v -3.186256 13.675167 -0.000000
v -3.077687 13.675167 -0.824664
v -2.759380 13.675167 -1.593128
v -2.253025 13.675167 -2.253024
v -1.593128 13.675167 -2.759378
v -0.485414 21.015325 -1.811590
v -0.000000 21.015325 -1.875496
v 0.485416 21.015325 -1.811590
v 0.937750 21.015325 -1.624226
v 1.326178 21.015325 -1.326175
v 1.624229 21.015325 -0.937747
v 1.811591 21.015325 -0.485413
v 1.875497 21.015325 0.000002
v 1.811591 21.015325 0.485416
v 1.624228 21.015325 0.937750
v 1.326175 21.015325 1.326178
v 0.937747 21.015325 1.624230
v 0.485413 21.015325 1.811593
v -0.000001 21.015325 1.875498
v -0.485415 21.015325 1.811592
v -0.937749 21.015325 1.624229
v -1.326177 21.015325 1.326176
v -1.624228 21.015325 0.937749
v -1.811591 21.015325 0.485415
v -1.875497 21.015325 0.000000
v -1.811591 21.015325 -0.485414
v -1.624228 21.015325 -0.937748
v -1.326176 21.015325 -1.326177
v -0.937749 21.015325 -1.624227
vt 0.327164 0.540461
vt 0.343659 0.540461
vt 0.343659 0.550239
vt 0.327164 0.550239
vt 0.310669 0.540461
vt 0.310669 0.550239
vt 0.294174 0.540461
vt 0.294174 0.550239
vt 0.277680 0.540461
vt 0.277680 0.550239
vt 0.261185 0.540461
vt 0.261185 0.550239
vt 0.244690 0.540461
vt 0.244690 0.550239
vt 0.228195 0.540461
vt 0.228195 0.550239
vt 0.211700 0.540461
vt 0.211700 0.550239
vt 0.195206 0.540461
vt 0.195206 0.550239
vt 0.178710 0.540461
vt 0.178710 0.550239
vt 0.162216 0.540461
vt 0.162216 0.550239
vt 0.120988 0.564830
vt 0.136595 0.564541
vt 0.152094 0.564371
vt 0.167418 0.564283
vt 0.182563 0.564238
vt 0.197563 0.564218
vt 0.212464 0.564212
vt 0.227314 0.564211
vt 0.242162 0.564215
vt 0.257060 0.564223
vt 0.272057 0.564242
vt 0.287200 0.564287
vt 0.145721 0.540461
vt 0.302520 0.564383
vt 0.318008 0.564565
vt 0.333587 0.564868
vt 0.349169 0.565132
vt 0.364615 0.565313
vt 0.379673 0.565149
vt 0.394005 0.564054
vt 0.047381 0.560759
vt 0.045512 0.564890
vt 0.060555 0.564128
vt 0.074879 0.565209
vt 0.089924 0.565354
vt 0.105376 0.565113
vt 0.932826 0.979814
vt 0.922481 0.979645
vt 0.912018 0.979579
vt 0.901569 0.979543
vt 0.891122 0.979521
vt 0.880676 0.979510
vt 0.870229 0.979505
vt 0.859773 0.979503
vt 0.849337 0.979505
vt 0.838889 0.979511
vt 0.828439 0.979521
vt 0.817981 0.979542
vt 0.807522 0.979593
vt 0.797131 0.979696
vt 0.786826 0.979802
vt 0.776092 0.979938
vt 0.766072 0.980034
vt 0.756866 0.979959
vt 0.747583 0.979454
vt 0.980745 0.977827
vt 0.980640 0.974605
vt 0.972010 0.979464
vt 0.962717 0.979989
vt 0.952983 0.980013
vt 0.942987 0.979933
vt 0.932450 0.568822
vt 0.927932 0.567568
vt 0.930315 0.561954
vt 0.933299 0.562782
vt 0.921710 0.874150
vt 0.931444 0.874135
vt 0.911697 0.874087
vt 0.901456 0.874036
vt 0.891071 0.873970
vt 0.880652 0.873938
vt 0.870221 0.873926
vt 0.859773 0.873923
vt 0.849355 0.873923
vt 0.838935 0.873925
vt 0.828541 0.873929
vt 0.818196 0.873936
vt 0.807939 0.873947
vt 0.797834 0.873962
vt 0.787971 0.873977
vt 0.778505 0.873982
vt 0.769591 0.873967
vt 0.761409 0.873928
vt 0.754215 0.873892
vt 0.971095 0.874029
vt 0.965150 0.873862
vt 0.957895 0.873896
vt 0.949679 0.873937
vt 0.940799 0.874039
vt 0.965466 0.592450
vt 0.951241 0.600830
vt 0.947495 0.592005
vt 0.959564 0.584896
vt 0.935331 0.605242
vt 0.933997 0.595748
vt 0.918823 0.605386
vt 0.919991 0.595870
vt 0.902839 0.601252
vt 0.145721 0.550239
vt 0.129226 0.540461
vt 0.129226 0.550239
vt 0.112731 0.540461
vt 0.112731 0.550239
vt 0.096237 0.540461
vt 0.096237 0.550239
vt 0.079742 0.540461
vt 0.079742 0.550239
vt 0.063247 0.540461
vt 0.063247 0.550239
vt 0.046752 0.540461
vt 0.046752 0.550239
vt 0.426133 0.540461
vt 0.426133 0.550239
vt 0.409638 0.540461
vt 0.409638 0.550239
vt 0.393143 0.540461
vt 0.393143 0.550239
vt 0.376648 0.540461
vt 0.376648 0.550239
vt 0.360154 0.540461
vt 0.360154 0.550239
vt 0.211272 0.739596
vt 0.923891 0.565189
vt 0.927647 0.560382
vt 0.920605 0.561845
vt 0.925476 0.558174
vt 0.918296 0.557763
vt 0.923951 0.555479
vt 0.917122 0.553224
vt 0.923176 0.552480
vt 0.917163 0.548535
vt 0.923203 0.549384
vt 0.918416 0.544016
vt 0.924030 0.546400
vt 0.920796 0.539976
vt 0.925602 0.543731
vt 0.924140 0.536690
vt 0.927811 0.541561
vt 0.928221 0.534381
vt 0.930506 0.540036
vt 0.932761 0.533207
vt 0.933504 0.539260
vt 0.937450 0.533248
vt 0.936601 0.539287
vt 0.941968 0.534500
vt 0.939585 0.540115
vt 0.946008 0.536880
vt 0.850242 0.046678
vt 0.850242 0.424342
vt 0.874549 0.424342
vt 0.874549 0.046678
vt 0.850242 0.407922
vt 0.874549 0.407922
vt 0.850242 0.391502
vt 0.874549 0.391502
vt 0.850242 0.375082
vt 0.874549 0.375082
vt 0.850242 0.358661
vt 0.874549 0.358661
vt 0.850242 0.342241
vt 0.874549 0.342241
vt 0.850242 0.325821
vt 0.874549 0.325821
vt 0.850242 0.309401
vt 0.874549 0.309401
vt 0.850242 0.292981
vt 0.874549 0.292981
vt 0.850242 0.276560
vt 0.874549 0.276560
vt 0.850242 0.260140
vt 0.874549 0.260140
vt 0.906430 0.592364
vt 0.888469 0.593122
vt 0.894239 0.585466
vt 0.876694 0.581550
vt 0.884248 0.575648
vt 0.868314 0.567325
vt 0.877139 0.563580
vt 0.863903 0.551416
vt 0.873396 0.550082
vt 0.863759 0.534907
vt 0.873273 0.536075
vt 0.867892 0.518923
vt 0.876781 0.522515
vt 0.876022 0.504554
vt 0.883678 0.510323
vt 0.887594 0.492778
vt 0.893496 0.500333
vt 0.901819 0.484399
vt 0.905565 0.493224
vt 0.917729 0.479987
vt 0.919063 0.489480
vt 0.934237 0.479843
vt 0.933069 0.489358
vt 0.950221 0.483976
vt 0.850242 0.243720
vt 0.946629 0.492865
vt 0.868405 0.821633
vt 0.964590 0.492106
vt 0.958821 0.499762
vt 0.874549 0.243720
vt 0.850242 0.227300
vt 0.874549 0.227300
vt 0.850242 0.210880
vt 0.874549 0.210880
vt 0.850242 0.194460
vt 0.874549 0.194460
vt 0.850242 0.178040
vt 0.874549 0.178040
vt 0.850242 0.161619
vt 0.874549 0.161619
vt 0.850242 0.145199
vt 0.874549 0.145199
vt 0.850242 0.128779
vt 0.874549 0.128779
vt 0.850242 0.112359
vt 0.874549 0.112359
vt 0.850242 0.095939
vt 0.874549 0.095939
vt 0.850242 0.079518
vt 0.874549 0.079518
vt 0.850242 0.063098
vt 0.874549 0.063098
vt 0.848604 0.424342
vt 0.848604 0.407922
vt 0.848604 0.391502
vt 0.848604 0.375082
vt 0.848604 0.358661
vt 0.848604 0.342241
vt 0.848604 0.325821
vt 0.848604 0.309401
vt 0.848604 0.292981
vt 0.848604 0.276560
vt 0.848604 0.260140
vt 0.848604 0.243720
vt 0.848604 0.227300
vt 0.848604 0.210880
vt 0.848604 0.194460
vt 0.848604 0.178040
vt 0.848604 0.161619
vt 0.848604 0.145199
vt 0.848604 0.128779
vt 0.848604 0.112359
vt 0.848604 0.095939
vt 0.848604 0.079518
vt 0.848604 0.063098
vt 0.876188 0.424342
vt 0.876188 0.046678
vt 0.876188 0.407922
vt 0.876188 0.391502
vt 0.876188 0.375082
vt 0.876188 0.358661
vt 0.876188 0.342241
vt 0.876188 0.325821
vt 0.876188 0.309401
vt 0.876188 0.292981
vt 0.876188 0.276560
vt 0.876188 0.260140
vt 0.876188 0.243720
vt 0.876188 0.227300
vt 0.876188 0.210880
vt 0.876188 0.194460
vt 0.876188 0.178040
vt 0.876188 0.161619
vt 0.876188 0.145199
vt 0.876188 0.128779
vt 0.876188 0.112359
vt 0.876188 0.095939
vt 0.876188 0.079518
vt 0.876188 0.063098
vt 0.942253 0.541687
vt 0.949295 0.540225
vt 0.944424 0.543896
vt 0.951604 0.544306
vt 0.945949 0.546591
vt 0.952778 0.548846
vt 0.946724 0.549589
vt 0.952737 0.553535
vt 0.946697 0.552686
vt 0.951484 0.558053
vt 0.945870 0.555670
vt 0.949104 0.562093
vt 0.944298 0.558338
vt 0.945760 0.565380
vt 0.942089 0.560509
vt 0.941679 0.567689
vt 0.939394 0.562034
vt 0.937139 0.568863
vt 0.936395 0.562809
vt 0.863905 0.805409
vt 0.927773 0.796433
vt 0.876950 0.836140
vt 0.888958 0.847941
vt 0.903613 0.856232
vt 0.919913 0.860447
vt 0.936748 0.860301
vt 0.952972 0.855801
vt 0.967480 0.847256
vt 0.979281 0.835247
vt 0.987571 0.820593
vt 0.991787 0.804293
vt 0.991639 0.787458
vt 0.987141 0.771234
vt 0.978596 0.756726
vt 0.966587 0.744925
vt 0.951933 0.736635
vt 0.935632 0.732419
vt 0.918797 0.732566
vt 0.902573 0.737065
vt 0.888066 0.745610
vt 0.876265 0.757619
vt 0.867974 0.772273
vt 0.863759 0.788573
vt 0.976366 0.503678
vt 0.968812 0.509580
vt 0.984745 0.517904
vt 0.975921 0.521649
vt 0.989157 0.533813
vt 0.979664 0.535147
vt 0.989301 0.550322
vt 0.979786 0.549154
vt 0.985168 0.566305
vt 0.976279 0.562715
vt 0.977038 0.580675
vt 0.969382 0.574905
vt 0.850242 0.030258
vt 0.874549 0.030258
vt 0.848604 0.046678
vt 0.848604 0.030258
vt 0.850242 0.030258
vt 0.848604 0.046678
vt 0.874549 0.030258
vt 0.876188 0.030258
vt 0.030258 0.540461
vt 0.030258 0.550239
vt 0.407176 0.560668
vt 0.738851 0.977820
vt 0.747870 0.882357
vt 0.748298 0.874044
vt 0.230004 0.787138
vt 0.229990 0.778467
vt 0.229947 0.796057
vt 0.229903 0.805178
vt 0.229844 0.814428
vt 0.229815 0.823708
vt 0.229804 0.833000
vt 0.229802 0.842290
vt 0.229802 0.851585
vt 0.229803 0.860866
vt 0.229807 0.870124
vt 0.229813 0.879339
vt 0.229824 0.888475
vt 0.229836 0.897476
vt 0.229849 0.906260
vt 0.229854 0.914692
vt 0.229841 0.922632
vt 0.229806 0.929920
vt 0.229774 0.936327
vt 0.229896 0.743149
vt 0.229748 0.748445
vt 0.229778 0.754907
vt 0.229814 0.762225
vt 0.229905 0.770135
vt 0.229910 0.941598
vt 0.922402 0.957465
vt 0.922264 0.957337
vt 0.912019 0.957446
vt 0.911880 0.957317
vt 0.901608 0.957429
vt 0.901454 0.957429
vt 0.891164 0.957290
vt 0.891025 0.957417
vt 0.880729 0.957283
vt 0.880589 0.957410
vt 0.870288 0.957279
vt 0.870163 0.957279
vt 0.859850 0.957406
vt 0.859710 0.957278
vt 0.818097 0.957301
vt 0.817957 0.957430
vt 0.807689 0.957319
vt 0.807564 0.957320
vt 0.797323 0.957465
vt 0.797185 0.957338
vt 0.786974 0.957471
vt 0.786835 0.957343
vt 0.776613 0.957420
vt 0.776464 0.957419
vt 0.766192 0.957223
vt 0.766064 0.957350
vt 0.735001 0.961474
vt 0.986039 0.954831
vt 0.932562 0.926081
vt 0.942682 0.926026
vt 0.932409 0.926080
vt 0.922259 0.925928
vt 0.922102 0.926012
vt 0.911931 0.925886
vt 0.922336 0.937364
vt 0.922196 0.937443
vt 0.911967 0.937340
vt 0.911773 0.925971
vt 0.901561 0.925854
vt 0.911826 0.937420
vt 0.901575 0.937319
vt 0.901397 0.925853
vt 0.891154 0.925915
vt 0.901430 0.937319
vt 0.891158 0.937386
vt 0.890995 0.925830
vt 0.880732 0.925901
vt 0.891016 0.937305
vt 0.880729 0.937376
vt 0.880573 0.925815
vt 0.880587 0.937295
vt 0.807730 0.937405
vt 0.797435 0.925885
vt 0.807592 0.937405
vt 0.797358 0.937350
vt 0.797276 0.925971
vt 0.787144 0.925952
vt 0.797217 0.937431
vt 0.787000 0.937392
vt 0.786985 0.926038
vt 0.776887 0.926092
vt 0.786858 0.937473
vt 0.776609 0.937465
vt 0.776726 0.926093
vt 0.766626 0.926188
vt 0.776466 0.937467
vt 0.766118 0.937531
vt 0.766471 0.926103
vt 0.756293 0.926055
vt 0.765979 0.937450
vt 0.755422 0.937413
vt 0.756137 0.925965
vt 0.745739 0.925471
vt 0.755283 0.937328
vt 0.744336 0.937070
vt 0.745572 0.925463
vt 0.734046 0.928119
vt 0.734868 0.923775
vt 0.744185 0.937063
vt 0.732577 0.940318
vt 0.984675 0.923824
vt 0.973943 0.925333
vt 0.986140 0.931945
vt 0.973787 0.925435
vt 0.963387 0.925926
vt 0.963223 0.925932
vt 0.953080 0.926165
vt 0.952917 0.926081
vt 0.942842 0.926111
vt 0.136539 0.648820
vt 0.120652 0.648488
vt 0.136690 0.648747
vt 0.152158 0.649000
vt 0.120499 0.648487
vt 0.104202 0.648424
vt 0.120340 0.632734
vt 0.136299 0.632881
vt 0.120169 0.632733
vt 0.136467 0.632795
vt 0.152007 0.632950
vt 0.152306 0.648926
vt 0.167491 0.649122
vt 0.152172 0.632863
vt 0.167396 0.633009
vt 0.167641 0.649123
vt 0.182614 0.649124
vt 0.167563 0.633010
vt 0.182552 0.632950
vt 0.182758 0.649201
vt 0.182713 0.633040
vt 0.197536 0.632976
vt 0.197696 0.633066
vt 0.317962 0.648828
vt 0.318179 0.632891
vt 0.318115 0.648752
vt 0.334001 0.648567
vt 0.318350 0.632802
vt 0.334314 0.632829
vt 0.334159 0.648492
vt 0.350455 0.648423
vt 0.334491 0.632741
vt 0.351015 0.632758
vt 0.350620 0.648424
vt 0.367361 0.648577
vt 0.351197 0.632758
vt 0.368346 0.632898
vt 0.367523 0.648655
vt 0.384804 0.649323
vt 0.368527 0.632989
vt 0.386317 0.633299
vt 0.384969 0.649408
vt 0.402695 0.651095
vt 0.386500 0.633399
vt 0.404970 0.634008
vt 0.402872 0.651104
vt 0.421758 0.650027
vt 0.420814 0.654768
vt 0.405168 0.634018
vt 0.424353 0.630541
vt 0.033846 0.654743
vt 0.051813 0.651241
vt 0.031115 0.640087
vt 0.051979 0.651140
vt 0.069705 0.649447
vt 0.069879 0.649435
vt 0.087140 0.648599
vt 0.087311 0.648669
vt 0.104038 0.648352
vt 0.151911 0.594588
vt 0.152162 0.594824
vt 0.167280 0.594530
vt 0.167558 0.594528
vt 0.182468 0.594732
vt 0.182712 0.594493
vt 0.197468 0.594718
vt 0.197711 0.594479
vt 0.212365 0.594714
vt 0.212576 0.594714
vt 0.227179 0.594476
vt 0.227420 0.594715
vt 0.271943 0.594736
vt 0.272188 0.594498
vt 0.287097 0.594766
vt 0.287344 0.594529
vt 0.302463 0.594833
vt 0.302684 0.594835
vt 0.318066 0.594728
vt 0.318323 0.594970
vt 0.334091 0.594984
vt 0.334356 0.595226
vt 0.350496 0.595251
vt 0.350781 0.595255
vt 0.367283 0.595642
vt 0.367519 0.595404
vt 0.418050 0.586678
vt 0.034035 0.595212
vt 0.136232 0.613654
vt 0.136407 0.613759
vt 0.151945 0.613615
vt 0.152116 0.613721
vt 0.167342 0.613608
vt 0.167516 0.613608
vt 0.182511 0.613705
vt 0.182677 0.613597
vt 0.197509 0.613707
vt 0.197673 0.613599
vt 0.302520 0.613727
vt 0.302685 0.613727
vt 0.318228 0.613666
vt 0.318404 0.613774
vt 0.334360 0.613755
vt 0.334541 0.613863
vt 0.351049 0.613916
vt 0.351238 0.613919
vt 0.368348 0.614186
vt 0.368532 0.614080
vt 0.386247 0.614216
vt 0.386431 0.614103
vt 0.404814 0.613769
vt 0.405015 0.613758
vt 0.423203 0.607783
vt 0.030459 0.617097
vt 0.137324 0.683889
vt 0.122152 0.683440
vt 0.137395 0.683851
vt 0.152580 0.684207
vt 0.122085 0.683439
vt 0.106980 0.683265
vt 0.137049 0.664937
vt 0.152365 0.665287
vt 0.136924 0.665020
vt 0.121351 0.664514
vt 0.121233 0.664512
vt 0.105411 0.664469
vt 0.152651 0.684169
vt 0.167718 0.684427
vt 0.152490 0.665203
vt 0.167604 0.665463
vt 0.167795 0.684428
vt 0.182737 0.684535
vt 0.167741 0.665465
vt 0.182683 0.665499
vt 0.182807 0.684575
vt 0.182807 0.665587
vt 0.197616 0.665574
vt 0.197739 0.665661
vt 0.317601 0.665032
vt 0.317731 0.664943
vt 0.333300 0.664609
vt 0.347691 0.683262
vt 0.333432 0.664520
vt 0.349261 0.664469
vt 0.347768 0.683262
vt 0.362795 0.683325
vt 0.349399 0.664469
vt 0.365491 0.664560
vt 0.362861 0.683367
vt 0.377595 0.684218
vt 0.365606 0.664650
vt 0.381913 0.665504
vt 0.377656 0.684265
vt 0.391804 0.686631
vt 0.382019 0.665603
vt 0.398343 0.667927
vt 0.391872 0.686646
vt 0.406821 0.687797
vt 0.404853 0.691587
vt 0.398464 0.667955
vt 0.414282 0.672988
vt 0.049806 0.691580
vt 0.062821 0.686716
vt 0.042235 0.676777
vt 0.040354 0.672946
vt 0.056245 0.668079
vt 0.062875 0.686659
vt 0.077022 0.684290
vt 0.056335 0.667962
vt 0.072659 0.665634
vt 0.077097 0.684282
vt 0.091814 0.683344
vt 0.072791 0.665619
vt 0.089065 0.664584
vt 0.091893 0.683381
vt 0.106904 0.683226
vt 0.089207 0.664666
vt 0.105274 0.664383
vt 0.922392 0.947746
vt 0.922223 0.947665
vt 0.912010 0.947732
vt 0.911840 0.947650
vt 0.901606 0.947718
vt 0.901431 0.947718
vt 0.891179 0.947625
vt 0.891009 0.947706
vt 0.880746 0.947619
vt 0.880576 0.947700
vt 0.870307 0.947615
vt 0.870141 0.947615
vt 0.797341 0.947744
vt 0.797172 0.947663
vt 0.786964 0.947756
vt 0.786794 0.947675
vt 0.776547 0.947753
vt 0.776373 0.947752
vt 0.766024 0.947623
vt 0.765854 0.947702
vt 0.755289 0.947511
vt 0.755118 0.947591
vt 0.732981 0.951432
vt 0.987040 0.943830
vt 0.921975 0.912943
vt 0.912501 0.912888
vt 0.922138 0.912944
vt 0.931497 0.913006
vt 0.932889 0.913011
vt 0.942116 0.913019
vt 0.911709 0.912883
vt 0.902167 0.912834
vt 0.900735 0.912828
vt 0.891149 0.912792
vt 0.890346 0.912791
vt 0.787330 0.912927
vt 0.786556 0.912936
vt 0.777302 0.913049
vt 0.777144 0.913050
vt 0.768055 0.913079
vt 0.767297 0.913080
vt 0.758330 0.912965
vt 0.757582 0.912951
vt 0.748696 0.912388
vt 0.747366 0.912215
vt 0.738487 0.910470
vt 0.979771 0.906516
vt 0.980427 0.910516
vt 0.971536 0.912273
vt 0.971382 0.912292
vt 0.962466 0.912844
vt 0.961125 0.912895
vt 0.952138 0.913016
vt 0.951379 0.913017
vt 0.942274 0.913019
vt 0.922364 0.974621
vt 0.932674 0.960632
vt 0.911971 0.974579
vt 0.922333 0.960613
vt 0.901549 0.974555
vt 0.911948 0.960589
vt 0.901534 0.960571
vt 0.891115 0.974538
vt 0.891105 0.960559
vt 0.880673 0.974529
vt 0.880668 0.960551
vt 0.870229 0.974525
vt 0.859773 0.974524
vt 0.870226 0.960548
vt 0.849339 0.974526
vt 0.859773 0.960547
vt 0.838894 0.974531
vt 0.849340 0.960548
vt 0.838898 0.960552
vt 0.828451 0.974539
vt 0.828460 0.960559
vt 0.818015 0.974556
vt 0.818031 0.960572
vt 0.807597 0.974587
vt 0.797222 0.974630
vt 0.807621 0.960592
vt 0.786914 0.974669
vt 0.797242 0.960615
vt 0.776752 0.974673
vt 0.786900 0.960627
vt 0.776577 0.960585
vt 0.766801 0.974655
vt 0.766257 0.960526
vt 0.757131 0.974527
vt 0.755924 0.960401
vt 0.747870 0.974336
vt 0.738954 0.974610
vt 0.745515 0.960416
vt 0.971725 0.974340
vt 0.984568 0.961458
vt 0.962484 0.974549
vt 0.974054 0.960410
vt 0.963658 0.960392
vt 0.952865 0.974612
vt 0.953302 0.960498
vt 0.942899 0.974692
vt 0.942971 0.960617
vt 0.932687 0.974671
vt 0.932530 0.929976
vt 0.922235 0.933455
vt 0.922208 0.929923
vt 0.911879 0.933425
vt 0.911866 0.929888
vt 0.901495 0.933401
vt 0.891084 0.933383
vt 0.901487 0.929860
vt 0.880658 0.933372
vt 0.891081 0.929839
vt 0.870223 0.933367
vt 0.880657 0.929827
vt 0.870222 0.929821
vt 0.859773 0.933366
vt 0.859773 0.929820
vt 0.849344 0.933367
vt 0.849345 0.929820
vt 0.838908 0.933370
vt 0.828479 0.933375
vt 0.838909 0.929823
vt 0.818064 0.933385
vt 0.828482 0.929829
vt 0.807672 0.933402
vt 0.818069 0.929840
vt 0.807682 0.929859
vt 0.797309 0.933432
vt 0.797330 0.929892
vt 0.786974 0.933483
vt 0.787016 0.929950
vt 0.776629 0.933579
vt 0.766223 0.933573
vt 0.776712 0.930067
vt 0.755652 0.933449
vt 0.766377 0.930069
vt 0.744749 0.933021
vt 0.755919 0.929940
vt 0.745180 0.929437
vt 0.733395 0.931969
vt 0.985486 0.928089
vt 0.974785 0.932999
vt 0.974350 0.929409
vt 0.963886 0.933440
vt 0.953314 0.933563
vt 0.963613 0.929917
vt 0.942909 0.933522
vt 0.953165 0.930053
vt 0.932571 0.933495
vt 0.942840 0.930005
vt 0.120500 0.644705
vt 0.136442 0.636706
vt 0.136561 0.644916
vt 0.152127 0.636801
vt 0.152200 0.645069
vt 0.167501 0.636875
vt 0.182644 0.636916
vt 0.167546 0.645176
vt 0.197622 0.636949
vt 0.182671 0.645241
vt 0.212495 0.636968
vt 0.197637 0.645287
vt 0.212501 0.645313
vt 0.227317 0.636975
vt 0.227318 0.645321
vt 0.242141 0.636969
vt 0.242136 0.645312
vt 0.257019 0.636950
vt 0.272002 0.636918
vt 0.257006 0.645284
vt 0.287147 0.636870
vt 0.271979 0.645240
vt 0.302521 0.636804
vt 0.287107 0.645171
vt 0.302452 0.645070
vt 0.318210 0.636713
vt 0.318094 0.644923
vt 0.334325 0.636603
vt 0.334159 0.644711
vt 0.350968 0.636515
vt 0.368193 0.636743
vt 0.350675 0.644585
vt 0.386037 0.637230
vt 0.367680 0.644814
vt 0.404507 0.638201
vt 0.385253 0.645477
vt 0.403331 0.646995
vt 0.423553 0.640020
vt 0.032916 0.650085
vt 0.050159 0.638254
vt 0.051341 0.647044
vt 0.068617 0.637266
vt 0.086453 0.636764
vt 0.069414 0.645515
vt 0.103687 0.636529
vt 0.086978 0.644833
vt 0.120335 0.636596
vt 0.103981 0.644590
vt 0.136574 0.568856
vt 0.120471 0.591269
vt 0.152102 0.568694
vt 0.136439 0.591021
vt 0.167427 0.568611
vt 0.152060 0.590893
vt 0.167421 0.590832
vt 0.182568 0.568566
vt 0.182575 0.590795
vt 0.197566 0.568547
vt 0.197574 0.590780
vt 0.212465 0.568541
vt 0.227314 0.568541
vt 0.212470 0.590776
vt 0.242161 0.568544
vt 0.227314 0.590777
vt 0.257056 0.568553
vt 0.242158 0.590780
vt 0.257053 0.590788
vt 0.272049 0.568571
vt 0.272050 0.590799
vt 0.287190 0.568614
vt 0.287203 0.590832
vt 0.302514 0.568705
vt 0.318033 0.568880
vt 0.302564 0.590903
vt 0.333652 0.569199
vt 0.318183 0.591043
vt 0.349302 0.569467
vt 0.334151 0.591309
vt 0.350448 0.591575
vt 0.364906 0.569660
vt 0.367027 0.591733
vt 0.380258 0.569507
vt 0.383900 0.591536
vt 0.395122 0.568371
vt 0.409053 0.564796
vt 0.400993 0.590300
vt 0.059446 0.568446
vt 0.036556 0.586780
vt 0.074303 0.569571
vt 0.053619 0.590380
vt 0.070716 0.591604
vt 0.089631 0.569709
vt 0.087566 0.591823
vt 0.105241 0.569441
vt 0.104148 0.591517
vt 0.120931 0.569158
vt 0.136396 0.598889
vt 0.120241 0.609966
vt 0.152049 0.598785
vt 0.136342 0.609852
vt 0.167422 0.598739
vt 0.152038 0.609797
vt 0.167428 0.609781
vt 0.182579 0.598708
vt 0.182589 0.609765
vt 0.197578 0.598697
vt 0.197586 0.609764
vt 0.212472 0.598696
vt 0.227315 0.598697
vt 0.212477 0.609767
vt 0.242157 0.598699
vt 0.227315 0.609769
vt 0.257050 0.598705
vt 0.242154 0.609770
vt 0.257045 0.609771
vt 0.272048 0.598713
vt 0.272042 0.609770
vt 0.287205 0.598737
vt 0.287204 0.609777
vt 0.302579 0.598794
vt 0.318232 0.598909
vt 0.302595 0.609804
vt 0.334284 0.599130
vt 0.318295 0.609869
vt 0.350755 0.599375
vt 0.334408 0.609992
vt 0.351043 0.610175
vt 0.367620 0.599529
vt 0.368225 0.610336
vt 0.384922 0.599374
vt 0.385969 0.610317
vt 0.402637 0.598288
vt 0.420585 0.595111
vt 0.404315 0.609700
vt 0.051990 0.598366
vt 0.031437 0.607877
vt 0.069714 0.599437
vt 0.050331 0.609771
vt 0.068696 0.610366
vt 0.087012 0.599622
vt 0.086488 0.610420
vt 0.103877 0.599317
vt 0.103660 0.610134
vt 0.120351 0.599095
vt 0.121952 0.679617
vt 0.137067 0.668808
vt 0.137287 0.680030
vt 0.152471 0.669085
vt 0.152581 0.680338
vt 0.167689 0.669269
vt 0.182745 0.669396
vt 0.167739 0.680548
vt 0.197673 0.669474
vt 0.182763 0.680691
vt 0.212516 0.669513
vt 0.197678 0.680775
vt 0.212518 0.680818
vt 0.227318 0.669524
vt 0.227318 0.680829
vt 0.242121 0.669507
vt 0.242119 0.680811
vt 0.256968 0.669458
vt 0.271904 0.669383
vt 0.256956 0.680757
vt 0.286970 0.669262
vt 0.271874 0.680670
vt 0.302196 0.669088
vt 0.286919 0.680529
vt 0.302098 0.680342
vt 0.317598 0.668821
vt 0.317381 0.680056
vt 0.333203 0.668396
vt 0.332710 0.679628
vt 0.349009 0.668239
vt 0.364994 0.668402
vt 0.348057 0.679417
vt 0.381085 0.669338
vt 0.363379 0.679535
vt 0.397060 0.671765
vt 0.378507 0.680440
vt 0.393165 0.682859
vt 0.412444 0.676740
vt 0.047858 0.687829
vt 0.057618 0.671798
vt 0.061514 0.682889
vt 0.073594 0.669367
vt 0.089684 0.668422
vt 0.076172 0.680466
vt 0.105663 0.668240
vt 0.091299 0.679553
vt 0.121461 0.668387
vt 0.106614 0.679419
vt 0.922319 0.954077
vt 0.932671 0.950953
vt 0.911936 0.954060
vt 0.922312 0.950943
vt 0.901527 0.954044
vt 0.911930 0.950926
vt 0.901523 0.950912
vt 0.891100 0.954033
vt 0.891099 0.950900
vt 0.880665 0.954026
vt 0.880664 0.950894
vt 0.870225 0.954022
vt 0.859773 0.954021
vt 0.870225 0.950890
vt 0.849341 0.954023
vt 0.859773 0.950889
vt 0.838900 0.954026
vt 0.849342 0.950891
vt 0.838901 0.950894
vt 0.828465 0.954033
vt 0.828467 0.950900
vt 0.818039 0.954043
vt 0.818042 0.950910
vt 0.807631 0.954060
vt 0.797249 0.954077
vt 0.807636 0.950925
vt 0.786890 0.954085
vt 0.797252 0.950942
vt 0.776510 0.954049
vt 0.786884 0.950952
vt 0.776485 0.950931
vt 0.766066 0.953987
vt 0.766005 0.950876
vt 0.755494 0.953867
vt 0.755352 0.950759
vt 0.744661 0.953888
vt 0.733518 0.954849
vt 0.744369 0.950741
vt 0.974894 0.953880
vt 0.986570 0.951415
vt 0.964056 0.953855
vt 0.975178 0.950732
vt 0.964175 0.950753
vt 0.953451 0.953968
vt 0.953496 0.950862
vt 0.943012 0.954070
vt 0.943034 0.950938
vt 0.932671 0.954088
vt 0.922001 0.908852
vt 0.931393 0.883267
vt 0.921655 0.883251
vt 0.911771 0.908792
vt 0.911640 0.883192
vt 0.901447 0.908737
vt 0.891064 0.908697
vt 0.901411 0.883132
vt 0.880650 0.908675
vt 0.891056 0.883078
vt 0.880648 0.883051
vt 0.870220 0.908666
vt 0.870219 0.883041
vt 0.859773 0.908664
vt 0.849348 0.908664
vt 0.859773 0.883038
vt 0.849354 0.883038
vt 0.838917 0.908667
vt 0.838932 0.883041
vt 0.828501 0.908675
vt 0.818109 0.908688
vt 0.828533 0.883047
vt 0.818180 0.883059
vt 0.807763 0.908713
vt 0.797492 0.908755
vt 0.807912 0.883079
vt 0.797787 0.883112
vt 0.787339 0.908825
vt 0.787901 0.883161
vt 0.777382 0.908939
vt 0.767651 0.908971
vt 0.778380 0.883224
vt 0.769381 0.883256
vt 0.758133 0.908858
vt 0.761100 0.883217
vt 0.748826 0.908301
vt 0.739714 0.906582
vt 0.753799 0.882999
vt 0.970643 0.908246
vt 0.971501 0.882321
vt 0.965540 0.882961
vt 0.961295 0.908791
vt 0.958144 0.883171
vt 0.951747 0.908908
vt 0.949783 0.883205
vt 0.942003 0.908915
vt 0.932087 0.908912
vt 0.940800 0.883238
vt 0.122528 0.704926
vt 0.137378 0.687733
vt 0.137447 0.705287
vt 0.152605 0.688053
vt 0.152540 0.705618
vt 0.167737 0.688276
vt 0.167648 0.705855
vt 0.182753 0.688424
vt 0.197670 0.688512
vt 0.182682 0.706009
vt 0.212513 0.688556
vt 0.197625 0.706100
vt 0.212493 0.706145
vt 0.227319 0.688568
vt 0.242123 0.688548
vt 0.227321 0.706157
vt 0.256962 0.688494
vt 0.242147 0.706137
vt 0.257008 0.706082
vt 0.271876 0.688400
vt 0.286904 0.688250
vt 0.271932 0.705981
vt 0.302052 0.688058
vt 0.286916 0.705820
vt 0.301998 0.705624
vt 0.317280 0.687765
vt 0.332468 0.687343
vt 0.317156 0.705327
vt 0.332138 0.704940
vt 0.347541 0.687106
vt 0.346679 0.704668
vt 0.362408 0.687197
vt 0.376836 0.688052
vt 0.360513 0.704707
vt 0.390516 0.690361
vt 0.373256 0.705382
vt 0.394122 0.710882
vt 0.384536 0.707202
vt 0.402953 0.695063
vt 0.060556 0.710909
vt 0.051726 0.695092
vt 0.064163 0.690389
vt 0.070143 0.707228
vt 0.077843 0.688077
vt 0.081425 0.705404
vt 0.092270 0.687214
vt 0.107131 0.687109
vt 0.094170 0.704722
vt 0.122194 0.687331
vt 0.108001 0.704671
vt 0.136336 0.617666
vt 0.120245 0.628855
vt 0.152046 0.617650
vt 0.136372 0.628887
vt 0.167440 0.617658
vt 0.152080 0.628934
vt 0.167469 0.628979
vt 0.182600 0.617655
vt 0.182623 0.629000
vt 0.197594 0.617662
vt 0.197609 0.629021
vt 0.212481 0.617670
vt 0.227316 0.617673
vt 0.212489 0.629035
vt 0.242151 0.617672
vt 0.227317 0.629041
vt 0.257039 0.617669
vt 0.242146 0.629037
vt 0.257029 0.629025
vt 0.272035 0.617660
vt 0.272019 0.629003
vt 0.287196 0.617652
vt 0.287174 0.628973
vt 0.302592 0.617655
vt 0.318307 0.617680
vt 0.302564 0.628937
vt 0.334442 0.617737
vt 0.318276 0.628897
vt 0.351138 0.617851
vt 0.334414 0.628866
vt 0.351115 0.628843
vt 0.368439 0.618027
vt 0.368437 0.629058
vt 0.386356 0.618134
vt 0.386396 0.629384
vt 0.404945 0.617922
vt 0.424192 0.617010
vt 0.405036 0.629856
vt 0.049710 0.617988
vt 0.030310 0.630617
vt 0.068314 0.618176
vt 0.049625 0.629914
vt 0.068257 0.629421
vt 0.086281 0.618096
vt 0.086223 0.629091
vt 0.103576 0.617828
vt 0.103554 0.628851
vt 0.120213 0.617717
vt 0.121120 0.660663
vt 0.136708 0.652719
vt 0.136901 0.661047
vt 0.152283 0.652920
vt 0.152385 0.661292
vt 0.167592 0.653055
vt 0.182698 0.653143
vt 0.167647 0.661455
vt 0.197651 0.653201
vt 0.182726 0.661566
vt 0.212508 0.653232
vt 0.197665 0.661635
vt 0.212513 0.661672
vt 0.227318 0.653241
vt 0.227318 0.661681
vt 0.242130 0.653229
vt 0.242125 0.661667
vt 0.256994 0.653193
vt 0.271955 0.653138
vt 0.256979 0.661622
vt 0.287063 0.653051
vt 0.271927 0.661557
vt 0.302373 0.652921
vt 0.287012 0.661452
vt 0.302275 0.661294
vt 0.317950 0.652726
vt 0.317761 0.661055
vt 0.333909 0.652425
vt 0.333544 0.660670
vt 0.350246 0.652283
vt 0.366981 0.652500
vt 0.349627 0.660531
vt 0.384178 0.653296
vt 0.366007 0.660721
vt 0.401715 0.655232
vt 0.382676 0.661620
vt 0.415958 0.668548
vt 0.399458 0.663892
vt 0.419327 0.659174
vt 0.038721 0.668590
vt 0.035350 0.659224
vt 0.052960 0.655275
vt 0.055219 0.663930
vt 0.070497 0.653333
vt 0.087687 0.652519
vt 0.072002 0.661652
vt 0.104415 0.652284
vt 0.088668 0.660741
vt 0.120751 0.652420
vt 0.105042 0.660531
vt 0.932636 0.941005
vt 0.922291 0.944111
vt 0.922279 0.940986
vt 0.911913 0.944093
vt 0.911905 0.940966
vt 0.901513 0.944077
vt 0.891094 0.944065
vt 0.901508 0.940948
vt 0.880662 0.944058
vt 0.891091 0.940935
vt 0.870224 0.944054
vt 0.880661 0.940926
vt 0.870223 0.940922
vt 0.859773 0.944053
vt 0.859773 0.940921
vt 0.849343 0.944054
vt 0.849343 0.940922
vt 0.838904 0.944057
vt 0.828471 0.944063
vt 0.838905 0.940925
vt 0.818051 0.944072
vt 0.828474 0.940931
vt 0.807647 0.944086
vt 0.818054 0.940940
vt 0.807654 0.940955
vt 0.797265 0.944106
vt 0.797275 0.940977
vt 0.786894 0.944128
vt 0.786910 0.941009
vt 0.776486 0.944151
vt 0.765978 0.944114
vt 0.776509 0.941056
vt 0.755255 0.943999
vt 0.766011 0.941029
vt 0.744133 0.943841
vt 0.755300 0.940912
vt 0.744194 0.940666
vt 0.732503 0.943846
vt 0.986965 0.940301
vt 0.975406 0.943830
vt 0.975345 0.940654
vt 0.964263 0.944001
vt 0.953521 0.944108
vt 0.964231 0.940916
vt 0.943032 0.944128
vt 0.953502 0.941024
vt 0.932652 0.944126
vt 0.943011 0.941018
vt 0.932298 0.917555
vt 0.922136 0.921389
vt 0.922099 0.917488
vt 0.911829 0.921341
vt 0.911812 0.917434
vt 0.901470 0.921301
vt 0.891073 0.921272
vt 0.901462 0.917388
vt 0.880654 0.921255
vt 0.891070 0.917355
vt 0.870221 0.921248
vt 0.880652 0.917336
vt 0.870221 0.917328
vt 0.859773 0.921246
vt 0.859773 0.917326
vt 0.849346 0.921247
vt 0.849346 0.917327
vt 0.838912 0.921250
vt 0.828488 0.921257
vt 0.838914 0.917330
vt 0.818083 0.921269
vt 0.828492 0.917337
vt 0.807710 0.921291
vt 0.818090 0.917350
vt 0.807723 0.917373
vt 0.797385 0.921330
vt 0.797413 0.917414
vt 0.787128 0.921399
vt 0.787184 0.917486
vt 0.776952 0.921533
vt 0.766840 0.921551
vt 0.777077 0.917614
vt 0.756723 0.921420
vt 0.767086 0.917639
vt 0.746494 0.920825
vt 0.757155 0.917510
vt 0.737141 0.915112
vt 0.747204 0.916908
vt 0.736051 0.919110
vt 0.982371 0.915053
vt 0.983468 0.919062
vt 0.973019 0.920781
vt 0.972298 0.916858
vt 0.962778 0.921370
vt 0.952670 0.921514
vt 0.962325 0.917451
vt 0.942565 0.921479
vt 0.952389 0.917589
vt 0.932384 0.921457
vt 0.942394 0.917571
vt 0.188261 0.778235
vt 0.188185 0.786881
vt 0.188261 0.778080
vt 0.188266 0.787046
vt 0.188136 0.795911
vt 0.188217 0.796080
vt 0.188092 0.805088
vt 0.188091 0.805267
vt 0.188139 0.814344
vt 0.188057 0.814517
vt 0.188120 0.823625
vt 0.188038 0.823798
vt 0.188054 0.897396
vt 0.188136 0.897563
vt 0.188077 0.906240
vt 0.188159 0.906403
vt 0.188115 0.914867
vt 0.188116 0.915031
vt 0.188215 0.923244
vt 0.188134 0.923394
vt 0.188183 0.931341
vt 0.188100 0.931482
vt 0.188002 0.939199
vt 0.187996 0.939338
vt 0.190730 0.946997
vt 0.184660 0.738123
vt 0.191243 0.778072
vt 0.191250 0.786901
vt 0.191194 0.795959
vt 0.191142 0.805155
vt 0.191099 0.814417
vt 0.191077 0.823704
vt 0.191068 0.832998
vt 0.191065 0.842290
vt 0.191065 0.851583
vt 0.191066 0.860863
vt 0.191068 0.870119
vt 0.191071 0.879332
vt 0.191077 0.888469
vt 0.191087 0.897487
vt 0.191103 0.906333
vt 0.191125 0.914962
vt 0.191133 0.923334
vt 0.191103 0.931438
vt 0.190989 0.939312
vt 0.195577 0.947109
vt 0.190738 0.737586
vt 0.190987 0.745262
vt 0.191093 0.753113
vt 0.191125 0.761180
vt 0.191122 0.769501
vt 0.202832 0.786771
vt 0.202836 0.795731
vt 0.202899 0.786600
vt 0.202768 0.795905
vt 0.202766 0.804993
vt 0.202764 0.805172
vt 0.202626 0.814299
vt 0.202692 0.814474
vt 0.202595 0.823605
vt 0.202661 0.823781
vt 0.202585 0.832908
vt 0.202585 0.833081
vt 0.202648 0.842200
vt 0.202581 0.842376
vt 0.202647 0.851494
vt 0.202581 0.851669
vt 0.202649 0.860774
vt 0.202649 0.860952
vt 0.202584 0.870034
vt 0.202651 0.870208
vt 0.202586 0.879247
vt 0.202653 0.879420
vt 0.202590 0.888384
vt 0.202590 0.888552
vt 0.202657 0.897397
vt 0.202591 0.897566
vt 0.202649 0.906235
vt 0.202583 0.906401
vt 0.202619 0.914837
vt 0.202618 0.915000
vt 0.202525 0.923152
vt 0.202590 0.923306
vt 0.206447 0.945866
vt 0.200345 0.737900
vt 0.200185 0.786731
vt 0.195718 0.777947
vt 0.200119 0.795850
vt 0.195726 0.786805
vt 0.200052 0.805098
vt 0.195659 0.795900
vt 0.195595 0.805122
vt 0.199985 0.814391
vt 0.195540 0.814401
vt 0.199956 0.823694
vt 0.195513 0.823698
vt 0.199946 0.832995
vt 0.199943 0.842290
vt 0.195503 0.832996
vt 0.199942 0.851583
vt 0.195500 0.842290
vt 0.199944 0.860863
vt 0.195500 0.851583
vt 0.195501 0.860863
vt 0.199945 0.870120
vt 0.195503 0.870119
vt 0.199948 0.879332
vt 0.195506 0.879333
vt 0.199951 0.888469
vt 0.199954 0.897487
vt 0.195510 0.888471
vt 0.199951 0.906329
vt 0.195516 0.897491
vt 0.199931 0.914941
vt 0.195520 0.906343
vt 0.195518 0.914977
vt 0.199911 0.923277
vt 0.195510 0.923356
vt 0.199887 0.931318
vt 0.195484 0.931474
vt 0.199948 0.939098
vt 0.200340 0.946684
vt 0.195471 0.939376
vt 0.199935 0.745466
vt 0.195580 0.737471
vt 0.199849 0.753190
vt 0.195461 0.745190
vt 0.195456 0.753062
vt 0.199891 0.761135
vt 0.195492 0.761114
vt 0.199975 0.769338
vt 0.195525 0.769390
vt 0.200171 0.777861
vt 0.210771 0.786684
vt 0.206028 0.777830
vt 0.210702 0.795824
vt 0.206048 0.786685
vt 0.210654 0.805098
vt 0.205982 0.795821
vt 0.205920 0.805089
vt 0.210583 0.814387
vt 0.205848 0.814386
vt 0.210552 0.823692
vt 0.205817 0.823692
vt 0.210541 0.832995
vt 0.210538 0.842290
vt 0.205807 0.832995
vt 0.210538 0.851584
vt 0.205803 0.842290
vt 0.210539 0.860864
vt 0.205803 0.851583
vt 0.205805 0.860864
vt 0.210541 0.870121
vt 0.205806 0.870120
vt 0.210545 0.879334
vt 0.205809 0.879333
vt 0.210550 0.888467
vt 0.210553 0.897471
vt 0.205813 0.888468
vt 0.210547 0.906277
vt 0.205815 0.897479
vt 0.210512 0.914816
vt 0.205808 0.906303
vt 0.205776 0.914878
vt 0.210480 0.923008
vt 0.205746 0.923141
vt 0.210452 0.930778
vt 0.205721 0.931045
vt 0.210567 0.938109
vt 0.211258 0.945026
vt 0.205831 0.938601
vt 0.210558 0.746493
vt 0.206456 0.738735
vt 0.210430 0.753758
vt 0.205819 0.745978
vt 0.205686 0.753464
vt 0.210468 0.761403
vt 0.205729 0.761250
vt 0.210609 0.769431
vt 0.205854 0.769356
vt 0.210745 0.777860
vt 0.179844 0.787092
vt 0.179820 0.795700
vt 0.179845 0.786694
vt 0.179859 0.778289
vt 0.179859 0.778205
vt 0.179882 0.770084
vt 0.179819 0.796108
vt 0.179793 0.804848
vt 0.179791 0.805588
vt 0.179771 0.814402
vt 0.179771 0.814820
vt 0.179759 0.823671
vt 0.179759 0.824090
vt 0.179826 0.905912
vt 0.179828 0.906308
vt 0.179905 0.914491
vt 0.179910 0.915169
vt 0.179951 0.923067
vt 0.179949 0.923424
vt 0.179910 0.930952
vt 0.179897 0.931291
vt 0.179591 0.938429
vt 0.179585 0.938499
vt 0.178616 0.945196
vt 0.177077 0.739546
vt 0.178613 0.739136
vt 0.179573 0.745838
vt 0.179615 0.746156
vt 0.179922 0.753310
vt 0.179937 0.753930
vt 0.179975 0.761483
vt 0.179972 0.761852
vt 0.179883 0.769702
vt 0.157251 0.778286
vt 0.178273 0.787050
vt 0.157228 0.787076
vt 0.178247 0.796065
vt 0.157206 0.796085
vt 0.178220 0.805217
vt 0.178200 0.814447
vt 0.157185 0.805232
vt 0.178188 0.823716
vt 0.157170 0.814457
vt 0.178183 0.833002
vt 0.157160 0.823721
vt 0.157155 0.833004
vt 0.178181 0.842290
vt 0.157154 0.842290
vt 0.178181 0.851584
vt 0.157154 0.851584
vt 0.178182 0.860863
vt 0.178184 0.870119
vt 0.157155 0.860863
vt 0.178189 0.879330
vt 0.157157 0.870119
vt 0.178199 0.888463
vt 0.157162 0.879329
vt 0.157172 0.888460
vt 0.178218 0.897465
vt 0.157194 0.897456
vt 0.178257 0.906263
vt 0.157240 0.906226
vt 0.178339 0.914813
vt 0.178383 0.923037
vt 0.157328 0.914506
vt 0.178346 0.930844
vt 0.157393 0.922104
vt 0.178036 0.938196
vt 0.157403 0.928887
vt 0.156546 0.938993
vt 0.157231 0.934588
vt 0.177044 0.945028
vt 0.156567 0.745499
vt 0.178059 0.746382
vt 0.157246 0.749883
vt 0.178371 0.753743
vt 0.178406 0.761565
vt 0.157421 0.755496
vt 0.178313 0.769748
vt 0.157401 0.762151
vt 0.178288 0.778250
vt 0.157297 0.769837
vt 0.181572 0.778228
vt 0.185569 0.786992
vt 0.181562 0.787032
vt 0.185528 0.796019
vt 0.181531 0.796050
vt 0.185489 0.805189
vt 0.185458 0.814433
vt 0.181500 0.805208
vt 0.185442 0.823711
vt 0.181477 0.814442
vt 0.185434 0.833001
vt 0.181464 0.823714
vt 0.181457 0.833002
vt 0.185432 0.842290
vt 0.181456 0.842290
vt 0.185432 0.851584
vt 0.181455 0.851584
vt 0.185433 0.860863
vt 0.185435 0.870119
vt 0.181457 0.860863
vt 0.185439 0.879331
vt 0.181459 0.870119
vt 0.185447 0.888466
vt 0.181463 0.879330
vt 0.181472 0.888464
vt 0.185462 0.897478
vt 0.181490 0.897469
vt 0.185490 0.906307
vt 0.181526 0.906278
vt 0.185542 0.914915
vt 0.185568 0.923251
vt 0.181598 0.914860
vt 0.185533 0.931278
vt 0.181636 0.923150
vt 0.185307 0.939012
vt 0.181597 0.931076
vt 0.180395 0.945773
vt 0.181305 0.938629
vt 0.184641 0.946459
vt 0.180424 0.738808
vt 0.185318 0.745569
vt 0.181325 0.745955
vt 0.185543 0.753296
vt 0.185576 0.761320
vt 0.181617 0.753517
vt 0.185527 0.769628
vt 0.181655 0.761461
vt 0.185570 0.778185
vt 0.181576 0.769708
vt 0.922422 0.977133
vt 0.932756 0.977242
vt 0.942943 0.977313
vt 0.952924 0.977313
vt 0.962600 0.977269
vt 0.971868 0.976902
vt 0.738903 0.976215
vt 0.980692 0.976216
vt 0.747726 0.976895
vt 0.756998 0.977243
vt 0.766436 0.977345
vt 0.776422 0.977305
vt 0.786870 0.977236
vt 0.797176 0.977163
vt 0.807560 0.977090
vt 0.817998 0.977049
vt 0.828445 0.977030
vt 0.838891 0.977021
vt 0.849338 0.977015
vt 0.859773 0.977013
vt 0.870229 0.977015
vt 0.880674 0.977019
vt 0.891118 0.977029
vt 0.901559 0.977049
vt 0.911994 0.977079
vt 0.921682 0.878701
vt 0.931419 0.878701
vt 0.940799 0.878639
vt 0.949731 0.878571
vt 0.958019 0.878534
vt 0.965345 0.878411
vt 0.748084 0.878201
vt 0.971298 0.878175
vt 0.754007 0.878446
vt 0.761255 0.878572
vt 0.769486 0.878612
vt 0.778442 0.878603
vt 0.787936 0.878569
vt 0.797810 0.878537
vt 0.807925 0.878513
vt 0.818188 0.878497
vt 0.828537 0.878488
vt 0.838933 0.878483
vt 0.849355 0.878480
vt 0.859773 0.878480
vt 0.870220 0.878483
vt 0.880650 0.878495
vt 0.891063 0.878524
vt 0.901434 0.878584
vt 0.911668 0.878639
vn -0.175986 -0.733252 -0.656788
vn 0.000000 -0.733252 -0.679957
vn 0.000000 -0.360644 -0.932703
vn -0.241401 -0.360644 -0.900922
vn -0.241401 -0.360644 -0.900922
vn -0.466352 -0.360644 -0.807745
vn -0.339978 -0.733252 -0.588860
vn -0.175986 -0.733252 -0.656788
vn -0.466352 -0.360644 -0.807745
vn -0.659521 -0.360644 -0.659521
vn -0.480802 -0.733252 -0.480802
vn -0.339978 -0.733252 -0.588860
vn -0.659521 -0.360644 -0.659521
vn -0.807745 -0.360644 -0.466351
vn -0.588860 -0.733252 -0.339979
vn -0.480802 -0.733252 -0.480802
vn -0.807745 -0.360644 -0.466351
vn -0.900922 -0.360644 -0.241401
vn -0.656788 -0.733252 -0.175986
vn -0.588860 -0.733252 -0.339979
vn -0.900922 -0.360644 -0.241401
vn -0.932703 -0.360644 -0.000000
vn -0.679957 -0.733252 -0.000000
vn -0.656788 -0.733252 -0.175986
vn -0.900922 -0.360644 0.241401
vn -0.656788 -0.733252 0.175986
vn -0.679957 -0.733252 -0.000000
vn -0.932703 -0.360644 -0.000000
vn -0.588860 -0.733252 0.339978
vn -0.656788 -0.733252 0.175986
vn -0.900922 -0.360644 0.241401
vn -0.807745 -0.360644 0.466352
vn -0.480803 -0.733252 0.480802
vn -0.588860 -0.733252 0.339978
vn -0.807745 -0.360644 0.466352
vn -0.659521 -0.360644 0.659521
vn -0.659521 -0.360644 0.659521
vn -0.466352 -0.360644 0.807745
vn -0.339979 -0.733252 0.588860
vn -0.480803 -0.733252 0.480802
vn -0.241402 -0.360644 0.900922
vn -0.175986 -0.733252 0.656788
vn -0.339979 -0.733252 0.588860
vn -0.466352 -0.360644 0.807745
vn -0.241402 -0.360644 0.900922
vn -0.000000 -0.360644 0.932703
vn -0.000000 -0.733252 0.679957
vn -0.175986 -0.733252 0.656788
vn -0.000000 -0.360644 0.932703
vn 0.241401 -0.360644 0.900923
vn 0.175986 -0.733252 0.656788
vn -0.000000 -0.733252 0.679957
vn 0.241401 -0.360644 0.900923
vn 0.466351 -0.360644 0.807745
vn 0.339978 -0.733252 0.588860
vn 0.175986 -0.733252 0.656788
vn 0.466351 -0.360644 0.807745
vn 0.659521 -0.360644 0.659521
vn 0.480802 -0.733252 0.480803
vn 0.339978 -0.733252 0.588860
vn 0.588860 -0.733252 0.339979
vn 0.480802 -0.733252 0.480803
vn 0.659521 -0.360644 0.659521
vn 0.807745 -0.360644 0.466352
vn 0.588860 -0.733252 0.339979
vn 0.807745 -0.360644 0.466352
vn 0.900922 -0.360644 0.241402
vn 0.656788 -0.733252 0.175986
vn 0.932704 -0.360644 0.000000
vn 0.679957 -0.733252 0.000000
vn 0.656788 -0.733252 0.175986
vn 0.900922 -0.360644 0.241402
vn 0.900923 -0.360644 -0.241401
vn 0.656788 -0.733252 -0.175985
vn 0.679957 -0.733252 0.000000
vn 0.932704 -0.360644 0.000000
vn 0.807745 -0.360644 -0.466351
vn 0.588860 -0.733252 -0.339978
vn 0.656788 -0.733252 -0.175985
vn 0.900923 -0.360644 -0.241401
vn 0.807745 -0.360644 -0.466351
vn 0.659521 -0.360644 -0.659521
vn 0.480803 -0.733252 -0.480802
vn 0.588860 -0.733252 -0.339978
vn 0.659521 -0.360644 -0.659521
vn 0.466352 -0.360644 -0.807745
vn 0.339979 -0.733252 -0.588860
vn 0.480803 -0.733252 -0.480802
vn 0.466352 -0.360644 -0.807745
vn 0.241402 -0.360644 -0.900922
vn 0.175986 -0.733252 -0.656788
vn 0.339979 -0.733252 -0.588860
vn 0.175986 -0.733252 -0.656788
vn 0.241402 -0.360644 -0.900922
vn 0.000000 -0.360644 -0.932703
vn 0.000000 -0.733252 -0.679957
vn -0.238092 0.392111 -0.888572
vn -0.258819 0.000000 -0.965926
vn 0.000000 0.000000 -1.000000
vn -0.000000 0.392111 -0.919918
vn -0.499999 0.000000 -0.866026
vn -0.258819 0.000000 -0.965926
vn -0.238092 0.392111 -0.888572
vn -0.459958 0.392111 -0.796673
vn -0.707106 0.000000 -0.707107
vn -0.499999 0.000000 -0.866026
vn -0.459958 0.392111 -0.796673
vn -0.650480 0.392111 -0.650481
vn -0.866025 0.000000 -0.500000
vn -0.707106 0.000000 -0.707107
vn -0.650480 0.392111 -0.650481
vn -0.796672 0.392111 -0.459959
vn -0.965926 0.000000 -0.258819
vn -0.866025 0.000000 -0.500000
vn -0.796672 0.392111 -0.459959
vn -0.888572 0.392111 -0.238092
vn -0.919918 0.392111 -0.000000
vn -1.000000 0.000001 0.000000
vn -0.965926 0.000000 -0.258819
vn -0.888572 0.392111 -0.238092
vn -0.888572 0.392111 0.238092
vn -0.965926 0.000001 0.258819
vn -1.000000 0.000001 0.000000
vn -0.919918 0.392111 -0.000000
vn -0.866026 0.000000 0.499999
vn -0.965926 0.000001 0.258819
vn -0.888572 0.392111 0.238092
vn -0.796672 0.392111 0.459959
vn -0.707107 0.000000 0.707106
vn -0.866026 0.000000 0.499999
vn -0.796672 0.392111 0.459959
vn -0.650481 0.392111 0.650480
vn -0.500000 -0.000000 0.866025
vn -0.707107 0.000000 0.707106
vn -0.650481 0.392111 0.650480
vn -0.459959 0.392111 0.796672
vn -0.258819 -0.000000 0.965926
vn -0.500000 -0.000000 0.866025
vn -0.459959 0.392111 0.796672
vn -0.238093 0.392111 0.888573
vn -0.000001 -0.000000 1.000000
vn -0.258819 -0.000000 0.965926
vn -0.238093 0.392111 0.888573
vn -0.000000 0.392111 0.919918
vn 0.258819 -0.000000 0.965926
vn -0.000001 -0.000000 1.000000
vn -0.000000 0.392111 0.919918
vn 0.238092 0.392111 0.888573
vn 0.500000 -0.000000 0.866025
vn 0.258819 -0.000000 0.965926
vn 0.238092 0.392111 0.888573
vn 0.459959 0.392111 0.796672
vn 0.707107 -0.000000 0.707106
vn 0.500000 -0.000000 0.866025
vn 0.459959 0.392111 0.796672
vn 0.650480 0.392111 0.650480
vn 0.866025 -0.000000 0.500000
vn 0.707107 -0.000000 0.707106
vn 0.650480 0.392111 0.650480
vn 0.796672 0.392111 0.459959
vn 0.965926 -0.000000 0.258819
vn 0.866025 -0.000000 0.500000
vn 0.796672 0.392111 0.459959
vn 0.888573 0.392111 0.238093
vn 1.000000 -0.000000 0.000001
vn 0.965926 -0.000000 0.258819
vn 0.888573 0.392111 0.238093
vn 0.919918 0.392111 0.000000
vn 0.965926 -0.000001 -0.258818
vn 1.000000 -0.000000 0.000001
vn 0.919918 0.392111 0.000000
vn 0.888573 0.392111 -0.238092
vn 0.866026 -0.000001 -0.500000
vn 0.965926 -0.000001 -0.258818
vn 0.888573 0.392111 -0.238092
vn 0.796673 0.392111 -0.459958
vn 0.650481 0.392111 -0.650480
vn 0.707107 -0.000000 -0.707107
vn 0.866026 -0.000001 -0.500000
vn 0.796673 0.392111 -0.459958
vn 0.500000 0.000000 -0.866025
vn 0.707107 -0.000000 -0.707107
vn 0.650481 0.392111 -0.650480
vn 0.459959 0.392111 -0.796672
vn 0.258819 0.000000 -0.965926
vn 0.500000 0.000000 -0.866025
vn 0.459959 0.392111 -0.796672
vn 0.238093 0.392111 -0.888572
vn -0.000000 0.392111 -0.919918
vn 0.000000 0.000000 -1.000000
vn 0.258819 0.000000 -0.965926
vn 0.238093 0.392111 -0.888572
vn -0.236996 0.401900 -0.884483
vn -0.258819 -0.000000 -0.965926
vn 0.000000 -0.000000 -1.000000
vn -0.000000 0.401900 -0.915684
vn -0.499999 -0.000000 -0.866026
vn -0.258819 -0.000000 -0.965926
vn -0.236996 0.401900 -0.884483
vn -0.457841 0.401900 -0.793006
vn -0.707108 -0.000000 -0.707106
vn -0.499999 -0.000000 -0.866026
vn -0.457841 0.401900 -0.793006
vn -0.647486 0.401900 -0.647486
vn -0.866025 -0.000001 -0.500000
vn -0.707108 -0.000000 -0.707106
vn -0.647486 0.401900 -0.647486
vn -0.793005 0.401900 -0.457842
vn -0.884483 0.401900 -0.236996
vn -0.965926 -0.000001 -0.258820
vn -0.866025 -0.000001 -0.500000
vn -0.793005 0.401900 -0.457842
vn -0.915684 0.401900 -0.000000
vn -1.000000 0.000000 -0.000000
vn -0.965926 -0.000001 -0.258820
vn -0.884483 0.401900 -0.236996
vn -0.884483 0.401900 0.236996
vn -0.965926 -0.000000 0.258819
vn -1.000000 0.000000 -0.000000
vn -0.915684 0.401900 -0.000000
vn -0.793006 0.401900 0.457841
vn -0.866025 -0.000001 0.500000
vn -0.965926 -0.000000 0.258819
vn -0.884483 0.401900 0.236996
vn -0.707108 -0.000000 0.707106
vn -0.866025 -0.000001 0.500000
vn -0.793006 0.401900 0.457841
vn -0.647487 0.401900 0.647485
vn -0.500001 -0.000000 0.866025
vn -0.707108 -0.000000 0.707106
vn -0.647487 0.401900 0.647485
vn -0.457842 0.401900 0.793005
vn -0.258820 0.000000 0.965926
vn -0.500001 -0.000000 0.866025
vn -0.457842 0.401900 0.793005
vn -0.236997 0.401900 0.884482
vn -0.000001 0.000000 1.000000
vn -0.258820 0.000000 0.965926
vn -0.236997 0.401900 0.884482
vn -0.000001 0.401900 0.915684
vn 0.236996 0.401900 0.884482
vn 0.258819 0.000000 0.965926
vn -0.000001 0.000000 1.000000
vn -0.000001 0.401900 0.915684
vn 0.457842 0.401900 0.793005
vn 0.500001 0.000000 0.866025
vn 0.258819 0.000000 0.965926
vn 0.236996 0.401900 0.884482
vn 0.707108 0.000000 0.707106
vn 0.500001 0.000000 0.866025
vn 0.457842 0.401900 0.793005
vn 0.647486 0.401900 0.647486
vn 0.866025 0.000000 0.500000
vn 0.707108 0.000000 0.707106
vn 0.647486 0.401900 0.647486
vn 0.793005 0.401900 0.457842
vn 0.965926 -0.000000 0.258819
vn 0.866025 0.000000 0.500000
vn 0.793005 0.401900 0.457842
vn 0.884482 0.401900 0.236997
vn 1.000000 -0.000000 0.000000
vn 0.965926 -0.000000 0.258819
vn 0.884482 0.401900 0.236997
vn 0.915684 0.401900 0.000001
vn 0.965926 -0.000000 -0.258818
vn 1.000000 -0.000000 0.000000
vn 0.915684 0.401900 0.000001
vn 0.884483 0.401900 -0.236996
vn 0.866027 0.000000 -0.499998
vn 0.965926 -0.000000 -0.258818
vn 0.884483 0.401900 -0.236996
vn 0.793006 0.401900 -0.457841
vn 0.707108 -0.000000 -0.707106
vn 0.866027 0.000000 -0.499998
vn 0.793006 0.401900 -0.457841
vn 0.647486 0.401900 -0.647486
vn 0.500000 -0.000000 -0.866026
vn 0.707108 -0.000000 -0.707106
vn 0.647486 0.401900 -0.647486
vn 0.457842 0.401900 -0.793005
vn 0.258819 -0.000000 -0.965926
vn 0.500000 -0.000000 -0.866026
vn 0.457842 0.401900 -0.793005
vn 0.236997 0.401900 -0.884482
vn -0.000000 0.401900 -0.915684
vn 0.000000 -0.000000 -1.000000
vn 0.258819 -0.000000 -0.965926
vn 0.236997 0.401900 -0.884482
vn -0.248117 -0.284583 -0.925986
vn -0.219297 -0.531118 -0.818427
vn -0.000000 -0.531118 -0.847298
vn -0.000000 -0.284583 -0.958651
vn -0.479325 -0.284583 -0.830217
vn -0.423648 -0.531118 -0.733782
vn -0.219297 -0.531118 -0.818427
vn -0.248117 -0.284583 -0.925986
vn -0.677868 -0.284583 -0.677869
vn -0.599129 -0.531118 -0.599130
vn -0.423648 -0.531118 -0.733782
vn -0.479325 -0.284583 -0.830217
vn -0.677868 -0.284583 -0.677869
vn -0.830216 -0.284584 -0.479326
vn -0.733781 -0.531118 -0.423649
vn -0.599129 -0.531118 -0.599130
vn -0.818427 -0.531118 -0.219297
vn -0.733781 -0.531118 -0.423649
vn -0.830216 -0.284584 -0.479326
vn -0.925986 -0.284584 -0.248117
vn -0.847298 -0.531118 0.000000
vn -0.818427 -0.531118 -0.219297
vn -0.925986 -0.284584 -0.248117
vn -0.958651 -0.284584 0.000000
vn -0.925986 -0.284584 0.248117
vn -0.818427 -0.531118 0.219297
vn -0.847298 -0.531118 0.000000
vn -0.958651 -0.284584 0.000000
vn -0.830216 -0.284584 0.479325
vn -0.733782 -0.531118 0.423649
vn -0.818427 -0.531118 0.219297
vn -0.925986 -0.284584 0.248117
vn -0.677870 -0.284584 0.677868
vn -0.599131 -0.531118 0.599129
vn -0.733782 -0.531118 0.423649
vn -0.830216 -0.284584 0.479325
vn -0.677870 -0.284584 0.677868
vn -0.479326 -0.284584 0.830216
vn -0.423650 -0.531118 0.733781
vn -0.599131 -0.531118 0.599129
vn -0.219297 -0.531119 0.818426
vn -0.423650 -0.531118 0.733781
vn -0.479326 -0.284584 0.830216
vn -0.248118 -0.284584 0.925986
vn -0.000001 -0.531119 0.847298
vn -0.219297 -0.531119 0.818426
vn -0.248118 -0.284584 0.925986
vn -0.000001 -0.284584 0.958651
vn 0.248117 -0.284584 0.925986
vn 0.219296 -0.531119 0.818427
vn -0.000001 -0.531119 0.847298
vn -0.000001 -0.284584 0.958651
vn 0.479326 -0.284584 0.830216
vn 0.423649 -0.531119 0.733781
vn 0.219296 -0.531119 0.818427
vn 0.248117 -0.284584 0.925986
vn 0.677869 -0.284583 0.677869
vn 0.599130 -0.531118 0.599130
vn 0.423649 -0.531119 0.733781
vn 0.479326 -0.284584 0.830216
vn 0.677869 -0.284583 0.677869
vn 0.830216 -0.284583 0.479326
vn 0.733781 -0.531118 0.423649
vn 0.599130 -0.531118 0.599130
vn 0.818427 -0.531118 0.219297
vn 0.733781 -0.531118 0.423649
vn 0.830216 -0.284583 0.479326
vn 0.925986 -0.284583 0.248118
vn 0.847298 -0.531118 0.000001
vn 0.818427 -0.531118 0.219297
vn 0.925986 -0.284583 0.248118
vn 0.958651 -0.284583 0.000001
vn 0.925986 -0.284584 -0.248117
vn 0.818427 -0.531118 -0.219296
vn 0.847298 -0.531118 0.000001
vn 0.958651 -0.284583 0.000001
vn 0.830217 -0.284583 -0.479325
vn 0.733782 -0.531118 -0.423649
vn 0.818427 -0.531118 -0.219296
vn 0.925986 -0.284584 -0.248117
vn 0.677869 -0.284583 -0.677868
vn 0.599131 -0.531118 -0.599129
vn 0.733782 -0.531118 -0.423649
vn 0.830217 -0.284583 -0.479325
vn 0.677869 -0.284583 -0.677868
vn 0.479326 -0.284583 -0.830216
vn 0.423649 -0.531118 -0.733781
vn 0.599131 -0.531118 -0.599129
vn 0.219297 -0.531118 -0.818427
vn 0.423649 -0.531118 -0.733781
vn 0.479326 -0.284583 -0.830216
vn 0.248118 -0.284583 -0.925986
vn -0.000000 -0.531118 -0.847298
vn 0.219297 -0.531118 -0.818427
vn 0.248118 -0.284583 -0.925986
vn -0.000000 -0.284583 -0.958651
vn -0.241401 -0.360644 -0.900922
vn 0.000000 -0.360644 -0.932703
vn 0.000000 0.300314 -0.953841
vn -0.246872 0.300314 -0.921339
vn -0.466352 -0.360644 -0.807745
vn -0.241401 -0.360644 -0.900922
vn -0.246872 0.300314 -0.921339
vn -0.476920 0.300314 -0.826050
vn -0.659521 -0.360644 -0.659521
vn -0.466352 -0.360644 -0.807745
vn -0.476920 0.300314 -0.826050
vn -0.674467 0.300314 -0.674466
vn -0.826050 0.300314 -0.476920
vn -0.807745 -0.360644 -0.466351
vn -0.659521 -0.360644 -0.659521
vn -0.674467 0.300314 -0.674466
vn -0.921339 0.300314 -0.246872
vn -0.900922 -0.360644 -0.241401
vn -0.807745 -0.360644 -0.466351
vn -0.826050 0.300314 -0.476920
vn -0.953840 0.300314 -0.000000
vn -0.932703 -0.360644 -0.000000
vn -0.900922 -0.360644 -0.241401
vn -0.921339 0.300314 -0.246872
vn -0.900922 -0.360644 0.241401
vn -0.932703 -0.360644 -0.000000
vn -0.953840 0.300314 -0.000000
vn -0.921339 0.300314 0.246872
vn -0.807745 -0.360644 0.466352
vn -0.900922 -0.360644 0.241401
vn -0.921339 0.300314 0.246872
vn -0.826050 0.300314 0.476920
vn -0.659521 -0.360644 0.659521
vn -0.807745 -0.360644 0.466352
vn -0.826050 0.300314 0.476920
vn -0.674467 0.300314 0.674467
vn -0.476920 0.300314 0.826050
vn -0.466352 -0.360644 0.807745
vn -0.659521 -0.360644 0.659521
vn -0.674467 0.300314 0.674467
vn -0.246873 0.300314 0.921339
vn -0.241402 -0.360644 0.900922
vn -0.466352 -0.360644 0.807745
vn -0.476920 0.300314 0.826050
vn -0.000000 0.300314 0.953840
vn -0.000000 -0.360644 0.932703
vn -0.241402 -0.360644 0.900922
vn -0.246873 0.300314 0.921339
vn 0.241401 -0.360644 0.900923
vn -0.000000 -0.360644 0.932703
vn -0.000000 0.300314 0.953840
vn 0.246872 0.300314 0.921339
vn 0.466351 -0.360644 0.807745
vn 0.241401 -0.360644 0.900923
vn 0.246872 0.300314 0.921339
vn 0.476920 0.300314 0.826050
vn 0.659521 -0.360644 0.659521
vn 0.466351 -0.360644 0.807745
vn 0.476920 0.300314 0.826050
vn 0.674467 0.300314 0.674467
vn 0.826050 0.300314 0.476920
vn 0.807745 -0.360644 0.466352
vn 0.659521 -0.360644 0.659521
vn 0.674467 0.300314 0.674467
vn 0.921339 0.300314 0.246873
vn 0.900922 -0.360644 0.241402
vn 0.807745 -0.360644 0.466352
vn 0.826050 0.300314 0.476920
vn 0.953840 0.300314 0.000001
vn 0.932704 -0.360644 0.000000
vn 0.900922 -0.360644 0.241402
vn 0.921339 0.300314 0.246873
vn 0.900923 -0.360644 -0.241401
vn 0.932704 -0.360644 0.000000
vn 0.953840 0.300314 0.000001
vn 0.921339 0.300314 -0.246872
vn 0.807745 -0.360644 -0.466351
vn 0.900923 -0.360644 -0.241401
vn 0.921339 0.300314 -0.246872
vn 0.826050 0.300314 -0.476920
vn 0.659521 -0.360644 -0.659521
vn 0.807745 -0.360644 -0.466351
vn 0.826050 0.300314 -0.476920
vn 0.674467 0.300314 -0.674467
vn 0.476920 0.300314 -0.826050
vn 0.466352 -0.360644 -0.807745
vn 0.659521 -0.360644 -0.659521
vn 0.674467 0.300314 -0.674467
vn 0.246873 0.300314 -0.921339
vn 0.241402 -0.360644 -0.900922
vn 0.466352 -0.360644 -0.807745
vn 0.476920 0.300314 -0.826050
vn 0.000000 0.300314 -0.953841
vn 0.000000 -0.360644 -0.932703
vn 0.241402 -0.360644 -0.900922
vn 0.246873 0.300314 -0.921339
vn 0.000000 1.000000 0.000004
vn 0.000000 1.000000 0.000004
vn 0.000001 1.000000 0.000004
vn 0.000001 1.000000 0.000004
vn 0.000002 1.000000 0.000004
vn 0.000001 1.000000 0.000004
vn 0.000001 1.000000 0.000004
vn 0.000002 1.000000 0.000004
vn 0.000003 1.000000 0.000003
vn 0.000002 1.000000 0.000004
vn 0.000002 1.000000 0.000004
vn 0.000003 1.000000 0.000003
vn 0.000004 1.000000 0.000002
vn 0.000004 1.000000 0.000002
vn 0.000003 1.000000 0.000003
vn 0.000003 1.000000 0.000003
vn 0.000004 1.000000 0.000002
vn 0.000004 1.000000 0.000002
vn 0.000004 1.000000 0.000001
vn 0.000004 1.000000 0.000001
vn 0.000004 1.000000 0.000001
vn 0.000004 1.000000 0.000000
vn 0.000004 1.000000 0.000000
vn 0.000004 1.000000 0.000001
vn 0.000004 1.000000 0.000000
vn 0.000004 1.000000 -0.000001
vn 0.000004 1.000000 -0.000001
vn 0.000004 1.000000 0.000000
vn 0.000004 1.000000 -0.000001
vn 0.000004 1.000000 -0.000002
vn 0.000004 1.000000 -0.000002
vn 0.000004 1.000000 -0.000001
vn 0.000004 1.000000 -0.000002
vn 0.000003 1.000000 -0.000003
vn 0.000003 1.000000 -0.000003
vn 0.000004 1.000000 -0.000002
vn 0.000002 1.000000 -0.000004
vn 0.000003 1.000000 -0.000003
vn 0.000003 1.000000 -0.000003
vn 0.000002 1.000000 -0.000004
vn 0.000001 1.000000 -0.000004
vn 0.000001 1.000000 -0.000004
vn 0.000002 1.000000 -0.000004
vn 0.000002 1.000000 -0.000004
vn 0.000000 1.000000 -0.000004
vn 0.000001 1.000000 -0.000004
vn 0.000001 1.000000 -0.000004
vn 0.000000 1.000000 -0.000004
vn 0.000000 1.000000 -0.000004
vn 0.000000 1.000000 -0.000004
vn -0.000001 1.000000 -0.000004
vn -0.000001 1.000000 -0.000004
vn -0.000001 1.000000 -0.000004
vn -0.000001 1.000000 -0.000004
vn -0.000002 1.000000 -0.000004
vn -0.000002 1.000000 -0.000004
vn -0.000002 1.000000 -0.000004
vn -0.000002 1.000000 -0.000004
vn -0.000003 1.000000 -0.000003
vn -0.000003 1.000000 -0.000003
vn -0.000003 1.000000 -0.000003
vn -0.000003 1.000000 -0.000003
vn -0.000004 1.000000 -0.000002
vn -0.000004 1.000000 -0.000002
vn -0.000004 1.000000 -0.000002
vn -0.000004 1.000000 -0.000001
vn -0.000004 1.000000 -0.000001
vn -0.000004 1.000000 -0.000002
vn -0.000004 1.000000 -0.000000
vn -0.000004 1.000000 -0.000001
vn -0.000004 1.000000 -0.000001
vn -0.000004 1.000000 -0.000000
vn -0.000004 1.000000 0.000001
vn -0.000004 1.000000 0.000001
vn -0.000004 1.000000 -0.000000
vn -0.000004 1.000000 -0.000000
vn -0.000004 1.000000 0.000002
vn -0.000004 1.000000 0.000002
vn -0.000004 1.000000 0.000001
vn -0.000004 1.000000 0.000001
vn -0.000004 1.000000 0.000002
vn -0.000004 1.000000 0.000002
vn -0.000003 1.000000 0.000003
vn -0.000003 1.000000 0.000003
vn -0.000003 1.000000 0.000003
vn -0.000003 1.000000 0.000003
vn -0.000002 1.000000 0.000004
vn -0.000002 1.000000 0.000004
vn -0.000002 1.000000 0.000004
vn -0.000002 1.000000 0.000004
vn -0.000001 1.000000 0.000004
vn -0.000001 1.000000 0.000004
vn -0.000001 1.000000 0.000004
vn 0.000000 1.000000 0.000004
vn 0.000000 1.000000 0.000004
vn -0.000001 1.000000 0.000004
vn 0.941424 -0.337225 0.000000
vn 0.909346 -0.337225 -0.243658
vn 0.882719 0.406033 -0.236524
vn 0.913858 0.406033 0.000000
vn 0.791425 0.406033 -0.456929
vn 0.882719 0.406033 -0.236524
vn 0.909346 -0.337225 -0.243658
vn 0.815297 -0.337225 -0.470712
vn 0.646196 0.406033 -0.646195
vn 0.791425 0.406033 -0.456929
vn 0.815297 -0.337225 -0.470712
vn 0.665688 -0.337225 -0.665687
vn 0.470712 -0.337225 -0.815297
vn 0.456929 0.406033 -0.791425
vn 0.646196 0.406033 -0.646195
vn 0.665688 -0.337225 -0.665687
vn 0.243659 -0.337225 -0.909346
vn 0.236524 0.406033 -0.882719
vn 0.456929 0.406033 -0.791425
vn 0.470712 -0.337225 -0.815297
vn 0.000000 -0.337225 -0.941424
vn 0.000000 0.406033 -0.913858
vn 0.236524 0.406033 -0.882719
vn 0.243659 -0.337225 -0.909346
vn -0.236524 0.406033 -0.882719
vn 0.000000 0.406033 -0.913858
vn 0.000000 -0.337225 -0.941424
vn -0.243658 -0.337225 -0.909346
vn -0.456929 0.406033 -0.791425
vn -0.236524 0.406033 -0.882719
vn -0.243658 -0.337225 -0.909346
vn -0.470712 -0.337225 -0.815297
vn -0.646195 0.406033 -0.646196
vn -0.456929 0.406033 -0.791425
vn -0.470712 -0.337225 -0.815297
vn -0.665687 -0.337225 -0.665688
vn -0.815297 -0.337225 -0.470712
vn -0.791424 0.406033 -0.456930
vn -0.646195 0.406033 -0.646196
vn -0.665687 -0.337225 -0.665688
vn -0.909346 -0.337225 -0.243659
vn -0.882719 0.406033 -0.236524
vn -0.791424 0.406033 -0.456930
vn -0.815297 -0.337225 -0.470712
vn -0.941424 -0.337225 -0.000000
vn -0.913858 0.406033 -0.000000
vn -0.882719 0.406033 -0.236524
vn -0.909346 -0.337225 -0.243659
vn -0.882719 0.406033 0.236524
vn -0.913858 0.406033 -0.000000
vn -0.941424 -0.337225 -0.000000
vn -0.909346 -0.337225 0.243658
vn -0.791425 0.406033 0.456929
vn -0.882719 0.406033 0.236524
vn -0.909346 -0.337225 0.243658
vn -0.815298 -0.337225 0.470711
vn -0.646196 0.406033 0.646195
vn -0.791425 0.406033 0.456929
vn -0.815298 -0.337225 0.470711
vn -0.665688 -0.337225 0.665687
vn -0.470712 -0.337225 0.815297
vn -0.456930 0.406033 0.791424
vn -0.646196 0.406033 0.646195
vn -0.665688 -0.337225 0.665687
vn -0.243659 -0.337225 0.909346
vn -0.236524 0.406033 0.882719
vn -0.456930 0.406033 0.791424
vn -0.470712 -0.337225 0.815297
vn -0.000000 -0.337225 0.941424
vn -0.000000 0.406033 0.913858
vn -0.236524 0.406033 0.882719
vn -0.243659 -0.337225 0.909346
vn 0.236524 0.406033 0.882719
vn -0.000000 0.406033 0.913858
vn -0.000000 -0.337225 0.941424
vn 0.243658 -0.337225 0.909346
vn 0.456928 0.406033 0.791425
vn 0.236524 0.406033 0.882719
vn 0.243658 -0.337225 0.909346
vn 0.470711 -0.337225 0.815298
vn 0.646195 0.406033 0.646196
vn 0.456928 0.406033 0.791425
vn 0.470711 -0.337225 0.815298
vn 0.665687 -0.337224 0.665688
vn 0.815297 -0.337225 0.470713
vn 0.791424 0.406033 0.456930
vn 0.646195 0.406033 0.646196
vn 0.665687 -0.337224 0.665688
vn 0.909346 -0.337225 0.243659
vn 0.882719 0.406033 0.236525
vn 0.791424 0.406033 0.456930
vn 0.815297 -0.337225 0.470713
vn 0.941424 -0.337225 0.000000
vn 0.913858 0.406033 0.000000
vn 0.882719 0.406033 0.236525
vn 0.909346 -0.337225 0.243659
vn 0.000252 1.000000 -0.000068
vn 0.000261 1.000000 0.000000
vn 0.397217 0.917725 0.000000
vn 0.383682 0.917725 -0.102807
vn 0.000226 1.000000 -0.000130
vn 0.000252 1.000000 -0.000068
vn 0.383682 0.917725 -0.102807
vn 0.344000 0.917725 -0.198609
vn 0.344000 0.917725 -0.198609
vn 0.280875 0.917725 -0.280875
vn 0.000184 1.000000 -0.000184
vn 0.000226 1.000000 -0.000130
vn 0.280875 0.917725 -0.280875
vn 0.198608 0.917725 -0.344000
vn 0.000130 1.000000 -0.000226
vn 0.000184 1.000000 -0.000184
vn 0.198608 0.917725 -0.344000
vn 0.102807 0.917725 -0.383682
vn 0.000067 1.000000 -0.000251
vn 0.000130 1.000000 -0.000226
vn 0.102807 0.917725 -0.383682
vn 0.000000 0.917725 -0.397216
vn 0.000000 1.000000 -0.000260
vn 0.000067 1.000000 -0.000251
vn -0.102807 0.917725 -0.383682
vn -0.000067 1.000000 -0.000251
vn 0.000000 1.000000 -0.000260
vn 0.000000 0.917725 -0.397216
vn -0.198608 0.917725 -0.344000
vn -0.000130 1.000000 -0.000226
vn -0.000067 1.000000 -0.000251
vn -0.102807 0.917725 -0.383682
vn -0.280875 0.917725 -0.280875
vn -0.000184 1.000000 -0.000184
vn -0.000130 1.000000 -0.000226
vn -0.198608 0.917725 -0.344000
vn -0.344000 0.917725 -0.198609
vn -0.000226 1.000000 -0.000130
vn -0.000184 1.000000 -0.000184
vn -0.280875 0.917725 -0.280875
vn -0.000226 1.000000 -0.000130
vn -0.344000 0.917725 -0.198609
vn -0.383682 0.917725 -0.102807
vn -0.000252 1.000000 -0.000068
vn -0.000252 1.000000 -0.000068
vn -0.383682 0.917725 -0.102807
vn -0.397217 0.917725 -0.000000
vn -0.000261 1.000000 0.000000
vn -0.000261 1.000000 0.000000
vn -0.397217 0.917725 -0.000000
vn -0.383682 0.917725 0.102807
vn -0.000252 1.000000 0.000067
vn -0.000252 1.000000 0.000067
vn -0.383682 0.917725 0.102807
vn -0.344000 0.917725 0.198608
vn -0.000226 1.000000 0.000130
vn -0.280875 0.917725 0.280874
vn -0.000184 1.000000 0.000184
vn -0.000226 1.000000 0.000130
vn -0.344000 0.917725 0.198608
vn -0.198609 0.917725 0.344000
vn -0.000130 1.000000 0.000226
vn -0.000184 1.000000 0.000184
vn -0.280875 0.917725 0.280874
vn -0.102808 0.917725 0.383682
vn -0.000068 1.000000 0.000252
vn -0.000130 1.000000 0.000226
vn -0.198609 0.917725 0.344000
vn -0.000000 0.917725 0.397217
vn -0.000000 1.000000 0.000261
vn -0.000068 1.000000 0.000252
vn -0.102808 0.917725 0.383682
vn -0.000000 1.000000 0.000261
vn -0.000000 0.917725 0.397217
vn 0.102807 0.917725 0.383682
vn 0.000068 1.000000 0.000252
vn 0.000068 1.000000 0.000252
vn 0.102807 0.917725 0.383682
vn 0.198608 0.917725 0.344000
vn 0.000130 1.000000 0.000226
vn 0.000130 1.000000 0.000226
vn 0.198608 0.917725 0.344000
vn 0.280874 0.917725 0.280875
vn 0.000184 1.000000 0.000184
vn 0.000184 1.000000 0.000184
vn 0.280874 0.917725 0.280875
vn 0.344000 0.917725 0.198608
vn 0.000226 1.000000 0.000130
vn 0.383682 0.917725 0.102808
vn 0.000252 1.000000 0.000067
vn 0.000226 1.000000 0.000130
vn 0.344000 0.917725 0.198608
vn 0.397217 0.917725 0.000000
vn 0.000261 1.000000 0.000000
vn 0.000252 1.000000 0.000067
vn 0.383682 0.917725 0.102808
vn 0.000000 -1.000000 -0.000000
vn 0.406973 -0.906908 -0.109048
vn 0.421329 -0.906908 0.000000
vn 0.406973 -0.906908 0.109048
vn 0.364882 -0.906908 -0.210664
vn 0.406973 -0.906908 -0.109048
vn 0.000000 -1.000000 -0.000000
vn 0.297925 -0.906908 -0.297925
vn 0.364882 -0.906908 -0.210664
vn 0.000000 -1.000000 -0.000000
vn 0.210665 -0.906908 -0.364882
vn 0.109048 -0.906908 -0.406973
vn 0.210665 -0.906908 -0.364882
vn 0.000000 -1.000000 -0.000000
vn 0.000000 -0.906908 -0.421329
vn -0.109048 -0.906908 -0.406972
vn 0.000000 -0.906908 -0.421329
vn 0.000000 -1.000000 -0.000000
vn -0.210665 -0.906908 -0.364882
vn -0.297925 -0.906908 -0.297925
vn -0.210665 -0.906908 -0.364882
vn 0.000000 -1.000000 -0.000000
vn -0.364882 -0.906908 -0.210665
vn -0.297925 -0.906908 -0.297925
vn 0.000000 -1.000000 -0.000000
vn -0.406973 -0.906908 -0.109048
vn -0.421329 -0.906908 -0.000000
vn -0.406973 -0.906908 -0.109048
vn 0.000000 -1.000000 -0.000000
vn -0.406973 -0.906908 0.109048
vn -0.364882 -0.906908 0.210664
vn -0.406973 -0.906908 0.109048
vn 0.000000 -1.000000 -0.000000
vn -0.297925 -0.906908 0.297925
vn -0.210665 -0.906908 0.364882
vn -0.297925 -0.906908 0.297925
vn 0.000000 -1.000000 -0.000000
vn -0.109048 -0.906908 0.406972
vn -0.000000 -0.906908 0.421329
vn -0.109048 -0.906908 0.406972
vn 0.000000 -1.000000 -0.000000
vn 0.109048 -0.906908 0.406973
vn 0.210664 -0.906908 0.364882
vn 0.109048 -0.906908 0.406973
vn 0.000000 -1.000000 -0.000000
vn 0.297924 -0.906908 0.297925
vn 0.364882 -0.906908 0.210665
vn 0.297924 -0.906908 0.297925
vn 0.000000 -1.000000 -0.000000
vn 0.406973 -0.906908 0.109048
vn 0.941424 -0.337225 0.000000
vn 0.421329 -0.906908 0.000000
vn 0.406973 -0.906908 -0.109048
vn 0.909346 -0.337225 -0.243658
vn 0.815297 -0.337225 -0.470712
vn 0.909346 -0.337225 -0.243658
vn 0.406973 -0.906908 -0.109048
vn 0.364882 -0.906908 -0.210664
vn 0.297925 -0.906908 -0.297925
vn 0.665688 -0.337225 -0.665687
vn 0.815297 -0.337225 -0.470712
vn 0.364882 -0.906908 -0.210664
vn 0.297925 -0.906908 -0.297925
vn 0.210665 -0.906908 -0.364882
vn 0.470712 -0.337225 -0.815297
vn 0.665688 -0.337225 -0.665687
vn 0.470712 -0.337225 -0.815297
vn 0.210665 -0.906908 -0.364882
vn 0.109048 -0.906908 -0.406973
vn 0.243659 -0.337225 -0.909346
vn 0.000000 -0.337225 -0.941424
vn 0.243659 -0.337225 -0.909346
vn 0.109048 -0.906908 -0.406973
vn 0.000000 -0.906908 -0.421329
vn 0.000000 -0.337225 -0.941424
vn 0.000000 -0.906908 -0.421329
vn -0.109048 -0.906908 -0.406972
vn -0.243658 -0.337225 -0.909346
vn -0.470712 -0.337225 -0.815297
vn -0.243658 -0.337225 -0.909346
vn -0.109048 -0.906908 -0.406972
vn -0.210665 -0.906908 -0.364882
vn -0.470712 -0.337225 -0.815297
vn -0.210665 -0.906908 -0.364882
vn -0.297925 -0.906908 -0.297925
vn -0.665687 -0.337225 -0.665688
vn -0.665687 -0.337225 -0.665688
vn -0.297925 -0.906908 -0.297925
vn -0.364882 -0.906908 -0.210665
vn -0.815297 -0.337225 -0.470712
vn -0.406973 -0.906908 -0.109048
vn -0.909346 -0.337225 -0.243659
vn -0.815297 -0.337225 -0.470712
vn -0.364882 -0.906908 -0.210665
vn -0.941424 -0.337225 -0.000000
vn -0.909346 -0.337225 -0.243659
vn -0.406973 -0.906908 -0.109048
vn -0.421329 -0.906908 -0.000000
vn -0.941424 -0.337225 -0.000000
vn -0.421329 -0.906908 -0.000000
vn -0.406973 -0.906908 0.109048
vn -0.909346 -0.337225 0.243658
vn -0.815298 -0.337225 0.470711
vn -0.909346 -0.337225 0.243658
vn -0.406973 -0.906908 0.109048
vn -0.364882 -0.906908 0.210664
vn -0.815298 -0.337225 0.470711
vn -0.364882 -0.906908 0.210664
vn -0.297925 -0.906908 0.297925
vn -0.665688 -0.337225 0.665687
vn -0.665688 -0.337225 0.665687
vn -0.297925 -0.906908 0.297925
vn -0.210665 -0.906908 0.364882
vn -0.470712 -0.337225 0.815297
vn -0.470712 -0.337225 0.815297
vn -0.210665 -0.906908 0.364882
vn -0.109048 -0.906908 0.406972
vn -0.243659 -0.337225 0.909346
vn -0.000000 -0.337225 0.941424
vn -0.243659 -0.337225 0.909346
vn -0.109048 -0.906908 0.406972
vn -0.000000 -0.906908 0.421329
vn -0.000000 -0.337225 0.941424
vn -0.000000 -0.906908 0.421329
vn 0.109048 -0.906908 0.406973
vn 0.243658 -0.337225 0.909346
vn 0.210664 -0.906908 0.364882
vn 0.470711 -0.337225 0.815298
vn 0.243658 -0.337225 0.909346
vn 0.109048 -0.906908 0.406973
vn 0.470711 -0.337225 0.815298
vn 0.210664 -0.906908 0.364882
vn 0.297924 -0.906908 0.297925
vn 0.665687 -0.337224 0.665688
vn 0.665687 -0.337224 0.665688
vn 0.297924 -0.906908 0.297925
vn 0.364882 -0.906908 0.210665
vn 0.815297 -0.337225 0.470713
vn 0.815297 -0.337225 0.470713
vn 0.364882 -0.906908 0.210665
vn 0.406973 -0.906908 0.109048
vn 0.909346 -0.337225 0.243659
vn 0.941424 -0.337225 0.000000
vn 0.909346 -0.337225 0.243659
vn 0.406973 -0.906908 0.109048
vn 0.421329 -0.906908 0.000000
vn 0.383682 0.917725 -0.102807
vn 0.397217 0.917725 0.000000
vn 0.913858 0.406033 0.000000
vn 0.882719 0.406033 -0.236524
vn 0.344000 0.917725 -0.198609
vn 0.383682 0.917725 -0.102807
vn 0.882719 0.406033 -0.236524
vn 0.791425 0.406033 -0.456929
vn 0.791425 0.406033 -0.456929
vn 0.646196 0.406033 -0.646195
vn 0.280875 0.917725 -0.280875
vn 0.344000 0.917725 -0.198609
vn 0.646196 0.406033 -0.646195
vn 0.456929 0.406033 -0.791425
vn 0.198608 0.917725 -0.344000
vn 0.280875 0.917725 -0.280875
vn 0.456929 0.406033 -0.791425
vn 0.236524 0.406033 -0.882719
vn 0.102807 0.917725 -0.383682
vn 0.198608 0.917725 -0.344000
vn 0.236524 0.406033 -0.882719
vn 0.000000 0.406033 -0.913858
vn 0.000000 0.917725 -0.397216
vn 0.102807 0.917725 -0.383682
vn -0.236524 0.406033 -0.882719
vn -0.102807 0.917725 -0.383682
vn 0.000000 0.917725 -0.397216
vn 0.000000 0.406033 -0.913858
vn -0.456929 0.406033 -0.791425
vn -0.198608 0.917725 -0.344000
vn -0.102807 0.917725 -0.383682
vn -0.236524 0.406033 -0.882719
vn -0.198608 0.917725 -0.344000
vn -0.456929 0.406033 -0.791425
vn -0.646195 0.406033 -0.646196
vn -0.280875 0.917725 -0.280875
vn -0.280875 0.917725 -0.280875
vn -0.646195 0.406033 -0.646196
vn -0.791424 0.406033 -0.456930
vn -0.344000 0.917725 -0.198609
vn -0.882719 0.406033 -0.236524
vn -0.383682 0.917725 -0.102807
vn -0.344000 0.917725 -0.198609
vn -0.791424 0.406033 -0.456930
vn -0.913858 0.406033 -0.000000
vn -0.397217 0.917725 -0.000000
vn -0.383682 0.917725 -0.102807
vn -0.882719 0.406033 -0.236524
vn -0.882719 0.406033 0.236524
vn -0.383682 0.917725 0.102807
vn -0.397217 0.917725 -0.000000
vn -0.913858 0.406033 -0.000000
vn -0.791425 0.406033 0.456929
vn -0.344000 0.917725 0.198608
vn -0.383682 0.917725 0.102807
vn -0.882719 0.406033 0.236524
vn -0.646196 0.406033 0.646195
vn -0.280875 0.917725 0.280874
vn -0.344000 0.917725 0.198608
vn -0.791425 0.406033 0.456929
vn -0.456930 0.406033 0.791424
vn -0.198609 0.917725 0.344000
vn -0.280875 0.917725 0.280874
vn -0.646196 0.406033 0.646195
vn -0.198609 0.917725 0.344000
vn -0.456930 0.406033 0.791424
vn -0.236524 0.406033 0.882719
vn -0.102808 0.917725 0.383682
vn -0.000000 0.917725 0.397217
vn -0.102808 0.917725 0.383682
vn -0.236524 0.406033 0.882719
vn -0.000000 0.406033 0.913858
vn 0.236524 0.406033 0.882719
vn 0.102807 0.917725 0.383682
vn -0.000000 0.917725 0.397217
vn -0.000000 0.406033 0.913858
vn 0.456928 0.406033 0.791425
vn 0.198608 0.917725 0.344000
vn 0.102807 0.917725 0.383682
vn 0.236524 0.406033 0.882719
vn 0.646195 0.406033 0.646196
vn 0.280874 0.917725 0.280875
vn 0.198608 0.917725 0.344000
vn 0.456928 0.406033 0.791425
vn 0.791424 0.406033 0.456930
vn 0.344000 0.917725 0.198608
vn 0.280874 0.917725 0.280875
vn 0.646195 0.406033 0.646196
vn 0.882719 0.406033 0.236525
vn 0.383682 0.917725 0.102808
vn 0.344000 0.917725 0.198608
vn 0.791424 0.406033 0.456930
vn 0.882719 0.406033 0.236525
vn 0.913858 0.406033 0.000000
vn 0.397217 0.917725 0.000000
vn 0.383682 0.917725 0.102808
vn -0.233079 -0.434757 -0.869862
vn -0.246165 -0.308850 -0.918702
vn -0.000000 -0.308851 -0.951110
vn 0.000000 -0.434757 -0.900548
vn -0.246165 -0.308850 -0.918702
vn -0.233079 -0.434757 -0.869862
vn -0.450273 -0.434757 -0.779898
vn -0.475553 -0.308851 -0.823687
vn 0.000000 -0.434757 -0.900548
vn -0.000000 -0.308851 -0.951110
vn 0.246166 -0.308852 -0.918702
vn 0.233079 -0.434757 -0.869862
vn -0.475553 -0.308851 -0.823687
vn -0.450273 -0.434757 -0.779898
vn -0.636783 -0.434757 -0.636784
vn -0.672536 -0.308851 -0.672537
vn -0.672536 -0.308851 -0.672537
vn -0.636783 -0.434757 -0.636784
vn -0.779898 -0.434757 -0.450273
vn -0.823686 -0.308851 -0.475555
vn -0.823686 -0.308851 -0.475555
vn -0.779898 -0.434757 -0.450273
vn -0.869862 -0.434757 -0.233079
vn -0.918702 -0.308851 -0.246165
vn -0.918702 -0.308851 -0.246165
vn -0.869862 -0.434757 -0.233079
vn -0.900548 -0.434757 -0.000000
vn -0.951110 -0.308851 -0.000000
vn -0.951110 -0.308851 -0.000000
vn -0.900548 -0.434757 -0.000000
vn -0.869863 -0.434757 0.233079
vn -0.918702 -0.308851 0.246165
vn -0.918702 -0.308851 0.246165
vn -0.869863 -0.434757 0.233079
vn -0.779898 -0.434757 0.450273
vn -0.823687 -0.308851 0.475554
vn -0.823687 -0.308851 0.475554
vn -0.779898 -0.434757 0.450273
vn -0.636784 -0.434757 0.636783
vn -0.672537 -0.308851 0.672536
vn -0.672537 -0.308851 0.672536
vn -0.636784 -0.434757 0.636783
vn -0.450274 -0.434757 0.779897
vn -0.475555 -0.308851 0.823686
vn -0.475555 -0.308851 0.823686
vn -0.450274 -0.434757 0.779897
vn -0.233080 -0.434757 0.869862
vn -0.246166 -0.308851 0.918702
vn -0.246166 -0.308851 0.918702
vn -0.233080 -0.434757 0.869862
vn -0.000001 -0.434757 0.900548
vn -0.000001 -0.308851 0.951110
vn -0.000001 -0.308851 0.951110
vn -0.000001 -0.434757 0.900548
vn 0.233079 -0.434757 0.869862
vn 0.246165 -0.308851 0.918702
vn 0.246165 -0.308851 0.918702
vn 0.233079 -0.434757 0.869862
vn 0.450273 -0.434757 0.779898
vn 0.475554 -0.308851 0.823686
vn 0.475554 -0.308851 0.823686
vn 0.450273 -0.434757 0.779898
vn 0.636783 -0.434757 0.636784
vn 0.672537 -0.308850 0.672537
vn 0.672537 -0.308850 0.672537
vn 0.636783 -0.434757 0.636784
vn 0.779897 -0.434757 0.450274
vn 0.823686 -0.308851 0.475555
vn 0.823686 -0.308851 0.475555
vn 0.779897 -0.434757 0.450274
vn 0.869862 -0.434757 0.233079
vn 0.918702 -0.308851 0.246166
vn 0.918702 -0.308851 0.246166
vn 0.869862 -0.434757 0.233079
vn 0.900548 -0.434757 0.000000
vn 0.951110 -0.308851 0.000001
vn 0.951110 -0.308851 0.000001
vn 0.900548 -0.434757 0.000000
vn 0.869863 -0.434757 -0.233078
vn 0.918702 -0.308851 -0.246165
vn 0.918702 -0.308851 -0.246165
vn 0.869863 -0.434757 -0.233078
vn 0.779898 -0.434757 -0.450273
vn 0.823687 -0.308851 -0.475554
vn 0.823687 -0.308851 -0.475554
vn 0.779898 -0.434757 -0.450273
vn 0.636783 -0.434757 -0.636783
vn 0.672537 -0.308851 -0.672536
vn 0.672537 -0.308851 -0.672536
vn 0.636783 -0.434757 -0.636783
vn 0.450274 -0.434757 -0.779897
vn 0.475555 -0.308851 -0.823686
vn 0.475555 -0.308851 -0.823686
vn 0.450274 -0.434757 -0.779897
vn 0.233079 -0.434757 -0.869862
vn 0.246166 -0.308852 -0.918702
vn 0.000000 0.330203 -0.943910
vn 0.000000 0.452795 -0.891615
vn 0.230767 0.452795 -0.861234
vn 0.244302 0.330204 -0.911747
vn 0.000000 0.452795 -0.891615
vn 0.000000 0.330203 -0.943910
vn -0.244301 0.330203 -0.911747
vn -0.230767 0.452795 -0.861234
vn -0.230767 0.452795 -0.861234
vn -0.244301 0.330203 -0.911747
vn -0.471953 0.330203 -0.817451
vn -0.445806 0.452796 -0.772161
vn 0.000000 0.208269 -0.978072
vn 0.000000 0.085893 -0.996304
vn -0.257863 0.085893 -0.962356
vn -0.253143 0.208269 -0.944745
vn 0.000000 0.085893 -0.996304
vn 0.000000 0.208269 -0.978072
vn 0.253144 0.208269 -0.944744
vn 0.257863 0.085893 -0.962356
vn -0.253143 0.208269 -0.944745
vn -0.257863 0.085893 -0.962356
vn -0.498151 0.085893 -0.862826
vn -0.489034 0.208269 -0.847036
vn -0.445806 0.452796 -0.772161
vn -0.471953 0.330203 -0.817451
vn -0.667445 0.330203 -0.667445
vn -0.630467 0.452796 -0.630467
vn -0.489034 0.208269 -0.847036
vn -0.498151 0.085893 -0.862826
vn -0.704494 0.085893 -0.704494
vn -0.691601 0.208270 -0.691601
vn -0.630467 0.452796 -0.630467
vn -0.667445 0.330203 -0.667445
vn -0.817450 0.330203 -0.471955
vn -0.772161 0.452796 -0.445807
vn -0.691601 0.208270 -0.691601
vn -0.704494 0.085893 -0.704494
vn -0.862825 0.085893 -0.498151
vn -0.847035 0.208269 -0.489036
vn -0.772161 0.452796 -0.445807
vn -0.817450 0.330203 -0.471955
vn -0.911747 0.330203 -0.244301
vn -0.861234 0.452795 -0.230766
vn -0.847035 0.208269 -0.489036
vn -0.862825 0.085893 -0.498151
vn -0.962356 0.085893 -0.257862
vn -0.944745 0.208269 -0.253143
vn -0.861234 0.452795 -0.230766
vn -0.911747 0.330203 -0.244301
vn -0.943910 0.330203 0.000000
vn -0.891615 0.452795 0.000000
vn -0.944745 0.208269 -0.253143
vn -0.962356 0.085893 -0.257862
vn -0.996304 0.085893 -0.000000
vn -0.978071 0.208270 0.000000
vn -0.891615 0.452795 0.000000
vn -0.943910 0.330203 0.000000
vn -0.911747 0.330203 0.244302
vn -0.861233 0.452795 0.230767
vn -0.978071 0.208270 0.000000
vn -0.996304 0.085893 -0.000000
vn -0.962356 0.085893 0.257862
vn -0.944745 0.208269 0.253143
vn -0.861233 0.452795 0.230767
vn -0.911747 0.330203 0.244302
vn -0.817451 0.330203 0.471954
vn -0.772161 0.452796 0.445807
vn -0.944745 0.208269 0.253143
vn -0.962356 0.085893 0.257862
vn -0.862826 0.085893 0.498151
vn -0.847036 0.208269 0.489034
vn -0.772161 0.452796 0.445807
vn -0.817451 0.330203 0.471954
vn -0.667446 0.330203 0.667444
vn -0.630467 0.452796 0.630466
vn -0.847036 0.208269 0.489034
vn -0.862826 0.085893 0.498151
vn -0.704494 0.085893 0.704493
vn -0.691602 0.208270 0.691600
vn -0.630467 0.452796 0.630466
vn -0.667446 0.330203 0.667444
vn -0.471956 0.330204 0.817449
vn -0.445808 0.452796 0.772160
vn -0.691602 0.208270 0.691600
vn -0.704494 0.085893 0.704493
vn -0.498153 0.085893 0.862825
vn -0.489036 0.208270 0.847034
vn -0.445808 0.452796 0.772160
vn -0.471956 0.330204 0.817449
vn -0.244303 0.330204 0.911747
vn -0.230768 0.452796 0.861233
vn -0.489036 0.208270 0.847034
vn -0.498153 0.085893 0.862825
vn -0.257863 0.085893 0.962356
vn -0.253144 0.208270 0.944744
vn -0.230768 0.452796 0.861233
vn -0.244303 0.330204 0.911747
vn -0.000001 0.330203 0.943910
vn -0.000001 0.452796 0.891614
vn -0.253144 0.208270 0.944744
vn -0.257863 0.085893 0.962356
vn -0.000001 0.085893 0.996304
vn -0.000001 0.208270 0.978071
vn -0.000001 0.452796 0.891614
vn -0.000001 0.330203 0.943910
vn 0.244301 0.330203 0.911747
vn 0.230766 0.452795 0.861234
vn -0.000001 0.208270 0.978071
vn -0.000001 0.085893 0.996304
vn 0.257862 0.085893 0.962356
vn 0.253143 0.208270 0.944745
vn 0.230766 0.452795 0.861234
vn 0.244301 0.330203 0.911747
vn 0.471954 0.330203 0.817450
vn 0.445807 0.452795 0.772161
vn 0.253143 0.208270 0.944745
vn 0.257862 0.085893 0.962356
vn 0.498152 0.085893 0.862825
vn 0.489035 0.208270 0.847035
vn 0.445807 0.452795 0.772161
vn 0.471954 0.330203 0.817450
vn 0.667445 0.330203 0.667445
vn 0.630466 0.452795 0.630467
vn 0.489035 0.208270 0.847035
vn 0.498152 0.085893 0.862825
vn 0.704494 0.085893 0.704493
vn 0.691601 0.208269 0.691601
vn 0.630466 0.452795 0.630467
vn 0.667445 0.330203 0.667445
vn 0.817450 0.330203 0.471955
vn 0.772160 0.452796 0.445808
vn 0.691601 0.208269 0.691601
vn 0.704494 0.085893 0.704493
vn 0.862825 0.085893 0.498152
vn 0.847034 0.208269 0.489037
vn 0.772160 0.452796 0.445808
vn 0.817450 0.330203 0.471955
vn 0.911747 0.330204 0.244302
vn 0.861233 0.452796 0.230767
vn 0.847034 0.208269 0.489037
vn 0.862825 0.085893 0.498152
vn 0.962356 0.085893 0.257863
vn 0.944745 0.208269 0.253144
vn 0.861233 0.452796 0.230767
vn 0.911747 0.330204 0.244302
vn 0.943910 0.330203 0.000001
vn 0.891614 0.452796 0.000001
vn 0.944745 0.208269 0.253144
vn 0.962356 0.085893 0.257863
vn 0.996304 0.085893 0.000001
vn 0.978072 0.208269 0.000001
vn 0.891614 0.452796 0.000001
vn 0.943910 0.330203 0.000001
vn 0.911747 0.330203 -0.244301
vn 0.861233 0.452795 -0.230766
vn 0.978072 0.208269 0.000001
vn 0.996304 0.085893 0.000001
vn 0.962356 0.085893 -0.257862
vn 0.944745 0.208269 -0.253143
vn 0.861233 0.452795 -0.230766
vn 0.911747 0.330203 -0.244301
vn 0.817451 0.330204 -0.471954
vn 0.772161 0.452796 -0.445806
vn 0.944745 0.208269 -0.253143
vn 0.962356 0.085893 -0.257862
vn 0.862826 0.085893 -0.498151
vn 0.847036 0.208269 -0.489034
vn 0.772161 0.452796 -0.445806
vn 0.817451 0.330204 -0.471954
vn 0.667446 0.330204 -0.667444
vn 0.630467 0.452796 -0.630466
vn 0.847036 0.208269 -0.489034
vn 0.862826 0.085893 -0.498151
vn 0.704494 0.085893 -0.704493
vn 0.691601 0.208269 -0.691601
vn 0.630467 0.452796 -0.630466
vn 0.667446 0.330204 -0.667444
vn 0.471955 0.330204 -0.817449
vn 0.445807 0.452796 -0.772160
vn 0.691601 0.208269 -0.691601
vn 0.704494 0.085893 -0.704493
vn 0.498152 0.085893 -0.862825
vn 0.489036 0.208269 -0.847035
vn 0.445807 0.452796 -0.772160
vn 0.471955 0.330204 -0.817449
vn 0.244302 0.330204 -0.911747
vn 0.230767 0.452795 -0.861234
vn 0.489036 0.208269 -0.847035
vn 0.498152 0.085893 -0.862825
vn 0.257863 0.085893 -0.962356
vn 0.253144 0.208269 -0.944744
vn -0.247353 0.294344 -0.923135
vn -0.236333 0.407695 -0.882005
vn 0.000000 0.407695 -0.913118
vn 0.000000 0.294344 -0.955700
vn -0.236333 0.407695 -0.882005
vn -0.247353 0.294344 -0.923135
vn -0.477849 0.294344 -0.827660
vn -0.456559 0.407694 -0.790784
vn 0.000000 0.294344 -0.955700
vn 0.000000 0.407695 -0.913118
vn 0.236333 0.407695 -0.882004
vn 0.247354 0.294344 -0.923135
vn 0.000000 0.177006 -0.984210
vn 0.000000 0.033049 -0.999454
vn -0.258678 0.033049 -0.965398
vn -0.254732 0.177007 -0.950674
vn 0.000000 0.033049 -0.999454
vn 0.000000 0.177006 -0.984210
vn 0.254733 0.177007 -0.950673
vn 0.258678 0.033049 -0.965398
vn -0.254732 0.177007 -0.950674
vn -0.258678 0.033049 -0.965398
vn -0.499726 0.033049 -0.865553
vn -0.492104 0.177007 -0.852351
vn -0.456559 0.407694 -0.790784
vn -0.477849 0.294344 -0.827660
vn -0.675782 0.294344 -0.675782
vn -0.645672 0.407694 -0.645673
vn -0.492104 0.177007 -0.852351
vn -0.499726 0.033049 -0.865553
vn -0.706720 0.033050 -0.706721
vn -0.695941 0.177007 -0.695941
vn -0.645672 0.407694 -0.645673
vn -0.675782 0.294344 -0.675782
vn -0.827660 0.294344 -0.477850
vn -0.790784 0.407694 -0.456559
vn -0.695941 0.177007 -0.695941
vn -0.706720 0.033050 -0.706721
vn -0.865552 0.033049 -0.499727
vn -0.852351 0.177007 -0.492105
vn -0.790784 0.407694 -0.456559
vn -0.827660 0.294344 -0.477850
vn -0.923135 0.294344 -0.247353
vn -0.882005 0.407694 -0.236333
vn -0.852351 0.177007 -0.492105
vn -0.865552 0.033049 -0.499727
vn -0.965398 0.033049 -0.258678
vn -0.950674 0.177007 -0.254732
vn -0.882005 0.407694 -0.236333
vn -0.923135 0.294344 -0.247353
vn -0.955700 0.294344 -0.000000
vn -0.913119 0.407694 -0.000000
vn -0.950674 0.177007 -0.254732
vn -0.965398 0.033049 -0.258678
vn -0.999454 0.033049 -0.000000
vn -0.984210 0.177006 -0.000000
vn -0.913119 0.407694 -0.000000
vn -0.955700 0.294344 -0.000000
vn -0.923135 0.294344 0.247353
vn -0.882005 0.407694 0.236333
vn -0.984210 0.177006 -0.000000
vn -0.999454 0.033049 -0.000000
vn -0.965398 0.033049 0.258677
vn -0.950674 0.177007 0.254732
vn -0.882005 0.407694 0.236333
vn -0.923135 0.294344 0.247353
vn -0.827660 0.294344 0.477849
vn -0.790784 0.407694 0.456559
vn -0.950674 0.177007 0.254732
vn -0.965398 0.033049 0.258677
vn -0.865552 0.033049 0.499726
vn -0.852351 0.177007 0.492104
vn -0.790784 0.407694 0.456559
vn -0.827660 0.294344 0.477849
vn -0.675782 0.294344 0.675781
vn -0.645673 0.407694 0.645672
vn -0.852351 0.177007 0.492104
vn -0.865552 0.033049 0.499726
vn -0.706721 0.033049 0.706720
vn -0.695941 0.177007 0.695941
vn -0.645673 0.407694 0.645672
vn -0.675782 0.294344 0.675781
vn -0.477850 0.294344 0.827660
vn -0.456559 0.407694 0.790784
vn -0.695941 0.177007 0.695941
vn -0.706721 0.033049 0.706720
vn -0.499727 0.033049 0.865552
vn -0.492105 0.177007 0.852351
vn -0.456559 0.407694 0.790784
vn -0.477850 0.294344 0.827660
vn -0.247354 0.294344 0.923135
vn -0.236333 0.407694 0.882005
vn -0.492105 0.177007 0.852351
vn -0.499727 0.033049 0.865552
vn -0.258678 0.033049 0.965398
vn -0.254733 0.177007 0.950673
vn -0.236333 0.407694 0.882005
vn -0.247354 0.294344 0.923135
vn -0.000000 0.294344 0.955700
vn -0.000000 0.407694 0.913119
vn -0.254733 0.177007 0.950673
vn -0.258678 0.033049 0.965398
vn -0.000000 0.033049 0.999454
vn -0.000000 0.177006 0.984210
vn -0.000000 0.407694 0.913119
vn -0.000000 0.294344 0.955700
vn 0.247353 0.294344 0.923135
vn 0.236332 0.407694 0.882005
vn -0.000000 0.177006 0.984210
vn -0.000000 0.033049 0.999454
vn 0.258677 0.033049 0.965398
vn 0.254732 0.177006 0.950674
vn 0.236332 0.407694 0.882005
vn 0.247353 0.294344 0.923135
vn 0.477849 0.294344 0.827660
vn 0.456559 0.407694 0.790784
vn 0.254732 0.177006 0.950674
vn 0.258677 0.033049 0.965398
vn 0.499726 0.033049 0.865553
vn 0.492104 0.177007 0.852351
vn 0.456559 0.407694 0.790784
vn 0.477849 0.294344 0.827660
vn 0.675782 0.294344 0.675782
vn 0.645672 0.407694 0.645672
vn 0.492104 0.177007 0.852351
vn 0.499726 0.033049 0.865553
vn 0.706720 0.033049 0.706721
vn 0.695941 0.177008 0.695941
vn 0.645672 0.407694 0.645672
vn 0.675782 0.294344 0.675782
vn 0.827660 0.294344 0.477850
vn 0.790784 0.407694 0.456560
vn 0.695941 0.177008 0.695941
vn 0.706720 0.033049 0.706721
vn 0.865552 0.033049 0.499727
vn 0.852350 0.177007 0.492105
vn 0.790784 0.407694 0.456560
vn 0.827660 0.294344 0.477850
vn 0.923135 0.294344 0.247354
vn 0.882005 0.407694 0.236333
vn 0.852350 0.177007 0.492105
vn 0.865552 0.033049 0.499727
vn 0.965398 0.033049 0.258678
vn 0.950673 0.177006 0.254733
vn 0.882005 0.407694 0.236333
vn 0.923135 0.294344 0.247354
vn 0.955700 0.294344 0.000001
vn 0.913119 0.407694 0.000001
vn 0.950673 0.177006 0.254733
vn 0.965398 0.033049 0.258678
vn 0.999454 0.033049 0.000001
vn 0.984210 0.177007 0.000001
vn 0.913119 0.407694 0.000001
vn 0.955700 0.294344 0.000001
vn 0.923135 0.294344 -0.247353
vn 0.882005 0.407694 -0.236332
vn 0.984210 0.177007 0.000001
vn 0.999454 0.033049 0.000001
vn 0.965398 0.033049 -0.258677
vn 0.950674 0.177007 -0.254732
vn 0.882005 0.407694 -0.236332
vn 0.923135 0.294344 -0.247353
vn 0.827661 0.294344 -0.477849
vn 0.790785 0.407694 -0.456559
vn 0.950674 0.177007 -0.254732
vn 0.965398 0.033049 -0.258677
vn 0.865553 0.033049 -0.499726
vn 0.852351 0.177007 -0.492104
vn 0.790785 0.407694 -0.456559
vn 0.827661 0.294344 -0.477849
vn 0.675782 0.294343 -0.675781
vn 0.645672 0.407694 -0.645672
vn 0.852351 0.177007 -0.492104
vn 0.865553 0.033049 -0.499726
vn 0.706721 0.033049 -0.706720
vn 0.695942 0.177008 -0.695941
vn 0.645672 0.407694 -0.645672
vn 0.675782 0.294343 -0.675781
vn 0.477850 0.294344 -0.827660
vn 0.456559 0.407694 -0.790784
vn 0.695942 0.177008 -0.695941
vn 0.706721 0.033049 -0.706720
vn 0.499727 0.033049 -0.865552
vn 0.492105 0.177007 -0.852350
vn 0.456559 0.407694 -0.790784
vn 0.477850 0.294344 -0.827660
vn 0.247354 0.294344 -0.923135
vn 0.236333 0.407695 -0.882004
vn 0.492105 0.177007 -0.852350
vn 0.499727 0.033049 -0.865552
vn 0.258678 0.033049 -0.965398
vn 0.254733 0.177007 -0.950673
vn -0.212944 -0.568400 -0.794718
vn -0.242471 -0.349765 -0.904915
vn 0.000000 -0.349766 -0.936837
vn 0.000000 -0.568400 -0.822752
vn -0.242471 -0.349765 -0.904915
vn -0.212944 -0.568400 -0.794718
vn -0.411376 -0.568400 -0.712525
vn -0.468418 -0.349765 -0.811325
vn 0.000000 -0.568400 -0.822752
vn 0.000000 -0.349766 -0.936837
vn 0.242471 -0.349766 -0.904915
vn 0.212944 -0.568400 -0.794717
vn -0.468418 -0.349765 -0.811325
vn -0.411376 -0.568400 -0.712525
vn -0.581774 -0.568400 -0.581774
vn -0.662444 -0.349765 -0.662444
vn -0.662444 -0.349765 -0.662444
vn -0.581774 -0.568400 -0.581774
vn -0.712524 -0.568400 -0.411376
vn -0.811325 -0.349765 -0.468419
vn -0.811325 -0.349765 -0.468419
vn -0.712524 -0.568400 -0.411376
vn -0.794717 -0.568401 -0.212944
vn -0.904915 -0.349766 -0.242471
vn -0.904915 -0.349766 -0.242471
vn -0.794717 -0.568401 -0.212944
vn -0.822752 -0.568401 -0.000000
vn -0.936837 -0.349766 -0.000000
vn -0.936837 -0.349766 -0.000000
vn -0.822752 -0.568401 -0.000000
vn -0.794717 -0.568401 0.212944
vn -0.904915 -0.349766 0.242471
vn -0.904915 -0.349766 0.242471
vn -0.794717 -0.568401 0.212944
vn -0.712524 -0.568400 0.411376
vn -0.811325 -0.349766 0.468418
vn -0.811325 -0.349766 0.468418
vn -0.712524 -0.568400 0.411376
vn -0.581774 -0.568401 0.581773
vn -0.662444 -0.349766 0.662444
vn -0.662444 -0.349766 0.662444
vn -0.581774 -0.568401 0.581773
vn -0.411376 -0.568401 0.712524
vn -0.468418 -0.349766 0.811325
vn -0.468418 -0.349766 0.811325
vn -0.411376 -0.568401 0.712524
vn -0.212944 -0.568400 0.794717
vn -0.242471 -0.349766 0.904915
vn -0.242471 -0.349766 0.904915
vn -0.212944 -0.568400 0.794717
vn -0.000000 -0.568401 0.822752
vn -0.000000 -0.349766 0.936837
vn -0.000000 -0.349766 0.936837
vn -0.000000 -0.568401 0.822752
vn 0.212944 -0.568401 0.794717
vn 0.242471 -0.349766 0.904915
vn 0.242471 -0.349766 0.904915
vn 0.212944 -0.568401 0.794717
vn 0.411375 -0.568401 0.712525
vn 0.468418 -0.349766 0.811325
vn 0.468418 -0.349766 0.811325
vn 0.411375 -0.568401 0.712525
vn 0.581773 -0.568401 0.581774
vn 0.662443 -0.349766 0.662444
vn 0.662443 -0.349766 0.662444
vn 0.581773 -0.568401 0.581774
vn 0.712524 -0.568401 0.411376
vn 0.811325 -0.349766 0.468418
vn 0.811325 -0.349766 0.468418
vn 0.712524 -0.568401 0.411376
vn 0.794717 -0.568400 0.212944
vn 0.904915 -0.349766 0.242472
vn 0.904915 -0.349766 0.242472
vn 0.794717 -0.568400 0.212944
vn 0.822752 -0.568401 0.000000
vn 0.936837 -0.349766 0.000001
vn 0.936837 -0.349766 0.000001
vn 0.822752 -0.568401 0.000000
vn 0.794718 -0.568401 -0.212943
vn 0.904915 -0.349766 -0.242471
vn 0.904915 -0.349766 -0.242471
vn 0.794718 -0.568401 -0.212943
vn 0.712525 -0.568400 -0.411375
vn 0.811325 -0.349766 -0.468418
vn 0.811325 -0.349766 -0.468418
vn 0.712525 -0.568400 -0.411375
vn 0.581774 -0.568400 -0.581773
vn 0.662444 -0.349765 -0.662444
vn 0.662444 -0.349765 -0.662444
vn 0.581774 -0.568400 -0.581773
vn 0.411376 -0.568400 -0.712524
vn 0.468419 -0.349765 -0.811325
vn 0.468419 -0.349765 -0.811325
vn 0.411376 -0.568400 -0.712524
vn 0.212944 -0.568400 -0.794717
vn 0.242471 -0.349766 -0.904915
vn 0.000000 -0.225446 -0.974256
vn 0.000000 -0.073515 -0.997294
vn 0.258119 -0.073515 -0.963312
vn 0.252156 -0.225446 -0.941059
vn 0.000000 -0.073515 -0.997294
vn 0.000000 -0.225446 -0.974256
vn -0.252156 -0.225446 -0.941059
vn -0.258119 -0.073515 -0.963312
vn -0.258119 -0.073515 -0.963312
vn -0.252156 -0.225446 -0.941059
vn -0.487127 -0.225446 -0.843730
vn -0.498647 -0.073515 -0.863682
vn -0.498647 -0.073515 -0.863682
vn -0.487127 -0.225446 -0.843730
vn -0.688902 -0.225446 -0.688903
vn -0.705193 -0.073515 -0.705193
vn -0.705193 -0.073515 -0.705193
vn -0.688902 -0.225446 -0.688903
vn -0.843730 -0.225447 -0.487128
vn -0.863682 -0.073515 -0.498647
vn -0.863682 -0.073515 -0.498647
vn -0.843730 -0.225447 -0.487128
vn -0.941059 -0.225446 -0.252156
vn -0.963312 -0.073515 -0.258119
vn -0.963312 -0.073515 -0.258119
vn -0.941059 -0.225446 -0.252156
vn -0.974256 -0.225446 -0.000000
vn -0.997294 -0.073515 -0.000000
vn -0.997294 -0.073515 -0.000000
vn -0.974256 -0.225446 -0.000000
vn -0.941059 -0.225446 0.252156
vn -0.963312 -0.073515 0.258118
vn -0.963312 -0.073515 0.258118
vn -0.941059 -0.225446 0.252156
vn -0.843730 -0.225446 0.487127
vn -0.863682 -0.073515 0.498647
vn -0.863682 -0.073515 0.498647
vn -0.843730 -0.225446 0.487127
vn -0.688903 -0.225446 0.688902
vn -0.705194 -0.073515 0.705193
vn -0.705194 -0.073515 0.705193
vn -0.688903 -0.225446 0.688902
vn -0.487128 -0.225446 0.843730
vn -0.498647 -0.073515 0.863682
vn -0.498647 -0.073515 0.863682
vn -0.487128 -0.225446 0.843730
vn -0.252156 -0.225447 0.941058
vn -0.258119 -0.073515 0.963312
vn -0.258119 -0.073515 0.963312
vn -0.252156 -0.225447 0.941058
vn -0.000000 -0.225447 0.974256
vn -0.000000 -0.073515 0.997294
vn -0.000000 -0.073515 0.997294
vn -0.000000 -0.225447 0.974256
vn 0.252156 -0.225447 0.941059
vn 0.258118 -0.073515 0.963312
vn 0.258118 -0.073515 0.963312
vn 0.252156 -0.225447 0.941059
vn 0.487127 -0.225446 0.843731
vn 0.498646 -0.073515 0.863683
vn 0.498646 -0.073515 0.863683
vn 0.487127 -0.225446 0.843731
vn 0.688902 -0.225446 0.688903
vn 0.705193 -0.073515 0.705194
vn 0.705193 -0.073515 0.705194
vn 0.688902 -0.225446 0.688903
vn 0.843730 -0.225446 0.487128
vn 0.863682 -0.073515 0.498647
vn 0.863682 -0.073515 0.498647
vn 0.843730 -0.225446 0.487128
vn 0.941059 -0.225446 0.252156
vn 0.963312 -0.073515 0.258119
vn 0.963312 -0.073515 0.258119
vn 0.941059 -0.225446 0.252156
vn 0.974256 -0.225446 0.000001
vn 0.997294 -0.073515 0.000001
vn 0.997294 -0.073515 0.000001
vn 0.974256 -0.225446 0.000001
vn 0.941059 -0.225446 -0.252156
vn 0.963312 -0.073515 -0.258118
vn 0.963312 -0.073515 -0.258118
vn 0.941059 -0.225446 -0.252156
vn 0.843730 -0.225446 -0.487127
vn 0.863683 -0.073515 -0.498646
vn 0.863683 -0.073515 -0.498646
vn 0.843730 -0.225446 -0.487127
vn 0.688903 -0.225447 -0.688902
vn 0.705194 -0.073516 -0.705193
vn 0.705194 -0.073516 -0.705193
vn 0.688903 -0.225447 -0.688902
vn 0.487128 -0.225446 -0.843730
vn 0.498647 -0.073515 -0.863682
vn 0.498647 -0.073515 -0.863682
vn 0.487128 -0.225446 -0.843730
vn 0.252156 -0.225446 -0.941059
vn 0.258119 -0.073515 -0.963312
vn -0.199206 0.638438 -0.743447
vn -0.188768 0.684148 -0.704491
vn 0.000000 0.684148 -0.729343
vn 0.000000 0.638438 -0.769673
vn -0.188768 0.684148 -0.704491
vn -0.199206 0.638438 -0.743447
vn -0.384836 0.638438 -0.666557
vn -0.364671 0.684148 -0.631630
vn 0.000000 0.638438 -0.769673
vn 0.000000 0.684148 -0.729343
vn 0.188768 0.684148 -0.704491
vn 0.199207 0.638438 -0.743447
vn -0.209873 0.585204 -0.783256
vn -0.224192 0.499677 -0.836696
vn -0.433106 0.499677 -0.750162
vn -0.405443 0.585204 -0.702248
vn -0.224192 0.499677 -0.836696
vn -0.209873 0.585204 -0.783256
vn 0.000000 0.585204 -0.810886
vn 0.000000 0.499677 -0.866212
vn 0.000000 0.499677 -0.866212
vn 0.000000 0.585204 -0.810886
vn 0.209873 0.585204 -0.783256
vn 0.224193 0.499677 -0.836696
vn -0.364671 0.684148 -0.631630
vn -0.384836 0.638438 -0.666557
vn -0.544241 0.638438 -0.544241
vn -0.515723 0.684148 -0.515724
vn -0.405443 0.585204 -0.702248
vn -0.433106 0.499677 -0.750162
vn -0.612504 0.499677 -0.612504
vn -0.573383 0.585205 -0.573383
vn -0.515723 0.684148 -0.515724
vn -0.544241 0.638438 -0.544241
vn -0.666557 0.638437 -0.384837
vn -0.631630 0.684148 -0.364671
vn -0.573383 0.585205 -0.573383
vn -0.612504 0.499677 -0.612504
vn -0.750161 0.499677 -0.433106
vn -0.702248 0.585205 -0.405443
vn -0.631630 0.684148 -0.364671
vn -0.666557 0.638437 -0.384837
vn -0.743448 0.638437 -0.199206
vn -0.704491 0.684148 -0.188768
vn -0.702248 0.585205 -0.405443
vn -0.750161 0.499677 -0.433106
vn -0.836696 0.499677 -0.224192
vn -0.783255 0.585205 -0.209873
vn -0.704491 0.684148 -0.188768
vn -0.743448 0.638437 -0.199206
vn -0.769674 0.638438 -0.000000
vn -0.729343 0.684148 -0.000000
vn -0.783255 0.585205 -0.209873
vn -0.836696 0.499677 -0.224192
vn -0.866212 0.499677 -0.000000
vn -0.810886 0.585205 -0.000000
vn -0.729343 0.684148 -0.000000
vn -0.769674 0.638438 -0.000000
vn -0.743448 0.638437 0.199206
vn -0.704491 0.684148 0.188767
vn -0.810886 0.585205 -0.000000
vn -0.866212 0.499677 -0.000000
vn -0.836696 0.499677 0.224192
vn -0.783256 0.585205 0.209873
vn -0.704491 0.684148 0.188767
vn -0.743448 0.638437 0.199206
vn -0.666557 0.638437 0.384837
vn -0.631630 0.684148 0.364671
vn -0.783256 0.585205 0.209873
vn -0.836696 0.499677 0.224192
vn -0.750162 0.499677 0.433105
vn -0.702248 0.585205 0.405443
vn -0.631630 0.684148 0.364671
vn -0.666557 0.638437 0.384837
vn -0.544242 0.638437 0.544241
vn -0.515724 0.684148 0.515723
vn -0.702248 0.585205 0.405443
vn -0.750162 0.499677 0.433105
vn -0.612504 0.499677 0.612504
vn -0.573383 0.585205 0.573382
vn -0.515724 0.684148 0.515723
vn -0.544242 0.638437 0.544241
vn -0.384837 0.638437 0.666557
vn -0.364672 0.684148 0.631630
vn -0.573383 0.585205 0.573382
vn -0.612504 0.499677 0.612504
vn -0.433106 0.499677 0.750162
vn -0.405443 0.585205 0.702247
vn -0.364672 0.684148 0.631630
vn -0.384837 0.638437 0.666557
vn -0.199206 0.638437 0.743448
vn -0.188768 0.684148 0.704491
vn -0.405443 0.585205 0.702247
vn -0.433106 0.499677 0.750162
vn -0.224192 0.499677 0.836696
vn -0.209873 0.585205 0.783255
vn -0.188768 0.684148 0.704491
vn -0.199206 0.638437 0.743448
vn -0.000000 0.638438 0.769674
vn -0.000000 0.684148 0.729343
vn -0.209873 0.585205 0.783255
vn -0.224192 0.499677 0.836696
vn -0.000000 0.499677 0.866212
vn -0.000000 0.585205 0.810886
vn -0.000000 0.684148 0.729343
vn -0.000000 0.638438 0.769674
vn 0.199206 0.638438 0.743448
vn 0.188767 0.684148 0.704491
vn -0.000000 0.585205 0.810886
vn -0.000000 0.499677 0.866212
vn 0.224191 0.499677 0.836696
vn 0.209872 0.585205 0.783256
vn 0.188767 0.684148 0.704491
vn 0.199206 0.638438 0.743448
vn 0.384836 0.638437 0.666557
vn 0.364671 0.684148 0.631630
vn 0.209872 0.585205 0.783256
vn 0.224191 0.499677 0.836696
vn 0.433105 0.499677 0.750162
vn 0.405442 0.585205 0.702248
vn 0.364671 0.684148 0.631630
vn 0.384836 0.638437 0.666557
vn 0.544242 0.638437 0.544241
vn 0.515723 0.684148 0.515724
vn 0.405442 0.585205 0.702248
vn 0.433105 0.499677 0.750162
vn 0.612504 0.499678 0.612504
vn 0.573383 0.585205 0.573383
vn 0.515723 0.684148 0.515724
vn 0.544242 0.638437 0.544241
vn 0.666557 0.638437 0.384837
vn 0.631629 0.684148 0.364672
vn 0.573383 0.585205 0.573383
vn 0.612504 0.499678 0.612504
vn 0.750161 0.499677 0.433106
vn 0.702247 0.585205 0.405443
vn 0.631629 0.684148 0.364672
vn 0.666557 0.638437 0.384837
vn 0.743448 0.638437 0.199206
vn 0.704491 0.684148 0.188768
vn 0.702247 0.585205 0.405443
vn 0.750161 0.499677 0.433106
vn 0.836696 0.499677 0.224192
vn 0.783255 0.585205 0.209873
vn 0.704491 0.684148 0.188768
vn 0.743448 0.638437 0.199206
vn 0.769674 0.638437 0.000000
vn 0.729343 0.684148 0.000000
vn 0.783255 0.585205 0.209873
vn 0.836696 0.499677 0.224192
vn 0.866212 0.499677 0.000001
vn 0.810886 0.585205 0.000001
vn 0.729343 0.684148 0.000000
vn 0.769674 0.638437 0.000000
vn 0.743448 0.638438 -0.199206
vn 0.704491 0.684148 -0.188767
vn 0.810886 0.585205 0.000001
vn 0.866212 0.499677 0.000001
vn 0.836696 0.499677 -0.224191
vn 0.783256 0.585205 -0.209872
vn 0.704491 0.684148 -0.188767
vn 0.743448 0.638438 -0.199206
vn 0.666557 0.638438 -0.384836
vn 0.631630 0.684148 -0.364670
vn 0.783256 0.585205 -0.209872
vn 0.836696 0.499677 -0.224191
vn 0.750162 0.499677 -0.433105
vn 0.702248 0.585205 -0.405442
vn 0.631630 0.684148 -0.364670
vn 0.666557 0.638438 -0.384836
vn 0.544242 0.638438 -0.544241
vn 0.515724 0.684148 -0.515723
vn 0.702248 0.585205 -0.405442
vn 0.750162 0.499677 -0.433105
vn 0.612504 0.499678 -0.612504
vn 0.573383 0.585205 -0.573382
vn 0.515724 0.684148 -0.515723
vn 0.544242 0.638438 -0.544241
vn 0.384837 0.638438 -0.666556
vn 0.364672 0.684148 -0.631629
vn 0.573383 0.585205 -0.573382
vn 0.612504 0.499678 -0.612504
vn 0.433106 0.499677 -0.750161
vn 0.405443 0.585204 -0.702248
vn 0.364672 0.684148 -0.631629
vn 0.384837 0.638438 -0.666556
vn 0.199207 0.638438 -0.743447
vn 0.188768 0.684148 -0.704491
vn 0.405443 0.585204 -0.702248
vn 0.433106 0.499677 -0.750161
vn 0.224193 0.499677 -0.836696
vn 0.209873 0.585204 -0.783256
vn -0.254222 -0.187620 -0.948773
vn -0.258615 -0.039689 -0.965165
vn 0.000000 -0.039689 -0.999212
vn -0.000000 -0.187620 -0.982242
vn -0.258615 -0.039689 -0.965165
vn -0.254222 -0.187620 -0.948773
vn -0.491119 -0.187619 -0.850648
vn -0.499605 -0.039689 -0.865344
vn -0.000000 -0.187620 -0.982242
vn 0.000000 -0.039689 -0.999212
vn 0.258615 -0.039689 -0.965165
vn 0.254223 -0.187620 -0.948773
vn -0.499605 -0.039689 -0.865344
vn -0.491119 -0.187619 -0.850648
vn -0.694550 -0.187619 -0.694550
vn -0.706549 -0.039689 -0.706550
vn -0.706549 -0.039689 -0.706550
vn -0.694550 -0.187619 -0.694550
vn -0.850647 -0.187620 -0.491120
vn -0.865343 -0.039689 -0.499606
vn -0.865343 -0.039689 -0.499606
vn -0.850647 -0.187620 -0.491120
vn -0.948773 -0.187619 -0.254223
vn -0.965165 -0.039689 -0.258615
vn -0.965165 -0.039689 -0.258615
vn -0.948773 -0.187619 -0.254223
vn -0.982242 -0.187619 -0.000000
vn -0.999212 -0.039689 -0.000000
vn -0.999212 -0.039689 -0.000000
vn -0.982242 -0.187619 -0.000000
vn -0.948773 -0.187620 0.254222
vn -0.965165 -0.039689 0.258615
vn -0.965165 -0.039689 0.258615
vn -0.948773 -0.187620 0.254222
vn -0.850647 -0.187620 0.491119
vn -0.865344 -0.039689 0.499605
vn -0.865344 -0.039689 0.499605
vn -0.850647 -0.187620 0.491119
vn -0.694550 -0.187619 0.694550
vn -0.706550 -0.039689 0.706549
vn -0.706550 -0.039689 0.706549
vn -0.694550 -0.187619 0.694550
vn -0.491121 -0.187619 0.850646
vn -0.499606 -0.039689 0.865343
vn -0.499606 -0.039689 0.865343
vn -0.491121 -0.187619 0.850646
vn -0.254224 -0.187620 0.948772
vn -0.258616 -0.039689 0.965165
vn -0.258616 -0.039689 0.965165
vn -0.254224 -0.187620 0.948772
vn -0.000001 -0.187620 0.982242
vn -0.000001 -0.039689 0.999212
vn -0.000001 -0.039689 0.999212
vn -0.000001 -0.187620 0.982242
vn 0.254223 -0.187620 0.948773
vn 0.258615 -0.039689 0.965165
vn 0.258615 -0.039689 0.965165
vn 0.254223 -0.187620 0.948773
vn 0.491120 -0.187619 0.850647
vn 0.499605 -0.039689 0.865343
vn 0.499605 -0.039689 0.865343
vn 0.491120 -0.187619 0.850647
vn 0.694550 -0.187619 0.694550
vn 0.706550 -0.039689 0.706549
vn 0.706550 -0.039689 0.706549
vn 0.694550 -0.187619 0.694550
vn 0.850646 -0.187620 0.491121
vn 0.865343 -0.039689 0.499606
vn 0.865343 -0.039689 0.499606
vn 0.850646 -0.187620 0.491121
vn 0.948772 -0.187620 0.254224
vn 0.965165 -0.039689 0.258616
vn 0.965165 -0.039689 0.258616
vn 0.948772 -0.187620 0.254224
vn 0.982242 -0.187620 0.000001
vn 0.999212 -0.039689 0.000001
vn 0.999212 -0.039689 0.000001
vn 0.982242 -0.187620 0.000001
vn 0.948773 -0.187620 -0.254222
vn 0.965165 -0.039689 -0.258615
vn 0.965165 -0.039689 -0.258615
vn 0.948773 -0.187620 -0.254222
vn 0.850647 -0.187620 -0.491119
vn 0.865344 -0.039689 -0.499605
vn 0.865344 -0.039689 -0.499605
vn 0.850647 -0.187620 -0.491119
vn 0.694550 -0.187620 -0.694550
vn 0.706550 -0.039689 -0.706550
vn 0.706550 -0.039689 -0.706550
vn 0.694550 -0.187620 -0.694550
vn 0.491121 -0.187620 -0.850646
vn 0.499606 -0.039689 -0.865343
vn 0.499606 -0.039689 -0.865343
vn 0.491121 -0.187620 -0.850646
vn 0.254223 -0.187620 -0.948773
vn 0.258615 -0.039689 -0.965165
vn -0.186704 0.692551 -0.696789
vn -0.211940 0.573972 -0.790972
vn -0.409436 0.573972 -0.709167
vn -0.360684 0.692551 -0.624724
vn -0.211940 0.573972 -0.790972
vn -0.186704 0.692551 -0.696789
vn 0.000000 0.692551 -0.721369
vn 0.000000 0.573972 -0.818875
vn 0.000000 0.573972 -0.818875
vn 0.000000 0.692551 -0.721369
vn 0.186704 0.692551 -0.696788
vn 0.211941 0.573973 -0.790972
vn -0.360684 0.692551 -0.624724
vn -0.409436 0.573972 -0.709167
vn -0.579032 0.573973 -0.579032
vn -0.510085 0.692551 -0.510084
vn -0.510085 0.692551 -0.510084
vn -0.579032 0.573973 -0.579032
vn -0.709166 0.573972 -0.409437
vn -0.624724 0.692551 -0.360683
vn -0.624724 0.692551 -0.360683
vn -0.709166 0.573972 -0.409437
vn -0.790972 0.573972 -0.211940
vn -0.696789 0.692551 -0.186703
vn -0.696789 0.692551 -0.186703
vn -0.790972 0.573972 -0.211940
vn -0.818875 0.573972 0.000000
vn -0.721369 0.692551 -0.000000
vn -0.721369 0.692551 -0.000000
vn -0.818875 0.573972 0.000000
vn -0.790972 0.573972 0.211940
vn -0.696789 0.692551 0.186704
vn -0.696789 0.692551 0.186704
vn -0.790972 0.573972 0.211940
vn -0.709166 0.573973 0.409437
vn -0.624724 0.692551 0.360684
vn -0.624724 0.692551 0.360684
vn -0.709166 0.573973 0.409437
vn -0.579032 0.573973 0.579032
vn -0.510085 0.692551 0.510084
vn -0.510085 0.692551 0.510084
vn -0.579032 0.573973 0.579032
vn -0.409438 0.573973 0.709166
vn -0.360685 0.692551 0.624724
vn -0.360685 0.692551 0.624724
vn -0.409438 0.573973 0.709166
vn -0.211941 0.573972 0.790972
vn -0.186704 0.692551 0.696789
vn -0.186704 0.692551 0.696789
vn -0.211941 0.573972 0.790972
vn -0.000001 0.573972 0.818875
vn -0.000001 0.692551 0.721369
vn -0.000001 0.692551 0.721369
vn -0.000001 0.573972 0.818875
vn 0.211940 0.573973 0.790972
vn 0.186704 0.692551 0.696789
vn 0.186704 0.692551 0.696789
vn 0.211940 0.573973 0.790972
vn 0.409437 0.573973 0.709166
vn 0.360684 0.692551 0.624724
vn 0.360684 0.692551 0.624724
vn 0.409437 0.573973 0.709166
vn 0.579032 0.573972 0.579032
vn 0.510085 0.692551 0.510085
vn 0.510085 0.692551 0.510085
vn 0.579032 0.573972 0.579032
vn 0.709166 0.573972 0.409438
vn 0.624723 0.692551 0.360685
vn 0.624723 0.692551 0.360685
vn 0.709166 0.573972 0.409438
vn 0.790972 0.573972 0.211941
vn 0.696788 0.692551 0.186704
vn 0.696788 0.692551 0.186704
vn 0.790972 0.573972 0.211941
vn 0.818875 0.573972 0.000001
vn 0.721369 0.692551 0.000000
vn 0.721369 0.692551 0.000000
vn 0.818875 0.573972 0.000001
vn 0.790972 0.573972 -0.211940
vn 0.696789 0.692551 -0.186704
vn 0.696789 0.692551 -0.186704
vn 0.790972 0.573972 -0.211940
vn 0.709167 0.573973 -0.409436
vn 0.624724 0.692551 -0.360684
vn 0.624724 0.692551 -0.360684
vn 0.709167 0.573973 -0.409436
vn 0.579032 0.573973 -0.579032
vn 0.510085 0.692551 -0.510085
vn 0.510085 0.692551 -0.510085
vn 0.579032 0.573973 -0.579032
vn 0.409437 0.573972 -0.709166
vn 0.360684 0.692551 -0.624723
vn 0.360684 0.692551 -0.624723
vn 0.409437 0.573972 -0.709166
vn 0.211941 0.573973 -0.790972
vn 0.186704 0.692551 -0.696788
vn -0.250927 -0.245066 -0.936471
vn -0.233079 -0.434757 -0.869862
vn 0.000000 -0.434757 -0.900548
vn -0.000000 -0.245066 -0.969506
vn -0.484752 -0.245066 -0.839618
vn -0.450273 -0.434757 -0.779898
vn -0.233079 -0.434757 -0.869862
vn -0.250927 -0.245066 -0.936471
vn -0.685544 -0.245066 -0.685545
vn -0.636783 -0.434757 -0.636784
vn -0.450273 -0.434757 -0.779898
vn -0.484752 -0.245066 -0.839618
vn -0.779898 -0.434757 -0.450273
vn -0.636783 -0.434757 -0.636784
vn -0.685544 -0.245066 -0.685545
vn -0.839617 -0.245066 -0.484753
vn -0.869862 -0.434757 -0.233079
vn -0.779898 -0.434757 -0.450273
vn -0.839617 -0.245066 -0.484753
vn -0.936471 -0.245066 -0.250927
vn -0.900548 -0.434757 -0.000000
vn -0.869862 -0.434757 -0.233079
vn -0.936471 -0.245066 -0.250927
vn -0.969506 -0.245066 -0.000000
vn -0.936471 -0.245066 0.250927
vn -0.869863 -0.434757 0.233079
vn -0.900548 -0.434757 -0.000000
vn -0.969506 -0.245066 -0.000000
vn -0.839618 -0.245066 0.484753
vn -0.779898 -0.434757 0.450273
vn -0.869863 -0.434757 0.233079
vn -0.936471 -0.245066 0.250927
vn -0.685545 -0.245066 0.685544
vn -0.636784 -0.434757 0.636783
vn -0.779898 -0.434757 0.450273
vn -0.839618 -0.245066 0.484753
vn -0.450274 -0.434757 0.779897
vn -0.636784 -0.434757 0.636783
vn -0.685545 -0.245066 0.685544
vn -0.484754 -0.245066 0.839617
vn -0.233080 -0.434757 0.869862
vn -0.450274 -0.434757 0.779897
vn -0.484754 -0.245066 0.839617
vn -0.250927 -0.245066 0.936471
vn -0.000001 -0.434757 0.900548
vn -0.233080 -0.434757 0.869862
vn -0.250927 -0.245066 0.936471
vn -0.000001 -0.245067 0.969506
vn 0.250926 -0.245067 0.936471
vn 0.233079 -0.434757 0.869862
vn -0.000001 -0.434757 0.900548
vn -0.000001 -0.245067 0.969506
vn 0.484753 -0.245067 0.839617
vn 0.450273 -0.434757 0.779898
vn 0.233079 -0.434757 0.869862
vn 0.250926 -0.245067 0.936471
vn 0.685545 -0.245067 0.685544
vn 0.636783 -0.434757 0.636784
vn 0.450273 -0.434757 0.779898
vn 0.484753 -0.245067 0.839617
vn 0.779897 -0.434757 0.450274
vn 0.636783 -0.434757 0.636784
vn 0.685545 -0.245067 0.685544
vn 0.839617 -0.245067 0.484753
vn 0.869862 -0.434757 0.233079
vn 0.779897 -0.434757 0.450274
vn 0.839617 -0.245067 0.484753
vn 0.936471 -0.245067 0.250927
vn 0.900548 -0.434757 0.000000
vn 0.869862 -0.434757 0.233079
vn 0.936471 -0.245067 0.250927
vn 0.969506 -0.245067 0.000001
vn 0.936471 -0.245067 -0.250926
vn 0.869863 -0.434757 -0.233078
vn 0.900548 -0.434757 0.000000
vn 0.969506 -0.245067 0.000001
vn 0.839617 -0.245066 -0.484753
vn 0.779898 -0.434757 -0.450273
vn 0.869863 -0.434757 -0.233078
vn 0.936471 -0.245067 -0.250926
vn 0.685544 -0.245067 -0.685544
vn 0.636783 -0.434757 -0.636783
vn 0.779898 -0.434757 -0.450273
vn 0.839617 -0.245066 -0.484753
vn 0.450274 -0.434757 -0.779897
vn 0.636783 -0.434757 -0.636783
vn 0.685544 -0.245067 -0.685544
vn 0.484753 -0.245066 -0.839617
vn 0.233079 -0.434757 -0.869862
vn 0.450274 -0.434757 -0.779897
vn 0.484753 -0.245066 -0.839617
vn 0.250927 -0.245066 -0.936471
vn 0.000000 -0.434757 -0.900548
vn 0.233079 -0.434757 -0.869862
vn 0.250927 -0.245066 -0.936471
vn -0.000000 -0.245066 -0.969506
vn -0.244301 0.330203 -0.911747
vn 0.000000 0.330203 -0.943910
vn 0.000000 0.208269 -0.978072
vn -0.253143 0.208269 -0.944745
vn -0.471953 0.330203 -0.817451
vn -0.244301 0.330203 -0.911747
vn -0.253143 0.208269 -0.944745
vn -0.489034 0.208269 -0.847036
vn -0.667445 0.330203 -0.667445
vn -0.471953 0.330203 -0.817451
vn -0.489034 0.208269 -0.847036
vn -0.691601 0.208270 -0.691601
vn -0.847035 0.208269 -0.489036
vn -0.817450 0.330203 -0.471955
vn -0.667445 0.330203 -0.667445
vn -0.691601 0.208270 -0.691601
vn -0.944745 0.208269 -0.253143
vn -0.911747 0.330203 -0.244301
vn -0.817450 0.330203 -0.471955
vn -0.847035 0.208269 -0.489036
vn -0.978071 0.208270 0.000000
vn -0.943910 0.330203 0.000000
vn -0.911747 0.330203 -0.244301
vn -0.944745 0.208269 -0.253143
vn -0.911747 0.330203 0.244302
vn -0.943910 0.330203 0.000000
vn -0.978071 0.208270 0.000000
vn -0.944745 0.208269 0.253143
vn -0.817451 0.330203 0.471954
vn -0.911747 0.330203 0.244302
vn -0.944745 0.208269 0.253143
vn -0.847036 0.208269 0.489034
vn -0.667446 0.330203 0.667444
vn -0.817451 0.330203 0.471954
vn -0.847036 0.208269 0.489034
vn -0.691602 0.208270 0.691600
vn -0.489036 0.208270 0.847034
vn -0.471956 0.330204 0.817449
vn -0.667446 0.330203 0.667444
vn -0.691602 0.208270 0.691600
vn -0.253144 0.208270 0.944744
vn -0.244303 0.330204 0.911747
vn -0.471956 0.330204 0.817449
vn -0.489036 0.208270 0.847034
vn -0.000001 0.208270 0.978071
vn -0.000001 0.330203 0.943910
vn -0.244303 0.330204 0.911747
vn -0.253144 0.208270 0.944744
vn 0.244301 0.330203 0.911747
vn -0.000001 0.330203 0.943910
vn -0.000001 0.208270 0.978071
vn 0.253143 0.208270 0.944745
vn 0.471954 0.330203 0.817450
vn 0.244301 0.330203 0.911747
vn 0.253143 0.208270 0.944745
vn 0.489035 0.208270 0.847035
vn 0.667445 0.330203 0.667445
vn 0.471954 0.330203 0.817450
vn 0.489035 0.208270 0.847035
vn 0.691601 0.208269 0.691601
vn 0.847034 0.208269 0.489037
vn 0.817450 0.330203 0.471955
vn 0.667445 0.330203 0.667445
vn 0.691601 0.208269 0.691601
vn 0.944745 0.208269 0.253144
vn 0.911747 0.330204 0.244302
vn 0.817450 0.330203 0.471955
vn 0.847034 0.208269 0.489037
vn 0.978072 0.208269 0.000001
vn 0.943910 0.330203 0.000001
vn 0.911747 0.330204 0.244302
vn 0.944745 0.208269 0.253144
vn 0.911747 0.330203 -0.244301
vn 0.943910 0.330203 0.000001
vn 0.978072 0.208269 0.000001
vn 0.944745 0.208269 -0.253143
vn 0.817451 0.330204 -0.471954
vn 0.911747 0.330203 -0.244301
vn 0.944745 0.208269 -0.253143
vn 0.847036 0.208269 -0.489034
vn 0.667446 0.330204 -0.667444
vn 0.817451 0.330204 -0.471954
vn 0.847036 0.208269 -0.489034
vn 0.691601 0.208269 -0.691601
vn 0.489036 0.208269 -0.847035
vn 0.471955 0.330204 -0.817449
vn 0.667446 0.330204 -0.667444
vn 0.691601 0.208269 -0.691601
vn 0.253144 0.208269 -0.944744
vn 0.244302 0.330204 -0.911747
vn 0.471955 0.330204 -0.817449
vn 0.489036 0.208269 -0.847035
vn 0.000000 0.208269 -0.978072
vn 0.000000 0.330203 -0.943910
vn 0.244302 0.330204 -0.911747
vn 0.253144 0.208269 -0.944744
vn -0.247353 0.294344 -0.923135
vn 0.000000 0.294344 -0.955700
vn 0.000000 0.177006 -0.984210
vn -0.254732 0.177007 -0.950674
vn -0.477849 0.294344 -0.827660
vn -0.247353 0.294344 -0.923135
vn -0.254732 0.177007 -0.950674
vn -0.492104 0.177007 -0.852351
vn -0.675782 0.294344 -0.675782
vn -0.477849 0.294344 -0.827660
vn -0.492104 0.177007 -0.852351
vn -0.695941 0.177007 -0.695941
vn -0.852351 0.177007 -0.492105
vn -0.827660 0.294344 -0.477850
vn -0.675782 0.294344 -0.675782
vn -0.695941 0.177007 -0.695941
vn -0.950674 0.177007 -0.254732
vn -0.923135 0.294344 -0.247353
vn -0.827660 0.294344 -0.477850
vn -0.852351 0.177007 -0.492105
vn -0.984210 0.177006 -0.000000
vn -0.955700 0.294344 -0.000000
vn -0.923135 0.294344 -0.247353
vn -0.950674 0.177007 -0.254732
vn -0.923135 0.294344 0.247353
vn -0.955700 0.294344 -0.000000
vn -0.984210 0.177006 -0.000000
vn -0.950674 0.177007 0.254732
vn -0.827660 0.294344 0.477849
vn -0.923135 0.294344 0.247353
vn -0.950674 0.177007 0.254732
vn -0.852351 0.177007 0.492104
vn -0.675782 0.294344 0.675781
vn -0.827660 0.294344 0.477849
vn -0.852351 0.177007 0.492104
vn -0.695941 0.177007 0.695941
vn -0.492105 0.177007 0.852351
vn -0.477850 0.294344 0.827660
vn -0.675782 0.294344 0.675781
vn -0.695941 0.177007 0.695941
vn -0.254733 0.177007 0.950673
vn -0.247354 0.294344 0.923135
vn -0.477850 0.294344 0.827660
vn -0.492105 0.177007 0.852351
vn -0.000000 0.177006 0.984210
vn -0.000000 0.294344 0.955700
vn -0.247354 0.294344 0.923135
vn -0.254733 0.177007 0.950673
vn 0.247353 0.294344 0.923135
vn -0.000000 0.294344 0.955700
vn -0.000000 0.177006 0.984210
vn 0.254732 0.177006 0.950674
vn 0.477849 0.294344 0.827660
vn 0.247353 0.294344 0.923135
vn 0.254732 0.177006 0.950674
vn 0.492104 0.177007 0.852351
vn 0.675782 0.294344 0.675782
vn 0.477849 0.294344 0.827660
vn 0.492104 0.177007 0.852351
vn 0.695941 0.177008 0.695941
vn 0.852350 0.177007 0.492105
vn 0.827660 0.294344 0.477850
vn 0.675782 0.294344 0.675782
vn 0.695941 0.177008 0.695941
vn 0.950673 0.177006 0.254733
vn 0.923135 0.294344 0.247354
vn 0.827660 0.294344 0.477850
vn 0.852350 0.177007 0.492105
vn 0.984210 0.177007 0.000001
vn 0.955700 0.294344 0.000001
vn 0.923135 0.294344 0.247354
vn 0.950673 0.177006 0.254733
vn 0.923135 0.294344 -0.247353
vn 0.955700 0.294344 0.000001
vn 0.984210 0.177007 0.000001
vn 0.950674 0.177007 -0.254732
vn 0.827661 0.294344 -0.477849
vn 0.923135 0.294344 -0.247353
vn 0.950674 0.177007 -0.254732
vn 0.852351 0.177007 -0.492104
vn 0.675782 0.294343 -0.675781
vn 0.827661 0.294344 -0.477849
vn 0.852351 0.177007 -0.492104
vn 0.695942 0.177008 -0.695941
vn 0.492105 0.177007 -0.852350
vn 0.477850 0.294344 -0.827660
vn 0.675782 0.294343 -0.675781
vn 0.695942 0.177008 -0.695941
vn 0.254733 0.177007 -0.950673
vn 0.247354 0.294344 -0.923135
vn 0.477850 0.294344 -0.827660
vn 0.492105 0.177007 -0.852350
vn 0.000000 0.177006 -0.984210
vn 0.000000 0.294344 -0.955700
vn 0.247354 0.294344 -0.923135
vn 0.254733 0.177007 -0.950673
vn -0.175986 -0.733252 -0.656788
vn -0.212944 -0.568400 -0.794718
vn 0.000000 -0.568400 -0.822752
vn 0.000000 -0.733252 -0.679957
vn -0.339978 -0.733252 -0.588860
vn -0.411376 -0.568400 -0.712525
vn -0.212944 -0.568400 -0.794718
vn -0.175986 -0.733252 -0.656788
vn -0.480802 -0.733252 -0.480802
vn -0.581774 -0.568400 -0.581774
vn -0.411376 -0.568400 -0.712525
vn -0.339978 -0.733252 -0.588860
vn -0.712524 -0.568400 -0.411376
vn -0.581774 -0.568400 -0.581774
vn -0.480802 -0.733252 -0.480802
vn -0.588860 -0.733252 -0.339979
vn -0.794717 -0.568401 -0.212944
vn -0.712524 -0.568400 -0.411376
vn -0.588860 -0.733252 -0.339979
vn -0.656788 -0.733252 -0.175986
vn -0.822752 -0.568401 -0.000000
vn -0.794717 -0.568401 -0.212944
vn -0.656788 -0.733252 -0.175986
vn -0.679957 -0.733252 -0.000000
vn -0.656788 -0.733252 0.175986
vn -0.794717 -0.568401 0.212944
vn -0.822752 -0.568401 -0.000000
vn -0.679957 -0.733252 -0.000000
vn -0.588860 -0.733252 0.339978
vn -0.712524 -0.568400 0.411376
vn -0.794717 -0.568401 0.212944
vn -0.656788 -0.733252 0.175986
vn -0.480803 -0.733252 0.480802
vn -0.581774 -0.568401 0.581773
vn -0.712524 -0.568400 0.411376
vn -0.588860 -0.733252 0.339978
vn -0.411376 -0.568401 0.712524
vn -0.581774 -0.568401 0.581773
vn -0.480803 -0.733252 0.480802
vn -0.339979 -0.733252 0.588860
vn -0.212944 -0.568400 0.794717
vn -0.411376 -0.568401 0.712524
vn -0.339979 -0.733252 0.588860
vn -0.175986 -0.733252 0.656788
vn -0.000000 -0.568401 0.822752
vn -0.212944 -0.568400 0.794717
vn -0.175986 -0.733252 0.656788
vn -0.000000 -0.733252 0.679957
vn 0.175986 -0.733252 0.656788
vn 0.212944 -0.568401 0.794717
vn -0.000000 -0.568401 0.822752
vn -0.000000 -0.733252 0.679957
vn 0.339978 -0.733252 0.588860
vn 0.411375 -0.568401 0.712525
vn 0.212944 -0.568401 0.794717
vn 0.175986 -0.733252 0.656788
vn 0.480802 -0.733252 0.480803
vn 0.581773 -0.568401 0.581774
vn 0.411375 -0.568401 0.712525
vn 0.339978 -0.733252 0.588860
vn 0.712524 -0.568401 0.411376
vn 0.581773 -0.568401 0.581774
vn 0.480802 -0.733252 0.480803
vn 0.588860 -0.733252 0.339979
vn 0.794717 -0.568400 0.212944
vn 0.712524 -0.568401 0.411376
vn 0.588860 -0.733252 0.339979
vn 0.656788 -0.733252 0.175986
vn 0.822752 -0.568401 0.000000
vn 0.794717 -0.568400 0.212944
vn 0.656788 -0.733252 0.175986
vn 0.679957 -0.733252 0.000000
vn 0.656788 -0.733252 -0.175985
vn 0.794718 -0.568401 -0.212943
vn 0.822752 -0.568401 0.000000
vn 0.679957 -0.733252 0.000000
vn 0.588860 -0.733252 -0.339978
vn 0.712525 -0.568400 -0.411375
vn 0.794718 -0.568401 -0.212943
vn 0.656788 -0.733252 -0.175985
vn 0.480803 -0.733252 -0.480802
vn 0.581774 -0.568400 -0.581773
vn 0.712525 -0.568400 -0.411375
vn 0.588860 -0.733252 -0.339978
vn 0.411376 -0.568400 -0.712524
vn 0.581774 -0.568400 -0.581773
vn 0.480803 -0.733252 -0.480802
vn 0.339979 -0.733252 -0.588860
vn 0.212944 -0.568400 -0.794717
vn 0.411376 -0.568400 -0.712524
vn 0.339979 -0.733252 -0.588860
vn 0.175986 -0.733252 -0.656788
vn 0.000000 -0.568400 -0.822752
vn 0.212944 -0.568400 -0.794717
vn 0.175986 -0.733252 -0.656788
vn 0.000000 -0.733252 -0.679957
vn -0.242471 -0.349765 -0.904915
vn -0.252156 -0.225446 -0.941059
vn 0.000000 -0.225446 -0.974256
vn 0.000000 -0.349766 -0.936837
vn -0.468418 -0.349765 -0.811325
vn -0.487127 -0.225446 -0.843730
vn -0.252156 -0.225446 -0.941059
vn -0.242471 -0.349765 -0.904915
vn -0.662444 -0.349765 -0.662444
vn -0.688902 -0.225446 -0.688903
vn -0.487127 -0.225446 -0.843730
vn -0.468418 -0.349765 -0.811325
vn -0.843730 -0.225447 -0.487128
vn -0.688902 -0.225446 -0.688903
vn -0.662444 -0.349765 -0.662444
vn -0.811325 -0.349765 -0.468419
vn -0.941059 -0.225446 -0.252156
vn -0.843730 -0.225447 -0.487128
vn -0.811325 -0.349765 -0.468419
vn -0.904915 -0.349766 -0.242471
vn -0.974256 -0.225446 -0.000000
vn -0.941059 -0.225446 -0.252156
vn -0.904915 -0.349766 -0.242471
vn -0.936837 -0.349766 -0.000000
vn -0.904915 -0.349766 0.242471
vn -0.941059 -0.225446 0.252156
vn -0.974256 -0.225446 -0.000000
vn -0.936837 -0.349766 -0.000000
vn -0.811325 -0.349766 0.468418
vn -0.843730 -0.225446 0.487127
vn -0.941059 -0.225446 0.252156
vn -0.904915 -0.349766 0.242471
vn -0.662444 -0.349766 0.662444
vn -0.688903 -0.225446 0.688902
vn -0.843730 -0.225446 0.487127
vn -0.811325 -0.349766 0.468418
vn -0.487128 -0.225446 0.843730
vn -0.688903 -0.225446 0.688902
vn -0.662444 -0.349766 0.662444
vn -0.468418 -0.349766 0.811325
vn -0.252156 -0.225447 0.941058
vn -0.487128 -0.225446 0.843730
vn -0.468418 -0.349766 0.811325
vn -0.242471 -0.349766 0.904915
vn -0.000000 -0.225447 0.974256
vn -0.252156 -0.225447 0.941058
vn -0.242471 -0.349766 0.904915
vn -0.000000 -0.349766 0.936837
vn 0.242471 -0.349766 0.904915
vn 0.252156 -0.225447 0.941059
vn -0.000000 -0.225447 0.974256
vn -0.000000 -0.349766 0.936837
vn 0.468418 -0.349766 0.811325
vn 0.487127 -0.225446 0.843731
vn 0.252156 -0.225447 0.941059
vn 0.242471 -0.349766 0.904915
vn 0.662443 -0.349766 0.662444
vn 0.688902 -0.225446 0.688903
vn 0.487127 -0.225446 0.843731
vn 0.468418 -0.349766 0.811325
vn 0.843730 -0.225446 0.487128
vn 0.688902 -0.225446 0.688903
vn 0.662443 -0.349766 0.662444
vn 0.811325 -0.349766 0.468418
vn 0.941059 -0.225446 0.252156
vn 0.843730 -0.225446 0.487128
vn 0.811325 -0.349766 0.468418
vn 0.904915 -0.349766 0.242472
vn 0.974256 -0.225446 0.000001
vn 0.941059 -0.225446 0.252156
vn 0.904915 -0.349766 0.242472
vn 0.936837 -0.349766 0.000001
vn 0.904915 -0.349766 -0.242471
vn 0.941059 -0.225446 -0.252156
vn 0.974256 -0.225446 0.000001
vn 0.936837 -0.349766 0.000001
vn 0.811325 -0.349766 -0.468418
vn 0.843730 -0.225446 -0.487127
vn 0.941059 -0.225446 -0.252156
vn 0.904915 -0.349766 -0.242471
vn 0.662444 -0.349765 -0.662444
vn 0.688903 -0.225447 -0.688902
vn 0.843730 -0.225446 -0.487127
vn 0.811325 -0.349766 -0.468418
vn 0.487128 -0.225446 -0.843730
vn 0.688903 -0.225447 -0.688902
vn 0.662444 -0.349765 -0.662444
vn 0.468419 -0.349765 -0.811325
vn 0.252156 -0.225446 -0.941059
vn 0.487128 -0.225446 -0.843730
vn 0.468419 -0.349765 -0.811325
vn 0.242471 -0.349766 -0.904915
vn 0.000000 -0.225446 -0.974256
vn 0.252156 -0.225446 -0.941059
vn 0.242471 -0.349766 -0.904915
vn 0.000000 -0.349766 -0.936837
vn -0.199206 0.638438 -0.743447
vn 0.000000 0.638438 -0.769673
vn 0.000000 0.585204 -0.810886
vn -0.209873 0.585204 -0.783256
vn -0.384836 0.638438 -0.666557
vn -0.199206 0.638438 -0.743447
vn -0.209873 0.585204 -0.783256
vn -0.405443 0.585204 -0.702248
vn -0.544241 0.638438 -0.544241
vn -0.384836 0.638438 -0.666557
vn -0.405443 0.585204 -0.702248
vn -0.573383 0.585205 -0.573383
vn -0.702248 0.585205 -0.405443
vn -0.666557 0.638437 -0.384837
vn -0.544241 0.638438 -0.544241
vn -0.573383 0.585205 -0.573383
vn -0.783255 0.585205 -0.209873
vn -0.743448 0.638437 -0.199206
vn -0.666557 0.638437 -0.384837
vn -0.702248 0.585205 -0.405443
vn -0.810886 0.585205 -0.000000
vn -0.769674 0.638438 -0.000000
vn -0.743448 0.638437 -0.199206
vn -0.783255 0.585205 -0.209873
vn -0.743448 0.638437 0.199206
vn -0.769674 0.638438 -0.000000
vn -0.810886 0.585205 -0.000000
vn -0.783256 0.585205 0.209873
vn -0.666557 0.638437 0.384837
vn -0.743448 0.638437 0.199206
vn -0.783256 0.585205 0.209873
vn -0.702248 0.585205 0.405443
vn -0.544242 0.638437 0.544241
vn -0.666557 0.638437 0.384837
vn -0.702248 0.585205 0.405443
vn -0.573383 0.585205 0.573382
vn -0.405443 0.585205 0.702247
vn -0.384837 0.638437 0.666557
vn -0.544242 0.638437 0.544241
vn -0.573383 0.585205 0.573382
vn -0.209873 0.585205 0.783255
vn -0.199206 0.638437 0.743448
vn -0.384837 0.638437 0.666557
vn -0.405443 0.585205 0.702247
vn -0.000000 0.585205 0.810886
vn -0.000000 0.638438 0.769674
vn -0.199206 0.638437 0.743448
vn -0.209873 0.585205 0.783255
vn 0.199206 0.638438 0.743448
vn -0.000000 0.638438 0.769674
vn -0.000000 0.585205 0.810886
vn 0.209872 0.585205 0.783256
vn 0.384836 0.638437 0.666557
vn 0.199206 0.638438 0.743448
vn 0.209872 0.585205 0.783256
vn 0.405442 0.585205 0.702248
vn 0.544242 0.638437 0.544241
vn 0.384836 0.638437 0.666557
vn 0.405442 0.585205 0.702248
vn 0.573383 0.585205 0.573383
vn 0.702247 0.585205 0.405443
vn 0.666557 0.638437 0.384837
vn 0.544242 0.638437 0.544241
vn 0.573383 0.585205 0.573383
vn 0.783255 0.585205 0.209873
vn 0.743448 0.638437 0.199206
vn 0.666557 0.638437 0.384837
vn 0.702247 0.585205 0.405443
vn 0.810886 0.585205 0.000001
vn 0.769674 0.638437 0.000000
vn 0.743448 0.638437 0.199206
vn 0.783255 0.585205 0.209873
vn 0.743448 0.638438 -0.199206
vn 0.769674 0.638437 0.000000
vn 0.810886 0.585205 0.000001
vn 0.783256 0.585205 -0.209872
vn 0.666557 0.638438 -0.384836
vn 0.743448 0.638438 -0.199206
vn 0.783256 0.585205 -0.209872
vn 0.702248 0.585205 -0.405442
vn 0.544242 0.638438 -0.544241
vn 0.666557 0.638438 -0.384836
vn 0.702248 0.585205 -0.405442
vn 0.573383 0.585205 -0.573382
vn 0.405443 0.585204 -0.702248
vn 0.384837 0.638438 -0.666556
vn 0.544242 0.638438 -0.544241
vn 0.573383 0.585205 -0.573382
vn 0.209873 0.585204 -0.783256
vn 0.199207 0.638438 -0.743447
vn 0.384837 0.638438 -0.666556
vn 0.405443 0.585204 -0.702248
vn 0.000000 0.585204 -0.810886
vn 0.000000 0.638438 -0.769673
vn 0.199207 0.638438 -0.743447
vn 0.209873 0.585204 -0.783256
vn -0.246165 -0.308850 -0.918702
vn -0.254222 -0.187620 -0.948773
vn -0.000000 -0.187620 -0.982242
vn -0.000000 -0.308851 -0.951110
vn -0.475553 -0.308851 -0.823687
vn -0.491119 -0.187619 -0.850648
vn -0.254222 -0.187620 -0.948773
vn -0.246165 -0.308850 -0.918702
vn -0.672536 -0.308851 -0.672537
vn -0.694550 -0.187619 -0.694550
vn -0.491119 -0.187619 -0.850648
vn -0.475553 -0.308851 -0.823687
vn -0.850647 -0.187620 -0.491120
vn -0.694550 -0.187619 -0.694550
vn -0.672536 -0.308851 -0.672537
vn -0.823686 -0.308851 -0.475555
vn -0.948773 -0.187619 -0.254223
vn -0.850647 -0.187620 -0.491120
vn -0.823686 -0.308851 -0.475555
vn -0.918702 -0.308851 -0.246165
vn -0.982242 -0.187619 -0.000000
vn -0.948773 -0.187619 -0.254223
vn -0.918702 -0.308851 -0.246165
vn -0.951110 -0.308851 -0.000000
vn -0.918702 -0.308851 0.246165
vn -0.948773 -0.187620 0.254222
vn -0.982242 -0.187619 -0.000000
vn -0.951110 -0.308851 -0.000000
vn -0.823687 -0.308851 0.475554
vn -0.850647 -0.187620 0.491119
vn -0.948773 -0.187620 0.254222
vn -0.918702 -0.308851 0.246165
vn -0.672537 -0.308851 0.672536
vn -0.694550 -0.187619 0.694550
vn -0.850647 -0.187620 0.491119
vn -0.823687 -0.308851 0.475554
vn -0.491121 -0.187619 0.850646
vn -0.694550 -0.187619 0.694550
vn -0.672537 -0.308851 0.672536
vn -0.475555 -0.308851 0.823686
vn -0.254224 -0.187620 0.948772
vn -0.491121 -0.187619 0.850646
vn -0.475555 -0.308851 0.823686
vn -0.246166 -0.308851 0.918702
vn -0.000001 -0.187620 0.982242
vn -0.254224 -0.187620 0.948772
vn -0.246166 -0.308851 0.918702
vn -0.000001 -0.308851 0.951110
vn 0.246165 -0.308851 0.918702
vn 0.254223 -0.187620 0.948773
vn -0.000001 -0.187620 0.982242
vn -0.000001 -0.308851 0.951110
vn 0.475554 -0.308851 0.823686
vn 0.491120 -0.187619 0.850647
vn 0.254223 -0.187620 0.948773
vn 0.246165 -0.308851 0.918702
vn 0.672537 -0.308850 0.672537
vn 0.694550 -0.187619 0.694550
vn 0.491120 -0.187619 0.850647
vn 0.475554 -0.308851 0.823686
vn 0.850646 -0.187620 0.491121
vn 0.694550 -0.187619 0.694550
vn 0.672537 -0.308850 0.672537
vn 0.823686 -0.308851 0.475555
vn 0.948772 -0.187620 0.254224
vn 0.850646 -0.187620 0.491121
vn 0.823686 -0.308851 0.475555
vn 0.918702 -0.308851 0.246166
vn 0.982242 -0.187620 0.000001
vn 0.948772 -0.187620 0.254224
vn 0.918702 -0.308851 0.246166
vn 0.951110 -0.308851 0.000001
vn 0.918702 -0.308851 -0.246165
vn 0.948773 -0.187620 -0.254222
vn 0.982242 -0.187620 0.000001
vn 0.951110 -0.308851 0.000001
vn 0.823687 -0.308851 -0.475554
vn 0.850647 -0.187620 -0.491119
vn 0.948773 -0.187620 -0.254222
vn 0.918702 -0.308851 -0.246165
vn 0.672537 -0.308851 -0.672536
vn 0.694550 -0.187620 -0.694550
vn 0.850647 -0.187620 -0.491119
vn 0.823687 -0.308851 -0.475554
vn 0.491121 -0.187620 -0.850646
vn 0.694550 -0.187620 -0.694550
vn 0.672537 -0.308851 -0.672536
vn 0.475555 -0.308851 -0.823686
vn 0.254223 -0.187620 -0.948773
vn 0.491121 -0.187620 -0.850646
vn 0.475555 -0.308851 -0.823686
vn 0.246166 -0.308852 -0.918702
vn -0.000000 -0.187620 -0.982242
vn 0.254223 -0.187620 -0.948773
vn 0.246166 -0.308852 -0.918702
vn -0.000000 -0.308851 -0.951110
vn -0.186704 0.692551 -0.696789
vn -0.180178 0.717890 -0.672436
vn 0.000000 0.717890 -0.696157
vn 0.000000 0.692551 -0.721369
vn -0.348077 0.717891 -0.602889
vn -0.180178 0.717890 -0.672436
vn -0.186704 0.692551 -0.696789
vn -0.360684 0.692551 -0.624724
vn -0.492257 0.717891 -0.492257
vn -0.348077 0.717891 -0.602889
vn -0.360684 0.692551 -0.624724
vn -0.510085 0.692551 -0.510084
vn -0.624724 0.692551 -0.360683
vn -0.602889 0.717891 -0.348077
vn -0.492257 0.717891 -0.492257
vn -0.510085 0.692551 -0.510084
vn -0.696789 0.692551 -0.186703
vn -0.672436 0.717890 -0.180178
vn -0.602889 0.717891 -0.348077
vn -0.624724 0.692551 -0.360683
vn -0.672436 0.717890 -0.180178
vn -0.696789 0.692551 -0.186703
vn -0.721369 0.692551 -0.000000
vn -0.696156 0.717890 -0.000000
vn -0.696156 0.717890 -0.000000
vn -0.721369 0.692551 -0.000000
vn -0.696789 0.692551 0.186704
vn -0.672436 0.717890 0.180178
vn -0.696789 0.692551 0.186704
vn -0.624724 0.692551 0.360684
vn -0.602889 0.717890 0.348077
vn -0.672436 0.717890 0.180178
vn -0.492257 0.717890 0.492256
vn -0.602889 0.717890 0.348077
vn -0.624724 0.692551 0.360684
vn -0.510085 0.692551 0.510084
vn -0.348079 0.717890 0.602889
vn -0.492257 0.717890 0.492256
vn -0.510085 0.692551 0.510084
vn -0.360685 0.692551 0.624724
vn -0.186704 0.692551 0.696789
vn -0.180179 0.717890 0.672436
vn -0.348079 0.717890 0.602889
vn -0.360685 0.692551 0.624724
vn -0.000001 0.717891 0.696156
vn -0.180179 0.717890 0.672436
vn -0.186704 0.692551 0.696789
vn -0.000001 0.692551 0.721369
vn 0.186704 0.692551 0.696789
vn 0.180178 0.717891 0.672435
vn -0.000001 0.717891 0.696156
vn -0.000001 0.692551 0.721369
vn 0.180178 0.717891 0.672435
vn 0.186704 0.692551 0.696789
vn 0.360684 0.692551 0.624724
vn 0.348078 0.717890 0.602889
vn 0.348078 0.717890 0.602889
vn 0.360684 0.692551 0.624724
vn 0.510085 0.692551 0.510085
vn 0.492257 0.717890 0.492257
vn 0.510085 0.692551 0.510085
vn 0.624723 0.692551 0.360685
vn 0.602889 0.717890 0.348078
vn 0.492257 0.717890 0.492257
vn 0.672435 0.717890 0.180179
vn 0.602889 0.717890 0.348078
vn 0.624723 0.692551 0.360685
vn 0.696788 0.692551 0.186704
vn 0.696156 0.717890 0.000000
vn 0.672435 0.717890 0.180179
vn 0.696788 0.692551 0.186704
vn 0.721369 0.692551 0.000000
vn 0.696789 0.692551 -0.186704
vn 0.672435 0.717890 -0.180178
vn 0.696156 0.717890 0.000000
vn 0.721369 0.692551 0.000000
vn 0.624724 0.692551 -0.360684
vn 0.602889 0.717890 -0.348078
vn 0.672435 0.717890 -0.180178
vn 0.696789 0.692551 -0.186704
vn 0.492257 0.717890 -0.492257
vn 0.602889 0.717890 -0.348078
vn 0.624724 0.692551 -0.360684
vn 0.510085 0.692551 -0.510085
vn 0.492257 0.717890 -0.492257
vn 0.510085 0.692551 -0.510085
vn 0.360684 0.692551 -0.624723
vn 0.348078 0.717890 -0.602889
vn 0.348078 0.717890 -0.602889
vn 0.360684 0.692551 -0.624723
vn 0.186704 0.692551 -0.696788
vn 0.180179 0.717890 -0.672435
vn 0.186704 0.692551 -0.696788
vn 0.000000 0.692551 -0.721369
vn 0.000000 0.717890 -0.696157
vn 0.180179 0.717890 -0.672435
vn -0.183871 0.703775 -0.686215
vn 0.000000 0.703776 -0.710422
vn 0.000000 0.684148 -0.729343
vn -0.188768 0.684148 -0.704491
vn -0.355210 0.703775 -0.615245
vn -0.183871 0.703775 -0.686215
vn -0.188768 0.684148 -0.704491
vn -0.364671 0.684148 -0.631630
vn -0.502344 0.703776 -0.502345
vn -0.355210 0.703775 -0.615245
vn -0.364671 0.684148 -0.631630
vn -0.515723 0.684148 -0.515724
vn -0.615244 0.703776 -0.355211
vn -0.502344 0.703776 -0.502345
vn -0.515723 0.684148 -0.515724
vn -0.631630 0.684148 -0.364671
vn -0.704491 0.684148 -0.188768
vn -0.686215 0.703776 -0.183870
vn -0.615244 0.703776 -0.355211
vn -0.631630 0.684148 -0.364671
vn -0.729343 0.684148 -0.000000
vn -0.710422 0.703776 -0.000000
vn -0.686215 0.703776 -0.183870
vn -0.704491 0.684148 -0.188768
vn -0.686215 0.703776 0.183870
vn -0.710422 0.703776 -0.000000
vn -0.729343 0.684148 -0.000000
vn -0.704491 0.684148 0.188767
vn -0.704491 0.684148 0.188767
vn -0.631630 0.684148 0.364671
vn -0.615244 0.703776 0.355210
vn -0.686215 0.703776 0.183870
vn -0.515724 0.684148 0.515723
vn -0.502344 0.703776 0.502344
vn -0.615244 0.703776 0.355210
vn -0.631630 0.684148 0.364671
vn -0.355211 0.703776 0.615244
vn -0.502344 0.703776 0.502344
vn -0.515724 0.684148 0.515723
vn -0.364672 0.684148 0.631630
vn -0.188768 0.684148 0.704491
vn -0.183871 0.703776 0.686215
vn -0.355211 0.703776 0.615244
vn -0.364672 0.684148 0.631630
vn -0.000000 0.684148 0.729343
vn -0.000000 0.703776 0.710422
vn -0.183871 0.703776 0.686215
vn -0.188768 0.684148 0.704491
vn 0.183870 0.703776 0.686216
vn -0.000000 0.703776 0.710422
vn -0.000000 0.684148 0.729343
vn 0.188767 0.684148 0.704491
vn 0.188767 0.684148 0.704491
vn 0.364671 0.684148 0.631630
vn 0.355211 0.703776 0.615244
vn 0.183870 0.703776 0.686216
vn 0.355211 0.703776 0.615244
vn 0.364671 0.684148 0.631630
vn 0.515723 0.684148 0.515724
vn 0.502344 0.703776 0.502344
vn 0.502344 0.703776 0.502344
vn 0.515723 0.684148 0.515724
vn 0.631629 0.684148 0.364672
vn 0.615243 0.703776 0.355212
vn 0.631629 0.684148 0.364672
vn 0.704491 0.684148 0.188768
vn 0.686215 0.703776 0.183871
vn 0.615243 0.703776 0.355212
vn 0.729343 0.684148 0.000000
vn 0.710422 0.703776 0.000001
vn 0.686215 0.703776 0.183871
vn 0.704491 0.684148 0.188768
vn 0.686215 0.703776 -0.183870
vn 0.710422 0.703776 0.000001
vn 0.729343 0.684148 0.000000
vn 0.704491 0.684148 -0.188767
vn 0.615244 0.703776 -0.355210
vn 0.686215 0.703776 -0.183870
vn 0.704491 0.684148 -0.188767
vn 0.631630 0.684148 -0.364670
vn 0.502345 0.703776 -0.502344
vn 0.615244 0.703776 -0.355210
vn 0.631630 0.684148 -0.364670
vn 0.515724 0.684148 -0.515723
vn 0.502345 0.703776 -0.502344
vn 0.515724 0.684148 -0.515723
vn 0.364672 0.684148 -0.631629
vn 0.355211 0.703775 -0.615244
vn 0.364672 0.684148 -0.631629
vn 0.188768 0.684148 -0.704491
vn 0.183871 0.703775 -0.686215
vn 0.355211 0.703775 -0.615244
vn 0.000000 0.684148 -0.729343
vn 0.000000 0.703776 -0.710422
vn 0.183871 0.703775 -0.686215
vn 0.188768 0.684148 -0.704491
vn -0.258119 -0.073515 -0.963312
vn -0.258678 0.033049 -0.965398
vn 0.000000 0.033049 -0.999454
vn 0.000000 -0.073515 -0.997294
vn -0.498647 -0.073515 -0.863682
vn -0.499726 0.033049 -0.865553
vn -0.258678 0.033049 -0.965398
vn -0.258119 -0.073515 -0.963312
vn -0.705193 -0.073515 -0.705193
vn -0.706720 0.033050 -0.706721
vn -0.499726 0.033049 -0.865553
vn -0.498647 -0.073515 -0.863682
vn -0.865552 0.033049 -0.499727
vn -0.706720 0.033050 -0.706721
vn -0.705193 -0.073515 -0.705193
vn -0.863682 -0.073515 -0.498647
vn -0.965398 0.033049 -0.258678
vn -0.865552 0.033049 -0.499727
vn -0.863682 -0.073515 -0.498647
vn -0.963312 -0.073515 -0.258119
vn -0.999454 0.033049 -0.000000
vn -0.965398 0.033049 -0.258678
vn -0.963312 -0.073515 -0.258119
vn -0.997294 -0.073515 -0.000000
vn -0.963312 -0.073515 0.258118
vn -0.965398 0.033049 0.258677
vn -0.999454 0.033049 -0.000000
vn -0.997294 -0.073515 -0.000000
vn -0.863682 -0.073515 0.498647
vn -0.865552 0.033049 0.499726
vn -0.965398 0.033049 0.258677
vn -0.963312 -0.073515 0.258118
vn -0.705194 -0.073515 0.705193
vn -0.706721 0.033049 0.706720
vn -0.865552 0.033049 0.499726
vn -0.863682 -0.073515 0.498647
vn -0.499727 0.033049 0.865552
vn -0.706721 0.033049 0.706720
vn -0.705194 -0.073515 0.705193
vn -0.498647 -0.073515 0.863682
vn -0.258678 0.033049 0.965398
vn -0.499727 0.033049 0.865552
vn -0.498647 -0.073515 0.863682
vn -0.258119 -0.073515 0.963312
vn -0.000000 0.033049 0.999454
vn -0.258678 0.033049 0.965398
vn -0.258119 -0.073515 0.963312
vn -0.000000 -0.073515 0.997294
vn 0.258118 -0.073515 0.963312
vn 0.258677 0.033049 0.965398
vn -0.000000 0.033049 0.999454
vn -0.000000 -0.073515 0.997294
vn 0.498646 -0.073515 0.863683
vn 0.499726 0.033049 0.865553
vn 0.258677 0.033049 0.965398
vn 0.258118 -0.073515 0.963312
vn 0.705193 -0.073515 0.705194
vn 0.706720 0.033049 0.706721
vn 0.499726 0.033049 0.865553
vn 0.498646 -0.073515 0.863683
vn 0.865552 0.033049 0.499727
vn 0.706720 0.033049 0.706721
vn 0.705193 -0.073515 0.705194
vn 0.863682 -0.073515 0.498647
vn 0.965398 0.033049 0.258678
vn 0.865552 0.033049 0.499727
vn 0.863682 -0.073515 0.498647
vn 0.963312 -0.073515 0.258119
vn 0.999454 0.033049 0.000001
vn 0.965398 0.033049 0.258678
vn 0.963312 -0.073515 0.258119
vn 0.997294 -0.073515 0.000001
vn 0.963312 -0.073515 -0.258118
vn 0.965398 0.033049 -0.258677
vn 0.999454 0.033049 0.000001
vn 0.997294 -0.073515 0.000001
vn 0.863683 -0.073515 -0.498646
vn 0.865553 0.033049 -0.499726
vn 0.965398 0.033049 -0.258677
vn 0.963312 -0.073515 -0.258118
vn 0.705194 -0.073516 -0.705193
vn 0.706721 0.033049 -0.706720
vn 0.865553 0.033049 -0.499726
vn 0.863683 -0.073515 -0.498646
vn 0.499727 0.033049 -0.865552
vn 0.706721 0.033049 -0.706720
vn 0.705194 -0.073516 -0.705193
vn 0.498647 -0.073515 -0.863682
vn 0.258678 0.033049 -0.965398
vn 0.499727 0.033049 -0.865552
vn 0.498647 -0.073515 -0.863682
vn 0.258119 -0.073515 -0.963312
vn 0.000000 0.033049 -0.999454
vn 0.258678 0.033049 -0.965398
vn 0.258119 -0.073515 -0.963312
vn 0.000000 -0.073515 -0.997294
vn -0.224192 0.499677 -0.836696
vn 0.000000 0.499677 -0.866212
vn 0.000000 0.407695 -0.913118
vn -0.236333 0.407695 -0.882005
vn -0.433106 0.499677 -0.750162
vn -0.224192 0.499677 -0.836696
vn -0.236333 0.407695 -0.882005
vn -0.456559 0.407694 -0.790784
vn -0.612504 0.499677 -0.612504
vn -0.433106 0.499677 -0.750162
vn -0.456559 0.407694 -0.790784
vn -0.645672 0.407694 -0.645673
vn -0.790784 0.407694 -0.456559
vn -0.750161 0.499677 -0.433106
vn -0.612504 0.499677 -0.612504
vn -0.645672 0.407694 -0.645673
vn -0.882005 0.407694 -0.236333
vn -0.836696 0.499677 -0.224192
vn -0.750161 0.499677 -0.433106
vn -0.790784 0.407694 -0.456559
vn -0.913119 0.407694 -0.000000
vn -0.866212 0.499677 -0.000000
vn -0.836696 0.499677 -0.224192
vn -0.882005 0.407694 -0.236333
vn -0.836696 0.499677 0.224192
vn -0.866212 0.499677 -0.000000
vn -0.913119 0.407694 -0.000000
vn -0.882005 0.407694 0.236333
vn -0.750162 0.499677 0.433105
vn -0.836696 0.499677 0.224192
vn -0.882005 0.407694 0.236333
vn -0.790784 0.407694 0.456559
vn -0.612504 0.499677 0.612504
vn -0.750162 0.499677 0.433105
vn -0.790784 0.407694 0.456559
vn -0.645673 0.407694 0.645672
vn -0.456559 0.407694 0.790784
vn -0.433106 0.499677 0.750162
vn -0.612504 0.499677 0.612504
vn -0.645673 0.407694 0.645672
vn -0.236333 0.407694 0.882005
vn -0.224192 0.499677 0.836696
vn -0.433106 0.499677 0.750162
vn -0.456559 0.407694 0.790784
vn -0.000000 0.407694 0.913119
vn -0.000000 0.499677 0.866212
vn -0.224192 0.499677 0.836696
vn -0.236333 0.407694 0.882005
vn 0.224191 0.499677 0.836696
vn -0.000000 0.499677 0.866212
vn -0.000000 0.407694 0.913119
vn 0.236332 0.407694 0.882005
vn 0.433105 0.499677 0.750162
vn 0.224191 0.499677 0.836696
vn 0.236332 0.407694 0.882005
vn 0.456559 0.407694 0.790784
vn 0.612504 0.499678 0.612504
vn 0.433105 0.499677 0.750162
vn 0.456559 0.407694 0.790784
vn 0.645672 0.407694 0.645672
vn 0.790784 0.407694 0.456560
vn 0.750161 0.499677 0.433106
vn 0.612504 0.499678 0.612504
vn 0.645672 0.407694 0.645672
vn 0.882005 0.407694 0.236333
vn 0.836696 0.499677 0.224192
vn 0.750161 0.499677 0.433106
vn 0.790784 0.407694 0.456560
vn 0.913119 0.407694 0.000001
vn 0.866212 0.499677 0.000001
vn 0.836696 0.499677 0.224192
vn 0.882005 0.407694 0.236333
vn 0.836696 0.499677 -0.224191
vn 0.866212 0.499677 0.000001
vn 0.913119 0.407694 0.000001
vn 0.882005 0.407694 -0.236332
vn 0.750162 0.499677 -0.433105
vn 0.836696 0.499677 -0.224191
vn 0.882005 0.407694 -0.236332
vn 0.790785 0.407694 -0.456559
vn 0.612504 0.499678 -0.612504
vn 0.750162 0.499677 -0.433105
vn 0.790785 0.407694 -0.456559
vn 0.645672 0.407694 -0.645672
vn 0.456559 0.407694 -0.790784
vn 0.433106 0.499677 -0.750161
vn 0.612504 0.499678 -0.612504
vn 0.645672 0.407694 -0.645672
vn 0.236333 0.407695 -0.882004
vn 0.224193 0.499677 -0.836696
vn 0.433106 0.499677 -0.750161
vn 0.456559 0.407694 -0.790784
vn 0.000000 0.407695 -0.913118
vn 0.000000 0.499677 -0.866212
vn 0.224193 0.499677 -0.836696
vn 0.236333 0.407695 -0.882004
vn -0.257863 0.085893 -0.962356
vn 0.000000 0.085893 -0.996304
vn 0.000000 -0.039689 -0.999212
vn -0.258615 -0.039689 -0.965165
vn -0.498151 0.085893 -0.862826
vn -0.257863 0.085893 -0.962356
vn -0.258615 -0.039689 -0.965165
vn -0.499605 -0.039689 -0.865344
vn -0.704494 0.085893 -0.704494
vn -0.498151 0.085893 -0.862826
vn -0.499605 -0.039689 -0.865344
vn -0.706549 -0.039689 -0.706550
vn -0.865343 -0.039689 -0.499606
vn -0.862825 0.085893 -0.498151
vn -0.704494 0.085893 -0.704494
vn -0.706549 -0.039689 -0.706550
vn -0.965165 -0.039689 -0.258615
vn -0.962356 0.085893 -0.257862
vn -0.862825 0.085893 -0.498151
vn -0.865343 -0.039689 -0.499606
vn -0.999212 -0.039689 -0.000000
vn -0.996304 0.085893 -0.000000
vn -0.962356 0.085893 -0.257862
vn -0.965165 -0.039689 -0.258615
vn -0.962356 0.085893 0.257862
vn -0.996304 0.085893 -0.000000
vn -0.999212 -0.039689 -0.000000
vn -0.965165 -0.039689 0.258615
vn -0.862826 0.085893 0.498151
vn -0.962356 0.085893 0.257862
vn -0.965165 -0.039689 0.258615
vn -0.865344 -0.039689 0.499605
vn -0.704494 0.085893 0.704493
vn -0.862826 0.085893 0.498151
vn -0.865344 -0.039689 0.499605
vn -0.706550 -0.039689 0.706549
vn -0.499606 -0.039689 0.865343
vn -0.498153 0.085893 0.862825
vn -0.704494 0.085893 0.704493
vn -0.706550 -0.039689 0.706549
vn -0.258616 -0.039689 0.965165
vn -0.257863 0.085893 0.962356
vn -0.498153 0.085893 0.862825
vn -0.499606 -0.039689 0.865343
vn -0.000001 -0.039689 0.999212
vn -0.000001 0.085893 0.996304
vn -0.257863 0.085893 0.962356
vn -0.258616 -0.039689 0.965165
vn 0.257862 0.085893 0.962356
vn -0.000001 0.085893 0.996304
vn -0.000001 -0.039689 0.999212
vn 0.258615 -0.039689 0.965165
vn 0.498152 0.085893 0.862825
vn 0.257862 0.085893 0.962356
vn 0.258615 -0.039689 0.965165
vn 0.499605 -0.039689 0.865343
vn 0.704494 0.085893 0.704493
vn 0.498152 0.085893 0.862825
vn 0.499605 -0.039689 0.865343
vn 0.706550 -0.039689 0.706549
vn 0.865343 -0.039689 0.499606
vn 0.862825 0.085893 0.498152
vn 0.704494 0.085893 0.704493
vn 0.706550 -0.039689 0.706549
vn 0.965165 -0.039689 0.258616
vn 0.962356 0.085893 0.257863
vn 0.862825 0.085893 0.498152
vn 0.865343 -0.039689 0.499606
vn 0.999212 -0.039689 0.000001
vn 0.996304 0.085893 0.000001
vn 0.962356 0.085893 0.257863
vn 0.965165 -0.039689 0.258616
vn 0.962356 0.085893 -0.257862
vn 0.996304 0.085893 0.000001
vn 0.999212 -0.039689 0.000001
vn 0.965165 -0.039689 -0.258615
vn 0.862826 0.085893 -0.498151
vn 0.962356 0.085893 -0.257862
vn 0.965165 -0.039689 -0.258615
vn 0.865344 -0.039689 -0.499605
vn 0.704494 0.085893 -0.704493
vn 0.862826 0.085893 -0.498151
vn 0.865344 -0.039689 -0.499605
vn 0.706550 -0.039689 -0.706550
vn 0.499606 -0.039689 -0.865343
vn 0.498152 0.085893 -0.862825
vn 0.704494 0.085893 -0.704493
vn 0.706550 -0.039689 -0.706550
vn 0.258615 -0.039689 -0.965165
vn 0.257863 0.085893 -0.962356
vn 0.498152 0.085893 -0.862825
vn 0.499606 -0.039689 -0.865343
vn 0.000000 -0.039689 -0.999212
vn 0.000000 0.085893 -0.996304
vn 0.257863 0.085893 -0.962356
vn 0.258615 -0.039689 -0.965165
vn -0.211940 0.573972 -0.790972
vn 0.000000 0.573972 -0.818875
vn 0.000000 0.452795 -0.891615
vn -0.230767 0.452795 -0.861234
vn -0.409436 0.573972 -0.709167
vn -0.211940 0.573972 -0.790972
vn -0.230767 0.452795 -0.861234
vn -0.445806 0.452796 -0.772161
vn -0.579032 0.573973 -0.579032
vn -0.409436 0.573972 -0.709167
vn -0.445806 0.452796 -0.772161
vn -0.630467 0.452796 -0.630467
vn -0.772161 0.452796 -0.445807
vn -0.709166 0.573972 -0.409437
vn -0.579032 0.573973 -0.579032
vn -0.630467 0.452796 -0.630467
vn -0.861234 0.452795 -0.230766
vn -0.790972 0.573972 -0.211940
vn -0.709166 0.573972 -0.409437
vn -0.772161 0.452796 -0.445807
vn -0.891615 0.452795 0.000000
vn -0.818875 0.573972 0.000000
vn -0.790972 0.573972 -0.211940
vn -0.861234 0.452795 -0.230766
vn -0.790972 0.573972 0.211940
vn -0.818875 0.573972 0.000000
vn -0.891615 0.452795 0.000000
vn -0.861233 0.452795 0.230767
vn -0.709166 0.573973 0.409437
vn -0.790972 0.573972 0.211940
vn -0.861233 0.452795 0.230767
vn -0.772161 0.452796 0.445807
vn -0.579032 0.573973 0.579032
vn -0.709166 0.573973 0.409437
vn -0.772161 0.452796 0.445807
vn -0.630467 0.452796 0.630466
vn -0.445808 0.452796 0.772160
vn -0.409438 0.573973 0.709166
vn -0.579032 0.573973 0.579032
vn -0.630467 0.452796 0.630466
vn -0.230768 0.452796 0.861233
vn -0.211941 0.573972 0.790972
vn -0.409438 0.573973 0.709166
vn -0.445808 0.452796 0.772160
vn -0.000001 0.452796 0.891614
vn -0.000001 0.573972 0.818875
vn -0.211941 0.573972 0.790972
vn -0.230768 0.452796 0.861233
vn 0.211940 0.573973 0.790972
vn -0.000001 0.573972 0.818875
vn -0.000001 0.452796 0.891614
vn 0.230766 0.452795 0.861234
vn 0.409437 0.573973 0.709166
vn 0.211940 0.573973 0.790972
vn 0.230766 0.452795 0.861234
vn 0.445807 0.452795 0.772161
vn 0.579032 0.573972 0.579032
vn 0.409437 0.573973 0.709166
vn 0.445807 0.452795 0.772161
vn 0.630466 0.452795 0.630467
vn 0.772160 0.452796 0.445808
vn 0.709166 0.573972 0.409438
vn 0.579032 0.573972 0.579032
vn 0.630466 0.452795 0.630467
vn 0.861233 0.452796 0.230767
vn 0.790972 0.573972 0.211941
vn 0.709166 0.573972 0.409438
vn 0.772160 0.452796 0.445808
vn 0.891614 0.452796 0.000001
vn 0.818875 0.573972 0.000001
vn 0.790972 0.573972 0.211941
vn 0.861233 0.452796 0.230767
vn 0.790972 0.573972 -0.211940
vn 0.818875 0.573972 0.000001
vn 0.891614 0.452796 0.000001
vn 0.861233 0.452795 -0.230766
vn 0.709167 0.573973 -0.409436
vn 0.790972 0.573972 -0.211940
vn 0.861233 0.452795 -0.230766
vn 0.772161 0.452796 -0.445806
vn 0.579032 0.573973 -0.579032
vn 0.709167 0.573973 -0.409436
vn 0.772161 0.452796 -0.445806
vn 0.630467 0.452796 -0.630466
vn 0.445807 0.452796 -0.772160
vn 0.409437 0.573972 -0.709166
vn 0.579032 0.573973 -0.579032
vn 0.630467 0.452796 -0.630466
vn 0.230767 0.452795 -0.861234
vn 0.211941 0.573973 -0.790972
vn 0.409437 0.573972 -0.709166
vn 0.445807 0.452796 -0.772160
vn 0.000000 0.452795 -0.891615
vn 0.000000 0.573972 -0.818875
vn 0.211941 0.573973 -0.790972
vn 0.230767 0.452795 -0.861234
vn 0.000000 0.260085 -0.965586
vn 0.000000 0.135316 -0.990803
vn -0.256438 0.135315 -0.957042
vn -0.249912 0.260085 -0.932684
vn 0.000000 0.135316 -0.990803
vn 0.000000 0.260085 -0.965586
vn 0.249912 0.260085 -0.932684
vn 0.256439 0.135315 -0.957042
vn -0.249912 0.260085 -0.932684
vn -0.256438 0.135315 -0.957042
vn -0.495400 0.135315 -0.858061
vn -0.482792 0.260085 -0.836223
vn -0.482792 0.260085 -0.836223
vn -0.495400 0.135315 -0.858061
vn -0.700603 0.135316 -0.700603
vn -0.682772 0.260085 -0.682773
vn -0.682772 0.260085 -0.682773
vn -0.700603 0.135316 -0.700603
vn -0.858061 0.135316 -0.495401
vn -0.836221 0.260085 -0.482793
vn -0.836221 0.260085 -0.482793
vn -0.858061 0.135316 -0.495401
vn -0.957042 0.135316 -0.256438
vn -0.932684 0.260086 -0.249911
vn -0.932684 0.260086 -0.249911
vn -0.957042 0.135316 -0.256438
vn -0.990803 0.135315 0.000000
vn -0.965585 0.260086 -0.000000
vn -0.965585 0.260086 -0.000000
vn -0.990803 0.135315 0.000000
vn -0.957042 0.135315 0.256438
vn -0.932684 0.260086 0.249911
vn -0.932684 0.260086 0.249911
vn -0.957042 0.135315 0.256438
vn -0.858060 0.135316 0.495401
vn -0.836222 0.260085 0.482793
vn -0.836222 0.260085 0.482793
vn -0.858060 0.135316 0.495401
vn -0.700603 0.135316 0.700604
vn -0.682772 0.260085 0.682773
vn -0.682772 0.260085 0.682773
vn -0.700603 0.135316 0.700604
vn -0.495400 0.135315 0.858061
vn -0.482793 0.260085 0.836222
vn -0.482793 0.260085 0.836222
vn -0.495400 0.135315 0.858061
vn -0.256439 0.135315 0.957042
vn -0.249913 0.260086 0.932684
vn -0.249913 0.260086 0.932684
vn -0.256439 0.135315 0.957042
vn -0.000001 0.135315 0.990803
vn -0.000000 0.260086 0.965586
vn -0.000000 0.260086 0.965586
vn -0.000001 0.135315 0.990803
vn 0.256438 0.135315 0.957042
vn 0.249912 0.260086 0.932684
vn 0.249912 0.260086 0.932684
vn 0.256438 0.135315 0.957042
vn 0.495400 0.135315 0.858061
vn 0.482794 0.260086 0.836221
vn 0.482794 0.260086 0.836221
vn 0.495400 0.135315 0.858061
vn 0.700603 0.135315 0.700604
vn 0.682773 0.260085 0.682772
vn 0.682773 0.260085 0.682772
vn 0.700603 0.135315 0.700604
vn 0.858060 0.135315 0.495401
vn 0.836222 0.260085 0.482793
vn 0.836222 0.260085 0.482793
vn 0.858060 0.135315 0.495401
vn 0.957042 0.135315 0.256438
vn 0.932684 0.260085 0.249912
vn 0.932684 0.260085 0.249912
vn 0.957042 0.135315 0.256438
vn 0.990802 0.135316 0.000001
vn 0.965586 0.260085 0.000000
vn 0.965586 0.260085 0.000000
vn 0.990802 0.135316 0.000001
vn 0.957042 0.135316 -0.256437
vn 0.932684 0.260085 -0.249911
vn 0.932684 0.260085 -0.249911
vn 0.957042 0.135316 -0.256437
vn 0.858061 0.135315 -0.495400
vn 0.836222 0.260085 -0.482792
vn 0.836222 0.260085 -0.482792
vn 0.858061 0.135315 -0.495400
vn 0.700604 0.135315 -0.700603
vn 0.682773 0.260085 -0.682772
vn 0.682773 0.260085 -0.682772
vn 0.700604 0.135315 -0.700603
vn 0.495402 0.135315 -0.858060
vn 0.482793 0.260085 -0.836221
vn 0.482793 0.260085 -0.836221
vn 0.495402 0.135315 -0.858060
vn 0.256439 0.135315 -0.957042
vn 0.249912 0.260085 -0.932684
vn -0.256438 0.135315 -0.957042
vn 0.000000 0.135316 -0.990803
vn -0.000000 -0.054420 -0.998518
vn -0.258435 -0.054420 -0.964494
vn -0.495400 0.135315 -0.858061
vn -0.256438 0.135315 -0.957042
vn -0.258435 -0.054420 -0.964494
vn -0.499258 -0.054420 -0.864743
vn -0.700603 0.135316 -0.700603
vn -0.495400 0.135315 -0.858061
vn -0.499258 -0.054420 -0.864743
vn -0.706059 -0.054419 -0.706059
vn -0.864742 -0.054419 -0.499259
vn -0.858061 0.135316 -0.495401
vn -0.700603 0.135316 -0.700603
vn -0.706059 -0.054419 -0.706059
vn -0.964494 -0.054419 -0.258435
vn -0.957042 0.135316 -0.256438
vn -0.858061 0.135316 -0.495401
vn -0.864742 -0.054419 -0.499259
vn -0.998518 -0.054419 -0.000000
vn -0.990803 0.135315 0.000000
vn -0.957042 0.135316 -0.256438
vn -0.964494 -0.054419 -0.258435
vn -0.957042 0.135315 0.256438
vn -0.990803 0.135315 0.000000
vn -0.998518 -0.054419 -0.000000
vn -0.964494 -0.054419 0.258435
vn -0.858060 0.135316 0.495401
vn -0.957042 0.135315 0.256438
vn -0.964494 -0.054419 0.258435
vn -0.864742 -0.054419 0.499259
vn -0.700603 0.135316 0.700604
vn -0.858060 0.135316 0.495401
vn -0.864742 -0.054419 0.499259
vn -0.706059 -0.054419 0.706058
vn -0.499260 -0.054420 0.864742
vn -0.495400 0.135315 0.858061
vn -0.700603 0.135316 0.700604
vn -0.706059 -0.054419 0.706058
vn -0.258436 -0.054420 0.964494
vn -0.256439 0.135315 0.957042
vn -0.495400 0.135315 0.858061
vn -0.499260 -0.054420 0.864742
vn -0.000001 -0.054420 0.998518
vn -0.000001 0.135315 0.990803
vn -0.256439 0.135315 0.957042
vn -0.258436 -0.054420 0.964494
vn 0.256438 0.135315 0.957042
vn -0.000001 0.135315 0.990803
vn -0.000001 -0.054420 0.998518
vn 0.258435 -0.054419 0.964495
vn 0.495400 0.135315 0.858061
vn 0.256438 0.135315 0.957042
vn 0.258435 -0.054419 0.964495
vn 0.499259 -0.054420 0.864742
vn 0.700603 0.135315 0.700604
vn 0.495400 0.135315 0.858061
vn 0.499259 -0.054420 0.864742
vn 0.706059 -0.054419 0.706059
vn 0.864742 -0.054420 0.499260
vn 0.858060 0.135315 0.495401
vn 0.700603 0.135315 0.700604
vn 0.706059 -0.054419 0.706059
vn 0.964494 -0.054420 0.258436
vn 0.957042 0.135315 0.256438
vn 0.858060 0.135315 0.495401
vn 0.864742 -0.054420 0.499260
vn 0.998518 -0.054420 0.000000
vn 0.990802 0.135316 0.000001
vn 0.957042 0.135315 0.256438
vn 0.964494 -0.054420 0.258436
vn 0.957042 0.135316 -0.256437
vn 0.990802 0.135316 0.000001
vn 0.998518 -0.054420 0.000000
vn 0.964495 -0.054419 -0.258435
vn 0.858061 0.135315 -0.495400
vn 0.957042 0.135316 -0.256437
vn 0.964495 -0.054419 -0.258435
vn 0.864742 -0.054420 -0.499258
vn 0.700604 0.135315 -0.700603
vn 0.858061 0.135315 -0.495400
vn 0.864742 -0.054420 -0.499258
vn 0.706059 -0.054420 -0.706058
vn 0.499260 -0.054420 -0.864742
vn 0.495402 0.135315 -0.858060
vn 0.700604 0.135315 -0.700603
vn 0.706059 -0.054420 -0.706058
vn 0.258436 -0.054420 -0.964494
vn 0.256439 0.135315 -0.957042
vn 0.495402 0.135315 -0.858060
vn 0.499260 -0.054420 -0.864742
vn -0.000000 -0.054420 -0.998518
vn 0.000000 0.135316 -0.990803
vn 0.256439 0.135315 -0.957042
vn 0.258436 -0.054420 -0.964494
vn -0.252247 -0.223920 -0.941399
vn -0.233214 -0.433675 -0.870366
vn -0.450533 -0.433675 -0.780350
vn -0.487302 -0.223920 -0.844036
vn -0.233214 -0.433675 -0.870366
vn -0.252247 -0.223920 -0.941399
vn 0.000000 -0.223920 -0.974608
vn 0.000000 -0.433676 -0.901069
vn 0.000000 -0.433676 -0.901069
vn 0.000000 -0.223920 -0.974608
vn 0.252247 -0.223920 -0.941399
vn 0.233214 -0.433676 -0.870366
vn -0.487302 -0.223920 -0.844036
vn -0.450533 -0.433675 -0.780350
vn -0.637152 -0.433676 -0.637152
vn -0.689151 -0.223920 -0.689152
vn -0.689151 -0.223920 -0.689152
vn -0.637152 -0.433676 -0.637152
vn -0.780349 -0.433675 -0.450534
vn -0.844035 -0.223920 -0.487303
vn -0.844035 -0.223920 -0.487303
vn -0.780349 -0.433675 -0.450534
vn -0.870366 -0.433675 -0.233214
vn -0.941399 -0.223920 -0.252247
vn -0.941399 -0.223920 -0.252247
vn -0.870366 -0.433675 -0.233214
vn -0.901070 -0.433675 0.000000
vn -0.974608 -0.223919 -0.000000
vn -0.974608 -0.223919 -0.000000
vn -0.901070 -0.433675 0.000000
vn -0.870366 -0.433675 0.233213
vn -0.941399 -0.223919 0.252247
vn -0.941399 -0.223919 0.252247
vn -0.870366 -0.433675 0.233213
vn -0.780349 -0.433675 0.450534
vn -0.844035 -0.223919 0.487303
vn -0.844035 -0.223919 0.487303
vn -0.780349 -0.433675 0.450534
vn -0.637153 -0.433675 0.637151
vn -0.689152 -0.223919 0.689151
vn -0.689152 -0.223919 0.689151
vn -0.637153 -0.433675 0.637151
vn -0.450535 -0.433674 0.780349
vn -0.487305 -0.223919 0.844034
vn -0.487305 -0.223919 0.844034
vn -0.450535 -0.433674 0.780349
vn -0.233214 -0.433674 0.870367
vn -0.252247 -0.223919 0.941399
vn -0.252247 -0.223919 0.941399
vn -0.233214 -0.433674 0.870367
vn -0.000001 -0.433675 0.901069
vn -0.000001 -0.223918 0.974608
vn -0.000001 -0.223918 0.974608
vn -0.000001 -0.433675 0.901069
vn 0.233213 -0.433675 0.870367
vn 0.252247 -0.223919 0.941399
vn 0.252247 -0.223919 0.941399
vn 0.233213 -0.433675 0.870367
vn 0.450535 -0.433675 0.780349
vn 0.487305 -0.223920 0.844034
vn 0.487305 -0.223920 0.844034
vn 0.450535 -0.433675 0.780349
vn 0.637153 -0.433675 0.637151
vn 0.689153 -0.223919 0.689150
vn 0.689153 -0.223919 0.689150
vn 0.637153 -0.433675 0.637151
vn 0.780349 -0.433675 0.450535
vn 0.844035 -0.223919 0.487304
vn 0.844035 -0.223919 0.487304
vn 0.780349 -0.433675 0.450535
vn 0.870366 -0.433675 0.233214
vn 0.941399 -0.223919 0.252248
vn 0.941399 -0.223919 0.252248
vn 0.870366 -0.433675 0.233214
vn 0.901069 -0.433675 0.000001
vn 0.974608 -0.223920 0.000001
vn 0.974608 -0.223920 0.000001
vn 0.901069 -0.433675 0.000001
vn 0.870366 -0.433675 -0.233214
vn 0.941399 -0.223920 -0.252246
vn 0.941399 -0.223920 -0.252246
vn 0.870366 -0.433675 -0.233214
vn 0.780349 -0.433675 -0.450534
vn 0.844036 -0.223920 -0.487303
vn 0.844036 -0.223920 -0.487303
vn 0.780349 -0.433675 -0.450534
vn 0.637152 -0.433676 -0.637152
vn 0.689152 -0.223919 -0.689152
vn 0.689152 -0.223919 -0.689152
vn 0.637152 -0.433676 -0.637152
vn 0.450534 -0.433676 -0.780349
vn 0.487303 -0.223919 -0.844035
vn 0.487303 -0.223919 -0.844035
vn 0.450534 -0.433676 -0.780349
vn 0.233214 -0.433676 -0.870366
vn 0.252247 -0.223920 -0.941399
vn -0.252247 -0.223920 -0.941399
vn -0.258435 -0.054420 -0.964494
vn -0.000000 -0.054420 -0.998518
vn 0.000000 -0.223920 -0.974608
vn -0.487302 -0.223920 -0.844036
vn -0.499258 -0.054420 -0.864743
vn -0.258435 -0.054420 -0.964494
vn -0.252247 -0.223920 -0.941399
vn -0.689151 -0.223920 -0.689152
vn -0.706059 -0.054419 -0.706059
vn -0.499258 -0.054420 -0.864743
vn -0.487302 -0.223920 -0.844036
vn -0.864742 -0.054419 -0.499259
vn -0.706059 -0.054419 -0.706059
vn -0.689151 -0.223920 -0.689152
vn -0.844035 -0.223920 -0.487303
vn -0.964494 -0.054419 -0.258435
vn -0.864742 -0.054419 -0.499259
vn -0.844035 -0.223920 -0.487303
vn -0.941399 -0.223920 -0.252247
vn -0.998518 -0.054419 -0.000000
vn -0.964494 -0.054419 -0.258435
vn -0.941399 -0.223920 -0.252247
vn -0.974608 -0.223919 -0.000000
vn -0.941399 -0.223919 0.252247
vn -0.964494 -0.054419 0.258435
vn -0.998518 -0.054419 -0.000000
vn -0.974608 -0.223919 -0.000000
vn -0.844035 -0.223919 0.487303
vn -0.864742 -0.054419 0.499259
vn -0.964494 -0.054419 0.258435
vn -0.941399 -0.223919 0.252247
vn -0.689152 -0.223919 0.689151
vn -0.706059 -0.054419 0.706058
vn -0.864742 -0.054419 0.499259
vn -0.844035 -0.223919 0.487303
vn -0.499260 -0.054420 0.864742
vn -0.706059 -0.054419 0.706058
vn -0.689152 -0.223919 0.689151
vn -0.487305 -0.223919 0.844034
vn -0.258436 -0.054420 0.964494
vn -0.499260 -0.054420 0.864742
vn -0.487305 -0.223919 0.844034
vn -0.252247 -0.223919 0.941399
vn -0.000001 -0.054420 0.998518
vn -0.258436 -0.054420 0.964494
vn -0.252247 -0.223919 0.941399
vn -0.000001 -0.223918 0.974608
vn 0.252247 -0.223919 0.941399
vn 0.258435 -0.054419 0.964495
vn -0.000001 -0.054420 0.998518
vn -0.000001 -0.223918 0.974608
vn 0.487305 -0.223920 0.844034
vn 0.499259 -0.054420 0.864742
vn 0.258435 -0.054419 0.964495
vn 0.252247 -0.223919 0.941399
vn 0.689153 -0.223919 0.689150
vn 0.706059 -0.054419 0.706059
vn 0.499259 -0.054420 0.864742
vn 0.487305 -0.223920 0.844034
vn 0.864742 -0.054420 0.499260
vn 0.706059 -0.054419 0.706059
vn 0.689153 -0.223919 0.689150
vn 0.844035 -0.223919 0.487304
vn 0.964494 -0.054420 0.258436
vn 0.864742 -0.054420 0.499260
vn 0.844035 -0.223919 0.487304
vn 0.941399 -0.223919 0.252248
vn 0.998518 -0.054420 0.000000
vn 0.964494 -0.054420 0.258436
vn 0.941399 -0.223919 0.252248
vn 0.974608 -0.223920 0.000001
vn 0.941399 -0.223920 -0.252246
vn 0.964495 -0.054419 -0.258435
vn 0.998518 -0.054420 0.000000
vn 0.974608 -0.223920 0.000001
vn 0.844036 -0.223920 -0.487303
vn 0.864742 -0.054420 -0.499258
vn 0.964495 -0.054419 -0.258435
vn 0.941399 -0.223920 -0.252246
vn 0.689152 -0.223919 -0.689152
vn 0.706059 -0.054420 -0.706058
vn 0.864742 -0.054420 -0.499258
vn 0.844036 -0.223920 -0.487303
vn 0.499260 -0.054420 -0.864742
vn 0.706059 -0.054420 -0.706058
vn 0.689152 -0.223919 -0.689152
vn 0.487303 -0.223919 -0.844035
vn 0.258436 -0.054420 -0.964494
vn 0.499260 -0.054420 -0.864742
vn 0.487303 -0.223919 -0.844035
vn 0.252247 -0.223920 -0.941399
vn -0.000000 -0.054420 -0.998518
vn 0.258436 -0.054420 -0.964494
vn 0.252247 -0.223920 -0.941399
vn 0.000000 -0.223920 -0.974608
vn -0.219297 -0.531118 -0.818427
vn -0.233214 -0.433675 -0.870366
vn 0.000000 -0.433676 -0.901069
vn -0.000000 -0.531118 -0.847298
vn -0.423648 -0.531118 -0.733782
vn -0.450533 -0.433675 -0.780350
vn -0.233214 -0.433675 -0.870366
vn -0.219297 -0.531118 -0.818427
vn -0.599129 -0.531118 -0.599130
vn -0.637152 -0.433676 -0.637152
vn -0.450533 -0.433675 -0.780350
vn -0.423648 -0.531118 -0.733782
vn -0.780349 -0.433675 -0.450534
vn -0.637152 -0.433676 -0.637152
vn -0.599129 -0.531118 -0.599130
vn -0.733781 -0.531118 -0.423649
vn -0.870366 -0.433675 -0.233214
vn -0.780349 -0.433675 -0.450534
vn -0.733781 -0.531118 -0.423649
vn -0.818427 -0.531118 -0.219297
vn -0.901070 -0.433675 0.000000
vn -0.870366 -0.433675 -0.233214
vn -0.818427 -0.531118 -0.219297
vn -0.847298 -0.531118 0.000000
vn -0.818427 -0.531118 0.219297
vn -0.870366 -0.433675 0.233213
vn -0.901070 -0.433675 0.000000
vn -0.847298 -0.531118 0.000000
vn -0.733782 -0.531118 0.423649
vn -0.780349 -0.433675 0.450534
vn -0.870366 -0.433675 0.233213
vn -0.818427 -0.531118 0.219297
vn -0.599131 -0.531118 0.599129
vn -0.637153 -0.433675 0.637151
vn -0.780349 -0.433675 0.450534
vn -0.733782 -0.531118 0.423649
vn -0.450535 -0.433674 0.780349
vn -0.637153 -0.433675 0.637151
vn -0.599131 -0.531118 0.599129
vn -0.423650 -0.531118 0.733781
vn -0.233214 -0.433674 0.870367
vn -0.450535 -0.433674 0.780349
vn -0.423650 -0.531118 0.733781
vn -0.219297 -0.531119 0.818426
vn -0.000001 -0.433675 0.901069
vn -0.233214 -0.433674 0.870367
vn -0.219297 -0.531119 0.818426
vn -0.000001 -0.531119 0.847298
vn 0.219296 -0.531119 0.818427
vn 0.233213 -0.433675 0.870367
vn -0.000001 -0.433675 0.901069
vn -0.000001 -0.531119 0.847298
vn 0.423649 -0.531119 0.733781
vn 0.450535 -0.433675 0.780349
vn 0.233213 -0.433675 0.870367
vn 0.219296 -0.531119 0.818427
vn 0.599130 -0.531118 0.599130
vn 0.637153 -0.433675 0.637151
vn 0.450535 -0.433675 0.780349
vn 0.423649 -0.531119 0.733781
vn 0.780349 -0.433675 0.450535
vn 0.637153 -0.433675 0.637151
vn 0.599130 -0.531118 0.599130
vn 0.733781 -0.531118 0.423649
vn 0.870366 -0.433675 0.233214
vn 0.780349 -0.433675 0.450535
vn 0.733781 -0.531118 0.423649
vn 0.818427 -0.531118 0.219297
vn 0.901069 -0.433675 0.000001
vn 0.870366 -0.433675 0.233214
vn 0.818427 -0.531118 0.219297
vn 0.847298 -0.531118 0.000001
vn 0.818427 -0.531118 -0.219296
vn 0.870366 -0.433675 -0.233214
vn 0.901069 -0.433675 0.000001
vn 0.847298 -0.531118 0.000001
vn 0.733782 -0.531118 -0.423649
vn 0.780349 -0.433675 -0.450534
vn 0.870366 -0.433675 -0.233214
vn 0.818427 -0.531118 -0.219296
vn 0.599131 -0.531118 -0.599129
vn 0.637152 -0.433676 -0.637152
vn 0.780349 -0.433675 -0.450534
vn 0.733782 -0.531118 -0.423649
vn 0.450534 -0.433676 -0.780349
vn 0.637152 -0.433676 -0.637152
vn 0.599131 -0.531118 -0.599129
vn 0.423649 -0.531118 -0.733781
vn 0.233214 -0.433676 -0.870366
vn 0.450534 -0.433676 -0.780349
vn 0.423649 -0.531118 -0.733781
vn 0.219297 -0.531118 -0.818427
vn 0.000000 -0.433676 -0.901069
vn 0.233214 -0.433676 -0.870366
vn 0.219297 -0.531118 -0.818427
vn -0.000000 -0.531118 -0.847298
vn -0.222659 0.509805 -0.830976
vn -0.239338 0.380617 -0.893224
vn -0.462365 0.380617 -0.800843
vn -0.430144 0.509805 -0.745033
vn -0.239338 0.380617 -0.893224
vn -0.222659 0.509805 -0.830976
vn 0.000000 0.509805 -0.860290
vn 0.000000 0.380617 -0.924733
vn 0.000000 0.380617 -0.924733
vn 0.000000 0.509805 -0.860290
vn 0.222660 0.509805 -0.830976
vn 0.239339 0.380617 -0.893223
vn -0.430144 0.509805 -0.745033
vn -0.462365 0.380617 -0.800843
vn -0.653884 0.380616 -0.653886
vn -0.608316 0.509805 -0.608317
vn -0.608316 0.509805 -0.608317
vn -0.653884 0.380616 -0.653886
vn -0.800842 0.380617 -0.462368
vn -0.745033 0.509805 -0.430145
vn -0.745033 0.509805 -0.430145
vn -0.800842 0.380617 -0.462368
vn -0.893223 0.380617 -0.239338
vn -0.830976 0.509805 -0.222659
vn -0.830976 0.509805 -0.222659
vn -0.893223 0.380617 -0.239338
vn -0.924733 0.380617 0.000000
vn -0.860290 0.509805 0.000001
vn -0.860290 0.509805 0.000001
vn -0.924733 0.380617 0.000000
vn -0.893223 0.380617 0.239338
vn -0.830976 0.509805 0.222660
vn -0.830976 0.509805 0.222660
vn -0.893223 0.380617 0.239338
vn -0.800842 0.380617 0.462366
vn -0.745033 0.509805 0.430144
vn -0.745033 0.509805 0.430144
vn -0.800842 0.380617 0.462366
vn -0.653885 0.380617 0.653885
vn -0.608317 0.509805 0.608316
vn -0.608317 0.509805 0.608316
vn -0.653885 0.380617 0.653885
vn -0.462367 0.380617 0.800842
vn -0.430145 0.509805 0.745033
vn -0.430145 0.509805 0.745033
vn -0.462367 0.380617 0.800842
vn -0.239339 0.380618 0.893223
vn -0.222660 0.509805 0.830976
vn -0.222660 0.509805 0.830976
vn -0.239339 0.380618 0.893223
vn -0.000000 0.380617 0.924733
vn -0.000000 0.509805 0.860290
vn -0.000000 0.509805 0.860290
vn -0.000000 0.380617 0.924733
vn 0.239337 0.380616 0.893224
vn 0.222659 0.509805 0.830977
vn 0.222659 0.509805 0.830977
vn 0.239337 0.380616 0.893224
vn 0.462366 0.380617 0.800843
vn 0.430144 0.509805 0.745033
vn 0.430144 0.509805 0.745033
vn 0.462366 0.380617 0.800843
vn 0.653885 0.380617 0.653885
vn 0.608316 0.509805 0.608317
vn 0.608316 0.509805 0.608317
vn 0.653885 0.380617 0.653885
vn 0.800842 0.380617 0.462367
vn 0.745033 0.509805 0.430146
vn 0.745033 0.509805 0.430146
vn 0.800842 0.380617 0.462367
vn 0.893224 0.380616 0.239338
vn 0.830976 0.509805 0.222661
vn 0.830976 0.509805 0.222661
vn 0.893224 0.380616 0.239338
vn 0.924733 0.380617 -0.000000
vn 0.860290 0.509805 0.000001
vn 0.860290 0.509805 0.000001
vn 0.924733 0.380617 -0.000000
vn 0.893223 0.380617 -0.239338
vn 0.830976 0.509805 -0.222659
vn 0.830976 0.509805 -0.222659
vn 0.893223 0.380617 -0.239338
vn 0.800843 0.380617 -0.462366
vn 0.745034 0.509805 -0.430143
vn 0.745034 0.509805 -0.430143
vn 0.800843 0.380617 -0.462366
vn 0.653885 0.380617 -0.653884
vn 0.608317 0.509806 -0.608316
vn 0.608317 0.509806 -0.608316
vn 0.653885 0.380617 -0.653884
vn 0.462366 0.380617 -0.800842
vn 0.430145 0.509805 -0.745033
vn 0.430145 0.509805 -0.745033
vn 0.462366 0.380617 -0.800842
vn 0.239339 0.380617 -0.893223
vn 0.222660 0.509805 -0.830976
vn -0.220132 0.525931 -0.821546
vn 0.000000 0.525931 -0.850527
vn 0.000000 0.509805 -0.860290
vn -0.222659 0.509805 -0.830976
vn -0.425263 0.525932 -0.736578
vn -0.220132 0.525931 -0.821546
vn -0.222659 0.509805 -0.830976
vn -0.430144 0.509805 -0.745033
vn -0.601413 0.525931 -0.601413
vn -0.425263 0.525932 -0.736578
vn -0.430144 0.509805 -0.745033
vn -0.608316 0.509805 -0.608317
vn -0.745033 0.509805 -0.430145
vn -0.736578 0.525931 -0.425264
vn -0.601413 0.525931 -0.601413
vn -0.608316 0.509805 -0.608317
vn -0.830976 0.509805 -0.222659
vn -0.821546 0.525931 -0.220133
vn -0.736578 0.525931 -0.425264
vn -0.745033 0.509805 -0.430145
vn -0.860290 0.509805 0.000001
vn -0.850527 0.525931 0.000001
vn -0.821546 0.525931 -0.220133
vn -0.830976 0.509805 -0.222659
vn -0.821546 0.525931 0.220133
vn -0.850527 0.525931 0.000001
vn -0.860290 0.509805 0.000001
vn -0.830976 0.509805 0.222660
vn -0.736579 0.525931 0.425262
vn -0.821546 0.525931 0.220133
vn -0.830976 0.509805 0.222660
vn -0.745033 0.509805 0.430144
vn -0.601414 0.525931 0.601413
vn -0.736579 0.525931 0.425262
vn -0.745033 0.509805 0.430144
vn -0.608317 0.509805 0.608316
vn -0.430145 0.509805 0.745033
vn -0.425264 0.525931 0.736578
vn -0.601414 0.525931 0.601413
vn -0.608317 0.509805 0.608316
vn -0.222660 0.509805 0.830976
vn -0.220133 0.525931 0.821546
vn -0.425264 0.525931 0.736578
vn -0.430145 0.509805 0.745033
vn -0.000000 0.509805 0.860290
vn -0.000000 0.525931 0.850527
vn -0.220133 0.525931 0.821546
vn -0.222660 0.509805 0.830976
vn 0.220133 0.525932 0.821546
vn -0.000000 0.525931 0.850527
vn -0.000000 0.509805 0.860290
vn 0.222659 0.509805 0.830977
vn 0.425263 0.525932 0.736578
vn 0.220133 0.525932 0.821546
vn 0.222659 0.509805 0.830977
vn 0.430144 0.509805 0.745033
vn 0.601413 0.525931 0.601414
vn 0.425263 0.525932 0.736578
vn 0.430144 0.509805 0.745033
vn 0.608316 0.509805 0.608317
vn 0.745033 0.509805 0.430146
vn 0.736578 0.525931 0.425264
vn 0.601413 0.525931 0.601414
vn 0.608316 0.509805 0.608317
vn 0.830976 0.509805 0.222661
vn 0.821546 0.525931 0.220134
vn 0.736578 0.525931 0.425264
vn 0.745033 0.509805 0.430146
vn 0.860290 0.509805 0.000001
vn 0.850527 0.525931 0.000001
vn 0.821546 0.525931 0.220134
vn 0.830976 0.509805 0.222661
vn 0.821546 0.525932 -0.220132
vn 0.850527 0.525931 0.000001
vn 0.860290 0.509805 0.000001
vn 0.830976 0.509805 -0.222659
vn 0.736579 0.525932 -0.425262
vn 0.821546 0.525932 -0.220132
vn 0.830976 0.509805 -0.222659
vn 0.745034 0.509805 -0.430143
vn 0.601414 0.525932 -0.601413
vn 0.736579 0.525932 -0.425262
vn 0.745034 0.509805 -0.430143
vn 0.608317 0.509806 -0.608316
vn 0.430145 0.509805 -0.745033
vn 0.425264 0.525932 -0.736578
vn 0.601414 0.525932 -0.601413
vn 0.608317 0.509806 -0.608316
vn 0.222660 0.509805 -0.830976
vn 0.220133 0.525932 -0.821546
vn 0.425264 0.525932 -0.736578
vn 0.430145 0.509805 -0.745033
vn 0.000000 0.509805 -0.860290
vn 0.000000 0.525931 -0.850527
vn 0.220133 0.525932 -0.821546
vn 0.222660 0.509805 -0.830976
vn -0.239338 0.380617 -0.893224
vn 0.000000 0.380617 -0.924733
vn 0.000000 0.260085 -0.965586
vn -0.249912 0.260085 -0.932684
vn -0.462365 0.380617 -0.800843
vn -0.239338 0.380617 -0.893224
vn -0.249912 0.260085 -0.932684
vn -0.482792 0.260085 -0.836223
vn -0.653884 0.380616 -0.653886
vn -0.462365 0.380617 -0.800843
vn -0.482792 0.260085 -0.836223
vn -0.682772 0.260085 -0.682773
vn -0.836221 0.260085 -0.482793
vn -0.800842 0.380617 -0.462368
vn -0.653884 0.380616 -0.653886
vn -0.682772 0.260085 -0.682773
vn -0.932684 0.260086 -0.249911
vn -0.893223 0.380617 -0.239338
vn -0.800842 0.380617 -0.462368
vn -0.836221 0.260085 -0.482793
vn -0.965585 0.260086 -0.000000
vn -0.924733 0.380617 0.000000
vn -0.893223 0.380617 -0.239338
vn -0.932684 0.260086 -0.249911
vn -0.893223 0.380617 0.239338
vn -0.924733 0.380617 0.000000
vn -0.965585 0.260086 -0.000000
vn -0.932684 0.260086 0.249911
vn -0.800842 0.380617 0.462366
vn -0.893223 0.380617 0.239338
vn -0.932684 0.260086 0.249911
vn -0.836222 0.260085 0.482793
vn -0.653885 0.380617 0.653885
vn -0.800842 0.380617 0.462366
vn -0.836222 0.260085 0.482793
vn -0.682772 0.260085 0.682773
vn -0.482793 0.260085 0.836222
vn -0.462367 0.380617 0.800842
vn -0.653885 0.380617 0.653885
vn -0.682772 0.260085 0.682773
vn -0.249913 0.260086 0.932684
vn -0.239339 0.380618 0.893223
vn -0.462367 0.380617 0.800842
vn -0.482793 0.260085 0.836222
vn -0.000000 0.260086 0.965586
vn -0.000000 0.380617 0.924733
vn -0.239339 0.380618 0.893223
vn -0.249913 0.260086 0.932684
vn 0.239337 0.380616 0.893224
vn -0.000000 0.380617 0.924733
vn -0.000000 0.260086 0.965586
vn 0.249912 0.260086 0.932684
vn 0.462366 0.380617 0.800843
vn 0.239337 0.380616 0.893224
vn 0.249912 0.260086 0.932684
vn 0.482794 0.260086 0.836221
vn 0.653885 0.380617 0.653885
vn 0.462366 0.380617 0.800843
vn 0.482794 0.260086 0.836221
vn 0.682773 0.260085 0.682772
vn 0.836222 0.260085 0.482793
vn 0.800842 0.380617 0.462367
vn 0.653885 0.380617 0.653885
vn 0.682773 0.260085 0.682772
vn 0.932684 0.260085 0.249912
vn 0.893224 0.380616 0.239338
vn 0.800842 0.380617 0.462367
vn 0.836222 0.260085 0.482793
vn 0.965586 0.260085 0.000000
vn 0.924733 0.380617 -0.000000
vn 0.893224 0.380616 0.239338
vn 0.932684 0.260085 0.249912
vn 0.893223 0.380617 -0.239338
vn 0.924733 0.380617 -0.000000
vn 0.965586 0.260085 0.000000
vn 0.932684 0.260085 -0.249911
vn 0.800843 0.380617 -0.462366
vn 0.893223 0.380617 -0.239338
vn 0.932684 0.260085 -0.249911
vn 0.836222 0.260085 -0.482792
vn 0.653885 0.380617 -0.653884
vn 0.800843 0.380617 -0.462366
vn 0.836222 0.260085 -0.482792
vn 0.682773 0.260085 -0.682772
vn 0.482793 0.260085 -0.836221
vn 0.462366 0.380617 -0.800842
vn 0.653885 0.380617 -0.653884
vn 0.682773 0.260085 -0.682772
vn 0.249912 0.260085 -0.932684
vn 0.239339 0.380617 -0.893223
vn 0.462366 0.380617 -0.800842
vn 0.482793 0.260085 -0.836221
vn 0.000000 0.260085 -0.965586
vn 0.000000 0.380617 -0.924733
vn 0.239339 0.380617 -0.893223
vn 0.249912 0.260085 -0.932684
vn 0.000000 0.000000 -1.000000
vn -0.258819 0.000000 -0.965926
vn -0.250927 -0.245066 -0.936471
vn -0.000000 -0.245066 -0.969506
vn 0.258819 0.000000 -0.965926
vn 0.000000 0.000000 -1.000000
vn -0.000000 -0.245066 -0.969506
vn 0.250927 -0.245066 -0.936471
vn 0.250927 -0.245066 -0.936471
vn 0.484753 -0.245066 -0.839617
vn 0.500000 0.000000 -0.866025
vn 0.258819 0.000000 -0.965926
vn 0.484753 -0.245066 -0.839617
vn 0.685544 -0.245067 -0.685544
vn 0.707107 -0.000000 -0.707107
vn 0.500000 0.000000 -0.866025
vn 0.866026 -0.000001 -0.500000
vn 0.707107 -0.000000 -0.707107
vn 0.685544 -0.245067 -0.685544
vn 0.839617 -0.245066 -0.484753
vn 0.839617 -0.245066 -0.484753
vn 0.936471 -0.245067 -0.250926
vn 0.965926 -0.000001 -0.258818
vn 0.866026 -0.000001 -0.500000
vn 0.936471 -0.245067 -0.250926
vn 0.969506 -0.245067 0.000001
vn 1.000000 -0.000000 0.000001
vn 0.965926 -0.000001 -0.258818
vn 0.969506 -0.245067 0.000001
vn 0.936471 -0.245067 0.250927
vn 0.965926 -0.000000 0.258819
vn 1.000000 -0.000000 0.000001
vn 0.936471 -0.245067 0.250927
vn 0.839617 -0.245067 0.484753
vn 0.866025 -0.000000 0.500000
vn 0.965926 -0.000000 0.258819
vn 0.839617 -0.245067 0.484753
vn 0.685545 -0.245067 0.685544
vn 0.707107 -0.000000 0.707106
vn 0.866025 -0.000000 0.500000
vn 0.685545 -0.245067 0.685544
vn 0.484753 -0.245067 0.839617
vn 0.500000 -0.000000 0.866025
vn 0.707107 -0.000000 0.707106
vn 0.484753 -0.245067 0.839617
vn 0.250926 -0.245067 0.936471
vn 0.258819 -0.000000 0.965926
vn 0.500000 -0.000000 0.866025
vn 0.250926 -0.245067 0.936471
vn -0.000001 -0.245067 0.969506
vn -0.000001 -0.000000 1.000000
vn 0.258819 -0.000000 0.965926
vn -0.000001 -0.245067 0.969506
vn -0.250927 -0.245066 0.936471
vn -0.258819 -0.000000 0.965926
vn -0.000001 -0.000000 1.000000
vn -0.250927 -0.245066 0.936471
vn -0.484754 -0.245066 0.839617
vn -0.500000 -0.000000 0.866025
vn -0.258819 -0.000000 0.965926
vn -0.484754 -0.245066 0.839617
vn -0.685545 -0.245066 0.685544
vn -0.707107 0.000000 0.707106
vn -0.500000 -0.000000 0.866025
vn -0.685545 -0.245066 0.685544
vn -0.839618 -0.245066 0.484753
vn -0.866026 0.000000 0.499999
vn -0.707107 0.000000 0.707106
vn -0.839618 -0.245066 0.484753
vn -0.936471 -0.245066 0.250927
vn -0.965926 0.000001 0.258819
vn -0.866026 0.000000 0.499999
vn -1.000000 0.000001 0.000000
vn -0.965926 0.000001 0.258819
vn -0.936471 -0.245066 0.250927
vn -0.969506 -0.245066 -0.000000
vn -0.965926 0.000000 -0.258819
vn -1.000000 0.000001 0.000000
vn -0.969506 -0.245066 -0.000000
vn -0.936471 -0.245066 -0.250927
vn -0.936471 -0.245066 -0.250927
vn -0.839617 -0.245066 -0.484753
vn -0.866025 0.000000 -0.500000
vn -0.965926 0.000000 -0.258819
vn -0.839617 -0.245066 -0.484753
vn -0.685544 -0.245066 -0.685545
vn -0.707106 0.000000 -0.707107
vn -0.866025 0.000000 -0.500000
vn -0.685544 -0.245066 -0.685545
vn -0.484752 -0.245066 -0.839618
vn -0.499999 0.000000 -0.866026
vn -0.707106 0.000000 -0.707107
vn -0.484752 -0.245066 -0.839618
vn -0.250927 -0.245066 -0.936471
vn -0.258819 0.000000 -0.965926
vn -0.499999 0.000000 -0.866026
vn 0.000000 -0.000000 -1.000000
vn -0.258819 -0.000000 -0.965926
vn -0.248117 -0.284583 -0.925986
vn -0.000000 -0.284583 -0.958651
vn 0.258819 -0.000000 -0.965926
vn 0.000000 -0.000000 -1.000000
vn -0.000000 -0.284583 -0.958651
vn 0.248118 -0.284583 -0.925986
vn 0.248118 -0.284583 -0.925986
vn 0.479326 -0.284583 -0.830216
vn 0.500000 -0.000000 -0.866026
vn 0.258819 -0.000000 -0.965926
vn 0.479326 -0.284583 -0.830216
vn 0.677869 -0.284583 -0.677868
vn 0.707108 -0.000000 -0.707106
vn 0.500000 -0.000000 -0.866026
vn 0.677869 -0.284583 -0.677868
vn 0.830217 -0.284583 -0.479325
vn 0.866027 0.000000 -0.499998
vn 0.707108 -0.000000 -0.707106
vn 0.830217 -0.284583 -0.479325
vn 0.925986 -0.284584 -0.248117
vn 0.965926 -0.000000 -0.258818
vn 0.866027 0.000000 -0.499998
vn 0.925986 -0.284584 -0.248117
vn 0.958651 -0.284583 0.000001
vn 1.000000 -0.000000 0.000000
vn 0.965926 -0.000000 -0.258818
vn 0.958651 -0.284583 0.000001
vn 0.925986 -0.284583 0.248118
vn 0.965926 -0.000000 0.258819
vn 1.000000 -0.000000 0.000000
vn 0.925986 -0.284583 0.248118
vn 0.830216 -0.284583 0.479326
vn 0.866025 0.000000 0.500000
vn 0.965926 -0.000000 0.258819
vn 0.830216 -0.284583 0.479326
vn 0.677869 -0.284583 0.677869
vn 0.707108 0.000000 0.707106
vn 0.866025 0.000000 0.500000
vn 0.677869 -0.284583 0.677869
vn 0.479326 -0.284584 0.830216
vn 0.500001 0.000000 0.866025
vn 0.707108 0.000000 0.707106
vn 0.258819 0.000000 0.965926
vn 0.500001 0.000000 0.866025
vn 0.479326 -0.284584 0.830216
vn 0.248117 -0.284584 0.925986
vn -0.000001 0.000000 1.000000
vn 0.258819 0.000000 0.965926
vn 0.248117 -0.284584 0.925986
vn -0.000001 -0.284584 0.958651
vn -0.000001 -0.284584 0.958651
vn -0.248118 -0.284584 0.925986
vn -0.258820 0.000000 0.965926
vn -0.000001 0.000000 1.000000
vn -0.248118 -0.284584 0.925986
vn -0.479326 -0.284584 0.830216
vn -0.500001 -0.000000 0.866025
vn -0.258820 0.000000 0.965926
vn -0.479326 -0.284584 0.830216
vn -0.677870 -0.284584 0.677868
vn -0.707108 -0.000000 0.707106
vn -0.500001 -0.000000 0.866025
vn -0.677870 -0.284584 0.677868
vn -0.830216 -0.284584 0.479325
vn -0.866025 -0.000001 0.500000
vn -0.707108 -0.000000 0.707106
vn -0.965926 -0.000000 0.258819
vn -0.866025 -0.000001 0.500000
vn -0.830216 -0.284584 0.479325
vn -0.925986 -0.284584 0.248117
vn -1.000000 0.000000 -0.000000
vn -0.965926 -0.000000 0.258819
vn -0.925986 -0.284584 0.248117
vn -0.958651 -0.284584 0.000000
vn -0.965926 -0.000001 -0.258820
vn -1.000000 0.000000 -0.000000
vn -0.958651 -0.284584 0.000000
vn -0.925986 -0.284584 -0.248117
vn -0.866025 -0.000001 -0.500000
vn -0.965926 -0.000001 -0.258820
vn -0.925986 -0.284584 -0.248117
vn -0.830216 -0.284584 -0.479326
vn -0.830216 -0.284584 -0.479326
vn -0.677868 -0.284583 -0.677869
vn -0.707108 -0.000000 -0.707106
vn -0.866025 -0.000001 -0.500000
vn -0.677868 -0.284583 -0.677869
vn -0.479325 -0.284583 -0.830217
vn -0.499999 -0.000000 -0.866026
vn -0.707108 -0.000000 -0.707106
vn -0.479325 -0.284583 -0.830217
vn -0.248117 -0.284583 -0.925986
vn -0.258819 -0.000000 -0.965926
vn -0.499999 -0.000000 -0.866026
s off
g SM_Lamp_Modern_01
usemtl base_lowSG
f 186/844/1 187/891/2 1/25/3 2/26/4
f 2/26/5 3/27/6 185/846/7 186/844/8
f 3/27/9 4/28/10 184/848/11 185/846/12
f 4/28/13 5/29/14 183/851/15 184/848/16
f 5/29/17 6/30/18 182/853/19 183/851/20
f 6/30/21 7/31/22 181/855/23 182/853/24
f 8/32/25 180/856/26 181/855/27 7/31/28
f 179/858/29 180/856/30 8/32/31 9/33/32
f 178/860/33 179/858/34 9/33/35 10/34/36
f 10/34/37 11/35/38 177/863/39 178/860/40
f 12/36/41 176/865/42 177/863/43 11/35/44
f 12/36/45 13/38/46 175/867/47 176/865/48
f 13/38/49 14/39/50 174/868/51 175/867/52
f 14/39/53 15/40/54 173/870/55 174/868/56
f 15/40/57 16/41/58 172/872/59 173/870/60
f 171/875/61 172/872/62 16/41/63 17/42/64
f 171/875/65 17/42/66 18/43/67 170/877/68
f 19/44/69 169/879/70 170/877/71 18/43/72
f 20/350/73 192/880/74 169/879/75 19/44/76
f 21/47/77 191/882/78 192/46/79 20/45/80
f 21/47/81 22/48/82 190/884/83 191/882/84
f 22/48/85 23/49/86 189/887/87 190/884/88
f 23/49/89 24/50/90 188/889/91 189/887/92
f 188/889/93 24/50/94 1/25/95 187/891/96
f 26/52/97 1034/1642/98 1035/1643/99 25/51/100
f 1057/1666/101 1034/1642/102 26/52/103 27/53/104
f 1056/1665/105 1057/1666/106 27/53/107 28/54/108
f 1055/1664/109 1056/1665/110 28/54/111 29/55/112
f 1054/1663/113 1055/1664/114 29/55/115 30/56/116
f 31/57/117 1053/1662/118 1054/1663/119 30/56/120
f 32/58/121 1052/1661/122 1053/1662/123 31/57/124
f 1051/1660/125 1052/1661/126 32/58/127 33/59/128
f 1050/1659/129 1051/1660/130 33/59/131 34/60/132
f 1049/1658/133 1050/1659/134 34/60/135 35/61/136
f 1048/1657/137 1049/1658/138 35/61/139 36/62/140
f 1047/1656/141 1048/1657/142 36/62/143 37/63/144
f 1046/1655/145 1047/1656/146 37/63/147 38/64/148
f 1045/1654/149 1046/1655/150 38/64/151 39/65/152
f 1044/1653/153 1045/1654/154 39/65/155 40/66/156
f 1043/1652/157 1044/1653/158 40/66/159 41/67/160
f 1042/1651/161 1043/1652/162 41/67/163 42/68/164
f 1041/1650/165 1042/1651/166 42/68/167 43/69/168
f 1040/1648/169 1041/1650/170 43/69/171 44/351/172
f 1039/1647/173 1040/1649/174 44/70/175 45/72/176
f 46/73/177 1038/1646/178 1039/1647/179 45/72/180
f 1037/1645/181 1038/1646/182 46/73/183 47/74/184
f 1036/1644/185 1037/1645/186 47/74/187 48/75/188
f 25/51/189 1035/1643/190 1036/1644/191 48/75/192
f 74/1038/193 1058/1667/194 1059/1668/195 73/1037/196
f 1081/1691/197 1058/1667/198 74/1038/199 75/1040/200
f 1080/1690/201 1081/1691/202 75/1040/203 76/1043/204
f 1079/1689/205 1080/1690/206 76/1043/207 77/1045/208
f 78/1046/209 1078/1688/210 1079/1689/211 77/1045/212
f 79/1048/213 1077/1687/214 1078/1688/215 78/1046/216
f 80/1051/217 1076/1686/218 1077/1687/219 79/1048/220
f 81/1052/221 1075/1685/222 1076/1686/223 80/1051/224
f 1074/1684/225 1075/1685/226 81/1052/227 82/1054/228
f 1073/1683/229 1074/1684/230 82/1054/231 83/1057/232
f 1072/1682/233 1073/1683/234 83/1057/235 84/1058/236
f 1071/1681/237 1072/1682/238 84/1058/239 85/1061/240
f 86/1062/241 1070/1680/242 1071/1681/243 85/1061/244
f 87/1064/245 1069/1679/246 1070/1680/247 86/1062/248
f 1068/1678/249 1069/1679/250 87/1064/251 88/1067/252
f 1067/1677/253 1068/1678/254 88/1067/255 89/1068/256
f 1066/1676/257 1067/1677/258 89/1068/259 90/1070/260
f 1065/1675/261 1066/1676/262 90/1070/263 91/1073/264
f 1064/1673/265 1065/1675/266 91/1073/267 92/352/268
f 1063/1672/269 1064/1674/270 92/1075/271 93/1076/272
f 1062/1671/273 1063/1672/274 93/1076/275 94/1078/276
f 1061/1670/277 1062/1671/278 94/1078/279 95/1080/280
f 1060/1669/281 1061/1670/282 95/1080/283 96/1083/284
f 73/1037/285 1059/1668/286 1060/1669/287 96/1083/288
f 98/354/289 234/1463/290 235/1510/291 97/355/292
f 99/356/293 233/1465/294 234/1463/295 98/354/296
f 100/357/297 232/1467/298 233/1465/299 99/356/300
f 100/357/301 101/358/302 231/1470/303 232/1467/304
f 230/1472/305 231/1470/306 101/358/307 102/359/308
f 229/1474/309 230/1472/310 102/359/311 103/360/312
f 104/361/313 228/1475/314 229/1474/315 103/360/316
f 105/362/317 227/1477/318 228/1475/319 104/361/320
f 106/363/321 226/1479/322 227/1477/323 105/362/324
f 106/363/325 107/364/326 225/1482/327 226/1479/328
f 224/1484/329 225/1482/330 107/364/331 108/365/332
f 223/1486/333 224/1484/334 108/365/335 109/366/336
f 110/367/337 222/1487/338 223/1486/339 109/366/340
f 111/368/341 221/1489/342 222/1487/343 110/367/344
f 112/369/345 220/1491/346 221/1489/347 111/368/348
f 112/369/349 113/370/350 219/1494/351 220/1491/352
f 218/1496/353 219/1494/354 113/370/355 114/371/356
f 217/1498/357 218/1496/358 114/371/359 115/372/360
f 116/378/361 240/1499/362 217/1498/363 115/372/364
f 117/374/365 239/1501/366 240/136/367 116/373/368
f 118/375/369 238/1503/370 239/1501/371 117/374/372
f 118/375/373 119/376/374 237/1506/375 238/1503/376
f 236/1508/377 237/1506/378 119/376/379 120/377/380
f 235/1510/381 236/1508/382 120/377/383 97/355/384
f 2/1/385 1/2/386 145/3/387 146/4/388
f 3/5/389 2/1/390 146/4/391 147/6/392
f 4/7/393 3/5/394 147/6/395 148/8/396
f 149/10/397 5/9/398 4/7/399 148/8/400
f 150/12/401 6/11/402 5/9/403 149/10/404
f 151/14/405 7/13/406 6/11/407 150/12/408
f 8/15/409 7/13/410 151/14/411 152/16/412
f 9/17/413 8/15/414 152/16/415 153/18/416
f 10/19/417 9/17/418 153/18/419 154/20/420
f 155/22/421 11/21/422 10/19/423 154/20/424
f 156/24/425 12/23/426 11/21/427 155/22/428
f 157/113/429 13/37/430 12/23/431 156/24/432
f 14/114/433 13/37/434 157/113/435 158/115/436
f 15/116/437 14/114/438 158/115/439 159/117/440
f 16/118/441 15/116/442 159/117/443 160/119/444
f 161/121/445 17/120/446 16/118/447 160/119/448
f 162/123/449 18/122/450 17/120/451 161/121/452
f 163/125/453 19/124/454 18/122/455 162/123/456
f 20/348/457 19/124/458 163/125/459 164/349/460
f 21/128/461 20/126/462 164/127/463 165/129/464
f 22/130/465 21/128/466 165/129/467 166/131/468
f 167/133/469 23/132/470 22/130/471 166/131/472
f 168/135/473 24/134/474 23/132/475 167/133/476
f 145/3/477 1/2/478 24/134/479 168/135/480
f 193/79/481 121/76/482 122/77/483 194/78/484
f 195/138/485 194/78/486 122/77/487 123/137/488
f 196/140/489 195/138/490 123/137/491 124/139/492
f 125/141/493 197/142/494 196/140/495 124/139/496
f 197/142/497 125/141/498 126/143/499 198/144/500
f 126/143/501 127/145/502 199/146/503 198/144/504
f 127/145/505 128/147/506 200/148/507 199/146/508
f 128/147/509 129/149/510 201/150/511 200/148/512
f 129/149/513 130/151/514 202/152/515 201/150/516
f 203/154/517 202/152/518 130/151/519 131/153/520
f 132/155/521 204/156/522 203/154/523 131/153/524
f 205/158/525 204/156/526 132/155/527 133/157/528
f 205/158/529 133/157/530 134/159/531 206/160/532
f 206/160/533 134/159/534 135/161/535 207/285/536
f 207/285/537 135/161/538 136/286/539 208/287/540
f 208/287/541 136/286/542 137/288/543 209/289/544
f 137/288/545 138/290/546 210/291/547 209/289/548
f 211/293/549 210/291/550 138/290/551 139/292/552
f 140/294/553 212/295/554 211/293/555 139/292/556
f 141/296/557 213/297/558 212/295/559 140/294/560
f 213/297/561 141/296/562 142/298/563 214/299/564
f 214/299/565 142/298/566 143/300/567 215/301/568
f 215/301/569 143/300/570 144/302/571 216/303/572
f 144/302/573 121/76/574 193/79/575 216/303/576
f 265/162/577 315/340/578 339/341/579 338/165/580
f 340/167/581 339/164/582 315/163/583 316/166/584
f 341/169/585 340/167/586 316/166/587 317/168/588
f 318/170/589 342/171/590 341/169/591 317/168/592
f 319/172/593 343/173/594 342/171/595 318/170/596
f 320/174/597 344/175/598 343/173/599 319/172/600
f 345/177/601 344/175/602 320/174/603 321/176/604
f 346/179/605 345/177/606 321/176/607 322/178/608
f 347/181/609 346/179/610 322/178/611 323/180/612
f 324/182/613 348/183/614 347/181/615 323/180/616
f 325/184/617 349/185/618 348/183/619 324/182/620
f 326/210/621 350/215/622 349/185/623 325/184/624
f 351/217/625 350/215/626 326/210/627 327/216/628
f 352/219/629 351/217/630 327/216/631 328/218/632
f 353/221/633 352/219/634 328/218/635 329/220/636
f 330/222/637 354/223/638 353/221/639 329/220/640
f 331/224/641 355/225/642 354/223/643 330/222/644
f 332/226/645 356/227/646 355/225/647 331/224/648
f 357/229/649 356/227/650 332/226/651 333/228/652
f 358/231/653 357/229/654 333/228/655 334/230/656
f 359/233/657 358/231/658 334/230/659 335/232/660
f 336/234/661 360/235/662 359/233/663 335/232/664
f 288/236/665 361/237/666 360/235/667 336/234/668
f 265/162/669 338/165/670 361/237/671 288/236/672
f 164/106/673 163/107/674 289/104/675 290/105/676
f 165/109/677 164/106/678 290/105/679 291/108/680
f 291/108/681 292/110/682 166/111/683 165/109/684
f 292/110/685 293/112/686 167/186/687 166/111/688
f 293/112/689 294/187/690 168/188/691 167/186/692
f 294/187/693 295/189/694 145/190/695 168/188/696
f 296/191/697 146/192/698 145/190/699 295/189/700
f 297/193/701 147/194/702 146/192/703 296/191/704
f 298/195/705 148/196/706 147/194/707 297/193/708
f 299/197/709 149/198/710 148/196/711 298/195/712
f 149/198/713 299/197/714 300/199/715 150/200/716
f 150/200/717 300/199/718 301/201/719 151/202/720
f 151/202/721 301/201/722 302/203/723 152/204/724
f 152/204/725 302/203/726 303/205/727 153/206/728
f 304/207/729 154/208/730 153/206/731 303/205/732
f 305/209/733 155/211/734 154/208/735 304/207/736
f 306/213/737 156/214/738 155/211/739 305/209/740
f 307/328/741 157/329/742 156/214/743 306/213/744
f 157/329/745 307/328/746 308/330/747 158/331/748
f 158/331/749 308/330/750 309/332/751 159/333/752
f 159/333/753 309/332/754 310/334/755 160/335/756
f 160/335/757 310/334/758 311/336/759 161/337/760
f 312/338/761 162/339/762 161/337/763 311/336/764
f 289/104/765 163/107/766 162/339/767 312/338/768
f 313/305/769 266/212/770 314/304/771 337/327/772
f 267/306/773 266/212/774 313/305/775
f 268/307/776 267/306/777 313/305/778 269/308/779
f 270/309/780 269/308/781 313/305/782 271/310/783
f 272/311/784 271/310/785 313/305/786 273/312/787
f 274/313/788 273/312/789 313/305/790
f 275/314/791 274/313/792 313/305/793 276/315/794
f 277/316/795 276/315/796 313/305/797 278/317/798
f 279/318/799 278/317/800 313/305/801 280/319/802
f 281/320/803 280/319/804 313/305/805 282/321/806
f 283/322/807 282/321/808 313/305/809 284/323/810
f 285/324/811 284/323/812 313/305/813 286/325/814
f 287/326/815 286/325/816 313/305/817 337/327/818
f 265/162/819 314/342/820 266/343/821 315/344/822
f 316/166/823 315/163/824 266/238/825 267/239/826
f 268/240/827 317/168/828 316/166/829 267/239/830
f 268/240/831 269/241/832 318/170/833 317/168/834
f 318/170/835 269/241/836 270/242/837 319/172/838
f 320/174/839 319/172/840 270/242/841 271/243/842
f 320/174/843 271/243/844 272/244/845 321/176/846
f 322/178/847 321/176/848 272/244/849 273/245/850
f 322/178/851 273/245/852 274/246/853 323/180/854
f 323/180/855 274/246/856 275/247/857 324/182/858
f 276/248/859 325/184/860 324/182/861 275/247/862
f 326/210/863 325/184/864 276/248/865 277/249/866
f 326/210/867 277/249/868 278/250/869 327/216/870
f 328/218/871 327/216/872 278/250/873 279/251/874
f 328/218/875 279/251/876 280/252/877 329/220/878
f 329/220/879 280/252/880 281/253/881 330/222/882
f 330/222/883 281/253/884 282/254/885 331/224/886
f 332/226/887 331/224/888 282/254/889 283/255/890
f 332/226/891 283/255/892 284/256/893 333/228/894
f 285/257/895 334/230/896 333/228/897 284/256/898
f 334/230/899 285/257/900 286/258/901 335/232/902
f 335/232/903 286/258/904 287/259/905 336/234/906
f 336/234/907 287/259/908 337/260/909 288/236/910
f 265/162/911 288/236/912 337/260/913 314/345/914
f 290/347/915 289/262/916 338/165/917 339/346/918
f 291/263/919 290/261/920 339/164/921 340/167/922
f 340/167/923 341/169/924 292/264/925 291/263/926
f 341/169/927 342/171/928 293/265/929 292/264/930
f 342/171/931 343/173/932 294/266/933 293/265/934
f 343/173/935 344/175/936 295/267/937 294/266/938
f 345/177/939 296/268/940 295/267/941 344/175/942
f 346/179/943 297/269/944 296/268/945 345/177/946
f 297/269/947 346/179/948 347/181/949 298/270/950
f 298/270/951 347/181/952 348/183/953 299/271/954
f 349/185/955 300/272/956 299/271/957 348/183/958
f 350/215/959 301/273/960 300/272/961 349/185/962
f 351/217/963 302/274/964 301/273/965 350/215/966
f 352/219/967 303/275/968 302/274/969 351/217/970
f 353/221/971 304/276/972 303/275/973 352/219/974
f 354/223/975 305/277/976 304/276/977 353/221/978
f 305/277/979 354/223/980 355/225/981 306/278/982
f 307/279/983 306/278/984 355/225/985 356/227/986
f 357/229/987 308/280/988 307/279/989 356/227/990
f 358/231/991 309/281/992 308/280/993 357/229/994
f 359/233/995 310/282/996 309/281/997 358/231/998
f 360/235/999 311/283/1000 310/282/1001 359/233/1002
f 361/237/1003 312/284/1004 311/283/1005 360/235/1006
f 361/237/1007 338/165/1008 289/262/1009 312/284/1010
f 362/703/1011 363/379/1012 365/1035/1013 364/701/1014
f 363/380/1015 362/703/1016 366/705/1017 367/381/1018
f 364/701/1019 365/1035/1020 409/1033/1021 408/746/1022
f 367/382/1023 366/705/1024 368/706/1025 369/383/1026
f 369/384/1027 368/706/1028 370/708/1029 371/385/1030
f 371/386/1031 370/708/1032 372/710/1033 373/387/1034
f 373/388/1035 372/710/1036 374/713/1037 375/389/1038
f 375/390/1039 374/713/1040 376/715/1041 377/391/1042
f 377/392/1043 376/715/1044 378/717/1045 379/1002/1046
f 379/1002/1047 378/717/1048 380/718/1049 381/1004/1050
f 381/1004/1051 380/718/1052 382/720/1053 383/1007/1054
f 383/1007/1055 382/720/1056 384/722/1057 385/393/1058
f 385/394/1059 384/722/1060 386/725/1061 387/395/1062
f 387/396/1063 386/725/1064 388/727/1065 389/397/1066
f 389/398/1067 388/727/1068 390/729/1069 391/399/1070
f 391/400/1071 390/729/1072 392/730/1073 393/401/1074
f 393/402/1075 392/730/1076 394/732/1077 395/403/1078
f 395/404/1079 394/732/1080 396/734/1081 397/1021/1082
f 397/1021/1083 396/734/1084 398/737/1085 399/1023/1086
f 399/1023/1087 398/737/1088 400/405/1089 401/1024/1090
f 401/406/1091 400/739/1092 402/741/1093 403/1026/1094
f 403/1026/1095 402/741/1096 404/742/1097 405/1028/1098
f 405/1028/1099 404/742/1100 406/744/1101 407/1031/1102
f 407/1031/1103 406/744/1104 408/746/1105 409/1033/1106
f 410/748/1107 411/407/1108 503/408/1109 502/795/1110
f 411/409/1111 410/748/1112 412/750/1113 413/410/1114
f 413/411/1115 412/750/1116 418/752/1117 419/412/1118
f 414/794/1119 415/1232/1120 417/413/1121 416/749/1122
f 415/1232/1123 414/794/1124 504/792/1125 505/1279/1126
f 416/749/1127 417/414/1128 421/415/1129 420/751/1130
f 419/416/1131 418/752/1132 422/755/1133 423/417/1134
f 420/751/1135 421/418/1136 425/419/1137 424/753/1138
f 423/420/1139 422/755/1140 426/757/1141 427/421/1142
f 424/753/1143 425/422/1144 429/423/1145 428/754/1146
f 427/424/1147 426/757/1148 430/759/1149 431/425/1150
f 428/754/1151 429/426/1152 433/427/1153 432/756/1154
f 431/428/1155 430/759/1156 434/760/1157 435/1290/1158
f 432/756/1159 433/429/1160 437/1244/1161 436/758/1162
f 435/1290/1163 434/760/1164 438/762/1165 439/1293/1166
f 436/758/1167 437/1244/1168 441/1246/1169 440/761/1170
f 439/1293/1171 438/762/1172 442/764/1173 443/1295/1174
f 440/761/1175 441/1246/1176 445/1248/1177 444/763/1178
f 443/1295/1179 442/764/1180 446/767/1181 447/1297/1182
f 444/763/1183 445/1248/1184 449/1251/1185 448/765/1186
f 447/1297/1187 446/767/1188 450/769/1189 451/1298/1190
f 448/765/1191 449/1251/1192 453/1253/1193 452/766/1194
f 451/1298/1195 450/769/1196 454/771/1197 455/1300/1198
f 452/766/1199 453/1253/1200 457/1255/1201 456/768/1202
f 455/1300/1203 454/771/1204 458/772/1205 459/1302/1206
f 456/768/1207 457/1255/1208 461/430/1209 460/770/1210
f 459/1302/1211 458/772/1212 462/774/1213 463/431/1214
f 460/770/1215 461/432/1216 465/433/1217 464/773/1218
f 463/434/1219 462/774/1220 466/776/1221 467/435/1222
f 464/773/1223 465/436/1224 469/437/1225 468/775/1226
f 467/438/1227 466/776/1228 470/779/1229 471/439/1230
f 468/775/1231 469/440/1232 473/441/1233 472/777/1234
f 471/442/1235 470/779/1236 474/781/1237 475/443/1238
f 472/777/1239 473/444/1240 477/445/1241 476/778/1242
f 475/446/1243 474/781/1244 478/783/1245 479/447/1246
f 476/778/1247 477/448/1248 481/449/1249 480/780/1250
f 479/450/1251 478/783/1252 482/784/1253 483/451/1254
f 480/780/1255 481/452/1256 485/453/1257 484/782/1258
f 483/454/1259 482/784/1260 486/455/1261 487/456/1262
f 484/782/1263 485/457/1264 489/458/1265 488/785/1266
f 487/459/1267 486/786/1268 490/788/1269 491/460/1270
f 488/461/1271 489/1270/1272 493/1272/1273 492/787/1274
f 491/462/1275 490/788/1276 494/791/1277 495/463/1278
f 492/787/1279 493/1272/1280 497/1275/1281 496/789/1282
f 495/464/1283 494/791/1284 498/793/1285 499/465/1286
f 496/789/1287 497/1275/1288 501/1277/1289 500/790/1290
f 499/466/1291 498/793/1292 502/795/1293 503/467/1294
f 500/790/1295 501/1277/1296 505/1279/1297 504/792/1298
f 506/798/1299 507/468/1300 509/469/1301 508/796/1302
f 507/470/1303 506/798/1304 514/800/1305 515/471/1306
f 508/796/1307 509/472/1308 599/473/1309 598/843/1310
f 510/842/1311 511/474/1312 513/475/1313 512/797/1314
f 511/476/1315 510/842/1316 600/840/1317 601/1180/1318
f 512/797/1319 513/477/1320 517/478/1321 516/799/1322
f 515/479/1323 514/800/1324 518/803/1325 519/480/1326
f 516/799/1327 517/481/1328 521/482/1329 520/801/1330
f 519/483/1331 518/803/1332 522/805/1333 523/484/1334
f 520/801/1335 521/485/1336 525/486/1337 524/802/1338
f 523/487/1339 522/805/1340 526/807/1341 527/1190/1342
f 524/802/1343 525/488/1344 529/489/1345 528/804/1346
f 527/1190/1347 526/807/1348 530/808/1349 531/1192/1350
f 528/804/1351 529/490/1352 533/1147/1353 532/806/1354
f 531/1192/1355 530/808/1356 534/810/1357 535/1195/1358
f 532/806/1359 533/1147/1360 537/1149/1361 536/809/1362
f 535/1195/1363 534/810/1364 538/812/1365 539/1197/1366
f 536/809/1367 537/1149/1368 541/1151/1369 540/811/1370
f 539/1197/1371 538/812/1372 542/815/1373 543/1199/1374
f 540/811/1375 541/1151/1376 545/1152/1377 544/813/1378
f 543/1199/1379 542/815/1380 546/817/1381 547/1200/1382
f 544/813/1383 545/1152/1384 549/1154/1385 548/814/1386
f 547/1200/1387 546/817/1388 550/819/1389 551/1202/1390
f 548/814/1391 549/1154/1392 553/1156/1393 552/816/1394
f 551/1202/1395 550/819/1396 554/820/1397 555/1204/1398
f 552/816/1399 553/1156/1400 557/1159/1401 556/818/1402
f 555/1204/1403 554/820/1404 558/822/1405 559/491/1406
f 556/818/1407 557/1159/1408 561/492/1409 560/821/1410
f 559/493/1411 558/822/1412 562/824/1413 563/494/1414
f 560/821/1415 561/495/1416 565/496/1417 564/823/1418
f 563/497/1419 562/824/1420 566/827/1421 567/498/1422
f 564/823/1423 565/499/1424 569/500/1425 568/825/1426
f 567/501/1427 566/827/1428 570/829/1429 571/502/1430
f 568/825/1431 569/503/1432 573/504/1433 572/826/1434
f 571/505/1435 570/829/1436 574/831/1437 575/506/1438
f 572/826/1439 573/507/1440 577/508/1441 576/828/1442
f 575/509/1443 574/831/1444 578/832/1445 579/510/1446
f 576/828/1447 577/511/1448 581/512/1449 580/830/1450
f 579/513/1451 578/832/1452 582/514/1453 583/515/1454
f 580/830/1455 581/516/1456 585/517/1457 584/833/1458
f 583/518/1459 582/834/1460 586/836/1461 587/519/1462
f 584/520/1463 585/1173/1464 589/1175/1465 588/835/1466
f 587/521/1467 586/836/1468 590/839/1469 591/522/1470
f 588/835/1471 589/1175/1472 593/1176/1473 592/837/1474
f 591/523/1475 590/839/1476 594/841/1477 595/524/1478
f 592/837/1479 593/1176/1480 597/1178/1481 596/838/1482
f 595/525/1483 594/841/1484 598/843/1485 599/526/1486
f 596/838/1487 597/1178/1488 601/1180/1489 600/840/1490
f 602/847/1491 603/892/1492 605/939/1493 604/845/1494
f 603/892/1495 602/847/1496 606/849/1497 607/527/1498
f 604/845/1499 605/939/1500 649/937/1501 648/890/1502
f 607/528/1503 606/849/1504 608/850/1505 609/529/1506
f 609/530/1507 608/850/1508 610/852/1509 611/531/1510
f 611/532/1511 610/852/1512 612/854/1513 613/533/1514
f 613/534/1515 612/854/1516 614/857/1517 615/535/1518
f 615/536/1519 614/857/1520 616/859/1521 617/537/1522
f 617/538/1523 616/859/1524 618/861/1525 619/906/1526
f 619/906/1527 618/861/1528 620/862/1529 621/908/1530
f 621/908/1531 620/862/1532 622/864/1533 623/539/1534
f 623/540/1535 622/864/1536 624/866/1537 625/541/1538
f 625/542/1539 624/866/1540 626/869/1541 627/543/1542
f 627/544/1543 626/869/1544 628/871/1545 629/545/1546
f 629/546/1547 628/871/1548 630/873/1549 631/547/1550
f 631/548/1551 630/873/1552 632/874/1553 633/549/1554
f 633/550/1555 632/874/1556 634/876/1557 635/551/1558
f 635/552/1559 634/876/1560 636/878/1561 637/925/1562
f 637/925/1563 636/878/1564 638/881/1565 639/927/1566
f 639/927/1567 638/881/1568 640/553/1569 641/928/1570
f 641/554/1571 640/883/1572 642/885/1573 643/930/1574
f 643/930/1575 642/885/1576 644/886/1577 645/932/1578
f 645/932/1579 644/886/1580 646/888/1581 647/935/1582
f 647/935/1583 646/888/1584 648/890/1585 649/937/1586
f 650/893/1587 651/1181/1588 697/1179/1589 696/938/1590
f 651/1181/1591 650/893/1592 652/895/1593 653/555/1594
f 653/556/1595 652/895/1596 654/897/1597 655/557/1598
f 655/558/1599 654/897/1600 656/898/1601 657/559/1602
f 657/560/1603 656/898/1604 658/900/1605 659/561/1606
f 659/562/1607 658/900/1608 660/902/1609 661/563/1610
f 661/564/1611 660/902/1612 662/905/1613 663/1145/1614
f 663/1145/1615 662/905/1616 664/907/1617 665/1146/1618
f 665/1146/1619 664/907/1620 666/909/1621 667/1148/1622
f 667/1148/1623 666/909/1624 668/910/1625 669/1150/1626
f 669/1150/1627 668/910/1628 670/912/1629 671/1153/1630
f 671/1153/1631 670/912/1632 672/914/1633 673/1155/1634
f 673/1155/1635 672/914/1636 674/917/1637 675/565/1638
f 675/566/1639 674/917/1640 676/919/1641 677/567/1642
f 677/568/1643 676/919/1644 678/921/1645 679/569/1646
f 679/570/1647 678/921/1648 680/922/1649 681/571/1650
f 681/572/1651 680/922/1652 682/924/1653 683/573/1654
f 683/574/1655 682/924/1656 684/926/1657 685/575/1658
f 685/576/1659 684/926/1660 686/929/1661 687/577/1662
f 687/578/1663 686/929/1664 688/579/1665 689/1170/1666
f 689/580/1667 688/931/1668 690/933/1669 691/1172/1670
f 691/1172/1671 690/933/1672 692/934/1673 693/1174/1674
f 693/1174/1675 692/934/1676 694/936/1677 695/1177/1678
f 695/1177/1679 694/936/1680 696/938/1681 697/1179/1682
f 698/942/1683 699/581/1684 701/582/1685 700/940/1686
f 699/583/1687 698/942/1688 706/944/1689 707/584/1690
f 700/940/1691 701/585/1692 791/586/1693 790/987/1694
f 702/941/1695 703/587/1696 709/588/1697 708/943/1698
f 703/589/1699 702/941/1700 704/986/1701 705/590/1702
f 705/591/1703 704/986/1704 792/984/1705 793/592/1706
f 707/593/1707 706/944/1708 710/947/1709 711/594/1710
f 708/943/1711 709/595/1712 713/596/1713 712/945/1714
f 711/597/1715 710/947/1716 714/949/1717 715/598/1718
f 712/945/1719 713/599/1720 717/600/1721 716/946/1722
f 715/601/1723 714/949/1724 718/951/1725 719/1092/1726
f 716/946/1727 717/602/1728 721/603/1729 720/948/1730
f 719/1092/1731 718/951/1732 722/952/1733 723/1094/1734
f 720/948/1735 721/604/1736 725/1194/1737 724/950/1738
f 723/1094/1739 722/952/1740 726/954/1741 727/1097/1742
f 724/950/1743 725/1194/1744 729/1196/1745 728/953/1746
f 727/1097/1747 726/954/1748 730/956/1749 731/1098/1750
f 728/953/1751 729/1196/1752 733/1198/1753 732/955/1754
f 731/1098/1755 730/956/1756 734/959/1757 735/1100/1758
f 732/955/1759 733/1198/1760 737/1201/1761 736/957/1762
f 735/1100/1763 734/959/1764 738/961/1765 739/1103/1766
f 736/957/1767 737/1201/1768 741/1203/1769 740/958/1770
f 739/1103/1771 738/961/1772 742/963/1773 743/1104/1774
f 740/958/1775 741/1203/1776 745/1205/1777 744/960/1778
f 743/1104/1779 742/963/1780 746/964/1781 747/1106/1782
f 744/960/1783 745/1205/1784 749/1206/1785 748/962/1786
f 747/1106/1787 746/964/1788 750/966/1789 751/1109/1790
f 748/962/1791 749/1206/1792 753/605/1793 752/965/1794
f 751/1109/1795 750/966/1796 754/968/1797 755/1110/1798
f 752/965/1799 753/606/1800 757/607/1801 756/967/1802
f 755/1110/1803 754/968/1804 758/971/1805 759/608/1806
f 756/967/1807 757/609/1808 761/610/1809 760/969/1810
f 759/611/1811 758/971/1812 762/973/1813 763/612/1814
f 760/969/1815 761/613/1816 765/614/1817 764/970/1818
f 763/615/1819 762/973/1820 766/975/1821 767/616/1822
f 764/970/1823 765/617/1824 769/618/1825 768/972/1826
f 767/619/1827 766/975/1828 770/976/1829 771/620/1830
f 768/972/1831 769/621/1832 773/622/1833 772/974/1834
f 771/623/1835 770/976/1836 774/624/1837 775/625/1838
f 772/974/1839 773/626/1840 777/627/1841 776/977/1842
f 775/628/1843 774/978/1844 778/980/1845 779/629/1846
f 776/630/1847 777/631/1848 781/632/1849 780/979/1850
f 779/633/1851 778/980/1852 782/983/1853 783/634/1854
f 780/979/1855 781/635/1856 785/636/1857 784/981/1858
f 783/637/1859 782/983/1860 786/985/1861 787/638/1862
f 784/981/1863 785/639/1864 789/640/1865 788/982/1866
f 787/641/1867 786/985/1868 790/987/1869 791/642/1870
f 788/982/1871 789/643/1872 793/644/1873 792/984/1874
f 794/991/1875 795/645/1876 797/1278/1877 796/989/1878
f 795/646/1879 794/991/1880 798/993/1881 799/647/1882
f 796/989/1883 797/1278/1884 841/1276/1885 840/1034/1886
f 799/648/1887 798/993/1888 800/994/1889 801/649/1890
f 801/650/1891 800/994/1892 802/996/1893 803/651/1894
f 803/652/1895 802/996/1896 804/998/1897 805/653/1898
f 805/654/1899 804/998/1900 806/1001/1901 807/655/1902
f 807/656/1903 806/1001/1904 808/1003/1905 809/1245/1906
f 809/1245/1907 808/1003/1908 810/1005/1909 811/1247/1910
f 811/1247/1911 810/1005/1912 812/1006/1913 813/1249/1914
f 813/1249/1915 812/1006/1916 814/1008/1917 815/1250/1918
f 815/1250/1919 814/1008/1920 816/1010/1921 817/1252/1922
f 817/1252/1923 816/1010/1924 818/1013/1925 819/1254/1926
f 819/1254/1927 818/1013/1928 820/1015/1929 821/657/1930
f 821/658/1931 820/1015/1932 822/1017/1933 823/659/1934
f 823/660/1935 822/1017/1936 824/1018/1937 825/661/1938
f 825/662/1939 824/1018/1940 826/1020/1941 827/663/1942
f 827/664/1943 826/1020/1944 828/1022/1945 829/665/1946
f 829/666/1947 828/1022/1948 830/1025/1949 831/1266/1950
f 831/1266/1951 830/1025/1952 832/667/1953 833/1269/1954
f 833/668/1955 832/1027/1956 834/1029/1957 835/1271/1958
f 835/1271/1959 834/1029/1960 836/1030/1961 837/1273/1962
f 837/1273/1963 836/1030/1964 838/1032/1965 839/1274/1966
f 839/1274/1967 838/1032/1968 840/1034/1969 841/1276/1970
f 842/1036/1971 843/669/1972 847/670/1973 846/1039/1974
f 843/671/1975 842/1036/1976 844/1082/1977 845/672/1978
f 845/673/1979 844/1082/1980 888/1081/1981 889/674/1982
f 846/1039/1983 847/675/1984 849/676/1985 848/1041/1986
f 848/1041/1987 849/677/1988 851/678/1989 850/1042/1990
f 850/1042/1991 851/679/1992 853/1291/1993 852/1044/1994
f 852/1044/1995 853/1291/1996 855/1292/1997 854/1047/1998
f 854/1047/1999 855/1292/2000 857/1294/2001 856/1049/2002
f 856/1049/2003 857/1294/2004 859/1296/2005 858/1050/2006
f 858/1050/2007 859/1296/2008 861/1299/2009 860/1053/2010
f 860/1053/2011 861/1299/2012 863/1301/2013 862/1055/2014
f 862/1055/2015 863/1301/2016 865/1303/2017 864/1056/2018
f 864/1056/2019 865/1303/2020 867/1304/2021 866/1059/2022
f 866/1059/2023 867/1304/2024 869/1306/2025 868/1060/2026
f 868/1060/2027 869/1306/2028 871/680/2029 870/1063/2030
f 870/1063/2031 871/681/2032 873/682/2033 872/1065/2034
f 872/1065/2035 873/683/2036 875/684/2037 874/1066/2038
f 874/1066/2039 875/685/2040 877/686/2041 876/1069/2042
f 876/1069/2043 877/687/2044 879/688/2045 878/1071/2046
f 878/1071/2047 879/689/2048 881/690/2049 880/1072/2050
f 880/691/2051 881/692/2052 883/693/2053 882/1074/2054
f 882/1074/2055 883/694/2056 885/695/2057 884/1077/2058
f 884/1077/2059 885/696/2060 887/697/2061 886/1079/2062
f 886/1079/2063 887/698/2064 889/699/2065 888/1081/2066
f 50/700/2067 362/703/2068 364/701/2069 49/747/2070
f 51/702/2071 366/705/2072 362/703/2073 50/700/2074
f 52/704/2075 368/706/2076 366/705/2077 51/702/2078
f 370/708/2079 368/706/2080 52/704/2081 53/707/2082
f 372/710/2083 370/708/2084 53/707/2085 54/709/2086
f 374/713/2087 372/710/2088 54/709/2089 55/711/2090
f 56/712/2091 376/715/2092 374/713/2093 55/711/2094
f 57/714/2095 378/717/2096 376/715/2097 56/712/2098
f 58/716/2099 380/718/2100 378/717/2101 57/714/2102
f 382/720/2103 380/718/2104 58/716/2105 59/719/2106
f 384/722/2107 382/720/2108 59/719/2109 60/721/2110
f 386/725/2111 384/722/2112 60/721/2113 61/723/2114
f 62/724/2115 388/727/2116 386/725/2117 61/723/2118
f 63/726/2119 390/729/2120 388/727/2121 62/724/2122
f 64/728/2123 392/730/2124 390/729/2125 63/726/2126
f 394/732/2127 392/730/2128 64/728/2129 65/731/2130
f 396/734/2131 394/732/2132 65/731/2133 66/733/2134
f 398/737/2135 396/734/2136 66/733/2137 67/735/2138
f 68/736/2139 400/405/2140 398/737/2141 67/735/2142
f 69/738/2143 402/741/2144 400/739/2145 68/71/2146
f 70/740/2147 404/742/2148 402/741/2149 69/738/2150
f 406/744/2151 404/742/2152 70/740/2153 71/743/2154
f 408/746/2155 406/744/2156 71/743/2157 72/745/2158
f 364/701/2159 408/746/2160 72/745/2161 49/747/2162
f 412/750/2163 410/748/2164 414/794/2165 416/749/2166
f 418/752/2167 412/750/2168 416/749/2169 420/751/2170
f 422/755/2171 418/752/2172 420/751/2173 424/753/2174
f 428/754/2175 426/757/2176 422/755/2177 424/753/2178
f 432/756/2179 430/759/2180 426/757/2181 428/754/2182
f 436/758/2183 434/760/2184 430/759/2185 432/756/2186
f 438/762/2187 434/760/2188 436/758/2189 440/761/2190
f 442/764/2191 438/762/2192 440/761/2193 444/763/2194
f 446/767/2195 442/764/2196 444/763/2197 448/765/2198
f 452/766/2199 450/769/2200 446/767/2201 448/765/2202
f 456/768/2203 454/771/2204 450/769/2205 452/766/2206
f 460/770/2207 458/772/2208 454/771/2209 456/768/2210
f 462/774/2211 458/772/2212 460/770/2213 464/773/2214
f 466/776/2215 462/774/2216 464/773/2217 468/775/2218
f 470/779/2219 466/776/2220 468/775/2221 472/777/2222
f 476/778/2223 474/781/2224 470/779/2225 472/777/2226
f 480/780/2227 478/783/2228 474/781/2229 476/778/2230
f 484/782/2231 482/784/2232 478/783/2233 480/780/2234
f 486/455/2235 482/784/2236 484/782/2237 488/785/2238
f 490/788/2239 486/786/2240 488/461/2241 492/787/2242
f 494/791/2243 490/788/2244 492/787/2245 496/789/2246
f 500/790/2247 498/793/2248 494/791/2249 496/789/2250
f 504/792/2251 502/795/2252 498/793/2253 500/790/2254
f 414/794/2255 410/748/2256 502/795/2257 504/792/2258
f 506/798/2259 508/796/2260 510/842/2261 512/797/2262
f 514/800/2263 506/798/2264 512/797/2265 516/799/2266
f 518/803/2267 514/800/2268 516/799/2269 520/801/2270
f 524/802/2271 522/805/2272 518/803/2273 520/801/2274
f 528/804/2275 526/807/2276 522/805/2277 524/802/2278
f 532/806/2279 530/808/2280 526/807/2281 528/804/2282
f 534/810/2283 530/808/2284 532/806/2285 536/809/2286
f 538/812/2287 534/810/2288 536/809/2289 540/811/2290
f 542/815/2291 538/812/2292 540/811/2293 544/813/2294
f 548/814/2295 546/817/2296 542/815/2297 544/813/2298
f 552/816/2299 550/819/2300 546/817/2301 548/814/2302
f 556/818/2303 554/820/2304 550/819/2305 552/816/2306
f 558/822/2307 554/820/2308 556/818/2309 560/821/2310
f 562/824/2311 558/822/2312 560/821/2313 564/823/2314
f 566/827/2315 562/824/2316 564/823/2317 568/825/2318
f 572/826/2319 570/829/2320 566/827/2321 568/825/2322
f 576/828/2323 574/831/2324 570/829/2325 572/826/2326
f 580/830/2327 578/832/2328 574/831/2329 576/828/2330
f 582/514/2331 578/832/2332 580/830/2333 584/833/2334
f 586/836/2335 582/834/2336 584/520/2337 588/835/2338
f 590/839/2339 586/836/2340 588/835/2341 592/837/2342
f 596/838/2343 594/841/2344 590/839/2345 592/837/2346
f 600/840/2347 598/843/2348 594/841/2349 596/838/2350
f 510/842/2351 508/796/2352 598/843/2353 600/840/2354
f 186/844/2355 602/847/2356 604/845/2357 187/891/2358
f 185/846/2359 606/849/2360 602/847/2361 186/844/2362
f 184/848/2363 608/850/2364 606/849/2365 185/846/2366
f 610/852/2367 608/850/2368 184/848/2369 183/851/2370
f 612/854/2371 610/852/2372 183/851/2373 182/853/2374
f 614/857/2375 612/854/2376 182/853/2377 181/855/2378
f 180/856/2379 616/859/2380 614/857/2381 181/855/2382
f 179/858/2383 618/861/2384 616/859/2385 180/856/2386
f 178/860/2387 620/862/2388 618/861/2389 179/858/2390
f 622/864/2391 620/862/2392 178/860/2393 177/863/2394
f 624/866/2395 622/864/2396 177/863/2397 176/865/2398
f 626/869/2399 624/866/2400 176/865/2401 175/867/2402
f 174/868/2403 628/871/2404 626/869/2405 175/867/2406
f 173/870/2407 630/873/2408 628/871/2409 174/868/2410
f 172/872/2411 632/874/2412 630/873/2413 173/870/2414
f 634/876/2415 632/874/2416 172/872/2417 171/875/2418
f 636/878/2419 634/876/2420 171/875/2421 170/877/2422
f 638/881/2423 636/878/2424 170/877/2425 169/879/2426
f 192/880/2427 640/553/2428 638/881/2429 169/879/2430
f 191/882/2431 642/885/2432 640/883/2433 192/46/2434
f 190/884/2435 644/886/2436 642/885/2437 191/882/2438
f 646/888/2439 644/886/2440 190/884/2441 189/887/2442
f 648/890/2443 646/888/2444 189/887/2445 188/889/2446
f 604/845/2447 648/890/2448 188/889/2449 187/891/2450
f 603/892/2451 652/895/2452 650/893/2453 605/939/2454
f 607/894/2455 654/897/2456 652/895/2457 603/892/2458
f 609/896/2459 656/898/2460 654/897/2461 607/894/2462
f 658/900/2463 656/898/2464 609/896/2465 611/899/2466
f 660/902/2467 658/900/2468 611/899/2469 613/901/2470
f 662/905/2471 660/902/2472 613/901/2473 615/903/2474
f 617/904/2475 664/907/2476 662/905/2477 615/903/2478
f 619/906/2479 666/909/2480 664/907/2481 617/904/2482
f 621/908/2483 668/910/2484 666/909/2485 619/906/2486
f 670/912/2487 668/910/2488 621/908/2489 623/911/2490
f 672/914/2491 670/912/2492 623/911/2493 625/913/2494
f 674/917/2495 672/914/2496 625/913/2497 627/915/2498
f 629/916/2499 676/919/2500 674/917/2501 627/915/2502
f 631/918/2503 678/921/2504 676/919/2505 629/916/2506
f 633/920/2507 680/922/2508 678/921/2509 631/918/2510
f 682/924/2511 680/922/2512 633/920/2513 635/923/2514
f 684/926/2515 682/924/2516 635/923/2517 637/925/2518
f 686/929/2519 684/926/2520 637/925/2521 639/927/2522
f 641/928/2523 688/579/2524 686/929/2525 639/927/2526
f 643/930/2527 690/933/2528 688/931/2529 641/554/2530
f 645/932/2531 692/934/2532 690/933/2533 643/930/2534
f 694/936/2535 692/934/2536 645/932/2537 647/935/2538
f 696/938/2539 694/936/2540 647/935/2541 649/937/2542
f 650/893/2543 696/938/2544 649/937/2545 605/939/2546
f 698/942/2547 700/940/2548 704/986/2549 702/941/2550
f 706/944/2551 698/942/2552 702/941/2553 708/943/2554
f 710/947/2555 706/944/2556 708/943/2557 712/945/2558
f 716/946/2559 714/949/2560 710/947/2561 712/945/2562
f 720/948/2563 718/951/2564 714/949/2565 716/946/2566
f 724/950/2567 722/952/2568 718/951/2569 720/948/2570
f 726/954/2571 722/952/2572 724/950/2573 728/953/2574
f 730/956/2575 726/954/2576 728/953/2577 732/955/2578
f 734/959/2579 730/956/2580 732/955/2581 736/957/2582
f 740/958/2583 738/961/2584 734/959/2585 736/957/2586
f 744/960/2587 742/963/2588 738/961/2589 740/958/2590
f 748/962/2591 746/964/2592 742/963/2593 744/960/2594
f 750/966/2595 746/964/2596 748/962/2597 752/965/2598
f 754/968/2599 750/966/2600 752/965/2601 756/967/2602
f 758/971/2603 754/968/2604 756/967/2605 760/969/2606
f 764/970/2607 762/973/2608 758/971/2609 760/969/2610
f 768/972/2611 766/975/2612 762/973/2613 764/970/2614
f 772/974/2615 770/976/2616 766/975/2617 768/972/2618
f 774/624/2619 770/976/2620 772/974/2621 776/977/2622
f 778/980/2623 774/978/2624 776/630/2625 780/979/2626
f 782/983/2627 778/980/2628 780/979/2629 784/981/2630
f 788/982/2631 786/985/2632 782/983/2633 784/981/2634
f 792/984/2635 790/987/2636 786/985/2637 788/982/2638
f 704/986/2639 700/940/2640 790/987/2641 792/984/2642
f 363/988/2643 794/991/2644 796/989/2645 365/1035/2646
f 367/990/2647 798/993/2648 794/991/2649 363/988/2650
f 369/992/2651 800/994/2652 798/993/2653 367/990/2654
f 802/996/2655 800/994/2656 369/992/2657 371/995/2658
f 804/998/2659 802/996/2660 371/995/2661 373/997/2662
f 806/1001/2663 804/998/2664 373/997/2665 375/999/2666
f 377/1000/2667 808/1003/2668 806/1001/2669 375/999/2670
f 379/1002/2671 810/1005/2672 808/1003/2673 377/1000/2674
f 381/1004/2675 812/1006/2676 810/1005/2677 379/1002/2678
f 814/1008/2679 812/1006/2680 381/1004/2681 383/1007/2682
f 816/1010/2683 814/1008/2684 383/1007/2685 385/1009/2686
f 818/1013/2687 816/1010/2688 385/1009/2689 387/1011/2690
f 389/1012/2691 820/1015/2692 818/1013/2693 387/1011/2694
f 391/1014/2695 822/1017/2696 820/1015/2697 389/1012/2698
f 393/1016/2699 824/1018/2700 822/1017/2701 391/1014/2702
f 826/1020/2703 824/1018/2704 393/1016/2705 395/1019/2706
f 828/1022/2707 826/1020/2708 395/1019/2709 397/1021/2710
f 830/1025/2711 828/1022/2712 397/1021/2713 399/1023/2714
f 401/1024/2715 832/667/2716 830/1025/2717 399/1023/2718
f 403/1026/2719 834/1029/2720 832/1027/2721 401/406/2722
f 405/1028/2723 836/1030/2724 834/1029/2725 403/1026/2726
f 838/1032/2727 836/1030/2728 405/1028/2729 407/1031/2730
f 840/1034/2731 838/1032/2732 407/1031/2733 409/1033/2734
f 796/989/2735 840/1034/2736 409/1033/2737 365/1035/2738
f 842/1036/2739 74/1038/2740 73/1037/2741 844/1082/2742
f 75/1040/2743 74/1038/2744 842/1036/2745 846/1039/2746
f 76/1043/2747 75/1040/2748 846/1039/2749 848/1041/2750
f 850/1042/2751 77/1045/2752 76/1043/2753 848/1041/2754
f 852/1044/2755 78/1046/2756 77/1045/2757 850/1042/2758
f 78/1046/2759 852/1044/2760 854/1047/2761 79/1048/2762
f 79/1048/2763 854/1047/2764 856/1049/2765 80/1051/2766
f 856/1049/2767 858/1050/2768 81/1052/2769 80/1051/2770
f 82/1054/2771 81/1052/2772 858/1050/2773 860/1053/2774
f 83/1057/2775 82/1054/2776 860/1053/2777 862/1055/2778
f 864/1056/2779 84/1058/2780 83/1057/2781 862/1055/2782
f 85/1061/2783 84/1058/2784 864/1056/2785 866/1059/2786
f 868/1060/2787 86/1062/2788 85/1061/2789 866/1059/2790
f 86/1062/2791 868/1060/2792 870/1063/2793 87/1064/2794
f 87/1064/2795 870/1063/2796 872/1065/2797 88/1067/2798
f 872/1065/2799 874/1066/2800 89/1068/2801 88/1067/2802
f 90/1070/2803 89/1068/2804 874/1066/2805 876/1069/2806
f 91/1073/2807 90/1070/2808 876/1069/2809 878/1071/2810
f 880/1072/2811 92/352/2812 91/1073/2813 878/1071/2814
f 882/1074/2815 93/1076/2816 92/1075/2817 880/691/2818
f 94/1078/2819 93/1076/2820 882/1074/2821 884/1077/2822
f 94/1078/2823 884/1077/2824 886/1079/2825 95/1080/2826
f 95/1080/2827 886/1079/2828 888/1081/2829 96/1083/2830
f 888/1081/2831 844/1082/2832 73/1037/2833 96/1083/2834
f 26/1086/2835 25/1084/2836 701/1132/2837 699/1085/2838
f 27/1088/2839 26/1086/2840 699/1085/2841 707/1087/2842
f 28/1090/2843 27/1088/2844 707/1087/2845 711/1089/2846
f 29/1093/2847 28/1090/2848 711/1089/2849 715/1091/2850
f 719/1092/2851 30/1095/2852 29/1093/2853 715/1091/2854
f 723/1094/2855 31/1096/2856 30/1095/2857 719/1092/2858
f 32/1099/2859 31/1096/2860 723/1094/2861 727/1097/2862
f 727/1097/2863 731/1098/2864 33/1101/2865 32/1099/2866
f 735/1100/2867 34/1102/2868 33/1101/2869 731/1098/2870
f 35/1105/2871 34/1102/2872 735/1100/2873 739/1103/2874
f 743/1104/2875 36/1107/2876 35/1105/2877 739/1103/2878
f 747/1106/2879 37/1108/2880 36/1107/2881 743/1104/2882
f 38/1111/2883 37/1108/2884 747/1106/2885 751/1109/2886
f 751/1109/2887 755/1110/2888 39/1112/2889 38/1111/2890
f 39/1112/2891 755/1110/2892 759/1113/2893 40/1114/2894
f 40/1114/2895 759/1113/2896 763/1115/2897 41/1117/2898
f 763/1115/2899 767/1116/2900 42/1119/2901 41/1117/2902
f 771/1118/2903 43/1121/2904 42/1119/2905 767/1116/2906
f 44/1120/2907 43/1121/2908 771/1118/2909 775/1122/2910
f 45/1126/2911 44/1123/2912 775/1124/2913 779/1125/2914
f 46/1128/2915 45/1126/2916 779/1125/2917 783/1127/2918
f 46/1128/2919 783/1127/2920 787/1129/2921 47/1131/2922
f 787/1129/2923 791/1130/2924 48/1133/2925 47/1131/2926
f 701/1132/2927 25/1084/2928 48/1133/2929 791/1130/2930
f 653/1134/2931 513/1137/2932 511/1135/2933 651/1181/2934
f 655/1136/2935 517/1139/2936 513/1137/2937 653/1134/2938
f 657/1138/2939 521/1140/2940 517/1139/2941 655/1136/2942
f 525/1142/2943 521/1140/2944 657/1138/2945 659/1141/2946
f 529/1144/2947 525/1142/2948 659/1141/2949 661/1143/2950
f 533/1147/2951 529/1144/2952 661/1143/2953 663/1145/2954
f 665/1146/2955 537/1149/2956 533/1147/2957 663/1145/2958
f 667/1148/2959 541/1151/2960 537/1149/2961 665/1146/2962
f 669/1150/2963 545/1152/2964 541/1151/2965 667/1148/2966
f 549/1154/2967 545/1152/2968 669/1150/2969 671/1153/2970
f 553/1156/2971 549/1154/2972 671/1153/2973 673/1155/2974
f 557/1159/2975 553/1156/2976 673/1155/2977 675/1157/2978
f 677/1158/2979 561/1161/2980 557/1159/2981 675/1157/2982
f 679/1160/2983 565/1163/2984 561/1161/2985 677/1158/2986
f 681/1162/2987 569/1164/2988 565/1163/2989 679/1160/2990
f 573/1166/2991 569/1164/2992 681/1162/2993 683/1165/2994
f 577/1168/2995 573/1166/2996 683/1165/2997 685/1167/2998
f 581/1171/2999 577/1168/3000 685/1167/3001 687/1169/3002
f 689/1170/3003 585/517/3004 581/1171/3005 687/1169/3006
f 691/1172/3007 589/1175/3008 585/1173/3009 689/580/3010
f 693/1174/3011 593/1176/3012 589/1175/3013 691/1172/3014
f 597/1178/3015 593/1176/3016 693/1174/3017 695/1177/3018
f 601/1180/3019 597/1178/3020 695/1177/3021 697/1179/3022
f 511/1135/3023 601/1180/3024 697/1179/3025 651/1181/3026
f 703/1184/3027 705/1182/3028 509/1230/3029 507/1183/3030
f 709/1186/3031 703/1184/3032 507/1183/3033 515/1185/3034
f 713/1189/3035 709/1186/3036 515/1185/3037 519/1187/3038
f 523/1188/3039 717/1191/3040 713/1189/3041 519/1187/3042
f 527/1190/3043 721/1193/3044 717/1191/3045 523/1188/3046
f 531/1192/3047 725/1194/3048 721/1193/3049 527/1190/3050
f 729/1196/3051 725/1194/3052 531/1192/3053 535/1195/3054
f 733/1198/3055 729/1196/3056 535/1195/3057 539/1197/3058
f 737/1201/3059 733/1198/3060 539/1197/3061 543/1199/3062
f 547/1200/3063 741/1203/3064 737/1201/3065 543/1199/3066
f 551/1202/3067 745/1205/3068 741/1203/3069 547/1200/3070
f 555/1204/3071 749/1206/3072 745/1205/3073 551/1202/3074
f 753/1208/3075 749/1206/3076 555/1204/3077 559/1207/3078
f 757/1210/3079 753/1208/3080 559/1207/3081 563/1209/3082
f 761/1213/3083 757/1210/3084 563/1209/3085 567/1211/3086
f 571/1212/3087 765/1215/3088 761/1213/3089 567/1211/3090
f 575/1214/3091 769/1217/3092 765/1215/3093 571/1212/3094
f 579/1216/3095 773/1219/3096 769/1217/3097 575/1214/3098
f 777/1218/3099 773/1219/3100 579/1216/3101 583/1220/3102
f 781/1224/3103 777/1221/3104 583/1222/3105 587/1223/3106
f 785/1227/3107 781/1224/3108 587/1223/3109 591/1225/3110
f 595/1226/3111 789/1229/3112 785/1227/3113 591/1225/3114
f 599/1228/3115 793/1231/3116 789/1229/3117 595/1226/3118
f 509/1230/3119 705/1182/3120 793/1231/3121 599/1228/3122
f 417/1234/3123 415/1232/3124 797/1278/3125 795/1233/3126
f 421/1236/3127 417/1234/3128 795/1233/3129 799/1235/3130
f 425/1239/3131 421/1236/3132 799/1235/3133 801/1237/3134
f 803/1238/3135 429/1241/3136 425/1239/3137 801/1237/3138
f 805/1240/3139 433/1243/3140 429/1241/3141 803/1238/3142
f 807/1242/3143 437/1244/3144 433/1243/3145 805/1240/3146
f 441/1246/3147 437/1244/3148 807/1242/3149 809/1245/3150
f 445/1248/3151 441/1246/3152 809/1245/3153 811/1247/3154
f 449/1251/3155 445/1248/3156 811/1247/3157 813/1249/3158
f 815/1250/3159 453/1253/3160 449/1251/3161 813/1249/3162
f 817/1252/3163 457/1255/3164 453/1253/3165 815/1250/3166
f 819/1254/3167 461/1256/3168 457/1255/3169 817/1252/3170
f 465/1258/3171 461/1256/3172 819/1254/3173 821/1257/3174
f 469/1260/3175 465/1258/3176 821/1257/3177 823/1259/3178
f 473/1263/3179 469/1260/3180 823/1259/3181 825/1261/3182
f 827/1262/3183 477/1265/3184 473/1263/3185 825/1261/3186
f 829/1264/3187 481/1267/3188 477/1265/3189 827/1262/3190
f 831/1266/3191 485/1268/3192 481/1267/3193 829/1264/3194
f 489/458/3195 485/1268/3196 831/1266/3197 833/1269/3198
f 493/1272/3199 489/1270/3200 833/668/3201 835/1271/3202
f 497/1275/3203 493/1272/3204 835/1271/3205 837/1273/3206
f 839/1274/3207 501/1277/3208 497/1275/3209 837/1273/3210
f 841/1276/3211 505/1279/3212 501/1277/3213 839/1274/3214
f 797/1278/3215 415/1232/3216 505/1279/3217 841/1276/3218
f 843/1282/3219 845/1280/3220 411/1328/3221 413/1281/3222
f 847/1284/3223 843/1282/3224 413/1281/3225 419/1283/3226
f 849/1287/3227 847/1284/3228 419/1283/3229 423/1285/3230
f 427/1286/3231 851/1289/3232 849/1287/3233 423/1285/3234
f 431/1288/3235 853/1291/3236 851/1289/3237 427/1286/3238
f 435/1290/3239 855/1292/3240 853/1291/3241 431/1288/3242
f 857/1294/3243 855/1292/3244 435/1290/3245 439/1293/3246
f 859/1296/3247 857/1294/3248 439/1293/3249 443/1295/3250
f 861/1299/3251 859/1296/3252 443/1295/3253 447/1297/3254
f 451/1298/3255 863/1301/3256 861/1299/3257 447/1297/3258
f 455/1300/3259 865/1303/3260 863/1301/3261 451/1298/3262
f 459/1302/3263 867/1304/3264 865/1303/3265 455/1300/3266
f 869/1306/3267 867/1304/3268 459/1302/3269 463/1305/3270
f 871/1308/3271 869/1306/3272 463/1305/3273 467/1307/3274
f 873/1311/3275 871/1308/3276 467/1307/3277 471/1309/3278
f 475/1310/3279 875/1313/3280 873/1311/3281 471/1309/3282
f 479/1312/3283 877/1315/3284 875/1313/3285 475/1310/3286
f 483/1314/3287 879/1317/3288 877/1315/3289 479/1312/3290
f 881/1316/3291 879/1317/3292 483/1314/3293 487/1318/3294
f 883/1322/3295 881/1319/3296 487/1320/3297 491/1321/3298
f 885/1325/3299 883/1322/3300 491/1321/3301 495/1323/3302
f 499/1324/3303 887/1327/3304 885/1325/3305 495/1323/3306
f 503/1326/3307 889/1329/3308 887/1327/3309 499/1324/3310
f 411/1328/3311 845/1280/3312 889/1329/3313 503/1326/3314
f 890/1640/3315 891/1330/3316 893/1331/3317 892/1594/3318
f 891/1332/3319 890/1640/3320 936/1638/3321 937/1380/3322
f 892/1594/3323 893/1333/3324 895/1334/3325 894/1596/3326
f 894/1596/3327 895/1335/3328 897/1336/3329 896/1598/3330
f 896/1598/3331 897/1337/3332 899/1338/3333 898/1599/3334
f 898/1599/3335 899/1339/3336 901/1340/3337 900/1601/3338
f 900/1601/3339 901/1341/3340 903/1362/3341 902/1603/3342
f 902/1603/3343 903/1362/3344 905/1363/3345 904/1606/3346
f 904/1606/3347 905/1363/3348 907/1364/3349 906/1608/3350
f 906/1608/3351 907/1364/3352 909/1365/3353 908/1610/3354
f 908/1610/3355 909/1365/3356 911/1366/3357 910/1611/3358
f 910/1611/3359 911/1366/3360 913/1367/3361 912/1613/3362
f 912/1613/3363 913/1367/3364 915/1368/3365 914/1615/3366
f 914/1615/3367 915/1368/3368 917/1342/3369 916/1618/3370
f 916/1618/3371 917/1343/3372 919/1344/3373 918/1620/3374
f 918/1620/3375 919/1345/3376 921/1346/3377 920/1622/3378
f 920/1622/3379 921/1347/3380 923/1348/3381 922/1623/3382
f 922/1623/3383 923/1349/3384 925/1350/3385 924/1625/3386
f 924/1625/3387 925/1351/3388 927/1352/3389 926/1627/3390
f 926/1627/3391 927/1353/3392 929/1354/3393 928/1631/3394
f 928/1355/3395 929/1376/3396 931/1377/3397 930/1633/3398
f 930/1633/3399 931/1377/3400 933/1378/3401 932/1635/3402
f 932/1635/3403 933/1378/3404 935/1379/3405 934/1636/3406
f 934/1636/3407 935/1379/3408 937/1380/3409 936/1638/3410
f 893/1357/3411 891/1356/3412 258/1416/3413 257/1418/3414
f 895/1358/3415 893/1357/3416 257/1418/3417 256/1420/3418
f 897/1359/3419 895/1358/3420 256/1420/3421 255/1421/3422
f 254/1423/3423 899/1360/3424 897/1359/3425 255/1421/3426
f 253/1425/3427 901/1361/3428 899/1360/3429 254/1423/3430
f 252/1428/3431 903/1362/3432 901/1361/3433 253/1425/3434
f 905/1363/3435 903/1362/3436 252/1428/3437 251/1430/3438
f 907/1364/3439 905/1363/3440 251/1430/3441 250/1432/3442
f 909/1365/3443 907/1364/3444 250/1432/3445 249/1433/3446
f 248/1435/3447 911/1366/3448 909/1365/3449 249/1433/3450
f 247/1437/3451 913/1367/3452 911/1366/3453 248/1435/3454
f 246/1440/3455 915/1368/3456 913/1367/3457 247/1437/3458
f 917/1369/3459 915/1368/3460 246/1440/3461 245/1442/3462
f 919/1370/3463 917/1369/3464 245/1442/3465 244/1444/3466
f 921/1371/3467 919/1370/3468 244/1444/3469 243/1445/3470
f 242/1447/3471 923/1372/3472 921/1371/3473 243/1445/3474
f 241/1449/3475 925/1373/3476 923/1372/3477 242/1447/3478
f 264/1452/3479 927/1374/3480 925/1373/3481 241/1449/3482
f 929/1354/3483 927/1374/3484 264/1452/3485 263/1375/3486
f 931/1377/3487 929/1376/3488 263/1454/3489 262/1456/3490
f 933/1378/3491 931/1377/3492 262/1456/3493 261/1457/3494
f 260/1459/3495 935/1379/3496 933/1378/3497 261/1457/3498
f 259/1461/3499 937/1380/3500 935/1379/3501 260/1459/3502
f 258/1416/3503 891/1356/3504 937/1380/3505 259/1461/3506
f 938/1415/3507 939/1381/3508 943/1382/3509 942/1417/3510
f 939/1383/3511 938/1415/3512 940/1462/3513 941/1464/3514
f 941/1464/3515 940/1462/3516 984/1460/3517 985/1509/3518
f 942/1417/3519 943/1384/3520 945/1385/3521 944/1419/3522
f 944/1419/3523 945/1386/3524 947/1387/3525 946/1422/3526
f 946/1422/3527 947/1388/3528 949/1389/3529 948/1424/3530
f 948/1424/3531 949/1390/3532 951/1391/3533 950/1426/3534
f 950/1426/3535 951/1392/3536 953/1393/3537 952/1427/3538
f 952/1427/3539 953/1394/3540 955/1395/3541 954/1429/3542
f 954/1429/3543 955/1396/3544 957/1397/3545 956/1431/3546
f 956/1431/3547 957/1398/3548 959/1399/3549 958/1434/3550
f 958/1434/3551 959/1400/3552 961/1401/3553 960/1436/3554
f 960/1436/3555 961/1402/3556 963/1403/3557 962/1438/3558
f 962/1438/3559 963/1404/3560 965/1405/3561 964/1439/3562
f 964/1439/3563 965/1406/3564 967/1407/3565 966/1441/3566
f 966/1441/3567 967/1408/3568 969/1409/3569 968/1443/3570
f 968/1443/3571 969/1410/3572 971/1411/3573 970/1446/3574
f 970/1446/3575 971/1412/3576 973/1497/3577 972/1448/3578
f 972/1448/3579 973/1497/3580 975/1500/3581 974/1450/3582
f 974/1450/3583 975/1500/3584 977/1413/3585 976/1451/3586
f 976/1414/3587 977/1502/3588 979/1504/3589 978/1453/3590
f 978/1453/3591 979/1504/3592 981/1505/3593 980/1455/3594
f 980/1455/3595 981/1505/3596 983/1507/3597 982/1458/3598
f 982/1458/3599 983/1507/3600 985/1509/3601 984/1460/3602
f 938/1415/3603 257/1418/3604 258/1416/3605 940/1462/3606
f 942/1417/3607 256/1420/3608 257/1418/3609 938/1415/3610
f 944/1419/3611 255/1421/3612 256/1420/3613 942/1417/3614
f 254/1423/3615 255/1421/3616 944/1419/3617 946/1422/3618
f 253/1425/3619 254/1423/3620 946/1422/3621 948/1424/3622
f 252/1428/3623 253/1425/3624 948/1424/3625 950/1426/3626
f 952/1427/3627 251/1430/3628 252/1428/3629 950/1426/3630
f 954/1429/3631 250/1432/3632 251/1430/3633 952/1427/3634
f 956/1431/3635 249/1433/3636 250/1432/3637 954/1429/3638
f 248/1435/3639 249/1433/3640 956/1431/3641 958/1434/3642
f 247/1437/3643 248/1435/3644 958/1434/3645 960/1436/3646
f 246/1440/3647 247/1437/3648 960/1436/3649 962/1438/3650
f 964/1439/3651 245/1442/3652 246/1440/3653 962/1438/3654
f 966/1441/3655 244/1444/3656 245/1442/3657 964/1439/3658
f 968/1443/3659 243/1445/3660 244/1444/3661 966/1441/3662
f 242/1447/3663 243/1445/3664 968/1443/3665 970/1446/3666
f 241/1449/3667 242/1447/3668 970/1446/3669 972/1448/3670
f 264/1452/3671 241/1449/3672 972/1448/3673 974/1450/3674
f 976/1451/3675 263/1375/3676 264/1452/3677 974/1450/3678
f 978/1453/3679 262/1456/3680 263/1454/3681 976/1414/3682
f 980/1455/3683 261/1457/3684 262/1456/3685 978/1453/3686
f 260/1459/3687 261/1457/3688 980/1455/3689 982/1458/3690
f 259/1461/3691 260/1459/3692 982/1458/3693 984/1460/3694
f 258/1416/3695 259/1461/3696 984/1460/3697 940/1462/3698
f 234/1463/3699 939/1466/3700 941/1464/3701 235/1510/3702
f 233/1465/3703 943/1468/3704 939/1466/3705 234/1463/3706
f 232/1467/3707 945/1469/3708 943/1468/3709 233/1465/3710
f 947/1471/3711 945/1469/3712 232/1467/3713 231/1470/3714
f 949/1473/3715 947/1471/3716 231/1470/3717 230/1472/3718
f 951/1476/3719 949/1473/3720 230/1472/3721 229/1474/3722
f 228/1475/3723 953/1478/3724 951/1476/3725 229/1474/3726
f 227/1477/3727 955/1480/3728 953/1478/3729 228/1475/3730
f 226/1479/3731 957/1481/3732 955/1480/3733 227/1477/3734
f 959/1483/3735 957/1481/3736 226/1479/3737 225/1482/3738
f 961/1485/3739 959/1483/3740 225/1482/3741 224/1484/3742
f 963/1488/3743 961/1485/3744 224/1484/3745 223/1486/3746
f 222/1487/3747 965/1490/3748 963/1488/3749 223/1486/3750
f 221/1489/3751 967/1492/3752 965/1490/3753 222/1487/3754
f 220/1491/3755 969/1493/3756 967/1492/3757 221/1489/3758
f 971/1495/3759 969/1493/3760 220/1491/3761 219/1494/3762
f 973/1497/3763 971/1495/3764 219/1494/3765 218/1496/3766
f 975/1500/3767 973/1497/3768 218/1496/3769 217/1498/3770
f 240/1499/3771 977/1413/3772 975/1500/3773 217/1498/3774
f 239/1501/3775 979/1504/3776 977/1502/3777 240/136/3778
f 238/1503/3779 981/1505/3780 979/1504/3781 239/1501/3782
f 983/1507/3783 981/1505/3784 238/1503/3785 237/1506/3786
f 985/1509/3787 983/1507/3788 237/1506/3789 236/1508/3790
f 941/1464/3791 985/1509/3792 236/1508/3793 235/1510/3794
f 986/1545/3795 987/1511/3796 991/1512/3797 990/1547/3798
f 987/1513/3799 986/1545/3800 988/1591/3801 989/1514/3802
f 989/1515/3803 988/1591/3804 1032/1589/3805 1033/1516/3806
f 990/1547/3807 991/1517/3808 993/1518/3809 992/1549/3810
f 992/1549/3811 993/1519/3812 995/1520/3813 994/1550/3814
f 994/1550/3815 995/1521/3816 997/1522/3817 996/1552/3818
f 996/1552/3819 997/1523/3820 999/1605/3821 998/1554/3822
f 998/1554/3823 999/1605/3824 1001/1607/3825 1000/1557/3826
f 1000/1557/3827 1001/1607/3828 1003/1609/3829 1002/1559/3830
f 1002/1559/3831 1003/1609/3832 1005/1612/3833 1004/1561/3834
f 1004/1561/3835 1005/1612/3836 1007/1614/3837 1006/1562/3838
f 1006/1562/3839 1007/1614/3840 1009/1616/3841 1008/1564/3842
f 1008/1564/3843 1009/1616/3844 1011/1617/3845 1010/1566/3846
f 1010/1566/3847 1011/1617/3848 1013/1619/3849 1012/1569/3850
f 1012/1569/3851 1013/1619/3852 1015/1524/3853 1014/1571/3854
f 1014/1571/3855 1015/1525/3856 1017/1526/3857 1016/1573/3858
f 1016/1573/3859 1017/1527/3860 1019/1528/3861 1018/1574/3862
f 1018/1574/3863 1019/1529/3864 1021/1530/3865 1020/1576/3866
f 1020/1576/3867 1021/1531/3868 1023/1532/3869 1022/1578/3870
f 1022/1578/3871 1023/1533/3872 1025/1534/3873 1024/1582/3874
f 1024/1535/3875 1025/1536/3876 1027/1537/3877 1026/1584/3878
f 1026/1584/3879 1027/1538/3880 1029/1539/3881 1028/1586/3882
f 1028/1586/3883 1029/1540/3884 1031/1541/3885 1030/1587/3886
f 1030/1587/3887 1031/1542/3888 1033/1543/3889 1032/1589/3890
f 122/1546/3891 121/1544/3892 988/1591/3893 986/1545/3894
f 123/1548/3895 122/1546/3896 986/1545/3897 990/1547/3898
f 124/1551/3899 123/1548/3900 990/1547/3901 992/1549/3902
f 994/1550/3903 125/1553/3904 124/1551/3905 992/1549/3906
f 996/1552/3907 126/1555/3908 125/1553/3909 994/1550/3910
f 998/1554/3911 127/1556/3912 126/1555/3913 996/1552/3914
f 128/1558/3915 127/1556/3916 998/1554/3917 1000/1557/3918
f 129/1560/3919 128/1558/3920 1000/1557/3921 1002/1559/3922
f 130/1563/3923 129/1560/3924 1002/1559/3925 1004/1561/3926
f 1006/1562/3927 131/1565/3928 130/1563/3929 1004/1561/3930
f 1008/1564/3931 132/1567/3932 131/1565/3933 1006/1562/3934
f 1010/1566/3935 133/1568/3936 132/1567/3937 1008/1564/3938
f 134/1570/3939 133/1568/3940 1010/1566/3941 1012/1569/3942
f 135/1572/3943 134/1570/3944 1012/1569/3945 1014/1571/3946
f 136/1575/3947 135/1572/3948 1014/1571/3949 1016/1573/3950
f 1018/1574/3951 137/1577/3952 136/1575/3953 1016/1573/3954
f 1020/1576/3955 138/1579/3956 137/1577/3957 1018/1574/3958
f 1022/1578/3959 139/1581/3960 138/1579/3961 1020/1576/3962
f 140/1580/3963 139/1581/3964 1022/1578/3965 1024/1582/3966
f 141/1585/3967 140/1583/3968 1024/1535/3969 1026/1584/3970
f 142/1588/3971 141/1585/3972 1026/1584/3973 1028/1586/3974
f 1030/1587/3975 143/1590/3976 142/1588/3977 1028/1586/3978
f 1032/1589/3979 144/1592/3980 143/1590/3981 1030/1587/3982
f 988/1591/3983 121/1544/3984 144/1592/3985 1032/1589/3986
f 987/1595/3987 989/1593/3988 890/1640/3989 892/1594/3990
f 991/1597/3991 987/1595/3992 892/1594/3993 894/1596/3994
f 993/1600/3995 991/1597/3996 894/1596/3997 896/1598/3998
f 898/1599/3999 995/1602/4000 993/1600/4001 896/1598/4002
f 900/1601/4003 997/1604/4004 995/1602/4005 898/1599/4006
f 902/1603/4007 999/1605/4008 997/1604/4009 900/1601/4010
f 1001/1607/4011 999/1605/4012 902/1603/4013 904/1606/4014
f 1003/1609/4015 1001/1607/4016 904/1606/4017 906/1608/4018
f 1005/1612/4019 1003/1609/4020 906/1608/4021 908/1610/4022
f 910/1611/4023 1007/1614/4024 1005/1612/4025 908/1610/4026
f 912/1613/4027 1009/1616/4028 1007/1614/4029 910/1611/4030
f 914/1615/4031 1011/1617/4032 1009/1616/4033 912/1613/4034
f 1013/1619/4035 1011/1617/4036 914/1615/4037 916/1618/4038
f 1015/1621/4039 1013/1619/4040 916/1618/4041 918/1620/4042
f 1017/1624/4043 1015/1621/4044 918/1620/4045 920/1622/4046
f 922/1623/4047 1019/1626/4048 1017/1624/4049 920/1622/4050
f 924/1625/4051 1021/1628/4052 1019/1626/4053 922/1623/4054
f 926/1627/4055 1023/1630/4056 1021/1628/4057 924/1625/4058
f 1025/1629/4059 1023/1630/4060 926/1627/4061 928/1631/4062
f 1027/1634/4063 1025/1632/4064 928/1355/4065 930/1633/4066
f 1029/1637/4067 1027/1634/4068 930/1633/4069 932/1635/4070
f 934/1636/4071 1031/1639/4072 1029/1637/4073 932/1635/4074
f 936/1638/4075 1033/1641/4076 1031/1639/4077 934/1636/4078
f 890/1640/4079 989/1593/4080 1033/1641/4081 936/1638/4082
f 1035/1643/4083 1034/1642/4084 50/700/4085 49/747/4086
f 1036/1644/4087 1035/1643/4088 49/747/4089 72/745/4090
f 72/745/4091 71/743/4092 1037/1645/4093 1036/1644/4094
f 71/743/4095 70/740/4096 1038/1646/4097 1037/1645/4098
f 1039/1647/4099 1038/1646/4100 70/740/4101 69/738/4102
f 69/738/4103 68/71/4104 1040/1649/4105 1039/1647/4106
f 68/736/4107 67/735/4108 1041/1650/4109 1040/1648/4110
f 67/735/4111 66/733/4112 1042/1651/4113 1041/1650/4114
f 66/733/4115 65/731/4116 1043/1652/4117 1042/1651/4118
f 65/731/4119 64/728/4120 1044/1653/4121 1043/1652/4122
f 64/728/4123 63/726/4124 1045/1654/4125 1044/1653/4126
f 63/726/4127 62/724/4128 1046/1655/4129 1045/1654/4130
f 62/724/4131 61/723/4132 1047/1656/4133 1046/1655/4134
f 61/723/4135 60/721/4136 1048/1657/4137 1047/1656/4138
f 60/721/4139 59/719/4140 1049/1658/4141 1048/1657/4142
f 59/719/4143 58/716/4144 1050/1659/4145 1049/1658/4146
f 58/716/4147 57/714/4148 1051/1660/4149 1050/1659/4150
f 57/714/4151 56/712/4152 1052/1661/4153 1051/1660/4154
f 1053/1662/4155 1052/1661/4156 56/712/4157 55/711/4158
f 1054/1663/4159 1053/1662/4160 55/711/4161 54/709/4162
f 54/709/4163 53/707/4164 1055/1664/4165 1054/1663/4166
f 53/707/4167 52/704/4168 1056/1665/4169 1055/1664/4170
f 52/704/4171 51/702/4172 1057/1666/4173 1056/1665/4174
f 51/702/4175 50/700/4176 1034/1642/4177 1057/1666/4178
f 1059/1668/4179 1058/1667/4180 98/80/4181 97/81/4182
f 1060/1669/4183 1059/1668/4184 97/81/4185 120/103/4186
f 120/103/4187 119/102/4188 1061/1670/4189 1060/1669/4190
f 119/102/4191 118/101/4192 1062/1671/4193 1061/1670/4194
f 118/101/4195 117/100/4196 1063/1672/4197 1062/1671/4198
f 117/100/4199 116/99/4200 1064/1674/4201 1063/1672/4202
f 116/353/4203 115/98/4204 1065/1675/4205 1064/1673/4206
f 115/98/4207 114/97/4208 1066/1676/4209 1065/1675/4210
f 114/97/4211 113/96/4212 1067/1677/4213 1066/1676/4214
f 113/96/4215 112/95/4216 1068/1678/4217 1067/1677/4218
f 112/95/4219 111/94/4220 1069/1679/4221 1068/1678/4222
f 1070/1680/4223 1069/1679/4224 111/94/4225 110/93/4226
f 1071/1681/4227 1070/1680/4228 110/93/4229 109/92/4230
f 109/92/4231 108/91/4232 1072/1682/4233 1071/1681/4234
f 108/91/4235 107/90/4236 1073/1683/4237 1072/1682/4238
f 107/90/4239 106/89/4240 1074/1684/4241 1073/1683/4242
f 106/89/4243 105/88/4244 1075/1685/4245 1074/1684/4246
f 1076/1686/4247 1075/1685/4248 105/88/4249 104/87/4250
f 1077/1687/4251 1076/1686/4252 104/87/4253 103/86/4254
f 1078/1688/4255 1077/1687/4256 103/86/4257 102/85/4258
f 1079/1689/4259 1078/1688/4260 102/85/4261 101/84/4262
f 101/84/4263 100/83/4264 1080/1690/4265 1079/1689/4266
f 100/83/4267 99/82/4268 1081/1691/4269 1080/1690/4270
f 99/82/4271 98/80/4272 1058/1667/4273 1081/1691/4274
g default
v 0.162873 50.026415 0.891473
v -0.000000 50.186819 0.891473
v -0.162874 50.026415 0.891473
v -0.000000 49.866015 0.891473
v 0.113395 50.026415 10.108600
v -0.000002 50.138092 10.108600
v -0.113400 50.026415 10.108600
v -0.000002 49.914742 10.108600
v 0.086865 50.132419 10.320238
v -0.086870 50.132419 10.320238
v -0.106562 50.027227 10.353111
v 0.106557 50.027227 10.353111
v 0.086865 50.464791 10.619723
v -0.086870 50.464791 10.619723
v -0.106562 50.431791 10.665912
v 0.106557 50.431791 10.665912
v 0.113398 50.026415 0.970049
v -0.000000 49.914743 0.970050
v -0.113398 50.026415 0.970050
v -0.000000 50.138092 0.970050
v 0.047524 50.503086 10.619694
v 0.047524 50.534297 10.619552
v -0.047530 50.534297 10.619552
v -0.047530 50.503086 10.619694
v 0.047524 50.251553 10.402981
v 0.047524 50.252512 10.391889
v -0.047530 50.252512 10.391889
v -0.047530 50.251553 10.402981
v 0.047524 50.173835 10.400333
v 0.047524 50.167833 10.380938
v -0.047530 50.167833 10.380939
v -0.047530 50.173835 10.400334
v 0.047524 50.139787 10.446674
v 0.047524 50.129724 10.445737
v -0.047530 50.129724 10.445737
v -0.047530 50.139787 10.446675
v 0.047524 50.170576 10.511891
v 0.047524 50.163865 10.518753
v -0.047530 50.163865 10.518753
v -0.047530 50.170576 10.511892
v 0.047524 50.428630 10.643228
v 0.047524 50.430140 10.662621
v -0.047530 50.430140 10.662621
v -0.047530 50.428630 10.643228
v 0.047524 50.330022 10.448962
v 0.047524 50.317317 10.455802
v -0.047530 50.317317 10.455802
v -0.047530 50.330022 10.448962
vt 0.111082 0.992181
vt 0.419446 0.574432
vt 0.419225 0.565631
vt 0.422623 0.560668
vt 0.111082 0.993239
vt 0.423067 0.566553
vt 0.129948 0.978707
vt 0.121185 0.978591
vt 0.129002 0.974892
vt 0.111490 0.993239
vt 0.134931 0.975295
vt 0.030975 0.565470
vt 0.030258 0.570274
vt 0.111490 0.992181
vt 0.030258 0.560668
vt 0.111082 0.990047
vt 0.111490 0.990047
vt 0.111082 0.991105
vt 0.272731 0.993795
vt 0.111490 0.991105
vt 0.159009 0.993239
vt 0.159009 0.992181
vt 0.272805 0.984995
vt 0.272731 0.973589
vt 0.055515 0.748354
vt 0.061834 0.742522
vt 0.061723 0.754305
vt 0.272731 0.964789
vt 0.084223 0.742734
vt 0.084112 0.754517
vt 0.085952 0.753445
vt 0.086043 0.743840
vt 0.065122 0.786179
vt 0.055515 0.786179
vt 0.055515 0.767780
vt 0.065122 0.767780
vt 0.159009 0.990047
vt 0.055515 0.948581
vt 0.275986 0.988664
vt 0.055527 0.926193
vt 0.275943 0.969947
vt 0.030302 0.676853
vt 0.030258 0.699241
vt 0.159009 0.991105
vt 0.031434 0.682662
vt 0.056657 0.942775
vt 0.056645 0.924377
vt 0.031364 0.701061
vt 0.111082 0.994315
vt 0.111490 0.994315
vt 0.111490 0.994315
vt 0.159009 0.994315
vt 0.101966 0.737471
vt 0.076649 0.945562
vt 0.073316 0.945562
vt 0.101966 0.740528
vt 0.100979 0.740528
vt 0.073316 0.944583
vt 0.076649 0.944583
vt 0.100979 0.737471
vt 0.641492 0.540461
vt 0.416267 0.697970
vt 0.415282 0.697970
vt 0.642201 0.540461
vt 0.642201 0.541380
vt 0.415282 0.697059
vt 0.416267 0.697059
vt 0.641492 0.541380
vt 0.474792 0.559729
vt 0.489946 0.544760
vt 0.489946 0.540461
vt 0.474792 0.555616
vt 0.475643 0.555616
vt 0.490799 0.540461
vt 0.490799 0.544760
vt 0.475643 0.559729
vt 0.072051 0.945562
vt 0.101966 0.741610
vt 0.101966 0.742888
vt 0.070670 0.945562
vt 0.070670 0.944583
vt 0.072051 0.944583
vt 0.100979 0.742888
vt 0.100979 0.741610
vt 0.643200 0.540461
vt 0.643200 0.541380
vt 0.414173 0.697970
vt 0.414173 0.697059
vn 0.995170 -0.000000 0.098170
vn 0.846224 0.000000 0.532828
vn -0.000001 0.849870 0.526993
vn -0.000000 0.995365 0.096168
vn -0.000001 0.849870 0.526993
vn -0.846224 0.000000 0.532827
vn -0.995170 0.000000 0.098170
vn -0.000000 0.995365 0.096168
vn -0.995170 0.000000 0.098170
vn -0.846224 0.000000 0.532827
vn -0.000001 -0.849870 0.526993
vn -0.000000 -0.995365 0.096168
vn 0.995170 -0.000000 0.098170
vn -0.000000 -0.995365 0.096168
vn -0.000001 -0.849870 0.526993
vn 0.846224 0.000000 0.532828
vn 0.677601 0.688055 -0.259688
vn 0.677601 0.688055 -0.259688
vn 0.677601 0.688054 -0.259688
vn -0.000000 0.999641 0.026785
vn -0.000000 0.999641 0.026785
vn -0.000000 0.999641 0.026785
vn -0.677601 0.688054 -0.259688
vn -0.677601 0.688054 -0.259688
vn -0.677601 0.688054 -0.259688
vn -0.919120 -0.393051 0.027014
vn -0.919120 -0.393051 0.027014
vn -0.919120 -0.393051 0.027014
vn -0.919120 -0.393051 0.027014
vn -0.000002 -0.908472 0.417945
vn -0.000002 -0.908472 0.417945
vn -0.000002 -0.908472 0.417945
vn 0.919120 -0.393051 0.027014
vn 0.919120 -0.393051 0.027014
vn 0.919120 -0.393051 0.027014
vn 0.919120 -0.393051 0.027014
vn 0.000000 0.669397 -0.742904
vn 0.000000 0.669397 -0.742904
vn 0.000000 0.669397 -0.742904
vn 0.000000 0.669397 -0.742904
vn -0.966851 0.163178 -0.196398
vn -0.966851 0.163178 -0.196398
vn -0.966851 0.163178 -0.196398
vn -0.966851 0.163178 -0.196398
vn -0.000001 -0.611672 0.791111
vn -0.000001 -0.611672 0.791111
vn -0.000001 -0.611672 0.791111
vn -0.000001 -0.611672 0.791111
vn 0.966851 0.163177 -0.196397
vn 0.966851 0.163177 -0.196397
vn 0.966851 0.163177 -0.196397
vn 0.966851 0.163177 -0.196397
vn 0.000000 0.813668 0.581330
vn 0.000000 0.813668 0.581330
vn 0.000000 0.813668 0.581330
vn 0.000000 0.813668 0.581330
vn -0.000000 0.995365 0.096168
vn -0.000000 1.000000 0.000000
vn 1.000000 -0.000000 0.000000
vn 0.995170 -0.000000 0.098170
vn -1.000000 0.000000 -0.000000
vn -0.000000 1.000000 0.000000
vn -0.000000 0.995365 0.096168
vn -0.995170 0.000000 0.098170
vn -0.000000 -0.995365 0.096168
vn -0.000000 -1.000000 -0.000000
vn -1.000000 0.000000 -0.000000
vn -0.995170 0.000000 0.098170
vn 1.000000 -0.000000 0.000000
vn -0.000000 -1.000000 -0.000000
vn -0.000000 -0.995365 0.096168
vn 0.995170 -0.000000 0.098170
vn 0.000000 0.640988 -0.767551
vn 0.000000 0.640988 -0.767551
vn 0.000000 0.617818 -0.786321
vn 0.000000 0.617818 -0.786321
vn -0.000000 -0.644408 0.764682
vn -0.000000 -0.661574 0.749880
vn -0.000000 -0.661574 0.749880
vn -0.000000 -0.644408 0.764682
vn 0.000000 0.397115 -0.917769
vn 0.000000 0.128249 -0.991742
vn 0.000000 0.128249 -0.991742
vn 0.000000 0.397115 -0.917769
vn -0.000000 -0.034056 0.999420
vn -0.000000 -0.034056 0.999420
vn -0.000000 -0.386016 0.922492
vn -0.000000 -0.386016 0.922492
vn 0.000000 -0.861949 -0.506994
vn 0.000000 -0.861949 -0.506994
vn 0.000000 -0.861949 -0.506994
vn 0.000000 -0.861949 -0.506994
vn -0.000000 0.805832 0.592144
vn -0.000000 0.805832 0.592144
vn -0.000000 0.805832 0.592144
vn -0.000000 0.805832 0.592144
vn -0.000000 -0.905866 0.423565
vn -0.000000 -0.905866 0.423565
vn -0.000000 -0.905866 0.423565
vn -0.000000 -0.905866 0.423565
vn 0.000000 0.904272 -0.426956
vn 0.000000 0.904272 -0.426956
vn 0.000000 0.904272 -0.426956
vn 0.000000 0.904272 -0.426956
vn -0.000000 -0.475351 0.879796
vn -0.000000 -0.475351 0.879796
vn -0.000000 -0.475351 0.879796
vn -0.000000 -0.475351 0.879796
vn 0.000000 0.453580 -0.891215
vn 0.000000 0.453580 -0.891215
vn 0.000000 0.453580 -0.891215
vn 0.000000 0.453580 -0.891215
vn 0.000000 0.617818 -0.786321
vn 0.000000 0.397115 -0.917769
vn 0.000000 0.397115 -0.917769
vn 0.000000 0.617818 -0.786321
vn -0.000000 -0.386016 0.922492
vn -0.000000 -0.386016 0.922492
vn -0.000000 -0.644408 0.764682
vn -0.000000 -0.644408 0.764682
s off
g SM_Lamp_Modern_01 spider_low003
usemtl base_lowSG
f 1098/1705/4275 1082/1692/4276 1083/1696/4277 1101/1701/4278
f 1083/1696/4279 1084/1740/4280 1100/1741/4281 1101/1701/4282
f 1100/1708/4283 1084/1707/4284 1085/1709/4285 1099/1711/4286
f 1098/1705/4287 1099/1711/4288 1085/1709/4289 1082/1692/4290
f 1086/1710/4291 1087/1714/4292 1090/1730/4293
f 1087/1703/4294 1091/1704/4295 1090/1706/4296
f 1087/1715/4297 1088/1719/4298 1091/1732/4299
f 1088/1698/4300 1089/1699/4301 1092/1700/4302 1091/1702/4303
f 1089/1716/4304 1093/1717/4305 1092/1718/4306
f 1093/1697/4307 1089/1693/4308 1086/1694/4309 1090/1695/4310
f 1090/1724/4311 1091/1725/4312 1095/1726/4313 1094/1727/4314
f 1091/1737/4315 1092/1729/4316 1096/1731/4317 1095/1738/4318
f 1097/1720/4319 1096/1721/4320 1092/1718/4321 1093/1717/4322
f 1097/1734/4323 1093/1733/4324 1090/1736/4325 1094/1739/4326
f 1095/1722/4327 1096/1721/4328 1097/1720/4329 1094/1723/4330
f 1101/1701/4331 1087/1712/4332 1086/1713/4333 1098/1705/4334
f 1088/1743/4335 1087/1712/4336 1101/1701/4337 1100/1742/4338
f 1099/1711/4339 1089/1735/4340 1088/1728/4341 1100/1708/4342
f 1086/1713/4343 1089/1735/4344 1099/1711/4345 1098/1705/4346
f 1104/1750/4347 1103/1745/4348 1126/1746/4349 1129/1749/4350
f 1127/1748/4351 1102/1751/4352 1105/1744/4353 1128/1747/4354
f 1107/1768/4355 1111/1771/4356 1112/1772/4357 1108/1773/4358
f 1113/1770/4359 1110/1774/4360 1106/1775/4361 1109/1769/4362
f 1112/1758/4363 1111/1753/4364 1115/1754/4365 1116/1757/4366
f 1113/1752/4367 1117/1755/4368 1114/1756/4369 1110/1759/4370
f 1115/1754/4371 1119/1778/4372 1120/1779/4373 1116/1757/4374
f 1114/1756/4375 1117/1755/4376 1121/1776/4377 1118/1777/4378
f 1120/1766/4379 1119/1761/4380 1123/1762/4381 1124/1765/4382
f 1122/1764/4383 1118/1767/4384 1121/1760/4385 1125/1763/4386
f 1126/1746/4387 1107/1768/4388 1108/1773/4389 1129/1749/4390
f 1109/1769/4391 1106/1775/4392 1127/1748/4393 1128/1747/4394
g default
v 0.891473 50.026415 -0.162874
v 0.891473 50.186819 0.000000
v 0.891473 50.026415 0.162874
v 0.891473 49.866015 0.000000
v 10.108600 50.026415 -0.113396
v 10.108600 50.138092 0.000002
v 10.108600 50.026415 0.113400
v 10.108600 49.914742 0.000002
v 10.320238 50.132419 -0.086866
v 10.320238 50.132419 0.086870
v 10.353111 50.027227 0.106561
v 10.353111 50.027227 -0.106557
v 10.619723 50.464791 -0.086866
v 10.619723 50.464791 0.086870
v 10.665912 50.431791 0.106561
v 10.665912 50.431791 -0.106557
v 0.970049 50.026415 -0.113398
v 0.970050 49.914743 0.000000
v 0.970050 50.026415 0.113398
v 0.970050 50.138092 0.000000
v 10.619694 50.503086 -0.047525
v 10.619552 50.534297 -0.047525
v 10.619552 50.534297 0.047529
v 10.619694 50.503086 0.047529
v 10.402981 50.251553 -0.047525
v 10.391889 50.252512 -0.047525
v 10.391889 50.252512 0.047529
v 10.402981 50.251553 0.047529
v 10.400333 50.173835 -0.047525
v 10.380938 50.167833 -0.047525
v 10.380938 50.167833 0.047529
v 10.400333 50.173835 0.047529
v 10.446674 50.139787 -0.047525
v 10.445737 50.129724 -0.047525
v 10.445737 50.129724 0.047529
v 10.446674 50.139787 0.047529
v 10.511891 50.170576 -0.047525
v 10.518753 50.163865 -0.047525
v 10.518753 50.163865 0.047529
v 10.511891 50.170576 0.047529
v 10.643228 50.428630 -0.047525
v 10.662621 50.430140 -0.047525
v 10.662621 50.430140 0.047529
v 10.643228 50.428630 0.047529
v 10.448962 50.330022 -0.047525
v 10.455802 50.317317 -0.047525
v 10.455802 50.317317 0.047529
v 10.448962 50.330022 0.047529
vt 0.111082 0.992181
vt 0.419446 0.574432
vt 0.419225 0.565631
vt 0.422623 0.560668
vt 0.111082 0.993239
vt 0.423067 0.566553
vt 0.129948 0.978707
vt 0.121185 0.978591
vt 0.129002 0.974892
vt 0.111490 0.993239
vt 0.134931 0.975295
vt 0.030975 0.565470
vt 0.030258 0.570274
vt 0.111490 0.992181
vt 0.030258 0.560668
vt 0.111082 0.990047
vt 0.111490 0.990047
vt 0.111082 0.991105
vt 0.272731 0.993795
vt 0.111490 0.991105
vt 0.159009 0.993239
vt 0.159009 0.992181
vt 0.272805 0.984995
vt 0.272731 0.973589
vt 0.055515 0.748354
vt 0.061834 0.742522
vt 0.061723 0.754305
vt 0.272731 0.964789
vt 0.084223 0.742734
vt 0.084112 0.754517
vt 0.085952 0.753445
vt 0.086043 0.743840
vt 0.065122 0.786179
vt 0.055515 0.786179
vt 0.055515 0.767780
vt 0.065122 0.767780
vt 0.159009 0.990047
vt 0.055515 0.948581
vt 0.275986 0.988664
vt 0.055527 0.926193
vt 0.275943 0.969947
vt 0.030302 0.676853
vt 0.030258 0.699241
vt 0.159009 0.991105
vt 0.031434 0.682662
vt 0.056657 0.942775
vt 0.056645 0.924377
vt 0.031364 0.701061
vt 0.111082 0.994315
vt 0.111490 0.994315
vt 0.111490 0.994315
vt 0.159009 0.994315
vt 0.101966 0.737471
vt 0.076649 0.945562
vt 0.073316 0.945562
vt 0.101966 0.740528
vt 0.100979 0.740528
vt 0.073316 0.944583
vt 0.076649 0.944583
vt 0.100979 0.737471
vt 0.641492 0.540461
vt 0.416267 0.697970
vt 0.415282 0.697970
vt 0.642201 0.540461
vt 0.642201 0.541380
vt 0.415282 0.697059
vt 0.416267 0.697059
vt 0.641492 0.541380
vt 0.474792 0.559729
vt 0.489946 0.544760
vt 0.489946 0.540461
vt 0.474792 0.555616
vt 0.475643 0.555616
vt 0.490799 0.540461
vt 0.490799 0.544760
vt 0.475643 0.559729
vt 0.072051 0.945562
vt 0.101966 0.741610
vt 0.101966 0.742888
vt 0.070670 0.945562
vt 0.070670 0.944583
vt 0.072051 0.944583
vt 0.100979 0.742888
vt 0.100979 0.741610
vt 0.643200 0.540461
vt 0.643200 0.541380
vt 0.414173 0.697970
vt 0.414173 0.697059
vn 0.098170 -0.000000 -0.995170
vn 0.532828 0.000000 -0.846224
vn 0.526993 0.849870 0.000001
vn 0.096168 0.995365 0.000000
vn 0.526993 0.849870 0.000001
vn 0.532827 0.000000 0.846224
vn 0.098170 0.000000 0.995170
vn 0.096168 0.995365 0.000000
vn 0.098170 0.000000 0.995170
vn 0.532827 0.000000 0.846224
vn 0.526993 -0.849870 0.000001
vn 0.096168 -0.995365 0.000000
vn 0.098170 -0.000000 -0.995170
vn 0.096168 -0.995365 0.000000
vn 0.526993 -0.849870 0.000001
vn 0.532828 0.000000 -0.846224
vn -0.259688 0.688054 -0.677601
vn -0.259688 0.688054 -0.677601
vn -0.259688 0.688054 -0.677601
vn 0.026785 0.999641 0.000000
vn 0.026785 0.999641 0.000000
vn 0.026785 0.999641 0.000000
vn -0.259688 0.688054 0.677601
vn -0.259688 0.688054 0.677601
vn -0.259688 0.688054 0.677601
vn 0.027014 -0.393051 0.919120
vn 0.027014 -0.393051 0.919120
vn 0.027014 -0.393051 0.919120
vn 0.027014 -0.393051 0.919120
vn 0.417945 -0.908472 0.000002
vn 0.417945 -0.908472 0.000002
vn 0.417945 -0.908472 0.000002
vn 0.027014 -0.393051 -0.919120
vn 0.027014 -0.393051 -0.919120
vn 0.027014 -0.393051 -0.919120
vn 0.027014 -0.393051 -0.919120
vn -0.742904 0.669397 -0.000000
vn -0.742904 0.669397 -0.000000
vn -0.742904 0.669397 -0.000000
vn -0.742904 0.669397 -0.000000
vn -0.196398 0.163178 0.966851
vn -0.196398 0.163178 0.966851
vn -0.196398 0.163178 0.966851
vn -0.196398 0.163178 0.966851
vn 0.791111 -0.611672 0.000001
vn 0.791111 -0.611672 0.000001
vn 0.791111 -0.611672 0.000001
vn 0.791111 -0.611672 0.000001
vn -0.196397 0.163177 -0.966851
vn -0.196397 0.163177 -0.966851
vn -0.196397 0.163177 -0.966851
vn -0.196397 0.163177 -0.966851
vn 0.581330 0.813668 -0.000000
vn 0.581330 0.813668 -0.000000
vn 0.581330 0.813668 -0.000000
vn 0.581330 0.813668 -0.000000
vn 0.096168 0.995365 0.000000
vn 0.000000 1.000000 0.000000
vn 0.000000 -0.000000 -1.000000
vn 0.098170 -0.000000 -0.995170
vn -0.000000 0.000000 1.000000
vn 0.000000 1.000000 0.000000
vn 0.096168 0.995365 0.000000
vn 0.098170 0.000000 0.995170
vn 0.096168 -0.995365 0.000000
vn -0.000000 -1.000000 0.000000
vn -0.000000 0.000000 1.000000
vn 0.098170 0.000000 0.995170
vn 0.000000 -0.000000 -1.000000
vn -0.000000 -1.000000 0.000000
vn 0.096168 -0.995365 0.000000
vn 0.098170 -0.000000 -0.995170
vn -0.767551 0.640988 -0.000000
vn -0.767551 0.640988 -0.000000
vn -0.786321 0.617818 -0.000000
vn -0.786321 0.617818 -0.000000
vn 0.764682 -0.644408 0.000000
vn 0.749880 -0.661574 0.000000
vn 0.749880 -0.661574 0.000000
vn 0.764682 -0.644408 0.000000
vn -0.917769 0.397115 -0.000000
vn -0.991742 0.128249 -0.000000
vn -0.991742 0.128249 -0.000000
vn -0.917769 0.397115 -0.000000
vn 0.999420 -0.034056 0.000000
vn 0.999420 -0.034056 0.000000
vn 0.922492 -0.386016 0.000000
vn 0.922492 -0.386016 0.000000
vn -0.506994 -0.861949 -0.000000
vn -0.506994 -0.861949 -0.000000
vn -0.506994 -0.861949 -0.000000
vn -0.506994 -0.861949 -0.000000
vn 0.592144 0.805832 0.000000
vn 0.592144 0.805832 0.000000
vn 0.592144 0.805832 0.000000
vn 0.592144 0.805832 0.000000
vn 0.423565 -0.905866 0.000000
vn 0.423565 -0.905866 0.000000
vn 0.423565 -0.905866 0.000000
vn 0.423565 -0.905866 0.000000
vn -0.426956 0.904272 -0.000000
vn -0.426956 0.904272 -0.000000
vn -0.426956 0.904272 -0.000000
vn -0.426956 0.904272 -0.000000
vn 0.879796 -0.475351 0.000000
vn 0.879796 -0.475351 0.000000
vn 0.879796 -0.475351 0.000000
vn 0.879796 -0.475351 0.000000
vn -0.891215 0.453580 -0.000000
vn -0.891215 0.453580 -0.000000
vn -0.891215 0.453580 -0.000000
vn -0.891215 0.453580 -0.000000
vn -0.786321 0.617818 -0.000000
vn -0.917769 0.397115 -0.000000
vn -0.917769 0.397115 -0.000000
vn -0.786321 0.617818 -0.000000
vn 0.922492 -0.386016 0.000000
vn 0.922492 -0.386016 0.000000
vn 0.764682 -0.644408 0.000000
vn 0.764682 -0.644408 0.000000
s off
g SM_Lamp_Modern_01 spider_low002
usemtl base_lowSG
f 1146/1793/4395 1130/1780/4396 1131/1784/4397 1149/1789/4398
f 1131/1784/4399 1132/1828/4400 1148/1829/4401 1149/1789/4402
f 1148/1796/4403 1132/1795/4404 1133/1797/4405 1147/1799/4406
f 1146/1793/4407 1147/1799/4408 1133/1797/4409 1130/1780/4410
f 1134/1798/4411 1135/1802/4412 1138/1818/4413
f 1135/1791/4414 1139/1792/4415 1138/1794/4416
f 1135/1803/4417 1136/1807/4418 1139/1820/4419
f 1136/1786/4420 1137/1787/4421 1140/1788/4422 1139/1790/4423
f 1137/1804/4424 1141/1805/4425 1140/1806/4426
f 1141/1785/4427 1137/1781/4428 1134/1782/4429 1138/1783/4430
f 1138/1812/4431 1139/1813/4432 1143/1814/4433 1142/1815/4434
f 1139/1825/4435 1140/1817/4436 1144/1819/4437 1143/1826/4438
f 1145/1808/4439 1144/1809/4440 1140/1806/4441 1141/1805/4442
f 1145/1822/4443 1141/1821/4444 1138/1824/4445 1142/1827/4446
f 1143/1810/4447 1144/1809/4448 1145/1808/4449 1142/1811/4450
f 1149/1789/4451 1135/1800/4452 1134/1801/4453 1146/1793/4454
f 1136/1831/4455 1135/1800/4456 1149/1789/4457 1148/1830/4458
f 1147/1799/4459 1137/1823/4460 1136/1816/4461 1148/1796/4462
f 1134/1801/4463 1137/1823/4464 1147/1799/4465 1146/1793/4466
f 1152/1838/4467 1151/1833/4468 1174/1834/4469 1177/1837/4470
f 1175/1836/4471 1150/1839/4472 1153/1832/4473 1176/1835/4474
f 1155/1856/4475 1159/1859/4476 1160/1860/4477 1156/1861/4478
f 1161/1858/4479 1158/1862/4480 1154/1863/4481 1157/1857/4482
f 1160/1846/4483 1159/1841/4484 1163/1842/4485 1164/1845/4486
f 1161/1840/4487 1165/1843/4488 1162/1844/4489 1158/1847/4490
f 1163/1842/4491 1167/1866/4492 1168/1867/4493 1164/1845/4494
f 1162/1844/4495 1165/1843/4496 1169/1864/4497 1166/1865/4498
f 1168/1854/4499 1167/1849/4500 1171/1850/4501 1172/1853/4502
f 1170/1852/4503 1166/1855/4504 1169/1848/4505 1173/1851/4506
f 1174/1834/4507 1155/1856/4508 1156/1861/4509 1177/1837/4510
f 1157/1857/4511 1154/1863/4512 1175/1836/4513 1176/1835/4514
g default
v -0.162874 50.026415 -0.891473
v 0.000000 50.186819 -0.891473
v 0.162874 50.026415 -0.891473
v 0.000000 49.866015 -0.891473
v -0.113396 50.026415 -10.108600
v 0.000002 50.138092 -10.108600
v 0.113399 50.026415 -10.108600
v 0.000002 49.914742 -10.108600
v -0.086866 50.132419 -10.320238
v 0.086869 50.132419 -10.320238
v 0.106561 50.027227 -10.353111
v -0.106557 50.027227 -10.353111
v -0.086866 50.464791 -10.619723
v 0.086869 50.464791 -10.619723
v 0.106561 50.431791 -10.665912
v -0.106557 50.431791 -10.665912
v -0.113398 50.026415 -0.970049
v 0.000000 49.914743 -0.970050
v 0.113398 50.026415 -0.970050
v 0.000000 50.138092 -0.970050
v -0.047525 50.503086 -10.619694
v -0.047525 50.534297 -10.619552
v 0.047529 50.534297 -10.619552
v 0.047529 50.503086 -10.619694
v -0.047525 50.251553 -10.402981
v -0.047525 50.252512 -10.391889
v 0.047529 50.252512 -10.391889
v 0.047529 50.251553 -10.402981
v -0.047525 50.173835 -10.400333
v -0.047525 50.167833 -10.380938
v 0.047529 50.167833 -10.380938
v 0.047529 50.173835 -10.400333
v -0.047525 50.139787 -10.446674
v -0.047525 50.129724 -10.445737
v 0.047529 50.129724 -10.445737
v 0.047529 50.139787 -10.446674
v -0.047525 50.170576 -10.511891
v -0.047525 50.163865 -10.518753
v 0.047529 50.163865 -10.518753
v 0.047529 50.170576 -10.511891
v -0.047525 50.428630 -10.643228
v -0.047525 50.430140 -10.662621
v 0.047529 50.430140 -10.662621
v 0.047529 50.428630 -10.643228
v -0.047525 50.330022 -10.448962
v -0.047525 50.317317 -10.455802
v 0.047529 50.317317 -10.455802
v 0.047529 50.330022 -10.448962
vt 0.111082 0.992181
vt 0.419446 0.574432
vt 0.419225 0.565631
vt 0.422623 0.560668
vt 0.111082 0.993239
vt 0.423067 0.566553
vt 0.129948 0.978707
vt 0.121185 0.978591
vt 0.129002 0.974892
vt 0.111490 0.993239
vt 0.134931 0.975295
vt 0.030975 0.565470
vt 0.030258 0.570274
vt 0.111490 0.992181
vt 0.030258 0.560668
vt 0.111082 0.990047
vt 0.111490 0.990047
vt 0.111082 0.991105
vt 0.272731 0.993795
vt 0.111490 0.991105
vt 0.159009 0.993239
vt 0.159009 0.992181
vt 0.272805 0.984995
vt 0.272731 0.973589
vt 0.055515 0.748354
vt 0.061834 0.742522
vt 0.061723 0.754305
vt 0.272731 0.964789
vt 0.084223 0.742734
vt 0.084112 0.754517
vt 0.085952 0.753445
vt 0.086043 0.743840
vt 0.065122 0.786179
vt 0.055515 0.786179
vt 0.055515 0.767780
vt 0.065122 0.767780
vt 0.159009 0.990047
vt 0.055515 0.948581
vt 0.275986 0.988664
vt 0.055527 0.926193
vt 0.275943 0.969947
vt 0.030302 0.676853
vt 0.030258 0.699241
vt 0.159009 0.991105
vt 0.031434 0.682662
vt 0.056657 0.942775
vt 0.056645 0.924377
vt 0.031364 0.701061
vt 0.111082 0.994315
vt 0.111490 0.994315
vt 0.111490 0.994315
vt 0.159009 0.994315
vt 0.101966 0.737471
vt 0.076649 0.945562
vt 0.073316 0.945562
vt 0.101966 0.740528
vt 0.100979 0.740528
vt 0.073316 0.944583
vt 0.076649 0.944583
vt 0.100979 0.737471
vt 0.641492 0.540461
vt 0.416267 0.697970
vt 0.415282 0.697970
vt 0.642201 0.540461
vt 0.642201 0.541380
vt 0.415282 0.697059
vt 0.416267 0.697059
vt 0.641492 0.541380
vt 0.474792 0.559729
vt 0.489946 0.544760
vt 0.489946 0.540461
vt 0.474792 0.555616
vt 0.475643 0.555616
vt 0.490799 0.540461
vt 0.490799 0.544760
vt 0.475643 0.559729
vt 0.072051 0.945562
vt 0.101966 0.741610
vt 0.101966 0.742888
vt 0.070670 0.945562
vt 0.070670 0.944583
vt 0.072051 0.944583
vt 0.100979 0.742888
vt 0.100979 0.741610
vt 0.643200 0.540461
vt 0.643200 0.541380
vt 0.414173 0.697970
vt 0.414173 0.697059
vn -0.995170 -0.000000 -0.098170
vn -0.846224 0.000000 -0.532828
vn 0.000001 0.849870 -0.526993
vn 0.000000 0.995365 -0.096168
vn 0.000001 0.849870 -0.526993
vn 0.846224 0.000000 -0.532827
vn 0.995170 0.000000 -0.098170
vn 0.000000 0.995365 -0.096168
vn 0.995170 0.000000 -0.098170
vn 0.846224 0.000000 -0.532827
vn 0.000001 -0.849870 -0.526993
vn 0.000000 -0.995365 -0.096168
vn -0.995170 -0.000000 -0.098170
vn 0.000000 -0.995365 -0.096168
vn 0.000001 -0.849870 -0.526993
vn -0.846224 0.000000 -0.532828
vn -0.677601 0.688054 0.259688
vn -0.677601 0.688054 0.259688
vn -0.677601 0.688054 0.259688
vn 0.000000 0.999641 -0.026785
vn 0.000000 0.999641 -0.026785
vn 0.000000 0.999641 -0.026785
vn 0.677601 0.688054 0.259688
vn 0.677601 0.688054 0.259688
vn 0.677601 0.688054 0.259688
vn 0.919120 -0.393051 -0.027014
vn 0.919120 -0.393051 -0.027014
vn 0.919120 -0.393051 -0.027014
vn 0.919120 -0.393051 -0.027014
vn 0.000002 -0.908472 -0.417945
vn 0.000002 -0.908472 -0.417945
vn 0.000002 -0.908472 -0.417945
vn -0.919120 -0.393051 -0.027014
vn -0.919120 -0.393051 -0.027014
vn -0.919120 -0.393051 -0.027014
vn -0.919120 -0.393051 -0.027014
vn -0.000000 0.669397 0.742904
vn -0.000000 0.669397 0.742904
vn -0.000000 0.669397 0.742904
vn -0.000000 0.669397 0.742904
vn 0.966851 0.163178 0.196398
vn 0.966851 0.163178 0.196398
vn 0.966851 0.163178 0.196398
vn 0.966851 0.163178 0.196398
vn 0.000001 -0.611672 -0.791111
vn 0.000001 -0.611672 -0.791111
vn 0.000001 -0.611672 -0.791111
vn 0.000001 -0.611672 -0.791111
vn -0.966851 0.163177 0.196397
vn -0.966851 0.163177 0.196397
vn -0.966851 0.163177 0.196397
vn -0.966851 0.163177 0.196397
vn -0.000000 0.813668 -0.581330
vn -0.000000 0.813668 -0.581330
vn -0.000000 0.813668 -0.581330
vn -0.000000 0.813668 -0.581330
vn 0.000000 0.995365 -0.096168
vn 0.000000 1.000000 -0.000000
vn -1.000000 -0.000000 -0.000000
vn -0.995170 -0.000000 -0.098170
vn 1.000000 0.000000 0.000000
vn 0.000000 1.000000 -0.000000
vn 0.000000 0.995365 -0.096168
vn 0.995170 0.000000 -0.098170
vn 0.000000 -0.995365 -0.096168
vn 0.000000 -1.000000 0.000000
vn 1.000000 0.000000 0.000000
vn 0.995170 0.000000 -0.098170
vn -1.000000 -0.000000 -0.000000
vn 0.000000 -1.000000 0.000000
vn 0.000000 -0.995365 -0.096168
vn -0.995170 -0.000000 -0.098170
vn -0.000000 0.640988 0.767551
vn -0.000000 0.640988 0.767551
vn -0.000000 0.617818 0.786321
vn -0.000000 0.617818 0.786321
vn 0.000000 -0.644408 -0.764682
vn 0.000000 -0.661574 -0.749880
vn 0.000000 -0.661574 -0.749880
vn 0.000000 -0.644408 -0.764682
vn -0.000000 0.397115 0.917769
vn -0.000000 0.128249 0.991742
vn -0.000000 0.128249 0.991742
vn -0.000000 0.397115 0.917769
vn 0.000000 -0.034056 -0.999420
vn 0.000000 -0.034056 -0.999420
vn 0.000000 -0.386016 -0.922492
vn 0.000000 -0.386016 -0.922492
vn -0.000000 -0.861949 0.506994
vn -0.000000 -0.861949 0.506994
vn -0.000000 -0.861949 0.506994
vn -0.000000 -0.861949 0.506994
vn 0.000000 0.805832 -0.592144
vn 0.000000 0.805832 -0.592144
vn 0.000000 0.805832 -0.592144
vn 0.000000 0.805832 -0.592144
vn 0.000000 -0.905866 -0.423565
vn 0.000000 -0.905866 -0.423565
vn 0.000000 -0.905866 -0.423565
vn 0.000000 -0.905866 -0.423565
vn -0.000000 0.904272 0.426956
vn -0.000000 0.904272 0.426956
vn -0.000000 0.904272 0.426956
vn -0.000000 0.904272 0.426956
vn 0.000000 -0.475351 -0.879796
vn 0.000000 -0.475351 -0.879796
vn 0.000000 -0.475351 -0.879796
vn 0.000000 -0.475351 -0.879796
vn -0.000000 0.453580 0.891215
vn -0.000000 0.453580 0.891215
vn -0.000000 0.453580 0.891215
vn -0.000000 0.453580 0.891215
vn -0.000000 0.617818 0.786321
vn -0.000000 0.397115 0.917769
vn -0.000000 0.397115 0.917769
vn -0.000000 0.617818 0.786321
vn 0.000000 -0.386016 -0.922492
vn 0.000000 -0.386016 -0.922492
vn 0.000000 -0.644408 -0.764682
vn 0.000000 -0.644408 -0.764682
s off
g SM_Lamp_Modern_01 spider_low001
usemtl base_lowSG
f 1194/1881/4515 1178/1868/4516 1179/1872/4517 1197/1877/4518
f 1179/1872/4519 1180/1916/4520 1196/1917/4521 1197/1877/4522
f 1196/1884/4523 1180/1883/4524 1181/1885/4525 1195/1887/4526
f 1194/1881/4527 1195/1887/4528 1181/1885/4529 1178/1868/4530
f 1182/1886/4531 1183/1890/4532 1186/1906/4533
f 1183/1879/4534 1187/1880/4535 1186/1882/4536
f 1183/1891/4537 1184/1895/4538 1187/1908/4539
f 1184/1874/4540 1185/1875/4541 1188/1876/4542 1187/1878/4543
f 1185/1892/4544 1189/1893/4545 1188/1894/4546
f 1189/1873/4547 1185/1869/4548 1182/1870/4549 1186/1871/4550
f 1186/1900/4551 1187/1901/4552 1191/1902/4553 1190/1903/4554
f 1187/1913/4555 1188/1905/4556 1192/1907/4557 1191/1914/4558
f 1193/1896/4559 1192/1897/4560 1188/1894/4561 1189/1893/4562
f 1193/1910/4563 1189/1909/4564 1186/1912/4565 1190/1915/4566
f 1191/1898/4567 1192/1897/4568 1193/1896/4569 1190/1899/4570
f 1197/1877/4571 1183/1888/4572 1182/1889/4573 1194/1881/4574
f 1184/1919/4575 1183/1888/4576 1197/1877/4577 1196/1918/4578
f 1195/1887/4579 1185/1911/4580 1184/1904/4581 1196/1884/4582
f 1182/1889/4583 1185/1911/4584 1195/1887/4585 1194/1881/4586
f 1200/1926/4587 1199/1921/4588 1222/1922/4589 1225/1925/4590
f 1223/1924/4591 1198/1927/4592 1201/1920/4593 1224/1923/4594
f 1203/1944/4595 1207/1947/4596 1208/1948/4597 1204/1949/4598
f 1209/1946/4599 1206/1950/4600 1202/1951/4601 1205/1945/4602
f 1208/1934/4603 1207/1929/4604 1211/1930/4605 1212/1933/4606
f 1209/1928/4607 1213/1931/4608 1210/1932/4609 1206/1935/4610
f 1211/1930/4611 1215/1954/4612 1216/1955/4613 1212/1933/4614
f 1210/1932/4615 1213/1931/4616 1217/1952/4617 1214/1953/4618
f 1216/1942/4619 1215/1937/4620 1219/1938/4621 1220/1941/4622
f 1218/1940/4623 1214/1943/4624 1217/1936/4625 1221/1939/4626
f 1222/1922/4627 1203/1944/4628 1204/1949/4629 1225/1925/4630
f 1205/1945/4631 1202/1951/4632 1223/1924/4633 1224/1923/4634
g default
v -1.508240 49.520160 0.120554
v -1.503375 49.506892 -0.112896
v -1.579960 49.715724 -0.007658
v -2.210067 48.924979 0.120554
v -2.200824 48.915423 -0.112896
v -2.346313 49.065825 -0.007658
v -2.686254 48.399848 0.120554
v -2.675643 48.391803 -0.112896
v -2.842689 48.518428 -0.007658
v -3.179529 47.614276 0.120554
v -3.167632 47.608279 -0.112896
v -3.354915 47.702678 -0.007658
v -3.540542 46.691890 0.120554
v -3.527609 46.688540 -0.112896
v -3.731191 46.741294 -0.007658
v -3.673479 45.706203 0.120554
v -3.660169 45.705649 -0.112896
v -3.869691 45.714355 -0.007658
v -3.620879 44.675853 0.120554
v -3.607684 44.677566 -0.112896
v -3.815387 44.650615 -0.007658
v -3.421824 43.728282 0.120554
v -3.409036 43.731925 -0.112896
v -3.610352 43.674571 -0.007658
v -3.093451 42.823081 0.120554
v -3.081210 42.828235 -0.112896
v -3.273904 42.747119 -0.007658
v -2.708300 42.023498 0.120554
v -2.696498 42.029563 -0.112896
v -2.882284 41.934104 -0.007658
v -2.255488 41.195399 0.120554
v -2.243351 41.200850 -0.112896
v -2.434417 41.115047 -0.007658
v -2.162995 40.937037 0.120554
v -2.149873 40.939738 -0.112896
v -2.356438 40.897231 -0.007658
v -2.145094 40.649299 0.120554
v -2.131830 40.649718 -0.112896
v -2.340630 40.643119 -0.007658
v -2.140663 36.509822 0.120554
v -2.127398 36.509833 -0.112896
v -2.336204 36.509612 -0.007659
v -2.334085 36.508006 0.180096
v -2.126128 36.509288 0.180133
v -2.022102 36.510570 0.000019
v -2.126112 36.510570 -0.180132
v -2.334109 36.509288 -0.180099
v -2.438054 36.508006 0.000015
v -2.334085 35.993663 0.180096
v -2.126128 35.994945 0.180133
v -2.022102 35.996226 0.000019
v -2.126112 35.996226 -0.180132
v -2.334109 35.994945 -0.180099
v -2.438054 35.993663 0.000015
v -2.230098 35.994945 0.000005
v -0.032959 49.506381 -0.112896
v 1.442322 49.520160 0.120554
v 2.144148 48.924979 0.120554
v 2.134906 48.915423 -0.112896
v 1.437457 49.506892 -0.112896
v 2.280395 49.065825 -0.007658
v 1.514042 49.715724 -0.007658
v 2.620336 48.399848 0.120554
v 2.609725 48.391803 -0.112896
v 2.776771 48.518428 -0.007658
v 3.113611 47.614276 0.120554
v 3.101714 47.608279 -0.112896
v 3.288997 47.702678 -0.007658
v 3.474624 46.691890 0.120554
v 3.461691 46.688540 -0.112896
v 3.665273 46.741294 -0.007658
v 3.607561 45.706203 0.120554
v 3.594251 45.705649 -0.112896
v 3.803773 45.714355 -0.007658
v 3.554961 44.675853 0.120554
v 3.541767 44.677566 -0.112896
v 3.749469 44.650615 -0.007658
v 3.355906 43.728282 0.120554
v 3.343118 43.731925 -0.112896
v 3.544434 43.674571 -0.007658
v 3.027533 42.823085 0.120554
v 3.015292 42.828235 -0.112896
v 3.207986 42.747119 -0.007658
v 2.642382 42.023498 0.120554
v 2.630580 42.029563 -0.112896
v 2.816366 41.934104 -0.007658
v 2.189570 41.195399 0.120554
v 2.177433 41.200850 -0.112896
v 2.368498 41.115047 -0.007658
v 2.097077 40.937037 0.120554
v 2.083955 40.939738 -0.112896
v 2.290520 40.897231 -0.007658
v 2.079176 40.649299 0.120554
v 2.065912 40.649718 -0.112896
v 2.274712 40.643119 -0.007658
v 2.074745 36.509822 0.120554
v 2.061480 36.509833 -0.112896
v 2.270286 36.509612 -0.007659
v 2.268167 36.508006 0.180096
v 2.060210 36.509288 0.180133
v 1.956184 36.510570 0.000019
v 2.060194 36.510570 -0.180132
v 2.268191 36.509288 -0.180099
v 2.372137 36.508006 0.000015
v 2.268167 35.993663 0.180096
v 2.060210 35.994945 0.180133
v 1.956184 35.996226 0.000019
v 2.060194 35.996226 -0.180132
v 2.268191 35.994945 -0.180099
v 2.372137 35.993663 0.000015
v 2.164180 35.994945 0.000005
v -0.032959 49.519649 0.120554
v -0.032959 49.715190 -0.007658
vt 0.761560 0.556540
vt 0.758582 0.556540
vt 0.755604 0.556540
vt 0.752625 0.556540
vt 0.761560 0.566510
vt 0.758582 0.566510
vt 0.755604 0.566510
vt 0.752625 0.566510
vt 0.761560 0.574076
vt 0.758582 0.574076
vt 0.755604 0.574076
vt 0.752625 0.574076
vt 0.761560 0.583963
vt 0.758582 0.583963
vt 0.755604 0.583963
vt 0.752625 0.583963
vt 0.761560 0.594533
vt 0.758582 0.594533
vt 0.755604 0.594533
vt 0.752625 0.594533
vt 0.761560 0.605146
vt 0.758582 0.605146
vt 0.755604 0.605146
vt 0.752625 0.605146
vt 0.761560 0.616123
vt 0.758582 0.616123
vt 0.755604 0.616123
vt 0.752625 0.616123
vt 0.761560 0.626417
vt 0.758582 0.626417
vt 0.755604 0.626417
vt 0.752625 0.626417
vt 0.761560 0.636637
vt 0.758582 0.636637
vt 0.755604 0.636637
vt 0.752625 0.636637
vt 0.761560 0.646034
vt 0.758582 0.646034
vt 0.755604 0.646034
vt 0.752625 0.646034
vt 0.761560 0.655942
vt 0.758582 0.655942
vt 0.755604 0.655942
vt 0.752625 0.655942
vt 0.761560 0.658692
vt 0.758582 0.658692
vt 0.755604 0.658692
vt 0.752625 0.658692
vt 0.761560 0.661619
vt 0.758582 0.661619
vt 0.755604 0.661619
vt 0.752625 0.661619
vt 0.761560 0.705201
vt 0.758582 0.705201
vt 0.755604 0.705201
vt 0.752625 0.705201
vt 0.476744 0.540461
vt 0.478697 0.541589
vt 0.478697 0.543843
vt 0.476744 0.542715
vt 0.293474 0.717265
vt 0.295478 0.717265
vt 0.347323 0.876000
vt 0.345060 0.874860
vt 0.474792 0.543843
vt 0.474792 0.541588
vt 0.289156 0.717265
vt 0.291470 0.717265
vt 0.295478 0.722988
vt 0.282834 0.717265
vt 0.285148 0.717265
vt 0.346834 0.873862
vt 0.291470 0.722988
vt 0.289156 0.722988
vt 0.347962 0.875814
vt 0.285148 0.722988
vt 0.282834 0.722988
vt 0.346834 0.877766
vt 0.345203 0.877390
vt 0.344579 0.877766
vt 0.293474 0.722988
vt 0.287152 0.717265
vt 0.287152 0.722988
vt 0.343452 0.875814
vt 0.344579 0.873862
vt 0.476744 0.544971
vt 0.761560 0.540770
vt 0.752625 0.540770
vt 0.758582 0.540771
vt 0.755604 0.540757
vt 0.761560 0.556540
vt 0.761560 0.566510
vt 0.758582 0.566510
vt 0.758582 0.556540
vt 0.755604 0.566510
vt 0.755604 0.556540
vt 0.752625 0.566510
vt 0.752625 0.556540
vt 0.761560 0.574076
vt 0.758582 0.574076
vt 0.755604 0.574076
vt 0.752625 0.574076
vt 0.761560 0.583963
vt 0.758582 0.583963
vt 0.755604 0.583963
vt 0.752625 0.583963
vt 0.761560 0.594533
vt 0.758582 0.594533
vt 0.755604 0.594533
vt 0.752625 0.594533
vt 0.761560 0.605146
vt 0.758582 0.605146
vt 0.755604 0.605146
vt 0.752625 0.605146
vt 0.761560 0.616123
vt 0.758582 0.616123
vt 0.755604 0.616123
vt 0.752625 0.616123
vt 0.761560 0.626417
vt 0.758582 0.626417
vt 0.755604 0.626417
vt 0.752625 0.626417
vt 0.761560 0.636637
vt 0.758582 0.636637
vt 0.755604 0.636637
vt 0.752625 0.636637
vt 0.761560 0.646034
vt 0.758582 0.646034
vt 0.755604 0.646034
vt 0.752625 0.646034
vt 0.761560 0.655942
vt 0.758582 0.655942
vt 0.755604 0.655942
vt 0.752625 0.655942
vt 0.761560 0.658692
vt 0.758582 0.658692
vt 0.755604 0.658692
vt 0.752625 0.658692
vt 0.761560 0.661619
vt 0.758582 0.661619
vt 0.755604 0.661619
vt 0.752625 0.661619
vt 0.761560 0.705201
vt 0.758582 0.705201
vt 0.755604 0.705201
vt 0.752625 0.705201
vt 0.347323 0.876000
vt 0.345060 0.874860
vt 0.346834 0.873862
vt 0.347962 0.875814
vt 0.346834 0.877766
vt 0.345203 0.877390
vt 0.344579 0.877766
vt 0.343452 0.875814
vt 0.344579 0.873862
vt 0.282834 0.717265
vt 0.285148 0.717265
vt 0.285148 0.722988
vt 0.282834 0.722988
vt 0.293474 0.717265
vt 0.295478 0.717265
vt 0.295478 0.722988
vt 0.293474 0.722988
vt 0.291470 0.717265
vt 0.291470 0.722988
vt 0.289156 0.717265
vt 0.289156 0.722988
vt 0.287152 0.717265
vt 0.287152 0.722988
vt 0.476744 0.540461
vt 0.478697 0.541589
vt 0.478697 0.543843
vt 0.476744 0.542715
vt 0.474792 0.543843
vt 0.474792 0.541588
vt 0.476744 0.544971
vt 0.761560 0.540770
vt 0.758582 0.540771
vt 0.755604 0.540757
vt 0.752625 0.540770
vn 0.645741 -0.761446 0.056728
vn 0.694148 -0.717584 0.056849
vn 0.694148 -0.717584 0.056849
vn 0.645741 -0.761446 0.056728
vn -0.312385 0.322932 -0.893382
vn -0.147251 0.401520 -0.903935
vn -0.147252 0.401520 -0.903935
vn -0.312385 0.322932 -0.893382
vn -0.380662 0.393515 0.836805
vn -0.380662 0.393515 0.836805
vn -0.180480 0.492124 0.851611
vn -0.180479 0.492124 0.851611
vn 0.694148 -0.717584 0.056849
vn 0.694148 -0.717584 0.056849
vn 0.795621 -0.603112 0.056947
vn 0.795621 -0.603112 0.056947
vn -0.357559 0.271044 -0.893693
vn -0.357559 0.271044 -0.893693
vn -0.312385 0.322932 -0.893382
vn -0.312385 0.322932 -0.893382
vn -0.435783 0.330341 0.837238
vn -0.380662 0.393515 0.836805
vn -0.380662 0.393515 0.836805
vn -0.435784 0.330341 0.837238
vn 0.795621 -0.603112 0.056947
vn 0.795621 -0.603112 0.056947
vn 0.891527 -0.449370 0.056978
vn 0.891527 -0.449370 0.056978
vn -0.400489 0.201865 -0.893790
vn -0.400489 0.201864 -0.893789
vn -0.357559 0.271044 -0.893693
vn -0.357559 0.271044 -0.893693
vn -0.488131 0.246040 0.837372
vn -0.435783 0.330341 0.837238
vn -0.435784 0.330341 0.837238
vn -0.488131 0.246040 0.837372
vn 0.891527 -0.449370 0.056978
vn 0.891527 -0.449370 0.056978
vn 0.966444 -0.250442 0.057134
vn 0.966444 -0.250442 0.057134
vn -0.433193 0.112257 -0.894283
vn -0.433193 0.112257 -0.894283
vn -0.400489 0.201864 -0.893789
vn -0.400489 0.201865 -0.893790
vn -0.528134 0.136859 0.838059
vn -0.488131 0.246040 0.837372
vn -0.488131 0.246040 0.837372
vn -0.528134 0.136859 0.838059
vn 0.966444 -0.250442 0.057134
vn 0.966444 -0.250442 0.057134
vn 0.997515 -0.041447 0.056971
vn 0.997515 -0.041447 0.056971
vn -0.448143 0.018620 -0.893768
vn -0.433193 0.112257 -0.894283
vn -0.433193 0.112257 -0.894283
vn -0.448143 0.018620 -0.893768
vn -0.546208 0.022695 0.837342
vn -0.546208 0.022695 0.837342
vn -0.528134 0.136859 0.838059
vn -0.528134 0.136859 0.838059
vn 0.997515 -0.041447 0.056971
vn 0.990080 0.128465 0.056901
vn 0.990080 0.128465 0.056900
vn 0.997515 -0.041447 0.056971
vn -0.448143 0.018620 -0.893768
vn -0.445242 -0.057771 -0.893545
vn -0.445242 -0.057771 -0.893545
vn -0.448143 0.018620 -0.893768
vn -0.542606 -0.070405 0.837032
vn -0.542606 -0.070404 0.837032
vn -0.546208 0.022695 0.837342
vn -0.546208 0.022695 0.837342
vn 0.990080 0.128465 0.056901
vn 0.960179 0.273537 0.056869
vn 0.960179 0.273537 0.056869
vn 0.990080 0.128465 0.056900
vn -0.445242 -0.057771 -0.893545
vn -0.431988 -0.123065 -0.893444
vn -0.431988 -0.123065 -0.893444
vn -0.445242 -0.057771 -0.893545
vn -0.526425 -0.149968 0.836891
vn -0.526425 -0.149968 0.836891
vn -0.542606 -0.070404 0.837032
vn -0.542606 -0.070405 0.837032
vn 0.960179 0.273537 0.056869
vn 0.920177 0.387360 0.056800
vn 0.920177 0.387360 0.056800
vn 0.960179 0.273537 0.056869
vn -0.431988 -0.123065 -0.893444
vn -0.414390 -0.174443 -0.893225
vn -0.414390 -0.174443 -0.893225
vn -0.431988 -0.123065 -0.893444
vn -0.526425 -0.149968 0.836891
vn -0.526425 -0.149968 0.836891
vn -0.504920 -0.212553 0.836587
vn -0.504920 -0.212553 0.836587
vn 0.920177 0.387360 0.056800
vn 0.888024 0.456283 0.056747
vn 0.888024 0.456283 0.056747
vn 0.920177 0.387360 0.056800
vn -0.414390 -0.174443 -0.893225
vn -0.400209 -0.205635 -0.893055
vn -0.400209 -0.205635 -0.893055
vn -0.414390 -0.174443 -0.893225
vn -0.504920 -0.212553 0.836587
vn -0.504920 -0.212553 0.836587
vn -0.487596 -0.250536 0.836350
vn -0.487596 -0.250536 0.836350
vn 0.888024 0.456283 0.056747
vn 0.910758 0.409001 0.056902
vn 0.910758 0.409001 0.056902
vn 0.888024 0.456283 0.056747
vn -0.400209 -0.205635 -0.893055
vn -0.409563 -0.183926 -0.893549
vn -0.409563 -0.183926 -0.893549
vn -0.400209 -0.205635 -0.893055
vn -0.487596 -0.250536 0.836350
vn -0.487596 -0.250536 0.836350
vn -0.499126 -0.224146 0.837037
vn -0.499126 -0.224146 0.837037
vn 0.910758 0.409001 0.056902
vn 0.977866 0.201236 0.057293
vn 0.977866 0.201236 0.057293
vn 0.910758 0.409001 0.056902
vn -0.409563 -0.183926 -0.893549
vn -0.437339 -0.090000 -0.894782
vn -0.437339 -0.090000 -0.894782
vn -0.409563 -0.183926 -0.893549
vn -0.499126 -0.224146 0.837037
vn -0.499126 -0.224146 0.837037
vn -0.533333 -0.109755 0.838755
vn -0.533333 -0.109755 0.838755
vn 0.977866 0.201236 0.057293
vn 0.997890 0.031545 0.056754
vn 0.997890 0.031545 0.056754
vn 0.977866 0.201236 0.057293
vn -0.437339 -0.090000 -0.894782
vn -0.437339 -0.090000 -0.894782
vn -0.449675 -0.014215 -0.893079
vn -0.449675 -0.014215 -0.893079
vn -0.547870 -0.017319 0.836384
vn -0.533333 -0.109755 0.838755
vn -0.533333 -0.109755 0.838755
vn -0.547870 -0.017319 0.836384
vn 0.997890 0.031545 0.056754
vn 0.998389 0.001069 0.056728
vn 0.998389 0.001069 0.056728
vn 0.997890 0.031545 0.056754
vn -0.449675 -0.014215 -0.893079
vn -0.449675 -0.014215 -0.893079
vn -0.450067 -0.000482 -0.892995
vn -0.450067 -0.000482 -0.892995
vn -0.548322 -0.000587 0.836267
vn -0.547870 -0.017319 0.836384
vn -0.547870 -0.017319 0.836384
vn -0.548322 -0.000587 0.836267
vn -0.006581 0.999937 0.009084
vn -0.006581 0.999937 0.009084
vn -0.006581 0.999937 0.009084
vn -0.006581 0.999937 0.009084
vn 0.002197 0.999962 0.008396
vn 0.002197 0.999962 0.008396
vn -0.009203 0.999956 0.002054
vn -0.009203 0.999956 0.002054
vn -0.009203 0.999956 0.002054
vn -0.009203 0.999956 0.002054
vn -0.009203 0.999956 0.002054
vn -0.006169 0.999922 0.010846
vn -0.006169 0.999922 0.010846
vn -0.006595 0.999976 -0.001955
vn -0.006595 0.999976 -0.001955
vn -0.006595 0.999976 -0.001955
vn -0.006595 0.999976 -0.001955
vn -0.006595 0.999976 -0.001955
vn -0.015100 0.999848 0.008718
vn -0.015100 0.999848 0.008718
vn -0.015100 0.999848 0.008718
vn 0.497890 0.000000 0.867240
vn 0.501817 0.000000 0.864974
vn -0.499099 0.000000 0.866545
vn -0.501060 0.000000 0.865412
vn 0.999999 0.000000 0.001209
vn 0.999999 0.000000 -0.001060
vn 0.501817 0.000000 0.864974
vn 0.497890 0.000000 0.867240
vn 0.498952 -0.000000 -0.866630
vn 0.500917 -0.000000 -0.865495
vn 0.999999 0.000000 -0.001060
vn 0.999999 0.000000 0.001209
vn 0.498952 -0.000000 -0.866630
vn -0.502107 0.000000 -0.864806
vn -0.498181 0.000000 -0.867073
vn 0.500917 -0.000000 -0.865495
vn -0.999999 0.000000 -0.001040
vn -0.498181 0.000000 -0.867073
vn -0.502107 0.000000 -0.864806
vn -0.999999 0.000000 0.001225
vn -0.499099 0.000000 0.866545
vn -0.999999 0.000000 -0.001040
vn -0.999999 0.000000 0.001225
vn -0.501060 0.000000 0.865412
vn 0.006164 -0.999975 -0.003558
vn 0.006164 -0.999975 -0.003558
vn 0.006172 -0.999975 -0.003563
vn 0.006172 -0.999975 -0.003563
vn 0.006164 -0.999975 -0.003558
vn 0.006164 -0.999975 -0.003558
vn 0.006164 -0.999975 -0.003558
vn 0.006172 -0.999975 -0.003563
vn 0.006172 -0.999975 -0.003563
vn 0.006172 -0.999975 -0.003563
vn 0.006167 -0.999975 -0.003561
vn 0.006167 -0.999975 -0.003561
vn 0.006167 -0.999975 -0.003561
vn 0.006167 -0.999975 -0.003561
vn -0.000000 -0.998390 0.056729
vn -0.000347 -0.998390 0.056729
vn -0.000347 -0.998390 0.056729
vn -0.000000 -0.998390 0.056729
vn -0.147252 0.401520 -0.903935
vn -0.147251 0.401520 -0.903935
vn 0.000000 0.450067 -0.892995
vn 0.000000 0.450066 -0.892995
vn 0.000000 0.548322 0.836267
vn -0.180479 0.492124 0.851611
vn -0.180480 0.492124 0.851611
vn 0.000000 0.548322 0.836267
vn -0.645741 -0.761446 0.056729
vn -0.645741 -0.761446 0.056729
vn -0.694148 -0.717584 0.056849
vn -0.694148 -0.717584 0.056849
vn 0.147252 0.401520 -0.903935
vn 0.147251 0.401520 -0.903935
vn 0.312385 0.322932 -0.893382
vn 0.312385 0.322932 -0.893382
vn 0.180480 0.492124 0.851611
vn 0.380662 0.393515 0.836805
vn 0.380663 0.393515 0.836805
vn 0.180479 0.492124 0.851611
vn -0.795621 -0.603112 0.056946
vn -0.694148 -0.717584 0.056849
vn -0.694148 -0.717584 0.056849
vn -0.795621 -0.603112 0.056946
vn 0.357559 0.271044 -0.893693
vn 0.312385 0.322932 -0.893382
vn 0.312385 0.322932 -0.893382
vn 0.357559 0.271044 -0.893693
vn 0.435783 0.330341 0.837238
vn 0.435784 0.330341 0.837238
vn 0.380663 0.393515 0.836805
vn 0.380662 0.393515 0.836805
vn -0.891527 -0.449370 0.056977
vn -0.795621 -0.603112 0.056946
vn -0.795621 -0.603112 0.056946
vn -0.891527 -0.449370 0.056977
vn 0.400489 0.201865 -0.893789
vn 0.357559 0.271044 -0.893693
vn 0.357559 0.271044 -0.893693
vn 0.400489 0.201865 -0.893789
vn 0.435784 0.330341 0.837238
vn 0.435783 0.330341 0.837238
vn 0.488131 0.246040 0.837372
vn 0.488131 0.246040 0.837372
vn -0.966444 -0.250442 0.057134
vn -0.891527 -0.449370 0.056977
vn -0.891527 -0.449370 0.056977
vn -0.966444 -0.250442 0.057134
vn 0.433193 0.112257 -0.894283
vn 0.400489 0.201865 -0.893789
vn 0.400489 0.201865 -0.893789
vn 0.433193 0.112257 -0.894283
vn 0.488131 0.246040 0.837372
vn 0.488131 0.246040 0.837372
vn 0.528134 0.136859 0.838059
vn 0.528134 0.136859 0.838059
vn -0.997515 -0.041447 0.056971
vn -0.966444 -0.250442 0.057134
vn -0.966444 -0.250442 0.057134
vn -0.997515 -0.041447 0.056971
vn 0.448143 0.018620 -0.893768
vn 0.448143 0.018620 -0.893768
vn 0.433193 0.112257 -0.894283
vn 0.433193 0.112257 -0.894283
vn 0.546208 0.022695 0.837342
vn 0.528134 0.136859 0.838059
vn 0.528134 0.136859 0.838059
vn 0.546208 0.022695 0.837342
vn -0.997515 -0.041447 0.056971
vn -0.997515 -0.041447 0.056971
vn -0.990080 0.128465 0.056900
vn -0.990080 0.128465 0.056900
vn 0.445242 -0.057771 -0.893545
vn 0.445242 -0.057771 -0.893545
vn 0.448143 0.018620 -0.893768
vn 0.448143 0.018620 -0.893768
vn 0.542605 -0.070404 0.837032
vn 0.546208 0.022695 0.837342
vn 0.546208 0.022695 0.837342
vn 0.542605 -0.070404 0.837032
vn -0.990080 0.128465 0.056900
vn -0.990080 0.128465 0.056900
vn -0.960179 0.273537 0.056868
vn -0.960179 0.273537 0.056868
vn 0.431988 -0.123065 -0.893444
vn 0.431988 -0.123065 -0.893444
vn 0.445242 -0.057771 -0.893545
vn 0.445242 -0.057771 -0.893545
vn 0.526424 -0.149968 0.836891
vn 0.542605 -0.070404 0.837032
vn 0.542605 -0.070404 0.837032
vn 0.526424 -0.149968 0.836891
vn -0.960179 0.273537 0.056868
vn -0.960179 0.273537 0.056868
vn -0.920177 0.387360 0.056800
vn -0.920177 0.387360 0.056800
vn 0.431988 -0.123065 -0.893444
vn 0.431988 -0.123065 -0.893444
vn 0.414390 -0.174443 -0.893225
vn 0.414390 -0.174443 -0.893225
vn 0.504919 -0.212552 0.836587
vn 0.526424 -0.149968 0.836891
vn 0.526424 -0.149968 0.836891
vn 0.504919 -0.212552 0.836587
vn -0.920177 0.387360 0.056800
vn -0.920177 0.387360 0.056800
vn -0.888024 0.456283 0.056747
vn -0.888024 0.456283 0.056747
vn 0.414390 -0.174443 -0.893225
vn 0.414390 -0.174443 -0.893225
vn 0.400209 -0.205635 -0.893055
vn 0.400209 -0.205635 -0.893055
vn 0.487596 -0.250536 0.836350
vn 0.504919 -0.212552 0.836587
vn 0.504919 -0.212552 0.836587
vn 0.487596 -0.250536 0.836350
vn -0.888024 0.456283 0.056747
vn -0.888024 0.456283 0.056747
vn -0.910758 0.409001 0.056902
vn -0.910758 0.409001 0.056902
vn 0.400209 -0.205635 -0.893055
vn 0.400209 -0.205635 -0.893055
vn 0.409564 -0.183926 -0.893549
vn 0.409563 -0.183926 -0.893549
vn 0.499126 -0.224147 0.837037
vn 0.487596 -0.250536 0.836350
vn 0.487596 -0.250536 0.836350
vn 0.499126 -0.224147 0.837037
vn -0.977866 0.201236 0.057292
vn -0.977866 0.201235 0.057292
vn -0.910758 0.409001 0.056902
vn -0.910758 0.409001 0.056902
vn 0.437339 -0.090000 -0.894782
vn 0.437339 -0.090000 -0.894782
vn 0.409563 -0.183926 -0.893549
vn 0.409564 -0.183926 -0.893549
vn 0.533333 -0.109755 0.838755
vn 0.499126 -0.224147 0.837037
vn 0.499126 -0.224147 0.837037
vn 0.533333 -0.109755 0.838755
vn -0.997890 0.031545 0.056754
vn -0.997890 0.031545 0.056754
vn -0.977866 0.201235 0.057292
vn -0.977866 0.201236 0.057292
vn 0.437339 -0.090000 -0.894782
vn 0.449675 -0.014215 -0.893079
vn 0.449675 -0.014215 -0.893079
vn 0.437339 -0.090000 -0.894782
vn 0.533333 -0.109755 0.838755
vn 0.533333 -0.109755 0.838755
vn 0.547870 -0.017319 0.836384
vn 0.547870 -0.017319 0.836384
vn -0.997890 0.031545 0.056754
vn -0.997890 0.031545 0.056754
vn -0.998389 0.001069 0.056728
vn -0.998389 0.001069 0.056728
vn 0.449675 -0.014215 -0.893079
vn 0.450067 -0.000482 -0.892995
vn 0.450067 -0.000482 -0.892995
vn 0.449675 -0.014215 -0.893079
vn 0.547870 -0.017319 0.836384
vn 0.547870 -0.017319 0.836384
vn 0.548322 -0.000587 0.836267
vn 0.548322 -0.000587 0.836267
vn 0.006581 0.999937 0.009084
vn 0.006581 0.999937 0.009084
vn 0.006581 0.999937 0.009084
vn 0.006581 0.999937 0.009084
vn -0.002197 0.999962 0.008396
vn -0.002197 0.999962 0.008396
vn 0.009203 0.999956 0.002054
vn 0.009203 0.999956 0.002054
vn 0.009203 0.999956 0.002054
vn 0.009203 0.999956 0.002054
vn 0.009203 0.999956 0.002054
vn 0.006169 0.999922 0.010846
vn 0.006169 0.999922 0.010846
vn 0.006595 0.999976 -0.001955
vn 0.006595 0.999976 -0.001955
vn 0.006595 0.999976 -0.001955
vn 0.006595 0.999976 -0.001955
vn 0.006595 0.999976 -0.001955
vn 0.015100 0.999848 0.008718
vn 0.015100 0.999848 0.008718
vn 0.015100 0.999848 0.008718
vn -0.497890 0.000000 0.867240
vn 0.501060 0.000000 0.865413
vn 0.499099 0.000000 0.866545
vn -0.501817 0.000000 0.864974
vn -0.999999 0.000000 0.001209
vn -0.497890 0.000000 0.867240
vn -0.501817 0.000000 0.864974
vn -0.999999 0.000000 -0.001060
vn -0.498951 -0.000000 -0.866630
vn -0.999999 0.000000 0.001209
vn -0.999999 0.000000 -0.001060
vn -0.500916 -0.000000 -0.865496
vn 0.498181 -0.000000 -0.867073
vn 0.502107 -0.000000 -0.864806
vn -0.498951 -0.000000 -0.866630
vn -0.500916 -0.000000 -0.865496
vn 0.999999 -0.000000 -0.001040
vn 0.999999 0.000000 0.001225
vn 0.502107 -0.000000 -0.864806
vn 0.498181 -0.000000 -0.867073
vn 0.499099 0.000000 0.866545
vn 0.501060 0.000000 0.865413
vn 0.999999 0.000000 0.001225
vn 0.999999 -0.000000 -0.001040
vn -0.006164 -0.999975 -0.003558
vn -0.006164 -0.999975 -0.003558
vn -0.006164 -0.999975 -0.003558
vn -0.006164 -0.999975 -0.003558
vn -0.006172 -0.999975 -0.003563
vn -0.006172 -0.999975 -0.003563
vn -0.006172 -0.999975 -0.003563
vn -0.006172 -0.999975 -0.003563
vn -0.006167 -0.999975 -0.003561
vn -0.006167 -0.999975 -0.003561
vn -0.006167 -0.999975 -0.003561
vn -0.006167 -0.999975 -0.003561
vn 0.000347 -0.998390 0.056729
vn 0.000347 -0.998390 0.056729
vn -0.000000 -0.998390 0.056729
vn -0.000000 -0.998390 0.056729
vn 0.147252 0.401520 -0.903935
vn 0.000000 0.450066 -0.892995
vn 0.000000 0.450067 -0.892995
vn 0.147251 0.401520 -0.903935
vn 0.000000 0.548322 0.836267
vn 0.000000 0.548322 0.836267
vn 0.180480 0.492124 0.851611
vn 0.180479 0.492124 0.851611
s off
g SM_Lamp_Modern_01 HarpFitter_low
usemtl base_lowSG
f 1226/1956/4635 1229/1960/4636 1230/1961/4637 1227/1957/4638
f 1231/1962/4639 1228/1958/4640 1227/1957/4641 1230/1961/4642
f 1231/1962/4643 1229/1963/4644 1226/1959/4645 1228/1958/4646
f 1230/1961/4647 1229/1960/4648 1232/1964/4649 1233/1965/4650
f 1233/1965/4651 1234/1966/4652 1231/1962/4653 1230/1961/4654
f 1232/1967/4655 1229/1963/4656 1231/1962/4657 1234/1966/4658
f 1233/1965/4659 1232/1964/4660 1235/1968/4661 1236/1969/4662
f 1236/1969/4663 1237/1970/4664 1234/1966/4665 1233/1965/4666
f 1235/1971/4667 1232/1967/4668 1234/1966/4669 1237/1970/4670
f 1236/1969/4671 1235/1968/4672 1238/1972/4673 1239/1973/4674
f 1239/1973/4675 1240/1974/4676 1237/1970/4677 1236/1969/4678
f 1238/1975/4679 1235/1971/4680 1237/1970/4681 1240/1974/4682
f 1239/1973/4683 1238/1972/4684 1241/1976/4685 1242/1977/4686
f 1243/1978/4687 1240/1974/4688 1239/1973/4689 1242/1977/4690
f 1243/1978/4691 1241/1979/4692 1238/1975/4693 1240/1974/4694
f 1241/1976/4695 1244/1980/4696 1245/1981/4697 1242/1977/4698
f 1242/1977/4699 1245/1981/4700 1246/1982/4701 1243/1978/4702
f 1246/1982/4703 1244/1983/4704 1241/1979/4705 1243/1978/4706
f 1244/1980/4707 1247/1984/4708 1248/1985/4709 1245/1981/4710
f 1245/1981/4711 1248/1985/4712 1249/1986/4713 1246/1982/4714
f 1249/1986/4715 1247/1987/4716 1244/1983/4717 1246/1982/4718
f 1247/1984/4719 1250/1988/4720 1251/1989/4721 1248/1985/4722
f 1248/1985/4723 1251/1989/4724 1252/1990/4725 1249/1986/4726
f 1247/1987/4727 1249/1986/4728 1252/1990/4729 1250/1991/4730
f 1250/1988/4731 1253/1992/4732 1254/1993/4733 1251/1989/4734
f 1251/1989/4735 1254/1993/4736 1255/1994/4737 1252/1990/4738
f 1250/1991/4739 1252/1990/4740 1255/1994/4741 1253/1995/4742
f 1253/1992/4743 1256/1996/4744 1257/1997/4745 1254/1993/4746
f 1254/1993/4747 1257/1997/4748 1258/1998/4749 1255/1994/4750
f 1253/1995/4751 1255/1994/4752 1258/1998/4753 1256/1999/4754
f 1256/1996/4755 1259/2000/4756 1260/2001/4757 1257/1997/4758
f 1257/1997/4759 1260/2001/4760 1261/2002/4761 1258/1998/4762
f 1256/1999/4763 1258/1998/4764 1261/2002/4765 1259/2003/4766
f 1259/2000/4767 1262/2004/4768 1263/2005/4769 1260/2001/4770
f 1261/2002/4771 1260/2001/4772 1263/2005/4773 1264/2006/4774
f 1262/2007/4775 1259/2003/4776 1261/2002/4777 1264/2006/4778
f 1262/2004/4779 1265/2008/4780 1266/2009/4781 1263/2005/4782
f 1264/2006/4783 1263/2005/4784 1266/2009/4785 1267/2010/4786
f 1265/2011/4787 1262/2007/4788 1264/2006/4789 1267/2010/4790
f 1265/2018/4791 1267/2019/4792 1268/2027/4793 1269/2030/4794
f 1265/2018/4795 1269/2030/4796 1270/2033/4797 1266/2034/4798
f 1270/2033/4799 1271/2035/4800 1266/2034/4801
f 1266/2034/4802 1271/2035/4803 1272/2039/4804 1267/2019/4805
f 1272/2039/4806 1273/2040/4807 1267/2019/4808
f 1267/2019/4809 1273/2040/4810 1268/2027/4811
f 1275/2032/4812 1269/2025/4813 1268/2026/4814 1274/2031/4815
f 1276/2036/4816 1270/2016/4817 1269/2017/4818 1275/2024/4819
f 1277/2028/4820 1271/2023/4821 1270/2016/4822 1276/2036/4823
f 1277/2028/4824 1278/2029/4825 1272/2022/4826 1271/2023/4827
f 1273/2037/4828 1272/2022/4829 1278/2029/4830 1279/2038/4831
f 1268/2026/4832 1273/2037/4833 1279/2038/4834 1274/2031/4835
f 1275/2012/4836 1274/2013/4837 1280/2015/4838 1276/2021/4839
f 1274/2013/4840 1279/2014/4841 1280/2015/4842
f 1277/2020/4843 1276/2021/4844 1280/2015/4845
f 1280/2015/4846 1279/2014/4847 1278/2041/4848 1277/2020/4849
f 1337/2042/4850 1226/1956/4851 1227/1957/4852 1281/2044/4853
f 1227/1957/4854 1228/1958/4855 1338/2045/4856 1281/2044/4857
f 1338/2045/4858 1228/1958/4859 1226/1959/4860 1337/2043/4861
f 1282/2046/4862 1285/2049/4863 1284/2048/4864 1283/2047/4865
f 1285/2049/4866 1287/2051/4867 1286/2050/4868 1284/2048/4869
f 1282/2053/4870 1283/2052/4871 1286/2050/4872 1287/2051/4873
f 1288/2054/4874 1283/2047/4875 1284/2048/4876 1289/2055/4877
f 1289/2055/4878 1284/2048/4879 1286/2050/4880 1290/2056/4881
f 1288/2057/4882 1290/2056/4883 1286/2050/4884 1283/2052/4885
f 1291/2058/4886 1288/2054/4887 1289/2055/4888 1292/2059/4889
f 1292/2059/4890 1289/2055/4891 1290/2056/4892 1293/2060/4893
f 1290/2056/4894 1288/2057/4895 1291/2061/4896 1293/2060/4897
f 1294/2062/4898 1291/2058/4899 1292/2059/4900 1295/2063/4901
f 1295/2063/4902 1292/2059/4903 1293/2060/4904 1296/2064/4905
f 1293/2060/4906 1291/2061/4907 1294/2065/4908 1296/2064/4909
f 1297/2066/4910 1294/2062/4911 1295/2063/4912 1298/2067/4913
f 1299/2068/4914 1298/2067/4915 1295/2063/4916 1296/2064/4917
f 1299/2068/4918 1296/2064/4919 1294/2065/4920 1297/2069/4921
f 1297/2066/4922 1298/2067/4923 1301/2071/4924 1300/2070/4925
f 1302/2072/4926 1301/2071/4927 1298/2067/4928 1299/2068/4929
f 1302/2072/4930 1299/2068/4931 1297/2069/4932 1300/2073/4933
f 1300/2070/4934 1301/2071/4935 1304/2075/4936 1303/2074/4937
f 1305/2076/4938 1304/2075/4939 1301/2071/4940 1302/2072/4941
f 1305/2076/4942 1302/2072/4943 1300/2073/4944 1303/2077/4945
f 1303/2074/4946 1304/2075/4947 1307/2079/4948 1306/2078/4949
f 1304/2075/4950 1305/2076/4951 1308/2080/4952 1307/2079/4953
f 1308/2080/4954 1305/2076/4955 1303/2077/4956 1306/2081/4957
f 1306/2078/4958 1307/2079/4959 1310/2083/4960 1309/2082/4961
f 1307/2079/4962 1308/2080/4963 1311/2084/4964 1310/2083/4965
f 1311/2084/4966 1308/2080/4967 1306/2081/4968 1309/2085/4969
f 1309/2082/4970 1310/2083/4971 1313/2087/4972 1312/2086/4973
f 1310/2083/4974 1311/2084/4975 1314/2088/4976 1313/2087/4977
f 1314/2088/4978 1311/2084/4979 1309/2085/4980 1312/2089/4981
f 1316/2091/4982 1315/2090/4983 1312/2086/4984 1313/2087/4985
f 1317/2092/4986 1316/2091/4987 1313/2087/4988 1314/2088/4989
f 1317/2092/4990 1314/2088/4991 1312/2089/4992 1315/2093/4993
f 1319/2095/4994 1318/2094/4995 1315/2090/4996 1316/2091/4997
f 1317/2092/4998 1320/2096/4999 1319/2095/5000 1316/2091/5001
f 1317/2092/5002 1315/2093/5003 1318/2097/5004 1320/2096/5005
f 1318/2094/5006 1319/2095/5007 1322/2099/5008 1321/2098/5009
f 1320/2096/5010 1323/2100/5011 1322/2099/5012 1319/2095/5013
f 1320/2096/5014 1318/2097/5015 1321/2101/5016 1323/2100/5017
f 1321/2102/5018 1325/2105/5019 1324/2104/5020 1323/2103/5021
f 1326/2106/5022 1325/2105/5023 1321/2102/5024 1322/2107/5025
f 1327/2108/5026 1326/2106/5027 1322/2107/5028
f 1328/2109/5029 1327/2108/5030 1322/2107/5031 1323/2103/5032
f 1329/2110/5033 1328/2109/5034 1323/2103/5035
f 1323/2103/5036 1324/2104/5037 1329/2110/5038
f 1331/2114/5039 1330/2113/5040 1324/2112/5041 1325/2111/5042
f 1332/2118/5043 1331/2117/5044 1325/2116/5045 1326/2115/5046
f 1333/2120/5047 1332/2118/5048 1326/2115/5049 1327/2119/5050
f 1328/2121/5051 1334/2122/5052 1333/2120/5053 1327/2119/5054
f 1329/2123/5055 1335/2124/5056 1334/2122/5057 1328/2121/5058
f 1324/2112/5059 1330/2113/5060 1335/2124/5061 1329/2123/5062
f 1330/2126/5063 1331/2125/5064 1336/2128/5065 1335/2127/5066
f 1332/2130/5067 1333/2129/5068 1336/2128/5069 1331/2125/5070
f 1334/2131/5071 1335/2127/5072 1336/2128/5073 1333/2129/5074
f 1285/2049/5075 1282/2046/5076 1337/2132/5077 1281/2133/5078
f 1285/2049/5079 1281/2133/5080 1338/2134/5081 1287/2051/5082
f 1338/2134/5083 1337/2135/5084 1282/2053/5085 1287/2051/5086
g default
v -8.427744 49.684411 7.051840
v -10.332787 49.684411 3.752205
v -10.994402 49.684411 -0.000002
v -10.332786 49.684411 -3.752208
v -8.427741 49.684411 -7.051844
v -5.509041 49.684415 -9.500923
v -1.928729 49.684415 -10.804051
v 1.881363 49.684415 -10.804051
v 5.461677 49.684415 -9.500923
v 8.380375 49.684411 -7.051844
v 10.285422 49.684411 -3.752207
v 10.947037 49.684411 0.000000
v 10.285419 49.684411 3.752215
v 8.380372 49.684411 7.051848
v 5.461672 49.684411 9.500926
v 1.881358 49.684411 10.804053
v -1.928732 49.684411 10.804051
v -5.509045 49.684411 9.500919
v -11.882910 30.553876 4.316403
v -12.644005 30.553876 -0.000002
v -11.882908 30.553876 -4.316406
v -9.691409 30.553876 -8.112189
v -6.333844 30.553876 -10.929522
v -2.215180 30.553876 -12.428594
v 2.167814 30.553876 -12.428594
v 6.286480 30.553876 -10.929522
v 9.644050 30.553876 -8.112189
v 11.835546 30.553876 -4.316405
v 12.596645 30.553876 -0.000000
v 11.835543 30.553876 4.316414
v 9.644040 30.553876 8.112196
v 6.286474 30.553876 10.929526
v 2.167809 30.553876 12.428594
v -2.215183 30.553876 12.428593
v -6.333848 30.553876 10.929520
v -9.691412 30.553876 8.112186
v 12.696190 29.499161 -0.000000
v 11.929085 29.499163 -4.350451
v 9.720306 29.499163 -8.176176
v 6.336255 29.499163 -11.015732
v 2.185099 29.499161 -12.526630
v -2.232466 29.499161 -12.526630
v -6.383617 29.499161 -11.015732
v -9.767666 29.499163 -8.176177
v -11.976453 29.499163 -4.350453
v -12.743553 29.499161 -0.000002
v -11.976453 29.499163 4.350451
v -9.767669 29.499161 8.176172
v -6.383619 29.499161 11.015729
v -2.232470 29.499161 12.526627
v 2.185094 29.499163 12.526629
v 6.336249 29.499163 11.015733
v 9.720298 29.499161 8.176182
v 11.929085 29.499163 4.350461
v 11.955527 30.516258 -4.360074
v 12.724326 30.516260 -0.000000
v 11.955523 30.516260 4.360083
v 9.741852 30.516258 8.194267
v 6.350314 30.516258 11.040101
v 2.189980 30.516260 12.554336
v -2.237355 30.516258 12.554335
v -6.397688 30.516258 11.040095
v -9.789222 30.516258 8.194258
v -12.002888 30.516260 4.360073
v -12.771688 30.516258 -0.000002
v -12.002887 30.516258 -4.360076
v -9.789220 30.516258 -8.194260
v -6.397686 30.516258 -11.040097
v -2.237351 30.516258 -12.554336
v 2.189986 30.516258 -12.554336
v 6.350321 30.516258 -11.040097
v 9.741860 30.516258 -8.194260
v 10.205722 50.802438 -3.723199
v 10.862224 50.802438 0.000000
v 10.205720 50.802438 3.723208
v 8.315402 50.802438 6.997332
v 5.419266 50.802438 9.427476
v 1.866631 50.802438 10.720530
v -1.914004 50.802438 10.720527
v -5.466638 50.802438 9.427469
v -8.362773 50.802438 6.997324
v -10.253092 50.802438 3.723197
v -10.909593 50.802438 -0.000002
v -10.253092 50.802438 -3.723200
v -8.362770 50.802438 -6.997327
v -5.466636 50.802438 -9.427473
v -1.914001 50.802438 -10.720527
v 1.866635 50.802438 -10.720527
v 5.419273 50.802438 -9.427473
v 8.315406 50.802438 -6.997327
v 11.061233 49.801427 0.000000
v 10.392731 49.801427 -3.791264
v 8.467854 49.801427 -7.125247
v 5.518775 49.801427 -9.599818
v 1.901193 49.801427 -10.916511
v -1.948558 49.801427 -10.916511
v -5.566142 49.801427 -9.599818
v -8.515220 49.801427 -7.125247
v -10.440095 49.801427 -3.791265
v -11.108601 49.801427 -0.000002
v -10.440095 49.801427 3.791262
v -8.515222 49.801427 7.125243
v -5.566143 49.801427 9.599815
v -1.948562 49.801427 10.916510
v 1.901188 49.801427 10.916513
v 5.518770 49.801427 9.599822
v 8.467852 49.801427 7.125252
v 10.392727 49.801427 3.791272
v 10.612486 50.859772 0.000000
v 9.971046 50.859772 -3.637784
v 8.124096 50.859772 -6.836798
v 5.294403 50.859772 -9.211193
v 1.823269 50.859772 -10.474581
v -1.870634 50.859772 -10.474581
v -5.341766 50.859768 -9.211193
v -8.171460 50.859772 -6.836798
v -10.018411 50.859772 -3.637785
v -10.659851 50.859772 -0.000002
v -10.018413 50.859772 3.637782
v -8.171461 50.859772 6.836796
v -5.341770 50.859768 9.211190
v -1.870638 50.859772 10.474581
v 1.823264 50.859772 10.474584
v 5.294398 50.859772 9.211196
v 8.124092 50.859772 6.836803
v 9.971044 50.859772 3.637792
v 11.677861 29.466872 -4.259013
v 12.428840 29.466872 -0.000000
v 11.677857 29.466872 4.259021
v 9.515496 29.466872 8.004334
v 6.202572 29.466872 10.784203
v 2.138670 29.466872 12.263339
v -2.186044 29.466872 12.263337
v -6.249945 29.466872 10.784197
v -9.562868 29.466872 8.004324
v -11.725225 29.466872 4.259011
v -12.476205 29.466872 -0.000002
v -11.725225 29.466872 -4.259014
v -9.562864 29.466872 -8.004327
v -6.249944 29.466872 -10.784200
v -2.186041 29.466872 -12.263340
v 2.138675 29.466872 -12.263340
v 6.202578 29.466872 -10.784200
v 9.515503 29.466872 -8.004327
v -5.539552 49.707904 -9.553769
v -1.939325 49.707904 -10.864145
v 1.891959 49.707904 -10.864145
v 5.492188 49.707904 -9.553769
v 8.427121 49.707904 -7.091068
v 10.342764 49.707904 -3.773078
v 11.008059 49.707904 0.000000
v 10.342762 49.707904 3.773086
v 8.427117 49.707904 7.091072
v 5.492185 49.707904 9.553772
v 1.891955 49.707904 10.864147
v -1.939328 49.707904 10.864145
v -5.539556 49.707904 9.553765
v -8.474489 49.707904 7.091063
v -10.390129 49.707904 3.773075
v -11.055426 49.707904 -0.000002
v -10.390127 49.707904 -3.773079
v -8.474486 49.707904 -7.091068
v 10.842154 49.685611 -1.915940
v 9.531573 49.685611 -5.516730
v 7.068489 49.685611 -8.452122
v 3.749984 49.685611 -10.368062
v -0.023683 49.685611 -11.033461
v -3.797348 49.685611 -10.368062
v -7.115853 49.685611 -8.452122
v -9.578938 49.685611 -5.516732
v -10.889522 49.685607 -1.915941
v -10.889522 49.685611 1.915938
v -9.578942 49.685611 5.516727
v -7.115857 49.685611 8.452118
v -3.797351 49.685611 10.368060
v -0.023687 49.685611 11.033462
v 3.749979 49.685611 10.368065
v 7.068485 49.685611 8.452127
v 9.531570 49.685611 5.516736
v 10.842154 49.685611 1.915945
v 12.475604 30.552871 -2.203961
v 10.968007 30.552871 -6.346054
v 8.134647 30.552871 -9.722718
v 4.317274 30.552871 -11.926679
v -0.023683 30.552871 -12.692108
v -4.364639 30.552871 -11.926679
v -8.182010 30.552871 -9.722718
v -11.015368 30.552871 -6.346054
v -12.522966 30.552871 -2.203962
v -12.522966 30.552871 2.203959
v -11.015368 30.552871 6.346050
v -8.182013 30.552871 9.722714
v -4.364642 30.552871 11.926677
v -0.023688 30.552871 12.692108
v 4.317267 30.552871 11.926681
v 8.134641 30.552871 9.722723
v 10.968002 30.552871 6.346060
v 12.475604 30.552871 2.203966
v 12.572651 29.498168 -2.221073
v 11.053346 29.498168 -6.395324
v 8.197990 29.498168 -9.798207
v 4.350979 29.498168 -12.019280
v -0.023683 29.498168 -12.790651
v -4.398342 29.498168 -12.019280
v -8.245351 29.498168 -9.798207
v -11.100710 29.498168 -6.395325
v -12.620013 29.498168 -2.221074
v -12.620013 29.498168 2.221071
v -11.100710 29.498168 6.395323
v -8.245354 29.498168 9.798203
v -4.398346 29.498168 12.019278
v -0.023688 29.498168 12.790649
v 4.350973 29.498168 12.019281
v 8.197983 29.498168 9.798210
v 11.053342 29.498168 6.395333
v 12.572650 29.498168 2.221077
v 12.600631 30.517036 -2.226006
v 12.600630 30.517036 2.226011
v 11.077948 30.517036 6.409538
v 8.216246 30.517036 9.819976
v 4.360689 30.517036 12.045980
v -0.023688 30.517036 12.819062
v -4.408063 30.517036 12.045976
v -8.263619 30.517036 9.819967
v -11.125315 30.517036 6.409528
v -12.647992 30.517036 2.226005
v -12.647991 30.517036 -2.226008
v -11.125313 30.517036 -6.409532
v -8.263615 30.517036 -9.819971
v -4.408060 30.517036 -12.045977
v -0.023683 30.517036 -12.819063
v 4.360695 30.517036 -12.045977
v 8.216253 30.517036 -9.819971
v 11.077953 30.517036 -6.409532
v 10.756311 50.803338 -1.900803
v 10.756310 50.803338 1.900808
v 9.456080 50.803338 5.473152
v 7.012453 50.803338 8.385350
v 3.720165 50.803338 10.286152
v -0.023687 50.803338 10.946293
v -3.767538 50.803338 10.286148
v -7.059825 50.803338 8.385342
v -9.503450 50.803338 5.473143
v -10.803676 50.803338 1.900802
v -10.803676 50.803338 -1.900804
v -9.503449 50.803338 -5.473146
v -7.059821 50.803338 -8.385346
v -3.767535 50.803338 -10.286151
v -0.023683 50.803338 -10.946291
v 3.720170 50.803338 -10.286151
v 7.012457 50.803338 -8.385346
v 9.456082 50.803338 -5.473146
v 10.954191 49.801083 -1.935695
v 9.630096 49.801083 -5.573612
v 7.141612 49.801083 -8.539267
v 3.788893 49.801083 -10.474966
v -0.023683 49.801083 -11.147224
v -3.836257 49.801083 -10.474966
v -7.188980 49.801083 -8.539267
v -9.677459 49.801083 -5.573613
v -11.001554 49.801083 -1.935696
v -11.001556 49.801083 1.935693
v -9.677464 49.801083 5.573608
v -7.188983 49.801083 8.539266
v -3.836261 49.801083 10.474963
v -0.023687 49.801075 11.147224
v 3.788889 49.801075 10.474967
v 7.141609 49.801083 8.539273
v 9.630094 49.801083 5.573619
v 10.954190 49.801083 1.935699
v 10.507821 50.858476 -1.856988
v 9.237566 50.858476 -5.346985
v 6.850270 50.858476 -8.192057
v 3.633871 50.858476 -10.049044
v -0.023683 50.858476 -10.693968
v -3.681235 50.858476 -10.049044
v -6.897634 50.858476 -8.192057
v -9.284934 50.858476 -5.346986
v -10.555185 50.858476 -1.856989
v -10.555188 50.858476 1.856986
v -9.284935 50.858476 5.346982
v -6.897635 50.858472 8.192053
v -3.681238 50.858472 10.049043
v -0.023687 50.858476 10.693970
v 3.633866 50.858476 10.049046
v 6.850265 50.858476 8.192062
v 9.237564 50.858476 5.346991
v 10.507820 50.858476 1.856992
v 12.306483 29.468042 -2.174140
v 12.306482 29.468042 2.174145
v 10.819279 29.468042 6.260196
v 8.024255 29.468042 9.591169
v 4.258533 29.468042 11.765308
v -0.023687 29.468042 12.520374
v -4.305907 29.468042 11.765303
v -8.071626 29.468042 9.591161
v -10.866649 29.468044 6.260186
v -12.353846 29.468042 2.174139
v -12.353846 29.468042 -2.174142
v -10.866647 29.468042 -6.260189
v -8.071623 29.468042 -9.591165
v -4.305904 29.468042 -11.765306
v -0.023683 29.468042 -12.520378
v 4.258538 29.468042 -11.765306
v 8.024260 29.468042 -9.591166
v 10.819283 29.468042 -6.260189
v 10.900720 49.707551 -1.926267
v 9.583077 49.707551 -5.546465
v 7.106714 49.707551 -8.497678
v 3.770323 49.707551 -10.423944
v -0.023683 49.707551 -11.092930
v -3.817688 49.707551 -10.423945
v -7.154079 49.707551 -8.497678
v -9.630442 49.707551 -5.546466
v -10.948086 49.707551 -1.926268
v -10.948086 49.707551 1.926265
v -9.630442 49.707551 5.546462
v -7.154082 49.707551 8.497673
v -3.817691 49.707551 10.423943
v -0.023687 49.707551 11.092931
v 3.770319 49.707551 10.423948
v 7.106710 49.707551 8.497682
v 9.583073 49.707551 5.546471
v 10.900719 49.707551 1.926271
v -10.357421 50.699436 3.761171
v -10.913670 50.700275 1.920197
v -11.020619 50.699444 -0.000002
v -10.913670 50.700275 -1.920200
v -10.357421 50.699444 -3.761174
v -9.600177 50.700275 -5.528993
v -8.447822 50.699444 -7.068694
v -7.131615 50.700275 -8.470906
v -5.522150 50.699444 -9.523625
v -3.805736 50.700275 -10.391107
v -1.933281 50.699444 -10.829867
v -0.023683 50.700275 -11.057985
v 1.885915 50.699444 -10.829867
v 3.758371 50.700275 -10.391107
v 5.474786 50.699444 -9.523625
v 7.084253 50.700275 -8.470906
v 8.400457 50.699444 -7.068694
v 9.552810 50.700275 -5.528993
v 10.310052 50.699444 -3.761173
v 10.866307 50.700275 -1.920199
v 10.973252 50.699444 0.000000
v 10.866306 50.700275 1.920203
v 10.310052 50.699436 3.761181
v 9.552809 50.700275 5.528999
v 8.400453 50.699436 7.068699
v 7.084248 50.700275 8.470911
v 5.474780 50.699436 9.523628
v 3.758366 50.700275 10.391109
v 1.885910 50.699436 10.829870
v -0.023687 50.700275 11.057986
v -1.933284 50.699436 10.829867
v -3.805739 50.700275 10.391104
v -5.522152 50.699436 9.523621
v -7.131620 50.700275 8.470903
v -8.447825 50.699436 7.068691
v -9.600179 50.700275 5.528989
v -12.737660 29.568887 2.241815
v -12.862348 29.569811 -0.000002
v -12.737660 29.568887 -2.241819
v -12.088081 29.569811 -4.391083
v -11.204165 29.568887 -6.455056
v -9.858669 29.569811 -8.252537
v -8.322139 29.568887 -9.889720
v -6.443015 29.569811 -11.118611
v -4.439201 29.568887 -12.131538
v -2.253094 29.569811 -12.643620
v -0.023683 29.568887 -12.910112
v 2.205728 29.569811 -12.643620
v 4.391836 29.568887 -12.131538
v 6.395651 29.569811 -11.118612
v 8.274778 29.568887 -9.889720
v 9.811308 29.569811 -8.252536
v 11.156803 29.568887 -6.455056
v 12.040717 29.569811 -4.391082
v 12.690297 29.568887 -2.241817
v 12.814985 29.569811 -0.000000
v 12.690297 29.568887 2.241822
v 12.040714 29.569811 4.391091
v 11.156799 29.568887 6.455063
v 9.811302 29.569811 8.252541
v 8.274772 29.568887 9.889724
v 6.395646 29.569811 11.118614
v 4.391830 29.568887 12.131539
v 2.205723 29.569811 12.643619
v -0.023688 29.568887 12.910111
v -2.253098 29.569811 12.643617
v -4.439204 29.568887 12.131535
v -6.443018 29.569811 11.118607
v -8.322142 29.568887 9.889715
v -9.858671 29.569811 8.252532
v -11.204166 29.568887 6.455053
v -12.088082 29.569811 4.391081
v -12.014037 30.392387 4.364132
v -12.659729 30.392941 2.228074
v -12.783552 30.392387 -0.000002
v -12.659727 30.392941 -2.228077
v -12.014037 30.392387 -4.364134
v -11.135633 30.392941 -6.415491
v -9.798309 30.392387 -8.201887
v -8.271275 30.392941 -9.829100
v -6.403618 30.392387 -11.050374
v -4.412136 30.392941 -12.057176
v -2.239411 30.392387 -12.566022
v -0.023683 30.392941 -12.830979
v 2.192046 30.392387 -12.566022
v 4.364771 30.392941 -12.057176
v 6.356253 30.392387 -11.050374
v 8.223913 30.392941 -9.829100
v 9.750949 30.392387 -8.201887
v 11.088272 30.392941 -6.415490
v 11.966676 30.392387 -4.364132
v 12.612367 30.392941 -2.228076
v 12.736191 30.392387 -0.000000
v 12.612364 30.392941 2.228081
v 11.966674 30.392387 4.364141
v 11.088269 30.392941 6.415496
v 9.750941 30.392387 8.201894
v 8.223906 30.392941 9.829105
v 6.356248 30.392387 11.050377
v 4.364765 30.392941 12.057178
v 2.192041 30.392387 12.566022
v -0.023688 30.392941 12.830979
v -2.239415 30.392387 12.566020
v -4.412139 30.392941 12.057175
v -6.403621 30.392387 11.050370
v -8.271278 30.392941 9.829095
v -9.798313 30.392387 8.201884
v -11.135634 30.392941 6.415486
vt 0.670779 0.768937
vt 0.692542 0.777216
vt 0.692439 0.777630
vt 0.670606 0.769325
vt 0.715644 0.780123
vt 0.738927 0.780459
vt 0.738972 0.780884
vt 0.715615 0.780547
vt 0.761630 0.775290
vt 0.783624 0.767642
vt 0.783811 0.768026
vt 0.761748 0.775698
vt 0.803190 0.755020
vt 0.821242 0.740311
vt 0.821549 0.740609
vt 0.803441 0.755364
vt 0.835311 0.721757
vt 0.847244 0.701763
vt 0.847634 0.701937
vt 0.470232 0.620753
vt 0.455720 0.643248
vt 0.454315 0.642564
vt 0.468974 0.619840
vt 0.446928 0.668533
vt 0.440985 0.694636
vt 0.439431 0.694472
vt 0.445434 0.668105
vt 0.441370 0.721403
vt 0.444714 0.747963
vt 0.443198 0.748341
vt 0.439821 0.721511
vt 0.454231 0.772985
vt 0.466457 0.796799
vt 0.465162 0.797673
vt 0.452812 0.773616
vt 0.483959 0.817057
vt 0.503593 0.835255
vt 0.502674 0.836518
vt 0.035211 0.020034
vt 0.920772 0.020034
vt 0.920772 0.005000
vt 0.588926 0.272731
vt 0.895595 0.020034
vt 0.870388 0.020034
vt 0.870388 0.005000
vt 0.895595 0.005000
vt 0.845139 0.020034
vt 0.819841 0.020034
vt 0.819841 0.005000
vt 0.845139 0.005000
vt 0.794496 0.020034
vt 0.769107 0.020034
vt 0.769107 0.005000
vt 0.794496 0.005000
vt 0.743688 0.020034
vt 0.718251 0.020034
vt 0.718251 0.005000
vt 0.743688 0.005000
vt 0.692815 0.020034
vt 0.667395 0.020034
vt 0.667395 0.005000
vt 0.692815 0.005000
vt 0.642008 0.020034
vt 0.616662 0.020034
vt 0.616662 0.005000
vt 0.642008 0.005000
vt 0.591364 0.020034
vt 0.566116 0.020034
vt 0.566116 0.005000
vt 0.591364 0.005000
vt 0.540908 0.020034
vt 0.515731 0.020034
vt 0.515731 0.005000
vt 0.540908 0.005000
vt 0.490572 0.020034
vt 0.465412 0.020034
vt 0.465412 0.005000
vt 0.490572 0.005000
vt 0.440236 0.020034
vt 0.415028 0.020034
vt 0.415028 0.005000
vt 0.440236 0.005000
vt 0.389778 0.020034
vt 0.364481 0.020034
vt 0.364481 0.005000
vt 0.389778 0.005000
vt 0.339136 0.020034
vt 0.313747 0.020034
vt 0.313747 0.005000
vt 0.339136 0.005000
vt 0.288327 0.020034
vt 0.262891 0.020034
vt 0.262891 0.005000
vt 0.288327 0.005000
vt 0.237455 0.020034
vt 0.212036 0.020034
vt 0.212036 0.005000
vt 0.237455 0.005000
vt 0.186648 0.020034
vt 0.161302 0.020034
vt 0.161302 0.005000
vt 0.186648 0.005000
vt 0.136004 0.020034
vt 0.110755 0.020034
vt 0.110755 0.005000
vt 0.136004 0.005000
vt 0.085547 0.020034
vt 0.060371 0.020034
vt 0.060371 0.005000
vt 0.085547 0.005000
vt 0.019576 0.075947
vt 0.005000 0.075947
vt 0.005000 0.053094
vt 0.019576 0.053094
vt 0.393547 0.896151
vt 0.411197 0.880902
vt 0.414351 0.885577
vt 0.397443 0.900186
vt 0.431947 0.870249
vt 0.453748 0.861957
vt 0.455113 0.867429
vt 0.434229 0.875374
vt 0.476891 0.859044
vt 0.500213 0.858707
vt 0.499623 0.864317
vt 0.477282 0.864639
vt 0.522956 0.863886
vt 0.544986 0.871547
vt 0.542514 0.876615
vt 0.521410 0.869277
vt 0.564587 0.884191
vt 0.582669 0.898924
vt 0.194633 0.718608
vt 0.221844 0.717265
vt 0.221420 0.723319
vt 0.195263 0.724610
vt 0.248603 0.722382
vt 0.274632 0.730426
vt 0.272164 0.735971
vt 0.247143 0.728238
vt 0.298028 0.744387
vt 0.319736 0.760849
vt 0.315520 0.765215
vt 0.294653 0.749391
vt 0.336945 0.781970
vt 0.351714 0.804864
vt 0.346259 0.807524
vt 0.332063 0.785517
vt 0.360662 0.830597
vt 0.366710 0.857161
vt 0.835663 0.721996
vt 0.854119 0.679516
vt 0.858492 0.656646
vt 0.858918 0.656676
vt 0.854531 0.679619
vt 0.593682 0.603818
vt 0.597394 0.626805
vt 0.596984 0.626923
vt 0.593259 0.603863
vt 0.606428 0.648266
vt 0.617778 0.668597
vt 0.617432 0.668849
vt 0.606045 0.648452
vt 0.633606 0.685674
vt 0.651225 0.700898
vt 0.650986 0.701252
vt 0.633310 0.685980
vt 0.671940 0.711531
vt 0.693703 0.719810
vt 0.578612 0.902842
vt 0.561290 0.888728
vt 0.360674 0.857796
vt 0.354861 0.832260
vt 0.693600 0.720225
vt 0.671767 0.711919
vt 0.716806 0.722718
vt 0.740088 0.723053
vt 0.740132 0.723478
vt 0.716776 0.723142
vt 0.762791 0.717884
vt 0.784784 0.710237
vt 0.784972 0.710621
vt 0.762908 0.718292
vt 0.804351 0.697614
vt 0.822402 0.682906
vt 0.822710 0.683203
vt 0.804601 0.697958
vt 0.836471 0.664352
vt 0.848403 0.644357
vt 0.848794 0.644531
vt 0.836823 0.664590
vt 0.482841 0.818136
vt 0.526966 0.848303
vt 0.551640 0.858688
vt 0.551210 0.860190
vt 0.526285 0.849700
vt 0.578068 0.862956
vt 0.737989 0.684361
vt 0.739547 0.684252
vt 0.577905 0.864501
vt 0.732960 0.658067
vt 0.725056 0.632490
vt 0.726483 0.631855
vt 0.734468 0.657692
vt 0.711338 0.609503
vt 0.695162 0.588172
vt 0.696286 0.587087
vt 0.712626 0.608634
vt 0.674410 0.571262
vt 0.019576 0.121745
vt 0.005000 0.121745
vt 0.005000 0.098827
vt 0.019576 0.098827
vt 0.019576 0.167712
vt 0.005000 0.167712
vt 0.005000 0.144707
vt 0.019576 0.144707
vt 0.019576 0.213828
vt 0.005000 0.213828
vt 0.005000 0.190756
vt 0.019576 0.190756
vt 0.019576 0.260005
vt 0.005000 0.260005
vt 0.005000 0.236917
vt 0.019576 0.236917
vt 0.019576 0.306121
vt 0.005000 0.306121
vt 0.005000 0.283077
vt 0.019576 0.283077
vt 0.019576 0.352088
vt 0.005000 0.352088
vt 0.005000 0.329127
vt 0.019576 0.329127
vt 0.019575 0.397887
vt 0.005000 0.397887
vt 0.005000 0.375007
vt 0.019575 0.375007
vt 0.019575 0.443576
vt 0.005000 0.443576
vt 0.005000 0.420739
vt 0.019575 0.420739
vt 0.019575 0.489265
vt 0.005000 0.489265
vt 0.005000 0.466413
vt 0.019575 0.466413
vt 0.019575 0.535063
vt 0.005000 0.535063
vt 0.005000 0.512145
vt 0.019575 0.512145
vt 0.019575 0.581031
vt 0.005000 0.581031
vt 0.005000 0.558025
vt 0.019575 0.558025
vt 0.019575 0.627147
vt 0.005000 0.627147
vt 0.005000 0.604074
vt 0.019575 0.604074
vt 0.019575 0.673323
vt 0.005000 0.673323
vt 0.005000 0.650235
vt 0.019575 0.650235
vt 0.019575 0.719439
vt 0.005000 0.719439
vt 0.005000 0.696396
vt 0.019575 0.696396
vt 0.019575 0.765407
vt 0.005000 0.765407
vt 0.005000 0.742445
vt 0.019575 0.742445
vt 0.019575 0.811205
vt 0.005000 0.811205
vt 0.005000 0.788325
vt 0.019575 0.788325
vt 0.019576 0.030258
vt 0.005000 0.030258
vt 0.005000 0.834057
vt 0.019575 0.834057
vt 0.566519 0.272731
vt 0.566519 0.529244
vt 0.588926 0.529244
vt 0.633841 0.272731
vt 0.596762 0.917510
vt 0.608715 0.937539
vt 0.603562 0.939833
vt 0.592112 0.920646
vt 0.611370 0.272731
vt 0.615602 0.959823
vt 0.619983 0.982734
vt 0.614357 0.983127
vt 0.610160 0.961181
vt 0.857403 0.745147
vt 0.853685 0.768173
vt 0.848263 0.766618
vt 0.851824 0.744560
vt 0.844637 0.789671
vt 0.833266 0.810037
vt 0.828704 0.806721
vt 0.839595 0.787212
vt 0.817411 0.827143
vt 0.799761 0.842392
vt 0.341454 0.834977
vt 0.338052 0.862009
vt 0.332163 0.860540
vt 0.335434 0.834556
vt 0.328366 0.887472
vt 0.315924 0.911709
vt 0.310892 0.908316
vt 0.322852 0.885018
vt 0.298112 0.932324
vt 0.278130 0.950845
vt 0.274563 0.945935
vt 0.293771 0.928133
vt 0.254342 0.964125
vt 0.229232 0.974694
vt 0.611370 0.529244
vt 0.227559 0.968861
vt 0.251697 0.958701
vt 0.202336 0.979038
vt 0.175125 0.980381
vt 0.855278 0.622111
vt 0.859652 0.599241
vt 0.860079 0.599271
vt 0.855691 0.622214
vt 0.592521 0.661223
vt 0.596233 0.684211
vt 0.595822 0.684328
vt 0.592098 0.661268
vt 0.605266 0.705672
vt 0.616616 0.726002
vt 0.616270 0.726254
vt 0.604884 0.705858
vt 0.632445 0.743080
vt 0.650064 0.758303
vt 0.649825 0.758657
vt 0.632149 0.743385
vt 0.715537 0.781672
vt 0.692165 0.778730
vt 0.633841 0.529245
vt 0.678814 0.272731
vt 0.656328 0.272731
vt 0.656328 0.529245
vt 0.678814 0.529245
vt 0.723729 0.272731
vt 0.701286 0.272731
vt 0.701286 0.529244
vt 0.723729 0.529244
vt 0.768499 0.272731
vt 0.746136 0.272731
vt 0.746136 0.529244
vt 0.768499 0.529244
vt 0.813105 0.272731
vt 0.790821 0.272731
vt 0.790821 0.529244
vt 0.813105 0.529244
vt 0.366317 0.884403
vt 0.835361 0.272731
vt 0.835361 0.529244
vt 0.052500 0.529243
vt 0.096999 0.272731
vt 0.074742 0.272731
vt 0.074743 0.529243
vt 0.096999 0.529243
vt 0.141604 0.272731
vt 0.119283 0.272731
vt 0.119283 0.529243
vt 0.141604 0.529243
vt 0.186374 0.272731
vt 0.163968 0.272731
vt 0.163968 0.529243
vt 0.186374 0.529243
vt 0.231289 0.272731
vt 0.208818 0.272731
vt 0.208818 0.529243
vt 0.231289 0.529243
vt 0.276263 0.272731
vt 0.253776 0.272731
vt 0.253776 0.529243
vt 0.276263 0.529244
vt 0.321178 0.272731
vt 0.298735 0.272731
vt 0.298735 0.529244
vt 0.321178 0.529244
vt 0.375068 0.272731
vt 0.343584 0.272731
vt 0.343584 0.529244
vt 0.375068 0.529244
vt 0.410553 0.272731
vt 0.397389 0.272731
vt 0.397389 0.529244
vt 0.410553 0.529244
vt 0.455052 0.272731
vt 0.432809 0.272731
vt 0.432809 0.529244
vt 0.455052 0.529244
vt 0.499551 0.272731
vt 0.477294 0.272731
vt 0.477294 0.529244
vt 0.499550 0.529244
vt 0.544156 0.272731
vt 0.521835 0.272731
vt 0.521835 0.529244
vt 0.544156 0.529244
vt 0.360297 0.883981
vt 0.055515 0.862669
vt 0.061535 0.863089
vt 0.736668 0.711098
vt 0.738214 0.711261
vt 0.430886 0.705835
vt 0.429328 0.705944
vt 0.858553 0.721850
vt 0.852928 0.722244
vt 0.592126 0.717265
vt 0.597705 0.717851
vt 0.592534 0.580562
vt 0.592107 0.580532
vt 0.796607 0.837716
vt 0.813515 0.823109
vt 0.779011 0.853044
vt 0.757211 0.861337
vt 0.755846 0.855864
vt 0.776729 0.847920
vt 0.734068 0.864249
vt 0.710746 0.864586
vt 0.711336 0.858976
vt 0.733677 0.858654
vt 0.688003 0.859408
vt 0.665973 0.851748
vt 0.668445 0.846678
vt 0.689549 0.854017
vt 0.646373 0.839103
vt 0.628290 0.824370
vt 0.632348 0.820452
vt 0.649669 0.834566
vt 0.614197 0.805785
vt 0.602245 0.785755
vt 0.607397 0.783461
vt 0.618847 0.802648
vt 0.595358 0.763471
vt 0.590977 0.740561
vt 0.596603 0.740168
vt 0.600800 0.762113
vt 0.353555 0.978148
vt 0.357274 0.955122
vt 0.362695 0.956676
vt 0.359132 0.978734
vt 0.366322 0.933623
vt 0.377692 0.913258
vt 0.382255 0.916572
vt 0.371363 0.936082
vt 0.175548 0.974327
vt 0.201705 0.973036
vt 0.148365 0.975264
vt 0.122336 0.967219
vt 0.124804 0.961675
vt 0.149825 0.969408
vt 0.098941 0.953258
vt 0.077232 0.936797
vt 0.081448 0.932431
vt 0.102316 0.948256
vt 0.060023 0.915676
vt 0.045254 0.892782
vt 0.050708 0.890122
vt 0.064905 0.912129
vt 0.036306 0.867049
vt 0.030258 0.840485
vt 0.036293 0.839850
vt 0.042107 0.865385
vt 0.030651 0.813244
vt 0.058917 0.835638
vt 0.064806 0.837106
vt 0.036671 0.813664
vt 0.068603 0.810174
vt 0.081046 0.785936
vt 0.086077 0.789330
vt 0.074117 0.812628
vt 0.098857 0.765321
vt 0.118838 0.746801
vt 0.122405 0.751711
vt 0.103198 0.769514
vt 0.142626 0.733521
vt 0.167736 0.722951
vt 0.169409 0.728785
vt 0.145272 0.738945
vt 0.074932 0.030258
vt 0.074932 0.260186
vt 0.052588 0.260186
vt 0.052588 0.030258
vt 0.119713 0.030258
vt 0.119713 0.260186
vt 0.097304 0.260186
vt 0.097304 0.030258
vt 0.164659 0.030258
vt 0.164659 0.260186
vt 0.142164 0.260186
vt 0.142164 0.030258
vt 0.209751 0.030258
vt 0.209751 0.260186
vt 0.187191 0.260186
vt 0.187191 0.030258
vt 0.254901 0.030258
vt 0.254901 0.260186
vt 0.232326 0.260186
vt 0.232326 0.030258
vt 0.299994 0.030258
vt 0.299993 0.260186
vt 0.277461 0.260186
vt 0.277461 0.030258
vt 0.344940 0.030258
vt 0.344940 0.260186
vt 0.322488 0.260186
vt 0.322488 0.030258
vt 0.389720 0.030258
vt 0.389720 0.260186
vt 0.367349 0.260186
vt 0.367349 0.030258
vt 0.434394 0.030258
vt 0.434394 0.260186
vt 0.412064 0.260186
vt 0.412064 0.030258
vt 0.479068 0.030258
vt 0.479068 0.260186
vt 0.456724 0.260186
vt 0.456724 0.030258
vt 0.523849 0.030258
vt 0.523849 0.260186
vt 0.501440 0.260186
vt 0.501440 0.030258
vt 0.568795 0.030258
vt 0.568795 0.260186
vt 0.546301 0.260186
vt 0.546301 0.030258
vt 0.613887 0.030258
vt 0.613887 0.260186
vt 0.591327 0.260186
vt 0.591327 0.030258
vt 0.659037 0.030258
vt 0.659037 0.260186
vt 0.636463 0.260186
vt 0.636463 0.030258
vt 0.704130 0.030258
vt 0.704130 0.260186
vt 0.681598 0.260186
vt 0.681598 0.030258
vt 0.749076 0.030258
vt 0.749076 0.260186
vt 0.726625 0.260186
vt 0.726625 0.030258
vt 0.793856 0.030258
vt 0.793857 0.260186
vt 0.771485 0.260186
vt 0.771485 0.030258
vt 0.030258 0.030258
vt 0.030258 0.260186
vt 0.816202 0.260186
vt 0.816202 0.030258
vt 0.858504 0.575984
vt 0.858926 0.575940
vt 0.590977 0.580453
vt 0.860048 0.575822
vt 0.651915 0.556751
vt 0.652599 0.555346
vt 0.675323 0.570005
vt 0.626630 0.547958
vt 0.600527 0.542015
vt 0.600690 0.540461
vt 0.627058 0.546464
vt 0.573760 0.542401
vt 0.547199 0.545745
vt 0.546822 0.544229
vt 0.573652 0.540851
vt 0.522178 0.555262
vt 0.498363 0.567487
vt 0.497489 0.566193
vt 0.521546 0.553843
vt 0.478106 0.584989
vt 0.459909 0.604622
vt 0.458645 0.603704
vt 0.477027 0.583871
vt 0.446859 0.627997
vt 0.436474 0.652670
vt 0.434972 0.652240
vt 0.445463 0.627316
vt 0.432206 0.679098
vt 0.583330 0.557174
vt 0.583222 0.555616
vt 0.430661 0.678935
vt 0.557037 0.562203
vt 0.531460 0.570107
vt 0.530824 0.568680
vt 0.556661 0.560695
vt 0.508472 0.583825
vt 0.487142 0.600000
vt 0.486056 0.598877
vt 0.507603 0.582537
vt 0.762058 0.776782
vt 0.739090 0.782011
vt 0.804104 0.756276
vt 0.784308 0.769046
vt 0.836598 0.722626
vt 0.822365 0.741395
vt 0.855625 0.679892
vt 0.848669 0.702398
vt 0.592138 0.603980
vt 0.860049 0.656755
vt 0.605032 0.648947
vt 0.595894 0.627235
vt 0.632528 0.686791
vt 0.616515 0.669515
vt 0.671308 0.712950
vt 0.650352 0.702192
vt 0.716697 0.724266
vt 0.693325 0.721325
vt 0.763219 0.719377
vt 0.740251 0.724606
vt 0.805263 0.698870
vt 0.785469 0.711639
vt 0.837758 0.665221
vt 0.823525 0.683991
vt 0.856785 0.622487
vt 0.849829 0.644992
vt 0.590977 0.661386
vt 0.861209 0.599350
vt 0.603870 0.706352
vt 0.594732 0.684641
vt 0.631366 0.744197
vt 0.615353 0.726920
vt 0.670148 0.770355
vt 0.649191 0.759597
vt 0.838531 0.030258
vt 0.838531 0.260186
vt 0.010052 0.020034
vt 0.010052 0.005000
vt 0.035211 0.005000
vt 0.019575 0.856894
vt 0.005000 0.856894
vt 0.035211 0.005000
vt 0.052500 0.272731
vt 0.030258 0.272731
vt 0.030258 0.529243
vt 0.052500 0.272731
vt 0.005888 0.489265
vt 0.005888 0.466413
vt 0.005888 0.443576
vt 0.005888 0.420739
vt 0.005888 0.397887
vt 0.005888 0.375007
vt 0.005888 0.352088
vt 0.005888 0.329127
vt 0.005888 0.306121
vt 0.005888 0.283077
vt 0.005888 0.260005
vt 0.005888 0.236917
vt 0.005888 0.213828
vt 0.005888 0.190756
vt 0.005888 0.167712
vt 0.005888 0.144707
vt 0.005888 0.121745
vt 0.005888 0.098827
vt 0.005888 0.075947
vt 0.005888 0.053094
vt 0.005888 0.030258
vt 0.005888 0.856894
vt 0.005888 0.834057
vt 0.005888 0.811205
vt 0.005888 0.788325
vt 0.005888 0.765407
vt 0.005888 0.742445
vt 0.005888 0.719439
vt 0.005888 0.696396
vt 0.005888 0.673323
vt 0.005888 0.650235
vt 0.005888 0.627147
vt 0.005888 0.604074
vt 0.005888 0.581031
vt 0.005888 0.558025
vt 0.005888 0.535063
vt 0.005888 0.512145
vt 0.465412 0.019358
vt 0.490572 0.019358
vt 0.515731 0.019358
vt 0.540908 0.019358
vt 0.566116 0.019358
vt 0.591364 0.019358
vt 0.616662 0.019358
vt 0.642008 0.019358
vt 0.667395 0.019358
vt 0.692815 0.019358
vt 0.718251 0.019358
vt 0.743688 0.019358
vt 0.769107 0.019358
vt 0.794496 0.019358
vt 0.819841 0.019358
vt 0.845139 0.019358
vt 0.870388 0.019358
vt 0.895595 0.019358
vt 0.010052 0.019358
vt 0.920772 0.019358
vt 0.035211 0.019358
vt 0.035211 0.019358
vt 0.060371 0.019358
vt 0.085547 0.019358
vt 0.110755 0.019358
vt 0.136004 0.019358
vt 0.161302 0.019358
vt 0.186648 0.019358
vt 0.212036 0.019358
vt 0.237455 0.019358
vt 0.262891 0.019358
vt 0.288327 0.019358
vt 0.313747 0.019358
vt 0.339136 0.019358
vt 0.364481 0.019358
vt 0.389778 0.019358
vt 0.415028 0.019358
vt 0.440236 0.019358
vt 0.440236 0.006879
vt 0.465412 0.006879
vt 0.490572 0.006879
vt 0.515731 0.006879
vt 0.540908 0.006879
vt 0.566116 0.006879
vt 0.591364 0.006879
vt 0.616662 0.006879
vt 0.642008 0.006879
vt 0.667395 0.006879
vt 0.692815 0.006879
vt 0.718251 0.006879
vt 0.743688 0.006879
vt 0.769107 0.006879
vt 0.794496 0.006879
vt 0.819841 0.006879
vt 0.845139 0.006879
vt 0.870388 0.006879
vt 0.895595 0.006879
vt 0.010052 0.006879
vt 0.920772 0.006879
vt 0.035211 0.006879
vt 0.035211 0.006879
vt 0.060371 0.006879
vt 0.085547 0.006879
vt 0.110755 0.006879
vt 0.136004 0.006879
vt 0.161302 0.006879
vt 0.186648 0.006879
vt 0.212036 0.006879
vt 0.237455 0.006879
vt 0.262891 0.006879
vt 0.288327 0.006879
vt 0.313747 0.006879
vt 0.339136 0.006879
vt 0.364481 0.006879
vt 0.389778 0.006879
vt 0.415028 0.006879
vn 0.897750 -0.440505 0.000000
vn 0.327690 -0.944785 0.000000
vn 0.328531 -0.942715 -0.057929
vn 0.887522 -0.433375 -0.156494
vn 0.843609 -0.440506 -0.307049
vn 0.307928 -0.944785 -0.112077
vn 0.288905 -0.942715 -0.166799
vn 0.780474 -0.433375 -0.450607
vn 0.214434 -0.942715 -0.255552
vn 0.579289 -0.433373 -0.690370
vn 0.687717 -0.440504 -0.577063
vn 0.251026 -0.944785 -0.210636
vn 0.114098 -0.942715 -0.313481
vn 0.308233 -0.433374 -0.846864
vn 0.448875 -0.440504 -0.777475
vn 0.163846 -0.944785 -0.283789
vn 0.000000 -0.942714 -0.333601
vn 0.000000 -0.433373 -0.901215
vn 0.155893 -0.440504 -0.884112
vn 0.056903 -0.944785 -0.322713
vn -0.114098 -0.942715 -0.313480
vn -0.308234 -0.433374 -0.846864
vn -0.155893 -0.440504 -0.884112
vn -0.056903 -0.944785 -0.322713
vn -0.448876 -0.440504 -0.777474
vn -0.163846 -0.944785 -0.283789
vn -0.214433 -0.942715 -0.255552
vn -0.579289 -0.433374 -0.690370
vn -0.288907 -0.942714 -0.166800
vn -0.780475 -0.433372 -0.450608
vn -0.687717 -0.440504 -0.577063
vn -0.251025 -0.944785 -0.210635
vn -0.328533 -0.942714 -0.057929
vn -0.887523 -0.433372 -0.156495
vn -0.843611 -0.440502 -0.307049
vn -0.307931 -0.944784 -0.112078
vn -0.328532 -0.942715 0.057929
vn -0.887523 -0.433373 0.156494
vn -0.897751 -0.440504 -0.000000
vn -0.327691 -0.944785 0.000000
vn -0.288906 -0.942715 0.166800
vn -0.780475 -0.433373 0.450607
vn -0.843610 -0.440502 0.307049
vn -0.307930 -0.944785 0.112077
vn -0.214434 -0.942714 0.255553
vn -0.579290 -0.433374 0.690370
vn -0.687717 -0.440504 0.577063
vn -0.251026 -0.944785 0.210636
vn -0.448876 -0.440504 0.777475
vn -0.163846 -0.944785 0.283790
vn -0.114098 -0.942715 0.313481
vn -0.308234 -0.433374 0.846864
vn -0.000000 -0.942715 0.333599
vn -0.000000 -0.433375 0.901214
vn -0.155893 -0.440505 0.884111
vn -0.056903 -0.944785 0.322712
vn 0.114098 -0.942715 0.313481
vn 0.308233 -0.433375 0.846864
vn 0.155892 -0.440505 0.884112
vn 0.056903 -0.944785 0.322713
vn 0.214433 -0.942715 0.255552
vn 0.579288 -0.433375 0.690370
vn 0.448875 -0.440505 0.777475
vn 0.163845 -0.944785 0.283789
vn 0.288906 -0.942715 0.166800
vn 0.780474 -0.433374 0.450607
vn 0.687716 -0.440505 0.577063
vn 0.251025 -0.944785 0.210635
vn 0.328532 -0.942715 0.057929
vn 0.887523 -0.433374 0.156495
vn 0.843609 -0.440504 0.307049
vn 0.307930 -0.944784 0.112078
vn 0.845016 0.437440 -0.307561
vn 0.887438 0.433553 -0.156480
vn 0.963884 -0.205039 -0.169959
vn 0.919419 -0.206602 -0.334641
vn 0.688864 0.437438 -0.578026
vn 0.780400 0.433553 -0.450564
vn 0.847627 -0.205033 -0.489378
vn 0.749518 -0.206598 -0.628920
vn 0.489213 -0.206600 -0.847341
vn 0.449625 0.437437 -0.778772
vn 0.579235 0.433551 -0.690305
vn 0.629132 -0.205030 -0.749770
vn 0.169901 -0.206605 -0.963560
vn 0.156153 0.437439 -0.885587
vn 0.308204 0.433552 -0.846784
vn 0.334753 -0.205038 -0.919728
vn -0.156153 0.437439 -0.885587
vn 0.000000 0.433553 -0.901128
vn -0.000000 -0.205037 -0.978754
vn -0.169901 -0.206604 -0.963560
vn -0.449625 0.437439 -0.778771
vn -0.308204 0.433552 -0.846784
vn -0.334754 -0.205037 -0.919728
vn -0.489213 -0.206601 -0.847341
vn -0.749518 -0.206599 -0.628920
vn -0.688864 0.437438 -0.578026
vn -0.579234 0.433552 -0.690304
vn -0.629132 -0.205033 -0.749769
vn -0.919419 -0.206600 -0.334641
vn -0.845018 0.437435 -0.307562
vn -0.780401 0.433550 -0.450565
vn -0.847627 -0.205031 -0.489378
vn -0.978425 -0.206604 -0.000000
vn -0.899249 0.437436 -0.000000
vn -0.887440 0.433549 -0.156480
vn -0.963885 -0.205036 -0.169960
vn -0.845019 0.437435 0.307561
vn -0.887439 0.433550 0.156480
vn -0.963885 -0.205035 0.169960
vn -0.919419 -0.206600 0.334641
vn -0.688864 0.437438 0.578026
vn -0.780401 0.433551 0.450564
vn -0.847627 -0.205033 0.489377
vn -0.749517 -0.206601 0.628920
vn -0.489213 -0.206604 0.847340
vn -0.449625 0.437438 0.778772
vn -0.579234 0.433553 0.690304
vn -0.629131 -0.205036 0.749769
vn -0.169903 -0.206603 0.963560
vn -0.156154 0.437438 0.885587
vn -0.308205 0.433551 0.846784
vn -0.334755 -0.205035 0.919728
vn 0.156152 0.437438 0.885587
vn -0.000001 0.433552 0.901128
vn -0.000001 -0.205039 0.978754
vn 0.169901 -0.206606 0.963560
vn 0.449624 0.437438 0.778772
vn 0.308204 0.433552 0.846784
vn 0.334754 -0.205038 0.919728
vn 0.489213 -0.206600 0.847341
vn 0.749516 -0.206603 0.628920
vn 0.688864 0.437439 0.578026
vn 0.579234 0.433552 0.690305
vn 0.629131 -0.205034 0.749770
vn 0.919419 -0.206601 0.334642
vn 0.845016 0.437440 0.307561
vn 0.780399 0.433554 0.450564
vn 0.847626 -0.205035 0.489378
vn 0.978424 -0.206607 0.000000
vn 0.899248 0.437440 0.000000
vn 0.887438 0.433554 0.156480
vn 0.963885 -0.205037 0.169959
vn 0.936220 0.085896 -0.340756
vn 0.981127 0.086382 -0.172999
vn 0.981127 0.086382 -0.172999
vn 0.936220 0.085896 -0.340756
vn 0.763213 0.085896 -0.640412
vn 0.862788 0.086382 -0.498131
vn 0.862788 0.086382 -0.498131
vn 0.763213 0.085896 -0.640412
vn 0.498152 0.085896 -0.862825
vn 0.498152 0.085896 -0.862825
vn 0.640385 0.086382 -0.763181
vn 0.640385 0.086382 -0.763181
vn 0.173007 0.085896 -0.981168
vn 0.173007 0.085896 -0.981168
vn 0.340742 0.086382 -0.936180
vn 0.340742 0.086382 -0.936180
vn 0.000000 0.086382 -0.996262
vn -0.173007 0.085896 -0.981168
vn -0.173007 0.085896 -0.981168
vn 0.000000 0.086382 -0.996262
vn -0.498152 0.085896 -0.862825
vn -0.340742 0.086382 -0.936180
vn -0.340742 0.086382 -0.936180
vn -0.498152 0.085896 -0.862825
vn -0.763213 0.085896 -0.640412
vn -0.763213 0.085896 -0.640412
vn -0.640385 0.086382 -0.763181
vn -0.640385 0.086382 -0.763181
vn -0.936219 0.085896 -0.340756
vn -0.936220 0.085896 -0.340756
vn -0.862788 0.086382 -0.498131
vn -0.862788 0.086382 -0.498131
vn -0.996304 0.085896 -0.000000
vn -0.996304 0.085896 -0.000000
vn -0.981127 0.086382 -0.172999
vn -0.981127 0.086382 -0.172999
vn -0.936220 0.085896 0.340756
vn -0.981127 0.086382 0.172999
vn -0.981127 0.086382 0.172999
vn -0.936220 0.085896 0.340756
vn -0.763213 0.085896 0.640412
vn -0.862788 0.086382 0.498131
vn -0.862788 0.086382 0.498131
vn -0.763213 0.085896 0.640412
vn -0.498152 0.085896 0.862824
vn -0.498152 0.085896 0.862824
vn -0.640385 0.086382 0.763181
vn -0.640385 0.086382 0.763181
vn -0.173007 0.085896 0.981168
vn -0.173007 0.085896 0.981168
vn -0.340742 0.086382 0.936180
vn -0.340742 0.086382 0.936180
vn -0.000000 0.086382 0.996262
vn 0.173006 0.085896 0.981168
vn 0.173006 0.085896 0.981168
vn -0.000000 0.086382 0.996262
vn 0.498152 0.085896 0.862825
vn 0.340741 0.086382 0.936180
vn 0.340741 0.086382 0.936180
vn 0.498152 0.085896 0.862825
vn 0.763213 0.085896 0.640412
vn 0.763213 0.085896 0.640412
vn 0.640385 0.086382 0.763181
vn 0.640385 0.086382 0.763181
vn 0.936219 0.085896 0.340757
vn 0.936219 0.085896 0.340757
vn 0.862788 0.086382 0.498132
vn 0.862788 0.086382 0.498132
vn 0.996304 0.085896 -0.000000
vn 0.996304 0.085896 -0.000000
vn 0.981127 0.086382 0.172999
vn 0.981127 0.086382 0.172999
vn 0.272239 0.961031 -0.048003
vn 0.777353 0.613950 -0.137068
vn 0.734509 0.623720 -0.267339
vn 0.261112 0.960619 -0.095037
vn 0.272242 0.961031 0.048004
vn 0.777353 0.613950 0.137069
vn 0.781647 0.623721 0.000000
vn 0.277869 0.960619 0.000000
vn 0.239405 0.961031 0.138221
vn 0.683591 0.613952 0.394672
vn 0.734507 0.623722 0.267339
vn 0.261113 0.960619 0.095038
vn 0.177693 0.961031 0.211766
vn 0.507380 0.613951 0.604673
vn 0.598776 0.623721 0.502433
vn 0.212861 0.960619 0.178612
vn 0.390823 0.623722 0.676926
vn 0.138934 0.960619 0.240642
vn 0.094548 0.961031 0.259769
vn 0.269971 0.613953 0.741740
vn 0.135731 0.623724 0.769770
vn 0.048252 0.960619 0.273648
vn -0.000000 0.961031 0.276441
vn -0.000000 0.613953 0.789343
vn -0.094548 0.961031 0.259769
vn -0.269972 0.613952 0.741740
vn -0.135732 0.623723 0.769771
vn -0.048252 0.960619 0.273648
vn -0.177693 0.961031 0.211767
vn -0.507381 0.613951 0.604672
vn -0.390824 0.623722 0.676925
vn -0.138935 0.960619 0.240642
vn -0.239405 0.961031 0.138221
vn -0.683593 0.613950 0.394672
vn -0.598776 0.623721 0.502433
vn -0.212861 0.960619 0.178611
vn -0.272241 0.961031 0.048003
vn -0.777352 0.613952 0.137068
vn -0.734508 0.623721 0.267339
vn -0.261113 0.960618 0.095037
vn -0.781646 0.623723 -0.000000
vn -0.277869 0.960619 -0.000000
vn -0.272242 0.961031 -0.048004
vn -0.777351 0.613952 -0.137068
vn -0.734507 0.623721 -0.267339
vn -0.261114 0.960618 -0.095038
vn -0.239406 0.961031 -0.138221
vn -0.683593 0.613950 -0.394673
vn -0.177693 0.961031 -0.211767
vn -0.507381 0.613951 -0.604673
vn -0.598777 0.623720 -0.502433
vn -0.212861 0.960619 -0.178612
vn -0.094549 0.961031 -0.259770
vn -0.269971 0.613953 -0.741739
vn -0.390823 0.623723 -0.676925
vn -0.138935 0.960619 -0.240643
vn -0.000000 0.961031 -0.276441
vn -0.000000 0.613952 -0.789343
vn -0.135731 0.623723 -0.769771
vn -0.048252 0.960619 -0.273649
vn 0.094548 0.961031 -0.259770
vn 0.269971 0.613953 -0.741739
vn 0.135731 0.623723 -0.769771
vn 0.048252 0.960619 -0.273648
vn 0.390823 0.623723 -0.676925
vn 0.138934 0.960619 -0.240642
vn 0.177693 0.961031 -0.211766
vn 0.507381 0.613951 -0.604673
vn 0.598777 0.623720 -0.502434
vn 0.212861 0.960618 -0.178612
vn 0.239406 0.961031 -0.138221
vn 0.683594 0.613949 -0.394673
vn 0.353648 -0.935170 -0.019740
vn 0.353648 -0.935170 -0.019740
vn 0.353648 -0.935170 -0.019740
vn 0.353648 -0.935170 -0.019740
vn 0.325566 -0.935172 -0.139503
vn 0.325566 -0.935172 -0.139503
vn 0.325566 -0.935172 -0.139503
vn 0.325566 -0.935172 -0.139503
vn 0.258225 -0.935169 -0.242445
vn 0.258225 -0.935169 -0.242445
vn 0.258225 -0.935169 -0.242445
vn 0.258225 -0.935169 -0.242445
vn 0.159725 -0.935174 -0.316130
vn 0.159725 -0.935174 -0.316130
vn 0.159725 -0.935174 -0.316130
vn 0.159725 -0.935174 -0.316130
vn 0.041970 -0.935174 -0.351693
vn 0.041970 -0.935174 -0.351693
vn 0.041970 -0.935174 -0.351693
vn 0.041970 -0.935174 -0.351693
vn -0.080847 -0.935175 -0.344836
vn -0.080847 -0.935175 -0.344836
vn -0.080847 -0.935175 -0.344836
vn -0.080847 -0.935175 -0.344836
vn -0.193913 -0.935175 -0.296389
vn -0.193913 -0.935175 -0.296389
vn -0.193913 -0.935175 -0.296389
vn -0.193913 -0.935175 -0.296389
vn -0.283600 -0.935170 -0.212200
vn -0.283600 -0.935170 -0.212200
vn -0.283600 -0.935170 -0.212200
vn -0.283600 -0.935170 -0.212200
vn -0.339094 -0.935161 -0.102413
vn -0.339094 -0.935161 -0.102413
vn -0.339094 -0.935161 -0.102413
vn -0.339094 -0.935161 -0.102413
vn -0.353651 -0.935169 0.019740
vn -0.353651 -0.935169 0.019740
vn -0.353651 -0.935169 0.019740
vn -0.353651 -0.935169 0.019740
vn -0.325570 -0.935170 0.139504
vn -0.325570 -0.935170 0.139504
vn -0.325570 -0.935170 0.139504
vn -0.325570 -0.935170 0.139504
vn -0.258225 -0.935168 0.242446
vn -0.258225 -0.935168 0.242446
vn -0.258225 -0.935168 0.242446
vn -0.258225 -0.935168 0.242446
vn -0.159730 -0.935169 0.316140
vn -0.159730 -0.935169 0.316140
vn -0.159730 -0.935169 0.316140
vn -0.159730 -0.935169 0.316140
vn -0.041971 -0.935168 0.351708
vn -0.041971 -0.935168 0.351708
vn -0.041971 -0.935168 0.351708
vn -0.041971 -0.935168 0.351708
vn 0.080851 -0.935169 0.344851
vn 0.080851 -0.935169 0.344851
vn 0.080851 -0.935169 0.344851
vn 0.080851 -0.935169 0.344851
vn 0.193922 -0.935168 0.296402
vn 0.193922 -0.935168 0.296402
vn 0.193922 -0.935168 0.296402
vn 0.193922 -0.935168 0.296402
vn 0.283599 -0.935170 0.212199
vn 0.283599 -0.935170 0.212199
vn 0.283599 -0.935170 0.212199
vn 0.283599 -0.935170 0.212199
vn 0.339073 -0.935170 0.102406
vn 0.339073 -0.935170 0.102406
vn 0.339073 -0.935170 0.102406
vn 0.339073 -0.935170 0.102406
vn 0.498207 -0.084609 0.862920
vn 0.498207 -0.084609 0.862920
vn 0.640458 -0.085066 0.763268
vn 0.640458 -0.085066 0.763268
vn 0.173026 -0.084609 0.981276
vn 0.173026 -0.084609 0.981276
vn 0.340780 -0.085066 0.936287
vn 0.340780 -0.085066 0.936287
vn -0.000000 -0.085066 0.996375
vn -0.173026 -0.084609 0.981277
vn -0.173026 -0.084609 0.981277
vn -0.000000 -0.085066 0.996375
vn -0.340780 -0.085066 0.936287
vn -0.498207 -0.084609 0.862920
vn -0.498207 -0.084609 0.862920
vn -0.340780 -0.085066 0.936287
vn -0.763298 -0.084609 0.640483
vn -0.763298 -0.084609 0.640483
vn -0.640458 -0.085066 0.763268
vn -0.640458 -0.085066 0.763268
vn -0.936323 -0.084609 0.340794
vn -0.936323 -0.084609 0.340794
vn -0.862886 -0.085066 0.498187
vn -0.862886 -0.085066 0.498188
vn -0.996414 -0.084609 -0.000000
vn -0.996414 -0.084609 -0.000000
vn -0.981238 -0.085066 0.173019
vn -0.981238 -0.085066 0.173019
vn -0.981238 -0.085066 -0.173019
vn -0.936323 -0.084609 -0.340794
vn -0.936323 -0.084609 -0.340794
vn -0.981238 -0.085066 -0.173019
vn -0.862886 -0.085066 -0.498188
vn -0.763297 -0.084609 -0.640483
vn -0.763297 -0.084609 -0.640483
vn -0.862886 -0.085066 -0.498188
vn -0.498206 -0.084609 -0.862920
vn -0.498206 -0.084609 -0.862920
vn -0.640457 -0.085066 -0.763268
vn -0.640457 -0.085066 -0.763268
vn -0.173025 -0.084609 -0.981277
vn -0.173025 -0.084609 -0.981277
vn -0.340780 -0.085066 -0.936287
vn -0.340780 -0.085066 -0.936287
vn 0.000001 -0.085066 -0.996375
vn 0.173026 -0.084609 -0.981276
vn 0.173026 -0.084609 -0.981276
vn 0.000001 -0.085066 -0.996375
vn 0.340781 -0.085066 -0.936286
vn 0.498208 -0.084609 -0.862920
vn 0.498208 -0.084609 -0.862920
vn 0.340781 -0.085066 -0.936286
vn 0.763297 -0.084609 -0.640483
vn 0.763297 -0.084609 -0.640483
vn 0.640458 -0.085066 -0.763268
vn 0.640458 -0.085066 -0.763268
vn 0.936323 -0.084609 -0.340794
vn 0.936323 -0.084609 -0.340794
vn 0.862886 -0.085066 -0.498188
vn 0.862886 -0.085066 -0.498188
vn 0.996414 -0.084609 0.000000
vn 0.996414 -0.084609 0.000000
vn 0.981238 -0.085066 -0.173019
vn 0.981238 -0.085066 -0.173019
vn 0.981238 -0.085066 0.173019
vn 0.936323 -0.084609 0.340794
vn 0.936323 -0.084609 0.340794
vn 0.981238 -0.085066 0.173019
vn 0.862886 -0.085066 0.498188
vn 0.763297 -0.084609 0.640483
vn 0.763297 -0.084609 0.640483
vn 0.862886 -0.085066 0.498188
vn 0.473946 0.880554 0.000000
vn 0.472843 0.877193 -0.083375
vn 0.214716 0.975942 -0.037860
vn 0.219151 0.975691 0.000000
vn 0.445365 0.880553 -0.162100
vn 0.415812 0.877193 -0.240069
vn 0.188820 0.975942 -0.109015
vn 0.205936 0.975691 -0.074955
vn 0.140147 0.975942 -0.167020
vn 0.167881 0.975691 -0.140869
vn 0.363065 0.880553 -0.304648
vn 0.308627 0.877192 -0.367808
vn 0.074570 0.975943 -0.204879
vn 0.109576 0.975691 -0.189791
vn 0.236974 0.880553 -0.410451
vn 0.164217 0.877193 -0.451182
vn 0.082300 0.880554 -0.466746
vn 0.000000 0.877194 -0.480137
vn 0.000000 0.975943 -0.218027
vn 0.038055 0.975691 -0.215821
vn -0.082300 0.880554 -0.466746
vn -0.164217 0.877193 -0.451181
vn -0.074569 0.975943 -0.204877
vn -0.038055 0.975691 -0.215821
vn -0.236973 0.880554 -0.410449
vn -0.308626 0.877193 -0.367807
vn -0.140145 0.975943 -0.167019
vn -0.109574 0.975692 -0.189787
vn -0.363066 0.880553 -0.304648
vn -0.415814 0.877192 -0.240070
vn -0.188819 0.975942 -0.109015
vn -0.167881 0.975691 -0.140869
vn -0.214715 0.975943 -0.037860
vn -0.205934 0.975691 -0.074954
vn -0.445367 0.880552 -0.162100
vn -0.472846 0.877191 -0.083376
vn -0.214717 0.975942 0.037861
vn -0.219150 0.975691 -0.000000
vn -0.473949 0.880552 -0.000000
vn -0.472847 0.877191 0.083376
vn -0.445369 0.880551 0.162101
vn -0.415814 0.877191 0.240070
vn -0.188822 0.975942 0.109016
vn -0.205938 0.975690 0.074955
vn -0.363066 0.880553 0.304648
vn -0.308626 0.877193 0.367806
vn -0.140145 0.975943 0.167018
vn -0.167881 0.975690 0.140869
vn -0.236973 0.880554 0.410449
vn -0.164217 0.877193 0.451182
vn -0.074570 0.975943 0.204877
vn -0.109574 0.975692 0.189787
vn -0.082301 0.880553 0.466748
vn -0.000000 0.877193 0.480138
vn -0.000000 0.975942 0.218032
vn -0.038056 0.975691 0.215823
vn 0.074571 0.975942 0.204883
vn 0.038056 0.975690 0.215825
vn 0.082300 0.880553 0.466748
vn 0.164217 0.877192 0.451183
vn 0.140149 0.975941 0.167023
vn 0.109578 0.975690 0.189795
vn 0.236975 0.880552 0.410453
vn 0.308628 0.877191 0.367809
vn 0.363066 0.880552 0.304649
vn 0.415812 0.877193 0.240070
vn 0.188822 0.975941 0.109017
vn 0.167883 0.975690 0.140871
vn 0.445365 0.880553 0.162100
vn 0.472843 0.877193 0.083376
vn 0.214718 0.975942 0.037861
vn 0.205939 0.975690 0.074956
vn 0.307928 -0.944785 -0.112077
vn 0.328531 -0.942715 -0.057929
vn 0.113270 -0.993363 -0.019973
vn 0.108663 -0.993292 -0.039550
vn 0.327690 -0.944785 0.000000
vn 0.328532 -0.942715 0.057929
vn 0.113270 -0.993363 0.019973
vn 0.115635 -0.993292 0.000000
vn 0.307930 -0.944784 0.112078
vn 0.288906 -0.942715 0.166800
vn 0.099608 -0.993363 0.057509
vn 0.108662 -0.993292 0.039550
vn 0.073931 -0.993363 0.088108
vn 0.088582 -0.993292 0.074329
vn 0.251025 -0.944785 0.210635
vn 0.214433 -0.942715 0.255552
vn 0.039338 -0.993363 0.108082
vn 0.057818 -0.993292 0.100144
vn 0.163845 -0.944785 0.283789
vn 0.114098 -0.942715 0.313481
vn 0.056903 -0.944785 0.322713
vn -0.000000 -0.942715 0.333599
vn 0.000000 -0.993363 0.115017
vn 0.020080 -0.993292 0.113880
vn -0.056903 -0.944785 0.322712
vn -0.114098 -0.942715 0.313481
vn -0.039338 -0.993364 0.108080
vn -0.020080 -0.993292 0.113878
vn -0.163846 -0.944785 0.283790
vn -0.214434 -0.942714 0.255553
vn -0.073931 -0.993363 0.088108
vn -0.057818 -0.993292 0.100143
vn -0.251026 -0.944785 0.210636
vn -0.288906 -0.942715 0.166800
vn -0.099607 -0.993364 0.057508
vn -0.088581 -0.993292 0.074328
vn -0.113269 -0.993364 0.019972
vn -0.108660 -0.993292 0.039549
vn -0.307930 -0.944785 0.112077
vn -0.328532 -0.942715 0.057929
vn -0.113270 -0.993363 -0.019973
vn -0.115635 -0.993292 0.000000
vn -0.327691 -0.944785 0.000000
vn -0.328533 -0.942714 -0.057929
vn -0.307931 -0.944784 -0.112078
vn -0.288907 -0.942714 -0.166800
vn -0.099608 -0.993363 -0.057509
vn -0.108662 -0.993292 -0.039550
vn -0.251025 -0.944785 -0.210635
vn -0.214433 -0.942715 -0.255552
vn -0.073931 -0.993364 -0.088108
vn -0.088581 -0.993292 -0.074329
vn -0.163846 -0.944785 -0.283789
vn -0.114098 -0.942715 -0.313480
vn -0.039338 -0.993363 -0.108081
vn -0.057818 -0.993292 -0.100143
vn -0.056903 -0.944785 -0.322713
vn 0.000000 -0.942714 -0.333601
vn 0.000000 -0.993363 -0.115018
vn -0.020080 -0.993292 -0.113879
vn 0.039338 -0.993363 -0.108081
vn 0.020080 -0.993292 -0.113879
vn 0.056903 -0.944785 -0.322713
vn 0.114098 -0.942715 -0.313481
vn 0.073931 -0.993364 -0.088108
vn 0.057817 -0.993292 -0.100143
vn 0.163846 -0.944785 -0.283789
vn 0.214434 -0.942715 -0.255552
vn 0.251026 -0.944785 -0.210636
vn 0.288905 -0.942715 -0.166799
vn 0.099608 -0.993363 -0.057509
vn 0.088581 -0.993292 -0.074329
vn 0.815349 -0.497130 -0.296763
vn 0.919419 -0.206602 -0.334641
vn 0.963884 -0.205039 -0.169959
vn 0.853306 -0.499230 -0.150461
vn 0.664681 -0.497122 -0.557735
vn 0.749518 -0.206598 -0.628920
vn 0.847627 -0.205033 -0.489378
vn 0.750391 -0.499218 -0.433238
vn 0.489213 -0.206600 -0.847341
vn 0.629132 -0.205030 -0.749770
vn 0.556963 -0.499210 -0.663763
vn 0.433840 -0.497124 -0.751432
vn 0.296351 -0.499227 -0.814216
vn 0.150670 -0.497134 -0.854492
vn 0.169901 -0.206605 -0.963560
vn 0.334753 -0.205038 -0.919728
vn -0.150670 -0.497133 -0.854493
vn -0.169901 -0.206604 -0.963560
vn -0.000000 -0.205037 -0.978754
vn 0.000000 -0.499224 -0.866473
vn -0.433838 -0.497129 -0.751430
vn -0.489213 -0.206601 -0.847341
vn -0.334754 -0.205037 -0.919728
vn -0.296351 -0.499225 -0.814217
vn -0.749518 -0.206599 -0.628920
vn -0.629132 -0.205033 -0.749769
vn -0.556960 -0.499218 -0.663760
vn -0.664681 -0.497124 -0.557734
vn -0.750393 -0.499213 -0.433239
vn -0.815352 -0.497124 -0.296764
vn -0.919419 -0.206600 -0.334641
vn -0.847627 -0.205031 -0.489378
vn -0.853310 -0.499222 -0.150462
vn -0.867674 -0.497133 -0.000000
vn -0.978425 -0.206604 -0.000000
vn -0.963885 -0.205036 -0.169960
vn -0.815352 -0.497124 0.296764
vn -0.919419 -0.206600 0.334641
vn -0.963885 -0.205035 0.169960
vn -0.853310 -0.499222 0.150463
vn -0.664680 -0.497127 0.557732
vn -0.749517 -0.206601 0.628920
vn -0.847627 -0.205033 0.489377
vn -0.750391 -0.499217 0.433239
vn -0.489213 -0.206604 0.847340
vn -0.629131 -0.205036 0.749769
vn -0.556958 -0.499225 0.663756
vn -0.433837 -0.497133 0.751428
vn -0.296352 -0.499222 0.814219
vn -0.150671 -0.497130 0.854494
vn -0.169903 -0.206603 0.963560
vn -0.334755 -0.205035 0.919728
vn 0.150669 -0.497136 0.854491
vn 0.169901 -0.206606 0.963560
vn -0.000001 -0.205039 0.978754
vn -0.000001 -0.499227 0.866471
vn 0.433840 -0.497126 0.751431
vn 0.489213 -0.206600 0.847341
vn 0.334754 -0.205038 0.919728
vn 0.296351 -0.499225 0.814218
vn 0.749516 -0.206603 0.628920
vn 0.629131 -0.205034 0.749770
vn 0.556960 -0.499218 0.663760
vn 0.664677 -0.497131 0.557732
vn 0.750389 -0.499221 0.433238
vn 0.815351 -0.497127 0.296764
vn 0.919419 -0.206601 0.334642
vn 0.847626 -0.205035 0.489378
vn 0.853308 -0.499226 0.150462
vn 0.867671 -0.497139 0.000000
vn 0.978424 -0.206607 0.000000
vn 0.963885 -0.205037 0.169959
vn 0.843609 -0.440506 -0.307049
vn 0.887522 -0.433375 -0.156494
vn 0.328531 -0.942715 -0.057929
vn 0.307928 -0.944785 -0.112077
vn 0.288905 -0.942715 -0.166799
vn 0.251026 -0.944785 -0.210636
vn 0.687717 -0.440504 -0.577063
vn 0.780474 -0.433375 -0.450607
vn 0.214434 -0.942715 -0.255552
vn 0.163846 -0.944785 -0.283789
vn 0.448875 -0.440504 -0.777475
vn 0.579289 -0.433373 -0.690370
vn 0.114098 -0.942715 -0.313481
vn 0.056903 -0.944785 -0.322713
vn 0.155893 -0.440504 -0.884112
vn 0.308233 -0.433374 -0.846864
vn 0.000000 -0.942714 -0.333601
vn -0.056903 -0.944785 -0.322713
vn -0.155893 -0.440504 -0.884112
vn 0.000000 -0.433373 -0.901215
vn -0.114098 -0.942715 -0.313480
vn -0.163846 -0.944785 -0.283789
vn -0.448876 -0.440504 -0.777474
vn -0.308234 -0.433374 -0.846864
vn -0.214433 -0.942715 -0.255552
vn -0.251025 -0.944785 -0.210635
vn -0.687717 -0.440504 -0.577063
vn -0.579289 -0.433374 -0.690370
vn -0.288907 -0.942714 -0.166800
vn -0.307931 -0.944784 -0.112078
vn -0.843611 -0.440502 -0.307049
vn -0.780475 -0.433372 -0.450608
vn -0.328533 -0.942714 -0.057929
vn -0.327691 -0.944785 0.000000
vn -0.897751 -0.440504 -0.000000
vn -0.887523 -0.433372 -0.156495
vn -0.328532 -0.942715 0.057929
vn -0.307930 -0.944785 0.112077
vn -0.843610 -0.440502 0.307049
vn -0.887523 -0.433373 0.156494
vn -0.288906 -0.942715 0.166800
vn -0.251026 -0.944785 0.210636
vn -0.687717 -0.440504 0.577063
vn -0.780475 -0.433373 0.450607
vn -0.214434 -0.942714 0.255553
vn -0.163846 -0.944785 0.283790
vn -0.448876 -0.440504 0.777475
vn -0.579290 -0.433374 0.690370
vn -0.114098 -0.942715 0.313481
vn -0.056903 -0.944785 0.322712
vn -0.155893 -0.440505 0.884111
vn -0.308234 -0.433374 0.846864
vn -0.000000 -0.942715 0.333599
vn 0.056903 -0.944785 0.322713
vn 0.155892 -0.440505 0.884112
vn -0.000000 -0.433375 0.901214
vn 0.114098 -0.942715 0.313481
vn 0.163845 -0.944785 0.283789
vn 0.448875 -0.440505 0.777475
vn 0.308233 -0.433375 0.846864
vn 0.214433 -0.942715 0.255552
vn 0.251025 -0.944785 0.210635
vn 0.687716 -0.440505 0.577063
vn 0.579288 -0.433375 0.690370
vn 0.288906 -0.942715 0.166800
vn 0.307930 -0.944784 0.112078
vn 0.843609 -0.440504 0.307049
vn 0.780474 -0.433374 0.450607
vn 0.328532 -0.942715 0.057929
vn 0.327690 -0.944785 0.000000
vn 0.897750 -0.440505 0.000000
vn 0.887523 -0.433374 0.156495
vn 0.899248 0.437440 0.000000
vn 0.887438 0.433553 -0.156480
vn 0.472843 0.877193 -0.083375
vn 0.473946 0.880554 0.000000
vn 0.415812 0.877193 -0.240069
vn 0.445365 0.880553 -0.162100
vn 0.845016 0.437440 -0.307561
vn 0.780400 0.433553 -0.450564
vn 0.308627 0.877192 -0.367808
vn 0.363065 0.880553 -0.304648
vn 0.688864 0.437438 -0.578026
vn 0.579235 0.433551 -0.690305
vn 0.164217 0.877193 -0.451182
vn 0.236974 0.880553 -0.410451
vn 0.449625 0.437437 -0.778772
vn 0.308204 0.433552 -0.846784
vn 0.000000 0.877194 -0.480137
vn 0.082300 0.880554 -0.466746
vn 0.156153 0.437439 -0.885587
vn 0.000000 0.433553 -0.901128
vn -0.164217 0.877193 -0.451181
vn -0.082300 0.880554 -0.466746
vn -0.156153 0.437439 -0.885587
vn -0.308204 0.433552 -0.846784
vn -0.449625 0.437439 -0.778771
vn -0.579234 0.433552 -0.690304
vn -0.308626 0.877193 -0.367807
vn -0.236973 0.880554 -0.410449
vn -0.415814 0.877192 -0.240070
vn -0.363066 0.880553 -0.304648
vn -0.688864 0.437438 -0.578026
vn -0.780401 0.433550 -0.450565
vn -0.472846 0.877191 -0.083376
vn -0.445367 0.880552 -0.162100
vn -0.845018 0.437435 -0.307562
vn -0.887440 0.433549 -0.156480
vn -0.472847 0.877191 0.083376
vn -0.473949 0.880552 -0.000000
vn -0.899249 0.437436 -0.000000
vn -0.887439 0.433550 0.156480
vn -0.415814 0.877191 0.240070
vn -0.445369 0.880551 0.162101
vn -0.845019 0.437435 0.307561
vn -0.780401 0.433551 0.450564
vn -0.308626 0.877193 0.367806
vn -0.363066 0.880553 0.304648
vn -0.688864 0.437438 0.578026
vn -0.579234 0.433553 0.690304
vn -0.449625 0.437438 0.778772
vn -0.308205 0.433551 0.846784
vn -0.164217 0.877193 0.451182
vn -0.236973 0.880554 0.410449
vn -0.000000 0.877193 0.480138
vn -0.082301 0.880553 0.466748
vn -0.156154 0.437438 0.885587
vn -0.000001 0.433552 0.901128
vn 0.164217 0.877192 0.451183
vn 0.082300 0.880553 0.466748
vn 0.156152 0.437438 0.885587
vn 0.308204 0.433552 0.846784
vn 0.308628 0.877191 0.367809
vn 0.236975 0.880552 0.410453
vn 0.449624 0.437438 0.778772
vn 0.579234 0.433552 0.690305
vn 0.415812 0.877193 0.240070
vn 0.363066 0.880552 0.304649
vn 0.688864 0.437439 0.578026
vn 0.780399 0.433554 0.450564
vn 0.845016 0.437440 0.307561
vn 0.887438 0.433554 0.156480
vn 0.472843 0.877193 0.083376
vn 0.445365 0.880553 0.162100
vn 0.981127 0.086382 -0.172999
vn 0.996304 0.085896 -0.000000
vn 0.996304 0.085896 -0.000000
vn 0.981127 0.086382 -0.172999
vn 0.862788 0.086382 -0.498131
vn 0.936220 0.085896 -0.340756
vn 0.936220 0.085896 -0.340756
vn 0.862788 0.086382 -0.498131
vn 0.640385 0.086382 -0.763181
vn 0.763213 0.085896 -0.640412
vn 0.763213 0.085896 -0.640412
vn 0.640385 0.086382 -0.763181
vn 0.340742 0.086382 -0.936180
vn 0.340742 0.086382 -0.936180
vn 0.498152 0.085896 -0.862825
vn 0.498152 0.085896 -0.862825
vn 0.000000 0.086382 -0.996262
vn 0.000000 0.086382 -0.996262
vn 0.173007 0.085896 -0.981168
vn 0.173007 0.085896 -0.981168
vn -0.340742 0.086382 -0.936180
vn -0.173007 0.085896 -0.981168
vn -0.173007 0.085896 -0.981168
vn -0.340742 0.086382 -0.936180
vn -0.640385 0.086382 -0.763181
vn -0.498152 0.085896 -0.862825
vn -0.498152 0.085896 -0.862825
vn -0.640385 0.086382 -0.763181
vn -0.862788 0.086382 -0.498131
vn -0.862788 0.086382 -0.498131
vn -0.763213 0.085896 -0.640412
vn -0.763213 0.085896 -0.640412
vn -0.981127 0.086382 -0.172999
vn -0.981127 0.086382 -0.172999
vn -0.936220 0.085896 -0.340756
vn -0.936219 0.085896 -0.340756
vn -0.981127 0.086382 0.172999
vn -0.996304 0.085896 -0.000000
vn -0.996304 0.085896 -0.000000
vn -0.981127 0.086382 0.172999
vn -0.862788 0.086382 0.498131
vn -0.936220 0.085896 0.340756
vn -0.936220 0.085896 0.340756
vn -0.862788 0.086382 0.498131
vn -0.640385 0.086382 0.763181
vn -0.763213 0.085896 0.640412
vn -0.763213 0.085896 0.640412
vn -0.640385 0.086382 0.763181
vn -0.340742 0.086382 0.936180
vn -0.340742 0.086382 0.936180
vn -0.498152 0.085896 0.862824
vn -0.498152 0.085896 0.862824
vn -0.000000 0.086382 0.996262
vn -0.000000 0.086382 0.996262
vn -0.173007 0.085896 0.981168
vn -0.173007 0.085896 0.981168
vn 0.340741 0.086382 0.936180
vn 0.173006 0.085896 0.981168
vn 0.173006 0.085896 0.981168
vn 0.340741 0.086382 0.936180
vn 0.640385 0.086382 0.763181
vn 0.498152 0.085896 0.862825
vn 0.498152 0.085896 0.862825
vn 0.640385 0.086382 0.763181
vn 0.862788 0.086382 0.498132
vn 0.862788 0.086382 0.498132
vn 0.763213 0.085896 0.640412
vn 0.763213 0.085896 0.640412
vn 0.981127 0.086382 0.172999
vn 0.981127 0.086382 0.172999
vn 0.936219 0.085896 0.340757
vn 0.936219 0.085896 0.340757
vn 0.781647 0.623721 0.000000
vn 0.777353 0.613950 -0.137068
vn 0.272239 0.961031 -0.048003
vn 0.277869 0.960619 0.000000
vn 0.734507 0.623722 0.267339
vn 0.777353 0.613950 0.137069
vn 0.272242 0.961031 0.048004
vn 0.261113 0.960619 0.095038
vn 0.239405 0.961031 0.138221
vn 0.212861 0.960619 0.178612
vn 0.598776 0.623721 0.502433
vn 0.683591 0.613952 0.394672
vn 0.177693 0.961031 0.211766
vn 0.138934 0.960619 0.240642
vn 0.390823 0.623722 0.676926
vn 0.507380 0.613951 0.604673
vn 0.094548 0.961031 0.259769
vn 0.048252 0.960619 0.273648
vn 0.135731 0.623724 0.769770
vn 0.269971 0.613953 0.741740
vn -0.000000 0.961031 0.276441
vn -0.048252 0.960619 0.273648
vn -0.135732 0.623723 0.769771
vn -0.000000 0.613953 0.789343
vn -0.390824 0.623722 0.676925
vn -0.269972 0.613952 0.741740
vn -0.094548 0.961031 0.259769
vn -0.138935 0.960619 0.240642
vn -0.177693 0.961031 0.211767
vn -0.212861 0.960619 0.178611
vn -0.598776 0.623721 0.502433
vn -0.507381 0.613951 0.604672
vn -0.239405 0.961031 0.138221
vn -0.261113 0.960618 0.095037
vn -0.734508 0.623721 0.267339
vn -0.683593 0.613950 0.394672
vn -0.272241 0.961031 0.048003
vn -0.277869 0.960619 -0.000000
vn -0.781646 0.623723 -0.000000
vn -0.777352 0.613952 0.137068
vn -0.272242 0.961031 -0.048004
vn -0.261114 0.960618 -0.095038
vn -0.734507 0.623721 -0.267339
vn -0.777351 0.613952 -0.137068
vn -0.239406 0.961031 -0.138221
vn -0.212861 0.960619 -0.178612
vn -0.598777 0.623720 -0.502433
vn -0.683593 0.613950 -0.394673
vn -0.390823 0.623723 -0.676925
vn -0.507381 0.613951 -0.604673
vn -0.177693 0.961031 -0.211767
vn -0.138935 0.960619 -0.240643
vn -0.094549 0.961031 -0.259770
vn -0.048252 0.960619 -0.273649
vn -0.135731 0.623723 -0.769771
vn -0.269971 0.613953 -0.741739
vn -0.000000 0.961031 -0.276441
vn 0.048252 0.960619 -0.273648
vn 0.135731 0.623723 -0.769771
vn -0.000000 0.613952 -0.789343
vn 0.094548 0.961031 -0.259770
vn 0.138934 0.960619 -0.240642
vn 0.390823 0.623723 -0.676925
vn 0.269971 0.613953 -0.741739
vn 0.177693 0.961031 -0.211766
vn 0.212861 0.960618 -0.178612
vn 0.598777 0.623720 -0.502434
vn 0.507381 0.613951 -0.604673
vn 0.239406 0.961031 -0.138221
vn 0.261112 0.960619 -0.095037
vn 0.734509 0.623720 -0.267339
vn 0.683594 0.613949 -0.394673
vn 0.339071 -0.935171 -0.102405
vn 0.339071 -0.935171 -0.102405
vn 0.339071 -0.935171 -0.102405
vn 0.339071 -0.935171 -0.102405
vn 0.283599 -0.935170 -0.212199
vn 0.283599 -0.935170 -0.212199
vn 0.283599 -0.935170 -0.212199
vn 0.283599 -0.935170 -0.212199
vn 0.193913 -0.935175 -0.296389
vn 0.193913 -0.935175 -0.296389
vn 0.193913 -0.935175 -0.296389
vn 0.193913 -0.935175 -0.296389
vn 0.080848 -0.935174 -0.344839
vn 0.080848 -0.935174 -0.344839
vn 0.080848 -0.935174 -0.344839
vn 0.080848 -0.935174 -0.344839
vn -0.041970 -0.935174 -0.351693
vn -0.041970 -0.935174 -0.351693
vn -0.041970 -0.935174 -0.351693
vn -0.041970 -0.935174 -0.351693
vn -0.159724 -0.935175 -0.316127
vn -0.159724 -0.935175 -0.316127
vn -0.159724 -0.935175 -0.316127
vn -0.159724 -0.935175 -0.316127
vn -0.258226 -0.935168 -0.242446
vn -0.258226 -0.935168 -0.242446
vn -0.258226 -0.935168 -0.242446
vn -0.258226 -0.935168 -0.242446
vn -0.325568 -0.935171 -0.139504
vn -0.325568 -0.935171 -0.139504
vn -0.325568 -0.935171 -0.139504
vn -0.325568 -0.935171 -0.139504
vn -0.353668 -0.935163 -0.019740
vn -0.353668 -0.935163 -0.019740
vn -0.353668 -0.935163 -0.019740
vn -0.353668 -0.935163 -0.019740
vn -0.339076 -0.935169 0.102407
vn -0.339076 -0.935169 0.102407
vn -0.339076 -0.935169 0.102407
vn -0.339076 -0.935169 0.102407
vn -0.283601 -0.935169 0.212201
vn -0.283601 -0.935169 0.212201
vn -0.283601 -0.935169 0.212201
vn -0.283601 -0.935169 0.212201
vn -0.193922 -0.935168 0.296403
vn -0.193922 -0.935168 0.296403
vn -0.193922 -0.935168 0.296403
vn -0.193922 -0.935168 0.296403
vn -0.080851 -0.935169 0.344851
vn -0.080851 -0.935169 0.344851
vn -0.080851 -0.935169 0.344851
vn -0.080851 -0.935169 0.344851
vn 0.041971 -0.935168 0.351708
vn 0.041971 -0.935168 0.351708
vn 0.041971 -0.935168 0.351708
vn 0.041971 -0.935168 0.351708
vn 0.159730 -0.935170 0.316140
vn 0.159730 -0.935170 0.316140
vn 0.159730 -0.935170 0.316140
vn 0.159730 -0.935170 0.316140
vn 0.258225 -0.935168 0.242446
vn 0.258225 -0.935168 0.242446
vn 0.258225 -0.935168 0.242446
vn 0.258225 -0.935168 0.242446
vn 0.325567 -0.935171 0.139504
vn 0.325567 -0.935171 0.139504
vn 0.325567 -0.935171 0.139504
vn 0.325567 -0.935171 0.139504
vn 0.353651 -0.935169 0.019740
vn 0.353650 -0.935169 0.019740
vn 0.353650 -0.935169 0.019740
vn 0.353650 -0.935169 0.019740
vn 0.763297 -0.084609 0.640483
vn 0.640458 -0.085066 0.763268
vn 0.640458 -0.085066 0.763268
vn 0.763297 -0.084609 0.640483
vn 0.340780 -0.085066 0.936287
vn 0.340780 -0.085066 0.936287
vn 0.498207 -0.084609 0.862920
vn 0.498207 -0.084609 0.862920
vn -0.000000 -0.085066 0.996375
vn -0.000000 -0.085066 0.996375
vn 0.173026 -0.084609 0.981276
vn 0.173026 -0.084609 0.981276
vn -0.173026 -0.084609 0.981277
vn -0.340780 -0.085066 0.936287
vn -0.340780 -0.085066 0.936287
vn -0.173026 -0.084609 0.981277
vn -0.498207 -0.084609 0.862920
vn -0.640458 -0.085066 0.763268
vn -0.640458 -0.085066 0.763268
vn -0.498207 -0.084609 0.862920
vn -0.862886 -0.085066 0.498188
vn -0.862886 -0.085066 0.498187
vn -0.763298 -0.084609 0.640483
vn -0.763298 -0.084609 0.640483
vn -0.981238 -0.085066 0.173019
vn -0.981238 -0.085066 0.173019
vn -0.936323 -0.084609 0.340794
vn -0.936323 -0.084609 0.340794
vn -0.996414 -0.084609 -0.000000
vn -0.981238 -0.085066 -0.173019
vn -0.981238 -0.085066 -0.173019
vn -0.996414 -0.084609 -0.000000
vn -0.936323 -0.084609 -0.340794
vn -0.862886 -0.085066 -0.498188
vn -0.862886 -0.085066 -0.498188
vn -0.936323 -0.084609 -0.340794
vn -0.763297 -0.084609 -0.640483
vn -0.640457 -0.085066 -0.763268
vn -0.640457 -0.085066 -0.763268
vn -0.763297 -0.084609 -0.640483
vn -0.340780 -0.085066 -0.936287
vn -0.340780 -0.085066 -0.936287
vn -0.498206 -0.084609 -0.862920
vn -0.498206 -0.084609 -0.862920
vn 0.000001 -0.085066 -0.996375
vn 0.000001 -0.085066 -0.996375
vn -0.173025 -0.084609 -0.981277
vn -0.173025 -0.084609 -0.981277
vn 0.173026 -0.084609 -0.981276
vn 0.340781 -0.085066 -0.936286
vn 0.340781 -0.085066 -0.936286
vn 0.173026 -0.084609 -0.981276
vn 0.498208 -0.084609 -0.862920
vn 0.640458 -0.085066 -0.763268
vn 0.640458 -0.085066 -0.763268
vn 0.498208 -0.084609 -0.862920
vn 0.862886 -0.085066 -0.498188
vn 0.862886 -0.085066 -0.498188
vn 0.763297 -0.084609 -0.640483
vn 0.763297 -0.084609 -0.640483
vn 0.981238 -0.085066 -0.173019
vn 0.981238 -0.085066 -0.173019
vn 0.936323 -0.084609 -0.340794
vn 0.936323 -0.084609 -0.340794
vn 0.996414 -0.084609 0.000000
vn 0.981238 -0.085066 0.173019
vn 0.981238 -0.085066 0.173019
vn 0.996414 -0.084609 0.000000
vn 0.936323 -0.084609 0.340794
vn 0.862886 -0.085066 0.498188
vn 0.862886 -0.085066 0.498188
vn 0.936323 -0.084609 0.340794
vn 0.445365 0.880553 -0.162100
vn 0.205936 0.975691 -0.074955
vn 0.214716 0.975942 -0.037860
vn 0.472843 0.877193 -0.083375
vn 0.363065 0.880553 -0.304648
vn 0.167881 0.975691 -0.140869
vn 0.188820 0.975942 -0.109015
vn 0.415812 0.877193 -0.240069
vn 0.236974 0.880553 -0.410451
vn 0.109576 0.975691 -0.189791
vn 0.140147 0.975942 -0.167020
vn 0.308627 0.877192 -0.367808
vn 0.082300 0.880554 -0.466746
vn 0.038055 0.975691 -0.215821
vn 0.074570 0.975943 -0.204879
vn 0.164217 0.877193 -0.451182
vn 0.000000 0.975943 -0.218027
vn 0.000000 0.877194 -0.480137
vn -0.082300 0.880554 -0.466746
vn -0.038055 0.975691 -0.215821
vn -0.074569 0.975943 -0.204877
vn -0.164217 0.877193 -0.451181
vn -0.236973 0.880554 -0.410449
vn -0.109574 0.975692 -0.189787
vn -0.363066 0.880553 -0.304648
vn -0.167881 0.975691 -0.140869
vn -0.140145 0.975943 -0.167019
vn -0.308626 0.877193 -0.367807
vn -0.445367 0.880552 -0.162100
vn -0.205934 0.975691 -0.074954
vn -0.188819 0.975942 -0.109015
vn -0.415814 0.877192 -0.240070
vn -0.473949 0.880552 -0.000000
vn -0.219150 0.975691 -0.000000
vn -0.214715 0.975943 -0.037860
vn -0.472846 0.877191 -0.083376
vn -0.445369 0.880551 0.162101
vn -0.205938 0.975690 0.074955
vn -0.214717 0.975942 0.037861
vn -0.472847 0.877191 0.083376
vn -0.188822 0.975942 0.109016
vn -0.415814 0.877191 0.240070
vn -0.363066 0.880553 0.304648
vn -0.167881 0.975690 0.140869
vn -0.140145 0.975943 0.167018
vn -0.308626 0.877193 0.367806
vn -0.236973 0.880554 0.410449
vn -0.109574 0.975692 0.189787
vn -0.082301 0.880553 0.466748
vn -0.038056 0.975691 0.215823
vn -0.074570 0.975943 0.204877
vn -0.164217 0.877193 0.451182
vn 0.082300 0.880553 0.466748
vn 0.038056 0.975690 0.215825
vn -0.000000 0.975942 0.218032
vn -0.000000 0.877193 0.480138
vn 0.236975 0.880552 0.410453
vn 0.109578 0.975690 0.189795
vn 0.074571 0.975942 0.204883
vn 0.164217 0.877192 0.451183
vn 0.363066 0.880552 0.304649
vn 0.167883 0.975690 0.140871
vn 0.140149 0.975941 0.167023
vn 0.308628 0.877191 0.367809
vn 0.188822 0.975941 0.109017
vn 0.415812 0.877193 0.240070
vn 0.445365 0.880553 0.162100
vn 0.205939 0.975690 0.074956
vn 0.214718 0.975942 0.037861
vn 0.472843 0.877193 0.083376
vn 0.473946 0.880554 0.000000
vn 0.219151 0.975691 0.000000
vn 0.113270 -0.993363 -0.019973
vn 0.328531 -0.942715 -0.057929
vn 0.327690 -0.944785 0.000000
vn 0.115635 -0.993292 0.000000
vn 0.307930 -0.944784 0.112078
vn 0.108662 -0.993292 0.039550
vn 0.113270 -0.993363 0.019973
vn 0.328532 -0.942715 0.057929
vn 0.251025 -0.944785 0.210635
vn 0.088582 -0.993292 0.074329
vn 0.099608 -0.993363 0.057509
vn 0.288906 -0.942715 0.166800
vn 0.163845 -0.944785 0.283789
vn 0.057818 -0.993292 0.100144
vn 0.073931 -0.993363 0.088108
vn 0.214433 -0.942715 0.255552
vn 0.056903 -0.944785 0.322713
vn 0.020080 -0.993292 0.113880
vn 0.039338 -0.993363 0.108082
vn 0.114098 -0.942715 0.313481
vn 0.000000 -0.993363 0.115017
vn -0.000000 -0.942715 0.333599
vn -0.056903 -0.944785 0.322712
vn -0.020080 -0.993292 0.113878
vn -0.039338 -0.993364 0.108080
vn -0.114098 -0.942715 0.313481
vn -0.163846 -0.944785 0.283790
vn -0.057818 -0.993292 0.100143
vn -0.251026 -0.944785 0.210636
vn -0.088581 -0.993292 0.074328
vn -0.073931 -0.993363 0.088108
vn -0.214434 -0.942714 0.255553
vn -0.307930 -0.944785 0.112077
vn -0.108660 -0.993292 0.039549
vn -0.099607 -0.993364 0.057508
vn -0.288906 -0.942715 0.166800
vn -0.327691 -0.944785 0.000000
vn -0.115635 -0.993292 0.000000
vn -0.113269 -0.993364 0.019972
vn -0.328532 -0.942715 0.057929
vn -0.307931 -0.944784 -0.112078
vn -0.108662 -0.993292 -0.039550
vn -0.113270 -0.993363 -0.019973
vn -0.328533 -0.942714 -0.057929
vn -0.099608 -0.993363 -0.057509
vn -0.288907 -0.942714 -0.166800
vn -0.251025 -0.944785 -0.210635
vn -0.088581 -0.993292 -0.074329
vn -0.073931 -0.993364 -0.088108
vn -0.214433 -0.942715 -0.255552
vn -0.163846 -0.944785 -0.283789
vn -0.057818 -0.993292 -0.100143
vn -0.056903 -0.944785 -0.322713
vn -0.020080 -0.993292 -0.113879
vn -0.039338 -0.993363 -0.108081
vn -0.114098 -0.942715 -0.313480
vn 0.056903 -0.944785 -0.322713
vn 0.020080 -0.993292 -0.113879
vn 0.000000 -0.993363 -0.115018
vn 0.000000 -0.942714 -0.333601
vn 0.163846 -0.944785 -0.283789
vn 0.057817 -0.993292 -0.100143
vn 0.039338 -0.993363 -0.108081
vn 0.114098 -0.942715 -0.313481
vn 0.251026 -0.944785 -0.210636
vn 0.088581 -0.993292 -0.074329
vn 0.073931 -0.993364 -0.088108
vn 0.214434 -0.942715 -0.255552
vn 0.099608 -0.993363 -0.057509
vn 0.288905 -0.942715 -0.166799
vn 0.307928 -0.944785 -0.112077
vn 0.108663 -0.993292 -0.039550
vn 0.853306 -0.499230 -0.150461
vn 0.963884 -0.205039 -0.169959
vn 0.978424 -0.206607 0.000000
vn 0.867671 -0.497139 0.000000
vn 0.750391 -0.499218 -0.433238
vn 0.847627 -0.205033 -0.489378
vn 0.919419 -0.206602 -0.334641
vn 0.815349 -0.497130 -0.296763
vn 0.556963 -0.499210 -0.663763
vn 0.629132 -0.205030 -0.749770
vn 0.749518 -0.206598 -0.628920
vn 0.664681 -0.497122 -0.557735
vn 0.334753 -0.205038 -0.919728
vn 0.489213 -0.206600 -0.847341
vn 0.433840 -0.497124 -0.751432
vn 0.296351 -0.499227 -0.814216
vn -0.000000 -0.205037 -0.978754
vn 0.169901 -0.206605 -0.963560
vn 0.150670 -0.497134 -0.854492
vn 0.000000 -0.499224 -0.866473
vn -0.296351 -0.499225 -0.814217
vn -0.334754 -0.205037 -0.919728
vn -0.169901 -0.206604 -0.963560
vn -0.150670 -0.497133 -0.854493
vn -0.556960 -0.499218 -0.663760
vn -0.629132 -0.205033 -0.749769
vn -0.489213 -0.206601 -0.847341
vn -0.433838 -0.497129 -0.751430
vn -0.847627 -0.205031 -0.489378
vn -0.749518 -0.206599 -0.628920
vn -0.664681 -0.497124 -0.557734
vn -0.750393 -0.499213 -0.433239
vn -0.963885 -0.205036 -0.169960
vn -0.919419 -0.206600 -0.334641
vn -0.815352 -0.497124 -0.296764
vn -0.853310 -0.499222 -0.150462
vn -0.853310 -0.499222 0.150463
vn -0.963885 -0.205035 0.169960
vn -0.978425 -0.206604 -0.000000
vn -0.867674 -0.497133 -0.000000
vn -0.750391 -0.499217 0.433239
vn -0.847627 -0.205033 0.489377
vn -0.919419 -0.206600 0.334641
vn -0.815352 -0.497124 0.296764
vn -0.556958 -0.499225 0.663756
vn -0.629131 -0.205036 0.749769
vn -0.749517 -0.206601 0.628920
vn -0.664680 -0.497127 0.557732
vn -0.334755 -0.205035 0.919728
vn -0.489213 -0.206604 0.847340
vn -0.433837 -0.497133 0.751428
vn -0.296352 -0.499222 0.814219
vn -0.000001 -0.205039 0.978754
vn -0.169903 -0.206603 0.963560
vn -0.150671 -0.497130 0.854494
vn -0.000001 -0.499227 0.866471
vn 0.296351 -0.499225 0.814218
vn 0.334754 -0.205038 0.919728
vn 0.169901 -0.206606 0.963560
vn 0.150669 -0.497136 0.854491
vn 0.556960 -0.499218 0.663760
vn 0.629131 -0.205034 0.749770
vn 0.489213 -0.206600 0.847341
vn 0.433840 -0.497126 0.751431
vn 0.847626 -0.205035 0.489378
vn 0.749516 -0.206603 0.628920
vn 0.664677 -0.497131 0.557732
vn 0.750389 -0.499221 0.433238
vn 0.963885 -0.205037 0.169959
vn 0.919419 -0.206601 0.334642
vn 0.815351 -0.497127 0.296764
vn 0.853308 -0.499226 0.150462
vn 0.472843 0.877193 -0.083375
vn 0.887438 0.433553 -0.156480
vn 0.845016 0.437440 -0.307561
vn 0.445365 0.880553 -0.162100
vn 0.688864 0.437438 -0.578026
vn 0.363065 0.880553 -0.304648
vn 0.415812 0.877193 -0.240069
vn 0.780400 0.433553 -0.450564
vn 0.449625 0.437437 -0.778772
vn 0.236974 0.880553 -0.410451
vn 0.308627 0.877192 -0.367808
vn 0.579235 0.433551 -0.690305
vn 0.164217 0.877193 -0.451182
vn 0.308204 0.433552 -0.846784
vn 0.156153 0.437439 -0.885587
vn 0.082300 0.880554 -0.466746
vn 0.000000 0.877194 -0.480137
vn 0.000000 0.433553 -0.901128
vn -0.156153 0.437439 -0.885587
vn -0.082300 0.880554 -0.466746
vn -0.164217 0.877193 -0.451181
vn -0.308204 0.433552 -0.846784
vn -0.449625 0.437439 -0.778771
vn -0.236973 0.880554 -0.410449
vn -0.308626 0.877193 -0.367807
vn -0.579234 0.433552 -0.690304
vn -0.688864 0.437438 -0.578026
vn -0.363066 0.880553 -0.304648
vn -0.845018 0.437435 -0.307562
vn -0.445367 0.880552 -0.162100
vn -0.415814 0.877192 -0.240070
vn -0.780401 0.433550 -0.450565
vn -0.899249 0.437436 -0.000000
vn -0.473949 0.880552 -0.000000
vn -0.472846 0.877191 -0.083376
vn -0.887440 0.433549 -0.156480
vn -0.472847 0.877191 0.083376
vn -0.887439 0.433550 0.156480
vn -0.845019 0.437435 0.307561
vn -0.445369 0.880551 0.162101
vn -0.415814 0.877191 0.240070
vn -0.780401 0.433551 0.450564
vn -0.688864 0.437438 0.578026
vn -0.363066 0.880553 0.304648
vn -0.308626 0.877193 0.367806
vn -0.579234 0.433553 0.690304
vn -0.449625 0.437438 0.778772
vn -0.236973 0.880554 0.410449
vn -0.164217 0.877193 0.451182
vn -0.308205 0.433551 0.846784
vn -0.156154 0.437438 0.885587
vn -0.082301 0.880553 0.466748
vn 0.156152 0.437438 0.885587
vn 0.082300 0.880553 0.466748
vn -0.000000 0.877193 0.480138
vn -0.000001 0.433552 0.901128
vn 0.449624 0.437438 0.778772
vn 0.236975 0.880552 0.410453
vn 0.164217 0.877192 0.451183
vn 0.308204 0.433552 0.846784
vn 0.308628 0.877191 0.367809
vn 0.579234 0.433552 0.690305
vn 0.688864 0.437439 0.578026
vn 0.363066 0.880552 0.304649
vn 0.415812 0.877193 0.240070
vn 0.780399 0.433554 0.450564
vn 0.845016 0.437440 0.307561
vn 0.445365 0.880553 0.162100
vn 0.472843 0.877193 0.083376
vn 0.887438 0.433554 0.156480
vn 0.899248 0.437440 0.000000
vn 0.473946 0.880554 0.000000
vn 0.887438 0.433553 -0.156480
vn 0.899248 0.437440 0.000000
vn 0.978424 -0.206607 0.000000
vn 0.963884 -0.205039 -0.169959
vn 0.780400 0.433553 -0.450564
vn 0.845016 0.437440 -0.307561
vn 0.919419 -0.206602 -0.334641
vn 0.847627 -0.205033 -0.489378
vn 0.579235 0.433551 -0.690305
vn 0.688864 0.437438 -0.578026
vn 0.749518 -0.206598 -0.628920
vn 0.629132 -0.205030 -0.749770
vn 0.334753 -0.205038 -0.919728
vn 0.308204 0.433552 -0.846784
vn 0.449625 0.437437 -0.778772
vn 0.489213 -0.206600 -0.847341
vn -0.000000 -0.205037 -0.978754
vn 0.000000 0.433553 -0.901128
vn 0.156153 0.437439 -0.885587
vn 0.169901 -0.206605 -0.963560
vn -0.308204 0.433552 -0.846784
vn -0.156153 0.437439 -0.885587
vn -0.169901 -0.206604 -0.963560
vn -0.334754 -0.205037 -0.919728
vn -0.579234 0.433552 -0.690304
vn -0.449625 0.437439 -0.778771
vn -0.489213 -0.206601 -0.847341
vn -0.629132 -0.205033 -0.749769
vn -0.847627 -0.205031 -0.489378
vn -0.780401 0.433550 -0.450565
vn -0.688864 0.437438 -0.578026
vn -0.749518 -0.206599 -0.628920
vn -0.963885 -0.205036 -0.169960
vn -0.887440 0.433549 -0.156480
vn -0.845018 0.437435 -0.307562
vn -0.919419 -0.206600 -0.334641
vn -0.887439 0.433550 0.156480
vn -0.899249 0.437436 -0.000000
vn -0.978425 -0.206604 -0.000000
vn -0.963885 -0.205035 0.169960
vn -0.780401 0.433551 0.450564
vn -0.845019 0.437435 0.307561
vn -0.919419 -0.206600 0.334641
vn -0.847627 -0.205033 0.489377
vn -0.579234 0.433553 0.690304
vn -0.688864 0.437438 0.578026
vn -0.749517 -0.206601 0.628920
vn -0.629131 -0.205036 0.749769
vn -0.334755 -0.205035 0.919728
vn -0.308205 0.433551 0.846784
vn -0.449625 0.437438 0.778772
vn -0.489213 -0.206604 0.847340
vn -0.000001 -0.205039 0.978754
vn -0.000001 0.433552 0.901128
vn -0.156154 0.437438 0.885587
vn -0.169903 -0.206603 0.963560
vn 0.308204 0.433552 0.846784
vn 0.156152 0.437438 0.885587
vn 0.169901 -0.206606 0.963560
vn 0.334754 -0.205038 0.919728
vn 0.579234 0.433552 0.690305
vn 0.449624 0.437438 0.778772
vn 0.489213 -0.206600 0.847341
vn 0.629131 -0.205034 0.749770
vn 0.847626 -0.205035 0.489378
vn 0.780399 0.433554 0.450564
vn 0.688864 0.437439 0.578026
vn 0.749516 -0.206603 0.628920
vn 0.963885 -0.205037 0.169959
vn 0.887438 0.433554 0.156480
vn 0.845016 0.437440 0.307561
vn 0.919419 -0.206601 0.334642
vn 0.980285 0.095732 -0.172851
vn 0.995458 0.095207 0.000000
vn 0.897750 -0.440505 0.000000
vn 0.887522 -0.433375 -0.156494
vn 0.862048 0.095732 -0.497703
vn 0.935424 0.095206 -0.340467
vn 0.843609 -0.440506 -0.307049
vn 0.780474 -0.433375 -0.450607
vn 0.639835 0.095734 -0.762526
vn 0.762565 0.095206 -0.639868
vn 0.687717 -0.440504 -0.577063
vn 0.579289 -0.433373 -0.690370
vn 0.308233 -0.433374 -0.846864
vn 0.340449 0.095737 -0.935376
vn 0.497728 0.095210 -0.862091
vn 0.448875 -0.440504 -0.777475
vn 0.000000 -0.433373 -0.901215
vn -0.000000 0.095736 -0.995407
vn 0.172859 0.095211 -0.980334
vn 0.155893 -0.440504 -0.884112
vn -0.340449 0.095737 -0.935376
vn -0.172859 0.095211 -0.980334
vn -0.155893 -0.440504 -0.884112
vn -0.308234 -0.433374 -0.846864
vn -0.639835 0.095734 -0.762526
vn -0.497729 0.095210 -0.862091
vn -0.448876 -0.440504 -0.777474
vn -0.579289 -0.433374 -0.690370
vn -0.780475 -0.433372 -0.450608
vn -0.862048 0.095734 -0.497704
vn -0.762565 0.095208 -0.639868
vn -0.687717 -0.440504 -0.577063
vn -0.887523 -0.433372 -0.156495
vn -0.980284 0.095736 -0.172851
vn -0.935424 0.095210 -0.340467
vn -0.843611 -0.440502 -0.307049
vn -0.980284 0.095735 0.172851
vn -0.995457 0.095210 -0.000000
vn -0.897751 -0.440504 -0.000000
vn -0.887523 -0.433373 0.156494
vn -0.862048 0.095733 0.497703
vn -0.935424 0.095208 0.340467
vn -0.843610 -0.440502 0.307049
vn -0.780475 -0.433373 0.450607
vn -0.639836 0.095733 0.762526
vn -0.762565 0.095208 0.639868
vn -0.687717 -0.440504 0.577063
vn -0.579290 -0.433374 0.690370
vn -0.308234 -0.433374 0.846864
vn -0.340450 0.095734 0.935376
vn -0.497730 0.095208 0.862091
vn -0.448876 -0.440504 0.777475
vn -0.000000 -0.433375 0.901214
vn -0.000000 0.095736 0.995407
vn -0.172860 0.095209 0.980334
vn -0.155893 -0.440505 0.884111
vn 0.340449 0.095736 0.935377
vn 0.172859 0.095211 0.980334
vn 0.155892 -0.440505 0.884112
vn 0.308233 -0.433375 0.846864
vn 0.639835 0.095734 0.762526
vn 0.497728 0.095209 0.862092
vn 0.448875 -0.440505 0.777475
vn 0.579288 -0.433375 0.690370
vn 0.780474 -0.433374 0.450607
vn 0.862047 0.095735 0.497704
vn 0.762564 0.095208 0.639868
vn 0.687716 -0.440505 0.577063
vn 0.887523 -0.433374 0.156495
vn 0.980284 0.095733 0.172851
vn 0.935424 0.095209 0.340467
vn 0.843609 -0.440504 0.307049
vn 0.935424 0.095206 -0.340467
vn 0.980285 0.095732 -0.172851
vn 0.887522 -0.433375 -0.156494
vn 0.843609 -0.440506 -0.307049
vn 0.762565 0.095206 -0.639868
vn 0.862048 0.095732 -0.497703
vn 0.780474 -0.433375 -0.450607
vn 0.687717 -0.440504 -0.577063
vn 0.448875 -0.440504 -0.777475
vn 0.497728 0.095210 -0.862091
vn 0.639835 0.095734 -0.762526
vn 0.579289 -0.433373 -0.690370
vn 0.155893 -0.440504 -0.884112
vn 0.172859 0.095211 -0.980334
vn 0.340449 0.095737 -0.935376
vn 0.308233 -0.433374 -0.846864
vn -0.172859 0.095211 -0.980334
vn -0.000000 0.095736 -0.995407
vn 0.000000 -0.433373 -0.901215
vn -0.155893 -0.440504 -0.884112
vn -0.497729 0.095210 -0.862091
vn -0.340449 0.095737 -0.935376
vn -0.308234 -0.433374 -0.846864
vn -0.448876 -0.440504 -0.777474
vn -0.687717 -0.440504 -0.577063
vn -0.762565 0.095208 -0.639868
vn -0.639835 0.095734 -0.762526
vn -0.579289 -0.433374 -0.690370
vn -0.843611 -0.440502 -0.307049
vn -0.935424 0.095210 -0.340467
vn -0.862048 0.095734 -0.497704
vn -0.780475 -0.433372 -0.450608
vn -0.897751 -0.440504 -0.000000
vn -0.995457 0.095210 -0.000000
vn -0.980284 0.095736 -0.172851
vn -0.887523 -0.433372 -0.156495
vn -0.935424 0.095208 0.340467
vn -0.980284 0.095735 0.172851
vn -0.887523 -0.433373 0.156494
vn -0.843610 -0.440502 0.307049
vn -0.762565 0.095208 0.639868
vn -0.862048 0.095733 0.497703
vn -0.780475 -0.433373 0.450607
vn -0.687717 -0.440504 0.577063
vn -0.448876 -0.440504 0.777475
vn -0.497730 0.095208 0.862091
vn -0.639836 0.095733 0.762526
vn -0.579290 -0.433374 0.690370
vn -0.155893 -0.440505 0.884111
vn -0.172860 0.095209 0.980334
vn -0.340450 0.095734 0.935376
vn -0.308234 -0.433374 0.846864
vn 0.172859 0.095211 0.980334
vn -0.000000 0.095736 0.995407
vn -0.000000 -0.433375 0.901214
vn 0.155892 -0.440505 0.884112
vn 0.497728 0.095209 0.862092
vn 0.340449 0.095736 0.935377
vn 0.308233 -0.433375 0.846864
vn 0.448875 -0.440505 0.777475
vn 0.687716 -0.440505 0.577063
vn 0.762564 0.095208 0.639868
vn 0.639835 0.095734 0.762526
vn 0.579288 -0.433375 0.690370
vn 0.843609 -0.440504 0.307049
vn 0.935424 0.095209 0.340467
vn 0.862047 0.095735 0.497704
vn 0.780474 -0.433374 0.450607
vn 0.897750 -0.440505 0.000000
vn 0.995458 0.095207 0.000000
vn 0.980284 0.095733 0.172851
vn 0.887523 -0.433374 0.156495
vn 0.777353 0.613950 -0.137068
vn 0.781647 0.623721 0.000000
vn 0.995458 0.095207 0.000000
vn 0.980285 0.095732 -0.172851
vn 0.683594 0.613949 -0.394673
vn 0.734509 0.623720 -0.267339
vn 0.935424 0.095206 -0.340467
vn 0.862048 0.095732 -0.497703
vn 0.507381 0.613951 -0.604673
vn 0.598777 0.623720 -0.502434
vn 0.762565 0.095206 -0.639868
vn 0.639835 0.095734 -0.762526
vn 0.340449 0.095737 -0.935376
vn 0.269971 0.613953 -0.741739
vn 0.390823 0.623723 -0.676925
vn 0.497728 0.095210 -0.862091
vn -0.000000 0.095736 -0.995407
vn -0.000000 0.613952 -0.789343
vn 0.135731 0.623723 -0.769771
vn 0.172859 0.095211 -0.980334
vn -0.269971 0.613953 -0.741739
vn -0.135731 0.623723 -0.769771
vn -0.172859 0.095211 -0.980334
vn -0.340449 0.095737 -0.935376
vn -0.507381 0.613951 -0.604673
vn -0.390823 0.623723 -0.676925
vn -0.497729 0.095210 -0.862091
vn -0.639835 0.095734 -0.762526
vn -0.862048 0.095734 -0.497704
vn -0.683593 0.613950 -0.394673
vn -0.598777 0.623720 -0.502433
vn -0.762565 0.095208 -0.639868
vn -0.980284 0.095736 -0.172851
vn -0.777351 0.613952 -0.137068
vn -0.734507 0.623721 -0.267339
vn -0.935424 0.095210 -0.340467
vn -0.777352 0.613952 0.137068
vn -0.781646 0.623723 -0.000000
vn -0.995457 0.095210 -0.000000
vn -0.980284 0.095735 0.172851
vn -0.683593 0.613950 0.394672
vn -0.734508 0.623721 0.267339
vn -0.935424 0.095208 0.340467
vn -0.862048 0.095733 0.497703
vn -0.507381 0.613951 0.604672
vn -0.598776 0.623721 0.502433
vn -0.762565 0.095208 0.639868
vn -0.639836 0.095733 0.762526
vn -0.340450 0.095734 0.935376
vn -0.269972 0.613952 0.741740
vn -0.390824 0.623722 0.676925
vn -0.497730 0.095208 0.862091
vn -0.000000 0.095736 0.995407
vn -0.000000 0.613953 0.789343
vn -0.135732 0.623723 0.769771
vn -0.172860 0.095209 0.980334
vn 0.269971 0.613953 0.741740
vn 0.135731 0.623724 0.769770
vn 0.172859 0.095211 0.980334
vn 0.340449 0.095736 0.935377
vn 0.507380 0.613951 0.604673
vn 0.390823 0.623722 0.676926
vn 0.497728 0.095209 0.862092
vn 0.639835 0.095734 0.762526
vn 0.862047 0.095735 0.497704
vn 0.683591 0.613952 0.394672
vn 0.598776 0.623721 0.502433
vn 0.762564 0.095208 0.639868
vn 0.980284 0.095733 0.172851
vn 0.777353 0.613950 0.137069
vn 0.734507 0.623722 0.267339
vn 0.935424 0.095209 0.340467
vn 0.734509 0.623720 -0.267339
vn 0.777353 0.613950 -0.137068
vn 0.980285 0.095732 -0.172851
vn 0.935424 0.095206 -0.340467
vn 0.598777 0.623720 -0.502434
vn 0.683594 0.613949 -0.394673
vn 0.862048 0.095732 -0.497703
vn 0.762565 0.095206 -0.639868
vn 0.497728 0.095210 -0.862091
vn 0.390823 0.623723 -0.676925
vn 0.507381 0.613951 -0.604673
vn 0.639835 0.095734 -0.762526
vn 0.172859 0.095211 -0.980334
vn 0.135731 0.623723 -0.769771
vn 0.269971 0.613953 -0.741739
vn 0.340449 0.095737 -0.935376
vn -0.135731 0.623723 -0.769771
vn -0.000000 0.613952 -0.789343
vn -0.000000 0.095736 -0.995407
vn -0.172859 0.095211 -0.980334
vn -0.390823 0.623723 -0.676925
vn -0.269971 0.613953 -0.741739
vn -0.340449 0.095737 -0.935376
vn -0.497729 0.095210 -0.862091
vn -0.762565 0.095208 -0.639868
vn -0.598777 0.623720 -0.502433
vn -0.507381 0.613951 -0.604673
vn -0.639835 0.095734 -0.762526
vn -0.935424 0.095210 -0.340467
vn -0.734507 0.623721 -0.267339
vn -0.683593 0.613950 -0.394673
vn -0.862048 0.095734 -0.497704
vn -0.995457 0.095210 -0.000000
vn -0.781646 0.623723 -0.000000
vn -0.777351 0.613952 -0.137068
vn -0.980284 0.095736 -0.172851
vn -0.734508 0.623721 0.267339
vn -0.777352 0.613952 0.137068
vn -0.980284 0.095735 0.172851
vn -0.935424 0.095208 0.340467
vn -0.598776 0.623721 0.502433
vn -0.683593 0.613950 0.394672
vn -0.862048 0.095733 0.497703
vn -0.762565 0.095208 0.639868
vn -0.497730 0.095208 0.862091
vn -0.390824 0.623722 0.676925
vn -0.507381 0.613951 0.604672
vn -0.639836 0.095733 0.762526
vn -0.172860 0.095209 0.980334
vn -0.135732 0.623723 0.769771
vn -0.269972 0.613952 0.741740
vn -0.340450 0.095734 0.935376
vn 0.135731 0.623724 0.769770
vn -0.000000 0.613953 0.789343
vn -0.000000 0.095736 0.995407
vn 0.172859 0.095211 0.980334
vn 0.390823 0.623722 0.676926
vn 0.269971 0.613953 0.741740
vn 0.340449 0.095736 0.935377
vn 0.497728 0.095209 0.862092
vn 0.762564 0.095208 0.639868
vn 0.598776 0.623721 0.502433
vn 0.507380 0.613951 0.604673
vn 0.639835 0.095734 0.762526
vn 0.935424 0.095209 0.340467
vn 0.734507 0.623722 0.267339
vn 0.683591 0.613952 0.394672
vn 0.862047 0.095735 0.497704
vn 0.995458 0.095207 0.000000
vn 0.781647 0.623721 0.000000
vn 0.777353 0.613950 0.137069
vn 0.980284 0.095733 0.172851
s off
g SM_Lamp_Modern_01 shade_low
usemtl base_lowSG
f 1718/2833/5087 1375/2174/5088 1537/2766/5089 1717/2831/5090
f 1716/2830/5091 1376/2178/5092 1538/2179/5093 1715/2829/5094
f 1539/2183/5095 1713/2827/5096 1714/2828/5097 1377/2182/5098
f 1540/2187/5099 1711/2825/5100 1712/2826/5101 1378/2186/5102
f 1541/2191/5103 1709/2823/5104 1710/2824/5105 1379/2190/5106
f 1542/2195/5107 1707/2821/5108 1708/2822/5109 1380/2194/5110
f 1706/2820/5111 1381/2198/5112 1543/2199/5113 1705/2819/5114
f 1544/2203/5115 1703/2817/5116 1704/2818/5117 1382/2202/5118
f 1545/2207/5119 1701/2815/5120 1702/2816/5121 1383/2206/5122
f 1546/2211/5123 1699/2813/5124 1700/2814/5125 1384/2210/5126
f 1547/2215/5127 1733/2849/5128 1734/2850/5129 1385/2214/5130
f 1548/2219/5131 1731/2847/5132 1732/2848/5133 1386/2218/5134
f 1730/2846/5135 1387/2222/5136 1549/2223/5137 1729/2845/5138
f 1550/2227/5139 1727/2843/5140 1728/2844/5141 1388/2226/5142
f 1551/2231/5143 1725/2841/5144 1726/2842/5145 1389/2230/5146
f 1552/2235/5147 1723/2839/5148 1724/2840/5149 1390/2234/5150
f 1553/2239/5151 1721/2837/5152 1722/2838/5153 1391/2238/5154
f 1554/2243/5155 1719/2835/5156 1720/2836/5157 1392/2242/5158
f 1681/2794/5159 1682/2795/5160 1591/2249/5161 1430/2246/5162
f 1679/2792/5163 1680/2793/5164 1592/2348/5165 1431/2345/5166
f 1432/2349/5167 1677/2790/5168 1678/2791/5169 1593/2352/5170
f 1433/2353/5171 1675/2788/5172 1676/2789/5173 1594/2356/5174
f 1673/2786/5175 1674/2787/5176 1595/2360/5177 1434/2357/5178
f 1671/2784/5179 1672/2785/5180 1596/2364/5181 1435/2361/5182
f 1436/2365/5183 1669/2782/5184 1670/2783/5185 1597/2368/5186
f 1437/2369/5187 1667/2780/5188 1668/2781/5189 1598/2372/5190
f 1438/2373/5191 1665/2778/5192 1666/2779/5193 1599/2376/5194
f 1663/2776/5195 1664/2777/5196 1600/2380/5197 1439/2377/5198
f 1697/2811/5199 1698/2812/5200 1601/2384/5201 1440/2381/5202
f 1441/2385/5203 1695/2809/5204 1696/2810/5205 1602/2388/5206
f 1442/2389/5207 1693/2807/5208 1694/2808/5209 1603/2392/5210
f 1691/2805/5211 1692/2806/5212 1604/2396/5213 1443/2393/5214
f 1689/2803/5215 1690/2804/5216 1605/2400/5217 1444/2397/5218
f 1445/2401/5219 1687/2801/5220 1688/2802/5221 1606/2404/5222
f 1446/2405/5223 1685/2799/5224 1686/2800/5225 1607/2408/5226
f 1429/2769/5227 1683/2797/5228 1684/2798/5229 1608/2412/5230
f 1349/2620/5231 1501/2621/5232 1519/2622/5233 1366/2619/5234
f 1348/2624/5235 1502/2625/5236 1520/2626/5237 1365/2623/5238
f 1364/2627/5239 1347/2628/5240 1503/2629/5241 1521/2630/5242
f 1363/2631/5243 1346/2632/5244 1504/2633/5245 1522/2634/5246
f 1523/2638/5247 1362/2635/5248 1345/2636/5249 1505/2637/5250
f 1344/2640/5251 1506/2641/5252 1524/2642/5253 1361/2639/5254
f 1360/2643/5255 1343/2644/5256 1507/2645/5257 1525/2646/5258
f 1359/2647/5259 1342/2648/5260 1508/2649/5261 1526/2650/5262
f 1358/2651/5263 1341/2652/5264 1509/2653/5265 1527/2654/5266
f 1340/2656/5267 1510/2657/5268 1528/2658/5269 1357/2655/5270
f 1339/2660/5271 1511/2661/5272 1529/2662/5273 1374/2659/5274
f 1373/2663/5275 1356/2664/5276 1512/2665/5277 1530/2666/5278
f 1372/2667/5279 1355/2668/5280 1513/2669/5281 1531/2670/5282
f 1532/2674/5283 1371/2671/5284 1354/2672/5285 1514/2673/5286
f 1353/2676/5287 1515/2677/5288 1533/2678/5289 1370/2675/5290
f 1369/2679/5291 1352/2680/5292 1516/2681/5293 1534/2682/5294
f 1368/2683/5295 1351/2684/5296 1517/2685/5297 1535/2686/5298
f 1367/2764/5299 1350/2765/5300 1518/2689/5301 1536/2690/5302
f 1519/2156/5303 1555/2157/5304 1393/2158/5305 1366/2155/5306
f 1536/2160/5307 1556/2161/5308 1394/2162/5309 1367/2159/5310
f 1535/2164/5311 1557/2165/5312 1395/2166/5313 1368/2163/5314
f 1534/2168/5315 1558/2169/5316 1396/2170/5317 1369/2167/5318
f 1397/2327/5319 1370/2171/5320 1533/2172/5321 1559/2173/5322
f 1398/2331/5323 1371/2328/5324 1532/2329/5325 1560/2330/5326
f 1531/2333/5327 1561/2334/5328 1399/2542/5329 1372/2541/5330
f 1530/2337/5331 1562/2338/5332 1400/2339/5333 1373/2336/5334
f 1529/2341/5335 1563/2342/5336 1401/2343/5337 1374/2340/5338
f 1528/2695/5339 1564/2696/5340 1402/2697/5341 1357/2344/5342
f 1403/2701/5343 1358/2698/5344 1527/2699/5345 1565/2700/5346
f 1404/2705/5347 1359/2702/5348 1526/2703/5349 1566/2704/5350
f 1525/2707/5351 1567/2708/5352 1405/2709/5353 1360/2706/5354
f 1524/2711/5355 1568/2712/5356 1406/2713/5357 1361/2710/5358
f 1523/2715/5359 1569/2716/5360 1407/2717/5361 1362/2714/5362
f 1522/2543/5363 1570/2544/5364 1408/2721/5365 1363/2718/5366
f 1409/2725/5367 1364/2722/5368 1521/2723/5369 1571/2724/5370
f 1410/2729/5371 1365/2726/5372 1520/2727/5373 1572/2728/5374
f 1489/2139/5375 1350/2136/5376 1501/2137/5377 1645/2138/5378
f 1488/2143/5379 1349/2140/5380 1502/2141/5381 1646/2142/5382
f 1503/2145/5383 1647/2146/5384 1487/2147/5385 1348/2144/5386
f 1504/2149/5387 1648/2150/5388 1486/2151/5389 1347/2148/5390
f 1505/2153/5391 1649/2154/5392 1485/2286/5393 1346/2152/5394
f 1506/2288/5395 1650/2289/5396 1484/2290/5397 1345/2287/5398
f 1483/2294/5399 1344/2291/5400 1507/2292/5401 1651/2293/5402
f 1508/2296/5403 1652/2297/5404 1500/2298/5405 1343/2295/5406
f 1509/2300/5407 1653/2301/5408 1499/2302/5409 1342/2299/5410
f 1510/2304/5411 1654/2309/5412 1498/2310/5413 1341/2303/5414
f 1511/2312/5415 1655/2313/5416 1497/2314/5417 1340/2311/5418
f 1512/2316/5419 1656/2317/5420 1496/2318/5421 1339/2315/5422
f 1495/2322/5423 1356/2319/5424 1513/2320/5425 1657/2321/5426
f 1514/2324/5427 1658/2325/5428 1494/2326/5429 1355/2323/5430
f 1515/2456/5431 1659/2457/5432 1493/2458/5433 1354/2455/5434
f 1516/2460/5435 1660/2461/5436 1492/2462/5437 1353/2459/5438
f 1517/2464/5439 1661/2465/5440 1491/2466/5441 1352/2463/5442
f 1518/2468/5443 1662/2469/5444 1490/2470/5445 1351/2467/5446
f 1478/2415/5447 1453/2177/5448 1615/2413/5449 1639/2414/5450
f 1479/2473/5451 1452/2416/5452 1614/2421/5453 1640/2450/5454
f 1641/2476/5455 1480/2477/5456 1451/2474/5457 1613/2475/5458
f 1642/2480/5459 1481/2481/5460 1450/2478/5461 1612/2479/5462
f 1482/2485/5463 1449/2482/5464 1611/2483/5465 1643/2484/5466
f 1465/2489/5467 1448/2486/5468 1610/2487/5469 1644/2488/5470
f 1466/2493/5471 1447/2772/5472 1609/2773/5473 1627/2774/5474
f 1628/2496/5475 1467/2497/5476 1464/2494/5477 1626/2495/5478
f 1629/2500/5479 1468/2501/5480 1463/2498/5481 1625/2499/5482
f 1469/2505/5483 1462/2502/5484 1624/2503/5485 1630/2504/5486
f 1470/2509/5487 1461/2506/5488 1623/2507/5489 1631/2508/5490
f 1632/2512/5491 1471/2513/5492 1460/2510/5493 1622/2511/5494
f 1633/2516/5495 1472/2517/5496 1459/2514/5497 1621/2515/5498
f 1473/2521/5499 1458/2518/5500 1620/2519/5501 1634/2520/5502
f 1474/2525/5503 1457/2522/5504 1619/2523/5505 1635/2524/5506
f 1475/2529/5507 1456/2526/5508 1618/2527/5509 1636/2528/5510
f 1637/2532/5511 1476/2533/5512 1455/2530/5513 1617/2531/5514
f 1638/2536/5515 1477/2537/5516 1454/2534/5517 1616/2535/5518
f 1412/2250/5519 1573/2251/5520 1609/2252/5521 1447/2253/5522
f 1411/2254/5523 1590/2255/5524 1610/2256/5525 1448/2257/5526
f 1611/2260/5527 1449/2261/5528 1428/2258/5529 1589/2259/5530
f 1612/2264/5531 1450/2265/5532 1427/2262/5533 1588/2263/5534
f 1426/2266/5535 1587/2267/5536 1613/2305/5537 1451/2306/5538
f 1425/2417/5539 1586/2418/5540 1614/2419/5541 1452/2420/5542
f 1424/2422/5543 1585/2423/5544 1615/2424/5545 1453/2425/5546
f 1423/2426/5547 1584/2427/5548 1616/2428/5549 1454/2429/5550
f 1617/2432/5551 1455/2433/5552 1422/2430/5553 1583/2431/5554
f 1618/2551/5555 1456/2552/5556 1421/2434/5557 1582/2435/5558
f 1420/2553/5559 1581/2554/5560 1619/2555/5561 1457/2556/5562
f 1419/2557/5563 1580/2558/5564 1620/2559/5565 1458/2560/5566
f 1418/2561/5567 1579/2562/5568 1621/2563/5569 1459/2564/5570
f 1417/2565/5571 1578/2566/5572 1622/2567/5573 1460/2568/5574
f 1623/2571/5575 1461/2572/5576 1416/2569/5577 1577/2570/5578
f 1624/2575/5579 1462/2576/5580 1415/2573/5581 1576/2574/5582
f 1414/2577/5583 1575/2578/5584 1625/2579/5585 1463/2580/5586
f 1413/2581/5587 1574/2582/5588 1626/2583/5589 1464/2584/5590
f 1376/2268/5591 1537/2269/5592 1627/2270/5593 1465/2271/5594
f 1375/2272/5595 1554/2273/5596 1628/2274/5597 1466/2275/5598
f 1392/2276/5599 1553/2277/5600 1629/2278/5601 1467/2279/5602
f 1630/2282/5603 1468/2283/5604 1391/2280/5605 1552/2281/5606
f 1631/2307/5607 1469/2308/5608 1390/2284/5609 1551/2285/5610
f 1389/2436/5611 1550/2437/5612 1632/2438/5613 1470/2439/5614
f 1388/2440/5615 1549/2441/5616 1633/2442/5617 1471/2443/5618
f 1387/2444/5619 1548/2445/5620 1634/2446/5621 1472/2447/5622
f 1386/2448/5623 1547/2449/5624 1635/2451/5625 1473/2452/5626
f 1636/2585/5627 1474/2586/5628 1385/2453/5629 1546/2454/5630
f 1637/2589/5631 1475/2590/5632 1384/2587/5633 1545/2588/5634
f 1383/2591/5635 1544/2592/5636 1638/2593/5637 1476/2594/5638
f 1382/2595/5639 1543/2596/5640 1639/2597/5641 1477/2598/5642
f 1381/2599/5643 1542/2600/5644 1640/2601/5645 1478/2602/5646
f 1380/2539/5647 1541/2604/5648 1641/2605/5649 1479/2540/5650
f 1642/2609/5651 1480/2610/5652 1379/2607/5653 1540/2608/5654
f 1643/2613/5655 1481/2614/5656 1378/2611/5657 1539/2612/5658
f 1377/2615/5659 1538/2616/5660 1644/2617/5661 1482/2618/5662
f 1488/2143/5663 1430/2471/5664 1591/2472/5665 1645/2138/5666
f 1487/2147/5667 1431/2730/5668 1592/2731/5669 1646/2142/5670
f 1432/2732/5671 1593/2733/5672 1647/2146/5673 1486/2151/5674
f 1648/2150/5675 1485/2286/5676 1433/2734/5677 1594/2735/5678
f 1484/2290/5679 1434/2736/5680 1595/2737/5681 1649/2154/5682
f 1483/2294/5683 1435/2738/5684 1596/2693/5685 1650/2550/5686
f 1436/2740/5687 1597/2741/5688 1651/2293/5689 1500/2298/5690
f 1652/2297/5691 1499/2302/5692 1437/2742/5693 1598/2743/5694
f 1653/2301/5695 1498/2310/5696 1438/2744/5697 1599/2745/5698
f 1497/2314/5699 1439/2746/5700 1600/2747/5701 1654/2309/5702
f 1496/2318/5703 1440/2748/5704 1601/2749/5705 1655/2313/5706
f 1441/2750/5707 1602/2751/5708 1656/2317/5709 1495/2322/5710
f 1657/2321/5711 1494/2326/5712 1442/2752/5713 1603/2753/5714
f 1493/2458/5715 1443/2754/5716 1604/2755/5717 1658/2325/5718
f 1492/2692/5719 1444/2694/5720 1605/2757/5721 1659/2457/5722
f 1445/2758/5723 1606/2759/5724 1660/2461/5725 1491/2466/5726
f 1661/2465/5727 1490/2470/5728 1446/2760/5729 1607/2761/5730
f 1662/2469/5731 1489/2139/5732 1429/2762/5733 1608/2763/5734
f 1716/2830/5735 1717/2832/5736 1537/2175/5737 1376/2178/5738
f 1538/2179/5739 1377/2182/5740 1714/2828/5741 1715/2829/5742
f 1539/2183/5743 1378/2186/5744 1712/2826/5745 1713/2827/5746
f 1540/2187/5747 1379/2190/5748 1710/2824/5749 1711/2825/5750
f 1541/2191/5751 1380/2194/5752 1708/2822/5753 1709/2823/5754
f 1542/2195/5755 1381/2198/5756 1706/2820/5757 1707/2821/5758
f 1543/2199/5759 1382/2202/5760 1704/2818/5761 1705/2819/5762
f 1544/2203/5763 1383/2206/5764 1702/2816/5765 1703/2817/5766
f 1545/2207/5767 1384/2210/5768 1700/2814/5769 1701/2815/5770
f 1546/2211/5771 1385/2214/5772 1734/2850/5773 1699/2813/5774
f 1547/2215/5775 1386/2218/5776 1732/2848/5777 1733/2849/5778
f 1548/2219/5779 1387/2222/5780 1730/2846/5781 1731/2847/5782
f 1549/2223/5783 1388/2226/5784 1728/2844/5785 1729/2845/5786
f 1550/2227/5787 1389/2230/5788 1726/2842/5789 1727/2843/5790
f 1551/2231/5791 1390/2234/5792 1724/2840/5793 1725/2841/5794
f 1552/2235/5795 1391/2238/5796 1722/2838/5797 1723/2839/5798
f 1553/2239/5799 1392/2242/5800 1720/2836/5801 1721/2837/5802
f 1554/2243/5803 1375/2174/5804 1718/2834/5805 1719/2835/5806
f 1683/2796/5807 1682/2795/5808 1573/2248/5809 1412/2410/5810
f 1590/2347/5811 1411/2247/5812 1681/2794/5813 1680/2793/5814
f 1589/2351/5815 1428/2346/5816 1679/2792/5817 1678/2791/5818
f 1588/2355/5819 1427/2350/5820 1677/2790/5821 1676/2789/5822
f 1587/2359/5823 1426/2354/5824 1675/2788/5825 1674/2787/5826
f 1586/2363/5827 1425/2358/5828 1673/2786/5829 1672/2785/5830
f 1671/2784/5831 1670/2783/5832 1585/2367/5833 1424/2362/5834
f 1584/2371/5835 1423/2366/5836 1669/2782/5837 1668/2781/5838
f 1583/2375/5839 1422/2370/5840 1667/2780/5841 1666/2779/5842
f 1582/2379/5843 1421/2374/5844 1665/2778/5845 1664/2777/5846
f 1581/2383/5847 1420/2378/5848 1663/2776/5849 1698/2812/5850
f 1580/2387/5851 1419/2382/5852 1697/2811/5853 1696/2810/5854
f 1695/2809/5855 1694/2808/5856 1579/2391/5857 1418/2386/5858
f 1578/2395/5859 1417/2390/5860 1693/2807/5861 1692/2806/5862
f 1577/2399/5863 1416/2394/5864 1691/2805/5865 1690/2804/5866
f 1576/2403/5867 1415/2398/5868 1689/2803/5869 1688/2802/5870
f 1575/2407/5871 1414/2402/5872 1687/2801/5873 1686/2800/5874
f 1685/2799/5875 1684/2798/5876 1574/2411/5877 1413/2406/5878
f 1501/2621/5879 1350/2688/5880 1367/2687/5881 1519/2622/5882
f 1502/2625/5883 1349/2620/5884 1366/2619/5885 1520/2626/5886
f 1503/2629/5887 1348/2624/5888 1365/2623/5889 1521/2630/5890
f 1522/2634/5891 1504/2633/5892 1347/2628/5893 1364/2627/5894
f 1523/2638/5895 1505/2637/5896 1346/2632/5897 1363/2631/5898
f 1506/2641/5899 1345/2636/5900 1362/2635/5901 1524/2642/5902
f 1507/2645/5903 1344/2640/5904 1361/2639/5905 1525/2646/5906
f 1526/2650/5907 1508/2649/5908 1343/2644/5909 1360/2643/5910
f 1527/2654/5911 1509/2653/5912 1342/2648/5913 1359/2647/5914
f 1510/2657/5915 1341/2652/5916 1358/2651/5917 1528/2658/5918
f 1511/2661/5919 1340/2656/5920 1357/2655/5921 1529/2662/5922
f 1512/2665/5923 1339/2660/5924 1374/2659/5925 1530/2666/5926
f 1531/2670/5927 1513/2669/5928 1356/2664/5929 1373/2663/5930
f 1532/2674/5931 1514/2673/5932 1355/2668/5933 1372/2667/5934
f 1515/2677/5935 1354/2672/5936 1371/2671/5937 1533/2678/5938
f 1516/2681/5939 1353/2676/5940 1370/2675/5941 1534/2682/5942
f 1535/2686/5943 1517/2685/5944 1352/2680/5945 1369/2679/5946
f 1536/2690/5947 1518/2689/5948 1351/2684/5949 1368/2683/5950
f 1394/2162/5951 1555/2157/5952 1519/2156/5953 1367/2159/5954
f 1395/2166/5955 1556/2161/5956 1536/2160/5957 1368/2163/5958
f 1535/2164/5959 1369/2167/5960 1396/2170/5961 1557/2165/5962
f 1534/2168/5963 1370/2171/5964 1397/2327/5965 1558/2169/5966
f 1533/2172/5967 1371/2328/5968 1398/2331/5969 1559/2173/5970
f 1532/2329/5971 1372/2332/5972 1399/2335/5973 1560/2330/5974
f 1400/2339/5975 1561/2334/5976 1531/2333/5977 1373/2336/5978
f 1530/2337/5979 1374/2340/5980 1401/2343/5981 1562/2338/5982
f 1529/2341/5983 1357/2344/5984 1402/2697/5985 1563/2342/5986
f 1528/2695/5987 1358/2698/5988 1403/2701/5989 1564/2696/5990
f 1527/2699/5991 1359/2702/5992 1404/2705/5993 1565/2700/5994
f 1526/2703/5995 1360/2706/5996 1405/2709/5997 1566/2704/5998
f 1406/2713/5999 1567/2708/6000 1525/2707/6001 1361/2710/6002
f 1524/2711/6003 1362/2714/6004 1407/2717/6005 1568/2712/6006
f 1523/2715/6007 1363/2718/6008 1408/2721/6009 1569/2716/6010
f 1522/2719/6011 1364/2722/6012 1409/2725/6013 1570/2720/6014
f 1521/2723/6015 1365/2726/6016 1410/2729/6017 1571/2724/6018
f 1520/2727/6019 1366/2155/6020 1393/2158/6021 1572/2728/6022
f 1488/2143/6023 1645/2138/6024 1501/2137/6025 1349/2140/6026
f 1502/2141/6027 1348/2144/6028 1487/2147/6029 1646/2142/6030
f 1503/2145/6031 1347/2148/6032 1486/2151/6033 1647/2146/6034
f 1504/2149/6035 1346/2152/6036 1485/2286/6037 1648/2150/6038
f 1505/2153/6039 1345/2287/6040 1484/2290/6041 1649/2154/6042
f 1506/2549/6043 1344/2291/6044 1483/2294/6045 1650/2550/6046
f 1507/2292/6047 1343/2295/6048 1500/2298/6049 1651/2293/6050
f 1508/2296/6051 1342/2299/6052 1499/2302/6053 1652/2297/6054
f 1509/2300/6055 1341/2303/6056 1498/2310/6057 1653/2301/6058
f 1510/2304/6059 1340/2311/6060 1497/2314/6061 1654/2309/6062
f 1511/2312/6063 1339/2315/6064 1496/2318/6065 1655/2313/6066
f 1512/2316/6067 1356/2319/6068 1495/2322/6069 1656/2317/6070
f 1513/2320/6071 1355/2323/6072 1494/2326/6073 1657/2321/6074
f 1514/2324/6075 1354/2455/6076 1493/2458/6077 1658/2325/6078
f 1515/2456/6079 1353/2691/6080 1492/2692/6081 1659/2457/6082
f 1516/2460/6083 1352/2463/6084 1491/2466/6085 1660/2461/6086
f 1517/2464/6087 1351/2467/6088 1490/2470/6089 1661/2465/6090
f 1518/2468/6091 1350/2136/6092 1489/2139/6093 1662/2469/6094
f 1477/2537/6095 1639/2414/6096 1615/2413/6097 1454/2534/6098
f 1640/2450/6099 1614/2421/6100 1453/2177/6101 1478/2415/6102
f 1641/2476/6103 1613/2475/6104 1452/2416/6105 1479/2473/6106
f 1480/2477/6107 1642/2480/6108 1612/2479/6109 1451/2474/6110
f 1481/2481/6111 1643/2484/6112 1611/2483/6113 1450/2478/6114
f 1644/2488/6115 1610/2487/6116 1449/2482/6117 1482/2485/6118
f 1627/2492/6119 1609/2491/6120 1448/2486/6121 1465/2489/6122
f 1466/2493/6123 1628/2496/6124 1626/2495/6125 1447/2775/6126
f 1467/2497/6127 1629/2500/6128 1625/2499/6129 1464/2494/6130
f 1468/2501/6131 1630/2504/6132 1624/2503/6133 1463/2498/6134
f 1631/2508/6135 1623/2507/6136 1462/2502/6137 1469/2505/6138
f 1632/2512/6139 1622/2511/6140 1461/2506/6141 1470/2509/6142
f 1471/2513/6143 1633/2516/6144 1621/2515/6145 1460/2510/6146
f 1472/2517/6147 1634/2520/6148 1620/2519/6149 1459/2514/6150
f 1635/2524/6151 1619/2523/6152 1458/2518/6153 1473/2521/6154
f 1636/2528/6155 1618/2527/6156 1457/2522/6157 1474/2525/6158
f 1475/2529/6159 1637/2532/6160 1617/2531/6161 1456/2526/6162
f 1476/2533/6163 1638/2536/6164 1616/2535/6165 1455/2530/6166
f 1411/2254/6167 1448/2257/6168 1609/2252/6169 1573/2251/6170
f 1428/2258/6171 1449/2261/6172 1610/2256/6173 1590/2255/6174
f 1427/2262/6175 1450/2265/6176 1611/2260/6177 1589/2259/6178
f 1426/2266/6179 1451/2306/6180 1612/2264/6181 1588/2263/6182
f 1613/2305/6183 1587/2267/6184 1425/2417/6185 1452/2420/6186
f 1614/2419/6187 1586/2418/6188 1424/2422/6189 1453/2425/6190
f 1423/2426/6191 1454/2429/6192 1615/2546/6193 1585/2545/6194
f 1422/2430/6195 1455/2433/6196 1616/2428/6197 1584/2427/6198
f 1421/2434/6199 1456/2552/6200 1617/2432/6201 1583/2431/6202
f 1420/2553/6203 1457/2556/6204 1618/2551/6205 1582/2435/6206
f 1619/2555/6207 1581/2554/6208 1419/2557/6209 1458/2560/6210
f 1620/2559/6211 1580/2558/6212 1418/2561/6213 1459/2564/6214
f 1417/2565/6215 1460/2568/6216 1621/2563/6217 1579/2562/6218
f 1416/2569/6219 1461/2572/6220 1622/2567/6221 1578/2566/6222
f 1415/2573/6223 1462/2576/6224 1623/2571/6225 1577/2570/6226
f 1414/2547/6227 1463/2548/6228 1624/2575/6229 1576/2574/6230
f 1625/2579/6231 1575/2578/6232 1413/2581/6233 1464/2584/6234
f 1626/2583/6235 1574/2582/6236 1412/2250/6237 1447/2253/6238
f 1627/2270/6239 1537/2269/6240 1375/2272/6241 1466/2275/6242
f 1392/2276/6243 1467/2279/6244 1628/2274/6245 1554/2273/6246
f 1391/2280/6247 1468/2283/6248 1629/2278/6249 1553/2277/6250
f 1390/2284/6251 1469/2308/6252 1630/2282/6253 1552/2281/6254
f 1389/2490/6255 1470/2538/6256 1631/2307/6257 1551/2285/6258
f 1632/2438/6259 1550/2437/6260 1388/2440/6261 1471/2443/6262
f 1633/2442/6263 1549/2441/6264 1387/2444/6265 1472/2447/6266
f 1386/2448/6267 1473/2452/6268 1634/2446/6269 1548/2445/6270
f 1385/2453/6271 1474/2586/6272 1635/2451/6273 1547/2449/6274
f 1384/2587/6275 1475/2590/6276 1636/2585/6277 1546/2454/6278
f 1383/2591/6279 1476/2594/6280 1637/2589/6281 1545/2588/6282
f 1638/2593/6283 1544/2592/6284 1382/2595/6285 1477/2598/6286
f 1639/2597/6287 1543/2596/6288 1381/2599/6289 1478/2602/6290
f 1380/2603/6291 1479/2606/6292 1640/2601/6293 1542/2600/6294
f 1379/2607/6295 1480/2610/6296 1641/2605/6297 1541/2604/6298
f 1378/2611/6299 1481/2614/6300 1642/2609/6301 1540/2608/6302
f 1377/2615/6303 1482/2618/6304 1643/2613/6305 1539/2612/6306
f 1644/2617/6307 1538/2616/6308 1376/2268/6309 1465/2271/6310
f 1645/2138/6311 1591/2472/6312 1429/2762/6313 1489/2139/6314
f 1646/2142/6315 1592/2731/6316 1430/2471/6317 1488/2143/6318
f 1647/2146/6319 1593/2733/6320 1431/2730/6321 1487/2147/6322
f 1594/2735/6323 1432/2732/6324 1486/2151/6325 1648/2150/6326
f 1595/2737/6327 1433/2734/6328 1485/2286/6329 1649/2154/6330
f 1650/2289/6331 1596/2739/6332 1434/2736/6333 1484/2290/6334
f 1651/2293/6335 1597/2741/6336 1435/2738/6337 1483/2294/6338
f 1598/2743/6339 1436/2740/6340 1500/2298/6341 1652/2297/6342
f 1599/2745/6343 1437/2742/6344 1499/2302/6345 1653/2301/6346
f 1654/2309/6347 1600/2747/6348 1438/2744/6349 1498/2310/6350
f 1655/2313/6351 1601/2749/6352 1439/2746/6353 1497/2314/6354
f 1656/2317/6355 1602/2751/6356 1440/2748/6357 1496/2318/6358
f 1603/2753/6359 1441/2750/6360 1495/2322/6361 1657/2321/6362
f 1604/2755/6363 1442/2752/6364 1494/2326/6365 1658/2325/6366
f 1659/2457/6367 1605/2757/6368 1443/2754/6369 1493/2458/6370
f 1660/2461/6371 1606/2759/6372 1444/2756/6373 1492/2462/6374
f 1607/2761/6375 1445/2758/6376 1491/2466/6377 1661/2465/6378
f 1608/2763/6379 1446/2760/6380 1490/2470/6381 1662/2469/6382
f 1573/2248/6383 1682/2795/6384 1681/2794/6385 1411/2247/6386
f 1679/2792/6387 1428/2346/6388 1590/2347/6389 1680/2793/6390
f 1677/2790/6391 1427/2350/6392 1589/2351/6393 1678/2791/6394
f 1588/2355/6395 1676/2789/6396 1675/2788/6397 1426/2354/6398
f 1587/2359/6399 1674/2787/6400 1673/2786/6401 1425/2358/6402
f 1586/2363/6403 1672/2785/6404 1671/2784/6405 1424/2362/6406
f 1585/2367/6407 1670/2783/6408 1669/2782/6409 1423/2366/6410
f 1667/2780/6411 1422/2370/6412 1584/2371/6413 1668/2781/6414
f 1665/2778/6415 1421/2374/6416 1583/2375/6417 1666/2779/6418
f 1582/2379/6419 1664/2777/6420 1663/2776/6421 1420/2378/6422
f 1581/2383/6423 1698/2812/6424 1697/2811/6425 1419/2382/6426
f 1580/2387/6427 1696/2810/6428 1695/2809/6429 1418/2386/6430
f 1579/2391/6431 1694/2808/6432 1693/2807/6433 1417/2390/6434
f 1691/2805/6435 1416/2394/6436 1578/2395/6437 1692/2806/6438
f 1689/2803/6439 1415/2398/6440 1577/2399/6441 1690/2804/6442
f 1576/2403/6443 1688/2802/6444 1687/2801/6445 1414/2402/6446
f 1575/2407/6447 1686/2800/6448 1685/2799/6449 1413/2406/6450
f 1574/2411/6451 1684/2798/6452 1683/2797/6453 1412/2770/6454
f 1682/2795/6455 1683/2796/6456 1429/2409/6457 1591/2249/6458
f 1680/2793/6459 1681/2794/6460 1430/2246/6461 1592/2348/6462
f 1678/2791/6463 1679/2792/6464 1431/2345/6465 1593/2352/6466
f 1594/2356/6467 1676/2789/6468 1677/2790/6469 1432/2349/6470
f 1595/2360/6471 1674/2787/6472 1675/2788/6473 1433/2353/6474
f 1672/2785/6475 1673/2786/6476 1434/2357/6477 1596/2364/6478
f 1670/2783/6479 1671/2784/6480 1435/2361/6481 1597/2368/6482
f 1598/2372/6483 1668/2781/6484 1669/2782/6485 1436/2365/6486
f 1599/2376/6487 1666/2779/6488 1667/2780/6489 1437/2369/6490
f 1664/2777/6491 1665/2778/6492 1438/2373/6493 1600/2380/6494
f 1698/2812/6495 1663/2776/6496 1439/2377/6497 1601/2384/6498
f 1696/2810/6499 1697/2811/6500 1440/2381/6501 1602/2388/6502
f 1603/2392/6503 1694/2808/6504 1695/2809/6505 1441/2385/6506
f 1604/2396/6507 1692/2806/6508 1693/2807/6509 1442/2389/6510
f 1690/2804/6511 1691/2805/6512 1443/2393/6513 1605/2400/6514
f 1688/2802/6515 1689/2803/6516 1444/2397/6517 1606/2404/6518
f 1607/2408/6519 1686/2800/6520 1687/2801/6521 1445/2401/6522
f 1608/2412/6523 1684/2798/6524 1685/2799/6525 1446/2405/6526
f 1754/2870/6527 1755/2872/6528 1718/2833/6529 1717/2831/6530
f 1752/2868/6531 1753/2869/6532 1716/2830/6533 1715/2829/6534
f 1750/2866/6535 1751/2867/6536 1714/2828/6537 1713/2827/6538
f 1711/2825/6539 1748/2864/6540 1749/2865/6541 1712/2826/6542
f 1709/2823/6543 1746/2862/6544 1747/2863/6545 1710/2824/6546
f 1744/2860/6547 1745/2861/6548 1708/2822/6549 1707/2821/6550
f 1742/2858/6551 1743/2859/6552 1706/2820/6553 1705/2819/6554
f 1703/2817/6555 1740/2856/6556 1741/2857/6557 1704/2818/6558
f 1701/2815/6559 1738/2854/6560 1739/2855/6561 1702/2816/6562
f 1736/2852/6563 1737/2853/6564 1700/2814/6565 1699/2813/6566
f 1770/2888/6567 1735/2851/6568 1734/2850/6569 1733/2849/6570
f 1768/2886/6571 1769/2887/6572 1732/2848/6573 1731/2847/6574
f 1729/2845/6575 1766/2884/6576 1767/2885/6577 1730/2846/6578
f 1727/2843/6579 1764/2882/6580 1765/2883/6581 1728/2844/6582
f 1762/2880/6583 1763/2881/6584 1726/2842/6585 1725/2841/6586
f 1760/2878/6587 1761/2879/6588 1724/2840/6589 1723/2839/6590
f 1721/2837/6591 1758/2876/6592 1759/2877/6593 1722/2838/6594
f 1719/2835/6595 1756/2874/6596 1757/2875/6597 1720/2836/6598
f 1753/2869/6599 1754/2871/6600 1717/2832/6601 1716/2830/6602
f 1751/2867/6603 1752/2868/6604 1715/2829/6605 1714/2828/6606
f 1712/2826/6607 1749/2865/6608 1750/2866/6609 1713/2827/6610
f 1710/2824/6611 1747/2863/6612 1748/2864/6613 1711/2825/6614
f 1745/2861/6615 1746/2862/6616 1709/2823/6617 1708/2822/6618
f 1743/2859/6619 1744/2860/6620 1707/2821/6621 1706/2820/6622
f 1704/2818/6623 1741/2857/6624 1742/2858/6625 1705/2819/6626
f 1702/2816/6627 1739/2855/6628 1740/2856/6629 1703/2817/6630
f 1700/2814/6631 1737/2853/6632 1738/2854/6633 1701/2815/6634
f 1735/2851/6635 1736/2852/6636 1699/2813/6637 1734/2850/6638
f 1769/2887/6639 1770/2888/6640 1733/2849/6641 1732/2848/6642
f 1730/2846/6643 1767/2885/6644 1768/2886/6645 1731/2847/6646
f 1728/2844/6647 1765/2883/6648 1766/2884/6649 1729/2845/6650
f 1763/2881/6651 1764/2882/6652 1727/2843/6653 1726/2842/6654
f 1761/2879/6655 1762/2880/6656 1725/2841/6657 1724/2840/6658
f 1722/2838/6659 1759/2877/6660 1760/2878/6661 1723/2839/6662
f 1720/2836/6663 1757/2875/6664 1758/2876/6665 1721/2837/6666
f 1718/2834/6667 1755/2873/6668 1756/2874/6669 1719/2835/6670
f 1555/2767/6671 1394/2768/6672 1755/2872/6673 1754/2870/6674
f 1572/2180/6675 1393/2181/6676 1753/2869/6677 1752/2868/6678
f 1571/2184/6679 1410/2185/6680 1751/2867/6681 1750/2866/6682
f 1748/2864/6683 1570/2188/6684 1409/2189/6685 1749/2865/6686
f 1746/2862/6687 1569/2192/6688 1408/2193/6689 1747/2863/6690
f 1568/2196/6691 1407/2197/6692 1745/2861/6693 1744/2860/6694
f 1567/2200/6695 1406/2201/6696 1743/2859/6697 1742/2858/6698
f 1740/2856/6699 1566/2204/6700 1405/2205/6701 1741/2857/6702
f 1738/2854/6703 1565/2208/6704 1404/2209/6705 1739/2855/6706
f 1564/2212/6707 1403/2213/6708 1737/2853/6709 1736/2852/6710
f 1563/2216/6711 1402/2217/6712 1735/2851/6713 1770/2888/6714
f 1562/2220/6715 1401/2221/6716 1769/2887/6717 1768/2886/6718
f 1766/2884/6719 1561/2224/6720 1400/2225/6721 1767/2885/6722
f 1764/2882/6723 1560/2228/6724 1399/2229/6725 1765/2883/6726
f 1559/2232/6727 1398/2233/6728 1763/2881/6729 1762/2880/6730
f 1558/2236/6731 1397/2237/6732 1761/2879/6733 1760/2878/6734
f 1758/2876/6735 1557/2240/6736 1396/2241/6737 1759/2877/6738
f 1756/2874/6739 1556/2244/6740 1395/2245/6741 1757/2875/6742
f 1393/2181/6743 1555/2176/6744 1754/2871/6745 1753/2869/6746
f 1410/2185/6747 1572/2180/6748 1752/2868/6749 1751/2867/6750
f 1749/2865/6751 1409/2189/6752 1571/2184/6753 1750/2866/6754
f 1747/2863/6755 1408/2193/6756 1570/2188/6757 1748/2864/6758
f 1407/2197/6759 1569/2192/6760 1746/2862/6761 1745/2861/6762
f 1406/2201/6763 1568/2196/6764 1744/2860/6765 1743/2859/6766
f 1741/2857/6767 1405/2205/6768 1567/2200/6769 1742/2858/6770
f 1739/2855/6771 1404/2209/6772 1566/2204/6773 1740/2856/6774
f 1737/2853/6775 1403/2213/6776 1565/2208/6777 1738/2854/6778
f 1402/2217/6779 1564/2212/6780 1736/2852/6781 1735/2851/6782
f 1401/2221/6783 1563/2216/6784 1770/2888/6785 1769/2887/6786
f 1767/2885/6787 1400/2225/6788 1562/2220/6789 1768/2886/6790
f 1765/2883/6791 1399/2229/6792 1561/2224/6793 1766/2884/6794
f 1398/2233/6795 1560/2228/6796 1764/2882/6797 1763/2881/6798
f 1397/2237/6799 1559/2232/6800 1762/2880/6801 1761/2879/6802
f 1759/2877/6803 1396/2241/6804 1558/2236/6805 1760/2878/6806
f 1757/2875/6807 1395/2245/6808 1557/2240/6809 1758/2876/6810
f 1755/2873/6811 1394/2771/6812 1556/2244/6813 1756/2874/6814
g default
v -0.891473 50.026415 0.162874
v -0.891473 50.186819 0.000000
v -0.891473 50.026415 -0.162874
v -0.891473 49.866015 -0.000000
v -10.108600 50.026415 0.113398
v -10.108600 50.138092 0.000000
v -10.108600 50.026415 -0.113398
v -10.108600 49.914742 0.000000
v -10.320238 50.132419 0.086868
v -10.320238 50.132419 -0.086868
v -10.353111 50.027227 -0.106559
v -10.353111 50.027227 0.106559
v -10.619723 50.464791 0.086868
v -10.619723 50.464791 -0.086868
v -10.665912 50.431791 -0.106559
v -10.665912 50.431791 0.106559
v -0.970049 50.026415 0.113398
v -0.970050 49.914743 -0.000000
v -0.970050 50.026415 -0.113398
v -0.970050 50.138092 -0.000000
v -10.619694 50.503086 0.047527
v -10.619552 50.534297 0.047527
v -10.619552 50.534297 -0.047527
v -10.619694 50.503086 -0.047527
v -10.402981 50.251553 0.047527
v -10.391889 50.252512 0.047527
v -10.391889 50.252512 -0.047527
v -10.402981 50.251553 -0.047527
v -10.400333 50.173835 0.047527
v -10.380938 50.167833 0.047527
v -10.380938 50.167833 -0.047527
v -10.400333 50.173835 -0.047527
v -10.446674 50.139787 0.047527
v -10.445737 50.129724 0.047527
v -10.445737 50.129724 -0.047527
v -10.446674 50.139787 -0.047527
v -10.511891 50.170576 0.047527
v -10.518753 50.163865 0.047527
v -10.518753 50.163865 -0.047527
v -10.511891 50.170576 -0.047527
v -10.643228 50.428630 0.047527
v -10.662621 50.430140 0.047527
v -10.662621 50.430140 -0.047527
v -10.643228 50.428630 -0.047527
v -10.448962 50.330022 0.047527
v -10.455802 50.317317 0.047527
v -10.455802 50.317317 -0.047527
v -10.448962 50.330022 -0.047527
vt 0.111082 0.992181
vt 0.419446 0.574432
vt 0.419225 0.565631
vt 0.422623 0.560668
vt 0.111082 0.993239
vt 0.423067 0.566553
vt 0.129948 0.978707
vt 0.121185 0.978591
vt 0.129002 0.974892
vt 0.111490 0.993239
vt 0.134931 0.975295
vt 0.030975 0.565470
vt 0.030258 0.570274
vt 0.111490 0.992181
vt 0.030258 0.560668
vt 0.111082 0.990047
vt 0.111490 0.990047
vt 0.111082 0.991105
vt 0.272731 0.993795
vt 0.111490 0.991105
vt 0.159009 0.993239
vt 0.159009 0.992181
vt 0.272805 0.984995
vt 0.272731 0.973589
vt 0.055515 0.748354
vt 0.061834 0.742522
vt 0.061723 0.754305
vt 0.272731 0.964789
vt 0.084223 0.742734
vt 0.084112 0.754517
vt 0.085952 0.753445
vt 0.086043 0.743840
vt 0.065122 0.786179
vt 0.055515 0.786179
vt 0.055515 0.767780
vt 0.065122 0.767780
vt 0.159009 0.990047
vt 0.055515 0.948581
vt 0.275986 0.988664
vt 0.055527 0.926193
vt 0.275943 0.969947
vt 0.030302 0.676853
vt 0.030258 0.699241
vt 0.159009 0.991105
vt 0.031434 0.682662
vt 0.056657 0.942775
vt 0.056645 0.924377
vt 0.031364 0.701061
vt 0.111082 0.994315
vt 0.111490 0.994315
vt 0.111490 0.994315
vt 0.159009 0.994315
vt 0.101966 0.737471
vt 0.076649 0.945562
vt 0.073316 0.945562
vt 0.101966 0.740528
vt 0.100979 0.740528
vt 0.073316 0.944583
vt 0.076649 0.944583
vt 0.100979 0.737471
vt 0.641492 0.540461
vt 0.416267 0.697970
vt 0.415282 0.697970
vt 0.642201 0.540461
vt 0.642201 0.541380
vt 0.415282 0.697059
vt 0.416267 0.697059
vt 0.641492 0.541380
vt 0.474792 0.559729
vt 0.489946 0.544760
vt 0.489946 0.540461
vt 0.474792 0.555616
vt 0.475643 0.555616
vt 0.490799 0.540461
vt 0.490799 0.544760
vt 0.475643 0.559729
vt 0.072051 0.945562
vt 0.101966 0.741610
vt 0.101966 0.742888
vt 0.070670 0.945562
vt 0.070670 0.944583
vt 0.072051 0.944583
vt 0.100979 0.742888
vt 0.100979 0.741610
vt 0.643200 0.540461
vt 0.643200 0.541380
vt 0.414173 0.697970
vt 0.414173 0.697059
vn -0.098170 -0.000000 0.995170
vn -0.532827 0.000000 0.846224
vn -0.526993 0.849870 -0.000001
vn -0.096168 0.995365 -0.000000
vn -0.526993 0.849870 -0.000001
vn -0.532827 0.000000 -0.846224
vn -0.098170 0.000000 -0.995170
vn -0.096168 0.995365 -0.000000
vn -0.098170 0.000000 -0.995170
vn -0.532827 0.000000 -0.846224
vn -0.526993 -0.849870 -0.000001
vn -0.096168 -0.995365 -0.000000
vn -0.098170 -0.000000 0.995170
vn -0.096168 -0.995365 -0.000000
vn -0.526993 -0.849870 -0.000001
vn -0.532827 0.000000 0.846224
vn 0.259688 0.688054 0.677601
vn 0.259688 0.688054 0.677601
vn 0.259688 0.688054 0.677601
vn -0.026785 0.999641 0.000000
vn -0.026785 0.999641 0.000000
vn -0.026785 0.999641 0.000000
vn 0.259688 0.688054 -0.677601
vn 0.259688 0.688054 -0.677601
vn 0.259688 0.688054 -0.677601
vn -0.027014 -0.393051 -0.919120
vn -0.027014 -0.393051 -0.919120
vn -0.027014 -0.393051 -0.919120
vn -0.027014 -0.393051 -0.919120
vn -0.417945 -0.908472 -0.000002
vn -0.417945 -0.908472 -0.000002
vn -0.417945 -0.908472 -0.000002
vn -0.027014 -0.393051 0.919120
vn -0.027014 -0.393051 0.919120
vn -0.027014 -0.393051 0.919120
vn -0.027014 -0.393051 0.919120
vn 0.742904 0.669397 -0.000000
vn 0.742904 0.669397 -0.000000
vn 0.742904 0.669397 -0.000000
vn 0.742904 0.669397 -0.000000
vn 0.196398 0.163178 -0.966851
vn 0.196398 0.163178 -0.966851
vn 0.196398 0.163178 -0.966851
vn 0.196398 0.163178 -0.966851
vn -0.791111 -0.611672 -0.000001
vn -0.791111 -0.611672 -0.000001
vn -0.791111 -0.611672 -0.000001
vn -0.791111 -0.611672 -0.000001
vn 0.196397 0.163177 0.966851
vn 0.196397 0.163177 0.966851
vn 0.196397 0.163177 0.966851
vn 0.196397 0.163177 0.966851
vn -0.581330 0.813668 0.000001
vn -0.581330 0.813668 0.000001
vn -0.581330 0.813668 0.000001
vn -0.581330 0.813668 0.000001
vn -0.096168 0.995365 -0.000000
vn -0.000000 1.000000 -0.000000
vn 0.000000 -0.000000 1.000000
vn -0.098170 -0.000000 0.995170
vn -0.000000 0.000000 -1.000000
vn -0.000000 1.000000 -0.000000
vn -0.096168 0.995365 -0.000000
vn -0.098170 0.000000 -0.995170
vn -0.096168 -0.995365 -0.000000
vn 0.000000 -1.000000 -0.000000
vn -0.000000 0.000000 -1.000000
vn -0.098170 0.000000 -0.995170
vn 0.000000 -0.000000 1.000000
vn 0.000000 -1.000000 -0.000000
vn -0.096168 -0.995365 -0.000000
vn -0.098170 -0.000000 0.995170
vn 0.767551 0.640988 -0.000000
vn 0.767551 0.640988 -0.000000
vn 0.786321 0.617818 0.000000
vn 0.786321 0.617818 0.000000
vn -0.764682 -0.644408 -0.000000
vn -0.749880 -0.661574 0.000000
vn -0.749880 -0.661574 0.000000
vn -0.764682 -0.644408 -0.000000
vn 0.917769 0.397115 0.000000
vn 0.991742 0.128249 -0.000000
vn 0.991742 0.128249 -0.000000
vn 0.917769 0.397115 0.000000
vn -0.999420 -0.034056 0.000000
vn -0.999420 -0.034056 0.000000
vn -0.922492 -0.386016 -0.000000
vn -0.922492 -0.386016 -0.000000
vn 0.506994 -0.861949 -0.000000
vn 0.506994 -0.861949 -0.000000
vn 0.506994 -0.861949 -0.000000
vn 0.506994 -0.861949 -0.000000
vn -0.592144 0.805832 0.000000
vn -0.592144 0.805832 0.000000
vn -0.592144 0.805832 0.000000
vn -0.592144 0.805832 0.000000
vn -0.423565 -0.905866 -0.000000
vn -0.423565 -0.905866 -0.000000
vn -0.423565 -0.905866 -0.000000
vn -0.423565 -0.905866 -0.000000
vn 0.426956 0.904272 -0.000000
vn 0.426956 0.904272 -0.000000
vn 0.426956 0.904272 -0.000000
vn 0.426956 0.904272 -0.000000
vn -0.879796 -0.475351 -0.000000
vn -0.879796 -0.475351 -0.000000
vn -0.879796 -0.475351 -0.000000
vn -0.879796 -0.475351 -0.000000
vn 0.891215 0.453580 0.000000
vn 0.891215 0.453580 0.000000
vn 0.891215 0.453580 0.000000
vn 0.891215 0.453580 0.000000
vn 0.786321 0.617818 0.000000
vn 0.917769 0.397115 0.000000
vn 0.917769 0.397115 0.000000
vn 0.786321 0.617818 0.000000
vn -0.922492 -0.386016 -0.000000
vn -0.922492 -0.386016 -0.000000
vn -0.764682 -0.644408 -0.000000
vn -0.764682 -0.644408 -0.000000
s off
g SM_Lamp_Modern_01 spider_low
usemtl base_lowSG
f 1787/2902/6815 1771/2889/6816 1772/2893/6817 1790/2898/6818
f 1772/2893/6819 1773/2937/6820 1789/2938/6821 1790/2898/6822
f 1789/2905/6823 1773/2904/6824 1774/2906/6825 1788/2908/6826
f 1787/2902/6827 1788/2908/6828 1774/2906/6829 1771/2889/6830
f 1775/2907/6831 1776/2911/6832 1779/2927/6833
f 1776/2900/6834 1780/2901/6835 1779/2903/6836
f 1776/2912/6837 1777/2916/6838 1780/2929/6839
f 1777/2895/6840 1778/2896/6841 1781/2897/6842 1780/2899/6843
f 1778/2913/6844 1782/2914/6845 1781/2915/6846
f 1782/2894/6847 1778/2890/6848 1775/2891/6849 1779/2892/6850
f 1779/2921/6851 1780/2922/6852 1784/2923/6853 1783/2924/6854
f 1780/2934/6855 1781/2926/6856 1785/2928/6857 1784/2935/6858
f 1786/2917/6859 1785/2918/6860 1781/2915/6861 1782/2914/6862
f 1786/2931/6863 1782/2930/6864 1779/2933/6865 1783/2936/6866
f 1784/2919/6867 1785/2918/6868 1786/2917/6869 1783/2920/6870
f 1790/2898/6871 1776/2909/6872 1775/2910/6873 1787/2902/6874
f 1777/2940/6875 1776/2909/6876 1790/2898/6877 1789/2939/6878
f 1788/2908/6879 1778/2932/6880 1777/2925/6881 1789/2905/6882
f 1775/2910/6883 1778/2932/6884 1788/2908/6885 1787/2902/6886
f 1793/2947/6887 1792/2942/6888 1815/2943/6889 1818/2946/6890
f 1816/2945/6891 1791/2948/6892 1794/2941/6893 1817/2944/6894
f 1796/2965/6895 1800/2968/6896 1801/2969/6897 1797/2970/6898
f 1802/2967/6899 1799/2971/6900 1795/2972/6901 1798/2966/6902
f 1801/2955/6903 1800/2950/6904 1804/2951/6905 1805/2954/6906
f 1802/2949/6907 1806/2952/6908 1803/2953/6909 1799/2956/6910
f 1804/2951/6911 1808/2975/6912 1809/2976/6913 1805/2954/6914
f 1803/2953/6915 1806/2952/6916 1810/2973/6917 1807/2974/6918
f 1809/2963/6919 1808/2958/6920 1812/2959/6921 1813/2962/6922
f 1811/2961/6923 1807/2964/6924 1810/2957/6925 1814/2960/6926
f 1815/2943/6927 1796/2965/6928 1797/2970/6929 1818/2946/6930
f 1798/2966/6931 1795/2972/6932 1816/2945/6933 1817/2944/6934
g default
v -0.839364 49.385585 -0.111678
v -0.744086 49.406394 -0.143178
v -0.839364 49.833242 -0.197359
v -0.744086 49.833242 -0.197359
v -0.839364 49.385585 0.116755
v -0.744086 49.385585 0.116755
v -0.839364 49.833242 0.202436
v -0.744086 49.833242 0.202436
v -0.839364 49.406394 -0.143178
v -0.744086 49.385585 -0.111678
v -0.839364 49.406394 0.148255
v -0.744086 49.406394 0.148255
v 0.766390 49.385585 -0.111678
v 0.861669 49.406394 -0.143178
v 0.766390 49.833242 -0.197359
v 0.861669 49.833242 -0.197359
v 0.766390 49.385585 0.116755
v 0.861669 49.385585 0.116755
v 0.766390 49.833242 0.202436
v 0.861669 49.833242 0.202436
v 0.766390 49.406394 -0.143178
v 0.861669 49.385585 -0.111678
v 0.766390 49.406394 0.148255
v 0.861669 49.406394 0.148255
vt 0.141391 0.717265
vt 0.146149 0.717265
vt 0.146149 0.718407
vt 0.141391 0.718407
vt 0.060273 0.798089
vt 0.060273 0.799231
vt 0.055515 0.799231
vt 0.055515 0.798089
vt 0.434761 0.612338
vt 0.434761 0.611183
vt 0.437530 0.611183
vt 0.437530 0.612338
vt 0.334368 0.995000
vt 0.333993 0.994770
vt 0.337460 0.994770
vt 0.337086 0.995000
vt 0.217066 0.994802
vt 0.212342 0.994158
vt 0.212342 0.990691
vt 0.217066 0.990047
vt 0.212112 0.993784
vt 0.333349 0.990047
vt 0.212112 0.991066
vt 0.338105 0.990047
vt 0.434379 0.611183
vt 0.434379 0.612338
vt 0.437912 0.612338
vt 0.437912 0.611183
vt 0.080480 0.767780
vt 0.080480 0.768922
vt 0.075721 0.768922
vt 0.075721 0.767780
vt 0.046432 0.787887
vt 0.046057 0.787657
vt 0.049524 0.787657
vt 0.049149 0.787887
vt 0.045412 0.782934
vt 0.050168 0.782934
vt 0.045412 0.803042
vt 0.046057 0.798319
vt 0.049524 0.798319
vt 0.050169 0.803042
vt 0.046432 0.798089
vt 0.049149 0.798089
vt 0.272437 0.718407
vt 0.267679 0.718407
vt 0.267679 0.717265
vt 0.272437 0.717265
vt 0.505483 0.541616
vt 0.505483 0.540461
vt 0.508252 0.540461
vt 0.508252 0.541616
vt 0.505101 0.540461
vt 0.505101 0.541616
vt 0.508634 0.541616
vt 0.508634 0.540461
vn 0.000000 -0.125922 -0.992040
vn 0.000000 -0.125922 -0.992040
vn 0.000000 -0.125922 -0.992040
vn 0.000000 -0.125922 -0.992040
vn -0.000000 -0.125922 0.992040
vn -0.000000 -0.125922 0.992040
vn -0.000000 -0.125922 0.992040
vn -0.000000 -0.125922 0.992040
vn 0.000000 -1.000000 -0.000000
vn 0.000000 -1.000000 -0.000000
vn 0.000000 -1.000000 -0.000000
vn 0.000000 -1.000000 -0.000000
vn 1.000000 0.000000 0.000000
vn 1.000000 0.000000 0.000000
vn 1.000000 0.000000 0.000000
vn 1.000000 0.000000 0.000000
vn -1.000000 -0.000000 -0.000000
vn -1.000000 -0.000000 -0.000000
vn -1.000000 -0.000000 -0.000000
vn -1.000000 -0.000000 -0.000000
vn 0.000000 -0.834373 -0.551200
vn 0.000000 -0.834373 -0.551200
vn 0.000000 -0.834373 -0.551200
vn 0.000000 -0.834373 -0.551200
vn -0.000000 -0.834373 0.551200
vn -0.000000 -0.834373 0.551200
vn -0.000000 -0.834373 0.551200
vn -0.000000 -0.834373 0.551200
vn -1.000000 -0.000000 -0.000000
vn -1.000000 -0.000000 -0.000000
vn -1.000000 -0.000000 -0.000000
vn -1.000000 -0.000000 -0.000000
vn 1.000000 0.000000 0.000000
vn 1.000000 0.000000 0.000000
vn 1.000000 0.000000 0.000000
vn 1.000000 0.000000 0.000000
vn 0.000000 -0.125922 -0.992040
vn 0.000000 -0.125922 -0.992040
vn 0.000000 -0.125922 -0.992040
vn 0.000000 -0.125922 -0.992040
vn -0.000000 -0.125922 0.992040
vn -0.000000 -0.125922 0.992040
vn -0.000000 -0.125922 0.992040
vn -0.000000 -0.125922 0.992040
vn 0.000000 -1.000000 -0.000000
vn 0.000000 -1.000000 -0.000000
vn 0.000000 -1.000000 -0.000000
vn 0.000000 -1.000000 -0.000000
vn 1.000000 0.000000 0.000000
vn 1.000000 0.000000 0.000000
vn 1.000000 0.000000 0.000000
vn 1.000000 0.000000 0.000000
vn -1.000000 -0.000000 -0.000000
vn -1.000000 -0.000000 -0.000000
vn -1.000000 -0.000000 -0.000000
vn -1.000000 -0.000000 -0.000000
vn 0.000000 -0.834373 -0.551200
vn 0.000000 -0.834373 -0.551200
vn 0.000000 -0.834373 -0.551200
vn 0.000000 -0.834373 -0.551200
vn -0.000000 -0.834373 0.551200
vn -0.000000 -0.834373 0.551200
vn -0.000000 -0.834373 0.551200
vn -0.000000 -0.834373 0.551200
vn -1.000000 -0.000000 -0.000000
vn -1.000000 -0.000000 -0.000000
vn -1.000000 -0.000000 -0.000000
vn -1.000000 -0.000000 -0.000000
vn 1.000000 0.000000 0.000000
vn 1.000000 0.000000 0.000000
vn 1.000000 0.000000 0.000000
vn 1.000000 0.000000 0.000000
s off
g SM_Lamp_Modern_01 finialbits_low
usemtl base_lowSG
f 1821/2978/6935 1822/2979/6936 1820/2980/6937 1827/2977/6938
f 1830/2982/6939 1826/2983/6940 1825/2984/6941 1829/2981/6942
f 1828/2986/6943 1824/2987/6944 1823/2988/6945 1819/2985/6946
f 1828/2989/6947 1820/2990/6948 1830/2991/6949 1824/2992/6950
f 1825/2996/6951 1821/2993/6952 1827/2994/6953 1829/2995/6954
f 1820/3001/6955 1828/2986/6956 1819/2985/6957 1827/3002/6958
f 1829/3003/6959 1823/2988/6960 1824/2987/6961 1830/3004/6962
f 1829/2995/6963 1827/2994/6964 1819/2997/6965 1823/2999/6966
f 1820/2990/6967 1822/2998/6968 1826/3000/6969 1830/2991/6970
f 1833/3022/6971 1834/3023/6972 1832/3024/6973 1839/3021/6974
f 1842/3006/6975 1838/3007/6976 1837/3008/6977 1841/3005/6978
f 1840/3026/6979 1836/3027/6980 1835/3028/6981 1831/3025/6982
f 1840/3009/6983 1832/3010/6984 1842/3011/6985 1836/3012/6986
f 1837/3018/6987 1833/3015/6988 1839/3016/6989 1841/3017/6990
f 1832/3029/6991 1840/3026/6992 1831/3025/6993 1839/3030/6994
f 1841/3031/6995 1835/3028/6996 1836/3027/6997 1842/3032/6998
f 1841/3017/6999 1839/3016/7000 1831/3019/7001 1835/3020/7002
f 1832/3010/7003 1834/3013/7004 1838/3014/7005 1842/3011/7006
g default
v 0.431328 50.232300 -0.000000
v 0.405316 50.232300 -0.147523
v 0.330416 50.232300 -0.277252
v 0.215664 50.232300 -0.373541
v 0.074899 50.232300 -0.424775
v -0.074899 50.232300 -0.424775
v -0.215664 50.232300 -0.373541
v -0.330416 50.232300 -0.277252
v -0.405316 50.232300 -0.147523
v -0.431328 50.232300 -0.000000
v -0.405316 50.232300 0.147523
v -0.330416 50.232300 0.277252
v -0.215664 50.232300 0.373541
v -0.074899 50.232300 0.424775
v 0.074899 50.232300 0.424775
v 0.215664 50.232300 0.373541
v 0.330416 50.232300 0.277253
v 0.405316 50.232300 0.147523
v 0.396778 51.705621 -0.000000
v 0.372850 51.705621 -0.135706
v 0.303950 51.705621 -0.255044
v 0.198389 51.705621 -0.343620
v 0.068900 51.705621 -0.390751
v -0.068900 51.705621 -0.390751
v -0.198389 51.705621 -0.343620
v -0.303950 51.705621 -0.255044
v -0.372850 51.705621 -0.135706
v -0.396778 51.705621 -0.000000
v -0.372850 51.705621 0.135706
v -0.303950 51.705621 0.255044
v -0.198389 51.705621 0.343620
v -0.068900 51.705621 0.390750
v 0.068900 51.705621 0.390751
v 0.198389 51.705621 0.343620
v 0.303950 51.705621 0.255044
v 0.372850 51.705621 0.135706
v 0.265564 51.821891 -0.000000
v 0.249549 51.821891 -0.090828
v 0.203434 51.821891 -0.170702
v 0.132782 51.821891 -0.229986
v 0.046115 51.821891 -0.261530
v -0.046115 51.821891 -0.261530
v -0.132782 51.821891 -0.229986
v -0.203434 51.821891 -0.170702
v -0.249549 51.821891 -0.090828
v -0.265564 51.821891 -0.000000
v -0.249549 51.821891 0.090828
v -0.203434 51.821891 0.170701
v -0.132782 51.821891 0.229985
v -0.046115 51.821891 0.261530
v 0.046115 51.821891 0.261530
v 0.132782 51.821891 0.229986
v 0.203434 51.821891 0.170702
v 0.249549 51.821891 0.090829
v -0.000000 51.885918 -0.000000
v 0.072786 51.286696 0.412794
v -0.072787 51.286696 0.412794
v -0.209581 51.286696 0.363005
v -0.321097 51.286696 0.269432
v -0.393883 51.286696 0.143362
v -0.419162 51.286696 -0.000000
v -0.393883 51.286696 -0.143362
v -0.321096 51.286696 -0.269432
v -0.209581 51.286696 -0.363005
v -0.072787 51.286696 -0.412794
v 0.072787 51.286696 -0.412794
v 0.209581 51.286696 -0.363005
v 0.321097 51.286696 -0.269432
v 0.393883 51.286696 -0.143362
v 0.419162 51.286696 -0.000000
v 0.393883 51.286696 0.143362
v 0.321096 51.286696 0.269432
v 0.209581 51.286696 0.363005
v 0.050811 51.095002 0.288164
v -0.050811 51.095002 0.288164
v -0.146305 51.095002 0.253407
v -0.224152 51.095002 0.188086
v -0.274963 51.095002 0.100078
v -0.292609 51.095002 -0.000000
v -0.274963 51.095002 -0.100078
v -0.224152 51.095002 -0.188086
v -0.146305 51.095002 -0.253407
v -0.050811 51.095002 -0.288164
v 0.050811 51.095002 -0.288164
v 0.146305 51.095002 -0.253407
v 0.224152 51.095002 -0.188086
v 0.274963 51.095002 -0.100078
v 0.292609 51.095002 -0.000000
v 0.274963 51.095002 0.100078
v 0.224152 51.095002 0.188086
v 0.146304 51.095002 0.253407
v -0.078523 51.493960 0.445323
v -0.226097 51.493960 0.391611
v -0.346400 51.493960 0.290664
v -0.424923 51.493960 0.154659
v -0.452193 51.493960 -0.000000
v -0.424923 51.493960 -0.154659
v -0.346400 51.493960 -0.290664
v -0.226097 51.493960 -0.391611
v -0.078523 51.493960 -0.445324
v 0.078523 51.493960 -0.445324
v 0.226097 51.493960 -0.391611
v 0.346400 51.493960 -0.290664
v 0.424923 51.493960 -0.154659
v 0.452193 51.493960 -0.000000
v 0.424923 51.493960 0.154660
v 0.346400 51.493960 0.290665
v 0.226096 51.493960 0.391611
v 0.078522 51.493960 0.445324
v -0.215664 50.937477 0.373541
v -0.330416 50.937477 0.277252
v -0.405316 50.937477 0.147523
v -0.431328 50.937477 -0.000000
v -0.405316 50.937477 -0.147523
v -0.330416 50.937477 -0.277252
v -0.215664 50.937477 -0.373541
v -0.074899 50.937477 -0.424775
v 0.074899 50.937477 -0.424775
v 0.215664 50.937477 -0.373541
v 0.330416 50.937477 -0.277252
v 0.405316 50.937477 -0.147523
v 0.431328 50.937477 -0.000000
v 0.405316 50.937477 0.147523
v 0.330416 50.937477 0.277253
v 0.215664 50.937477 0.373541
v 0.074899 50.937477 0.424775
v -0.074899 50.937477 0.424775
v 0.926106 49.835189 -0.000000
v 0.870255 49.835189 -0.316747
v 0.709438 49.835189 -0.595289
v 0.463053 49.835189 -0.802031
v 0.160816 49.835189 -0.912036
v -0.160817 49.835189 -0.912036
v -0.463053 49.835189 -0.802031
v -0.709438 49.835189 -0.595289
v -0.870255 49.835189 -0.316747
v -0.926106 49.835189 -0.000000
v -0.870255 49.835189 0.316747
v -0.709438 49.835189 0.595289
v -0.463053 49.835189 0.802031
v -0.160817 49.835189 0.912036
v 0.160816 49.835189 0.912036
v 0.463052 49.835189 0.802031
v 0.709438 49.835189 0.595290
v 0.870254 49.835189 0.316747
v 0.926106 50.232290 -0.000000
v 0.870255 50.232290 -0.316747
v 0.709438 50.232290 -0.595289
v 0.463053 50.232290 -0.802031
v 0.160816 50.232290 -0.912036
v -0.160817 50.232290 -0.912036
v -0.463053 50.232290 -0.802031
v -0.709438 50.232290 -0.595289
v -0.870255 50.232290 -0.316747
v -0.926106 50.232290 -0.000000
v -0.870255 50.232290 0.316747
v -0.709438 50.232290 0.595289
v -0.463053 50.232290 0.802031
v -0.160817 50.232290 0.912036
v 0.160816 50.232290 0.912036
v 0.463052 50.232290 0.802031
v 0.709438 50.232290 0.595290
v 0.870254 50.232290 0.316747
v -0.000000 49.835189 0.000000
vt 0.057272 0.730017
vt 0.086875 0.730017
vt 0.086875 0.722316
vt 0.057272 0.722316
vt 0.085118 0.730017
vt 0.085118 0.722316
vt 0.083366 0.730017
vt 0.083366 0.722316
vt 0.081619 0.730017
vt 0.081619 0.722316
vt 0.079875 0.730017
vt 0.079875 0.722316
vt 0.078135 0.730017
vt 0.078135 0.722316
vt 0.076396 0.730017
vt 0.076396 0.722316
vt 0.074660 0.730017
vt 0.074660 0.722316
vt 0.072924 0.730017
vt 0.072924 0.722316
vt 0.100979 0.719579
vt 0.100979 0.722081
vt 0.128333 0.722081
vt 0.128333 0.719579
vt 0.102601 0.719579
vt 0.102601 0.722081
vt 0.104208 0.719579
vt 0.104208 0.722081
vt 0.105799 0.719579
vt 0.105799 0.722081
vt 0.071195 0.730017
vt 0.107386 0.719579
vt 0.071195 0.722316
vt 0.069455 0.730017
vt 0.107386 0.722081
vt 0.108978 0.719579
vt 0.108978 0.722081
vt 0.110584 0.719579
vt 0.110584 0.722081
vt 0.112206 0.719579
vt 0.069455 0.722316
vt 0.067721 0.730017
vt 0.067721 0.722316
vt 0.065987 0.730017
vt 0.065987 0.722316
vt 0.064250 0.730017
vt 0.064250 0.722316
vt 0.062512 0.730017
vt 0.062512 0.722316
vt 0.060770 0.730017
vt 0.060770 0.722316
vt 0.059024 0.730017
vt 0.112206 0.722081
vt 0.113839 0.719579
vt 0.113839 0.722081
vt 0.115473 0.719579
vt 0.115473 0.722081
vt 0.117095 0.719579
vt 0.117095 0.722081
vt 0.118701 0.719579
vt 0.118701 0.722081
vt 0.120293 0.719579
vt 0.120293 0.722081
vt 0.121879 0.719579
vt 0.059024 0.722316
vt 0.121879 0.722081
vt 0.042295 0.938447
vt 0.123472 0.719579
vt 0.123472 0.722081
vt 0.125078 0.719579
vt 0.125078 0.722081
vt 0.126700 0.719579
vt 0.126700 0.722081
vt 0.100979 0.717265
vt 0.042295 0.906104
vt 0.042295 0.936524
vt 0.042295 0.934620
vt 0.042295 0.932735
vt 0.042295 0.930859
vt 0.042295 0.928978
vt 0.042295 0.927084
vt 0.042295 0.925171
vt 0.042295 0.923241
vt 0.042295 0.921309
vt 0.042295 0.919387
vt 0.042295 0.917483
vt 0.128333 0.717265
vt 0.102601 0.717265
vt 0.104208 0.717265
vt 0.105799 0.717265
vt 0.107386 0.717265
vt 0.108978 0.717265
vt 0.110584 0.717265
vt 0.112206 0.717265
vt 0.113839 0.717265
vt 0.115473 0.717265
vt 0.117095 0.717265
vt 0.118701 0.717265
vt 0.042295 0.915597
vt 0.120293 0.717265
vt 0.042295 0.913721
vt 0.121879 0.717265
vt 0.123472 0.717265
vt 0.125078 0.717265
vt 0.126700 0.717265
vt 0.100979 0.724636
vt 0.042295 0.911841
vt 0.102601 0.724636
vt 0.685823 0.561842
vt 0.682280 0.560553
vt 0.685179 0.555530
vt 0.686829 0.556131
vt 0.679392 0.558130
vt 0.683834 0.554402
vt 0.677507 0.554864
vt 0.682957 0.552881
vt 0.676853 0.551152
vt 0.682652 0.551152
vt 0.677507 0.547439
vt 0.682957 0.549423
vt 0.679392 0.544174
vt 0.683834 0.547902
vt 0.682280 0.541751
vt 0.685179 0.546773
vt 0.685823 0.540461
vt 0.686829 0.546173
vt 0.689592 0.540461
vt 0.688585 0.546173
vt 0.693135 0.541751
vt 0.690236 0.546773
vt 0.696023 0.544174
vt 0.691580 0.547902
vt 0.697908 0.547439
vt 0.692459 0.549423
vt 0.698562 0.551152
vt 0.692763 0.551152
vt 0.697908 0.554864
vt 0.692459 0.552881
vt 0.696023 0.558129
vt 0.691580 0.554402
vt 0.693135 0.560553
vt 0.690236 0.555530
vt 0.689592 0.561842
vt 0.688585 0.556131
vt 0.453550 0.579535
vt 0.455434 0.582799
vt 0.445234 0.586512
vt 0.450661 0.577111
vt 0.447119 0.575822
vt 0.443350 0.575822
vt 0.439807 0.577111
vt 0.436919 0.579535
vt 0.435034 0.582799
vt 0.434379 0.586512
vt 0.435034 0.590224
vt 0.436919 0.593489
vt 0.439807 0.595913
vt 0.443349 0.597202
vt 0.447119 0.597202
vt 0.450661 0.595913
vt 0.453550 0.593490
vt 0.455434 0.590224
vt 0.456089 0.586512
vt 0.042295 0.909947
vt 0.042295 0.908033
vt 0.093761 0.990047
vt 0.030258 0.990047
vt 0.030258 0.994407
vt 0.093761 0.994407
vt 0.034052 0.990047
vt 0.034052 0.994407
vt 0.037838 0.990047
vt 0.037838 0.994407
vt 0.104208 0.724636
vt 0.105799 0.724636
vt 0.107386 0.724636
vt 0.108978 0.724636
vt 0.110584 0.724636
vt 0.112206 0.724636
vt 0.113839 0.724636
vt 0.115473 0.724636
vt 0.117095 0.724636
vt 0.118701 0.724636
vt 0.041611 0.990047
vt 0.041611 0.994407
vt 0.120293 0.724636
vt 0.045366 0.990047
vt 0.121879 0.724636
vt 0.123472 0.724636
vt 0.125078 0.724636
vt 0.126700 0.724636
vt 0.045366 0.994407
vt 0.049101 0.990047
vt 0.049101 0.994407
vt 0.052818 0.990047
vt 0.052818 0.994407
vt 0.056522 0.990047
vt 0.056522 0.994407
vt 0.060217 0.990047
vt 0.060217 0.994407
vt 0.063907 0.990047
vt 0.063907 0.994407
vt 0.067596 0.990047
vt 0.067596 0.994407
vt 0.071289 0.990047
vt 0.071289 0.994407
vt 0.074991 0.990047
vt 0.074991 0.994407
vt 0.078707 0.990047
vt 0.078707 0.994407
vt 0.082442 0.990047
vt 0.082442 0.994407
vt 0.086198 0.990047
vt 0.086198 0.994407
vt 0.089973 0.990047
vt 0.089973 0.994407
vt 0.040361 0.938447
vt 0.040361 0.906104
vt 0.040361 0.936524
vt 0.040361 0.934678
vt 0.040361 0.932792
vt 0.040361 0.930859
vt 0.040361 0.928978
vt 0.040361 0.927084
vt 0.040361 0.925171
vt 0.040361 0.923241
vt 0.040361 0.921309
vt 0.358508 0.782934
vt 0.360228 0.783238
vt 0.359659 0.784801
vt 0.358508 0.784598
vt 0.361741 0.784111
vt 0.360672 0.785385
vt 0.362863 0.785449
vt 0.361423 0.786281
vt 0.363460 0.787091
vt 0.361823 0.787379
vt 0.363460 0.788837
vt 0.361823 0.788548
vt 0.362863 0.790479
vt 0.361423 0.789647
vt 0.361740 0.791817
vt 0.360671 0.790543
vt 0.360228 0.792690
vt 0.359659 0.791127
vt 0.358508 0.792993
vt 0.358508 0.791330
vt 0.356788 0.792690
vt 0.357357 0.791127
vt 0.355275 0.791816
vt 0.356344 0.790543
vt 0.354153 0.790479
vt 0.355592 0.789647
vt 0.353555 0.788837
vt 0.355193 0.788549
vt 0.353555 0.787090
vt 0.355193 0.787379
vt 0.354153 0.785449
vt 0.355593 0.786281
vt 0.355275 0.784111
vt 0.356344 0.785385
vt 0.356788 0.783238
vt 0.357356 0.784801
vt 0.358508 0.787964
vt 0.040361 0.919387
vt 0.040361 0.917483
vt 0.040361 0.915597
vt 0.040361 0.913721
vt 0.040361 0.911841
vt 0.040361 0.909947
vt 0.040361 0.908033
vt 0.129966 0.719579
vt 0.129966 0.722081
vt 0.129966 0.717265
vt 0.129966 0.719579
vt 0.129966 0.722081
vt 0.129966 0.724636
vt 0.128333 0.724636
vt 0.128333 0.724636
vt 0.055515 0.730017
vt 0.055515 0.722316
vt 0.040361 0.904171
vt 0.042295 0.904171
vt 0.097556 0.990047
vt 0.097556 0.994407
vn 1.000000 0.000000 0.000000
vn 0.939693 0.000000 -0.342020
vn 0.939693 0.000000 -0.342020
vn 1.000000 0.000000 0.000000
vn 0.766045 0.000000 -0.642787
vn 0.939693 0.000000 -0.342020
vn 0.939693 0.000000 -0.342020
vn 0.766045 0.000000 -0.642787
vn 0.500000 -0.000000 -0.866025
vn 0.766045 0.000000 -0.642787
vn 0.766045 0.000000 -0.642787
vn 0.500000 -0.000000 -0.866025
vn 0.173648 -0.000000 -0.984808
vn 0.173648 -0.000000 -0.984808
vn 0.500000 -0.000000 -0.866025
vn 0.500000 -0.000000 -0.866025
vn -0.173648 -0.000000 -0.984808
vn -0.173648 -0.000000 -0.984808
vn 0.173648 -0.000000 -0.984808
vn 0.173648 -0.000000 -0.984808
vn -0.500000 0.000000 -0.866025
vn -0.173648 -0.000000 -0.984808
vn -0.173648 -0.000000 -0.984808
vn -0.500000 0.000000 -0.866025
vn -0.766044 0.000000 -0.642788
vn -0.500000 0.000000 -0.866025
vn -0.500000 0.000000 -0.866025
vn -0.766044 0.000000 -0.642788
vn -0.939692 0.000000 -0.342020
vn -0.939693 0.000000 -0.342020
vn -0.766044 0.000000 -0.642788
vn -0.766044 0.000000 -0.642788
vn -1.000000 -0.000000 -0.000000
vn -1.000000 -0.000000 -0.000000
vn -0.939693 0.000000 -0.342020
vn -0.939692 0.000000 -0.342020
vn -0.939693 -0.000000 0.342020
vn -1.000000 -0.000000 -0.000000
vn -1.000000 -0.000000 -0.000000
vn -0.939693 -0.000000 0.342020
vn -0.766044 0.000000 0.642788
vn -0.939693 -0.000000 0.342020
vn -0.939693 -0.000000 0.342020
vn -0.766044 0.000000 0.642788
vn -0.500000 0.000000 0.866025
vn -0.500000 0.000000 0.866025
vn -0.766044 0.000000 0.642788
vn -0.766044 0.000000 0.642788
vn -0.173649 0.000000 0.984808
vn -0.173649 0.000000 0.984808
vn -0.500000 0.000000 0.866025
vn -0.500000 0.000000 0.866025
vn 0.173647 0.000000 0.984808
vn 0.173647 0.000000 0.984808
vn -0.173649 0.000000 0.984808
vn -0.173649 0.000000 0.984808
vn 0.499999 -0.000000 0.866026
vn 0.173647 0.000000 0.984808
vn 0.173647 0.000000 0.984808
vn 0.499999 -0.000000 0.866026
vn 0.766044 0.000000 0.642788
vn 0.499999 -0.000000 0.866026
vn 0.499999 -0.000000 0.866026
vn 0.766044 0.000000 0.642788
vn 0.939692 0.000000 0.342021
vn 0.939692 0.000000 0.342021
vn 0.766044 0.000000 0.642788
vn 0.766044 0.000000 0.642788
vn 1.000000 0.000000 0.000000
vn 1.000000 0.000000 0.000000
vn 0.939692 0.000000 0.342021
vn 0.939692 0.000000 0.342021
vn 0.811500 0.504212 -0.295362
vn 0.457021 0.873763 -0.166342
vn 0.486351 0.873763 -0.000000
vn 0.863580 0.504212 -0.000000
vn 0.811500 0.504212 -0.295362
vn 0.661541 0.504212 -0.555098
vn 0.372567 0.873763 -0.312620
vn 0.457021 0.873763 -0.166342
vn 0.243176 0.873763 -0.421192
vn 0.372567 0.873763 -0.312620
vn 0.661541 0.504212 -0.555098
vn 0.431790 0.504212 -0.747882
vn 0.431790 0.504212 -0.747882
vn 0.149959 0.504212 -0.850460
vn 0.084454 0.873763 -0.478962
vn 0.243176 0.873763 -0.421192
vn 0.084454 0.873763 -0.478962
vn 0.149959 0.504212 -0.850460
vn -0.149959 0.504212 -0.850460
vn -0.084454 0.873763 -0.478962
vn -0.084454 0.873763 -0.478962
vn -0.149959 0.504212 -0.850460
vn -0.431790 0.504212 -0.747882
vn -0.243176 0.873763 -0.421192
vn -0.661541 0.504212 -0.555099
vn -0.372567 0.873763 -0.312621
vn -0.243176 0.873763 -0.421192
vn -0.431790 0.504212 -0.747882
vn -0.661541 0.504212 -0.555099
vn -0.811499 0.504212 -0.295362
vn -0.457021 0.873763 -0.166342
vn -0.372567 0.873763 -0.312621
vn -0.486351 0.873763 -0.000000
vn -0.457021 0.873763 -0.166342
vn -0.811499 0.504212 -0.295362
vn -0.863580 0.504212 -0.000000
vn -0.863580 0.504212 -0.000000
vn -0.811500 0.504212 0.295362
vn -0.457021 0.873763 0.166342
vn -0.486351 0.873763 -0.000000
vn -0.457021 0.873763 0.166342
vn -0.811500 0.504212 0.295362
vn -0.661541 0.504212 0.555098
vn -0.372567 0.873763 0.312621
vn -0.372567 0.873763 0.312621
vn -0.661541 0.504212 0.555098
vn -0.431790 0.504212 0.747882
vn -0.243176 0.873763 0.421193
vn -0.149959 0.504212 0.850460
vn -0.084454 0.873763 0.478963
vn -0.243176 0.873763 0.421193
vn -0.431790 0.504212 0.747882
vn -0.149959 0.504212 0.850460
vn 0.149958 0.504212 0.850460
vn 0.084454 0.873763 0.478963
vn -0.084454 0.873763 0.478963
vn 0.243175 0.873763 0.421193
vn 0.084454 0.873763 0.478963
vn 0.149958 0.504212 0.850460
vn 0.431790 0.504212 0.747882
vn 0.243175 0.873763 0.421193
vn 0.431790 0.504212 0.747882
vn 0.661540 0.504212 0.555099
vn 0.372567 0.873763 0.312621
vn 0.372567 0.873763 0.312621
vn 0.661540 0.504212 0.555099
vn 0.811500 0.504212 0.295362
vn 0.457021 0.873763 0.166342
vn 0.811500 0.504212 0.295362
vn 0.863580 0.504212 -0.000000
vn 0.486351 0.873763 -0.000000
vn 0.457021 0.873763 0.166342
vn 0.486351 0.873763 -0.000000
vn 0.457021 0.873763 -0.166342
vn -0.000000 1.000000 0.000000
vn -0.000000 1.000000 0.000000
vn 0.457021 0.873763 -0.166342
vn 0.372567 0.873763 -0.312620
vn 0.243176 0.873763 -0.421192
vn -0.000000 1.000000 0.000000
vn 0.243176 0.873763 -0.421192
vn 0.084454 0.873763 -0.478962
vn -0.084454 0.873763 -0.478962
vn -0.000000 1.000000 0.000000
vn -0.084454 0.873763 -0.478962
vn -0.243176 0.873763 -0.421192
vn -0.372567 0.873763 -0.312621
vn -0.000000 1.000000 0.000000
vn -0.372567 0.873763 -0.312621
vn -0.457021 0.873763 -0.166342
vn -0.486351 0.873763 -0.000000
vn -0.000000 1.000000 0.000000
vn -0.486351 0.873763 -0.000000
vn -0.457021 0.873763 0.166342
vn -0.372567 0.873763 0.312621
vn -0.000000 1.000000 0.000000
vn -0.372567 0.873763 0.312621
vn -0.243176 0.873763 0.421193
vn -0.084454 0.873763 0.478963
vn -0.084454 0.873763 0.478963
vn 0.084454 0.873763 0.478963
vn -0.000000 1.000000 0.000000
vn -0.000000 1.000000 0.000000
vn 0.084454 0.873763 0.478963
vn 0.243175 0.873763 0.421193
vn 0.372567 0.873763 0.312621
vn -0.000000 1.000000 0.000000
vn 0.372567 0.873763 0.312621
vn 0.457021 0.873763 0.166342
vn 0.486351 0.873763 -0.000000
vn 0.879509 -0.352122 -0.320115
vn 0.938631 0.047528 -0.341633
vn 0.998870 0.047528 -0.000000
vn 0.935954 -0.352122 -0.000000
vn 0.716983 -0.352122 -0.601619
vn 0.765179 0.047528 -0.642061
vn 0.938631 0.047528 -0.341633
vn 0.879509 -0.352122 -0.320115
vn 0.499435 0.047528 -0.865047
vn 0.765179 0.047528 -0.642061
vn 0.716983 -0.352122 -0.601619
vn 0.467977 -0.352122 -0.810560
vn 0.173452 0.047528 -0.983695
vn 0.499435 0.047528 -0.865047
vn 0.467977 -0.352122 -0.810560
vn 0.162527 -0.352122 -0.921735
vn -0.173452 0.047527 -0.983695
vn 0.173452 0.047528 -0.983695
vn 0.162527 -0.352122 -0.921735
vn -0.162527 -0.352122 -0.921735
vn -0.467977 -0.352122 -0.810560
vn -0.499435 0.047528 -0.865047
vn -0.173452 0.047527 -0.983695
vn -0.162527 -0.352122 -0.921735
vn -0.716982 -0.352122 -0.601620
vn -0.765179 0.047528 -0.642061
vn -0.499435 0.047528 -0.865047
vn -0.467977 -0.352122 -0.810560
vn -0.938631 0.047528 -0.341634
vn -0.765179 0.047528 -0.642061
vn -0.716982 -0.352122 -0.601620
vn -0.879509 -0.352122 -0.320116
vn -0.998870 0.047528 -0.000000
vn -0.938631 0.047528 -0.341634
vn -0.879509 -0.352122 -0.320116
vn -0.935954 -0.352122 -0.000000
vn -0.879509 -0.352122 0.320115
vn -0.938631 0.047528 0.341634
vn -0.998870 0.047528 -0.000000
vn -0.935954 -0.352122 -0.000000
vn -0.716982 -0.352122 0.601620
vn -0.765179 0.047528 0.642061
vn -0.938631 0.047528 0.341634
vn -0.879509 -0.352122 0.320115
vn -0.499435 0.047528 0.865047
vn -0.765179 0.047528 0.642061
vn -0.716982 -0.352122 0.601620
vn -0.467977 -0.352122 0.810560
vn -0.173453 0.047528 0.983695
vn -0.499435 0.047528 0.865047
vn -0.467977 -0.352122 0.810560
vn -0.162527 -0.352122 0.921735
vn 0.173451 0.047528 0.983695
vn -0.173453 0.047528 0.983695
vn -0.162527 -0.352122 0.921735
vn 0.162526 -0.352122 0.921735
vn 0.467977 -0.352122 0.810560
vn 0.499434 0.047528 0.865047
vn 0.173451 0.047528 0.983695
vn 0.162526 -0.352122 0.921735
vn 0.716982 -0.352122 0.601620
vn 0.765179 0.047528 0.642061
vn 0.499434 0.047528 0.865047
vn 0.467977 -0.352122 0.810560
vn 0.938631 0.047528 0.341634
vn 0.765179 0.047528 0.642061
vn 0.716982 -0.352122 0.601620
vn 0.879509 -0.352122 0.320115
vn 0.998870 0.047528 -0.000000
vn 0.938631 0.047528 0.341634
vn 0.879509 -0.352122 0.320115
vn 0.935954 -0.352122 -0.000000
vn 0.937351 0.070553 -0.341168
vn 0.879509 -0.352122 -0.320115
vn 0.935954 -0.352122 -0.000000
vn 0.997508 0.070553 -0.000000
vn 0.764136 0.070553 -0.641185
vn 0.716983 -0.352122 -0.601619
vn 0.879509 -0.352122 -0.320115
vn 0.937351 0.070553 -0.341168
vn 0.467977 -0.352122 -0.810560
vn 0.716983 -0.352122 -0.601619
vn 0.764136 0.070553 -0.641185
vn 0.498754 0.070553 -0.863867
vn 0.162527 -0.352122 -0.921735
vn 0.467977 -0.352122 -0.810560
vn 0.498754 0.070553 -0.863867
vn 0.173216 0.070553 -0.982354
vn -0.162527 -0.352122 -0.921735
vn 0.162527 -0.352122 -0.921735
vn 0.173216 0.070553 -0.982354
vn -0.173216 0.070553 -0.982354
vn -0.498754 0.070553 -0.863867
vn -0.467977 -0.352122 -0.810560
vn -0.162527 -0.352122 -0.921735
vn -0.173216 0.070553 -0.982354
vn -0.764135 0.070552 -0.641186
vn -0.716982 -0.352122 -0.601620
vn -0.467977 -0.352122 -0.810560
vn -0.498754 0.070553 -0.863867
vn -0.879509 -0.352122 -0.320116
vn -0.716982 -0.352122 -0.601620
vn -0.764135 0.070552 -0.641186
vn -0.937351 0.070552 -0.341168
vn -0.935954 -0.352122 -0.000000
vn -0.879509 -0.352122 -0.320116
vn -0.937351 0.070552 -0.341168
vn -0.997508 0.070552 -0.000000
vn -0.937351 0.070553 0.341168
vn -0.879509 -0.352122 0.320115
vn -0.935954 -0.352122 -0.000000
vn -0.997508 0.070552 -0.000000
vn -0.764135 0.070552 0.641186
vn -0.716982 -0.352122 0.601620
vn -0.879509 -0.352122 0.320115
vn -0.937351 0.070553 0.341168
vn -0.467977 -0.352122 0.810560
vn -0.716982 -0.352122 0.601620
vn -0.764135 0.070552 0.641186
vn -0.498754 0.070553 0.863867
vn -0.162527 -0.352122 0.921735
vn -0.467977 -0.352122 0.810560
vn -0.498754 0.070553 0.863867
vn -0.173216 0.070552 0.982354
vn 0.162526 -0.352122 0.921735
vn -0.162527 -0.352122 0.921735
vn -0.173216 0.070552 0.982354
vn 0.173214 0.070553 0.982354
vn 0.498754 0.070552 0.863868
vn 0.467977 -0.352122 0.810560
vn 0.162526 -0.352122 0.921735
vn 0.173214 0.070553 0.982354
vn 0.764135 0.070553 0.641186
vn 0.716982 -0.352122 0.601620
vn 0.467977 -0.352122 0.810560
vn 0.498754 0.070552 0.863868
vn 0.879509 -0.352122 0.320115
vn 0.716982 -0.352122 0.601620
vn 0.764135 0.070553 0.641186
vn 0.937351 0.070553 0.341168
vn 0.935954 -0.352122 -0.000000
vn 0.879509 -0.352122 0.320115
vn 0.937351 0.070553 0.341168
vn 0.997508 0.070553 -0.000000
vn 0.811500 0.504212 -0.295362
vn 0.863580 0.504212 -0.000000
vn 0.998870 0.047528 -0.000000
vn 0.938631 0.047528 -0.341633
vn 0.661541 0.504212 -0.555098
vn 0.811500 0.504212 -0.295362
vn 0.938631 0.047528 -0.341633
vn 0.765179 0.047528 -0.642061
vn 0.499435 0.047528 -0.865047
vn 0.431790 0.504212 -0.747882
vn 0.661541 0.504212 -0.555098
vn 0.765179 0.047528 -0.642061
vn 0.173452 0.047528 -0.983695
vn 0.149959 0.504212 -0.850460
vn 0.431790 0.504212 -0.747882
vn 0.499435 0.047528 -0.865047
vn -0.173452 0.047527 -0.983695
vn -0.149959 0.504212 -0.850460
vn 0.149959 0.504212 -0.850460
vn 0.173452 0.047528 -0.983695
vn -0.431790 0.504212 -0.747882
vn -0.149959 0.504212 -0.850460
vn -0.173452 0.047527 -0.983695
vn -0.499435 0.047528 -0.865047
vn -0.661541 0.504212 -0.555099
vn -0.431790 0.504212 -0.747882
vn -0.499435 0.047528 -0.865047
vn -0.765179 0.047528 -0.642061
vn -0.938631 0.047528 -0.341634
vn -0.811499 0.504212 -0.295362
vn -0.661541 0.504212 -0.555099
vn -0.765179 0.047528 -0.642061
vn -0.998870 0.047528 -0.000000
vn -0.863580 0.504212 -0.000000
vn -0.811499 0.504212 -0.295362
vn -0.938631 0.047528 -0.341634
vn -0.811500 0.504212 0.295362
vn -0.863580 0.504212 -0.000000
vn -0.998870 0.047528 -0.000000
vn -0.938631 0.047528 0.341634
vn -0.661541 0.504212 0.555098
vn -0.811500 0.504212 0.295362
vn -0.938631 0.047528 0.341634
vn -0.765179 0.047528 0.642061
vn -0.499435 0.047528 0.865047
vn -0.431790 0.504212 0.747882
vn -0.661541 0.504212 0.555098
vn -0.765179 0.047528 0.642061
vn -0.173453 0.047528 0.983695
vn -0.149959 0.504212 0.850460
vn -0.431790 0.504212 0.747882
vn -0.499435 0.047528 0.865047
vn 0.173451 0.047528 0.983695
vn 0.149958 0.504212 0.850460
vn -0.149959 0.504212 0.850460
vn -0.173453 0.047528 0.983695
vn 0.431790 0.504212 0.747882
vn 0.149958 0.504212 0.850460
vn 0.173451 0.047528 0.983695
vn 0.499434 0.047528 0.865047
vn 0.661540 0.504212 0.555099
vn 0.431790 0.504212 0.747882
vn 0.499434 0.047528 0.865047
vn 0.765179 0.047528 0.642061
vn 0.938631 0.047528 0.341634
vn 0.811500 0.504212 0.295362
vn 0.661540 0.504212 0.555099
vn 0.765179 0.047528 0.642061
vn 0.998870 0.047528 -0.000000
vn 0.863580 0.504212 -0.000000
vn 0.811500 0.504212 0.295362
vn 0.938631 0.047528 0.341634
vn 0.937351 0.070553 -0.341168
vn 0.997508 0.070553 -0.000000
vn 0.750491 0.660880 0.000000
vn 0.705231 0.660880 -0.256683
vn 0.764136 0.070553 -0.641185
vn 0.937351 0.070553 -0.341168
vn 0.705231 0.660880 -0.256683
vn 0.574910 0.660880 -0.482406
vn 0.498754 0.070553 -0.863867
vn 0.764136 0.070553 -0.641185
vn 0.574910 0.660880 -0.482406
vn 0.375246 0.660880 -0.649945
vn 0.130322 0.660880 -0.739090
vn 0.173216 0.070553 -0.982354
vn 0.498754 0.070553 -0.863867
vn 0.375246 0.660880 -0.649945
vn -0.130322 0.660880 -0.739090
vn -0.173216 0.070553 -0.982354
vn 0.173216 0.070553 -0.982354
vn 0.130322 0.660880 -0.739090
vn -0.498754 0.070553 -0.863867
vn -0.173216 0.070553 -0.982354
vn -0.130322 0.660880 -0.739090
vn -0.375246 0.660880 -0.649945
vn -0.574910 0.660880 -0.482407
vn -0.764135 0.070552 -0.641186
vn -0.498754 0.070553 -0.863867
vn -0.375246 0.660880 -0.649945
vn -0.937351 0.070552 -0.341168
vn -0.764135 0.070552 -0.641186
vn -0.574910 0.660880 -0.482407
vn -0.705231 0.660880 -0.256684
vn -0.750492 0.660880 -0.000000
vn -0.997508 0.070552 -0.000000
vn -0.937351 0.070552 -0.341168
vn -0.705231 0.660880 -0.256684
vn -0.937351 0.070553 0.341168
vn -0.997508 0.070552 -0.000000
vn -0.750492 0.660880 -0.000000
vn -0.705231 0.660880 0.256683
vn -0.937351 0.070553 0.341168
vn -0.705231 0.660880 0.256683
vn -0.574910 0.660880 0.482407
vn -0.764135 0.070552 0.641186
vn -0.764135 0.070552 0.641186
vn -0.574910 0.660880 0.482407
vn -0.375246 0.660880 0.649945
vn -0.498754 0.070553 0.863867
vn -0.130322 0.660880 0.739090
vn -0.173216 0.070552 0.982354
vn -0.498754 0.070553 0.863867
vn -0.375246 0.660880 0.649945
vn 0.130321 0.660880 0.739090
vn 0.173214 0.070553 0.982354
vn -0.173216 0.070552 0.982354
vn -0.130322 0.660880 0.739090
vn 0.498754 0.070552 0.863868
vn 0.173214 0.070553 0.982354
vn 0.130321 0.660880 0.739090
vn 0.375245 0.660880 0.649945
vn 0.375245 0.660880 0.649945
vn 0.574910 0.660880 0.482407
vn 0.764135 0.070553 0.641186
vn 0.498754 0.070552 0.863868
vn 0.764135 0.070553 0.641186
vn 0.574910 0.660880 0.482407
vn 0.705231 0.660880 0.256683
vn 0.937351 0.070553 0.341168
vn 0.750491 0.660880 0.000000
vn 0.997508 0.070553 -0.000000
vn 0.937351 0.070553 0.341168
vn 0.705231 0.660880 0.256683
vn 0.939693 0.000000 -0.342020
vn 0.939693 0.000000 -0.342020
vn 1.000000 0.000000 0.000000
vn 1.000000 0.000000 0.000000
vn 0.766044 0.000000 -0.642788
vn 0.939693 0.000000 -0.342020
vn 0.939693 0.000000 -0.342020
vn 0.766044 0.000000 -0.642788
vn 0.500000 0.000000 -0.866025
vn 0.766044 0.000000 -0.642788
vn 0.766044 0.000000 -0.642788
vn 0.500000 0.000000 -0.866025
vn 0.173648 0.000000 -0.984808
vn 0.500000 0.000000 -0.866025
vn 0.500000 0.000000 -0.866025
vn 0.173648 0.000000 -0.984808
vn -0.173648 -0.000000 -0.984808
vn 0.173648 0.000000 -0.984808
vn 0.173648 0.000000 -0.984808
vn -0.173648 -0.000000 -0.984808
vn -0.500000 -0.000000 -0.866025
vn -0.173648 -0.000000 -0.984808
vn -0.173648 -0.000000 -0.984808
vn -0.500000 -0.000000 -0.866025
vn -0.766044 -0.000000 -0.642788
vn -0.500000 -0.000000 -0.866025
vn -0.500000 -0.000000 -0.866025
vn -0.766044 -0.000000 -0.642788
vn -0.939693 -0.000000 -0.342020
vn -0.766044 -0.000000 -0.642788
vn -0.766044 -0.000000 -0.642788
vn -0.939693 -0.000000 -0.342020
vn -1.000000 -0.000000 -0.000000
vn -0.939693 -0.000000 -0.342020
vn -0.939693 -0.000000 -0.342020
vn -1.000000 -0.000000 -0.000000
vn -0.939693 -0.000000 0.342020
vn -1.000000 -0.000000 -0.000000
vn -1.000000 -0.000000 -0.000000
vn -0.939693 -0.000000 0.342020
vn -0.766045 -0.000000 0.642787
vn -0.939693 -0.000000 0.342020
vn -0.939693 -0.000000 0.342020
vn -0.766045 -0.000000 0.642787
vn -0.500000 -0.000000 0.866025
vn -0.766045 -0.000000 0.642787
vn -0.766045 -0.000000 0.642787
vn -0.500000 -0.000000 0.866025
vn -0.173649 -0.000000 0.984808
vn -0.500000 -0.000000 0.866025
vn -0.500000 -0.000000 0.866025
vn -0.173649 -0.000000 0.984808
vn 0.173648 0.000000 0.984808
vn -0.173649 -0.000000 0.984808
vn -0.173649 -0.000000 0.984808
vn 0.173648 0.000000 0.984808
vn 0.500000 0.000000 0.866026
vn 0.173648 0.000000 0.984808
vn 0.173648 0.000000 0.984808
vn 0.500000 0.000000 0.866026
vn 0.766044 0.000000 0.642788
vn 0.500000 0.000000 0.866026
vn 0.500000 0.000000 0.866026
vn 0.766044 0.000000 0.642788
vn 0.939692 0.000000 0.342021
vn 0.766044 0.000000 0.642788
vn 0.766044 0.000000 0.642788
vn 0.939692 0.000000 0.342021
vn 1.000000 0.000000 0.000000
vn 0.939692 0.000000 0.342021
vn 0.939692 0.000000 0.342021
vn 1.000000 0.000000 0.000000
vn 0.000021 1.000000 0.000000
vn 0.000021 1.000000 0.000000
vn 0.000020 1.000000 -0.000007
vn 0.000020 1.000000 -0.000007
vn 0.000016 1.000000 -0.000014
vn 0.000020 1.000000 -0.000007
vn 0.000020 1.000000 -0.000007
vn 0.000016 1.000000 -0.000014
vn 0.000011 1.000000 -0.000019
vn 0.000016 1.000000 -0.000014
vn 0.000016 1.000000 -0.000014
vn 0.000011 1.000000 -0.000019
vn 0.000011 1.000000 -0.000019
vn 0.000011 1.000000 -0.000019
vn 0.000004 1.000000 -0.000021
vn 0.000004 1.000000 -0.000021
vn 0.000004 1.000000 -0.000021
vn -0.000004 1.000000 -0.000021
vn -0.000004 1.000000 -0.000021
vn 0.000004 1.000000 -0.000021
vn -0.000004 1.000000 -0.000021
vn -0.000011 1.000000 -0.000019
vn -0.000011 1.000000 -0.000019
vn -0.000004 1.000000 -0.000021
vn -0.000016 1.000000 -0.000014
vn -0.000016 1.000000 -0.000014
vn -0.000011 1.000000 -0.000019
vn -0.000011 1.000000 -0.000019
vn -0.000020 1.000000 -0.000007
vn -0.000016 1.000000 -0.000014
vn -0.000016 1.000000 -0.000014
vn -0.000020 1.000000 -0.000007
vn -0.000021 1.000000 -0.000000
vn -0.000021 1.000000 -0.000000
vn -0.000020 1.000000 -0.000007
vn -0.000020 1.000000 -0.000007
vn -0.000021 1.000000 -0.000000
vn -0.000021 1.000000 -0.000000
vn -0.000020 1.000000 0.000007
vn -0.000020 1.000000 0.000007
vn -0.000020 1.000000 0.000007
vn -0.000019 1.000000 0.000011
vn -0.000019 1.000000 0.000011
vn -0.000020 1.000000 0.000007
vn -0.000014 1.000000 0.000017
vn -0.000014 1.000000 0.000017
vn -0.000014 1.000000 0.000017
vn -0.000014 1.000000 0.000017
vn -0.000004 1.000000 0.000021
vn -0.000007 1.000000 0.000020
vn -0.000007 1.000000 0.000020
vn -0.000004 1.000000 0.000021
vn 0.000004 1.000000 0.000021
vn -0.000004 1.000000 0.000021
vn -0.000004 1.000000 0.000021
vn 0.000004 1.000000 0.000021
vn 0.000011 1.000000 0.000019
vn 0.000011 1.000000 0.000019
vn 0.000004 1.000000 0.000021
vn 0.000004 1.000000 0.000021
vn 0.000011 1.000000 0.000019
vn 0.000016 1.000000 0.000014
vn 0.000016 1.000000 0.000014
vn 0.000011 1.000000 0.000019
vn 0.000016 1.000000 0.000014
vn 0.000016 1.000000 0.000014
vn 0.000020 1.000000 0.000007
vn 0.000020 1.000000 0.000007
vn 0.000020 1.000000 0.000007
vn 0.000021 1.000000 0.000000
vn 0.000021 1.000000 0.000000
vn 0.000020 1.000000 0.000007
vn 0.000000 -1.000000 0.000000
vn 0.000000 -1.000000 0.000000
vn 0.000000 -1.000000 0.000000
vn 0.000000 -1.000000 0.000000
vn 0.000000 -1.000000 0.000000
vn 0.000000 -1.000000 0.000000
vn 0.000000 -1.000000 0.000000
vn 0.000000 -1.000000 0.000000
vn 0.000000 -1.000000 0.000000
vn 0.000000 -1.000000 0.000000
vn 0.000000 -1.000000 0.000000
vn 0.000000 -1.000000 0.000000
vn 0.000000 -1.000000 0.000000
vn 0.000000 -1.000000 0.000000
vn 0.000000 -1.000000 0.000000
vn 0.000000 -1.000000 0.000000
vn 0.000000 -1.000000 0.000000
vn 0.000000 -1.000000 0.000000
vn 0.000000 -1.000000 0.000000
vn 0.000000 -1.000000 0.000000
vn 0.000000 -1.000000 0.000000
vn 0.000000 -1.000000 0.000000
vn 0.000000 -1.000000 0.000000
vn 0.000000 -1.000000 0.000000
vn 0.000000 -1.000000 0.000000
vn 0.000000 -1.000000 0.000000
vn 0.000000 -1.000000 0.000000
vn 0.000000 -1.000000 0.000000
vn 0.000000 -1.000000 0.000000
vn 0.000000 -1.000000 0.000000
vn 0.000000 -1.000000 0.000000
vn 0.000000 -1.000000 0.000000
vn 0.000000 -1.000000 0.000000
vn 0.000000 -1.000000 0.000000
vn 0.000000 -1.000000 0.000000
vn 0.000000 -1.000000 0.000000
vn 0.000000 -1.000000 0.000000
vn 0.000000 -1.000000 0.000000
s off
g SM_Lamp_Modern_01 finial_low
usemtl base_lowSG
f 1843/3033/7007 1844/3312/7008 1963/3313/7009 1964/3036/7010
f 1962/3038/7011 1963/3035/7012 1844/3034/7013 1845/3037/7014
f 1961/3040/7015 1962/3038/7016 1845/3037/7017 1846/3039/7018
f 1847/3041/7019 1960/3042/7020 1961/3040/7021 1846/3039/7022
f 1848/3043/7023 1959/3044/7024 1960/3042/7025 1847/3041/7026
f 1958/3046/7027 1959/3044/7028 1848/3043/7029 1849/3045/7030
f 1957/3048/7031 1958/3046/7032 1849/3045/7033 1850/3047/7034
f 1851/3049/7035 1956/3050/7036 1957/3048/7037 1850/3047/7038
f 1852/3051/7039 1955/3052/7040 1956/3050/7041 1851/3049/7042
f 1954/3065/7043 1955/3052/7044 1852/3051/7045 1853/3063/7046
f 1953/3073/7047 1954/3065/7048 1853/3063/7049 1854/3066/7050
f 1855/3074/7051 1952/3075/7052 1953/3073/7053 1854/3066/7054
f 1856/3076/7055 1969/3077/7056 1952/3075/7057 1855/3074/7058
f 1857/3078/7059 1968/3079/7060 1969/3077/7061 1856/3076/7062
f 1967/3081/7063 1968/3079/7064 1857/3078/7065 1858/3080/7066
f 1966/3083/7067 1967/3081/7068 1858/3080/7069 1859/3082/7070
f 1860/3084/7071 1965/3097/7072 1966/3083/7073 1859/3082/7074
f 1843/3033/7075 1964/3036/7076 1965/3097/7077 1860/3084/7078
f 1862/3261/7079 1880/3262/7080 1879/3263/7081 1861/3260/7082
f 1862/3261/7083 1863/3264/7084 1881/3265/7085 1880/3262/7086
f 1882/3267/7087 1881/3265/7088 1863/3264/7089 1864/3266/7090
f 1864/3266/7091 1865/3268/7092 1883/3269/7093 1882/3267/7094
f 1883/3269/7095 1865/3268/7096 1866/3270/7097 1884/3271/7098
f 1884/3271/7099 1866/3270/7100 1867/3272/7101 1885/3273/7102
f 1868/3274/7103 1886/3275/7104 1885/3273/7105 1867/3272/7106
f 1868/3274/7107 1869/3276/7108 1887/3277/7109 1886/3275/7110
f 1888/3279/7111 1887/3277/7112 1869/3276/7113 1870/3278/7114
f 1870/3278/7115 1871/3280/7116 1889/3281/7117 1888/3279/7118
f 1889/3281/7119 1871/3280/7120 1872/3282/7121 1890/3283/7122
f 1890/3283/7123 1872/3282/7124 1873/3284/7125 1891/3285/7126
f 1874/3286/7127 1892/3287/7128 1891/3285/7129 1873/3284/7130
f 1874/3286/7131 1875/3288/7132 1893/3289/7133 1892/3287/7134
f 1894/3291/7135 1893/3289/7136 1875/3288/7137 1876/3290/7138
f 1894/3291/7139 1876/3290/7140 1877/3292/7141 1895/3293/7142
f 1895/3293/7143 1877/3292/7144 1878/3294/7145 1896/3295/7146
f 1878/3294/7147 1861/3260/7148 1879/3263/7149 1896/3295/7150
f 1879/3263/7151 1880/3262/7152 1897/3296/7153
f 1897/3296/7154 1880/3262/7155 1881/3265/7156 1882/3267/7157
f 1897/3296/7158 1882/3267/7159 1883/3269/7160 1884/3271/7161
f 1897/3296/7162 1884/3271/7163 1885/3273/7164 1886/3275/7165
f 1897/3296/7166 1886/3275/7167 1887/3277/7168 1888/3279/7169
f 1897/3296/7170 1888/3279/7171 1889/3281/7172 1890/3283/7173
f 1897/3296/7174 1890/3283/7175 1891/3285/7176 1892/3287/7177
f 1892/3287/7178 1893/3289/7179 1897/3296/7180
f 1897/3296/7181 1893/3289/7182 1894/3291/7183 1895/3293/7184
f 1897/3296/7185 1895/3293/7186 1896/3295/7187 1879/3263/7188
f 1911/3304/7189 1946/3305/7190 1947/3055/7191 1912/3056/7192
f 1910/3057/7193 1945/3058/7194 1946/3054/7195 1911/3053/7196
f 1944/3060/7197 1945/3058/7198 1910/3057/7199 1909/3059/7200
f 1943/3062/7201 1944/3060/7202 1909/3059/7203 1908/3061/7204
f 1942/3067/7205 1943/3062/7206 1908/3061/7207 1907/3064/7208
f 1906/3068/7209 1941/3069/7210 1942/3067/7211 1907/3064/7212
f 1905/3070/7213 1940/3071/7214 1941/3069/7215 1906/3068/7216
f 1939/3085/7217 1940/3071/7218 1905/3070/7219 1904/3072/7220
f 1938/3087/7221 1939/3085/7222 1904/3072/7223 1903/3086/7224
f 1902/3088/7225 1937/3089/7226 1938/3087/7227 1903/3086/7228
f 1901/3090/7229 1936/3091/7230 1937/3089/7231 1902/3088/7232
f 1935/3093/7233 1936/3091/7234 1901/3090/7235 1900/3092/7236
f 1934/3095/7237 1935/3093/7238 1900/3092/7239 1899/3094/7240
f 1951/3098/7241 1934/3095/7242 1899/3094/7243 1898/3096/7244
f 1915/3100/7245 1950/3101/7246 1951/3098/7247 1898/3096/7248
f 1914/3102/7249 1949/3103/7250 1950/3101/7251 1915/3100/7252
f 1948/3105/7253 1949/3103/7254 1914/3102/7255 1913/3104/7256
f 1947/3055/7257 1948/3105/7258 1913/3104/7259 1912/3056/7260
f 1929/3306/7261 1911/3307/7262 1912/3056/7263 1930/3119/7264
f 1928/3120/7265 1910/3057/7266 1911/3053/7267 1929/3106/7268
f 1909/3059/7269 1910/3057/7270 1928/3120/7271 1927/3121/7272
f 1908/3061/7273 1909/3059/7274 1927/3121/7275 1926/3122/7276
f 1907/3064/7277 1908/3061/7278 1926/3122/7279 1925/3123/7280
f 1924/3124/7281 1906/3068/7282 1907/3064/7283 1925/3123/7284
f 1923/3125/7285 1905/3070/7286 1906/3068/7287 1924/3124/7288
f 1904/3072/7289 1905/3070/7290 1923/3125/7291 1922/3126/7292
f 1903/3086/7293 1904/3072/7294 1922/3126/7295 1921/3127/7296
f 1920/3128/7297 1902/3088/7298 1903/3086/7299 1921/3127/7300
f 1919/3129/7301 1901/3090/7302 1902/3088/7303 1920/3128/7304
f 1900/3092/7305 1901/3090/7306 1919/3129/7307 1918/3130/7308
f 1899/3094/7309 1900/3092/7310 1918/3130/7311 1917/3132/7312
f 1898/3096/7313 1899/3094/7314 1917/3132/7315 1916/3134/7316
f 1933/3135/7317 1915/3100/7318 1898/3096/7319 1916/3134/7320
f 1932/3136/7321 1914/3102/7322 1915/3100/7323 1933/3135/7324
f 1913/3104/7325 1914/3102/7326 1932/3136/7327 1931/3137/7328
f 1912/3056/7329 1913/3104/7330 1931/3137/7331 1930/3119/7332
f 1862/3309/7333 1861/3310/7334 1947/3055/7335 1946/3308/7336
f 1863/3140/7337 1862/3138/7338 1946/3054/7339 1945/3058/7340
f 1944/3060/7341 1864/3206/7342 1863/3140/7343 1945/3058/7344
f 1943/3062/7345 1865/3207/7346 1864/3206/7347 1944/3060/7348
f 1942/3067/7349 1866/3208/7350 1865/3207/7351 1943/3062/7352
f 1867/3209/7353 1866/3208/7354 1942/3067/7355 1941/3069/7356
f 1868/3210/7357 1867/3209/7358 1941/3069/7359 1940/3071/7360
f 1939/3085/7361 1869/3211/7362 1868/3210/7363 1940/3071/7364
f 1938/3087/7365 1870/3212/7366 1869/3211/7367 1939/3085/7368
f 1871/3213/7369 1870/3212/7370 1938/3087/7371 1937/3089/7372
f 1872/3214/7373 1871/3213/7374 1937/3089/7375 1936/3091/7376
f 1935/3093/7377 1873/3215/7378 1872/3214/7379 1936/3091/7380
f 1934/3095/7381 1874/3218/7382 1873/3215/7383 1935/3093/7384
f 1951/3098/7385 1875/3220/7386 1874/3218/7387 1934/3095/7388
f 1876/3221/7389 1875/3220/7390 1951/3098/7391 1950/3101/7392
f 1877/3222/7393 1876/3221/7394 1950/3101/7395 1949/3103/7396
f 1948/3105/7397 1878/3223/7398 1877/3222/7399 1949/3103/7400
f 1947/3055/7401 1861/3311/7402 1878/3223/7403 1948/3105/7404
f 1929/3315/7405 1930/3107/7406 1964/3250/7407 1963/3314/7408
f 1928/3108/7409 1929/3099/7410 1963/3249/7411 1962/3251/7412
f 1927/3109/7413 1928/3108/7414 1962/3251/7415 1961/3252/7416
f 1960/3253/7417 1926/3110/7418 1927/3109/7419 1961/3252/7420
f 1959/3254/7421 1925/3111/7422 1926/3110/7423 1960/3253/7424
f 1924/3112/7425 1925/3111/7426 1959/3254/7427 1958/3255/7428
f 1957/3256/7429 1923/3113/7430 1924/3112/7431 1958/3255/7432
f 1922/3114/7433 1923/3113/7434 1957/3256/7435 1956/3257/7436
f 1955/3258/7437 1921/3115/7438 1922/3114/7439 1956/3257/7440
f 1920/3116/7441 1921/3115/7442 1955/3258/7443 1954/3259/7444
f 1920/3116/7445 1954/3259/7446 1953/3297/7447 1919/3117/7448
f 1919/3117/7449 1953/3297/7450 1952/3298/7451 1918/3118/7452
f 1969/3299/7453 1917/3131/7454 1918/3118/7455 1952/3298/7456
f 1968/3300/7457 1916/3133/7458 1917/3131/7459 1969/3299/7460
f 1933/3139/7461 1916/3133/7462 1968/3300/7463 1967/3301/7464
f 1967/3301/7465 1966/3302/7466 1932/3196/7467 1933/3139/7468
f 1932/3196/7469 1966/3302/7470 1965/3303/7471 1931/3197/7472
f 1964/3250/7473 1930/3107/7474 1931/3197/7475 1965/3303/7476
f 1971/3316/7477 1989/3317/7478 1988/3201/7479 1970/3198/7480
f 1990/3203/7481 1989/3200/7482 1971/3199/7483 1972/3202/7484
f 1991/3205/7485 1990/3203/7486 1972/3202/7487 1973/3204/7488
f 1992/3217/7489 1991/3205/7490 1973/3204/7491 1974/3216/7492
f 1993/3224/7493 1992/3217/7494 1974/3216/7495 1975/3219/7496
f 1994/3226/7497 1993/3224/7498 1975/3219/7499 1976/3225/7500
f 1995/3228/7501 1994/3226/7502 1976/3225/7503 1977/3227/7504
f 1996/3230/7505 1995/3228/7506 1977/3227/7507 1978/3229/7508
f 1997/3232/7509 1996/3230/7510 1978/3229/7511 1979/3231/7512
f 1998/3234/7513 1997/3232/7514 1979/3231/7515 1980/3233/7516
f 1999/3236/7517 1998/3234/7518 1980/3233/7519 1981/3235/7520
f 2000/3238/7521 1999/3236/7522 1981/3235/7523 1982/3237/7524
f 2001/3240/7525 2000/3238/7526 1982/3237/7527 1983/3239/7528
f 2002/3242/7529 2001/3240/7530 1983/3239/7531 1984/3241/7532
f 2003/3244/7533 2002/3242/7534 1984/3241/7535 1985/3243/7536
f 2004/3246/7537 2003/3244/7538 1985/3243/7539 1986/3245/7540
f 2005/3248/7541 2004/3246/7542 1986/3245/7543 1987/3247/7544
f 1988/3201/7545 2005/3248/7546 1987/3247/7547 1970/3198/7548
f 1843/3144/7549 1988/3141/7550 1989/3142/7551 1844/3143/7552
f 1845/3146/7553 1844/3143/7554 1989/3142/7555 1990/3145/7556
f 1846/3148/7557 1845/3146/7558 1990/3145/7559 1991/3147/7560
f 1846/3148/7561 1991/3147/7562 1992/3149/7563 1847/3150/7564
f 1992/3149/7565 1993/3151/7566 1848/3152/7567 1847/3150/7568
f 1993/3151/7569 1994/3153/7570 1849/3154/7571 1848/3152/7572
f 1995/3155/7573 1850/3156/7574 1849/3154/7575 1994/3153/7576
f 1851/3158/7577 1850/3156/7578 1995/3155/7579 1996/3157/7580
f 1997/3159/7581 1852/3160/7582 1851/3158/7583 1996/3157/7584
f 1852/3160/7585 1997/3159/7586 1998/3161/7587 1853/3162/7588
f 1998/3161/7589 1999/3163/7590 1854/3164/7591 1853/3162/7592
f 2000/3165/7593 1855/3166/7594 1854/3164/7595 1999/3163/7596
f 1856/3168/7597 1855/3166/7598 2000/3165/7599 2001/3167/7600
f 1857/3170/7601 1856/3168/7602 2001/3167/7603 2002/3169/7604
f 2003/3171/7605 1858/3172/7606 1857/3170/7607 2002/3169/7608
f 2003/3171/7609 2004/3173/7610 1859/3174/7611 1858/3172/7612
f 1859/3174/7613 2004/3173/7614 2005/3175/7615 1860/3176/7616
f 2005/3175/7617 1988/3141/7618 1843/3144/7619 1860/3176/7620
f 2006/3179/7621 1971/3177/7622 1970/3178/7623 1987/3195/7624
f 1972/3180/7625 1971/3177/7626 2006/3179/7627
f 1973/3181/7628 1972/3180/7629 2006/3179/7630 1974/3182/7631
f 1975/3183/7632 1974/3182/7633 2006/3179/7634 1976/3184/7635
f 1977/3185/7636 1976/3184/7637 2006/3179/7638 1978/3186/7639
f 1979/3187/7640 1978/3186/7641 2006/3179/7642 1980/3188/7643
f 1981/3189/7644 1980/3188/7645 2006/3179/7646 1982/3190/7647
f 1983/3191/7648 1982/3190/7649 2006/3179/7650
f 1984/3192/7651 1983/3191/7652 2006/3179/7653 1985/3193/7654
f 1986/3194/7655 1985/3193/7656 2006/3179/7657 1987/3195/7658
g default
v -0.351850 35.261813 -0.966699
v -0.661261 35.261813 -0.788060
v -0.890915 35.261813 -0.514370
v -0.890915 35.261813 0.514369
v -0.661262 35.261813 0.788060
v -0.351850 35.261813 0.966699
v -0.351850 35.372796 -0.966699
v -0.661261 35.372796 -0.788060
v -0.890915 35.372796 -0.514370
v -0.890915 35.372796 0.514369
v -0.661262 35.372796 0.788060
v -0.351850 35.372796 0.966699
v -1.336904 35.261813 -0.119468
v -1.336904 35.261813 0.119467
v -1.336904 35.372796 0.119467
v -1.336904 35.372796 -0.119468
v -2.188770 35.283662 -0.119468
v -2.188770 35.283662 0.119467
v -2.141866 35.384249 0.119467
v -2.141866 35.384249 -0.119468
v -2.429237 35.474166 -0.119468
v -2.429237 35.474166 0.119467
v -2.333121 35.529656 0.119467
v -2.333121 35.529656 -0.119468
v -2.426741 35.863794 -0.119468
v -2.426741 35.863794 0.119467
v -2.335827 35.800136 0.119467
v -2.335827 35.800136 -0.119468
v -2.254411 36.061569 -0.119468
v -2.254411 36.061569 0.119467
v -2.174900 35.992837 0.119467
v -2.174900 35.992837 -0.119468
v -2.368012 35.660951 0.119467
v -2.469262 35.663296 0.119467
v -2.469262 35.663296 -0.119468
v -2.368012 35.660951 -0.119468
v -2.333761 35.362504 -0.119468
v -2.333761 35.362504 0.119467
v -2.262251 35.440542 0.119467
v -2.262251 35.440542 -0.119468
v -2.039752 35.268183 0.119467
v -2.039752 35.268183 -0.119468
v -2.001052 35.370587 -0.119468
v -2.001052 35.370587 0.119467
v -0.000000 35.261813 -1.028740
v 0.351849 35.261813 -0.966699
v 0.351849 35.372796 -0.966699
v -0.000000 35.372796 -1.028740
v 0.661261 35.261813 -0.788061
v 0.661261 35.372796 -0.788061
v 0.890914 35.261813 -0.514370
v 0.890914 35.372796 -0.514370
v 0.890915 35.261813 0.514369
v 0.661262 35.261813 0.788060
v 0.661262 35.372796 0.788060
v 0.890915 35.372796 0.514369
v 0.351850 35.261813 0.966699
v 0.351850 35.372796 0.966699
v 0.000000 35.261813 1.028740
v 0.000000 35.372796 1.028740
v 1.336904 35.261813 -0.119468
v 1.336904 35.261813 0.119467
v 1.336904 35.372796 0.119467
v 1.336904 35.372796 -0.119468
v 2.039752 35.268183 -0.119468
v 2.039752 35.268183 0.119467
v 2.001052 35.370587 0.119467
v 2.001052 35.370587 -0.119468
v 2.188770 35.283662 -0.119468
v 2.333761 35.362504 -0.119468
v 2.188770 35.283662 0.119467
v 2.333761 35.362504 0.119467
v 2.141866 35.384249 0.119467
v 2.262251 35.440542 0.119467
v 2.141866 35.384249 -0.119468
v 2.262251 35.440542 -0.119468
v 2.429237 35.474166 -0.119468
v 2.469262 35.663296 -0.119468
v 2.429237 35.474166 0.119467
v 2.469262 35.663296 0.119467
v 2.333121 35.529656 0.119467
v 2.368012 35.660951 0.119467
v 2.333121 35.529656 -0.119468
v 2.368012 35.660951 -0.119468
v 2.426741 35.863794 -0.119468
v 2.254411 36.061569 -0.119468
v 2.426741 35.863794 0.119467
v 2.254411 36.061569 0.119467
v 2.335827 35.800136 0.119467
v 2.174900 35.992837 0.119467
v 2.335827 35.800136 -0.119468
v 2.174900 35.992837 -0.119468
vt 0.423416 0.788101
vt 0.373761 0.770661
vt 0.373761 0.763772
vt 0.376445 0.763772
vt 0.376445 0.770661
vt 0.423416 0.783606
vt 0.420731 0.783606
vt 0.420731 0.788101
vt 0.423416 0.777548
vt 0.420731 0.777548
vt 0.423416 0.770659
vt 0.373761 0.757714
vt 0.376445 0.757714
vt 0.373761 0.753218
vt 0.376445 0.753218
vt 0.420731 0.770659
vt 0.420731 0.796833
vt 0.423416 0.796833
vt 0.420785 0.809836
vt 0.423262 0.810594
vt 0.020725 0.908554
vt 0.422887 0.813511
vt 0.420454 0.812593
vt 0.018816 0.908286
vt 0.060329 0.971030
vt 0.419093 0.814950
vt 0.420980 0.816350
vt 0.057223 0.967363
vt 0.418279 0.818219
vt 0.019605 0.902664
vt 0.416937 0.816337
vt 0.021515 0.902932
vt 0.050942 0.964537
vt 0.413743 0.817020
vt 0.413743 0.819002
vt 0.050645 0.966443
vt 0.408855 0.818170
vt 0.021704 0.901585
vt 0.410395 0.816390
vt 0.019794 0.901317
vt 0.048131 0.966039
vt 0.405733 0.813239
vt 0.404070 0.814796
vt 0.048442 0.964135
vt 0.423416 0.753217
vt 0.020274 0.897867
vt 0.420731 0.753217
vt 0.022184 0.898133
vt 0.044721 0.963534
vt 0.373761 0.744486
vt 0.376445 0.744486
vt 0.044433 0.965441
vt 0.373915 0.730726
vt 0.022835 0.893462
vt 0.376392 0.731483
vt 0.020925 0.893195
vt 0.039015 0.964684
vt 0.376723 0.728726
vt 0.374289 0.727808
vt 0.039284 0.962775
vt 0.033535 0.961965
vt 0.022016 0.885380
vt 0.376196 0.724969
vt 0.378084 0.726369
vt 0.023926 0.885647
vt 0.033262 0.963875
vt 0.380240 0.724981
vt 0.378898 0.723100
vt 0.025085 0.877361
vt 0.383434 0.722316
vt 0.383434 0.724298
vt 0.023176 0.877094
vt 0.025206 0.962708
vt 0.386782 0.724928
vt 0.388323 0.723148
vt 0.025483 0.960799
vt 0.393107 0.726522
vt 0.391444 0.728079
vt 0.376445 0.777550
vt 0.373761 0.777550
vt 0.057494 0.965454
vt 0.376445 0.783607
vt 0.373761 0.783607
vt 0.061512 0.962813
vt 0.376445 0.788104
vt 0.373761 0.788104
vt 0.376445 0.796835
vt 0.373761 0.796835
vt 0.376392 0.809839
vt 0.373915 0.810596
vt 0.376723 0.812596
vt 0.378084 0.814952
vt 0.420731 0.757713
vt 0.423416 0.757713
vt 0.420731 0.763771
vt 0.423416 0.763771
vt 0.423416 0.744486
vt 0.420731 0.744486
vt 0.423262 0.730725
vt 0.420785 0.731482
vt 0.016752 0.936906
vt 0.016270 0.940357
vt 0.376196 0.816353
vt 0.014361 0.940090
vt 0.014842 0.936638
vt 0.422887 0.727807
vt 0.420980 0.724969
vt 0.015616 0.945028
vt 0.014519 0.952842
vt 0.012609 0.952574
vt 0.013707 0.944760
vt 0.374289 0.813514
vt 0.013354 0.961128
vt 0.380240 0.816340
vt 0.012190 0.969410
vt 0.419093 0.726369
vt 0.420454 0.728726
vt 0.010281 0.969142
vt 0.011445 0.960860
vt 0.383434 0.817023
vt 0.383434 0.819005
vt 0.024334 0.868810
vt 0.026244 0.869077
vt 0.378898 0.818222
vt 0.051914 0.966624
vt 0.052188 0.964716
vt 0.418279 0.723099
vt 0.413743 0.722316
vt 0.085430 0.969467
vt 0.087944 0.969870
vt 0.386782 0.816393
vt 0.391444 0.813242
vt 0.066342 0.959825
vt 0.069225 0.959738
vt 0.087633 0.971774
vt 0.085134 0.971373
vt 0.393107 0.814799
vt 0.066850 0.976171
vt 0.064111 0.975267
vt 0.388323 0.818173
vt 0.063663 0.960893
vt 0.061847 0.973482
vt 0.413743 0.724298
vt 0.416937 0.724981
vt 0.091643 0.970468
vt 0.097061 0.971224
vt 0.078851 0.968546
vt 0.084162 0.969285
vt 0.083888 0.971194
vt 0.078581 0.970455
vt 0.096792 0.973133
vt 0.091354 0.972374
vt 0.408855 0.723148
vt 0.404070 0.726522
vt 0.405733 0.728079
vt 0.410395 0.724928
vt 0.071963 0.960642
vt 0.069733 0.976083
vt 0.102814 0.972033
vt 0.110870 0.973200
vt 0.074228 0.962427
vt 0.072412 0.975016
vt 0.075746 0.964878
vt 0.074563 0.973096
vt 0.110593 0.975110
vt 0.102541 0.973943
vt 0.010052 0.917957
vt 0.010942 0.915210
vt 0.026393 0.917382
vt 0.026494 0.920267
vt 0.012716 0.912934
vt 0.025312 0.914705
vt 0.015160 0.911406
vt 0.023382 0.912561
vt 0.021386 0.926818
vt 0.017730 0.929938
vt 0.015820 0.929670
vt 0.013164 0.925662
vt 0.016941 0.935558
vt 0.015031 0.935291
vt 0.025604 0.923014
vt 0.010153 0.920842
vt 0.023830 0.925289
vt 0.011234 0.923519
vn -0.342020 0.000000 -0.939693
vn -0.000000 0.000000 -1.000000
vn -0.000000 0.000000 -1.000000
vn -0.342020 0.000000 -0.939693
vn -0.642787 0.000000 -0.766045
vn -0.342020 0.000000 -0.939693
vn -0.342020 0.000000 -0.939693
vn -0.642787 0.000000 -0.766045
vn -0.716444 0.000000 -0.697644
vn -0.642787 0.000000 -0.766045
vn -0.642787 0.000000 -0.766045
vn -0.716444 0.000000 -0.697645
vn -0.642788 0.000000 0.766044
vn -0.716445 0.000000 0.697644
vn -0.716445 0.000000 0.697644
vn -0.642788 0.000000 0.766044
vn -0.342021 0.000000 0.939692
vn -0.642788 0.000000 0.766044
vn -0.642788 0.000000 0.766044
vn -0.342021 0.000000 0.939692
vn 0.000000 0.000000 1.000000
vn -0.342021 0.000000 0.939692
vn -0.342021 0.000000 0.939692
vn 0.000000 0.000000 1.000000
vn -0.716445 0.000000 0.697644
vn -0.716445 0.000000 0.697644
vn -0.356431 0.000000 0.934322
vn -0.359836 0.000000 0.933016
vn -0.000000 1.000000 -0.000000
vn -0.001351 0.999999 0.000000
vn -0.001351 0.999999 0.000000
vn -0.000000 1.000000 -0.000000
vn -0.716444 0.000000 -0.697645
vn -0.359836 0.000000 -0.933016
vn -0.356430 0.000000 -0.934322
vn -0.716444 0.000000 -0.697644
vn -0.003680 -0.999993 0.000000
vn -0.053426 -0.998572 0.000000
vn -0.053426 -0.998572 0.000000
vn -0.003680 -0.999993 0.000000
vn -0.359836 0.000000 0.933016
vn -0.356431 0.000000 0.934322
vn -0.000000 0.000000 1.000000
vn -0.000000 0.000000 1.000000
vn 0.043998 0.999032 -0.000000
vn -0.001351 0.999999 0.000000
vn -0.001351 0.999999 0.000000
vn 0.043998 0.999032 -0.000000
vn -0.000000 0.000000 -1.000000
vn -0.356430 0.000000 -0.934322
vn -0.359836 0.000000 -0.933016
vn -0.000000 0.000000 -1.000000
vn -0.219645 -0.975580 0.000000
vn -0.599320 -0.800509 0.000000
vn -0.599320 -0.800509 0.000000
vn -0.219645 -0.975580 0.000000
vn 0.000000 0.000000 1.000000
vn -0.000000 0.000000 1.000000
vn -0.000000 0.000000 1.000000
vn 0.000000 0.000000 1.000000
vn 0.203693 0.979035 -0.000000
vn 0.569252 0.822163 -0.000000
vn 0.569252 0.822163 -0.000000
vn 0.203693 0.979035 -0.000000
vn -0.000000 0.000000 -1.000000
vn -0.000000 0.000000 -1.000000
vn -0.000000 0.000000 -1.000000
vn -0.000000 0.000000 -1.000000
vn -0.883099 -0.469186 0.000000
vn -1.000000 0.000229 0.000000
vn -1.000000 0.000229 0.000000
vn -0.883099 -0.469186 0.000000
vn 0.000000 0.000000 1.000000
vn 0.000000 0.000000 1.000000
vn 0.000000 0.000000 1.000000
vn 0.000000 0.000000 1.000000
vn 0.883890 0.467695 -0.000000
vn 0.999852 0.017208 -0.000000
vn 0.999852 0.017208 -0.000000
vn 0.883890 0.467695 -0.000000
vn -0.000000 0.000000 -1.000000
vn -0.000000 0.000000 -1.000000
vn -0.000000 0.000000 -1.000000
vn -0.000000 0.000000 -1.000000
vn -0.880076 0.474833 0.000000
vn -0.880076 0.474833 0.000000
vn -0.753944 0.656939 0.000000
vn -0.753944 0.656939 0.000000
vn 0.000000 0.000000 1.000000
vn 0.000000 0.000000 1.000000
vn 0.000000 0.000000 1.000000
vn 0.000000 0.000000 1.000000
vn 0.883068 -0.469244 -0.000001
vn 0.767553 -0.640986 -0.000001
vn 0.767553 -0.640986 -0.000001
vn 0.883068 -0.469244 -0.000001
vn -0.000000 0.000000 -1.000000
vn -0.000000 0.000000 -1.000000
vn -0.000000 0.000000 -1.000000
vn -0.000000 0.000000 -1.000000
vn -0.880076 0.474833 0.000000
vn -0.880076 0.474833 0.000000
vn -1.000000 0.000229 0.000000
vn -1.000000 0.000229 0.000000
vn 0.000000 0.000000 1.000000
vn 0.000000 0.000000 1.000000
vn 0.000000 0.000000 1.000000
vn 0.000000 0.000000 1.000000
vn 0.883068 -0.469244 -0.000001
vn 0.883068 -0.469244 -0.000001
vn 0.999852 0.017208 -0.000000
vn 0.999852 0.017208 -0.000000
vn -0.000000 0.000000 -1.000000
vn -0.000000 0.000000 -1.000000
vn -0.000000 0.000000 -1.000000
vn -0.000000 0.000000 -1.000000
vn -0.599320 -0.800509 0.000000
vn -0.883099 -0.469186 0.000000
vn -0.883099 -0.469186 0.000000
vn -0.599320 -0.800509 0.000000
vn 0.000000 0.000000 1.000000
vn 0.000000 0.000000 1.000000
vn 0.000000 0.000000 1.000000
vn 0.000000 0.000000 1.000000
vn 0.883890 0.467695 -0.000000
vn 0.883890 0.467695 -0.000000
vn 0.569252 0.822163 -0.000000
vn 0.569252 0.822163 -0.000000
vn -0.000000 0.000000 -1.000000
vn -0.000000 0.000000 -1.000000
vn -0.000000 0.000000 -1.000000
vn -0.000000 0.000000 -1.000000
vn -0.053426 -0.998572 0.000000
vn -0.219645 -0.975580 0.000000
vn -0.219645 -0.975580 0.000000
vn -0.053426 -0.998572 0.000000
vn -0.000000 0.000000 1.000000
vn -0.000000 0.000000 1.000000
vn -0.000000 0.000000 1.000000
vn -0.000000 0.000000 1.000000
vn 0.203693 0.979035 -0.000000
vn 0.043998 0.999032 -0.000000
vn 0.043998 0.999032 -0.000000
vn 0.203693 0.979035 -0.000000
vn -0.000000 0.000000 -1.000000
vn -0.000000 0.000000 -1.000000
vn -0.000000 0.000000 -1.000000
vn -0.000000 0.000000 -1.000000
vn 0.000000 1.000000 0.000000
vn 0.000000 1.000000 0.000000
vn 0.000000 1.000000 0.000000
vn 0.000000 1.000000 0.000000
vn 0.000000 1.000000 0.000000
vn 0.000000 1.000000 0.000000
vn 0.000000 1.000000 0.000000
vn 0.000000 1.000000 0.000000
vn -0.000000 1.000000 -0.000000
vn 0.000000 1.000000 0.000000
vn 0.000000 1.000000 0.000000
vn -0.000000 1.000000 -0.000000
vn 0.000000 -1.000000 0.000000
vn 0.000000 -1.000000 0.000000
vn 0.000000 -1.000000 0.000000
vn 0.000000 -1.000000 0.000000
vn 0.000000 -1.000000 0.000000
vn 0.000000 -1.000000 0.000000
vn 0.000000 -1.000000 0.000000
vn 0.000000 -1.000000 0.000000
vn 0.000000 -1.000000 0.000000
vn 0.000000 -1.000000 0.000000
vn 0.000000 -1.000000 0.000000
vn 0.000000 -1.000000 0.000000
vn 0.000000 -1.000000 0.000000
vn 0.000000 -1.000000 0.000000
vn -0.003680 -0.999993 0.000000
vn -0.003680 -0.999993 0.000000
vn -0.000000 0.000000 -1.000000
vn -0.000000 0.000000 -1.000000
vn 0.342020 0.000000 -0.939693
vn 0.342020 0.000000 -0.939693
vn 0.342020 0.000000 -0.939693
vn 0.642787 0.000000 -0.766045
vn 0.642787 0.000000 -0.766045
vn 0.342020 0.000000 -0.939693
vn 0.642787 0.000000 -0.766045
vn 0.716444 0.000000 -0.697645
vn 0.716444 0.000000 -0.697645
vn 0.642787 0.000000 -0.766045
vn 0.716445 0.000000 0.697644
vn 0.642788 0.000000 0.766044
vn 0.642788 0.000000 0.766044
vn 0.716445 0.000000 0.697644
vn 0.642788 0.000000 0.766044
vn 0.342021 0.000000 0.939692
vn 0.342021 0.000000 0.939692
vn 0.642788 0.000000 0.766044
vn 0.342021 0.000000 0.939692
vn 0.000000 0.000000 1.000000
vn 0.000000 0.000000 1.000000
vn 0.342021 0.000000 0.939692
vn 0.000000 -1.000000 0.000000
vn 0.003680 -0.999993 -0.000000
vn 0.003680 -0.999993 -0.000000
vn 0.000000 -1.000000 0.000000
vn 0.716445 0.000000 0.697644
vn 0.359836 0.000000 0.933016
vn 0.356431 0.000000 0.934322
vn 0.716445 0.000000 0.697644
vn 0.716444 0.000000 -0.697645
vn 0.716444 0.000000 -0.697645
vn 0.356430 0.000000 -0.934322
vn 0.359836 0.000000 -0.933016
vn 0.003680 -0.999993 -0.000000
vn 0.003680 -0.999993 -0.000000
vn 0.053426 -0.998572 -0.000000
vn 0.053426 -0.998572 -0.000000
vn 0.000000 0.000000 1.000000
vn 0.356431 0.000000 0.934322
vn 0.359836 0.000000 0.933016
vn 0.000000 0.000000 1.000000
vn -0.043998 0.999032 -0.000000
vn -0.043998 0.999032 -0.000000
vn 0.001351 0.999999 0.000000
vn 0.001351 0.999999 0.000000
vn 0.359836 0.000000 -0.933016
vn 0.356430 0.000000 -0.934322
vn 0.000000 0.000000 -1.000000
vn 0.000000 0.000000 -1.000000
vn 0.599320 -0.800509 -0.000000
vn 0.599320 -0.800509 -0.000000
vn 0.219645 -0.975580 -0.000000
vn 0.219645 -0.975580 -0.000000
vn 0.000000 0.000000 1.000000
vn 0.000000 0.000000 1.000000
vn 0.000000 0.000000 1.000000
vn -0.000000 0.000000 1.000000
vn -0.569252 0.822163 -0.000000
vn -0.569252 0.822163 -0.000000
vn -0.203693 0.979035 -0.000000
vn -0.203693 0.979035 -0.000000
vn 0.000000 0.000000 -1.000000
vn 0.000000 0.000000 -1.000000
vn 0.000000 0.000000 -1.000000
vn 0.000000 0.000000 -1.000000
vn 1.000000 0.000229 -0.000000
vn 1.000000 0.000229 -0.000000
vn 0.883099 -0.469186 -0.000000
vn 0.883099 -0.469186 -0.000000
vn -0.000000 0.000000 1.000000
vn -0.000000 0.000000 1.000000
vn -0.000000 0.000000 1.000000
vn -0.000000 0.000000 1.000000
vn -0.999852 0.017208 -0.000000
vn -0.999852 0.017208 -0.000000
vn -0.883890 0.467695 -0.000000
vn -0.883890 0.467695 -0.000000
vn 0.000000 0.000000 -1.000000
vn 0.000000 0.000000 -1.000000
vn 0.000000 0.000000 -1.000000
vn 0.000000 0.000000 -1.000000
vn 0.880076 0.474833 -0.000000
vn 0.753944 0.656939 -0.000000
vn 0.753944 0.656939 -0.000000
vn 0.880076 0.474833 -0.000000
vn -0.000000 0.000000 1.000000
vn -0.000000 0.000000 1.000000
vn -0.000000 0.000000 1.000000
vn -0.000000 0.000000 1.000000
vn -0.883068 -0.469244 -0.000001
vn -0.883068 -0.469244 -0.000001
vn -0.767553 -0.640986 -0.000001
vn -0.767553 -0.640986 -0.000001
vn 0.000000 0.000000 -1.000000
vn 0.000000 0.000000 -1.000000
vn 0.000000 0.000000 -1.000000
vn 0.000000 0.000000 -1.000000
vn 1.000000 0.000229 -0.000000
vn 0.880076 0.474833 -0.000000
vn 0.880076 0.474833 -0.000000
vn 1.000000 0.000229 -0.000000
vn -0.000000 0.000000 1.000000
vn -0.000000 0.000000 1.000000
vn -0.000000 0.000000 1.000000
vn -0.000000 0.000000 1.000000
vn -0.999852 0.017208 -0.000000
vn -0.883068 -0.469244 -0.000001
vn -0.883068 -0.469244 -0.000001
vn -0.999852 0.017208 -0.000000
vn 0.000000 0.000000 -1.000000
vn 0.000000 0.000000 -1.000000
vn 0.000000 0.000000 -1.000000
vn 0.000000 0.000000 -1.000000
vn 0.599320 -0.800509 -0.000000
vn 0.599320 -0.800509 -0.000000
vn 0.883099 -0.469186 -0.000000
vn 0.883099 -0.469186 -0.000000
vn -0.000000 0.000000 1.000000
vn 0.000000 0.000000 1.000000
vn -0.000000 0.000000 1.000000
vn -0.000000 0.000000 1.000000
vn -0.569252 0.822163 -0.000000
vn -0.883890 0.467695 -0.000000
vn -0.883890 0.467695 -0.000000
vn -0.569252 0.822163 -0.000000
vn 0.000000 0.000000 -1.000000
vn 0.000000 0.000000 -1.000000
vn 0.000000 0.000000 -1.000000
vn 0.000000 0.000000 -1.000000
vn 0.219645 -0.975580 -0.000000
vn 0.219645 -0.975580 -0.000000
vn 0.053426 -0.998572 -0.000000
vn 0.053426 -0.998572 -0.000000
vn 0.000000 0.000000 1.000000
vn 0.000000 0.000000 1.000000
vn 0.000000 0.000000 1.000000
vn 0.000000 0.000000 1.000000
vn -0.043998 0.999032 -0.000000
vn -0.043998 0.999032 -0.000000
vn -0.203693 0.979035 -0.000000
vn -0.203693 0.979035 -0.000000
vn 0.000000 0.000000 -1.000000
vn 0.000000 0.000000 -1.000000
vn 0.000000 0.000000 -1.000000
vn 0.000000 0.000000 -1.000000
vn 0.000000 1.000000 0.000000
vn 0.000000 1.000000 0.000000
vn 0.000000 1.000000 0.000000
vn 0.000000 1.000000 0.000000
vn 0.000000 1.000000 0.000000
vn 0.000000 1.000000 0.000000
vn 0.000000 1.000000 0.000000
vn 0.000000 1.000000 0.000000
vn 0.000000 1.000000 -0.000000
vn 0.000000 1.000000 -0.000000
vn 0.000000 1.000000 0.000000
vn 0.000000 1.000000 0.000000
vn 0.000000 1.000000 -0.000000
vn 0.000000 1.000000 -0.000000
vn 0.001351 0.999999 0.000000
vn 0.001351 0.999999 0.000000
vn 0.000000 -1.000000 0.000000
vn 0.000000 -1.000000 0.000000
vn 0.000000 -1.000000 0.000000
vn 0.000000 -1.000000 0.000000
vn 0.000000 -1.000000 0.000000
vn 0.000000 -1.000000 0.000000
vn 0.000000 -1.000000 0.000000
vn 0.000000 -1.000000 0.000000
vn 0.000000 -1.000000 0.000000
vn 0.000000 -1.000000 0.000000
vn 0.000000 -1.000000 0.000000
vn 0.000000 -1.000000 0.000000
s off
g SM_Lamp_Modern_01 saddle_low
usemtl base_lowSG
f 2013/3321/7659 2054/3322/7660 2051/3319/7661 2007/3320/7662
f 2014/3330/7663 2013/3321/7664 2007/3320/7665 2008/3329/7666
f 2015/3332/7667 2014/3330/7668 2008/3329/7669 2009/3331/7670
f 2017/3324/7671 2016/3325/7672 2010/3318/7673 2011/3323/7674
f 2018/3327/7675 2017/3324/7676 2011/3323/7677 2012/3326/7678
f 2066/3333/7679 2018/3327/7680 2012/3326/7681 2065/3328/7682
f 2010/3318/7683 2016/3325/7684 2021/3334/7685 2020/3335/7686
f 2015/3342/7687 2022/3345/7688 2021/3398/7689 2016/3401/7690
f 2009/3331/7691 2019/3367/7692 2022/3368/7693 2015/3332/7694
f 2020/3341/7695 2047/3347/7696 2048/3349/7697 2019/3338/7698
f 2020/3335/7699 2021/3334/7700 2050/3336/7701 2047/3337/7702
f 2050/3443/7703 2021/3398/7704 2022/3345/7705 2049/3442/7706
f 2049/3372/7707 2022/3368/7708 2019/3367/7709 2048/3370/7710
f 2024/3357/7711 2044/3363/7712 2043/3365/7713 2023/3355/7714
f 2044/3344/7715 2024/3339/7716 2025/3340/7717 2045/3343/7718
f 2026/3353/7719 2046/3358/7720 2045/3361/7721 2025/3350/7722
f 2026/3375/7723 2023/3376/7724 2043/3380/7725 2046/3381/7726
f 2028/3373/7727 2040/3379/7728 2041/3382/7729 2027/3371/7730
f 2040/3352/7731 2028/3346/7732 2029/3348/7733 2039/3351/7734
f 2030/3369/7735 2042/3374/7736 2039/3377/7737 2029/3366/7738
f 2041/3387/7739 2042/3388/7740 2030/3384/7741 2027/3385/7742
f 2031/3386/7743 2032/3389/7744 2036/3439/7745 2035/3440/7746
f 2037/3359/7747 2036/3360/7748 2032/3354/7749 2033/3356/7750
f 2034/3383/7751 2038/3390/7752 2037/3393/7753 2033/3378/7754
f 2038/3395/7755 2034/3391/7756 2031/3392/7757 2035/3394/7758
f 2032/3389/7759 2031/3386/7760 2041/3382/7761 2040/3379/7762
f 2033/3356/7763 2032/3354/7764 2040/3352/7765 2039/3351/7766
f 2034/3383/7767 2033/3378/7768 2039/3377/7769 2042/3374/7770
f 2041/3387/7771 2031/3392/7772 2034/3391/7773 2042/3388/7774
f 2044/3363/7775 2028/3373/7776 2027/3371/7777 2043/3365/7778
f 2028/3346/7779 2044/3344/7780 2045/3343/7781 2029/3348/7782
f 2030/3369/7783 2029/3366/7784 2045/3361/7785 2046/3358/7786
f 2027/3385/7787 2030/3384/7788 2046/3381/7789 2043/3380/7790
f 2047/3347/7791 2024/3357/7792 2023/3355/7793 2048/3349/7794
f 2050/3336/7795 2025/3340/7796 2024/3339/7797 2047/3337/7798
f 2025/3350/7799 2050/3443/7800 2049/3442/7801 2026/3353/7802
f 2049/3372/7803 2048/3370/7804 2023/3376/7805 2026/3375/7806
f 2066/3451/7807 2054/3455/7808 2013/3456/7809 2018/3450/7810
f 2017/3458/7811 2018/3450/7812 2013/3456/7813 2014/3459/7814
f 2016/3401/7815 2017/3458/7816 2014/3459/7817 2015/3342/7818
f 2065/3484/7819 2012/3485/7820 2007/3486/7821 2051/3487/7822
f 2011/3488/7823 2008/3489/7824 2007/3486/7825 2012/3485/7826
f 2010/3490/7827 2009/3491/7828 2008/3489/7829 2011/3488/7830
f 2009/3491/7831 2010/3490/7832 2020/3341/7833 2019/3338/7834
f 2051/3319/7835 2054/3322/7836 2053/3396/7837 2052/3397/7838
f 2053/3396/7839 2056/3399/7840 2055/3400/7841 2052/3397/7842
f 2056/3399/7843 2058/3402/7844 2057/3403/7845 2055/3400/7846
f 2062/3364/7847 2061/3410/7848 2060/3411/7849 2059/3362/7850
f 2061/3410/7851 2064/3412/7852 2063/3413/7853 2060/3411/7854
f 2064/3412/7855 2066/3333/7856 2065/3328/7857 2063/3413/7858
f 2057/3492/7859 2067/3493/7860 2068/3494/7861 2059/3495/7862
f 2059/3362/7863 2068/3414/7864 2069/3415/7865 2062/3364/7866
f 2057/3403/7867 2058/3402/7868 2070/3404/7869 2067/3405/7870
f 2068/3494/7871 2067/3493/7872 2071/3496/7873 2072/3497/7874
f 2073/3417/7875 2069/3415/7876 2068/3414/7877 2072/3416/7878
f 2073/3465/7879 2074/3466/7880 2070/3467/7881 2069/3464/7882
f 2067/3405/7883 2070/3404/7884 2074/3406/7885 2071/3407/7886
f 2076/3419/7887 2078/3421/7888 2077/3422/7889 2075/3418/7890
f 2079/3434/7891 2077/3423/7892 2078/3424/7893 2080/3433/7894
f 2080/3447/7895 2082/3452/7896 2081/3453/7897 2079/3446/7898
f 2076/3420/7899 2075/3429/7900 2081/3408/7901 2082/3409/7902
f 2084/3426/7903 2086/3427/7904 2085/3428/7905 2083/3425/7906
f 2086/3445/7907 2088/3460/7908 2087/3461/7909 2085/3444/7910
f 2088/3463/7911 2090/3468/7912 2089/3469/7913 2087/3462/7914
f 2084/3438/7915 2083/3441/7916 2089/3431/7917 2090/3437/7918
f 2091/3430/7919 2092/3432/7920 2094/3435/7921 2093/3436/7922
f 2096/3472/7923 2095/3473/7924 2093/3470/7925 2094/3471/7926
f 2097/3483/7927 2095/3476/7928 2096/3477/7929 2098/3482/7930
f 2098/3449/7931 2092/3454/7932 2091/3457/7933 2097/3448/7934
f 2084/3426/7935 2091/3430/7936 2093/3436/7937 2086/3427/7938
f 2086/3445/7939 2093/3470/7940 2095/3473/7941 2088/3460/7942
f 2088/3463/7943 2095/3476/7944 2097/3483/7945 2090/3468/7946
f 2097/3448/7947 2091/3457/7948 2084/3438/7949 2090/3437/7950
f 2078/3421/7951 2076/3419/7952 2083/3425/7953 2085/3428/7954
f 2080/3433/7955 2078/3424/7956 2085/3444/7957 2087/3461/7958
f 2080/3447/7959 2087/3462/7960 2089/3469/7961 2082/3452/7962
f 2083/3441/7963 2076/3420/7964 2082/3409/7965 2089/3431/7966
f 2075/3418/7967 2077/3422/7968 2072/3497/7969 2071/3496/7970
f 2077/3423/7971 2079/3434/7972 2073/3417/7973 2072/3416/7974
f 2074/3466/7975 2073/3465/7976 2079/3446/7977 2081/3453/7978
f 2074/3406/7979 2081/3408/7980 2075/3429/7981 2071/3407/7982
f 2053/3475/7983 2054/3455/7984 2066/3451/7985 2064/3474/7986
f 2061/3478/7987 2056/3479/7988 2053/3475/7989 2064/3474/7990
f 2062/3480/7991 2058/3481/7992 2056/3479/7993 2061/3478/7994
f 2058/3481/7995 2062/3480/7996 2069/3464/7997 2070/3467/7998
f 2065/3484/7999 2051/3487/8000 2052/3498/8001 2063/3499/8002
f 2052/3498/8003 2055/3500/8004 2060/3501/8005 2063/3499/8006
f 2055/3500/8007 2057/3492/8008 2059/3495/8009 2060/3501/8010
g default
v -0.175398 37.456621 1.200846
v 0.089919 37.456621 1.200846
v -0.175398 37.633852 1.003409
v 0.089919 37.633852 1.003409
v 0.089919 38.026061 1.712013
v 0.279526 38.192500 1.526727
v 0.231811 38.449369 1.780649
v 0.128998 38.312336 1.393232
v 0.103610 38.551428 1.666951
v -0.101624 38.339500 1.362972
v -0.092807 38.574564 1.641180
v -0.304430 38.261282 1.450104
v -0.265532 38.507949 1.715390
v -0.390127 38.111328 1.613589
v -0.333747 38.382756 1.854858
v -0.304430 37.967284 1.777620
v -0.265532 38.257560 1.994328
v -0.101624 37.889067 1.864753
v -0.092807 38.190943 2.068536
v 0.017272 37.889067 1.864753
v 0.128998 37.916232 1.834491
v 0.103610 38.214080 2.042765
v 0.279526 38.036067 1.700995
v 0.231811 38.316139 1.929067
v -0.175398 38.026061 1.712013
v 0.089919 38.026127 1.712072
v 0.089919 38.203295 1.514573
v -0.175398 38.203295 1.514573
v -0.042176 38.382756 1.854858
vt 0.048188 0.770074
vt 0.045412 0.770074
vt 0.033034 0.790279
vt 0.030258 0.790279
vt 0.358607 0.803141
vt 0.361382 0.803141
vt 0.030258 0.762728
vt 0.033034 0.762728
vt 0.030258 0.782934
vt 0.361382 0.810486
vt 0.045412 0.762728
vt 0.033034 0.782934
vt 0.048188 0.762728
vt 0.033034 0.770074
vt 0.358607 0.810486
vt 0.030258 0.770074
vt 0.200966 0.990047
vt 0.184920 0.990047
vt 0.183916 0.994124
vt 0.201663 0.994124
vt 0.199523 0.994124
vt 0.199005 0.990047
vt 0.197320 0.994124
vt 0.196988 0.990047
vt 0.195065 0.994124
vt 0.194937 0.990047
vt 0.192772 0.994124
vt 0.192885 0.990047
vt 0.190513 0.994124
vt 0.190849 0.990047
vt 0.188259 0.994124
vt 0.038452 0.730904
vt 0.037893 0.727766
vt 0.188835 0.990047
vt 0.186057 0.994124
vt 0.186858 0.990047
vt 0.187150 0.994124
vt 0.040174 0.727922
vt 0.035216 0.732082
vt 0.031979 0.730904
vt 0.034514 0.729717
vt 0.039634 0.724466
vt 0.035942 0.724387
vt 0.036938 0.722316
vt 0.033493 0.722316
vt 0.031980 0.723191
vt 0.030855 0.724530
vt 0.032563 0.726338
vt 0.030258 0.727922
vt 0.035032 0.742522
vt 0.037572 0.743989
vt 0.034287 0.746745
vt 0.038575 0.746745
vt 0.037572 0.749501
vt 0.035032 0.750967
vt 0.032143 0.750458
vt 0.030258 0.748211
vt 0.030258 0.745278
vt 0.032143 0.743031
vt 0.182994 0.990047
vt 0.181803 0.994124
vn 0.000000 -0.668002 0.744159
vn 0.000000 -0.668002 0.744159
vn 0.000000 -0.668002 0.744159
vn 0.000000 -0.668002 0.744159
vn 1.000000 0.000000 -0.000000
vn 1.000000 0.000000 -0.000000
vn 1.000000 0.000000 -0.000000
vn 1.000000 0.000000 -0.000000
vn -0.000000 0.668002 -0.744159
vn -0.000000 0.668002 -0.744159
vn -0.000000 0.668002 -0.744159
vn -0.000000 0.668002 -0.744159
vn -1.000000 -0.000000 0.000000
vn -1.000000 -0.000000 0.000000
vn -1.000000 -0.000000 0.000000
vn -1.000000 -0.000000 0.000000
vn 0.930521 0.329956 -0.158932
vn 0.930521 0.329956 -0.158932
vn 0.930521 -0.122526 0.345135
vn 0.930521 -0.122526 0.345135
vn 0.495120 0.676576 -0.545070
vn 0.930521 0.329956 -0.158932
vn 0.930521 0.329956 -0.158932
vn 0.495120 0.676576 -0.545070
vn -0.171953 0.755148 -0.632600
vn -0.171953 0.755148 -0.632600
vn 0.495120 0.676576 -0.545070
vn 0.495120 0.676576 -0.545070
vn -0.754816 0.533559 -0.381532
vn -0.171953 0.755148 -0.632600
vn -0.171953 0.755148 -0.632600
vn -0.755581 0.532963 -0.380852
vn -0.989132 0.107307 0.100515
vn -0.989138 0.109731 0.097802
vn -0.754816 0.533559 -0.381532
vn -0.755581 0.532963 -0.380852
vn -0.753728 -0.322071 0.572857
vn -0.989138 0.109731 0.097802
vn -0.989132 0.107307 0.100515
vn -0.754593 -0.321377 0.572107
vn -0.169115 -0.534510 0.828069
vn -0.174013 -0.534120 0.827306
vn -0.753728 -0.322071 0.572857
vn -0.754593 -0.321377 0.572107
vn 0.496112 -0.455188 0.739376
vn -0.174013 -0.534120 0.827306
vn 0.171381 -0.529433 0.830860
vn 0.491793 -0.456664 0.741349
vn 0.171381 -0.529433 0.830860
vn -0.174013 -0.534120 0.827306
vn -0.169115 -0.534510 0.828069
vn 0.930521 -0.122526 0.345135
vn 0.930521 -0.122526 0.345135
vn 0.496112 -0.455188 0.739376
vn 0.491793 -0.456664 0.741349
vn -0.000062 -0.743837 -0.668361
vn 0.003042 -0.743033 -0.669248
vn 0.002703 -0.740794 -0.671726
vn 0.000211 -0.743864 -0.668331
vn 0.000312 -0.744149 -0.668014
vn 0.000234 -0.743995 -0.668185
vn 0.000234 -0.743995 -0.668185
vn 0.003042 -0.743033 -0.669248
vn -0.000062 -0.743837 -0.668361
vn 0.000211 -0.743864 -0.668331
vn 0.007713 -0.744243 -0.667865
vn 0.002703 -0.740794 -0.671726
vn 0.003042 -0.743033 -0.669248
vn 0.003929 -0.745330 -0.666684
vn 0.004566 -0.745548 -0.666437
vn 0.007713 -0.744243 -0.667865
vn 0.003929 -0.745330 -0.666684
vn -0.000082 -0.744460 -0.667667
vn 0.000169 -0.744281 -0.667866
vn -0.000082 -0.744460 -0.667667
vn 0.003929 -0.745330 -0.666684
vn 0.000163 -0.744217 -0.667938
vn 0.000154 -0.744195 -0.667962
vn 0.000169 -0.744281 -0.667866
vn 0.000163 -0.744217 -0.667938
vn 0.000153 -0.744237 -0.667916
vn 0.000312 -0.744149 -0.668014
vn 0.000153 -0.744237 -0.667916
vn 0.000163 -0.744217 -0.667938
vn 0.000234 -0.743995 -0.668185
vn 0.000000 0.744159 0.668002
vn 0.000000 0.744159 0.668002
vn -0.000000 0.744159 0.668002
vn -0.000000 0.744159 0.668002
vn -0.000000 0.744159 0.668002
vn -0.000000 0.744159 0.668002
vn -0.000000 0.744159 0.668003
vn -0.000000 0.744159 0.668003
vn -0.000001 0.744159 0.668002
vn -0.000001 0.744159 0.668002
vn -0.000001 0.744159 0.668002
vn 0.000000 0.744159 0.668002
vn 0.000000 0.744159 0.668002
vn 0.000001 0.744159 0.668002
vn 0.000001 0.744159 0.668002
vn 0.000000 0.744159 0.668002
vn 0.000000 0.744159 0.668002
vn 0.000000 0.744159 0.668002
vn 0.000000 0.744159 0.668002
s off
g SM_Lamp_Modern_01 switch_low
usemtl base_lowSG
f 2100/3503/8011 2103/3512/8012 2123/3514/8013 2099/3502/8014
f 2100/3504/8015 2102/3505/8016 2125/3510/8017 2103/3513/8018
f 2101/3507/8019 2126/3511/8020 2125/3516/8021 2102/3506/8022
f 2099/3509/8023 2123/3515/8024 2126/3517/8025 2101/3508/8026
f 2104/3562/8027 2105/3561/8028 2122/3519/8029 2121/3520/8030
f 2107/3523/8031 2105/3518/8032 2104/3521/8033 2106/3522/8034
f 2108/3524/8035 2109/3525/8036 2107/3523/8037 2106/3522/8038
f 2111/3527/8039 2109/3525/8040 2108/3524/8041 2110/3526/8042
f 2112/3528/8043 2113/3529/8044 2111/3527/8045 2110/3526/8046
f 2115/3531/8047 2113/3529/8048 2112/3528/8049 2114/3530/8050
f 2116/3532/8051 2117/3535/8052 2115/3531/8053 2114/3530/8054
f 2120/3537/8055 2117/3535/8056 2118/3538/8057 2119/3536/8058
f 2118/3538/8059 2117/3535/8060 2116/3532/8061
f 2121/3520/8062 2122/3519/8063 2120/3537/8064 2119/3536/8065
f 2108/3533/8066 2126/3534/8067 2110/3539/8068
f 2106/3540/8069 2104/3541/8070 2125/3542/8071
f 2125/3542/8072 2126/3534/8073 2108/3533/8074 2106/3540/8075
f 2112/3543/8076 2110/3539/8077 2126/3534/8078 2123/3544/8079
f 2114/3545/8080 2112/3543/8081 2123/3544/8082 2116/3546/8083
f 2118/3547/8084 2116/3546/8085 2123/3544/8086 2124/3549/8087
f 2119/3548/8088 2118/3547/8089 2124/3549/8090 2121/3550/8091
f 2104/3541/8092 2121/3550/8093 2124/3549/8094 2125/3542/8095
f 2127/3553/8096 2107/3551/8097 2109/3552/8098 2111/3554/8099
f 2127/3553/8100 2111/3554/8101 2113/3555/8102 2115/3556/8103
f 2115/3556/8104 2117/3557/8105 2127/3553/8106
f 2127/3553/8107 2117/3557/8108 2120/3558/8109 2122/3559/8110
f 2127/3553/8111 2122/3559/8112 2105/3560/8113 2107/3551/8114
g default
v -0.788848 41.946378 -0.788975
v 0.788848 41.946378 -0.788975
v -0.788848 41.946378 0.788975
v 0.788848 41.946378 0.788975
v 1.909830 45.491052 -1.916902
v -1.909830 45.491052 -1.916902
v -1.893603 45.491052 1.916922
v 1.893603 45.491052 1.916923
v 1.014807 47.645556 -1.016964
v -1.014807 47.645556 -1.016964
v -1.010286 47.645546 1.016991
v 1.010286 47.645546 1.016991
v -0.652482 40.986752 -0.652587
v 0.652482 40.986752 -0.652587
v 0.652482 40.986752 0.652586
v -0.652482 40.986752 0.652586
v -1.428833 43.253547 1.433981
v -1.432305 43.253547 -1.433982
v 1.432304 43.253547 -1.433982
v 1.428833 43.253547 1.433981
v -0.000000 40.258565 -0.885093
v -0.000000 40.258565 0.885092
v 0.884950 40.258565 -0.000000
v -0.000000 48.056009 0.000000
v -0.916788 41.460561 -0.000000
v -0.000000 42.509348 -1.457839
v -1.457170 42.509348 -0.000000
v -0.000000 42.509348 1.457838
v 1.457170 42.509348 -0.000000
v -0.000000 46.816600 -2.210615
v -2.196427 46.816542 0.000005
v -0.000000 46.816589 2.210624
v 2.196427 46.816542 0.000005
v -0.884950 40.258565 -0.000000
v 0.000000 41.460561 -0.916936
v 0.000000 41.460561 0.916935
v 0.916788 41.460561 -0.000000
v -0.000000 44.192877 -2.406760
v -2.393208 44.192917 0.000000
v -0.000000 44.192885 2.406761
v 2.393208 44.192917 0.000000
v -0.648963 40.258565 -0.649068
v 0.000000 41.946378 -1.075876
v 0.672311 41.460561 -0.672420
v 0.648963 40.258565 0.649067
v -0.000000 41.946378 1.075875
v -0.672311 41.460561 0.672419
v 1.075702 41.946378 -0.000000
v -1.075702 41.946378 -0.000000
v -0.000000 45.490537 -2.613733
v -2.593038 45.490533 0.000003
v -0.000000 45.490537 2.613738
v 2.593037 45.490533 0.000003
v 1.068765 42.509348 -1.069082
v -1.068765 42.509348 -1.069082
v -1.068418 42.509348 1.069081
v 1.068418 42.509348 1.069081
v -0.000000 47.797132 -1.232554
v -1.228266 47.797118 0.000003
v -0.000000 47.797130 1.232559
v 1.228266 47.797118 0.000003
v 1.619555 46.806588 -1.624459
v -1.619555 46.806588 -1.624459
v -1.608351 46.806556 1.624488
v 1.608351 46.806556 1.624488
v 0.648963 40.258565 -0.649068
v -0.648963 40.258565 0.649067
v -0.672311 41.460561 -0.672420
v 0.672311 41.460561 0.672419
v -0.889748 40.986752 -0.000000
v 0.000000 40.986752 -0.889892
v 0.000000 40.986752 0.889891
v 0.889748 40.986752 -0.000000
v -1.749672 44.192836 1.764888
v -1.760208 44.192810 -1.764882
v 1.760208 44.192810 -1.764882
v 1.749671 44.192836 1.764888
v -0.000000 43.253547 -1.955429
v -1.950776 43.253547 -0.000000
v -0.000000 43.253547 1.955428
v 1.950775 43.253547 -0.000000
v -0.000000 46.178604 -2.498765
v 1.827431 46.182093 -1.833868
v -1.827431 46.182093 -1.833868
v -2.480007 46.178340 0.000014
v -1.812729 46.181939 1.833957
v -0.000000 46.178553 2.498793
v 1.812729 46.181939 1.833957
v 2.480006 46.178340 0.000014
v -1.890181 44.854840 -1.896579
v -0.000000 44.855239 -2.586859
v 1.890181 44.854840 -1.896579
v -1.875566 44.854994 1.896616
v -2.568206 44.855478 0.000006
v 1.875566 44.854994 1.896616
v -0.000000 44.855290 2.586870
v 2.568206 44.855478 0.000006
v -0.000000 47.371807 -1.823573
v -1.359538 47.291228 -1.362881
v 1.359537 47.291228 -1.362881
v -1.814554 47.371720 0.000015
v -1.351534 47.291192 1.362971
v -0.000000 47.371795 1.823603
v 1.351534 47.291193 1.362971
v 1.814554 47.371720 0.000015
v -0.000000 47.599056 1.587768
v -0.740704 47.331500 1.714106
v 2.414832 45.490792 1.045623
v 2.556746 45.833725 0.000009
v 2.310435 46.180107 1.000582
v 2.320236 46.180210 -1.000523
v 2.425650 45.490792 -1.045610
v 1.707952 47.331470 -0.747496
v 1.581162 47.599006 0.000010
v 1.702616 47.331446 0.747556
v 0.353980 40.258565 -0.826086
v 0.355899 40.986752 -0.830565
v -0.355899 40.986752 0.830565
v -0.650371 40.644523 0.650475
v -0.353980 40.258565 0.826085
v 0.830432 40.986752 0.355956
v 0.825953 40.258565 0.354036
v -0.886869 40.644523 -0.000000
v -0.825953 40.258565 0.354036
v -0.825953 40.258565 -0.354037
v -0.000000 41.241522 -0.894690
v -0.366715 41.460561 -0.855807
v -0.000000 41.695595 -0.972155
v 0.366715 41.460561 -0.855807
v 0.712799 41.695595 -0.712914
v 0.656001 41.241522 -0.656106
v 0.656001 41.241522 0.656106
v 0.366715 41.460561 0.855806
v -0.000000 41.241522 0.894690
v 0.712799 41.695595 0.712913
v -0.000000 41.695595 0.972155
v -0.366715 41.460561 0.855806
v 0.894546 41.241522 -0.000000
v 0.855669 41.460561 -0.366775
v 0.971999 41.695595 -0.000000
v 0.855669 41.460561 0.366774
v -0.000000 43.730867 -2.203684
v -1.612882 43.730867 -1.616035
v -0.960740 44.192841 -2.246274
v -1.846166 44.548887 -1.851876
v -1.031817 44.855021 -2.414190
v -0.000000 44.549153 -2.525695
v 1.031817 44.855021 -2.414190
v -0.000000 45.166675 -2.616626
v 1.911680 45.166409 -1.918558
v 0.960739 44.192841 -2.246274
v 1.612882 43.730867 -1.616035
v -1.605939 43.730866 1.616034
v -2.230111 44.192881 0.962654
v -2.194650 43.730866 -0.000001
v -1.833182 44.548990 1.851900
v -2.391896 44.855267 1.034450
v -2.509080 44.549313 0.000004
v -2.401639 44.855164 -1.034426
v -2.596525 45.166834 0.000004
v -1.911681 45.166409 -1.918558
v -2.237136 44.192864 -0.962651
v 1.605938 43.730866 1.616034
v 0.953715 44.192857 2.246277
v -0.000000 43.730866 2.203683
v 1.833182 44.548990 1.851900
v 1.022074 44.855124 2.414214
v -0.000000 44.549188 2.525702
v -1.895920 45.166511 1.918582
v -1.022074 44.855124 2.414214
v -0.000000 45.166709 2.616632
v -0.953715 44.192857 2.246277
v 2.237135 44.192864 -0.962651
v 2.194650 43.730866 -0.000001
v 2.509080 44.549313 0.000004
v 1.846166 44.548887 -1.851876
v 2.401639 44.855164 -1.034426
v 1.895919 45.166511 1.918582
v 2.391896 44.855267 1.034450
v 2.596525 45.166834 0.000004
v 2.230111 44.192881 0.962654
v -0.000000 46.506484 -2.371845
v 0.884592 46.811598 -2.064813
v 1.734589 46.508810 -1.740314
v -1.734589 46.508810 -1.740314
v -0.884592 46.811598 -2.064813
v -2.355176 46.506308 0.000009
v -2.055258 46.811563 -0.886605
v -1.721548 46.508707 1.740373
v -2.047789 46.811542 0.886624
v -0.000000 46.506449 2.371864
v -0.877123 46.811577 2.064832
v 0.877123 46.811577 2.064832
v 1.721547 46.508707 1.740373
v 2.355176 46.506308 0.000009
v 2.047788 46.811542 0.886624
v 2.055257 46.811563 -0.886605
v -1.496613 47.065638 -1.500725
v -0.000000 47.108013 -2.029527
v 1.496613 47.065638 -1.500725
v -1.487060 47.065615 1.500784
v -2.017931 47.107955 0.000010
v -0.000000 47.108005 2.029546
v 1.487060 47.065615 1.500784
v 2.017931 47.107955 0.000010
v -0.000000 40.644523 -0.887012
v -0.353980 40.258565 -0.826086
v -0.650371 40.644523 -0.650476
v -0.355899 40.986752 -0.830565
v 0.650371 40.644523 0.650475
v 0.355899 40.986752 0.830565
v 0.000000 40.644523 0.887011
v 0.353980 40.258565 0.826085
v 0.886869 40.644523 -0.000000
v 0.825953 40.258565 -0.354037
v 0.650371 40.644523 -0.650476
v 0.830432 40.986752 -0.355957
v 0.666381 47.973358 0.000000
v 1.168654 47.729838 -0.612288
v 0.611174 47.729847 -1.171569
v -0.000000 47.973358 -0.668494
v -1.168654 47.729838 -0.612288
v -0.666381 47.973358 0.000000
v -0.611174 47.729847 -1.171569
v -0.608039 47.729843 1.171579
v -0.000000 47.973358 0.668494
v -1.165519 47.729834 0.612298
v 0.608039 47.729843 1.171579
v 1.165519 47.729834 0.612298
v -0.855669 41.460561 -0.366775
v -0.971999 41.695595 -0.000000
v -1.003989 41.946378 -0.430350
v -0.712799 41.695595 -0.712914
v -0.830432 40.986752 -0.355957
v -0.894546 41.241522 -0.000000
v -0.656001 41.241522 -0.656106
v -0.656001 41.241522 0.656106
v -0.855669 41.460561 0.366774
v -0.830432 40.986752 0.355956
v -0.712799 41.695595 0.712913
v -1.003989 41.946378 0.430350
v 0.430281 41.946378 -1.004150
v -0.000000 42.212661 -1.243623
v 0.582984 42.509348 -1.360649
v 0.911844 42.212661 -0.911990
v -0.430281 41.946378 -1.004150
v -0.911844 42.212661 -0.911990
v -0.582984 42.509348 -1.360649
v -0.000000 42.851342 -1.700961
v -1.246592 42.851342 -1.247371
v -0.781467 43.253547 -1.825067
v 0.781467 43.253547 -1.825067
v 1.246592 42.851342 -1.247371
v -1.243423 42.212661 -0.000000
v -1.360141 42.509348 -0.583136
v -0.911844 42.212661 0.911990
v -1.359910 42.509348 0.583135
v -1.698951 42.851342 -0.000000
v -1.245203 42.851342 1.247371
v -1.819566 43.253547 0.782171
v -1.821881 43.253547 -0.782172
v -0.582752 42.509348 1.360649
v -0.430281 41.946378 1.004150
v -0.000000 42.212661 1.243623
v 0.911844 42.212661 0.911990
v 0.582752 42.509348 1.360649
v 0.430281 41.946378 1.004150
v 1.245203 42.851342 1.247371
v 0.779153 43.253547 1.825067
v -0.000000 42.851342 1.700960
v -0.779153 43.253547 1.825067
v 1.359910 42.509348 0.583135
v 1.003989 41.946378 0.430350
v 1.243423 42.212661 -0.000000
v 1.360141 42.509348 -0.583136
v 1.003989 41.946378 -0.430350
v 1.821881 43.253547 -0.782172
v 1.698951 42.851342 -0.000000
v 1.819566 43.253547 0.782171
v -0.000000 45.833901 -2.576920
v 0.997897 46.180369 -2.332859
v 1.883795 45.836227 -1.890702
v 1.042734 45.490795 -2.439562
v -1.042734 45.490795 -2.439562
v -1.883796 45.836227 -1.890702
v -0.997898 46.180369 -2.332859
v -0.000000 47.599064 -1.587749
v -0.746040 47.331524 -1.714046
v -1.202101 47.488622 -1.204699
v 1.202101 47.488622 -1.204699
v 0.746040 47.331524 -1.714046
v -2.556746 45.833725 0.000009
v -2.320236 46.180210 -1.000523
v -2.425651 45.490792 -1.045610
v -2.414833 45.490792 1.045623
v -1.867977 45.836124 1.890760
v -2.310435 46.180107 1.000582
v -1.581162 47.599006 0.000010
v -1.702616 47.331446 0.747556
v -1.195633 47.488599 1.204759
v -1.707952 47.331470 -0.747496
v -0.000000 45.833866 2.576939
v -0.988097 46.180266 2.332917
v -1.031916 45.490795 2.439575
v 0.988096 46.180266 2.332917
v 1.031915 45.490795 2.439575
v 1.867977 45.836124 1.890760
v 0.740704 47.331500 1.714106
v 1.195633 47.488599 1.204759
v -0.354748 40.644523 -0.827878
v 0.354748 40.644523 0.827877
v 0.827745 40.644523 -0.354805
v 0.635639 47.895567 -0.637078
v -0.635639 47.895567 -0.637078
v -0.633993 47.895567 0.637078
v 0.633993 47.895567 0.637078
v -0.907199 41.695595 -0.388862
v -0.834910 41.241522 -0.357876
v -0.834910 41.241522 0.357876
v -0.907199 41.695595 0.388862
v 0.497369 42.212661 -1.160715
v -0.497369 42.212661 -1.160715
v -0.680044 42.851342 -1.587564
v 0.680043 42.851342 -1.587564
v -1.160528 42.212661 -0.497450
v -1.160528 42.212661 0.497449
v -1.585225 42.851342 0.680384
v -1.586151 42.851342 -0.680385
v -0.497369 42.212661 1.160714
v 0.497369 42.212661 1.160714
v 0.679118 42.851342 1.587563
v -0.679118 42.851342 1.587563
v 1.160528 42.212661 0.497449
v 1.160528 42.212661 -0.497450
v 1.586151 42.851342 -0.680385
v 1.585225 42.851342 0.680384
v 1.028634 45.835077 -2.405577
v -1.028634 45.835077 -2.405577
v -0.662396 47.543848 -1.500887
v 0.662396 47.543848 -1.500887
v -2.392011 45.834971 -1.031446
v -2.381466 45.834903 1.031485
v -1.492112 47.543796 0.663622
v -1.496424 47.543812 -0.663582
v -1.018088 45.835009 2.405616
v 1.018088 45.835009 2.405616
v 0.658084 47.543832 1.500927
v -0.658084 47.543832 1.500927
v 2.381465 45.834903 1.031485
v 2.392011 45.834971 -1.031446
v 1.496424 47.543812 -0.663582
v 1.492112 47.543796 0.663622
v 0.354748 40.644523 -0.827878
v -0.354748 40.644523 0.827877
v 0.827745 40.644523 0.354804
v -0.827745 40.644523 0.354804
v -0.827745 40.644523 -0.354805
v -0.357819 41.241522 -0.835044
v -0.388800 41.695595 -0.907345
v 0.388800 41.695595 -0.907345
v 0.357819 41.241522 -0.835044
v 0.357819 41.241522 0.835043
v 0.388800 41.695595 0.907344
v -0.388800 41.695595 0.907344
v -0.357819 41.241522 0.835044
v 0.834910 41.241522 -0.357876
v 0.907199 41.695595 -0.388862
v 0.907199 41.695595 0.388862
v 0.834910 41.241522 0.357875
v -0.880175 43.730867 -2.056772
v -1.007736 44.549009 -2.357174
v 1.043639 45.166530 -2.442042
v 0.880175 43.730867 -2.056772
v -2.046026 43.730866 0.881473
v -2.337331 44.549172 1.010082
v -2.428527 45.166625 -1.046438
v -2.050655 43.730867 -0.881474
v 0.875546 43.730866 2.056771
v 0.999080 44.549077 2.357189
v -1.033132 45.166598 2.442058
v -0.875546 43.730866 2.056771
v 2.050655 43.730867 -0.881474
v 2.345986 44.549103 -1.010066
v 2.418019 45.166693 1.046454
v 2.046026 43.730866 0.881473
v 0.947080 46.507660 -2.214174
v -0.947080 46.507660 -2.214174
v -2.202954 46.507554 -0.949416
v -2.194259 46.507486 0.949455
v -0.938386 46.507591 2.214213
v 0.938386 46.507591 2.214213
v 2.194259 46.507486 0.949455
v 2.202953 46.507554 -0.949416
v -1.043639 45.166530 -2.442042
v 1.007735 44.549009 -2.357174
v -2.418020 45.166693 1.046454
v -2.345986 44.549103 -1.010066
v 1.033132 45.166598 2.442058
v -0.999080 44.549077 2.357189
v 2.428527 45.166625 -1.046438
v 2.337330 44.549172 1.010082
v -0.818842 47.086830 -1.900063
v 0.818842 47.086830 -1.900063
v -1.885875 47.086778 0.820607
v -1.892244 47.086794 -0.820568
v 0.812473 47.086814 1.900102
v -0.812473 47.086814 1.900102
v 1.892243 47.086794 -0.820568
v 1.885874 47.086778 0.820607
vt 0.457837 0.913208
vt 0.430562 0.911177
vt 0.552552 0.911162
vt 0.491559 0.913011
vt 0.525277 0.913212
vt 0.404070 0.956834
vt 0.579053 0.956738
vt 0.451961 0.956712
vt 0.491691 0.956726
vt 0.531071 0.956691
vt 0.302604 0.952777
vt 0.326430 0.959364
vt 0.319781 0.983223
vt 0.296054 0.976664
vt 0.459143 0.901984
vt 0.548945 0.902057
vt 0.434201 0.902147
vt 0.523957 0.902013
vt 0.491560 0.901971
vt 0.491573 0.930497
vt 0.454530 0.930864
vt 0.415882 0.926460
vt 0.567200 0.926452
vt 0.528528 0.930823
vt 0.445241 0.894236
vt 0.508300 0.894289
vt 0.537751 0.894252
vt 0.311223 0.968004
vt 0.474692 0.907190
vt 0.439597 0.920343
vt 0.473826 0.920504
vt 0.509275 0.920552
vt 0.543501 0.920328
vt 0.431923 0.972150
vt 0.472522 0.972492
vt 0.510643 0.972216
vt 0.551099 0.972286
vt 0.474812 0.894270
vt 0.444704 0.907139
vt 0.508420 0.907235
vt 0.538418 0.907121
vt 0.431523 0.941501
vt 0.472648 0.941611
vt 0.510521 0.941824
vt 0.551534 0.941431
vt 0.459028 0.894267
vt 0.442895 0.912859
vt 0.433393 0.906338
vt 0.549730 0.906307
vt 0.524042 0.894307
vt 0.508758 0.912999
vt 0.491560 0.907207
vt 0.540219 0.912846
vt 0.474349 0.912953
vt 0.429506 0.956634
vt 0.472296 0.956734
vt 0.510886 0.956710
vt 0.553590 0.956672
vt 0.424270 0.917471
vt 0.558831 0.917466
vt 0.456358 0.920954
vt 0.491559 0.920643
vt 0.526735 0.920947
vt 0.315126 0.953869
vt 0.325308 0.971901
vt 0.307311 0.982140
vt 0.297128 0.964111
vt 0.409929 0.973911
vt 0.573132 0.973969
vt 0.452777 0.971986
vt 0.491674 0.972136
vt 0.530214 0.971949
vt 0.434328 0.894204
vt 0.548618 0.894068
vt 0.491562 0.894278
vt 0.458735 0.907292
vt 0.524376 0.907308
vt 0.474865 0.901963
vt 0.445416 0.901929
vt 0.508243 0.901991
vt 0.537692 0.901917
vt 0.491660 0.941836
vt 0.452885 0.942155
vt 0.407675 0.939358
vt 0.575398 0.939308
vt 0.530146 0.942080
vt 0.435372 0.930088
vt 0.473200 0.930287
vt 0.509908 0.930401
vt 0.547703 0.930047
vt 0.430364 0.964441
vt 0.405898 0.965902
vt 0.577215 0.965918
vt 0.452273 0.964475
vt 0.472382 0.964717
vt 0.491683 0.964577
vt 0.510794 0.964498
vt 0.530751 0.964429
vt 0.552716 0.964572
vt 0.452098 0.949662
vt 0.429776 0.949361
vt 0.404597 0.948153
vt 0.578472 0.948031
vt 0.491683 0.949511
vt 0.472363 0.949373
vt 0.530921 0.949620
vt 0.510818 0.949545
vt 0.553283 0.949318
vt 0.317692 0.944583
vt 0.433290 0.979690
vt 0.334569 0.954746
vt 0.453181 0.977961
vt 0.297993 0.944634
vt 0.569568 0.979721
vt 0.413461 0.979664
vt 0.334548 0.974458
vt 0.472659 0.980337
vt 0.324323 0.991356
vt 0.491692 0.978118
vt 0.304744 0.991424
vt 0.510493 0.980029
vt 0.287980 0.981309
vt 0.529781 0.977965
vt 0.287885 0.961559
vt 0.549714 0.979790
vt 0.452078 0.898327
vt 0.516216 0.898366
vt 0.543330 0.898190
vt 0.305956 0.958695
vt 0.320519 0.962721
vt 0.316466 0.977310
vt 0.301939 0.973294
vt 0.466288 0.909984
vt 0.466709 0.904759
vt 0.483120 0.904729
vt 0.483002 0.909896
vt 0.434279 0.915454
vt 0.449079 0.916764
vt 0.446452 0.925524
vt 0.428765 0.923606
vt 0.465531 0.916656
vt 0.482804 0.916497
vt 0.482540 0.925152
vt 0.464485 0.925367
vt 0.500308 0.916527
vt 0.517573 0.916682
vt 0.518600 0.925398
vt 0.500571 0.925203
vt 0.534028 0.916754
vt 0.548828 0.915443
vt 0.554325 0.923589
vt 0.536627 0.925490
vt 0.417591 0.960858
vt 0.441264 0.960451
vt 0.324054 0.952467
vt 0.308185 0.948080
vt 0.462377 0.960641
vt 0.482074 0.960668
vt 0.326659 0.980832
vt 0.331100 0.964949
vt 0.501232 0.960583
vt 0.520704 0.960538
vt 0.298428 0.983559
vt 0.314203 0.987920
vt 0.541789 0.960499
vt 0.565522 0.960905
vt 0.295728 0.955171
vt 0.291381 0.971080
vt 0.439723 0.898244
vt 0.499943 0.898347
vt 0.530993 0.898348
vt 0.483173 0.898335
vt 0.466881 0.898335
vt 0.451765 0.904774
vt 0.450871 0.910037
vt 0.437793 0.909356
vt 0.439295 0.904495
vt 0.516398 0.904794
vt 0.516823 0.910018
vt 0.500113 0.909927
vt 0.499996 0.904752
vt 0.543835 0.904457
vt 0.545326 0.909336
vt 0.532246 0.910031
vt 0.531349 0.904779
vt 0.443609 0.936597
vt 0.441690 0.946183
vt 0.417110 0.952744
vt 0.422609 0.934603
vt 0.482299 0.936185
vt 0.482141 0.945863
vt 0.462324 0.953056
vt 0.463373 0.936414
vt 0.519707 0.936479
vt 0.520478 0.946113
vt 0.501238 0.953070
vt 0.500901 0.936308
vt 0.560465 0.934561
vt 0.564625 0.944803
vt 0.541981 0.953061
vt 0.539437 0.936512
vt 0.419649 0.968994
vt 0.442050 0.968191
vt 0.462625 0.968532
vt 0.482122 0.968591
vt 0.501169 0.968418
vt 0.520442 0.968342
vt 0.540965 0.968270
vt 0.563424 0.969108
vt 0.441059 0.953080
vt 0.418442 0.944872
vt 0.482069 0.953008
vt 0.462603 0.946023
vt 0.520756 0.953088
vt 0.501153 0.946016
vt 0.565984 0.952698
vt 0.541336 0.946095
vt 0.442892 0.975423
vt 0.422207 0.976303
vt 0.482165 0.975849
vt 0.462848 0.975774
vt 0.520208 0.975598
vt 0.501112 0.975676
vt 0.560821 0.976403
vt 0.540091 0.975491
vt 0.445541 0.898299
vt 0.452135 0.894251
vt 0.459228 0.898336
vt 0.451972 0.901976
vt 0.523857 0.898368
vt 0.516285 0.902008
vt 0.508202 0.898355
vt 0.516171 0.894298
vt 0.537520 0.898293
vt 0.543185 0.894160
vt 0.548782 0.898062
vt 0.434265 0.898175
vt 0.543528 0.901772
vt 0.303666 0.965916
vt 0.299679 0.957089
vt 0.307798 0.952469
vt 0.313316 0.960426
vt 0.326726 0.964566
vt 0.318776 0.970093
vt 0.322132 0.956432
vt 0.314603 0.983532
vt 0.309126 0.975583
vt 0.322722 0.978914
vt 0.300339 0.979589
vt 0.295744 0.971456
vt 0.466537 0.907244
vt 0.474544 0.909894
vt 0.465954 0.913086
vt 0.458356 0.910065
vt 0.466818 0.901975
vt 0.474797 0.904731
vt 0.458988 0.904783
vt 0.491560 0.904741
vt 0.483071 0.907188
vt 0.483153 0.901964
vt 0.491560 0.909927
vt 0.482913 0.912963
vt 0.436347 0.912198
vt 0.441411 0.916347
vt 0.431711 0.919224
vt 0.427416 0.914324
vt 0.555692 0.914314
vt 0.450104 0.913164
vt 0.457161 0.916826
vt 0.447845 0.920871
vt 0.437532 0.924905
vt 0.455459 0.925624
vt 0.445005 0.930754
vt 0.425658 0.928699
vt 0.420076 0.921965
vt 0.563016 0.921959
vt 0.474107 0.916472
vt 0.465035 0.920735
vt 0.491559 0.916569
vt 0.482678 0.920545
vt 0.473516 0.925096
vt 0.491559 0.925274
vt 0.482408 0.930353
vt 0.463917 0.930583
vt 0.500433 0.920579
vt 0.500200 0.912994
vt 0.508997 0.916516
vt 0.525946 0.916827
vt 0.518060 0.920760
vt 0.517155 0.913116
vt 0.527617 0.925602
vt 0.519160 0.930627
vt 0.509583 0.925168
vt 0.500726 0.930435
vt 0.535250 0.920855
vt 0.533010 0.913156
vt 0.541696 0.916335
vt 0.551388 0.919212
vt 0.546767 0.912183
vt 0.557423 0.928673
vt 0.545555 0.924880
vt 0.538057 0.930697
vt 0.429813 0.960502
vt 0.418440 0.964993
vt 0.404984 0.961368
vt 0.578134 0.961328
vt 0.417137 0.956729
vt 0.441070 0.956653
vt 0.452075 0.960550
vt 0.441603 0.964341
vt 0.316373 0.949354
vt 0.326130 0.949664
vt 0.443236 0.978825
vt 0.329528 0.957605
vt 0.300849 0.949676
vt 0.307843 0.944609
vt 0.423376 0.979677
vt 0.472325 0.960692
vt 0.462487 0.964626
vt 0.462316 0.956733
vt 0.482064 0.956731
vt 0.491688 0.960616
vt 0.482095 0.964671
vt 0.329800 0.973145
vt 0.329435 0.982907
vt 0.482176 0.979227
vt 0.321514 0.986321
vt 0.334558 0.964602
vt 0.462920 0.979149
vt 0.510854 0.960560
vt 0.501204 0.964528
vt 0.501246 0.956718
vt 0.520590 0.964462
vt 0.520766 0.956702
vt 0.530957 0.960517
vt 0.296362 0.986367
vt 0.520137 0.978997
vt 0.292976 0.978432
vt 0.306062 0.986656
vt 0.314533 0.991390
vt 0.501092 0.979073
vt 0.541983 0.956671
vt 0.553283 0.960592
vt 0.541436 0.964410
vt 0.564659 0.965086
vt 0.565975 0.956722
vt 0.292939 0.953097
vt 0.559641 0.979756
vt 0.292634 0.962870
vt 0.287933 0.971434
vt 0.539748 0.978877
vt 0.439785 0.894220
vt 0.439585 0.901819
vt 0.499962 0.901979
vt 0.491560 0.898340
vt 0.499931 0.894284
vt 0.531130 0.901990
vt 0.530896 0.894279
vt 0.474906 0.898333
vt 0.483187 0.894274
vt 0.466920 0.894268
vt 0.445161 0.904691
vt 0.451413 0.907276
vt 0.443971 0.909826
vt 0.438736 0.906824
vt 0.431978 0.908758
vt 0.551141 0.908735
vt 0.433797 0.904243
vt 0.549338 0.904182
vt 0.524120 0.904807
vt 0.516573 0.907280
vt 0.508314 0.904767
vt 0.524758 0.910074
vt 0.508567 0.909942
vt 0.500046 0.907216
vt 0.537962 0.904675
vt 0.544388 0.906795
vt 0.539148 0.909810
vt 0.531703 0.907273
vt 0.433274 0.935949
vt 0.453635 0.936702
vt 0.442444 0.942068
vt 0.452389 0.946241
vt 0.441257 0.949626
vt 0.430406 0.945757
vt 0.417535 0.948819
vt 0.429485 0.952953
vt 0.404334 0.952494
vt 0.578762 0.952384
vt 0.420056 0.940325
vt 0.411779 0.932909
vt 0.571299 0.932880
vt 0.491616 0.936343
vt 0.482210 0.941679
vt 0.472901 0.936115
vt 0.491678 0.945998
vt 0.482093 0.949414
vt 0.472473 0.945806
vt 0.462415 0.949517
vt 0.472306 0.952989
vt 0.451962 0.953117
vt 0.462913 0.941886
vt 0.529407 0.936638
vt 0.520170 0.941969
vt 0.510238 0.936285
vt 0.530633 0.946178
vt 0.520663 0.949593
vt 0.510707 0.946019
vt 0.491688 0.953055
vt 0.501208 0.949536
vt 0.510876 0.953073
vt 0.501057 0.941832
vt 0.563012 0.940267
vt 0.549791 0.935890
vt 0.552647 0.945693
vt 0.576935 0.943669
vt 0.406136 0.943756
vt 0.565537 0.948752
vt 0.531063 0.953092
vt 0.541770 0.949568
vt 0.553594 0.952946
vt 0.540589 0.941967
vt 0.431116 0.968337
vt 0.420983 0.972789
vt 0.407914 0.969906
vt 0.575173 0.969943
vt 0.452526 0.968330
vt 0.442510 0.971914
vt 0.472454 0.968663
vt 0.462757 0.972276
vt 0.491678 0.968461
vt 0.482149 0.972346
vt 0.510717 0.968398
vt 0.501136 0.972163
vt 0.520302 0.972085
vt 0.530480 0.968286
vt 0.551934 0.968481
vt 0.540482 0.971992
vt 0.562062 0.972903
vt 0.452968 0.975312
vt 0.432634 0.975841
vt 0.411695 0.976787
vt 0.571350 0.976845
vt 0.491668 0.975470
vt 0.472569 0.976166
vt 0.510593 0.975906
vt 0.530020 0.975283
vt 0.550374 0.975954
vn -0.000000 -0.012879 -0.999917
vn -0.000000 -0.006593 -0.999978
vn -0.341776 -0.006685 -0.939758
vn -0.341743 -0.013058 -0.939703
vn -0.000000 -0.004973 -0.999988
vn -0.341758 -0.005042 -0.939774
vn -0.707154 -0.005157 -0.707040
vn -0.707147 -0.006838 -0.707034
vn -0.707100 -0.013359 -0.706987
vn 0.707154 -0.005157 0.707040
vn 0.707147 -0.006838 0.707033
vn 0.341776 -0.006685 0.939758
vn 0.341758 -0.005042 0.939774
vn 0.707100 -0.013359 0.706987
vn 0.341743 -0.013058 0.939703
vn 0.000000 -0.012879 0.999917
vn -0.000000 -0.006594 0.999978
vn -0.000000 -0.004974 0.999988
vn 0.999917 -0.012877 -0.000000
vn 0.999978 -0.006593 -0.000000
vn 0.939793 -0.006684 -0.341679
vn 0.939738 -0.013056 -0.341646
vn 0.999988 -0.004973 -0.000000
vn 0.939810 -0.005041 -0.341661
vn 0.707154 -0.005157 -0.707040
vn 0.707147 -0.006838 -0.707033
vn 0.707101 -0.013359 -0.706987
vn 0.000000 1.000000 -0.000000
vn 0.207450 0.978246 0.000223
vn 0.201005 0.958890 -0.200314
vn 0.000000 0.978405 -0.206696
vn 0.380778 0.924666 0.000831
vn 0.369927 0.907480 -0.199081
vn 0.341066 0.876486 -0.339773
vn 0.200110 0.907846 -0.368473
vn 0.000000 0.925354 -0.379103
vn -0.341066 0.876486 -0.339773
vn -0.369927 0.907480 -0.199081
vn -0.201005 0.958890 -0.200314
vn -0.200110 0.907845 -0.368473
vn -0.380778 0.924666 0.000831
vn -0.207450 0.978246 0.000223
vn -0.342170 0.875665 0.340780
vn -0.200967 0.907548 0.368739
vn -0.201427 0.958715 0.200729
vn -0.370395 0.906948 0.200631
vn 0.000000 0.925321 0.379185
vn -0.000000 0.978393 0.206754
vn 0.201427 0.958715 0.200729
vn 0.200967 0.907549 0.368738
vn 0.342170 0.875665 0.340780
vn 0.370395 0.906948 0.200631
vn -0.695961 -0.177301 -0.695847
vn -0.925790 -0.173024 -0.336119
vn -0.890378 -0.320675 -0.323102
vn -0.668000 -0.328178 -0.667889
vn -0.985346 -0.170567 0.000000
vn -0.948632 -0.316383 -0.000000
vn -0.881113 -0.472906 -0.000000
vn -0.825468 -0.478474 -0.299441
vn -0.617176 -0.488173 -0.617074
vn -0.939738 -0.013056 -0.341646
vn -0.938287 -0.058375 -0.340894
vn -0.705898 -0.059812 -0.705783
vn -0.999917 -0.012877 -0.000000
vn -0.998343 -0.057541 0.000000
vn -0.707100 -0.013359 0.706987
vn -0.705898 -0.059812 0.705783
vn -0.938287 -0.058374 0.340894
vn -0.939738 -0.013056 0.341646
vn -0.695961 -0.177301 0.695847
vn -0.925790 -0.173024 0.336119
vn -0.668000 -0.328178 0.667889
vn -0.890378 -0.320675 0.323102
vn -0.617176 -0.488174 0.617074
vn -0.825468 -0.478474 0.299440
vn 0.617176 -0.488173 -0.617074
vn 0.299519 -0.478521 -0.825413
vn 0.280295 -0.570347 -0.772101
vn 0.576368 -0.579488 -0.576189
vn 0.000000 -0.472967 -0.881080
vn 0.000000 -0.564887 -0.825168
vn 0.000000 -0.581773 -0.813351
vn 0.276400 -0.586938 -0.760991
vn 0.568397 -0.595257 -0.567973
vn -0.280295 -0.570347 -0.772101
vn -0.276400 -0.586938 -0.760991
vn -0.299519 -0.478521 -0.825413
vn -0.576368 -0.579488 -0.576189
vn -0.568397 -0.595257 -0.567973
vn -0.000000 -0.491971 -0.870612
vn -0.000000 -0.552898 -0.833249
vn -0.283538 -0.557812 -0.780033
vn -0.296821 -0.496542 -0.815686
vn -0.583700 -0.565398 -0.582768
vn -0.611937 -0.503227 -0.610160
vn 0.283538 -0.557812 -0.780033
vn 0.583700 -0.565398 -0.582768
vn 0.296821 -0.496542 -0.815686
vn 0.611937 -0.503227 -0.610160
vn -0.772381 -0.570014 -0.280200
vn -0.825532 -0.564356 0.000052
vn -0.814459 -0.580221 0.000261
vn -0.761806 -0.585992 -0.276162
vn -0.772492 -0.569810 0.280308
vn -0.762126 -0.585341 0.276657
vn -0.576517 -0.579257 0.576272
vn -0.568842 -0.594527 0.568293
vn -0.873519 -0.486788 0.001485
vn -0.835287 -0.549814 0.000714
vn -0.782098 -0.554620 0.284110
vn -0.818622 -0.491158 0.297694
vn -0.584511 -0.563914 0.583394
vn -0.613096 -0.500700 0.611075
vn -0.781609 -0.555943 -0.282868
vn -0.818146 -0.493402 -0.295281
vn 0.000000 -0.581713 0.813394
vn -0.276657 -0.586651 0.761119
vn -0.280373 -0.570254 0.772141
vn 0.000000 -0.564864 0.825184
vn -0.299519 -0.478521 0.825413
vn -0.000000 -0.472967 0.881080
vn 0.617176 -0.488174 0.617074
vn 0.576517 -0.579257 0.576272
vn 0.280373 -0.570254 0.772141
vn 0.299519 -0.478521 0.825413
vn 0.568842 -0.594527 0.568293
vn 0.276657 -0.586651 0.761119
vn 0.584511 -0.563914 0.583394
vn 0.284107 -0.557240 0.780235
vn 0.613096 -0.500700 0.611075
vn 0.297856 -0.495578 0.815895
vn 0.000000 -0.491804 0.870706
vn -0.000000 -0.552792 0.833319
vn -0.297856 -0.495578 0.815895
vn -0.284107 -0.557240 0.780235
vn 0.814459 -0.580221 0.000261
vn 0.762127 -0.585341 0.276657
vn 0.772492 -0.569810 0.280308
vn 0.825531 -0.564356 0.000052
vn 0.825468 -0.478474 0.299440
vn 0.881113 -0.472906 -0.000000
vn 0.772381 -0.570014 -0.280200
vn 0.825468 -0.478474 -0.299441
vn 0.761806 -0.585992 -0.276162
vn 0.781610 -0.555943 -0.282868
vn 0.818146 -0.493402 -0.295281
vn 0.873519 -0.486788 0.001485
vn 0.835287 -0.549814 0.000714
vn 0.818622 -0.491158 0.297694
vn 0.782098 -0.554620 0.284110
vn -0.000000 0.058316 -0.998298
vn -0.000000 0.162406 -0.986724
vn 0.338053 0.163517 -0.926813
vn 0.342495 0.058324 -0.937708
vn -0.000000 0.287868 -0.957670
vn 0.327255 0.291040 -0.898999
vn 0.678047 0.295428 -0.673034
vn 0.700020 0.165413 -0.694701
vn 0.708578 0.058790 -0.703179
vn -0.342495 0.058324 -0.937708
vn -0.338053 0.163516 -0.926813
vn -0.708578 0.058790 -0.703179
vn -0.700020 0.165413 -0.694701
vn -0.678047 0.295428 -0.673034
vn -0.327255 0.291040 -0.898999
vn -0.232043 0.798507 -0.555466
vn -0.438250 0.785907 -0.436219
vn 0.000000 0.810498 -0.585741
vn 0.000000 0.672099 -0.740461
vn -0.264653 0.676740 -0.687009
vn -0.517672 0.683242 -0.514973
vn 0.232042 0.798507 -0.555466
vn 0.264653 0.676740 -0.687009
vn 0.438250 0.785907 -0.436219
vn 0.517672 0.683242 -0.514973
vn -0.998278 0.058444 0.005077
vn -0.987124 0.159881 0.004983
vn -0.929476 0.161961 -0.331426
vn -0.940169 0.058391 -0.335668
vn -0.958962 0.283496 0.004671
vn -0.902040 0.288342 -0.321220
vn -0.937665 0.058431 0.342595
vn -0.927197 0.160846 0.338281
vn -0.708489 0.058799 0.703269
vn -0.700111 0.164076 0.694927
vn -0.678484 0.293221 0.673558
vn -0.900279 0.286464 0.327774
vn -0.558517 0.796026 0.233243
vn -0.439439 0.784632 0.437316
vn -0.588835 0.808251 0.001825
vn -0.744105 0.668057 0.002666
vn -0.690384 0.672749 0.266044
vn -0.518850 0.681520 0.516067
vn -0.558298 0.797060 -0.230212
vn -0.690488 0.674230 -0.261992
vn 0.000000 0.058319 0.998298
vn -0.000000 0.162309 0.986740
vn -0.340486 0.163009 0.926012
vn -0.344931 0.058337 0.936813
vn -0.000000 0.287751 0.957705
vn -0.329606 0.290238 0.898399
vn 0.678484 0.293221 0.673558
vn 0.329606 0.290238 0.898399
vn 0.340486 0.163009 0.926012
vn 0.700111 0.164076 0.694927
vn 0.344931 0.058337 0.936813
vn 0.708489 0.058799 0.703269
vn -0.000000 0.672021 0.740532
vn 0.266248 0.676104 0.687019
vn 0.233348 0.798048 0.555579
vn -0.000000 0.810450 0.585808
vn 0.518850 0.681520 0.516068
vn 0.439439 0.784633 0.437315
vn -0.233348 0.798048 0.555579
vn -0.266248 0.676104 0.687019
vn 0.927197 0.160847 0.338281
vn 0.900279 0.286463 0.327774
vn 0.937664 0.058432 0.342595
vn 0.998278 0.058444 0.005077
vn 0.987124 0.159881 0.004983
vn 0.958962 0.283496 0.004671
vn 0.902040 0.288343 -0.321220
vn 0.929476 0.161960 -0.331426
vn 0.940169 0.058392 -0.335668
vn 0.744105 0.668057 0.002666
vn 0.690488 0.674230 -0.261992
vn 0.558299 0.797060 -0.230212
vn 0.588835 0.808251 0.001825
vn 0.558517 0.796026 0.233243
vn 0.690384 0.672748 0.266044
vn 0.341758 -0.005042 -0.939774
vn 0.341776 -0.006685 -0.939758
vn 0.341743 -0.013058 -0.939703
vn -0.341743 -0.013058 0.939703
vn -0.341776 -0.006685 0.939758
vn -0.707147 -0.006838 0.707034
vn -0.707154 -0.005158 0.707040
vn -0.341758 -0.005042 0.939775
vn 0.939738 -0.013056 0.341646
vn 0.939793 -0.006684 0.341679
vn 0.939810 -0.005042 0.341661
vn -0.939793 -0.006684 0.341679
vn -0.939810 -0.005042 0.341661
vn -0.999978 -0.006593 -0.000000
vn -0.999988 -0.004973 -0.000000
vn -0.939810 -0.005041 -0.341661
vn -0.939793 -0.006684 -0.341679
vn 0.000000 -0.170594 -0.985341
vn 0.000000 -0.057550 -0.998343
vn -0.340992 -0.058382 -0.938252
vn -0.336215 -0.173045 -0.925751
vn 0.000000 -0.316430 -0.948616
vn -0.323191 -0.320711 -0.890332
vn 0.695961 -0.177301 -0.695847
vn 0.336215 -0.173045 -0.925751
vn 0.323191 -0.320711 -0.890332
vn 0.668000 -0.328178 -0.667889
vn 0.340992 -0.058382 -0.938252
vn 0.705898 -0.059812 -0.705783
vn 0.705898 -0.059812 0.705783
vn 0.340992 -0.058382 0.938251
vn 0.695961 -0.177301 0.695847
vn 0.336215 -0.173045 0.925751
vn -0.000000 -0.170594 0.985341
vn 0.000000 -0.057550 0.998343
vn 0.667999 -0.328178 0.667889
vn 0.323191 -0.320711 0.890332
vn -0.000000 -0.316429 0.948616
vn -0.336215 -0.173045 0.925751
vn -0.323191 -0.320711 0.890332
vn -0.340992 -0.058382 0.938251
vn 0.985346 -0.170567 -0.000000
vn 0.998343 -0.057541 -0.000000
vn 0.938287 -0.058375 -0.340894
vn 0.925790 -0.173024 -0.336119
vn 0.948632 -0.316382 -0.000000
vn 0.890378 -0.320675 -0.323102
vn 0.890378 -0.320675 0.323102
vn 0.925790 -0.173024 0.336119
vn 0.938287 -0.058375 0.340894
vn -0.000000 -0.363040 -0.931774
vn 0.000000 -0.430157 -0.902754
vn -0.308446 -0.434412 -0.846255
vn -0.319116 -0.366674 -0.873908
vn -0.636170 -0.440443 -0.633480
vn -0.658228 -0.371612 -0.654706
vn -0.683925 -0.265392 -0.679568
vn -0.331203 -0.262086 -0.906430
vn -0.701819 -0.147805 -0.696853
vn -0.339524 -0.145981 -0.929200
vn -0.000000 -0.144416 -0.989517
vn -0.000000 -0.259507 -0.965741
vn 0.701819 -0.147805 -0.696853
vn 0.339524 -0.145981 -0.929200
vn 0.342942 -0.042867 -0.938378
vn 0.709073 -0.043453 -0.703795
vn 0.000000 -0.042125 -0.999112
vn 0.308446 -0.434412 -0.846255
vn 0.636170 -0.440443 -0.633480
vn 0.319116 -0.366674 -0.873908
vn 0.658228 -0.371612 -0.654706
vn -0.637364 -0.437106 0.634591
vn -0.849446 -0.427360 0.309524
vn -0.659180 -0.368014 0.655780
vn -0.876662 -0.359105 0.320167
vn -0.934565 -0.355777 0.003291
vn -0.905948 -0.423382 0.002413
vn -0.684503 -0.262059 0.680280
vn -0.908169 -0.255091 0.331900
vn -0.702041 -0.145192 0.697178
vn -0.929923 -0.140520 0.339848
vn -0.990255 -0.139191 0.004627
vn -0.967508 -0.252806 0.004072
vn -0.931896 -0.142801 -0.333432
vn -0.940859 -0.041026 -0.336304
vn -0.709073 -0.043453 -0.703795
vn -0.999223 -0.039091 0.004950
vn -0.849314 -0.430308 -0.305780
vn -0.877138 -0.362269 -0.315263
vn 0.637364 -0.437106 0.634591
vn 0.309891 -0.433132 0.846383
vn 0.659180 -0.368014 0.655780
vn 0.320879 -0.365293 0.873841
vn -0.000000 -0.362796 0.931869
vn 0.000000 -0.429930 0.902862
vn 0.684503 -0.262059 0.680279
vn 0.333285 -0.260807 0.906036
vn 0.702041 -0.145192 0.697178
vn 0.341831 -0.144966 0.928513
vn -0.000000 -0.144228 0.989544
vn -0.000000 -0.259282 0.965802
vn -0.345342 -0.042262 0.937525
vn -0.000000 -0.042000 0.999118
vn -0.709044 -0.041949 0.703915
vn -0.341831 -0.144966 0.928513
vn -0.320879 -0.365293 0.873841
vn -0.309891 -0.433132 0.846383
vn 0.849314 -0.430308 -0.305780
vn 0.877138 -0.362269 -0.315263
vn 0.934565 -0.355777 0.003291
vn 0.905948 -0.423382 0.002413
vn 0.990255 -0.139191 0.004627
vn 0.967508 -0.252806 0.004072
vn 0.909450 -0.258010 -0.326085
vn 0.931896 -0.142801 -0.333432
vn 0.683925 -0.265392 -0.679568
vn 0.938469 -0.039706 0.343072
vn 0.999223 -0.039091 0.004950
vn 0.709044 -0.041949 0.703915
vn 0.929923 -0.140520 0.339849
vn 0.876662 -0.359105 0.320167
vn 0.849446 -0.427360 0.309524
vn -0.000000 0.408910 -0.912575
vn 0.310301 0.413954 -0.855778
vn -0.000000 0.495057 -0.868861
vn 0.294228 0.501444 -0.813624
vn 0.610196 0.510095 -0.606189
vn 0.643719 0.420825 -0.639165
vn -0.310301 0.413953 -0.855778
vn -0.643719 0.420825 -0.639165
vn -0.610196 0.510095 -0.606188
vn -0.294228 0.501444 -0.813624
vn -0.914943 0.403561 0.004206
vn -0.859241 0.410632 -0.305100
vn -0.871936 0.489607 0.003711
vn -0.817285 0.498017 -0.289869
vn -0.858125 0.408408 0.311166
vn -0.644577 0.418218 0.640011
vn -0.611305 0.507558 0.607199
vn -0.816626 0.495880 0.295339
vn -0.000000 0.408781 0.912633
vn -0.312527 0.413026 0.855416
vn -0.000000 0.494913 0.868943
vn -0.296280 0.500537 0.813438
vn 0.611305 0.507558 0.607199
vn 0.296280 0.500537 0.813438
vn 0.312527 0.413026 0.855416
vn 0.644577 0.418218 0.640011
vn 0.858125 0.408408 0.311166
vn 0.816626 0.495880 0.295339
vn 0.914943 0.403561 0.004206
vn 0.871935 0.489607 0.003711
vn 0.817285 0.498017 -0.289869
vn 0.859241 0.410632 -0.305100
vn -0.342942 -0.042866 -0.938378
vn 0.331203 -0.262087 -0.906430
vn -0.938469 -0.039706 0.343072
vn -0.909450 -0.258011 -0.326085
vn 0.345342 -0.042262 0.937525
vn -0.333285 -0.260807 0.906036
vn 0.940859 -0.041026 -0.336304
vn 0.908169 -0.255091 0.331900
vn -0.280040 0.581472 -0.763851
vn -0.000000 0.574507 -0.818500
vn -0.572260 0.590667 -0.568886
vn 0.572260 0.590667 -0.568886
vn 0.280040 0.581471 -0.763851
vn -0.767126 0.576516 0.281329
vn -0.821948 0.569554 0.003211
vn -0.573422 0.588500 0.569960
vn -0.767502 0.578339 -0.276524
vn 0.281856 0.580685 0.763781
vn 0.573422 0.588499 0.569961
vn -0.000000 0.574380 0.818589
vn -0.281856 0.580685 0.763781
vn 0.767502 0.578338 -0.276524
vn 0.821948 0.569554 0.003211
vn 0.767126 0.576517 0.281328
s 1
g SM_Lamp_Modern_01 bulb_low
usemtl base_lowSG
f 2198/3641/8115 2333/3788/8116 2437/3688/8117 2336/3791/8118
f 2333/3788/8116 2148/3587/8119 2334/3789/8120 2437/3688/8117
f 2437/3688/8117 2334/3789/8120 2169/3608/8121 2335/3790/8122
f 2336/3791/8118 2437/3688/8117 2335/3790/8122 2140/3577/8123
f 2172/3612/8124 2337/3792/8125 2438/3689/8126 2340/3795/8127
f 2337/3792/8125 2142/3580/8128 2338/3793/8129 2438/3689/8126
f 2438/3689/8126 2338/3793/8129 2199/3642/8130 2339/3794/8131
f 2340/3795/8127 2438/3689/8126 2339/3794/8131 2149/3588/8132
f 2200/3643/8133 2341/3796/8134 2439/3690/8135 2344/3800/8136
f 2341/3796/8134 2150/3589/8137 2342/3797/8138 2439/3690/8135
f 2439/3690/8135 2342/3797/8138 2193/3636/8139 2343/3798/8140
f 2344/3800/8136 2439/3690/8135 2343/3798/8140 2141/3578/8141
f 2151/3590/8142 2345/3801/8143 2440/3691/8144 2348/3804/8145
f 2345/3801/8143 2188/3629/8146 2346/3802/8147 2440/3691/8144
f 2440/3691/8144 2346/3802/8147 2136/3573/8148 2347/3803/8149
f 2348/3804/8145 2440/3691/8144 2347/3803/8149 2185/3626/8150
f 2137/3574/8151 2349/3805/8152 2441/3692/8153 2351/3807/8154
f 2349/3805/8152 2186/3627/8155 2350/3806/8156 2441/3692/8153
f 2441/3692/8153 2350/3806/8156 2151/3590/8142 2348/3804/8145
f 2351/3807/8154 2441/3692/8153 2348/3804/8145 2185/3626/8150
f 2138/3575/8157 2352/3808/8158 2442/3693/8159 2354/3810/8160
f 2352/3808/8158 2187/3628/8161 2353/3809/8162 2442/3693/8159
f 2442/3693/8159 2353/3809/8162 2151/3590/8142 2350/3806/8156
f 2354/3810/8160 2442/3693/8159 2350/3806/8156 2186/3627/8155
f 2151/3590/8142 2353/3809/8162 2443/3694/8163 2345/3801/8143
f 2353/3809/8162 2187/3628/8161 2355/3811/8164 2443/3694/8163
f 2443/3694/8163 2355/3811/8164 2139/3576/8165 2356/3812/8166
f 2345/3801/8143 2443/3694/8163 2356/3812/8166 2188/3629/8146
f 2195/3638/8167 2357/3813/8168 2444/3695/8169 2360/3816/8170
f 2357/3813/8168 2152/3591/8171 2358/3814/8172 2444/3695/8169
f 2444/3695/8169 2358/3814/8172 2176/3616/8173 2359/3815/8174
f 2360/3816/8170 2444/3695/8169 2359/3815/8174 2128/3563/8175
f 2140/3577/8123 2361/3817/8176 2445/3696/8177 2363/3819/8178
f 2361/3817/8176 2197/3640/8179 2362/3818/8180 2445/3696/8177
f 2445/3696/8177 2362/3818/8180 2152/3591/8171 2357/3813/8168
f 2363/3819/8178 2445/3696/8177 2357/3813/8168 2195/3638/8167
f 2143/3581/8181 2364/3820/8182 2446/3697/8183 2366/3822/8184
f 2364/3820/8182 2174/3614/8185 2365/3821/8186 2446/3697/8183
f 2446/3697/8183 2365/3821/8186 2152/3591/8171 2362/3818/8180
f 2366/3822/8184 2446/3697/8183 2362/3818/8180 2197/3640/8179
f 2174/3614/8185 2367/3823/8187 2447/3698/8188 2365/3821/8186
f 2367/3823/8187 2130/3566/8189 2368/3824/8190 2447/3698/8188
f 2447/3698/8188 2368/3824/8190 2176/3616/8173 2358/3814/8172
f 2365/3821/8186 2447/3698/8188 2358/3814/8172 2152/3591/8171
f 2129/3564/8191 2369/3825/8192 2448/3699/8193 2372/3828/8194
f 2369/3825/8192 2170/3609/8195 2370/3826/8196 2448/3699/8193
f 2448/3699/8193 2370/3826/8196 2153/3592/8197 2371/3827/8198
f 2372/3828/8194 2448/3699/8193 2371/3827/8198 2181/3621/8199
f 2153/3592/8197 2370/3826/8196 2449/3700/8200 2375/3832/8201
f 2370/3826/8196 2170/3609/8195 2373/3830/8202 2449/3700/8200
f 2449/3700/8200 2373/3830/8202 2128/3563/8175 2374/3831/8203
f 2375/3832/8201 2449/3700/8200 2374/3831/8203 2182/3623/8204
f 2205/3649/8205 2376/3833/8206 2450/3701/8207 2378/3835/8208
f 2376/3833/8206 2153/3592/8197 2375/3832/8201 2450/3701/8207
f 2450/3701/8207 2375/3832/8201 2182/3623/8204 2377/3834/8209
f 2378/3835/8208 2450/3701/8207 2377/3834/8209 2145/3583/8210
f 2181/3621/8199 2371/3827/8198 2451/3702/8211 2380/3837/8212
f 2371/3827/8198 2153/3592/8197 2376/3833/8206 2451/3702/8211
f 2451/3702/8211 2376/3833/8206 2205/3649/8205 2379/3836/8213
f 2380/3837/8212 2451/3702/8211 2379/3836/8213 2146/3584/8214
f 2128/3563/8175 2359/3815/8174 2452/3703/8215 2374/3831/8203
f 2359/3815/8174 2176/3616/8173 2381/3839/8216 2452/3703/8215
f 2452/3703/8215 2381/3839/8216 2154/3593/8217 2382/3840/8218
f 2374/3831/8203 2452/3703/8215 2382/3840/8218 2182/3623/8204
f 2154/3593/8217 2381/3839/8216 2453/3704/8219 2384/3842/8220
f 2381/3839/8216 2176/3616/8173 2368/3824/8190 2453/3704/8219
f 2453/3704/8219 2368/3824/8190 2130/3566/8189 2383/3841/8221
f 2384/3842/8220 2453/3704/8219 2383/3841/8221 2183/3624/8222
f 2206/3650/8223 2385/3843/8224 2454/3705/8225 2387/3845/8226
f 2385/3843/8224 2154/3593/8217 2384/3842/8220 2454/3705/8225
f 2454/3705/8225 2384/3842/8220 2183/3624/8222 2386/3844/8227
f 2387/3845/8226 2454/3705/8225 2386/3844/8227 2144/3582/8228
f 2182/3623/8204 2382/3840/8218 2455/3706/8229 2377/3834/8209
f 2382/3840/8218 2154/3593/8217 2385/3843/8224 2455/3706/8229
f 2455/3706/8229 2385/3843/8224 2206/3650/8223 2388/3846/8230
f 2377/3834/8209 2455/3706/8229 2388/3846/8230 2145/3583/8210
f 2155/3594/8231 2389/3847/8232 2456/3707/8233 2391/3849/8234
f 2389/3847/8232 2183/3624/8222 2383/3841/8221 2456/3707/8233
f 2456/3707/8233 2383/3841/8221 2130/3566/8189 2390/3848/8235
f 2391/3849/8234 2456/3707/8233 2390/3848/8235 2173/3613/8236
f 2131/3567/8237 2392/3850/8238 2457/3708/8239 2394/3852/8240
f 2392/3850/8238 2184/3625/8241 2393/3851/8242 2457/3708/8239
f 2457/3708/8239 2393/3851/8242 2155/3594/8231 2391/3849/8234
f 2394/3852/8240 2457/3708/8239 2391/3849/8234 2173/3613/8236
f 2184/3625/8241 2395/3853/8243 2458/3709/8244 2393/3851/8242
f 2395/3853/8243 2147/3586/8245 2396/3854/8246 2458/3709/8244
f 2458/3709/8244 2396/3854/8246 2207/3651/8247 2397/3855/8248
f 2393/3851/8242 2458/3709/8244 2397/3855/8248 2155/3594/8231
f 2207/3651/8247 2398/3856/8249 2459/3710/8250 2397/3855/8248
f 2398/3856/8249 2144/3582/8228 2386/3844/8227 2459/3710/8250
f 2459/3710/8250 2386/3844/8227 2183/3624/8222 2389/3847/8232
f 2397/3855/8248 2459/3710/8250 2389/3847/8232 2155/3594/8231
f 2156/3595/8251 2399/3857/8252 2460/3711/8253 2401/3859/8254
f 2399/3857/8252 2184/3625/8241 2392/3850/8238 2460/3711/8253
f 2460/3711/8253 2392/3850/8238 2131/3567/8237 2400/3858/8255
f 2401/3859/8254 2460/3711/8253 2400/3858/8255 2175/3615/8256
f 2129/3565/8191 2372/3829/8194 2461/3712/8257 2403/3861/8258
f 2372/3829/8194 2181/3622/8199 2402/3860/8259 2461/3712/8257
f 2461/3712/8257 2402/3860/8259 2156/3595/8251 2401/3859/8254
f 2403/3861/8258 2461/3712/8257 2401/3859/8254 2175/3615/8256
f 2181/3622/8199 2380/3838/8212 2462/3713/8260 2402/3860/8259
f 2380/3838/8212 2146/3585/8214 2404/3862/8261 2462/3713/8260
f 2462/3713/8260 2404/3862/8261 2208/3652/8262 2405/3863/8263
f 2402/3860/8259 2462/3713/8260 2405/3863/8263 2156/3595/8251
f 2208/3652/8262 2406/3864/8264 2463/3714/8265 2405/3863/8263
f 2406/3864/8264 2147/3586/8245 2395/3853/8243 2463/3714/8265
f 2463/3714/8265 2395/3853/8243 2184/3625/8241 2399/3857/8252
f 2405/3863/8263 2463/3714/8265 2399/3857/8252 2156/3595/8251
f 2177/3617/8266 2407/3865/8267 2464/3715/8268 2410/3869/8269
f 2407/3865/8267 2209/3653/8270 2408/3866/8271 2464/3715/8268
f 2464/3715/8268 2408/3866/8271 2210/3654/8272 2409/3867/8273
f 2410/3869/8269 2464/3715/8268 2409/3867/8273 2132/3568/8274
f 2177/3617/8266 2411/3870/8275 2465/3716/8276 2407/3865/8267
f 2411/3870/8275 2133/3570/8277 2412/3871/8278 2465/3716/8276
f 2465/3716/8276 2412/3871/8278 2211/3656/8279 2413/3872/8280
f 2407/3865/8267 2465/3716/8276 2413/3872/8280 2209/3653/8270
f 2137/3574/8151 2351/3807/8154 2466/3717/8281 2416/3876/8282
f 2351/3807/8154 2185/3626/8150 2414/3873/8283 2466/3717/8281
f 2466/3717/8281 2414/3873/8283 2225/3671/8284 2415/3874/8285
f 2416/3876/8282 2466/3717/8281 2415/3874/8285 2226/3673/8286
f 2225/3671/8284 2414/3873/8283 2467/3718/8287 2418/3878/8288
f 2414/3873/8283 2185/3626/8150 2347/3803/8149 2467/3718/8287
f 2467/3718/8287 2347/3803/8149 2136/3573/8148 2417/3877/8289
f 2418/3878/8288 2467/3718/8287 2417/3877/8289 2227/3675/8290
f 2178/3618/8291 2419/3880/8292 2468/3719/8293 2421/3882/8294
f 2419/3880/8292 2212/3657/8295 2420/3881/8296 2468/3719/8293
f 2468/3719/8293 2420/3881/8296 2211/3656/8279 2412/3871/8278
f 2421/3882/8294 2468/3719/8293 2412/3871/8278 2133/3570/8277
f 2178/3618/8291 2422/3883/8297 2469/3720/8298 2419/3880/8292
f 2422/3883/8297 2134/3571/8299 2423/3884/8300 2469/3720/8298
f 2469/3720/8298 2423/3884/8300 2213/3658/8301 2424/3885/8302
f 2419/3880/8292 2469/3720/8298 2424/3885/8302 2212/3657/8295
f 2138/3575/8157 2354/3810/8160 2470/3721/8303 2427/3889/8304
f 2354/3810/8160 2186/3627/8155 2425/3886/8305 2470/3721/8303
f 2470/3721/8303 2425/3886/8305 2228/3678/8306 2426/3887/8307
f 2427/3889/8304 2470/3721/8303 2426/3887/8307 2229/3680/8308
f 2137/3574/8151 2416/3876/8282 2471/3722/8309 2349/3805/8152
f 2416/3876/8282 2226/3673/8286 2428/3890/8310 2471/3722/8309
f 2471/3722/8309 2428/3890/8310 2228/3678/8306 2425/3886/8305
f 2349/3805/8152 2471/3722/8309 2425/3886/8305 2186/3627/8155
f 2179/3619/8311 2429/3892/8312 2472/3723/8313 2431/3894/8314
f 2429/3892/8312 2214/3659/8315 2430/3893/8316 2472/3723/8313
f 2472/3723/8313 2430/3893/8316 2213/3658/8301 2423/3884/8300
f 2431/3894/8314 2472/3723/8313 2423/3884/8300 2134/3571/8299
f 2215/3660/8317 2432/3895/8318 2473/3724/8319 2434/3897/8320
f 2432/3895/8318 2214/3659/8315 2429/3892/8312 2473/3724/8319
f 2473/3724/8319 2429/3892/8312 2179/3619/8311 2433/3896/8321
f 2434/3897/8320 2473/3724/8319 2433/3896/8321 2135/3572/8322
f 2230/3682/8323 2435/3898/8324 2474/3725/8325 2233/3901/8326
f 2435/3898/8324 2231/3684/8327 2436/3900/8328 2474/3725/8325
f 2474/3725/8325 2436/3900/8328 2139/3576/8165 2355/3811/8164
f 2233/3901/8326 2474/3725/8325 2355/3811/8164 2187/3628/8161
f 2138/3575/8157 2427/3889/8304 2475/3726/8329 2352/3808/8158
f 2427/3889/8304 2229/3680/8308 2234/3902/8330 2475/3726/8329
f 2475/3726/8329 2234/3902/8330 2230/3682/8323 2233/3901/8326
f 2352/3808/8158 2475/3726/8329 2233/3901/8326 2187/3628/8161
f 2215/3660/8317 2434/3897/8320 2476/3727/8331 2237/3906/8332
f 2434/3897/8320 2135/3572/8322 2235/3904/8333 2476/3727/8331
f 2476/3727/8331 2235/3904/8333 2180/3620/8334 2236/3905/8335
f 2237/3906/8332 2476/3727/8331 2236/3905/8335 2216/3661/8336
f 2210/3655/8272 2238/3907/8337 2477/3728/8338 2409/3868/8273
f 2238/3907/8337 2216/3661/8336 2236/3905/8335 2477/3728/8338
f 2477/3728/8338 2236/3905/8335 2180/3620/8334 2239/3908/8339
f 2409/3868/8273 2477/3728/8338 2239/3908/8339 2132/3569/8274
f 2232/3686/8340 2240/3909/8341 2478/3729/8342 2241/3911/8343
f 2240/3909/8341 2227/3675/8290 2417/3877/8289 2478/3729/8342
f 2478/3729/8342 2417/3877/8289 2136/3573/8148 2346/3802/8147
f 2241/3911/8343 2478/3729/8342 2346/3802/8147 2188/3629/8146
f 2139/3576/8165 2436/3900/8328 2479/3730/8344 2356/3812/8166
f 2436/3900/8328 2231/3684/8327 2242/3912/8345 2479/3730/8344
f 2479/3730/8344 2242/3912/8345 2232/3686/8340 2241/3911/8343
f 2356/3812/8166 2479/3730/8344 2241/3911/8343 2188/3629/8146
f 2193/3635/8139 2243/3914/8346 2480/3731/8347 2343/3799/8140
f 2243/3914/8346 2148/3587/8119 2333/3788/8116 2480/3731/8347
f 2480/3731/8347 2333/3788/8116 2198/3641/8115 2244/3915/8348
f 2343/3799/8140 2480/3731/8347 2244/3915/8348 2141/3579/8141
f 2199/3642/8130 2245/3916/8349 2481/3732/8350 2339/3794/8131
f 2245/3916/8349 2143/3581/8181 2246/3917/8351 2481/3732/8350
f 2481/3732/8350 2246/3917/8351 2194/3637/8352 2247/3918/8353
f 2339/3794/8131 2481/3732/8350 2247/3918/8353 2149/3588/8132
f 2200/3643/8133 2248/3919/8354 2482/3733/8355 2341/3796/8134
f 2248/3919/8354 2142/3580/8128 2337/3792/8125 2482/3733/8355
f 2482/3733/8355 2337/3792/8125 2172/3612/8124 2249/3920/8356
f 2341/3796/8134 2482/3733/8355 2249/3920/8356 2150/3589/8137
f 2194/3637/8352 2246/3917/8351 2483/3734/8357 2251/3922/8358
f 2246/3917/8351 2143/3581/8181 2366/3822/8184 2483/3734/8357
f 2483/3734/8357 2366/3822/8184 2197/3640/8179 2250/3921/8359
f 2251/3922/8358 2483/3734/8357 2250/3921/8359 2161/3600/8360
f 2169/3608/8121 2252/3923/8361 2484/3735/8362 2335/3790/8122
f 2252/3923/8361 2161/3600/8360 2250/3921/8359 2484/3735/8362
f 2484/3735/8362 2250/3921/8359 2197/3640/8179 2361/3817/8176
f 2335/3790/8122 2484/3735/8362 2361/3817/8176 2140/3577/8123
f 2162/3601/8363 2253/3924/8364 2485/3736/8365 2254/3925/8366
f 2253/3924/8364 2198/3641/8115 2336/3791/8118 2485/3736/8365
f 2485/3736/8365 2336/3791/8118 2140/3577/8123 2363/3819/8178
f 2254/3925/8366 2485/3736/8365 2363/3819/8178 2195/3638/8167
f 2170/3609/8195 2255/3926/8367 2486/3737/8368 2373/3830/8202
f 2255/3926/8367 2162/3601/8363 2254/3925/8366 2486/3737/8368
f 2486/3737/8368 2254/3925/8366 2195/3638/8167 2360/3816/8170
f 2373/3830/8202 2486/3737/8368 2360/3816/8170 2128/3563/8175
f 2171/3610/8369 2256/3927/8370 2487/3738/8371 2257/3928/8372
f 2256/3927/8370 2162/3601/8363 2255/3926/8367 2487/3738/8371
f 2487/3738/8371 2255/3926/8367 2170/3609/8195 2369/3825/8192
f 2257/3928/8372 2487/3738/8371 2369/3825/8192 2129/3564/8191
f 2162/3601/8363 2256/3927/8370 2488/3739/8373 2253/3924/8364
f 2256/3927/8370 2171/3610/8369 2258/3930/8374 2488/3739/8373
f 2488/3739/8373 2258/3930/8374 2141/3579/8141 2244/3915/8348
f 2253/3924/8364 2488/3739/8373 2244/3915/8348 2198/3641/8115
f 2142/3580/8128 2259/3932/8375 2489/3740/8376 2338/3793/8129
f 2259/3932/8375 2196/3639/8377 2260/3933/8378 2489/3740/8376
f 2489/3740/8376 2260/3933/8378 2163/3602/8379 2261/3934/8380
f 2338/3793/8129 2489/3740/8376 2261/3934/8380 2199/3642/8130
f 2196/3639/8377 2262/3935/8381 2490/3741/8382 2260/3933/8378
f 2262/3935/8381 2131/3567/8237 2394/3852/8240 2490/3741/8382
f 2490/3741/8382 2394/3852/8240 2173/3613/8236 2263/3936/8383
f 2260/3933/8378 2490/3741/8382 2263/3936/8383 2163/3602/8379
f 2174/3614/8185 2264/3937/8384 2491/3742/8385 2367/3823/8187
f 2264/3937/8384 2163/3602/8379 2263/3936/8383 2491/3742/8385
f 2491/3742/8385 2263/3936/8383 2173/3613/8236 2390/3848/8235
f 2367/3823/8187 2491/3742/8385 2390/3848/8235 2130/3566/8189
f 2143/3581/8181 2245/3916/8349 2492/3743/8386 2364/3820/8182
f 2245/3916/8349 2199/3642/8130 2261/3934/8380 2492/3743/8386
f 2492/3743/8386 2261/3934/8380 2163/3602/8379 2264/3937/8384
f 2364/3820/8182 2492/3743/8386 2264/3937/8384 2174/3614/8185
f 2164/3603/8387 2265/3938/8388 2493/3744/8389 2266/3939/8390
f 2265/3938/8388 2200/3643/8133 2344/3800/8136 2493/3744/8389
f 2493/3744/8389 2344/3800/8136 2141/3578/8141 2258/3931/8374
f 2266/3939/8390 2493/3744/8389 2258/3931/8374 2171/3611/8369
f 2175/3615/8256 2267/3940/8391 2494/3745/8392 2403/3861/8258
f 2267/3940/8391 2164/3603/8387 2266/3939/8390 2494/3745/8392
f 2494/3745/8392 2266/3939/8390 2171/3611/8369 2257/3929/8372
f 2403/3861/8258 2494/3745/8392 2257/3929/8372 2129/3565/8191
f 2175/3615/8256 2400/3858/8255 2495/3746/8393 2267/3940/8391
f 2400/3858/8255 2131/3567/8237 2262/3935/8381 2495/3746/8393
f 2495/3746/8393 2262/3935/8381 2196/3639/8377 2268/3941/8394
f 2267/3940/8391 2495/3746/8393 2268/3941/8394 2164/3603/8387
f 2164/3603/8387 2268/3941/8394 2496/3747/8395 2265/3938/8388
f 2268/3941/8394 2196/3639/8377 2259/3932/8375 2496/3747/8395
f 2496/3747/8395 2259/3932/8375 2142/3580/8128 2248/3919/8354
f 2265/3938/8388 2496/3747/8395 2248/3919/8354 2200/3643/8133
f 2165/3604/8396 2269/3942/8397 2497/3748/8398 2271/3944/8399
f 2269/3942/8397 2205/3649/8205 2378/3835/8208 2497/3748/8398
f 2497/3748/8398 2378/3835/8208 2145/3583/8210 2270/3943/8400
f 2271/3944/8399 2497/3748/8398 2270/3943/8400 2202/3645/8401
f 2202/3645/8401 2272/3945/8402 2498/3749/8403 2271/3944/8399
f 2272/3945/8402 2217/3662/8404 2273/3946/8405 2498/3749/8403
f 2498/3749/8403 2273/3946/8405 2218/3663/8406 2274/3947/8407
f 2271/3944/8399 2498/3749/8403 2274/3947/8407 2165/3604/8396
f 2219/3664/8408 2275/3948/8409 2499/3750/8410 2277/3950/8411
f 2275/3948/8409 2218/3663/8406 2276/3949/8412 2499/3750/8410
f 2499/3750/8410 2276/3949/8412 2177/3617/8266 2410/3869/8269
f 2277/3950/8411 2499/3750/8410 2410/3869/8269 2132/3568/8274
f 2146/3584/8214 2379/3836/8213 2500/3751/8413 2279/3953/8414
f 2379/3836/8213 2205/3649/8205 2269/3942/8397 2500/3751/8413
f 2500/3751/8413 2269/3942/8397 2165/3604/8396 2278/3952/8415
f 2279/3953/8414 2500/3751/8413 2278/3952/8415 2203/3646/8416
f 2144/3582/8228 2280/3955/8417 2501/3752/8418 2387/3845/8226
f 2280/3955/8417 2201/3644/8419 2281/3956/8420 2501/3752/8418
f 2501/3752/8418 2281/3956/8420 2166/3605/8421 2282/3957/8422
f 2387/3845/8226 2501/3752/8418 2282/3957/8422 2206/3650/8223
f 2201/3644/8419 2283/3958/8423 2502/3753/8424 2281/3956/8420
f 2283/3958/8423 2220/3666/8425 2284/3959/8426 2502/3753/8424
f 2502/3753/8424 2284/3959/8426 2221/3667/8427 2285/3960/8428
f 2281/3956/8420 2502/3753/8424 2285/3960/8428 2166/3605/8421
f 2217/3662/8404 2286/3961/8429 2503/3754/8430 2288/3963/8431
f 2286/3961/8429 2221/3667/8427 2287/3962/8432 2503/3754/8430
f 2503/3754/8430 2287/3962/8432 2178/3618/8291 2421/3882/8294
f 2288/3963/8431 2503/3754/8430 2421/3882/8294 2133/3570/8277
f 2145/3583/8210 2388/3846/8230 2504/3755/8433 2270/3943/8400
f 2388/3846/8230 2206/3650/8223 2282/3957/8422 2504/3755/8433
f 2504/3755/8433 2282/3957/8422 2166/3605/8421 2289/3964/8434
f 2270/3943/8400 2504/3755/8433 2289/3964/8434 2202/3645/8401
f 2147/3586/8245 2290/3965/8435 2505/3756/8436 2396/3854/8246
f 2290/3965/8435 2204/3648/8437 2291/3966/8438 2505/3756/8436
f 2505/3756/8436 2291/3966/8438 2167/3606/8439 2292/3967/8440
f 2396/3854/8246 2505/3756/8436 2292/3967/8440 2207/3651/8247
f 2204/3648/8437 2293/3968/8441 2506/3757/8442 2291/3966/8438
f 2293/3968/8441 2222/3668/8443 2294/3969/8444 2506/3757/8442
f 2506/3757/8442 2294/3969/8444 2223/3669/8445 2295/3970/8446
f 2291/3966/8438 2506/3757/8442 2295/3970/8446 2167/3606/8439
f 2179/3619/8311 2431/3894/8314 2507/3758/8447 2298/3973/8448
f 2431/3894/8314 2134/3571/8299 2296/3971/8449 2507/3758/8447
f 2507/3758/8447 2296/3971/8449 2220/3666/8425 2297/3972/8450
f 2298/3973/8448 2507/3758/8447 2297/3972/8450 2223/3669/8445
f 2167/3606/8439 2299/3974/8451 2508/3759/8452 2292/3967/8440
f 2299/3974/8451 2201/3644/8419 2280/3955/8417 2508/3759/8452
f 2508/3759/8452 2280/3955/8417 2144/3582/8228 2398/3856/8249
f 2292/3967/8440 2508/3759/8452 2398/3856/8249 2207/3651/8247
f 2146/3585/8214 2279/3954/8414 2509/3760/8453 2404/3862/8261
f 2279/3954/8414 2203/3647/8416 2300/3975/8454 2509/3760/8453
f 2509/3760/8453 2300/3975/8454 2168/3607/8455 2301/3976/8456
f 2404/3862/8261 2509/3760/8453 2301/3976/8456 2208/3652/8262
f 2224/3670/8457 2302/3977/8458 2510/3761/8459 2304/3980/8460
f 2302/3977/8458 2168/3607/8455 2300/3975/8454 2510/3761/8459
f 2510/3761/8459 2300/3975/8454 2203/3647/8416 2303/3978/8461
f 2304/3980/8460 2510/3761/8459 2303/3978/8461 2219/3665/8408
f 2180/3620/8334 2235/3904/8333 2511/3762/8462 2307/3983/8463
f 2235/3904/8333 2135/3572/8322 2305/3981/8464 2511/3762/8462
f 2511/3762/8462 2305/3981/8464 2222/3668/8443 2306/3982/8465
f 2307/3983/8463 2511/3762/8462 2306/3982/8465 2224/3670/8457
f 2168/3607/8455 2308/3984/8466 2512/3763/8467 2301/3976/8456
f 2308/3984/8466 2204/3648/8437 2290/3965/8435 2512/3763/8467
f 2512/3763/8467 2290/3965/8435 2147/3586/8245 2406/3864/8264
f 2301/3976/8456 2512/3763/8467 2406/3864/8264 2208/3652/8262
f 2209/3653/8270 2309/3985/8468 2513/3764/8469 2408/3866/8271
f 2309/3985/8468 2157/3596/8470 2310/3986/8471 2513/3764/8469
f 2513/3764/8469 2310/3986/8471 2189/3630/8472 2311/3987/8473
f 2408/3866/8271 2513/3764/8469 2311/3987/8473 2210/3654/8272
f 2209/3653/8270 2413/3872/8280 2514/3765/8474 2309/3985/8468
f 2413/3872/8280 2211/3656/8279 2312/3989/8475 2514/3765/8474
f 2514/3765/8474 2312/3989/8475 2190/3632/8476 2313/3990/8477
f 2309/3985/8468 2514/3765/8474 2313/3990/8477 2157/3596/8470
f 2212/3657/8295 2314/3991/8478 2515/3766/8479 2420/3881/8296
f 2314/3991/8478 2158/3597/8480 2315/3992/8481 2515/3766/8479
f 2515/3766/8479 2315/3992/8481 2190/3632/8476 2312/3989/8475
f 2420/3881/8296 2515/3766/8479 2312/3989/8475 2211/3656/8279
f 2212/3657/8295 2424/3885/8302 2516/3767/8482 2314/3991/8478
f 2424/3885/8302 2213/3658/8301 2316/3993/8483 2516/3767/8482
f 2516/3767/8482 2316/3993/8483 2191/3633/8484 2317/3994/8485
f 2314/3991/8478 2516/3767/8482 2317/3994/8485 2158/3597/8480
f 2214/3659/8315 2318/3995/8486 2517/3768/8487 2430/3893/8316
f 2318/3995/8486 2159/3598/8488 2319/3996/8489 2517/3768/8487
f 2517/3768/8487 2319/3996/8489 2191/3633/8484 2316/3993/8483
f 2430/3893/8316 2517/3768/8487 2316/3993/8483 2213/3658/8301
f 2192/3634/8490 2320/3997/8491 2518/3769/8492 2321/3998/8493
f 2320/3997/8491 2159/3598/8488 2318/3995/8486 2518/3769/8492
f 2518/3769/8492 2318/3995/8486 2214/3659/8315 2432/3895/8318
f 2321/3998/8493 2518/3769/8492 2432/3895/8318 2215/3660/8317
f 2192/3634/8490 2321/3998/8493 2519/3770/8494 2323/4000/8495
f 2321/3998/8493 2215/3660/8317 2237/3906/8332 2519/3770/8494
f 2519/3770/8494 2237/3906/8332 2216/3661/8336 2322/3999/8496
f 2323/4000/8495 2519/3770/8494 2322/3999/8496 2160/3599/8497
f 2189/3631/8472 2324/4001/8498 2520/3771/8499 2311/3988/8473
f 2324/4001/8498 2160/3599/8497 2322/3999/8496 2520/3771/8499
f 2520/3771/8499 2322/3999/8496 2216/3661/8336 2238/3907/8337
f 2311/3988/8473 2520/3771/8499 2238/3907/8337 2210/3655/8272
f 2217/3662/8404 2288/3963/8431 2521/3772/8500 2273/3946/8405
f 2288/3963/8431 2133/3570/8277 2411/3870/8275 2521/3772/8500
f 2521/3772/8500 2411/3870/8275 2177/3617/8266 2276/3949/8412
f 2273/3946/8405 2521/3772/8500 2276/3949/8412 2218/3663/8406
f 2203/3646/8416 2278/3952/8415 2522/3773/8501 2303/3979/8461
f 2278/3952/8415 2165/3604/8396 2274/3947/8407 2522/3773/8501
f 2522/3773/8501 2274/3947/8407 2218/3663/8406 2275/3948/8409
f 2303/3979/8461 2522/3773/8501 2275/3948/8409 2219/3664/8408
f 2220/3666/8425 2296/3971/8449 2523/3774/8502 2284/3959/8426
f 2296/3971/8449 2134/3571/8299 2422/3883/8297 2523/3774/8502
f 2523/3774/8502 2422/3883/8297 2178/3618/8291 2287/3962/8432
f 2284/3959/8426 2523/3774/8502 2287/3962/8432 2221/3667/8427
f 2202/3645/8401 2289/3964/8434 2524/3775/8503 2272/3945/8402
f 2289/3964/8434 2166/3605/8421 2285/3960/8428 2524/3775/8503
f 2524/3775/8503 2285/3960/8428 2221/3667/8427 2286/3961/8429
f 2272/3945/8402 2524/3775/8503 2286/3961/8429 2217/3662/8404
f 2222/3668/8443 2305/3981/8464 2525/3776/8504 2294/3969/8444
f 2305/3981/8464 2135/3572/8322 2433/3896/8321 2525/3776/8504
f 2525/3776/8504 2433/3896/8321 2179/3619/8311 2298/3973/8448
f 2294/3969/8444 2525/3776/8504 2298/3973/8448 2223/3669/8445
f 2223/3669/8445 2297/3972/8450 2526/3777/8505 2295/3970/8446
f 2297/3972/8450 2220/3666/8425 2283/3958/8423 2526/3777/8505
f 2526/3777/8505 2283/3958/8423 2201/3644/8419 2299/3974/8451
f 2295/3970/8446 2526/3777/8505 2299/3974/8451 2167/3606/8439
f 2180/3620/8334 2307/3983/8463 2527/3778/8506 2239/3908/8339
f 2307/3983/8463 2224/3670/8457 2304/3980/8460 2527/3778/8506
f 2527/3778/8506 2304/3980/8460 2219/3665/8408 2277/3951/8411
f 2239/3908/8339 2527/3778/8506 2277/3951/8411 2132/3569/8274
f 2224/3670/8457 2306/3982/8465 2528/3779/8507 2302/3977/8458
f 2306/3982/8465 2222/3668/8443 2293/3968/8441 2528/3779/8507
f 2528/3779/8507 2293/3968/8441 2204/3648/8437 2308/3984/8466
f 2302/3977/8458 2528/3779/8507 2308/3984/8466 2168/3607/8455
f 2157/3596/8470 2313/3990/8477 2529/3780/8508 2326/4003/8509
f 2313/3990/8477 2190/3632/8476 2325/4002/8510 2529/3780/8508
f 2529/3780/8508 2325/4002/8510 2226/3674/8286 2415/3875/8285
f 2326/4003/8509 2529/3780/8508 2415/3875/8285 2225/3672/8284
f 2227/3677/8290 2327/4004/8511 2530/3781/8512 2418/3879/8288
f 2327/4004/8511 2189/3630/8472 2310/3986/8471 2530/3781/8512
f 2530/3781/8512 2310/3986/8471 2157/3596/8470 2326/4003/8509
f 2418/3879/8288 2530/3781/8512 2326/4003/8509 2225/3672/8284
f 2158/3597/8480 2317/3994/8485 2531/3782/8513 2329/4007/8514
f 2317/3994/8485 2191/3633/8484 2328/4006/8515 2531/3782/8513
f 2531/3782/8513 2328/4006/8515 2229/3681/8308 2426/3888/8307
f 2329/4007/8514 2531/3782/8513 2426/3888/8307 2228/3679/8306
f 2158/3597/8480 2329/4007/8514 2532/3783/8516 2315/3992/8481
f 2329/4007/8514 2228/3679/8306 2428/3891/8310 2532/3783/8516
f 2532/3783/8516 2428/3891/8310 2226/3674/8286 2325/4002/8510
f 2315/3992/8481 2532/3783/8516 2325/4002/8510 2190/3632/8476
f 2231/3685/8327 2435/3899/8324 2533/3784/8517 2331/4009/8518
f 2435/3899/8324 2230/3683/8323 2330/4008/8519 2533/3784/8517
f 2533/3784/8517 2330/4008/8519 2159/3598/8488 2320/3997/8491
f 2331/4009/8518 2533/3784/8517 2320/3997/8491 2192/3634/8490
f 2229/3681/8308 2328/4006/8515 2534/3785/8520 2234/3903/8330
f 2328/4006/8515 2191/3633/8484 2319/3996/8489 2534/3785/8520
f 2534/3785/8520 2319/3996/8489 2159/3598/8488 2330/4008/8519
f 2234/3903/8330 2534/3785/8520 2330/4008/8519 2230/3683/8323
f 2227/3676/8290 2240/3910/8341 2535/3786/8521 2327/4005/8511
f 2240/3910/8341 2232/3687/8340 2332/4010/8522 2535/3786/8521
f 2535/3786/8521 2332/4010/8522 2160/3599/8497 2324/4001/8498
f 2327/4005/8511 2535/3786/8521 2324/4001/8498 2189/3631/8472
f 2231/3685/8327 2331/4009/8518 2536/3787/8523 2242/3913/8345
f 2331/4009/8518 2192/3634/8490 2323/4000/8495 2536/3787/8523
f 2536/3787/8523 2323/4000/8495 2160/3599/8497 2332/4010/8522
f 2242/3913/8345 2536/3787/8523 2332/4010/8522 2232/3687/8340
g default
v 0.474254 35.183704 0.041492
v 0.431462 35.183704 -0.201194
v 0.273060 35.183704 -0.389970
v 0.041492 35.183704 -0.474254
v -0.201194 35.183704 -0.431462
v -0.389970 35.183704 -0.273060
v -0.474254 35.183704 -0.041492
v -0.431462 35.183704 0.201194
v -0.273060 35.183704 0.389970
v -0.041492 35.183704 0.474254
v 0.201194 35.183704 0.431462
v 0.389970 35.183704 0.273060
v 0.474254 35.727034 0.041492
v 0.431462 35.727034 -0.201194
v 0.273060 35.727034 -0.389970
v 0.041492 35.727034 -0.474254
v -0.201194 35.727034 -0.431462
v -0.389970 35.727034 -0.273060
v -0.474254 35.727034 -0.041492
v -0.431462 35.727034 0.201194
v -0.273060 35.727034 0.389970
v -0.041492 35.727034 0.474254
v 0.201194 35.727034 0.431462
v 0.389970 35.727034 0.273060
v 1.162029 36.067868 0.101664
v 1.057179 36.067868 -0.492970
v 0.669058 36.067868 -0.955514
v 0.101664 36.067868 -1.162028
v -0.492970 36.067868 -1.057179
v -0.955514 36.067868 -0.669058
v -1.162029 36.067868 -0.101665
v -1.057178 36.067868 0.492970
v -0.669059 36.067868 0.955514
v -0.101665 36.067868 1.162029
v 0.492970 36.067868 1.057179
v 0.955514 36.067868 0.669059
v 1.272731 36.298971 0.111349
v 1.157892 36.298971 -0.539934
v 0.732797 36.298971 -1.046542
v 0.111350 36.298971 -1.272731
v -0.539934 36.298971 -1.157892
v -1.046542 36.298971 -0.732797
v -1.272730 36.298971 -0.111350
v -1.157892 36.298971 0.539933
v -0.732797 36.298971 1.046542
v -0.111350 36.298971 1.272731
v 0.539933 36.298971 1.157892
v 1.046542 36.298971 0.732797
v -0.517105 35.876745 0.738502
v -0.817077 35.876745 0.381009
v -0.898114 35.876745 -0.078575
v -0.738502 35.876745 -0.517105
v -0.381009 35.876745 -0.817077
v 0.078575 35.876745 -0.898114
v 0.517105 35.876745 -0.738502
v 0.817077 35.876745 -0.381009
v 0.898114 35.876745 0.078575
v 0.738502 35.876745 0.517105
v 0.381009 35.876745 0.817077
v -0.078575 35.876745 0.898114
v 1.297358 36.500870 0.113504
v 1.180297 36.500870 -0.550381
v 0.746976 36.500870 -1.066793
v 0.113504 36.500870 -1.297358
v -0.550381 36.500870 -1.180297
v -1.066792 36.500870 -0.746977
v -1.297358 36.500870 -0.113505
v -1.180297 36.500870 0.550381
v -0.746977 36.500870 1.066793
v -0.113505 36.500870 1.297358
v 0.550381 36.500870 1.180297
v 1.066793 36.500870 0.746977
v 1.070024 40.939820 0.093615
v 0.973475 40.939820 -0.453939
v 0.616085 40.939820 -0.879861
v 0.093615 40.939820 -1.070024
v -0.453939 40.939820 -0.973476
v -0.879860 40.939820 -0.616085
v -1.070024 40.939820 -0.093615
v -0.973475 40.939820 0.453939
v -0.616085 40.939820 0.879860
v -0.093615 40.939820 1.070024
v 0.453938 40.939820 0.973475
v 0.879860 40.939820 0.616085
v -1.081950 39.375249 0.504521
v -1.189256 39.375249 -0.104047
v -0.977903 39.375249 -0.684735
v -0.504521 39.375249 -1.081950
v 0.104047 39.375249 -1.189256
v 0.684735 39.375249 -0.977903
v 1.081950 39.375249 -0.504521
v 1.189256 39.375249 0.104046
v 0.977903 39.375249 0.684736
v 0.504521 39.375249 1.081950
v -0.104047 39.375249 1.189256
v -0.684735 39.375249 0.977903
v 0.975631 40.939820 0.085357
v 0.887600 40.939820 -0.413895
v 0.561737 40.939820 -0.802244
v 0.085357 40.939820 -0.975631
v -0.413894 40.939820 -0.887600
v -0.802243 40.939820 -0.561737
v -0.975631 40.939820 -0.085357
v -0.887600 40.939820 0.413894
v -0.561737 40.939820 0.802243
v -0.085357 40.939820 0.975631
v 0.413894 40.939820 0.887600
v 0.802243 40.939820 0.561737
vt 0.230215 0.984995
vt 0.233164 0.984995
vt 0.235321 0.984995
vt 0.238270 0.984995
vt 0.238270 0.991725
vt 0.235321 0.991725
vt 0.243376 0.984995
vt 0.246324 0.984995
vt 0.251430 0.984995
vt 0.254378 0.984995
vt 0.254378 0.991725
vt 0.251430 0.991725
vt 0.320595 0.736557
vt 0.323418 0.736639
vt 0.324664 0.741831
vt 0.319106 0.741689
vt 0.325907 0.735330
vt 0.329567 0.739241
vt 0.327400 0.732973
vt 0.332520 0.734535
vt 0.327501 0.730184
vt 0.332712 0.728975
vt 0.326187 0.727716
vt 0.330097 0.724061
vt 0.241218 0.984995
vt 0.323815 0.726231
vt 0.772831 0.546874
vt 0.772831 0.617418
vt 0.775821 0.617418
vt 0.775821 0.546874
vt 0.772831 0.611005
vt 0.775821 0.611005
vt 0.772831 0.604592
vt 0.775821 0.604592
vt 0.772831 0.598179
vt 0.775821 0.598179
vt 0.772831 0.591766
vt 0.775821 0.591766
vt 0.772831 0.585353
vt 0.775821 0.585353
vt 0.772831 0.578940
vt 0.775821 0.578940
vt 0.772831 0.572527
vt 0.775821 0.572527
vt 0.772831 0.566113
vt 0.775821 0.566113
vt 0.772831 0.559700
vt 0.775821 0.559700
vt 0.772831 0.553288
vt 0.775821 0.553288
vt 0.778433 0.617418
vt 0.778433 0.546874
vt 0.325376 0.721111
vt 0.321018 0.726129
vt 0.319811 0.720915
vt 0.318545 0.727441
vt 0.314892 0.723532
vt 0.317056 0.729818
vt 0.311938 0.728258
vt 0.316949 0.732620
vt 0.311736 0.733835
vt 0.318245 0.735095
vt 0.314344 0.738773
vt 0.325778 0.745506
vt 0.318266 0.745404
vt 0.778433 0.611005
vt 0.778433 0.604592
vt 0.778433 0.598179
vt 0.778433 0.591766
vt 0.778433 0.585353
vt 0.778433 0.578940
vt 0.778433 0.572527
vt 0.778433 0.566113
vt 0.778433 0.559700
vt 0.778433 0.553288
vt 0.815616 0.617418
vt 0.815616 0.546874
vt 0.815616 0.611005
vt 0.815616 0.604592
vt 0.815616 0.598179
vt 0.815616 0.591766
vt 0.815616 0.585353
vt 0.815616 0.578940
vt 0.815616 0.572527
vt 0.815616 0.566113
vt 0.815616 0.559700
vt 0.815616 0.553288
vt 0.835855 0.617418
vt 0.835855 0.546874
vt 0.835855 0.611005
vt 0.835855 0.604592
vt 0.835855 0.598179
vt 0.835855 0.591766
vt 0.835855 0.585353
vt 0.835855 0.578940
vt 0.835855 0.572527
vt 0.835855 0.566113
vt 0.835855 0.559700
vt 0.835855 0.553288
vt 0.338516 0.756468
vt 0.341930 0.750787
vt 0.342715 0.751599
vt 0.339602 0.756780
vt 0.347727 0.747574
vt 0.348000 0.748670
vt 0.354354 0.747690
vt 0.354043 0.748776
vt 0.360035 0.751103
vt 0.359223 0.751888
vt 0.363249 0.756900
vt 0.362153 0.757173
vt 0.363133 0.763527
vt 0.233164 0.991725
vt 0.230215 0.991725
vt 0.227267 0.984995
vt 0.227267 0.991725
vt 0.246324 0.991725
vt 0.243376 0.991725
vt 0.249272 0.984995
vt 0.249272 0.991725
vt 0.241218 0.991725
vt 0.257326 0.984995
vt 0.257326 0.991725
vt 0.259485 0.984995
vt 0.259485 0.991725
vt 0.362047 0.763216
vt 0.359719 0.769208
vt 0.358935 0.768396
vt 0.353922 0.772422
vt 0.353649 0.771326
vt 0.347295 0.772306
vt 0.347606 0.771220
vt 0.341614 0.768893
vt 0.342427 0.768108
vt 0.338400 0.763095
vt 0.339497 0.762822
vt 0.332355 0.741860
vt 0.336234 0.735407
vt 0.336364 0.727874
vt 0.332711 0.721282
vt 0.326250 0.717398
vt 0.318711 0.717265
vt 0.312114 0.720920
vt 0.308225 0.727389
vt 0.308091 0.734940
vt 0.311766 0.741543
vt 0.772831 0.540461
vt 0.775821 0.540461
vt 0.775821 0.540461
vt 0.778433 0.540461
vt 0.778433 0.540461
vt 0.815616 0.540461
vt 0.815616 0.540461
vt 0.835855 0.540461
vn 0.996195 0.000000 0.087156
vn 0.906308 0.000000 -0.422618
vn 0.906308 0.000000 -0.422618
vn 0.996195 0.000000 0.087156
vn 0.906308 0.000000 -0.422618
vn 0.573576 0.000000 -0.819152
vn 0.573576 0.000000 -0.819152
vn 0.906308 0.000000 -0.422618
vn 0.087156 0.000000 -0.996195
vn 0.087156 0.000000 -0.996195
vn 0.573576 0.000000 -0.819152
vn 0.573576 0.000000 -0.819152
vn -0.422618 0.000000 -0.906308
vn -0.422618 0.000000 -0.906308
vn 0.087156 0.000000 -0.996195
vn 0.087156 0.000000 -0.996195
vn -0.422618 0.000000 -0.906308
vn -0.819152 0.000000 -0.573577
vn -0.819152 0.000000 -0.573577
vn -0.422618 0.000000 -0.906308
vn -0.996195 0.000000 -0.087156
vn -0.996195 0.000000 -0.087156
vn -0.819152 0.000000 -0.573577
vn -0.819152 0.000000 -0.573577
vn -0.996195 0.000000 -0.087156
vn -0.906308 0.000000 0.422618
vn -0.906308 0.000000 0.422618
vn -0.996195 0.000000 -0.087156
vn -0.906308 0.000000 0.422618
vn -0.573577 0.000000 0.819152
vn -0.573577 0.000000 0.819152
vn -0.906308 0.000000 0.422618
vn -0.087156 0.000000 0.996195
vn -0.087156 0.000000 0.996195
vn -0.573577 0.000000 0.819152
vn -0.573577 0.000000 0.819152
vn 0.422618 0.000000 0.906308
vn 0.422618 0.000000 0.906308
vn -0.087156 0.000000 0.996195
vn -0.087156 0.000000 0.996195
vn 0.819152 0.000000 0.573577
vn 0.819152 0.000000 0.573577
vn 0.422618 0.000000 0.906308
vn 0.422618 0.000000 0.906308
vn 0.996195 0.000000 0.087156
vn 0.996195 0.000000 0.087156
vn 0.819152 0.000000 0.573577
vn 0.819152 0.000000 0.573577
vn 0.300820 -0.943308 -0.140275
vn 0.436372 -0.876455 -0.203484
vn 0.479651 -0.876455 0.041964
vn 0.330655 -0.943308 0.028929
vn 0.300820 -0.943308 -0.140275
vn 0.190381 -0.943308 -0.271892
vn 0.276168 -0.876455 -0.394408
vn 0.436372 -0.876455 -0.203484
vn 0.190381 -0.943308 -0.271892
vn 0.028929 -0.943308 -0.330655
vn 0.041964 -0.876455 -0.479652
vn 0.276168 -0.876455 -0.394408
vn 0.041964 -0.876455 -0.479652
vn 0.028929 -0.943308 -0.330655
vn -0.140275 -0.943308 -0.300820
vn -0.203484 -0.876455 -0.436373
vn -0.140275 -0.943308 -0.300820
vn -0.271892 -0.943308 -0.190381
vn -0.394408 -0.876455 -0.276168
vn -0.203484 -0.876455 -0.436373
vn -0.330655 -0.943308 -0.028929
vn -0.479652 -0.876455 -0.041964
vn -0.394408 -0.876455 -0.276168
vn -0.271892 -0.943308 -0.190381
vn -0.330655 -0.943308 -0.028929
vn -0.300820 -0.943308 0.140275
vn -0.436373 -0.876455 0.203484
vn -0.479652 -0.876455 -0.041964
vn -0.436373 -0.876455 0.203484
vn -0.300820 -0.943308 0.140275
vn -0.190381 -0.943308 0.271892
vn -0.276168 -0.876455 0.394408
vn -0.190381 -0.943308 0.271892
vn -0.028929 -0.943308 0.330656
vn -0.041964 -0.876455 0.479651
vn -0.276168 -0.876455 0.394408
vn 0.140275 -0.943308 0.300820
vn 0.203483 -0.876455 0.436372
vn -0.041964 -0.876455 0.479651
vn -0.028929 -0.943308 0.330656
vn 0.271892 -0.943308 0.190381
vn 0.394408 -0.876455 0.276168
vn 0.203483 -0.876455 0.436372
vn 0.140275 -0.943308 0.300820
vn 0.479651 -0.876455 0.041964
vn 0.394408 -0.876455 0.276168
vn 0.271892 -0.943308 0.190381
vn 0.330655 -0.943308 0.028929
vn 0.709247 -0.622566 -0.330727
vn 0.871570 -0.274205 -0.406420
vn 0.958012 -0.274205 0.083815
vn 0.779590 -0.622566 0.068205
vn 0.551592 -0.274205 -0.787755
vn 0.871570 -0.274205 -0.406420
vn 0.709247 -0.622566 -0.330727
vn 0.448862 -0.622566 -0.641042
vn 0.448862 -0.622566 -0.641042
vn 0.068205 -0.622566 -0.779589
vn 0.083815 -0.274206 -0.958012
vn 0.551592 -0.274205 -0.787755
vn -0.330727 -0.622566 -0.709247
vn -0.406420 -0.274205 -0.871570
vn 0.083815 -0.274206 -0.958012
vn 0.068205 -0.622566 -0.779589
vn -0.787755 -0.274205 -0.551592
vn -0.406420 -0.274205 -0.871570
vn -0.330727 -0.622566 -0.709247
vn -0.641042 -0.622566 -0.448862
vn -0.641042 -0.622566 -0.448862
vn -0.779590 -0.622566 -0.068206
vn -0.958012 -0.274206 -0.083816
vn -0.787755 -0.274205 -0.551592
vn -0.709247 -0.622566 0.330727
vn -0.871570 -0.274205 0.406419
vn -0.958012 -0.274206 -0.083816
vn -0.779590 -0.622566 -0.068206
vn -0.448863 -0.622566 0.641041
vn -0.551592 -0.274205 0.787755
vn -0.871570 -0.274205 0.406419
vn -0.709247 -0.622566 0.330727
vn -0.448863 -0.622566 0.641041
vn -0.068206 -0.622566 0.779589
vn -0.083816 -0.274205 0.958012
vn -0.551592 -0.274205 0.787755
vn 0.330727 -0.622566 0.709247
vn 0.406419 -0.274205 0.871570
vn -0.083816 -0.274205 0.958012
vn -0.068206 -0.622566 0.779589
vn 0.641042 -0.622566 0.448863
vn 0.787755 -0.274205 0.551592
vn 0.406419 -0.274205 0.871570
vn 0.330727 -0.622566 0.709247
vn 0.958012 -0.274205 0.083815
vn 0.787755 -0.274205 0.551592
vn 0.641042 -0.622566 0.448863
vn 0.779590 -0.622566 0.068205
vn 0.436372 -0.876455 -0.203484
vn 0.709247 -0.622566 -0.330727
vn 0.779590 -0.622566 0.068205
vn 0.479651 -0.876455 0.041964
vn 0.448862 -0.622566 -0.641042
vn 0.709247 -0.622566 -0.330727
vn 0.436372 -0.876455 -0.203484
vn 0.276168 -0.876455 -0.394408
vn 0.276168 -0.876455 -0.394408
vn 0.041964 -0.876455 -0.479652
vn 0.068205 -0.622566 -0.779589
vn 0.448862 -0.622566 -0.641042
vn 0.068205 -0.622566 -0.779589
vn 0.041964 -0.876455 -0.479652
vn -0.203484 -0.876455 -0.436373
vn -0.330727 -0.622566 -0.709247
vn -0.641042 -0.622566 -0.448862
vn -0.330727 -0.622566 -0.709247
vn -0.203484 -0.876455 -0.436373
vn -0.394408 -0.876455 -0.276168
vn -0.479652 -0.876455 -0.041964
vn -0.779590 -0.622566 -0.068206
vn -0.641042 -0.622566 -0.448862
vn -0.394408 -0.876455 -0.276168
vn -0.479652 -0.876455 -0.041964
vn -0.436373 -0.876455 0.203484
vn -0.709247 -0.622566 0.330727
vn -0.779590 -0.622566 -0.068206
vn -0.709247 -0.622566 0.330727
vn -0.436373 -0.876455 0.203484
vn -0.276168 -0.876455 0.394408
vn -0.448863 -0.622566 0.641041
vn -0.068206 -0.622566 0.779589
vn -0.448863 -0.622566 0.641041
vn -0.276168 -0.876455 0.394408
vn -0.041964 -0.876455 0.479651
vn 0.203483 -0.876455 0.436372
vn 0.330727 -0.622566 0.709247
vn -0.068206 -0.622566 0.779589
vn -0.041964 -0.876455 0.479651
vn 0.203483 -0.876455 0.436372
vn 0.394408 -0.876455 0.276168
vn 0.641042 -0.622566 0.448863
vn 0.330727 -0.622566 0.709247
vn 0.394408 -0.876455 0.276168
vn 0.479651 -0.876455 0.041964
vn 0.779590 -0.622566 0.068205
vn 0.641042 -0.622566 0.448863
vn 0.871570 -0.274205 -0.406420
vn 0.905527 -0.041498 -0.422254
vn 0.995337 -0.041498 0.087081
vn 0.958012 -0.274205 0.083815
vn 0.573082 -0.041498 -0.818447
vn 0.905527 -0.041498 -0.422254
vn 0.871570 -0.274205 -0.406420
vn 0.551592 -0.274205 -0.787755
vn 0.087081 -0.041498 -0.995337
vn 0.573082 -0.041498 -0.818447
vn 0.551592 -0.274205 -0.787755
vn 0.083815 -0.274206 -0.958012
vn -0.406420 -0.274205 -0.871570
vn -0.422254 -0.041498 -0.905527
vn 0.087081 -0.041498 -0.995337
vn 0.083815 -0.274206 -0.958012
vn -0.818446 -0.041498 -0.573082
vn -0.422254 -0.041498 -0.905527
vn -0.406420 -0.274205 -0.871570
vn -0.787755 -0.274205 -0.551592
vn -0.995337 -0.041498 -0.087081
vn -0.818446 -0.041498 -0.573082
vn -0.787755 -0.274205 -0.551592
vn -0.958012 -0.274206 -0.083816
vn -0.871570 -0.274205 0.406419
vn -0.905527 -0.041498 0.422254
vn -0.995337 -0.041498 -0.087081
vn -0.958012 -0.274206 -0.083816
vn -0.551592 -0.274205 0.787755
vn -0.573083 -0.041498 0.818446
vn -0.905527 -0.041498 0.422254
vn -0.871570 -0.274205 0.406419
vn -0.087081 -0.041498 0.995337
vn -0.573083 -0.041498 0.818446
vn -0.551592 -0.274205 0.787755
vn -0.083816 -0.274205 0.958012
vn 0.406419 -0.274205 0.871570
vn 0.422254 -0.041498 0.905527
vn -0.087081 -0.041498 0.995337
vn -0.083816 -0.274205 0.958012
vn 0.787755 -0.274205 0.551592
vn 0.818446 -0.041498 0.573083
vn 0.422254 -0.041498 0.905527
vn 0.406419 -0.274205 0.871570
vn 0.995337 -0.041498 0.087081
vn 0.818446 -0.041498 0.573083
vn 0.787755 -0.274205 0.551592
vn 0.958012 -0.274205 0.083815
vn 0.995337 -0.041498 0.087081
vn 0.905527 -0.041498 -0.422254
vn 0.904843 0.056831 -0.421935
vn 0.994585 0.056831 0.087015
vn 0.573082 -0.041498 -0.818447
vn 0.572649 0.056831 -0.817828
vn 0.904843 0.056831 -0.421935
vn 0.905527 -0.041498 -0.422254
vn 0.087081 -0.041498 -0.995337
vn 0.087015 0.056831 -0.994585
vn 0.572649 0.056831 -0.817828
vn 0.573082 -0.041498 -0.818447
vn 0.087081 -0.041498 -0.995337
vn -0.422254 -0.041498 -0.905527
vn -0.421935 0.056831 -0.904843
vn 0.087015 0.056831 -0.994585
vn -0.818446 -0.041498 -0.573082
vn -0.817828 0.056831 -0.572650
vn -0.421935 0.056831 -0.904843
vn -0.422254 -0.041498 -0.905527
vn -0.995337 -0.041498 -0.087081
vn -0.994585 0.056831 -0.087015
vn -0.817828 0.056831 -0.572650
vn -0.818446 -0.041498 -0.573082
vn -0.995337 -0.041498 -0.087081
vn -0.905527 -0.041498 0.422254
vn -0.904843 0.056831 0.421935
vn -0.994585 0.056831 -0.087015
vn -0.572650 0.056831 0.817828
vn -0.904843 0.056831 0.421935
vn -0.905527 -0.041498 0.422254
vn -0.573083 -0.041498 0.818446
vn -0.087081 -0.041498 0.995337
vn -0.087015 0.056831 0.994585
vn -0.572650 0.056831 0.817828
vn -0.573083 -0.041498 0.818446
vn -0.087081 -0.041498 0.995337
vn 0.422254 -0.041498 0.905527
vn 0.421935 0.056831 0.904843
vn -0.087015 0.056831 0.994585
vn 0.422254 -0.041498 0.905527
vn 0.818446 -0.041498 0.573083
vn 0.817828 0.056831 0.572650
vn 0.421935 0.056831 0.904843
vn 0.995337 -0.041498 0.087081
vn 0.994585 0.056831 0.087015
vn 0.817828 0.056831 0.572650
vn 0.818446 -0.041498 0.573083
vn 0.903668 0.076276 -0.421387
vn 0.993293 0.076276 0.086902
vn 0.994585 0.056831 0.087015
vn 0.904843 0.056831 -0.421935
vn 0.571905 0.076276 -0.816766
vn 0.903668 0.076276 -0.421387
vn 0.904843 0.056831 -0.421935
vn 0.572649 0.056831 -0.817828
vn 0.087015 0.056831 -0.994585
vn 0.086902 0.076276 -0.993293
vn 0.571905 0.076276 -0.816766
vn 0.572649 0.056831 -0.817828
vn -0.421387 0.076276 -0.903668
vn 0.086902 0.076276 -0.993293
vn 0.087015 0.056831 -0.994585
vn -0.421935 0.056831 -0.904843
vn -0.817828 0.056831 -0.572650
vn -0.816766 0.076276 -0.571905
vn -0.421387 0.076276 -0.903668
vn -0.421935 0.056831 -0.904843
vn -0.994585 0.056831 -0.087015
vn -0.993293 0.076276 -0.086902
vn -0.816766 0.076276 -0.571905
vn -0.817828 0.056831 -0.572650
vn -0.903668 0.076276 0.421387
vn -0.993293 0.076276 -0.086902
vn -0.994585 0.056831 -0.087015
vn -0.904843 0.056831 0.421935
vn -0.571906 0.076276 0.816765
vn -0.903668 0.076276 0.421387
vn -0.904843 0.056831 0.421935
vn -0.572650 0.056831 0.817828
vn -0.087015 0.056831 0.994585
vn -0.086902 0.076276 0.993293
vn -0.571906 0.076276 0.816765
vn -0.572650 0.056831 0.817828
vn 0.421387 0.076276 0.903668
vn -0.086902 0.076276 0.993293
vn -0.087015 0.056831 0.994585
vn 0.421935 0.056831 0.904843
vn 0.816765 0.076276 0.571906
vn 0.421387 0.076276 0.903668
vn 0.421935 0.056831 0.904843
vn 0.817828 0.056831 0.572650
vn 0.994585 0.056831 0.087015
vn 0.993293 0.076276 0.086902
vn 0.816765 0.076276 0.571906
vn 0.817828 0.056831 0.572650
vn -0.000004 1.000000 0.000002
vn -0.000004 1.000000 0.000002
vn -0.000004 1.000000 -0.000000
vn -0.000004 1.000000 -0.000000
vn -0.000002 1.000000 0.000003
vn -0.000004 1.000000 0.000002
vn -0.000004 1.000000 0.000002
vn -0.000002 1.000000 0.000003
vn -0.000000 1.000000 0.000004
vn -0.000000 1.000000 0.000004
vn -0.000002 1.000000 0.000003
vn -0.000002 1.000000 0.000003
vn -0.000000 1.000000 0.000004
vn 0.000002 1.000000 0.000004
vn 0.000002 1.000000 0.000004
vn -0.000000 1.000000 0.000004
vn 0.000003 1.000000 0.000002
vn 0.000003 1.000000 0.000002
vn 0.000002 1.000000 0.000004
vn 0.000002 1.000000 0.000004
vn 0.000004 1.000000 0.000000
vn 0.000003 1.000000 0.000002
vn 0.000003 1.000000 0.000002
vn 0.000004 1.000000 0.000000
vn 0.000004 1.000000 -0.000002
vn 0.000004 1.000000 -0.000002
vn 0.000004 1.000000 0.000000
vn 0.000004 1.000000 0.000000
vn 0.000002 1.000000 -0.000003
vn 0.000002 1.000000 -0.000003
vn 0.000004 1.000000 -0.000002
vn 0.000004 1.000000 -0.000002
vn 0.000002 1.000000 -0.000003
vn 0.000000 1.000000 -0.000004
vn 0.000000 1.000000 -0.000004
vn 0.000002 1.000000 -0.000003
vn 0.000000 1.000000 -0.000004
vn 0.000000 1.000000 -0.000004
vn -0.000002 1.000000 -0.000004
vn -0.000002 1.000000 -0.000004
vn -0.000002 1.000000 -0.000004
vn -0.000003 1.000000 -0.000002
vn -0.000003 1.000000 -0.000002
vn -0.000002 1.000000 -0.000004
vn -0.000004 1.000000 -0.000000
vn -0.000004 1.000000 -0.000000
vn -0.000003 1.000000 -0.000002
vn -0.000003 1.000000 -0.000002
s off
g SM_Lamp_Modern_01 socket_low
usemtl base_lowSG
f 2537/4011/8524 2538/4012/8525 2550/4123/8526 2549/4124/8527
f 2538/4012/8528 2539/4013/8529 2551/4016/8530 2550/4123/8531
f 2540/4014/8532 2552/4015/8533 2551/4016/8534 2539/4013/8535
f 2541/4035/8536 2553/4131/8537 2552/4015/8538 2540/4014/8539
f 2541/4035/8540 2542/4017/8541 2554/4128/8542 2553/4131/8543
f 2543/4018/8544 2555/4127/8545 2554/4128/8546 2542/4017/8547
f 2543/4018/8548 2544/4129/8549 2556/4130/8550 2555/4127/8551
f 2544/4129/8552 2545/4019/8553 2557/4022/8554 2556/4130/8555
f 2546/4020/8556 2558/4021/8557 2557/4022/8558 2545/4019/8559
f 2547/4132/8560 2559/4133/8561 2558/4021/8562 2546/4020/8563
f 2548/4134/8564 2560/4135/8565 2559/4133/8566 2547/4132/8567
f 2537/4011/8568 2549/4124/8569 2560/4126/8570 2548/4125/8571
f 2550/4024/8572 2592/4025/8573 2593/4026/8574 2549/4023/8575
f 2550/4024/8576 2551/4027/8577 2591/4028/8578 2592/4025/8579
f 2551/4027/8580 2552/4029/8581 2590/4030/8582 2591/4028/8583
f 2590/4030/8584 2552/4029/8585 2553/4031/8586 2589/4032/8587
f 2553/4031/8588 2554/4033/8589 2588/4034/8590 2589/4032/8591
f 2555/4036/8592 2587/4063/8593 2588/4034/8594 2554/4033/8595
f 2555/4036/8596 2556/4064/8597 2586/4065/8598 2587/4063/8599
f 2586/4065/8600 2556/4064/8601 2557/4066/8602 2585/4067/8603
f 2557/4066/8604 2558/4068/8605 2596/4069/8606 2585/4067/8607
f 2559/4070/8608 2595/4071/8609 2596/4069/8610 2558/4068/8611
f 2560/4072/8612 2594/4073/8613 2595/4071/8614 2559/4070/8615
f 2593/4026/8616 2594/4073/8617 2560/4072/8618 2549/4023/8619
f 2562/4157/8620 2574/4158/8621 2573/4040/8622 2561/4037/8623
f 2575/4042/8624 2574/4039/8625 2562/4038/8626 2563/4041/8627
f 2563/4041/8628 2564/4043/8629 2576/4044/8630 2575/4042/8631
f 2565/4045/8632 2577/4046/8633 2576/4044/8634 2564/4043/8635
f 2578/4048/8636 2577/4046/8637 2565/4045/8638 2566/4047/8639
f 2566/4047/8640 2567/4049/8641 2579/4050/8642 2578/4048/8643
f 2568/4051/8644 2580/4052/8645 2579/4050/8646 2567/4049/8647
f 2569/4053/8648 2581/4054/8649 2580/4052/8650 2568/4051/8651
f 2569/4053/8652 2570/4055/8653 2582/4056/8654 2581/4054/8655
f 2571/4057/8656 2583/4058/8657 2582/4056/8658 2570/4055/8659
f 2572/4059/8660 2584/4060/8661 2583/4058/8662 2571/4057/8663
f 2573/4040/8664 2584/4060/8665 2572/4059/8666 2561/4037/8667
f 2592/4025/8668 2562/4074/8669 2561/4075/8670 2593/4026/8671
f 2563/4147/8672 2562/4074/8673 2592/4025/8674 2591/4028/8675
f 2591/4028/8676 2590/4030/8677 2564/4148/8678 2563/4147/8679
f 2564/4148/8680 2590/4030/8681 2589/4032/8682 2565/4149/8683
f 2566/4150/8684 2565/4149/8685 2589/4032/8686 2588/4034/8687
f 2587/4063/8688 2567/4151/8689 2566/4150/8690 2588/4034/8691
f 2587/4063/8692 2586/4065/8693 2568/4152/8694 2567/4151/8695
f 2568/4152/8696 2586/4065/8697 2585/4067/8698 2569/4153/8699
f 2570/4154/8700 2569/4153/8701 2585/4067/8702 2596/4069/8703
f 2595/4071/8704 2571/4155/8705 2570/4154/8706 2596/4069/8707
f 2595/4071/8708 2594/4073/8709 2572/4156/8710 2571/4155/8711
f 2594/4073/8712 2593/4026/8713 2561/4075/8714 2572/4156/8715
f 2574/4159/8716 2598/4160/8717 2597/4062/8718 2573/4040/8719
f 2599/4076/8720 2598/4061/8721 2574/4039/8722 2575/4042/8723
f 2600/4077/8724 2599/4076/8725 2575/4042/8726 2576/4044/8727
f 2577/4046/8728 2601/4078/8729 2600/4077/8730 2576/4044/8731
f 2602/4079/8732 2601/4078/8733 2577/4046/8734 2578/4048/8735
f 2603/4080/8736 2602/4079/8737 2578/4048/8738 2579/4050/8739
f 2580/4052/8740 2604/4081/8741 2603/4080/8742 2579/4050/8743
f 2581/4054/8744 2605/4082/8745 2604/4081/8746 2580/4052/8747
f 2606/4083/8748 2605/4082/8749 2581/4054/8750 2582/4056/8751
f 2583/4058/8752 2607/4084/8753 2606/4083/8754 2582/4056/8755
f 2584/4060/8756 2608/4085/8757 2607/4084/8758 2583/4058/8759
f 2597/4062/8760 2608/4085/8761 2584/4060/8762 2573/4040/8763
f 2597/4062/8764 2598/4161/8765 2627/4162/8766 2628/4087/8767
f 2599/4076/8768 2626/4088/8769 2627/4086/8770 2598/4061/8771
f 2600/4077/8772 2625/4089/8773 2626/4088/8774 2599/4076/8775
f 2600/4077/8776 2601/4078/8777 2624/4090/8778 2625/4089/8779
f 2602/4079/8780 2623/4091/8781 2624/4090/8782 2601/4078/8783
f 2603/4080/8784 2622/4092/8785 2623/4091/8786 2602/4079/8787
f 2603/4080/8788 2604/4081/8789 2621/4093/8790 2622/4092/8791
f 2632/4094/8792 2621/4093/8793 2604/4081/8794 2605/4082/8795
f 2606/4083/8796 2631/4095/8797 2632/4094/8798 2605/4082/8799
f 2606/4083/8800 2607/4084/8801 2630/4096/8802 2631/4095/8803
f 2607/4084/8804 2608/4085/8805 2629/4097/8806 2630/4096/8807
f 2597/4062/8808 2628/4087/8809 2629/4097/8810 2608/4085/8811
f 2610/4164/8812 2609/4099/8813 2628/4087/8814 2627/4163/8815
f 2611/4100/8816 2610/4098/8817 2627/4086/8818 2626/4088/8819
f 2625/4089/8820 2612/4101/8821 2611/4100/8822 2626/4088/8823
f 2613/4102/8824 2612/4101/8825 2625/4089/8826 2624/4090/8827
f 2623/4091/8828 2614/4103/8829 2613/4102/8830 2624/4090/8831
f 2622/4092/8832 2615/4104/8833 2614/4103/8834 2623/4091/8835
f 2616/4105/8836 2615/4104/8837 2622/4092/8838 2621/4093/8839
f 2617/4106/8840 2616/4105/8841 2621/4093/8842 2632/4094/8843
f 2631/4095/8844 2618/4107/8845 2617/4106/8846 2632/4094/8847
f 2619/4108/8848 2618/4107/8849 2631/4095/8850 2630/4096/8851
f 2620/4109/8852 2619/4108/8853 2630/4096/8854 2629/4097/8855
f 2628/4087/8856 2609/4099/8857 2620/4109/8858 2629/4097/8859
f 2610/4111/8860 2634/4112/8861 2633/4113/8862 2609/4110/8863
f 2635/4115/8864 2634/4112/8865 2610/4111/8866 2611/4114/8867
f 2612/4116/8868 2636/4117/8869 2635/4115/8870 2611/4114/8871
f 2612/4116/8872 2613/4118/8873 2637/4119/8874 2636/4117/8875
f 2614/4120/8876 2638/4121/8877 2637/4119/8878 2613/4118/8879
f 2639/4136/8880 2638/4121/8881 2614/4120/8882 2615/4122/8883
f 2616/4137/8884 2640/4138/8885 2639/4136/8886 2615/4122/8887
f 2617/4139/8888 2641/4140/8889 2640/4138/8890 2616/4137/8891
f 2617/4139/8892 2618/4141/8893 2642/4142/8894 2641/4140/8895
f 2642/4142/8896 2618/4141/8897 2619/4143/8898 2643/4144/8899
f 2619/4143/8900 2620/4145/8901 2644/4146/8902 2643/4144/8903
f 2609/4110/8904 2633/4113/8905 2644/4146/8906 2620/4145/8907
g default
v 1.031894 26.925282 -0.181951
v 0.802671 26.925282 -0.673521
v 0.358373 26.925282 -0.984622
v -0.181951 26.925282 -1.031894
v -0.673521 26.925282 -0.802671
v -0.984622 26.925282 -0.358373
v -1.031894 26.925282 0.181950
v -0.802671 26.925282 0.673521
v -0.358373 26.925282 0.984622
v 0.181950 26.925282 1.031894
v 0.673521 26.925282 0.802672
v 0.984622 26.925282 0.358374
v 1.031894 35.244228 -0.181951
v 0.802671 35.244228 -0.673521
v 0.358373 35.244228 -0.984622
v -0.181951 35.244228 -1.031894
v -0.673521 35.244228 -0.802671
v -0.984622 35.244228 -0.358373
v -1.031894 35.244228 0.181950
v -0.802671 35.244228 0.673521
v -0.358373 35.244228 0.984622
v 0.181950 35.244228 1.031894
v 0.673521 35.244228 0.802672
v 0.984622 35.244228 0.358374
v 0.490124 35.244014 -0.086422
v 0.381249 35.244014 -0.319906
v 0.170218 35.244014 -0.467671
v -0.086422 35.244014 -0.490125
v -0.319906 35.244014 -0.381249
v -0.467671 35.244014 -0.170219
v -0.490125 35.244014 0.086422
v -0.381249 35.244014 0.319906
v -0.170219 35.244014 0.467671
v 0.086422 35.244014 0.490124
v 0.319906 35.244014 0.381249
v 0.467671 35.244014 0.170219
vt 0.720125 0.878913
vt 0.720125 0.885303
vt 0.626435 0.885303
vt 0.626435 0.878913
vt 0.720125 0.891692
vt 0.626435 0.891692
vt 0.720125 0.898082
vt 0.626435 0.898082
vt 0.720125 0.904472
vt 0.626435 0.904472
vt 0.720125 0.910862
vt 0.626435 0.910861
vt 0.447923 0.563295
vt 0.442490 0.560313
vt 0.446878 0.555925
vt 0.449529 0.557300
vt 0.439431 0.555015
vt 0.445425 0.553409
vt 0.439565 0.548819
vt 0.445559 0.550425
vt 0.442624 0.543521
vt 0.447012 0.547909
vt 0.447923 0.540461
vt 0.449529 0.546456
vt 0.454041 0.540461
vt 0.452435 0.546456
vt 0.459339 0.543521
vt 0.454951 0.547909
vt 0.462398 0.548819
vt 0.456404 0.550425
vt 0.462398 0.554937
vt 0.456404 0.553331
vt 0.459339 0.560236
vt 0.454951 0.555848
vt 0.454041 0.563295
vt 0.452435 0.557300
vt 0.720125 0.917251
vt 0.626435 0.917251
vt 0.720125 0.923640
vt 0.626435 0.923640
vt 0.720028 0.930030
vt 0.626337 0.930030
vt 0.720028 0.936419
vt 0.626337 0.936419
vt 0.720125 0.942809
vt 0.626435 0.942809
vt 0.720125 0.949199
vt 0.626435 0.949198
vt 0.720125 0.955589
vt 0.626435 0.955589
vn 0.766044 -0.000000 -0.642788
vn 0.766044 -0.000000 -0.642788
vn 0.984808 0.000000 -0.173648
vn 0.984808 0.000000 -0.173648
vn 0.766044 -0.000000 -0.642788
vn 0.342020 -0.000000 -0.939693
vn 0.342020 -0.000000 -0.939693
vn 0.766044 -0.000000 -0.642788
vn 0.342020 -0.000000 -0.939693
vn -0.173648 -0.000000 -0.984808
vn -0.173648 -0.000000 -0.984808
vn 0.342020 -0.000000 -0.939693
vn -0.642788 0.000000 -0.766044
vn -0.642788 0.000000 -0.766044
vn -0.173648 -0.000000 -0.984808
vn -0.173648 -0.000000 -0.984808
vn -0.642788 0.000000 -0.766044
vn -0.939692 0.000000 -0.342021
vn -0.939692 0.000000 -0.342021
vn -0.642788 0.000000 -0.766044
vn -0.939692 0.000000 -0.342021
vn -0.984808 0.000000 0.173648
vn -0.984808 0.000000 0.173648
vn -0.939692 0.000000 -0.342021
vn -0.984808 0.000000 0.173648
vn -0.766045 0.000000 0.642787
vn -0.766045 0.000000 0.642787
vn -0.984808 0.000000 0.173648
vn -0.342020 0.000000 0.939692
vn -0.342020 0.000000 0.939692
vn -0.766045 0.000000 0.642787
vn -0.766045 0.000000 0.642787
vn 0.173648 0.000000 0.984808
vn 0.173648 0.000000 0.984808
vn -0.342020 0.000000 0.939692
vn -0.342020 0.000000 0.939692
vn 0.173648 0.000000 0.984808
vn 0.642787 0.000000 0.766045
vn 0.642787 0.000000 0.766045
vn 0.173648 0.000000 0.984808
vn 0.642787 0.000000 0.766045
vn 0.939692 0.000000 0.342021
vn 0.939692 0.000000 0.342021
vn 0.642787 0.000000 0.766045
vn 0.984808 0.000000 -0.173648
vn 0.984808 0.000000 -0.173648
vn 0.939692 0.000000 0.342021
vn 0.939692 0.000000 0.342021
vn -0.000385 1.000000 0.000068
vn -0.000385 1.000000 0.000068
vn -0.000299 1.000000 0.000251
vn -0.000299 1.000000 0.000251
vn -0.000134 1.000000 0.000367
vn -0.000299 1.000000 0.000251
vn -0.000299 1.000000 0.000251
vn -0.000134 1.000000 0.000367
vn -0.000134 1.000000 0.000367
vn -0.000134 1.000000 0.000367
vn 0.000068 1.000000 0.000385
vn 0.000068 1.000000 0.000385
vn 0.000251 1.000000 0.000299
vn 0.000251 1.000000 0.000299
vn 0.000068 1.000000 0.000385
vn 0.000068 1.000000 0.000385
vn 0.000367 1.000000 0.000134
vn 0.000251 1.000000 0.000299
vn 0.000251 1.000000 0.000299
vn 0.000367 1.000000 0.000134
vn 0.000385 1.000000 -0.000068
vn 0.000367 1.000000 0.000134
vn 0.000367 1.000000 0.000134
vn 0.000385 1.000000 -0.000068
vn 0.000299 1.000000 -0.000251
vn 0.000385 1.000000 -0.000068
vn 0.000385 1.000000 -0.000068
vn 0.000299 1.000000 -0.000251
vn 0.000299 1.000000 -0.000251
vn 0.000134 1.000000 -0.000367
vn 0.000134 1.000000 -0.000367
vn 0.000299 1.000000 -0.000251
vn 0.000134 1.000000 -0.000367
vn 0.000134 1.000000 -0.000367
vn -0.000068 1.000000 -0.000385
vn -0.000068 1.000000 -0.000385
vn -0.000251 1.000000 -0.000299
vn -0.000068 1.000000 -0.000385
vn -0.000068 1.000000 -0.000385
vn -0.000251 1.000000 -0.000299
vn -0.000367 1.000000 -0.000134
vn -0.000251 1.000000 -0.000299
vn -0.000251 1.000000 -0.000299
vn -0.000367 1.000000 -0.000134
vn -0.000367 1.000000 -0.000134
vn -0.000385 1.000000 0.000068
vn -0.000385 1.000000 0.000068
vn -0.000367 1.000000 -0.000134
s off
g SM_Lamp_Modern_01 neck_low
usemtl base_lowSG
f 2646/4166/8908 2658/4167/8909 2657/4168/8910 2645/4165/8911
f 2646/4166/8912 2647/4169/8913 2659/4170/8914 2658/4167/8915
f 2647/4169/8916 2648/4171/8917 2660/4172/8918 2659/4170/8919
f 2649/4173/8920 2661/4174/8921 2660/4172/8922 2648/4171/8923
f 2649/4173/8924 2650/4175/8925 2662/4176/8926 2661/4174/8927
f 2650/4175/8928 2651/4201/8929 2663/4202/8930 2662/4176/8931
f 2651/4201/8932 2652/4203/8933 2664/4204/8934 2663/4202/8935
f 2653/4205/8936 2665/4206/8937 2664/4204/8938 2652/4203/8939
f 2654/4207/8940 2666/4208/8941 2665/4206/8942 2653/4205/8943
f 2654/4207/8944 2655/4209/8945 2667/4210/8946 2666/4208/8947
f 2655/4209/8948 2656/4211/8949 2668/4212/8950 2667/4210/8951
f 2645/4213/8952 2657/4214/8953 2668/4212/8954 2656/4211/8955
f 2669/4180/8956 2657/4177/8957 2658/4178/8958 2670/4179/8959
f 2671/4182/8960 2670/4179/8961 2658/4178/8962 2659/4181/8963
f 2671/4182/8964 2659/4181/8965 2660/4183/8966 2672/4184/8967
f 2661/4185/8968 2673/4186/8969 2672/4184/8970 2660/4183/8971
f 2674/4188/8972 2673/4186/8973 2661/4185/8974 2662/4187/8975
f 2675/4190/8976 2674/4188/8977 2662/4187/8978 2663/4189/8979
f 2676/4192/8980 2675/4190/8981 2663/4189/8982 2664/4191/8983
f 2664/4191/8984 2665/4193/8985 2677/4194/8986 2676/4192/8987
f 2677/4194/8988 2665/4193/8989 2666/4195/8990 2678/4196/8991
f 2679/4198/8992 2678/4196/8993 2666/4195/8994 2667/4197/8995
f 2680/4200/8996 2679/4198/8997 2667/4197/8998 2668/4199/8999
f 2668/4199/9000 2657/4177/9001 2669/4180/9002 2680/4200/9003
