# Blender v2.93.2 OBJ File: 'pots.blend'
# www.blender.org
mtllib pots.mtl
o pot1_Circle.002
v -2.457275 0.041548 1.808100
v -2.311517 0.041548 2.023378
v -2.115008 0.041548 2.193596
v -1.881139 0.041548 2.307154
v -1.625848 0.041548 2.356313
v -1.366532 0.041548 2.337722
v -1.120864 0.041548 2.252649
v -0.905586 0.041548 2.106892
v -0.735368 0.041548 1.910382
v -0.621810 0.041548 1.676513
v -0.572651 0.041548 1.421222
v -0.591242 0.041548 1.161907
v -0.676315 0.041548 0.916239
v -0.822072 0.041548 0.700960
v -1.018582 0.041548 0.530742
v -1.252451 0.041548 0.417184
v -1.507742 0.041548 0.368026
v -1.767057 0.041548 0.386616
v -2.012725 0.041548 0.471689
v -2.228004 0.041548 0.617447
v -2.398222 0.041548 0.813956
v -2.511780 0.041548 1.047825
v -2.560938 0.041548 1.303116
v -2.542348 0.041548 1.562432
v -2.024285 7.268421 1.591269
v -1.949401 7.268421 1.701869
v -1.848443 7.268421 1.789320
v -1.728291 7.268421 1.847661
v -1.597134 7.268421 1.872917
v -1.463909 7.268421 1.863366
v -1.337695 7.268421 1.819659
v -1.227095 7.268421 1.744775
v -1.139644 7.268421 1.643817
v -1.081303 7.268421 1.523665
v -1.056047 7.268421 1.392508
v -1.065598 7.268421 1.259283
v -1.109305 7.268421 1.133070
v -1.184189 7.268421 1.022469
v -1.285147 7.268421 0.935018
v -1.405299 7.268421 0.876677
v -1.536456 7.268421 0.851422
v -1.669681 7.268421 0.860973
v -1.795894 7.268421 0.904680
v -1.906495 7.268421 0.979563
v -1.993946 7.268421 1.080521
v -2.052287 7.268421 1.200673
v -2.077542 7.268421 1.331830
v -2.067991 7.268421 1.465055
v -1.201452 3.979333 1.603063
v -1.151552 3.979333 1.500297
v -1.995469 3.979333 1.450168
v -1.958087 3.979333 1.558119
v -1.894039 3.979333 1.652716
v -1.807689 3.979333 1.727512
v -1.540846 3.979333 0.925326
v -1.654794 3.979333 0.933495
v -1.129951 3.979333 1.388118
v -1.704923 3.979333 1.777412
v -1.762744 3.979333 0.970877
v -1.138120 3.979333 1.274171
v -1.592744 3.979333 1.799013
v -1.857341 3.979333 1.034926
v -1.175503 3.979333 1.166220
v -1.478796 3.979333 1.790844
v -1.932138 3.979333 1.121275
v -1.239551 3.979333 1.071623
v -1.370845 3.979333 1.753461
v -1.982037 3.979333 1.224041
v -1.325901 3.979333 0.996826
v -1.276248 3.979333 1.689413
v -2.003639 3.979333 1.336220
v -1.428667 3.979333 0.946927
v -0.427335 2.970677 1.741204
v -0.020694 2.243588 1.876471
v 0.024572 1.495725 1.891529
v -0.163893 0.768636 1.828837
v -2.640532 2.970676 1.899871
v -3.023720 2.243588 2.091761
v -3.066374 1.495725 2.113122
v -2.888781 0.768637 2.024187
v -2.227829 2.970677 2.364702
v -2.463733 2.243588 2.722477
v -2.489993 1.495725 2.762303
v -2.380659 0.768636 2.596486
v -1.808271 2.970677 0.185851
v -1.894447 2.243588 -0.233944
v -1.904040 1.495725 -0.280674
v -1.864100 0.768636 -0.086114
v -0.368060 2.970677 1.433375
v 0.059735 2.243588 1.458786
v 0.107356 1.495725 1.461615
v -0.090913 0.768636 1.449838
v -1.945830 2.970677 2.501629
v -2.081097 2.243588 2.908270
v -2.096154 1.495725 2.953536
v -2.033463 0.768636 2.765072
v -2.104496 2.970676 0.288432
v -2.296387 2.243588 -0.094756
v -2.317747 1.495725 -0.137410
v -2.228813 0.768636 0.040184
v -0.390476 2.970677 1.120693
v 0.029319 2.243588 1.034517
v 0.076049 1.495725 1.024925
v -0.118512 0.768636 1.064864
v -1.638001 2.970677 2.560905
v -1.663412 2.243588 2.988699
v -1.666241 1.495725 3.036320
v -1.654463 0.768636 2.838051
v -2.364079 2.970676 0.464185
v -2.648607 2.243588 0.143720
v -2.680279 1.495725 0.108047
v -2.548410 0.768636 0.256572
v -0.493057 2.970676 0.824468
v -0.109870 2.243588 0.632577
v -0.067215 1.495725 0.611217
v -0.244809 0.768636 0.700151
v -1.325319 2.970677 2.538488
v -1.239143 2.243588 2.958283
v -1.229550 1.495725 3.005013
v -1.269490 0.768636 2.810452
v -2.569327 2.970677 0.701136
v -2.927103 2.243588 0.465231
v -2.966928 1.495725 0.438971
v -2.801112 0.768636 0.548305
v -0.668811 2.970676 0.564886
v -0.348346 2.243588 0.280357
v -0.312673 1.495725 0.248685
v -0.461197 0.768636 0.380554
v -1.029094 2.970676 2.435907
v -0.837203 2.243588 2.819094
v -0.815842 1.495725 2.861749
v -0.904777 0.768636 2.684155
v -2.706254 2.970677 0.983134
v -3.112896 2.243588 0.847867
v -3.158161 1.495725 0.832810
v -2.969697 0.768636 0.895501
v -0.905761 2.970677 0.359637
v -0.669857 2.243588 0.001862
v -0.643597 1.495725 -0.037965
v -0.752931 0.768636 0.127852
v -0.769511 2.970676 2.260153
v -0.484983 2.243588 2.580618
v -0.453310 1.495725 2.616291
v -0.585180 0.768636 2.467767
v -2.765530 2.970677 1.290963
v -3.193325 2.243588 1.265552
v -3.240945 1.495725 1.262723
v -3.042677 0.768636 1.274500
v -1.187760 2.970677 0.222710
v -1.052493 2.243588 -0.183932
v -1.037436 1.495725 -0.229197
v -1.100127 0.768636 -0.040733
v -0.332478 0.768637 2.176033
v -0.166661 1.495725 2.285367
v -0.206487 2.243588 2.259107
v -0.564263 2.970677 2.023203
v -3.015078 0.768637 1.659474
v -3.209638 1.495725 1.699414
v -3.162909 2.243588 1.689821
v -2.743114 2.970676 1.603645
v -2.672392 0.768637 2.343785
v -2.820917 1.495725 2.475653
v -2.785244 2.243588 2.443981
v -2.464779 2.970677 2.159453
v -1.479126 0.768637 -0.113713
v -1.467349 1.495725 -0.311981
v -1.470178 2.243588 -0.264361
v -1.495589 2.970677 0.163434
v -0.830073 3.240739 1.847937
v -1.082285 3.490026 1.681638
v -2.431226 3.240738 1.539621
v -2.135293 3.490026 1.478871
v -2.226688 3.240739 1.948062
v -2.000778 3.490026 1.747485
v -1.514469 3.240739 0.481265
v -1.532382 3.490026 0.782838
v -1.016110 3.490026 1.545352
v -0.729450 3.240739 1.640707
v -2.085717 3.490026 1.622033
v -2.355844 3.240739 1.757305
v -1.886263 3.490026 1.846679
v -2.052563 3.240739 2.098891
v -1.683497 3.490026 0.793671
v -1.744246 3.240739 0.497738
v -0.987463 3.490026 1.396582
v -0.685891 3.240739 1.414496
v -1.749977 3.490026 1.912854
v -1.845333 3.240739 2.199514
v -1.826658 3.490026 0.843247
v -1.961931 3.240739 0.573121
v -0.998297 3.490026 1.245467
v -0.702364 3.240739 1.184718
v -1.601208 3.490026 1.941501
v -1.619121 3.240739 2.243073
v -1.952111 3.490026 0.928186
v -2.152688 3.240738 0.702276
v -1.047872 3.490026 1.102306
v -0.777746 3.240739 0.967033
v -1.450093 3.490026 1.930668
v -1.389344 3.240739 2.226600
v -2.051305 3.490026 1.042701
v -2.303517 3.240739 0.876401
v -1.132812 3.490026 0.976853
v -0.906901 3.240738 0.776276
v -1.306931 3.490026 1.881092
v -1.171659 3.240739 2.151218
v -2.117480 3.490026 1.178987
v -2.404140 3.240739 1.083631
v -1.247327 3.490026 0.877660
v -1.081027 3.240739 0.625447
v -1.181479 3.490026 1.796152
v -0.980902 3.240738 2.022063
v -2.146127 3.490026 1.327756
v -2.447699 3.240739 1.309843
v -1.383613 3.490026 0.811484
v -1.288257 3.240739 0.524824
v -0.308298 0.498575 1.780801
v -0.466586 0.249287 1.728148
v -2.752704 0.498575 1.956044
v -2.603546 0.249287 1.881349
v -2.296885 0.498575 2.469434
v -2.205058 0.249287 2.330168
v -1.833498 0.498575 0.062963
v -1.799953 0.249287 0.226371
v -0.242830 0.498575 1.440814
v -0.409352 0.249287 1.430922
v -1.985427 0.498575 2.620667
v -1.932773 0.249287 2.462379
v -2.160669 0.498575 0.176260
v -2.085974 0.249287 0.325418
v -0.267588 0.498575 1.095467
v -0.430997 0.249287 1.129011
v -1.645439 0.498575 2.686134
v -1.635548 0.249287 2.519612
v -2.447369 0.498575 0.370375
v -2.336615 0.249287 0.495118
v -0.380885 0.498575 0.768295
v -0.530043 0.249287 0.842990
v -1.300092 0.498575 2.661376
v -1.333637 0.249287 2.497968
v -2.674060 0.498575 0.632079
v -2.534793 0.249287 0.723906
v -0.575000 0.498575 0.481595
v -0.699744 0.249287 0.592349
v -0.972921 0.498575 2.548079
v -1.047615 0.249287 2.398921
v -2.825292 0.498575 0.943537
v -2.667004 0.249287 0.996191
v -0.836704 0.498575 0.254904
v -0.928532 0.249287 0.394171
v -0.686221 0.498575 2.353964
v -0.796975 0.249287 2.229220
v -2.890760 0.498575 1.283525
v -2.724237 0.249287 1.293416
v -1.148163 0.498575 0.103672
v -1.200816 0.249287 0.261960
v -0.598797 0.249287 2.000432
v -0.459530 0.498575 2.092260
v -2.702593 0.249287 1.595327
v -2.866001 0.498575 1.628872
v -2.433846 0.249287 2.131989
v -2.558589 0.498575 2.242744
v -1.498042 0.249287 0.204727
v -1.488150 0.498575 0.038204
v -0.044080 1.121794 1.868692
v -3.001683 1.121794 2.080726
v -2.450166 1.121794 2.701901
v -1.889491 1.121794 -0.209802
v 0.035133 1.121794 1.457325
v -2.073318 1.121794 2.884884
v -2.285351 1.121794 -0.072719
v 0.005177 1.121794 1.039473
v -1.661951 1.121794 2.964097
v -2.632243 1.121794 0.162150
v -0.131907 1.121794 0.643613
v -1.244099 1.121794 2.934141
v -2.906527 1.121794 0.478798
v -0.366776 1.121794 0.296721
v -0.848238 1.121794 2.797057
v -3.089510 1.121794 0.855646
v -0.683424 1.121794 0.022437
v -0.501346 1.121794 2.562188
v -3.168722 1.121794 1.267013
v -1.060272 1.121794 -0.160546
v -0.227063 1.121794 2.245540
v -3.138766 1.121794 1.684865
v -2.766814 1.121794 2.427618
v -1.471639 1.121794 -0.239758
v 0.041868 1.869657 1.897282
v -3.082673 1.869656 2.121284
v -2.500026 1.869657 2.777521
v -1.907705 1.869657 -0.298530
v 0.125551 1.869657 1.462696
v -2.101908 1.869657 2.970832
v -2.325909 1.869656 -0.153709
v 0.093904 1.869657 1.021259
v -1.667321 1.869657 3.054515
v -2.692381 1.869657 0.094417
v -0.050917 1.869656 0.603055
v -1.225885 1.869657 3.022868
v -2.982146 1.869657 0.428938
v -0.299042 1.869657 0.236583
v -0.807680 1.869656 2.878047
v -3.175457 1.869657 0.827056
v -0.633563 1.869657 -0.053182
v -0.441209 1.869657 2.629922
v -3.259141 1.869657 1.261642
v -1.031682 1.869657 -0.246493
v -0.151443 1.869657 2.295401
v -3.227494 1.869657 1.703079
v -2.834548 1.869657 2.487756
v -1.466268 1.869657 -0.330177
v -0.169827 2.617519 1.826863
v -2.883188 2.617520 2.021387
v -2.377216 2.617519 2.591265
v -1.862842 2.617519 -0.079987
v -0.097156 2.617519 1.449467
v -2.031489 2.617519 2.759137
v -2.226012 2.617520 0.045776
v -0.124639 2.617519 1.066122
v -1.654093 2.617519 2.831808
v -2.544258 2.617519 0.261249
v -0.250401 2.617520 0.702952
v -1.270747 2.617519 2.804326
v -2.795890 2.617519 0.551748
v -0.465875 2.617519 0.384706
v -0.907577 2.617520 2.678563
v -2.963763 2.617519 0.897475
v -0.756374 2.617519 0.133074
v -0.589332 2.617519 2.463089
v -3.036434 2.617519 1.274871
v -1.102101 2.617519 -0.034799
v -0.337699 2.617519 2.172590
v -3.008951 2.617519 1.658217
v -2.667715 2.617519 2.339632
v -1.479497 2.617519 -0.107469
v -1.250026 7.106395 1.571035
v -1.938474 7.106395 1.438468
v -1.850529 7.106395 1.614086
v -1.544296 7.106395 0.983407
v -1.206762 7.106395 1.481932
v -1.906062 7.106395 1.532066
v -1.775661 7.106395 1.678938
v -1.643094 7.106395 0.990490
v -1.188033 7.106395 1.384668
v -1.686558 7.106395 1.722203
v -1.736692 7.106395 1.022902
v -1.195115 7.106395 1.285871
v -1.589294 7.106395 1.740932
v -1.818711 7.106395 1.078435
v -1.227528 7.106395 1.192273
v -1.490496 7.106395 1.733849
v -1.883563 7.106395 1.153304
v -1.283060 7.106395 1.110253
v -1.396898 7.106395 1.701437
v -1.926828 7.106395 1.242406
v -1.357929 7.106395 1.045401
v -1.314878 7.106395 1.645904
v -1.945557 7.106395 1.339670
v -1.447032 7.106395 1.002136
v -1.221623 5.309855 1.476989
v -1.892058 5.309856 1.525053
v -1.767039 5.309855 1.665862
v -1.639944 5.309855 1.005832
v -1.203667 5.309855 1.383739
v -1.681614 5.309855 1.707341
v -1.729679 5.309855 1.036906
v -1.210457 5.309855 1.289020
v -1.588365 5.309855 1.725297
v -1.808313 5.309855 1.090147
v -1.241532 5.309856 1.199286
v -1.493646 5.309855 1.718507
v -1.870488 5.309855 1.161925
v -1.294772 5.309857 1.120651
v -1.403911 5.309855 1.687433
v -1.911967 5.309855 1.247350
v -1.366551 5.309855 1.058476
v -1.325277 5.309855 1.634192
v -1.929923 5.309855 1.340599
v -1.451975 5.309855 1.016997
v -1.263102 5.309855 1.562414
v -1.923132 5.309857 1.435319
v -1.838818 5.309855 1.603687
v -1.545225 5.309855 0.999041
v -1.269786 6.361108 1.558006
v -1.915290 6.361108 1.433709
v -1.832831 6.361108 1.598372
v -1.545699 6.361108 1.007033
v -1.229220 6.361108 1.474462
v -1.884899 6.361107 1.521468
v -1.762632 6.361108 1.659178
v -1.638334 6.361108 1.013674
v -1.211659 6.361108 1.383265
v -1.679087 6.361108 1.699744
v -1.726094 6.361108 1.044065
v -1.218300 6.361108 1.290630
v -1.587890 6.361108 1.717305
v -1.802997 6.361108 1.096133
v -1.248690 6.361107 1.202870
v -1.495255 6.361108 1.710664
v -1.863804 6.361108 1.166332
v -1.300759 6.361108 1.125967
v -1.407496 6.361108 1.680274
v -1.904370 6.361108 1.249877
v -1.370958 6.361108 1.065160
v -1.330592 6.361108 1.628205
v -1.921931 6.361108 1.341074
v -1.454502 6.361108 1.024594
v -2.235419 -0.000000 1.697000
v -2.125976 -0.000000 1.858644
v -1.978425 -0.000000 1.986453
v -1.802823 -0.000000 2.071719
v -1.611135 -0.000000 2.108631
v -1.416426 -0.000000 2.094672
v -1.231964 -0.000000 2.030794
v -1.070320 -0.000000 1.921350
v -0.942511 -0.000000 1.773800
v -0.857245 -0.000000 1.598197
v -0.820334 -0.000000 1.406510
v -0.834293 -0.000000 1.211800
v -0.898170 -0.000000 1.027339
v -1.007614 -0.000000 0.865695
v -1.155164 -0.000000 0.737885
v -1.330767 -0.000000 0.652619
v -1.522455 -0.000000 0.615708
v -1.717164 -0.000000 0.629667
v -1.901626 -0.000000 0.693545
v -2.063269 -0.000000 0.802988
v -2.191079 -0.000000 0.950539
v -2.276345 -0.000000 1.126141
v -2.313256 -0.000000 1.317829
v -2.299297 -0.000000 1.512538
v -2.391441 0.041548 1.920509
v -2.218833 0.041548 2.114918
v -2.001790 0.041548 2.258029
v -1.755102 0.041548 2.340088
v -1.495582 0.041548 2.355504
v -1.240914 0.041548 2.303225
v -1.008455 0.041548 2.186815
v -0.814046 0.041548 2.014207
v -0.670936 0.041548 1.797164
v -0.588876 0.041548 1.550476
v -0.573461 0.041548 1.290956
v -0.625739 0.041548 1.036289
v -0.742149 0.041548 0.803830
v -0.914757 0.041548 0.609421
v -1.131800 0.041548 0.466310
v -1.378488 0.041548 0.384251
v -1.638008 0.041548 0.368835
v -1.892675 0.041548 0.421113
v -2.125134 0.041548 0.537523
v -2.319543 0.041548 0.710131
v -2.462654 0.041548 0.927175
v -2.544713 0.041548 1.173862
v -2.560129 0.041548 1.433383
v -2.507851 0.041548 1.688050
v -1.990462 7.268421 1.649020
v -1.901783 7.268421 1.748899
v -1.790276 7.268421 1.822423
v -1.663539 7.268421 1.864581
v -1.530209 7.268421 1.872501
v -1.399372 7.268421 1.845642
v -1.279944 7.268421 1.785836
v -1.180066 7.268421 1.697158
v -1.106542 7.268421 1.585650
v -1.064383 7.268421 1.458913
v -1.056463 7.268421 1.325583
v -1.083322 7.268421 1.194746
v -1.143128 7.268421 1.075319
v -1.231806 7.268421 0.975440
v -1.343314 7.268421 0.901916
v -1.470051 7.268421 0.859758
v -1.603381 7.268421 0.851838
v -1.734218 7.268421 0.878696
v -1.853645 7.268421 0.938502
v -1.953524 7.268421 1.027181
v -2.027048 7.268421 1.138688
v -2.069206 7.268421 1.265425
v -2.077127 7.268421 1.398756
v -2.050268 7.268421 1.529592
v -1.195787 7.193271 1.606799
v -0.546673 0.129837 1.701507
v -2.002116 7.193271 1.451533
v -2.528079 0.129837 1.843556
v -1.899113 7.193271 1.657221
v -2.158597 0.129837 2.259705
v -1.540444 7.193271 0.918552
v -1.782981 0.129837 0.309048
v -0.493605 0.129837 1.425918
v -1.906133 0.129837 2.382291
v -2.048182 0.129837 0.400886
v -0.513674 0.129837 1.145984
v -1.630543 0.129837 2.435359
v -2.280578 0.129837 0.558233
v -0.605511 0.129837 0.880782
v -1.350609 0.129837 2.415290
v -2.464330 0.129837 0.770367
v -0.762859 0.129837 0.648387
v -1.085408 0.129837 2.323453
v -2.586917 0.129837 1.022831
v -0.974993 0.129837 0.464634
v -0.853012 0.129837 2.166106
v -2.639984 0.129837 1.298421
v -1.227457 0.129837 0.342047
v -1.155547 3.644672 1.633332
v -1.193055 4.599160 1.486492
v -2.049332 3.644672 1.461225
v -1.918978 4.599160 1.538534
v -1.935156 3.644672 1.689223
v -1.783612 4.599160 1.690997
v -1.537586 3.644672 0.870437
v -1.645998 4.599160 0.976340
v -1.173613 4.599160 1.385525
v -1.691117 4.599160 1.735909
v -1.743160 4.599160 1.009986
v -1.180965 4.599160 1.282966
v -1.590150 4.599160 1.755352
v -1.828302 4.599160 1.067633
v -1.214611 4.599160 1.185804
v -1.487591 4.599160 1.747999
v -1.895623 4.599160 1.145352
v -1.272258 4.599161 1.100662
v -1.390430 4.599160 1.714353
v -1.940535 4.599160 1.237847
v -1.349977 4.599160 1.033341
v -1.305288 4.599160 1.656706
v -1.959977 4.599160 1.338814
v -1.442472 4.599160 0.988429
v -1.484050 3.979333 0.932455
v -1.929158 3.979333 1.607513
v -2.003283 3.979333 1.393462
v -1.236024 3.979333 1.648686
v -1.375651 3.979333 0.968513
v -1.996509 3.979333 1.279424
v -1.321451 3.979333 1.724533
v -1.280278 3.979333 1.031399
v -1.960451 3.979333 1.171025
v -1.423597 3.979333 1.775685
v -1.204431 3.979333 1.116825
v -1.897565 3.979333 1.075653
v -1.535503 3.979333 1.798657
v -1.153279 3.979333 1.218972
v -1.812139 3.979333 0.999806
v -1.649540 3.979333 1.791883
v -1.130307 3.979333 1.330877
v -1.709992 3.979333 0.948653
v -1.757939 3.979333 1.755825
v -1.137081 3.979333 1.444915
v -1.598087 3.979333 0.925681
v -1.853311 3.979333 1.692940
v -1.980311 3.979333 1.505367
v -1.173139 3.979333 1.553313
v -0.575073 3.113498 1.692060
v -0.082110 2.430554 1.856042
v 0.041371 1.682691 1.897117
v -0.098984 0.937425 1.850428
v -2.501316 3.113498 1.830154
v -2.965846 2.430554 2.062780
v -3.082205 1.682691 2.121049
v -2.949945 0.937425 2.054817
v -2.142121 3.113498 2.234717
v -2.428103 2.430554 2.668442
v -2.499738 1.682691 2.777083
v -2.418314 0.937425 2.653594
v -1.776962 3.113498 0.338368
v -1.881432 2.430554 -0.170542
v -1.907600 1.682691 -0.298017
v -1.877856 0.937425 -0.153121
v -0.523484 3.113498 1.424143
v -0.004875 2.430554 1.454949
v 0.125029 1.682691 1.462665
v -0.022628 0.937425 1.453894
v -1.896685 3.113498 2.353891
v -2.060667 2.430554 2.846854
v -2.101742 1.682691 2.970335
v -2.055054 0.937425 2.829980
v -2.034780 3.113498 0.427648
v -2.267406 2.430554 -0.036882
v -2.325675 1.682691 -0.153240
v -2.259442 0.937425 -0.020981
v -0.542994 3.113498 1.152002
v -0.034084 2.430554 1.047533
v 0.093391 1.682691 1.021365
v -0.051504 0.937425 1.051109
v -1.628768 3.113498 2.405481
v -1.659574 2.430554 2.924089
v -1.667291 1.682691 3.053993
v -1.658520 0.937425 2.906336
v -2.260705 3.113498 0.580615
v -2.605634 2.430554 0.192121
v -2.692033 1.682691 0.094808
v -2.593826 0.937425 0.205419
v -0.632274 3.113498 0.894184
v -0.167743 2.430554 0.661559
v -0.051385 1.682691 0.603289
v -0.183645 0.937425 0.669522
v -1.356628 3.113498 2.385971
v -1.252158 2.430554 2.894881
v -1.225990 1.682691 3.022355
v -1.255734 0.937425 2.877460
v -2.439342 3.113498 0.786843
v -2.873067 2.430554 0.500860
v -2.981709 1.682691 0.429226
v -2.858220 0.937425 0.510650
v -0.785240 3.113498 0.668259
v -0.396746 2.430554 0.323330
v -0.299434 1.682691 0.236931
v -0.410045 0.937425 0.335138
v -1.098810 3.113498 2.296690
v -0.866184 2.430554 2.761221
v -0.807915 1.682691 2.877579
v -0.874147 0.937425 2.745319
v -2.558516 3.113498 1.032278
v -3.051480 2.430554 0.868297
v -3.174961 1.682691 0.827222
v -3.034605 0.937425 0.873910
v -0.991469 3.113498 0.489622
v -0.705486 2.430554 0.055897
v -0.633851 1.682691 -0.052745
v -0.715276 0.937425 0.070744
v -0.872884 3.113498 2.143724
v -0.527956 2.430554 2.532218
v -0.441556 1.682691 2.629530
v -0.539763 0.937425 2.518919
v -2.610106 3.113498 1.300196
v -3.128714 2.430554 1.269390
v -3.258618 1.682691 1.261673
v -3.110962 0.937425 1.270444
v -1.236904 3.113498 0.370448
v -1.072923 2.430554 -0.122516
v -1.031847 1.682691 -0.245996
v -1.078536 0.937425 -0.105641
v -0.394175 0.625816 2.135352
v -0.191299 1.308760 2.269122
v -0.169923 2.056622 2.283216
v -0.441985 2.801889 2.103828
v -2.942685 0.625815 1.644614
v -3.180729 1.308759 1.693480
v -3.205811 2.056623 1.698628
v -2.886588 2.801888 1.633098
v -2.617129 0.625816 2.294718
v -2.798848 1.308760 2.456060
v -2.817995 2.056622 2.473059
v -2.574305 2.801889 2.256697
v -1.483508 0.625816 -0.039941
v -1.469099 1.308760 -0.282521
v -1.467581 2.056622 -0.308081
v -1.486904 2.801889 0.017226
v -0.236823 0.768636 2.007952
v -0.058157 1.495725 2.094706
v -0.101069 2.243588 2.073869
v -0.486571 2.970677 1.886684
v -2.963864 0.768636 1.845964
v -3.151545 1.495725 1.910956
v -3.106467 2.243588 1.895346
v -2.701517 2.970676 1.755115
v -2.534795 0.768636 2.479682
v -2.664835 1.495725 2.629807
v -2.633602 2.243588 2.593750
v -2.353020 2.970677 2.269831
v -1.672516 0.768636 -0.112511
v -1.686719 1.495725 -0.310618
v -1.683308 2.243588 -0.263036
v -1.652664 2.970677 0.164410
v -0.115000 0.768636 1.641726
v 0.080032 1.495725 1.679281
v 0.033189 2.243588 1.670261
v -0.387624 2.970677 1.589229
v -2.212578 0.768636 2.692141
v -2.299331 1.495725 2.870807
v -2.278495 2.243588 2.827895
v -2.091310 2.970677 2.442393
v -2.050589 0.768636 -0.034900
v -2.115582 1.495725 -0.222580
v -2.099972 2.243588 -0.177503
v -1.959741 2.970676 0.227447
v -0.092114 0.768636 1.256448
v 0.105992 1.495725 1.242246
v 0.058411 2.243588 1.245657
v -0.369036 2.970677 1.276301
v -1.846351 0.768636 2.813964
v -1.883906 1.495725 3.008996
v -1.874886 2.243588 2.962153
v -1.793855 2.970677 2.541340
v -2.395693 0.768636 0.137919
v -2.507046 1.495725 -0.026545
v -2.480301 2.243588 0.012956
v -2.240039 2.970677 0.367814
v -0.169726 0.768636 0.878375
v 0.017955 1.495725 0.813383
v -0.027122 2.243588 0.828992
v -0.432073 2.970676 0.969224
v -1.461074 0.768636 2.836850
v -1.446871 1.495725 3.034956
v -1.450282 2.243588 2.987375
v -1.480926 2.970677 2.559928
v -2.684308 0.768636 0.394169
v -2.834433 1.495725 0.264129
v -2.798376 2.243588 0.295362
v -2.474457 2.970677 0.575944
v -0.342545 0.768636 0.533271
v -0.178081 1.495725 0.421919
v -0.217582 2.243588 0.448663
v -0.572439 2.970677 0.688925
v -1.083000 0.768636 2.759238
v -1.018008 1.495725 2.946919
v -1.033618 2.243588 2.901842
v -1.173849 2.970676 2.496891
v -2.896766 0.768636 0.716386
v -3.075433 1.495725 0.629633
v -3.032521 2.243588 0.650469
v -2.647019 2.970677 0.837654
v -0.598795 0.768636 0.244656
v -0.468755 1.495725 0.094531
v -0.499988 2.243588 0.130588
v -0.780570 2.970677 0.454507
v -0.737897 0.768636 2.586420
v -0.626544 1.495725 2.750883
v -0.653289 2.243588 2.711382
v -0.893551 2.970677 2.356525
v -3.018589 0.768636 1.082613
v -3.213622 1.495725 1.045057
v -3.166779 2.243588 1.054078
v -2.745966 2.970677 1.135109
v -0.921012 0.768636 0.032198
v -0.834259 1.495725 -0.146469
v -0.855095 2.243588 -0.103556
v -1.042280 2.970677 0.281945
v -0.449282 0.768636 2.330169
v -0.299157 1.495725 2.460209
v -0.335214 2.243588 2.428976
v -0.659133 2.970677 2.148395
v -3.041475 0.768636 1.467891
v -3.239582 1.495725 1.482093
v -3.192000 2.243588 1.478682
v -2.764554 2.970677 1.448038
v -2.791045 0.768637 2.191067
v -2.955509 1.495725 2.302420
v -2.916008 2.243588 2.275675
v -2.561150 2.970677 2.035413
v -1.287239 0.768636 -0.089625
v -1.249683 1.495725 -0.284658
v -1.258703 2.243588 -0.237815
v -1.339735 2.970677 0.182998
v -0.694247 3.113498 1.937496
v -0.967237 3.365383 1.757496
v -2.590596 3.113498 1.572336
v -2.270284 3.365383 1.506582
v -2.348349 3.113498 2.056080
v -2.103828 3.365383 1.838979
v -1.504821 3.113498 0.318858
v -1.524211 3.365383 0.645274
v -1.099378 3.644672 1.517653
v -0.885349 3.365382 1.588849
v -2.007252 3.644672 1.582740
v -2.208937 3.365382 1.683738
v -1.837957 3.644672 1.773418
v -1.962121 3.365382 1.961727
v -1.665851 3.644672 0.879632
v -1.711208 3.365382 0.658680
v -1.075062 3.644672 1.391379
v -0.849899 3.365382 1.404753
v -1.722279 3.644672 1.829587
v -1.793474 3.365382 2.043615
v -1.787365 3.644672 0.921712
v -1.888364 3.365382 0.720028
v -1.084258 3.644672 1.263113
v -0.863306 3.365382 1.217756
v -1.596004 3.644672 1.853902
v -1.609379 3.365382 2.079065
v -1.893848 3.644672 0.993808
v -2.043605 3.365382 0.825136
v -1.126337 3.644672 1.141599
v -0.924653 3.365382 1.040600
v -1.467739 3.644672 1.844707
v -1.422382 3.365382 2.065659
v -1.978043 3.644672 1.091007
v -2.166352 3.365382 0.966843
v -1.198433 3.644672 1.035116
v -1.029762 3.365382 0.885359
v -1.346225 3.644672 1.802627
v -1.245226 3.365382 2.004311
v -2.034212 3.644672 1.206685
v -2.248241 3.365382 1.135490
v -1.295633 3.644672 0.950921
v -1.171468 3.365382 0.762612
v -1.239741 3.644672 1.730531
v -1.089985 3.365382 1.899202
v -2.058527 3.644672 1.332960
v -2.283690 3.365382 1.319585
v -1.411311 3.644672 0.894752
v -1.340116 3.365382 0.680723
v -0.772980 3.240738 1.747615
v -1.044738 3.490026 1.615660
v -2.400658 3.240738 1.650930
v -2.115190 3.490026 1.552074
v -2.144562 3.240738 2.029175
v -1.946766 3.490026 1.800829
v -1.629897 3.240738 0.481982
v -1.608294 3.490026 0.783309
v -0.700268 3.240738 1.529027
v -0.996918 3.490026 1.471904
v -1.952241 3.240738 2.155984
v -1.820286 3.490026 1.884226
v -1.855556 3.240738 0.528306
v -1.756700 3.490026 0.813774
v -0.686608 3.240738 1.299068
v -0.987935 3.490026 1.320670
v -1.733653 3.240738 2.228696
v -1.676530 3.490026 1.932046
v -2.061536 3.240738 0.631456
v -1.892164 3.490026 0.881611
v -0.732931 3.240738 1.073409
v -1.018400 3.490026 1.172264
v -1.503693 3.240738 2.242356
v -1.525296 3.490026 1.941029
v -2.233800 3.240738 0.784403
v -2.005455 3.490026 0.982198
v -0.836081 3.240738 0.867428
v -1.086237 3.490026 1.036800
v -1.278034 3.240738 2.196033
v -1.376890 3.490026 1.910564
v -2.360610 3.240738 0.976723
v -2.088852 3.490026 1.108678
v -0.989028 3.240738 0.695164
v -1.186823 3.490026 0.923509
v -1.072054 3.240738 2.092883
v -1.241426 3.490026 1.842727
v -2.433322 3.240738 1.195311
v -2.136672 3.490026 1.252434
v -1.181349 3.240738 0.568354
v -1.313304 3.490026 0.840112
v -0.899789 3.240738 1.939936
v -1.128135 3.490026 1.742141
v -2.446982 3.240738 1.425271
v -2.145655 3.490026 1.403668
v -2.297508 3.240738 1.856910
v -2.047353 3.490026 1.687539
v -1.399937 3.240738 0.495642
v -1.457060 3.490026 0.792293
v -0.234017 0.625815 1.805511
v -0.386328 0.373931 1.754845
v -2.822701 0.625816 1.991096
v -2.679174 0.373931 1.919222
v -2.339978 0.625815 2.534789
v -2.251618 0.373931 2.400781
v -1.849239 0.625815 -0.013721
v -1.816961 0.373931 0.143517
v -0.164685 0.625815 1.445456
v -0.324920 0.373931 1.435938
v -2.010136 0.625815 2.694947
v -1.959471 0.373931 2.542636
v -2.195722 0.625816 0.106263
v -2.123847 0.373931 0.249790
v -0.190904 0.625815 1.079725
v -0.348143 0.373931 1.112003
v -1.650081 0.625815 2.764279
v -1.640563 0.373931 2.604044
v -2.499344 0.625815 0.311836
v -2.392771 0.373931 0.431869
v -0.310889 0.625816 0.733242
v -0.454415 0.373931 0.805117
v -1.284351 0.625815 2.738060
v -1.316629 0.373931 2.580821
v -2.739414 0.625815 0.588986
v -2.605406 0.373931 0.677346
v -0.516461 0.625815 0.429620
v -0.636494 0.373931 0.536193
v -0.937868 0.625816 2.618075
v -1.009743 0.373931 2.474549
v -2.899573 0.625815 0.918828
v -2.747262 0.373931 0.969493
v -0.793612 0.625815 0.189550
v -0.881972 0.373931 0.323558
v -0.634246 0.625815 2.412503
v -0.740819 0.373931 2.292470
v -2.968905 0.625816 1.278883
v -2.808670 0.373931 1.288401
v -1.123454 0.625816 0.029391
v -1.174119 0.373931 0.181703
v -0.669260 0.129837 1.953972
v -0.528183 0.373931 2.046992
v -2.619916 0.129837 1.578355
v -2.785447 0.373931 1.612336
v -2.370731 0.129837 2.075952
v -2.497095 0.373931 2.188146
v -1.503047 0.129837 0.288980
v -1.493026 0.373931 0.120294
v -1.347556 0.249287 0.223617
v -1.316014 0.498575 0.059812
v -2.526898 0.249287 2.012222
v -2.665029 0.498575 2.105746
v -2.723295 0.249287 1.445080
v -2.889682 0.498575 1.457008
v -0.690399 0.249287 2.121312
v -0.564311 0.498575 2.230530
v -1.060348 0.249287 0.319155
v -0.987485 0.498575 0.169096
v -2.705347 0.249287 1.142931
v -2.869152 0.498575 1.111388
v -0.916742 0.249287 2.322272
v -0.823218 0.498575 2.460403
v -0.807652 0.249287 0.485773
v -0.698434 0.498575 0.359686
v -2.609809 0.249287 0.855722
v -2.759868 0.498575 0.782859
v -1.187385 0.249287 2.457804
v -1.132799 0.498575 2.615434
v -0.606692 0.249287 0.712116
v -0.468561 0.498575 0.618593
v -2.443191 0.249287 0.603027
v -2.569279 0.498575 0.493808
v -1.483884 0.249287 2.518670
v -1.471956 0.498575 2.685056
v -0.471160 0.249287 0.982759
v -0.313530 0.498575 0.928173
v -2.216848 0.249287 0.402066
v -2.310371 0.498575 0.263935
v -1.786033 0.249287 2.500722
v -1.817576 0.498575 2.664526
v -0.410295 0.249287 1.279259
v -0.243908 0.498575 1.267330
v -1.946205 0.249287 0.266535
v -2.000791 0.498575 0.108905
v -2.073242 0.249287 2.405183
v -2.146105 0.498575 2.555243
v -0.428243 0.249287 1.581408
v -0.264438 0.498575 1.612950
v -1.649706 0.249287 0.205669
v -1.661634 0.498575 0.039282
v -2.325937 0.249287 2.238565
v -2.435156 0.498575 2.364653
v -2.662429 0.249287 1.741579
v -2.820059 0.498575 1.796165
v -0.523781 0.249287 1.868616
v -0.373722 0.498575 1.941480
v -0.003431 1.308760 1.882214
v -3.039987 1.308759 2.099907
v -2.473747 1.308760 2.737665
v -1.898105 1.308760 -0.251765
v 0.077896 1.308760 1.459865
v -2.086839 1.308760 2.925533
v -2.304533 1.308759 -0.111022
v 0.047140 1.308760 1.030859
v -1.664491 1.308760 3.006860
v -2.660685 1.308759 0.130116
v -0.093603 1.308759 0.624431
v -1.235485 1.308760 2.976104
v -2.942291 1.308760 0.455217
v -0.334742 1.308759 0.268279
v -0.829057 1.308759 2.835361
v -3.130158 1.308760 0.842125
v -0.659842 1.308760 -0.013327
v -0.472905 1.308759 2.594222
v -3.211485 1.308760 1.264473
v -1.046750 1.308760 -0.201194
v -0.275370 0.937425 2.213688
v -3.082085 0.937425 1.673230
v -2.723545 0.937425 2.389201
v -1.475070 0.937425 -0.181997
v -1.263363 1.121794 -0.213614
v -2.895600 1.121794 2.261858
v -3.167418 1.121794 1.476920
v -0.353842 1.121794 2.412840
v -0.865860 1.121794 -0.081386
v -3.142578 1.121794 1.058738
v -0.667107 1.121794 2.690974
v -0.516124 1.121794 0.149217
v -3.010350 1.121794 0.661234
v -1.041683 1.121794 2.878553
v -0.237990 1.121794 0.462481
v -2.779747 1.121794 0.311498
v -1.452044 1.121794 2.962793
v -0.050411 1.121794 0.837057
v -2.466483 1.121794 0.033364
v -1.870226 1.121794 2.937952
v 0.033828 1.121794 1.247419
v -2.091907 1.121794 -0.154215
v -2.267730 1.121794 2.805725
v 0.008988 1.121794 1.665601
v -1.681545 1.121794 -0.238454
v -2.617465 1.121794 2.575122
v -3.083179 1.121794 1.887282
v -0.123239 1.121794 2.063104
v 0.020864 2.056622 1.890295
v -3.062881 2.056622 2.111372
v -2.487842 2.056622 2.759041
v -1.903254 2.056622 -0.276847
v 0.103455 2.056622 1.461384
v -2.094921 2.056622 2.949828
v -2.315998 2.056622 -0.133917
v 0.072221 2.056622 1.025710
v -1.666009 2.056622 3.032419
v -2.677685 2.056622 0.110969
v -0.070709 2.056622 0.612966
v -1.230336 2.056622 3.001185
v -2.963666 2.056622 0.441122
v -0.315595 2.056622 0.251279
v -0.817592 2.056622 2.858255
v -3.154454 2.056622 0.834043
v -0.645748 2.056622 -0.034703
v -0.455905 2.056622 2.613369
v -3.237045 2.056622 1.262955
v -1.038669 2.056622 -0.225490
v -0.151881 1.682691 2.295113
v -3.226981 1.682691 1.702974
v -2.834156 1.682691 2.487408
v -1.466299 1.682691 -0.329654
v -1.246237 1.869657 -0.302556
v -2.970603 1.869657 2.312639
v -3.257763 1.869657 1.483397
v -0.285379 1.869657 2.472144
v -0.826297 1.869657 -0.162866
v -3.231520 1.869657 1.041611
v -0.616325 1.869657 2.765977
v -0.456820 1.869657 0.080754
v -3.091830 1.869657 0.621671
v -1.012043 1.869657 2.964143
v -0.162987 1.869657 0.411699
v -2.848210 1.869657 0.252195
v -1.445567 1.869657 3.053137
v 0.035179 1.869657 0.807418
v -2.517265 1.869657 -0.041638
v -1.887353 1.869657 3.026895
v 0.124173 1.869657 1.240942
v -2.121546 1.869657 -0.239805
v -2.307293 1.869657 2.887204
v 0.097931 1.869657 1.682727
v -1.688022 1.869657 -0.328799
v -2.676769 1.869657 2.643585
v -3.168768 1.869657 1.916921
v -0.041760 1.869657 2.102667
v -0.288356 2.801889 1.787435
v -2.771495 2.801888 1.965454
v -2.308454 2.801889 2.486979
v -1.837723 2.801889 0.042376
v -0.221851 2.801889 1.442060
v -1.992060 2.801889 2.640608
v -2.170079 2.801888 0.157469
v -0.247002 2.801889 1.091241
v -1.646685 2.801889 2.707113
v -2.461322 2.801888 0.354660
v -0.362094 2.801888 0.758885
v -1.295866 2.801889 2.681962
v -2.691605 2.801889 0.620510
v -0.559285 2.801888 0.467642
v -0.963511 2.801888 2.566870
v -2.845233 2.801889 0.936904
v -0.825136 2.801889 0.237359
v -0.672268 2.801888 2.369679
v -2.911738 2.801889 1.282278
v -1.141529 2.801889 0.083731
v -0.260523 2.430554 2.223478
v -3.099506 2.430554 1.676806
v -2.736843 2.430554 2.401008
v -1.474016 2.430554 -0.199750
v -1.288421 2.617520 -0.083484
v -2.785866 2.617520 2.187561
v -3.035237 2.617520 1.467443
v -0.454009 2.617520 2.326075
v -0.923744 2.617520 0.037824
v -3.012448 2.617520 1.083795
v -0.741404 2.617519 2.581240
v -0.602889 2.617520 0.249384
v -2.891140 2.617520 0.719118
v -1.085047 2.617519 2.753329
v -0.347724 2.617519 0.536778
v -2.679580 2.617520 0.398264
v -1.461521 2.617520 2.830611
v -0.175635 2.617519 0.880421
v -2.392186 2.617519 0.143098
v -1.845169 2.617520 2.807822
v -0.098353 2.617520 1.256895
v -2.048543 2.617519 -0.028990
v -2.209846 2.617520 2.686515
v -0.121142 2.617520 1.640543
v -1.672069 2.617520 -0.106273
v -2.530700 2.617520 2.474955
v -2.957954 2.617519 1.843917
v -0.242450 2.617520 2.005220
v -1.262011 6.756055 1.563133
v -1.924412 6.756055 1.435581
v -1.839795 6.756055 1.604555
v -1.545147 6.756055 0.997737
v -1.145114 7.193271 1.502439
v -1.964154 7.193271 1.561157
v -1.811424 7.193271 1.733177
v -1.656158 7.193271 0.926848
v -1.123178 7.193271 1.388520
v -1.707065 7.193271 1.783850
v -1.765783 7.193271 0.964810
v -1.131473 7.193271 1.272806
v -1.593146 7.193271 1.805786
v -1.861846 7.193271 1.029851
v -1.169436 7.193271 1.163182
v -1.477432 7.193271 1.797491
v -1.937803 7.193271 1.117540
v -1.234477 7.193271 1.067118
v -1.367807 7.193271 1.759529
v -1.988476 7.193271 1.221899
v -1.322165 7.193271 0.991161
v -1.271743 7.193271 1.694487
v -2.010412 7.193271 1.335818
v -1.426525 7.193271 0.940488
v -1.495051 7.106394 0.989589
v -1.880980 7.106394 1.574893
v -1.945249 7.106394 1.389301
v -1.280002 7.106394 1.610592
v -1.401065 7.106394 1.020853
v -1.939376 7.106394 1.290425
v -1.354071 7.106394 1.676354
v -1.318373 7.106394 1.075377
v -1.908111 7.106394 1.196439
v -1.442636 7.106394 1.720706
v -1.252610 7.106394 1.149445
v -1.853587 7.106394 1.113747
v -1.539663 7.106394 1.740623
v -1.208259 7.106394 1.238011
v -1.779519 7.106394 1.047984
v -1.638539 7.106394 1.734750
v -1.188341 7.106394 1.335037
v -1.690953 7.106394 1.003633
v -1.732525 7.106394 1.703486
v -1.194214 7.106394 1.433913
v -1.593927 7.106394 0.983715
v -1.815217 7.106394 1.648962
v -1.925331 7.106394 1.486328
v -1.225478 7.106394 1.527900
v -1.231948 5.896496 1.473554
v -1.882328 5.896496 1.520180
v -1.761049 5.896496 1.656778
v -1.637756 5.896496 1.016491
v -1.214530 5.896496 1.383094
v -1.678180 5.896496 1.697016
v -1.724806 5.896496 1.046636
v -1.221117 5.896496 1.291208
v -1.587720 5.896496 1.714435
v -1.801088 5.896496 1.098284
v -1.251262 5.896496 1.204158
v -1.495834 5.896496 1.707847
v -1.861403 5.896496 1.167915
v -1.302910 5.896497 1.127876
v -1.408784 5.896496 1.677702
v -1.901641 5.896496 1.250784
v -1.372541 5.896496 1.067561
v -1.332502 5.896496 1.626055
v -1.919060 5.896496 1.341244
v -1.455410 5.896496 1.027323
v -1.237967 4.599160 1.578987
v -1.952625 4.599161 1.441373
v -1.861331 4.599160 1.623676
v -1.543440 4.599160 0.968987
v -1.239567 5.309855 1.521059
v -1.910532 5.309856 1.481203
v -1.804963 5.309855 1.637124
v -1.592807 5.309855 0.999337
v -1.209593 5.309855 1.430952
v -1.725684 5.309855 1.689397
v -1.685828 5.309855 1.018432
v -1.203962 5.309855 1.336157
v -1.635577 5.309855 1.719371
v -1.770738 5.309855 1.060953
v -1.223058 5.309856 1.243136
v -1.540783 5.309855 1.725002
v -1.841749 5.309855 1.124001
v -1.265579 5.309856 1.158226
v -1.447761 5.309855 1.705906
v -1.894023 5.309855 1.203280
v -1.328627 5.309855 1.087215
v -1.362852 5.309855 1.663385
v -1.923996 5.309855 1.293387
v -1.407906 5.309855 1.034941
v -1.291840 5.309855 1.600337
v -1.929627 5.309855 1.388181
v -1.868011 5.309856 1.566112
v -1.498012 5.309855 1.004968
v -1.272187 5.896496 1.556423
v -1.912473 5.896497 1.433130
v -1.830680 5.896496 1.596462
v -1.545870 5.896496 1.009904
v -1.220383 6.756055 1.477401
v -1.893227 6.756055 1.525638
v -1.767758 6.756055 1.666953
v -1.640207 6.756055 1.004552
v -1.202362 6.756055 1.383817
v -1.682027 6.756055 1.708581
v -1.730264 6.756055 1.035738
v -1.209177 6.756055 1.288757
v -1.588442 6.756055 1.726602
v -1.809180 6.756055 1.089169
v -1.240363 6.756055 1.198700
v -1.493383 6.756055 1.719787
v -1.871579 6.756055 1.161206
v -1.293795 6.756055 1.119784
v -1.403326 6.756055 1.688601
v -1.913207 6.756055 1.246937
v -1.365831 6.756055 1.057385
v -1.324409 6.756055 1.635169
v -1.931227 6.756055 1.340522
v -1.451563 6.756055 1.015757
v -1.246769 6.361107 1.517562
v -1.902966 6.361107 1.478583
v -1.799721 6.361107 1.631072
v -1.592234 6.361107 1.007322
v -1.217455 6.361107 1.429438
v -1.722187 6.361107 1.682195
v -1.683209 6.361107 1.025998
v -1.211948 6.361107 1.336730
v -1.634063 6.361107 1.711509
v -1.766249 6.361107 1.067583
v -1.230623 6.361107 1.245756
v -1.541355 6.361107 1.717016
v -1.835698 6.361107 1.129243
v -1.272208 6.361108 1.162715
v -1.450381 6.361107 1.698341
v -1.886821 6.361107 1.206777
v -1.333869 6.361107 1.093266
v -1.367340 6.361107 1.656756
v -1.916135 6.361107 1.294901
v -1.411402 6.361107 1.042143
v -1.297892 6.361108 1.595096
v -1.921642 6.361108 1.387609
v -1.861382 6.361108 1.561624
v -1.499526 6.361108 1.012829
v -2.112754 -0.000000 1.731820
v -1.998479 -0.000000 1.860529
v -1.854784 -0.000000 1.955276
v -1.691464 -0.000000 2.009603
v -1.519648 -0.000000 2.019809
v -1.351045 -0.000000 1.985198
v -1.197145 -0.000000 1.908129
v -1.068435 -0.000000 1.793853
v -0.973689 -0.000000 1.650159
v -0.919361 -0.000000 1.486839
v -0.909155 -0.000000 1.315022
v -0.943766 -0.000000 1.146419
v -1.020836 -0.000000 0.992519
v -1.135111 -0.000000 0.863810
v -1.278805 -0.000000 0.769063
v -1.442126 -0.000000 0.714735
v -1.613942 -0.000000 0.704529
v -1.782545 -0.000000 0.739140
v -1.936445 -0.000000 0.816210
v -2.065154 -0.000000 0.930486
v -2.159901 -0.000000 1.074180
v -2.214229 -0.000000 1.237500
v -2.224435 -0.000000 1.409316
v -2.189824 -0.000000 1.577919
v -0.888649 0.005193 0.760071
v -0.755922 0.005193 0.956104
v -1.160730 0.005193 2.173042
v -1.384435 0.005193 2.250510
v -2.427300 0.005193 1.075927
v -2.323894 0.005193 0.862965
v -1.067591 0.005193 0.605070
v -0.964696 0.005193 2.040315
v -2.472064 0.005193 1.308395
v -1.280552 0.005193 0.501664
v -0.809695 0.005193 1.861373
v -2.455136 0.005193 1.544529
v -2.244941 0.005193 1.964268
v -2.377668 0.005193 1.768235
v -1.513021 0.005193 0.456900
v -0.706289 0.005193 1.648412
v -2.065999 0.005193 2.119269
v -1.749154 0.005193 0.473828
v -0.661525 0.005193 1.415943
v -1.853037 0.005193 2.222675
v -1.972860 0.005193 0.551296
v -0.678454 0.005193 1.179810
v -1.620569 0.005193 2.267439
v -2.168893 0.005193 0.684023
v -1.167035 7.193271 1.556277
v -1.986722 7.193271 1.507587
v -1.857754 7.193271 1.698069
v -1.598572 7.193271 0.918913
v -1.130418 7.193271 1.446198
v -1.760903 7.193271 1.761929
v -1.712213 7.193271 0.942242
v -1.123539 7.193271 1.330392
v -1.650823 7.193271 1.798546
v -1.815943 7.193271 0.994187
v -1.146867 7.193271 1.216751
v -1.535017 7.193271 1.805425
v -1.902694 7.193271 1.071210
v -1.198813 7.193271 1.113021
v -1.421377 7.193271 1.782097
v -1.966554 7.193271 1.168061
v -1.275836 7.193271 1.026270
v -1.317647 7.193271 1.730151
v -2.003172 7.193271 1.278141
v -1.372687 7.193271 0.962410
v -1.230896 7.193271 1.653128
v -2.010051 7.193271 1.393947
v -1.934777 7.193271 1.611317
v -1.482767 7.193271 0.925792
v -1.473653 3.644672 0.878462
v -1.974689 3.644672 1.638340
v -2.058127 3.644672 1.397393
v -1.194463 3.644672 1.684686
v -1.351634 3.644672 0.919051
v -2.050502 3.644672 1.269027
v -1.290624 3.644672 1.770063
v -1.244278 3.644672 0.989838
v -2.009913 3.644672 1.147008
v -1.405605 3.644672 1.827643
v -1.158901 3.644672 1.085998
v -1.939126 3.644672 1.039652
v -1.531571 3.644672 1.853502
v -1.101321 3.644672 1.200979
v -1.842966 3.644672 0.954275
v -1.659937 3.644672 1.845876
v -1.075463 3.644672 1.326945
v -1.727985 3.644672 0.896695
v -1.781956 3.644672 1.805288
v -1.083088 3.644672 1.455312
v -1.602019 3.644672 0.870837
v -1.889312 3.644672 1.734501
v -2.032269 3.644672 1.523359
v -1.123677 3.644672 1.577330
v -0.303302 0.625816 1.975672
v -0.084704 1.308759 2.081815
v -0.061672 2.056623 2.092999
v -0.354817 2.801888 1.950659
v -2.894031 0.625815 1.821781
v -3.123658 1.308759 1.901299
v -3.147852 2.056623 1.909678
v -2.839917 2.801888 1.803042
v -2.486410 0.625816 2.423823
v -2.645513 1.308759 2.607501
v -2.662277 2.056623 2.626854
v -2.448915 2.801888 2.380538
v -1.667232 0.625816 -0.038799
v -1.684608 1.308759 -0.281182
v -1.686440 2.056623 -0.306721
v -1.663137 2.801888 0.018321
v -0.187568 0.625816 1.627752
v 0.051053 1.308759 1.673701
v 0.076195 2.056622 1.678542
v -0.243802 2.801888 1.616924
v -2.180298 0.625816 2.625662
v -2.286441 1.308759 2.844260
v -2.297625 2.056622 2.867292
v -2.155284 2.801888 2.574147
v -2.026407 0.625815 0.034933
v -2.105925 1.308759 -0.194694
v -2.114303 2.056623 -0.218888
v -2.007668 2.801888 0.089047
v -0.165826 0.625816 1.261732
v 0.076556 1.308759 1.244356
v 0.102095 2.056622 1.242525
v -0.222947 2.801888 1.265827
v -1.832378 0.625816 2.741396
v -1.878326 1.308759 2.980017
v -1.883168 2.056622 3.005159
v -1.821549 2.801888 2.685162
v -2.354260 0.625816 0.199114
v -2.490500 1.308759 -0.002108
v -2.504855 2.056622 -0.023310
v -2.322154 2.801888 0.246533
v -0.239558 0.625815 0.902557
v -0.009932 1.308759 0.823039
v 0.014263 2.056622 0.814661
v -0.293672 2.801888 0.921297
v -1.466358 0.625816 2.763138
v -1.448981 1.308759 3.005521
v -1.447150 2.056622 3.031059
v -1.470453 2.801888 2.706017
v -2.628449 0.625816 0.442555
v -2.812127 1.308759 0.283451
v -2.831480 2.056622 0.266687
v -2.585163 2.801888 0.480049
v -0.403739 0.625816 0.574704
v -0.202517 1.308759 0.438464
v -0.181316 2.056622 0.424109
v -0.451159 2.801888 0.606810
v -1.107183 0.625815 2.689406
v -1.027665 1.308759 2.919033
v -1.019287 2.056622 2.943227
v -1.125922 2.801888 2.635292
v -2.830287 0.625816 0.748666
v -3.048886 1.308759 0.642523
v -3.071918 2.056622 0.631339
v -2.778772 2.801888 0.773680
v -0.647180 0.625816 0.300515
v -0.488077 1.308759 0.116838
v -0.471313 2.056622 0.097484
v -0.684675 2.801888 0.343801
v -0.779330 0.625816 2.525225
v -0.643089 1.308759 2.726447
v -0.628735 2.056622 2.747648
v -0.811436 2.801888 2.477805
v -2.946021 0.625816 1.096586
v -3.184643 1.308759 1.050638
v -3.209785 2.056622 1.045796
v -2.889788 2.801888 1.107415
v -0.953292 0.625816 0.098677
v -0.847149 1.308759 -0.119922
v -0.835965 2.056622 -0.142954
v -0.978305 2.801888 0.150192
v -0.505141 0.625816 2.281784
v -0.321463 1.308759 2.440887
v -0.302110 2.056622 2.457651
v -0.548427 2.801888 2.244289
v -2.967763 0.625816 1.462606
v -3.210146 1.308759 1.479983
v -3.235685 2.056622 1.481814
v -2.910643 2.801888 1.458511
v -2.729851 0.625816 2.149634
v -2.931072 1.308759 2.285875
v -2.952274 2.056622 2.300230
v -2.682431 2.801888 2.117528
v -1.301212 0.625816 -0.017057
v -1.255263 1.308759 -0.255679
v -1.250422 2.056622 -0.280821
v -1.312040 2.801888 0.039176
v -0.626629 3.113497 1.818678
v -0.920774 3.365382 1.675852
v -2.554393 3.113498 1.704167
v -2.245408 3.365382 1.597168
v -2.251081 3.113497 2.152147
v -2.036992 3.365382 1.904990
v -1.641530 3.113497 0.319707
v -1.618148 3.365382 0.645858
v -0.540511 3.113497 1.559790
v -0.861600 3.365382 1.497961
v -2.023303 3.113497 2.302335
v -1.880478 3.365382 2.008190
v -1.908792 3.113498 0.374571
v -1.801793 3.365382 0.683556
v -0.524333 3.113497 1.287434
v -0.850483 3.365382 1.310816
v -1.764415 3.113497 2.388453
v -1.702587 3.365382 2.067364
v -2.152748 3.113498 0.496738
v -1.969424 3.365382 0.767502
v -0.579197 3.113498 1.020172
v -0.888182 3.365382 1.127171
v -1.492060 3.113497 2.404631
v -1.515442 3.365382 2.078481
v -2.356772 3.113497 0.677883
v -2.109616 3.365382 0.891973
v -0.701364 3.113498 0.776216
v -0.972127 3.365382 0.959540
v -1.224797 3.113498 2.349767
v -1.331796 3.365382 2.040782
v -2.506961 3.113497 0.905661
v -2.212816 3.365382 1.048486
v -0.882509 3.113497 0.572192
v -1.096598 3.365382 0.819348
v -0.980841 3.113498 2.227600
v -1.164166 3.365382 1.956837
v -2.593079 3.113497 1.164549
v -2.271990 3.365382 1.226377
v -1.110286 3.113497 0.422003
v -1.253112 3.365382 0.716148
v -0.776817 3.113497 2.046455
v -1.023974 3.365382 1.832366
v -2.609257 3.113497 1.436904
v -2.283107 3.365382 1.413522
v -2.432226 3.113498 1.948123
v -2.161462 3.365382 1.764798
v -1.369175 3.113497 0.335886
v -1.431003 3.365382 0.656974
v -1.363515 0.129837 0.306495
v -1.331563 0.373931 0.140562
v -2.457010 0.129837 1.964903
v -2.596935 0.373931 2.059642
v -2.639111 0.129837 1.439045
v -2.807659 0.373931 1.451128
v -0.754194 0.129837 2.066052
v -0.626468 0.373931 2.176689
v -1.097213 0.129837 0.395079
v -1.023404 0.373931 0.243070
v -2.622469 0.129837 1.158889
v -2.788402 0.373931 1.126938
v -0.964061 0.129837 2.252384
v -0.869322 0.373931 2.392310
v -0.862912 0.129837 0.549568
v -0.752275 0.373931 0.421842
v -2.533885 0.129837 0.892587
v -2.685894 0.373931 0.818778
v -1.215003 0.129837 2.378050
v -1.159708 0.373931 2.537727
v -0.676580 0.129837 0.759435
v -0.536655 0.373931 0.664697
v -2.379396 0.129837 0.658287
v -2.507122 0.373931 0.547649
v -1.489919 0.129837 2.434485
v -1.477836 0.373931 2.603033
v -0.550914 0.129837 1.010378
v -0.391237 0.373931 0.955082
v -2.169529 0.129837 0.471954
v -2.264267 0.373931 0.332029
v -1.770075 0.129837 2.417844
v -1.802026 0.373931 2.583776
v -0.494479 0.129837 1.285294
v -0.325931 0.373931 1.273211
v -1.918587 0.129837 0.346289
v -1.973882 0.373931 0.186611
v -2.036376 0.129837 2.329260
v -2.110186 0.373931 2.481268
v -0.511121 0.129837 1.565449
v -0.345188 0.373931 1.597401
v -1.643670 0.129837 0.289854
v -1.655754 0.373931 0.121305
v -2.270677 0.129837 2.174770
v -2.381315 0.373931 2.302496
v -2.582675 0.129837 1.713961
v -2.742353 0.373931 1.769256
v -0.599705 0.129837 1.831751
v -0.447696 0.373931 1.905561
v -1.274304 0.937425 -0.156796
v -2.847687 0.937425 2.229417
v -3.109704 0.937425 1.472782
v -0.397578 0.937425 2.374956
v -0.891134 0.937425 -0.029336
v -3.085760 0.937425 1.069679
v -0.699547 0.937425 2.643062
v -0.554008 0.937425 0.192953
v -2.958300 0.937425 0.686508
v -1.060617 0.937425 2.823876
v -0.285903 0.937425 0.494921
v -2.736012 0.937425 0.349383
v -1.456182 0.937425 2.905079
v -0.105088 0.937425 0.855991
v -2.434043 0.937425 0.081277
v -1.859285 0.937425 2.881134
v -0.023885 0.937425 1.251557
v -2.072973 0.937425 -0.099538
v -2.242456 0.937425 2.753674
v -0.047830 0.937425 1.654660
v -1.677408 0.937425 -0.180740
v -2.579581 0.937425 2.531386
v -3.028502 0.937425 1.868348
v -0.175290 0.937425 2.037830
v -1.246336 1.682691 -0.302042
v -2.970169 1.682691 2.312346
v -3.257241 1.682691 1.483359
v -0.285775 1.682691 2.471801
v -0.826525 1.682691 -0.162395
v -3.231007 1.682691 1.041710
v -0.616618 1.682691 2.765543
v -0.457163 1.682691 0.081149
v -3.091359 1.682691 0.621900
v -1.012215 1.682691 2.963648
v -0.163421 1.682691 0.411993
v -2.847815 1.682691 0.252538
v -1.445605 1.682691 3.052615
v 0.034684 1.682691 0.807589
v -2.516971 1.682691 -0.041205
v -1.887254 1.682691 3.026381
v 0.123651 1.682691 1.240980
v -2.121375 1.682691 -0.239310
v -2.307064 1.682691 2.886733
v 0.097417 1.682691 1.682628
v -1.687985 1.682691 -0.328277
v -2.676426 1.682691 2.643189
v -3.168274 1.682691 1.916749
v -0.042231 1.682691 2.102439
v -1.270942 2.430554 -0.174258
v -2.862413 2.430554 2.239388
v -3.127442 2.430554 1.474054
v -0.384136 2.430554 2.386600
v -0.883366 2.430554 -0.045333
v -3.103222 2.430554 1.066316
v -0.689576 2.430554 2.657787
v -0.542365 2.430554 0.179511
v -2.974298 2.430554 0.678740
v -1.054797 2.430553 2.840681
v -0.271177 2.430554 0.484951
v -2.749454 2.430554 0.337739
v -1.454910 2.430554 2.922817
v -0.088283 2.430553 0.850172
v -2.444014 2.430554 0.066551
v -1.862648 2.430554 2.898597
v -0.006147 2.430554 1.250285
v -2.078792 2.430553 -0.116343
v -2.250224 2.430554 2.769672
v -0.030367 2.430554 1.658022
v -1.678679 2.430554 -0.198478
v -2.591225 2.430554 2.544828
v -3.045307 2.430553 1.874167
v -0.159292 2.430554 2.045598
v -1.497765 6.756055 1.003685
v -1.869093 6.756055 1.566845
v -1.930931 6.756055 1.388275
v -1.290853 6.756055 1.601193
v -1.407335 6.756055 1.033766
v -1.925279 6.756055 1.293140
v -1.362119 6.756055 1.664467
v -1.327771 6.756055 1.086227
v -1.895198 6.756055 1.202709
v -1.447334 6.756055 1.707141
v -1.264497 6.756055 1.157493
v -1.842737 6.756055 1.123146
v -1.540690 6.756055 1.726305
v -1.221823 6.756055 1.242708
v -1.771471 6.756055 1.059871
v -1.635824 6.756055 1.720654
v -1.202659 6.756055 1.336064
v -1.686256 6.756055 1.017198
v -1.726255 6.756055 1.690573
v -1.208310 6.756055 1.431199
v -1.592900 6.756055 0.998034
v -1.805819 6.756055 1.638111
v -1.911767 6.756055 1.481630
v -1.238391 6.756055 1.521629
v -1.212484 4.599160 1.534209
v -1.938981 4.599161 1.491055
v -1.824675 4.599160 1.659880
v -1.594959 4.599160 0.969307
v -1.180030 4.599160 1.436644
v -1.738835 4.599160 1.716480
v -1.695680 4.599160 0.989983
v -1.173933 4.599160 1.334005
v -1.641270 4.599160 1.748935
v -1.787617 4.599160 1.036023
v -1.194609 4.599161 1.233284
v -1.538630 4.599160 1.755031
v -1.864506 4.599160 1.104289
v -1.240649 4.599160 1.141347
v -1.437910 4.599160 1.734355
v -1.921106 4.599160 1.190130
v -1.308915 4.599160 1.064458
v -1.345972 4.599160 1.688316
v -1.953560 4.599160 1.287694
v -1.394755 4.599160 1.007858
v -1.269084 4.599160 1.620049
v -1.959657 4.599160 1.390334
v -1.892941 4.599160 1.582992
v -1.492320 4.599160 0.975404
v -1.249356 5.896497 1.516305
v -1.900249 5.896497 1.477642
v -1.797838 5.896497 1.628899
v -1.592029 5.896497 1.010191
v -1.220279 5.896497 1.428894
v -1.720931 5.896497 1.679608
v -1.682267 5.896497 1.028715
v -1.214816 5.896497 1.336936
v -1.633520 5.896497 1.708685
v -1.764637 5.896497 1.069964
v -1.233341 5.896497 1.246697
v -1.541561 5.896497 1.714148
v -1.833524 5.896497 1.131126
v -1.274590 5.896496 1.164327
v -1.451322 5.896497 1.695623
v -1.884234 5.896497 1.208033
v -1.335751 5.896497 1.095440
v -1.368953 5.896497 1.654375
v -1.913311 5.896497 1.295444
v -1.412659 5.896497 1.044730
v -1.300066 5.896497 1.593213
v -1.918773 5.896497 1.387403
v -1.859000 5.896496 1.560012
v -1.500070 5.896497 1.015653
v -0.821859 0.005193 0.857799
v -1.272414 0.005193 2.212263
v -2.376060 0.005193 0.969221
v -0.977783 0.005193 0.682181
v -1.062424 0.005193 2.107105
v -2.450188 0.005193 1.192064
v -1.173847 0.005193 0.552904
v -0.886807 0.005193 1.951181
v -2.464114 0.005193 1.426499
v -2.311731 0.005193 1.866540
v -1.396690 0.005193 0.478776
v -0.757529 0.005193 1.755118
v -2.416889 0.005193 1.656550
v -2.155807 0.005193 2.042157
v -1.631125 0.005193 0.464851
v -0.683402 0.005193 1.532275
v -1.959743 0.005193 2.171435
v -1.861176 0.005193 0.512075
v -0.669476 0.005193 1.297840
v -1.736900 0.005193 2.245563
v -2.071166 0.005193 0.617233
v -0.716701 0.005193 1.067788
v -1.502465 0.005193 2.259488
v -2.246783 0.005193 0.773157
v -1.566795 -0.000000 1.362169
v -2.477890 0.008862 1.818424
v -2.328759 0.008862 2.038686
v -2.127700 0.008862 2.212845
v -1.888416 0.008862 2.329031
v -1.627214 0.008862 2.379329
v -1.361895 0.008862 2.360308
v -1.110541 0.008862 2.273265
v -0.890278 0.008862 2.124134
v -0.716120 0.008862 1.923075
v -0.599933 0.008862 1.683791
v -0.549636 0.008862 1.422589
v -0.568656 0.008862 1.157270
v -0.655699 0.008862 0.905915
v -0.804830 0.008862 0.685653
v -1.005889 0.008862 0.511494
v -1.245173 0.008862 0.395307
v -1.506376 0.008862 0.345010
v -1.771694 0.008862 0.364031
v -2.023049 0.008862 0.451074
v -2.243311 0.008862 0.600205
v -2.417470 0.008862 0.801264
v -2.533657 0.008862 1.040548
v -2.583954 0.008862 1.301750
v -2.564934 0.008862 1.567069
v -2.050936 7.241747 1.604615
v -1.971690 7.241748 1.721659
v -1.864851 7.241748 1.814204
v -1.737699 7.241748 1.875945
v -1.598900 7.241748 1.902671
v -1.457914 7.241748 1.892563
v -1.324349 7.241748 1.846311
v -1.207305 7.241748 1.767065
v -1.114760 7.241748 1.660226
v -1.053020 7.241748 1.533074
v -1.026292 7.241748 1.394276
v -1.036401 7.241748 1.253289
v -1.082653 7.241747 1.119723
v -1.161900 7.241748 1.002680
v -1.268739 7.241748 0.910134
v -1.395891 7.241748 0.848394
v -1.534689 7.241748 0.821667
v -1.675676 7.241748 0.831775
v -1.809241 7.241748 0.878028
v -1.926284 7.241748 0.957274
v -2.018830 7.241748 1.064113
v -2.080570 7.241748 1.191264
v -2.107297 7.241748 1.330064
v -2.097189 7.241748 1.471050
v -1.168286 3.983996 1.624932
v -1.113857 3.983996 1.512836
v -2.034384 3.983996 1.458157
v -1.993608 3.983996 1.575907
v -1.923746 3.983996 1.679091
v -1.829558 3.983996 1.760678
v -1.538491 3.983996 0.885669
v -1.662783 3.983996 0.894580
v -1.090295 3.983996 1.390473
v -1.717462 3.983996 1.815107
v -1.780533 3.983996 0.935356
v -1.099206 3.983996 1.266181
v -1.595099 3.983996 1.838669
v -1.883716 3.983996 1.005218
v -1.139981 3.983996 1.148432
v -1.470807 3.983996 1.829758
v -1.965303 3.983996 1.099406
v -1.209844 3.983996 1.045248
v -1.353057 3.983996 1.788983
v -2.019732 3.983996 1.211502
v -1.304032 3.983996 0.963661
v -1.249874 3.983996 1.719120
v -2.043295 3.983996 1.333865
v -1.416128 3.983996 0.909232
v -0.400086 2.998521 1.750268
v 0.015771 2.254683 1.888601
v 0.062229 1.490726 1.904055
v -0.129402 0.751945 1.840310
v -2.666210 2.998520 1.912729
v -3.058082 2.254684 2.108969
v -3.101860 1.490726 2.130892
v -2.921283 0.751945 2.040463
v -2.243637 2.998521 2.388676
v -2.484888 2.254683 2.754560
v -2.511838 1.490726 2.795435
v -2.400669 0.751945 2.626833
v -1.814046 2.998521 0.157720
v -1.902175 2.254683 -0.271589
v -1.912020 1.490726 -0.319549
v -1.871410 0.751945 -0.121722
v -0.339393 2.998521 1.435078
v 0.098097 2.254683 1.461065
v 0.146971 1.490726 1.463969
v -0.054627 0.751945 1.451993
v -1.954894 2.998521 2.528878
v -2.093227 2.254683 2.944735
v -2.108681 1.490726 2.991193
v -2.044936 0.751945 2.799562
v -2.117355 2.998520 0.262754
v -2.313595 2.254683 -0.129118
v -2.335518 1.490726 -0.172896
v -2.245089 0.751945 0.007681
v -0.362346 2.998521 1.114918
v 0.066963 2.254683 1.026789
v 0.114924 1.490726 1.016944
v -0.082904 0.751945 1.057554
v -1.639703 2.998521 2.589571
v -1.665690 2.254683 3.027061
v -1.668594 1.490726 3.075936
v -1.656618 0.751945 2.874338
v -2.383144 2.998520 0.442710
v -2.674120 2.254683 0.114982
v -2.706628 1.490726 0.078370
v -2.572544 0.751945 0.229390
v -0.467380 2.998520 0.811609
v -0.075508 2.254683 0.615369
v -0.031730 1.490726 0.593446
v -0.212307 0.751945 0.683875
v -1.319543 2.998521 2.566618
v -1.231414 2.254683 2.995927
v -1.221570 1.490726 3.043888
v -1.262180 0.751945 2.846061
v -2.593301 2.998521 0.685328
v -2.959185 2.254683 0.444077
v -3.000061 1.490726 0.417126
v -2.831459 0.751945 0.528295
v -0.647336 2.998520 0.545820
v -0.319608 2.254683 0.254844
v -0.282996 1.490726 0.222336
v -0.434016 0.751945 0.356420
v -1.016235 2.998520 2.461584
v -0.819995 2.254683 2.853456
v -0.798072 1.490726 2.897234
v -0.888501 0.751945 2.716657
v -2.733503 2.998521 0.974070
v -3.149361 2.254683 0.835737
v -3.195819 1.490726 0.820283
v -3.004188 0.751945 0.884028
v -0.889953 2.998521 0.335662
v -0.648702 2.254683 -0.030221
v -0.621751 1.490726 -0.071096
v -0.732920 0.751945 0.097506
v -0.750445 2.998520 2.281628
v -0.459469 2.254683 2.609356
v -0.426962 1.490726 2.645968
v -0.561046 0.751945 2.494948
v -2.794197 2.998521 1.289261
v -3.231687 2.254683 1.263273
v -3.280561 1.490726 1.260370
v -3.078963 0.751945 1.272346
v -1.178696 2.998521 0.195461
v -1.040363 2.254683 -0.220396
v -1.024909 1.490726 -0.266855
v -1.088654 0.751945 -0.075224
v -0.302131 0.751945 2.196044
v -0.133529 1.490726 2.307213
v -0.174404 2.254683 2.280262
v -0.540288 2.998521 2.039011
v -3.050686 0.751945 1.666784
v -3.248513 1.490726 1.707395
v -3.200552 2.254683 1.697550
v -2.771244 2.998520 1.609421
v -2.699575 0.751945 2.367919
v -2.850594 1.490726 2.502002
v -2.813982 2.254683 2.469495
v -2.486254 2.998521 2.178519
v -1.476972 0.751945 -0.149999
v -1.464996 1.490726 -0.351597
v -1.467899 2.254683 -0.302723
v -1.493886 2.998521 0.134768
v -0.809688 3.272420 1.861378
v -1.056319 3.515177 1.698759
v -2.455143 3.272420 1.544532
v -2.165760 3.515177 1.485126
v -2.244947 3.272420 1.964272
v -2.024036 3.515177 1.768135
v -1.513021 3.272420 0.456891
v -1.530538 3.515177 0.751790
v -0.986597 3.515177 1.555169
v -0.706282 3.272420 1.648414
v -2.113527 3.515177 1.635959
v -2.377676 3.272420 1.768239
v -1.903384 3.515177 1.872645
v -2.066004 3.272420 2.119276
v -1.689751 3.515177 0.763204
v -1.749157 3.272420 0.473821
v -0.956415 3.515177 1.398426
v -0.661517 3.272420 1.415944
v -1.759794 3.515177 1.942367
v -1.853040 3.272420 2.222682
v -1.840585 3.515177 0.815437
v -1.972864 3.272420 0.551288
v -0.967830 3.515177 1.239213
v -0.678446 3.272420 1.179807
v -1.603052 3.515177 1.972549
v -1.620569 3.272420 2.267447
v -1.972760 3.515177 0.904928
v -2.168898 3.272420 0.684016
v -1.020063 3.515177 1.088379
v -0.755914 3.272420 0.956100
v -1.443838 3.515177 1.961134
v -1.384433 3.272420 2.250518
v -2.077271 3.515177 1.025580
v -2.323902 3.272420 0.862960
v -1.109554 3.515177 0.956204
v -0.888642 3.272420 0.760066
v -1.293005 3.515177 1.908902
v -1.160725 3.272420 2.173050
v -2.146992 3.515177 1.169170
v -2.427308 3.272420 1.075924
v -1.230205 3.515177 0.851694
v -1.067586 3.272420 0.605062
v -1.160829 3.515177 1.819410
v -0.964692 3.272420 2.040322
v -2.177175 3.515177 1.325912
v -2.472073 3.272420 1.308395
v -1.373795 3.515177 0.781972
v -1.280550 3.272420 0.501656
v -0.276284 0.477091 1.791451
v -0.435378 0.226523 1.738529
v -2.782873 0.477091 1.971151
v -2.632954 0.226523 1.896075
v -2.315459 0.477091 2.497602
v -2.223162 0.226523 2.357625
v -1.840283 0.477091 0.029912
v -1.806567 0.226523 0.194154
v -0.209150 0.477091 1.442814
v -0.376520 0.226523 1.432872
v -1.996076 0.477091 2.652680
v -1.943154 0.226523 2.493587
v -2.175777 0.477091 0.146091
v -2.100701 0.226523 0.296010
v -0.234538 0.477091 1.088682
v -0.398779 0.226523 1.122398
v -1.647439 0.477091 2.719815
v -1.637498 0.226523 2.552443
v -2.469770 0.477091 0.345144
v -2.358451 0.226523 0.470524
v -0.350717 0.477091 0.753187
v -0.500636 0.226523 0.828263
v -1.293307 0.477091 2.694426
v -1.327023 0.226523 2.530185
v -2.702227 0.477091 0.613505
v -2.562251 0.226523 0.705801
v -0.549770 0.477091 0.459194
v -0.675149 0.226523 0.570513
v -0.957813 0.477091 2.578248
v -1.032889 0.226523 2.428329
v -2.857306 0.477091 0.932888
v -2.698212 0.226523 0.985810
v -0.818131 0.477091 0.226737
v -0.910427 0.226523 0.366713
v -0.663820 0.477091 2.379194
v -0.775139 0.226523 2.253815
v -2.924440 0.477091 1.281524
v -2.757069 0.226523 1.291466
v -1.137513 0.477091 0.071658
v -1.190435 0.226523 0.230752
v -0.571339 0.226523 2.018537
v -0.431363 0.477091 2.110833
v -2.734811 0.226523 1.601941
v -2.899052 0.477091 1.635657
v -2.458440 0.226523 2.153825
v -2.583820 0.477091 2.265144
v -1.496091 0.226523 0.171896
v -1.486150 0.477091 0.004524
v -0.007443 1.111347 1.880879
v -3.036206 1.111347 2.098014
v -2.471421 1.111347 2.734135
v -1.897255 1.111347 -0.247624
v 0.073676 1.111346 1.459614
v -2.085505 1.111346 2.921521
v -2.302640 1.111347 -0.107242
v 0.042998 1.111346 1.031709
v -1.664239 1.111346 3.002640
v -2.657878 1.111346 0.133278
v -0.097383 1.111347 0.626324
v -1.236335 1.111346 2.971962
v -2.938761 1.111346 0.457543
v -0.337903 1.111346 0.271086
v -0.830950 1.111347 2.831581
v -3.126147 1.111346 0.843459
v -0.662169 1.111346 -0.009797
v -0.475712 1.111346 2.591061
v -3.207265 1.111347 1.264725
v -1.048085 1.111347 -0.197183
v -0.194829 1.111347 2.266795
v -3.176588 1.111347 1.692630
v -2.795687 1.111347 2.453253
v -1.469351 1.111347 -0.278301
v 0.079759 1.871951 1.909887
v -3.118380 1.871950 2.139165
v -2.522009 1.871951 2.810859
v -1.915736 1.871951 -0.337647
v 0.165414 1.871950 1.465064
v -2.114512 1.871950 3.008723
v -2.343791 1.871950 -0.189416
v 0.133022 1.871950 1.013228
v -1.669689 1.871950 3.094378
v -2.718894 1.871951 0.064554
v -0.015210 1.871950 0.585174
v -1.217854 1.871950 3.061986
v -3.015484 1.871950 0.406955
v -0.269180 1.871951 0.210070
v -0.789799 1.871950 2.913754
v -3.213349 1.871950 0.814452
v -0.611581 1.871950 -0.086520
v -0.414696 1.871951 2.659784
v -3.299004 1.871950 1.259275
v -1.019078 1.871950 -0.284385
v -0.118105 1.871951 2.317384
v -3.266611 1.871951 1.711110
v -2.864410 1.871951 2.514268
v -1.463901 1.871951 -0.370040
v -0.137002 2.637599 1.837782
v -2.914121 2.637599 2.036877
v -2.396260 2.637599 2.620146
v -1.869799 2.637599 -0.113874
v -0.062623 2.637599 1.451518
v -2.042408 2.637599 2.791962
v -2.241503 2.637599 0.014843
v -0.090751 2.637599 1.059165
v -1.656143 2.637599 2.866341
v -2.567225 2.637599 0.235379
v -0.219469 2.637599 0.687461
v -1.263790 2.637599 2.838213
v -2.824771 2.637599 0.532704
v -0.440005 2.637599 0.361739
v -0.892087 2.637599 2.709496
v -2.996588 2.637599 0.886556
v -0.737330 2.637599 0.104193
v -0.566365 2.637599 2.488959
v -3.070967 2.637599 1.272820
v -1.091182 2.637599 -0.067623
v -0.308818 2.637599 2.191634
v -3.042838 2.637599 1.665174
v -2.693585 2.637599 2.362600
v -1.477446 2.637599 -0.142003
v -1.218609 7.092840 1.591750
v -1.975338 7.092840 1.446036
v -1.878671 7.092840 1.639070
v -1.542064 7.092840 0.945841
v -1.171054 7.092840 1.493810
v -1.939712 7.092840 1.548917
v -1.796376 7.092840 1.710354
v -1.650662 7.092840 0.953627
v -1.150467 7.092840 1.386900
v -1.698436 7.092840 1.757910
v -1.753542 7.092840 0.989254
v -1.158252 7.092840 1.278302
v -1.591526 7.092840 1.778497
v -1.843696 7.092840 1.050293
v -1.193878 7.092840 1.175422
v -1.482928 7.092840 1.770712
v -1.914981 7.092840 1.132589
v -1.254919 7.092840 1.085268
v -1.380048 7.092840 1.735085
v -1.962536 7.092840 1.230528
v -1.337214 7.092840 1.013984
v -1.289894 7.092840 1.674045
v -1.983123 7.092840 1.337440
v -1.435154 7.092840 0.966428
v -1.183685 5.311072 1.489609
v -1.927807 5.311073 1.542955
v -1.789047 5.311072 1.699239
v -1.647985 5.311072 0.966668
v -1.163757 5.311072 1.386110
v -1.694234 5.311072 1.745279
v -1.747581 5.311072 1.001158
v -1.171294 5.311072 1.280980
v -1.590735 5.311072 1.765207
v -1.834857 5.311072 1.060249
v -1.205783 5.311073 1.181383
v -1.485605 5.311072 1.757670
v -1.903865 5.311072 1.139917
v -1.264875 5.311074 1.094108
v -1.386009 5.311072 1.723181
v -1.949904 5.311072 1.234730
v -1.344542 5.311072 1.025099
v -1.298733 5.311072 1.664089
v -1.969833 5.311072 1.338229
v -1.439356 5.311072 0.979060
v -1.229725 5.311072 1.584422
v -1.962296 5.311074 1.443359
v -1.868715 5.311072 1.630231
v -1.542855 5.311072 0.959132
v -1.236397 6.360513 1.580022
v -1.954467 6.360513 1.441752
v -1.862738 6.360513 1.624925
v -1.543328 6.360513 0.967109
v -1.191269 6.360513 1.487086
v -1.920661 6.360513 1.539377
v -1.784648 6.360513 1.692568
v -1.646377 6.360513 0.974497
v -1.171735 6.360513 1.385636
v -1.691711 6.360513 1.737695
v -1.744002 6.360513 1.008303
v -1.179123 6.360513 1.282587
v -1.590262 6.360513 1.757229
v -1.829550 6.360513 1.066226
v -1.212929 6.360513 1.184962
v -1.487213 6.360513 1.749841
v -1.897193 6.360513 1.144316
v -1.270851 6.360513 1.099414
v -1.389587 6.360513 1.716035
v -1.942321 6.360513 1.237253
v -1.348942 6.360513 1.031771
v -1.304039 6.360513 1.658113
v -1.961855 6.360513 1.338703
v -1.441878 6.360513 0.986643
v -2.236104 -0.039992 1.697343
v -2.126549 -0.039992 1.859152
v -1.978847 -0.039992 1.987092
v -1.803064 -0.039992 2.072445
v -1.611180 -0.039992 2.109394
v -1.416272 -0.039992 2.095422
v -1.231622 -0.039992 2.031478
v -1.069812 -0.039992 1.921923
v -0.941872 -0.039992 1.774221
v -0.856519 -0.039992 1.598439
v -0.819570 -0.039992 1.406555
v -0.833543 -0.039992 1.211646
v -0.897486 -0.039992 1.026996
v -1.007041 -0.039992 0.865187
v -1.154743 -0.039992 0.737247
v -1.330526 -0.039992 0.651894
v -1.522410 -0.039992 0.614944
v -1.717318 -0.039992 0.628917
v -1.901968 -0.039992 0.692860
v -2.063777 -0.039992 0.802415
v -2.191718 -0.039992 0.950117
v -2.277071 -0.039992 1.125900
v -2.314020 -0.039992 1.317784
v -2.300047 -0.039992 1.512693
v -2.410550 0.008876 1.933446
v -2.233941 0.008876 2.132360
v -2.011869 0.008876 2.278786
v -1.759465 0.008876 2.362747
v -1.493932 0.008876 2.378520
v -1.233363 0.008876 2.325031
v -0.995518 0.008876 2.205924
v -0.796604 0.008876 2.029315
v -0.650178 0.008876 1.807244
v -0.566217 0.008876 1.554839
v -0.550444 0.008876 1.289306
v -0.603933 0.008876 1.028737
v -0.723040 0.008876 0.790892
v -0.899649 0.008876 0.591978
v -1.121721 0.008876 0.445552
v -1.374125 0.008876 0.361591
v -1.639658 0.008876 0.345819
v -1.900227 0.008876 0.399308
v -2.138072 0.008876 0.518414
v -2.336986 0.008876 0.695023
v -2.483412 0.008876 0.917095
v -2.567373 0.008876 1.169499
v -2.583146 0.008876 1.435032
v -2.529656 0.008876 1.695602
v -2.015145 7.241747 1.665731
v -1.921300 7.241747 1.771429
v -1.803296 7.241747 1.849236
v -1.669174 7.241747 1.893851
v -1.528077 7.241747 1.902232
v -1.389618 7.241747 1.873809
v -1.263233 7.241747 1.810519
v -1.157535 7.241747 1.716674
v -1.079728 7.241747 1.598671
v -1.035113 7.241747 1.464549
v -1.026732 7.241747 1.323451
v -1.055155 7.241747 1.184992
v -1.118445 7.241747 1.058607
v -1.212290 7.241747 0.952910
v -1.330293 7.241747 0.875103
v -1.464415 7.241747 0.830488
v -1.605513 7.241747 0.822106
v -1.743972 7.241747 0.850529
v -1.870357 7.241747 0.913820
v -1.976054 7.241747 1.007664
v -2.053861 7.241747 1.125668
v -2.098476 7.241747 1.259790
v -2.106858 7.241747 1.400887
v -2.078435 7.241747 1.539347
v -1.169973 7.167896 1.623820
v -0.516962 0.104947 1.711390
v -2.032404 7.167896 1.457751
v -2.556076 0.104947 1.857577
v -1.922235 7.167896 1.677749
v -2.175834 0.104947 2.285846
v -1.538611 7.167896 0.887686
v -1.789278 0.104947 0.278376
v -0.462348 0.104947 1.427774
v -1.916016 0.104947 2.412002
v -2.062202 0.104947 0.372888
v -0.483002 0.104947 1.139686
v -1.632400 0.104947 2.466616
v -2.301366 0.104947 0.534818
v -0.577514 0.104947 0.866762
v -1.344312 0.104947 2.445962
v -2.490471 0.104947 0.753130
v -0.739443 0.104947 0.627598
v -1.071387 0.104947 2.351450
v -2.616628 0.104947 1.012948
v -0.957756 0.104947 0.438493
v -0.832224 0.104947 2.189521
v -2.671242 0.104947 1.296564
v -1.217574 0.104947 0.312336
v -1.124087 3.658084 1.654075
v -1.155161 4.601415 1.499097
v -2.086245 3.658084 1.468803
v -1.954687 4.601415 1.556416
v -1.963336 3.658084 1.714241
v -1.805595 4.601415 1.724338
v -1.535352 3.658084 0.832821
v -1.654029 4.601415 0.937219
v -1.133748 4.601415 1.387893
v -1.703722 4.601415 1.773803
v -1.761042 4.601415 0.974278
v -1.141845 4.601415 1.274935
v -1.592518 4.601415 1.795216
v -1.854817 4.601415 1.037769
v -1.178903 4.601415 1.167923
v -1.479560 4.601415 1.787119
v -1.928963 4.601415 1.123369
v -1.242394 4.601415 1.074147
v -1.372548 4.601415 1.750061
v -1.978428 4.601415 1.225242
v -1.327994 4.601415 1.000001
v -1.278773 4.601415 1.686570
v -1.999842 4.601415 1.336446
v -1.429867 4.601415 0.950536
v -1.476538 3.983996 0.893445
v -1.962055 3.983997 1.629785
v -2.042907 3.983996 1.396303
v -1.205997 3.983996 1.674697
v -1.358299 3.983996 0.932777
v -2.035519 3.983996 1.271912
v -1.299179 3.983996 1.757429
v -1.254267 3.983996 1.001372
v -1.996187 3.983996 1.153673
v -1.410597 3.983996 1.813225
v -1.171535 3.983997 1.094553
v -1.927593 3.983996 1.049642
v -1.532661 3.983996 1.838282
v -1.115739 3.983996 1.205971
v -1.834411 3.983996 0.966909
v -1.657052 3.983996 1.830893
v -1.090682 3.983996 1.328035
v -1.722993 3.983996 0.911114
v -1.775291 3.983996 1.791562
v -1.098071 3.983996 1.452426
v -1.600929 3.983996 0.886057
v -1.879322 3.983996 1.722967
v -2.017850 3.983996 1.518367
v -1.137403 3.983996 1.570665
v -0.550500 3.143981 1.700234
v -0.047081 2.445954 1.867694
v 0.079280 1.680751 1.909727
v -0.063253 0.923934 1.862314
v -2.524472 3.143981 1.841751
v -2.998855 2.445953 2.079310
v -3.117928 1.680751 2.138939
v -2.983615 0.923935 2.071678
v -2.156378 3.143981 2.256337
v -2.448425 2.445954 2.699260
v -2.521731 1.680751 2.810438
v -2.439043 0.923934 2.685031
v -1.782171 3.143981 0.313000
v -1.888856 2.445953 -0.206703
v -1.915635 1.680751 -0.337153
v -1.885429 0.923935 -0.190008
v -0.497631 3.143981 1.425678
v 0.031975 2.445954 1.457137
v 0.164910 1.680751 1.465034
v 0.014961 0.923934 1.456127
v -1.904860 3.143981 2.378464
v -2.072319 2.445954 2.881883
v -2.114353 1.680751 3.008245
v -2.066940 0.923934 2.865711
v -2.046376 3.143981 0.404492
v -2.283935 2.445953 -0.069891
v -2.343564 1.680751 -0.188964
v -2.276304 0.923935 -0.054651
v -0.517625 3.143981 1.146795
v 0.002078 2.445953 1.040109
v 0.132527 1.680751 1.013330
v -0.014618 0.923935 1.043536
v -1.630303 3.143981 2.431333
v -1.661763 2.445954 2.960939
v -1.669660 1.680751 3.093874
v -1.660752 0.923934 2.943925
v -2.277899 3.143981 0.561248
v -2.630142 2.445954 0.164515
v -2.718559 1.680751 0.064932
v -2.618827 0.923934 0.177260
v -0.609117 3.143981 0.882588
v -0.134735 2.445953 0.645029
v -0.015662 1.680751 0.585400
v -0.149975 0.923935 0.652661
v -1.351419 3.143981 2.411339
v -1.244734 2.445953 2.931042
v -1.217955 1.680751 3.061491
v -1.248161 0.923935 2.914347
v -2.460963 3.143981 0.772586
v -2.903886 2.445954 0.480539
v -3.015063 1.680752 0.407233
v -2.889657 0.923934 0.489921
v -0.765874 3.143981 0.651065
v -0.369141 2.445954 0.298822
v -0.269557 1.680751 0.210405
v -0.381886 0.923934 0.310137
v -1.087214 3.143981 2.319847
v -0.849654 2.445953 2.794230
v -0.790026 1.680751 2.913302
v -0.857286 0.923935 2.778989
v -2.583090 3.143981 1.024104
v -3.086508 2.445954 0.856645
v -3.212870 1.680752 0.814611
v -3.070336 0.923934 0.862024
v -0.977212 3.143981 0.468001
v -0.685165 2.445954 0.025078
v -0.611859 1.680751 -0.086099
v -0.694547 0.923934 0.039307
v -0.855691 3.143981 2.163090
v -0.503447 2.445954 2.559824
v -0.415031 1.680752 2.659407
v -0.514763 0.923934 2.547079
v -2.635959 3.143981 1.298661
v -3.165565 2.445954 1.267201
v -3.298500 1.680751 1.259304
v -3.148551 0.923934 1.268212
v -1.228730 3.143981 0.345874
v -1.061271 2.445954 -0.157544
v -1.019237 1.680751 -0.283906
v -1.066650 0.923934 -0.141372
v -0.365093 0.606158 2.154528
v -0.158511 1.301181 2.290742
v -0.137031 2.063529 2.304904
v -0.415475 2.826210 2.121309
v -2.976809 0.606158 1.651619
v -3.219202 1.301181 1.701378
v -3.244404 2.063529 1.706551
v -2.917694 2.826209 1.639484
v -2.643179 0.606158 2.317846
v -2.828218 1.301181 2.482136
v -2.847456 2.063529 2.499217
v -2.598052 2.826210 2.277779
v -1.481443 0.606158 -0.074715
v -1.466771 1.301181 -0.321727
v -1.465245 2.063529 -0.347409
v -1.485022 2.826210 -0.014473
v -0.204124 0.751945 2.023830
v -0.022458 1.490726 2.112040
v -0.066499 2.254683 2.090655
v -0.460739 2.998521 1.899228
v -2.998212 0.751945 1.857859
v -3.189045 1.490726 1.923943
v -3.142781 2.254683 1.907921
v -2.728652 2.998520 1.764513
v -2.558594 0.751945 2.507157
v -2.690819 1.490726 2.659805
v -2.658763 2.254683 2.622797
v -2.371823 2.998521 2.291537
v -1.675116 0.751945 -0.148768
v -1.689557 1.490726 -0.350202
v -1.686056 2.254683 -0.301367
v -1.654718 2.998521 0.135766
v -0.079306 0.751945 1.648599
v 0.119001 1.490726 1.686785
v 0.070925 2.254683 1.677527
v -0.359425 2.998521 1.594659
v -2.228456 0.751945 2.724840
v -2.316665 1.490726 2.906506
v -2.295280 2.254683 2.862464
v -2.103854 2.998521 2.468225
v -2.062485 0.751945 -0.069248
v -2.128568 1.490726 -0.260081
v -2.112547 2.254683 -0.213817
v -1.969138 2.998520 0.200312
v -0.055858 0.751945 1.253849
v 0.145576 1.490726 1.239408
v 0.096742 2.254683 1.242909
v -0.340392 2.998521 1.274247
v -1.853224 0.751945 2.849658
v -1.891410 1.490726 3.047965
v -1.882153 2.254683 2.999889
v -1.799284 2.998521 2.569539
v -2.416071 0.751945 0.107819
v -2.529295 1.490726 -0.059407
v -2.501846 2.254683 -0.018865
v -2.256138 2.998521 0.344034
v -0.135378 0.751945 0.866480
v 0.055455 1.490726 0.800396
v 0.009191 2.254683 0.816417
v -0.404937 2.998520 0.959826
v -1.458474 0.751945 2.873106
v -1.444033 1.490726 3.074541
v -1.447534 2.254683 3.025706
v -1.478872 2.998521 2.588572
v -2.711783 0.751945 0.370370
v -2.864430 1.490726 0.238145
v -2.827423 2.254683 0.270201
v -2.496162 2.998521 0.557141
v -0.312445 0.751945 0.512893
v -0.145219 1.490726 0.399669
v -0.185760 2.254683 0.427118
v -0.548660 2.998521 0.672826
v -1.071105 0.751945 2.793587
v -1.005022 1.490726 2.984419
v -1.021043 2.254683 2.938155
v -1.164452 2.998520 2.524027
v -2.929465 0.751945 0.700509
v -3.111132 1.490726 0.612298
v -3.067090 2.254683 0.633684
v -2.672851 2.998521 0.825110
v -0.574995 0.751945 0.217181
v -0.442771 1.490726 0.064534
v -0.474827 2.254683 0.101541
v -0.761767 2.998521 0.432801
v -0.717518 0.751945 2.616519
v -0.604295 1.490726 2.783745
v -0.631744 2.254683 2.743204
v -0.877451 2.998521 2.380304
v -3.054284 0.751945 1.075740
v -3.252591 1.490726 1.037554
v -3.204515 2.254683 1.046811
v -2.774164 2.998521 1.129680
v -0.905134 0.751945 -0.000501
v -0.816924 1.490726 -0.182168
v -0.838309 2.254683 -0.138126
v -1.029736 2.998521 0.256113
v -0.421807 0.751945 2.353969
v -0.269160 1.490726 2.486193
v -0.306167 2.254683 2.454137
v -0.637427 2.998521 2.167197
v -3.077732 0.751945 1.470490
v -3.279166 1.490726 1.484931
v -3.230331 2.254683 1.481430
v -2.793198 2.998521 1.450092
v -2.821145 0.751945 2.211446
v -2.988371 1.490726 2.324669
v -2.947829 2.254683 2.297220
v -2.584930 2.998521 2.051513
v -1.280366 0.751945 -0.125320
v -1.242180 1.490726 -0.323627
v -1.251437 2.254683 -0.275551
v -1.334306 2.998521 0.154800
v -0.672627 3.143981 1.951752
v -0.945962 3.396213 1.771524
v -2.615964 3.143981 1.577545
v -2.295248 3.396213 1.511707
v -2.367716 3.143981 2.073273
v -2.122885 3.396213 1.855899
v -1.503286 3.143981 0.293005
v -1.522700 3.396213 0.619835
v -1.063620 3.658084 1.529547
v -0.861167 3.396212 1.596893
v -2.040947 3.658084 1.599613
v -2.231723 3.396212 1.695149
v -1.858702 3.658084 1.804877
v -1.976150 3.396212 1.983002
v -1.673429 3.658084 0.842719
v -1.716333 3.396212 0.633716
v -1.037445 3.658084 1.393612
v -0.824460 3.396212 1.406265
v -1.734173 3.658084 1.865344
v -1.801518 3.396212 2.067798
v -1.804238 3.658084 0.888017
v -1.899775 3.396212 0.697241
v -1.047345 3.658084 1.255535
v -0.838342 3.396212 1.212631
v -1.598238 3.658084 1.891518
v -1.610890 3.396212 2.104504
v -1.918867 3.658084 0.965629
v -2.060525 3.396212 0.806079
v -1.092643 3.658084 1.124726
v -0.901866 3.396212 1.029189
v -1.460161 3.658084 1.881619
v -1.417257 3.396212 2.090622
v -2.009503 3.658084 1.070262
v -2.187628 3.396212 0.952814
v -1.170254 3.658084 1.010098
v -1.010705 3.396212 0.868439
v -1.329351 3.658084 1.836321
v -1.233815 3.396212 2.027098
v -2.069969 3.658084 1.194791
v -2.272423 3.396212 1.127446
v -1.274888 3.658084 0.919461
v -1.157440 3.396212 0.741336
v -1.214723 3.658084 1.758710
v -1.073065 3.396212 1.918260
v -2.096145 3.658084 1.330726
v -2.309129 3.396212 1.318074
v -1.399417 3.658084 0.858995
v -1.332071 3.396212 0.656541
v -0.751016 3.272420 1.758280
v -1.016760 3.515177 1.629245
v -2.423731 3.272420 1.658921
v -2.144581 3.515177 1.562253
v -2.160548 3.272420 2.047630
v -1.967130 3.515177 1.824338
v -1.631643 3.272420 0.457628
v -1.610518 3.515177 0.752286
v -0.676292 3.272420 1.533644
v -0.966377 3.515177 1.477785
v -1.962906 3.272420 2.177948
v -1.833871 3.515177 1.912205
v -1.863546 3.272420 0.505233
v -1.766879 3.515177 0.784384
v -0.662254 3.272420 1.297322
v -0.956912 3.515177 1.318446
v -1.738269 3.272420 2.252672
v -1.682411 3.515177 1.962587
v -2.075224 3.272420 0.611236
v -1.909601 3.515177 0.855856
v -0.709859 3.272420 1.065418
v -0.989009 3.515177 1.162086
v -1.501947 3.272420 2.266710
v -1.523072 3.515177 1.972052
v -2.252256 3.272420 0.768416
v -2.028964 3.515177 0.961834
v -0.815862 3.272420 0.853740
v -1.060481 3.515177 1.019363
v -1.270043 3.272420 2.219105
v -1.366711 3.515177 1.939955
v -2.382574 3.272420 0.966058
v -2.116830 3.515177 1.095093
v -0.973042 3.272420 0.676708
v -1.166459 3.515177 0.900000
v -1.058365 3.272420 2.113102
v -1.223988 3.515177 1.868483
v -2.457298 3.272420 1.190695
v -2.167212 3.515177 1.246553
v -1.170684 3.272420 0.546390
v -1.299719 3.515177 0.812134
v -0.881334 3.272420 1.955922
v -1.104626 3.515177 1.762505
v -2.471336 3.272420 1.427017
v -2.176678 3.515177 1.405893
v -2.317728 3.272420 1.870599
v -2.073108 3.515177 1.704976
v -1.395320 3.272420 0.471666
v -1.451179 3.515177 0.761752
v -0.200962 0.606158 1.816506
v -0.354781 0.351692 1.765339
v -2.853849 0.606158 2.006694
v -2.708902 0.351692 1.934108
v -2.359154 0.606158 2.563871
v -2.269919 0.351692 2.428536
v -1.856245 0.606158 -0.047845
v -1.823647 0.351692 0.110950
v -0.129911 0.606158 1.447521
v -0.291732 0.351692 1.437909
v -2.021132 0.606158 2.728002
v -1.969965 0.351692 2.574183
v -2.211320 0.606158 0.075115
v -2.138734 0.351692 0.220062
v -0.156781 0.606158 1.072719
v -0.315575 0.351692 1.105318
v -1.652147 0.606158 2.799053
v -1.642534 0.351692 2.637232
v -2.522471 0.606158 0.285785
v -2.414845 0.351692 0.407007
v -0.279741 0.606158 0.717644
v -0.424688 0.351692 0.790230
v -1.277345 0.606158 2.772183
v -1.309943 0.351692 2.613389
v -2.768497 0.606158 0.569810
v -2.633162 0.351692 0.659045
v -0.490411 0.606158 0.406493
v -0.611633 0.351692 0.514119
v -0.922270 0.606158 2.649223
v -0.994856 0.351692 2.504277
v -2.932627 0.606158 0.907833
v -2.778809 0.351692 0.958999
v -0.774436 0.606158 0.160467
v -0.863670 0.351692 0.295802
v -0.611118 0.606158 2.438553
v -0.718745 0.351692 2.317332
v -3.003679 0.606158 1.276817
v -2.841858 0.351692 1.286430
v -1.112458 0.606158 -0.003663
v -1.163625 0.351692 0.150156
v -0.643118 0.104947 1.971208
v -0.500428 0.351692 2.065294
v -2.650588 0.104947 1.584652
v -2.818015 0.351692 1.619021
v -2.394146 0.104947 2.096740
v -2.521957 0.351692 2.210219
v -1.501190 0.104947 0.257722
v -1.491055 0.351692 0.087106
v -1.341338 0.226523 0.191321
v -1.309635 0.477091 0.026682
v -2.554133 0.226523 2.030661
v -2.692967 0.477091 2.124661
v -2.756100 0.226523 1.447432
v -2.923335 0.477091 1.459421
v -0.665540 0.226523 2.142845
v -0.538808 0.477091 2.252621
v -1.045981 0.226523 0.289569
v -0.972747 0.477091 0.138746
v -2.737643 0.226523 1.136712
v -2.902282 0.477091 1.105009
v -0.898303 0.226523 2.349507
v -0.804303 0.477091 2.488342
v -0.786119 0.226523 0.460914
v -0.676344 0.477091 0.334183
v -2.639395 0.226523 0.841355
v -2.790219 0.477091 0.768122
v -1.176622 0.226523 2.488883
v -1.121758 0.477091 2.647316
v -0.579457 0.226523 0.693677
v -0.440622 0.477091 0.599677
v -2.468050 0.226523 0.581493
v -2.594781 0.477091 0.471718
v -1.481532 0.226523 2.551475
v -1.469543 0.477091 2.718710
v -0.440082 0.226523 0.971996
v -0.281649 0.477091 0.917132
v -2.235287 0.226523 0.374831
v -2.329287 0.477091 0.235997
v -1.792252 0.226523 2.533018
v -1.823955 0.477091 2.697657
v -0.377490 0.226523 1.276906
v -0.210254 0.477091 1.264918
v -1.956968 0.226523 0.235456
v -2.011832 0.477091 0.077023
v -2.087609 0.226523 2.434769
v -2.160842 0.477091 2.585593
v -0.395946 0.226523 1.587626
v -0.231308 0.477091 1.619330
v -1.652058 0.226523 0.172864
v -1.664047 0.477091 0.005629
v -2.347471 0.226523 2.263424
v -2.457246 0.477091 2.390156
v -2.693508 0.226523 1.752342
v -2.851941 0.477091 1.807206
v -0.494195 0.226523 1.882983
v -0.343371 0.477091 1.956217
v 0.033836 1.301181 1.894610
v -3.075104 1.301181 2.117493
v -2.495368 1.301181 2.770453
v -1.906003 1.301181 -0.290238
v 0.117102 1.301181 1.462193
v -2.099236 1.301181 2.962800
v -2.322119 1.301181 -0.146140
v 0.085613 1.301181 1.022961
v -1.666819 1.301181 3.046066
v -2.686761 1.301181 0.100746
v -0.058486 1.301181 0.606845
v -1.227587 1.301181 3.014577
v -2.975079 1.301181 0.433596
v -0.305372 1.301181 0.242203
v -0.811471 1.301181 2.870479
v -3.167426 1.301181 0.829728
v -0.638222 1.301181 -0.046115
v -0.446828 1.301181 2.623592
v -3.250691 1.301181 1.262145
v -1.034354 1.301181 -0.238462
v -0.243933 0.923935 2.234417
v -3.118972 0.923935 1.680803
v -2.751704 0.923935 2.414201
v -1.472838 0.923935 -0.219587
v -1.256063 1.111348 -0.251528
v -2.927573 1.111348 2.283504
v -3.205931 1.111348 1.479681
v -0.324658 1.111348 2.438120
v -0.848995 1.111348 -0.116119
v -3.180492 1.111348 1.051437
v -0.645460 1.111348 2.722947
v -0.490844 1.111348 0.120032
v -3.045083 1.111348 0.644369
v -1.029047 1.111348 2.915039
v -0.206017 1.111348 0.440834
v -2.808932 1.111348 0.286218
v -1.449283 1.111348 3.001305
v -0.013926 1.111348 0.824422
v -2.488130 1.111348 0.001391
v -1.877526 1.111348 2.975866
v 0.072341 1.111348 1.244658
v -2.104542 1.111348 -0.190700
v -2.284595 1.111348 2.840457
v 0.046902 1.111348 1.672901
v -1.684307 1.111348 -0.276967
v -2.642746 1.111348 2.604306
v -3.119664 1.111348 1.899917
v -0.088507 1.111348 2.079969
v 0.058248 2.063529 1.902731
v -3.098109 2.063529 2.129014
v -2.509529 2.063529 2.791933
v -1.911176 2.063529 -0.315440
v 0.142784 2.063529 1.463720
v -2.107356 2.063529 2.987212
v -2.333639 2.063529 -0.169145
v 0.110814 2.063529 1.017788
v -1.668345 2.063529 3.071748
v -2.703842 2.063529 0.081508
v -0.035481 2.063529 0.595325
v -1.222414 2.063529 3.039778
v -2.996558 2.063529 0.419435
v -0.286134 2.063529 0.225122
v -0.799951 2.063529 2.893483
v -3.191838 2.063529 0.821608
v -0.624061 2.063529 -0.067594
v -0.429747 2.063529 2.642831
v -3.276374 2.063529 1.260619
v -1.026233 2.063529 -0.262873
v -0.118526 1.680751 2.317105
v -3.266117 1.680752 1.711009
v -2.864033 1.680751 2.513933
v -1.463930 1.680751 -0.369536
v -1.238686 1.871951 -0.341770
v -3.003670 1.871951 2.335027
v -3.297594 1.871951 1.486253
v -0.255196 1.871951 2.498289
v -0.808854 1.871951 -0.198788
v -3.270734 1.871951 1.034060
v -0.593937 1.871951 2.799045
v -0.430675 1.871951 0.050570
v -3.127752 1.871951 0.604228
v -0.998975 1.871951 3.001878
v -0.129919 1.871951 0.389311
v -2.878394 1.871951 0.226049
v -1.442712 1.871951 3.092968
v 0.072914 1.871951 0.794349
v -2.539653 1.871951 -0.074706
v -1.894904 1.871951 3.066108
v 0.164004 1.871951 1.238086
v -2.134615 1.871951 -0.277539
v -2.324736 1.871951 2.923127
v 0.137144 1.871951 1.690278
v -1.690878 1.871951 -0.368629
v -2.702915 1.871951 2.673768
v -3.206503 1.871951 1.929989
v -0.005837 1.871951 2.120111
v -0.258225 2.826210 1.797458
v -2.799889 2.826209 1.979673
v -2.325935 2.826210 2.513489
v -1.844110 2.826210 0.011270
v -0.190152 2.826210 1.443944
v -2.002084 2.826210 2.670740
v -2.184298 2.826209 0.129075
v -0.215896 2.826210 1.084854
v -1.648568 2.826210 2.738812
v -2.482405 2.826209 0.330913
v -0.333701 2.826209 0.744666
v -1.289480 2.826210 2.713068
v -2.718115 2.826210 0.603029
v -0.535538 2.826209 0.446559
v -0.949292 2.826209 2.595263
v -2.875365 2.826210 0.926880
v -0.807655 2.826210 0.210849
v -0.651185 2.826209 2.393426
v -2.943438 2.826210 1.280396
v -1.131506 2.826210 0.053599
v -0.229704 2.445954 2.243799
v -3.135667 2.445954 1.684230
v -2.764449 2.445954 2.425517
v -1.471827 2.445954 -0.236601
v -1.281880 2.637599 -0.117453
v -2.814512 2.637599 2.206954
v -3.069742 2.637599 1.469918
v -0.427862 2.637599 2.348724
v -0.908634 2.637599 0.006705
v -3.046417 2.637599 1.077254
v -0.722009 2.637599 2.609886
v -0.580240 2.637599 0.223236
v -2.922259 2.637599 0.704008
v -1.073727 2.637599 2.786018
v -0.319078 2.637599 0.517383
v -2.705728 2.637599 0.375614
v -1.459046 2.637599 2.865116
v -0.142946 2.637599 0.869101
v -2.411581 2.637599 0.114453
v -1.851710 2.637599 2.841792
v -0.063848 2.637599 1.254421
v -2.059863 2.637599 -0.061679
v -2.224956 2.637599 2.717633
v -0.087173 2.637599 1.647084
v -1.674543 2.637599 -0.140777
v -2.553350 2.637599 2.501102
v -2.990643 2.637599 1.855238
v -0.211331 2.637599 2.020330
v -1.228635 6.754765 1.585140
v -1.963575 6.754765 1.443621
v -1.869691 6.754765 1.631098
v -1.542778 6.754765 0.957829
v -1.115775 7.167896 1.512199
v -1.991801 7.167897 1.575002
v -1.828446 7.167896 1.758991
v -1.662377 7.167896 0.896560
v -1.092312 7.167896 1.390353
v -1.716824 7.167896 1.813189
v -1.779628 7.167896 0.937163
v -1.101185 7.167896 1.266588
v -1.594979 7.167896 1.836652
v -1.882375 7.167896 1.006729
v -1.141788 7.167897 1.149336
v -1.471213 7.167896 1.827779
v -1.963616 7.167896 1.100518
v -1.211355 7.167896 1.046589
v -1.353962 7.167896 1.787176
v -2.017815 7.167896 1.212140
v -1.305144 7.167896 0.965348
v -1.251215 7.167896 1.717609
v -2.041278 7.167896 1.333985
v -1.416766 7.167896 0.911149
v -1.487935 7.092840 0.952635
v -1.912142 7.092840 1.595991
v -1.982785 7.092840 1.391992
v -1.251558 7.092839 1.635231
v -1.384627 7.092840 0.987000
v -1.976329 7.092840 1.283309
v -1.332973 7.092839 1.707517
v -1.293733 7.092840 1.046932
v -1.941965 7.092839 1.180002
v -1.430321 7.092840 1.756266
v -1.221448 7.092840 1.128348
v -1.882032 7.092840 1.089108
v -1.536972 7.092840 1.778159
v -1.172698 7.092840 1.225695
v -1.800616 7.092839 1.016822
v -1.645655 7.092840 1.771703
v -1.150805 7.092840 1.332346
v -1.703269 7.092840 0.968073
v -1.748963 7.092840 1.737338
v -1.157261 7.092840 1.441028
v -1.596618 7.092840 0.946179
v -1.839857 7.092840 1.677406
v -1.960891 7.092840 1.498643
v -1.191625 7.092840 1.544337
v -1.193995 5.896743 1.486179
v -1.918093 5.896743 1.538091
v -1.783067 5.896743 1.690171
v -1.645800 5.896743 0.977311
v -1.174601 5.896743 1.385466
v -1.690805 5.896743 1.734969
v -1.742716 5.896743 1.010871
v -1.181936 5.896743 1.283165
v -1.590092 5.896743 1.754363
v -1.827644 5.896743 1.068374
v -1.215497 5.896743 1.186248
v -1.487790 5.896743 1.747028
v -1.894796 5.896743 1.145897
v -1.272999 5.896743 1.101321
v -1.390873 5.896743 1.713467
v -1.939595 5.896743 1.238159
v -1.350523 5.896743 1.034168
v -1.305946 5.896743 1.655965
v -1.958988 5.896743 1.338873
v -1.442785 5.896743 0.989369
v -1.204627 4.601415 1.600970
v -1.991745 4.601415 1.449404
v -1.891196 4.601415 1.650191
v -1.541071 4.601415 0.929122
v -1.203601 5.311072 1.538521
v -1.948311 5.311073 1.494287
v -1.831140 5.311072 1.667343
v -1.595666 5.311072 0.959459
v -1.170334 5.311072 1.438512
v -1.743147 5.311072 1.725363
v -1.698912 5.311072 0.980653
v -1.164084 5.311072 1.333298
v -1.643138 5.311072 1.758630
v -1.793152 5.311072 1.027846
v -1.185279 5.311073 1.230052
v -1.537924 5.311072 1.764880
v -1.871969 5.311072 1.097824
v -1.232472 5.311073 1.135812
v -1.434678 5.311072 1.743685
v -1.929988 5.311072 1.185817
v -1.302450 5.311072 1.056995
v -1.340438 5.311072 1.696492
v -1.963256 5.311072 1.285826
v -1.390443 5.311072 0.998976
v -1.261621 5.311072 1.626514
v -1.969505 5.311072 1.391040
v -1.901118 5.311073 1.588526
v -1.490452 5.311072 0.965708
v -1.238794 5.896743 1.578441
v -1.951654 5.896743 1.441174
v -1.860590 5.896743 1.623018
v -1.543498 5.896743 0.969976
v -1.182449 6.754765 1.490020
v -1.928973 6.754765 1.543539
v -1.789766 6.754765 1.700329
v -1.648247 6.754765 0.965389
v -1.162454 6.754765 1.386187
v -1.694646 6.754765 1.746516
v -1.748165 6.754765 0.999991
v -1.170015 6.754765 1.280717
v -1.590812 6.754765 1.766510
v -1.835724 6.754765 1.059273
v -1.204617 6.754765 1.180799
v -1.485343 6.754765 1.758949
v -1.904954 6.754765 1.139198
v -1.263899 6.754765 1.093240
v -1.385425 6.754765 1.724347
v -1.951141 6.754765 1.234319
v -1.343824 6.754765 1.024010
v -1.297866 6.754765 1.665065
v -1.971135 6.754765 1.338152
v -1.438944 6.754765 0.977823
v -1.210791 6.360513 1.535030
v -1.940760 6.360513 1.491671
v -1.825908 6.360513 1.661302
v -1.595094 6.360513 0.967430
v -1.178182 6.360513 1.437001
v -1.739656 6.360513 1.718173
v -1.696297 6.360513 0.988204
v -1.172056 6.360513 1.333869
v -1.641626 6.360513 1.750782
v -1.788672 6.360513 1.034464
v -1.192830 6.360513 1.232667
v -1.538496 6.360513 1.756909
v -1.865929 6.360513 1.103057
v -1.239089 6.360513 1.140292
v -1.437293 6.360513 1.736134
v -1.922799 6.360513 1.189308
v -1.307682 6.360513 1.063037
v -1.344918 6.360513 1.689875
v -1.955408 6.360513 1.287338
v -1.393934 6.360513 1.006165
v -1.267662 6.360513 1.621282
v -1.961534 6.360513 1.390470
v -1.894500 6.360513 1.584047
v -1.491963 6.360513 0.973556
v -2.112998 -0.039999 1.731984
v -1.998672 -0.039999 1.860751
v -1.854913 -0.039999 1.955540
v -1.691520 -0.039999 2.009892
v -1.519626 -0.039999 2.020103
v -1.350948 -0.039999 1.985476
v -1.196980 -0.039999 1.908373
v -1.068213 -0.039999 1.794046
v -0.973424 -0.039999 1.650287
v -0.919072 -0.039999 1.486895
v -0.908861 -0.039999 1.315001
v -0.943488 -0.039999 1.146322
v -1.020591 -0.039999 0.992354
v -1.134918 -0.039999 0.863587
v -1.278677 -0.039999 0.768798
v -1.442070 -0.039999 0.714447
v -1.613963 -0.039999 0.704236
v -1.782642 -0.039999 0.738863
v -1.936610 -0.039999 0.815966
v -2.065377 -0.039999 0.930292
v -2.160166 -0.039999 1.074052
v -2.214518 -0.039999 1.237444
v -2.224728 -0.039999 1.409338
v -2.190102 -0.039999 1.578016
v -0.882332 -0.033903 0.754462
v -0.748368 -0.033903 0.952321
v -1.156947 -0.033903 2.180596
v -1.382737 -0.033903 2.258785
v -2.435316 -0.033903 1.073260
v -2.330947 -0.033903 0.858315
v -1.062941 -0.033903 0.598017
v -0.959088 -0.033903 2.046632
v -2.480497 -0.033903 1.307895
v -1.277886 -0.033903 0.493648
v -0.802643 -0.033903 1.866024
v -2.463410 -0.033903 1.546228
v -2.251257 -0.033903 1.969876
v -2.385221 -0.033903 1.772017
v -1.512520 -0.033903 0.448467
v -0.698274 -0.033903 1.651078
v -2.070649 -0.033903 2.126321
v -1.750853 -0.033903 0.465554
v -0.653093 -0.033903 1.416444
v -1.855704 -0.033903 2.230690
v -1.976643 -0.033903 0.543743
v -0.670179 -0.033903 1.178111
v -1.621069 -0.033903 2.275872
v -2.174502 -0.033903 0.677707
v -1.139221 7.167897 1.569783
v -2.015941 7.167897 1.517705
v -1.877999 7.167897 1.721440
v -1.600783 7.167897 0.888072
v -1.100056 7.167897 1.452044
v -1.774409 7.167897 1.789743
v -1.722331 7.167897 0.913023
v -1.092698 7.167897 1.328181
v -1.656669 7.167897 1.828909
v -1.833278 7.167897 0.968583
v -1.117649 7.167897 1.206633
v -1.532806 7.167897 1.836266
v -1.926065 7.167897 1.050966
v -1.173208 7.167897 1.095686
v -1.411259 7.167897 1.811316
v -1.994369 7.167897 1.154555
v -1.255591 7.167897 1.002899
v -1.300311 7.167897 1.755756
v -2.033534 7.167897 1.272295
v -1.359181 7.167897 0.934595
v -1.207524 7.167897 1.673373
v -2.040892 7.167897 1.396158
v -1.960381 7.167897 1.628653
v -1.476920 7.167897 0.895430
v -1.466527 3.658085 0.841459
v -2.005893 3.658084 1.659467
v -2.095715 3.658085 1.400089
v -1.165980 3.658085 1.709360
v -1.335174 3.658085 0.885153
v -2.087505 3.658085 1.261901
v -1.269497 3.658085 1.801267
v -1.219605 3.658085 0.961354
v -2.043812 3.658085 1.130548
v -1.393274 3.658085 1.863252
v -1.127697 3.658084 1.064871
v -1.967610 3.658085 1.014979
v -1.528876 3.658085 1.891089
v -1.065713 3.658085 1.188648
v -1.864093 3.658085 0.923071
v -1.667063 3.658085 1.882880
v -1.037875 3.658085 1.324250
v -1.740316 3.658085 0.861087
v -1.798416 3.658085 1.839186
v -1.046084 3.658085 1.462437
v -1.604714 3.658085 0.833250
v -1.913985 3.658085 1.762984
v -2.067877 3.658085 1.535691
v -1.089778 3.658085 1.593790
v -0.271966 0.606158 1.990888
v -0.049375 1.301181 2.098970
v -0.026231 2.063529 2.110208
v -0.326251 2.826209 1.964530
v -2.926948 0.606158 1.833181
v -3.160771 1.301181 1.914152
v -3.185081 2.063529 1.922570
v -2.869925 2.826209 1.813434
v -2.509218 0.606158 2.450153
v -2.671227 1.301181 2.637187
v -2.688072 2.063529 2.656633
v -2.469706 2.826209 2.404540
v -1.669723 0.606158 -0.073545
v -1.687417 1.301181 -0.320356
v -1.689257 2.063529 -0.346017
v -1.665408 2.826209 -0.013353
v -0.153362 0.606158 1.634339
v 0.089619 1.301181 1.681127
v 0.114883 2.063529 1.685992
v -0.212619 2.826209 1.622928
v -2.195513 0.606158 2.656998
v -2.303596 1.301181 2.879589
v -2.314834 2.063529 2.902734
v -2.169155 2.826209 2.602713
v -2.037807 0.606158 0.002016
v -2.118777 1.301181 -0.231807
v -2.127196 2.063529 -0.256117
v -2.018059 2.826209 0.059039
v -0.131081 0.606158 1.259241
v 0.115731 1.301181 1.241547
v 0.141392 2.063529 1.239707
v -0.191272 2.826209 1.263557
v -1.838965 0.606158 2.775602
v -1.885752 1.301181 3.018583
v -1.890617 2.063529 3.043847
v -1.827554 2.826209 2.716345
v -2.373789 0.606158 0.170268
v -2.512519 1.301181 -0.034631
v -2.526943 2.063529 -0.055934
v -2.339957 2.826209 0.220238
v -0.206641 0.606158 0.891158
v 0.027181 1.301181 0.810187
v 0.051492 2.063529 0.801768
v -0.263665 2.826209 0.910905
v -1.463866 0.606158 2.797884
v -1.446173 1.301181 3.044695
v -1.444333 2.063529 3.070356
v -1.468182 2.826209 2.737691
v -2.654779 0.606158 0.419747
v -2.841813 1.301181 0.257736
v -2.861258 2.063529 0.240892
v -2.609166 2.826209 0.459258
v -0.374893 0.606158 0.555175
v -0.169995 1.301181 0.416445
v -0.148692 2.063529 0.402021
v -0.424863 2.826209 0.589007
v -1.095783 0.606158 2.722323
v -1.014813 1.301181 2.956145
v -1.006394 2.063529 2.980456
v -1.115530 2.826209 2.665299
v -2.861624 0.606158 0.733451
v -3.084215 1.301181 0.625368
v -3.107359 2.063529 0.614130
v -2.807339 2.826209 0.759809
v -0.624372 0.606158 0.274185
v -0.462362 1.301181 0.087151
v -0.445518 2.063529 0.067706
v -0.663883 2.826209 0.319798
v -0.759800 0.606158 2.554071
v -0.621070 1.301181 2.758969
v -0.606647 2.063529 2.780272
v -0.793633 2.826209 2.504101
v -2.980228 0.606158 1.089999
v -3.223208 1.301181 1.043212
v -3.248473 2.063529 1.038347
v -2.920971 2.826209 1.101410
v -0.938076 0.606158 0.067340
v -0.829994 1.301181 -0.155251
v -0.818756 2.063529 -0.178395
v -0.964435 2.826209 0.121625
v -0.478811 0.606158 2.304592
v -0.291777 1.301181 2.466602
v -0.272331 2.063529 2.483447
v -0.524424 2.826209 2.265080
v -3.002509 0.606158 1.465098
v -3.249321 1.301181 1.482791
v -3.274981 2.063529 1.484632
v -2.942317 2.826209 1.460782
v -2.758696 0.606158 2.169164
v -2.963594 1.301181 2.307894
v -2.984898 2.063529 2.322317
v -2.708726 2.826209 2.135331
v -1.294625 0.606158 -0.051264
v -1.247838 1.301181 -0.294244
v -1.242973 2.063529 -0.319508
v -1.306036 2.826209 0.007993
v -0.603332 3.143980 1.829990
v -0.897849 3.396212 1.686983
v -2.578866 3.143981 1.712642
v -2.269489 3.396212 1.605508
v -2.268038 3.143980 2.171721
v -2.053677 3.396212 1.924253
v -1.643383 3.143980 0.293876
v -1.619970 3.396212 0.620438
v -0.515080 3.143980 1.564687
v -0.836575 3.396212 1.502780
v -2.034615 3.143980 2.325632
v -1.891609 3.396212 2.031115
v -1.917268 3.143981 0.350099
v -1.810134 3.396212 0.659475
v -0.498502 3.143980 1.285582
v -0.825064 3.396212 1.308994
v -1.769312 3.143980 2.413884
v -1.707406 3.396212 2.092389
v -2.167268 3.143981 0.475293
v -1.983712 3.396212 0.746399
v -0.554724 3.143981 1.011697
v -0.864101 3.396212 1.118830
v -1.490207 3.143980 2.430462
v -1.513619 3.396212 2.103900
v -2.376347 3.143980 0.660927
v -2.128879 3.396212 0.875287
v -0.679918 3.143981 0.761696
v -0.951024 3.396212 0.945253
v -1.216322 3.143981 2.374240
v -1.323456 3.396212 2.064863
v -2.530258 3.143980 0.894349
v -2.235741 3.396212 1.037355
v -0.865552 3.143980 0.552617
v -1.079913 3.396212 0.800086
v -0.966322 3.143981 2.249046
v -1.149878 3.396212 1.977940
v -2.618509 3.143980 1.159652
v -2.297015 3.396212 1.221558
v -1.098975 3.143980 0.398706
v -1.241981 3.396212 0.693223
v -0.757243 3.143980 2.063412
v -1.004711 3.396212 1.849051
v -2.635088 3.143980 1.438757
v -2.308526 3.396212 1.415345
v -2.453671 3.143981 1.962643
v -2.182566 3.396212 1.779085
v -1.364278 3.143980 0.310455
v -1.426184 3.396212 0.631949
v -1.357594 0.104947 0.275747
v -1.325276 0.351692 0.107915
v -2.482938 0.104947 1.982458
v -2.624466 0.351692 2.078281
v -2.670343 0.104947 1.441284
v -2.840820 0.351692 1.453506
v -0.730526 0.104947 2.086553
v -0.601338 0.351692 2.198457
v -1.083536 0.104947 0.366911
v -1.008882 0.351692 0.213162
v -2.653217 0.104947 1.152969
v -2.821049 0.351692 1.120651
v -0.946506 0.104947 2.278313
v -0.850683 0.351692 2.419840
v -0.842411 0.104947 0.525900
v -0.730507 0.351692 0.396713
v -2.562053 0.104947 0.878910
v -2.715802 0.351692 0.804256
v -1.204757 0.104947 2.407639
v -1.148828 0.351692 2.569144
v -0.650652 0.104947 0.741880
v -0.509124 0.351692 0.646058
v -2.403064 0.104947 0.637785
v -2.532251 0.351692 0.525881
v -1.487680 0.104947 2.465717
v -1.475458 0.351693 2.636195
v -0.521326 0.104947 1.000131
v -0.359820 0.351692 0.944202
v -2.187084 0.104947 0.446026
v -2.282906 0.351692 0.304498
v -1.775995 0.104947 2.448591
v -1.808313 0.351692 2.616424
v -0.463247 0.104947 1.283055
v -0.292769 0.351693 1.270833
v -1.928833 0.104947 0.316700
v -1.984762 0.351693 0.155195
v -2.050054 0.104947 2.357427
v -2.124708 0.351692 2.511177
v -0.480373 0.104947 1.571370
v -0.312541 0.351692 1.603688
v -1.645910 0.104947 0.258621
v -1.658132 0.351692 0.088144
v -2.291179 0.104947 2.198438
v -2.403083 0.351692 2.327626
v -2.612264 0.104947 1.724208
v -2.773769 0.351692 1.780136
v -0.571537 0.104947 1.845428
v -0.417788 0.351692 1.920082
v -1.267184 0.923936 -0.193771
v -2.878869 0.923936 2.250529
v -3.147264 0.923936 1.475476
v -0.369116 0.923936 2.399611
v -0.874686 0.923936 -0.063209
v -3.122736 0.923936 1.062559
v -0.678435 0.923936 2.674243
v -0.529353 0.923936 0.164490
v -2.992173 0.923936 0.670060
v -1.048294 0.923936 2.859459
v -0.254721 0.923936 0.473810
v -2.764474 0.923936 0.324728
v -1.453489 0.923936 2.942638
v -0.069505 0.923936 0.843669
v -2.455154 0.923936 0.050095
v -1.866405 0.923936 2.918110
v 0.013674 0.923936 1.248863
v -2.085295 0.923936 -0.135121
v -2.258904 0.923936 2.787548
v -0.010854 0.923936 1.661780
v -1.680101 0.923936 -0.218300
v -2.604237 0.923936 2.559848
v -3.064085 0.923936 1.880670
v -0.141416 0.923936 2.054278
v -1.238782 1.680753 -0.341274
v -3.003253 1.680753 2.334744
v -3.297091 1.680753 1.486217
v -0.255577 1.680753 2.497960
v -0.809074 1.680752 -0.198334
v -3.270238 1.680752 1.034156
v -0.594220 1.680753 2.798627
v -0.431005 1.680752 0.050951
v -3.127298 1.680752 0.604448
v -0.999140 1.680751 3.001401
v -0.130337 1.680753 0.389594
v -2.878013 1.680752 0.226379
v -1.442747 1.680752 3.092465
v 0.072437 1.680751 0.794515
v -2.539370 1.680753 -0.074288
v -1.894808 1.680752 3.065612
v 0.163501 1.680751 1.238122
v -2.134449 1.680751 -0.277062
v -2.324516 1.680752 2.922673
v 0.136648 1.680752 1.690182
v -1.690842 1.680751 -0.368127
v -2.702585 1.680751 2.673387
v -3.206026 1.680753 1.929824
v -0.006292 1.680752 2.119890
v -1.263962 2.445954 -0.210508
v -2.892982 2.445954 2.260085
v -3.164264 2.445954 1.476694
v -0.356233 2.445954 2.410770
v -0.867242 2.445954 -0.078541
v -3.139472 2.445954 1.059336
v -0.668880 2.445954 2.688356
v -0.518194 2.445954 0.151608
v -3.007505 2.445954 0.662616
v -1.042717 2.445953 2.875565
v -0.240608 2.445954 0.464254
v -2.777356 2.445954 0.313568
v -1.452270 2.445954 2.959638
v -0.053399 2.445953 0.838092
v -2.464710 2.445954 0.035982
v -1.869628 2.445954 2.934846
v 0.030674 2.445954 1.247644
v -2.090873 2.445953 -0.151226
v -2.266348 2.445954 2.802880
v 0.005882 2.445954 1.665003
v -1.681320 2.445954 -0.235300
v -2.615396 2.445954 2.572731
v -3.080190 2.445953 1.886247
v -0.126085 2.445954 2.061722
v -1.490207 6.754765 0.964427
v -1.902198 6.754765 1.589258
v -1.970806 6.754765 1.391134
v -1.260636 6.754765 1.627368
v -1.389872 6.754765 0.997803
v -1.964537 6.754765 1.285581
v -1.339706 6.754765 1.697572
v -1.301596 6.754765 1.056010
v -1.931161 6.754765 1.185246
v -1.434251 6.754765 1.744918
v -1.231392 6.754765 1.135080
v -1.872954 6.754765 1.096971
v -1.537830 6.754765 1.766180
v -1.184046 6.754765 1.229626
v -1.793884 6.754765 1.026767
v -1.643383 6.754765 1.759911
v -1.162784 6.754765 1.333205
v -1.699339 6.754765 0.979421
v -1.743718 6.754765 1.726535
v -1.169053 6.754765 1.438757
v -1.595759 6.754765 0.958158
v -1.831994 6.754765 1.668329
v -1.949543 6.754765 1.494713
v -1.202429 6.754765 1.539092
v -1.176559 4.601415 1.551653
v -1.976717 4.601415 1.504122
v -1.850822 4.601415 1.690066
v -1.597816 4.601415 0.929474
v -1.140814 4.601415 1.444196
v -1.756278 4.601415 1.752405
v -1.708748 4.601415 0.952247
v -1.134099 4.601415 1.331149
v -1.648821 4.601415 1.788150
v -1.810007 4.601415 1.002954
v -1.156872 4.601415 1.220216
v -1.535774 4.601415 1.794865
v -1.894691 4.601415 1.078142
v -1.207580 4.601415 1.118957
v -1.424842 4.601415 1.772092
v -1.957030 4.601415 1.172686
v -1.282768 4.601415 1.034273
v -1.323583 4.601415 1.721384
v -1.992775 4.601415 1.280143
v -1.377311 4.601415 0.971934
v -1.238898 4.601415 1.646196
v -1.999490 4.601415 1.393190
v -1.926010 4.601415 1.605381
v -1.484769 4.601415 0.936189
v -1.213375 5.896743 1.533777
v -1.938046 5.896743 1.490732
v -1.824027 5.896743 1.659132
v -1.594889 5.896743 0.970294
v -1.181002 5.896743 1.436457
v -1.738403 5.896743 1.715589
v -1.695357 5.896743 0.990919
v -1.174920 5.896743 1.334075
v -1.641082 5.896743 1.747962
v -1.787062 5.896743 1.036842
v -1.195544 5.896743 1.233607
v -1.538701 5.896743 1.754044
v -1.863758 5.896743 1.104937
v -1.241467 5.896743 1.141903
v -1.438233 5.896743 1.733420
v -1.920215 5.896743 1.190562
v -1.309563 5.896743 1.065206
v -1.346528 5.896743 1.687497
v -1.952588 5.896743 1.287882
v -1.395187 5.896743 1.008749
v -1.269832 5.896743 1.619401
v -1.958670 5.896743 1.390263
v -1.892122 5.896743 1.582436
v -1.492508 5.896743 0.976376
v -0.815245 -0.034000 0.853321
v -1.269800 -0.034000 2.219810
v -2.383245 -0.034000 0.965732
v -0.972553 -0.034000 0.676144
v -1.057946 -0.034000 2.113719
v -2.458031 -0.034000 1.190554
v -1.170358 -0.034000 0.545719
v -0.880769 -0.034000 1.956411
v -2.472080 -0.034000 1.427070
v -2.318345 -0.034000 1.871018
v -1.395180 -0.034000 0.470933
v -0.750344 -0.034000 1.758606
v -2.424436 -0.034000 1.659164
v -2.161036 -0.034000 2.048195
v -1.631696 -0.034000 0.456884
v -0.675559 -0.034000 1.533785
v -1.963232 -0.034000 2.178620
v -1.863790 -0.034000 0.504528
v -0.661509 -0.034000 1.297268
v -1.738410 -0.034000 2.253406
v -2.075644 -0.034000 0.610619
v -0.709154 -0.034000 1.065175
v -1.501894 -0.034000 2.267455
v -2.252820 -0.034000 0.767928
v -1.566795 -0.040000 1.362169
vt 0.640415 0.330183
vt 0.634549 0.329754
vt 0.635566 0.317919
vt 0.641670 0.318354
vt 0.628656 0.329403
vt 0.629470 0.317573
vt 0.630177 0.307018
vt 0.636494 0.307387
vt 0.642810 0.307756
vt 0.855545 0.333366
vt 0.850156 0.333690
vt 0.853273 0.322803
vt 0.859106 0.324210
vt 0.844713 0.332773
vt 0.847385 0.321509
vt 0.850047 0.311348
vt 0.856357 0.313201
vt 0.862667 0.315054
vt 0.558258 0.330668
vt 0.552635 0.331305
vt 0.550952 0.319757
vt 0.556951 0.319003
vt 0.547129 0.332031
vt 0.545003 0.320677
vt 0.542825 0.310382
vt 0.549229 0.309435
vt 0.555632 0.308488
vt 0.774627 0.328748
vt 0.768736 0.328874
vt 0.768548 0.317135
vt 0.774577 0.317000
vt 0.762862 0.329070
vt 0.762522 0.317330
vt 0.762163 0.306861
vt 0.768322 0.306703
vt 0.774481 0.306545
vt 0.652008 0.331288
vt 0.646242 0.330693
vt 0.647781 0.318911
vt 0.653878 0.319595
vt 0.649234 0.308415
vt 0.655658 0.309074
vt 0.569741 0.329691
vt 0.563967 0.330131
vt 0.562973 0.318416
vt 0.569008 0.317952
vt 0.561953 0.307962
vt 0.568273 0.307436
vt 0.786443 0.328697
vt 0.780530 0.328689
vt 0.780614 0.316925
vt 0.786658 0.316912
vt 0.780645 0.306474
vt 0.786809 0.306402
vt 0.663260 0.332773
vt 0.657690 0.331975
vt 0.659941 0.320458
vt 0.665933 0.321509
vt 0.662126 0.310211
vt 0.668594 0.311348
vt 0.581410 0.329069
vt 0.575559 0.329340
vt 0.575039 0.317600
vt 0.581070 0.317330
vt 0.574492 0.307149
vt 0.580711 0.306861
vt 0.798282 0.328915
vt 0.792361 0.328772
vt 0.792711 0.316980
vt 0.798772 0.317114
vt 0.792995 0.306505
vt 0.799180 0.306608
vt 0.674092 0.333366
vt 0.668703 0.333690
vt 0.671821 0.322803
vt 0.677654 0.324210
vt 0.674905 0.313201
vt 0.681215 0.315054
vt 0.593175 0.328748
vt 0.587284 0.328874
vt 0.587096 0.317135
vt 0.593126 0.317000
vt 0.586870 0.306703
vt 0.593029 0.306545
vt 0.810108 0.329403
vt 0.804199 0.329124
vt 0.804842 0.317311
vt 0.810922 0.317573
vt 0.805404 0.306813
vt 0.811629 0.307018
vt 0.728581 0.332031
vt 0.723207 0.332826
vt 0.720569 0.321807
vt 0.726455 0.320677
vt 0.718005 0.332414
vt 0.714721 0.323031
vt 0.711436 0.313648
vt 0.717857 0.312015
vt 0.724277 0.310381
vt 0.604991 0.328697
vt 0.599078 0.328689
vt 0.599162 0.316925
vt 0.605206 0.316912
vt 0.599193 0.306473
vt 0.605357 0.306402
vt 0.821868 0.330183
vt 0.816001 0.329754
vt 0.817018 0.317919
vt 0.823122 0.318354
vt 0.817946 0.307387
vt 0.824262 0.307756
vt 0.739710 0.330668
vt 0.734087 0.331305
vt 0.732404 0.319757
vt 0.738403 0.319003
vt 0.730681 0.309435
vt 0.737084 0.308488
vt 0.616830 0.328915
vt 0.610909 0.328772
vt 0.611259 0.316980
vt 0.617320 0.317114
vt 0.611543 0.306505
vt 0.617728 0.306608
vt 0.833460 0.331289
vt 0.827694 0.330693
vt 0.829233 0.318911
vt 0.835330 0.319595
vt 0.830686 0.308415
vt 0.837110 0.309074
vt 0.751193 0.329691
vt 0.745420 0.330131
vt 0.744425 0.318416
vt 0.750460 0.317952
vt 0.743405 0.307962
vt 0.749725 0.307436
vt 0.622747 0.329124
vt 0.623390 0.317311
vt 0.623952 0.306813
vt 0.839143 0.331975
vt 0.841393 0.320458
vt 0.843579 0.310211
vt 0.541755 0.332825
vt 0.539117 0.321807
vt 0.536554 0.332414
vt 0.533269 0.323031
vt 0.529984 0.313648
vt 0.536405 0.312015
vt 0.757011 0.329340
vt 0.756491 0.317600
vt 0.755944 0.307149
vt 0.741936 0.762168
vt 0.734408 0.761538
vt 0.736223 0.742557
vt 0.743456 0.743101
vt 0.726879 0.760907
vt 0.728997 0.741912
vt 0.732735 0.701204
vt 0.739533 0.701769
vt 0.746350 0.702250
vt 0.515157 0.756424
vt 0.507697 0.754559
vt 0.511770 0.737178
vt 0.518863 0.737984
vt 0.500237 0.752695
vt 0.504493 0.738690
vt 0.508748 0.724685
vt 0.517701 0.699326
vt 0.524473 0.697996
vt 0.847339 0.759213
vt 0.839705 0.760210
vt 0.837490 0.741424
vt 0.844665 0.740481
vt 0.832071 0.761208
vt 0.830285 0.742218
vt 0.828271 0.701746
vt 0.834982 0.701131
vt 0.841638 0.700415
vt 0.620400 0.763165
vt 0.612913 0.763330
vt 0.612677 0.744262
vt 0.619911 0.744064
vt 0.605427 0.763494
vt 0.605441 0.744377
vt 0.605975 0.703461
vt 0.612819 0.703385
vt 0.619653 0.703230
vt 0.719312 0.759987
vt 0.721781 0.741142
vt 0.711745 0.759067
vt 0.714585 0.740249
vt 0.719230 0.699804
vt 0.725964 0.700551
vt 0.824486 0.761829
vt 0.823063 0.742856
vt 0.816901 0.762450
vt 0.815831 0.743373
vt 0.814734 0.702672
vt 0.821518 0.702258
vt 0.597939 0.763495
vt 0.598201 0.744402
vt 0.590451 0.763495
vt 0.590959 0.744338
vt 0.592273 0.703379
vt 0.599126 0.703460
vt 0.704177 0.757746
vt 0.707423 0.739196
vt 0.696609 0.756424
vt 0.700315 0.737984
vt 0.705925 0.697996
vt 0.712546 0.698958
vt 0.809376 0.762808
vt 0.808598 0.743767
vt 0.801852 0.763165
vt 0.801363 0.744064
vt 0.801105 0.703230
vt 0.807928 0.702994
vt 0.582961 0.763250
vt 0.583716 0.744163
vt 0.575472 0.763004
vt 0.576475 0.743899
vt 0.578571 0.702971
vt 0.585421 0.703215
vt 0.689149 0.754559
vt 0.693222 0.737178
vt 0.681689 0.752695
vt 0.685945 0.738690
vt 0.690200 0.724685
vt 0.699153 0.699326
vt 0.794366 0.763330
vt 0.794129 0.744262
vt 0.786879 0.763494
vt 0.786893 0.744377
vt 0.787427 0.703461
vt 0.794271 0.703385
vt 0.567978 0.762586
vt 0.569238 0.743543
vt 0.560484 0.762168
vt 0.562004 0.743101
vt 0.564898 0.702250
vt 0.571730 0.702649
vt 0.681215 0.756139
vt 0.673551 0.757676
vt 0.670366 0.739954
vt 0.677542 0.741726
vt 0.665887 0.759213
vt 0.663213 0.740481
vt 0.660186 0.700415
vt 0.666825 0.701987
vt 0.673869 0.727313
vt 0.779391 0.763495
vt 0.779653 0.744402
vt 0.771903 0.763495
vt 0.772411 0.744338
vt 0.773725 0.703379
vt 0.780578 0.703460
vt 0.552955 0.761538
vt 0.554771 0.742557
vt 0.545427 0.760907
vt 0.547545 0.741912
vt 0.551283 0.701204
vt 0.558081 0.701769
vt 0.658253 0.760211
vt 0.656038 0.741424
vt 0.650618 0.761208
vt 0.648833 0.742218
vt 0.646819 0.701746
vt 0.653529 0.701131
vt 0.764414 0.763250
vt 0.765168 0.744163
vt 0.756924 0.763004
vt 0.757927 0.743899
vt 0.760024 0.702971
vt 0.766873 0.703215
vt 0.537860 0.759987
vt 0.540329 0.741142
vt 0.530292 0.759067
vt 0.533133 0.740249
vt 0.537778 0.699804
vt 0.544512 0.700551
vt 0.643034 0.761829
vt 0.641611 0.742856
vt 0.635449 0.762450
vt 0.634379 0.743373
vt 0.633282 0.702672
vt 0.640066 0.702258
vt 0.749430 0.762586
vt 0.750690 0.743543
vt 0.753182 0.702649
vt 0.522725 0.757746
vt 0.525971 0.739196
vt 0.531094 0.698958
vt 0.862668 0.756139
vt 0.855003 0.757676
vt 0.851818 0.739954
vt 0.858994 0.741726
vt 0.848277 0.701987
vt 0.855321 0.727314
vt 0.627924 0.762808
vt 0.627146 0.743767
vt 0.626476 0.702994
vt 0.409222 0.769224
vt 0.409206 0.789879
vt 0.391599 0.790215
vt 0.391753 0.768795
vt 0.410126 0.810730
vt 0.392321 0.811863
vt 0.373488 0.812781
vt 0.373013 0.790405
vt 0.373317 0.768286
vt 0.331430 0.766974
vt 0.330783 0.790283
vt 0.309637 0.789905
vt 0.310449 0.766232
vt 0.330611 0.813890
vt 0.309112 0.813882
vt 0.288164 0.813471
vt 0.289042 0.789317
vt 0.290007 0.765462
vt 0.249950 0.763889
vt 0.248727 0.787572
vt 0.228609 0.786411
vt 0.229928 0.763090
vt 0.247169 0.811514
vt 0.226746 0.809955
vt 0.206036 0.807969
vt 0.208170 0.785034
vt 0.209559 0.762278
vt 0.165851 0.760569
vt 0.164424 0.781434
vt 0.139963 0.779071
vt 0.141336 0.759650
vt 0.161908 0.802361
vt 0.137381 0.798490
vt 0.112444 0.794124
vt 0.114987 0.776466
vt 0.116258 0.758751
vt 0.929400 0.033732
vt 0.923868 0.054508
vt 0.906393 0.049584
vt 0.912162 0.027860
vt 0.918842 0.075027
vt 0.901394 0.071190
vt 0.882686 0.067474
vt 0.887572 0.044794
vt 0.894925 0.021989
vt 0.846668 0.009812
vt 0.842838 0.035656
vt 0.819934 0.032306
vt 0.823018 0.006281
vt 0.839268 0.060436
vt 0.817124 0.057774
vt 0.795320 0.055855
vt 0.797262 0.029859
vt 0.799368 0.002749
vt 0.752089 0.000237
vt 0.752060 0.027973
vt 0.729174 0.028778
vt 0.727847 0.002057
vt 0.752086 0.054289
vt 0.730286 0.054753
vt 0.708077 0.056142
vt 0.705892 0.030751
vt 0.703604 0.003876
vt 0.652864 0.014339
vt 0.656659 0.039326
vt 0.629703 0.046690
vt 0.623905 0.025254
vt 0.660774 0.062343
vt 0.634690 0.067650
vt 0.608448 0.074141
vt 0.602861 0.055470
vt 0.594946 0.036168
vt 0.410126 0.198400
vt 0.412036 0.219512
vt 0.393970 0.221512
vt 0.392321 0.199534
vt 0.415048 0.240946
vt 0.396667 0.243932
vt 0.377031 0.246554
vt 0.374788 0.223225
vt 0.373488 0.200452
vt 0.330611 0.201561
vt 0.330937 0.225675
vt 0.308886 0.226069
vt 0.309112 0.201553
vt 0.331841 0.250534
vt 0.309011 0.251390
vt 0.286683 0.251399
vt 0.287368 0.225848
vt 0.288164 0.201142
vt 0.247169 0.199185
vt 0.245240 0.223652
vt 0.224288 0.221648
vt 0.226746 0.197626
vt 0.242901 0.248959
vt 0.221164 0.246440
vt 0.199250 0.242984
vt 0.203097 0.218980
vt 0.206036 0.195640
vt 0.161908 0.190031
vt 0.158232 0.211165
vt 0.133526 0.205667
vt 0.137381 0.186161
vt 0.153268 0.232656
vt 0.128279 0.225338
vt 0.103290 0.217038
vt 0.108577 0.199424
vt 0.112444 0.181794
vt 0.418842 0.381192
vt 0.414889 0.401646
vt 0.397500 0.398784
vt 0.401395 0.377355
vt 0.412025 0.422082
vt 0.394659 0.420087
vt 0.376253 0.418129
vt 0.378982 0.396008
vt 0.382686 0.373639
vt 0.339268 0.366600
vt 0.336388 0.390694
vt 0.314821 0.388638
vt 0.317124 0.363938
vt 0.334183 0.414291
vt 0.312994 0.412736
vt 0.292280 0.411519
vt 0.293671 0.387115
vt 0.295320 0.362020
vt 0.252086 0.360453
vt 0.251922 0.385698
vt 0.230931 0.385861
vt 0.230287 0.360917
vt 0.251522 0.410128
vt 0.231076 0.409984
vt 0.210247 0.410245
vt 0.209542 0.386668
vt 0.208077 0.362306
vt 0.160774 0.368508
vt 0.163772 0.390684
vt 0.138300 0.394247
vt 0.134690 0.373814
vt 0.165552 0.412271
vt 0.140539 0.414260
vt 0.115032 0.416822
vt 0.112461 0.398680
vt 0.108449 0.380305
vt 0.412025 0.728246
vt 0.410153 0.748699
vt 0.392763 0.747505
vt 0.394659 0.726251
vt 0.374385 0.746291
vt 0.376253 0.724294
vt 0.334183 0.720456
vt 0.332550 0.743763
vt 0.311555 0.742636
vt 0.312994 0.718901
vt 0.291074 0.741664
vt 0.292280 0.717684
vt 0.251522 0.716293
vt 0.250873 0.740214
vt 0.230744 0.739751
vt 0.231076 0.716148
vt 0.210249 0.739478
vt 0.210247 0.716409
vt 0.165552 0.718436
vt 0.166230 0.739622
vt 0.141534 0.740135
vt 0.140539 0.720425
vt 0.116281 0.740939
vt 0.115033 0.722986
vt 0.409222 0.156895
vt 0.409206 0.177550
vt 0.391599 0.177886
vt 0.391753 0.156466
vt 0.373013 0.178076
vt 0.373317 0.155957
vt 0.331430 0.154645
vt 0.330783 0.177954
vt 0.309637 0.177576
vt 0.310449 0.153902
vt 0.289042 0.176988
vt 0.290007 0.153133
vt 0.249950 0.151560
vt 0.248727 0.175242
vt 0.228609 0.174082
vt 0.229928 0.150761
vt 0.208170 0.172705
vt 0.209559 0.149949
vt 0.165851 0.148240
vt 0.164424 0.169104
vt 0.139963 0.166741
vt 0.141336 0.147321
vt 0.114988 0.164137
vt 0.116258 0.146421
vt 0.429400 0.339896
vt 0.423868 0.360673
vt 0.406393 0.355749
vt 0.412162 0.334025
vt 0.387573 0.350959
vt 0.394925 0.328154
vt 0.346668 0.315977
vt 0.342838 0.341821
vt 0.319934 0.338471
vt 0.323018 0.312446
vt 0.297262 0.336024
vt 0.299368 0.308914
vt 0.252089 0.306402
vt 0.252060 0.334138
vt 0.229175 0.334942
vt 0.227847 0.308221
vt 0.205892 0.336915
vt 0.203604 0.310041
vt 0.152864 0.320504
vt 0.156659 0.345490
vt 0.129703 0.352855
vt 0.123905 0.331418
vt 0.102861 0.361634
vt 0.094946 0.342333
vt 0.418842 0.687357
vt 0.414889 0.707811
vt 0.397500 0.704949
vt 0.401395 0.683519
vt 0.378982 0.702172
vt 0.382687 0.679804
vt 0.339268 0.672765
vt 0.336388 0.696859
vt 0.314821 0.694803
vt 0.317124 0.670103
vt 0.293672 0.693280
vt 0.295320 0.668184
vt 0.252087 0.666618
vt 0.251922 0.691863
vt 0.230931 0.692026
vt 0.230287 0.667082
vt 0.209543 0.692832
vt 0.208077 0.668471
vt 0.160775 0.674672
vt 0.163772 0.696848
vt 0.138300 0.700412
vt 0.134691 0.679979
vt 0.112461 0.704844
vt 0.108449 0.686469
vt 0.412026 0.115917
vt 0.410153 0.136370
vt 0.392763 0.135175
vt 0.394659 0.113922
vt 0.374385 0.133962
vt 0.376253 0.111965
vt 0.334183 0.108126
vt 0.332550 0.131433
vt 0.311555 0.130307
vt 0.312994 0.106571
vt 0.291074 0.129335
vt 0.292280 0.105354
vt 0.251522 0.103964
vt 0.250873 0.127885
vt 0.230744 0.127422
vt 0.231076 0.103819
vt 0.210249 0.127149
vt 0.210247 0.104080
vt 0.165552 0.106106
vt 0.166230 0.127292
vt 0.141534 0.127806
vt 0.140539 0.108095
vt 0.116281 0.128610
vt 0.115033 0.110657
vt 0.915048 0.240946
vt 0.919161 0.262758
vt 0.900474 0.266853
vt 0.896667 0.243931
vt 0.923801 0.285116
vt 0.905061 0.290110
vt 0.886320 0.295104
vt 0.880433 0.270536
vt 0.877031 0.246553
vt 0.831841 0.250534
vt 0.833312 0.276341
vt 0.809497 0.277696
vt 0.809011 0.251390
vt 0.834818 0.303462
vt 0.810147 0.304695
vt 0.785476 0.305927
vt 0.786109 0.278020
vt 0.786683 0.251399
vt 0.742902 0.248959
vt 0.740148 0.275368
vt 0.717371 0.272214
vt 0.721165 0.246440
vt 0.737080 0.303248
vt 0.713207 0.298707
vt 0.689333 0.294165
vt 0.694497 0.267887
vt 0.699250 0.242984
vt 0.653268 0.232657
vt 0.647084 0.254732
vt 0.621636 0.245258
vt 0.628279 0.225339
vt 0.640877 0.278515
vt 0.614154 0.265457
vt 0.587431 0.252399
vt 0.596473 0.234654
vt 0.603290 0.217039
vt 0.429400 0.646061
vt 0.423869 0.666838
vt 0.406393 0.661914
vt 0.412163 0.640190
vt 0.387573 0.657124
vt 0.394925 0.634319
vt 0.346668 0.622142
vt 0.342838 0.647986
vt 0.319934 0.644635
vt 0.323018 0.618610
vt 0.297262 0.642188
vt 0.299368 0.615079
vt 0.252090 0.612566
vt 0.252060 0.640302
vt 0.229175 0.641107
vt 0.227847 0.614386
vt 0.205892 0.643080
vt 0.203604 0.616205
vt 0.152864 0.626668
vt 0.156659 0.651655
vt 0.129704 0.659019
vt 0.123905 0.637583
vt 0.102861 0.667799
vt 0.094946 0.648497
vt 0.418842 0.075028
vt 0.414889 0.095482
vt 0.397500 0.092620
vt 0.401395 0.071190
vt 0.378982 0.089843
vt 0.382687 0.067475
vt 0.339269 0.060436
vt 0.336388 0.084530
vt 0.314821 0.082473
vt 0.317124 0.057774
vt 0.293672 0.080950
vt 0.295320 0.055855
vt 0.252087 0.054289
vt 0.251922 0.079534
vt 0.230931 0.079696
vt 0.230287 0.054753
vt 0.209543 0.080503
vt 0.208077 0.056141
vt 0.160775 0.062343
vt 0.163772 0.084519
vt 0.138300 0.088082
vt 0.134691 0.067649
vt 0.112461 0.092515
vt 0.108449 0.074140
vt 0.910126 0.198400
vt 0.912035 0.219511
vt 0.893970 0.221512
vt 0.892321 0.199534
vt 0.874788 0.223225
vt 0.873488 0.200451
vt 0.830611 0.201561
vt 0.830938 0.225675
vt 0.808886 0.226069
vt 0.809112 0.201553
vt 0.787369 0.225848
vt 0.788164 0.201142
vt 0.747169 0.199185
vt 0.745240 0.223652
vt 0.724289 0.221648
vt 0.726746 0.197626
vt 0.703097 0.218980
vt 0.706037 0.195640
vt 0.661908 0.190032
vt 0.658233 0.211166
vt 0.633526 0.205668
vt 0.637381 0.186161
vt 0.608577 0.199425
vt 0.612444 0.181795
vt 0.415048 0.547110
vt 0.419161 0.568923
vt 0.400474 0.573018
vt 0.396667 0.550096
vt 0.423801 0.591281
vt 0.405061 0.596275
vt 0.386320 0.601269
vt 0.380433 0.576701
vt 0.377031 0.552718
vt 0.331841 0.556698
vt 0.333312 0.582506
vt 0.309497 0.583860
vt 0.309011 0.557555
vt 0.334817 0.609627
vt 0.310147 0.610860
vt 0.285476 0.612092
vt 0.286109 0.584184
vt 0.286683 0.557563
vt 0.242901 0.555124
vt 0.240148 0.581532
vt 0.217371 0.578379
vt 0.221165 0.552605
vt 0.237080 0.609413
vt 0.213206 0.604872
vt 0.189333 0.600330
vt 0.194497 0.574051
vt 0.199250 0.549149
vt 0.153268 0.538821
vt 0.147084 0.560897
vt 0.121636 0.551423
vt 0.128279 0.531503
vt 0.140877 0.584679
vt 0.114154 0.571621
vt 0.087431 0.558563
vt 0.096473 0.540818
vt 0.103290 0.523203
vt 0.429400 0.033732
vt 0.423869 0.054508
vt 0.406393 0.049584
vt 0.412163 0.027861
vt 0.387573 0.044794
vt 0.394925 0.021990
vt 0.346668 0.009813
vt 0.342838 0.035657
vt 0.319934 0.032306
vt 0.323018 0.006281
vt 0.297262 0.029859
vt 0.299368 0.002750
vt 0.252090 0.000237
vt 0.252061 0.027973
vt 0.229175 0.028778
vt 0.227847 0.002057
vt 0.205892 0.030751
vt 0.203604 0.003876
vt 0.152864 0.014339
vt 0.156659 0.039325
vt 0.129704 0.046690
vt 0.123905 0.025253
vt 0.102862 0.055469
vt 0.094946 0.036168
vt 0.909222 0.156894
vt 0.909205 0.177549
vt 0.891599 0.177886
vt 0.891753 0.156466
vt 0.873013 0.178075
vt 0.873317 0.155957
vt 0.831430 0.154645
vt 0.830783 0.177954
vt 0.809637 0.177576
vt 0.810449 0.153902
vt 0.789042 0.176988
vt 0.790007 0.153133
vt 0.749950 0.151560
vt 0.748727 0.175243
vt 0.728608 0.174082
vt 0.729928 0.150761
vt 0.708170 0.172705
vt 0.709559 0.149949
vt 0.665851 0.148241
vt 0.664424 0.169105
vt 0.639963 0.166742
vt 0.641335 0.147321
vt 0.614987 0.164137
vt 0.616257 0.146422
vt 0.410126 0.504565
vt 0.412036 0.525676
vt 0.393970 0.527677
vt 0.392321 0.505699
vt 0.374788 0.529389
vt 0.373488 0.506616
vt 0.330611 0.507725
vt 0.330937 0.531839
vt 0.308886 0.532233
vt 0.309112 0.507718
vt 0.287369 0.532013
vt 0.288164 0.507307
vt 0.247169 0.505350
vt 0.245240 0.529817
vt 0.224288 0.527812
vt 0.226746 0.503791
vt 0.199250 0.549149
vt 0.203097 0.525145
vt 0.206036 0.501805
vt 0.161908 0.496196
vt 0.158233 0.517330
vt 0.133526 0.511832
vt 0.137381 0.492326
vt 0.108577 0.505590
vt 0.112444 0.487959
vt 0.415048 0.853275
vt 0.419161 0.875087
vt 0.400474 0.879183
vt 0.396667 0.856261
vt 0.423801 0.897446
vt 0.405061 0.902440
vt 0.386320 0.907434
vt 0.380433 0.882865
vt 0.377031 0.858883
vt 0.331841 0.862863
vt 0.333312 0.888671
vt 0.309496 0.890025
vt 0.309011 0.863720
vt 0.334817 0.915791
vt 0.310146 0.917024
vt 0.285475 0.918257
vt 0.286109 0.890349
vt 0.286683 0.863728
vt 0.242901 0.861288
vt 0.240148 0.887697
vt 0.217371 0.884543
vt 0.221164 0.858770
vt 0.237080 0.915578
vt 0.213206 0.911036
vt 0.189333 0.906494
vt 0.194497 0.880216
vt 0.199250 0.855313
vt 0.153268 0.844986
vt 0.147084 0.867061
vt 0.121636 0.857587
vt 0.128279 0.837668
vt 0.140877 0.890844
vt 0.114154 0.877786
vt 0.087431 0.864727
vt 0.096473 0.846983
vt 0.103290 0.829367
vt 0.912025 0.115917
vt 0.910153 0.136370
vt 0.892763 0.135175
vt 0.894659 0.113922
vt 0.874385 0.133961
vt 0.876253 0.111964
vt 0.834183 0.108126
vt 0.832550 0.131433
vt 0.811555 0.130307
vt 0.812994 0.106571
vt 0.791074 0.129335
vt 0.792280 0.105354
vt 0.751522 0.103964
vt 0.750873 0.127885
vt 0.730744 0.127422
vt 0.731076 0.103819
vt 0.710248 0.127149
vt 0.710247 0.104080
vt 0.665551 0.106107
vt 0.666230 0.127293
vt 0.641534 0.127807
vt 0.640539 0.108096
vt 0.616280 0.128610
vt 0.615032 0.110657
vt 0.409222 0.463059
vt 0.409206 0.483714
vt 0.391599 0.484051
vt 0.391753 0.462631
vt 0.373013 0.484240
vt 0.373317 0.462121
vt 0.331430 0.460810
vt 0.330783 0.484119
vt 0.309637 0.483741
vt 0.310449 0.460067
vt 0.289042 0.483153
vt 0.290007 0.459298
vt 0.249950 0.457725
vt 0.248727 0.481407
vt 0.228609 0.480246
vt 0.229928 0.456926
vt 0.208170 0.478870
vt 0.209559 0.456114
vt 0.165851 0.454405
vt 0.164424 0.475269
vt 0.139963 0.472906
vt 0.141335 0.453486
vt 0.114987 0.470302
vt 0.116258 0.452586
vt 0.412036 0.831841
vt 0.393970 0.833842
vt 0.374788 0.835554
vt 0.330937 0.838004
vt 0.308886 0.838398
vt 0.287368 0.838178
vt 0.245240 0.835982
vt 0.224288 0.833977
vt 0.203097 0.831309
vt 0.158232 0.823495
vt 0.133526 0.817996
vt 0.108577 0.811754
vt 0.914889 0.095482
vt 0.897500 0.092619
vt 0.878982 0.089843
vt 0.836388 0.084530
vt 0.814821 0.082473
vt 0.793671 0.080950
vt 0.751922 0.079534
vt 0.730931 0.079696
vt 0.709542 0.080503
vt 0.663772 0.084519
vt 0.638300 0.088083
vt 0.612461 0.092515
vt 0.419161 0.262758
vt 0.400474 0.266854
vt 0.423801 0.285117
vt 0.405061 0.290111
vt 0.386320 0.295104
vt 0.380433 0.270536
vt 0.333312 0.276341
vt 0.309496 0.277696
vt 0.334817 0.303462
vt 0.310146 0.304695
vt 0.285475 0.305928
vt 0.286109 0.278020
vt 0.240148 0.275368
vt 0.217371 0.272214
vt 0.237079 0.303248
vt 0.213206 0.298707
vt 0.189333 0.294165
vt 0.194497 0.267886
vt 0.147084 0.254732
vt 0.121636 0.245257
vt 0.140877 0.278515
vt 0.114154 0.265456
vt 0.087431 0.252398
vt 0.096473 0.234653
vt 0.410153 0.442535
vt 0.392763 0.441340
vt 0.374385 0.440126
vt 0.332550 0.437598
vt 0.311555 0.436472
vt 0.291074 0.435499
vt 0.250873 0.434049
vt 0.230744 0.433587
vt 0.210248 0.433314
vt 0.166230 0.433457
vt 0.141534 0.433971
vt 0.116280 0.434775
vt 0.090758 0.773775
vt 0.091884 0.757939
vt 0.088366 0.789513
vt 0.064314 0.784604
vt 0.066445 0.770978
vt 0.067390 0.757233
vt 0.041064 0.768037
vt 0.041822 0.756628
vt 0.039317 0.779331
vt 0.014128 0.773947
vt 0.015059 0.765023
vt 0.015991 0.756098
vt 0.577982 0.065216
vt 0.571532 0.048854
vt 0.583521 0.081438
vt 0.559134 0.089618
vt 0.553958 0.075887
vt 0.548119 0.061541
vt 0.529735 0.087687
vt 0.524647 0.076682
vt 0.534286 0.098732
vt 0.509510 0.108221
vt 0.505343 0.100022
vt 0.501175 0.091823
vt 0.084674 0.192808
vt 0.088366 0.177184
vt 0.079615 0.208276
vt 0.056407 0.198950
vt 0.060981 0.185733
vt 0.064314 0.172275
vt 0.036480 0.178098
vt 0.039317 0.167002
vt 0.032632 0.188937
vt 0.008862 0.178712
vt 0.011495 0.170165
vt 0.014128 0.161618
vt 0.087649 0.403753
vt 0.083522 0.387602
vt 0.090364 0.419841
vt 0.065733 0.423397
vt 0.063078 0.409555
vt 0.059135 0.395782
vt 0.037755 0.416144
vt 0.034286 0.404896
vt 0.040180 0.427531
vt 0.014452 0.431932
vt 0.011981 0.423158
vt 0.009510 0.414385
vt 0.091761 0.742015
vt 0.090364 0.726006
vt 0.067159 0.743414
vt 0.065733 0.729561
vt 0.041499 0.745159
vt 0.040181 0.733695
vt 0.015221 0.747097
vt 0.014452 0.738096
vt 0.090758 0.161446
vt 0.091884 0.145610
vt 0.066445 0.158648
vt 0.067390 0.144903
vt 0.041064 0.155707
vt 0.041822 0.144298
vt 0.015059 0.152693
vt 0.015991 0.143769
vt 0.077983 0.371380
vt 0.071533 0.355019
vt 0.053959 0.382051
vt 0.048119 0.367705
vt 0.029735 0.393851
vt 0.024647 0.382846
vt 0.005343 0.406186
vt 0.001176 0.397987
vt 0.087649 0.709917
vt 0.083522 0.693767
vt 0.063079 0.715719
vt 0.059135 0.701946
vt 0.037755 0.722308
vt 0.034286 0.711060
vt 0.011981 0.729323
vt 0.009511 0.720549
vt 0.091761 0.129685
vt 0.090364 0.113676
vt 0.067159 0.131084
vt 0.065733 0.117232
vt 0.041499 0.132830
vt 0.040181 0.121365
vt 0.015221 0.134767
vt 0.014452 0.125766
vt 0.573215 0.223582
vt 0.579615 0.208276
vt 0.565966 0.238853
vt 0.544501 0.225308
vt 0.550682 0.211943
vt 0.556407 0.198951
vt 0.527748 0.199450
vt 0.532632 0.188938
vt 0.522369 0.209845
vt 0.500237 0.194382
vt 0.504550 0.186548
vt 0.508862 0.178714
vt 0.077983 0.677544
vt 0.071533 0.661183
vt 0.053959 0.688216
vt 0.048120 0.673869
vt 0.029735 0.700015
vt 0.024648 0.689010
vt 0.005343 0.712350
vt 0.001176 0.704151
vt 0.087649 0.097588
vt 0.083522 0.081437
vt 0.063079 0.103390
vt 0.059135 0.089617
vt 0.037755 0.109979
vt 0.034287 0.098730
vt 0.011981 0.116993
vt 0.009511 0.108220
vt 0.584674 0.192809
vt 0.588366 0.177185
vt 0.560981 0.185734
vt 0.564314 0.172276
vt 0.536480 0.178099
vt 0.539317 0.167003
vt 0.511495 0.170166
vt 0.514128 0.161619
vt 0.073215 0.529747
vt 0.079615 0.514441
vt 0.065966 0.545018
vt 0.044501 0.531472
vt 0.050682 0.518107
vt 0.056407 0.505116
vt 0.027748 0.505614
vt 0.032632 0.495102
vt 0.022369 0.516009
vt 0.000237 0.500546
vt 0.004550 0.492712
vt 0.008862 0.484878
vt 0.077983 0.065215
vt 0.071533 0.048854
vt 0.053959 0.075886
vt 0.048120 0.061540
vt 0.029735 0.087686
vt 0.024648 0.076681
vt 0.005343 0.100021
vt 0.001176 0.091822
vt 0.590758 0.161447
vt 0.591884 0.145611
vt 0.566445 0.158649
vt 0.567390 0.144905
vt 0.541064 0.155708
vt 0.541822 0.144299
vt 0.515059 0.152694
vt 0.515990 0.143770
vt 0.084674 0.498973
vt 0.088366 0.483349
vt 0.060981 0.491898
vt 0.064314 0.478440
vt 0.036480 0.484263
vt 0.039317 0.473167
vt 0.011495 0.476330
vt 0.014128 0.467783
vt 0.073215 0.835911
vt 0.079615 0.820605
vt 0.065966 0.851182
vt 0.044501 0.837636
vt 0.050682 0.824271
vt 0.056407 0.811280
vt 0.027748 0.811778
vt 0.032632 0.801266
vt 0.022369 0.822173
vt 0.000237 0.806710
vt 0.004550 0.798876
vt 0.008862 0.791042
vt 0.591761 0.129686
vt 0.590364 0.113677
vt 0.567159 0.131085
vt 0.565733 0.117233
vt 0.541499 0.132831
vt 0.540180 0.121367
vt 0.515221 0.134769
vt 0.514452 0.125768
vt 0.090758 0.467611
vt 0.091884 0.451775
vt 0.066445 0.464813
vt 0.067390 0.451069
vt 0.041064 0.461873
vt 0.041821 0.450464
vt 0.015059 0.458858
vt 0.015990 0.449934
vt 0.084674 0.805137
vt 0.060981 0.798062
vt 0.036480 0.790427
vt 0.011495 0.782494
vt 0.587649 0.097589
vt 0.563078 0.103391
vt 0.537755 0.109980
vt 0.511981 0.116994
vt 0.073215 0.223581
vt 0.065966 0.238853
vt 0.044501 0.225307
vt 0.050682 0.211942
vt 0.027748 0.199448
vt 0.022369 0.209844
vt 0.000237 0.194381
vt 0.004550 0.186547
vt 0.091761 0.435851
vt 0.067159 0.437249
vt 0.041499 0.438995
vt 0.015221 0.440933
vt 0.484441 0.430781
vt 0.483564 0.447406
vt 0.464809 0.446226
vt 0.466317 0.428650
vt 0.482687 0.464031
vt 0.464208 0.463944
vt 0.445447 0.463735
vt 0.446161 0.445010
vt 0.447851 0.426413
vt 0.427892 0.443766
vt 0.429695 0.424201
vt 0.427060 0.463433
vt 0.490125 0.225464
vt 0.494944 0.242096
vt 0.475917 0.247643
vt 0.471523 0.229635
vt 0.499763 0.258727
vt 0.480843 0.265655
vt 0.461924 0.272584
vt 0.456879 0.253044
vt 0.452470 0.233729
vt 0.437918 0.258107
vt 0.433586 0.237531
vt 0.442863 0.278850
vt 0.990008 0.092235
vt 0.987224 0.108426
vt 0.968867 0.105097
vt 0.972406 0.087909
vt 0.984441 0.124617
vt 0.966316 0.122485
vt 0.947851 0.120248
vt 0.950552 0.101782
vt 0.954334 0.083467
vt 0.932511 0.098549
vt 0.936424 0.079136
vt 0.929695 0.118036
vt 0.484556 0.803954
vt 0.487340 0.820873
vt 0.468212 0.823925
vt 0.465889 0.805907
vt 0.490125 0.837793
vt 0.471523 0.841965
vt 0.452470 0.846058
vt 0.449140 0.826844
vt 0.446908 0.807736
vt 0.430365 0.829501
vt 0.428261 0.809352
vt 0.433586 0.849860
vt 0.483621 0.480910
vt 0.464598 0.481795
vt 0.484556 0.497789
vt 0.465889 0.499743
vt 0.446908 0.501571
vt 0.445690 0.482589
vt 0.427175 0.483230
vt 0.428261 0.503188
vt 0.983564 0.141242
vt 0.964809 0.140061
vt 0.982687 0.157866
vt 0.964208 0.157779
vt 0.945447 0.157571
vt 0.946161 0.138845
vt 0.927892 0.137602
vt 0.927059 0.157268
vt 0.494944 0.854425
vt 0.475917 0.859972
vt 0.499763 0.871056
vt 0.480843 0.877985
vt 0.461924 0.884913
vt 0.456879 0.865373
vt 0.437918 0.870436
vt 0.442863 0.891180
vt 0.487340 0.514709
vt 0.468212 0.517760
vt 0.490125 0.531628
vt 0.471523 0.535800
vt 0.452470 0.539894
vt 0.449140 0.520679
vt 0.430365 0.523336
vt 0.433586 0.543695
vt 0.983621 0.174745
vt 0.964597 0.175630
vt 0.984555 0.191624
vt 0.965889 0.193578
vt 0.946908 0.195406
vt 0.945690 0.176424
vt 0.927175 0.177065
vt 0.928261 0.197023
vt 0.499763 0.061142
vt 0.494886 0.076688
vt 0.477022 0.070970
vt 0.482161 0.054141
vt 0.490008 0.092235
vt 0.472406 0.087910
vt 0.454334 0.083467
vt 0.459161 0.065301
vt 0.464559 0.047140
vt 0.441409 0.059783
vt 0.446980 0.040436
vt 0.436424 0.079136
vt 0.494944 0.548260
vt 0.475917 0.553808
vt 0.499763 0.564891
vt 0.480843 0.571820
vt 0.461924 0.578748
vt 0.456879 0.559208
vt 0.437918 0.564272
vt 0.442863 0.585015
vt 0.987340 0.208544
vt 0.968212 0.211595
vt 0.990125 0.225464
vt 0.971523 0.229635
vt 0.952470 0.233729
vt 0.949140 0.214514
vt 0.930365 0.217172
vt 0.933586 0.237530
vt 0.487225 0.108426
vt 0.468867 0.105098
vt 0.484441 0.124617
vt 0.466317 0.122485
vt 0.447851 0.120248
vt 0.450553 0.101782
vt 0.432512 0.098550
vt 0.429695 0.118037
vt 0.499763 0.673471
vt 0.494886 0.689017
vt 0.477022 0.683299
vt 0.482161 0.666470
vt 0.490008 0.704564
vt 0.472406 0.700239
vt 0.454334 0.695796
vt 0.459161 0.677630
vt 0.464559 0.659470
vt 0.441409 0.672113
vt 0.446980 0.652765
vt 0.436424 0.691465
vt 0.994944 0.242095
vt 0.975917 0.247643
vt 0.999763 0.258726
vt 0.980843 0.265655
vt 0.961923 0.272583
vt 0.956879 0.253043
vt 0.937918 0.258107
vt 0.942863 0.278850
vt 0.483564 0.141242
vt 0.464809 0.140062
vt 0.482687 0.157867
vt 0.464208 0.157779
vt 0.445447 0.157571
vt 0.446161 0.138846
vt 0.427892 0.137602
vt 0.427060 0.157269
vt 0.487225 0.720755
vt 0.468867 0.717427
vt 0.484441 0.736946
vt 0.466317 0.734815
vt 0.447851 0.732577
vt 0.450552 0.714111
vt 0.432511 0.710879
vt 0.429695 0.730366
vt 0.499763 0.367306
vt 0.494886 0.382853
vt 0.477022 0.377135
vt 0.482161 0.360305
vt 0.490008 0.398399
vt 0.472406 0.394074
vt 0.454334 0.389631
vt 0.459161 0.371465
vt 0.464559 0.353305
vt 0.441409 0.365948
vt 0.446980 0.346601
vt 0.436424 0.385301
vt 0.483622 0.174746
vt 0.464598 0.175631
vt 0.484556 0.191624
vt 0.465889 0.193578
vt 0.446908 0.195407
vt 0.445690 0.176424
vt 0.427175 0.177065
vt 0.428262 0.197023
vt 0.483564 0.753571
vt 0.464809 0.752391
vt 0.482687 0.770196
vt 0.464208 0.770108
vt 0.445447 0.769900
vt 0.446161 0.751175
vt 0.427892 0.749931
vt 0.427060 0.769598
vt 0.487225 0.414590
vt 0.468867 0.411262
vt 0.450552 0.407946
vt 0.432511 0.404714
vt 0.487340 0.208544
vt 0.468212 0.211596
vt 0.449140 0.214514
vt 0.430365 0.217172
vt 0.999763 0.061141
vt 0.994886 0.076688
vt 0.977022 0.070970
vt 0.982161 0.054141
vt 0.959161 0.065301
vt 0.964559 0.047140
vt 0.941409 0.059783
vt 0.946979 0.040436
vt 0.483622 0.787075
vt 0.464598 0.787960
vt 0.445690 0.788754
vt 0.427175 0.789394
vt 0.353944 0.438850
vt 0.355722 0.416146
vt 0.352837 0.461506
vt 0.357483 0.273791
vt 0.355011 0.248837
vt 0.360569 0.299283
vt 0.858234 0.087071
vt 0.861593 0.063785
vt 0.855722 0.109981
vt 0.353383 0.836998
vt 0.352534 0.813490
vt 0.355011 0.861166
vt 0.352364 0.484275
vt 0.352534 0.507325
vt 0.853944 0.132685
vt 0.852837 0.155341
vt 0.357484 0.886120
vt 0.360569 0.911613
vt 0.353383 0.530833
vt 0.355011 0.555001
vt 0.852364 0.178110
vt 0.852534 0.201160
vt 0.365864 0.040012
vt 0.370797 0.015901
vt 0.361593 0.063785
vt 0.357484 0.579956
vt 0.360569 0.605448
vt 0.853383 0.224669
vt 0.855011 0.248837
vt 0.358235 0.087071
vt 0.355722 0.109982
vt 0.365864 0.652341
vt 0.370797 0.628230
vt 0.361593 0.676114
vt 0.857484 0.273791
vt 0.860569 0.299283
vt 0.353944 0.132685
vt 0.352837 0.155341
vt 0.358235 0.699400
vt 0.355722 0.722311
vt 0.365863 0.346176
vt 0.370796 0.322066
vt 0.361593 0.369949
vt 0.352364 0.178110
vt 0.352534 0.201160
vt 0.353944 0.745014
vt 0.352837 0.767671
vt 0.358235 0.393235
vt 0.353383 0.224669
vt 0.865863 0.040011
vt 0.870796 0.015901
vt 0.352364 0.790439
vt 0.270912 0.434689
vt 0.271854 0.410646
vt 0.269906 0.458516
vt 0.263033 0.277217
vt 0.264691 0.250597
vt 0.261277 0.304588
vt 0.772768 0.079963
vt 0.773700 0.054677
vt 0.771854 0.104481
vt 0.266208 0.837374
vt 0.267576 0.812682
vt 0.264691 0.862926
vt 0.268802 0.482374
vt 0.267576 0.506517
vt 0.770912 0.128525
vt 0.769906 0.152351
vt 0.263033 0.889546
vt 0.261277 0.916917
vt 0.266208 0.531210
vt 0.264691 0.556762
vt 0.768802 0.176209
vt 0.767576 0.200353
vt 0.274690 0.028426
vt 0.275729 0.001493
vt 0.273701 0.054677
vt 0.263033 0.583382
vt 0.261278 0.610753
vt 0.766208 0.225045
vt 0.764691 0.250597
vt 0.272768 0.079963
vt 0.271854 0.104481
vt 0.274690 0.640756
vt 0.275729 0.613823
vt 0.273701 0.667006
vt 0.763033 0.277217
vt 0.761278 0.304588
vt 0.270912 0.128525
vt 0.269906 0.152351
vt 0.272768 0.692292
vt 0.271854 0.716810
vt 0.274690 0.334591
vt 0.275729 0.307658
vt 0.273700 0.360842
vt 0.268802 0.176209
vt 0.267576 0.200353
vt 0.270912 0.740854
vt 0.269906 0.764680
vt 0.272768 0.386127
vt 0.266208 0.225045
vt 0.774690 0.028426
vt 0.775729 0.001493
vt 0.268802 0.788539
vt 0.188998 0.433253
vt 0.188656 0.410964
vt 0.188454 0.455280
vt 0.171242 0.262109
vt 0.176830 0.238484
vt 0.165105 0.286340
vt 0.687399 0.082042
vt 0.685134 0.058574
vt 0.688656 0.104800
vt 0.181309 0.827889
vt 0.184666 0.805489
vt 0.176830 0.850813
vt 0.187025 0.477240
vt 0.184667 0.499325
vt 0.688998 0.127089
vt 0.688454 0.149115
vt 0.171242 0.874438
vt 0.165105 0.898669
vt 0.181309 0.521725
vt 0.176830 0.544649
vt 0.687025 0.171076
vt 0.684667 0.193160
vt 0.181898 0.034206
vt 0.178234 0.009107
vt 0.185135 0.058574
vt 0.171242 0.568274
vt 0.165105 0.592505
vt 0.681309 0.215560
vt 0.676830 0.238485
vt 0.187399 0.082041
vt 0.188656 0.104799
vt 0.181898 0.646536
vt 0.178234 0.621437
vt 0.185135 0.670903
vt 0.671242 0.262109
vt 0.665105 0.286340
vt 0.188998 0.127088
vt 0.188454 0.149115
vt 0.187399 0.694371
vt 0.188656 0.717129
vt 0.181898 0.340371
vt 0.178234 0.315272
vt 0.185134 0.364738
vt 0.187025 0.171075
vt 0.184666 0.193160
vt 0.188998 0.739418
vt 0.188454 0.761444
vt 0.187399 0.388206
vt 0.181309 0.215560
vt 0.681897 0.034207
vt 0.678234 0.009108
vt 0.187025 0.783405
vt 0.761471 0.416484
vt 0.756040 0.416432
vt 0.756768 0.370284
vt 0.762370 0.370183
vt 0.750627 0.416396
vt 0.751192 0.370432
vt 0.547781 0.416417
vt 0.542615 0.415978
vt 0.542624 0.371807
vt 0.547886 0.371540
vt 0.538457 0.410825
vt 0.537505 0.371619
vt 0.837731 0.419040
vt 0.832358 0.418727
vt 0.835485 0.372780
vt 0.840931 0.373323
vt 0.826963 0.418441
vt 0.829976 0.372302
vt 0.623742 0.417500
vt 0.618273 0.417313
vt 0.620453 0.370658
vt 0.626105 0.370893
vt 0.612799 0.417143
vt 0.614794 0.370466
vt 0.745235 0.416378
vt 0.745648 0.370631
vt 0.739868 0.416376
vt 0.740149 0.370883
vt 0.821545 0.418176
vt 0.824418 0.371876
vt 0.816108 0.417931
vt 0.818821 0.371500
vt 0.607324 0.416991
vt 0.609133 0.370315
vt 0.601851 0.416857
vt 0.603474 0.370206
vt 0.734533 0.416391
vt 0.734707 0.371189
vt 0.729233 0.416417
vt 0.729338 0.371540
vt 0.810656 0.417706
vt 0.813199 0.371173
vt 0.805194 0.417500
vt 0.807557 0.370893
vt 0.596381 0.416739
vt 0.597820 0.370138
vt 0.590918 0.416638
vt 0.592174 0.370112
vt 0.724067 0.415978
vt 0.724076 0.371807
vt 0.719909 0.410825
vt 0.718957 0.371620
vt 0.799725 0.417313
vt 0.801905 0.370658
vt 0.794251 0.417143
vt 0.796246 0.370466
vt 0.585463 0.416553
vt 0.586539 0.370127
vt 0.580019 0.416484
vt 0.580918 0.370183
vt 0.666104 0.414494
vt 0.661561 0.418944
vt 0.664843 0.373826
vt 0.670098 0.373930
vt 0.656279 0.419040
vt 0.659479 0.373323
vt 0.788776 0.416991
vt 0.790585 0.370315
vt 0.783303 0.416857
vt 0.784926 0.370206
vt 0.574588 0.416432
vt 0.575316 0.370284
vt 0.569175 0.416396
vt 0.569740 0.370432
vt 0.650906 0.418727
vt 0.654032 0.372780
vt 0.645511 0.418441
vt 0.648524 0.372301
vt 0.777833 0.416739
vt 0.779272 0.370138
vt 0.772370 0.416638
vt 0.773626 0.370112
vt 0.563783 0.416378
vt 0.564196 0.370631
vt 0.558416 0.416376
vt 0.558697 0.370883
vt 0.640093 0.418176
vt 0.642966 0.371876
vt 0.634656 0.417931
vt 0.637369 0.371500
vt 0.766915 0.416553
vt 0.767991 0.370127
vt 0.553081 0.416391
vt 0.553255 0.371189
vt 0.847556 0.414494
vt 0.843013 0.418944
vt 0.846295 0.373826
vt 0.851550 0.373930
vt 0.629204 0.417706
vt 0.631746 0.371173
vt 0.626069 0.627860
vt 0.632276 0.627690
vt 0.619844 0.627973
vt 0.620572 0.542229
vt 0.626254 0.542254
vt 0.631924 0.542253
vt 0.844249 0.626234
vt 0.850070 0.627205
vt 0.838259 0.626401
vt 0.835887 0.541968
vt 0.841279 0.540622
vt 0.844820 0.527096
vt 0.539007 0.624410
vt 0.545116 0.625024
vt 0.532943 0.623727
vt 0.541173 0.538987
vt 0.546764 0.539410
vt 0.552375 0.539797
vt 0.757555 0.627219
vt 0.763801 0.627491
vt 0.751320 0.626892
vt 0.756453 0.541050
vt 0.762140 0.541293
vt 0.767835 0.541508
vt 0.638461 0.627459
vt 0.644616 0.627167
vt 0.637581 0.542223
vt 0.643220 0.542165
vt 0.551264 0.625577
vt 0.557443 0.626072
vt 0.558007 0.540154
vt 0.563657 0.540481
vt 0.770052 0.627709
vt 0.776307 0.627872
vt 0.773534 0.541695
vt 0.779235 0.541856
vt 0.650734 0.626813
vt 0.656807 0.626401
vt 0.648839 0.542079
vt 0.654435 0.541968
vt 0.563646 0.626510
vt 0.569868 0.626892
vt 0.569323 0.540780
vt 0.575001 0.541050
vt 0.782562 0.627979
vt 0.788814 0.628032
vt 0.784937 0.541989
vt 0.790637 0.542096
vt 0.662797 0.626234
vt 0.668618 0.627205
vt 0.659827 0.540622
vt 0.663368 0.527096
vt 0.576103 0.627219
vt 0.582349 0.627491
vt 0.580688 0.541293
vt 0.586383 0.541508
vt 0.795060 0.628030
vt 0.801297 0.627973
vt 0.796334 0.542176
vt 0.802024 0.542229
vt 0.708388 0.623267
vt 0.714395 0.623728
vt 0.702452 0.623938
vt 0.714703 0.523191
vt 0.717319 0.537289
vt 0.722625 0.538987
vt 0.588600 0.627709
vt 0.594855 0.627872
vt 0.592082 0.541695
vt 0.597783 0.541856
vt 0.807521 0.627860
vt 0.813728 0.627690
vt 0.807706 0.542254
vt 0.813376 0.542253
vt 0.720459 0.624410
vt 0.726568 0.625024
vt 0.728216 0.539410
vt 0.733827 0.539797
vt 0.601110 0.627979
vt 0.607362 0.628032
vt 0.603485 0.541989
vt 0.609185 0.542096
vt 0.819913 0.627459
vt 0.826068 0.627167
vt 0.819033 0.542223
vt 0.824672 0.542165
vt 0.732716 0.625577
vt 0.738895 0.626072
vt 0.739459 0.540154
vt 0.745109 0.540481
vt 0.613608 0.628030
vt 0.614882 0.542176
vt 0.832187 0.626813
vt 0.830291 0.542079
vt 0.526936 0.623267
vt 0.521000 0.623938
vt 0.533251 0.523191
vt 0.535867 0.537289
vt 0.745098 0.626510
vt 0.750775 0.540780
vt 0.627316 0.472445
vt 0.632749 0.472570
vt 0.621875 0.472317
vt 0.841132 0.472744
vt 0.846188 0.470795
vt 0.835815 0.473040
vt 0.551316 0.470239
vt 0.556680 0.470436
vt 0.545967 0.470029
vt 0.765183 0.471309
vt 0.770625 0.471467
vt 0.759749 0.471147
vt 0.638171 0.472692
vt 0.643581 0.472810
vt 0.562062 0.470624
vt 0.567460 0.470805
vt 0.776072 0.471619
vt 0.781523 0.471766
vt 0.648977 0.472925
vt 0.654363 0.473040
vt 0.572873 0.470979
vt 0.578297 0.471147
vt 0.786976 0.471910
vt 0.792429 0.472049
vt 0.659679 0.472744
vt 0.664736 0.470795
vt 0.583731 0.471309
vt 0.589173 0.471466
vt 0.797880 0.472185
vt 0.803327 0.472317
vt 0.722176 0.469378
vt 0.727419 0.470029
vt 0.717306 0.467008
vt 0.594620 0.471619
vt 0.600071 0.471766
vt 0.808768 0.472445
vt 0.814201 0.472570
vt 0.732768 0.470239
vt 0.738132 0.470436
vt 0.605524 0.471910
vt 0.610977 0.472049
vt 0.819623 0.472692
vt 0.825033 0.472810
vt 0.743514 0.470624
vt 0.748912 0.470805
vt 0.616428 0.472185
vt 0.830429 0.472925
vt 0.540724 0.469377
vt 0.535854 0.467008
vt 0.754325 0.470979
vt 0.544978 0.787129
vt 0.558194 0.779499
vt 0.563587 0.788840
vt 0.551604 0.795764
vt 0.571410 0.771869
vt 0.575575 0.781924
vt 0.582695 0.799112
vt 0.577609 0.813126
vt 0.562930 0.810524
vt 0.544978 0.972637
vt 0.534188 0.961846
vt 0.541815 0.954219
vt 0.551604 0.964002
vt 0.523397 0.951055
vt 0.532032 0.944430
vt 0.546791 0.933104
vt 0.561644 0.934390
vt 0.562929 0.949242
vt 0.732064 0.864623
vt 0.732064 0.879883
vt 0.721278 0.879883
vt 0.721273 0.866043
vt 0.732064 0.895143
vt 0.721273 0.893723
vt 0.702828 0.891294
vt 0.693235 0.879883
vt 0.702828 0.868472
vt 0.586150 0.767919
vt 0.588942 0.778338
vt 0.600890 0.763969
vt 0.602311 0.774760
vt 0.604740 0.793205
vt 0.596200 0.805425
vt 0.515767 0.937840
vt 0.525108 0.932446
vt 0.508137 0.924624
vt 0.518192 0.920459
vt 0.535380 0.913339
vt 0.549394 0.918425
vt 0.728115 0.909884
vt 0.717696 0.907092
vt 0.724165 0.924624
vt 0.714109 0.920459
vt 0.696921 0.913339
vt 0.690609 0.899834
vt 0.616151 0.763970
vt 0.616151 0.774756
vt 0.631411 0.763969
vt 0.629990 0.774760
vt 0.627562 0.793205
vt 0.616151 0.802799
vt 0.504187 0.909884
vt 0.514606 0.907092
vt 0.500237 0.895143
vt 0.511028 0.893723
vt 0.529473 0.891294
vt 0.541693 0.899834
vt 0.716535 0.937840
vt 0.707193 0.932446
vt 0.708905 0.951056
vt 0.700270 0.944430
vt 0.685510 0.933104
vt 0.682908 0.918425
vt 0.687323 0.972637
vt 0.674108 0.980267
vt 0.668714 0.970926
vt 0.680697 0.964002
vt 0.660892 0.987897
vt 0.656726 0.977842
vt 0.649607 0.960654
vt 0.654693 0.946640
vt 0.669372 0.949242
vt 0.646151 0.767919
vt 0.643360 0.778338
vt 0.660892 0.771869
vt 0.656727 0.781924
vt 0.649607 0.799112
vt 0.636102 0.805425
vt 0.500237 0.879883
vt 0.511024 0.879883
vt 0.500237 0.864623
vt 0.511028 0.866043
vt 0.529473 0.868472
vt 0.539066 0.879883
vt 0.698114 0.961846
vt 0.690487 0.954219
vt 0.670658 0.934390
vt 0.646151 0.991847
vt 0.643360 0.981428
vt 0.631411 0.995796
vt 0.629990 0.985006
vt 0.627562 0.966560
vt 0.636102 0.954341
vt 0.674108 0.779499
vt 0.668714 0.788840
vt 0.687323 0.787129
vt 0.680697 0.795764
vt 0.669372 0.810524
vt 0.654693 0.813126
vt 0.504187 0.849882
vt 0.514606 0.852674
vt 0.508137 0.835142
vt 0.518192 0.839307
vt 0.535380 0.846427
vt 0.541693 0.859932
vt 0.616151 0.995797
vt 0.616151 0.985010
vt 0.600890 0.995796
vt 0.602311 0.985005
vt 0.604739 0.966560
vt 0.616151 0.956967
vt 0.698114 0.797920
vt 0.690487 0.805547
vt 0.708905 0.808710
vt 0.700270 0.815336
vt 0.685510 0.826662
vt 0.670658 0.825376
vt 0.515767 0.821926
vt 0.525108 0.827320
vt 0.523397 0.808710
vt 0.532032 0.815336
vt 0.546792 0.826662
vt 0.549394 0.841341
vt 0.586150 0.991847
vt 0.588942 0.981428
vt 0.571410 0.987897
vt 0.575575 0.977842
vt 0.582695 0.960653
vt 0.596200 0.954341
vt 0.716535 0.821926
vt 0.707193 0.827320
vt 0.724165 0.835142
vt 0.714109 0.839307
vt 0.696921 0.846427
vt 0.682908 0.841341
vt 0.534188 0.797920
vt 0.541815 0.805547
vt 0.561644 0.825376
vt 0.558194 0.980267
vt 0.563587 0.970926
vt 0.577608 0.946640
vt 0.728115 0.849882
vt 0.717696 0.852674
vt 0.690609 0.859932
vt 0.616151 0.879882
vt 0.640415 0.330183
vt 0.641670 0.318354
vt 0.635566 0.317919
vt 0.634549 0.329754
vt 0.629470 0.317573
vt 0.628656 0.329403
vt 0.636494 0.307387
vt 0.630177 0.307018
vt 0.642810 0.307756
vt 0.855545 0.333366
vt 0.859106 0.324210
vt 0.853273 0.322803
vt 0.850156 0.333690
vt 0.847385 0.321509
vt 0.844713 0.332773
vt 0.856357 0.313201
vt 0.850047 0.311348
vt 0.862667 0.315054
vt 0.558258 0.330668
vt 0.556951 0.319003
vt 0.550952 0.319757
vt 0.552635 0.331305
vt 0.545003 0.320677
vt 0.547129 0.332031
vt 0.549229 0.309435
vt 0.542825 0.310382
vt 0.555632 0.308488
vt 0.774627 0.328748
vt 0.774577 0.317000
vt 0.768548 0.317135
vt 0.768736 0.328874
vt 0.762522 0.317330
vt 0.762862 0.329070
vt 0.768322 0.306703
vt 0.762163 0.306861
vt 0.774481 0.306545
vt 0.652008 0.331288
vt 0.653878 0.319595
vt 0.647781 0.318911
vt 0.646242 0.330693
vt 0.649234 0.308415
vt 0.655658 0.309074
vt 0.569741 0.329691
vt 0.569008 0.317952
vt 0.562973 0.318416
vt 0.563967 0.330131
vt 0.561953 0.307962
vt 0.568273 0.307436
vt 0.786443 0.328697
vt 0.786658 0.316912
vt 0.780614 0.316925
vt 0.780530 0.328689
vt 0.780645 0.306474
vt 0.786809 0.306402
vt 0.663260 0.332773
vt 0.665933 0.321509
vt 0.659941 0.320458
vt 0.657690 0.331975
vt 0.662126 0.310211
vt 0.668594 0.311348
vt 0.581410 0.329069
vt 0.581070 0.317330
vt 0.575039 0.317600
vt 0.575559 0.329340
vt 0.574492 0.307149
vt 0.580711 0.306861
vt 0.798282 0.328915
vt 0.798772 0.317114
vt 0.792711 0.316980
vt 0.792361 0.328772
vt 0.792995 0.306505
vt 0.799180 0.306608
vt 0.674092 0.333366
vt 0.677654 0.324210
vt 0.671821 0.322803
vt 0.668703 0.333690
vt 0.674905 0.313201
vt 0.681215 0.315054
vt 0.593175 0.328748
vt 0.593126 0.317000
vt 0.587096 0.317135
vt 0.587284 0.328874
vt 0.586870 0.306703
vt 0.593029 0.306545
vt 0.810108 0.329403
vt 0.810922 0.317573
vt 0.804842 0.317311
vt 0.804199 0.329124
vt 0.805404 0.306813
vt 0.811629 0.307018
vt 0.728581 0.332031
vt 0.726455 0.320677
vt 0.720569 0.321807
vt 0.723207 0.332826
vt 0.714721 0.323031
vt 0.718005 0.332414
vt 0.717857 0.312015
vt 0.711436 0.313648
vt 0.724277 0.310381
vt 0.604991 0.328697
vt 0.605206 0.316912
vt 0.599162 0.316925
vt 0.599078 0.328689
vt 0.599193 0.306473
vt 0.605357 0.306402
vt 0.821868 0.330183
vt 0.823122 0.318354
vt 0.817018 0.317919
vt 0.816001 0.329754
vt 0.817946 0.307387
vt 0.824262 0.307756
vt 0.739710 0.330668
vt 0.738403 0.319003
vt 0.732404 0.319757
vt 0.734087 0.331305
vt 0.730681 0.309435
vt 0.737084 0.308488
vt 0.616830 0.328915
vt 0.617320 0.317114
vt 0.611259 0.316980
vt 0.610909 0.328772
vt 0.611543 0.306505
vt 0.617728 0.306608
vt 0.833460 0.331289
vt 0.835330 0.319595
vt 0.829233 0.318911
vt 0.827694 0.330693
vt 0.830686 0.308415
vt 0.837110 0.309074
vt 0.751193 0.329691
vt 0.750460 0.317952
vt 0.744425 0.318416
vt 0.745420 0.330131
vt 0.743405 0.307962
vt 0.749725 0.307436
vt 0.623390 0.317311
vt 0.622747 0.329124
vt 0.623952 0.306813
vt 0.841393 0.320458
vt 0.839143 0.331975
vt 0.843579 0.310211
vt 0.539117 0.321807
vt 0.541755 0.332825
vt 0.533269 0.323031
vt 0.536554 0.332414
vt 0.536405 0.312015
vt 0.529984 0.313648
vt 0.756491 0.317600
vt 0.757011 0.329340
vt 0.755944 0.307149
vt 0.741936 0.762168
vt 0.743456 0.743101
vt 0.736223 0.742557
vt 0.734408 0.761538
vt 0.728997 0.741912
vt 0.726879 0.760907
vt 0.739533 0.701769
vt 0.732735 0.701204
vt 0.746350 0.702250
vt 0.515157 0.756424
vt 0.518863 0.737984
vt 0.511770 0.737178
vt 0.507697 0.754559
vt 0.504493 0.738690
vt 0.500237 0.752695
vt 0.517701 0.699326
vt 0.508748 0.724685
vt 0.524473 0.697996
vt 0.847339 0.759213
vt 0.844665 0.740481
vt 0.837490 0.741424
vt 0.839705 0.760210
vt 0.830285 0.742218
vt 0.832071 0.761208
vt 0.834982 0.701131
vt 0.828271 0.701746
vt 0.841638 0.700415
vt 0.620400 0.763165
vt 0.619911 0.744064
vt 0.612677 0.744262
vt 0.612913 0.763330
vt 0.605441 0.744377
vt 0.605427 0.763494
vt 0.612819 0.703385
vt 0.605975 0.703461
vt 0.619653 0.703230
vt 0.721781 0.741142
vt 0.719312 0.759987
vt 0.714585 0.740249
vt 0.711745 0.759067
vt 0.725964 0.700551
vt 0.719230 0.699804
vt 0.823063 0.742856
vt 0.824486 0.761829
vt 0.815831 0.743373
vt 0.816901 0.762450
vt 0.821518 0.702258
vt 0.814734 0.702672
vt 0.598201 0.744402
vt 0.597939 0.763495
vt 0.590959 0.744338
vt 0.590451 0.763495
vt 0.599126 0.703460
vt 0.592273 0.703379
vt 0.707423 0.739196
vt 0.704177 0.757746
vt 0.700315 0.737984
vt 0.696609 0.756424
vt 0.712546 0.698958
vt 0.705925 0.697996
vt 0.808598 0.743767
vt 0.809376 0.762808
vt 0.801363 0.744064
vt 0.801852 0.763165
vt 0.807928 0.702994
vt 0.801105 0.703230
vt 0.583716 0.744163
vt 0.582961 0.763250
vt 0.576475 0.743899
vt 0.575472 0.763004
vt 0.585421 0.703215
vt 0.578571 0.702971
vt 0.693222 0.737178
vt 0.689149 0.754559
vt 0.685945 0.738690
vt 0.681689 0.752695
vt 0.699153 0.699326
vt 0.690200 0.724685
vt 0.794129 0.744262
vt 0.794366 0.763330
vt 0.786893 0.744377
vt 0.786879 0.763494
vt 0.794271 0.703385
vt 0.787427 0.703461
vt 0.569238 0.743543
vt 0.567978 0.762586
vt 0.562004 0.743101
vt 0.560484 0.762168
vt 0.571730 0.702649
vt 0.564898 0.702250
vt 0.681215 0.756139
vt 0.677542 0.741726
vt 0.670366 0.739954
vt 0.673551 0.757676
vt 0.663213 0.740481
vt 0.665887 0.759213
vt 0.666825 0.701987
vt 0.660186 0.700415
vt 0.673869 0.727313
vt 0.779653 0.744402
vt 0.779391 0.763495
vt 0.772411 0.744338
vt 0.771903 0.763495
vt 0.780578 0.703460
vt 0.773725 0.703379
vt 0.554771 0.742557
vt 0.552955 0.761538
vt 0.547545 0.741912
vt 0.545427 0.760907
vt 0.558081 0.701769
vt 0.551283 0.701204
vt 0.656038 0.741424
vt 0.658253 0.760211
vt 0.648833 0.742218
vt 0.650618 0.761208
vt 0.653529 0.701131
vt 0.646819 0.701746
vt 0.765168 0.744163
vt 0.764414 0.763250
vt 0.757927 0.743899
vt 0.756924 0.763004
vt 0.766873 0.703215
vt 0.760024 0.702971
vt 0.540329 0.741142
vt 0.537860 0.759987
vt 0.533133 0.740249
vt 0.530292 0.759067
vt 0.544512 0.700551
vt 0.537778 0.699804
vt 0.641611 0.742856
vt 0.643034 0.761829
vt 0.634379 0.743373
vt 0.635449 0.762450
vt 0.640066 0.702258
vt 0.633282 0.702672
vt 0.750690 0.743543
vt 0.749430 0.762586
vt 0.753182 0.702649
vt 0.525971 0.739196
vt 0.522725 0.757746
vt 0.531094 0.698958
vt 0.862668 0.756139
vt 0.858994 0.741726
vt 0.851818 0.739954
vt 0.855003 0.757676
vt 0.848277 0.701987
vt 0.855321 0.727314
vt 0.627146 0.743767
vt 0.627924 0.762808
vt 0.626476 0.702994
vt 0.409222 0.769224
vt 0.391753 0.768795
vt 0.391599 0.790215
vt 0.409206 0.789879
vt 0.392321 0.811863
vt 0.410126 0.810730
vt 0.373013 0.790405
vt 0.373488 0.812781
vt 0.373317 0.768286
vt 0.331430 0.766974
vt 0.310449 0.766232
vt 0.309637 0.789905
vt 0.330783 0.790283
vt 0.309112 0.813882
vt 0.330611 0.813890
vt 0.289042 0.789317
vt 0.288164 0.813471
vt 0.290007 0.765462
vt 0.249950 0.763889
vt 0.229928 0.763090
vt 0.228609 0.786411
vt 0.248727 0.787572
vt 0.226746 0.809955
vt 0.247169 0.811514
vt 0.208170 0.785034
vt 0.206036 0.807969
vt 0.209559 0.762278
vt 0.165851 0.760569
vt 0.141336 0.759650
vt 0.139963 0.779071
vt 0.164424 0.781434
vt 0.137381 0.798490
vt 0.161908 0.802361
vt 0.114987 0.776466
vt 0.112444 0.794124
vt 0.116258 0.758751
vt 0.929400 0.033732
vt 0.912162 0.027860
vt 0.906393 0.049584
vt 0.923868 0.054508
vt 0.901394 0.071190
vt 0.918842 0.075027
vt 0.887572 0.044794
vt 0.882686 0.067474
vt 0.894925 0.021989
vt 0.846668 0.009812
vt 0.823018 0.006281
vt 0.819934 0.032306
vt 0.842838 0.035656
vt 0.817124 0.057774
vt 0.839268 0.060436
vt 0.797262 0.029859
vt 0.795320 0.055855
vt 0.799368 0.002749
vt 0.752089 0.000237
vt 0.727847 0.002057
vt 0.729174 0.028778
vt 0.752060 0.027973
vt 0.730286 0.054753
vt 0.752086 0.054289
vt 0.705892 0.030751
vt 0.708077 0.056142
vt 0.703604 0.003876
vt 0.652864 0.014339
vt 0.623905 0.025254
vt 0.629703 0.046690
vt 0.656659 0.039326
vt 0.634690 0.067650
vt 0.660774 0.062343
vt 0.602861 0.055470
vt 0.608448 0.074141
vt 0.594946 0.036168
vt 0.410126 0.198400
vt 0.392321 0.199534
vt 0.393970 0.221512
vt 0.412036 0.219512
vt 0.396667 0.243932
vt 0.415048 0.240946
vt 0.374788 0.223225
vt 0.377031 0.246554
vt 0.373488 0.200452
vt 0.330611 0.201561
vt 0.309112 0.201553
vt 0.308886 0.226069
vt 0.330937 0.225675
vt 0.309011 0.251390
vt 0.331841 0.250534
vt 0.287368 0.225848
vt 0.286683 0.251399
vt 0.288164 0.201142
vt 0.247169 0.199185
vt 0.226746 0.197626
vt 0.224288 0.221648
vt 0.245240 0.223652
vt 0.221164 0.246440
vt 0.242901 0.248959
vt 0.203097 0.218980
vt 0.199250 0.242984
vt 0.206036 0.195640
vt 0.161908 0.190031
vt 0.137381 0.186161
vt 0.133526 0.205667
vt 0.158232 0.211165
vt 0.128279 0.225338
vt 0.153268 0.232656
vt 0.108577 0.199424
vt 0.103290 0.217038
vt 0.112444 0.181794
vt 0.418842 0.381192
vt 0.401395 0.377355
vt 0.397500 0.398784
vt 0.414889 0.401646
vt 0.394659 0.420087
vt 0.412025 0.422082
vt 0.378982 0.396008
vt 0.376253 0.418129
vt 0.382686 0.373639
vt 0.339268 0.366600
vt 0.317124 0.363938
vt 0.314821 0.388638
vt 0.336388 0.390694
vt 0.312994 0.412736
vt 0.334183 0.414291
vt 0.293671 0.387115
vt 0.292280 0.411519
vt 0.295320 0.362020
vt 0.252086 0.360453
vt 0.230287 0.360917
vt 0.230931 0.385861
vt 0.251922 0.385698
vt 0.231076 0.409984
vt 0.251522 0.410128
vt 0.209542 0.386668
vt 0.210247 0.410245
vt 0.208077 0.362306
vt 0.160774 0.368508
vt 0.134690 0.373814
vt 0.138300 0.394247
vt 0.163772 0.390684
vt 0.140539 0.414260
vt 0.165552 0.412271
vt 0.112461 0.398680
vt 0.115032 0.416822
vt 0.108449 0.380305
vt 0.412025 0.728246
vt 0.394659 0.726251
vt 0.392763 0.747505
vt 0.410153 0.748699
vt 0.374385 0.746291
vt 0.376253 0.724294
vt 0.334183 0.720456
vt 0.312994 0.718901
vt 0.311555 0.742636
vt 0.332550 0.743763
vt 0.291074 0.741664
vt 0.292280 0.717684
vt 0.251522 0.716293
vt 0.231076 0.716148
vt 0.230744 0.739751
vt 0.250873 0.740214
vt 0.210249 0.739478
vt 0.210247 0.716409
vt 0.165552 0.718436
vt 0.140539 0.720425
vt 0.141534 0.740135
vt 0.166230 0.739622
vt 0.116281 0.740939
vt 0.115033 0.722986
vt 0.409222 0.156895
vt 0.391753 0.156466
vt 0.391599 0.177886
vt 0.409206 0.177550
vt 0.373013 0.178076
vt 0.373317 0.155957
vt 0.331430 0.154645
vt 0.310449 0.153902
vt 0.309637 0.177576
vt 0.330783 0.177954
vt 0.289042 0.176988
vt 0.290007 0.153133
vt 0.249950 0.151560
vt 0.229928 0.150761
vt 0.228609 0.174082
vt 0.248727 0.175242
vt 0.208170 0.172705
vt 0.209559 0.149949
vt 0.165851 0.148240
vt 0.141336 0.147321
vt 0.139963 0.166741
vt 0.164424 0.169104
vt 0.114988 0.164137
vt 0.116258 0.146421
vt 0.429400 0.339896
vt 0.412162 0.334025
vt 0.406393 0.355749
vt 0.423868 0.360673
vt 0.387573 0.350959
vt 0.394925 0.328154
vt 0.346668 0.315977
vt 0.323018 0.312446
vt 0.319934 0.338471
vt 0.342838 0.341821
vt 0.297262 0.336024
vt 0.299368 0.308914
vt 0.252089 0.306402
vt 0.227847 0.308221
vt 0.229175 0.334942
vt 0.252060 0.334138
vt 0.205892 0.336915
vt 0.203604 0.310041
vt 0.152864 0.320504
vt 0.123905 0.331418
vt 0.129703 0.352855
vt 0.156659 0.345490
vt 0.102861 0.361634
vt 0.094946 0.342333
vt 0.418842 0.687357
vt 0.401395 0.683519
vt 0.397500 0.704949
vt 0.414889 0.707811
vt 0.378982 0.702172
vt 0.382687 0.679804
vt 0.339268 0.672765
vt 0.317124 0.670103
vt 0.314821 0.694803
vt 0.336388 0.696859
vt 0.293672 0.693280
vt 0.295320 0.668184
vt 0.252087 0.666618
vt 0.230287 0.667082
vt 0.230931 0.692026
vt 0.251922 0.691863
vt 0.209543 0.692832
vt 0.208077 0.668471
vt 0.160775 0.674672
vt 0.134691 0.679979
vt 0.138300 0.700412
vt 0.163772 0.696848
vt 0.112461 0.704844
vt 0.108449 0.686469
vt 0.412026 0.115917
vt 0.394659 0.113922
vt 0.392763 0.135175
vt 0.410153 0.136370
vt 0.374385 0.133962
vt 0.376253 0.111965
vt 0.334183 0.108126
vt 0.312994 0.106571
vt 0.311555 0.130307
vt 0.332550 0.131433
vt 0.291074 0.129335
vt 0.292280 0.105354
vt 0.251522 0.103964
vt 0.231076 0.103819
vt 0.230744 0.127422
vt 0.250873 0.127885
vt 0.210249 0.127149
vt 0.210247 0.104080
vt 0.165552 0.106106
vt 0.140539 0.108095
vt 0.141534 0.127806
vt 0.166230 0.127292
vt 0.116281 0.128610
vt 0.115033 0.110657
vt 0.915048 0.240946
vt 0.896667 0.243931
vt 0.900474 0.266853
vt 0.919161 0.262758
vt 0.905061 0.290110
vt 0.923801 0.285116
vt 0.880433 0.270536
vt 0.886320 0.295104
vt 0.877031 0.246553
vt 0.831841 0.250534
vt 0.809011 0.251390
vt 0.809497 0.277696
vt 0.833312 0.276341
vt 0.810147 0.304695
vt 0.834818 0.303462
vt 0.786109 0.278020
vt 0.785476 0.305927
vt 0.786683 0.251399
vt 0.742902 0.248959
vt 0.721165 0.246440
vt 0.717371 0.272214
vt 0.740148 0.275368
vt 0.713207 0.298707
vt 0.737080 0.303248
vt 0.694497 0.267887
vt 0.689333 0.294165
vt 0.699250 0.242984
vt 0.653268 0.232657
vt 0.628279 0.225339
vt 0.621636 0.245258
vt 0.647084 0.254732
vt 0.614154 0.265457
vt 0.640877 0.278515
vt 0.596473 0.234654
vt 0.587431 0.252399
vt 0.603290 0.217039
vt 0.429400 0.646061
vt 0.412163 0.640190
vt 0.406393 0.661914
vt 0.423869 0.666838
vt 0.387573 0.657124
vt 0.394925 0.634319
vt 0.346668 0.622142
vt 0.323018 0.618610
vt 0.319934 0.644635
vt 0.342838 0.647986
vt 0.297262 0.642188
vt 0.299368 0.615079
vt 0.252090 0.612566
vt 0.227847 0.614386
vt 0.229175 0.641107
vt 0.252060 0.640302
vt 0.205892 0.643080
vt 0.203604 0.616205
vt 0.152864 0.626668
vt 0.123905 0.637583
vt 0.129704 0.659019
vt 0.156659 0.651655
vt 0.102861 0.667799
vt 0.094946 0.648497
vt 0.418842 0.075028
vt 0.401395 0.071190
vt 0.397500 0.092620
vt 0.414889 0.095482
vt 0.378982 0.089843
vt 0.382687 0.067475
vt 0.339269 0.060436
vt 0.317124 0.057774
vt 0.314821 0.082473
vt 0.336388 0.084530
vt 0.293672 0.080950
vt 0.295320 0.055855
vt 0.252087 0.054289
vt 0.230287 0.054753
vt 0.230931 0.079696
vt 0.251922 0.079534
vt 0.209543 0.080503
vt 0.208077 0.056141
vt 0.160775 0.062343
vt 0.134691 0.067649
vt 0.138300 0.088082
vt 0.163772 0.084519
vt 0.112461 0.092515
vt 0.108449 0.074140
vt 0.910126 0.198400
vt 0.892321 0.199534
vt 0.893970 0.221512
vt 0.912035 0.219511
vt 0.874788 0.223225
vt 0.873488 0.200451
vt 0.830611 0.201561
vt 0.809112 0.201553
vt 0.808886 0.226069
vt 0.830938 0.225675
vt 0.787369 0.225848
vt 0.788164 0.201142
vt 0.747169 0.199185
vt 0.726746 0.197626
vt 0.724289 0.221648
vt 0.745240 0.223652
vt 0.703097 0.218980
vt 0.706037 0.195640
vt 0.661908 0.190032
vt 0.637381 0.186161
vt 0.633526 0.205668
vt 0.658233 0.211166
vt 0.608577 0.199425
vt 0.612444 0.181795
vt 0.415048 0.547110
vt 0.396667 0.550096
vt 0.400474 0.573018
vt 0.419161 0.568923
vt 0.405061 0.596275
vt 0.423801 0.591281
vt 0.380433 0.576701
vt 0.386320 0.601269
vt 0.377031 0.552718
vt 0.331841 0.556698
vt 0.309011 0.557555
vt 0.309497 0.583860
vt 0.333312 0.582506
vt 0.310147 0.610860
vt 0.334817 0.609627
vt 0.286109 0.584184
vt 0.285476 0.612092
vt 0.286683 0.557563
vt 0.242901 0.555124
vt 0.221165 0.552605
vt 0.217371 0.578379
vt 0.240148 0.581532
vt 0.213206 0.604872
vt 0.237080 0.609413
vt 0.194497 0.574051
vt 0.189333 0.600330
vt 0.199250 0.549149
vt 0.153268 0.538821
vt 0.128279 0.531503
vt 0.121636 0.551423
vt 0.147084 0.560897
vt 0.114154 0.571621
vt 0.140877 0.584679
vt 0.096473 0.540818
vt 0.087431 0.558563
vt 0.103290 0.523203
vt 0.429400 0.033732
vt 0.412163 0.027861
vt 0.406393 0.049584
vt 0.423869 0.054508
vt 0.387573 0.044794
vt 0.394925 0.021990
vt 0.346668 0.009813
vt 0.323018 0.006281
vt 0.319934 0.032306
vt 0.342838 0.035657
vt 0.297262 0.029859
vt 0.299368 0.002750
vt 0.252090 0.000237
vt 0.227847 0.002057
vt 0.229175 0.028778
vt 0.252061 0.027973
vt 0.205892 0.030751
vt 0.203604 0.003876
vt 0.152864 0.014339
vt 0.123905 0.025253
vt 0.129704 0.046690
vt 0.156659 0.039325
vt 0.102862 0.055469
vt 0.094946 0.036168
vt 0.909222 0.156894
vt 0.891753 0.156466
vt 0.891599 0.177886
vt 0.909205 0.177549
vt 0.873013 0.178075
vt 0.873317 0.155957
vt 0.831430 0.154645
vt 0.810449 0.153902
vt 0.809637 0.177576
vt 0.830783 0.177954
vt 0.789042 0.176988
vt 0.790007 0.153133
vt 0.749950 0.151560
vt 0.729928 0.150761
vt 0.728608 0.174082
vt 0.748727 0.175243
vt 0.708170 0.172705
vt 0.709559 0.149949
vt 0.665851 0.148241
vt 0.641335 0.147321
vt 0.639963 0.166742
vt 0.664424 0.169105
vt 0.614987 0.164137
vt 0.616257 0.146422
vt 0.410126 0.504565
vt 0.392321 0.505699
vt 0.393970 0.527677
vt 0.412036 0.525676
vt 0.374788 0.529389
vt 0.373488 0.506616
vt 0.330611 0.507725
vt 0.309112 0.507718
vt 0.308886 0.532233
vt 0.330937 0.531839
vt 0.287369 0.532013
vt 0.288164 0.507307
vt 0.247169 0.505350
vt 0.226746 0.503791
vt 0.224288 0.527812
vt 0.245240 0.529817
vt 0.203097 0.525145
vt 0.199250 0.549149
vt 0.206036 0.501805
vt 0.161908 0.496196
vt 0.137381 0.492326
vt 0.133526 0.511832
vt 0.158233 0.517330
vt 0.108577 0.505590
vt 0.112444 0.487959
vt 0.415048 0.853275
vt 0.396667 0.856261
vt 0.400474 0.879183
vt 0.419161 0.875087
vt 0.405061 0.902440
vt 0.423801 0.897446
vt 0.380433 0.882865
vt 0.386320 0.907434
vt 0.377031 0.858883
vt 0.331841 0.862863
vt 0.309011 0.863720
vt 0.309496 0.890025
vt 0.333312 0.888671
vt 0.310146 0.917024
vt 0.334817 0.915791
vt 0.286109 0.890349
vt 0.285475 0.918257
vt 0.286683 0.863728
vt 0.242901 0.861288
vt 0.221164 0.858770
vt 0.217371 0.884543
vt 0.240148 0.887697
vt 0.213206 0.911036
vt 0.237080 0.915578
vt 0.194497 0.880216
vt 0.189333 0.906494
vt 0.199250 0.855313
vt 0.153268 0.844986
vt 0.128279 0.837668
vt 0.121636 0.857587
vt 0.147084 0.867061
vt 0.114154 0.877786
vt 0.140877 0.890844
vt 0.096473 0.846983
vt 0.087431 0.864727
vt 0.103290 0.829367
vt 0.912025 0.115917
vt 0.894659 0.113922
vt 0.892763 0.135175
vt 0.910153 0.136370
vt 0.874385 0.133961
vt 0.876253 0.111964
vt 0.834183 0.108126
vt 0.812994 0.106571
vt 0.811555 0.130307
vt 0.832550 0.131433
vt 0.791074 0.129335
vt 0.792280 0.105354
vt 0.751522 0.103964
vt 0.731076 0.103819
vt 0.730744 0.127422
vt 0.750873 0.127885
vt 0.710248 0.127149
vt 0.710247 0.104080
vt 0.665551 0.106107
vt 0.640539 0.108096
vt 0.641534 0.127807
vt 0.666230 0.127293
vt 0.616280 0.128610
vt 0.615032 0.110657
vt 0.409222 0.463059
vt 0.391753 0.462631
vt 0.391599 0.484051
vt 0.409206 0.483714
vt 0.373013 0.484240
vt 0.373317 0.462121
vt 0.331430 0.460810
vt 0.310449 0.460067
vt 0.309637 0.483741
vt 0.330783 0.484119
vt 0.289042 0.483153
vt 0.290007 0.459298
vt 0.249950 0.457725
vt 0.229928 0.456926
vt 0.228609 0.480246
vt 0.248727 0.481407
vt 0.208170 0.478870
vt 0.209559 0.456114
vt 0.165851 0.454405
vt 0.141335 0.453486
vt 0.139963 0.472906
vt 0.164424 0.475269
vt 0.114987 0.470302
vt 0.116258 0.452586
vt 0.393970 0.833842
vt 0.412036 0.831841
vt 0.374788 0.835554
vt 0.308886 0.838398
vt 0.330937 0.838004
vt 0.287368 0.838178
vt 0.224288 0.833977
vt 0.245240 0.835982
vt 0.203097 0.831309
vt 0.133526 0.817996
vt 0.158232 0.823495
vt 0.108577 0.811754
vt 0.897500 0.092619
vt 0.914889 0.095482
vt 0.878982 0.089843
vt 0.814821 0.082473
vt 0.836388 0.084530
vt 0.793671 0.080950
vt 0.730931 0.079696
vt 0.751922 0.079534
vt 0.709542 0.080503
vt 0.638300 0.088083
vt 0.663772 0.084519
vt 0.612461 0.092515
vt 0.400474 0.266854
vt 0.419161 0.262758
vt 0.405061 0.290111
vt 0.423801 0.285117
vt 0.380433 0.270536
vt 0.386320 0.295104
vt 0.309496 0.277696
vt 0.333312 0.276341
vt 0.310146 0.304695
vt 0.334817 0.303462
vt 0.286109 0.278020
vt 0.285475 0.305928
vt 0.217371 0.272214
vt 0.240148 0.275368
vt 0.213206 0.298707
vt 0.237079 0.303248
vt 0.194497 0.267886
vt 0.189333 0.294165
vt 0.121636 0.245257
vt 0.147084 0.254732
vt 0.114154 0.265456
vt 0.140877 0.278515
vt 0.096473 0.234653
vt 0.087431 0.252398
vt 0.392763 0.441340
vt 0.410153 0.442535
vt 0.374385 0.440126
vt 0.311555 0.436472
vt 0.332550 0.437598
vt 0.291074 0.435499
vt 0.230744 0.433587
vt 0.250873 0.434049
vt 0.210248 0.433314
vt 0.141534 0.433971
vt 0.166230 0.433457
vt 0.116280 0.434775
vt 0.091884 0.757939
vt 0.090758 0.773775
vt 0.088366 0.789513
vt 0.066445 0.770978
vt 0.064314 0.784604
vt 0.067390 0.757233
vt 0.041822 0.756628
vt 0.041064 0.768037
vt 0.039317 0.779331
vt 0.015059 0.765023
vt 0.014128 0.773947
vt 0.015991 0.756098
vt 0.571532 0.048854
vt 0.577982 0.065216
vt 0.583521 0.081438
vt 0.553958 0.075887
vt 0.559134 0.089618
vt 0.548119 0.061541
vt 0.524647 0.076682
vt 0.529735 0.087687
vt 0.534286 0.098732
vt 0.505343 0.100022
vt 0.509510 0.108221
vt 0.501175 0.091823
vt 0.088366 0.177184
vt 0.084674 0.192808
vt 0.079615 0.208276
vt 0.060981 0.185733
vt 0.056407 0.198950
vt 0.064314 0.172275
vt 0.039317 0.167002
vt 0.036480 0.178098
vt 0.032632 0.188937
vt 0.011495 0.170165
vt 0.008862 0.178712
vt 0.014128 0.161618
vt 0.083522 0.387602
vt 0.087649 0.403753
vt 0.090364 0.419841
vt 0.063078 0.409555
vt 0.065733 0.423397
vt 0.059135 0.395782
vt 0.034286 0.404896
vt 0.037755 0.416144
vt 0.040180 0.427531
vt 0.011981 0.423158
vt 0.014452 0.431932
vt 0.009510 0.414385
vt 0.090364 0.726006
vt 0.091761 0.742015
vt 0.067159 0.743414
vt 0.065733 0.729561
vt 0.040181 0.733695
vt 0.041499 0.745159
vt 0.015221 0.747097
vt 0.014452 0.738096
vt 0.091884 0.145610
vt 0.090758 0.161446
vt 0.066445 0.158648
vt 0.067390 0.144903
vt 0.041822 0.144298
vt 0.041064 0.155707
vt 0.015059 0.152693
vt 0.015991 0.143769
vt 0.071533 0.355019
vt 0.077983 0.371380
vt 0.053959 0.382051
vt 0.048119 0.367705
vt 0.024647 0.382846
vt 0.029735 0.393851
vt 0.005343 0.406186
vt 0.001176 0.397987
vt 0.083522 0.693767
vt 0.087649 0.709917
vt 0.063079 0.715719
vt 0.059135 0.701946
vt 0.034286 0.711060
vt 0.037755 0.722308
vt 0.011981 0.729323
vt 0.009511 0.720549
vt 0.090364 0.113676
vt 0.091761 0.129685
vt 0.067159 0.131084
vt 0.065733 0.117232
vt 0.040181 0.121365
vt 0.041499 0.132830
vt 0.015221 0.134767
vt 0.014452 0.125766
vt 0.579615 0.208276
vt 0.573215 0.223582
vt 0.565966 0.238853
vt 0.550682 0.211943
vt 0.544501 0.225308
vt 0.556407 0.198951
vt 0.532632 0.188938
vt 0.527748 0.199450
vt 0.522369 0.209845
vt 0.504550 0.186548
vt 0.500237 0.194382
vt 0.508862 0.178714
vt 0.071533 0.661183
vt 0.077983 0.677544
vt 0.053959 0.688216
vt 0.048120 0.673869
vt 0.024648 0.689010
vt 0.029735 0.700015
vt 0.005343 0.712350
vt 0.001176 0.704151
vt 0.083522 0.081437
vt 0.087649 0.097588
vt 0.063079 0.103390
vt 0.059135 0.089617
vt 0.034287 0.098730
vt 0.037755 0.109979
vt 0.011981 0.116993
vt 0.009511 0.108220
vt 0.588366 0.177185
vt 0.584674 0.192809
vt 0.560981 0.185734
vt 0.564314 0.172276
vt 0.539317 0.167003
vt 0.536480 0.178099
vt 0.511495 0.170166
vt 0.514128 0.161619
vt 0.079615 0.514441
vt 0.073215 0.529747
vt 0.065966 0.545018
vt 0.050682 0.518107
vt 0.044501 0.531472
vt 0.056407 0.505116
vt 0.032632 0.495102
vt 0.027748 0.505614
vt 0.022369 0.516009
vt 0.004550 0.492712
vt 0.000237 0.500546
vt 0.008862 0.484878
vt 0.071533 0.048854
vt 0.077983 0.065215
vt 0.053959 0.075886
vt 0.048120 0.061540
vt 0.024648 0.076681
vt 0.029735 0.087686
vt 0.005343 0.100021
vt 0.001176 0.091822
vt 0.591884 0.145611
vt 0.590758 0.161447
vt 0.566445 0.158649
vt 0.567390 0.144905
vt 0.541822 0.144299
vt 0.541064 0.155708
vt 0.515059 0.152694
vt 0.515990 0.143770
vt 0.088366 0.483349
vt 0.084674 0.498973
vt 0.060981 0.491898
vt 0.064314 0.478440
vt 0.039317 0.473167
vt 0.036480 0.484263
vt 0.011495 0.476330
vt 0.014128 0.467783
vt 0.079615 0.820605
vt 0.073215 0.835911
vt 0.065966 0.851182
vt 0.050682 0.824271
vt 0.044501 0.837636
vt 0.056407 0.811280
vt 0.032632 0.801266
vt 0.027748 0.811778
vt 0.022369 0.822173
vt 0.004550 0.798876
vt 0.000237 0.806710
vt 0.008862 0.791042
vt 0.590364 0.113677
vt 0.591761 0.129686
vt 0.567159 0.131085
vt 0.565733 0.117233
vt 0.540180 0.121367
vt 0.541499 0.132831
vt 0.515221 0.134769
vt 0.514452 0.125768
vt 0.091884 0.451775
vt 0.090758 0.467611
vt 0.066445 0.464813
vt 0.067390 0.451069
vt 0.041821 0.450464
vt 0.041064 0.461873
vt 0.015059 0.458858
vt 0.015990 0.449934
vt 0.084674 0.805137
vt 0.060981 0.798062
vt 0.036480 0.790427
vt 0.011495 0.782494
vt 0.587649 0.097589
vt 0.563078 0.103391
vt 0.537755 0.109980
vt 0.511981 0.116994
vt 0.073215 0.223581
vt 0.065966 0.238853
vt 0.050682 0.211942
vt 0.044501 0.225307
vt 0.027748 0.199448
vt 0.022369 0.209844
vt 0.004550 0.186547
vt 0.000237 0.194381
vt 0.091761 0.435851
vt 0.067159 0.437249
vt 0.041499 0.438995
vt 0.015221 0.440933
vt 0.484441 0.430781
vt 0.466317 0.428650
vt 0.464809 0.446226
vt 0.483564 0.447406
vt 0.464208 0.463944
vt 0.482687 0.464031
vt 0.446161 0.445010
vt 0.445447 0.463735
vt 0.447851 0.426413
vt 0.429695 0.424201
vt 0.427892 0.443766
vt 0.427060 0.463433
vt 0.490125 0.225464
vt 0.471523 0.229635
vt 0.475917 0.247643
vt 0.494944 0.242096
vt 0.480843 0.265655
vt 0.499763 0.258727
vt 0.456879 0.253044
vt 0.461924 0.272584
vt 0.452470 0.233729
vt 0.433586 0.237531
vt 0.437918 0.258107
vt 0.442863 0.278850
vt 0.990008 0.092235
vt 0.972406 0.087909
vt 0.968867 0.105097
vt 0.987224 0.108426
vt 0.966316 0.122485
vt 0.984441 0.124617
vt 0.950552 0.101782
vt 0.947851 0.120248
vt 0.954334 0.083467
vt 0.936424 0.079136
vt 0.932511 0.098549
vt 0.929695 0.118036
vt 0.484556 0.803954
vt 0.465889 0.805907
vt 0.468212 0.823925
vt 0.487340 0.820873
vt 0.471523 0.841965
vt 0.490125 0.837793
vt 0.449140 0.826844
vt 0.452470 0.846058
vt 0.446908 0.807736
vt 0.428261 0.809352
vt 0.430365 0.829501
vt 0.433586 0.849860
vt 0.464598 0.481795
vt 0.483621 0.480910
vt 0.465889 0.499743
vt 0.484556 0.497789
vt 0.445690 0.482589
vt 0.446908 0.501571
vt 0.427175 0.483230
vt 0.428261 0.503188
vt 0.964809 0.140061
vt 0.983564 0.141242
vt 0.964208 0.157779
vt 0.982687 0.157866
vt 0.946161 0.138845
vt 0.945447 0.157571
vt 0.927892 0.137602
vt 0.927059 0.157268
vt 0.475917 0.859972
vt 0.494944 0.854425
vt 0.480843 0.877985
vt 0.499763 0.871056
vt 0.456879 0.865373
vt 0.461924 0.884913
vt 0.437918 0.870436
vt 0.442863 0.891180
vt 0.468212 0.517760
vt 0.487340 0.514709
vt 0.471523 0.535800
vt 0.490125 0.531628
vt 0.449140 0.520679
vt 0.452470 0.539894
vt 0.430365 0.523336
vt 0.433586 0.543695
vt 0.964597 0.175630
vt 0.983621 0.174745
vt 0.965889 0.193578
vt 0.984555 0.191624
vt 0.945690 0.176424
vt 0.946908 0.195406
vt 0.927175 0.177065
vt 0.928261 0.197023
vt 0.499763 0.061142
vt 0.482161 0.054141
vt 0.477022 0.070970
vt 0.494886 0.076688
vt 0.472406 0.087910
vt 0.490008 0.092235
vt 0.459161 0.065301
vt 0.454334 0.083467
vt 0.464559 0.047140
vt 0.446980 0.040436
vt 0.441409 0.059783
vt 0.436424 0.079136
vt 0.475917 0.553808
vt 0.494944 0.548260
vt 0.480843 0.571820
vt 0.499763 0.564891
vt 0.456879 0.559208
vt 0.461924 0.578748
vt 0.437918 0.564272
vt 0.442863 0.585015
vt 0.968212 0.211595
vt 0.987340 0.208544
vt 0.971523 0.229635
vt 0.990125 0.225464
vt 0.949140 0.214514
vt 0.952470 0.233729
vt 0.930365 0.217172
vt 0.933586 0.237530
vt 0.468867 0.105098
vt 0.487225 0.108426
vt 0.466317 0.122485
vt 0.484441 0.124617
vt 0.450553 0.101782
vt 0.447851 0.120248
vt 0.432512 0.098550
vt 0.429695 0.118037
vt 0.499763 0.673471
vt 0.482161 0.666470
vt 0.477022 0.683299
vt 0.494886 0.689017
vt 0.472406 0.700239
vt 0.490008 0.704564
vt 0.459161 0.677630
vt 0.454334 0.695796
vt 0.464559 0.659470
vt 0.446980 0.652765
vt 0.441409 0.672113
vt 0.436424 0.691465
vt 0.975917 0.247643
vt 0.994944 0.242095
vt 0.980843 0.265655
vt 0.999763 0.258726
vt 0.956879 0.253043
vt 0.961923 0.272583
vt 0.937918 0.258107
vt 0.942863 0.278850
vt 0.464809 0.140062
vt 0.483564 0.141242
vt 0.464208 0.157779
vt 0.482687 0.157867
vt 0.446161 0.138846
vt 0.445447 0.157571
vt 0.427892 0.137602
vt 0.427060 0.157269
vt 0.468867 0.717427
vt 0.487225 0.720755
vt 0.466317 0.734815
vt 0.484441 0.736946
vt 0.450552 0.714111
vt 0.447851 0.732577
vt 0.432511 0.710879
vt 0.429695 0.730366
vt 0.499763 0.367306
vt 0.482161 0.360305
vt 0.477022 0.377135
vt 0.494886 0.382853
vt 0.472406 0.394074
vt 0.490008 0.398399
vt 0.459161 0.371465
vt 0.454334 0.389631
vt 0.464559 0.353305
vt 0.446980 0.346601
vt 0.441409 0.365948
vt 0.436424 0.385301
vt 0.464598 0.175631
vt 0.483622 0.174746
vt 0.465889 0.193578
vt 0.484556 0.191624
vt 0.445690 0.176424
vt 0.446908 0.195407
vt 0.427175 0.177065
vt 0.428262 0.197023
vt 0.464809 0.752391
vt 0.483564 0.753571
vt 0.464208 0.770108
vt 0.482687 0.770196
vt 0.446161 0.751175
vt 0.445447 0.769900
vt 0.427892 0.749931
vt 0.427060 0.769598
vt 0.468867 0.411262
vt 0.487225 0.414590
vt 0.450552 0.407946
vt 0.432511 0.404714
vt 0.468212 0.211596
vt 0.487340 0.208544
vt 0.449140 0.214514
vt 0.430365 0.217172
vt 0.999763 0.061141
vt 0.982161 0.054141
vt 0.977022 0.070970
vt 0.994886 0.076688
vt 0.959161 0.065301
vt 0.964559 0.047140
vt 0.946979 0.040436
vt 0.941409 0.059783
vt 0.464598 0.787960
vt 0.483622 0.787075
vt 0.445690 0.788754
vt 0.427175 0.789394
vt 0.355722 0.416146
vt 0.353944 0.438850
vt 0.352837 0.461506
vt 0.355011 0.248837
vt 0.357483 0.273791
vt 0.360569 0.299283
vt 0.861593 0.063785
vt 0.858234 0.087071
vt 0.855722 0.109981
vt 0.352534 0.813490
vt 0.353383 0.836998
vt 0.355011 0.861166
vt 0.352364 0.484275
vt 0.352534 0.507325
vt 0.853944 0.132685
vt 0.852837 0.155341
vt 0.357484 0.886120
vt 0.360569 0.911613
vt 0.353383 0.530833
vt 0.355011 0.555001
vt 0.852364 0.178110
vt 0.852534 0.201160
vt 0.370797 0.015901
vt 0.365864 0.040012
vt 0.361593 0.063785
vt 0.357484 0.579956
vt 0.360569 0.605448
vt 0.853383 0.224669
vt 0.855011 0.248837
vt 0.358235 0.087071
vt 0.355722 0.109982
vt 0.370797 0.628230
vt 0.365864 0.652341
vt 0.361593 0.676114
vt 0.857484 0.273791
vt 0.860569 0.299283
vt 0.353944 0.132685
vt 0.352837 0.155341
vt 0.358235 0.699400
vt 0.355722 0.722311
vt 0.370796 0.322066
vt 0.365863 0.346176
vt 0.361593 0.369949
vt 0.352364 0.178110
vt 0.352534 0.201160
vt 0.353944 0.745014
vt 0.352837 0.767671
vt 0.358235 0.393235
vt 0.353383 0.224669
vt 0.870796 0.015901
vt 0.865863 0.040011
vt 0.352364 0.790439
vt 0.271854 0.410646
vt 0.270912 0.434689
vt 0.269906 0.458516
vt 0.264691 0.250597
vt 0.263033 0.277217
vt 0.261277 0.304588
vt 0.773700 0.054677
vt 0.772768 0.079963
vt 0.771854 0.104481
vt 0.267576 0.812682
vt 0.266208 0.837374
vt 0.264691 0.862926
vt 0.268802 0.482374
vt 0.267576 0.506517
vt 0.770912 0.128525
vt 0.769906 0.152351
vt 0.263033 0.889546
vt 0.261277 0.916917
vt 0.266208 0.531210
vt 0.264691 0.556762
vt 0.768802 0.176209
vt 0.767576 0.200353
vt 0.275729 0.001493
vt 0.274690 0.028426
vt 0.273701 0.054677
vt 0.263033 0.583382
vt 0.261278 0.610753
vt 0.766208 0.225045
vt 0.764691 0.250597
vt 0.272768 0.079963
vt 0.271854 0.104481
vt 0.275729 0.613823
vt 0.274690 0.640756
vt 0.273701 0.667006
vt 0.763033 0.277217
vt 0.761278 0.304588
vt 0.270912 0.128525
vt 0.269906 0.152351
vt 0.272768 0.692292
vt 0.271854 0.716810
vt 0.275729 0.307658
vt 0.274690 0.334591
vt 0.273700 0.360842
vt 0.268802 0.176209
vt 0.267576 0.200353
vt 0.270912 0.740854
vt 0.269906 0.764680
vt 0.272768 0.386127
vt 0.266208 0.225045
vt 0.775729 0.001493
vt 0.774690 0.028426
vt 0.268802 0.788539
vt 0.188656 0.410964
vt 0.188998 0.433253
vt 0.188454 0.455280
vt 0.176830 0.238484
vt 0.171242 0.262109
vt 0.165105 0.286340
vt 0.685134 0.058574
vt 0.687399 0.082042
vt 0.688656 0.104800
vt 0.184666 0.805489
vt 0.181309 0.827889
vt 0.176830 0.850813
vt 0.187025 0.477240
vt 0.184667 0.499325
vt 0.688998 0.127089
vt 0.688454 0.149115
vt 0.171242 0.874438
vt 0.165105 0.898669
vt 0.181309 0.521725
vt 0.176830 0.544649
vt 0.687025 0.171076
vt 0.684667 0.193160
vt 0.178234 0.009107
vt 0.181898 0.034206
vt 0.185135 0.058574
vt 0.171242 0.568274
vt 0.165105 0.592505
vt 0.681309 0.215560
vt 0.676830 0.238485
vt 0.187399 0.082041
vt 0.188656 0.104799
vt 0.178234 0.621437
vt 0.181898 0.646536
vt 0.185135 0.670903
vt 0.671242 0.262109
vt 0.665105 0.286340
vt 0.188998 0.127088
vt 0.188454 0.149115
vt 0.187399 0.694371
vt 0.188656 0.717129
vt 0.178234 0.315272
vt 0.181898 0.340371
vt 0.185134 0.364738
vt 0.187025 0.171075
vt 0.184666 0.193160
vt 0.188998 0.739418
vt 0.188454 0.761444
vt 0.187399 0.388206
vt 0.181309 0.215560
vt 0.678234 0.009108
vt 0.681897 0.034207
vt 0.187025 0.783405
vt 0.761471 0.416484
vt 0.762370 0.370183
vt 0.756768 0.370284
vt 0.756040 0.416432
vt 0.751192 0.370432
vt 0.750627 0.416396
vt 0.547781 0.416417
vt 0.547886 0.371540
vt 0.542624 0.371807
vt 0.542615 0.415978
vt 0.537505 0.371619
vt 0.538457 0.410825
vt 0.837731 0.419040
vt 0.840931 0.373323
vt 0.835485 0.372780
vt 0.832358 0.418727
vt 0.829976 0.372302
vt 0.826963 0.418441
vt 0.623742 0.417500
vt 0.626105 0.370893
vt 0.620453 0.370658
vt 0.618273 0.417313
vt 0.614794 0.370466
vt 0.612799 0.417143
vt 0.745648 0.370631
vt 0.745235 0.416378
vt 0.740149 0.370883
vt 0.739868 0.416376
vt 0.824418 0.371876
vt 0.821545 0.418176
vt 0.818821 0.371500
vt 0.816108 0.417931
vt 0.609133 0.370315
vt 0.607324 0.416991
vt 0.603474 0.370206
vt 0.601851 0.416857
vt 0.734707 0.371189
vt 0.734533 0.416391
vt 0.729338 0.371540
vt 0.729233 0.416417
vt 0.813199 0.371173
vt 0.810656 0.417706
vt 0.807557 0.370893
vt 0.805194 0.417500
vt 0.597820 0.370138
vt 0.596381 0.416739
vt 0.592174 0.370112
vt 0.590918 0.416638
vt 0.724076 0.371807
vt 0.724067 0.415978
vt 0.718957 0.371620
vt 0.719909 0.410825
vt 0.801905 0.370658
vt 0.799725 0.417313
vt 0.796246 0.370466
vt 0.794251 0.417143
vt 0.586539 0.370127
vt 0.585463 0.416553
vt 0.580918 0.370183
vt 0.580019 0.416484
vt 0.666104 0.414494
vt 0.670098 0.373930
vt 0.664843 0.373826
vt 0.661561 0.418944
vt 0.659479 0.373323
vt 0.656279 0.419040
vt 0.790585 0.370315
vt 0.788776 0.416991
vt 0.784926 0.370206
vt 0.783303 0.416857
vt 0.575316 0.370284
vt 0.574588 0.416432
vt 0.569740 0.370432
vt 0.569175 0.416396
vt 0.654032 0.372780
vt 0.650906 0.418727
vt 0.648524 0.372301
vt 0.645511 0.418441
vt 0.779272 0.370138
vt 0.777833 0.416739
vt 0.773626 0.370112
vt 0.772370 0.416638
vt 0.564196 0.370631
vt 0.563783 0.416378
vt 0.558697 0.370883
vt 0.558416 0.416376
vt 0.642966 0.371876
vt 0.640093 0.418176
vt 0.637369 0.371500
vt 0.634656 0.417931
vt 0.767991 0.370127
vt 0.766915 0.416553
vt 0.553255 0.371189
vt 0.553081 0.416391
vt 0.847556 0.414494
vt 0.851550 0.373930
vt 0.846295 0.373826
vt 0.843013 0.418944
vt 0.631746 0.371173
vt 0.629204 0.417706
vt 0.632276 0.627690
vt 0.626069 0.627860
vt 0.619844 0.627973
vt 0.626254 0.542254
vt 0.620572 0.542229
vt 0.631924 0.542253
vt 0.850070 0.627205
vt 0.844249 0.626234
vt 0.838259 0.626401
vt 0.841279 0.540622
vt 0.835887 0.541968
vt 0.844820 0.527096
vt 0.545116 0.625024
vt 0.539007 0.624410
vt 0.532943 0.623727
vt 0.546764 0.539410
vt 0.541173 0.538987
vt 0.552375 0.539797
vt 0.763801 0.627491
vt 0.757555 0.627219
vt 0.751320 0.626892
vt 0.762140 0.541293
vt 0.756453 0.541050
vt 0.767835 0.541508
vt 0.644616 0.627167
vt 0.638461 0.627459
vt 0.637581 0.542223
vt 0.643220 0.542165
vt 0.557443 0.626072
vt 0.551264 0.625577
vt 0.558007 0.540154
vt 0.563657 0.540481
vt 0.776307 0.627872
vt 0.770052 0.627709
vt 0.773534 0.541695
vt 0.779235 0.541856
vt 0.656807 0.626401
vt 0.650734 0.626813
vt 0.648839 0.542079
vt 0.654435 0.541968
vt 0.569868 0.626892
vt 0.563646 0.626510
vt 0.569323 0.540780
vt 0.575001 0.541050
vt 0.788814 0.628032
vt 0.782562 0.627979
vt 0.784937 0.541989
vt 0.790637 0.542096
vt 0.668618 0.627205
vt 0.662797 0.626234
vt 0.659827 0.540622
vt 0.663368 0.527096
vt 0.582349 0.627491
vt 0.576103 0.627219
vt 0.580688 0.541293
vt 0.586383 0.541508
vt 0.801297 0.627973
vt 0.795060 0.628030
vt 0.796334 0.542176
vt 0.802024 0.542229
vt 0.714395 0.623728
vt 0.708388 0.623267
vt 0.702452 0.623938
vt 0.717319 0.537289
vt 0.714703 0.523191
vt 0.722625 0.538987
vt 0.594855 0.627872
vt 0.588600 0.627709
vt 0.592082 0.541695
vt 0.597783 0.541856
vt 0.813728 0.627690
vt 0.807521 0.627860
vt 0.807706 0.542254
vt 0.813376 0.542253
vt 0.726568 0.625024
vt 0.720459 0.624410
vt 0.728216 0.539410
vt 0.733827 0.539797
vt 0.607362 0.628032
vt 0.601110 0.627979
vt 0.603485 0.541989
vt 0.609185 0.542096
vt 0.826068 0.627167
vt 0.819913 0.627459
vt 0.819033 0.542223
vt 0.824672 0.542165
vt 0.738895 0.626072
vt 0.732716 0.625577
vt 0.739459 0.540154
vt 0.745109 0.540481
vt 0.613608 0.628030
vt 0.614882 0.542176
vt 0.832187 0.626813
vt 0.830291 0.542079
vt 0.526936 0.623267
vt 0.521000 0.623938
vt 0.535867 0.537289
vt 0.533251 0.523191
vt 0.745098 0.626510
vt 0.750775 0.540780
vt 0.632749 0.472570
vt 0.627316 0.472445
vt 0.621875 0.472317
vt 0.846188 0.470795
vt 0.841132 0.472744
vt 0.835815 0.473040
vt 0.556680 0.470436
vt 0.551316 0.470239
vt 0.545967 0.470029
vt 0.770625 0.471467
vt 0.765183 0.471309
vt 0.759749 0.471147
vt 0.643581 0.472810
vt 0.638171 0.472692
vt 0.567460 0.470805
vt 0.562062 0.470624
vt 0.781523 0.471766
vt 0.776072 0.471619
vt 0.654363 0.473040
vt 0.648977 0.472925
vt 0.578297 0.471147
vt 0.572873 0.470979
vt 0.792429 0.472049
vt 0.786976 0.471910
vt 0.664736 0.470795
vt 0.659679 0.472744
vt 0.589173 0.471466
vt 0.583731 0.471309
vt 0.803327 0.472317
vt 0.797880 0.472185
vt 0.727419 0.470029
vt 0.722176 0.469378
vt 0.717306 0.467008
vt 0.600071 0.471766
vt 0.594620 0.471619
vt 0.814201 0.472570
vt 0.808768 0.472445
vt 0.738132 0.470436
vt 0.732768 0.470239
vt 0.610977 0.472049
vt 0.605524 0.471910
vt 0.825033 0.472810
vt 0.819623 0.472692
vt 0.748912 0.470805
vt 0.743514 0.470624
vt 0.616428 0.472185
vt 0.830429 0.472925
vt 0.540724 0.469377
vt 0.535854 0.467008
vt 0.754325 0.470979
vt 0.544978 0.787129
vt 0.551604 0.795764
vt 0.563587 0.788840
vt 0.558194 0.779499
vt 0.575575 0.781924
vt 0.571410 0.771869
vt 0.577609 0.813126
vt 0.582695 0.799112
vt 0.562930 0.810524
vt 0.544978 0.972637
vt 0.551604 0.964002
vt 0.541815 0.954219
vt 0.534188 0.961846
vt 0.532032 0.944430
vt 0.523397 0.951055
vt 0.561644 0.934390
vt 0.546791 0.933104
vt 0.562929 0.949242
vt 0.732064 0.864623
vt 0.721273 0.866043
vt 0.721278 0.879883
vt 0.732064 0.879883
vt 0.721273 0.893723
vt 0.732064 0.895143
vt 0.693235 0.879883
vt 0.702828 0.891294
vt 0.702828 0.868472
vt 0.588942 0.778338
vt 0.586150 0.767919
vt 0.602311 0.774760
vt 0.600890 0.763969
vt 0.596200 0.805425
vt 0.604740 0.793205
vt 0.525108 0.932446
vt 0.515767 0.937840
vt 0.518192 0.920459
vt 0.508137 0.924624
vt 0.549394 0.918425
vt 0.535380 0.913339
vt 0.717696 0.907092
vt 0.728115 0.909884
vt 0.714109 0.920459
vt 0.724165 0.924624
vt 0.690609 0.899834
vt 0.696921 0.913339
vt 0.616151 0.774756
vt 0.616151 0.763970
vt 0.629990 0.774760
vt 0.631411 0.763969
vt 0.616151 0.802799
vt 0.627562 0.793205
vt 0.514606 0.907092
vt 0.504187 0.909884
vt 0.511028 0.893723
vt 0.500237 0.895143
vt 0.541693 0.899834
vt 0.529473 0.891294
vt 0.707193 0.932446
vt 0.716535 0.937840
vt 0.700270 0.944430
vt 0.708905 0.951056
vt 0.682908 0.918425
vt 0.685510 0.933104
vt 0.687323 0.972637
vt 0.680697 0.964002
vt 0.668714 0.970926
vt 0.674108 0.980267
vt 0.656726 0.977842
vt 0.660892 0.987897
vt 0.654693 0.946640
vt 0.649607 0.960654
vt 0.669372 0.949242
vt 0.643360 0.778338
vt 0.646151 0.767919
vt 0.656727 0.781924
vt 0.660892 0.771869
vt 0.636102 0.805425
vt 0.649607 0.799112
vt 0.511024 0.879883
vt 0.500237 0.879883
vt 0.511028 0.866043
vt 0.500237 0.864623
vt 0.539066 0.879883
vt 0.529473 0.868472
vt 0.690487 0.954219
vt 0.698114 0.961846
vt 0.670658 0.934390
vt 0.643360 0.981428
vt 0.646151 0.991847
vt 0.629990 0.985006
vt 0.631411 0.995796
vt 0.636102 0.954341
vt 0.627562 0.966560
vt 0.668714 0.788840
vt 0.674108 0.779499
vt 0.680697 0.795764
vt 0.687323 0.787129
vt 0.654693 0.813126
vt 0.669372 0.810524
vt 0.514606 0.852674
vt 0.504187 0.849882
vt 0.518192 0.839307
vt 0.508137 0.835142
vt 0.541693 0.859932
vt 0.535380 0.846427
vt 0.616151 0.985010
vt 0.616151 0.995797
vt 0.602311 0.985005
vt 0.600890 0.995796
vt 0.616151 0.956967
vt 0.604739 0.966560
vt 0.690487 0.805547
vt 0.698114 0.797920
vt 0.700270 0.815336
vt 0.708905 0.808710
vt 0.670658 0.825376
vt 0.685510 0.826662
vt 0.525108 0.827320
vt 0.515767 0.821926
vt 0.532032 0.815336
vt 0.523397 0.808710
vt 0.549394 0.841341
vt 0.546792 0.826662
vt 0.588942 0.981428
vt 0.586150 0.991847
vt 0.575575 0.977842
vt 0.571410 0.987897
vt 0.596200 0.954341
vt 0.582695 0.960653
vt 0.707193 0.827320
vt 0.716535 0.821926
vt 0.714109 0.839307
vt 0.724165 0.835142
vt 0.682908 0.841341
vt 0.696921 0.846427
vt 0.541815 0.805547
vt 0.534188 0.797920
vt 0.561644 0.825376
vt 0.563587 0.970926
vt 0.558194 0.980267
vt 0.577608 0.946640
vt 0.717696 0.852674
vt 0.728115 0.849882
vt 0.690609 0.859932
vt 0.616151 0.879882
vn -0.8927 0.3389 -0.2969
vn -0.8463 0.3388 -0.4109
vn -0.6954 0.6344 -0.3376
vn -0.7335 0.6344 -0.2440
vn -0.7854 0.3389 -0.5179
vn -0.6453 0.6344 -0.4255
vn -0.0216 0.9996 -0.0143
vn -0.0234 0.9996 -0.0114
vn -0.0246 0.9996 -0.0082
vn 0.8412 0.3389 -0.4212
vn 0.8890 0.3388 -0.3078
vn 0.7305 0.6344 -0.2529
vn 0.6912 0.6344 -0.3461
vn 0.9216 0.3389 -0.1892
vn 0.7572 0.6344 -0.1554
vn 0.0254 0.9996 -0.0052
vn 0.0246 0.9996 -0.0085
vn 0.0232 0.9996 -0.0116
vn 0.5179 0.3389 -0.7854
vn 0.6160 0.3388 -0.7111
vn 0.5061 0.6344 -0.5843
vn 0.4255 0.6344 -0.6453
vn 0.7035 0.3389 -0.6246
vn 0.5781 0.6344 -0.5132
vn 0.0193 0.9996 -0.0172
vn 0.0170 0.9996 -0.0196
vn 0.0143 0.9996 -0.0216
vn 0.1892 0.3389 0.9216
vn 0.0673 0.3389 0.9384
vn 0.0553 0.6344 0.7711
vn 0.1554 0.6344 0.7572
vn -0.0558 0.3389 0.9391
vn -0.0458 0.6344 0.7717
vn -0.0015 0.9996 0.0258
vn 0.0018 0.9996 0.0259
vn 0.0052 0.9996 0.0254
vn -0.9391 0.3389 -0.0558
vn -0.9239 0.3388 -0.1779
vn -0.7591 0.6344 -0.1462
vn -0.7717 0.6344 -0.0458
vn -0.0255 0.9996 -0.0049
vn -0.0258 0.9996 -0.0015
vn 0.2969 0.3389 -0.8927
vn 0.4109 0.3388 -0.8463
vn 0.3376 0.6344 -0.6954
vn 0.2440 0.6344 -0.7335
vn 0.0114 0.9996 -0.0234
vn 0.0081 0.9996 -0.0246
vn 0.4212 0.3389 0.8412
vn 0.3078 0.3389 0.8890
vn 0.2529 0.6344 0.7305
vn 0.3461 0.6344 0.6912
vn 0.0085 0.9996 0.0246
vn 0.0116 0.9996 0.0232
vn -0.9216 0.3389 0.1892
vn -0.9384 0.3388 0.0673
vn -0.7711 0.6344 0.0553
vn -0.7572 0.6344 0.1554
vn -0.0259 0.9996 0.0018
vn -0.0254 0.9996 0.0052
vn 0.0558 0.3389 -0.9391
vn 0.1779 0.3389 -0.9239
vn 0.1462 0.6344 -0.7591
vn 0.0458 0.6344 -0.7717
vn 0.0049 0.9996 -0.0255
vn 0.0015 0.9996 -0.0258
vn 0.6246 0.3389 0.7035
vn 0.5275 0.3388 0.7790
vn 0.4334 0.6344 0.6401
vn 0.5132 0.6344 0.5781
vn 0.0146 0.9996 0.0215
vn 0.0172 0.9996 0.0194
vn -0.8412 0.3389 0.4212
vn -0.8890 0.3388 0.3078
vn -0.7305 0.6344 0.2529
vn -0.6912 0.6344 0.3461
vn -0.0246 0.9996 0.0085
vn -0.0232 0.9996 0.0116
vn -0.1892 0.3389 -0.9216
vn -0.0673 0.3389 -0.9384
vn -0.0553 0.6344 -0.7710
vn -0.1554 0.6344 -0.7572
vn -0.0018 0.9996 -0.0259
vn -0.0052 0.9996 -0.0254
vn 0.7854 0.3389 0.5179
vn 0.7111 0.3388 0.6160
vn 0.5843 0.6344 0.5061
vn 0.6453 0.6344 0.4255
vn 0.0197 0.9996 0.0170
vn 0.0216 0.9996 0.0143
vn -0.7035 0.3389 0.6246
vn -0.7790 0.3388 0.5275
vn -0.6401 0.6344 0.4334
vn -0.5781 0.6344 0.5132
vn -0.0215 0.9996 0.0146
vn -0.0194 0.9996 0.0172
vn -0.4212 0.3389 -0.8412
vn -0.3078 0.3389 -0.8890
vn -0.2529 0.6344 -0.7305
vn -0.3461 0.6344 -0.6912
vn -0.0085 0.9996 -0.0246
vn -0.0116 0.9996 -0.0232
vn 0.8927 0.3389 0.2969
vn 0.8463 0.3388 0.4109
vn 0.6954 0.6344 0.3376
vn 0.7335 0.6344 0.2440
vn 0.0234 0.9996 0.0114
vn 0.0246 0.9996 0.0082
vn -0.5179 0.3389 0.7854
vn -0.6160 0.3389 0.7111
vn -0.5061 0.6344 0.5843
vn -0.4255 0.6344 0.6453
vn -0.0170 0.9996 0.0196
vn -0.0143 0.9996 0.0216
vn -0.6246 0.3389 -0.7035
vn -0.5275 0.3388 -0.7790
vn -0.4334 0.6344 -0.6401
vn -0.5132 0.6344 -0.5781
vn -0.0146 0.9996 -0.0215
vn -0.0172 0.9996 -0.0194
vn 0.9391 0.3389 0.0558
vn 0.9239 0.3388 0.1779
vn 0.7591 0.6344 0.1462
vn 0.7717 0.6344 0.0458
vn 0.0255 0.9996 0.0049
vn 0.0258 0.9996 0.0015
vn -0.2969 0.3389 0.8927
vn -0.4109 0.3388 0.8463
vn -0.3376 0.6344 0.6954
vn -0.2440 0.6344 0.7335
vn -0.0114 0.9996 0.0234
vn -0.0082 0.9996 0.0246
vn -0.7111 0.3389 -0.6160
vn -0.5843 0.6344 -0.5061
vn -0.0196 0.9996 -0.0170
vn 0.9384 0.3388 -0.0673
vn 0.7711 0.6344 -0.0553
vn 0.0259 0.9996 -0.0018
vn 0.7790 0.3388 -0.5275
vn 0.6401 0.6344 -0.4334
vn 0.0215 0.9996 -0.0146
vn -0.1779 0.3389 0.9239
vn -0.1462 0.6344 0.7591
vn -0.0049 0.9996 0.0255
vn -0.0461 -0.6288 0.7762
vn -0.1470 -0.6288 0.7635
vn -0.1781 -0.3353 0.9251
vn -0.0558 -0.3353 0.9404
vn -0.2454 -0.6288 0.7378
vn -0.2973 -0.3353 0.8939
vn -0.3135 -0.1166 0.9424
vn -0.1878 -0.1166 0.9752
vn -0.0589 -0.1166 0.9914
vn 0.5814 -0.6288 -0.5163
vn 0.6438 -0.6288 -0.4359
vn 0.7801 -0.3353 -0.5282
vn 0.7045 -0.3353 -0.6255
vn 0.6952 -0.6288 -0.3482
vn 0.8424 -0.3353 -0.4218
vn 0.8880 -0.1166 -0.4447
vn 0.8224 -0.1166 -0.5568
vn 0.7427 -0.1166 -0.6594
vn 0.7617 -0.6288 -0.1563
vn 0.7756 -0.6288 -0.0556
vn 0.9397 -0.3353 -0.0674
vn 0.9228 -0.3353 -0.1894
vn 0.7762 -0.6288 0.0461
vn 0.9404 -0.3353 0.0558
vn 0.9914 -0.1166 0.0589
vn 0.9906 -0.1166 -0.0710
vn 0.9729 -0.1166 -0.1997
vn -0.6491 -0.6288 -0.4280
vn -0.5877 -0.6288 -0.5091
vn -0.7121 -0.3353 -0.6168
vn -0.7865 -0.3353 -0.5186
vn -0.5163 -0.6288 -0.5814
vn -0.6255 -0.3353 -0.7045
vn -0.6594 -0.1166 -0.7427
vn -0.7507 -0.1166 -0.6503
vn -0.8292 -0.1166 -0.5467
vn -0.3396 -0.6288 0.6995
vn -0.4115 -0.3353 0.8475
vn -0.4280 -0.6288 0.6491
vn -0.5186 -0.3353 0.7865
vn -0.5467 -0.1166 0.8292
vn -0.4338 -0.1166 0.8934
vn 0.7635 -0.6288 0.1470
vn 0.9251 -0.3353 0.1781
vn 0.7378 -0.6288 0.2454
vn 0.8939 -0.3353 0.2973
vn 0.9424 -0.1166 0.3135
vn 0.9752 -0.1166 0.1878
vn -0.4359 -0.6288 -0.6439
vn -0.5282 -0.3353 -0.7801
vn -0.3482 -0.6288 -0.6952
vn -0.4218 -0.3353 -0.8424
vn -0.4447 -0.1166 -0.8880
vn -0.5568 -0.1166 -0.8224
vn -0.5091 -0.6288 0.5877
vn -0.6168 -0.3353 0.7121
vn -0.5814 -0.6288 0.5163
vn -0.7045 -0.3353 0.6255
vn -0.7427 -0.1166 0.6594
vn -0.6503 -0.1166 0.7507
vn 0.6995 -0.6288 0.3396
vn 0.8475 -0.3353 0.4115
vn 0.6491 -0.6288 0.4280
vn 0.7865 -0.3353 0.5186
vn 0.8291 -0.1166 0.5467
vn 0.8934 -0.1166 0.4338
vn -0.2544 -0.6288 -0.7348
vn -0.3083 -0.3353 -0.8902
vn -0.1563 -0.6288 -0.7617
vn -0.1894 -0.3353 -0.9228
vn -0.1997 -0.1166 -0.9729
vn -0.3250 -0.1166 -0.9385
vn -0.6439 -0.6288 0.4359
vn -0.7801 -0.3353 0.5282
vn -0.6952 -0.6288 0.3482
vn -0.8424 -0.3353 0.4218
vn -0.8880 -0.1166 0.4447
vn -0.8224 -0.1166 0.5568
vn 0.5877 -0.6288 0.5091
vn 0.7121 -0.3353 0.6168
vn 0.5163 -0.6288 0.5814
vn 0.6255 -0.3353 0.7045
vn 0.6594 -0.1166 0.7427
vn 0.7507 -0.1166 0.6503
vn -0.0556 -0.6288 -0.7756
vn -0.0674 -0.3353 -0.9397
vn 0.0461 -0.6288 -0.7762
vn 0.0558 -0.3353 -0.9404
vn 0.0589 -0.1166 -0.9914
vn -0.0710 -0.1166 -0.9906
vn -0.7348 -0.6288 0.2544
vn -0.8902 -0.3353 0.3083
vn -0.7617 -0.6288 0.1563
vn -0.9228 -0.3353 0.1894
vn -0.9729 -0.1166 0.1997
vn -0.9385 -0.1166 0.3250
vn 0.4359 -0.6288 0.6439
vn 0.5282 -0.3353 0.7801
vn 0.3482 -0.6288 0.6952
vn 0.4218 -0.3353 0.8424
vn 0.4447 -0.1166 0.8880
vn 0.5568 -0.1166 0.8224
vn 0.1470 -0.6288 -0.7635
vn 0.1781 -0.3353 -0.9251
vn 0.2454 -0.6288 -0.7378
vn 0.2973 -0.3353 -0.8939
vn 0.3135 -0.1166 -0.9424
vn 0.1878 -0.1166 -0.9752
vn -0.7756 -0.6288 0.0556
vn -0.9397 -0.3353 0.0674
vn -0.7762 -0.6288 -0.0461
vn -0.9404 -0.3353 -0.0558
vn -0.9914 -0.1166 -0.0589
vn -0.9906 -0.1166 0.0710
vn 0.2544 -0.6288 0.7348
vn 0.3083 -0.3353 0.8902
vn 0.1563 -0.6288 0.7617
vn 0.1894 -0.3353 0.9228
vn 0.1997 -0.1166 0.9729
vn 0.3250 -0.1166 0.9385
vn 0.3396 -0.6288 -0.6995
vn 0.4115 -0.3353 -0.8475
vn 0.4280 -0.6288 -0.6491
vn 0.5186 -0.3353 -0.7865
vn 0.5467 -0.1166 -0.8292
vn 0.4338 -0.1166 -0.8934
vn -0.7635 -0.6288 -0.1470
vn -0.9251 -0.3353 -0.1781
vn -0.7378 -0.6288 -0.2454
vn -0.8939 -0.3353 -0.2973
vn -0.9424 -0.1166 -0.3135
vn -0.9752 -0.1166 -0.1878
vn 0.0556 -0.6288 0.7756
vn 0.0674 -0.3353 0.9397
vn 0.0710 -0.1166 0.9906
vn 0.5091 -0.6288 -0.5877
vn 0.6168 -0.3353 -0.7121
vn 0.6503 -0.1166 -0.7507
vn 0.7348 -0.6288 -0.2544
vn 0.8902 -0.3353 -0.3083
vn 0.9385 -0.1166 -0.3250
vn -0.6995 -0.6288 -0.3396
vn -0.8475 -0.3353 -0.4115
vn -0.8934 -0.1166 -0.4338
vn -0.8004 0.5371 -0.2662
vn -0.7588 0.5371 -0.3684
vn -0.7834 0.4914 -0.3804
vn -0.8263 0.4914 -0.2749
vn -0.7042 0.5371 -0.4643
vn -0.7271 0.4914 -0.4794
vn -0.7587 0.4173 -0.5002
vn -0.8175 0.4173 -0.3969
vn -0.8623 0.4173 -0.2868
vn -0.9159 0.2612 -0.3047
vn -0.8683 0.2611 -0.4216
vn -0.8833 0.1895 -0.4289
vn -0.9317 0.1895 -0.3099
vn -0.8059 0.2612 -0.5314
vn -0.8197 0.1895 -0.5405
vn -0.8283 0.1250 -0.5461
vn -0.8925 0.1250 -0.4334
vn -0.9414 0.1250 -0.3132
vn -0.9473 -0.0573 -0.3151
vn -0.8981 -0.0573 -0.4360
vn -0.8860 -0.1727 -0.4302
vn -0.9346 -0.1727 -0.3109
vn -0.8335 -0.0573 -0.5495
vn -0.8223 -0.1727 -0.5422
vn -0.8021 -0.2774 -0.5289
vn -0.8643 -0.2774 -0.4196
vn -0.9116 -0.2774 -0.3032
vn -0.8206 -0.5020 -0.2730
vn -0.7780 -0.5020 -0.3778
vn -0.7142 -0.6080 -0.3468
vn -0.7533 -0.6080 -0.2506
vn -0.7220 -0.5020 -0.4761
vn -0.6628 -0.6080 -0.4370
vn -0.5994 -0.6961 -0.3952
vn -0.6458 -0.6961 -0.3136
vn -0.6812 -0.6961 -0.2266
vn 0.7542 0.5371 -0.3777
vn 0.7971 0.5371 -0.2760
vn 0.8229 0.4914 -0.2850
vn 0.7787 0.4914 -0.3899
vn 0.8263 0.5371 -0.1696
vn 0.8531 0.4914 -0.1751
vn 0.8902 0.4173 -0.1827
vn 0.8587 0.4173 -0.2974
vn 0.8126 0.4173 -0.4069
vn 0.8631 0.2612 -0.4322
vn 0.9121 0.2611 -0.3159
vn 0.9278 0.1895 -0.3213
vn 0.8779 0.1895 -0.4396
vn 0.9456 0.2612 -0.1941
vn 0.9618 0.1895 -0.1974
vn 0.9719 0.1250 -0.1995
vn 0.9375 0.1250 -0.3247
vn 0.8871 0.1250 -0.4442
vn 0.8927 -0.0573 -0.4470
vn 0.9434 -0.0573 -0.3267
vn 0.9307 -0.1727 -0.3223
vn 0.8807 -0.1727 -0.4410
vn 0.9779 -0.0573 -0.2008
vn 0.9648 -0.1727 -0.1981
vn 0.9411 -0.2774 -0.1932
vn 0.9078 -0.2774 -0.3144
vn 0.8590 -0.2774 -0.4302
vn 0.7733 -0.5020 -0.3872
vn 0.8172 -0.5020 -0.2830
vn 0.7502 -0.6080 -0.2598
vn 0.7099 -0.6080 -0.3555
vn 0.8472 -0.5020 -0.1739
vn 0.7777 -0.6080 -0.1596
vn 0.7033 -0.6961 -0.1444
vn 0.6784 -0.6961 -0.2349
vn 0.6419 -0.6961 -0.3215
vn 0.4643 0.5371 -0.7042
vn 0.5523 0.5371 -0.6376
vn 0.5702 0.4914 -0.6583
vn 0.4794 0.4914 -0.7270
vn 0.6308 0.5371 -0.5600
vn 0.6512 0.4914 -0.5782
vn 0.6796 0.4173 -0.6034
vn 0.5950 0.4173 -0.6869
vn 0.5002 0.4173 -0.7587
vn 0.5314 0.2612 -0.8059
vn 0.6320 0.2611 -0.7296
vn 0.6429 0.1895 -0.7421
vn 0.5405 0.1895 -0.8197
vn 0.7218 0.2612 -0.6409
vn 0.7342 0.1895 -0.6519
vn 0.7419 0.1250 -0.6587
vn 0.6496 0.1250 -0.7499
vn 0.5461 0.1250 -0.8283
vn 0.5495 -0.0573 -0.8335
vn 0.6536 -0.0573 -0.7546
vn 0.6449 -0.1727 -0.7445
vn 0.5422 -0.1727 -0.8223
vn 0.7465 -0.0573 -0.6628
vn 0.7365 -0.1727 -0.6540
vn 0.7184 -0.2774 -0.6379
vn 0.6290 -0.2774 -0.7262
vn 0.5289 -0.2774 -0.8021
vn 0.4761 -0.5020 -0.7220
vn 0.5662 -0.5020 -0.6537
vn 0.5198 -0.6080 -0.6001
vn 0.4370 -0.6080 -0.6628
vn 0.6467 -0.5020 -0.5742
vn 0.5937 -0.6080 -0.5271
vn 0.5369 -0.6961 -0.4766
vn 0.4700 -0.6961 -0.5426
vn 0.3952 -0.6961 -0.5994
vn 0.1696 0.5371 0.8263
vn 0.0603 0.5371 0.8413
vn 0.0623 0.4914 0.8686
vn 0.1751 0.4914 0.8531
vn -0.0500 0.5371 0.8420
vn -0.0516 0.4914 0.8694
vn -0.0539 0.4173 0.9072
vn 0.0650 0.4173 0.9064
vn 0.1827 0.4173 0.8902
vn 0.1941 0.2612 0.9456
vn 0.0690 0.2611 0.9628
vn 0.0702 0.1895 0.9794
vn 0.1974 0.1895 0.9618
vn -0.0572 0.2612 0.9636
vn -0.0582 0.1895 0.9801
vn -0.0588 0.1250 0.9904
vn 0.0709 0.1250 0.9896
vn 0.1995 0.1250 0.9719
vn 0.2008 -0.0573 0.9779
vn 0.0714 -0.0573 0.9958
vn 0.0704 -0.1727 0.9825
vn 0.1981 -0.1727 0.9648
vn -0.0592 -0.0573 0.9966
vn -0.0584 -0.1727 0.9832
vn -0.0569 -0.2774 0.9590
vn 0.0687 -0.2774 0.9583
vn 0.1932 -0.2774 0.9411
vn 0.1739 -0.5020 0.8472
vn 0.0618 -0.5020 0.8626
vn 0.0568 -0.6080 0.7919
vn 0.1596 -0.6080 0.7777
vn -0.0513 -0.5020 0.8633
vn -0.0471 -0.6080 0.7925
vn -0.0425 -0.6961 0.7167
vn 0.0513 -0.6961 0.7161
vn 0.1444 -0.6961 0.7033
vn -0.8420 0.5371 -0.0500
vn -0.8283 0.5371 -0.1595
vn -0.8552 0.4914 -0.1646
vn -0.8694 0.4914 -0.0516
vn -0.8924 0.4173 -0.1718
vn -0.9072 0.4173 -0.0539
vn -0.9636 0.2612 -0.0572
vn -0.9479 0.2611 -0.1825
vn -0.9642 0.1895 -0.1856
vn -0.9801 0.1895 -0.0582
vn -0.9742 0.1250 -0.1876
vn -0.9904 0.1250 -0.0588
vn -0.9966 -0.0573 -0.0592
vn -0.9803 -0.0573 -0.1888
vn -0.9672 -0.1727 -0.1862
vn -0.9832 -0.1727 -0.0584
vn -0.9434 -0.2774 -0.1816
vn -0.9590 -0.2774 -0.0569
vn -0.8633 -0.5020 -0.0513
vn -0.8492 -0.5020 -0.1635
vn -0.7796 -0.6080 -0.1501
vn -0.7925 -0.6080 -0.0471
vn -0.7050 -0.6961 -0.1357
vn -0.7167 -0.6961 -0.0425
vn 0.2662 0.5371 -0.8004
vn 0.3684 0.5371 -0.7588
vn 0.3804 0.4914 -0.7834
vn 0.2749 0.4914 -0.8263
vn 0.3969 0.4173 -0.8175
vn 0.2868 0.4173 -0.8623
vn 0.3047 0.2612 -0.9159
vn 0.4216 0.2611 -0.8683
vn 0.4289 0.1895 -0.8833
vn 0.3099 0.1895 -0.9317
vn 0.4334 0.1250 -0.8925
vn 0.3132 0.1250 -0.9414
vn 0.3151 -0.0573 -0.9473
vn 0.4360 -0.0573 -0.8981
vn 0.4302 -0.1727 -0.8860
vn 0.3109 -0.1727 -0.9346
vn 0.4196 -0.2774 -0.8643
vn 0.3032 -0.2774 -0.9116
vn 0.2730 -0.5020 -0.8206
vn 0.3778 -0.5020 -0.7780
vn 0.3468 -0.6080 -0.7142
vn 0.2506 -0.6080 -0.7533
vn 0.3136 -0.6961 -0.6458
vn 0.2266 -0.6961 -0.6812
vn 0.3777 0.5371 0.7542
vn 0.2760 0.5371 0.7971
vn 0.2850 0.4914 0.8229
vn 0.3899 0.4914 0.7787
vn 0.2974 0.4173 0.8587
vn 0.4069 0.4173 0.8126
vn 0.4322 0.2612 0.8631
vn 0.3159 0.2611 0.9121
vn 0.3213 0.1895 0.9278
vn 0.4396 0.1895 0.8779
vn 0.3247 0.1250 0.9375
vn 0.4442 0.1250 0.8871
vn 0.4470 -0.0573 0.8927
vn 0.3267 -0.0573 0.9434
vn 0.3223 -0.1727 0.9307
vn 0.4410 -0.1727 0.8807
vn 0.3144 -0.2774 0.9078
vn 0.4302 -0.2774 0.8590
vn 0.3872 -0.5020 0.7733
vn 0.2830 -0.5020 0.8172
vn 0.2598 -0.6080 0.7502
vn 0.3555 -0.6080 0.7099
vn 0.2349 -0.6961 0.6784
vn 0.3215 -0.6961 0.6419
vn -0.8263 0.5371 0.1696
vn -0.8413 0.5371 0.0603
vn -0.8686 0.4914 0.0623
vn -0.8531 0.4914 0.1751
vn -0.9064 0.4173 0.0650
vn -0.8902 0.4173 0.1827
vn -0.9456 0.2612 0.1941
vn -0.9628 0.2611 0.0690
vn -0.9794 0.1895 0.0702
vn -0.9618 0.1895 0.1974
vn -0.9896 0.1250 0.0709
vn -0.9719 0.1250 0.1995
vn -0.9779 -0.0573 0.2008
vn -0.9958 -0.0573 0.0714
vn -0.9825 -0.1727 0.0704
vn -0.9648 -0.1727 0.1981
vn -0.9583 -0.2774 0.0687
vn -0.9411 -0.2774 0.1932
vn -0.8472 -0.5020 0.1739
vn -0.8626 -0.5020 0.0618
vn -0.7919 -0.6080 0.0568
vn -0.7777 -0.6080 0.1596
vn -0.7161 -0.6961 0.0513
vn -0.7033 -0.6961 0.1444
vn 0.0500 0.5371 -0.8420
vn 0.1595 0.5371 -0.8283
vn 0.1646 0.4914 -0.8552
vn 0.0516 0.4914 -0.8694
vn 0.1718 0.4173 -0.8924
vn 0.0539 0.4173 -0.9072
vn 0.0572 0.2612 -0.9636
vn 0.1825 0.2611 -0.9479
vn 0.1856 0.1895 -0.9642
vn 0.0582 0.1895 -0.9801
vn 0.1876 0.1250 -0.9742
vn 0.0588 0.1250 -0.9904
vn 0.0592 -0.0573 -0.9966
vn 0.1888 -0.0573 -0.9803
vn 0.1862 -0.1727 -0.9672
vn 0.0584 -0.1727 -0.9832
vn 0.1816 -0.2774 -0.9434
vn 0.0569 -0.2774 -0.9590
vn 0.0513 -0.5020 -0.8633
vn 0.1635 -0.5020 -0.8492
vn 0.1501 -0.6080 -0.7796
vn 0.0471 -0.6080 -0.7925
vn 0.1357 -0.6961 -0.7050
vn 0.0425 -0.6961 -0.7167
vn 0.5600 0.5371 0.6308
vn 0.4729 0.5371 0.6984
vn 0.4883 0.4914 0.7212
vn 0.5782 0.4914 0.6512
vn 0.5095 0.4173 0.7525
vn 0.6034 0.4173 0.6796
vn 0.6409 0.2612 0.7218
vn 0.5412 0.2611 0.7993
vn 0.5505 0.1895 0.8130
vn 0.6519 0.1895 0.7342
vn 0.5562 0.1250 0.8216
vn 0.6587 0.1250 0.7419
vn 0.6628 -0.0573 0.7465
vn 0.5597 -0.0573 0.8267
vn 0.5522 -0.1727 0.8156
vn 0.6540 -0.1727 0.7365
vn 0.5386 -0.2774 0.7956
vn 0.6379 -0.2774 0.7184
vn 0.5742 -0.5020 0.6467
vn 0.4849 -0.5020 0.7161
vn 0.4451 -0.6080 0.6574
vn 0.5271 -0.6080 0.5937
vn 0.4025 -0.6961 0.5945
vn 0.4766 -0.6961 0.5369
vn -0.7542 0.5371 0.3777
vn -0.7971 0.5371 0.2760
vn -0.8229 0.4914 0.2850
vn -0.7787 0.4914 0.3899
vn -0.8587 0.4173 0.2974
vn -0.8126 0.4173 0.4069
vn -0.8631 0.2612 0.4322
vn -0.9121 0.2611 0.3159
vn -0.9278 0.1895 0.3213
vn -0.8779 0.1895 0.4396
vn -0.9375 0.1250 0.3247
vn -0.8871 0.1250 0.4442
vn -0.8927 -0.0573 0.4470
vn -0.9434 -0.0573 0.3267
vn -0.9307 -0.1727 0.3223
vn -0.8807 -0.1727 0.4410
vn -0.9078 -0.2774 0.3144
vn -0.8590 -0.2774 0.4302
vn -0.7733 -0.5020 0.3872
vn -0.8172 -0.5020 0.2830
vn -0.7502 -0.6080 0.2598
vn -0.7099 -0.6080 0.3555
vn -0.6784 -0.6961 0.2349
vn -0.6419 -0.6961 0.3215
vn -0.1696 0.5371 -0.8263
vn -0.0603 0.5371 -0.8413
vn -0.0623 0.4914 -0.8686
vn -0.1751 0.4914 -0.8531
vn -0.0650 0.4173 -0.9064
vn -0.1827 0.4173 -0.8902
vn -0.1941 0.2612 -0.9456
vn -0.0690 0.2611 -0.9628
vn -0.0702 0.1895 -0.9794
vn -0.1974 0.1895 -0.9618
vn -0.0709 0.1250 -0.9896
vn -0.1995 0.1250 -0.9719
vn -0.2008 -0.0573 -0.9779
vn -0.0714 -0.0573 -0.9958
vn -0.0704 -0.1727 -0.9825
vn -0.1981 -0.1727 -0.9648
vn -0.0687 -0.2774 -0.9583
vn -0.1932 -0.2774 -0.9411
vn -0.1739 -0.5020 -0.8472
vn -0.0618 -0.5020 -0.8626
vn -0.0568 -0.6080 -0.7919
vn -0.1596 -0.6080 -0.7777
vn -0.0513 -0.6961 -0.7161
vn -0.1444 -0.6961 -0.7033
vn 0.7042 0.5371 0.4643
vn 0.6376 0.5371 0.5523
vn 0.6583 0.4914 0.5702
vn 0.7270 0.4914 0.4794
vn 0.6869 0.4173 0.5950
vn 0.7587 0.4173 0.5002
vn 0.8059 0.2612 0.5314
vn 0.7296 0.2611 0.6320
vn 0.7421 0.1895 0.6429
vn 0.8197 0.1895 0.5405
vn 0.7499 0.1250 0.6496
vn 0.8283 0.1250 0.5461
vn 0.8335 -0.0573 0.5495
vn 0.7546 -0.0573 0.6536
vn 0.7445 -0.1727 0.6449
vn 0.8223 -0.1727 0.5422
vn 0.7262 -0.2774 0.6290
vn 0.8021 -0.2774 0.5289
vn 0.7220 -0.5020 0.4761
vn 0.6537 -0.5020 0.5662
vn 0.6001 -0.6080 0.5198
vn 0.6628 -0.6080 0.4370
vn 0.5426 -0.6961 0.4700
vn 0.5994 -0.6961 0.3952
vn -0.6308 0.5371 0.5600
vn -0.6984 0.5371 0.4729
vn -0.7212 0.4914 0.4883
vn -0.6512 0.4914 0.5782
vn -0.7525 0.4173 0.5095
vn -0.6796 0.4173 0.6034
vn -0.7218 0.2612 0.6409
vn -0.7993 0.2611 0.5412
vn -0.8130 0.1895 0.5505
vn -0.7342 0.1895 0.6519
vn -0.8216 0.1250 0.5562
vn -0.7419 0.1250 0.6587
vn -0.7465 -0.0573 0.6628
vn -0.8267 -0.0573 0.5597
vn -0.8156 -0.1727 0.5522
vn -0.7365 -0.1727 0.6540
vn -0.7956 -0.2774 0.5386
vn -0.7184 -0.2774 0.6379
vn -0.6467 -0.5020 0.5742
vn -0.7161 -0.5020 0.4849
vn -0.6574 -0.6080 0.4451
vn -0.5937 -0.6080 0.5271
vn -0.5945 -0.6961 0.4025
vn -0.5369 -0.6961 0.4766
vn -0.3777 0.5371 -0.7542
vn -0.2760 0.5371 -0.7971
vn -0.2850 0.4914 -0.8229
vn -0.3899 0.4914 -0.7787
vn -0.2974 0.4173 -0.8587
vn -0.4069 0.4173 -0.8126
vn -0.4322 0.2612 -0.8631
vn -0.3159 0.2611 -0.9121
vn -0.3213 0.1895 -0.9278
vn -0.4396 0.1895 -0.8779
vn -0.3247 0.1250 -0.9375
vn -0.4442 0.1250 -0.8871
vn -0.4470 -0.0573 -0.8927
vn -0.3267 -0.0573 -0.9434
vn -0.3223 -0.1727 -0.9307
vn -0.4410 -0.1727 -0.8807
vn -0.3144 -0.2774 -0.9078
vn -0.4302 -0.2774 -0.8590
vn -0.3872 -0.5020 -0.7733
vn -0.2830 -0.5020 -0.8172
vn -0.2598 -0.6080 -0.7502
vn -0.3555 -0.6080 -0.7099
vn -0.2349 -0.6961 -0.6784
vn -0.3215 -0.6961 -0.6419
vn 0.8004 0.5371 0.2662
vn 0.7588 0.5371 0.3684
vn 0.7834 0.4914 0.3804
vn 0.8263 0.4914 0.2749
vn 0.8175 0.4173 0.3969
vn 0.8623 0.4173 0.2868
vn 0.9159 0.2612 0.3047
vn 0.8683 0.2611 0.4216
vn 0.8833 0.1895 0.4289
vn 0.9317 0.1895 0.3099
vn 0.8925 0.1250 0.4334
vn 0.9414 0.1250 0.3132
vn 0.9473 -0.0573 0.3151
vn 0.8981 -0.0573 0.4360
vn 0.8860 -0.1727 0.4302
vn 0.9346 -0.1727 0.3109
vn 0.8643 -0.2774 0.4196
vn 0.9116 -0.2774 0.3032
vn 0.8206 -0.5020 0.2730
vn 0.7780 -0.5020 0.3778
vn 0.7142 -0.6080 0.3468
vn 0.7533 -0.6080 0.2506
vn 0.6458 -0.6961 0.3136
vn 0.6812 -0.6961 0.2266
vn -0.4643 0.5371 0.7042
vn -0.5523 0.5371 0.6376
vn -0.5702 0.4914 0.6583
vn -0.4794 0.4914 0.7270
vn -0.5950 0.4173 0.6869
vn -0.5002 0.4173 0.7587
vn -0.5314 0.2612 0.8059
vn -0.6320 0.2611 0.7296
vn -0.6429 0.1895 0.7421
vn -0.5405 0.1895 0.8197
vn -0.6496 0.1250 0.7499
vn -0.5461 0.1250 0.8283
vn -0.5495 -0.0573 0.8335
vn -0.6536 -0.0573 0.7546
vn -0.6449 -0.1727 0.7445
vn -0.5422 -0.1727 0.8223
vn -0.6290 -0.2774 0.7262
vn -0.5289 -0.2774 0.8021
vn -0.4761 -0.5020 0.7220
vn -0.5662 -0.5020 0.6537
vn -0.5198 -0.6080 0.6001
vn -0.4370 -0.6080 0.6628
vn -0.4700 -0.6961 0.5426
vn -0.3952 -0.6961 0.5994
vn -0.5600 0.5371 -0.6308
vn -0.4729 0.5371 -0.6984
vn -0.4883 0.4914 -0.7212
vn -0.5782 0.4914 -0.6512
vn -0.5095 0.4173 -0.7525
vn -0.6034 0.4173 -0.6796
vn -0.6409 0.2612 -0.7218
vn -0.5412 0.2611 -0.7993
vn -0.5505 0.1895 -0.8130
vn -0.6519 0.1895 -0.7342
vn -0.5562 0.1250 -0.8216
vn -0.6587 0.1250 -0.7419
vn -0.6628 -0.0573 -0.7465
vn -0.5597 -0.0573 -0.8267
vn -0.5522 -0.1727 -0.8156
vn -0.6540 -0.1727 -0.7365
vn -0.5386 -0.2774 -0.7956
vn -0.6379 -0.2774 -0.7184
vn -0.5742 -0.5020 -0.6467
vn -0.4849 -0.5020 -0.7161
vn -0.4451 -0.6080 -0.6574
vn -0.5271 -0.6080 -0.5937
vn -0.4025 -0.6961 -0.5945
vn -0.4766 -0.6961 -0.5369
vn 0.8420 0.5371 0.0500
vn 0.8283 0.5371 0.1595
vn 0.8552 0.4914 0.1646
vn 0.8694 0.4914 0.0516
vn 0.8924 0.4173 0.1718
vn 0.9072 0.4173 0.0539
vn 0.9636 0.2612 0.0572
vn 0.9479 0.2611 0.1825
vn 0.9642 0.1895 0.1856
vn 0.9801 0.1895 0.0582
vn 0.9742 0.1250 0.1876
vn 0.9904 0.1250 0.0588
vn 0.9966 -0.0573 0.0592
vn 0.9803 -0.0573 0.1888
vn 0.9672 -0.1727 0.1862
vn 0.9832 -0.1727 0.0584
vn 0.9434 -0.2774 0.1816
vn 0.9590 -0.2774 0.0569
vn 0.8633 -0.5020 0.0513
vn 0.8492 -0.5020 0.1635
vn 0.7796 -0.6080 0.1501
vn 0.7925 -0.6080 0.0471
vn 0.7050 -0.6961 0.1357
vn 0.7167 -0.6961 0.0425
vn -0.2662 0.5371 0.8004
vn -0.3684 0.5371 0.7588
vn -0.3804 0.4914 0.7834
vn -0.2749 0.4914 0.8263
vn -0.3969 0.4173 0.8175
vn -0.2868 0.4173 0.8623
vn -0.3047 0.2612 0.9159
vn -0.4216 0.2611 0.8683
vn -0.4289 0.1895 0.8833
vn -0.3099 0.1895 0.9317
vn -0.4334 0.1250 0.8925
vn -0.3132 0.1250 0.9414
vn -0.3151 -0.0573 0.9473
vn -0.4360 -0.0573 0.8981
vn -0.4302 -0.1727 0.8860
vn -0.3109 -0.1727 0.9346
vn -0.4196 -0.2774 0.8643
vn -0.3032 -0.2774 0.9116
vn -0.2730 -0.5020 0.8206
vn -0.3778 -0.5020 0.7780
vn -0.3468 -0.6080 0.7142
vn -0.2506 -0.6080 0.7533
vn -0.3136 -0.6961 0.6458
vn -0.2266 -0.6961 0.6812
vn -0.6376 0.5371 -0.5523
vn -0.6583 0.4914 -0.5702
vn -0.6869 0.4173 -0.5950
vn -0.7296 0.2611 -0.6320
vn -0.7421 0.1895 -0.6429
vn -0.7499 0.1250 -0.6496
vn -0.7546 -0.0573 -0.6536
vn -0.7445 -0.1727 -0.6449
vn -0.7262 -0.2774 -0.6290
vn -0.6537 -0.5020 -0.5662
vn -0.6001 -0.6080 -0.5198
vn -0.5426 -0.6961 -0.4700
vn 0.8413 0.5371 -0.0603
vn 0.8686 0.4914 -0.0623
vn 0.9064 0.4173 -0.0650
vn 0.9628 0.2611 -0.0690
vn 0.9794 0.1895 -0.0702
vn 0.9896 0.1250 -0.0709
vn 0.9958 -0.0573 -0.0714
vn 0.9825 -0.1727 -0.0704
vn 0.9583 -0.2774 -0.0687
vn 0.8626 -0.5020 -0.0618
vn 0.7919 -0.6080 -0.0568
vn 0.7161 -0.6961 -0.0513
vn 0.6984 0.5371 -0.4729
vn 0.7212 0.4914 -0.4883
vn 0.7525 0.4173 -0.5095
vn 0.7993 0.2611 -0.5412
vn 0.8130 0.1895 -0.5505
vn 0.8216 0.1250 -0.5562
vn 0.8267 -0.0573 -0.5597
vn 0.8156 -0.1727 -0.5522
vn 0.7956 -0.2774 -0.5386
vn 0.7161 -0.5020 -0.4849
vn 0.6574 -0.6080 -0.4451
vn 0.5945 -0.6961 -0.4025
vn -0.1595 0.5371 0.8283
vn -0.1646 0.4914 0.8552
vn -0.1718 0.4173 0.8924
vn -0.1825 0.2611 0.9479
vn -0.1856 0.1895 0.9642
vn -0.1876 0.1250 0.9742
vn -0.1888 -0.0573 0.9803
vn -0.1862 -0.1727 0.9672
vn -0.1816 -0.2774 0.9434
vn -0.1635 -0.5020 0.8492
vn -0.1501 -0.6080 0.7796
vn -0.1357 -0.6961 0.7050
vn -0.5824 -0.7621 -0.2828
vn -0.6143 -0.7621 -0.2044
vn -0.5405 -0.7621 -0.3564
vn -0.5096 -0.7920 -0.3360
vn -0.5491 -0.7920 -0.2666
vn -0.5792 -0.7920 -0.1927
vn -0.5731 -0.7707 -0.2783
vn -0.6045 -0.7707 -0.2011
vn -0.5319 -0.7707 -0.3507
vn 0.6118 -0.7621 -0.2119
vn 0.5789 -0.7621 -0.2899
vn 0.6342 -0.7621 -0.1302
vn 0.5979 -0.7920 -0.1227
vn 0.5768 -0.7920 -0.1997
vn 0.5458 -0.7920 -0.2733
vn 0.6020 -0.7707 -0.2085
vn 0.5697 -0.7707 -0.2853
vn 0.6241 -0.7707 -0.1281
vn 0.4239 -0.7621 -0.4894
vn 0.3564 -0.7621 -0.5405
vn 0.4841 -0.7621 -0.4299
vn 0.4565 -0.7920 -0.4053
vn 0.3997 -0.7920 -0.4614
vn 0.3360 -0.7920 -0.5096
vn 0.4171 -0.7707 -0.4816
vn 0.3507 -0.7707 -0.5319
vn 0.4764 -0.7707 -0.4230
vn 0.0463 -0.7621 0.6458
vn 0.1302 -0.7621 0.6342
vn -0.0384 -0.7621 0.6463
vn -0.0362 -0.7920 0.6093
vn 0.0436 -0.7920 0.6089
vn 0.1227 -0.7920 0.5979
vn 0.0455 -0.7707 0.6355
vn 0.1281 -0.7707 0.6241
vn -0.0378 -0.7707 0.6360
vn -0.6358 -0.7621 -0.1224
vn -0.6463 -0.7621 -0.0384
vn -0.5994 -0.7920 -0.1154
vn -0.6093 -0.7920 -0.0362
vn -0.6256 -0.7707 -0.1205
vn -0.6360 -0.7707 -0.0378
vn 0.2828 -0.7621 -0.5824
vn 0.2044 -0.7621 -0.6143
vn 0.2666 -0.7920 -0.5491
vn 0.1927 -0.7920 -0.5792
vn 0.2783 -0.7707 -0.5731
vn 0.2011 -0.7707 -0.6045
vn 0.2119 -0.7621 0.6118
vn 0.2899 -0.7621 0.5789
vn 0.1997 -0.7920 0.5768
vn 0.2733 -0.7920 0.5458
vn 0.2085 -0.7707 0.6020
vn 0.2853 -0.7707 0.5697
vn -0.6458 -0.7621 0.0463
vn -0.6342 -0.7621 0.1302
vn -0.6089 -0.7920 0.0436
vn -0.5979 -0.7920 0.1227
vn -0.6355 -0.7707 0.0455
vn -0.6241 -0.7707 0.1281
vn 0.1224 -0.7621 -0.6358
vn 0.0384 -0.7621 -0.6463
vn 0.1154 -0.7920 -0.5994
vn 0.0362 -0.7920 -0.6093
vn 0.1205 -0.7707 -0.6256
vn 0.0378 -0.7707 -0.6360
vn 0.3630 -0.7621 0.5361
vn 0.4299 -0.7621 0.4841
vn 0.3422 -0.7920 0.5054
vn 0.4053 -0.7920 0.4565
vn 0.3572 -0.7707 0.5276
vn 0.4230 -0.7707 0.4764
vn -0.6118 -0.7621 0.2119
vn -0.5789 -0.7621 0.2899
vn -0.5768 -0.7920 0.1997
vn -0.5458 -0.7920 0.2733
vn -0.6020 -0.7707 0.2085
vn -0.5697 -0.7707 0.2853
vn -0.0463 -0.7621 -0.6458
vn -0.1302 -0.7621 -0.6342
vn -0.0436 -0.7920 -0.6089
vn -0.1227 -0.7920 -0.5979
vn -0.0455 -0.7707 -0.6355
vn -0.1281 -0.7707 -0.6241
vn 0.4894 -0.7621 0.4239
vn 0.5405 -0.7621 0.3564
vn 0.4614 -0.7920 0.3997
vn 0.5096 -0.7920 0.3360
vn 0.4816 -0.7707 0.4171
vn 0.5319 -0.7707 0.3507
vn -0.5361 -0.7621 0.3630
vn -0.4841 -0.7621 0.4299
vn -0.5054 -0.7920 0.3422
vn -0.4565 -0.7920 0.4053
vn -0.5276 -0.7707 0.3572
vn -0.4764 -0.7707 0.4230
vn -0.2119 -0.7621 -0.6118
vn -0.2899 -0.7621 -0.5789
vn -0.1997 -0.7920 -0.5768
vn -0.2733 -0.7920 -0.5458
vn -0.2085 -0.7707 -0.6020
vn -0.2853 -0.7707 -0.5697
vn 0.5824 -0.7621 0.2828
vn 0.6143 -0.7621 0.2044
vn 0.5491 -0.7920 0.2666
vn 0.5792 -0.7920 0.1927
vn 0.5731 -0.7707 0.2783
vn 0.6045 -0.7707 0.2011
vn -0.4239 -0.7621 0.4894
vn -0.3564 -0.7621 0.5405
vn -0.3997 -0.7920 0.4614
vn -0.3360 -0.7920 0.5096
vn -0.4171 -0.7707 0.4816
vn -0.3507 -0.7707 0.5319
vn -0.3630 -0.7621 -0.5361
vn -0.4299 -0.7621 -0.4841
vn -0.3422 -0.7920 -0.5054
vn -0.4053 -0.7920 -0.4565
vn -0.3572 -0.7707 -0.5276
vn -0.4230 -0.7707 -0.4764
vn 0.6358 -0.7621 0.1224
vn 0.6463 -0.7621 0.0384
vn 0.5994 -0.7920 0.1154
vn 0.6093 -0.7920 0.0362
vn 0.6256 -0.7707 0.1205
vn 0.6360 -0.7707 0.0378
vn -0.2828 -0.7621 0.5824
vn -0.2044 -0.7621 0.6143
vn -0.2666 -0.7920 0.5491
vn -0.1927 -0.7920 0.5792
vn -0.2783 -0.7707 0.5731
vn -0.2011 -0.7707 0.6045
vn -0.4894 -0.7621 -0.4239
vn -0.4614 -0.7920 -0.3997
vn -0.4816 -0.7707 -0.4171
vn 0.6458 -0.7621 -0.0463
vn 0.6089 -0.7920 -0.0436
vn 0.6355 -0.7707 -0.0455
vn 0.5361 -0.7621 -0.3630
vn 0.5054 -0.7920 -0.3422
vn 0.5276 -0.7707 -0.3572
vn -0.1224 -0.7621 0.6358
vn -0.1154 -0.7920 0.5994
vn -0.1205 -0.7707 0.6256
vn -0.0342 0.8171 0.5754
vn -0.1091 0.8168 0.5665
vn -0.1480 0.6222 0.7687
vn -0.0464 0.6222 0.7814
vn -0.1819 0.8171 0.5470
vn -0.2471 0.6222 0.7428
vn -0.2595 0.5691 0.7802
vn -0.1555 0.5691 0.8074
vn -0.0487 0.5691 0.8208
vn -0.1571 0.5560 0.8162
vn -0.0493 0.5560 0.8297
vn -0.2623 0.5560 0.7887
vn 0.4310 0.8171 -0.3827
vn 0.4777 0.8168 -0.3234
vn 0.6482 0.6222 -0.4389
vn 0.5854 0.6222 -0.5197
vn 0.5154 0.8171 -0.2581
vn 0.6999 0.6222 -0.3505
vn 0.7352 0.5691 -0.3682
vn 0.6809 0.5691 -0.4610
vn 0.6149 0.5691 -0.5459
vn 0.6883 0.5560 -0.4660
vn 0.6215 0.5560 -0.5518
vn 0.7432 0.5560 -0.3722
vn 0.5647 0.8171 -0.1159
vn 0.5754 0.8168 -0.0412
vn 0.7808 0.6222 -0.0560
vn 0.7668 0.6222 -0.1574
vn 0.5754 0.8171 0.0342
vn 0.7814 0.6222 0.0464
vn 0.8208 0.5691 0.0487
vn 0.8201 0.5691 -0.0588
vn 0.8054 0.5691 -0.1653
vn 0.8290 0.5560 -0.0594
vn 0.8142 0.5560 -0.1671
vn 0.8297 0.5560 0.0493
vn -0.4812 0.8171 -0.3173
vn -0.4360 0.8168 -0.3777
vn -0.5917 0.6222 -0.5125
vn -0.6535 0.6222 -0.4309
vn -0.3827 0.8171 -0.4310
vn -0.5197 0.6222 -0.5854
vn -0.5459 0.5691 -0.6149
vn -0.6215 0.5691 -0.5383
vn -0.6865 0.5691 -0.4526
vn -0.6283 0.5560 -0.5442
vn -0.6939 0.5560 -0.4575
vn -0.5518 0.5560 -0.6215
vn -0.2520 0.8168 0.5190
vn -0.3419 0.6222 0.7042
vn -0.3173 0.8171 0.4812
vn -0.4309 0.6222 0.6535
vn -0.4526 0.5691 0.6865
vn -0.3591 0.5691 0.7396
vn -0.3630 0.5560 0.7477
vn -0.4575 0.5560 0.6939
vn 0.5665 0.8168 0.1091
vn 0.7687 0.6222 0.1480
vn 0.5470 0.8171 0.1819
vn 0.7428 0.6222 0.2471
vn 0.7802 0.5691 0.2595
vn 0.8074 0.5691 0.1555
vn 0.8162 0.5560 0.1571
vn 0.7887 0.5560 0.2623
vn -0.3234 0.8168 -0.4777
vn -0.4389 0.6222 -0.6482
vn -0.2581 0.8171 -0.5154
vn -0.3505 0.6222 -0.6999
vn -0.3682 0.5691 -0.7352
vn -0.4610 0.5691 -0.6809
vn -0.4660 0.5560 -0.6883
vn -0.3722 0.5560 -0.7432
vn -0.3777 0.8168 0.4360
vn -0.5125 0.6222 0.5917
vn -0.4310 0.8171 0.3827
vn -0.5854 0.6222 0.5197
vn -0.6149 0.5691 0.5459
vn -0.5383 0.5691 0.6215
vn -0.5442 0.5560 0.6283
vn -0.6215 0.5560 0.5518
vn 0.5190 0.8168 0.2520
vn 0.7042 0.6222 0.3419
vn 0.4812 0.8171 0.3173
vn 0.6535 0.6222 0.4309
vn 0.6865 0.5691 0.4526
vn 0.7396 0.5691 0.3591
vn 0.7477 0.5560 0.3630
vn 0.6939 0.5560 0.4575
vn -0.1888 0.8168 -0.5452
vn -0.2561 0.6222 -0.7397
vn -0.1159 0.8171 -0.5647
vn -0.1574 0.6222 -0.7668
vn -0.1653 0.5691 -0.8054
vn -0.2691 0.5691 -0.7770
vn -0.2720 0.5560 -0.7854
vn -0.1671 0.5560 -0.8142
vn -0.4777 0.8168 0.3234
vn -0.6482 0.6222 0.4389
vn -0.5154 0.8171 0.2581
vn -0.6999 0.6222 0.3505
vn -0.7352 0.5691 0.3682
vn -0.6809 0.5691 0.4610
vn -0.6883 0.5560 0.4660
vn -0.7432 0.5560 0.3722
vn 0.4360 0.8168 0.3777
vn 0.5917 0.6222 0.5125
vn 0.3827 0.8171 0.4310
vn 0.5197 0.6222 0.5854
vn 0.5459 0.5691 0.6149
vn 0.6215 0.5691 0.5383
vn 0.6283 0.5560 0.5442
vn 0.5518 0.5560 0.6215
vn -0.0412 0.8168 -0.5754
vn -0.0560 0.6222 -0.7808
vn 0.0342 0.8171 -0.5754
vn 0.0464 0.6222 -0.7814
vn 0.0487 0.5691 -0.8208
vn -0.0588 0.5691 -0.8201
vn -0.0594 0.5560 -0.8290
vn 0.0493 0.5560 -0.8297
vn -0.5452 0.8168 0.1888
vn -0.7397 0.6222 0.2561
vn -0.5647 0.8171 0.1159
vn -0.7668 0.6222 0.1574
vn -0.8054 0.5691 0.1653
vn -0.7770 0.5691 0.2691
vn -0.7854 0.5560 0.2720
vn -0.8142 0.5560 0.1671
vn 0.3234 0.8168 0.4777
vn 0.4389 0.6222 0.6482
vn 0.2581 0.8171 0.5154
vn 0.3505 0.6222 0.6999
vn 0.3682 0.5691 0.7352
vn 0.4610 0.5691 0.6809
vn 0.4660 0.5560 0.6883
vn 0.3722 0.5560 0.7432
vn 0.1091 0.8168 -0.5665
vn 0.1480 0.6222 -0.7687
vn 0.1819 0.8171 -0.5470
vn 0.2471 0.6222 -0.7428
vn 0.2595 0.5691 -0.7802
vn 0.1555 0.5691 -0.8074
vn 0.1571 0.5560 -0.8162
vn 0.2623 0.5560 -0.7887
vn -0.5754 0.8168 0.0412
vn -0.7808 0.6222 0.0560
vn -0.5754 0.8171 -0.0342
vn -0.7814 0.6222 -0.0464
vn -0.8208 0.5691 -0.0487
vn -0.8201 0.5691 0.0588
vn -0.8290 0.5560 0.0594
vn -0.8297 0.5560 -0.0493
vn 0.1888 0.8168 0.5452
vn 0.2561 0.6222 0.7397
vn 0.1159 0.8171 0.5647
vn 0.1574 0.6222 0.7668
vn 0.1653 0.5691 0.8054
vn 0.2691 0.5691 0.7770
vn 0.2720 0.5560 0.7854
vn 0.1671 0.5560 0.8142
vn 0.2520 0.8168 -0.5190
vn 0.3419 0.6222 -0.7042
vn 0.3173 0.8171 -0.4812
vn 0.4309 0.6222 -0.6535
vn 0.4526 0.5691 -0.6865
vn 0.3591 0.5691 -0.7396
vn 0.3630 0.5560 -0.7477
vn 0.4575 0.5560 -0.6939
vn -0.5665 0.8168 -0.1091
vn -0.7687 0.6222 -0.1480
vn -0.5470 0.8171 -0.1819
vn -0.7428 0.6222 -0.2471
vn -0.7802 0.5691 -0.2595
vn -0.8074 0.5691 -0.1555
vn -0.8162 0.5560 -0.1571
vn -0.7887 0.5560 -0.2623
vn 0.0412 0.8168 0.5754
vn 0.0560 0.6222 0.7808
vn 0.0588 0.5691 0.8201
vn 0.0594 0.5560 0.8290
vn 0.3777 0.8168 -0.4360
vn 0.5125 0.6222 -0.5917
vn 0.5383 0.5691 -0.6215
vn 0.5442 0.5560 -0.6283
vn 0.5452 0.8168 -0.1888
vn 0.7397 0.6222 -0.2561
vn 0.7770 0.5691 -0.2691
vn 0.7854 0.5560 -0.2720
vn -0.5190 0.8168 -0.2520
vn -0.7042 0.6222 -0.3419
vn -0.7396 0.5691 -0.3591
vn -0.7477 0.5560 -0.3630
vn -0.1780 0.3372 0.9244
vn -0.0558 0.3373 0.9397
vn -0.2971 0.3373 0.8933
vn 0.7795 0.3372 -0.5278
vn 0.7040 0.3372 -0.6250
vn 0.8418 0.3372 -0.4215
vn 0.9390 0.3372 -0.0673
vn 0.9222 0.3373 -0.1893
vn 0.9397 0.3373 0.0558
vn -0.7116 0.3372 -0.6164
vn -0.7859 0.3373 -0.5182
vn -0.6250 0.3373 -0.7040
vn -0.4112 0.3372 0.8469
vn -0.5182 0.3373 0.7859
vn 0.9244 0.3372 0.1780
vn 0.8933 0.3373 0.2971
vn -0.5278 0.3372 -0.7795
vn -0.4215 0.3373 -0.8418
vn -0.6164 0.3372 0.7116
vn -0.7040 0.3373 0.6250
vn 0.8469 0.3372 0.4112
vn 0.7859 0.3373 0.5182
vn -0.3081 0.3372 -0.8896
vn -0.1893 0.3373 -0.9222
vn -0.7795 0.3372 0.5278
vn -0.8418 0.3373 0.4215
vn 0.7116 0.3372 0.6164
vn 0.6250 0.3373 0.7040
vn -0.0673 0.3372 -0.9390
vn 0.0558 0.3373 -0.9397
vn -0.8896 0.3372 0.3081
vn -0.9222 0.3373 0.1893
vn 0.5278 0.3372 0.7795
vn 0.4215 0.3373 0.8418
vn 0.1780 0.3372 -0.9244
vn 0.2971 0.3373 -0.8933
vn -0.9390 0.3372 0.0673
vn -0.9397 0.3373 -0.0558
vn 0.3081 0.3372 0.8896
vn 0.1893 0.3373 0.9222
vn 0.4112 0.3372 -0.8469
vn 0.5182 0.3373 -0.7859
vn -0.9244 0.3372 -0.1780
vn -0.8933 0.3373 -0.2971
vn 0.0673 0.3372 0.9390
vn 0.6164 0.3372 -0.7116
vn 0.8896 0.3372 -0.3081
vn -0.8469 0.3372 -0.4112
vn -0.1888 0.0485 0.9808
vn -0.0592 0.0485 0.9970
vn -0.3153 0.0485 0.9478
vn 0.8271 0.0485 -0.5600
vn 0.7469 0.0485 -0.6631
vn 0.8931 0.0485 -0.4472
vn 0.9962 0.0485 -0.0714
vn 0.9784 0.0485 -0.2008
vn 0.9970 0.0485 0.0592
vn -0.7550 0.0485 -0.6540
vn -0.8339 0.0485 -0.5498
vn -0.6631 0.0485 -0.7469
vn -0.4363 0.0485 0.8985
vn -0.5498 0.0485 0.8339
vn 0.9808 0.0485 0.1888
vn 0.9478 0.0485 0.3153
vn -0.5600 0.0485 -0.8271
vn -0.4472 0.0485 -0.8931
vn -0.6540 0.0485 0.7550
vn -0.7469 0.0485 0.6631
vn 0.8985 0.0485 0.4363
vn 0.8339 0.0485 0.5498
vn -0.3268 0.0485 -0.9438
vn -0.2008 0.0485 -0.9784
vn -0.8271 0.0485 0.5600
vn -0.8931 0.0485 0.4472
vn 0.7550 0.0485 0.6540
vn 0.6631 0.0485 0.7469
vn -0.0714 0.0485 -0.9962
vn 0.0592 0.0485 -0.9970
vn -0.9438 0.0485 0.3268
vn -0.9784 0.0485 0.2008
vn 0.5600 0.0485 0.8271
vn 0.4472 0.0485 0.8931
vn 0.1888 0.0485 -0.9808
vn 0.3153 0.0485 -0.9478
vn -0.9962 0.0485 0.0714
vn -0.9970 0.0485 -0.0592
vn 0.3268 0.0485 0.9438
vn 0.2008 0.0485 0.9784
vn 0.4363 0.0485 -0.8985
vn 0.5498 0.0485 -0.8339
vn -0.9808 0.0485 -0.1888
vn -0.9478 0.0485 -0.3153
vn 0.0714 0.0485 0.9962
vn 0.6540 0.0485 -0.7550
vn 0.9438 0.0485 -0.3268
vn -0.8985 0.0485 -0.4363
vn -0.1745 -0.3850 0.9062
vn -0.0547 -0.3850 0.9213
vn -0.2913 -0.3850 0.8757
vn 0.7642 -0.3850 -0.5174
vn 0.6901 -0.3850 -0.6128
vn 0.8252 -0.3850 -0.4132
vn 0.9205 -0.3850 -0.0660
vn 0.9040 -0.3850 -0.1856
vn 0.9213 -0.3850 0.0547
vn -0.6976 -0.3850 -0.6042
vn -0.7705 -0.3850 -0.5080
vn -0.6128 -0.3850 -0.6901
vn -0.4031 -0.3850 0.8302
vn -0.5080 -0.3850 0.7705
vn 0.9062 -0.3850 0.1745
vn 0.8757 -0.3850 0.2913
vn -0.5174 -0.3850 -0.7642
vn -0.4132 -0.3850 -0.8252
vn -0.6042 -0.3850 0.6976
vn -0.6901 -0.3850 0.6128
vn 0.8302 -0.3850 0.4031
vn 0.7705 -0.3850 0.5080
vn -0.3020 -0.3850 -0.8721
vn -0.1856 -0.3850 -0.9040
vn -0.7642 -0.3850 0.5174
vn -0.8252 -0.3850 0.4132
vn 0.6976 -0.3850 0.6042
vn 0.6128 -0.3850 0.6901
vn -0.0660 -0.3850 -0.9205
vn 0.0547 -0.3850 -0.9213
vn -0.8721 -0.3850 0.3020
vn -0.9040 -0.3850 0.1856
vn 0.5174 -0.3850 0.7642
vn 0.4132 -0.3850 0.8252
vn 0.1745 -0.3850 -0.9062
vn 0.2913 -0.3850 -0.8757
vn -0.9205 -0.3850 0.0660
vn -0.9213 -0.3850 -0.0547
vn 0.3020 -0.3850 0.8721
vn 0.1856 -0.3850 0.9040
vn 0.4031 -0.3850 -0.8302
vn 0.5080 -0.3850 -0.7705
vn -0.9062 -0.3850 -0.1745
vn -0.8757 -0.3850 -0.2913
vn 0.0660 -0.3850 0.9205
vn 0.6042 -0.3850 -0.6976
vn 0.8721 -0.3850 -0.3020
vn -0.8302 -0.3850 -0.4031
vn -0.0593 0.0149 0.9981
vn -0.1891 0.0149 0.9818
vn -0.1890 0.0323 0.9814
vn -0.0592 0.0323 0.9977
vn -0.3156 0.0149 0.9488
vn -0.3155 0.0323 0.9484
vn 0.7477 0.0149 -0.6638
vn 0.8279 0.0149 -0.5606
vn 0.8276 0.0323 -0.5604
vn 0.7474 0.0323 -0.6636
vn 0.8940 0.0149 -0.4477
vn 0.8937 0.0323 -0.4475
vn 0.9795 0.0149 -0.2011
vn 0.9973 0.0149 -0.0715
vn 0.9969 0.0323 -0.0714
vn 0.9790 0.0323 -0.2010
vn 0.9981 0.0149 0.0593
vn 0.9977 0.0323 0.0592
vn -0.8347 0.0149 -0.5504
vn -0.7558 0.0149 -0.6547
vn -0.7555 0.0323 -0.6544
vn -0.8344 0.0323 -0.5502
vn -0.6638 0.0149 -0.7477
vn -0.6636 0.0323 -0.7474
vn -0.4367 0.0149 0.8994
vn -0.4365 0.0323 0.8991
vn -0.5504 0.0149 0.8347
vn -0.5502 0.0323 0.8344
vn 0.9818 0.0149 0.1891
vn 0.9814 0.0323 0.1890
vn 0.9488 0.0149 0.3156
vn 0.9484 0.0323 0.3155
vn -0.5606 0.0149 -0.8279
vn -0.5604 0.0323 -0.8276
vn -0.4477 0.0149 -0.8940
vn -0.4475 0.0323 -0.8937
vn -0.6547 0.0149 0.7558
vn -0.6544 0.0323 0.7555
vn -0.7477 0.0149 0.6638
vn -0.7474 0.0323 0.6636
vn 0.8994 0.0149 0.4367
vn 0.8991 0.0323 0.4365
vn 0.8347 0.0149 0.5504
vn 0.8344 0.0323 0.5502
vn -0.3272 0.0149 -0.9448
vn -0.3270 0.0323 -0.9444
vn -0.2011 0.0149 -0.9795
vn -0.2010 0.0323 -0.9790
vn -0.8279 0.0149 0.5606
vn -0.8276 0.0323 0.5604
vn -0.8940 0.0149 0.4477
vn -0.8937 0.0323 0.4475
vn 0.7558 0.0149 0.6547
vn 0.7555 0.0323 0.6544
vn 0.6638 0.0149 0.7477
vn 0.6636 0.0323 0.7474
vn -0.0715 0.0149 -0.9973
vn -0.0714 0.0323 -0.9969
vn 0.0593 0.0149 -0.9981
vn 0.0592 0.0323 -0.9977
vn -0.9448 0.0149 0.3272
vn -0.9444 0.0323 0.3270
vn -0.9795 0.0149 0.2011
vn -0.9790 0.0323 0.2010
vn 0.5606 0.0149 0.8279
vn 0.5604 0.0323 0.8276
vn 0.4477 0.0149 0.8940
vn 0.4475 0.0323 0.8937
vn 0.1891 0.0149 -0.9818
vn 0.1890 0.0323 -0.9814
vn 0.3156 0.0149 -0.9488
vn 0.3155 0.0323 -0.9484
vn -0.9973 0.0149 0.0715
vn -0.9969 0.0323 0.0714
vn -0.9981 0.0149 -0.0593
vn -0.9977 0.0323 -0.0592
vn 0.3272 0.0149 0.9448
vn 0.3270 0.0323 0.9444
vn 0.2011 0.0149 0.9795
vn 0.2010 0.0323 0.9790
vn 0.4367 0.0149 -0.8994
vn 0.4365 0.0323 -0.8991
vn 0.5504 0.0149 -0.8347
vn 0.5502 0.0323 -0.8344
vn -0.9818 0.0149 -0.1891
vn -0.9814 0.0323 -0.1890
vn -0.9488 0.0149 -0.3156
vn -0.9484 0.0323 -0.3155
vn 0.0715 0.0149 0.9973
vn 0.0714 0.0323 0.9969
vn 0.6547 0.0149 -0.7558
vn 0.6544 0.0323 -0.7555
vn 0.9448 0.0149 -0.3272
vn 0.9444 0.0323 -0.3270
vn -0.8994 0.0149 -0.4367
vn -0.8991 0.0323 -0.4365
vn -0.8981 -0.0564 -0.4361
vn -0.9474 -0.0564 -0.3151
vn -0.8335 -0.0564 -0.5496
vn -0.8344 -0.0304 -0.5502
vn -0.8991 -0.0304 -0.4366
vn -0.9484 -0.0304 -0.3155
vn 0.9434 -0.0564 -0.3267
vn 0.8927 -0.0564 -0.4470
vn 0.9780 -0.0564 -0.2008
vn 0.9791 -0.0304 -0.2010
vn 0.9445 -0.0304 -0.3271
vn 0.8937 -0.0304 -0.4476
vn 0.6537 -0.0564 -0.7546
vn 0.5496 -0.0564 -0.8335
vn 0.7466 -0.0564 -0.6629
vn 0.7474 -0.0304 -0.6636
vn 0.6544 -0.0304 -0.7555
vn 0.5502 -0.0304 -0.8344
vn 0.0714 -0.0564 0.9958
vn 0.2008 -0.0564 0.9780
vn -0.0592 -0.0564 0.9966
vn -0.0593 -0.0304 0.9978
vn 0.0715 -0.0304 0.9969
vn 0.2010 -0.0304 0.9791
vn -0.9804 -0.0564 -0.1888
vn -0.9966 -0.0564 -0.0592
vn -0.9815 -0.0304 -0.1890
vn -0.9978 -0.0304 -0.0593
vn 0.4361 -0.0564 -0.8981
vn 0.3151 -0.0564 -0.9474
vn 0.4366 -0.0304 -0.8991
vn 0.3155 -0.0304 -0.9484
vn 0.3267 -0.0564 0.9434
vn 0.4470 -0.0564 0.8927
vn 0.3271 -0.0304 0.9445
vn 0.4476 -0.0304 0.8937
vn -0.9958 -0.0564 0.0714
vn -0.9780 -0.0564 0.2008
vn -0.9969 -0.0304 0.0715
vn -0.9791 -0.0304 0.2010
vn 0.1888 -0.0564 -0.9804
vn 0.0592 -0.0564 -0.9966
vn 0.1890 -0.0304 -0.9815
vn 0.0593 -0.0304 -0.9978
vn 0.5597 -0.0564 0.8267
vn 0.6629 -0.0564 0.7466
vn 0.5604 -0.0304 0.8277
vn 0.6636 -0.0304 0.7474
vn -0.9434 -0.0564 0.3267
vn -0.8927 -0.0564 0.4470
vn -0.9445 -0.0304 0.3271
vn -0.8937 -0.0304 0.4476
vn -0.0714 -0.0564 -0.9958
vn -0.2008 -0.0564 -0.9780
vn -0.0715 -0.0304 -0.9969
vn -0.2010 -0.0304 -0.9791
vn 0.7546 -0.0564 0.6537
vn 0.8335 -0.0564 0.5496
vn 0.7555 -0.0304 0.6544
vn 0.8344 -0.0304 0.5502
vn -0.8267 -0.0564 0.5597
vn -0.7466 -0.0564 0.6629
vn -0.8277 -0.0304 0.5604
vn -0.7474 -0.0304 0.6636
vn -0.3267 -0.0564 -0.9434
vn -0.4470 -0.0564 -0.8927
vn -0.3271 -0.0304 -0.9445
vn -0.4476 -0.0304 -0.8937
vn 0.8981 -0.0564 0.4361
vn 0.9474 -0.0564 0.3151
vn 0.8991 -0.0304 0.4366
vn 0.9484 -0.0304 0.3155
vn -0.6537 -0.0564 0.7546
vn -0.5496 -0.0564 0.8335
vn -0.6544 -0.0304 0.7555
vn -0.5502 -0.0304 0.8344
vn -0.5597 -0.0564 -0.8267
vn -0.6629 -0.0564 -0.7466
vn -0.5604 -0.0304 -0.8277
vn -0.6636 -0.0304 -0.7474
vn 0.9804 -0.0564 0.1888
vn 0.9966 -0.0564 0.0592
vn 0.9815 -0.0304 0.1890
vn 0.9978 -0.0304 0.0593
vn -0.4361 -0.0564 0.8981
vn -0.3151 -0.0564 0.9474
vn -0.4366 -0.0304 0.8991
vn -0.3155 -0.0304 0.9484
vn -0.7546 -0.0564 -0.6537
vn -0.7555 -0.0304 -0.6544
vn 0.9958 -0.0564 -0.0714
vn 0.9969 -0.0304 -0.0714
vn 0.8267 -0.0564 -0.5597
vn 0.8277 -0.0304 -0.5604
vn -0.1888 -0.0564 0.9804
vn -0.1890 -0.0304 0.9815
vn -0.8995 -0.0062 -0.4368
vn -0.9489 -0.0062 -0.3156
vn -0.8348 -0.0062 -0.5504
vn 0.9449 -0.0062 -0.3272
vn 0.8941 -0.0062 -0.4477
vn 0.9796 -0.0062 -0.2011
vn 0.6547 -0.0062 -0.7558
vn 0.5504 -0.0062 -0.8348
vn 0.7478 -0.0062 -0.6639
vn 0.0715 -0.0062 0.9974
vn 0.2011 -0.0062 0.9796
vn -0.0593 -0.0062 0.9982
vn -0.9819 -0.0062 -0.1891
vn -0.9982 -0.0062 -0.0593
vn 0.4368 -0.0062 -0.8995
vn 0.3156 -0.0062 -0.9489
vn 0.3272 -0.0062 0.9449
vn 0.4477 -0.0062 0.8941
vn -0.9974 -0.0062 0.0715
vn -0.9796 -0.0062 0.2011
vn 0.1891 -0.0062 -0.9819
vn 0.0593 -0.0062 -0.9982
vn 0.5606 -0.0062 0.8280
vn 0.6639 -0.0062 0.7478
vn -0.9449 -0.0062 0.3272
vn -0.8941 -0.0062 0.4477
vn -0.0715 -0.0062 -0.9974
vn -0.2011 -0.0062 -0.9796
vn 0.7558 -0.0062 0.6547
vn 0.8348 -0.0062 0.5504
vn -0.8280 -0.0062 0.5606
vn -0.7478 -0.0062 0.6639
vn -0.3272 -0.0062 -0.9449
vn -0.4477 -0.0062 -0.8941
vn 0.8995 -0.0062 0.4368
vn 0.9489 -0.0062 0.3156
vn -0.6547 -0.0062 0.7558
vn -0.5504 -0.0062 0.8348
vn -0.5606 -0.0062 -0.8280
vn -0.6639 -0.0062 -0.7478
vn 0.9819 -0.0062 0.1891
vn 0.9982 -0.0062 0.0593
vn -0.4368 -0.0062 0.8995
vn -0.3156 -0.0062 0.9489
vn -0.7558 -0.0062 -0.6547
vn 0.9974 -0.0062 -0.0715
vn 0.8280 -0.0062 -0.5606
vn -0.1891 -0.0062 0.9819
vn -0.1653 0.9798 0.1119
vn -0.1888 0.9774 0.0945
vn -0.1579 0.9774 0.1402
vn -0.0143 0.9998 0.0127
vn -0.0061 1.0000 0.0041
vn -0.0171 0.9998 0.0086
vn -0.0653 0.9798 -0.1887
vn -0.0425 0.9774 -0.2069
vn -0.0945 0.9774 -0.1888
vn -0.0086 0.9998 -0.0171
vn -0.0024 1.0000 -0.0070
vn -0.0038 0.9998 -0.0187
vn 0.1796 0.9798 0.0872
vn 0.1763 0.9774 0.1162
vn 0.2004 0.9774 0.0667
vn 0.0182 0.9998 0.0060
vn 0.0066 1.0000 0.0032
vn 0.0160 0.9998 0.0105
vn -0.1307 0.9798 0.1509
vn -0.1162 0.9774 0.1763
vn -0.0105 0.9998 0.0160
vn -0.0048 1.0000 0.0056
vn -0.1119 0.9798 -0.1653
vn -0.1402 0.9774 -0.1579
vn -0.0127 0.9998 -0.0143
vn -0.0041 1.0000 -0.0061
vn 0.1961 0.9798 0.0378
vn 0.2108 0.9774 0.0125
vn 0.0191 0.9998 0.0011
vn 0.0072 1.0000 0.0014
vn -0.0872 0.9798 0.1796
vn -0.0667 0.9774 0.2004
vn -0.0060 0.9998 0.0182
vn -0.0032 1.0000 0.0066
vn -0.1509 0.9798 -0.1307
vn -0.1763 0.9774 -0.1162
vn -0.0160 0.9998 -0.0105
vn -0.0056 1.0000 -0.0048
vn 0.1992 0.9798 -0.0143
vn 0.2069 0.9774 -0.0425
vn 0.0187 0.9998 -0.0038
vn 0.0074 1.0000 -0.0005
vn 0.1653 0.9798 -0.1119
vn 0.1888 0.9774 -0.0945
vn 0.1579 0.9774 -0.1402
vn 0.0143 0.9998 -0.0127
vn 0.0061 1.0000 -0.0041
vn 0.0171 0.9998 -0.0086
vn -0.0378 0.9798 0.1961
vn -0.0125 0.9774 0.2108
vn -0.0011 0.9998 0.0191
vn -0.0014 1.0000 0.0072
vn -0.1796 0.9798 -0.0872
vn -0.2004 0.9774 -0.0667
vn -0.0182 0.9998 -0.0060
vn -0.0066 1.0000 -0.0032
vn 0.1887 0.9798 -0.0653
vn 0.0070 1.0000 -0.0024
vn 0.1307 0.9798 -0.1509
vn 0.1162 0.9774 -0.1763
vn 0.0105 0.9998 -0.0160
vn 0.0048 1.0000 -0.0056
vn 0.0143 0.9798 0.1992
vn 0.0425 0.9774 0.2069
vn 0.0038 0.9998 0.0187
vn 0.0005 1.0000 0.0074
vn -0.1961 0.9798 -0.0378
vn -0.2108 0.9774 -0.0125
vn -0.0191 0.9998 -0.0011
vn -0.0072 1.0000 -0.0014
vn 0.0872 0.9798 -0.1796
vn 0.0667 0.9774 -0.2004
vn 0.0060 0.9998 -0.0182
vn 0.0032 1.0000 -0.0066
vn 0.0653 0.9798 0.1887
vn 0.0945 0.9774 0.1888
vn 0.0086 0.9998 0.0171
vn 0.0024 1.0000 0.0070
vn -0.1992 0.9798 0.0143
vn -0.2069 0.9774 0.0425
vn -0.0187 0.9998 0.0038
vn -0.0074 1.0000 0.0005
vn 0.0378 0.9798 -0.1961
vn 0.0125 0.9774 -0.2108
vn 0.0011 0.9998 -0.0191
vn 0.0014 1.0000 -0.0072
vn 0.1119 0.9798 0.1653
vn 0.1402 0.9774 0.1579
vn 0.0127 0.9998 0.0143
vn 0.0041 1.0000 0.0061
vn -0.1887 0.9798 0.0653
vn -0.0070 1.0000 0.0024
vn -0.0143 0.9798 -0.1992
vn -0.0005 1.0000 -0.0074
vn 0.1509 0.9798 0.1307
vn 0.0056 1.0000 0.0048
vn 0.0000 1.0000 0.0000
vn 0.8906 -0.3450 0.2962
vn 0.7281 -0.6412 0.2422
vn 0.6902 -0.6412 0.3352
vn 0.8443 -0.3450 0.4100
vn 0.6406 -0.6412 0.4224
vn 0.7836 -0.3450 0.5167
vn 0.8983 0.0537 0.4361
vn 0.8336 0.0537 0.5497
vn 0.9475 0.0537 0.3152
vn -0.8392 -0.3450 0.4203
vn -0.6861 -0.6412 0.3436
vn -0.7251 -0.6412 0.2511
vn -0.8869 -0.3450 0.3071
vn -0.7516 -0.6412 0.1543
vn -0.9194 -0.3450 0.1887
vn -0.9436 0.0537 0.3267
vn -0.9781 0.0537 0.2008
vn -0.8928 0.0537 0.4471
vn -0.5167 -0.3450 0.7836
vn -0.4224 -0.6412 0.6406
vn -0.5024 -0.6412 0.5800
vn -0.6145 -0.3450 0.7094
vn -0.5738 -0.6412 0.5094
vn -0.7019 -0.3450 0.6232
vn -0.6538 0.0537 0.7548
vn -0.7467 0.0537 0.6630
vn -0.5497 0.0537 0.8336
vn -0.1887 -0.3450 -0.9194
vn -0.1543 -0.6412 -0.7516
vn -0.0548 -0.6412 -0.7653
vn -0.0671 -0.3450 -0.9362
vn 0.0455 -0.6412 -0.7660
vn 0.0556 -0.3450 -0.9369
vn -0.0714 0.0537 -0.9960
vn 0.0592 0.0537 -0.9968
vn -0.2008 0.0537 -0.9781
vn 0.9369 -0.3450 0.0556
vn 0.7660 -0.6413 0.0455
vn 0.7535 -0.6412 0.1451
vn 0.9217 -0.3450 0.1775
vn 0.9805 0.0537 0.1888
vn 0.9968 0.0537 0.0592
vn -0.2962 -0.3450 0.8906
vn -0.2422 -0.6412 0.7281
vn -0.3352 -0.6412 0.6902
vn -0.4100 -0.3450 0.8443
vn -0.4361 0.0537 0.8983
vn -0.3152 0.0537 0.9475
vn -0.4203 -0.3450 -0.8392
vn -0.3436 -0.6412 -0.6861
vn -0.2511 -0.6412 -0.7251
vn -0.3071 -0.3450 -0.8869
vn -0.3267 0.0537 -0.9436
vn -0.4471 0.0537 -0.8928
vn 0.9194 -0.3450 -0.1887
vn 0.7516 -0.6412 -0.1543
vn 0.7653 -0.6412 -0.0549
vn 0.9362 -0.3450 -0.0671
vn 0.9960 0.0537 -0.0714
vn 0.9781 0.0537 -0.2008
vn -0.0556 -0.3450 0.9369
vn -0.0455 -0.6412 0.7660
vn -0.1451 -0.6412 0.7535
vn -0.1775 -0.3450 0.9217
vn -0.1888 0.0537 0.9805
vn -0.0592 0.0537 0.9968
vn -0.6232 -0.3450 -0.7019
vn -0.5094 -0.6412 -0.5738
vn -0.4302 -0.6412 -0.6354
vn -0.5262 -0.3450 -0.7772
vn -0.5598 0.0537 -0.8268
vn -0.6630 0.0537 -0.7467
vn 0.8392 -0.3450 -0.4203
vn 0.6861 -0.6412 -0.3436
vn 0.7251 -0.6412 -0.2511
vn 0.8869 -0.3450 -0.3071
vn 0.9436 0.0537 -0.3267
vn 0.8928 0.0537 -0.4471
vn 0.1887 -0.3450 0.9194
vn 0.1543 -0.6412 0.7516
vn 0.0548 -0.6412 0.7653
vn 0.0671 -0.3450 0.9362
vn 0.0714 0.0537 0.9960
vn 0.2008 0.0537 0.9781
vn -0.7836 -0.3450 -0.5167
vn -0.6406 -0.6412 -0.4224
vn -0.5800 -0.6412 -0.5024
vn -0.7094 -0.3450 -0.6145
vn -0.7548 0.0537 -0.6538
vn -0.8336 0.0537 -0.5497
vn 0.7019 -0.3450 -0.6232
vn 0.5738 -0.6412 -0.5094
vn 0.6354 -0.6412 -0.4302
vn 0.7772 -0.3450 -0.5262
vn 0.8268 0.0537 -0.5598
vn 0.7467 0.0537 -0.6630
vn 0.4203 -0.3450 0.8392
vn 0.3436 -0.6412 0.6861
vn 0.2511 -0.6412 0.7251
vn 0.3071 -0.3450 0.8869
vn 0.3267 0.0537 0.9436
vn 0.4471 0.0537 0.8928
vn -0.8906 -0.3450 -0.2962
vn -0.7281 -0.6412 -0.2422
vn -0.6902 -0.6412 -0.3352
vn -0.8443 -0.3450 -0.4100
vn -0.8983 0.0537 -0.4361
vn -0.9475 0.0537 -0.3152
vn 0.5167 -0.3450 -0.7836
vn 0.4224 -0.6412 -0.6406
vn 0.5024 -0.6412 -0.5800
vn 0.6145 -0.3450 -0.7094
vn 0.6538 0.0537 -0.7548
vn 0.5497 0.0537 -0.8336
vn 0.6232 -0.3450 0.7019
vn 0.5094 -0.6412 0.5738
vn 0.4302 -0.6412 0.6354
vn 0.5262 -0.3450 0.7772
vn 0.5598 0.0537 0.8268
vn 0.6630 0.0537 0.7467
vn -0.9369 -0.3450 -0.0556
vn -0.7660 -0.6412 -0.0455
vn -0.7535 -0.6412 -0.1451
vn -0.9217 -0.3450 -0.1775
vn -0.9805 0.0537 -0.1888
vn -0.9968 0.0537 -0.0592
vn 0.2962 -0.3450 -0.8906
vn 0.2422 -0.6412 -0.7281
vn 0.3352 -0.6412 -0.6902
vn 0.4100 -0.3450 -0.8443
vn 0.4361 0.0537 -0.8983
vn 0.3152 0.0537 -0.9475
vn 0.5800 -0.6412 0.5024
vn 0.7094 -0.3450 0.6145
vn 0.7548 0.0537 0.6538
vn -0.7653 -0.6412 0.0548
vn -0.9362 -0.3450 0.0671
vn -0.9960 0.0537 0.0714
vn -0.6354 -0.6412 0.4302
vn -0.7772 -0.3450 0.5262
vn -0.8268 0.0537 0.5598
vn 0.1451 -0.6412 -0.7535
vn 0.1775 -0.3450 -0.9217
vn 0.1888 0.0537 -0.9805
vn 0.0461 0.6299 -0.7753
vn 0.0559 0.3347 -0.9406
vn 0.1782 0.3347 -0.9253
vn 0.1468 0.6299 -0.7626
vn 0.2974 0.3347 -0.8941
vn 0.2451 0.6299 -0.7369
vn 0.1878 0.1157 -0.9753
vn 0.3135 0.1157 -0.9425
vn 0.0589 0.1157 -0.9915
vn -0.5807 0.6299 0.5156
vn -0.7046 0.3347 0.6256
vn -0.7803 0.3347 0.5283
vn -0.6431 0.6299 0.4354
vn -0.8426 0.3347 0.4219
vn -0.6944 0.6299 0.3477
vn -0.8225 0.1157 0.5569
vn -0.8881 0.1157 0.4447
vn -0.7428 0.1157 0.6595
vn -0.7608 0.6299 0.1562
vn -0.9231 0.3347 0.1895
vn -0.9399 0.3347 0.0674
vn -0.7747 0.6299 0.0555
vn -0.9406 0.3347 -0.0559
vn -0.7753 0.6299 -0.0461
vn -0.9907 0.1157 0.0710
vn -0.9915 0.1157 -0.0589
vn -0.9730 0.1157 0.1997
vn 0.6484 0.6299 0.4275
vn 0.7867 0.3347 0.5187
vn 0.7122 0.3347 0.6170
vn 0.5870 0.6299 0.5085
vn 0.6256 0.3347 0.7046
vn 0.5156 0.6299 0.5807
vn 0.7508 0.1157 0.6503
vn 0.6595 0.1157 0.7428
vn 0.8292 0.1157 0.5468
vn 0.4116 0.3347 -0.8477
vn 0.3392 0.6299 -0.6986
vn 0.5187 0.3347 -0.7867
vn 0.4275 0.6299 -0.6484
vn 0.4339 0.1157 -0.8935
vn 0.5468 0.1157 -0.8292
vn -0.9253 0.3347 -0.1782
vn -0.7626 0.6299 -0.1468
vn -0.8941 0.3347 -0.2974
vn -0.7369 0.6299 -0.2451
vn -0.9753 0.1157 -0.1878
vn -0.9425 0.1157 -0.3135
vn 0.5283 0.3347 0.7803
vn 0.4354 0.6299 0.6431
vn 0.4219 0.3347 0.8426
vn 0.3477 0.6299 0.6944
vn 0.5569 0.1157 0.8225
vn 0.4447 0.1157 0.8881
vn 0.6170 0.3347 -0.7122
vn 0.5085 0.6299 -0.5870
vn 0.7046 0.3347 -0.6256
vn 0.5807 0.6299 -0.5156
vn 0.6503 0.1157 -0.7508
vn 0.7428 0.1157 -0.6595
vn -0.8477 0.3347 -0.4116
vn -0.6986 0.6299 -0.3392
vn -0.7867 0.3347 -0.5187
vn -0.6484 0.6299 -0.4275
vn -0.8935 0.1157 -0.4339
vn -0.8292 0.1157 -0.5468
vn 0.3083 0.3347 0.8904
vn 0.2541 0.6299 0.7339
vn 0.1895 0.3347 0.9231
vn 0.1562 0.6299 0.7608
vn 0.3250 0.1157 0.9386
vn 0.1997 0.1157 0.9730
vn 0.7803 0.3347 -0.5283
vn 0.6431 0.6299 -0.4354
vn 0.8426 0.3347 -0.4219
vn 0.6944 0.6299 -0.3477
vn 0.8225 0.1157 -0.5569
vn 0.8881 0.1157 -0.4447
vn -0.7122 0.3347 -0.6170
vn -0.5870 0.6299 -0.5085
vn -0.6256 0.3347 -0.7046
vn -0.5156 0.6299 -0.5807
vn -0.7508 0.1157 -0.6503
vn -0.6595 0.1157 -0.7428
vn 0.0674 0.3347 0.9399
vn 0.0555 0.6299 0.7747
vn -0.0558 0.3347 0.9406
vn -0.0461 0.6299 0.7753
vn 0.0710 0.1157 0.9907
vn -0.0589 0.1157 0.9915
vn 0.8904 0.3347 -0.3083
vn 0.7339 0.6299 -0.2541
vn 0.9231 0.3347 -0.1895
vn 0.7608 0.6299 -0.1562
vn 0.9386 0.1157 -0.3250
vn 0.9730 0.1157 -0.1997
vn -0.5283 0.3347 -0.7803
vn -0.4354 0.6299 -0.6431
vn -0.4219 0.3347 -0.8426
vn -0.3477 0.6299 -0.6944
vn -0.5569 0.1157 -0.8225
vn -0.4447 0.1157 -0.8881
vn -0.1782 0.3347 0.9253
vn -0.1468 0.6299 0.7626
vn -0.2974 0.3347 0.8941
vn -0.2451 0.6299 0.7369
vn -0.1878 0.1157 0.9753
vn -0.3135 0.1157 0.9425
vn 0.9399 0.3347 -0.0674
vn 0.7747 0.6299 -0.0555
vn 0.9406 0.3347 0.0559
vn 0.7753 0.6299 0.0461
vn 0.9907 0.1157 -0.0710
vn 0.9915 0.1157 0.0589
vn -0.3083 0.3347 -0.8904
vn -0.2541 0.6299 -0.7339
vn -0.1895 0.3347 -0.9231
vn -0.1562 0.6299 -0.7608
vn -0.3250 0.1157 -0.9386
vn -0.1997 0.1157 -0.9730
vn -0.4116 0.3347 0.8477
vn -0.3392 0.6299 0.6986
vn -0.5187 0.3347 0.7867
vn -0.4275 0.6299 0.6484
vn -0.4339 0.1157 0.8935
vn -0.5468 0.1157 0.8292
vn 0.9253 0.3347 0.1782
vn 0.7626 0.6299 0.1468
vn 0.8941 0.3347 0.2974
vn 0.7369 0.6299 0.2451
vn 0.9753 0.1157 0.1878
vn 0.9425 0.1157 0.3135
vn -0.0674 0.3347 -0.9399
vn -0.0555 0.6299 -0.7747
vn -0.0710 0.1157 -0.9907
vn -0.6170 0.3347 0.7122
vn -0.5085 0.6299 0.5870
vn -0.6503 0.1157 0.7508
vn -0.8904 0.3347 0.3083
vn -0.7339 0.6299 0.2541
vn -0.9386 0.1157 0.3250
vn 0.8477 0.3347 0.4116
vn 0.6986 0.6299 0.3392
vn 0.8935 0.1157 0.4339
vn 0.8004 -0.5370 0.2662
vn 0.8264 -0.4913 0.2749
vn 0.7835 -0.4913 0.3804
vn 0.7588 -0.5370 0.3684
vn 0.7271 -0.4913 0.4794
vn 0.7042 -0.5370 0.4643
vn 0.8175 -0.4172 0.3969
vn 0.7587 -0.4172 0.5003
vn 0.8623 -0.4172 0.2868
vn 0.9159 -0.2612 0.3047
vn 0.9317 -0.1895 0.3099
vn 0.8832 -0.1895 0.4289
vn 0.8683 -0.2612 0.4216
vn 0.8197 -0.1895 0.5405
vn 0.8059 -0.2612 0.5314
vn 0.8925 -0.1249 0.4334
vn 0.8283 -0.1249 0.5461
vn 0.9414 -0.1249 0.3132
vn 0.9473 0.0574 0.3151
vn 0.9346 0.1726 0.3109
vn 0.8860 0.1726 0.4302
vn 0.8981 0.0574 0.4360
vn 0.8223 0.1726 0.5422
vn 0.8335 0.0574 0.5495
vn 0.8642 0.2774 0.4196
vn 0.8021 0.2774 0.5289
vn 0.9116 0.2774 0.3032
vn 0.8207 0.5019 0.2730
vn 0.7533 0.6080 0.2506
vn 0.7142 0.6080 0.3468
vn 0.7780 0.5019 0.3778
vn 0.6628 0.6080 0.4371
vn 0.7220 0.5019 0.4761
vn 0.6459 0.6960 0.3136
vn 0.5994 0.6960 0.3952
vn 0.6813 0.6960 0.2266
vn -0.7543 -0.5370 0.3777
vn -0.7788 -0.4913 0.3900
vn -0.8230 -0.4913 0.2850
vn -0.7971 -0.5370 0.2760
vn -0.8531 -0.4913 0.1751
vn -0.8263 -0.5370 0.1696
vn -0.8587 -0.4172 0.2974
vn -0.8902 -0.4172 0.1827
vn -0.8126 -0.4172 0.4069
vn -0.8631 -0.2612 0.4322
vn -0.8779 -0.1895 0.4396
vn -0.9278 -0.1895 0.3213
vn -0.9121 -0.2612 0.3159
vn -0.9618 -0.1895 0.1974
vn -0.9456 -0.2612 0.1941
vn -0.9375 -0.1249 0.3247
vn -0.9719 -0.1249 0.1995
vn -0.8871 -0.1249 0.4443
vn -0.8927 0.0574 0.4470
vn -0.8807 0.1726 0.4410
vn -0.9308 0.1726 0.3223
vn -0.9434 0.0574 0.3267
vn -0.9648 0.1726 0.1981
vn -0.9779 0.0574 0.2008
vn -0.9078 0.2774 0.3144
vn -0.9411 0.2774 0.1932
vn -0.8590 0.2774 0.4302
vn -0.7733 0.5019 0.3872
vn -0.7099 0.6080 0.3555
vn -0.7502 0.6080 0.2598
vn -0.8173 0.5019 0.2830
vn -0.7777 0.6080 0.1596
vn -0.8472 0.5019 0.1739
vn -0.6785 0.6960 0.2349
vn -0.7033 0.6960 0.1444
vn -0.6420 0.6960 0.3215
vn -0.4643 -0.5370 0.7042
vn -0.4794 -0.4913 0.7271
vn -0.5702 -0.4913 0.6583
vn -0.5523 -0.5370 0.6376
vn -0.6513 -0.4913 0.5782
vn -0.6308 -0.5370 0.5600
vn -0.5950 -0.4172 0.6869
vn -0.6796 -0.4172 0.6034
vn -0.5003 -0.4172 0.7587
vn -0.5314 -0.2612 0.8059
vn -0.5405 -0.1895 0.8197
vn -0.6428 -0.1895 0.7421
vn -0.6320 -0.2612 0.7296
vn -0.7342 -0.1895 0.6519
vn -0.7218 -0.2612 0.6409
vn -0.6496 -0.1249 0.7499
vn -0.7419 -0.1249 0.6587
vn -0.5461 -0.1249 0.8283
vn -0.5495 0.0574 0.8335
vn -0.5422 0.1726 0.8223
vn -0.6449 0.1726 0.7445
vn -0.6536 0.0574 0.7546
vn -0.7365 0.1726 0.6540
vn -0.7465 0.0574 0.6628
vn -0.6290 0.2774 0.7262
vn -0.7184 0.2774 0.6379
vn -0.5289 0.2774 0.8021
vn -0.4761 0.5019 0.7220
vn -0.4371 0.6080 0.6628
vn -0.5198 0.6080 0.6001
vn -0.5663 0.5019 0.6537
vn -0.5937 0.6080 0.5271
vn -0.6467 0.5019 0.5742
vn -0.4701 0.6960 0.5427
vn -0.5369 0.6960 0.4767
vn -0.3952 0.6960 0.5994
vn -0.1696 -0.5370 -0.8263
vn -0.1751 -0.4913 -0.8531
vn -0.0623 -0.4913 -0.8687
vn -0.0603 -0.5370 -0.8414
vn 0.0516 -0.4913 -0.8694
vn 0.0500 -0.5370 -0.8421
vn -0.0650 -0.4172 -0.9064
vn 0.0539 -0.4172 -0.9072
vn -0.1827 -0.4172 -0.8902
vn -0.1941 -0.2612 -0.9456
vn -0.1974 -0.1895 -0.9618
vn -0.0702 -0.1895 -0.9793
vn -0.0690 -0.2612 -0.9628
vn 0.0582 -0.1895 -0.9801
vn 0.0572 -0.2612 -0.9636
vn -0.0709 -0.1249 -0.9896
vn 0.0588 -0.1249 -0.9904
vn -0.1995 -0.1249 -0.9719
vn -0.2008 0.0574 -0.9779
vn -0.1981 0.1726 -0.9648
vn -0.0704 0.1726 -0.9825
vn -0.0714 0.0574 -0.9958
vn 0.0584 0.1726 -0.9832
vn 0.0592 0.0574 -0.9966
vn -0.0687 0.2774 -0.9583
vn 0.0569 0.2774 -0.9590
vn -0.1932 0.2774 -0.9411
vn -0.1739 0.5019 -0.8472
vn -0.1596 0.6080 -0.7777
vn -0.0568 0.6080 -0.7919
vn -0.0618 0.5019 -0.8627
vn 0.0471 0.6080 -0.7926
vn 0.0513 0.5019 -0.8633
vn -0.0513 0.6960 -0.7162
vn 0.0426 0.6960 -0.7168
vn -0.1444 0.6960 -0.7033
vn 0.8421 -0.5370 0.0500
vn 0.8694 -0.4913 0.0516
vn 0.8553 -0.4913 0.1647
vn 0.8283 -0.5370 0.1595
vn 0.8924 -0.4172 0.1718
vn 0.9072 -0.4172 0.0539
vn 0.9636 -0.2612 0.0572
vn 0.9801 -0.1895 0.0582
vn 0.9641 -0.1895 0.1856
vn 0.9478 -0.2612 0.1825
vn 0.9742 -0.1249 0.1876
vn 0.9904 -0.1249 0.0588
vn 0.9966 0.0574 0.0592
vn 0.9832 0.1726 0.0584
vn 0.9672 0.1726 0.1862
vn 0.9803 0.0574 0.1888
vn 0.9434 0.2774 0.1816
vn 0.9590 0.2774 0.0569
vn 0.8633 0.5019 0.0513
vn 0.7926 0.6080 0.0471
vn 0.7796 0.6080 0.1501
vn 0.8493 0.5019 0.1635
vn 0.7051 0.6960 0.1357
vn 0.7168 0.6960 0.0426
vn -0.2662 -0.5370 0.8004
vn -0.2749 -0.4913 0.8264
vn -0.3804 -0.4913 0.7835
vn -0.3684 -0.5370 0.7588
vn -0.3969 -0.4172 0.8175
vn -0.2868 -0.4172 0.8623
vn -0.3047 -0.2612 0.9159
vn -0.3099 -0.1895 0.9317
vn -0.4289 -0.1895 0.8832
vn -0.4216 -0.2612 0.8683
vn -0.4334 -0.1249 0.8925
vn -0.3132 -0.1249 0.9414
vn -0.3151 0.0574 0.9473
vn -0.3109 0.1726 0.9346
vn -0.4302 0.1726 0.8860
vn -0.4360 0.0574 0.8981
vn -0.4196 0.2774 0.8642
vn -0.3032 0.2774 0.9116
vn -0.2730 0.5019 0.8207
vn -0.2506 0.6080 0.7533
vn -0.3468 0.6080 0.7142
vn -0.3778 0.5019 0.7780
vn -0.3136 0.6960 0.6459
vn -0.2266 0.6960 0.6813
vn -0.3777 -0.5370 -0.7543
vn -0.3900 -0.4913 -0.7788
vn -0.2850 -0.4913 -0.8230
vn -0.2760 -0.5370 -0.7971
vn -0.2974 -0.4172 -0.8587
vn -0.4069 -0.4172 -0.8126
vn -0.4322 -0.2612 -0.8631
vn -0.4396 -0.1895 -0.8779
vn -0.3213 -0.1895 -0.9278
vn -0.3159 -0.2612 -0.9121
vn -0.3247 -0.1249 -0.9375
vn -0.4443 -0.1249 -0.8871
vn -0.4470 0.0574 -0.8927
vn -0.4410 0.1726 -0.8807
vn -0.3223 0.1726 -0.9308
vn -0.3267 0.0574 -0.9434
vn -0.3144 0.2774 -0.9078
vn -0.4302 0.2774 -0.8590
vn -0.3872 0.5019 -0.7733
vn -0.3555 0.6080 -0.7099
vn -0.2598 0.6080 -0.7502
vn -0.2830 0.5019 -0.8173
vn -0.2349 0.6960 -0.6785
vn -0.3215 0.6960 -0.6420
vn 0.8263 -0.5370 -0.1696
vn 0.8531 -0.4913 -0.1751
vn 0.8687 -0.4913 -0.0623
vn 0.8414 -0.5370 -0.0603
vn 0.9064 -0.4172 -0.0650
vn 0.8902 -0.4172 -0.1827
vn 0.9456 -0.2612 -0.1941
vn 0.9618 -0.1895 -0.1974
vn 0.9793 -0.1895 -0.0702
vn 0.9628 -0.2612 -0.0690
vn 0.9896 -0.1249 -0.0709
vn 0.9719 -0.1249 -0.1995
vn 0.9779 0.0574 -0.2008
vn 0.9648 0.1726 -0.1981
vn 0.9825 0.1726 -0.0704
vn 0.9958 0.0574 -0.0714
vn 0.9583 0.2774 -0.0687
vn 0.9411 0.2774 -0.1932
vn 0.8472 0.5019 -0.1739
vn 0.7777 0.6080 -0.1596
vn 0.7919 0.6080 -0.0568
vn 0.8627 0.5019 -0.0618
vn 0.7162 0.6960 -0.0513
vn 0.7033 0.6960 -0.1444
vn -0.0500 -0.5370 0.8421
vn -0.0516 -0.4913 0.8694
vn -0.1647 -0.4913 0.8553
vn -0.1595 -0.5370 0.8283
vn -0.1718 -0.4172 0.8924
vn -0.0539 -0.4172 0.9072
vn -0.0572 -0.2612 0.9636
vn -0.0582 -0.1895 0.9801
vn -0.1856 -0.1895 0.9641
vn -0.1825 -0.2612 0.9478
vn -0.1876 -0.1249 0.9742
vn -0.0588 -0.1249 0.9904
vn -0.0592 0.0574 0.9966
vn -0.0584 0.1726 0.9832
vn -0.1862 0.1726 0.9672
vn -0.1888 0.0574 0.9803
vn -0.1816 0.2774 0.9434
vn -0.0569 0.2774 0.9590
vn -0.0513 0.5019 0.8633
vn -0.0471 0.6080 0.7926
vn -0.1501 0.6080 0.7796
vn -0.1635 0.5019 0.8493
vn -0.1357 0.6960 0.7051
vn -0.0426 0.6960 0.7168
vn -0.5600 -0.5370 -0.6308
vn -0.5782 -0.4913 -0.6513
vn -0.4883 -0.4913 -0.7212
vn -0.4729 -0.5370 -0.6985
vn -0.5095 -0.4172 -0.7525
vn -0.6034 -0.4172 -0.6796
vn -0.6409 -0.2612 -0.7218
vn -0.6519 -0.1895 -0.7342
vn -0.5505 -0.1895 -0.8130
vn -0.5412 -0.2612 -0.7993
vn -0.5562 -0.1249 -0.8216
vn -0.6587 -0.1249 -0.7419
vn -0.6628 0.0574 -0.7465
vn -0.6540 0.1726 -0.7365
vn -0.5522 0.1726 -0.8156
vn -0.5597 0.0574 -0.8267
vn -0.5386 0.2774 -0.7955
vn -0.6379 0.2774 -0.7184
vn -0.5742 0.5019 -0.6467
vn -0.5271 0.6080 -0.5937
vn -0.4451 0.6080 -0.6574
vn -0.4849 0.5019 -0.7161
vn -0.4025 0.6960 -0.5946
vn -0.4767 0.6960 -0.5369
vn 0.7543 -0.5370 -0.3777
vn 0.7788 -0.4913 -0.3900
vn 0.8230 -0.4913 -0.2850
vn 0.7971 -0.5370 -0.2760
vn 0.8587 -0.4172 -0.2974
vn 0.8126 -0.4172 -0.4069
vn 0.8631 -0.2612 -0.4322
vn 0.8779 -0.1895 -0.4396
vn 0.9278 -0.1895 -0.3213
vn 0.9121 -0.2612 -0.3159
vn 0.9375 -0.1249 -0.3247
vn 0.8871 -0.1249 -0.4443
vn 0.8927 0.0574 -0.4470
vn 0.8807 0.1726 -0.4410
vn 0.9308 0.1726 -0.3223
vn 0.9434 0.0574 -0.3267
vn 0.9078 0.2774 -0.3144
vn 0.8590 0.2774 -0.4302
vn 0.7733 0.5019 -0.3872
vn 0.7099 0.6080 -0.3555
vn 0.7502 0.6080 -0.2598
vn 0.8173 0.5019 -0.2830
vn 0.6785 0.6960 -0.2349
vn 0.6420 0.6960 -0.3215
vn 0.1696 -0.5370 0.8263
vn 0.1751 -0.4913 0.8531
vn 0.0623 -0.4913 0.8687
vn 0.0603 -0.5370 0.8414
vn 0.0650 -0.4172 0.9064
vn 0.1827 -0.4172 0.8902
vn 0.1941 -0.2612 0.9456
vn 0.1974 -0.1895 0.9618
vn 0.0702 -0.1895 0.9793
vn 0.0690 -0.2612 0.9628
vn 0.0709 -0.1249 0.9896
vn 0.1995 -0.1249 0.9719
vn 0.2008 0.0574 0.9779
vn 0.1981 0.1726 0.9648
vn 0.0704 0.1726 0.9825
vn 0.0714 0.0574 0.9958
vn 0.0687 0.2774 0.9583
vn 0.1932 0.2774 0.9411
vn 0.1739 0.5019 0.8472
vn 0.1596 0.6080 0.7777
vn 0.0568 0.6080 0.7919
vn 0.0618 0.5019 0.8627
vn 0.0513 0.6960 0.7162
vn 0.1444 0.6960 0.7033
vn -0.7042 -0.5370 -0.4643
vn -0.7271 -0.4913 -0.4794
vn -0.6583 -0.4913 -0.5702
vn -0.6376 -0.5370 -0.5523
vn -0.6869 -0.4172 -0.5950
vn -0.7587 -0.4172 -0.5003
vn -0.8059 -0.2612 -0.5314
vn -0.8197 -0.1895 -0.5405
vn -0.7421 -0.1895 -0.6428
vn -0.7296 -0.2612 -0.6320
vn -0.7499 -0.1249 -0.6496
vn -0.8283 -0.1249 -0.5461
vn -0.8335 0.0574 -0.5495
vn -0.8223 0.1726 -0.5422
vn -0.7445 0.1726 -0.6449
vn -0.7546 0.0574 -0.6536
vn -0.7262 0.2774 -0.6290
vn -0.8021 0.2774 -0.5289
vn -0.7220 0.5019 -0.4761
vn -0.6628 0.6080 -0.4371
vn -0.6001 0.6080 -0.5198
vn -0.6537 0.5019 -0.5663
vn -0.5427 0.6960 -0.4701
vn -0.5994 0.6960 -0.3952
vn 0.6308 -0.5370 -0.5600
vn 0.6513 -0.4913 -0.5782
vn 0.7212 -0.4913 -0.4883
vn 0.6985 -0.5370 -0.4729
vn 0.7525 -0.4172 -0.5095
vn 0.6796 -0.4172 -0.6034
vn 0.7218 -0.2612 -0.6409
vn 0.7342 -0.1895 -0.6519
vn 0.8130 -0.1895 -0.5505
vn 0.7993 -0.2612 -0.5412
vn 0.8216 -0.1249 -0.5562
vn 0.7419 -0.1249 -0.6587
vn 0.7465 0.0574 -0.6628
vn 0.7365 0.1726 -0.6540
vn 0.8156 0.1726 -0.5522
vn 0.8267 0.0574 -0.5597
vn 0.7955 0.2774 -0.5386
vn 0.7184 0.2774 -0.6379
vn 0.6467 0.5019 -0.5742
vn 0.5937 0.6080 -0.5271
vn 0.6574 0.6080 -0.4451
vn 0.7161 0.5019 -0.4849
vn 0.5946 0.6960 -0.4025
vn 0.5369 0.6960 -0.4767
vn 0.3777 -0.5370 0.7543
vn 0.3900 -0.4913 0.7788
vn 0.2850 -0.4913 0.8230
vn 0.2760 -0.5370 0.7971
vn 0.2974 -0.4172 0.8587
vn 0.4069 -0.4172 0.8126
vn 0.4322 -0.2612 0.8631
vn 0.4396 -0.1895 0.8779
vn 0.3213 -0.1895 0.9278
vn 0.3159 -0.2612 0.9121
vn 0.3247 -0.1249 0.9375
vn 0.4443 -0.1249 0.8871
vn 0.4470 0.0574 0.8927
vn 0.4410 0.1726 0.8807
vn 0.3223 0.1726 0.9308
vn 0.3267 0.0574 0.9434
vn 0.3144 0.2774 0.9078
vn 0.4302 0.2774 0.8590
vn 0.3872 0.5019 0.7733
vn 0.3555 0.6080 0.7099
vn 0.2598 0.6080 0.7502
vn 0.2830 0.5019 0.8173
vn 0.2349 0.6960 0.6785
vn 0.3215 0.6960 0.6420
vn -0.8004 -0.5370 -0.2662
vn -0.8264 -0.4913 -0.2749
vn -0.7835 -0.4913 -0.3804
vn -0.7588 -0.5370 -0.3684
vn -0.8175 -0.4172 -0.3969
vn -0.8623 -0.4172 -0.2868
vn -0.9159 -0.2612 -0.3047
vn -0.9317 -0.1895 -0.3099
vn -0.8832 -0.1895 -0.4289
vn -0.8683 -0.2612 -0.4216
vn -0.8925 -0.1249 -0.4334
vn -0.9414 -0.1249 -0.3132
vn -0.9473 0.0574 -0.3151
vn -0.9346 0.1726 -0.3109
vn -0.8860 0.1726 -0.4302
vn -0.8981 0.0574 -0.4360
vn -0.8642 0.2774 -0.4196
vn -0.9116 0.2774 -0.3032
vn -0.8207 0.5019 -0.2730
vn -0.7533 0.6080 -0.2506
vn -0.7142 0.6080 -0.3468
vn -0.7780 0.5019 -0.3778
vn -0.6459 0.6960 -0.3136
vn -0.6813 0.6960 -0.2266
vn 0.4643 -0.5370 -0.7042
vn 0.4794 -0.4913 -0.7271
vn 0.5702 -0.4913 -0.6583
vn 0.5523 -0.5370 -0.6376
vn 0.5950 -0.4172 -0.6869
vn 0.5003 -0.4172 -0.7587
vn 0.5314 -0.2612 -0.8059
vn 0.5405 -0.1895 -0.8197
vn 0.6428 -0.1895 -0.7421
vn 0.6320 -0.2612 -0.7296
vn 0.6496 -0.1249 -0.7499
vn 0.5461 -0.1249 -0.8283
vn 0.5495 0.0574 -0.8335
vn 0.5422 0.1726 -0.8223
vn 0.6449 0.1726 -0.7445
vn 0.6536 0.0574 -0.7546
vn 0.6290 0.2774 -0.7262
vn 0.5289 0.2774 -0.8021
vn 0.4761 0.5019 -0.7220
vn 0.4371 0.6080 -0.6628
vn 0.5198 0.6080 -0.6001
vn 0.5663 0.5019 -0.6537
vn 0.4701 0.6960 -0.5427
vn 0.3952 0.6960 -0.5994
vn 0.5600 -0.5370 0.6308
vn 0.5782 -0.4913 0.6513
vn 0.4883 -0.4913 0.7212
vn 0.4729 -0.5370 0.6985
vn 0.5095 -0.4172 0.7525
vn 0.6034 -0.4172 0.6796
vn 0.6409 -0.2612 0.7218
vn 0.6519 -0.1895 0.7342
vn 0.5505 -0.1895 0.8130
vn 0.5412 -0.2612 0.7993
vn 0.5562 -0.1249 0.8216
vn 0.6587 -0.1249 0.7419
vn 0.6628 0.0574 0.7465
vn 0.6540 0.1726 0.7365
vn 0.5522 0.1726 0.8156
vn 0.5597 0.0574 0.8267
vn 0.5386 0.2774 0.7955
vn 0.6379 0.2774 0.7184
vn 0.5742 0.5019 0.6467
vn 0.5271 0.6080 0.5937
vn 0.4451 0.6080 0.6574
vn 0.4849 0.5019 0.7161
vn 0.4025 0.6960 0.5946
vn 0.4767 0.6960 0.5369
vn -0.8421 -0.5370 -0.0500
vn -0.8694 -0.4913 -0.0516
vn -0.8553 -0.4913 -0.1647
vn -0.8283 -0.5370 -0.1595
vn -0.8924 -0.4172 -0.1718
vn -0.9072 -0.4172 -0.0539
vn -0.9636 -0.2612 -0.0572
vn -0.9801 -0.1895 -0.0582
vn -0.9641 -0.1895 -0.1856
vn -0.9478 -0.2612 -0.1825
vn -0.9742 -0.1249 -0.1876
vn -0.9904 -0.1249 -0.0588
vn -0.9966 0.0574 -0.0592
vn -0.9832 0.1726 -0.0584
vn -0.9672 0.1726 -0.1862
vn -0.9803 0.0574 -0.1888
vn -0.9434 0.2774 -0.1816
vn -0.9590 0.2774 -0.0569
vn -0.8633 0.5019 -0.0513
vn -0.7926 0.6080 -0.0471
vn -0.7796 0.6080 -0.1501
vn -0.8493 0.5019 -0.1635
vn -0.7051 0.6960 -0.1357
vn -0.7168 0.6960 -0.0426
vn 0.2662 -0.5370 -0.8004
vn 0.2749 -0.4913 -0.8264
vn 0.3804 -0.4913 -0.7835
vn 0.3684 -0.5370 -0.7588
vn 0.3969 -0.4172 -0.8175
vn 0.2868 -0.4172 -0.8623
vn 0.3047 -0.2612 -0.9159
vn 0.3099 -0.1895 -0.9317
vn 0.4289 -0.1895 -0.8832
vn 0.4216 -0.2612 -0.8683
vn 0.4334 -0.1249 -0.8925
vn 0.3132 -0.1249 -0.9414
vn 0.3151 0.0574 -0.9473
vn 0.3109 0.1726 -0.9346
vn 0.4302 0.1726 -0.8860
vn 0.4360 0.0574 -0.8981
vn 0.4196 0.2774 -0.8642
vn 0.3032 0.2774 -0.9116
vn 0.2730 0.5019 -0.8207
vn 0.2506 0.6080 -0.7533
vn 0.3468 0.6080 -0.7142
vn 0.3778 0.5019 -0.7780
vn 0.3136 0.6960 -0.6459
vn 0.2266 0.6960 -0.6813
vn 0.6583 -0.4913 0.5702
vn 0.6376 -0.5370 0.5523
vn 0.6869 -0.4172 0.5950
vn 0.7421 -0.1895 0.6428
vn 0.7296 -0.2612 0.6320
vn 0.7499 -0.1249 0.6496
vn 0.7445 0.1726 0.6449
vn 0.7546 0.0574 0.6536
vn 0.7262 0.2774 0.6290
vn 0.6001 0.6080 0.5198
vn 0.6537 0.5019 0.5663
vn 0.5427 0.6960 0.4701
vn -0.8687 -0.4913 0.0623
vn -0.8414 -0.5370 0.0603
vn -0.9064 -0.4172 0.0650
vn -0.9793 -0.1895 0.0702
vn -0.9628 -0.2612 0.0690
vn -0.9896 -0.1249 0.0709
vn -0.9825 0.1726 0.0704
vn -0.9958 0.0574 0.0714
vn -0.9583 0.2774 0.0687
vn -0.7919 0.6080 0.0568
vn -0.8627 0.5019 0.0618
vn -0.7162 0.6960 0.0513
vn -0.7212 -0.4913 0.4883
vn -0.6985 -0.5370 0.4729
vn -0.7525 -0.4172 0.5095
vn -0.8130 -0.1895 0.5505
vn -0.7993 -0.2612 0.5412
vn -0.8216 -0.1249 0.5562
vn -0.8156 0.1726 0.5522
vn -0.8267 0.0574 0.5597
vn -0.7955 0.2774 0.5386
vn -0.6574 0.6080 0.4451
vn -0.7161 0.5019 0.4849
vn -0.5946 0.6960 0.4025
vn 0.1647 -0.4913 -0.8553
vn 0.1595 -0.5370 -0.8283
vn 0.1718 -0.4172 -0.8924
vn 0.1856 -0.1895 -0.9641
vn 0.1825 -0.2612 -0.9478
vn 0.1876 -0.1249 -0.9742
vn 0.1862 0.1726 -0.9672
vn 0.1888 0.0574 -0.9803
vn 0.1816 0.2774 -0.9434
vn 0.1501 0.6080 -0.7796
vn 0.1635 0.5019 -0.8493
vn 0.1357 0.6960 -0.7051
vn 0.6145 0.7620 0.2044
vn 0.5825 0.7620 0.2828
vn 0.5406 0.7620 0.3565
vn 0.5491 0.7920 0.2666
vn 0.5096 0.7920 0.3360
vn 0.5792 0.7920 0.1927
vn 0.6036 0.7716 0.2008
vn 0.5722 0.7716 0.2778
vn 0.5311 0.7716 0.3502
vn -0.5790 0.7620 0.2900
vn -0.6119 0.7620 0.2119
vn -0.6344 0.7620 0.1302
vn -0.5768 0.7920 0.1997
vn -0.5979 0.7920 0.1227
vn -0.5458 0.7920 0.2733
vn -0.5688 0.7716 0.2848
vn -0.6011 0.7716 0.2081
vn -0.6231 0.7716 0.1279
vn -0.3565 0.7620 0.5406
vn -0.4240 0.7620 0.4895
vn -0.4842 0.7620 0.4299
vn -0.3997 0.7920 0.4614
vn -0.4565 0.7920 0.4053
vn -0.3360 0.7920 0.5096
vn -0.3502 0.7716 0.5311
vn -0.4165 0.7716 0.4808
vn -0.4757 0.7716 0.4223
vn -0.1302 0.7620 -0.6344
vn -0.0463 0.7620 -0.6459
vn 0.0384 0.7620 -0.6464
vn -0.0436 0.7920 -0.6089
vn 0.0362 0.7920 -0.6093
vn -0.1227 0.7920 -0.5979
vn -0.1279 0.7716 -0.6231
vn -0.0455 0.7716 -0.6345
vn 0.0377 0.7716 -0.6350
vn 0.6464 0.7620 0.0384
vn 0.6359 0.7620 0.1224
vn 0.5994 0.7920 0.1154
vn 0.6093 0.7920 0.0362
vn 0.6350 0.7716 0.0377
vn 0.6247 0.7716 0.1203
vn -0.2044 0.7620 0.6145
vn -0.2828 0.7620 0.5825
vn -0.2666 0.7920 0.5491
vn -0.1927 0.7920 0.5792
vn -0.2008 0.7716 0.6036
vn -0.2778 0.7716 0.5722
vn -0.2900 0.7620 -0.5790
vn -0.2119 0.7620 -0.6119
vn -0.1997 0.7920 -0.5768
vn -0.2733 0.7920 -0.5458
vn -0.2848 0.7716 -0.5688
vn -0.2081 0.7716 -0.6011
vn 0.6344 0.7620 -0.1302
vn 0.6459 0.7620 -0.0463
vn 0.6089 0.7920 -0.0436
vn 0.5979 0.7920 -0.1227
vn 0.6231 0.7716 -0.1279
vn 0.6345 0.7716 -0.0455
vn -0.0384 0.7620 0.6464
vn -0.1224 0.7620 0.6359
vn -0.1154 0.7920 0.5994
vn -0.0362 0.7920 0.6093
vn -0.0377 0.7716 0.6350
vn -0.1203 0.7716 0.6247
vn -0.4299 0.7620 -0.4842
vn -0.3630 0.7620 -0.5362
vn -0.3422 0.7920 -0.5054
vn -0.4053 0.7920 -0.4565
vn -0.4223 0.7716 -0.4757
vn -0.3566 0.7716 -0.5267
vn 0.5790 0.7620 -0.2900
vn 0.6119 0.7620 -0.2119
vn 0.5768 0.7920 -0.1997
vn 0.5458 0.7920 -0.2733
vn 0.5688 0.7716 -0.2848
vn 0.6011 0.7716 -0.2081
vn 0.1302 0.7620 0.6344
vn 0.0463 0.7620 0.6459
vn 0.0436 0.7920 0.6089
vn 0.1227 0.7920 0.5979
vn 0.1279 0.7716 0.6231
vn 0.0455 0.7716 0.6345
vn -0.5406 0.7620 -0.3565
vn -0.4895 0.7620 -0.4240
vn -0.4614 0.7920 -0.3997
vn -0.5096 0.7920 -0.3360
vn -0.5311 0.7716 -0.3502
vn -0.4808 0.7716 -0.4165
vn 0.4842 0.7620 -0.4299
vn 0.5362 0.7620 -0.3630
vn 0.5054 0.7920 -0.3422
vn 0.4565 0.7920 -0.4053
vn 0.4757 0.7716 -0.4223
vn 0.5267 0.7716 -0.3566
vn 0.2900 0.7620 0.5790
vn 0.2119 0.7620 0.6119
vn 0.1997 0.7920 0.5768
vn 0.2733 0.7920 0.5458
vn 0.2848 0.7716 0.5688
vn 0.2081 0.7716 0.6011
vn -0.6145 0.7620 -0.2044
vn -0.5825 0.7620 -0.2828
vn -0.5491 0.7920 -0.2666
vn -0.5792 0.7920 -0.1927
vn -0.6036 0.7716 -0.2008
vn -0.5722 0.7716 -0.2778
vn 0.3565 0.7620 -0.5406
vn 0.4240 0.7620 -0.4895
vn 0.3997 0.7920 -0.4614
vn 0.3360 0.7920 -0.5096
vn 0.3502 0.7716 -0.5311
vn 0.4165 0.7716 -0.4808
vn 0.4299 0.7620 0.4842
vn 0.3630 0.7620 0.5362
vn 0.3422 0.7920 0.5054
vn 0.4053 0.7920 0.4565
vn 0.4223 0.7716 0.4757
vn 0.3566 0.7716 0.5267
vn -0.6464 0.7620 -0.0384
vn -0.6359 0.7620 -0.1224
vn -0.5994 0.7920 -0.1154
vn -0.6093 0.7920 -0.0362
vn -0.6350 0.7716 -0.0377
vn -0.6247 0.7716 -0.1203
vn 0.2044 0.7620 -0.6145
vn 0.2828 0.7620 -0.5825
vn 0.2666 0.7920 -0.5491
vn 0.1927 0.7920 -0.5792
vn 0.2008 0.7716 -0.6036
vn 0.2778 0.7716 -0.5722
vn 0.4895 0.7620 0.4240
vn 0.4614 0.7920 0.3997
vn 0.4808 0.7716 0.4165
vn -0.6459 0.7620 0.0463
vn -0.6089 0.7920 0.0436
vn -0.6345 0.7716 0.0455
vn -0.5362 0.7620 0.3630
vn -0.5054 0.7920 0.3422
vn -0.5267 0.7716 0.3566
vn 0.1224 0.7620 -0.6359
vn 0.1154 0.7920 -0.5994
vn 0.1203 0.7716 -0.6247
vn 0.0341 -0.8179 -0.5744
vn 0.0463 -0.6251 -0.7791
vn 0.1476 -0.6251 -0.7664
vn 0.1089 -0.8175 -0.5655
vn 0.2463 -0.6251 -0.7406
vn 0.1816 -0.8179 -0.5460
vn 0.1554 -0.5693 -0.8073
vn 0.2595 -0.5693 -0.7801
vn 0.0487 -0.5693 -0.8207
vn 0.0493 -0.5560 -0.8297
vn 0.1571 -0.5560 -0.8162
vn 0.2623 -0.5560 -0.7887
vn -0.4302 -0.8179 0.3820
vn -0.5836 -0.6251 0.5182
vn -0.6463 -0.6251 0.4376
vn -0.4769 -0.8175 0.3229
vn -0.6979 -0.6251 0.3495
vn -0.5145 -0.8179 0.2576
vn -0.6807 -0.5693 0.4609
vn -0.7351 -0.5693 0.3681
vn -0.6148 -0.5693 0.5458
vn -0.6215 -0.5560 0.5518
vn -0.6883 -0.5560 0.4660
vn -0.7432 -0.5560 0.3722
vn -0.5636 -0.8179 0.1157
vn -0.7645 -0.6251 0.1569
vn -0.7785 -0.6251 0.0558
vn -0.5744 -0.8175 0.0412
vn -0.7791 -0.6251 -0.0463
vn -0.5744 -0.8179 -0.0341
vn -0.8200 -0.5693 0.0588
vn -0.8207 -0.5693 -0.0487
vn -0.8053 -0.5693 0.1653
vn -0.8142 -0.5560 0.1671
vn -0.8291 -0.5560 0.0594
vn -0.8297 -0.5560 -0.0493
vn 0.4804 -0.8179 0.3167
vn 0.6516 -0.6251 0.4296
vn 0.5899 -0.6251 0.5110
vn 0.4353 -0.8175 0.3771
vn 0.5182 -0.6251 0.5836
vn 0.3820 -0.8179 0.4302
vn 0.6214 -0.5693 0.5383
vn 0.5458 -0.5693 0.6148
vn 0.6863 -0.5693 0.4526
vn 0.6939 -0.5560 0.4575
vn 0.6283 -0.5560 0.5442
vn 0.5518 -0.5560 0.6215
vn 0.3409 -0.6251 -0.7021
vn 0.2515 -0.8175 -0.5181
vn 0.4296 -0.6251 -0.6516
vn 0.3167 -0.8179 -0.4804
vn 0.3591 -0.5693 -0.7396
vn 0.4526 -0.5693 -0.6863
vn 0.3630 -0.5560 -0.7477
vn 0.4575 -0.5560 -0.6939
vn -0.7664 -0.6251 -0.1476
vn -0.5655 -0.8175 -0.1089
vn -0.7406 -0.6251 -0.2463
vn -0.5460 -0.8179 -0.1816
vn -0.8073 -0.5693 -0.1554
vn -0.7801 -0.5693 -0.2595
vn -0.8162 -0.5560 -0.1571
vn -0.7887 -0.5560 -0.2623
vn 0.4376 -0.6251 0.6463
vn 0.3229 -0.8175 0.4769
vn 0.3495 -0.6251 0.6979
vn 0.2576 -0.8179 0.5145
vn 0.4609 -0.5693 0.6807
vn 0.3681 -0.5693 0.7351
vn 0.4660 -0.5560 0.6883
vn 0.3722 -0.5560 0.7432
vn 0.5110 -0.6251 -0.5899
vn 0.3771 -0.8175 -0.4353
vn 0.5836 -0.6251 -0.5182
vn 0.4302 -0.8179 -0.3820
vn 0.5383 -0.5693 -0.6214
vn 0.6148 -0.5693 -0.5458
vn 0.5442 -0.5560 -0.6283
vn 0.6215 -0.5560 -0.5518
vn -0.7021 -0.6251 -0.3409
vn -0.5181 -0.8175 -0.2515
vn -0.6516 -0.6251 -0.4296
vn -0.4804 -0.8179 -0.3167
vn -0.7396 -0.5693 -0.3591
vn -0.6863 -0.5693 -0.4526
vn -0.7477 -0.5560 -0.3630
vn -0.6939 -0.5560 -0.4575
vn 0.2554 -0.6251 0.7375
vn 0.1885 -0.8175 0.5442
vn 0.1569 -0.6251 0.7645
vn 0.1157 -0.8179 0.5636
vn 0.2690 -0.5693 0.7768
vn 0.1653 -0.5693 0.8053
vn 0.2720 -0.5560 0.7854
vn 0.1671 -0.5560 0.8142
vn 0.6463 -0.6251 -0.4376
vn 0.4769 -0.8175 -0.3229
vn 0.6979 -0.6251 -0.3495
vn 0.5145 -0.8179 -0.2576
vn 0.6807 -0.5693 -0.4609
vn 0.7351 -0.5693 -0.3681
vn 0.6883 -0.5560 -0.4660
vn 0.7432 -0.5560 -0.3722
vn -0.5899 -0.6251 -0.5110
vn -0.4353 -0.8175 -0.3771
vn -0.5182 -0.6251 -0.5836
vn -0.3820 -0.8179 -0.4302
vn -0.6214 -0.5693 -0.5383
vn -0.5458 -0.5693 -0.6148
vn -0.6283 -0.5560 -0.5442
vn -0.5518 -0.5560 -0.6215
vn 0.0558 -0.6251 0.7785
vn 0.0412 -0.8175 0.5744
vn -0.0463 -0.6251 0.7791
vn -0.0341 -0.8179 0.5744
vn 0.0588 -0.5693 0.8200
vn -0.0487 -0.5693 0.8207
vn 0.0594 -0.5560 0.8291
vn -0.0493 -0.5560 0.8297
vn 0.7375 -0.6251 -0.2554
vn 0.5442 -0.8175 -0.1885
vn 0.7645 -0.6251 -0.1569
vn 0.5636 -0.8179 -0.1157
vn 0.7768 -0.5693 -0.2690
vn 0.8053 -0.5693 -0.1653
vn 0.7854 -0.5560 -0.2720
vn 0.8142 -0.5560 -0.1671
vn -0.4376 -0.6251 -0.6463
vn -0.3229 -0.8175 -0.4769
vn -0.3495 -0.6251 -0.6979
vn -0.2576 -0.8179 -0.5145
vn -0.4609 -0.5693 -0.6807
vn -0.3681 -0.5693 -0.7351
vn -0.4660 -0.5560 -0.6883
vn -0.3722 -0.5560 -0.7432
vn -0.1476 -0.6251 0.7664
vn -0.1089 -0.8175 0.5655
vn -0.2463 -0.6251 0.7406
vn -0.1816 -0.8179 0.5460
vn -0.1554 -0.5693 0.8073
vn -0.2595 -0.5693 0.7801
vn -0.1571 -0.5560 0.8162
vn -0.2623 -0.5560 0.7887
vn 0.7785 -0.6251 -0.0558
vn 0.5744 -0.8175 -0.0412
vn 0.7791 -0.6251 0.0463
vn 0.5744 -0.8179 0.0341
vn 0.8200 -0.5693 -0.0588
vn 0.8207 -0.5693 0.0487
vn 0.8291 -0.5560 -0.0594
vn 0.8297 -0.5560 0.0493
vn -0.2554 -0.6251 -0.7375
vn -0.1885 -0.8175 -0.5442
vn -0.1569 -0.6251 -0.7645
vn -0.1157 -0.8179 -0.5636
vn -0.2690 -0.5693 -0.7768
vn -0.1653 -0.5693 -0.8053
vn -0.2720 -0.5560 -0.7854
vn -0.1671 -0.5560 -0.8142
vn -0.3409 -0.6251 0.7021
vn -0.2515 -0.8175 0.5181
vn -0.4296 -0.6251 0.6516
vn -0.3167 -0.8179 0.4804
vn -0.3591 -0.5693 0.7396
vn -0.4526 -0.5693 0.6863
vn -0.3630 -0.5560 0.7477
vn -0.4575 -0.5560 0.6939
vn 0.7664 -0.6251 0.1476
vn 0.5655 -0.8175 0.1089
vn 0.7406 -0.6251 0.2463
vn 0.5460 -0.8179 0.1816
vn 0.8073 -0.5693 0.1554
vn 0.7801 -0.5693 0.2595
vn 0.8162 -0.5560 0.1571
vn 0.7887 -0.5560 0.2623
vn -0.0558 -0.6251 -0.7785
vn -0.0412 -0.8175 -0.5744
vn -0.0588 -0.5693 -0.8200
vn -0.0594 -0.5560 -0.8291
vn -0.5110 -0.6251 0.5899
vn -0.3771 -0.8175 0.4353
vn -0.5383 -0.5693 0.6214
vn -0.5442 -0.5560 0.6283
vn -0.7375 -0.6251 0.2554
vn -0.5442 -0.8175 0.1885
vn -0.7768 -0.5693 0.2690
vn -0.7854 -0.5560 0.2720
vn 0.7021 -0.6251 0.3409
vn 0.5181 -0.8175 0.2515
vn 0.7396 -0.5693 0.3591
vn 0.7477 -0.5560 0.3630
vn 0.0558 -0.3373 -0.9397
vn 0.1780 -0.3373 -0.9244
vn 0.2971 -0.3373 -0.8933
vn -0.7040 -0.3373 0.6250
vn -0.7795 -0.3373 0.5278
vn -0.8417 -0.3373 0.4215
vn -0.9221 -0.3373 0.1893
vn -0.9390 -0.3373 0.0673
vn -0.9397 -0.3373 -0.0558
vn 0.7859 -0.3373 0.5182
vn 0.7116 -0.3373 0.6164
vn 0.6250 -0.3373 0.7040
vn 0.4112 -0.3373 -0.8468
vn 0.5182 -0.3373 -0.7859
vn -0.9244 -0.3373 -0.1780
vn -0.8933 -0.3373 -0.2971
vn 0.5278 -0.3373 0.7795
vn 0.4215 -0.3373 0.8417
vn 0.6164 -0.3373 -0.7116
vn 0.7040 -0.3373 -0.6250
vn -0.8468 -0.3373 -0.4112
vn -0.7859 -0.3373 -0.5182
vn 0.3081 -0.3373 0.8896
vn 0.1893 -0.3373 0.9221
vn 0.7795 -0.3373 -0.5278
vn 0.8417 -0.3373 -0.4215
vn -0.7116 -0.3373 -0.6164
vn -0.6250 -0.3373 -0.7040
vn 0.0673 -0.3373 0.9390
vn -0.0558 -0.3373 0.9397
vn 0.8896 -0.3373 -0.3081
vn 0.9221 -0.3373 -0.1893
vn -0.5278 -0.3373 -0.7795
vn -0.4215 -0.3373 -0.8417
vn -0.1780 -0.3373 0.9244
vn -0.2971 -0.3373 0.8933
vn 0.9390 -0.3373 -0.0673
vn 0.9397 -0.3373 0.0558
vn -0.3081 -0.3373 -0.8896
vn -0.1893 -0.3373 -0.9221
vn -0.4112 -0.3373 0.8468
vn -0.5182 -0.3373 0.7859
vn 0.9244 -0.3373 0.1780
vn 0.8933 -0.3373 0.2971
vn -0.0673 -0.3373 -0.9390
vn -0.6164 -0.3373 0.7116
vn -0.8896 -0.3373 0.3080
vn 0.8468 -0.3373 0.4112
vn 0.0592 -0.0483 -0.9971
vn 0.1888 -0.0483 -0.9808
vn 0.3153 -0.0483 -0.9478
vn -0.7469 -0.0483 0.6631
vn -0.8271 -0.0483 0.5600
vn -0.8931 -0.0483 0.4472
vn -0.9784 -0.0483 0.2008
vn -0.9962 -0.0483 0.0714
vn -0.9971 -0.0483 -0.0592
vn 0.8339 -0.0483 0.5498
vn 0.7550 -0.0483 0.6540
vn 0.6631 -0.0483 0.7469
vn 0.4363 -0.0483 -0.8985
vn 0.5498 -0.0483 -0.8339
vn -0.9808 -0.0483 -0.1888
vn -0.9478 -0.0483 -0.3153
vn 0.5600 -0.0483 0.8271
vn 0.4472 -0.0483 0.8931
vn 0.6540 -0.0483 -0.7550
vn 0.7469 -0.0483 -0.6631
vn -0.8985 -0.0483 -0.4363
vn -0.8339 -0.0483 -0.5498
vn 0.3268 -0.0483 0.9438
vn 0.2008 -0.0483 0.9784
vn 0.8271 -0.0483 -0.5600
vn 0.8931 -0.0483 -0.4472
vn -0.7550 -0.0483 -0.6540
vn -0.6631 -0.0483 -0.7469
vn 0.0714 -0.0483 0.9962
vn -0.0592 -0.0483 0.9971
vn 0.9438 -0.0483 -0.3268
vn 0.9784 -0.0483 -0.2008
vn -0.5600 -0.0483 -0.8271
vn -0.4472 -0.0483 -0.8931
vn -0.1888 -0.0483 0.9808
vn -0.3153 -0.0483 0.9478
vn 0.9962 -0.0483 -0.0714
vn 0.9971 -0.0483 0.0592
vn -0.3268 -0.0483 -0.9438
vn -0.2008 -0.0483 -0.9784
vn -0.4363 -0.0483 0.8985
vn -0.5498 -0.0483 0.8339
vn 0.9808 -0.0483 0.1888
vn 0.9478 -0.0483 0.3153
vn -0.0714 -0.0483 -0.9962
vn -0.6540 -0.0483 0.7550
vn -0.9438 -0.0483 0.3268
vn 0.8985 -0.0483 0.4363
vn 0.0547 0.3851 -0.9212
vn 0.1745 0.3851 -0.9062
vn 0.2913 0.3851 -0.8757
vn -0.6901 0.3851 0.6127
vn -0.7642 0.3851 0.5174
vn -0.8252 0.3851 0.4132
vn -0.9040 0.3851 0.1856
vn -0.9205 0.3851 0.0660
vn -0.9212 0.3851 -0.0547
vn 0.7705 0.3851 0.5080
vn 0.6976 0.3851 0.6042
vn 0.6127 0.3851 0.6901
vn 0.4031 0.3851 -0.8302
vn 0.5080 0.3851 -0.7705
vn -0.9062 0.3851 -0.1745
vn -0.8757 0.3851 -0.2913
vn 0.5174 0.3851 0.7642
vn 0.4132 0.3851 0.8252
vn 0.6042 0.3851 -0.6976
vn 0.6901 0.3851 -0.6127
vn -0.8302 0.3851 -0.4031
vn -0.7705 0.3851 -0.5080
vn 0.3020 0.3851 0.8721
vn 0.1856 0.3851 0.9040
vn 0.7642 0.3851 -0.5174
vn 0.8252 0.3851 -0.4132
vn -0.6976 0.3851 -0.6042
vn -0.6127 0.3851 -0.6901
vn 0.0660 0.3851 0.9205
vn -0.0547 0.3851 0.9212
vn 0.8721 0.3851 -0.3020
vn 0.9040 0.3851 -0.1856
vn -0.5174 0.3851 -0.7642
vn -0.4132 0.3851 -0.8252
vn -0.1745 0.3851 0.9062
vn -0.2913 0.3851 0.8757
vn 0.9205 0.3851 -0.0660
vn 0.9212 0.3851 0.0547
vn -0.3020 0.3851 -0.8721
vn -0.1856 0.3851 -0.9040
vn -0.4031 0.3851 0.8302
vn -0.5080 0.3851 0.7705
vn 0.9062 0.3851 0.1745
vn 0.8757 0.3851 0.2913
vn -0.0660 0.3851 -0.9205
vn -0.6042 0.3851 0.6976
vn -0.8721 0.3851 0.3020
vn 0.8302 0.3851 0.4031
vn 0.0593 -0.0149 -0.9981
vn 0.0593 -0.0295 -0.9978
vn 0.1890 -0.0295 -0.9815
vn 0.1890 -0.0149 -0.9818
vn 0.3155 -0.0295 -0.9485
vn 0.3156 -0.0149 -0.9488
vn -0.7477 -0.0149 0.6638
vn -0.7475 -0.0295 0.6636
vn -0.8277 -0.0295 0.5604
vn -0.8279 -0.0149 0.5606
vn -0.8937 -0.0295 0.4476
vn -0.8940 -0.0149 0.4477
vn -0.9795 -0.0149 0.2011
vn -0.9791 -0.0295 0.2010
vn -0.9970 -0.0295 0.0714
vn -0.9973 -0.0149 0.0715
vn -0.9978 -0.0295 -0.0592
vn -0.9981 -0.0149 -0.0593
vn 0.8347 -0.0149 0.5504
vn 0.8345 -0.0295 0.5502
vn 0.7555 -0.0295 0.6544
vn 0.7558 -0.0149 0.6547
vn 0.6636 -0.0295 0.7475
vn 0.6638 -0.0149 0.7477
vn 0.4366 -0.0295 -0.8992
vn 0.4367 -0.0149 -0.8994
vn 0.5502 -0.0295 -0.8345
vn 0.5504 -0.0149 -0.8347
vn -0.9815 -0.0295 -0.1890
vn -0.9818 -0.0149 -0.1890
vn -0.9485 -0.0295 -0.3155
vn -0.9488 -0.0149 -0.3156
vn 0.5604 -0.0295 0.8277
vn 0.5606 -0.0149 0.8279
vn 0.4476 -0.0295 0.8937
vn 0.4477 -0.0149 0.8940
vn 0.6544 -0.0295 -0.7555
vn 0.6547 -0.0149 -0.7558
vn 0.7475 -0.0295 -0.6636
vn 0.7477 -0.0149 -0.6638
vn -0.8992 -0.0295 -0.4366
vn -0.8994 -0.0149 -0.4367
vn -0.8345 -0.0295 -0.5502
vn -0.8347 -0.0149 -0.5504
vn 0.3271 -0.0295 0.9445
vn 0.3272 -0.0149 0.9448
vn 0.2010 -0.0295 0.9791
vn 0.2011 -0.0149 0.9795
vn 0.8277 -0.0295 -0.5604
vn 0.8279 -0.0149 -0.5606
vn 0.8937 -0.0295 -0.4476
vn 0.8940 -0.0149 -0.4477
vn -0.7555 -0.0295 -0.6544
vn -0.7558 -0.0149 -0.6547
vn -0.6636 -0.0295 -0.7475
vn -0.6638 -0.0149 -0.7477
vn 0.0714 -0.0295 0.9970
vn 0.0715 -0.0149 0.9973
vn -0.0593 -0.0295 0.9978
vn -0.0593 -0.0149 0.9981
vn 0.9445 -0.0295 -0.3271
vn 0.9448 -0.0149 -0.3272
vn 0.9791 -0.0295 -0.2010
vn 0.9795 -0.0149 -0.2011
vn -0.5604 -0.0295 -0.8277
vn -0.5606 -0.0149 -0.8279
vn -0.4476 -0.0295 -0.8937
vn -0.4477 -0.0149 -0.8940
vn -0.1890 -0.0295 0.9815
vn -0.1890 -0.0149 0.9818
vn -0.3155 -0.0295 0.9485
vn -0.3156 -0.0149 0.9488
vn 0.9970 -0.0295 -0.0714
vn 0.9973 -0.0149 -0.0715
vn 0.9978 -0.0295 0.0593
vn 0.9981 -0.0149 0.0593
vn -0.3271 -0.0295 -0.9445
vn -0.3272 -0.0149 -0.9448
vn -0.2010 -0.0295 -0.9791
vn -0.2011 -0.0149 -0.9795
vn -0.4366 -0.0295 0.8992
vn -0.4367 -0.0149 0.8994
vn -0.5502 -0.0295 0.8345
vn -0.5504 -0.0149 0.8347
vn 0.9815 -0.0295 0.1890
vn 0.9818 -0.0149 0.1890
vn 0.9485 -0.0295 0.3155
vn 0.9488 -0.0149 0.3156
vn -0.0714 -0.0295 -0.9970
vn -0.0715 -0.0149 -0.9973
vn -0.6544 -0.0295 0.7555
vn -0.6547 -0.0149 0.7558
vn -0.9445 -0.0295 0.3271
vn -0.9448 -0.0149 0.3272
vn 0.8992 -0.0295 0.4366
vn 0.8994 -0.0149 0.4367
vn 0.9474 0.0563 0.3151
vn 0.8981 0.0563 0.4361
vn 0.8335 0.0563 0.5496
vn 0.8991 0.0304 0.4366
vn 0.8344 0.0304 0.5502
vn 0.9484 0.0304 0.3155
vn -0.8927 0.0563 0.4470
vn -0.9434 0.0563 0.3267
vn -0.9780 0.0563 0.2008
vn -0.9445 0.0304 0.3271
vn -0.9791 0.0304 0.2010
vn -0.8937 0.0304 0.4476
vn -0.5496 0.0563 0.8335
vn -0.6537 0.0563 0.7546
vn -0.7466 0.0563 0.6629
vn -0.6544 0.0304 0.7555
vn -0.7474 0.0304 0.6636
vn -0.5502 0.0304 0.8344
vn -0.2008 0.0563 -0.9780
vn -0.0714 0.0563 -0.9958
vn 0.0592 0.0563 -0.9966
vn -0.0714 0.0304 -0.9969
vn 0.0593 0.0304 -0.9978
vn -0.2010 0.0304 -0.9791
vn 0.9966 0.0563 0.0592
vn 0.9804 0.0563 0.1888
vn 0.9815 0.0304 0.1890
vn 0.9978 0.0304 0.0593
vn -0.3151 0.0563 0.9474
vn -0.4361 0.0563 0.8981
vn -0.4366 0.0304 0.8991
vn -0.3155 0.0304 0.9484
vn -0.4470 0.0563 -0.8927
vn -0.3267 0.0563 -0.9434
vn -0.3271 0.0304 -0.9445
vn -0.4476 0.0304 -0.8937
vn 0.9780 0.0563 -0.2008
vn 0.9958 0.0563 -0.0714
vn 0.9969 0.0304 -0.0714
vn 0.9791 0.0304 -0.2010
vn -0.0592 0.0563 0.9966
vn -0.1888 0.0563 0.9804
vn -0.1890 0.0304 0.9815
vn -0.0593 0.0304 0.9978
vn -0.6629 0.0563 -0.7466
vn -0.5597 0.0563 -0.8267
vn -0.5604 0.0304 -0.8277
vn -0.6636 0.0304 -0.7474
vn 0.8927 0.0563 -0.4470
vn 0.9434 0.0563 -0.3267
vn 0.9445 0.0304 -0.3271
vn 0.8937 0.0304 -0.4476
vn 0.2008 0.0563 0.9780
vn 0.0714 0.0563 0.9958
vn 0.0714 0.0304 0.9969
vn 0.2010 0.0304 0.9791
vn -0.8335 0.0563 -0.5496
vn -0.7546 0.0563 -0.6537
vn -0.7555 0.0304 -0.6544
vn -0.8344 0.0304 -0.5502
vn 0.7466 0.0563 -0.6629
vn 0.8267 0.0563 -0.5597
vn 0.8277 0.0304 -0.5604
vn 0.7474 0.0304 -0.6636
vn 0.4470 0.0563 0.8927
vn 0.3267 0.0563 0.9434
vn 0.3271 0.0304 0.9445
vn 0.4476 0.0304 0.8937
vn -0.9474 0.0563 -0.3151
vn -0.8981 0.0563 -0.4361
vn -0.8991 0.0304 -0.4366
vn -0.9484 0.0304 -0.3155
vn 0.5496 0.0563 -0.8335
vn 0.6537 0.0563 -0.7546
vn 0.6544 0.0304 -0.7555
vn 0.5502 0.0304 -0.8344
vn 0.6629 0.0563 0.7466
vn 0.5597 0.0563 0.8267
vn 0.5604 0.0304 0.8277
vn 0.6636 0.0304 0.7474
vn -0.9966 0.0563 -0.0592
vn -0.9804 0.0563 -0.1888
vn -0.9815 0.0304 -0.1890
vn -0.9978 0.0304 -0.0593
vn 0.3151 0.0563 -0.9474
vn 0.4361 0.0563 -0.8981
vn 0.4366 0.0304 -0.8991
vn 0.3155 0.0304 -0.9484
vn 0.7546 0.0563 0.6537
vn 0.7555 0.0304 0.6544
vn -0.9958 0.0563 0.0714
vn -0.9969 0.0304 0.0714
vn -0.8267 0.0563 0.5597
vn -0.8277 0.0304 0.5604
vn 0.1888 0.0563 -0.9804
vn 0.1890 0.0304 -0.9815
vn 0.9489 0.0062 0.3156
vn 0.8995 0.0062 0.4368
vn 0.8348 0.0062 0.5504
vn -0.8941 0.0062 0.4477
vn -0.9449 0.0062 0.3272
vn -0.9796 0.0062 0.2011
vn -0.5504 0.0062 0.8348
vn -0.6547 0.0062 0.7558
vn -0.7478 0.0062 0.6639
vn -0.2011 0.0062 -0.9796
vn -0.0715 0.0062 -0.9974
vn 0.0593 0.0062 -0.9982
vn 0.9982 0.0062 0.0593
vn 0.9819 0.0062 0.1891
vn -0.3156 0.0062 0.9489
vn -0.4368 0.0062 0.8995
vn -0.4477 0.0062 -0.8941
vn -0.3272 0.0062 -0.9449
vn 0.9796 0.0062 -0.2011
vn 0.9974 0.0062 -0.0715
vn -0.0593 0.0062 0.9982
vn -0.1891 0.0062 0.9819
vn -0.6639 0.0062 -0.7478
vn -0.5606 0.0062 -0.8280
vn 0.8941 0.0062 -0.4477
vn 0.9449 0.0062 -0.3272
vn 0.2011 0.0062 0.9796
vn 0.0715 0.0062 0.9974
vn -0.8348 0.0062 -0.5504
vn -0.7558 0.0062 -0.6547
vn 0.7478 0.0062 -0.6639
vn 0.8280 0.0062 -0.5606
vn 0.4477 0.0062 0.8941
vn 0.3272 0.0062 0.9449
vn -0.9489 0.0062 -0.3156
vn -0.8995 0.0062 -0.4368
vn 0.5504 0.0062 -0.8348
vn 0.6547 0.0062 -0.7558
vn 0.6639 0.0062 0.7478
vn 0.5606 0.0062 0.8280
vn -0.9982 0.0062 -0.0593
vn -0.9819 0.0062 -0.1891
vn 0.3156 0.0062 -0.9489
vn 0.4368 0.0062 -0.8995
vn 0.7558 0.0062 0.6547
vn -0.9974 0.0062 0.0715
vn -0.8280 0.0062 0.5606
vn 0.1891 0.0062 -0.9819
vn 0.1928 -0.9765 -0.0965
vn 0.1684 -0.9791 -0.1140
vn 0.1612 -0.9765 -0.1432
vn 0.0068 -0.9999 -0.0046
vn 0.0161 -0.9998 -0.0143
vn 0.0192 -0.9998 -0.0096
vn 0.0433 -0.9765 0.2112
vn 0.0666 -0.9791 0.1922
vn 0.0965 -0.9765 0.1928
vn 0.0027 -0.9999 0.0078
vn 0.0096 -0.9998 0.0192
vn 0.0043 -0.9998 0.0211
vn -0.1800 -0.9765 -0.1187
vn -0.1830 -0.9791 -0.0888
vn -0.2046 -0.9765 -0.0681
vn -0.0074 -0.9999 -0.0036
vn -0.0204 -0.9998 -0.0068
vn -0.0179 -0.9998 -0.0118
vn 0.1332 -0.9791 -0.1538
vn 0.1187 -0.9765 -0.1800
vn 0.0054 -0.9999 -0.0062
vn 0.0118 -0.9998 -0.0179
vn 0.1140 -0.9791 0.1684
vn 0.1432 -0.9765 0.1612
vn 0.0046 -0.9999 0.0068
vn 0.0143 -0.9998 0.0161
vn -0.1997 -0.9791 -0.0385
vn -0.2152 -0.9765 -0.0128
vn -0.0081 -0.9999 -0.0016
vn -0.0215 -0.9998 -0.0013
vn 0.0888 -0.9791 -0.1830
vn 0.0681 -0.9765 -0.2046
vn 0.0036 -0.9999 -0.0074
vn 0.0068 -0.9998 -0.0204
vn 0.1538 -0.9791 0.1332
vn 0.1800 -0.9765 0.1187
vn 0.0062 -0.9999 0.0054
vn 0.0179 -0.9998 0.0118
vn -0.2029 -0.9791 0.0145
vn -0.2112 -0.9765 0.0433
vn -0.0082 -0.9999 0.0006
vn -0.0211 -0.9998 0.0043
vn -0.1928 -0.9765 0.0965
vn -0.1684 -0.9791 0.1140
vn -0.1612 -0.9765 0.1432
vn -0.0068 -0.9999 0.0046
vn -0.0161 -0.9998 0.0143
vn -0.0192 -0.9998 0.0096
vn 0.0385 -0.9791 -0.1997
vn 0.0128 -0.9765 -0.2152
vn 0.0016 -0.9999 -0.0081
vn 0.0013 -0.9998 -0.0215
vn 0.1830 -0.9791 0.0888
vn 0.2046 -0.9765 0.0681
vn 0.0074 -0.9999 0.0036
vn 0.0204 -0.9998 0.0068
vn -0.1922 -0.9791 0.0666
vn -0.0078 -0.9999 0.0027
vn -0.1332 -0.9791 0.1538
vn -0.1187 -0.9765 0.1800
vn -0.0054 -0.9999 0.0062
vn -0.0118 -0.9998 0.0179
vn -0.0145 -0.9791 -0.2029
vn -0.0433 -0.9765 -0.2112
vn -0.0006 -0.9999 -0.0082
vn -0.0043 -0.9998 -0.0211
vn 0.1997 -0.9791 0.0385
vn 0.2152 -0.9765 0.0128
vn 0.0081 -0.9999 0.0016
vn 0.0215 -0.9998 0.0013
vn -0.0888 -0.9791 0.1830
vn -0.0681 -0.9765 0.2046
vn -0.0036 -0.9999 0.0074
vn -0.0068 -0.9998 0.0204
vn -0.0666 -0.9791 -0.1922
vn -0.0965 -0.9765 -0.1928
vn -0.0027 -0.9999 -0.0078
vn -0.0096 -0.9998 -0.0192
vn 0.2029 -0.9791 -0.0145
vn 0.2112 -0.9765 -0.0433
vn 0.0082 -0.9999 -0.0006
vn 0.0211 -0.9998 -0.0043
vn -0.0385 -0.9791 0.1997
vn -0.0128 -0.9765 0.2152
vn -0.0016 -0.9999 0.0081
vn -0.0013 -0.9998 0.0215
vn -0.1140 -0.9791 -0.1684
vn -0.1432 -0.9765 -0.1612
vn -0.0046 -0.9999 -0.0068
vn -0.0143 -0.9998 -0.0161
vn 0.1922 -0.9791 -0.0666
vn 0.0078 -0.9999 -0.0027
vn 0.0145 -0.9791 0.2029
vn 0.0006 -0.9999 0.0082
vn -0.1538 -0.9791 -0.1332
vn -0.0062 -0.9999 -0.0054
vn 0.0000 -1.0000 0.0000
usemtl pot1
s 1
f 341/1/1 1128/2/2 1273/3/3 1085/4/4
f 1128/2/2 337/5/5 481/6/6 1273/3/3
f 1273/3/3 481/6/6 33/7/7 465/8/8
f 1085/4/4 1273/3/3 465/8/8 34/9/9
f 342/10/10 1127/11/11 1274/12/12 1086/13/13
f 1127/11/11 338/14/14 483/15/15 1274/12/12
f 1274/12/12 483/15/15 48/16/16 480/17/17
f 1086/13/13 1274/12/12 480/17/17 25/18/18
f 343/19/19 1126/20/20 1275/21/21 1087/22/22
f 1126/20/20 339/23/23 485/24/24 1275/21/21
f 1275/21/21 485/24/24 26/25/25 458/26/26
f 1087/22/22 1275/21/21 458/26/26 27/27/27
f 344/28/28 1125/29/29 1276/30/30 1088/31/31
f 1125/29/29 340/32/32 487/33/33 1276/30/30
f 1276/30/30 487/33/33 41/34/34 473/35/35
f 1088/31/31 1276/30/30 473/35/35 42/36/36
f 345/37/37 1124/38/38 1277/39/39 1089/40/40
f 1124/38/38 341/1/1 1085/4/4 1277/39/39
f 1277/39/39 1085/4/4 34/9/9 466/41/41
f 1089/40/40 1277/39/39 466/41/41 35/42/42
f 346/43/43 1123/44/44 1278/45/45 1090/46/46
f 1123/44/44 343/19/19 1087/22/22 1278/45/45
f 1278/45/45 1087/22/22 27/27/27 459/47/47
f 1090/46/46 1278/45/45 459/47/47 28/48/48
f 347/49/49 1122/50/50 1279/51/51 1091/52/52
f 1122/50/50 344/28/28 1088/31/31 1279/51/51
f 1279/51/51 1088/31/31 42/36/36 474/53/53
f 1091/52/52 1279/51/51 474/53/53 43/54/54
f 348/55/55 1121/56/56 1280/57/57 1092/58/58
f 1121/56/56 345/37/37 1089/40/40 1280/57/57
f 1280/57/57 1089/40/40 35/42/42 467/59/59
f 1092/58/58 1280/57/57 467/59/59 36/60/60
f 349/61/61 1120/62/62 1281/63/63 1093/64/64
f 1120/62/62 346/43/43 1090/46/46 1281/63/63
f 1281/63/63 1090/46/46 28/48/48 460/65/65
f 1093/64/64 1281/63/63 460/65/65 29/66/66
f 350/67/67 1119/68/68 1282/69/69 1094/70/70
f 1119/68/68 347/49/49 1091/52/52 1282/69/69
f 1282/69/69 1091/52/52 43/54/54 475/71/71
f 1094/70/70 1282/69/69 475/71/71 44/72/72
f 351/73/73 1118/74/74 1283/75/75 1095/76/76
f 1118/74/74 348/55/55 1092/58/58 1283/75/75
f 1283/75/75 1092/58/58 36/60/60 468/77/77
f 1095/76/76 1283/75/75 468/77/77 37/78/78
f 352/79/79 1117/80/80 1284/81/81 1096/82/82
f 1117/80/80 349/61/61 1093/64/64 1284/81/81
f 1284/81/81 1093/64/64 29/66/66 461/83/83
f 1096/82/82 1284/81/81 461/83/83 30/84/84
f 353/85/85 1116/86/86 1285/87/87 1097/88/88
f 1116/86/86 350/67/67 1094/70/70 1285/87/87
f 1285/87/87 1094/70/70 44/72/72 476/89/89
f 1097/88/88 1285/87/87 476/89/89 45/90/90
f 354/91/91 1115/92/92 1286/93/93 1098/94/94
f 1115/92/92 351/95/73 1095/96/76 1286/93/93
f 1286/93/93 1095/96/76 37/97/78 469/98/95
f 1098/94/94 1286/93/93 469/98/95 38/99/96
f 355/100/97 1114/101/98 1287/102/99 1099/103/100
f 1114/101/98 352/79/79 1096/82/82 1287/102/99
f 1287/102/99 1096/82/82 30/84/84 462/104/101
f 1099/103/100 1287/102/99 462/104/101 31/105/102
f 356/106/103 1113/107/104 1288/108/105 1100/109/106
f 1113/107/104 353/85/85 1097/88/88 1288/108/105
f 1288/108/105 1097/88/88 45/90/90 477/110/107
f 1100/109/106 1288/108/105 477/110/107 46/111/108
f 357/112/109 1112/113/110 1289/114/111 1101/115/112
f 1112/113/110 354/91/91 1098/94/94 1289/114/111
f 1289/114/111 1098/94/94 38/99/96 470/116/113
f 1101/115/112 1289/114/111 470/116/113 39/117/114
f 358/118/115 1111/119/116 1290/120/117 1102/121/118
f 1111/119/116 355/100/97 1099/103/100 1290/120/117
f 1290/120/117 1099/103/100 31/105/102 463/122/119
f 1102/121/118 1290/120/117 463/122/119 32/123/120
f 359/124/121 1110/125/122 1291/126/123 1103/127/124
f 1110/125/122 356/106/103 1100/109/106 1291/126/123
f 1291/126/123 1100/109/106 46/111/108 478/128/125
f 1103/127/124 1291/126/123 478/128/125 47/129/126
f 360/130/127 1109/131/128 1292/132/129 1104/133/130
f 1109/131/128 357/112/109 1101/115/112 1292/132/129
f 1292/132/129 1101/115/112 39/117/114 471/134/131
f 1104/133/130 1292/132/129 471/134/131 40/135/132
f 337/5/5 1108/136/133 1293/137/134 481/6/6
f 1108/136/133 358/118/115 1102/121/118 1293/137/134
f 1293/137/134 1102/121/118 32/123/120 464/138/135
f 481/6/6 1293/137/134 464/138/135 33/7/7
f 338/14/14 1107/139/136 1294/140/137 483/15/15
f 1107/139/136 359/124/121 1103/127/124 1294/140/137
f 1294/140/137 1103/127/124 47/129/126 479/141/138
f 483/15/15 1294/140/137 479/141/138 48/16/16
f 339/23/23 1106/142/139 1295/143/140 485/24/24
f 1106/142/139 342/144/10 1086/145/13 1295/143/140
f 1295/143/140 1086/145/13 25/146/18 457/147/141
f 485/24/24 1295/143/140 457/147/141 26/25/25
f 340/32/32 1105/148/142 1296/149/143 487/33/33
f 1105/148/142 360/130/127 1104/133/130 1296/149/143
f 1296/149/143 1104/133/130 40/135/132 472/150/144
f 487/33/33 1296/149/143 472/150/144 41/34/34
f 176/151/145 840/152/146 1297/153/147 511/154/148
f 840/152/146 215/155/149 791/156/150 1297/153/147
f 1297/153/147 791/156/150 72/157/151 529/158/152
f 511/154/148 1297/153/147 529/158/152 55/159/153
f 174/160/154 838/161/155 1298/162/156 509/163/157
f 838/161/155 179/164/158 755/165/159 1298/162/156
f 1298/162/156 755/165/159 52/166/160 530/167/161
f 509/163/157 1298/162/156 530/167/161 53/168/162
f 172/169/163 836/170/164 1299/171/165 507/172/166
f 836/170/164 213/173/167 789/174/168 1299/171/165
f 1299/171/165 789/174/168 71/175/169 531/176/170
f 507/172/166 1299/171/165 531/176/170 51/177/171
f 170/178/172 834/179/173 1300/180/174 505/181/175
f 834/179/173 211/182/176 787/183/177 1300/180/174
f 1300/180/174 787/183/177 70/184/178 532/185/179
f 505/181/175 1300/180/174 532/185/179 49/186/180
f 215/155/149 832/187/181 1301/188/182 791/156/150
f 832/187/181 209/189/183 785/190/184 1301/188/182
f 1301/188/182 785/190/184 69/191/185 533/192/186
f 791/156/150 1301/188/182 533/192/186 72/157/151
f 213/173/167 830/193/187 1302/194/188 789/174/168
f 830/193/187 207/195/189 783/196/190 1302/194/188
f 1302/194/188 783/196/190 68/197/191 534/198/192
f 789/174/168 1302/194/188 534/198/192 71/175/169
f 211/182/176 828/199/193 1303/200/194 787/183/177
f 828/199/193 205/201/195 781/202/196 1303/200/194
f 1303/200/194 781/202/196 67/203/197 535/204/198
f 787/183/177 1303/200/194 535/204/198 70/184/178
f 209/189/183 826/205/199 1304/206/200 785/190/184
f 826/205/199 203/207/201 779/208/202 1304/206/200
f 1304/206/200 779/208/202 66/209/203 536/210/204
f 785/190/184 1304/206/200 536/210/204 69/191/185
f 207/195/189 824/211/205 1305/212/206 783/196/190
f 824/211/205 201/213/207 777/214/208 1305/212/206
f 1305/212/206 777/214/208 65/215/209 537/216/210
f 783/196/190 1305/212/206 537/216/210 68/197/191
f 205/201/195 822/217/211 1306/218/212 781/202/196
f 822/217/211 199/219/213 775/220/214 1306/218/212
f 1306/218/212 775/220/214 64/221/215 538/222/216
f 781/202/196 1306/218/212 538/222/216 67/203/197
f 203/207/201 820/223/217 1307/224/218 779/208/202
f 820/223/217 197/225/219 773/226/220 1307/224/218
f 1307/224/218 773/226/220 63/227/221 539/228/222
f 779/208/202 1307/224/218 539/228/222 66/209/203
f 201/213/207 818/229/223 1308/230/224 777/214/208
f 818/229/223 195/231/225 771/232/226 1308/230/224
f 1308/230/224 771/232/226 62/233/227 540/234/228
f 777/214/208 1308/230/224 540/234/228 65/215/209
f 199/219/213 816/235/229 1309/236/230 775/220/214
f 816/235/229 193/237/231 769/238/232 1309/236/230
f 1309/236/230 769/238/232 61/239/233 541/240/234
f 775/220/214 1309/236/230 541/240/234 64/221/215
f 197/241/219 814/242/235 1310/243/236 773/244/220
f 814/242/235 191/245/237 767/246/238 1310/243/236
f 1310/243/236 767/246/238 60/247/239 542/248/240
f 773/244/220 1310/243/236 542/248/240 63/249/221
f 195/231/225 812/250/241 1311/251/242 771/232/226
f 812/250/241 189/252/243 765/253/244 1311/251/242
f 1311/251/242 765/253/244 59/254/245 543/255/246
f 771/232/226 1311/251/242 543/255/246 62/233/227
f 193/237/231 810/256/247 1312/257/248 769/238/232
f 810/256/247 187/258/249 763/259/250 1312/257/248
f 1312/257/248 763/259/250 58/260/251 544/261/252
f 769/238/232 1312/257/248 544/261/252 61/239/233
f 191/245/237 808/262/253 1313/263/254 767/246/238
f 808/262/253 185/264/255 761/265/256 1313/263/254
f 1313/263/254 761/265/256 57/266/257 545/267/258
f 767/246/238 1313/263/254 545/267/258 60/247/239
f 189/252/243 806/268/259 1314/269/260 765/253/244
f 806/268/259 183/270/261 759/271/262 1314/269/260
f 1314/269/260 759/271/262 56/272/263 546/273/264
f 765/253/244 1314/269/260 546/273/264 59/254/245
f 187/258/249 804/274/265 1315/275/266 763/259/250
f 804/274/265 181/276/267 757/277/268 1315/275/266
f 1315/275/266 757/277/268 54/278/269 547/279/270
f 763/259/250 1315/275/266 547/279/270 58/260/251
f 185/264/255 802/280/271 1316/281/272 761/265/256
f 802/280/271 177/282/273 753/283/274 1316/281/272
f 1316/281/272 753/283/274 50/284/275 548/285/276
f 761/265/256 1316/281/272 548/285/276 57/266/257
f 183/270/261 800/286/277 1317/287/278 759/271/262
f 800/286/277 176/151/145 511/154/148 1317/287/278
f 1317/287/278 511/154/148 55/159/153 549/288/279
f 759/271/262 1317/287/278 549/288/279 56/272/263
f 181/276/267 798/289/280 1318/290/281 757/277/268
f 798/289/280 174/160/154 509/163/157 1318/290/281
f 1318/290/281 509/163/157 53/168/162 550/291/282
f 757/277/268 1318/290/281 550/291/282 54/278/269
f 179/292/158 796/293/283 1319/294/284 755/295/159
f 796/293/283 172/169/163 507/172/166 1319/294/284
f 1319/294/284 507/172/166 51/177/171 551/296/285
f 755/295/159 1319/294/284 551/296/285 52/297/160
f 177/282/273 794/298/286 1320/299/287 753/283/274
f 794/298/286 170/178/172 505/181/175 1320/299/287
f 1320/299/287 505/181/175 49/186/180 552/300/288
f 753/283/274 1320/299/287 552/300/288 50/284/275
f 217/301/289 936/302/290 1321/303/291 841/304/292
f 936/302/290 258/305/293 633/306/294 1321/303/291
f 1321/303/291 633/306/294 153/307/295 649/308/296
f 841/304/292 1321/303/291 649/308/296 76/309/297
f 265/310/298 984/311/299 1322/312/300 937/313/301
f 984/311/299 285/314/302 634/315/303 1322/312/300
f 1322/312/300 634/315/303 154/316/304 650/317/305
f 937/313/301 1322/312/300 650/317/305 75/318/306
f 289/319/307 1032/320/308 1323/321/309 985/322/310
f 1032/320/308 309/323/311 635/324/312 1323/321/309
f 1323/321/309 635/324/312 155/325/313 651/326/314
f 985/322/310 1323/321/309 651/326/314 74/327/315
f 313/328/316 1080/329/317 1324/330/318 1033/331/319
f 1080/329/317 333/332/320 636/333/321 1324/330/318
f 1324/330/318 636/333/321 156/334/322 652/335/323
f 1033/331/319 1324/330/318 652/335/323 73/336/324
f 219/337/325 934/338/326 1325/339/327 843/340/328
f 934/338/326 260/341/329 637/342/330 1325/339/327
f 1325/339/327 637/342/330 157/343/331 653/344/332
f 843/340/328 1325/339/327 653/344/332 80/345/333
f 266/346/334 983/347/335 1326/348/336 938/349/337
f 983/347/335 286/350/338 638/351/339 1326/348/336
f 1326/348/336 638/351/339 158/352/340 654/353/341
f 938/349/337 1326/348/336 654/353/341 79/354/342
f 290/355/343 1031/356/344 1327/357/345 986/358/346
f 1031/356/344 310/359/347 639/360/348 1327/357/345
f 1327/357/345 639/360/348 159/361/349 655/362/350
f 986/358/346 1327/357/345 655/362/350 78/363/351
f 314/364/352 1079/365/353 1328/366/354 1034/367/355
f 1079/365/353 334/368/356 640/369/357 1328/366/354
f 1328/366/354 640/369/357 160/370/358 656/371/359
f 1034/367/355 1328/366/354 656/371/359 77/372/360
f 221/373/361 932/374/362 1329/375/363 845/376/364
f 932/374/362 262/377/365 641/378/366 1329/375/363
f 1329/375/363 641/378/366 161/379/367 657/380/368
f 845/376/364 1329/375/363 657/380/368 84/381/369
f 267/382/370 982/383/371 1330/384/372 939/385/373
f 982/383/371 287/386/374 642/387/375 1330/384/372
f 1330/384/372 642/387/375 162/388/376 658/389/377
f 939/385/373 1330/384/372 658/389/377 83/390/378
f 291/391/379 1030/392/380 1331/393/381 987/394/382
f 1030/392/380 311/395/383 643/396/384 1331/393/381
f 1331/393/381 643/396/384 163/397/385 659/398/386
f 987/394/382 1331/393/381 659/398/386 82/399/387
f 315/400/388 1078/401/389 1332/402/390 1035/403/391
f 1078/401/389 335/404/392 644/405/393 1332/402/390
f 1332/402/390 644/405/393 164/406/394 660/407/395
f 1035/403/391 1332/402/390 660/407/395 81/408/396
f 223/409/397 930/410/398 1333/411/399 847/412/400
f 930/410/398 264/413/401 645/414/402 1333/411/399
f 1333/411/399 645/414/402 165/415/403 661/416/404
f 847/412/400 1333/411/399 661/416/404 88/417/405
f 268/418/406 981/419/407 1334/420/408 940/421/409
f 981/419/407 288/422/410 646/423/411 1334/420/408
f 1334/420/408 646/423/411 166/424/412 662/425/413
f 940/421/409 1334/420/408 662/425/413 87/426/414
f 292/427/415 1029/428/416 1335/429/417 988/430/418
f 1029/428/416 312/431/419 647/432/420 1335/429/417
f 1335/429/417 647/432/420 167/433/421 663/434/422
f 988/430/418 1335/429/417 663/434/422 86/435/423
f 316/436/424 1077/437/425 1336/438/426 1036/439/427
f 1077/437/425 336/440/428 648/441/429 1336/438/426
f 1336/438/426 648/441/429 168/442/430 664/443/431
f 1036/439/427 1336/438/426 664/443/431 85/444/432
f 225/445/433 928/446/434 1337/447/435 849/448/436
f 928/446/434 217/301/289 841/304/292 1337/447/435
f 1337/447/435 841/304/292 76/309/297 665/449/437
f 849/448/436 1337/447/435 665/449/437 92/450/438
f 269/451/439 980/452/440 1338/453/441 941/454/442
f 980/452/440 265/310/298 937/313/301 1338/453/441
f 1338/453/441 937/313/301 75/318/306 666/455/443
f 941/454/442 1338/453/441 666/455/443 91/456/444
f 293/457/445 1028/458/446 1339/459/447 989/460/448
f 1028/458/446 289/319/307 985/322/310 1339/459/447
f 1339/459/447 985/322/310 74/327/315 667/461/449
f 989/460/448 1339/459/447 667/461/449 90/462/450
f 317/463/451 1076/464/452 1340/465/453 1037/466/454
f 1076/464/452 313/328/316 1033/331/319 1340/465/453
f 1340/465/453 1033/331/319 73/336/324 668/467/455
f 1037/466/454 1340/465/453 668/467/455 89/468/456
f 227/469/457 926/470/458 1341/471/459 851/472/460
f 926/470/458 221/373/361 845/376/364 1341/471/459
f 1341/471/459 845/376/364 84/381/369 669/473/461
f 851/472/460 1341/471/459 669/473/461 96/474/462
f 270/475/463 979/476/464 1342/477/465 942/478/466
f 979/476/464 267/382/370 939/385/373 1342/477/465
f 1342/477/465 939/385/373 83/390/378 670/479/467
f 942/478/466 1342/477/465 670/479/467 95/480/468
f 294/481/469 1027/482/470 1343/483/471 990/484/472
f 1027/482/470 291/391/379 987/394/382 1343/483/471
f 1343/483/471 987/394/382 82/399/387 671/485/473
f 990/484/472 1343/483/471 671/485/473 94/486/474
f 318/487/475 1075/488/476 1344/489/477 1038/490/478
f 1075/488/476 315/400/388 1035/403/391 1344/489/477
f 1344/489/477 1035/403/391 81/408/396 672/491/479
f 1038/490/478 1344/489/477 672/491/479 93/492/480
f 229/493/481 924/494/482 1345/495/483 853/496/484
f 924/494/482 223/409/397 847/412/400 1345/495/483
f 1345/495/483 847/412/400 88/417/405 673/497/485
f 853/496/484 1345/495/483 673/497/485 100/498/486
f 271/499/487 978/500/488 1346/501/489 943/502/490
f 978/500/488 268/418/406 940/421/409 1346/501/489
f 1346/501/489 940/421/409 87/426/414 674/503/491
f 943/502/490 1346/501/489 674/503/491 99/504/492
f 295/505/493 1026/506/494 1347/507/495 991/508/496
f 1026/506/494 292/427/415 988/430/418 1347/507/495
f 1347/507/495 988/430/418 86/435/423 675/509/497
f 991/508/496 1347/507/495 675/509/497 98/510/498
f 319/511/499 1074/512/500 1348/513/501 1039/514/502
f 1074/512/500 316/436/424 1036/439/427 1348/513/501
f 1348/513/501 1036/439/427 85/444/432 676/515/503
f 1039/514/502 1348/513/501 676/515/503 97/516/504
f 231/517/505 922/518/506 1349/519/507 855/520/508
f 922/518/506 225/445/433 849/448/436 1349/519/507
f 1349/519/507 849/448/436 92/450/438 677/521/509
f 855/520/508 1349/519/507 677/521/509 104/522/510
f 272/523/511 977/524/512 1350/525/513 944/526/514
f 977/524/512 269/451/439 941/454/442 1350/525/513
f 1350/525/513 941/454/442 91/456/444 678/527/515
f 944/526/514 1350/525/513 678/527/515 103/528/516
f 296/529/517 1025/530/518 1351/531/519 992/532/520
f 1025/530/518 293/457/445 989/460/448 1351/531/519
f 1351/531/519 989/460/448 90/462/450 679/533/521
f 992/532/520 1351/531/519 679/533/521 102/534/522
f 320/535/523 1073/536/524 1352/537/525 1040/538/526
f 1073/536/524 317/463/451 1037/466/454 1352/537/525
f 1352/537/525 1037/466/454 89/468/456 680/539/527
f 1040/538/526 1352/537/525 680/539/527 101/540/528
f 233/541/529 920/542/530 1353/543/531 857/544/532
f 920/542/530 227/469/457 851/472/460 1353/543/531
f 1353/543/531 851/472/460 96/474/462 681/545/533
f 857/544/532 1353/543/531 681/545/533 108/546/534
f 273/547/535 976/548/536 1354/549/537 945/550/538
f 976/548/536 270/475/463 942/478/466 1354/549/537
f 1354/549/537 942/478/466 95/480/468 682/551/539
f 945/550/538 1354/549/537 682/551/539 107/552/540
f 297/553/541 1024/554/542 1355/555/543 993/556/544
f 1024/554/542 294/481/469 990/484/472 1355/555/543
f 1355/555/543 990/484/472 94/486/474 683/557/545
f 993/556/544 1355/555/543 683/557/545 106/558/546
f 321/559/547 1072/560/548 1356/561/549 1041/562/550
f 1072/560/548 318/487/475 1038/490/478 1356/561/549
f 1356/561/549 1038/490/478 93/492/480 684/563/551
f 1041/562/550 1356/561/549 684/563/551 105/564/552
f 235/565/553 918/566/554 1357/567/555 859/568/556
f 918/566/554 229/569/481 853/570/484 1357/567/555
f 1357/567/555 853/570/484 100/571/486 685/572/557
f 859/568/556 1357/567/555 685/572/557 112/573/558
f 274/574/559 975/575/560 1358/576/561 946/577/562
f 975/575/560 271/578/487 943/579/490 1358/576/561
f 1358/576/561 943/579/490 99/580/492 686/581/563
f 946/577/562 1358/576/561 686/581/563 111/582/564
f 298/583/565 1023/584/566 1359/585/567 994/586/568
f 1023/584/566 295/587/493 991/588/496 1359/585/567
f 1359/585/567 991/588/496 98/589/498 687/590/569
f 994/586/568 1359/585/567 687/590/569 110/591/570
f 322/592/571 1071/593/572 1360/594/573 1042/595/574
f 1071/593/572 319/596/499 1039/597/502 1360/594/573
f 1360/594/573 1039/597/502 97/598/504 688/599/575
f 1042/595/574 1360/594/573 688/599/575 109/600/576
f 237/601/577 916/602/578 1361/603/579 861/604/580
f 916/602/578 231/517/505 855/520/508 1361/603/579
f 1361/603/579 855/520/508 104/522/510 689/605/581
f 861/604/580 1361/603/579 689/605/581 116/606/582
f 275/607/583 974/608/584 1362/609/585 947/610/586
f 974/608/584 272/523/511 944/526/514 1362/609/585
f 1362/609/585 944/526/514 103/528/516 690/611/587
f 947/610/586 1362/609/585 690/611/587 115/612/588
f 299/613/589 1022/614/590 1363/615/591 995/616/592
f 1022/614/590 296/529/517 992/532/520 1363/615/591
f 1363/615/591 992/532/520 102/534/522 691/617/593
f 995/616/592 1363/615/591 691/617/593 114/618/594
f 323/619/595 1070/620/596 1364/621/597 1043/622/598
f 1070/620/596 320/535/523 1040/538/526 1364/621/597
f 1364/621/597 1040/538/526 101/540/528 692/623/599
f 1043/622/598 1364/621/597 692/623/599 113/624/600
f 239/625/601 914/626/602 1365/627/603 863/628/604
f 914/626/602 233/541/529 857/544/532 1365/627/603
f 1365/627/603 857/544/532 108/546/534 693/629/605
f 863/628/604 1365/627/603 693/629/605 120/630/606
f 276/631/607 973/632/608 1366/633/609 948/634/610
f 973/632/608 273/547/535 945/550/538 1366/633/609
f 1366/633/609 945/550/538 107/552/540 694/635/611
f 948/634/610 1366/633/609 694/635/611 119/636/612
f 300/637/613 1021/638/614 1367/639/615 996/640/616
f 1021/638/614 297/553/541 993/556/544 1367/639/615
f 1367/639/615 993/556/544 106/558/546 695/641/617
f 996/640/616 1367/639/615 695/641/617 118/642/618
f 324/643/619 1069/644/620 1368/645/621 1044/646/622
f 1069/644/620 321/559/547 1041/562/550 1368/645/621
f 1368/645/621 1041/562/550 105/564/552 696/647/623
f 1044/646/622 1368/645/621 696/647/623 117/648/624
f 241/649/625 912/650/626 1369/651/627 865/652/628
f 912/650/626 235/565/553 859/568/556 1369/651/627
f 1369/651/627 859/568/556 112/573/558 697/653/629
f 865/652/628 1369/651/627 697/653/629 124/654/630
f 277/655/631 972/656/632 1370/657/633 949/658/634
f 972/656/632 274/574/559 946/577/562 1370/657/633
f 1370/657/633 946/577/562 111/582/564 698/659/635
f 949/658/634 1370/657/633 698/659/635 123/660/636
f 301/661/637 1020/662/638 1371/663/639 997/664/640
f 1020/662/638 298/583/565 994/586/568 1371/663/639
f 1371/663/639 994/586/568 110/591/570 699/665/641
f 997/664/640 1371/663/639 699/665/641 122/666/642
f 325/667/643 1068/668/644 1372/669/645 1045/670/646
f 1068/668/644 322/592/571 1042/595/574 1372/669/645
f 1372/669/645 1042/595/574 109/600/576 700/671/647
f 1045/670/646 1372/669/645 700/671/647 121/672/648
f 243/673/649 910/674/650 1373/675/651 867/676/652
f 910/674/650 237/677/577 861/678/580 1373/675/651
f 1373/675/651 861/678/580 116/679/582 701/680/653
f 867/676/652 1373/675/651 701/680/653 128/681/654
f 278/682/655 971/683/656 1374/684/657 950/685/658
f 971/683/656 275/686/583 947/687/586 1374/684/657
f 1374/684/657 947/687/586 115/688/588 702/689/659
f 950/685/658 1374/684/657 702/689/659 127/690/660
f 302/691/661 1019/692/662 1375/693/663 998/694/664
f 1019/692/662 299/695/589 995/696/592 1375/693/663
f 1375/693/663 995/696/592 114/697/594 703/698/665
f 998/694/664 1375/693/663 703/698/665 126/699/666
f 326/700/667 1067/701/668 1376/702/669 1046/703/670
f 1067/701/668 323/704/595 1043/705/598 1376/702/669
f 1376/702/669 1043/705/598 113/706/600 704/707/671
f 1046/703/670 1376/702/669 704/707/671 125/708/672
f 245/709/673 908/710/674 1377/711/675 869/712/676
f 908/710/674 239/625/601 863/628/604 1377/711/675
f 1377/711/675 863/628/604 120/630/606 705/713/677
f 869/712/676 1377/711/675 705/713/677 132/714/678
f 279/715/679 970/716/680 1378/717/681 951/718/682
f 970/716/680 276/631/607 948/634/610 1378/717/681
f 1378/717/681 948/634/610 119/636/612 706/719/683
f 951/718/682 1378/717/681 706/719/683 131/720/684
f 303/721/685 1018/722/686 1379/723/687 999/724/688
f 1018/722/686 300/637/613 996/640/616 1379/723/687
f 1379/723/687 996/640/616 118/642/618 707/725/689
f 999/724/688 1379/723/687 707/725/689 130/726/690
f 327/727/691 1066/728/692 1380/729/693 1047/730/694
f 1066/728/692 324/643/619 1044/646/622 1380/729/693
f 1380/729/693 1044/646/622 117/648/624 708/731/695
f 1047/730/694 1380/729/693 708/731/695 129/732/696
f 247/733/697 906/734/698 1381/735/699 871/736/700
f 906/734/698 241/649/625 865/652/628 1381/735/699
f 1381/735/699 865/652/628 124/654/630 709/737/701
f 871/736/700 1381/735/699 709/737/701 136/738/702
f 280/739/703 969/740/704 1382/741/705 952/742/706
f 969/740/704 277/655/631 949/658/634 1382/741/705
f 1382/741/705 949/658/634 123/660/636 710/743/707
f 952/742/706 1382/741/705 710/743/707 135/744/708
f 304/745/709 1017/746/710 1383/747/711 1000/748/712
f 1017/746/710 301/661/637 997/664/640 1383/747/711
f 1383/747/711 997/664/640 122/666/642 711/749/713
f 1000/748/712 1383/747/711 711/749/713 134/750/714
f 328/751/715 1065/752/716 1384/753/717 1048/754/718
f 1065/752/716 325/667/643 1045/670/646 1384/753/717
f 1384/753/717 1045/670/646 121/672/648 712/755/719
f 1048/754/718 1384/753/717 712/755/719 133/756/720
f 249/757/721 904/758/722 1385/759/723 873/760/724
f 904/758/722 243/673/649 867/676/652 1385/759/723
f 1385/759/723 867/676/652 128/681/654 713/761/725
f 873/760/724 1385/759/723 713/761/725 140/762/726
f 281/763/727 968/764/728 1386/765/729 953/766/730
f 968/764/728 278/682/655 950/685/658 1386/765/729
f 1386/765/729 950/685/658 127/690/660 714/767/731
f 953/766/730 1386/765/729 714/767/731 139/768/732
f 305/769/733 1016/770/734 1387/771/735 1001/772/736
f 1016/770/734 302/691/661 998/694/664 1387/771/735
f 1387/771/735 998/694/664 126/773/666 715/774/737
f 1001/772/736 1387/771/735 715/774/737 138/775/738
f 329/776/739 1064/777/740 1388/778/741 1049/779/742
f 1064/777/740 326/700/667 1046/703/670 1388/778/741
f 1388/778/741 1046/703/670 125/708/672 716/780/743
f 1049/779/742 1388/778/741 716/780/743 137/781/744
f 251/782/745 902/783/746 1389/784/747 875/785/748
f 902/783/746 245/786/673 869/787/676 1389/784/747
f 1389/784/747 869/787/676 132/788/678 717/789/749
f 875/785/748 1389/784/747 717/789/749 144/790/750
f 282/791/751 967/792/752 1390/793/753 954/794/754
f 967/792/752 279/795/679 951/796/682 1390/793/753
f 1390/793/753 951/796/682 131/797/684 718/798/755
f 954/794/754 1390/793/753 718/798/755 143/799/756
f 306/800/757 1015/801/758 1391/802/759 1002/803/760
f 1015/801/758 303/804/685 999/805/688 1391/802/759
f 1391/802/759 999/805/688 130/806/690 719/807/761
f 1002/803/760 1391/802/759 719/807/761 142/808/762
f 330/809/763 1063/810/764 1392/811/765 1050/812/766
f 1063/810/764 327/813/691 1047/814/694 1392/811/765
f 1392/811/765 1047/814/694 129/815/696 720/816/767
f 1050/812/766 1392/811/765 720/816/767 141/817/768
f 253/818/769 900/819/770 1393/820/771 877/821/772
f 900/819/770 247/733/697 871/736/700 1393/820/771
f 1393/820/771 871/736/700 136/738/702 721/822/773
f 877/821/772 1393/820/771 721/822/773 148/823/774
f 283/824/775 966/825/776 1394/826/777 955/827/778
f 966/825/776 280/739/703 952/742/706 1394/826/777
f 1394/826/777 952/742/706 135/744/708 722/828/779
f 955/827/778 1394/826/777 722/828/779 147/829/780
f 307/830/781 1014/831/782 1395/832/783 1003/833/784
f 1014/831/782 304/745/709 1000/748/712 1395/832/783
f 1395/832/783 1000/748/712 134/750/714 723/834/785
f 1003/833/784 1395/832/783 723/834/785 146/835/786
f 331/836/787 1062/837/788 1396/838/789 1051/839/790
f 1062/837/788 328/751/715 1048/754/718 1396/838/789
f 1396/838/789 1048/754/718 133/756/720 724/840/791
f 1051/839/790 1396/838/789 724/840/791 145/841/792
f 255/842/793 898/843/794 1397/844/795 879/845/796
f 898/843/794 249/757/721 873/760/724 1397/844/795
f 1397/844/795 873/760/724 140/762/726 725/846/797
f 879/845/796 1397/844/795 725/846/797 152/847/798
f 284/848/799 965/849/800 1398/850/801 956/851/802
f 965/849/800 281/763/727 953/766/730 1398/850/801
f 1398/850/801 953/766/730 139/768/732 726/852/803
f 956/851/802 1398/850/801 726/852/803 151/853/804
f 308/854/805 1013/855/806 1399/856/807 1004/857/808
f 1013/855/806 305/769/733 1001/772/736 1399/856/807
f 1399/856/807 1001/772/736 138/775/738 727/858/809
f 1004/857/808 1399/856/807 727/858/809 150/859/810
f 332/860/811 1061/861/812 1400/862/813 1052/863/814
f 1061/861/812 329/776/739 1049/779/742 1400/862/813
f 1400/862/813 1049/779/742 137/781/744 728/864/815
f 1052/863/814 1400/862/813 728/864/815 149/865/816
f 258/305/293 896/866/817 1401/867/818 633/306/294
f 896/866/817 251/782/745 875/785/748 1401/867/818
f 1401/867/818 875/785/748 144/790/750 729/868/819
f 633/306/294 1401/867/818 729/868/819 153/307/295
f 285/314/302 964/869/820 1402/870/821 634/315/303
f 964/869/820 282/791/751 954/794/754 1402/870/821
f 1402/870/821 954/794/754 143/799/756 730/871/822
f 634/315/303 1402/870/821 730/871/822 154/316/304
f 309/323/311 1012/872/823 1403/873/824 635/324/312
f 1012/872/823 306/800/757 1002/803/760 1403/873/824
f 1403/873/824 1002/803/760 142/808/762 731/874/825
f 635/324/312 1403/873/824 731/874/825 155/325/313
f 333/332/320 1060/875/826 1404/876/827 636/333/321
f 1060/875/826 330/809/763 1050/812/766 1404/876/827
f 1404/876/827 1050/812/766 141/817/768 732/877/828
f 636/333/321 1404/876/827 732/877/828 156/334/322
f 260/341/329 894/878/829 1405/879/830 637/342/330
f 894/878/829 253/818/769 877/821/772 1405/879/830
f 1405/879/830 877/821/772 148/823/774 733/880/831
f 637/342/330 1405/879/830 733/880/831 157/343/331
f 286/350/338 963/881/832 1406/882/833 638/351/339
f 963/881/832 283/824/775 955/827/778 1406/882/833
f 1406/882/833 955/827/778 147/829/780 734/883/834
f 638/351/339 1406/882/833 734/883/834 158/352/340
f 310/359/347 1011/884/835 1407/885/836 639/360/348
f 1011/884/835 307/830/781 1003/833/784 1407/885/836
f 1407/885/836 1003/833/784 146/835/786 735/886/837
f 639/360/348 1407/885/836 735/886/837 159/361/349
f 334/368/356 1059/887/838 1408/888/839 640/369/357
f 1059/887/838 331/836/787 1051/839/790 1408/888/839
f 1408/888/839 1051/839/790 145/841/792 736/889/840
f 640/369/357 1408/888/839 736/889/840 160/370/358
f 262/377/365 892/890/841 1409/891/842 641/378/366
f 892/890/841 219/892/325 843/893/328 1409/891/842
f 1409/891/842 843/893/328 80/894/333 737/895/843
f 641/378/366 1409/891/842 737/895/843 161/379/367
f 287/386/374 962/896/844 1410/897/845 642/387/375
f 962/896/844 266/898/334 938/899/337 1410/897/845
f 1410/897/845 938/899/337 79/900/342 738/901/846
f 642/387/375 1410/897/845 738/901/846 162/388/376
f 311/395/383 1010/902/847 1411/903/848 643/396/384
f 1010/902/847 290/904/343 986/905/346 1411/903/848
f 1411/903/848 986/905/346 78/906/351 739/907/849
f 643/396/384 1411/903/848 739/907/849 163/397/385
f 335/404/392 1058/908/850 1412/909/851 644/405/393
f 1058/908/850 314/910/352 1034/911/355 1412/909/851
f 1412/909/851 1034/911/355 77/912/360 740/913/852
f 644/405/393 1412/909/851 740/913/852 164/406/394
f 264/413/401 890/914/853 1413/915/854 645/414/402
f 890/914/853 255/842/793 879/845/796 1413/915/854
f 1413/915/854 879/845/796 152/847/798 741/916/855
f 645/414/402 1413/915/854 741/916/855 165/415/403
f 288/422/410 961/917/856 1414/918/857 646/423/411
f 961/917/856 284/848/799 956/851/802 1414/918/857
f 1414/918/857 956/851/802 151/853/804 742/919/858
f 646/423/411 1414/918/857 742/919/858 166/424/412
f 312/431/419 1009/920/859 1415/921/860 647/432/420
f 1009/920/859 308/854/805 1004/857/808 1415/921/860
f 1415/921/860 1004/857/808 150/859/810 743/922/861
f 647/432/420 1415/921/860 743/922/861 167/433/421
f 336/440/428 1057/923/862 1416/924/863 648/441/429
f 1057/923/862 332/860/811 1052/863/814 1416/924/863
f 1416/924/863 1052/863/814 149/865/816 744/925/864
f 648/441/429 1416/924/863 744/925/864 168/442/430
f 73/336/324 652/335/323 1417/926/865 553/927/866
f 652/335/323 156/334/322 745/928/867 1417/926/865
f 1417/926/865 745/928/867 169/929/868 793/930/869
f 553/927/866 1417/926/865 793/930/869 178/931/870
f 178/931/870 793/930/869 1418/932/871 754/933/872
f 793/930/869 169/929/868 746/934/873 1418/932/871
f 1418/932/871 746/934/873 170/935/172 794/936/286
f 754/933/872 1418/932/871 794/936/286 177/937/273
f 77/372/360 656/371/359 1419/938/874 557/939/875
f 656/371/359 160/370/358 747/940/876 1419/938/874
f 1419/938/874 747/940/876 171/941/877 795/942/878
f 557/939/875 1419/938/874 795/942/878 180/943/879
f 180/943/879 795/942/878 1420/944/880 756/945/881
f 795/942/878 171/941/877 748/946/882 1420/944/880
f 1420/944/880 748/946/882 172/947/163 796/948/283
f 756/945/881 1420/944/880 796/948/283 179/949/158
f 81/408/396 660/407/395 1421/950/883 561/951/884
f 660/407/395 164/406/394 749/952/885 1421/950/883
f 1421/950/883 749/952/885 173/953/886 797/954/887
f 561/951/884 1421/950/883 797/954/887 182/955/888
f 182/955/888 797/954/887 1422/956/889 758/957/890
f 797/954/887 173/953/886 750/958/891 1422/956/889
f 1422/956/889 750/958/891 174/959/154 798/960/280
f 758/957/890 1422/956/889 798/960/280 181/961/267
f 85/444/432 664/443/431 1423/962/892 565/963/893
f 664/443/431 168/442/430 751/964/894 1423/962/892
f 1423/962/892 751/964/894 175/965/895 799/966/896
f 565/963/893 1423/962/892 799/966/896 184/967/897
f 184/967/897 799/966/896 1424/968/898 760/969/899
f 799/966/896 175/965/895 752/970/900 1424/968/898
f 1424/968/898 752/970/900 176/971/145 800/972/277
f 760/969/899 1424/968/898 800/972/277 183/973/261
f 89/468/456 668/467/455 1425/974/901 569/975/902
f 668/467/455 73/336/324 553/927/866 1425/974/901
f 1425/974/901 553/927/866 178/931/870 801/976/903
f 569/975/902 1425/974/901 801/976/903 186/977/904
f 186/977/904 801/976/903 1426/978/905 762/979/906
f 801/976/903 178/931/870 754/933/872 1426/978/905
f 1426/978/905 754/933/872 177/937/273 802/980/271
f 762/979/906 1426/978/905 802/980/271 185/981/255
f 93/492/480 672/491/479 1427/982/907 573/983/908
f 672/491/479 81/408/396 561/951/884 1427/982/907
f 1427/982/907 561/951/884 182/955/888 803/984/909
f 573/983/908 1427/982/907 803/984/909 188/985/910
f 188/985/910 803/984/909 1428/986/911 764/987/912
f 803/984/909 182/955/888 758/957/890 1428/986/911
f 1428/986/911 758/957/890 181/961/267 804/988/265
f 764/987/912 1428/986/911 804/988/265 187/989/249
f 97/516/504 676/515/503 1429/990/913 577/991/914
f 676/515/503 85/444/432 565/963/893 1429/990/913
f 1429/990/913 565/963/893 184/967/897 805/992/915
f 577/991/914 1429/990/913 805/992/915 190/993/916
f 190/993/916 805/992/915 1430/994/917 766/995/918
f 805/992/915 184/967/897 760/969/899 1430/994/917
f 1430/994/917 760/969/899 183/973/261 806/996/259
f 766/995/918 1430/994/917 806/996/259 189/997/243
f 101/540/528 680/539/527 1431/998/919 581/999/920
f 680/539/527 89/468/456 569/975/902 1431/998/919
f 1431/998/919 569/975/902 186/977/904 807/1000/921
f 581/999/920 1431/998/919 807/1000/921 192/1001/922
f 192/1001/922 807/1000/921 1432/1002/923 768/1003/924
f 807/1000/921 186/977/904 762/979/906 1432/1002/923
f 1432/1002/923 762/979/906 185/981/255 808/1004/253
f 768/1003/924 1432/1002/923 808/1004/253 191/1005/237
f 105/564/552 684/563/551 1433/1006/925 585/1007/926
f 684/563/551 93/492/480 573/983/908 1433/1006/925
f 1433/1006/925 573/983/908 188/985/910 809/1008/927
f 585/1007/926 1433/1006/925 809/1008/927 194/1009/928
f 194/1009/928 809/1008/927 1434/1010/929 770/1011/930
f 809/1008/927 188/985/910 764/987/912 1434/1010/929
f 1434/1010/929 764/987/912 187/989/249 810/1012/247
f 770/1011/930 1434/1010/929 810/1012/247 193/1013/231
f 109/600/576 688/599/575 1435/1014/931 589/1015/932
f 688/599/575 97/598/504 577/1016/914 1435/1014/931
f 1435/1014/931 577/1016/914 190/1017/916 811/1018/933
f 589/1015/932 1435/1014/931 811/1018/933 196/1019/934
f 196/1019/934 811/1018/933 1436/1020/935 772/1021/936
f 811/1018/933 190/1017/916 766/1022/918 1436/1020/935
f 1436/1020/935 766/1022/918 189/1023/243 812/1024/241
f 772/1021/936 1436/1020/935 812/1024/241 195/1025/225
f 113/624/600 692/623/599 1437/1026/937 593/1027/938
f 692/623/599 101/540/528 581/999/920 1437/1026/937
f 1437/1026/937 581/999/920 192/1001/922 813/1028/939
f 593/1027/938 1437/1026/937 813/1028/939 198/1029/940
f 198/1029/940 813/1028/939 1438/1030/941 774/1031/942
f 813/1028/939 192/1001/922 768/1003/924 1438/1030/941
f 1438/1030/941 768/1003/924 191/1005/237 814/1032/235
f 774/1031/942 1438/1030/941 814/1032/235 197/1033/219
f 117/648/624 696/647/623 1439/1034/943 597/1035/944
f 696/647/623 105/564/552 585/1007/926 1439/1034/943
f 1439/1034/943 585/1007/926 194/1009/928 815/1036/945
f 597/1035/944 1439/1034/943 815/1036/945 200/1037/946
f 200/1037/946 815/1036/945 1440/1038/947 776/1039/948
f 815/1036/945 194/1009/928 770/1011/930 1440/1038/947
f 1440/1038/947 770/1011/930 193/1013/231 816/1040/229
f 776/1039/948 1440/1038/947 816/1040/229 199/1041/213
f 121/672/648 700/671/647 1441/1042/949 601/1043/950
f 700/671/647 109/600/576 589/1015/932 1441/1042/949
f 1441/1042/949 589/1015/932 196/1019/934 817/1044/951
f 601/1043/950 1441/1042/949 817/1044/951 202/1045/952
f 202/1045/952 817/1044/951 1442/1046/953 778/1047/954
f 817/1044/951 196/1019/934 772/1021/936 1442/1046/953
f 1442/1046/953 772/1021/936 195/1025/225 818/1048/223
f 778/1047/954 1442/1046/953 818/1048/223 201/1049/207
f 125/708/672 704/707/671 1443/1050/955 605/1051/956
f 704/707/671 113/706/600 593/1052/938 1443/1050/955
f 1443/1050/955 593/1052/938 198/1053/940 819/1054/957
f 605/1051/956 1443/1050/955 819/1054/957 204/1055/958
f 204/1055/958 819/1054/957 1444/1056/959 780/1057/960
f 819/1054/957 198/1053/940 774/1058/942 1444/1056/959
f 1444/1056/959 774/1058/942 197/1059/219 820/1060/217
f 780/1057/960 1444/1056/959 820/1060/217 203/1061/201
f 129/732/696 708/731/695 1445/1062/961 609/1063/962
f 708/731/695 117/648/624 597/1035/944 1445/1062/961
f 1445/1062/961 597/1035/944 200/1037/946 821/1064/963
f 609/1063/962 1445/1062/961 821/1064/963 206/1065/964
f 206/1065/964 821/1064/963 1446/1066/965 782/1067/966
f 821/1064/963 200/1037/946 776/1039/948 1446/1066/965
f 1446/1066/965 776/1039/948 199/1041/213 822/1068/211
f 782/1067/966 1446/1066/965 822/1068/211 205/1069/195
f 133/756/720 712/755/719 1447/1070/967 613/1071/968
f 712/755/719 121/672/648 601/1043/950 1447/1070/967
f 1447/1070/967 601/1043/950 202/1045/952 823/1072/969
f 613/1071/968 1447/1070/967 823/1072/969 208/1073/970
f 208/1073/970 823/1072/969 1448/1074/971 784/1075/972
f 823/1072/969 202/1045/952 778/1047/954 1448/1074/971
f 1448/1074/971 778/1047/954 201/1049/207 824/1076/205
f 784/1075/972 1448/1074/971 824/1076/205 207/1077/189
f 137/781/744 716/780/743 1449/1078/973 617/1079/974
f 716/780/743 125/708/672 605/1051/956 1449/1078/973
f 1449/1078/973 605/1051/956 204/1055/958 825/1080/975
f 617/1079/974 1449/1078/973 825/1080/975 210/1081/976
f 210/1081/976 825/1080/975 1450/1082/977 786/1083/978
f 825/1080/975 204/1055/958 780/1057/960 1450/1082/977
f 1450/1082/977 780/1057/960 203/1061/201 826/1084/199
f 786/1083/978 1450/1082/977 826/1084/199 209/1085/183
f 141/817/768 720/816/767 1451/1086/979 621/1087/980
f 720/816/767 129/815/696 609/1088/962 1451/1086/979
f 1451/1086/979 609/1088/962 206/1089/964 827/1090/981
f 621/1087/980 1451/1086/979 827/1090/981 212/1091/982
f 212/1091/982 827/1090/981 1452/1092/983 788/1093/984
f 827/1090/981 206/1089/964 782/1094/966 1452/1092/983
f 1452/1092/983 782/1094/966 205/1095/195 828/1096/193
f 788/1093/984 1452/1092/983 828/1096/193 211/1097/176
f 145/841/792 724/840/791 1453/1098/985 625/1099/986
f 724/840/791 133/756/720 613/1071/968 1453/1098/985
f 1453/1098/985 613/1071/968 208/1073/970 829/1100/987
f 625/1099/986 1453/1098/985 829/1100/987 214/1101/988
f 214/1101/988 829/1100/987 1454/1102/989 790/1103/990
f 829/1100/987 208/1073/970 784/1075/972 1454/1102/989
f 1454/1102/989 784/1075/972 207/1077/189 830/1104/187
f 790/1103/990 1454/1102/989 830/1104/187 213/1105/167
f 149/865/816 728/864/815 1455/1106/991 629/1107/992
f 728/864/815 137/781/744 617/1079/974 1455/1106/991
f 1455/1106/991 617/1079/974 210/1081/976 831/1108/993
f 629/1107/992 1455/1106/991 831/1108/993 216/1109/994
f 216/1109/994 831/1108/993 1456/1110/995 792/1111/996
f 831/1108/993 210/1081/976 786/1083/978 1456/1110/995
f 1456/1110/995 786/1083/978 209/1085/183 832/1112/181
f 792/1111/996 1456/1110/995 832/1112/181 215/1113/149
f 156/334/322 732/877/828 1457/1114/997 745/928/867
f 732/877/828 141/817/768 621/1087/980 1457/1114/997
f 1457/1114/997 621/1087/980 212/1091/982 833/1115/998
f 745/928/867 1457/1114/997 833/1115/998 169/929/868
f 169/929/868 833/1115/998 1458/1116/999 746/934/873
f 833/1115/998 212/1091/982 788/1093/984 1458/1116/999
f 1458/1116/999 788/1093/984 211/1097/176 834/1117/173
f 746/934/873 1458/1116/999 834/1117/173 170/935/172
f 160/370/358 736/889/840 1459/1118/1000 747/940/876
f 736/889/840 145/841/792 625/1099/986 1459/1118/1000
f 1459/1118/1000 625/1099/986 214/1101/988 835/1119/1001
f 747/940/876 1459/1118/1000 835/1119/1001 171/941/877
f 171/941/877 835/1119/1001 1460/1120/1002 748/946/882
f 835/1119/1001 214/1101/988 790/1103/990 1460/1120/1002
f 1460/1120/1002 790/1103/990 213/1105/167 836/1121/164
f 748/946/882 1460/1120/1002 836/1121/164 172/947/163
f 164/406/394 740/913/852 1461/1122/1003 749/952/885
f 740/913/852 77/912/360 557/1123/875 1461/1122/1003
f 1461/1122/1003 557/1123/875 180/1124/879 837/1125/1004
f 749/952/885 1461/1122/1003 837/1125/1004 173/953/886
f 173/953/886 837/1125/1004 1462/1126/1005 750/958/891
f 837/1125/1004 180/1124/879 756/1127/881 1462/1126/1005
f 1462/1126/1005 756/1127/881 179/1128/158 838/1129/155
f 750/958/891 1462/1126/1005 838/1129/155 174/959/154
f 168/442/430 744/925/864 1463/1130/1006 751/964/894
f 744/925/864 149/865/816 629/1107/992 1463/1130/1006
f 1463/1130/1006 629/1107/992 216/1109/994 839/1131/1007
f 751/964/894 1463/1130/1006 839/1131/1007 175/965/895
f 175/965/895 839/1131/1007 1464/1132/1008 752/970/900
f 839/1131/1007 216/1109/994 792/1111/996 1464/1132/1008
f 1464/1132/1008 792/1111/996 215/1113/149 840/1133/146
f 752/970/900 1464/1132/1008 840/1133/146 176/971/145
f 17/1134/1009 448/1135/1010 1465/1136/1011 887/1137/1012
f 448/1135/1010 16/1138/1013 504/1139/1014 1465/1136/1011
f 1465/1136/1011 504/1139/1014 256/1140/1015 889/1141/1016
f 887/1137/1012 1465/1136/1011 889/1141/1016 263/1142/1017
f 263/1142/1017 889/1141/1016 1466/1143/1018 888/1144/1019
f 889/1141/1016 256/1140/1015 880/1145/1020 1466/1143/1018
f 1466/1143/1018 880/1145/1020 255/842/793 890/914/853
f 888/1144/1019 1466/1143/1018 890/914/853 264/413/401
f 2/1146/1021 433/1147/1022 1467/1148/1023 885/1149/1024
f 433/1147/1022 1/1150/1025 484/1151/1026 1467/1148/1023
f 1467/1148/1023 484/1151/1026 220/1152/1027 891/1153/1028
f 885/1149/1024 1467/1148/1023 891/1153/1028 261/1154/1029
f 261/1154/1029 891/1153/1028 1468/1155/1030 886/1156/1031
f 891/1153/1028 220/1152/1027 844/1157/1032 1468/1155/1030
f 1468/1155/1030 844/1157/1032 219/892/325 892/890/841
f 886/1156/1031 1468/1155/1030 892/890/841 262/377/365
f 24/1158/1033 455/1159/1034 1469/1160/1035 883/1161/1036
f 455/1159/1034 23/1162/1037 503/1163/1038 1469/1160/1035
f 1469/1160/1035 503/1163/1038 254/1164/1039 893/1165/1040
f 883/1161/1036 1469/1160/1035 893/1165/1040 259/1166/1041
f 259/1166/1041 893/1165/1040 1470/1167/1042 884/1168/1043
f 893/1165/1040 254/1164/1039 878/1169/1044 1470/1167/1042
f 1470/1167/1042 878/1169/1044 253/818/769 894/878/829
f 884/1168/1043 1470/1167/1042 894/878/829 260/341/329
f 9/1170/1045 440/1171/1046 1471/1172/1047 881/1173/1048
f 440/1171/1046 8/1174/1049 502/1175/1050 1471/1172/1047
f 1471/1172/1047 502/1175/1050 252/1176/1051 895/1177/1052
f 881/1173/1048 1471/1172/1047 895/1177/1052 257/1178/1053
f 257/1178/1053 895/1177/1052 1472/1179/1054 882/1180/1055
f 895/1177/1052 252/1176/1051 876/1181/1056 1472/1179/1054
f 1472/1179/1054 876/1181/1056 251/782/745 896/866/817
f 882/1180/1055 1472/1179/1054 896/866/817 258/305/293
f 16/1138/1013 447/1182/1057 1473/1183/1058 504/1139/1014
f 447/1182/1057 15/1184/1059 501/1185/1060 1473/1183/1058
f 1473/1183/1058 501/1185/1060 250/1186/1061 897/1187/1062
f 504/1139/1014 1473/1183/1058 897/1187/1062 256/1140/1015
f 256/1140/1015 897/1187/1062 1474/1188/1063 880/1145/1020
f 897/1187/1062 250/1186/1061 874/1189/1064 1474/1188/1063
f 1474/1188/1063 874/1189/1064 249/757/721 898/843/794
f 880/1145/1020 1474/1188/1063 898/843/794 255/842/793
f 23/1162/1037 454/1190/1065 1475/1191/1066 503/1163/1038
f 454/1190/1065 22/1192/1067 500/1193/1068 1475/1191/1066
f 1475/1191/1066 500/1193/1068 248/1194/1069 899/1195/1070
f 503/1163/1038 1475/1191/1066 899/1195/1070 254/1164/1039
f 254/1164/1039 899/1195/1070 1476/1196/1071 878/1169/1044
f 899/1195/1070 248/1194/1069 872/1197/1072 1476/1196/1071
f 1476/1196/1071 872/1197/1072 247/733/697 900/819/770
f 878/1169/1044 1476/1196/1071 900/819/770 253/818/769
f 8/1174/1049 439/1198/1073 1477/1199/1074 502/1175/1050
f 439/1198/1073 7/1200/1075 499/1201/1076 1477/1199/1074
f 1477/1199/1074 499/1201/1076 246/1202/1077 901/1203/1078
f 502/1175/1050 1477/1199/1074 901/1203/1078 252/1176/1051
f 252/1176/1051 901/1203/1078 1478/1204/1079 876/1181/1056
f 901/1203/1078 246/1202/1077 870/1205/1080 1478/1204/1079
f 1478/1204/1079 870/1205/1080 245/786/673 902/783/746
f 876/1181/1056 1478/1204/1079 902/783/746 251/782/745
f 15/1184/1059 446/1206/1081 1479/1207/1082 501/1185/1060
f 446/1206/1081 14/1208/1083 498/1209/1084 1479/1207/1082
f 1479/1207/1082 498/1209/1084 244/1210/1085 903/1211/1086
f 501/1185/1060 1479/1207/1082 903/1211/1086 250/1186/1061
f 250/1186/1061 903/1211/1086 1480/1212/1087 874/1189/1064
f 903/1211/1086 244/1210/1085 868/1213/1088 1480/1212/1087
f 1480/1212/1087 868/1213/1088 243/673/649 904/758/722
f 874/1189/1064 1480/1212/1087 904/758/722 249/757/721
f 22/1192/1067 453/1214/1089 1481/1215/1090 500/1193/1068
f 453/1214/1089 21/1216/1091 497/1217/1092 1481/1215/1090
f 1481/1215/1090 497/1217/1092 242/1218/1093 905/1219/1094
f 500/1193/1068 1481/1215/1090 905/1219/1094 248/1194/1069
f 248/1194/1069 905/1219/1094 1482/1220/1095 872/1197/1072
f 905/1219/1094 242/1218/1093 866/1221/1096 1482/1220/1095
f 1482/1220/1095 866/1221/1096 241/649/625 906/734/698
f 872/1197/1072 1482/1220/1095 906/734/698 247/733/697
f 7/1222/1075 438/1223/1097 1483/1224/1098 499/1225/1076
f 438/1223/1097 6/1226/1099 496/1227/1100 1483/1224/1098
f 1483/1224/1098 496/1227/1100 240/1228/1101 907/1229/1102
f 499/1225/1076 1483/1224/1098 907/1229/1102 246/1230/1077
f 246/1230/1077 907/1229/1102 1484/1231/1103 870/1232/1080
f 907/1229/1102 240/1228/1101 864/1233/1104 1484/1231/1103
f 1484/1231/1103 864/1233/1104 239/625/601 908/710/674
f 870/1232/1080 1484/1231/1103 908/710/674 245/709/673
f 14/1208/1083 445/1234/1105 1485/1235/1106 498/1209/1084
f 445/1234/1105 13/1236/1107 495/1237/1108 1485/1235/1106
f 1485/1235/1106 495/1237/1108 238/1238/1109 909/1239/1110
f 498/1209/1084 1485/1235/1106 909/1239/1110 244/1210/1085
f 244/1210/1085 909/1239/1110 1486/1240/1111 868/1213/1088
f 909/1239/1110 238/1238/1109 862/1241/1112 1486/1240/1111
f 1486/1240/1111 862/1241/1112 237/677/577 910/674/650
f 868/1213/1088 1486/1240/1111 910/674/650 243/673/649
f 21/1216/1091 452/1242/1113 1487/1243/1114 497/1217/1092
f 452/1242/1113 20/1244/1115 494/1245/1116 1487/1243/1114
f 1487/1243/1114 494/1245/1116 236/1246/1117 911/1247/1118
f 497/1217/1092 1487/1243/1114 911/1247/1118 242/1218/1093
f 242/1218/1093 911/1247/1118 1488/1248/1119 866/1221/1096
f 911/1247/1118 236/1246/1117 860/1249/1120 1488/1248/1119
f 1488/1248/1119 860/1249/1120 235/565/553 912/650/626
f 866/1221/1096 1488/1248/1119 912/650/626 241/649/625
f 6/1226/1099 437/1250/1121 1489/1251/1122 496/1227/1100
f 437/1250/1121 5/1252/1123 493/1253/1124 1489/1251/1122
f 1489/1251/1122 493/1253/1124 234/1254/1125 913/1255/1126
f 496/1227/1100 1489/1251/1122 913/1255/1126 240/1228/1101
f 240/1228/1101 913/1255/1126 1490/1256/1127 864/1233/1104
f 913/1255/1126 234/1254/1125 858/1257/1128 1490/1256/1127
f 1490/1256/1127 858/1257/1128 233/541/529 914/626/602
f 864/1233/1104 1490/1256/1127 914/626/602 239/625/601
f 13/1258/1107 444/1259/1129 1491/1260/1130 495/1261/1108
f 444/1259/1129 12/1262/1131 492/1263/1132 1491/1260/1130
f 1491/1260/1130 492/1263/1132 232/1264/1133 915/1265/1134
f 495/1261/1108 1491/1260/1130 915/1265/1134 238/1266/1109
f 238/1266/1109 915/1265/1134 1492/1267/1135 862/1268/1112
f 915/1265/1134 232/1264/1133 856/1269/1136 1492/1267/1135
f 1492/1267/1135 856/1269/1136 231/517/505 916/602/578
f 862/1268/1112 1492/1267/1135 916/602/578 237/601/577
f 20/1244/1115 451/1270/1137 1493/1271/1138 494/1245/1116
f 451/1270/1137 19/1272/1139 491/1273/1140 1493/1271/1138
f 1493/1271/1138 491/1273/1140 230/1274/1141 917/1275/1142
f 494/1245/1116 1493/1271/1138 917/1275/1142 236/1246/1117
f 236/1246/1117 917/1275/1142 1494/1276/1143 860/1249/1120
f 917/1275/1142 230/1274/1141 854/1277/1144 1494/1276/1143
f 1494/1276/1143 854/1277/1144 229/569/481 918/566/554
f 860/1249/1120 1494/1276/1143 918/566/554 235/565/553
f 5/1252/1123 436/1278/1145 1495/1279/1146 493/1253/1124
f 436/1278/1145 4/1280/1147 490/1281/1148 1495/1279/1146
f 1495/1279/1146 490/1281/1148 228/1282/1149 919/1283/1150
f 493/1253/1124 1495/1279/1146 919/1283/1150 234/1254/1125
f 234/1254/1125 919/1283/1150 1496/1284/1151 858/1257/1128
f 919/1283/1150 228/1282/1149 852/1285/1152 1496/1284/1151
f 1496/1284/1151 852/1285/1152 227/469/457 920/542/530
f 858/1257/1128 1496/1284/1151 920/542/530 233/541/529
f 12/1262/1131 443/1286/1153 1497/1287/1154 492/1263/1132
f 443/1286/1153 11/1288/1155 489/1289/1156 1497/1287/1154
f 1497/1287/1154 489/1289/1156 226/1290/1157 921/1291/1158
f 492/1263/1132 1497/1287/1154 921/1291/1158 232/1264/1133
f 232/1264/1133 921/1291/1158 1498/1292/1159 856/1269/1136
f 921/1291/1158 226/1290/1157 850/1293/1160 1498/1292/1159
f 1498/1292/1159 850/1293/1160 225/445/433 922/518/506
f 856/1269/1136 1498/1292/1159 922/518/506 231/517/505
f 19/1294/1139 450/1295/1161 1499/1296/1162 491/1297/1140
f 450/1295/1161 18/1298/1163 488/1299/1164 1499/1296/1162
f 1499/1296/1162 488/1299/1164 224/1300/1165 923/1301/1166
f 491/1297/1140 1499/1296/1162 923/1301/1166 230/1302/1141
f 230/1302/1141 923/1301/1166 1500/1303/1167 854/1304/1144
f 923/1301/1166 224/1300/1165 848/1305/1168 1500/1303/1167
f 1500/1303/1167 848/1305/1168 223/409/397 924/494/482
f 854/1304/1144 1500/1303/1167 924/494/482 229/493/481
f 4/1280/1147 435/1306/1169 1501/1307/1170 490/1281/1148
f 435/1306/1169 3/1308/1171 486/1309/1172 1501/1307/1170
f 1501/1307/1170 486/1309/1172 222/1310/1173 925/1311/1174
f 490/1281/1148 1501/1307/1170 925/1311/1174 228/1282/1149
f 228/1282/1149 925/1311/1174 1502/1312/1175 852/1285/1152
f 925/1311/1174 222/1310/1173 846/1313/1176 1502/1312/1175
f 1502/1312/1175 846/1313/1176 221/373/361 926/470/458
f 852/1285/1152 1502/1312/1175 926/470/458 227/469/457
f 11/1288/1155 442/1314/1177 1503/1315/1178 489/1289/1156
f 442/1314/1177 10/1316/1179 482/1317/1180 1503/1315/1178
f 1503/1315/1178 482/1317/1180 218/1318/1181 927/1319/1182
f 489/1289/1156 1503/1315/1178 927/1319/1182 226/1290/1157
f 226/1290/1157 927/1319/1182 1504/1320/1183 850/1293/1160
f 927/1319/1182 218/1318/1181 842/1321/1184 1504/1320/1183
f 1504/1320/1183 842/1321/1184 217/301/289 928/446/434
f 850/1293/1160 1504/1320/1183 928/446/434 225/445/433
f 18/1298/1163 449/1322/1185 1505/1323/1186 488/1299/1164
f 449/1322/1185 17/1134/1009 887/1137/1012 1505/1323/1186
f 1505/1323/1186 887/1137/1012 263/1142/1017 929/1324/1187
f 488/1299/1164 1505/1323/1186 929/1324/1187 224/1300/1165
f 224/1300/1165 929/1324/1187 1506/1325/1188 848/1305/1168
f 929/1324/1187 263/1142/1017 888/1144/1019 1506/1325/1188
f 1506/1325/1188 888/1144/1019 264/413/401 930/410/398
f 848/1305/1168 1506/1325/1188 930/410/398 223/409/397
f 3/1308/1171 434/1326/1189 1507/1327/1190 486/1309/1172
f 434/1326/1189 2/1146/1021 885/1149/1024 1507/1327/1190
f 1507/1327/1190 885/1149/1024 261/1154/1029 931/1328/1191
f 486/1309/1172 1507/1327/1190 931/1328/1191 222/1310/1173
f 222/1310/1173 931/1328/1191 1508/1329/1192 846/1313/1176
f 931/1328/1191 261/1154/1029 886/1156/1031 1508/1329/1192
f 1508/1329/1192 886/1156/1031 262/377/365 932/374/362
f 846/1313/1176 1508/1329/1192 932/374/362 221/373/361
f 1/1330/1025 456/1331/1193 1509/1332/1194 484/1333/1026
f 456/1331/1193 24/1158/1033 883/1161/1036 1509/1332/1194
f 1509/1332/1194 883/1161/1036 259/1166/1041 933/1334/1195
f 484/1333/1026 1509/1332/1194 933/1334/1195 220/1335/1027
f 220/1335/1027 933/1334/1195 1510/1336/1196 844/1337/1032
f 933/1334/1195 259/1166/1041 884/1168/1043 1510/1336/1196
f 1510/1336/1196 884/1168/1043 260/341/329 934/338/326
f 844/1337/1032 1510/1336/1196 934/338/326 219/337/325
f 10/1316/1179 441/1338/1197 1511/1339/1198 482/1317/1180
f 441/1338/1197 9/1170/1045 881/1173/1048 1511/1339/1198
f 1511/1339/1198 881/1173/1048 257/1178/1053 935/1340/1199
f 482/1317/1180 1511/1339/1198 935/1340/1199 218/1318/1181
f 218/1318/1181 935/1340/1199 1512/1341/1200 842/1321/1184
f 935/1340/1199 257/1178/1053 882/1180/1055 1512/1341/1200
f 1512/1341/1200 882/1180/1055 258/305/293 936/302/290
f 842/1321/1184 1512/1341/1200 936/302/290 217/301/289
f 165/415/403 741/916/855 1513/1342/1201 960/1343/1202
f 741/916/855 152/847/798 632/1344/1203 1513/1342/1201
f 1513/1342/1201 632/1344/1203 284/848/799 961/917/856
f 960/1343/1202 1513/1342/1201 961/917/856 288/422/410
f 161/379/367 737/895/843 1514/1345/1204 959/1346/1205
f 737/895/843 80/894/333 560/1347/1206 1514/1345/1204
f 1514/1345/1204 560/1347/1206 266/898/334 962/896/844
f 959/1346/1205 1514/1345/1204 962/896/844 287/386/374
f 157/343/331 733/880/831 1515/1348/1207 958/1349/1208
f 733/880/831 148/823/774 628/1350/1209 1515/1348/1207
f 1515/1348/1207 628/1350/1209 283/824/775 963/881/832
f 958/1349/1208 1515/1348/1207 963/881/832 286/350/338
f 153/307/295 729/868/819 1516/1351/1210 957/1352/1211
f 729/868/819 144/790/750 624/1353/1212 1516/1351/1210
f 1516/1351/1210 624/1353/1212 282/791/751 964/869/820
f 957/1352/1211 1516/1351/1210 964/869/820 285/314/302
f 152/847/798 725/846/797 1517/1354/1213 632/1344/1203
f 725/846/797 140/762/726 620/1355/1214 1517/1354/1213
f 1517/1354/1213 620/1355/1214 281/763/727 965/849/800
f 632/1344/1203 1517/1354/1213 965/849/800 284/848/799
f 148/823/774 721/822/773 1518/1356/1215 628/1350/1209
f 721/822/773 136/738/702 616/1357/1216 1518/1356/1215
f 1518/1356/1215 616/1357/1216 280/739/703 966/825/776
f 628/1350/1209 1518/1356/1215 966/825/776 283/824/775
f 144/790/750 717/789/749 1519/1358/1217 624/1353/1212
f 717/789/749 132/788/678 612/1359/1218 1519/1358/1217
f 1519/1358/1217 612/1359/1218 279/795/679 967/792/752
f 624/1353/1212 1519/1358/1217 967/792/752 282/791/751
f 140/762/726 713/761/725 1520/1360/1219 620/1355/1214
f 713/761/725 128/681/654 608/1361/1220 1520/1360/1219
f 1520/1360/1219 608/1361/1220 278/682/655 968/764/728
f 620/1355/1214 1520/1360/1219 968/764/728 281/763/727
f 136/738/702 709/737/701 1521/1362/1221 616/1357/1216
f 709/737/701 124/654/630 604/1363/1222 1521/1362/1221
f 1521/1362/1221 604/1363/1222 277/655/631 969/740/704
f 616/1357/1216 1521/1362/1221 969/740/704 280/739/703
f 132/714/678 705/713/677 1522/1364/1223 612/1365/1218
f 705/713/677 120/630/606 600/1366/1224 1522/1364/1223
f 1522/1364/1223 600/1366/1224 276/631/607 970/716/680
f 612/1365/1218 1522/1364/1223 970/716/680 279/715/679
f 128/681/654 701/680/653 1523/1367/1225 608/1361/1220
f 701/680/653 116/679/582 596/1368/1226 1523/1367/1225
f 1523/1367/1225 596/1368/1226 275/686/583 971/683/656
f 608/1361/1220 1523/1367/1225 971/683/656 278/682/655
f 124/654/630 697/653/629 1524/1369/1227 604/1363/1222
f 697/653/629 112/573/558 592/1370/1228 1524/1369/1227
f 1524/1369/1227 592/1370/1228 274/574/559 972/656/632
f 604/1363/1222 1524/1369/1227 972/656/632 277/655/631
f 120/630/606 693/629/605 1525/1371/1229 600/1366/1224
f 693/629/605 108/546/534 588/1372/1230 1525/1371/1229
f 1525/1371/1229 588/1372/1230 273/547/535 973/632/608
f 600/1366/1224 1525/1371/1229 973/632/608 276/631/607
f 116/606/582 689/605/581 1526/1373/1231 596/1374/1226
f 689/605/581 104/522/510 584/1375/1232 1526/1373/1231
f 1526/1373/1231 584/1375/1232 272/523/511 974/608/584
f 596/1374/1226 1526/1373/1231 974/608/584 275/607/583
f 112/573/558 685/572/557 1527/1376/1233 592/1370/1228
f 685/572/557 100/571/486 580/1377/1234 1527/1376/1233
f 1527/1376/1233 580/1377/1234 271/578/487 975/575/560
f 592/1370/1228 1527/1376/1233 975/575/560 274/574/559
f 108/546/534 681/545/533 1528/1378/1235 588/1372/1230
f 681/545/533 96/474/462 576/1379/1236 1528/1378/1235
f 1528/1378/1235 576/1379/1236 270/475/463 976/548/536
f 588/1372/1230 1528/1378/1235 976/548/536 273/547/535
f 104/522/510 677/521/509 1529/1380/1237 584/1375/1232
f 677/521/509 92/450/438 572/1381/1238 1529/1380/1237
f 1529/1380/1237 572/1381/1238 269/451/439 977/524/512
f 584/1375/1232 1529/1380/1237 977/524/512 272/523/511
f 100/498/486 673/497/485 1530/1382/1239 580/1383/1234
f 673/497/485 88/417/405 568/1384/1240 1530/1382/1239
f 1530/1382/1239 568/1384/1240 268/418/406 978/500/488
f 580/1383/1234 1530/1382/1239 978/500/488 271/499/487
f 96/474/462 669/473/461 1531/1385/1241 576/1379/1236
f 669/473/461 84/381/369 564/1386/1242 1531/1385/1241
f 1531/1385/1241 564/1386/1242 267/382/370 979/476/464
f 576/1379/1236 1531/1385/1241 979/476/464 270/475/463
f 92/450/438 665/449/437 1532/1387/1243 572/1381/1238
f 665/449/437 76/309/297 556/1388/1244 1532/1387/1243
f 1532/1387/1243 556/1388/1244 265/310/298 980/452/440
f 572/1381/1238 1532/1387/1243 980/452/440 269/451/439
f 88/417/405 661/416/404 1533/1389/1245 568/1384/1240
f 661/416/404 165/415/403 960/1343/1202 1533/1389/1245
f 1533/1389/1245 960/1343/1202 288/422/410 981/419/407
f 568/1384/1240 1533/1389/1245 981/419/407 268/418/406
f 84/381/369 657/380/368 1534/1390/1246 564/1386/1242
f 657/380/368 161/379/367 959/1346/1205 1534/1390/1246
f 1534/1390/1246 959/1346/1205 287/386/374 982/383/371
f 564/1386/1242 1534/1390/1246 982/383/371 267/382/370
f 80/345/333 653/344/332 1535/1391/1247 560/1392/1206
f 653/344/332 157/343/331 958/1349/1208 1535/1391/1247
f 1535/1391/1247 958/1349/1208 286/350/338 983/347/335
f 560/1392/1206 1535/1391/1247 983/347/335 266/346/334
f 76/309/297 649/308/296 1536/1393/1248 556/1388/1244
f 649/308/296 153/307/295 957/1352/1211 1536/1393/1248
f 1536/1393/1248 957/1352/1211 285/314/302 984/311/299
f 556/1388/1244 1536/1393/1248 984/311/299 265/310/298
f 166/424/412 742/919/858 1537/1394/1249 1008/1395/1250
f 742/919/858 151/853/804 631/1396/1251 1537/1394/1249
f 1537/1394/1249 631/1396/1251 308/854/805 1009/920/859
f 1008/1395/1250 1537/1394/1249 1009/920/859 312/431/419
f 162/388/376 738/901/846 1538/1397/1252 1007/1398/1253
f 738/901/846 79/900/342 559/1399/1254 1538/1397/1252
f 1538/1397/1252 559/1399/1254 290/904/343 1010/902/847
f 1007/1398/1253 1538/1397/1252 1010/902/847 311/395/383
f 158/352/340 734/883/834 1539/1400/1255 1006/1401/1256
f 734/883/834 147/829/780 627/1402/1257 1539/1400/1255
f 1539/1400/1255 627/1402/1257 307/830/781 1011/884/835
f 1006/1401/1256 1539/1400/1255 1011/884/835 310/359/347
f 154/316/304 730/871/822 1540/1403/1258 1005/1404/1259
f 730/871/822 143/799/756 623/1405/1260 1540/1403/1258
f 1540/1403/1258 623/1405/1260 306/800/757 1012/872/823
f 1005/1404/1259 1540/1403/1258 1012/872/823 309/323/311
f 151/853/804 726/852/803 1541/1406/1261 631/1396/1251
f 726/852/803 139/768/732 619/1407/1262 1541/1406/1261
f 1541/1406/1261 619/1407/1262 305/769/733 1013/855/806
f 631/1396/1251 1541/1406/1261 1013/855/806 308/854/805
f 147/829/780 722/828/779 1542/1408/1263 627/1402/1257
f 722/828/779 135/744/708 615/1409/1264 1542/1408/1263
f 1542/1408/1263 615/1409/1264 304/745/709 1014/831/782
f 627/1402/1257 1542/1408/1263 1014/831/782 307/830/781
f 143/799/756 718/798/755 1543/1410/1265 623/1405/1260
f 718/798/755 131/797/684 611/1411/1266 1543/1410/1265
f 1543/1410/1265 611/1411/1266 303/804/685 1015/801/758
f 623/1405/1260 1543/1410/1265 1015/801/758 306/800/757
f 139/768/732 714/767/731 1544/1412/1267 619/1407/1262
f 714/767/731 127/690/660 607/1413/1268 1544/1412/1267
f 1544/1412/1267 607/1413/1268 302/691/661 1016/770/734
f 619/1407/1262 1544/1412/1267 1016/770/734 305/769/733
f 135/744/708 710/743/707 1545/1414/1269 615/1409/1264
f 710/743/707 123/660/636 603/1415/1270 1545/1414/1269
f 1545/1414/1269 603/1415/1270 301/661/637 1017/746/710
f 615/1409/1264 1545/1414/1269 1017/746/710 304/745/709
f 131/720/684 706/719/683 1546/1416/1271 611/1417/1266
f 706/719/683 119/636/612 599/1418/1272 1546/1416/1271
f 1546/1416/1271 599/1418/1272 300/637/613 1018/722/686
f 611/1417/1266 1546/1416/1271 1018/722/686 303/721/685
f 127/690/660 702/689/659 1547/1419/1273 607/1413/1268
f 702/689/659 115/688/588 595/1420/1274 1547/1419/1273
f 1547/1419/1273 595/1420/1274 299/695/589 1019/692/662
f 607/1413/1268 1547/1419/1273 1019/692/662 302/691/661
f 123/660/636 698/659/635 1548/1421/1275 603/1415/1270
f 698/659/635 111/582/564 591/1422/1276 1548/1421/1275
f 1548/1421/1275 591/1422/1276 298/583/565 1020/662/638
f 603/1415/1270 1548/1421/1275 1020/662/638 301/661/637
f 119/636/612 694/635/611 1549/1423/1277 599/1418/1272
f 694/635/611 107/552/540 587/1424/1278 1549/1423/1277
f 1549/1423/1277 587/1424/1278 297/553/541 1021/638/614
f 599/1418/1272 1549/1423/1277 1021/638/614 300/637/613
f 115/612/588 690/611/587 1550/1425/1279 595/1426/1274
f 690/611/587 103/528/516 583/1427/1280 1550/1425/1279
f 1550/1425/1279 583/1427/1280 296/529/517 1022/614/590
f 595/1426/1274 1550/1425/1279 1022/614/590 299/613/589
f 111/582/564 686/581/563 1551/1428/1281 591/1422/1276
f 686/581/563 99/580/492 579/1429/1282 1551/1428/1281
f 1551/1428/1281 579/1429/1282 295/587/493 1023/584/566
f 591/1422/1276 1551/1428/1281 1023/584/566 298/583/565
f 107/552/540 682/551/539 1552/1430/1283 587/1424/1278
f 682/551/539 95/480/468 575/1431/1284 1552/1430/1283
f 1552/1430/1283 575/1431/1284 294/481/469 1024/554/542
f 587/1424/1278 1552/1430/1283 1024/554/542 297/553/541
f 103/528/516 678/527/515 1553/1432/1285 583/1427/1280
f 678/527/515 91/456/444 571/1433/1286 1553/1432/1285
f 1553/1432/1285 571/1433/1286 293/457/445 1025/530/518
f 583/1427/1280 1553/1432/1285 1025/530/518 296/529/517
f 99/504/492 674/503/491 1554/1434/1287 579/1435/1282
f 674/503/491 87/426/414 567/1436/1288 1554/1434/1287
f 1554/1434/1287 567/1436/1288 292/427/415 1026/506/494
f 579/1435/1282 1554/1434/1287 1026/506/494 295/505/493
f 95/480/468 670/479/467 1555/1437/1289 575/1431/1284
f 670/479/467 83/390/378 563/1438/1290 1555/1437/1289
f 1555/1437/1289 563/1438/1290 291/391/379 1027/482/470
f 575/1431/1284 1555/1437/1289 1027/482/470 294/481/469
f 91/456/444 666/455/443 1556/1439/1291 571/1433/1286
f 666/455/443 75/318/306 555/1440/1292 1556/1439/1291
f 1556/1439/1291 555/1440/1292 289/319/307 1028/458/446
f 571/1433/1286 1556/1439/1291 1028/458/446 293/457/445
f 87/426/414 662/425/413 1557/1441/1293 567/1436/1288
f 662/425/413 166/424/412 1008/1395/1250 1557/1441/1293
f 1557/1441/1293 1008/1395/1250 312/431/419 1029/428/416
f 567/1436/1288 1557/1441/1293 1029/428/416 292/427/415
f 83/390/378 658/389/377 1558/1442/1294 563/1438/1290
f 658/389/377 162/388/376 1007/1398/1253 1558/1442/1294
f 1558/1442/1294 1007/1398/1253 311/395/383 1030/392/380
f 563/1438/1290 1558/1442/1294 1030/392/380 291/391/379
f 79/354/342 654/353/341 1559/1443/1295 559/1444/1254
f 654/353/341 158/352/340 1006/1401/1256 1559/1443/1295
f 1559/1443/1295 1006/1401/1256 310/359/347 1031/356/344
f 559/1444/1254 1559/1443/1295 1031/356/344 290/355/343
f 75/318/306 650/317/305 1560/1445/1296 555/1440/1292
f 650/317/305 154/316/304 1005/1404/1259 1560/1445/1296
f 1560/1445/1296 1005/1404/1259 309/323/311 1032/320/308
f 555/1440/1292 1560/1445/1296 1032/320/308 289/319/307
f 167/433/421 743/922/861 1561/1446/1297 1056/1447/1298
f 743/922/861 150/859/810 630/1448/1299 1561/1446/1297
f 1561/1446/1297 630/1448/1299 332/860/811 1057/923/862
f 1056/1447/1298 1561/1446/1297 1057/923/862 336/440/428
f 163/397/385 739/907/849 1562/1449/1300 1055/1450/1301
f 739/907/849 78/906/351 558/1451/1302 1562/1449/1300
f 1562/1449/1300 558/1451/1302 314/910/352 1058/908/850
f 1055/1450/1301 1562/1449/1300 1058/908/850 335/404/392
f 159/361/349 735/886/837 1563/1452/1303 1054/1453/1304
f 735/886/837 146/835/786 626/1454/1305 1563/1452/1303
f 1563/1452/1303 626/1454/1305 331/836/787 1059/887/838
f 1054/1453/1304 1563/1452/1303 1059/887/838 334/368/356
f 155/325/313 731/874/825 1564/1455/1306 1053/1456/1307
f 731/874/825 142/808/762 622/1457/1308 1564/1455/1306
f 1564/1455/1306 622/1457/1308 330/809/763 1060/875/826
f 1053/1456/1307 1564/1455/1306 1060/875/826 333/332/320
f 150/859/810 727/858/809 1565/1458/1309 630/1448/1299
f 727/858/809 138/775/738 618/1459/1310 1565/1458/1309
f 1565/1458/1309 618/1459/1310 329/776/739 1061/861/812
f 630/1448/1299 1565/1458/1309 1061/861/812 332/860/811
f 146/835/786 723/834/785 1566/1460/1311 626/1454/1305
f 723/834/785 134/750/714 614/1461/1312 1566/1460/1311
f 1566/1460/1311 614/1461/1312 328/751/715 1062/837/788
f 626/1454/1305 1566/1460/1311 1062/837/788 331/836/787
f 142/808/762 719/807/761 1567/1462/1313 622/1457/1308
f 719/807/761 130/806/690 610/1463/1314 1567/1462/1313
f 1567/1462/1313 610/1463/1314 327/813/691 1063/810/764
f 622/1457/1308 1567/1462/1313 1063/810/764 330/809/763
f 138/775/738 715/774/737 1568/1464/1315 618/1459/1310
f 715/774/737 126/773/666 606/1465/1316 1568/1464/1315
f 1568/1464/1315 606/1465/1316 326/700/667 1064/777/740
f 618/1459/1310 1568/1464/1315 1064/777/740 329/776/739
f 134/750/714 711/749/713 1569/1466/1317 614/1461/1312
f 711/749/713 122/666/642 602/1467/1318 1569/1466/1317
f 1569/1466/1317 602/1467/1318 325/667/643 1065/752/716
f 614/1461/1312 1569/1466/1317 1065/752/716 328/751/715
f 130/726/690 707/725/689 1570/1468/1319 610/1469/1314
f 707/725/689 118/642/618 598/1470/1320 1570/1468/1319
f 1570/1468/1319 598/1470/1320 324/643/619 1066/728/692
f 610/1469/1314 1570/1468/1319 1066/728/692 327/727/691
f 126/699/666 703/698/665 1571/1471/1321 606/1465/1316
f 703/698/665 114/697/594 594/1472/1322 1571/1471/1321
f 1571/1471/1321 594/1472/1322 323/704/595 1067/701/668
f 606/1465/1316 1571/1471/1321 1067/701/668 326/700/667
f 122/666/642 699/665/641 1572/1473/1323 602/1467/1318
f 699/665/641 110/591/570 590/1474/1324 1572/1473/1323
f 1572/1473/1323 590/1474/1324 322/592/571 1068/668/644
f 602/1467/1318 1572/1473/1323 1068/668/644 325/667/643
f 118/642/618 695/641/617 1573/1475/1325 598/1470/1320
f 695/641/617 106/558/546 586/1476/1326 1573/1475/1325
f 1573/1475/1325 586/1476/1326 321/559/547 1069/644/620
f 598/1470/1320 1573/1475/1325 1069/644/620 324/643/619
f 114/618/594 691/617/593 1574/1477/1327 594/1478/1322
f 691/617/593 102/534/522 582/1479/1328 1574/1477/1327
f 1574/1477/1327 582/1479/1328 320/535/523 1070/620/596
f 594/1478/1322 1574/1477/1327 1070/620/596 323/619/595
f 110/591/570 687/590/569 1575/1480/1329 590/1474/1324
f 687/590/569 98/589/498 578/1481/1330 1575/1480/1329
f 1575/1480/1329 578/1481/1330 319/596/499 1071/593/572
f 590/1474/1324 1575/1480/1329 1071/593/572 322/592/571
f 106/558/546 683/557/545 1576/1482/1331 586/1476/1326
f 683/557/545 94/486/474 574/1483/1332 1576/1482/1331
f 1576/1482/1331 574/1483/1332 318/487/475 1072/560/548
f 586/1476/1326 1576/1482/1331 1072/560/548 321/559/547
f 102/534/522 679/533/521 1577/1484/1333 582/1479/1328
f 679/533/521 90/462/450 570/1485/1334 1577/1484/1333
f 1577/1484/1333 570/1485/1334 317/463/451 1073/536/524
f 582/1479/1328 1577/1484/1333 1073/536/524 320/535/523
f 98/510/498 675/509/497 1578/1486/1335 578/1487/1330
f 675/509/497 86/435/423 566/1488/1336 1578/1486/1335
f 1578/1486/1335 566/1488/1336 316/436/424 1074/512/500
f 578/1487/1330 1578/1486/1335 1074/512/500 319/511/499
f 94/486/474 671/485/473 1579/1489/1337 574/1483/1332
f 671/485/473 82/399/387 562/1490/1338 1579/1489/1337
f 1579/1489/1337 562/1490/1338 315/400/388 1075/488/476
f 574/1483/1332 1579/1489/1337 1075/488/476 318/487/475
f 90/462/450 667/461/449 1580/1491/1339 570/1485/1334
f 667/461/449 74/327/315 554/1492/1340 1580/1491/1339
f 1580/1491/1339 554/1492/1340 313/328/316 1076/464/452
f 570/1485/1334 1580/1491/1339 1076/464/452 317/463/451
f 86/435/423 663/434/422 1581/1493/1341 566/1488/1336
f 663/434/422 167/433/421 1056/1447/1298 1581/1493/1341
f 1581/1493/1341 1056/1447/1298 336/440/428 1077/437/425
f 566/1488/1336 1581/1493/1341 1077/437/425 316/436/424
f 82/399/387 659/398/386 1582/1494/1342 562/1490/1338
f 659/398/386 163/397/385 1055/1450/1301 1582/1494/1342
f 1582/1494/1342 1055/1450/1301 335/404/392 1078/401/389
f 562/1490/1338 1582/1494/1342 1078/401/389 315/400/388
f 78/363/351 655/362/350 1583/1495/1343 558/1496/1302
f 655/362/350 159/361/349 1054/1453/1304 1583/1495/1343
f 1583/1495/1343 1054/1453/1304 334/368/356 1079/365/353
f 558/1496/1302 1583/1495/1343 1079/365/353 314/364/352
f 74/327/315 651/326/314 1584/1497/1344 554/1492/1340
f 651/326/314 155/325/313 1053/1456/1307 1584/1497/1344
f 1584/1497/1344 1053/1456/1307 333/332/320 1080/329/317
f 554/1492/1340 1584/1497/1344 1080/329/317 313/328/316
f 388/1498/1345 1224/1499/1346 1585/1500/1347 1084/1501/1348
f 1224/1499/1346 408/1502/1349 1200/1503/1350 1585/1500/1347
f 1585/1500/1347 1200/1503/1350 360/130/127 1105/148/142
f 1084/1501/1348 1585/1500/1347 1105/148/142 340/32/32
f 387/1504/1351 1223/1505/1352 1586/1506/1353 1083/1507/1354
f 1223/1505/1352 390/1508/1355 1182/1509/1356 1586/1506/1353
f 1586/1506/1353 1182/1509/1356 342/144/10 1106/142/139
f 1083/1507/1354 1586/1506/1353 1106/142/139 339/23/23
f 386/1510/1357 1222/1511/1358 1587/1512/1359 1082/1513/1360
f 1222/1511/1358 407/1514/1361 1199/1515/1362 1587/1512/1359
f 1587/1512/1359 1199/1515/1362 359/124/121 1107/139/136
f 1082/1513/1360 1587/1512/1359 1107/139/136 338/14/14
f 385/1516/1363 1221/1517/1364 1588/1518/1365 1081/1519/1366
f 1221/1517/1364 406/1520/1367 1198/1521/1368 1588/1518/1365
f 1588/1518/1365 1198/1521/1368 358/118/115 1108/136/133
f 1081/1519/1366 1588/1518/1365 1108/136/133 337/5/5
f 408/1502/1349 1220/1522/1369 1589/1523/1370 1200/1503/1350
f 1220/1522/1369 405/1524/1371 1197/1525/1372 1589/1523/1370
f 1589/1523/1370 1197/1525/1372 357/112/109 1109/131/128
f 1200/1503/1350 1589/1523/1370 1109/131/128 360/130/127
f 407/1514/1361 1219/1526/1373 1590/1527/1374 1199/1515/1362
f 1219/1526/1373 404/1528/1375 1196/1529/1376 1590/1527/1374
f 1590/1527/1374 1196/1529/1376 356/106/103 1110/125/122
f 1199/1515/1362 1590/1527/1374 1110/125/122 359/124/121
f 406/1520/1367 1218/1530/1377 1591/1531/1378 1198/1521/1368
f 1218/1530/1377 403/1532/1379 1195/1533/1380 1591/1531/1378
f 1591/1531/1378 1195/1533/1380 355/100/97 1111/119/116
f 1198/1521/1368 1591/1531/1378 1111/119/116 358/118/115
f 405/1524/1371 1217/1534/1381 1592/1535/1382 1197/1525/1372
f 1217/1534/1381 402/1536/1383 1194/1537/1384 1592/1535/1382
f 1592/1535/1382 1194/1537/1384 354/91/91 1112/113/110
f 1197/1525/1372 1592/1535/1382 1112/113/110 357/112/109
f 404/1528/1375 1216/1538/1385 1593/1539/1386 1196/1529/1376
f 1216/1538/1385 401/1540/1387 1193/1541/1388 1593/1539/1386
f 1593/1539/1386 1193/1541/1388 353/85/85 1113/107/104
f 1196/1529/1376 1593/1539/1386 1113/107/104 356/106/103
f 403/1532/1379 1215/1542/1389 1594/1543/1390 1195/1533/1380
f 1215/1542/1389 400/1544/1391 1192/1545/1392 1594/1543/1390
f 1594/1543/1390 1192/1545/1392 352/79/79 1114/101/98
f 1195/1533/1380 1594/1543/1390 1114/101/98 355/100/97
f 402/1536/1383 1214/1546/1393 1595/1547/1394 1194/1537/1384
f 1214/1546/1393 399/1548/1395 1191/1549/1396 1595/1547/1394
f 1595/1547/1394 1191/1549/1396 351/95/73 1115/92/92
f 1194/1537/1384 1595/1547/1394 1115/92/92 354/91/91
f 401/1540/1387 1213/1550/1397 1596/1551/1398 1193/1541/1388
f 1213/1550/1397 398/1552/1399 1190/1553/1400 1596/1551/1398
f 1596/1551/1398 1190/1553/1400 350/67/67 1116/86/86
f 1193/1541/1388 1596/1551/1398 1116/86/86 353/85/85
f 400/1544/1391 1212/1554/1401 1597/1555/1402 1192/1545/1392
f 1212/1554/1401 397/1556/1403 1189/1557/1404 1597/1555/1402
f 1597/1555/1402 1189/1557/1404 349/61/61 1117/80/80
f 1192/1545/1392 1597/1555/1402 1117/80/80 352/79/79
f 399/1558/1395 1211/1559/1405 1598/1560/1406 1191/1561/1396
f 1211/1559/1405 396/1562/1407 1188/1563/1408 1598/1560/1406
f 1598/1560/1406 1188/1563/1408 348/55/55 1118/74/74
f 1191/1561/1396 1598/1560/1406 1118/74/74 351/73/73
f 398/1552/1399 1210/1564/1409 1599/1565/1410 1190/1553/1400
f 1210/1564/1409 395/1566/1411 1187/1567/1412 1599/1565/1410
f 1599/1565/1410 1187/1567/1412 347/49/49 1119/68/68
f 1190/1553/1400 1599/1565/1410 1119/68/68 350/67/67
f 397/1556/1403 1209/1568/1413 1600/1569/1414 1189/1557/1404
f 1209/1568/1413 394/1570/1415 1186/1571/1416 1600/1569/1414
f 1600/1569/1414 1186/1571/1416 346/43/43 1120/62/62
f 1189/1557/1404 1600/1569/1414 1120/62/62 349/61/61
f 396/1562/1407 1208/1572/1417 1601/1573/1418 1188/1563/1408
f 1208/1572/1417 393/1574/1419 1185/1575/1420 1601/1573/1418
f 1601/1573/1418 1185/1575/1420 345/37/37 1121/56/56
f 1188/1563/1408 1601/1573/1418 1121/56/56 348/55/55
f 395/1566/1411 1207/1576/1421 1602/1577/1422 1187/1567/1412
f 1207/1576/1421 392/1578/1423 1184/1579/1424 1602/1577/1422
f 1602/1577/1422 1184/1579/1424 344/28/28 1122/50/50
f 1187/1567/1412 1602/1577/1422 1122/50/50 347/49/49
f 394/1570/1415 1206/1580/1425 1603/1581/1426 1186/1571/1416
f 1206/1580/1425 391/1582/1427 1183/1583/1428 1603/1581/1426
f 1603/1581/1426 1183/1583/1428 343/19/19 1123/44/44
f 1186/1571/1416 1603/1581/1426 1123/44/44 346/43/43
f 393/1574/1419 1205/1584/1429 1604/1585/1430 1185/1575/1420
f 1205/1584/1429 389/1586/1431 1181/1587/1432 1604/1585/1430
f 1604/1585/1430 1181/1587/1432 341/1/1 1124/38/38
f 1185/1575/1420 1604/1585/1430 1124/38/38 345/37/37
f 392/1578/1423 1204/1588/1433 1605/1589/1434 1184/1579/1424
f 1204/1588/1433 388/1498/1345 1084/1501/1348 1605/1589/1434
f 1605/1589/1434 1084/1501/1348 340/32/32 1125/29/29
f 1184/1579/1424 1605/1589/1434 1125/29/29 344/28/28
f 391/1582/1427 1203/1590/1435 1606/1591/1436 1183/1583/1428
f 1203/1590/1435 387/1504/1351 1083/1507/1354 1606/1591/1436
f 1606/1591/1436 1083/1507/1354 339/23/23 1126/20/20
f 1183/1583/1428 1606/1591/1436 1126/20/20 343/19/19
f 390/1592/1355 1202/1593/1437 1607/1594/1438 1182/1595/1356
f 1202/1593/1437 386/1510/1357 1082/1513/1360 1607/1594/1438
f 1607/1594/1438 1082/1513/1360 338/14/14 1127/11/11
f 1182/1595/1356 1607/1594/1438 1127/11/11 342/10/10
f 389/1586/1431 1201/1596/1439 1608/1597/1440 1181/1587/1432
f 1201/1596/1439 385/1516/1363 1081/1519/1366 1608/1597/1440
f 1608/1597/1440 1081/1519/1366 337/5/5 1128/2/2
f 1181/1587/1432 1608/1597/1440 1128/2/2 341/1/1
f 50/284/275 552/300/288 1609/1598/1441 506/1599/1442
f 552/300/288 49/186/180 1149/1600/1443 1609/1598/1441
f 1609/1598/1441 1149/1600/1443 381/1601/1444 1153/1602/1445
f 506/1599/1442 1609/1598/1441 1153/1602/1445 361/1603/1446
f 52/297/160 551/296/285 1610/1604/1447 508/1605/1448
f 551/296/285 51/177/171 1150/1606/1449 1610/1604/1447
f 1610/1604/1447 1150/1606/1449 382/1607/1450 1154/1608/1451
f 508/1605/1448 1610/1604/1447 1154/1608/1451 362/1609/1452
f 54/278/269 550/291/282 1611/1610/1453 510/1611/1454
f 550/291/282 53/168/162 1151/1612/1455 1611/1610/1453
f 1611/1610/1453 1151/1612/1455 383/1613/1456 1155/1614/1457
f 510/1611/1454 1611/1610/1453 1155/1614/1457 363/1615/1458
f 56/272/263 549/288/279 1612/1616/1459 512/1617/1460
f 549/288/279 55/159/153 1152/1618/1461 1612/1616/1459
f 1612/1616/1459 1152/1618/1461 384/1619/1462 1156/1620/1463
f 512/1617/1460 1612/1616/1459 1156/1620/1463 364/1621/1464
f 57/266/257 548/285/276 1613/1622/1465 513/1623/1466
f 548/285/276 50/284/275 506/1599/1442 1613/1622/1465
f 1613/1622/1465 506/1599/1442 361/1603/1446 1157/1624/1467
f 513/1623/1466 1613/1622/1465 1157/1624/1467 365/1625/1468
f 58/260/251 547/279/270 1614/1626/1469 514/1627/1470
f 547/279/270 54/278/269 510/1611/1454 1614/1626/1469
f 1614/1626/1469 510/1611/1454 363/1615/1458 1158/1628/1471
f 514/1627/1470 1614/1626/1469 1158/1628/1471 366/1629/1472
f 59/254/245 546/273/264 1615/1630/1473 515/1631/1474
f 546/273/264 56/272/263 512/1617/1460 1615/1630/1473
f 1615/1630/1473 512/1617/1460 364/1621/1464 1159/1632/1475
f 515/1631/1474 1615/1630/1473 1159/1632/1475 367/1633/1476
f 60/247/239 545/267/258 1616/1634/1477 516/1635/1478
f 545/267/258 57/266/257 513/1623/1466 1616/1634/1477
f 1616/1634/1477 513/1623/1466 365/1625/1468 1160/1636/1479
f 516/1635/1478 1616/1634/1477 1160/1636/1479 368/1637/1480
f 61/239/233 544/261/252 1617/1638/1481 517/1639/1482
f 544/261/252 58/260/251 514/1627/1470 1617/1638/1481
f 1617/1638/1481 514/1627/1470 366/1629/1472 1161/1640/1483
f 517/1639/1482 1617/1638/1481 1161/1640/1483 369/1641/1484
f 62/233/227 543/255/246 1618/1642/1485 518/1643/1486
f 543/255/246 59/254/245 515/1631/1474 1618/1642/1485
f 1618/1642/1485 515/1631/1474 367/1633/1476 1162/1644/1487
f 518/1643/1486 1618/1642/1485 1162/1644/1487 370/1645/1488
f 63/249/221 542/248/240 1619/1646/1489 519/1647/1490
f 542/248/240 60/247/239 516/1635/1478 1619/1646/1489
f 1619/1646/1489 516/1635/1478 368/1637/1480 1163/1648/1491
f 519/1647/1490 1619/1646/1489 1163/1648/1491 371/1649/1492
f 64/221/215 541/240/234 1620/1650/1493 520/1651/1494
f 541/240/234 61/239/233 517/1639/1482 1620/1650/1493
f 1620/1650/1493 517/1639/1482 369/1641/1484 1164/1652/1495
f 520/1651/1494 1620/1650/1493 1164/1652/1495 372/1653/1496
f 65/215/209 540/234/228 1621/1654/1497 521/1655/1498
f 540/234/228 62/233/227 518/1643/1486 1621/1654/1497
f 1621/1654/1497 518/1643/1486 370/1645/1488 1165/1656/1499
f 521/1655/1498 1621/1654/1497 1165/1656/1499 373/1657/1500
f 66/209/203 539/228/222 1622/1658/1501 522/1659/1502
f 539/228/222 63/227/221 519/1660/1490 1622/1658/1501
f 1622/1658/1501 519/1660/1490 371/1661/1492 1166/1662/1503
f 522/1659/1502 1622/1658/1501 1166/1662/1503 374/1663/1504
f 67/203/197 538/222/216 1623/1664/1505 523/1665/1506
f 538/222/216 64/221/215 520/1651/1494 1623/1664/1505
f 1623/1664/1505 520/1651/1494 372/1653/1496 1167/1666/1507
f 523/1665/1506 1623/1664/1505 1167/1666/1507 375/1667/1508
f 68/197/191 537/216/210 1624/1668/1509 524/1669/1510
f 537/216/210 65/215/209 521/1655/1498 1624/1668/1509
f 1624/1668/1509 521/1655/1498 373/1657/1500 1168/1670/1511
f 524/1669/1510 1624/1668/1509 1168/1670/1511 376/1671/1512
f 69/191/185 536/210/204 1625/1672/1513 525/1673/1514
f 536/210/204 66/209/203 522/1659/1502 1625/1672/1513
f 1625/1672/1513 522/1659/1502 374/1663/1504 1169/1674/1515
f 525/1673/1514 1625/1672/1513 1169/1674/1515 377/1675/1516
f 70/184/178 535/204/198 1626/1676/1517 526/1677/1518
f 535/204/198 67/203/197 523/1665/1506 1626/1676/1517
f 1626/1676/1517 523/1665/1506 375/1667/1508 1170/1678/1519
f 526/1677/1518 1626/1676/1517 1170/1678/1519 378/1679/1520
f 71/175/169 534/198/192 1627/1680/1521 527/1681/1522
f 534/198/192 68/197/191 524/1669/1510 1627/1680/1521
f 1627/1680/1521 524/1669/1510 376/1671/1512 1171/1682/1523
f 527/1681/1522 1627/1680/1521 1171/1682/1523 379/1683/1524
f 72/157/151 533/192/186 1628/1684/1525 528/1685/1526
f 533/192/186 69/191/185 525/1673/1514 1628/1684/1525
f 1628/1684/1525 525/1673/1514 377/1675/1516 1172/1686/1527
f 528/1685/1526 1628/1684/1525 1172/1686/1527 380/1687/1528
f 49/186/180 532/185/179 1629/1688/1529 1149/1600/1443
f 532/185/179 70/184/178 526/1677/1518 1629/1688/1529
f 1629/1688/1529 526/1677/1518 378/1679/1520 1173/1689/1530
f 1149/1600/1443 1629/1688/1529 1173/1689/1530 381/1601/1444
f 51/177/171 531/176/170 1630/1690/1531 1150/1606/1449
f 531/176/170 71/175/169 527/1681/1522 1630/1690/1531
f 1630/1690/1531 527/1681/1522 379/1683/1524 1174/1691/1532
f 1150/1606/1449 1630/1690/1531 1174/1691/1532 382/1607/1450
f 53/168/162 530/167/161 1631/1692/1533 1151/1612/1455
f 530/167/161 52/166/160 508/1693/1448 1631/1692/1533
f 1631/1692/1533 508/1693/1448 362/1694/1452 1175/1695/1534
f 1151/1612/1455 1631/1692/1533 1175/1695/1534 383/1613/1456
f 55/159/153 529/158/152 1632/1696/1535 1152/1618/1461
f 529/158/152 72/157/151 528/1685/1526 1632/1696/1535
f 1632/1696/1535 528/1685/1526 380/1687/1528 1176/1697/1536
f 1152/1618/1461 1632/1696/1535 1176/1697/1536 384/1619/1462
f 361/1603/1446 1153/1602/1445 1633/1698/1537 1129/1699/1538
f 1153/1602/1445 381/1601/1444 1177/1700/1539 1633/1698/1537
f 1633/1698/1537 1177/1700/1539 385/1516/1363 1201/1596/1439
f 1129/1699/1538 1633/1698/1537 1201/1596/1439 389/1586/1431
f 362/1609/1452 1154/1608/1451 1634/1701/1540 1130/1702/1541
f 1154/1608/1451 382/1607/1450 1178/1703/1542 1634/1701/1540
f 1634/1701/1540 1178/1703/1542 386/1510/1357 1202/1593/1437
f 1130/1702/1541 1634/1701/1540 1202/1593/1437 390/1592/1355
f 363/1615/1458 1155/1614/1457 1635/1704/1543 1131/1705/1544
f 1155/1614/1457 383/1613/1456 1179/1706/1545 1635/1704/1543
f 1635/1704/1543 1179/1706/1545 387/1504/1351 1203/1590/1435
f 1131/1705/1544 1635/1704/1543 1203/1590/1435 391/1582/1427
f 364/1621/1464 1156/1620/1463 1636/1707/1546 1132/1708/1547
f 1156/1620/1463 384/1619/1462 1180/1709/1548 1636/1707/1546
f 1636/1707/1546 1180/1709/1548 388/1498/1345 1204/1588/1433
f 1132/1708/1547 1636/1707/1546 1204/1588/1433 392/1578/1423
f 365/1625/1468 1157/1624/1467 1637/1710/1549 1133/1711/1550
f 1157/1624/1467 361/1603/1446 1129/1699/1538 1637/1710/1549
f 1637/1710/1549 1129/1699/1538 389/1586/1431 1205/1584/1429
f 1133/1711/1550 1637/1710/1549 1205/1584/1429 393/1574/1419
f 366/1629/1472 1158/1628/1471 1638/1712/1551 1134/1713/1552
f 1158/1628/1471 363/1615/1458 1131/1705/1544 1638/1712/1551
f 1638/1712/1551 1131/1705/1544 391/1582/1427 1206/1580/1425
f 1134/1713/1552 1638/1712/1551 1206/1580/1425 394/1570/1415
f 367/1633/1476 1159/1632/1475 1639/1714/1553 1135/1715/1554
f 1159/1632/1475 364/1621/1464 1132/1708/1547 1639/1714/1553
f 1639/1714/1553 1132/1708/1547 392/1578/1423 1207/1576/1421
f 1135/1715/1554 1639/1714/1553 1207/1576/1421 395/1566/1411
f 368/1637/1480 1160/1636/1479 1640/1716/1555 1136/1717/1556
f 1160/1636/1479 365/1625/1468 1133/1711/1550 1640/1716/1555
f 1640/1716/1555 1133/1711/1550 393/1574/1419 1208/1572/1417
f 1136/1717/1556 1640/1716/1555 1208/1572/1417 396/1562/1407
f 369/1641/1484 1161/1640/1483 1641/1718/1557 1137/1719/1558
f 1161/1640/1483 366/1629/1472 1134/1713/1552 1641/1718/1557
f 1641/1718/1557 1134/1713/1552 394/1570/1415 1209/1568/1413
f 1137/1719/1558 1641/1718/1557 1209/1568/1413 397/1556/1403
f 370/1645/1488 1162/1644/1487 1642/1720/1559 1138/1721/1560
f 1162/1644/1487 367/1633/1476 1135/1715/1554 1642/1720/1559
f 1642/1720/1559 1135/1715/1554 395/1566/1411 1210/1564/1409
f 1138/1721/1560 1642/1720/1559 1210/1564/1409 398/1552/1399
f 371/1649/1492 1163/1648/1491 1643/1722/1561 1139/1723/1562
f 1163/1648/1491 368/1637/1480 1136/1717/1556 1643/1722/1561
f 1643/1722/1561 1136/1717/1556 396/1562/1407 1211/1559/1405
f 1139/1723/1562 1643/1722/1561 1211/1559/1405 399/1558/1395
f 372/1653/1496 1164/1652/1495 1644/1724/1563 1140/1725/1564
f 1164/1652/1495 369/1641/1484 1137/1719/1558 1644/1724/1563
f 1644/1724/1563 1137/1719/1558 397/1556/1403 1212/1554/1401
f 1140/1725/1564 1644/1724/1563 1212/1554/1401 400/1544/1391
f 373/1657/1500 1165/1656/1499 1645/1726/1565 1141/1727/1566
f 1165/1656/1499 370/1645/1488 1138/1721/1560 1645/1726/1565
f 1645/1726/1565 1138/1721/1560 398/1552/1399 1213/1550/1397
f 1141/1727/1566 1645/1726/1565 1213/1550/1397 401/1540/1387
f 374/1663/1504 1166/1662/1503 1646/1728/1567 1142/1729/1568
f 1166/1662/1503 371/1661/1492 1139/1730/1562 1646/1728/1567
f 1646/1728/1567 1139/1730/1562 399/1548/1395 1214/1546/1393
f 1142/1729/1568 1646/1728/1567 1214/1546/1393 402/1536/1383
f 375/1667/1508 1167/1666/1507 1647/1731/1569 1143/1732/1570
f 1167/1666/1507 372/1653/1496 1140/1725/1564 1647/1731/1569
f 1647/1731/1569 1140/1725/1564 400/1544/1391 1215/1542/1389
f 1143/1732/1570 1647/1731/1569 1215/1542/1389 403/1532/1379
f 376/1671/1512 1168/1670/1511 1648/1733/1571 1144/1734/1572
f 1168/1670/1511 373/1657/1500 1141/1727/1566 1648/1733/1571
f 1648/1733/1571 1141/1727/1566 401/1540/1387 1216/1538/1385
f 1144/1734/1572 1648/1733/1571 1216/1538/1385 404/1528/1375
f 377/1675/1516 1169/1674/1515 1649/1735/1573 1145/1736/1574
f 1169/1674/1515 374/1663/1504 1142/1729/1568 1649/1735/1573
f 1649/1735/1573 1142/1729/1568 402/1536/1383 1217/1534/1381
f 1145/1736/1574 1649/1735/1573 1217/1534/1381 405/1524/1371
f 378/1679/1520 1170/1678/1519 1650/1737/1575 1146/1738/1576
f 1170/1678/1519 375/1667/1508 1143/1732/1570 1650/1737/1575
f 1650/1737/1575 1143/1732/1570 403/1532/1379 1218/1530/1377
f 1146/1738/1576 1650/1737/1575 1218/1530/1377 406/1520/1367
f 379/1683/1524 1171/1682/1523 1651/1739/1577 1147/1740/1578
f 1171/1682/1523 376/1671/1512 1144/1734/1572 1651/1739/1577
f 1651/1739/1577 1144/1734/1572 404/1528/1375 1219/1526/1373
f 1147/1740/1578 1651/1739/1577 1219/1526/1373 407/1514/1361
f 380/1687/1528 1172/1686/1527 1652/1741/1579 1148/1742/1580
f 1172/1686/1527 377/1675/1516 1145/1736/1574 1652/1741/1579
f 1652/1741/1579 1145/1736/1574 405/1524/1371 1220/1522/1369
f 1148/1742/1580 1652/1741/1579 1220/1522/1369 408/1502/1349
f 381/1601/1444 1173/1689/1530 1653/1743/1581 1177/1700/1539
f 1173/1689/1530 378/1679/1520 1146/1738/1576 1653/1743/1581
f 1653/1743/1581 1146/1738/1576 406/1520/1367 1221/1517/1364
f 1177/1700/1539 1653/1743/1581 1221/1517/1364 385/1516/1363
f 382/1607/1450 1174/1691/1532 1654/1744/1582 1178/1703/1542
f 1174/1691/1532 379/1683/1524 1147/1740/1578 1654/1744/1582
f 1654/1744/1582 1147/1740/1578 407/1514/1361 1222/1511/1358
f 1178/1703/1542 1654/1744/1582 1222/1511/1358 386/1510/1357
f 383/1613/1456 1175/1695/1534 1655/1745/1583 1179/1706/1545
f 1175/1695/1534 362/1694/1452 1130/1746/1541 1655/1745/1583
f 1655/1745/1583 1130/1746/1541 390/1508/1355 1223/1505/1352
f 1179/1706/1545 1655/1745/1583 1223/1505/1352 387/1504/1351
f 384/1619/1462 1176/1697/1536 1656/1747/1584 1180/1709/1548
f 1176/1697/1536 380/1687/1528 1148/1742/1580 1656/1747/1584
f 1656/1747/1584 1148/1742/1580 408/1502/1349 1224/1499/1346
f 1180/1709/1548 1656/1747/1584 1224/1499/1346 388/1498/1345
f 13/1748/1107 445/1749/1105 1657/1750/1585 1250/1751/1586
f 445/1749/1105 14/1752/1083 1249/1753/1587 1657/1750/1585
f 1657/1750/1585 1249/1753/1587 422/1754/1588 1237/1755/1589
f 1250/1751/1586 1657/1750/1585 1237/1755/1589 421/1756/1590
f 6/1757/1099 438/1758/1097 1658/1759/1591 1252/1760/1592
f 438/1758/1097 7/1761/1075 1251/1762/1593 1658/1759/1591
f 1658/1759/1591 1251/1762/1593 415/1763/1594 1230/1764/1595
f 1252/1760/1592 1658/1759/1591 1230/1764/1595 414/1765/1596
f 21/1766/1091 453/1767/1089 1659/1768/1597 1254/1769/1598
f 453/1767/1089 22/1770/1067 1253/1771/1599 1659/1768/1597
f 1659/1768/1597 1253/1771/1599 430/1772/1600 1245/1773/1601
f 1254/1769/1598 1659/1768/1597 1245/1773/1601 429/1774/1602
f 14/1752/1083 446/1775/1081 1660/1776/1603 1249/1753/1587
f 446/1775/1081 15/1777/1059 1255/1778/1604 1660/1776/1603
f 1660/1776/1603 1255/1778/1604 423/1779/1605 1238/1780/1606
f 1249/1753/1587 1660/1776/1603 1238/1780/1606 422/1754/1588
f 7/1761/1075 439/1781/1073 1661/1782/1607 1251/1762/1593
f 439/1781/1073 8/1783/1049 1256/1784/1608 1661/1782/1607
f 1661/1782/1607 1256/1784/1608 416/1785/1609 1231/1786/1610
f 1251/1762/1593 1661/1782/1607 1231/1786/1610 415/1763/1594
f 22/1770/1067 454/1787/1065 1662/1788/1611 1253/1771/1599
f 454/1787/1065 23/1789/1037 1257/1790/1612 1662/1788/1611
f 1662/1788/1611 1257/1790/1612 431/1791/1613 1246/1792/1614
f 1253/1771/1599 1662/1788/1611 1246/1792/1614 430/1772/1600
f 15/1777/1059 447/1793/1057 1663/1794/1615 1255/1778/1604
f 447/1793/1057 16/1795/1013 1258/1796/1616 1663/1794/1615
f 1663/1794/1615 1258/1796/1616 424/1797/1617 1239/1798/1618
f 1255/1778/1604 1663/1794/1615 1239/1798/1618 423/1779/1605
f 8/1783/1049 440/1799/1046 1664/1800/1619 1256/1784/1608
f 440/1799/1046 9/1801/1045 1259/1802/1620 1664/1800/1619
f 1664/1800/1619 1259/1802/1620 417/1803/1621 1232/1804/1622
f 1256/1784/1608 1664/1800/1619 1232/1804/1622 416/1785/1609
f 23/1789/1037 455/1805/1034 1665/1806/1623 1257/1790/1612
f 455/1805/1034 24/1807/1033 1260/1808/1624 1665/1806/1623
f 1665/1806/1623 1260/1808/1624 432/1809/1625 1247/1810/1626
f 1257/1790/1612 1665/1806/1623 1247/1810/1626 431/1791/1613
f 1/1811/1025 433/1812/1022 1666/1813/1627 1262/1814/1628
f 433/1812/1022 2/1815/1021 1261/1816/1629 1666/1813/1627
f 1666/1813/1627 1261/1816/1629 410/1817/1630 1225/1818/1631
f 1262/1814/1628 1666/1813/1627 1225/1818/1631 409/1819/1632
f 16/1795/1013 448/1820/1010 1667/1821/1633 1258/1796/1616
f 448/1820/1010 17/1822/1009 1263/1823/1634 1667/1821/1633
f 1667/1821/1633 1263/1823/1634 425/1824/1635 1240/1825/1636
f 1258/1796/1616 1667/1821/1633 1240/1825/1636 424/1797/1617
f 9/1801/1045 441/1826/1197 1668/1827/1637 1259/1802/1620
f 441/1826/1197 10/1828/1179 1264/1829/1638 1668/1827/1637
f 1668/1827/1637 1264/1829/1638 418/1830/1639 1233/1831/1640
f 1259/1802/1620 1668/1827/1637 1233/1831/1640 417/1803/1621
f 24/1807/1033 456/1832/1193 1669/1833/1641 1260/1808/1624
f 456/1832/1193 1/1811/1025 1262/1814/1628 1669/1833/1641
f 1669/1833/1641 1262/1814/1628 409/1819/1632 1248/1834/1642
f 1260/1808/1624 1669/1833/1641 1248/1834/1642 432/1809/1625
f 2/1815/1021 434/1835/1189 1670/1836/1643 1261/1816/1629
f 434/1835/1189 3/1837/1171 1265/1838/1644 1670/1836/1643
f 1670/1836/1643 1265/1838/1644 411/1839/1645 1226/1840/1646
f 1261/1816/1629 1670/1836/1643 1226/1840/1646 410/1817/1630
f 17/1822/1009 449/1841/1185 1671/1842/1647 1263/1823/1634
f 449/1841/1185 18/1843/1163 1266/1844/1648 1671/1842/1647
f 1671/1842/1647 1266/1844/1648 426/1845/1649 1241/1846/1650
f 1263/1823/1634 1671/1842/1647 1241/1846/1650 425/1824/1635
f 10/1828/1179 442/1847/1177 1672/1848/1651 1264/1829/1638
f 442/1847/1177 11/1849/1155 1267/1850/1652 1672/1848/1651
f 1672/1848/1651 1267/1850/1652 419/1851/1653 1234/1852/1654
f 1264/1829/1638 1672/1848/1651 1234/1852/1654 418/1830/1639
f 3/1837/1171 435/1853/1169 1673/1854/1655 1265/1838/1644
f 435/1853/1169 4/1855/1147 1268/1856/1656 1673/1854/1655
f 1673/1854/1655 1268/1856/1656 412/1857/1657 1227/1858/1658
f 1265/1838/1644 1673/1854/1655 1227/1858/1658 411/1839/1645
f 18/1843/1163 450/1859/1161 1674/1860/1659 1266/1844/1648
f 450/1859/1161 19/1861/1139 1269/1862/1660 1674/1860/1659
f 1674/1860/1659 1269/1862/1660 427/1863/1661 1242/1864/1662
f 1266/1844/1648 1674/1860/1659 1242/1864/1662 426/1845/1649
f 11/1849/1155 443/1865/1153 1675/1866/1663 1267/1850/1652
f 443/1865/1153 12/1867/1131 1270/1868/1664 1675/1866/1663
f 1675/1866/1663 1270/1868/1664 420/1869/1665 1235/1870/1666
f 1267/1850/1652 1675/1866/1663 1235/1870/1666 419/1851/1653
f 4/1855/1147 436/1871/1145 1676/1872/1667 1268/1856/1656
f 436/1871/1145 5/1873/1123 1271/1874/1668 1676/1872/1667
f 1676/1872/1667 1271/1874/1668 413/1875/1669 1228/1876/1670
f 1268/1856/1656 1676/1872/1667 1228/1876/1670 412/1857/1657
f 19/1861/1139 451/1877/1137 1677/1878/1671 1269/1862/1660
f 451/1877/1137 20/1879/1115 1272/1880/1672 1677/1878/1671
f 1677/1878/1671 1272/1880/1672 428/1881/1673 1243/1882/1674
f 1269/1862/1660 1677/1878/1671 1243/1882/1674 427/1863/1661
f 12/1867/1131 444/1883/1129 1678/1884/1675 1270/1868/1664
f 444/1883/1129 13/1748/1107 1250/1751/1586 1678/1884/1675
f 1678/1884/1675 1250/1751/1586 421/1756/1590 1236/1885/1676
f 1270/1868/1664 1678/1884/1675 1236/1885/1676 420/1869/1665
f 5/1873/1123 437/1886/1121 1679/1887/1677 1271/1874/1668
f 437/1886/1121 6/1757/1099 1252/1760/1592 1679/1887/1677
f 1679/1887/1677 1252/1760/1592 414/1765/1596 1229/1888/1678
f 1271/1874/1668 1679/1887/1677 1229/1888/1678 413/1875/1669
f 20/1879/1115 452/1889/1113 1680/1890/1679 1272/1880/1672
f 452/1889/1113 21/1766/1091 1254/1769/1598 1680/1890/1679
f 1680/1890/1679 1254/1769/1598 429/1774/1602 1244/1891/1680
f 1272/1880/1672 1680/1890/1679 1244/1891/1680 428/1881/1673
f 410/1817/1630 1226/1840/1646 1681/1892/1681 1225/1818/1631
f 411/1839/1645 1227/1858/1658 1681/1892/1681 1226/1840/1646
f 412/1857/1657 1228/1876/1670 1681/1892/1681 1227/1858/1658
f 413/1875/1669 1229/1888/1678 1681/1892/1681 1228/1876/1670
f 414/1765/1596 1230/1764/1595 1681/1892/1681 1229/1888/1678
f 415/1763/1594 1231/1786/1610 1681/1892/1681 1230/1764/1595
f 416/1785/1609 1232/1804/1622 1681/1892/1681 1231/1786/1610
f 417/1803/1621 1233/1831/1640 1681/1892/1681 1232/1804/1622
f 418/1830/1639 1234/1852/1654 1681/1892/1681 1233/1831/1640
f 419/1851/1653 1235/1870/1666 1681/1892/1681 1234/1852/1654
f 420/1869/1665 1236/1885/1676 1681/1892/1681 1235/1870/1666
f 421/1756/1590 1237/1755/1589 1681/1892/1681 1236/1885/1676
f 422/1754/1588 1238/1780/1606 1681/1892/1681 1237/1755/1589
f 423/1779/1605 1239/1798/1618 1681/1892/1681 1238/1780/1606
f 424/1797/1617 1240/1825/1636 1681/1892/1681 1239/1798/1618
f 425/1824/1635 1241/1846/1650 1681/1892/1681 1240/1825/1636
f 426/1845/1649 1242/1864/1662 1681/1892/1681 1241/1846/1650
f 427/1863/1661 1243/1882/1674 1681/1892/1681 1242/1864/1662
f 428/1881/1673 1244/1891/1680 1681/1892/1681 1243/1882/1674
f 429/1774/1602 1245/1773/1601 1681/1892/1681 1244/1891/1680
f 430/1772/1600 1246/1792/1614 1681/1892/1681 1245/1773/1601
f 431/1791/1613 1247/1810/1626 1681/1892/1681 1246/1792/1614
f 432/1809/1625 1248/1834/1642 1681/1892/1681 1247/1810/1626
f 409/1819/1632 1225/1818/1631 1681/1892/1681 1248/1834/1642
f 2022/1893/1682 2766/1894/1683 2954/1895/1684 2809/1896/1685
f 2809/1896/1685 2954/1895/1684 2162/1897/1686 2018/1898/1687
f 2954/1895/1684 2146/1899/1688 1714/1900/1689 2162/1897/1686
f 2766/1894/1683 1715/1901/1690 2146/1899/1688 2954/1895/1684
f 2023/1902/1691 2767/1903/1692 2955/1904/1693 2808/1905/1694
f 2808/1905/1694 2955/1904/1693 2164/1906/1695 2019/1907/1696
f 2955/1904/1693 2161/1908/1697 1729/1909/1698 2164/1906/1695
f 2767/1903/1692 1706/1910/1699 2161/1908/1697 2955/1904/1693
f 2024/1911/1700 2768/1912/1701 2956/1913/1702 2807/1914/1703
f 2807/1914/1703 2956/1913/1702 2166/1915/1704 2020/1916/1705
f 2956/1913/1702 2139/1917/1706 1707/1918/1707 2166/1915/1704
f 2768/1912/1701 1708/1919/1708 2139/1917/1706 2956/1913/1702
f 2025/1920/1709 2769/1921/1710 2957/1922/1711 2806/1923/1712
f 2806/1923/1712 2957/1922/1711 2168/1924/1713 2021/1925/1714
f 2957/1922/1711 2154/1926/1715 1722/1927/1716 2168/1924/1713
f 2769/1921/1710 1723/1928/1717 2154/1926/1715 2957/1922/1711
f 2026/1929/1718 2770/1930/1719 2958/1931/1720 2805/1932/1721
f 2805/1932/1721 2958/1931/1720 2766/1894/1683 2022/1893/1682
f 2958/1931/1720 2147/1933/1722 1715/1901/1690 2766/1894/1683
f 2770/1930/1719 1716/1934/1723 2147/1933/1722 2958/1931/1720
f 2027/1935/1724 2771/1936/1725 2959/1937/1726 2804/1938/1727
f 2804/1938/1727 2959/1937/1726 2768/1912/1701 2024/1911/1700
f 2959/1937/1726 2140/1939/1728 1708/1919/1708 2768/1912/1701
f 2771/1936/1725 1709/1940/1729 2140/1939/1728 2959/1937/1726
f 2028/1941/1730 2772/1942/1731 2960/1943/1732 2803/1944/1733
f 2803/1944/1733 2960/1943/1732 2769/1921/1710 2025/1920/1709
f 2960/1943/1732 2155/1945/1734 1723/1928/1717 2769/1921/1710
f 2772/1942/1731 1724/1946/1735 2155/1945/1734 2960/1943/1732
f 2029/1947/1736 2773/1948/1737 2961/1949/1738 2802/1950/1739
f 2802/1950/1739 2961/1949/1738 2770/1930/1719 2026/1929/1718
f 2961/1949/1738 2148/1951/1740 1716/1934/1723 2770/1930/1719
f 2773/1948/1737 1717/1952/1741 2148/1951/1740 2961/1949/1738
f 2030/1953/1742 2774/1954/1743 2962/1955/1744 2801/1956/1745
f 2801/1956/1745 2962/1955/1744 2771/1936/1725 2027/1935/1724
f 2962/1955/1744 2141/1957/1746 1709/1940/1729 2771/1936/1725
f 2774/1954/1743 1710/1958/1747 2141/1957/1746 2962/1955/1744
f 2031/1959/1748 2775/1960/1749 2963/1961/1750 2800/1962/1751
f 2800/1962/1751 2963/1961/1750 2772/1942/1731 2028/1941/1730
f 2963/1961/1750 2156/1963/1752 1724/1946/1735 2772/1942/1731
f 2775/1960/1749 1725/1964/1753 2156/1963/1752 2963/1961/1750
f 2032/1965/1754 2776/1966/1755 2964/1967/1756 2799/1968/1757
f 2799/1968/1757 2964/1967/1756 2773/1948/1737 2029/1947/1736
f 2964/1967/1756 2149/1969/1758 1717/1952/1741 2773/1948/1737
f 2776/1966/1755 1718/1970/1759 2149/1969/1758 2964/1967/1756
f 2033/1971/1760 2777/1972/1761 2965/1973/1762 2798/1974/1763
f 2798/1974/1763 2965/1973/1762 2774/1954/1743 2030/1953/1742
f 2965/1973/1762 2142/1975/1764 1710/1958/1747 2774/1954/1743
f 2777/1972/1761 1711/1976/1765 2142/1975/1764 2965/1973/1762
f 2034/1977/1766 2778/1978/1767 2966/1979/1768 2797/1980/1769
f 2797/1980/1769 2966/1979/1768 2775/1960/1749 2031/1959/1748
f 2966/1979/1768 2157/1981/1770 1725/1964/1753 2775/1960/1749
f 2778/1978/1767 1726/1982/1771 2157/1981/1770 2966/1979/1768
f 2035/1983/1772 2779/1984/1773 2967/1985/1774 2796/1986/1775
f 2796/1986/1775 2967/1985/1774 2776/1987/1755 2032/1988/1754
f 2967/1985/1774 2150/1989/1776 1718/1990/1759 2776/1987/1755
f 2779/1984/1773 1719/1991/1777 2150/1989/1776 2967/1985/1774
f 2036/1992/1778 2780/1993/1779 2968/1994/1780 2795/1995/1781
f 2795/1995/1781 2968/1994/1780 2777/1972/1761 2033/1971/1760
f 2968/1994/1780 2143/1996/1782 1711/1976/1765 2777/1972/1761
f 2780/1993/1779 1712/1997/1783 2143/1996/1782 2968/1994/1780
f 2037/1998/1784 2781/1999/1785 2969/2000/1786 2794/2001/1787
f 2794/2001/1787 2969/2000/1786 2778/1978/1767 2034/1977/1766
f 2969/2000/1786 2158/2002/1788 1726/1982/1771 2778/1978/1767
f 2781/1999/1785 1727/2003/1789 2158/2002/1788 2969/2000/1786
f 2038/2004/1790 2782/2005/1791 2970/2006/1792 2793/2007/1793
f 2793/2007/1793 2970/2006/1792 2779/1984/1773 2035/1983/1772
f 2970/2006/1792 2151/2008/1794 1719/1991/1777 2779/1984/1773
f 2782/2005/1791 1720/2009/1795 2151/2008/1794 2970/2006/1792
f 2039/2010/1796 2783/2011/1797 2971/2012/1798 2792/2013/1799
f 2792/2013/1799 2971/2012/1798 2780/1993/1779 2036/1992/1778
f 2971/2012/1798 2144/2014/1800 1712/1997/1783 2780/1993/1779
f 2783/2011/1797 1713/2015/1801 2144/2014/1800 2971/2012/1798
f 2040/2016/1802 2784/2017/1803 2972/2018/1804 2791/2019/1805
f 2791/2019/1805 2972/2018/1804 2781/1999/1785 2037/1998/1784
f 2972/2018/1804 2159/2020/1806 1727/2003/1789 2781/1999/1785
f 2784/2017/1803 1728/2021/1807 2159/2020/1806 2972/2018/1804
f 2041/2022/1808 2785/2023/1809 2973/2024/1810 2790/2025/1811
f 2790/2025/1811 2973/2024/1810 2782/2005/1791 2038/2004/1790
f 2973/2024/1810 2152/2026/1812 1720/2009/1795 2782/2005/1791
f 2785/2023/1809 1721/2027/1813 2152/2026/1812 2973/2024/1810
f 2018/1898/1687 2162/1897/1686 2974/2028/1814 2789/2029/1815
f 2789/2029/1815 2974/2028/1814 2783/2011/1797 2039/2010/1796
f 2974/2028/1814 2145/2030/1816 1713/2015/1801 2783/2011/1797
f 2162/1897/1686 1714/1900/1689 2145/2030/1816 2974/2028/1814
f 2019/1907/1696 2164/1906/1695 2975/2031/1817 2788/2032/1818
f 2788/2032/1818 2975/2031/1817 2784/2017/1803 2040/2016/1802
f 2975/2031/1817 2160/2033/1819 1728/2021/1807 2784/2017/1803
f 2164/1906/1695 1729/1909/1698 2160/2033/1819 2975/2031/1817
f 2020/1916/1705 2166/1915/1704 2976/2034/1820 2787/2035/1821
f 2787/2035/1821 2976/2034/1820 2767/2036/1692 2023/2037/1691
f 2976/2034/1820 2138/2038/1822 1706/2039/1699 2767/2036/1692
f 2166/1915/1704 1707/1918/1707 2138/2038/1822 2976/2034/1820
f 2021/1925/1714 2168/1924/1713 2977/2040/1823 2786/2041/1824
f 2786/2041/1824 2977/2040/1823 2785/2023/1809 2041/2022/1808
f 2977/2040/1823 2153/2042/1825 1721/2027/1813 2785/2023/1809
f 2168/1924/1713 1722/1927/1716 2153/2042/1825 2977/2040/1823
f 1857/2043/1826 2192/2044/1827 2978/2045/1828 2521/2046/1829
f 2521/2046/1829 2978/2045/1828 2472/2047/1830 1896/2048/1831
f 2978/2045/1828 2210/2049/1832 1753/2050/1833 2472/2047/1830
f 2192/2044/1827 1736/2051/1834 2210/2049/1832 2978/2045/1828
f 1855/2052/1835 2190/2053/1836 2979/2054/1837 2519/2055/1838
f 2519/2055/1838 2979/2054/1837 2436/2056/1839 1860/2057/1840
f 2979/2054/1837 2211/2058/1841 1733/2059/1842 2436/2056/1839
f 2190/2053/1836 1734/2060/1843 2211/2058/1841 2979/2054/1837
f 1853/2061/1844 2188/2062/1845 2980/2063/1846 2517/2064/1847
f 2517/2064/1847 2980/2063/1846 2470/2065/1848 1894/2066/1849
f 2980/2063/1846 2212/2067/1850 1752/2068/1851 2470/2065/1848
f 2188/2062/1845 1732/2069/1852 2212/2067/1850 2980/2063/1846
f 1851/2070/1853 2186/2071/1854 2981/2072/1855 2515/2073/1856
f 2515/2073/1856 2981/2072/1855 2468/2074/1857 1892/2075/1858
f 2981/2072/1855 2213/2076/1859 1751/2077/1860 2468/2074/1857
f 2186/2071/1854 1730/2078/1861 2213/2076/1859 2981/2072/1855
f 1896/2048/1831 2472/2047/1830 2982/2079/1862 2513/2080/1863
f 2513/2080/1863 2982/2079/1862 2466/2081/1864 1890/2082/1865
f 2982/2079/1862 2214/2083/1866 1750/2084/1867 2466/2081/1864
f 2472/2047/1830 1753/2050/1833 2214/2083/1866 2982/2079/1862
f 1894/2066/1849 2470/2065/1848 2983/2085/1868 2511/2086/1869
f 2511/2086/1869 2983/2085/1868 2464/2087/1870 1888/2088/1871
f 2983/2085/1868 2215/2089/1872 1749/2090/1873 2464/2087/1870
f 2470/2065/1848 1752/2068/1851 2215/2089/1872 2983/2085/1868
f 1892/2075/1858 2468/2074/1857 2984/2091/1874 2509/2092/1875
f 2509/2092/1875 2984/2091/1874 2462/2093/1876 1886/2094/1877
f 2984/2091/1874 2216/2095/1878 1748/2096/1879 2462/2093/1876
f 2468/2074/1857 1751/2077/1860 2216/2095/1878 2984/2091/1874
f 1890/2082/1865 2466/2081/1864 2985/2097/1880 2507/2098/1881
f 2507/2098/1881 2985/2097/1880 2460/2099/1882 1884/2100/1883
f 2985/2097/1880 2217/2101/1884 1747/2102/1885 2460/2099/1882
f 2466/2081/1864 1750/2084/1867 2217/2101/1884 2985/2097/1880
f 1888/2088/1871 2464/2087/1870 2986/2103/1886 2505/2104/1887
f 2505/2104/1887 2986/2103/1886 2458/2105/1888 1882/2106/1889
f 2986/2103/1886 2218/2107/1890 1746/2108/1891 2458/2105/1888
f 2464/2087/1870 1749/2090/1873 2218/2107/1890 2986/2103/1886
f 1886/2094/1877 2462/2093/1876 2987/2109/1892 2503/2110/1893
f 2503/2110/1893 2987/2109/1892 2456/2111/1894 1880/2112/1895
f 2987/2109/1892 2219/2113/1896 1745/2114/1897 2456/2111/1894
f 2462/2093/1876 1748/2096/1879 2219/2113/1896 2987/2109/1892
f 1884/2100/1883 2460/2099/1882 2988/2115/1898 2501/2116/1899
f 2501/2116/1899 2988/2115/1898 2454/2117/1900 1878/2118/1901
f 2988/2115/1898 2220/2119/1902 1744/2120/1903 2454/2117/1900
f 2460/2099/1882 1747/2102/1885 2220/2119/1902 2988/2115/1898
f 1882/2106/1889 2458/2105/1888 2989/2121/1904 2499/2122/1905
f 2499/2122/1905 2989/2121/1904 2452/2123/1906 1876/2124/1907
f 2989/2121/1904 2221/2125/1908 1743/2126/1909 2452/2123/1906
f 2458/2105/1888 1746/2108/1891 2221/2125/1908 2989/2121/1904
f 1880/2112/1895 2456/2111/1894 2990/2127/1910 2497/2128/1911
f 2497/2128/1911 2990/2127/1910 2450/2129/1912 1874/2130/1913
f 2990/2127/1910 2222/2131/1914 1742/2132/1915 2450/2129/1912
f 2456/2111/1894 1745/2114/1897 2222/2131/1914 2990/2127/1910
f 1878/2133/1901 2454/2134/1900 2991/2135/1916 2495/2136/1917
f 2495/2136/1917 2991/2135/1916 2448/2137/1918 1872/2138/1919
f 2991/2135/1916 2223/2139/1920 1741/2140/1921 2448/2137/1918
f 2454/2134/1900 1744/2141/1903 2223/2139/1920 2991/2135/1916
f 1876/2124/1907 2452/2123/1906 2992/2142/1922 2493/2143/1923
f 2493/2143/1923 2992/2142/1922 2446/2144/1924 1870/2145/1925
f 2992/2142/1922 2224/2146/1926 1740/2147/1927 2446/2144/1924
f 2452/2123/1906 1743/2126/1909 2224/2146/1926 2992/2142/1922
f 1874/2130/1913 2450/2129/1912 2993/2148/1928 2491/2149/1929
f 2491/2149/1929 2993/2148/1928 2444/2150/1930 1868/2151/1931
f 2993/2148/1928 2225/2152/1932 1739/2153/1933 2444/2150/1930
f 2450/2129/1912 1742/2132/1915 2225/2152/1932 2993/2148/1928
f 1872/2138/1919 2448/2137/1918 2994/2154/1934 2489/2155/1935
f 2489/2155/1935 2994/2154/1934 2442/2156/1936 1866/2157/1937
f 2994/2154/1934 2226/2158/1938 1738/2159/1939 2442/2156/1936
f 2448/2137/1918 1741/2140/1921 2226/2158/1938 2994/2154/1934
f 1870/2145/1925 2446/2144/1924 2995/2160/1940 2487/2161/1941
f 2487/2161/1941 2995/2160/1940 2440/2162/1942 1864/2163/1943
f 2995/2160/1940 2227/2164/1944 1737/2165/1945 2440/2162/1942
f 2446/2144/1924 1740/2147/1927 2227/2164/1944 2995/2160/1940
f 1868/2151/1931 2444/2150/1930 2996/2166/1946 2485/2167/1947
f 2485/2167/1947 2996/2166/1946 2438/2168/1948 1862/2169/1949
f 2996/2166/1946 2228/2170/1950 1735/2171/1951 2438/2168/1948
f 2444/2150/1930 1739/2153/1933 2228/2170/1950 2996/2166/1946
f 1866/2157/1937 2442/2156/1936 2997/2172/1952 2483/2173/1953
f 2483/2173/1953 2997/2172/1952 2434/2174/1954 1858/2175/1955
f 2997/2172/1952 2229/2176/1956 1731/2177/1957 2434/2174/1954
f 2442/2156/1936 1738/2159/1939 2229/2176/1956 2997/2172/1952
f 1864/2163/1943 2440/2162/1942 2998/2178/1958 2481/2179/1959
f 2481/2179/1959 2998/2178/1958 2192/2044/1827 1857/2043/1826
f 2998/2178/1958 2230/2180/1960 1736/2051/1834 2192/2044/1827
f 2440/2162/1942 1737/2165/1945 2230/2180/1960 2998/2178/1958
f 1862/2169/1949 2438/2168/1948 2999/2181/1961 2479/2182/1962
f 2479/2182/1962 2999/2181/1961 2190/2053/1836 1855/2052/1835
f 2999/2181/1961 2231/2183/1963 1734/2060/1843 2190/2053/1836
f 2438/2168/1948 1735/2171/1951 2231/2183/1963 2999/2181/1961
f 1860/2184/1840 2436/2185/1839 3000/2186/1964 2477/2187/1965
f 2477/2187/1965 3000/2186/1964 2188/2062/1845 1853/2061/1844
f 3000/2186/1964 2232/2188/1966 1732/2069/1852 2188/2062/1845
f 2436/2185/1839 1733/2189/1842 2232/2188/1966 3000/2186/1964
f 1858/2175/1955 2434/2174/1954 3001/2190/1967 2475/2191/1968
f 2475/2191/1968 3001/2190/1967 2186/2071/1854 1851/2070/1853
f 3001/2190/1967 2233/2192/1969 1730/2078/1861 2186/2071/1854
f 2434/2174/1954 1731/2177/1957 2233/2192/1969 3001/2190/1967
f 1898/2193/1970 2522/2194/1971 3002/2195/1972 2617/2196/1973
f 2617/2196/1973 3002/2195/1972 2314/2197/1974 1939/2198/1975
f 3002/2195/1972 2330/2199/1976 1834/2200/1977 2314/2197/1974
f 2522/2194/1971 1757/2201/1978 2330/2199/1976 3002/2195/1972
f 1946/2202/1979 2618/2203/1980 3003/2204/1981 2665/2205/1982
f 2665/2205/1982 3003/2204/1981 2315/2206/1983 1966/2207/1984
f 3003/2204/1981 2331/2208/1985 1835/2209/1986 2315/2206/1983
f 2618/2203/1980 1756/2210/1987 2331/2208/1985 3003/2204/1981
f 1970/2211/1988 2666/2212/1989 3004/2213/1990 2713/2214/1991
f 2713/2214/1991 3004/2213/1990 2316/2215/1992 1990/2216/1993
f 3004/2213/1990 2332/2217/1994 1836/2218/1995 2316/2215/1992
f 2666/2212/1989 1755/2219/1996 2332/2217/1994 3004/2213/1990
f 1994/2220/1997 2714/2221/1998 3005/2222/1999 2761/2223/2000
f 2761/2223/2000 3005/2222/1999 2317/2224/2001 2014/2225/2002
f 3005/2222/1999 2333/2226/2003 1837/2227/2004 2317/2224/2001
f 2714/2221/1998 1754/2228/2005 2333/2226/2003 3005/2222/1999
f 1900/2229/2006 2524/2230/2007 3006/2231/2008 2615/2232/2009
f 2615/2232/2009 3006/2231/2008 2318/2233/2010 1941/2234/2011
f 3006/2231/2008 2334/2235/2012 1838/2236/2013 2318/2233/2010
f 2524/2230/2007 1761/2237/2014 2334/2235/2012 3006/2231/2008
f 1947/2238/2015 2619/2239/2016 3007/2240/2017 2664/2241/2018
f 2664/2241/2018 3007/2240/2017 2319/2242/2019 1967/2243/2020
f 3007/2240/2017 2335/2244/2021 1839/2245/2022 2319/2242/2019
f 2619/2239/2016 1760/2246/2023 2335/2244/2021 3007/2240/2017
f 1971/2247/2024 2667/2248/2025 3008/2249/2026 2712/2250/2027
f 2712/2250/2027 3008/2249/2026 2320/2251/2028 1991/2252/2029
f 3008/2249/2026 2336/2253/2030 1840/2254/2031 2320/2251/2028
f 2667/2248/2025 1759/2255/2032 2336/2253/2030 3008/2249/2026
f 1995/2256/2033 2715/2257/2034 3009/2258/2035 2760/2259/2036
f 2760/2259/2036 3009/2258/2035 2321/2260/2037 2015/2261/2038
f 3009/2258/2035 2337/2262/2039 1841/2263/2040 2321/2260/2037
f 2715/2257/2034 1758/2264/2041 2337/2262/2039 3009/2258/2035
f 1902/2265/2042 2526/2266/2043 3010/2267/2044 2613/2268/2045
f 2613/2268/2045 3010/2267/2044 2322/2269/2046 1943/2270/2047
f 3010/2267/2044 2338/2271/2048 1842/2272/2049 2322/2269/2046
f 2526/2266/2043 1765/2273/2050 2338/2271/2048 3010/2267/2044
f 1948/2274/2051 2620/2275/2052 3011/2276/2053 2663/2277/2054
f 2663/2277/2054 3011/2276/2053 2323/2278/2055 1968/2279/2056
f 3011/2276/2053 2339/2280/2057 1843/2281/2058 2323/2278/2055
f 2620/2275/2052 1764/2282/2059 2339/2280/2057 3011/2276/2053
f 1972/2283/2060 2668/2284/2061 3012/2285/2062 2711/2286/2063
f 2711/2286/2063 3012/2285/2062 2324/2287/2064 1992/2288/2065
f 3012/2285/2062 2340/2289/2066 1844/2290/2067 2324/2287/2064
f 2668/2284/2061 1763/2291/2068 2340/2289/2066 3012/2285/2062
f 1996/2292/2069 2716/2293/2070 3013/2294/2071 2759/2295/2072
f 2759/2295/2072 3013/2294/2071 2325/2296/2073 2016/2297/2074
f 3013/2294/2071 2341/2298/2075 1845/2299/2076 2325/2296/2073
f 2716/2293/2070 1762/2300/2077 2341/2298/2075 3013/2294/2071
f 1904/2301/2078 2528/2302/2079 3014/2303/2080 2611/2304/2081
f 2611/2304/2081 3014/2303/2080 2326/2305/2082 1945/2306/2083
f 3014/2303/2080 2342/2307/2084 1846/2308/2085 2326/2305/2082
f 2528/2302/2079 1769/2309/2086 2342/2307/2084 3014/2303/2080
f 1949/2310/2087 2621/2311/2088 3015/2312/2089 2662/2313/2090
f 2662/2313/2090 3015/2312/2089 2327/2314/2091 1969/2315/2092
f 3015/2312/2089 2343/2316/2093 1847/2317/2094 2327/2314/2091
f 2621/2311/2088 1768/2318/2095 2343/2316/2093 3015/2312/2089
f 1973/2319/2096 2669/2320/2097 3016/2321/2098 2710/2322/2099
f 2710/2322/2099 3016/2321/2098 2328/2323/2100 1993/2324/2101
f 3016/2321/2098 2344/2325/2102 1848/2326/2103 2328/2323/2100
f 2669/2320/2097 1767/2327/2104 2344/2325/2102 3016/2321/2098
f 1997/2328/2105 2717/2329/2106 3017/2330/2107 2758/2331/2108
f 2758/2331/2108 3017/2330/2107 2329/2332/2109 2017/2333/2110
f 3017/2330/2107 2345/2334/2111 1849/2335/2112 2329/2332/2109
f 2717/2329/2106 1766/2336/2113 2345/2334/2111 3017/2330/2107
f 1906/2337/2114 2530/2338/2115 3018/2339/2116 2609/2340/2117
f 2609/2340/2117 3018/2339/2116 2522/2194/1971 1898/2193/1970
f 3018/2339/2116 2346/2341/2118 1757/2201/1978 2522/2194/1971
f 2530/2338/2115 1773/2342/2119 2346/2341/2118 3018/2339/2116
f 1950/2343/2120 2622/2344/2121 3019/2345/2122 2661/2346/2123
f 2661/2346/2123 3019/2345/2122 2618/2203/1980 1946/2202/1979
f 3019/2345/2122 2347/2347/2124 1756/2210/1987 2618/2203/1980
f 2622/2344/2121 1772/2348/2125 2347/2347/2124 3019/2345/2122
f 1974/2349/2126 2670/2350/2127 3020/2351/2128 2709/2352/2129
f 2709/2352/2129 3020/2351/2128 2666/2212/1989 1970/2211/1988
f 3020/2351/2128 2348/2353/2130 1755/2219/1996 2666/2212/1989
f 2670/2350/2127 1771/2354/2131 2348/2353/2130 3020/2351/2128
f 1998/2355/2132 2718/2356/2133 3021/2357/2134 2757/2358/2135
f 2757/2358/2135 3021/2357/2134 2714/2221/1998 1994/2220/1997
f 3021/2357/2134 2349/2359/2136 1754/2228/2005 2714/2221/1998
f 2718/2356/2133 1770/2360/2137 2349/2359/2136 3021/2357/2134
f 1908/2361/2138 2532/2362/2139 3022/2363/2140 2607/2364/2141
f 2607/2364/2141 3022/2363/2140 2526/2266/2043 1902/2265/2042
f 3022/2363/2140 2350/2365/2142 1765/2273/2050 2526/2266/2043
f 2532/2362/2139 1777/2366/2143 2350/2365/2142 3022/2363/2140
f 1951/2367/2144 2623/2368/2145 3023/2369/2146 2660/2370/2147
f 2660/2370/2147 3023/2369/2146 2620/2275/2052 1948/2274/2051
f 3023/2369/2146 2351/2371/2148 1764/2282/2059 2620/2275/2052
f 2623/2368/2145 1776/2372/2149 2351/2371/2148 3023/2369/2146
f 1975/2373/2150 2671/2374/2151 3024/2375/2152 2708/2376/2153
f 2708/2376/2153 3024/2375/2152 2668/2284/2061 1972/2283/2060
f 3024/2375/2152 2352/2377/2154 1763/2291/2068 2668/2284/2061
f 2671/2374/2151 1775/2378/2155 2352/2377/2154 3024/2375/2152
f 1999/2379/2156 2719/2380/2157 3025/2381/2158 2756/2382/2159
f 2756/2382/2159 3025/2381/2158 2716/2293/2070 1996/2292/2069
f 3025/2381/2158 2353/2383/2160 1762/2300/2077 2716/2293/2070
f 2719/2380/2157 1774/2384/2161 2353/2383/2160 3025/2381/2158
f 1910/2385/2162 2534/2386/2163 3026/2387/2164 2605/2388/2165
f 2605/2388/2165 3026/2387/2164 2528/2302/2079 1904/2301/2078
f 3026/2387/2164 2354/2389/2166 1769/2309/2086 2528/2302/2079
f 2534/2386/2163 1781/2390/2167 2354/2389/2166 3026/2387/2164
f 1952/2391/2168 2624/2392/2169 3027/2393/2170 2659/2394/2171
f 2659/2394/2171 3027/2393/2170 2621/2311/2088 1949/2310/2087
f 3027/2393/2170 2355/2395/2172 1768/2318/2095 2621/2311/2088
f 2624/2392/2169 1780/2396/2173 2355/2395/2172 3027/2393/2170
f 1976/2397/2174 2672/2398/2175 3028/2399/2176 2707/2400/2177
f 2707/2400/2177 3028/2399/2176 2669/2320/2097 1973/2319/2096
f 3028/2399/2176 2356/2401/2178 1767/2327/2104 2669/2320/2097
f 2672/2398/2175 1779/2402/2179 2356/2401/2178 3028/2399/2176
f 2000/2403/2180 2720/2404/2181 3029/2405/2182 2755/2406/2183
f 2755/2406/2183 3029/2405/2182 2717/2329/2106 1997/2328/2105
f 3029/2405/2182 2357/2407/2184 1766/2336/2113 2717/2329/2106
f 2720/2404/2181 1778/2408/2185 2357/2407/2184 3029/2405/2182
f 1912/2409/2186 2536/2410/2187 3030/2411/2188 2603/2412/2189
f 2603/2412/2189 3030/2411/2188 2530/2338/2115 1906/2337/2114
f 3030/2411/2188 2358/2413/2190 1773/2342/2119 2530/2338/2115
f 2536/2410/2187 1785/2414/2191 2358/2413/2190 3030/2411/2188
f 1953/2415/2192 2625/2416/2193 3031/2417/2194 2658/2418/2195
f 2658/2418/2195 3031/2417/2194 2622/2344/2121 1950/2343/2120
f 3031/2417/2194 2359/2419/2196 1772/2348/2125 2622/2344/2121
f 2625/2416/2193 1784/2420/2197 2359/2419/2196 3031/2417/2194
f 1977/2421/2198 2673/2422/2199 3032/2423/2200 2706/2424/2201
f 2706/2424/2201 3032/2423/2200 2670/2350/2127 1974/2349/2126
f 3032/2423/2200 2360/2425/2202 1771/2354/2131 2670/2350/2127
f 2673/2422/2199 1783/2426/2203 2360/2425/2202 3032/2423/2200
f 2001/2427/2204 2721/2428/2205 3033/2429/2206 2754/2430/2207
f 2754/2430/2207 3033/2429/2206 2718/2356/2133 1998/2355/2132
f 3033/2429/2206 2361/2431/2208 1770/2360/2137 2718/2356/2133
f 2721/2428/2205 1782/2432/2209 2361/2431/2208 3033/2429/2206
f 1914/2433/2210 2538/2434/2211 3034/2435/2212 2601/2436/2213
f 2601/2436/2213 3034/2435/2212 2532/2362/2139 1908/2361/2138
f 3034/2435/2212 2362/2437/2214 1777/2366/2143 2532/2362/2139
f 2538/2434/2211 1789/2438/2215 2362/2437/2214 3034/2435/2212
f 1954/2439/2216 2626/2440/2217 3035/2441/2218 2657/2442/2219
f 2657/2442/2219 3035/2441/2218 2623/2368/2145 1951/2367/2144
f 3035/2441/2218 2363/2443/2220 1776/2372/2149 2623/2368/2145
f 2626/2440/2217 1788/2444/2221 2363/2443/2220 3035/2441/2218
f 1978/2445/2222 2674/2446/2223 3036/2447/2224 2705/2448/2225
f 2705/2448/2225 3036/2447/2224 2671/2374/2151 1975/2373/2150
f 3036/2447/2224 2364/2449/2226 1775/2378/2155 2671/2374/2151
f 2674/2446/2223 1787/2450/2227 2364/2449/2226 3036/2447/2224
f 2002/2451/2228 2722/2452/2229 3037/2453/2230 2753/2454/2231
f 2753/2454/2231 3037/2453/2230 2719/2380/2157 1999/2379/2156
f 3037/2453/2230 2365/2455/2232 1774/2384/2161 2719/2380/2157
f 2722/2452/2229 1786/2456/2233 2365/2455/2232 3037/2453/2230
f 1916/2457/2234 2540/2458/2235 3038/2459/2236 2599/2460/2237
f 2599/2460/2237 3038/2459/2236 2534/2461/2163 1910/2462/2162
f 3038/2459/2236 2366/2463/2238 1781/2464/2167 2534/2461/2163
f 2540/2458/2235 1793/2465/2239 2366/2463/2238 3038/2459/2236
f 1955/2466/2240 2627/2467/2241 3039/2468/2242 2656/2469/2243
f 2656/2469/2243 3039/2468/2242 2624/2470/2169 1952/2471/2168
f 3039/2468/2242 2367/2472/2244 1780/2473/2173 2624/2470/2169
f 2627/2467/2241 1792/2474/2245 2367/2472/2244 3039/2468/2242
f 1979/2475/2246 2675/2476/2247 3040/2477/2248 2704/2478/2249
f 2704/2478/2249 3040/2477/2248 2672/2479/2175 1976/2480/2174
f 3040/2477/2248 2368/2481/2250 1779/2482/2179 2672/2479/2175
f 2675/2476/2247 1791/2483/2251 2368/2481/2250 3040/2477/2248
f 2003/2484/2252 2723/2485/2253 3041/2486/2254 2752/2487/2255
f 2752/2487/2255 3041/2486/2254 2720/2488/2181 2000/2489/2180
f 3041/2486/2254 2369/2490/2256 1778/2491/2185 2720/2488/2181
f 2723/2485/2253 1790/2492/2257 2369/2490/2256 3041/2486/2254
f 1918/2493/2258 2542/2494/2259 3042/2495/2260 2597/2496/2261
f 2597/2496/2261 3042/2495/2260 2536/2410/2187 1912/2409/2186
f 3042/2495/2260 2370/2497/2262 1785/2414/2191 2536/2410/2187
f 2542/2494/2259 1797/2498/2263 2370/2497/2262 3042/2495/2260
f 1956/2499/2264 2628/2500/2265 3043/2501/2266 2655/2502/2267
f 2655/2502/2267 3043/2501/2266 2625/2416/2193 1953/2415/2192
f 3043/2501/2266 2371/2503/2268 1784/2420/2197 2625/2416/2193
f 2628/2500/2265 1796/2504/2269 2371/2503/2268 3043/2501/2266
f 1980/2505/2270 2676/2506/2271 3044/2507/2272 2703/2508/2273
f 2703/2508/2273 3044/2507/2272 2673/2422/2199 1977/2421/2198
f 3044/2507/2272 2372/2509/2274 1783/2426/2203 2673/2422/2199
f 2676/2506/2271 1795/2510/2275 2372/2509/2274 3044/2507/2272
f 2004/2511/2276 2724/2512/2277 3045/2513/2278 2751/2514/2279
f 2751/2514/2279 3045/2513/2278 2721/2428/2205 2001/2427/2204
f 3045/2513/2278 2373/2515/2280 1782/2432/2209 2721/2428/2205
f 2724/2512/2277 1794/2516/2281 2373/2515/2280 3045/2513/2278
f 1920/2517/2282 2544/2518/2283 3046/2519/2284 2595/2520/2285
f 2595/2520/2285 3046/2519/2284 2538/2434/2211 1914/2433/2210
f 3046/2519/2284 2374/2521/2286 1789/2438/2215 2538/2434/2211
f 2544/2518/2283 1801/2522/2287 2374/2521/2286 3046/2519/2284
f 1957/2523/2288 2629/2524/2289 3047/2525/2290 2654/2526/2291
f 2654/2526/2291 3047/2525/2290 2626/2440/2217 1954/2439/2216
f 3047/2525/2290 2375/2527/2292 1788/2444/2221 2626/2440/2217
f 2629/2524/2289 1800/2528/2293 2375/2527/2292 3047/2525/2290
f 1981/2529/2294 2677/2530/2295 3048/2531/2296 2702/2532/2297
f 2702/2532/2297 3048/2531/2296 2674/2446/2223 1978/2445/2222
f 3048/2531/2296 2376/2533/2298 1787/2450/2227 2674/2446/2223
f 2677/2530/2295 1799/2534/2299 2376/2533/2298 3048/2531/2296
f 2005/2535/2300 2725/2536/2301 3049/2537/2302 2750/2538/2303
f 2750/2538/2303 3049/2537/2302 2722/2452/2229 2002/2451/2228
f 3049/2537/2302 2377/2539/2304 1786/2456/2233 2722/2452/2229
f 2725/2536/2301 1798/2540/2305 2377/2539/2304 3049/2537/2302
f 1922/2541/2306 2546/2542/2307 3050/2543/2308 2593/2544/2309
f 2593/2544/2309 3050/2543/2308 2540/2458/2235 1916/2457/2234
f 3050/2543/2308 2378/2545/2310 1793/2465/2239 2540/2458/2235
f 2546/2542/2307 1805/2546/2311 2378/2545/2310 3050/2543/2308
f 1958/2547/2312 2630/2548/2313 3051/2549/2314 2653/2550/2315
f 2653/2550/2315 3051/2549/2314 2627/2467/2241 1955/2466/2240
f 3051/2549/2314 2379/2551/2316 1792/2474/2245 2627/2467/2241
f 2630/2548/2313 1804/2552/2317 2379/2551/2316 3051/2549/2314
f 1982/2553/2318 2678/2554/2319 3052/2555/2320 2701/2556/2321
f 2701/2556/2321 3052/2555/2320 2675/2476/2247 1979/2475/2246
f 3052/2555/2320 2380/2557/2322 1791/2483/2251 2675/2476/2247
f 2678/2554/2319 1803/2558/2323 2380/2557/2322 3052/2555/2320
f 2006/2559/2324 2726/2560/2325 3053/2561/2326 2749/2562/2327
f 2749/2562/2327 3053/2561/2326 2723/2485/2253 2003/2484/2252
f 3053/2561/2326 2381/2563/2328 1790/2492/2257 2723/2485/2253
f 2726/2560/2325 1802/2564/2329 2381/2563/2328 3053/2561/2326
f 1924/2565/2330 2548/2566/2331 3054/2567/2332 2591/2568/2333
f 2591/2568/2333 3054/2567/2332 2542/2569/2259 1918/2570/2258
f 3054/2567/2332 2382/2571/2334 1797/2572/2263 2542/2569/2259
f 2548/2566/2331 1809/2573/2335 2382/2571/2334 3054/2567/2332
f 1959/2574/2336 2631/2575/2337 3055/2576/2338 2652/2577/2339
f 2652/2577/2339 3055/2576/2338 2628/2578/2265 1956/2579/2264
f 3055/2576/2338 2383/2580/2340 1796/2581/2269 2628/2578/2265
f 2631/2575/2337 1808/2582/2341 2383/2580/2340 3055/2576/2338
f 1983/2583/2342 2679/2584/2343 3056/2585/2344 2700/2586/2345
f 2700/2586/2345 3056/2585/2344 2676/2587/2271 1980/2588/2270
f 3056/2585/2344 2384/2589/2346 1795/2590/2275 2676/2587/2271
f 2679/2584/2343 1807/2591/2347 2384/2589/2346 3056/2585/2344
f 2007/2592/2348 2727/2593/2349 3057/2594/2350 2748/2595/2351
f 2748/2595/2351 3057/2594/2350 2724/2596/2277 2004/2597/2276
f 3057/2594/2350 2385/2598/2352 1794/2599/2281 2724/2596/2277
f 2727/2593/2349 1806/2600/2353 2385/2598/2352 3057/2594/2350
f 1926/2601/2354 2550/2602/2355 3058/2603/2356 2589/2604/2357
f 2589/2604/2357 3058/2603/2356 2544/2518/2283 1920/2517/2282
f 3058/2603/2356 2386/2605/2358 1801/2522/2287 2544/2518/2283
f 2550/2602/2355 1813/2606/2359 2386/2605/2358 3058/2603/2356
f 1960/2607/2360 2632/2608/2361 3059/2609/2362 2651/2610/2363
f 2651/2610/2363 3059/2609/2362 2629/2524/2289 1957/2523/2288
f 3059/2609/2362 2387/2611/2364 1800/2528/2293 2629/2524/2289
f 2632/2608/2361 1812/2612/2365 2387/2611/2364 3059/2609/2362
f 1984/2613/2366 2680/2614/2367 3060/2615/2368 2699/2616/2369
f 2699/2616/2369 3060/2615/2368 2677/2530/2295 1981/2529/2294
f 3060/2615/2368 2388/2617/2370 1799/2534/2299 2677/2530/2295
f 2680/2614/2367 1811/2618/2371 2388/2617/2370 3060/2615/2368
f 2008/2619/2372 2728/2620/2373 3061/2621/2374 2747/2622/2375
f 2747/2622/2375 3061/2621/2374 2725/2536/2301 2005/2535/2300
f 3061/2621/2374 2389/2623/2376 1798/2540/2305 2725/2536/2301
f 2728/2620/2373 1810/2624/2377 2389/2623/2376 3061/2621/2374
f 1928/2625/2378 2552/2626/2379 3062/2627/2380 2587/2628/2381
f 2587/2628/2381 3062/2627/2380 2546/2542/2307 1922/2541/2306
f 3062/2627/2380 2390/2629/2382 1805/2546/2311 2546/2542/2307
f 2552/2626/2379 1817/2630/2383 2390/2629/2382 3062/2627/2380
f 1961/2631/2384 2633/2632/2385 3063/2633/2386 2650/2634/2387
f 2650/2634/2387 3063/2633/2386 2630/2548/2313 1958/2547/2312
f 3063/2633/2386 2391/2635/2388 1804/2552/2317 2630/2548/2313
f 2633/2632/2385 1816/2636/2389 2391/2635/2388 3063/2633/2386
f 1985/2637/2390 2681/2638/2391 3064/2639/2392 2698/2640/2393
f 2698/2640/2393 3064/2639/2392 2678/2554/2319 1982/2553/2318
f 3064/2639/2392 2392/2641/2394 1803/2558/2323 2678/2554/2319
f 2681/2638/2391 1815/2642/2395 2392/2641/2394 3064/2639/2392
f 2009/2643/2396 2729/2644/2397 3065/2645/2398 2746/2646/2399
f 2746/2646/2399 3065/2645/2398 2726/2560/2325 2006/2559/2324
f 3065/2645/2398 2393/2647/2400 1802/2564/2329 2726/2560/2325
f 2729/2644/2397 1814/2648/2401 2393/2647/2400 3065/2645/2398
f 1930/2649/2402 2554/2650/2403 3066/2651/2404 2585/2652/2405
f 2585/2652/2405 3066/2651/2404 2548/2566/2331 1924/2565/2330
f 3066/2651/2404 2394/2653/2406 1809/2573/2335 2548/2566/2331
f 2554/2650/2403 1821/2654/2407 2394/2653/2406 3066/2651/2404
f 1962/2655/2408 2634/2656/2409 3067/2657/2410 2649/2658/2411
f 2649/2658/2411 3067/2657/2410 2631/2575/2337 1959/2574/2336
f 3067/2657/2410 2395/2659/2412 1808/2582/2341 2631/2575/2337
f 2634/2656/2409 1820/2660/2413 2395/2659/2412 3067/2657/2410
f 1986/2661/2414 2682/2662/2415 3068/2663/2416 2697/2664/2417
f 2697/2664/2417 3068/2663/2416 2679/2584/2343 1983/2583/2342
f 3068/2663/2416 2396/2665/2418 1807/2666/2347 2679/2584/2343
f 2682/2662/2415 1819/2667/2419 2396/2665/2418 3068/2663/2416
f 2010/2668/2420 2730/2669/2421 3069/2670/2422 2745/2671/2423
f 2745/2671/2423 3069/2670/2422 2727/2593/2349 2007/2592/2348
f 3069/2670/2422 2397/2672/2424 1806/2600/2353 2727/2593/2349
f 2730/2669/2421 1818/2673/2425 2397/2672/2424 3069/2670/2422
f 1932/2674/2426 2556/2675/2427 3070/2676/2428 2583/2677/2429
f 2583/2677/2429 3070/2676/2428 2550/2678/2355 1926/2679/2354
f 3070/2676/2428 2398/2680/2430 1813/2681/2359 2550/2678/2355
f 2556/2675/2427 1825/2682/2431 2398/2680/2430 3070/2676/2428
f 1963/2683/2432 2635/2684/2433 3071/2685/2434 2648/2686/2435
f 2648/2686/2435 3071/2685/2434 2632/2687/2361 1960/2688/2360
f 3071/2685/2434 2399/2689/2436 1812/2690/2365 2632/2687/2361
f 2635/2684/2433 1824/2691/2437 2399/2689/2436 3071/2685/2434
f 1987/2692/2438 2683/2693/2439 3072/2694/2440 2696/2695/2441
f 2696/2695/2441 3072/2694/2440 2680/2696/2367 1984/2697/2366
f 3072/2694/2440 2400/2698/2442 1811/2699/2371 2680/2696/2367
f 2683/2693/2439 1823/2700/2443 2400/2698/2442 3072/2694/2440
f 2011/2701/2444 2731/2702/2445 3073/2703/2446 2744/2704/2447
f 2744/2704/2447 3073/2703/2446 2728/2705/2373 2008/2706/2372
f 3073/2703/2446 2401/2707/2448 1810/2708/2377 2728/2705/2373
f 2731/2702/2445 1822/2709/2449 2401/2707/2448 3073/2703/2446
f 1934/2710/2450 2558/2711/2451 3074/2712/2452 2581/2713/2453
f 2581/2713/2453 3074/2712/2452 2552/2626/2379 1928/2625/2378
f 3074/2712/2452 2402/2714/2454 1817/2630/2383 2552/2626/2379
f 2558/2711/2451 1829/2715/2455 2402/2714/2454 3074/2712/2452
f 1964/2716/2456 2636/2717/2457 3075/2718/2458 2647/2719/2459
f 2647/2719/2459 3075/2718/2458 2633/2632/2385 1961/2631/2384
f 3075/2718/2458 2403/2720/2460 1816/2636/2389 2633/2632/2385
f 2636/2717/2457 1828/2721/2461 2403/2720/2460 3075/2718/2458
f 1988/2722/2462 2684/2723/2463 3076/2724/2464 2695/2725/2465
f 2695/2725/2465 3076/2724/2464 2681/2638/2391 1985/2637/2390
f 3076/2724/2464 2404/2726/2466 1815/2642/2395 2681/2638/2391
f 2684/2723/2463 1827/2727/2467 2404/2726/2466 3076/2724/2464
f 2012/2728/2468 2732/2729/2469 3077/2730/2470 2743/2731/2471
f 2743/2731/2471 3077/2730/2470 2729/2644/2397 2009/2643/2396
f 3077/2730/2470 2405/2732/2472 1814/2648/2401 2729/2644/2397
f 2732/2729/2469 1826/2733/2473 2405/2732/2472 3077/2730/2470
f 1936/2734/2474 2560/2735/2475 3078/2736/2476 2579/2737/2477
f 2579/2737/2477 3078/2736/2476 2554/2650/2403 1930/2649/2402
f 3078/2736/2476 2406/2738/2478 1821/2654/2407 2554/2650/2403
f 2560/2735/2475 1833/2739/2479 2406/2738/2478 3078/2736/2476
f 1965/2740/2480 2637/2741/2481 3079/2742/2482 2646/2743/2483
f 2646/2743/2483 3079/2742/2482 2634/2656/2409 1962/2655/2408
f 3079/2742/2482 2407/2744/2484 1820/2660/2413 2634/2656/2409
f 2637/2741/2481 1832/2745/2485 2407/2744/2484 3079/2742/2482
f 1989/2746/2486 2685/2747/2487 3080/2748/2488 2694/2749/2489
f 2694/2749/2489 3080/2748/2488 2682/2662/2415 1986/2661/2414
f 3080/2748/2488 2408/2750/2490 1819/2667/2419 2682/2662/2415
f 2685/2747/2487 1831/2751/2491 2408/2750/2490 3080/2748/2488
f 2013/2752/2492 2733/2753/2493 3081/2754/2494 2742/2755/2495
f 2742/2755/2495 3081/2754/2494 2730/2669/2421 2010/2668/2420
f 3081/2754/2494 2409/2756/2496 1818/2673/2425 2730/2669/2421
f 2733/2753/2493 1830/2757/2497 2409/2756/2496 3081/2754/2494
f 1939/2198/1975 2314/2197/1974 3082/2758/2498 2577/2759/2499
f 2577/2759/2499 3082/2758/2498 2556/2675/2427 1932/2674/2426
f 3082/2758/2498 2410/2760/2500 1825/2682/2431 2556/2675/2427
f 2314/2197/1974 1834/2200/1977 2410/2760/2500 3082/2758/2498
f 1966/2207/1984 2315/2206/1983 3083/2761/2501 2645/2762/2502
f 2645/2762/2502 3083/2761/2501 2635/2684/2433 1963/2683/2432
f 3083/2761/2501 2411/2763/2503 1824/2691/2437 2635/2684/2433
f 2315/2206/1983 1835/2209/1986 2411/2763/2503 3083/2761/2501
f 1990/2216/1993 2316/2215/1992 3084/2764/2504 2693/2765/2505
f 2693/2765/2505 3084/2764/2504 2683/2693/2439 1987/2692/2438
f 3084/2764/2504 2412/2766/2506 1823/2700/2443 2683/2693/2439
f 2316/2215/1992 1836/2218/1995 2412/2766/2506 3084/2764/2504
f 2014/2225/2002 2317/2224/2001 3085/2767/2507 2741/2768/2508
f 2741/2768/2508 3085/2767/2507 2731/2702/2445 2011/2701/2444
f 3085/2767/2507 2413/2769/2509 1822/2709/2449 2731/2702/2445
f 2317/2224/2001 1837/2227/2004 2413/2769/2509 3085/2767/2507
f 1941/2234/2011 2318/2233/2010 3086/2770/2510 2575/2771/2511
f 2575/2771/2511 3086/2770/2510 2558/2711/2451 1934/2710/2450
f 3086/2770/2510 2414/2772/2512 1829/2715/2455 2558/2711/2451
f 2318/2233/2010 1838/2236/2013 2414/2772/2512 3086/2770/2510
f 1967/2243/2020 2319/2242/2019 3087/2773/2513 2644/2774/2514
f 2644/2774/2514 3087/2773/2513 2636/2717/2457 1964/2716/2456
f 3087/2773/2513 2415/2775/2515 1828/2721/2461 2636/2717/2457
f 2319/2242/2019 1839/2245/2022 2415/2775/2515 3087/2773/2513
f 1991/2252/2029 2320/2251/2028 3088/2776/2516 2692/2777/2517
f 2692/2777/2517 3088/2776/2516 2684/2723/2463 1988/2722/2462
f 3088/2776/2516 2416/2778/2518 1827/2727/2467 2684/2723/2463
f 2320/2251/2028 1840/2254/2031 2416/2778/2518 3088/2776/2516
f 2015/2261/2038 2321/2260/2037 3089/2779/2519 2740/2780/2520
f 2740/2780/2520 3089/2779/2519 2732/2729/2469 2012/2728/2468
f 3089/2779/2519 2417/2781/2521 1826/2733/2473 2732/2729/2469
f 2321/2260/2037 1841/2263/2040 2417/2781/2521 3089/2779/2519
f 1943/2270/2047 2322/2269/2046 3090/2782/2522 2573/2783/2523
f 2573/2783/2523 3090/2782/2522 2524/2784/2007 1900/2785/2006
f 3090/2782/2522 2418/2786/2524 1761/2787/2014 2524/2784/2007
f 2322/2269/2046 1842/2272/2049 2418/2786/2524 3090/2782/2522
f 1968/2279/2056 2323/2278/2055 3091/2788/2525 2643/2789/2526
f 2643/2789/2526 3091/2788/2525 2619/2790/2016 1947/2791/2015
f 3091/2788/2525 2419/2792/2527 1760/2793/2023 2619/2790/2016
f 2323/2278/2055 1843/2281/2058 2419/2792/2527 3091/2788/2525
f 1992/2288/2065 2324/2287/2064 3092/2794/2528 2691/2795/2529
f 2691/2795/2529 3092/2794/2528 2667/2796/2025 1971/2797/2024
f 3092/2794/2528 2420/2798/2530 1759/2799/2032 2667/2796/2025
f 2324/2287/2064 1844/2290/2067 2420/2798/2530 3092/2794/2528
f 2016/2297/2074 2325/2296/2073 3093/2800/2531 2739/2801/2532
f 2739/2801/2532 3093/2800/2531 2715/2802/2034 1995/2803/2033
f 3093/2800/2531 2421/2804/2533 1758/2805/2041 2715/2802/2034
f 2325/2296/2073 1845/2299/2076 2421/2804/2533 3093/2800/2531
f 1945/2306/2083 2326/2305/2082 3094/2806/2534 2571/2807/2535
f 2571/2807/2535 3094/2806/2534 2560/2735/2475 1936/2734/2474
f 3094/2806/2534 2422/2808/2536 1833/2739/2479 2560/2735/2475
f 2326/2305/2082 1846/2308/2085 2422/2808/2536 3094/2806/2534
f 1969/2315/2092 2327/2314/2091 3095/2809/2537 2642/2810/2538
f 2642/2810/2538 3095/2809/2537 2637/2741/2481 1965/2740/2480
f 3095/2809/2537 2423/2811/2539 1832/2745/2485 2637/2741/2481
f 2327/2314/2091 1847/2317/2094 2423/2811/2539 3095/2809/2537
f 1993/2324/2101 2328/2323/2100 3096/2812/2540 2690/2813/2541
f 2690/2813/2541 3096/2812/2540 2685/2747/2487 1989/2746/2486
f 3096/2812/2540 2424/2814/2542 1831/2751/2491 2685/2747/2487
f 2328/2323/2100 1848/2326/2103 2424/2814/2542 3096/2812/2540
f 2017/2333/2110 2329/2332/2109 3097/2815/2543 2738/2816/2544
f 2738/2816/2544 3097/2815/2543 2733/2753/2493 2013/2752/2492
f 3097/2815/2543 2425/2817/2545 1830/2757/2497 2733/2753/2493
f 2329/2332/2109 1849/2335/2112 2425/2817/2545 3097/2815/2543
f 1754/2228/2005 2234/2818/2546 3098/2819/2547 2333/2226/2003
f 2333/2226/2003 3098/2819/2547 2426/2820/2548 1837/2227/2004
f 3098/2819/2547 2474/2821/2549 1850/2822/2550 2426/2820/2548
f 2234/2818/2546 1859/2823/2551 2474/2821/2549 3098/2819/2547
f 1859/2823/2551 2435/2824/2552 3099/2825/2553 2474/2821/2549
f 2474/2821/2549 3099/2825/2553 2427/2826/2554 1850/2822/2550
f 3099/2825/2553 2475/2827/1968 1851/2828/1853 2427/2826/2554
f 2435/2824/2552 1858/2829/1955 2475/2827/1968 3099/2825/2553
f 1758/2264/2041 2238/2830/2555 3100/2831/2556 2337/2262/2039
f 2337/2262/2039 3100/2831/2556 2428/2832/2557 1841/2263/2040
f 3100/2831/2556 2476/2833/2558 1852/2834/2559 2428/2832/2557
f 2238/2830/2555 1861/2835/2560 2476/2833/2558 3100/2831/2556
f 1861/2835/2560 2437/2836/2561 3101/2837/2562 2476/2833/2558
f 2476/2833/2558 3101/2837/2562 2429/2838/2563 1852/2834/2559
f 3101/2837/2562 2477/2839/1965 1853/2840/1844 2429/2838/2563
f 2437/2836/2561 1860/2841/1840 2477/2839/1965 3101/2837/2562
f 1762/2300/2077 2242/2842/2564 3102/2843/2565 2341/2298/2075
f 2341/2298/2075 3102/2843/2565 2430/2844/2566 1845/2299/2076
f 3102/2843/2565 2478/2845/2567 1854/2846/2568 2430/2844/2566
f 2242/2842/2564 1863/2847/2569 2478/2845/2567 3102/2843/2565
f 1863/2847/2569 2439/2848/2570 3103/2849/2571 2478/2845/2567
f 2478/2845/2567 3103/2849/2571 2431/2850/2572 1854/2846/2568
f 3103/2849/2571 2479/2851/1962 1855/2852/1835 2431/2850/2572
f 2439/2848/2570 1862/2853/1949 2479/2851/1962 3103/2849/2571
f 1766/2336/2113 2246/2854/2573 3104/2855/2574 2345/2334/2111
f 2345/2334/2111 3104/2855/2574 2432/2856/2575 1849/2335/2112
f 3104/2855/2574 2480/2857/2576 1856/2858/2577 2432/2856/2575
f 2246/2854/2573 1865/2859/2578 2480/2857/2576 3104/2855/2574
f 1865/2859/2578 2441/2860/2579 3105/2861/2580 2480/2857/2576
f 2480/2857/2576 3105/2861/2580 2433/2862/2581 1856/2858/2577
f 3105/2861/2580 2481/2863/1959 1857/2864/1826 2433/2862/2581
f 2441/2860/2579 1864/2865/1943 2481/2863/1959 3105/2861/2580
f 1770/2360/2137 2250/2866/2582 3106/2867/2583 2349/2359/2136
f 2349/2359/2136 3106/2867/2583 2234/2818/2546 1754/2228/2005
f 3106/2867/2583 2482/2868/2584 1859/2823/2551 2234/2818/2546
f 2250/2866/2582 1867/2869/2585 2482/2868/2584 3106/2867/2583
f 1867/2869/2585 2443/2870/2586 3107/2871/2587 2482/2868/2584
f 2482/2868/2584 3107/2871/2587 2435/2824/2552 1859/2823/2551
f 3107/2871/2587 2483/2872/1953 1858/2829/1955 2435/2824/2552
f 2443/2870/2586 1866/2873/1937 2483/2872/1953 3107/2871/2587
f 1774/2384/2161 2254/2874/2588 3108/2875/2589 2353/2383/2160
f 2353/2383/2160 3108/2875/2589 2242/2842/2564 1762/2300/2077
f 3108/2875/2589 2484/2876/2590 1863/2847/2569 2242/2842/2564
f 2254/2874/2588 1869/2877/2591 2484/2876/2590 3108/2875/2589
f 1869/2877/2591 2445/2878/2592 3109/2879/2593 2484/2876/2590
f 2484/2876/2590 3109/2879/2593 2439/2848/2570 1863/2847/2569
f 3109/2879/2593 2485/2880/1947 1862/2853/1949 2439/2848/2570
f 2445/2878/2592 1868/2881/1931 2485/2880/1947 3109/2879/2593
f 1778/2408/2185 2258/2882/2594 3110/2883/2595 2357/2407/2184
f 2357/2407/2184 3110/2883/2595 2246/2854/2573 1766/2336/2113
f 3110/2883/2595 2486/2884/2596 1865/2859/2578 2246/2854/2573
f 2258/2882/2594 1871/2885/2597 2486/2884/2596 3110/2883/2595
f 1871/2885/2597 2447/2886/2598 3111/2887/2599 2486/2884/2596
f 2486/2884/2596 3111/2887/2599 2441/2860/2579 1865/2859/2578
f 3111/2887/2599 2487/2888/1941 1864/2865/1943 2441/2860/2579
f 2447/2886/2598 1870/2889/1925 2487/2888/1941 3111/2887/2599
f 1782/2432/2209 2262/2890/2600 3112/2891/2601 2361/2431/2208
f 2361/2431/2208 3112/2891/2601 2250/2866/2582 1770/2360/2137
f 3112/2891/2601 2488/2892/2602 1867/2869/2585 2250/2866/2582
f 2262/2890/2600 1873/2893/2603 2488/2892/2602 3112/2891/2601
f 1873/2893/2603 2449/2894/2604 3113/2895/2605 2488/2892/2602
f 2488/2892/2602 3113/2895/2605 2443/2870/2586 1867/2869/2585
f 3113/2895/2605 2489/2896/1935 1866/2873/1937 2443/2870/2586
f 2449/2894/2604 1872/2897/1919 2489/2896/1935 3113/2895/2605
f 1786/2456/2233 2266/2898/2606 3114/2899/2607 2365/2455/2232
f 2365/2455/2232 3114/2899/2607 2254/2874/2588 1774/2384/2161
f 3114/2899/2607 2490/2900/2608 1869/2877/2591 2254/2874/2588
f 2266/2898/2606 1875/2901/2609 2490/2900/2608 3114/2899/2607
f 1875/2901/2609 2451/2902/2610 3115/2903/2611 2490/2900/2608
f 2490/2900/2608 3115/2903/2611 2445/2878/2592 1869/2877/2591
f 3115/2903/2611 2491/2904/1929 1868/2881/1931 2445/2878/2592
f 2451/2902/2610 1874/2905/1913 2491/2904/1929 3115/2903/2611
f 1790/2492/2257 2270/2906/2612 3116/2907/2613 2369/2490/2256
f 2369/2490/2256 3116/2907/2613 2258/2908/2594 1778/2491/2185
f 3116/2907/2613 2492/2909/2614 1871/2910/2597 2258/2908/2594
f 2270/2906/2612 1877/2911/2615 2492/2909/2614 3116/2907/2613
f 1877/2911/2615 2453/2912/2616 3117/2913/2617 2492/2909/2614
f 2492/2909/2614 3117/2913/2617 2447/2914/2598 1871/2910/2597
f 3117/2913/2617 2493/2915/1923 1870/2916/1925 2447/2914/2598
f 2453/2912/2616 1876/2917/1907 2493/2915/1923 3117/2913/2617
f 1794/2516/2281 2274/2918/2618 3118/2919/2619 2373/2515/2280
f 2373/2515/2280 3118/2919/2619 2262/2890/2600 1782/2432/2209
f 3118/2919/2619 2494/2920/2620 1873/2893/2603 2262/2890/2600
f 2274/2918/2618 1879/2921/2621 2494/2920/2620 3118/2919/2619
f 1879/2921/2621 2455/2922/2622 3119/2923/2623 2494/2920/2620
f 2494/2920/2620 3119/2923/2623 2449/2894/2604 1873/2893/2603
f 3119/2923/2623 2495/2924/1917 1872/2897/1919 2449/2894/2604
f 2455/2922/2622 1878/2925/1901 2495/2924/1917 3119/2923/2623
f 1798/2540/2305 2278/2926/2624 3120/2927/2625 2377/2539/2304
f 2377/2539/2304 3120/2927/2625 2266/2898/2606 1786/2456/2233
f 3120/2927/2625 2496/2928/2626 1875/2901/2609 2266/2898/2606
f 2278/2926/2624 1881/2929/2627 2496/2928/2626 3120/2927/2625
f 1881/2929/2627 2457/2930/2628 3121/2931/2629 2496/2928/2626
f 2496/2928/2626 3121/2931/2629 2451/2902/2610 1875/2901/2609
f 3121/2931/2629 2497/2932/1911 1874/2905/1913 2451/2902/2610
f 2457/2930/2628 1880/2933/1895 2497/2932/1911 3121/2931/2629
f 1802/2564/2329 2282/2934/2630 3122/2935/2631 2381/2563/2328
f 2381/2563/2328 3122/2935/2631 2270/2906/2612 1790/2492/2257
f 3122/2935/2631 2498/2936/2632 1877/2911/2615 2270/2906/2612
f 2282/2934/2630 1883/2937/2633 2498/2936/2632 3122/2935/2631
f 1883/2937/2633 2459/2938/2634 3123/2939/2635 2498/2936/2632
f 2498/2936/2632 3123/2939/2635 2453/2912/2616 1877/2911/2615
f 3123/2939/2635 2499/2940/1905 1876/2917/1907 2453/2912/2616
f 2459/2938/2634 1882/2941/1889 2499/2940/1905 3123/2939/2635
f 1806/2600/2353 2286/2942/2636 3124/2943/2637 2385/2598/2352
f 2385/2598/2352 3124/2943/2637 2274/2944/2618 1794/2599/2281
f 3124/2943/2637 2500/2945/2638 1879/2946/2621 2274/2944/2618
f 2286/2942/2636 1885/2947/2639 2500/2945/2638 3124/2943/2637
f 1885/2947/2639 2461/2948/2640 3125/2949/2641 2500/2945/2638
f 2500/2945/2638 3125/2949/2641 2455/2950/2622 1879/2946/2621
f 3125/2949/2641 2501/2951/1899 1878/2952/1901 2455/2950/2622
f 2461/2948/2640 1884/2953/1883 2501/2951/1899 3125/2949/2641
f 1810/2624/2377 2290/2954/2642 3126/2955/2643 2389/2623/2376
f 2389/2623/2376 3126/2955/2643 2278/2926/2624 1798/2540/2305
f 3126/2955/2643 2502/2956/2644 1881/2929/2627 2278/2926/2624
f 2290/2954/2642 1887/2957/2645 2502/2956/2644 3126/2955/2643
f 1887/2957/2645 2463/2958/2646 3127/2959/2647 2502/2956/2644
f 2502/2956/2644 3127/2959/2647 2457/2930/2628 1881/2929/2627
f 3127/2959/2647 2503/2960/1893 1880/2933/1895 2457/2930/2628
f 2463/2958/2646 1886/2961/1877 2503/2960/1893 3127/2959/2647
f 1814/2648/2401 2294/2962/2648 3128/2963/2649 2393/2647/2400
f 2393/2647/2400 3128/2963/2649 2282/2934/2630 1802/2564/2329
f 3128/2963/2649 2504/2964/2650 1883/2937/2633 2282/2934/2630
f 2294/2962/2648 1889/2965/2651 2504/2964/2650 3128/2963/2649
f 1889/2965/2651 2465/2966/2652 3129/2967/2653 2504/2964/2650
f 2504/2964/2650 3129/2967/2653 2459/2938/2634 1883/2937/2633
f 3129/2967/2653 2505/2968/1887 1882/2941/1889 2459/2938/2634
f 2465/2966/2652 1888/2969/1871 2505/2968/1887 3129/2967/2653
f 1818/2673/2425 2298/2970/2654 3130/2971/2655 2397/2672/2424
f 2397/2672/2424 3130/2971/2655 2286/2942/2636 1806/2600/2353
f 3130/2971/2655 2506/2972/2656 1885/2947/2639 2286/2942/2636
f 2298/2970/2654 1891/2973/2657 2506/2972/2656 3130/2971/2655
f 1891/2973/2657 2467/2974/2658 3131/2975/2659 2506/2972/2656
f 2506/2972/2656 3131/2975/2659 2461/2948/2640 1885/2947/2639
f 3131/2975/2659 2507/2976/1881 1884/2953/1883 2461/2948/2640
f 2467/2974/2658 1890/2977/1865 2507/2976/1881 3131/2975/2659
f 1822/2709/2449 2302/2978/2660 3132/2979/2661 2401/2707/2448
f 2401/2707/2448 3132/2979/2661 2290/2980/2642 1810/2708/2377
f 3132/2979/2661 2508/2981/2662 1887/2982/2645 2290/2980/2642
f 2302/2978/2660 1893/2983/2663 2508/2981/2662 3132/2979/2661
f 1893/2983/2663 2469/2984/2664 3133/2985/2665 2508/2981/2662
f 2508/2981/2662 3133/2985/2665 2463/2986/2646 1887/2982/2645
f 3133/2985/2665 2509/2987/1875 1886/2988/1877 2463/2986/2646
f 2469/2984/2664 1892/2989/1858 2509/2987/1875 3133/2985/2665
f 1826/2733/2473 2306/2990/2666 3134/2991/2667 2405/2732/2472
f 2405/2732/2472 3134/2991/2667 2294/2962/2648 1814/2648/2401
f 3134/2991/2667 2510/2992/2668 1889/2965/2651 2294/2962/2648
f 2306/2990/2666 1895/2993/2669 2510/2992/2668 3134/2991/2667
f 1895/2993/2669 2471/2994/2670 3135/2995/2671 2510/2992/2668
f 2510/2992/2668 3135/2995/2671 2465/2966/2652 1889/2965/2651
f 3135/2995/2671 2511/2996/1869 1888/2969/1871 2465/2966/2652
f 2471/2994/2670 1894/2997/1849 2511/2996/1869 3135/2995/2671
f 1830/2757/2497 2310/2998/2672 3136/2999/2673 2409/2756/2496
f 2409/2756/2496 3136/2999/2673 2298/2970/2654 1818/2673/2425
f 3136/2999/2673 2512/3000/2674 1891/2973/2657 2298/2970/2654
f 2310/2998/2672 1897/3001/2675 2512/3000/2674 3136/2999/2673
f 1897/3001/2675 2473/3002/2676 3137/3003/2677 2512/3000/2674
f 2512/3000/2674 3137/3003/2677 2467/2974/2658 1891/2973/2657
f 3137/3003/2677 2513/3004/1863 1890/2977/1865 2467/2974/2658
f 2473/3002/2676 1896/3005/1831 2513/3004/1863 3137/3003/2677
f 1837/2227/2004 2426/2820/2548 3138/3006/2678 2413/2769/2509
f 2413/2769/2509 3138/3006/2678 2302/2978/2660 1822/2709/2449
f 3138/3006/2678 2514/3007/2679 1893/2983/2663 2302/2978/2660
f 2426/2820/2548 1850/2822/2550 2514/3007/2679 3138/3006/2678
f 1850/2822/2550 2427/2826/2554 3139/3008/2680 2514/3007/2679
f 2514/3007/2679 3139/3008/2680 2469/2984/2664 1893/2983/2663
f 3139/3008/2680 2515/3009/1856 1892/2989/1858 2469/2984/2664
f 2427/2826/2554 1851/2828/1853 2515/3009/1856 3139/3008/2680
f 1841/2263/2040 2428/2832/2557 3140/3010/2681 2417/2781/2521
f 2417/2781/2521 3140/3010/2681 2306/2990/2666 1826/2733/2473
f 3140/3010/2681 2516/3011/2682 1895/2993/2669 2306/2990/2666
f 2428/2832/2557 1852/2834/2559 2516/3011/2682 3140/3010/2681
f 1852/2834/2559 2429/2838/2563 3141/3012/2683 2516/3011/2682
f 2516/3011/2682 3141/3012/2683 2471/2994/2670 1895/2993/2669
f 3141/3012/2683 2517/3013/1847 1894/2997/1849 2471/2994/2670
f 2429/2838/2563 1853/2840/1844 2517/3013/1847 3141/3012/2683
f 1845/2299/2076 2430/2844/2566 3142/3014/2684 2421/2804/2533
f 2421/2804/2533 3142/3014/2684 2238/3015/2555 1758/2805/2041
f 3142/3014/2684 2518/3016/2685 1861/3017/2560 2238/3015/2555
f 2430/2844/2566 1854/2846/2568 2518/3016/2685 3142/3014/2684
f 1854/2846/2568 2431/2850/2572 3143/3018/2686 2518/3016/2685
f 2518/3016/2685 3143/3018/2686 2437/3019/2561 1861/3017/2560
f 3143/3018/2686 2519/3020/1838 1860/3021/1840 2437/3019/2561
f 2431/2850/2572 1855/2852/1835 2519/3020/1838 3143/3018/2686
f 1849/2335/2112 2432/2856/2575 3144/3022/2687 2425/2817/2545
f 2425/2817/2545 3144/3022/2687 2310/2998/2672 1830/2757/2497
f 3144/3022/2687 2520/3023/2688 1897/3001/2675 2310/2998/2672
f 2432/2856/2575 1856/2858/2577 2520/3023/2688 3144/3022/2687
f 1856/2858/2577 2433/2862/2581 3145/3024/2689 2520/3023/2688
f 2520/3023/2688 3145/3024/2689 2473/3002/2676 1897/3001/2675
f 3145/3024/2689 2521/3025/1829 1896/3005/1831 2473/3002/2676
f 2433/2862/2581 1857/2864/1826 2521/3025/1829 3145/3024/2689
f 1698/3026/2690 2568/3027/2691 3146/3028/2692 2129/3029/2693
f 2129/3029/2693 3146/3028/2692 2185/3030/2694 1697/3031/2695
f 3146/3028/2692 2570/3032/2696 1937/3033/2697 2185/3030/2694
f 2568/3027/2691 1944/3034/2698 2570/3032/2696 3146/3028/2692
f 1944/3034/2698 2569/3035/2699 3147/3036/2700 2570/3032/2696
f 2570/3032/2696 3147/3036/2700 2561/3037/2701 1937/3033/2697
f 3147/3036/2700 2571/2807/2535 1936/2734/2474 2561/3037/2701
f 2569/3035/2699 1945/2306/2083 2571/2807/2535 3147/3036/2700
f 1683/3038/2702 2566/3039/2703 3148/3040/2704 2114/3041/2705
f 2114/3041/2705 3148/3040/2704 2165/3042/2706 1682/3043/2707
f 3148/3040/2704 2572/3044/2708 1901/3045/2709 2165/3042/2706
f 2566/3039/2703 1942/3046/2710 2572/3044/2708 3148/3040/2704
f 1942/3046/2710 2567/3047/2711 3149/3048/2712 2572/3044/2708
f 2572/3044/2708 3149/3048/2712 2525/3049/2713 1901/3045/2709
f 3149/3048/2712 2573/2783/2523 1900/2785/2006 2525/3049/2713
f 2567/3047/2711 1943/2270/2047 2573/2783/2523 3149/3048/2712
f 1705/3050/2714 2564/3051/2715 3150/3052/2716 2136/3053/2717
f 2136/3053/2717 3150/3052/2716 2184/3054/2718 1704/3055/2719
f 3150/3052/2716 2574/3056/2720 1935/3057/2721 2184/3054/2718
f 2564/3051/2715 1940/3058/2722 2574/3056/2720 3150/3052/2716
f 1940/3058/2722 2565/3059/2723 3151/3060/2724 2574/3056/2720
f 2574/3056/2720 3151/3060/2724 2559/3061/2725 1935/3057/2721
f 3151/3060/2724 2575/2771/2511 1934/2710/2450 2559/3061/2725
f 2565/3059/2723 1941/2234/2011 2575/2771/2511 3151/3060/2724
f 1690/3062/2726 2562/3063/2727 3152/3064/2728 2121/3065/2729
f 2121/3065/2729 3152/3064/2728 2183/3066/2730 1689/3067/2731
f 3152/3064/2728 2576/3068/2732 1933/3069/2733 2183/3066/2730
f 2562/3063/2727 1938/3070/2734 2576/3068/2732 3152/3064/2728
f 1938/3070/2734 2563/3071/2735 3153/3072/2736 2576/3068/2732
f 2576/3068/2732 3153/3072/2736 2557/3073/2737 1933/3069/2733
f 3153/3072/2736 2577/2759/2499 1932/2674/2426 2557/3073/2737
f 2563/3071/2735 1939/2198/1975 2577/2759/2499 3153/3072/2736
f 1697/3031/2695 2185/3030/2694 3154/3074/2738 2128/3075/2739
f 2128/3075/2739 3154/3074/2738 2182/3076/2740 1696/3077/2741
f 3154/3074/2738 2578/3078/2742 1931/3079/2743 2182/3076/2740
f 2185/3030/2694 1937/3033/2697 2578/3078/2742 3154/3074/2738
f 1937/3033/2697 2561/3037/2701 3155/3080/2744 2578/3078/2742
f 2578/3078/2742 3155/3080/2744 2555/3081/2745 1931/3079/2743
f 3155/3080/2744 2579/2737/2477 1930/2649/2402 2555/3081/2745
f 2561/3037/2701 1936/2734/2474 2579/2737/2477 3155/3080/2744
f 1704/3055/2719 2184/3054/2718 3156/3082/2746 2135/3083/2747
f 2135/3083/2747 3156/3082/2746 2181/3084/2748 1703/3085/2749
f 3156/3082/2746 2580/3086/2750 1929/3087/2751 2181/3084/2748
f 2184/3054/2718 1935/3057/2721 2580/3086/2750 3156/3082/2746
f 1935/3057/2721 2559/3061/2725 3157/3088/2752 2580/3086/2750
f 2580/3086/2750 3157/3088/2752 2553/3089/2753 1929/3087/2751
f 3157/3088/2752 2581/2713/2453 1928/2625/2378 2553/3089/2753
f 2559/3061/2725 1934/2710/2450 2581/2713/2453 3157/3088/2752
f 1689/3067/2731 2183/3066/2730 3158/3090/2754 2120/3091/2755
f 2120/3091/2755 3158/3090/2754 2180/3092/2756 1688/3093/2757
f 3158/3090/2754 2582/3094/2758 1927/3095/2759 2180/3092/2756
f 2183/3066/2730 1933/3069/2733 2582/3094/2758 3158/3090/2754
f 1933/3069/2733 2557/3073/2737 3159/3096/2760 2582/3094/2758
f 2582/3094/2758 3159/3096/2760 2551/3097/2761 1927/3095/2759
f 3159/3096/2760 2583/2677/2429 1926/2679/2354 2551/3097/2761
f 2557/3073/2737 1932/2674/2426 2583/2677/2429 3159/3096/2760
f 1696/3077/2741 2182/3076/2740 3160/3098/2762 2127/3099/2763
f 2127/3099/2763 3160/3098/2762 2179/3100/2764 1695/3101/2765
f 3160/3098/2762 2584/3102/2766 1925/3103/2767 2179/3100/2764
f 2182/3076/2740 1931/3079/2743 2584/3102/2766 3160/3098/2762
f 1931/3079/2743 2555/3081/2745 3161/3104/2768 2584/3102/2766
f 2584/3102/2766 3161/3104/2768 2549/3105/2769 1925/3103/2767
f 3161/3104/2768 2585/2652/2405 1924/2565/2330 2549/3105/2769
f 2555/3081/2745 1930/2649/2402 2585/2652/2405 3161/3104/2768
f 1703/3085/2749 2181/3084/2748 3162/3106/2770 2134/3107/2771
f 2134/3107/2771 3162/3106/2770 2178/3108/2772 1702/3109/2773
f 3162/3106/2770 2586/3110/2774 1923/3111/2775 2178/3108/2772
f 2181/3084/2748 1929/3087/2751 2586/3110/2774 3162/3106/2770
f 1929/3087/2751 2553/3089/2753 3163/3112/2776 2586/3110/2774
f 2586/3110/2774 3163/3112/2776 2547/3113/2777 1923/3111/2775
f 3163/3112/2776 2587/2628/2381 1922/2541/2306 2547/3113/2777
f 2553/3089/2753 1928/2625/2378 2587/2628/2381 3163/3112/2776
f 1688/3114/2757 2180/3115/2756 3164/3116/2778 2119/3117/2779
f 2119/3117/2779 3164/3116/2778 2177/3118/2780 1687/3119/2781
f 3164/3116/2778 2588/3120/2782 1921/3121/2783 2177/3118/2780
f 2180/3115/2756 1927/3122/2759 2588/3120/2782 3164/3116/2778
f 1927/3122/2759 2551/3123/2761 3165/3124/2784 2588/3120/2782
f 2588/3120/2782 3165/3124/2784 2545/3125/2785 1921/3121/2783
f 3165/3124/2784 2589/2604/2357 1920/2517/2282 2545/3125/2785
f 2551/3123/2761 1926/2601/2354 2589/2604/2357 3165/3124/2784
f 1695/3101/2765 2179/3100/2764 3166/3126/2786 2126/3127/2787
f 2126/3127/2787 3166/3126/2786 2176/3128/2788 1694/3129/2789
f 3166/3126/2786 2590/3130/2790 1919/3131/2791 2176/3128/2788
f 2179/3100/2764 1925/3103/2767 2590/3130/2790 3166/3126/2786
f 1925/3103/2767 2549/3105/2769 3167/3132/2792 2590/3130/2790
f 2590/3130/2790 3167/3132/2792 2543/3133/2793 1919/3131/2791
f 3167/3132/2792 2591/2568/2333 1918/2570/2258 2543/3133/2793
f 2549/3105/2769 1924/2565/2330 2591/2568/2333 3167/3132/2792
f 1702/3109/2773 2178/3108/2772 3168/3134/2794 2133/3135/2795
f 2133/3135/2795 3168/3134/2794 2175/3136/2796 1701/3137/2797
f 3168/3134/2794 2592/3138/2798 1917/3139/2799 2175/3136/2796
f 2178/3108/2772 1923/3111/2775 2592/3138/2798 3168/3134/2794
f 1923/3111/2775 2547/3113/2777 3169/3140/2800 2592/3138/2798
f 2592/3138/2798 3169/3140/2800 2541/3141/2801 1917/3139/2799
f 3169/3140/2800 2593/2544/2309 1916/2457/2234 2541/3141/2801
f 2547/3113/2777 1922/2541/2306 2593/2544/2309 3169/3140/2800
f 1687/3119/2781 2177/3118/2780 3170/3142/2802 2118/3143/2803
f 2118/3143/2803 3170/3142/2802 2174/3144/2804 1686/3145/2805
f 3170/3142/2802 2594/3146/2806 1915/3147/2807 2174/3144/2804
f 2177/3118/2780 1921/3121/2783 2594/3146/2806 3170/3142/2802
f 1921/3121/2783 2545/3125/2785 3171/3148/2808 2594/3146/2806
f 2594/3146/2806 3171/3148/2808 2539/3149/2809 1915/3147/2807
f 3171/3148/2808 2595/2520/2285 1914/2433/2210 2539/3149/2809
f 2545/3125/2785 1920/2517/2282 2595/2520/2285 3171/3148/2808
f 1694/3150/2789 2176/3151/2788 3172/3152/2810 2125/3153/2811
f 2125/3153/2811 3172/3152/2810 2173/3154/2812 1693/3155/2813
f 3172/3152/2810 2596/3156/2814 1913/3157/2815 2173/3154/2812
f 2176/3151/2788 1919/3158/2791 2596/3156/2814 3172/3152/2810
f 1919/3158/2791 2543/3159/2793 3173/3160/2816 2596/3156/2814
f 2596/3156/2814 3173/3160/2816 2537/3161/2817 1913/3157/2815
f 3173/3160/2816 2597/2496/2261 1912/2409/2186 2537/3161/2817
f 2543/3159/2793 1918/2493/2258 2597/2496/2261 3173/3160/2816
f 1701/3137/2797 2175/3136/2796 3174/3162/2818 2132/3163/2819
f 2132/3163/2819 3174/3162/2818 2172/3164/2820 1700/3165/2821
f 3174/3162/2818 2598/3166/2822 1911/3167/2823 2172/3164/2820
f 2175/3136/2796 1917/3139/2799 2598/3166/2822 3174/3162/2818
f 1917/3139/2799 2541/3141/2801 3175/3168/2824 2598/3166/2822
f 2598/3166/2822 3175/3168/2824 2535/3169/2825 1911/3167/2823
f 3175/3168/2824 2599/2460/2237 1910/2462/2162 2535/3169/2825
f 2541/3141/2801 1916/2457/2234 2599/2460/2237 3175/3168/2824
f 1686/3145/2805 2174/3144/2804 3176/3170/2826 2117/3171/2827
f 2117/3171/2827 3176/3170/2826 2171/3172/2828 1685/3173/2829
f 3176/3170/2826 2600/3174/2830 1909/3175/2831 2171/3172/2828
f 2174/3144/2804 1915/3147/2807 2600/3174/2830 3176/3170/2826
f 1915/3147/2807 2539/3149/2809 3177/3176/2832 2600/3174/2830
f 2600/3174/2830 3177/3176/2832 2533/3177/2833 1909/3175/2831
f 3177/3176/2832 2601/2436/2213 1908/2361/2138 2533/3177/2833
f 2539/3149/2809 1914/2433/2210 2601/2436/2213 3177/3176/2832
f 1693/3155/2813 2173/3154/2812 3178/3178/2834 2124/3179/2835
f 2124/3179/2835 3178/3178/2834 2170/3180/2836 1692/3181/2837
f 3178/3178/2834 2602/3182/2838 1907/3183/2839 2170/3180/2836
f 2173/3154/2812 1913/3157/2815 2602/3182/2838 3178/3178/2834
f 1913/3157/2815 2537/3161/2817 3179/3184/2840 2602/3182/2838
f 2602/3182/2838 3179/3184/2840 2531/3185/2841 1907/3183/2839
f 3179/3184/2840 2603/2412/2189 1906/2337/2114 2531/3185/2841
f 2537/3161/2817 1912/2409/2186 2603/2412/2189 3179/3184/2840
f 1700/3186/2821 2172/3187/2820 3180/3188/2842 2131/3189/2843
f 2131/3189/2843 3180/3188/2842 2169/3190/2844 1699/3191/2845
f 3180/3188/2842 2604/3192/2846 1905/3193/2847 2169/3190/2844
f 2172/3187/2820 1911/3194/2823 2604/3192/2846 3180/3188/2842
f 1911/3194/2823 2535/3195/2825 3181/3196/2848 2604/3192/2846
f 2604/3192/2846 3181/3196/2848 2529/3197/2849 1905/3193/2847
f 3181/3196/2848 2605/2388/2165 1904/2301/2078 2529/3197/2849
f 2535/3195/2825 1910/2385/2162 2605/2388/2165 3181/3196/2848
f 1685/3173/2829 2171/3172/2828 3182/3198/2850 2116/3199/2851
f 2116/3199/2851 3182/3198/2850 2167/3200/2852 1684/3201/2853
f 3182/3198/2850 2606/3202/2854 1903/3203/2855 2167/3200/2852
f 2171/3172/2828 1909/3175/2831 2606/3202/2854 3182/3198/2850
f 1909/3175/2831 2533/3177/2833 3183/3204/2856 2606/3202/2854
f 2606/3202/2854 3183/3204/2856 2527/3205/2857 1903/3203/2855
f 3183/3204/2856 2607/2364/2141 1902/2265/2042 2527/3205/2857
f 2533/3177/2833 1908/2361/2138 2607/2364/2141 3183/3204/2856
f 1692/3181/2837 2170/3180/2836 3184/3206/2858 2123/3207/2859
f 2123/3207/2859 3184/3206/2858 2163/3208/2860 1691/3209/2861
f 3184/3206/2858 2608/3210/2862 1899/3211/2863 2163/3208/2860
f 2170/3180/2836 1907/3183/2839 2608/3210/2862 3184/3206/2858
f 1907/3183/2839 2531/3185/2841 3185/3212/2864 2608/3210/2862
f 2608/3210/2862 3185/3212/2864 2523/3213/2865 1899/3211/2863
f 3185/3212/2864 2609/2340/2117 1898/2193/1970 2523/3213/2865
f 2531/3185/2841 1906/2337/2114 2609/2340/2117 3185/3212/2864
f 1699/3191/2845 2169/3190/2844 3186/3214/2866 2130/3215/2867
f 2130/3215/2867 3186/3214/2866 2568/3027/2691 1698/3026/2690
f 3186/3214/2866 2610/3216/2868 1944/3034/2698 2568/3027/2691
f 2169/3190/2844 1905/3193/2847 2610/3216/2868 3186/3214/2866
f 1905/3193/2847 2529/3197/2849 3187/3217/2869 2610/3216/2868
f 2610/3216/2868 3187/3217/2869 2569/3035/2699 1944/3034/2698
f 3187/3217/2869 2611/2304/2081 1945/2306/2083 2569/3035/2699
f 2529/3197/2849 1904/2301/2078 2611/2304/2081 3187/3217/2869
f 1684/3201/2853 2167/3200/2852 3188/3218/2870 2115/3219/2871
f 2115/3219/2871 3188/3218/2870 2566/3039/2703 1683/3038/2702
f 3188/3218/2870 2612/3220/2872 1942/3046/2710 2566/3039/2703
f 2167/3200/2852 1903/3203/2855 2612/3220/2872 3188/3218/2870
f 1903/3203/2855 2527/3205/2857 3189/3221/2873 2612/3220/2872
f 2612/3220/2872 3189/3221/2873 2567/3047/2711 1942/3046/2710
f 3189/3221/2873 2613/2268/2045 1943/2270/2047 2567/3047/2711
f 2527/3205/2857 1902/2265/2042 2613/2268/2045 3189/3221/2873
f 1682/3222/2707 2165/3223/2706 3190/3224/2874 2137/3225/2875
f 2137/3225/2875 3190/3224/2874 2564/3051/2715 1705/3050/2714
f 3190/3224/2874 2614/3226/2876 1940/3058/2722 2564/3051/2715
f 2165/3223/2706 1901/3227/2709 2614/3226/2876 3190/3224/2874
f 1901/3227/2709 2525/3228/2713 3191/3229/2877 2614/3226/2876
f 2614/3226/2876 3191/3229/2877 2565/3059/2723 1940/3058/2722
f 3191/3229/2877 2615/2232/2009 1941/2234/2011 2565/3059/2723
f 2525/3228/2713 1900/2229/2006 2615/2232/2009 3191/3229/2877
f 1691/3209/2861 2163/3208/2860 3192/3230/2878 2122/3231/2879
f 2122/3231/2879 3192/3230/2878 2562/3063/2727 1690/3062/2726
f 3192/3230/2878 2616/3232/2880 1938/3070/2734 2562/3063/2727
f 2163/3208/2860 1899/3211/2863 2616/3232/2880 3192/3230/2878
f 1899/3211/2863 2523/3213/2865 3193/3233/2881 2616/3232/2880
f 2616/3232/2880 3193/3233/2881 2563/3071/2735 1938/3070/2734
f 3193/3233/2881 2617/2196/1973 1939/2198/1975 2563/3071/2735
f 2523/3213/2865 1898/2193/1970 2617/2196/1973 3193/3233/2881
f 1846/2308/2085 2641/3234/2882 3194/3235/2883 2422/2808/2536
f 2422/2808/2536 3194/3235/2883 2313/3236/2884 1833/2739/2479
f 3194/3235/2883 2642/2810/2538 1965/2740/2480 2313/3236/2884
f 2641/3234/2882 1969/2315/2092 2642/2810/2538 3194/3235/2883
f 1842/2272/2049 2640/3237/2885 3195/3238/2886 2418/2786/2524
f 2418/2786/2524 3195/3238/2886 2241/3239/2887 1761/2787/2014
f 3195/3238/2886 2643/2789/2526 1947/2791/2015 2241/3239/2887
f 2640/3237/2885 1968/2279/2056 2643/2789/2526 3195/3238/2886
f 1838/2236/2013 2639/3240/2888 3196/3241/2889 2414/2772/2512
f 2414/2772/2512 3196/3241/2889 2309/3242/2890 1829/2715/2455
f 3196/3241/2889 2644/2774/2514 1964/2716/2456 2309/3242/2890
f 2639/3240/2888 1967/2243/2020 2644/2774/2514 3196/3241/2889
f 1834/2200/1977 2638/3243/2891 3197/3244/2892 2410/2760/2500
f 2410/2760/2500 3197/3244/2892 2305/3245/2893 1825/2682/2431
f 3197/3244/2892 2645/2762/2502 1963/2683/2432 2305/3245/2893
f 2638/3243/2891 1966/2207/1984 2645/2762/2502 3197/3244/2892
f 1833/2739/2479 2313/3236/2884 3198/3246/2894 2406/2738/2478
f 2406/2738/2478 3198/3246/2894 2301/3247/2895 1821/2654/2407
f 3198/3246/2894 2646/2743/2483 1962/2655/2408 2301/3247/2895
f 2313/3236/2884 1965/2740/2480 2646/2743/2483 3198/3246/2894
f 1829/2715/2455 2309/3242/2890 3199/3248/2896 2402/2714/2454
f 2402/2714/2454 3199/3248/2896 2297/3249/2897 1817/2630/2383
f 3199/3248/2896 2647/2719/2459 1961/2631/2384 2297/3249/2897
f 2309/3242/2890 1964/2716/2456 2647/2719/2459 3199/3248/2896
f 1825/2682/2431 2305/3245/2893 3200/3250/2898 2398/2680/2430
f 2398/2680/2430 3200/3250/2898 2293/3251/2899 1813/2681/2359
f 3200/3250/2898 2648/2686/2435 1960/2688/2360 2293/3251/2899
f 2305/3245/2893 1963/2683/2432 2648/2686/2435 3200/3250/2898
f 1821/2654/2407 2301/3247/2895 3201/3252/2900 2394/2653/2406
f 2394/2653/2406 3201/3252/2900 2289/3253/2901 1809/2573/2335
f 3201/3252/2900 2649/2658/2411 1959/2574/2336 2289/3253/2901
f 2301/3247/2895 1962/2655/2408 2649/2658/2411 3201/3252/2900
f 1817/2630/2383 2297/3249/2897 3202/3254/2902 2390/2629/2382
f 2390/2629/2382 3202/3254/2902 2285/3255/2903 1805/2546/2311
f 3202/3254/2902 2650/2634/2387 1958/2547/2312 2285/3255/2903
f 2297/3249/2897 1961/2631/2384 2650/2634/2387 3202/3254/2902
f 1813/2606/2359 2293/3256/2899 3203/3257/2904 2386/2605/2358
f 2386/2605/2358 3203/3257/2904 2281/3258/2905 1801/2522/2287
f 3203/3257/2904 2651/2610/2363 1957/2523/2288 2281/3258/2905
f 2293/3256/2899 1960/2607/2360 2651/2610/2363 3203/3257/2904
f 1809/2573/2335 2289/3253/2901 3204/3259/2906 2382/2571/2334
f 2382/2571/2334 3204/3259/2906 2277/3260/2907 1797/2572/2263
f 3204/3259/2906 2652/2577/2339 1956/2579/2264 2277/3260/2907
f 2289/3253/2901 1959/2574/2336 2652/2577/2339 3204/3259/2906
f 1805/2546/2311 2285/3255/2903 3205/3261/2908 2378/2545/2310
f 2378/2545/2310 3205/3261/2908 2273/3262/2909 1793/2465/2239
f 3205/3261/2908 2653/2550/2315 1955/2466/2240 2273/3262/2909
f 2285/3255/2903 1958/2547/2312 2653/2550/2315 3205/3261/2908
f 1801/2522/2287 2281/3258/2905 3206/3263/2910 2374/2521/2286
f 2374/2521/2286 3206/3263/2910 2269/3264/2911 1789/2438/2215
f 3206/3263/2910 2654/2526/2291 1954/2439/2216 2269/3264/2911
f 2281/3258/2905 1957/2523/2288 2654/2526/2291 3206/3263/2910
f 1797/2498/2263 2277/3265/2907 3207/3266/2912 2370/2497/2262
f 2370/2497/2262 3207/3266/2912 2265/3267/2913 1785/2414/2191
f 3207/3266/2912 2655/2502/2267 1953/2415/2192 2265/3267/2913
f 2277/3265/2907 1956/2499/2264 2655/2502/2267 3207/3266/2912
f 1793/2465/2239 2273/3262/2909 3208/3268/2914 2366/2463/2238
f 2366/2463/2238 3208/3268/2914 2261/3269/2915 1781/2464/2167
f 3208/3268/2914 2656/2469/2243 1952/2471/2168 2261/3269/2915
f 2273/3262/2909 1955/2466/2240 2656/2469/2243 3208/3268/2914
f 1789/2438/2215 2269/3264/2911 3209/3270/2916 2362/2437/2214
f 2362/2437/2214 3209/3270/2916 2257/3271/2917 1777/2366/2143
f 3209/3270/2916 2657/2442/2219 1951/2367/2144 2257/3271/2917
f 2269/3264/2911 1954/2439/2216 2657/2442/2219 3209/3270/2916
f 1785/2414/2191 2265/3267/2913 3210/3272/2918 2358/2413/2190
f 2358/2413/2190 3210/3272/2918 2253/3273/2919 1773/2342/2119
f 3210/3272/2918 2658/2418/2195 1950/2343/2120 2253/3273/2919
f 2265/3267/2913 1953/2415/2192 2658/2418/2195 3210/3272/2918
f 1781/2390/2167 2261/3274/2915 3211/3275/2920 2354/2389/2166
f 2354/2389/2166 3211/3275/2920 2249/3276/2921 1769/2309/2086
f 3211/3275/2920 2659/2394/2171 1949/2310/2087 2249/3276/2921
f 2261/3274/2915 1952/2391/2168 2659/2394/2171 3211/3275/2920
f 1777/2366/2143 2257/3271/2917 3212/3277/2922 2350/2365/2142
f 2350/2365/2142 3212/3277/2922 2245/3278/2923 1765/2273/2050
f 3212/3277/2922 2660/2370/2147 1948/2274/2051 2245/3278/2923
f 2257/3271/2917 1951/2367/2144 2660/2370/2147 3212/3277/2922
f 1773/2342/2119 2253/3273/2919 3213/3279/2924 2346/2341/2118
f 2346/2341/2118 3213/3279/2924 2237/3280/2925 1757/2201/1978
f 3213/3279/2924 2661/2346/2123 1946/2202/1979 2237/3280/2925
f 2253/3273/2919 1950/2343/2120 2661/2346/2123 3213/3279/2924
f 1769/2309/2086 2249/3276/2921 3214/3281/2926 2342/2307/2084
f 2342/2307/2084 3214/3281/2926 2641/3234/2882 1846/2308/2085
f 3214/3281/2926 2662/2313/2090 1969/2315/2092 2641/3234/2882
f 2249/3276/2921 1949/2310/2087 2662/2313/2090 3214/3281/2926
f 1765/2273/2050 2245/3278/2923 3215/3282/2927 2338/2271/2048
f 2338/2271/2048 3215/3282/2927 2640/3237/2885 1842/2272/2049
f 3215/3282/2927 2663/2277/2054 1968/2279/2056 2640/3237/2885
f 2245/3278/2923 1948/2274/2051 2663/2277/2054 3215/3282/2927
f 1761/2237/2014 2241/3283/2887 3216/3284/2928 2334/2235/2012
f 2334/2235/2012 3216/3284/2928 2639/3240/2888 1838/2236/2013
f 3216/3284/2928 2664/2241/2018 1967/2243/2020 2639/3240/2888
f 2241/3283/2887 1947/2238/2015 2664/2241/2018 3216/3284/2928
f 1757/2201/1978 2237/3280/2925 3217/3285/2929 2330/2199/1976
f 2330/2199/1976 3217/3285/2929 2638/3243/2891 1834/2200/1977
f 3217/3285/2929 2665/2205/1982 1966/2207/1984 2638/3243/2891
f 2237/3280/2925 1946/2202/1979 2665/2205/1982 3217/3285/2929
f 1847/2317/2094 2689/3286/2930 3218/3287/2931 2423/2811/2539
f 2423/2811/2539 3218/3287/2931 2312/3288/2932 1832/2745/2485
f 3218/3287/2931 2690/2813/2541 1989/2746/2486 2312/3288/2932
f 2689/3286/2930 1993/2324/2101 2690/2813/2541 3218/3287/2931
f 1843/2281/2058 2688/3289/2933 3219/3290/2934 2419/2792/2527
f 2419/2792/2527 3219/3290/2934 2240/3291/2935 1760/2793/2023
f 3219/3290/2934 2691/2795/2529 1971/2797/2024 2240/3291/2935
f 2688/3289/2933 1992/2288/2065 2691/2795/2529 3219/3290/2934
f 1839/2245/2022 2687/3292/2936 3220/3293/2937 2415/2775/2515
f 2415/2775/2515 3220/3293/2937 2308/3294/2938 1828/2721/2461
f 3220/3293/2937 2692/2777/2517 1988/2722/2462 2308/3294/2938
f 2687/3292/2936 1991/2252/2029 2692/2777/2517 3220/3293/2937
f 1835/2209/1986 2686/3295/2939 3221/3296/2940 2411/2763/2503
f 2411/2763/2503 3221/3296/2940 2304/3297/2941 1824/2691/2437
f 3221/3296/2940 2693/2765/2505 1987/2692/2438 2304/3297/2941
f 2686/3295/2939 1990/2216/1993 2693/2765/2505 3221/3296/2940
f 1832/2745/2485 2312/3288/2932 3222/3298/2942 2407/2744/2484
f 2407/2744/2484 3222/3298/2942 2300/3299/2943 1820/2660/2413
f 3222/3298/2942 2694/2749/2489 1986/2661/2414 2300/3299/2943
f 2312/3288/2932 1989/2746/2486 2694/2749/2489 3222/3298/2942
f 1828/2721/2461 2308/3294/2938 3223/3300/2944 2403/2720/2460
f 2403/2720/2460 3223/3300/2944 2296/3301/2945 1816/2636/2389
f 3223/3300/2944 2695/2725/2465 1985/2637/2390 2296/3301/2945
f 2308/3294/2938 1988/2722/2462 2695/2725/2465 3223/3300/2944
f 1824/2691/2437 2304/3297/2941 3224/3302/2946 2399/2689/2436
f 2399/2689/2436 3224/3302/2946 2292/3303/2947 1812/2690/2365
f 3224/3302/2946 2696/2695/2441 1984/2697/2366 2292/3303/2947
f 2304/3297/2941 1987/2692/2438 2696/2695/2441 3224/3302/2946
f 1820/2660/2413 2300/3299/2943 3225/3304/2948 2395/2659/2412
f 2395/2659/2412 3225/3304/2948 2288/3305/2949 1808/2582/2341
f 3225/3304/2948 2697/2664/2417 1983/2583/2342 2288/3305/2949
f 2300/3299/2943 1986/2661/2414 2697/2664/2417 3225/3304/2948
f 1816/2636/2389 2296/3301/2945 3226/3306/2950 2391/2635/2388
f 2391/2635/2388 3226/3306/2950 2284/3307/2951 1804/2552/2317
f 3226/3306/2950 2698/2640/2393 1982/2553/2318 2284/3307/2951
f 2296/3301/2945 1985/2637/2390 2698/2640/2393 3226/3306/2950
f 1812/2612/2365 2292/3308/2947 3227/3309/2952 2387/2611/2364
f 2387/2611/2364 3227/3309/2952 2280/3310/2953 1800/2528/2293
f 3227/3309/2952 2699/2616/2369 1981/2529/2294 2280/3310/2953
f 2292/3308/2947 1984/2613/2366 2699/2616/2369 3227/3309/2952
f 1808/2582/2341 2288/3305/2949 3228/3311/2954 2383/2580/2340
f 2383/2580/2340 3228/3311/2954 2276/3312/2955 1796/2581/2269
f 3228/3311/2954 2700/2586/2345 1980/2588/2270 2276/3312/2955
f 2288/3305/2949 1983/2583/2342 2700/2586/2345 3228/3311/2954
f 1804/2552/2317 2284/3307/2951 3229/3313/2956 2379/2551/2316
f 2379/2551/2316 3229/3313/2956 2272/3314/2957 1792/2474/2245
f 3229/3313/2956 2701/2556/2321 1979/2475/2246 2272/3314/2957
f 2284/3307/2951 1982/2553/2318 2701/2556/2321 3229/3313/2956
f 1800/2528/2293 2280/3310/2953 3230/3315/2958 2375/2527/2292
f 2375/2527/2292 3230/3315/2958 2268/3316/2959 1788/2444/2221
f 3230/3315/2958 2702/2532/2297 1978/2445/2222 2268/3316/2959
f 2280/3310/2953 1981/2529/2294 2702/2532/2297 3230/3315/2958
f 1796/2504/2269 2276/3317/2955 3231/3318/2960 2371/2503/2268
f 2371/2503/2268 3231/3318/2960 2264/3319/2961 1784/2420/2197
f 3231/3318/2960 2703/2508/2273 1977/2421/2198 2264/3319/2961
f 2276/3317/2955 1980/2505/2270 2703/2508/2273 3231/3318/2960
f 1792/2474/2245 2272/3314/2957 3232/3320/2962 2367/2472/2244
f 2367/2472/2244 3232/3320/2962 2260/3321/2963 1780/2473/2173
f 3232/3320/2962 2704/2478/2249 1976/2480/2174 2260/3321/2963
f 2272/3314/2957 1979/2475/2246 2704/2478/2249 3232/3320/2962
f 1788/2444/2221 2268/3316/2959 3233/3322/2964 2363/2443/2220
f 2363/2443/2220 3233/3322/2964 2256/3323/2965 1776/2372/2149
f 3233/3322/2964 2705/2448/2225 1975/2373/2150 2256/3323/2965
f 2268/3316/2959 1978/2445/2222 2705/2448/2225 3233/3322/2964
f 1784/2420/2197 2264/3319/2961 3234/3324/2966 2359/2419/2196
f 2359/2419/2196 3234/3324/2966 2252/3325/2967 1772/2348/2125
f 3234/3324/2966 2706/2424/2201 1974/2349/2126 2252/3325/2967
f 2264/3319/2961 1977/2421/2198 2706/2424/2201 3234/3324/2966
f 1780/2396/2173 2260/3326/2963 3235/3327/2968 2355/2395/2172
f 2355/2395/2172 3235/3327/2968 2248/3328/2969 1768/2318/2095
f 3235/3327/2968 2707/2400/2177 1973/2319/2096 2248/3328/2969
f 2260/3326/2963 1976/2397/2174 2707/2400/2177 3235/3327/2968
f 1776/2372/2149 2256/3323/2965 3236/3329/2970 2351/2371/2148
f 2351/2371/2148 3236/3329/2970 2244/3330/2971 1764/2282/2059
f 3236/3329/2970 2708/2376/2153 1972/2283/2060 2244/3330/2971
f 2256/3323/2965 1975/2373/2150 2708/2376/2153 3236/3329/2970
f 1772/2348/2125 2252/3325/2967 3237/3331/2972 2347/2347/2124
f 2347/2347/2124 3237/3331/2972 2236/3332/2973 1756/2210/1987
f 3237/3331/2972 2709/2352/2129 1970/2211/1988 2236/3332/2973
f 2252/3325/2967 1974/2349/2126 2709/2352/2129 3237/3331/2972
f 1768/2318/2095 2248/3328/2969 3238/3333/2974 2343/2316/2093
f 2343/2316/2093 3238/3333/2974 2689/3286/2930 1847/2317/2094
f 3238/3333/2974 2710/2322/2099 1993/2324/2101 2689/3286/2930
f 2248/3328/2969 1973/2319/2096 2710/2322/2099 3238/3333/2974
f 1764/2282/2059 2244/3330/2971 3239/3334/2975 2339/2280/2057
f 2339/2280/2057 3239/3334/2975 2688/3289/2933 1843/2281/2058
f 3239/3334/2975 2711/2286/2063 1992/2288/2065 2688/3289/2933
f 2244/3330/2971 1972/2283/2060 2711/2286/2063 3239/3334/2975
f 1760/2246/2023 2240/3335/2935 3240/3336/2976 2335/2244/2021
f 2335/2244/2021 3240/3336/2976 2687/3292/2936 1839/2245/2022
f 3240/3336/2976 2712/2250/2027 1991/2252/2029 2687/3292/2936
f 2240/3335/2935 1971/2247/2024 2712/2250/2027 3240/3336/2976
f 1756/2210/1987 2236/3332/2973 3241/3337/2977 2331/2208/1985
f 2331/2208/1985 3241/3337/2977 2686/3295/2939 1835/2209/1986
f 3241/3337/2977 2713/2214/1991 1990/2216/1993 2686/3295/2939
f 2236/3332/2973 1970/2211/1988 2713/2214/1991 3241/3337/2977
f 1848/2326/2103 2737/3338/2978 3242/3339/2979 2424/2814/2542
f 2424/2814/2542 3242/3339/2979 2311/3340/2980 1831/2751/2491
f 3242/3339/2979 2738/2816/2544 2013/2752/2492 2311/3340/2980
f 2737/3338/2978 2017/2333/2110 2738/2816/2544 3242/3339/2979
f 1844/2290/2067 2736/3341/2981 3243/3342/2982 2420/2798/2530
f 2420/2798/2530 3243/3342/2982 2239/3343/2983 1759/2799/2032
f 3243/3342/2982 2739/2801/2532 1995/2803/2033 2239/3343/2983
f 2736/3341/2981 2016/2297/2074 2739/2801/2532 3243/3342/2982
f 1840/2254/2031 2735/3344/2984 3244/3345/2985 2416/2778/2518
f 2416/2778/2518 3244/3345/2985 2307/3346/2986 1827/2727/2467
f 3244/3345/2985 2740/2780/2520 2012/2728/2468 2307/3346/2986
f 2735/3344/2984 2015/2261/2038 2740/2780/2520 3244/3345/2985
f 1836/2218/1995 2734/3347/2987 3245/3348/2988 2412/2766/2506
f 2412/2766/2506 3245/3348/2988 2303/3349/2989 1823/2700/2443
f 3245/3348/2988 2741/2768/2508 2011/2701/2444 2303/3349/2989
f 2734/3347/2987 2014/2225/2002 2741/2768/2508 3245/3348/2988
f 1831/2751/2491 2311/3340/2980 3246/3350/2990 2408/2750/2490
f 2408/2750/2490 3246/3350/2990 2299/3351/2991 1819/2667/2419
f 3246/3350/2990 2742/2755/2495 2010/2668/2420 2299/3351/2991
f 2311/3340/2980 2013/2752/2492 2742/2755/2495 3246/3350/2990
f 1827/2727/2467 2307/3346/2986 3247/3352/2992 2404/2726/2466
f 2404/2726/2466 3247/3352/2992 2295/3353/2993 1815/2642/2395
f 3247/3352/2992 2743/2731/2471 2009/2643/2396 2295/3353/2993
f 2307/3346/2986 2012/2728/2468 2743/2731/2471 3247/3352/2992
f 1823/2700/2443 2303/3349/2989 3248/3354/2994 2400/2698/2442
f 2400/2698/2442 3248/3354/2994 2291/3355/2995 1811/2699/2371
f 3248/3354/2994 2744/2704/2447 2008/2706/2372 2291/3355/2995
f 2303/3349/2989 2011/2701/2444 2744/2704/2447 3248/3354/2994
f 1819/2667/2419 2299/3351/2991 3249/3356/2996 2396/2665/2418
f 2396/2665/2418 3249/3356/2996 2287/3357/2997 1807/2666/2347
f 3249/3356/2996 2745/2671/2423 2007/2592/2348 2287/3357/2997
f 2299/3351/2991 2010/2668/2420 2745/2671/2423 3249/3356/2996
f 1815/2642/2395 2295/3353/2993 3250/3358/2998 2392/2641/2394
f 2392/2641/2394 3250/3358/2998 2283/3359/2999 1803/2558/2323
f 3250/3358/2998 2746/2646/2399 2006/2559/2324 2283/3359/2999
f 2295/3353/2993 2009/2643/2396 2746/2646/2399 3250/3358/2998
f 1811/2618/2371 2291/3360/2995 3251/3361/3000 2388/2617/2370
f 2388/2617/2370 3251/3361/3000 2279/3362/3001 1799/2534/2299
f 3251/3361/3000 2747/2622/2375 2005/2535/2300 2279/3362/3001
f 2291/3360/2995 2008/2619/2372 2747/2622/2375 3251/3361/3000
f 1807/2591/2347 2287/3357/2997 3252/3363/3002 2384/2589/2346
f 2384/2589/2346 3252/3363/3002 2275/3364/3003 1795/2590/2275
f 3252/3363/3002 2748/2595/2351 2004/2597/2276 2275/3364/3003
f 2287/3357/2997 2007/2592/2348 2748/2595/2351 3252/3363/3002
f 1803/2558/2323 2283/3359/2999 3253/3365/3004 2380/2557/2322
f 2380/2557/2322 3253/3365/3004 2271/3366/3005 1791/2483/2251
f 3253/3365/3004 2749/2562/2327 2003/2484/2252 2271/3366/3005
f 2283/3359/2999 2006/2559/2324 2749/2562/2327 3253/3365/3004
f 1799/2534/2299 2279/3362/3001 3254/3367/3006 2376/2533/2298
f 2376/2533/2298 3254/3367/3006 2267/3368/3007 1787/2450/2227
f 3254/3367/3006 2750/2538/2303 2002/2451/2228 2267/3368/3007
f 2279/3362/3001 2005/2535/2300 2750/2538/2303 3254/3367/3006
f 1795/2510/2275 2275/3369/3003 3255/3370/3008 2372/2509/2274
f 2372/2509/2274 3255/3370/3008 2263/3371/3009 1783/2426/2203
f 3255/3370/3008 2751/2514/2279 2001/2427/2204 2263/3371/3009
f 2275/3369/3003 2004/2511/2276 2751/2514/2279 3255/3370/3008
f 1791/2483/2251 2271/3366/3005 3256/3372/3010 2368/2481/2250
f 2368/2481/2250 3256/3372/3010 2259/3373/3011 1779/2482/2179
f 3256/3372/3010 2752/2487/2255 2000/2489/2180 2259/3373/3011
f 2271/3366/3005 2003/2484/2252 2752/2487/2255 3256/3372/3010
f 1787/2450/2227 2267/3368/3007 3257/3374/3012 2364/2449/2226
f 2364/2449/2226 3257/3374/3012 2255/3375/3013 1775/2378/2155
f 3257/3374/3012 2753/2454/2231 1999/2379/2156 2255/3375/3013
f 2267/3368/3007 2002/2451/2228 2753/2454/2231 3257/3374/3012
f 1783/2426/2203 2263/3371/3009 3258/3376/3014 2360/2425/2202
f 2360/2425/2202 3258/3376/3014 2251/3377/3015 1771/2354/2131
f 3258/3376/3014 2754/2430/2207 1998/2355/2132 2251/3377/3015
f 2263/3371/3009 2001/2427/2204 2754/2430/2207 3258/3376/3014
f 1779/2402/2179 2259/3378/3011 3259/3379/3016 2356/2401/2178
f 2356/2401/2178 3259/3379/3016 2247/3380/3017 1767/2327/2104
f 3259/3379/3016 2755/2406/2183 1997/2328/2105 2247/3380/3017
f 2259/3378/3011 2000/2403/2180 2755/2406/2183 3259/3379/3016
f 1775/2378/2155 2255/3375/3013 3260/3381/3018 2352/2377/2154
f 2352/2377/2154 3260/3381/3018 2243/3382/3019 1763/2291/2068
f 3260/3381/3018 2756/2382/2159 1996/2292/2069 2243/3382/3019
f 2255/3375/3013 1999/2379/2156 2756/2382/2159 3260/3381/3018
f 1771/2354/2131 2251/3377/3015 3261/3383/3020 2348/2353/2130
f 2348/2353/2130 3261/3383/3020 2235/3384/3021 1755/2219/1996
f 3261/3383/3020 2757/2358/2135 1994/2220/1997 2235/3384/3021
f 2251/3377/3015 1998/2355/2132 2757/2358/2135 3261/3383/3020
f 1767/2327/2104 2247/3380/3017 3262/3385/3022 2344/2325/2102
f 2344/2325/2102 3262/3385/3022 2737/3338/2978 1848/2326/2103
f 3262/3385/3022 2758/2331/2108 2017/2333/2110 2737/3338/2978
f 2247/3380/3017 1997/2328/2105 2758/2331/2108 3262/3385/3022
f 1763/2291/2068 2243/3382/3019 3263/3386/3023 2340/2289/2066
f 2340/2289/2066 3263/3386/3023 2736/3341/2981 1844/2290/2067
f 3263/3386/3023 2759/2295/2072 2016/2297/2074 2736/3341/2981
f 2243/3382/3019 1996/2292/2069 2759/2295/2072 3263/3386/3023
f 1759/2255/2032 2239/3387/2983 3264/3388/3024 2336/2253/2030
f 2336/2253/2030 3264/3388/3024 2735/3344/2984 1840/2254/2031
f 3264/3388/3024 2760/2259/2036 2015/2261/2038 2735/3344/2984
f 2239/3387/2983 1995/2256/2033 2760/2259/2036 3264/3388/3024
f 1755/2219/1996 2235/3384/3021 3265/3389/3025 2332/2217/1994
f 2332/2217/1994 3265/3389/3025 2734/3347/2987 1836/2218/1995
f 3265/3389/3025 2761/2223/2000 2014/2225/2002 2734/3347/2987
f 2235/3384/3021 1994/2220/1997 2761/2223/2000 3265/3389/3025
f 2069/3390/3026 2765/3391/3027 3266/3392/3028 2905/3393/3029
f 2905/3393/3029 3266/3392/3028 2881/3394/3030 2089/3395/3031
f 3266/3392/3028 2786/2041/1824 2041/2022/1808 2881/3394/3030
f 2765/3391/3027 2021/1925/1714 2786/2041/1824 3266/3392/3028
f 2068/3396/3032 2764/3397/3033 3267/3398/3034 2904/3399/3035
f 2904/3399/3035 3267/3398/3034 2863/3400/3036 2071/3401/3037
f 3267/3398/3034 2787/2035/1821 2023/2037/1691 2863/3400/3036
f 2764/3397/3033 2020/1916/1705 2787/2035/1821 3267/3398/3034
f 2067/3402/3038 2763/3403/3039 3268/3404/3040 2903/3405/3041
f 2903/3405/3041 3268/3404/3040 2880/3406/3042 2088/3407/3043
f 3268/3404/3040 2788/2032/1818 2040/2016/1802 2880/3406/3042
f 2763/3403/3039 2019/1907/1696 2788/2032/1818 3268/3404/3040
f 2066/3408/3044 2762/3409/3045 3269/3410/3046 2902/3411/3047
f 2902/3411/3047 3269/3410/3046 2879/3412/3048 2087/3413/3049
f 3269/3410/3046 2789/2029/1815 2039/2010/1796 2879/3412/3048
f 2762/3409/3045 2018/1898/1687 2789/2029/1815 3269/3410/3046
f 2089/3395/3031 2881/3394/3030 3270/3414/3050 2901/3415/3051
f 2901/3415/3051 3270/3414/3050 2878/3416/3052 2086/3417/3053
f 3270/3414/3050 2790/2025/1811 2038/2004/1790 2878/3416/3052
f 2881/3394/3030 2041/2022/1808 2790/2025/1811 3270/3414/3050
f 2088/3407/3043 2880/3406/3042 3271/3418/3054 2900/3419/3055
f 2900/3419/3055 3271/3418/3054 2877/3420/3056 2085/3421/3057
f 3271/3418/3054 2791/2019/1805 2037/1998/1784 2877/3420/3056
f 2880/3406/3042 2040/2016/1802 2791/2019/1805 3271/3418/3054
f 2087/3413/3049 2879/3412/3048 3272/3422/3058 2899/3423/3059
f 2899/3423/3059 3272/3422/3058 2876/3424/3060 2084/3425/3061
f 3272/3422/3058 2792/2013/1799 2036/1992/1778 2876/3424/3060
f 2879/3412/3048 2039/2010/1796 2792/2013/1799 3272/3422/3058
f 2086/3417/3053 2878/3416/3052 3273/3426/3062 2898/3427/3063
f 2898/3427/3063 3273/3426/3062 2875/3428/3064 2083/3429/3065
f 3273/3426/3062 2793/2007/1793 2035/1983/1772 2875/3428/3064
f 2878/3416/3052 2038/2004/1790 2793/2007/1793 3273/3426/3062
f 2085/3421/3057 2877/3420/3056 3274/3430/3066 2897/3431/3067
f 2897/3431/3067 3274/3430/3066 2874/3432/3068 2082/3433/3069
f 3274/3430/3066 2794/2001/1787 2034/1977/1766 2874/3432/3068
f 2877/3420/3056 2037/1998/1784 2794/2001/1787 3274/3430/3066
f 2084/3425/3061 2876/3424/3060 3275/3434/3070 2896/3435/3071
f 2896/3435/3071 3275/3434/3070 2873/3436/3072 2081/3437/3073
f 3275/3434/3070 2795/1995/1781 2033/1971/1760 2873/3436/3072
f 2876/3424/3060 2036/1992/1778 2795/1995/1781 3275/3434/3070
f 2083/3429/3065 2875/3428/3064 3276/3438/3074 2895/3439/3075
f 2895/3439/3075 3276/3438/3074 2872/3440/3076 2080/3441/3077
f 3276/3438/3074 2796/1986/1775 2032/1988/1754 2872/3440/3076
f 2875/3428/3064 2035/1983/1772 2796/1986/1775 3276/3438/3074
f 2082/3433/3069 2874/3432/3068 3277/3442/3078 2894/3443/3079
f 2894/3443/3079 3277/3442/3078 2871/3444/3080 2079/3445/3081
f 3277/3442/3078 2797/1980/1769 2031/1959/1748 2871/3444/3080
f 2874/3432/3068 2034/1977/1766 2797/1980/1769 3277/3442/3078
f 2081/3437/3073 2873/3436/3072 3278/3446/3082 2893/3447/3083
f 2893/3447/3083 3278/3446/3082 2870/3448/3084 2078/3449/3085
f 3278/3446/3082 2798/1974/1763 2030/1953/1742 2870/3448/3084
f 2873/3436/3072 2033/1971/1760 2798/1974/1763 3278/3446/3082
f 2080/3450/3077 2872/3451/3076 3279/3452/3086 2892/3453/3087
f 2892/3453/3087 3279/3452/3086 2869/3454/3088 2077/3455/3089
f 3279/3452/3086 2799/1968/1757 2029/1947/1736 2869/3454/3088
f 2872/3451/3076 2032/1965/1754 2799/1968/1757 3279/3452/3086
f 2079/3445/3081 2871/3444/3080 3280/3456/3090 2891/3457/3091
f 2891/3457/3091 3280/3456/3090 2868/3458/3092 2076/3459/3093
f 3280/3456/3090 2800/1962/1751 2028/1941/1730 2868/3458/3092
f 2871/3444/3080 2031/1959/1748 2800/1962/1751 3280/3456/3090
f 2078/3449/3085 2870/3448/3084 3281/3460/3094 2890/3461/3095
f 2890/3461/3095 3281/3460/3094 2867/3462/3096 2075/3463/3097
f 3281/3460/3094 2801/1956/1745 2027/1935/1724 2867/3462/3096
f 2870/3448/3084 2030/1953/1742 2801/1956/1745 3281/3460/3094
f 2077/3455/3089 2869/3454/3088 3282/3464/3098 2889/3465/3099
f 2889/3465/3099 3282/3464/3098 2866/3466/3100 2074/3467/3101
f 3282/3464/3098 2802/1950/1739 2026/1929/1718 2866/3466/3100
f 2869/3454/3088 2029/1947/1736 2802/1950/1739 3282/3464/3098
f 2076/3459/3093 2868/3458/3092 3283/3468/3102 2888/3469/3103
f 2888/3469/3103 3283/3468/3102 2865/3470/3104 2073/3471/3105
f 3283/3468/3102 2803/1944/1733 2025/1920/1709 2865/3470/3104
f 2868/3458/3092 2028/1941/1730 2803/1944/1733 3283/3468/3102
f 2075/3463/3097 2867/3462/3096 3284/3472/3106 2887/3473/3107
f 2887/3473/3107 3284/3472/3106 2864/3474/3108 2072/3475/3109
f 3284/3472/3106 2804/1938/1727 2024/1911/1700 2864/3474/3108
f 2867/3462/3096 2027/1935/1724 2804/1938/1727 3284/3472/3106
f 2074/3467/3101 2866/3466/3100 3285/3476/3110 2886/3477/3111
f 2886/3477/3111 3285/3476/3110 2862/3478/3112 2070/3479/3113
f 3285/3476/3110 2805/1932/1721 2022/1893/1682 2862/3478/3112
f 2866/3466/3100 2026/1929/1718 2805/1932/1721 3285/3476/3110
f 2073/3471/3105 2865/3470/3104 3286/3480/3114 2885/3481/3115
f 2885/3481/3115 3286/3480/3114 2765/3391/3027 2069/3390/3026
f 3286/3480/3114 2806/1923/1712 2021/1925/1714 2765/3391/3027
f 2865/3470/3104 2025/1920/1709 2806/1923/1712 3286/3480/3114
f 2072/3475/3109 2864/3474/3108 3287/3482/3116 2884/3483/3117
f 2884/3483/3117 3287/3482/3116 2764/3397/3033 2068/3396/3032
f 3287/3482/3116 2807/1914/1703 2020/1916/1705 2764/3397/3033
f 2864/3474/3108 2024/1911/1700 2807/1914/1703 3287/3482/3116
f 2071/3484/3037 2863/3485/3036 3288/3486/3118 2883/3487/3119
f 2883/3487/3119 3288/3486/3118 2763/3403/3039 2067/3402/3038
f 3288/3486/3118 2808/1905/1694 2019/1907/1696 2763/3403/3039
f 2863/3485/3036 2023/1902/1691 2808/1905/1694 3288/3486/3118
f 2070/3479/3113 2862/3478/3112 3289/3488/3120 2882/3489/3121
f 2882/3489/3121 3289/3488/3120 2762/3409/3045 2066/3408/3044
f 3289/3488/3120 2809/1896/1685 2018/1898/1687 2762/3409/3045
f 2862/3478/3112 2022/1893/1682 2809/1896/1685 3289/3488/3120
f 1731/2177/1957 2187/3490/3122 3290/3491/3123 2233/2192/1969
f 2233/2192/1969 3290/3491/3123 2830/3492/3124 1730/2078/1861
f 3290/3491/3123 2834/3493/3125 2062/3494/3126 2830/3492/3124
f 2187/3490/3122 2042/3495/3127 2834/3493/3125 3290/3491/3123
f 1733/2189/1842 2189/3496/3128 3291/3497/3129 2232/2188/1966
f 2232/2188/1966 3291/3497/3129 2831/3498/3130 1732/2069/1852
f 3291/3497/3129 2835/3499/3131 2063/3500/3132 2831/3498/3130
f 2189/3496/3128 2043/3501/3133 2835/3499/3131 3291/3497/3129
f 1735/2171/1951 2191/3502/3134 3292/3503/3135 2231/2183/1963
f 2231/2183/1963 3292/3503/3135 2832/3504/3136 1734/2060/1843
f 3292/3503/3135 2836/3505/3137 2064/3506/3138 2832/3504/3136
f 2191/3502/3134 2044/3507/3139 2836/3505/3137 3292/3503/3135
f 1737/2165/1945 2193/3508/3140 3293/3509/3141 2230/2180/1960
f 2230/2180/1960 3293/3509/3141 2833/3510/3142 1736/2051/1834
f 3293/3509/3141 2837/3511/3143 2065/3512/3144 2833/3510/3142
f 2193/3508/3140 2045/3513/3145 2837/3511/3143 3293/3509/3141
f 1738/2159/1939 2194/3514/3146 3294/3515/3147 2229/2176/1956
f 2229/2176/1956 3294/3515/3147 2187/3490/3122 1731/2177/1957
f 3294/3515/3147 2838/3516/3148 2042/3495/3127 2187/3490/3122
f 2194/3514/3146 2046/3517/3149 2838/3516/3148 3294/3515/3147
f 1739/2153/1933 2195/3518/3150 3295/3519/3151 2228/2170/1950
f 2228/2170/1950 3295/3519/3151 2191/3502/3134 1735/2171/1951
f 3295/3519/3151 2839/3520/3152 2044/3507/3139 2191/3502/3134
f 2195/3518/3150 2047/3521/3153 2839/3520/3152 3295/3519/3151
f 1740/2147/1927 2196/3522/3154 3296/3523/3155 2227/2164/1944
f 2227/2164/1944 3296/3523/3155 2193/3508/3140 1737/2165/1945
f 3296/3523/3155 2840/3524/3156 2045/3513/3145 2193/3508/3140
f 2196/3522/3154 2048/3525/3157 2840/3524/3156 3296/3523/3155
f 1741/2140/1921 2197/3526/3158 3297/3527/3159 2226/2158/1938
f 2226/2158/1938 3297/3527/3159 2194/3514/3146 1738/2159/1939
f 3297/3527/3159 2841/3528/3160 2046/3517/3149 2194/3514/3146
f 2197/3526/3158 2049/3529/3161 2841/3528/3160 3297/3527/3159
f 1742/2132/1915 2198/3530/3162 3298/3531/3163 2225/2152/1932
f 2225/2152/1932 3298/3531/3163 2195/3518/3150 1739/2153/1933
f 3298/3531/3163 2842/3532/3164 2047/3521/3153 2195/3518/3150
f 2198/3530/3162 2050/3533/3165 2842/3532/3164 3298/3531/3163
f 1743/2126/1909 2199/3534/3166 3299/3535/3167 2224/2146/1926
f 2224/2146/1926 3299/3535/3167 2196/3522/3154 1740/2147/1927
f 3299/3535/3167 2843/3536/3168 2048/3525/3157 2196/3522/3154
f 2199/3534/3166 2051/3537/3169 2843/3536/3168 3299/3535/3167
f 1744/2141/1903 2200/3538/3170 3300/3539/3171 2223/2139/1920
f 2223/2139/1920 3300/3539/3171 2197/3526/3158 1741/2140/1921
f 3300/3539/3171 2844/3540/3172 2049/3529/3161 2197/3526/3158
f 2200/3538/3170 2052/3541/3173 2844/3540/3172 3300/3539/3171
f 1745/2114/1897 2201/3542/3174 3301/3543/3175 2222/2131/1914
f 2222/2131/1914 3301/3543/3175 2198/3530/3162 1742/2132/1915
f 3301/3543/3175 2845/3544/3176 2050/3533/3165 2198/3530/3162
f 2201/3542/3174 2053/3545/3177 2845/3544/3176 3301/3543/3175
f 1746/2108/1891 2202/3546/3178 3302/3547/3179 2221/2125/1908
f 2221/2125/1908 3302/3547/3179 2199/3534/3166 1743/2126/1909
f 3302/3547/3179 2846/3548/3180 2051/3537/3169 2199/3534/3166
f 2202/3546/3178 2054/3549/3181 2846/3548/3180 3302/3547/3179
f 1747/2102/1885 2203/3550/3182 3303/3551/3183 2220/2119/1902
f 2220/2119/1902 3303/3551/3183 2200/3552/3170 1744/2120/1903
f 3303/3551/3183 2847/3553/3184 2052/3554/3173 2200/3552/3170
f 2203/3550/3182 2055/3555/3185 2847/3553/3184 3303/3551/3183
f 1748/2096/1879 2204/3556/3186 3304/3557/3187 2219/2113/1896
f 2219/2113/1896 3304/3557/3187 2201/3542/3174 1745/2114/1897
f 3304/3557/3187 2848/3558/3188 2053/3545/3177 2201/3542/3174
f 2204/3556/3186 2056/3559/3189 2848/3558/3188 3304/3557/3187
f 1749/2090/1873 2205/3560/3190 3305/3561/3191 2218/2107/1890
f 2218/2107/1890 3305/3561/3191 2202/3546/3178 1746/2108/1891
f 3305/3561/3191 2849/3562/3192 2054/3549/3181 2202/3546/3178
f 2205/3560/3190 2057/3563/3193 2849/3562/3192 3305/3561/3191
f 1750/2084/1867 2206/3564/3194 3306/3565/3195 2217/2101/1884
f 2217/2101/1884 3306/3565/3195 2203/3550/3182 1747/2102/1885
f 3306/3565/3195 2850/3566/3196 2055/3555/3185 2203/3550/3182
f 2206/3564/3194 2058/3567/3197 2850/3566/3196 3306/3565/3195
f 1751/2077/1860 2207/3568/3198 3307/3569/3199 2216/2095/1878
f 2216/2095/1878 3307/3569/3199 2204/3556/3186 1748/2096/1879
f 3307/3569/3199 2851/3570/3200 2056/3559/3189 2204/3556/3186
f 2207/3568/3198 2059/3571/3201 2851/3570/3200 3307/3569/3199
f 1752/2068/1851 2208/3572/3202 3308/3573/3203 2215/2089/1872
f 2215/2089/1872 3308/3573/3203 2205/3560/3190 1749/2090/1873
f 3308/3573/3203 2852/3574/3204 2057/3563/3193 2205/3560/3190
f 2208/3572/3202 2060/3575/3205 2852/3574/3204 3308/3573/3203
f 1753/2050/1833 2209/3576/3206 3309/3577/3207 2214/2083/1866
f 2214/2083/1866 3309/3577/3207 2206/3564/3194 1750/2084/1867
f 3309/3577/3207 2853/3578/3208 2058/3567/3197 2206/3564/3194
f 2209/3576/3206 2061/3579/3209 2853/3578/3208 3309/3577/3207
f 1730/2078/1861 2830/3492/3124 3310/3580/3210 2213/2076/1859
f 2213/2076/1859 3310/3580/3210 2207/3568/3198 1751/2077/1860
f 3310/3580/3210 2854/3581/3211 2059/3571/3201 2207/3568/3198
f 2830/3492/3124 2062/3494/3126 2854/3581/3211 3310/3580/3210
f 1732/2069/1852 2831/3498/3130 3311/3582/3212 2212/2067/1850
f 2212/2067/1850 3311/3582/3212 2208/3572/3202 1752/2068/1851
f 3311/3582/3212 2855/3583/3213 2060/3575/3205 2208/3572/3202
f 2831/3498/3130 2063/3500/3132 2855/3583/3213 3311/3582/3212
f 1734/2060/1843 2832/3504/3136 3312/3584/3214 2211/2058/1841
f 2211/2058/1841 3312/3584/3214 2189/3585/3128 1733/2059/1842
f 3312/3584/3214 2856/3586/3215 2043/3587/3133 2189/3585/3128
f 2832/3504/3136 2064/3506/3138 2856/3586/3215 3312/3584/3214
f 1736/2051/1834 2833/3510/3142 3313/3588/3216 2210/2049/1832
f 2210/2049/1832 3313/3588/3216 2209/3576/3206 1753/2050/1833
f 3313/3588/3216 2857/3589/3217 2061/3579/3209 2209/3576/3206
f 2833/3510/3142 2065/3512/3144 2857/3589/3217 3313/3588/3216
f 2042/3495/3127 2810/3590/3218 3314/3591/3219 2834/3493/3125
f 2834/3493/3125 3314/3591/3219 2858/3592/3220 2062/3494/3126
f 3314/3591/3219 2882/3489/3121 2066/3408/3044 2858/3592/3220
f 2810/3590/3218 2070/3479/3113 2882/3489/3121 3314/3591/3219
f 2043/3501/3133 2811/3593/3221 3315/3594/3222 2835/3499/3131
f 2835/3499/3131 3315/3594/3222 2859/3595/3223 2063/3500/3132
f 3315/3594/3222 2883/3487/3119 2067/3402/3038 2859/3595/3223
f 2811/3593/3221 2071/3484/3037 2883/3487/3119 3315/3594/3222
f 2044/3507/3139 2812/3596/3224 3316/3597/3225 2836/3505/3137
f 2836/3505/3137 3316/3597/3225 2860/3598/3226 2064/3506/3138
f 3316/3597/3225 2884/3483/3117 2068/3396/3032 2860/3598/3226
f 2812/3596/3224 2072/3475/3109 2884/3483/3117 3316/3597/3225
f 2045/3513/3145 2813/3599/3227 3317/3600/3228 2837/3511/3143
f 2837/3511/3143 3317/3600/3228 2861/3601/3229 2065/3512/3144
f 3317/3600/3228 2885/3481/3115 2069/3390/3026 2861/3601/3229
f 2813/3599/3227 2073/3471/3105 2885/3481/3115 3317/3600/3228
f 2046/3517/3149 2814/3602/3230 3318/3603/3231 2838/3516/3148
f 2838/3516/3148 3318/3603/3231 2810/3590/3218 2042/3495/3127
f 3318/3603/3231 2886/3477/3111 2070/3479/3113 2810/3590/3218
f 2814/3602/3230 2074/3467/3101 2886/3477/3111 3318/3603/3231
f 2047/3521/3153 2815/3604/3232 3319/3605/3233 2839/3520/3152
f 2839/3520/3152 3319/3605/3233 2812/3596/3224 2044/3507/3139
f 3319/3605/3233 2887/3473/3107 2072/3475/3109 2812/3596/3224
f 2815/3604/3232 2075/3463/3097 2887/3473/3107 3319/3605/3233
f 2048/3525/3157 2816/3606/3234 3320/3607/3235 2840/3524/3156
f 2840/3524/3156 3320/3607/3235 2813/3599/3227 2045/3513/3145
f 3320/3607/3235 2888/3469/3103 2073/3471/3105 2813/3599/3227
f 2816/3606/3234 2076/3459/3093 2888/3469/3103 3320/3607/3235
f 2049/3529/3161 2817/3608/3236 3321/3609/3237 2841/3528/3160
f 2841/3528/3160 3321/3609/3237 2814/3602/3230 2046/3517/3149
f 3321/3609/3237 2889/3465/3099 2074/3467/3101 2814/3602/3230
f 2817/3608/3236 2077/3455/3089 2889/3465/3099 3321/3609/3237
f 2050/3533/3165 2818/3610/3238 3322/3611/3239 2842/3532/3164
f 2842/3532/3164 3322/3611/3239 2815/3604/3232 2047/3521/3153
f 3322/3611/3239 2890/3461/3095 2075/3463/3097 2815/3604/3232
f 2818/3610/3238 2078/3449/3085 2890/3461/3095 3322/3611/3239
f 2051/3537/3169 2819/3612/3240 3323/3613/3241 2843/3536/3168
f 2843/3536/3168 3323/3613/3241 2816/3606/3234 2048/3525/3157
f 3323/3613/3241 2891/3457/3091 2076/3459/3093 2816/3606/3234
f 2819/3612/3240 2079/3445/3081 2891/3457/3091 3323/3613/3241
f 2052/3541/3173 2820/3614/3242 3324/3615/3243 2844/3540/3172
f 2844/3540/3172 3324/3615/3243 2817/3608/3236 2049/3529/3161
f 3324/3615/3243 2892/3453/3087 2077/3455/3089 2817/3608/3236
f 2820/3614/3242 2080/3450/3077 2892/3453/3087 3324/3615/3243
f 2053/3545/3177 2821/3616/3244 3325/3617/3245 2845/3544/3176
f 2845/3544/3176 3325/3617/3245 2818/3610/3238 2050/3533/3165
f 3325/3617/3245 2893/3447/3083 2078/3449/3085 2818/3610/3238
f 2821/3616/3244 2081/3437/3073 2893/3447/3083 3325/3617/3245
f 2054/3549/3181 2822/3618/3246 3326/3619/3247 2846/3548/3180
f 2846/3548/3180 3326/3619/3247 2819/3612/3240 2051/3537/3169
f 3326/3619/3247 2894/3443/3079 2079/3445/3081 2819/3612/3240
f 2822/3618/3246 2082/3433/3069 2894/3443/3079 3326/3619/3247
f 2055/3555/3185 2823/3620/3248 3327/3621/3249 2847/3553/3184
f 2847/3553/3184 3327/3621/3249 2820/3622/3242 2052/3554/3173
f 3327/3621/3249 2895/3439/3075 2080/3441/3077 2820/3622/3242
f 2823/3620/3248 2083/3429/3065 2895/3439/3075 3327/3621/3249
f 2056/3559/3189 2824/3623/3250 3328/3624/3251 2848/3558/3188
f 2848/3558/3188 3328/3624/3251 2821/3616/3244 2053/3545/3177
f 3328/3624/3251 2896/3435/3071 2081/3437/3073 2821/3616/3244
f 2824/3623/3250 2084/3425/3061 2896/3435/3071 3328/3624/3251
f 2057/3563/3193 2825/3625/3252 3329/3626/3253 2849/3562/3192
f 2849/3562/3192 3329/3626/3253 2822/3618/3246 2054/3549/3181
f 3329/3626/3253 2897/3431/3067 2082/3433/3069 2822/3618/3246
f 2825/3625/3252 2085/3421/3057 2897/3431/3067 3329/3626/3253
f 2058/3567/3197 2826/3627/3254 3330/3628/3255 2850/3566/3196
f 2850/3566/3196 3330/3628/3255 2823/3620/3248 2055/3555/3185
f 3330/3628/3255 2898/3427/3063 2083/3429/3065 2823/3620/3248
f 2826/3627/3254 2086/3417/3053 2898/3427/3063 3330/3628/3255
f 2059/3571/3201 2827/3629/3256 3331/3630/3257 2851/3570/3200
f 2851/3570/3200 3331/3630/3257 2824/3623/3250 2056/3559/3189
f 3331/3630/3257 2899/3423/3059 2084/3425/3061 2824/3623/3250
f 2827/3629/3256 2087/3413/3049 2899/3423/3059 3331/3630/3257
f 2060/3575/3205 2828/3631/3258 3332/3632/3259 2852/3574/3204
f 2852/3574/3204 3332/3632/3259 2825/3625/3252 2057/3563/3193
f 3332/3632/3259 2900/3419/3055 2085/3421/3057 2825/3625/3252
f 2828/3631/3258 2088/3407/3043 2900/3419/3055 3332/3632/3259
f 2061/3579/3209 2829/3633/3260 3333/3634/3261 2853/3578/3208
f 2853/3578/3208 3333/3634/3261 2826/3627/3254 2058/3567/3197
f 3333/3634/3261 2901/3415/3051 2086/3417/3053 2826/3627/3254
f 2829/3633/3260 2089/3395/3031 2901/3415/3051 3333/3634/3261
f 2062/3494/3126 2858/3592/3220 3334/3635/3262 2854/3581/3211
f 2854/3581/3211 3334/3635/3262 2827/3629/3256 2059/3571/3201
f 3334/3635/3262 2902/3411/3047 2087/3413/3049 2827/3629/3256
f 2858/3592/3220 2066/3408/3044 2902/3411/3047 3334/3635/3262
f 2063/3500/3132 2859/3595/3223 3335/3636/3263 2855/3583/3213
f 2855/3583/3213 3335/3636/3263 2828/3631/3258 2060/3575/3205
f 3335/3636/3263 2903/3405/3041 2088/3407/3043 2828/3631/3258
f 2859/3595/3223 2067/3402/3038 2903/3405/3041 3335/3636/3263
f 2064/3506/3138 2860/3598/3226 3336/3637/3264 2856/3586/3215
f 2856/3586/3215 3336/3637/3264 2811/3638/3221 2043/3587/3133
f 3336/3637/3264 2904/3399/3035 2071/3401/3037 2811/3638/3221
f 2860/3598/3226 2068/3396/3032 2904/3399/3035 3336/3637/3264
f 2065/3512/3144 2861/3601/3229 3337/3639/3265 2857/3589/3217
f 2857/3589/3217 3337/3639/3265 2829/3633/3260 2061/3579/3209
f 3337/3639/3265 2905/3393/3029 2089/3395/3031 2829/3633/3260
f 2861/3601/3229 2069/3390/3026 2905/3393/3029 3337/3639/3265
f 1694/3640/2789 2931/3641/3266 3338/3642/3267 2126/3643/2787
f 2126/3643/2787 3338/3642/3267 2930/3644/3268 1695/3645/2765
f 3338/3642/3267 2918/3646/3269 2103/3647/3270 2930/3644/3268
f 2931/3641/3266 2102/3648/3271 2918/3646/3269 3338/3642/3267
f 1687/3649/2781 2933/3650/3272 3339/3651/3273 2119/3652/2779
f 2119/3652/2779 3339/3651/3273 2932/3653/3274 1688/3654/2757
f 3339/3651/3273 2911/3655/3275 2096/3656/3276 2932/3653/3274
f 2933/3650/3272 2095/3657/3277 2911/3655/3275 3339/3651/3273
f 1702/3658/2773 2935/3659/3278 3340/3660/3279 2134/3661/2771
f 2134/3661/2771 3340/3660/3279 2934/3662/3280 1703/3663/2749
f 3340/3660/3279 2926/3664/3281 2111/3665/3282 2934/3662/3280
f 2935/3659/3278 2110/3666/3283 2926/3664/3281 3340/3660/3279
f 1695/3645/2765 2930/3644/3268 3341/3667/3284 2127/3668/2763
f 2127/3668/2763 3341/3667/3284 2936/3669/3285 1696/3670/2741
f 3341/3667/3284 2919/3671/3286 2104/3672/3287 2936/3669/3285
f 2930/3644/3268 2103/3647/3270 2919/3671/3286 3341/3667/3284
f 1688/3654/2757 2932/3653/3274 3342/3673/3288 2120/3674/2755
f 2120/3674/2755 3342/3673/3288 2937/3675/3289 1689/3676/2731
f 3342/3673/3288 2912/3677/3290 2097/3678/3291 2937/3675/3289
f 2932/3653/3274 2096/3656/3276 2912/3677/3290 3342/3673/3288
f 1703/3663/2749 2934/3662/3280 3343/3679/3292 2135/3680/2747
f 2135/3680/2747 3343/3679/3292 2938/3681/3293 1704/3682/2719
f 3343/3679/3292 2927/3683/3294 2112/3684/3295 2938/3681/3293
f 2934/3662/3280 2111/3665/3282 2927/3683/3294 3343/3679/3292
f 1696/3670/2741 2936/3669/3285 3344/3685/3296 2128/3686/2739
f 2128/3686/2739 3344/3685/3296 2939/3687/3297 1697/3688/2695
f 3344/3685/3296 2920/3689/3298 2105/3690/3299 2939/3687/3297
f 2936/3669/3285 2104/3672/3287 2920/3689/3298 3344/3685/3296
f 1689/3676/2731 2937/3675/3289 3345/3691/3300 2121/3692/2729
f 2121/3692/2729 3345/3691/3300 2940/3693/3301 1690/3694/2726
f 3345/3691/3300 2913/3695/3302 2098/3696/3303 2940/3693/3301
f 2937/3675/3289 2097/3678/3291 2913/3695/3302 3345/3691/3300
f 1704/3682/2719 2938/3681/3293 3346/3697/3304 2136/3698/2717
f 2136/3698/2717 3346/3697/3304 2941/3699/3305 1705/3700/2714
f 3346/3697/3304 2928/3701/3306 2113/3702/3307 2941/3699/3305
f 2938/3681/3293 2112/3684/3295 2928/3701/3306 3346/3697/3304
f 1682/3703/2707 2943/3704/3308 3347/3705/3309 2114/3706/2705
f 2114/3706/2705 3347/3705/3309 2942/3707/3310 1683/3708/2702
f 3347/3705/3309 2906/3709/3311 2091/3710/3312 2942/3707/3310
f 2943/3704/3308 2090/3711/3313 2906/3709/3311 3347/3705/3309
f 1697/3688/2695 2939/3687/3297 3348/3712/3314 2129/3713/2693
f 2129/3713/2693 3348/3712/3314 2944/3714/3315 1698/3715/2690
f 3348/3712/3314 2921/3716/3316 2106/3717/3317 2944/3714/3315
f 2939/3687/3297 2105/3690/3299 2921/3716/3316 3348/3712/3314
f 1690/3694/2726 2940/3693/3301 3349/3718/3318 2122/3719/2879
f 2122/3719/2879 3349/3718/3318 2945/3720/3319 1691/3721/2861
f 3349/3718/3318 2914/3722/3320 2099/3723/3321 2945/3720/3319
f 2940/3693/3301 2098/3696/3303 2914/3722/3320 3349/3718/3318
f 1705/3700/2714 2941/3699/3305 3350/3724/3322 2137/3725/2875
f 2137/3725/2875 3350/3724/3322 2943/3704/3308 1682/3703/2707
f 3350/3724/3322 2929/3726/3323 2090/3711/3313 2943/3704/3308
f 2941/3699/3305 2113/3702/3307 2929/3726/3323 3350/3724/3322
f 1683/3708/2702 2942/3707/3310 3351/3727/3324 2115/3728/2871
f 2115/3728/2871 3351/3727/3324 2946/3729/3325 1684/3730/2853
f 3351/3727/3324 2907/3731/3326 2092/3732/3327 2946/3729/3325
f 2942/3707/3310 2091/3710/3312 2907/3731/3326 3351/3727/3324
f 1698/3715/2690 2944/3714/3315 3352/3733/3328 2130/3734/2867
f 2130/3734/2867 3352/3733/3328 2947/3735/3329 1699/3736/2845
f 3352/3733/3328 2922/3737/3330 2107/3738/3331 2947/3735/3329
f 2944/3714/3315 2106/3717/3317 2922/3737/3330 3352/3733/3328
f 1691/3721/2861 2945/3720/3319 3353/3739/3332 2123/3740/2859
f 2123/3740/2859 3353/3739/3332 2948/3741/3333 1692/3742/2837
f 3353/3739/3332 2915/3743/3334 2100/3744/3335 2948/3741/3333
f 2945/3720/3319 2099/3723/3321 2915/3743/3334 3353/3739/3332
f 1684/3730/2853 2946/3729/3325 3354/3745/3336 2116/3746/2851
f 2116/3746/2851 3354/3745/3336 2949/3747/3337 1685/3748/2829
f 3354/3745/3336 2908/3749/3338 2093/3750/3339 2949/3747/3337
f 2946/3729/3325 2092/3732/3327 2908/3749/3338 3354/3745/3336
f 1699/3736/2845 2947/3735/3329 3355/3751/3340 2131/3752/2843
f 2131/3752/2843 3355/3751/3340 2950/3753/3341 1700/3754/2821
f 3355/3751/3340 2923/3755/3342 2108/3756/3343 2950/3753/3341
f 2947/3735/3329 2107/3738/3331 2923/3755/3342 3355/3751/3340
f 1692/3742/2837 2948/3741/3333 3356/3757/3344 2124/3758/2835
f 2124/3758/2835 3356/3757/3344 2951/3759/3345 1693/3760/2813
f 3356/3757/3344 2916/3761/3346 2101/3762/3347 2951/3759/3345
f 2948/3741/3333 2100/3744/3335 2916/3761/3346 3356/3757/3344
f 1685/3748/2829 2949/3747/3337 3357/3763/3348 2117/3764/2827
f 2117/3764/2827 3357/3763/3348 2952/3765/3349 1686/3766/2805
f 3357/3763/3348 2909/3767/3350 2094/3768/3351 2952/3765/3349
f 2949/3747/3337 2093/3750/3339 2909/3767/3350 3357/3763/3348
f 1700/3754/2821 2950/3753/3341 3358/3769/3352 2132/3770/2819
f 2132/3770/2819 3358/3769/3352 2953/3771/3353 1701/3772/2797
f 3358/3769/3352 2924/3773/3354 2109/3774/3355 2953/3771/3353
f 2950/3753/3341 2108/3756/3343 2924/3773/3354 3358/3769/3352
f 1693/3760/2813 2951/3759/3345 3359/3775/3356 2125/3776/2811
f 2125/3776/2811 3359/3775/3356 2931/3641/3266 1694/3640/2789
f 3359/3775/3356 2917/3777/3357 2102/3648/3271 2931/3641/3266
f 2951/3759/3345 2101/3762/3347 2917/3777/3357 3359/3775/3356
f 1686/3766/2805 2952/3765/3349 3360/3778/3358 2118/3779/2803
f 2118/3779/2803 3360/3778/3358 2933/3650/3272 1687/3649/2781
f 3360/3778/3358 2910/3780/3359 2095/3657/3277 2933/3650/3272
f 2952/3765/3349 2094/3768/3351 2910/3780/3359 3360/3778/3358
f 1701/3772/2797 2953/3771/3353 3361/3781/3360 2133/3782/2795
f 2133/3782/2795 3361/3781/3360 2935/3659/3278 1702/3658/2773
f 3361/3781/3360 2925/3783/3361 2110/3666/3283 2935/3659/3278
f 2953/3771/3353 2109/3774/3355 2925/3783/3361 3361/3781/3360
f 2091/3710/3312 2906/3709/3311 3362/3784/3362 2907/3731/3326
f 2092/3732/3327 2907/3731/3326 3362/3784/3362 2908/3749/3338
f 2093/3750/3339 2908/3749/3338 3362/3784/3362 2909/3767/3350
f 2094/3768/3351 2909/3767/3350 3362/3784/3362 2910/3780/3359
f 2095/3657/3277 2910/3780/3359 3362/3784/3362 2911/3655/3275
f 2096/3656/3276 2911/3655/3275 3362/3784/3362 2912/3677/3290
f 2097/3678/3291 2912/3677/3290 3362/3784/3362 2913/3695/3302
f 2098/3696/3303 2913/3695/3302 3362/3784/3362 2914/3722/3320
f 2099/3723/3321 2914/3722/3320 3362/3784/3362 2915/3743/3334
f 2100/3744/3335 2915/3743/3334 3362/3784/3362 2916/3761/3346
f 2101/3762/3347 2916/3761/3346 3362/3784/3362 2917/3777/3357
f 2102/3648/3271 2917/3777/3357 3362/3784/3362 2918/3646/3269
f 2103/3647/3270 2918/3646/3269 3362/3784/3362 2919/3671/3286
f 2104/3672/3287 2919/3671/3286 3362/3784/3362 2920/3689/3298
f 2105/3690/3299 2920/3689/3298 3362/3784/3362 2921/3716/3316
f 2106/3717/3317 2921/3716/3316 3362/3784/3362 2922/3737/3330
f 2107/3738/3331 2922/3737/3330 3362/3784/3362 2923/3755/3342
f 2108/3756/3343 2923/3755/3342 3362/3784/3362 2924/3773/3354
f 2109/3774/3355 2924/3773/3354 3362/3784/3362 2925/3783/3361
f 2110/3666/3283 2925/3783/3361 3362/3784/3362 2926/3664/3281
f 2111/3665/3282 2926/3664/3281 3362/3784/3362 2927/3683/3294
f 2112/3684/3295 2927/3683/3294 3362/3784/3362 2928/3701/3306
f 2113/3702/3307 2928/3701/3306 3362/3784/3362 2929/3726/3323
f 2090/3711/3313 2929/3726/3323 3362/3784/3362 2906/3709/3311
f 26/25/25 457/147/141 2138/2038/1822 1707/1918/1707
f 457/147/141 25/146/18 1706/2039/1699 2138/2038/1822
f 27/27/27 458/26/26 2139/1917/1706 1708/1919/1708
f 458/26/26 26/25/25 1707/1918/1707 2139/1917/1706
f 28/48/48 459/47/47 2140/1939/1728 1709/1940/1729
f 459/47/47 27/27/27 1708/1919/1708 2140/1939/1728
f 29/66/66 460/65/65 2141/1957/1746 1710/1958/1747
f 460/65/65 28/48/48 1709/1940/1729 2141/1957/1746
f 30/84/84 461/83/83 2142/1975/1764 1711/1976/1765
f 461/83/83 29/66/66 1710/1958/1747 2142/1975/1764
f 31/105/102 462/104/101 2143/1996/1782 1712/1997/1783
f 462/104/101 30/84/84 1711/1976/1765 2143/1996/1782
f 32/123/120 463/122/119 2144/2014/1800 1713/2015/1801
f 463/122/119 31/105/102 1712/1997/1783 2144/2014/1800
f 33/7/7 464/138/135 2145/2030/1816 1714/1900/1689
f 464/138/135 32/123/120 1713/2015/1801 2145/2030/1816
f 34/9/9 465/8/8 2146/1899/1688 1715/1901/1690
f 465/8/8 33/7/7 1714/1900/1689 2146/1899/1688
f 35/42/42 466/41/41 2147/1933/1722 1716/1934/1723
f 466/41/41 34/9/9 1715/1901/1690 2147/1933/1722
f 36/60/60 467/59/59 2148/1951/1740 1717/1952/1741
f 467/59/59 35/42/42 1716/1934/1723 2148/1951/1740
f 37/78/78 468/77/77 2149/1969/1758 1718/1970/1759
f 468/77/77 36/60/60 1717/1952/1741 2149/1969/1758
f 38/99/96 469/98/95 2150/1989/1776 1719/1991/1777
f 469/98/95 37/97/78 1718/1990/1759 2150/1989/1776
f 39/117/114 470/116/113 2151/2008/1794 1720/2009/1795
f 470/116/113 38/99/96 1719/1991/1777 2151/2008/1794
f 40/135/132 471/134/131 2152/2026/1812 1721/2027/1813
f 471/134/131 39/117/114 1720/2009/1795 2152/2026/1812
f 41/34/34 472/150/144 2153/2042/1825 1722/1927/1716
f 472/150/144 40/135/132 1721/2027/1813 2153/2042/1825
f 42/36/36 473/35/35 2154/1926/1715 1723/1928/1717
f 473/35/35 41/34/34 1722/1927/1716 2154/1926/1715
f 43/54/54 474/53/53 2155/1945/1734 1724/1946/1735
f 474/53/53 42/36/36 1723/1928/1717 2155/1945/1734
f 44/72/72 475/71/71 2156/1963/1752 1725/1964/1753
f 475/71/71 43/54/54 1724/1946/1735 2156/1963/1752
f 45/90/90 476/89/89 2157/1981/1770 1726/1982/1771
f 476/89/89 44/72/72 1725/1964/1753 2157/1981/1770
f 46/111/108 477/110/107 2158/2002/1788 1727/2003/1789
f 477/110/107 45/90/90 1726/1982/1771 2158/2002/1788
f 47/129/126 478/128/125 2159/2020/1806 1728/2021/1807
f 478/128/125 46/111/108 1727/2003/1789 2159/2020/1806
f 48/16/16 479/141/138 2160/2033/1819 1729/1909/1698
f 479/141/138 47/129/126 1728/2021/1807 2160/2033/1819
f 25/18/18 480/17/17 2161/1908/1697 1706/1910/1699
f 480/17/17 48/16/16 1729/1909/1698 2161/1908/1697
o pot2_Circle
v 1.830194 0.033903 -0.238021
v 2.060781 0.035137 -0.358096
v 2.252434 0.036340 -0.533761
v 2.392090 0.037430 -0.753044
v 2.470233 0.038334 -1.001002
v 2.481537 0.038990 -1.260736
v 2.425232 0.039353 -1.514547
v 2.305156 0.039398 -1.745136
v 2.129490 0.039122 -1.936791
v 1.910207 0.038544 -2.076451
v 1.662250 0.037704 -2.154596
v 1.402517 0.036658 -2.165903
v 1.148708 0.035479 -2.109601
v 0.918121 0.034245 -1.989525
v 0.726469 0.033042 -1.813861
v 0.586813 0.031951 -1.594578
v 0.508670 0.031047 -1.346620
v 0.497365 0.030391 -1.086885
v 0.553670 0.030029 -0.833075
v 0.673747 0.029984 -0.602485
v 0.849413 0.030259 -0.410830
v 1.068696 0.030837 -0.271171
v 1.316653 0.031678 -0.193025
v 1.576386 0.032723 -0.181718
v 1.634676 7.261078 -0.676096
v 1.753142 7.261713 -0.737786
v 1.851605 7.262331 -0.828035
v 1.923354 7.262891 -0.940693
v 1.963500 7.263356 -1.068082
v 1.969308 7.263692 -1.201523
v 1.940381 7.263879 -1.331919
v 1.878691 7.263902 -1.450386
v 1.788442 7.263760 -1.548850
v 1.675783 7.263463 -1.620601
v 1.548394 7.263032 -1.660749
v 1.414955 7.262495 -1.666558
v 1.284559 7.261888 -1.637632
v 1.166093 7.261255 -1.575943
v 1.067631 7.260636 -1.485694
v 0.995881 7.260076 -1.373036
v 0.955735 7.259612 -1.245646
v 0.949927 7.259275 -1.112206
v 0.978854 7.259089 -0.981809
v 1.040545 7.259065 -0.863342
v 1.130794 7.259207 -0.764878
v 1.243452 7.259504 -0.693127
v 1.370841 7.259935 -0.652979
v 1.504281 7.260473 -0.647171
v 1.754439 3.974380 -1.499844
v 1.658083 3.974126 -1.561212
v 1.511396 3.971568 -0.728635
v 1.622924 3.972086 -0.753375
v 1.724248 3.972628 -0.806138
v 1.808463 3.973157 -0.883328
v 1.042223 3.970831 -1.240512
v 1.037256 3.970543 -1.126380
v 1.549126 3.973757 -1.595551
v 1.869830 3.973636 -0.979685
v 1.061997 3.970384 -1.014852
v 1.434995 3.973297 -1.600519
v 1.904168 3.974033 -1.088642
v 1.114761 3.970364 -0.913527
v 1.323467 3.972778 -1.575779
v 1.909135 3.974322 -1.202773
v 1.191952 3.970485 -0.829310
v 1.222143 3.972236 -1.523016
v 1.884394 3.974481 -1.314302
v 1.288308 3.970739 -0.767942
v 1.137928 3.971708 -1.445826
v 1.831630 3.974501 -1.415627
v 1.397265 3.971108 -0.733603
v 1.076561 3.971229 -1.349469
v 1.984705 2.968434 -2.255342
v 2.168764 2.243011 -2.645467
v 2.192006 1.495342 -2.690458
v 2.111094 0.767492 -2.512144
v 1.888226 2.962837 -0.038570
v 2.037854 2.235418 0.362409
v 2.057264 1.487525 0.405481
v 1.992309 0.760602 0.217146
v 2.397361 2.965775 -0.395172
v 2.728686 2.239404 -0.121454
v 2.768321 1.491629 -0.092549
v 2.619156 0.764219 -0.221903
v 0.281106 2.958603 -1.062128
v -0.142802 2.229672 -1.026428
v -0.187237 1.481612 -1.024017
v 0.013623 0.755389 -1.043058
v 1.685719 2.967420 -2.349570
v 1.763079 2.241637 -2.773322
v 1.774443 1.493926 -2.822056
v 1.742982 0.766245 -2.628157
v 2.565758 2.967090 -0.659583
v 2.957179 2.241189 -0.480226
v 3.003503 1.493466 -0.461824
v 2.826486 0.765839 -0.547445
v 0.348998 2.958165 -0.756084
v -0.050681 2.229079 -0.611165
v -0.092419 1.481001 -0.596598
v 0.097211 0.754850 -0.666258
v 1.372534 2.966160 -2.363204
v 1.338127 2.239926 -2.791821
v 1.337050 1.492165 -2.841097
v 1.357389 0.764692 -2.644943
v 2.659983 2.968181 -0.958570
v 3.085029 2.242668 -0.885912
v 3.135097 1.494988 -0.879388
v 2.942495 0.767181 -0.915558
v 0.493786 2.958111 -0.478040
v 0.145778 2.229005 -0.233895
v 0.109792 1.480925 -0.208281
v 0.275474 0.754783 -0.323929
v 1.066493 2.964737 -2.295314
v 0.922867 2.237996 -2.699704
v 0.909633 1.490179 -2.746283
v 0.980591 0.762941 -2.561357
v 2.673613 2.968971 -1.271756
v 3.103524 2.243741 -1.310867
v 3.154133 1.496092 -1.316784
v 2.959277 0.768154 -1.301153
v 0.705603 2.958444 -0.246943
v 0.433186 2.229456 0.079674
v 0.405615 1.481390 0.114468
v 0.536264 0.755193 -0.039403
v 0.788451 2.963249 -2.150528
v 0.545601 2.235977 -2.503247
v 0.521321 1.488101 -2.544075
v 0.638266 0.761110 -2.383097
v 2.605721 2.969409 -1.577800
v 3.011403 2.244334 -1.726129
v 3.059315 1.496703 -1.744204
v 2.875688 0.768693 -1.677954
v 0.970014 2.959140 -0.078542
v 0.791958 2.230402 0.308172
v 0.774891 1.482363 0.349656
v 0.861806 0.756051 0.167932
v 0.557358 2.961799 -1.938712
v 0.232036 2.234009 -2.215840
v 0.198576 1.486075 -2.248253
v 0.353744 0.759324 -2.122309
v 2.460933 2.969463 -1.855845
v 2.814944 2.244408 -2.103400
v 2.857105 1.496779 -2.132521
v 2.697425 0.768760 -2.020283
v 1.268999 2.960154 0.015686
v 1.197643 2.231776 0.436028
v 1.192453 1.483778 0.481254
v 1.229917 0.757298 0.283945
v 0.388961 2.960484 -1.674301
v 0.003543 2.232224 -1.857069
v -0.036607 1.484239 -1.878977
v 0.146414 0.757704 -1.796766
v 2.436636 0.768350 -2.304809
v 2.561281 1.496315 -2.455270
v 2.527536 2.243957 -2.416969
v 2.249116 2.969131 -2.086942
v 1.615511 0.758851 0.300731
v 1.629847 1.485539 0.500295
v 1.622596 2.233488 0.454527
v 1.582185 2.961414 0.029320
v 2.334633 0.762433 0.038885
v 2.445576 1.489603 0.203273
v 2.415121 2.237436 0.165953
v 2.166268 2.964324 -0.183356
v 0.030405 0.756362 -1.428654
v -0.168200 1.482716 -1.461413
v -0.124307 2.230745 -1.451382
v 0.294736 2.959394 -1.375315
v 2.043379 3.237772 -1.842381
v 1.848195 3.485713 -1.610347
v 1.553277 3.232102 -0.287222
v 1.525876 3.481984 -0.587588
v 1.982497 3.234241 -0.443509
v 1.808155 3.483390 -0.690371
v 0.607180 3.230617 -1.319434
v 0.903670 3.481007 -1.266428
v 1.720408 3.485376 -1.691733
v 1.849073 3.237261 -1.966132
v 1.673782 3.482672 -0.620398
v 1.778175 3.233148 -0.337112
v 1.919840 3.484092 -0.792739
v 2.152318 3.235307 -0.599165
v 0.897083 3.480625 -1.115069
v 0.597164 3.230036 -1.089285
v 1.575913 3.484887 -1.737272
v 1.629360 3.236516 -2.035377
v 2.001223 3.484727 -0.920525
v 2.276067 3.236274 -0.793470
v 0.929894 3.480414 -0.967162
v 0.647055 3.229715 -0.864385
v 1.424555 3.484277 -1.743861
v 1.399213 3.235589 -2.045396
v 2.046761 3.485254 -1.065021
v 2.345309 3.237075 -1.013184
v 0.999868 3.480388 -0.832787
v 0.753454 3.229675 -0.660061
v 1.276649 3.483590 -1.711051
v 1.174314 3.234544 -1.995506
v 2.053348 3.485636 -1.216380
v 2.355325 3.237656 -1.243333
v 1.102236 3.480548 -0.721101
v 0.909110 3.229919 -0.490237
v 1.142276 3.482871 -1.641078
v 0.969992 3.233450 -1.889108
v 2.020537 3.485847 -1.364286
v 2.305434 3.237977 -1.468233
v 1.230022 3.480885 -0.639716
v 1.103416 3.230431 -0.366486
v 1.030591 3.482170 -1.538710
v 0.800171 3.232385 -1.733453
v 1.950563 3.485874 -1.498661
v 2.199035 3.238016 -1.672557
v 1.374518 3.481375 -0.594177
v 1.323129 3.231176 -0.297241
v 0.949208 3.481534 -1.410924
v 0.676422 3.231418 -1.539148
v 2.047912 0.496845 -2.374843
v 1.978463 0.246915 -2.224232
v 1.941354 0.490664 0.073512
v 1.885308 0.241511 -0.083820
v 2.503677 0.493909 -0.320344
v 2.376904 0.244348 -0.428139
v 0.166340 0.485987 -1.056975
v 0.333547 0.237423 -1.072120
v 1.717692 0.495726 -2.478914
v 1.689776 0.245936 -2.315214
v 2.689667 0.495362 -0.612377
v 2.539501 0.245618 -0.683441
v 0.241325 0.485504 -0.718959
v 0.399100 0.237000 -0.776618
v 1.371789 0.494333 -2.493972
v 1.387379 0.244719 -2.328378
v 2.793735 0.496565 -0.942598
v 2.630480 0.246670 -0.972129
v 0.401239 0.485444 -0.411868
v 0.538901 0.236948 -0.508151
v 1.033775 0.492762 -2.418991
v 1.091880 0.243345 -2.262827
v 2.808789 0.497439 -1.288503
v 2.643641 0.247434 -1.274527
v 0.635184 0.485811 -0.156629
v 0.743422 0.237269 -0.285015
v 0.726687 0.491119 -2.259079
v 0.823416 0.241909 -2.123028
v 2.733804 0.497922 -1.626519
v 2.578087 0.247856 -1.570029
v 0.927217 0.486581 0.029364
v 0.998724 0.237942 -0.122415
v 0.471452 0.489517 -2.025135
v 0.600283 0.240508 -1.918509
v 2.573890 0.497982 -1.933610
v 2.438286 0.247909 -1.838496
v 1.257438 0.487700 0.133436
v 1.287411 0.238920 -0.031433
v 0.285463 0.488064 -1.733101
v 0.437687 0.239239 -1.663206
v 2.233766 0.247588 -2.061633
v 2.339945 0.497615 -2.188850
v 1.589808 0.240137 -0.018269
v 1.603341 0.489093 0.148494
v 2.153771 0.242947 -0.223619
v 2.248442 0.492307 -0.086400
v 0.346708 0.238186 -1.374518
v 0.181395 0.486861 -1.402880
v 2.162982 1.121134 -2.625760
v 2.034053 1.113655 0.336621
v 2.714435 1.117582 -0.139924
v -0.113620 1.107997 -1.031209
v 1.763433 1.119780 -2.751681
v 2.939472 1.119339 -0.493269
v -0.022892 1.107412 -0.622228
v 1.344909 1.118095 -2.769900
v 3.065388 1.120796 -0.892819
v 0.170595 1.107340 -0.250664
v 0.935931 1.116194 -2.679176
v 3.083604 1.121853 -1.311346
v 0.453656 1.107784 0.058162
v 0.564371 1.114206 -2.485691
v 2.992876 1.122437 -1.720327
v 0.807001 1.108715 0.283204
v 0.255549 1.112268 -2.202631
v 2.799389 1.122510 -2.091892
v 1.206550 1.110069 0.409125
v 0.030512 1.110510 -1.849286
v 2.516327 1.122065 -2.400718
v 1.625075 1.111755 0.427345
v 2.405613 1.115643 0.143136
v -0.095405 1.109054 -1.449736
v 2.198163 1.869339 -2.706102
v 2.061957 1.861438 0.423486
v 2.780742 1.865586 -0.079957
v -0.206938 1.855461 -1.021550
v 1.776062 1.867909 -2.839131
v 3.018480 1.867443 -0.453246
v -0.111090 1.854843 -0.589484
v 1.333915 1.866129 -2.858378
v 3.151504 1.868982 -0.875349
v 0.093319 1.854766 -0.196948
v 0.901853 1.864120 -2.762534
v 3.170748 1.870098 -1.317498
v 0.392357 1.855236 0.129310
v 0.509320 1.862021 -2.558127
v 3.074899 1.870715 -1.749564
v 0.765646 1.856219 0.367054
v 0.183068 1.859972 -2.259091
v 2.870491 1.870792 -2.142101
v 1.187747 1.857650 0.500083
v -0.054671 1.858116 -1.885802
v 2.571452 1.870323 -2.468358
v 1.629894 1.859430 0.519330
v 2.454489 1.863538 0.219080
v -0.187695 1.856577 -1.463699
v 2.100819 2.616330 -2.502140
v 1.982536 2.609470 0.215604
v 2.606731 2.613071 -0.221587
v 0.012221 2.604278 -1.039269
v 1.734265 2.615088 -2.617662
v 2.813185 2.614684 -0.545752
v 0.095456 2.603742 -0.664062
v 1.350303 2.613542 -2.634377
v 2.928703 2.616020 -0.912307
v 0.272965 2.603675 -0.323182
v 0.975098 2.611799 -2.551145
v 2.945414 2.616989 -1.296272
v 0.532650 2.604083 -0.039859
v 0.634222 2.609975 -2.373638
v 2.862179 2.617526 -1.671479
v 0.856816 2.604937 0.166599
v 0.350903 2.608196 -2.113954
v 2.684670 2.617592 -2.012359
v 1.223370 2.606179 0.282121
v 0.144450 2.606584 -1.789788
v 2.424984 2.617185 -2.295682
v 1.607332 2.607725 0.298836
v 2.323413 2.611293 0.038098
v 0.028932 2.605247 -1.423233
v 1.704137 7.101148 -1.447935
v 1.493408 7.098710 -0.779263
v 1.677960 7.099629 -0.846462
v 1.086615 7.098071 -1.223083
v 1.620592 7.100927 -1.501144
v 1.590107 7.099159 -0.800714
v 1.750978 7.100087 -0.913389
v 1.082308 7.097821 -1.124126
v 1.526122 7.100607 -1.530917
v 1.804186 7.100503 -0.996935
v 1.103760 7.097683 -1.027426
v 1.427165 7.100209 -1.535225
v 1.833958 7.100847 -1.091405
v 1.149508 7.097666 -0.939573
v 1.330466 7.099759 -1.513774
v 1.838265 7.101097 -1.190362
v 1.216436 7.097771 -0.866553
v 1.242613 7.099289 -1.468026
v 1.816813 7.101235 -1.287062
v 1.299981 7.097991 -0.813344
v 1.169595 7.098831 -1.401099
v 1.771065 7.101253 -1.374916
v 1.394451 7.098311 -0.783571
v 1.116387 7.098415 -1.317554
v 1.621391 5.304348 -1.491162
v 1.592165 5.302653 -0.819644
v 1.746395 5.303542 -0.927668
v 1.105326 5.301370 -1.129706
v 1.530820 5.304040 -1.519706
v 1.797407 5.303941 -1.007765
v 1.125893 5.301237 -1.036997
v 1.435949 5.303658 -1.523836
v 1.825950 5.304271 -1.098336
v 1.169753 5.301220 -0.952770
v 1.343241 5.303228 -1.503270
v 1.830079 5.304510 -1.193208
v 1.233918 5.301321 -0.882765
v 1.259015 5.302779 -1.459411
v 1.809513 5.304643 -1.285917
v 1.314015 5.301532 -0.831752
v 1.189010 5.302338 -1.395246
v 1.765653 5.304659 -1.370144
v 1.404585 5.301839 -0.803208
v 1.137999 5.301939 -1.315149
v 1.701488 5.304559 -1.440149
v 1.499457 5.302223 -0.799078
v 1.676391 5.303102 -0.863503
v 1.109456 5.301609 -1.224578
v 1.692003 6.355763 -1.431550
v 1.494419 6.353477 -0.804589
v 1.667458 6.354340 -0.867596
v 1.113000 6.352879 -1.220724
v 1.613669 6.355557 -1.481440
v 1.585086 6.353899 -0.824701
v 1.735922 6.354769 -0.930348
v 1.108962 6.352644 -1.127940
v 1.525092 6.355257 -1.509356
v 1.785811 6.355159 -1.008682
v 1.129076 6.352515 -1.037271
v 1.432308 6.354883 -1.513395
v 1.813726 6.355482 -1.097260
v 1.171971 6.352499 -0.954898
v 1.341640 6.354461 -1.493282
v 1.817764 6.355716 -1.190044
v 1.234723 6.352597 -0.886434
v 1.259268 6.354021 -1.450388
v 1.797650 6.355846 -1.280712
v 1.313057 6.352804 -0.836543
v 1.190804 6.353591 -1.387636
v 1.754756 6.355862 -1.363085
v 1.401635 6.353104 -0.808628
v 1.140915 6.353202 -1.309302
v 1.745473 -0.007448 -0.471263
v 1.918611 -0.006522 -0.561422
v 2.062515 -0.005619 -0.693321
v 2.167377 -0.004800 -0.857972
v 2.226051 -0.004121 -1.044153
v 2.234539 -0.003628 -1.239177
v 2.192262 -0.003356 -1.429753
v 2.102101 -0.003322 -1.602893
v 1.970201 -0.003529 -1.746799
v 1.805551 -0.003963 -1.851663
v 1.619370 -0.004594 -1.910339
v 1.424347 -0.005379 -1.918829
v 1.233773 -0.006265 -1.876554
v 1.060635 -0.007191 -1.786394
v 0.916731 -0.008095 -1.654495
v 0.811869 -0.008914 -1.489845
v 0.753195 -0.009592 -1.303663
v 0.744707 -0.010085 -1.108640
v 0.786984 -0.010357 -0.918064
v 0.877144 -0.010391 -0.744923
v 1.009044 -0.010184 -0.601018
v 1.173695 -0.009750 -0.496153
v 1.359875 -0.009119 -0.437477
v 1.554898 -0.008334 -0.428987
v 1.949417 0.034518 -0.290513
v 2.162356 0.035747 -0.439657
v 2.329438 0.036904 -0.638832
v 2.439276 0.037910 -0.874466
v 2.484385 0.038697 -1.130499
v 2.461690 0.039210 -1.389484
v 2.372740 0.039416 -1.633771
v 2.223594 0.039299 -1.846713
v 2.024418 0.038869 -2.013797
v 1.788785 0.038154 -2.123638
v 1.532753 0.037203 -2.168749
v 1.273770 0.036080 -2.146058
v 1.029485 0.034863 -2.057109
v 0.816546 0.033635 -1.907965
v 0.649465 0.032478 -1.708789
v 0.539627 0.031472 -1.473156
v 0.494518 0.030685 -1.217123
v 0.517212 0.030171 -0.958138
v 0.606163 0.029966 -0.713851
v 0.755308 0.030082 -0.500909
v 0.954484 0.030513 -0.333825
v 1.190117 0.031228 -0.223984
v 1.446149 0.032179 -0.178872
v 1.705133 0.033301 -0.201564
v 1.695928 7.261395 -0.703064
v 1.805327 7.262026 -0.779688
v 1.891166 7.262620 -0.882016
v 1.947596 7.263137 -1.003074
v 1.970771 7.263541 -1.134612
v 1.959111 7.263805 -1.267668
v 1.913413 7.263911 -1.393172
v 1.836788 7.263851 -1.502572
v 1.734460 7.263630 -1.588412
v 1.613402 7.263262 -1.644844
v 1.481864 7.262774 -1.668020
v 1.348810 7.262197 -1.656362
v 1.223307 7.261572 -1.610664
v 1.113909 7.260941 -1.534040
v 1.028069 7.260346 -1.431713
v 0.971640 7.259830 -1.310655
v 0.948465 7.259425 -1.179116
v 0.960124 7.259161 -1.046061
v 1.005823 7.259056 -0.920557
v 1.082447 7.259116 -0.811157
v 1.184775 7.259336 -0.725316
v 1.305833 7.259704 -0.668885
v 1.437371 7.260193 -0.645708
v 1.570425 7.260769 -0.657366
v 1.745533 7.188312 -1.497506
v 1.943297 0.127139 -2.148014
v 1.498721 7.185456 -0.714339
v 1.856923 0.122129 -0.163408
v 1.714873 7.186533 -0.793044
v 2.312735 0.124759 -0.482663
v 1.022273 7.184708 -1.234153
v 0.418119 0.118338 -1.079767
v 1.675625 0.126232 -2.232373
v 2.463496 0.125937 -0.719381
v 0.478900 0.117946 -0.805776
v 1.395240 0.125103 -2.244579
v 2.547852 0.126913 -0.987054
v 0.608525 0.117898 -0.556851
v 1.121251 0.123830 -2.183800
v 2.560055 0.127620 -1.267441
v 0.798158 0.118195 -0.349957
v 0.872329 0.122498 -2.054177
v 2.499273 0.128012 -1.541432
v 1.034876 0.118819 -0.199194
v 0.665438 0.121199 -1.864545
v 2.369649 0.128061 -1.790356
v 1.302549 0.119726 -0.114834
v 0.514678 0.120022 -1.627826
v 1.791159 3.639967 -1.542754
v 1.637045 4.593776 -1.520116
v 1.517577 3.636802 -0.674644
v 1.605400 4.591941 -0.793020
v 1.757174 3.637996 -0.761885
v 1.772395 4.592905 -0.909985
v 0.989454 3.635973 -1.250838
v 1.078268 4.590552 -1.128745
v 1.538978 4.593444 -1.551023
v 1.827629 4.593336 -0.996711
v 1.100537 4.590408 -1.028363
v 1.436254 4.593030 -1.555495
v 1.858534 4.593693 -1.094778
v 1.148027 4.590391 -0.937165
v 1.335873 4.592564 -1.533227
v 1.863005 4.593953 -1.197502
v 1.217502 4.590500 -0.861366
v 1.244676 4.592076 -1.485737
v 1.840737 4.594096 -1.297884
v 1.304229 4.590728 -0.806131
v 1.168878 4.591600 -1.416262
v 1.793247 4.594114 -1.389082
v 1.402295 4.591061 -0.775224
v 1.113644 4.591169 -1.329536
v 1.055827 3.971018 -1.296114
v 1.675312 3.972357 -0.776441
v 1.454168 3.971329 -0.727384
v 1.795790 3.974458 -1.460261
v 1.104091 3.971460 -1.399656
v 1.341663 3.970911 -0.747207
v 1.861327 3.974509 -1.366691
v 1.177510 3.971968 -1.487177
v 1.238122 3.970596 -0.795473
v 1.900414 3.974418 -1.259347
v 1.271079 3.972508 -1.552713
v 1.150601 3.970407 -0.868893
v 1.910386 3.974193 -1.145545
v 1.378422 3.973043 -1.591799
v 1.085064 3.970356 -0.962463
v 1.890564 3.973847 -1.033040
v 1.492223 3.973536 -1.601770
v 1.045977 3.970447 -1.069807
v 1.842300 3.973405 -0.929498
v 1.604728 3.973954 -1.581947
v 1.036005 3.970672 -1.183609
v 1.768881 3.972897 -0.841977
v 1.567970 3.971822 -0.737355
v 1.708269 3.974268 -1.533681
v 1.918335 3.110651 -2.113889
v 2.140647 2.429725 -2.586365
v 2.198714 1.682374 -2.706066
v 2.139297 0.936544 -2.573747
v 1.834365 3.105780 -0.184536
v 2.014937 2.422432 0.302030
v 2.062549 1.674475 0.422555
v 2.015017 0.929335 0.281818
v 2.277488 3.108337 -0.494902
v 2.678327 2.426261 -0.162613
v 2.781112 1.678622 -0.080732
v 2.670866 0.933119 -0.177544
v 0.435618 3.102095 -1.075383
v -0.079097 2.416915 -1.031639
v -0.205645 1.668499 -1.022034
v -0.055218 0.923880 -1.036692
v 1.658115 3.109769 -2.195900
v 1.751077 2.428405 -2.709141
v 1.776743 1.680943 -2.839053
v 1.754155 0.935238 -2.695128
v 2.424051 3.109482 -0.725031
v 2.897743 2.427974 -0.507134
v 3.018778 1.680478 -0.453906
v 2.887788 0.934813 -0.518149
v 0.494707 3.101714 -0.809020
v 0.009364 2.416345 -0.632872
v -0.109826 1.667882 -0.590102
v 0.032239 0.923317 -0.642458
v 1.385536 3.108672 -2.207766
v 1.343005 2.426761 -2.726905
v 1.334732 1.679164 -2.858295
v 1.350721 0.933614 -2.712691
v 2.506058 3.110430 -0.985251
v 3.020515 2.429395 -0.896705
v 3.151761 1.682016 -0.875878
v 3.009165 0.936217 -0.903292
v 0.620723 3.101666 -0.567025
v 0.198020 2.416275 -0.270587
v 0.094519 1.667805 -0.197686
v 0.218749 0.923247 -0.284291
v 1.119175 3.107433 -2.148679
v 0.944241 2.424908 -2.638447
v 0.902804 1.677156 -2.762480
v 0.956490 0.931782 -2.625238
v 2.517921 3.111119 -1.257832
v 3.038275 2.430425 -1.304779
v 3.170998 1.683133 -1.317891
v 3.026723 0.937236 -1.306728
v 0.805076 3.101956 -0.365892
v 0.474011 2.416708 0.030526
v 0.393465 1.668274 0.128470
v 0.491604 0.923675 0.013400
v 0.877183 3.106139 -2.022665
v 0.581960 2.422970 -2.449795
v 0.510392 1.675057 -2.558137
v 0.598327 0.929866 -2.438730
v 2.458832 3.111499 -1.524195
v 2.949814 2.430995 -1.703546
v 3.075179 1.683750 -1.749823
v 2.939267 0.937800 -1.700962
v 1.035205 3.102562 -0.219325
v 0.818531 2.417616 0.249947
v 0.766639 1.669258 0.366141
v 0.832209 0.924572 0.230327
v 0.676052 3.104876 -1.838312
v 0.280852 2.421080 -2.173804
v 0.184240 1.673010 -2.259193
v 0.300640 0.927997 -2.165876
v 2.332817 3.111547 -1.766189
v 2.761159 2.431066 -2.065830
v 2.870834 1.683826 -2.142239
v 2.752756 0.937869 -2.059129
v 1.295425 3.103444 -0.137315
v 1.208102 2.418936 0.372724
v 1.188609 1.670688 0.499129
v 1.217351 0.925878 0.351708
v 0.529489 3.103732 -1.608184
v 0.061435 2.419366 -1.829284
v -0.053425 1.671154 -1.886019
v 0.083717 0.926303 -1.825271
v 2.389730 0.625202 -2.248526
v 2.543087 1.309220 -2.433099
v 2.556455 2.057188 -2.450962
v 2.343943 2.800996 -2.199549
v 1.609649 0.616177 0.226776
v 1.628043 1.298633 0.470458
v 1.627191 2.046438 0.497718
v 1.595667 2.792339 0.174830
v 2.292826 0.619581 -0.021982
v 2.429417 1.302626 0.178662
v 2.441019 2.050492 0.201388
v 2.250990 2.795604 -0.063785
v 0.103775 0.613813 -1.416165
v -0.138365 1.295861 -1.456731
v -0.166668 2.043621 -1.459420
v 0.151190 2.790072 -1.401125
v 2.280649 0.767974 -2.419130
v 2.384340 1.495888 -2.584948
v 2.355627 2.243543 -2.542958
v 2.122421 2.968826 -2.179795
v 1.806645 0.759709 0.271269
v 1.846658 1.486512 0.466875
v 1.833240 2.234433 0.422057
v 1.737427 2.962111 0.005390
v 2.485429 0.763340 -0.082198
v 2.616629 1.490631 0.065924
v 2.581309 2.238435 0.032511
v 2.288746 2.965061 -0.281702
v 0.009395 0.755825 -1.236406
v -0.192032 1.482106 -1.243338
v -0.147461 2.230153 -1.239510
v 0.277672 2.958958 -1.219167
v 1.930834 0.766913 -2.582196
v 1.987531 1.494684 -2.769921
v 1.970105 2.242373 -2.722670
v 1.838296 2.967963 -2.312241
v 2.733474 0.765057 -0.377889
v 2.897996 1.492579 -0.269490
v 2.854673 2.240328 -0.293362
v 2.490212 2.966456 -0.521867
v 0.043087 0.755062 -0.851923
v -0.153814 1.481241 -0.807205
v -0.110331 2.229312 -0.815782
v 0.305037 2.958338 -0.906884
v 1.550735 0.765500 -2.649168
v 1.556369 1.493082 -2.845890
v 1.551208 2.240816 -2.796478
v 1.529573 2.966817 -2.366636
v 2.896537 0.766550 -0.727705
v 3.082964 1.494273 -0.666300
v 3.034380 2.241974 -0.678885
v 2.622654 2.967669 -0.805993
v 0.175141 0.754757 -0.489260
v -0.004020 1.480895 -0.395822
v 0.035202 2.228976 -0.416101
v 0.412293 2.958090 -0.612324
v 1.166255 0.763834 -2.615480
v 1.120238 1.491192 -2.807677
v 1.127482 2.238980 -2.759352
v 1.217292 2.965462 -2.339274
v 2.963504 0.767718 -1.107806
v 3.158928 1.495598 -1.097463
v 3.108183 2.243261 -1.097784
v 2.677047 2.968618 -1.114717
v 0.396558 0.754930 -0.173132
v 0.247142 1.481091 -0.037226
v 0.279221 2.229167 -0.067705
v 0.592132 2.958231 -0.355560
v 0.803595 0.762028 -2.483429
v 0.708860 1.489142 -2.657886
v 0.727805 2.236989 -2.613822
v 0.922734 2.963995 -2.232020
v 2.929813 0.768481 -1.492289
v 3.120711 1.496463 -1.533597
v 3.071053 2.244101 -1.521512
v 2.649682 2.969236 -1.427000
v 0.692250 0.755569 0.074918
v 0.582557 1.481816 0.244146
v 0.605095 2.229871 0.205664
v 0.832298 2.958750 -0.154090
v 0.487471 0.760203 -2.262013
v 0.350268 1.487073 -2.406725
v 0.379413 2.234978 -2.369805
v 0.665973 2.962514 -2.052182
v 2.797759 0.768786 -1.854952
v 2.970917 1.496809 -1.944979
v 2.925519 2.244437 -1.921193
v 2.542426 2.969485 -1.721561
v 1.042065 0.756630 0.237985
v 0.979366 1.483020 0.429120
v 0.990617 2.231041 0.385376
v 1.116423 2.959612 -0.021644
v 0.239426 0.758486 -1.966322
v 0.068900 1.485125 -2.071311
v 0.106049 2.233086 -2.043932
v 0.464507 2.961119 -1.812018
v 2.576341 0.768613 -2.171080
v 2.719754 1.496613 -2.303576
v 2.681501 2.244247 -2.269590
v 2.362587 2.969345 -1.978325
v 1.422165 0.758042 0.304956
v 1.410527 1.484622 0.505088
v 1.409514 2.232597 0.459183
v 1.425146 2.960759 0.032752
v 2.169304 0.761515 0.139218
v 2.258037 1.488562 0.317084
v 2.232917 2.236424 0.276527
v 2.031985 2.963580 -0.101864
v 0.076363 0.756992 -1.616507
v -0.116068 1.483431 -1.674502
v -0.073658 2.231440 -1.658409
v 0.332064 2.959906 -1.527892
v 2.148463 3.111257 -1.967323
v 1.937274 3.361684 -1.716216
v 1.568004 3.104542 -0.125449
v 1.538420 3.357070 -0.450600
v 2.076357 3.107074 -0.310549
v 1.887727 3.358810 -0.577790
v 0.447481 3.102783 -1.347963
v 0.768470 3.355861 -1.290632
v 1.682695 3.639681 -1.611834
v 1.779145 3.361268 -1.816927
v 1.643119 3.637386 -0.702493
v 1.721446 3.357920 -0.491201
v 1.851971 3.638591 -0.848774
v 2.025931 3.359678 -0.704465
v 0.983862 3.635648 -1.122366
v 0.760319 3.355388 -1.103333
v 1.560048 3.639266 -1.650487
v 1.600338 3.360662 -1.873279
v 1.921049 3.639130 -0.957238
v 2.126640 3.360464 -0.862594
v 1.011712 3.635469 -0.996824
v 0.800921 3.355127 -0.920306
v 1.431577 3.638748 -1.656080
v 1.413040 3.359907 -1.881433
v 1.959700 3.639577 -1.079885
v 2.182990 3.361116 -1.041401
v 1.071106 3.635447 -0.882767
v 0.887510 3.355094 -0.754023
v 1.306036 3.638165 -1.628231
v 1.230014 3.359056 -1.840832
v 1.965292 3.639902 -1.208357
v 2.191142 3.361589 -1.228700
v 1.157995 3.635583 -0.787969
v 1.014186 3.355293 -0.615817
v 1.191980 3.637555 -1.568838
v 1.063733 3.358167 -1.754244
v 1.937442 3.640081 -1.333900
v 2.150539 3.361851 -1.411728
v 1.266459 3.635869 -0.718889
v 1.172315 3.355710 -0.515106
v 1.097183 3.636960 -1.481949
v 0.925529 3.357300 -1.627568
v 1.878048 3.640104 -1.447956
v 2.063950 3.361883 -1.578010
v 1.389106 3.636285 -0.680236
v 1.351122 3.356316 -0.458754
v 1.028105 3.636420 -1.373485
v 0.824821 3.356513 -1.469439
v 1.950276 3.237548 -1.910615
v 1.786965 3.485566 -1.655222
v 1.667358 3.232614 -0.304807
v 1.600903 3.482321 -0.599153
v 2.072501 3.234782 -0.515780
v 1.867347 3.483747 -0.737900
v 0.594641 3.230296 -1.204687
v 0.895423 3.480797 -1.190964
v 1.741483 3.236914 -2.007945
v 1.649651 3.485149 -1.719231
v 2.220551 3.235807 -0.692268
v 1.964713 3.484421 -0.853969
v 0.614750 3.229841 -0.975202
v 0.908648 3.480497 -1.040042
v 1.514614 3.236071 -2.047918
v 1.500450 3.484595 -1.745519
v 2.317878 3.236698 -0.901061
v 2.028720 3.485007 -0.991283
v 0.693568 3.229659 -0.758741
v 0.960484 3.480377 -0.897685
v 1.285131 3.235077 -2.027811
v 1.349528 3.483941 -1.732296
v 2.357848 3.237395 -1.127931
v 2.055007 3.485465 -1.140485
v 0.825725 3.229762 -0.570055
v 1.047397 3.480445 -0.773595
v 1.068672 3.233998 -1.948993
v 1.207173 3.483232 -1.680462
v 2.337739 3.237850 -1.357415
v 2.041783 3.485765 -1.291407
v 1.002213 3.230144 -0.422003
v 1.163466 3.480696 -0.676227
v 0.879988 3.232910 -1.816838
v 1.083084 3.482515 -1.593549
v 2.258921 3.238032 -1.573877
v 1.989947 3.485884 -1.433764
v 1.211006 3.230777 -0.324673
v 1.300780 3.481113 -0.612218
v 0.731938 3.231885 -1.640350
v 0.985718 3.481841 -1.477480
v 2.126764 3.237929 -1.762563
v 1.903033 3.485816 -1.557854
v 1.437875 3.231620 -0.284700
v 1.449981 3.481667 -0.585929
v 1.883817 3.233693 -0.383624
v 1.743258 3.483030 -0.650987
v 0.634611 3.230993 -1.431557
v 0.921710 3.481255 -1.340166
v 2.080460 0.624387 -2.445497
v 2.013683 0.371884 -2.300601
v 1.967613 0.617841 0.147369
v 1.913732 0.366087 -0.004051
v 2.563127 0.621278 -0.269734
v 2.441190 0.369130 -0.373487
v 0.087832 0.612888 -1.049844
v 0.248775 0.361700 -1.064445
v 1.730749 0.623202 -2.555711
v 1.703938 0.370835 -2.398220
v 2.760094 0.622816 -0.579004
v 2.615647 0.370493 -0.647413
v 0.167242 0.612377 -0.691877
v 0.319110 0.361247 -0.747387
v 1.364430 0.621727 -2.571658
v 1.379481 0.369528 -2.412344
v 2.870304 0.624091 -0.928716
v 2.713263 0.371622 -0.957160
v 0.336595 0.612313 -0.366660
v 0.469109 0.361190 -0.459336
v 1.006466 0.620063 -2.492250
v 1.062426 0.368055 -2.342011
v 2.886247 0.625016 -1.295038
v 2.727384 0.372441 -1.281618
v 0.584348 0.612702 -0.096356
v 0.688549 0.361535 -0.219923
v 0.681252 0.618323 -2.322900
v 0.774378 0.366514 -2.192015
v 2.806837 0.625527 -1.653004
v 2.657048 0.372894 -1.598675
v 0.893619 0.613517 0.100615
v 0.962475 0.362257 -0.045462
v 0.410952 0.616627 -2.075148
v 0.534968 0.365011 -1.972576
v 2.637484 0.625591 -1.978221
v 2.507050 0.372951 -1.886726
v 1.243329 0.614702 0.210829
v 1.272221 0.363306 0.052157
v 0.213985 0.615088 -1.765877
v 0.360511 0.363648 -1.698649
v 2.180016 0.127763 -1.997250
v 2.287610 0.372606 -2.126140
v 1.582934 0.120855 -0.102628
v 1.596677 0.364613 0.066282
v 2.105844 0.123460 -0.293031
v 2.201780 0.367627 -0.154048
v 0.430322 0.119046 -1.360153
v 0.262896 0.362519 -1.388903
v 0.382750 0.238680 -1.521840
v 0.222623 0.487426 -1.571396
v 2.024114 0.242227 -0.144934
v 2.100131 0.491483 0.003606
v 1.438179 0.239504 -0.014955
v 1.429897 0.488368 0.152284
v 2.343328 0.247794 -1.956757
v 2.465270 0.497851 -2.068886
v 0.510630 0.239852 -1.796178
v 0.368901 0.488766 -1.885204
v 1.140090 0.238396 -0.067477
v 1.088922 0.487101 0.092206
v 2.516972 0.247929 -1.708837
v 2.663897 0.498006 -1.785298
v 0.705157 0.241198 -2.028070
v 0.591414 0.490306 -2.150459
v 0.865752 0.237564 -0.195361
v 0.775114 0.486149 -0.054076
v 2.620534 0.247690 -1.424423
v 2.782358 0.497732 -1.459965
v 0.953073 0.242629 -2.201713
v 0.874998 0.491943 -2.349084
v 0.633859 0.237063 -0.389890
v 0.509859 0.485575 -0.276593
v 2.646956 0.247092 -1.122897
v 2.812581 0.497048 -1.115058
v 1.237485 0.244046 -2.305273
v 1.200328 0.493563 -2.467543
v 0.460215 0.236927 -0.637810
v 0.311233 0.485420 -0.560181
v 2.594437 0.246176 -0.824808
v 2.752507 0.496000 -0.774082
v 1.539009 0.245353 -2.331692
v 1.545233 0.495058 -2.497763
v 0.356654 0.237166 -0.922224
v 0.192772 0.485694 -0.885513
v 2.466557 0.245005 -0.550469
v 2.606229 0.494660 -0.460274
v 1.837097 0.246460 -2.279170
v 1.886207 0.496325 -2.437685
v 0.330232 0.237764 -1.223750
v 0.162548 0.486378 -1.230420
v 2.272031 0.243658 -0.318577
v 2.383715 0.493120 -0.195019
v 1.739703 0.240810 -0.041374
v 1.774801 0.489863 0.122064
v 2.111435 0.247293 -2.151287
v 2.200015 0.497277 -2.291403
v 2.180309 1.308264 -2.664148
v 2.047938 1.300585 0.377312
v 2.746482 1.304616 -0.111954
v -0.157066 1.294776 -1.027032
v 1.770094 1.306874 -2.793431
v 2.977527 1.306421 -0.474731
v -0.063917 1.294176 -0.607133
v 1.340398 1.305144 -2.812137
v 3.106805 1.307917 -0.884947
v 0.134736 1.294101 -0.225650
v 0.920502 1.303192 -2.718990
v 3.125506 1.309001 -1.314647
v 0.425353 1.294557 0.091420
v 0.539023 1.301151 -2.520340
v 3.032357 1.309601 -1.734545
v 0.788131 1.295513 0.322469
v 0.221958 1.299161 -2.229725
v 2.833704 1.309676 -2.116029
v 1.198346 1.296903 0.451752
v -0.009087 1.297356 -1.866947
v 2.479902 0.937441 -2.356820
v 1.620785 0.927502 0.369271
v 2.373179 0.931251 0.095309
v -0.037659 0.924899 -1.440128
v -0.045521 1.109738 -1.653632
v 2.226165 1.114647 0.252037
v 1.415217 1.110877 0.431931
v 2.667964 1.122351 -2.255568
v 0.131468 1.111359 -2.033323
v 1.002655 1.109345 0.359240
v 2.908291 1.122538 -1.912441
v 0.400697 1.113223 -2.354267
v 0.622965 1.108192 0.182246
v 3.051623 1.122207 -1.518806
v 0.743819 1.115203 -2.594593
v 0.302020 1.107499 -0.086988
v 3.088192 1.121379 -1.101486
v 1.137451 1.117164 -2.737922
v 0.061692 1.107311 -0.430114
v 3.015505 1.120112 -0.688924
v 1.554767 1.118972 -2.774486
v -0.081639 1.107642 -0.823750
v 2.838516 1.118491 -0.309232
v 1.967328 1.120505 -2.701795
v -0.118208 1.108470 -1.241069
v 2.569287 1.116627 0.011712
v 1.832533 1.112686 0.395366
v 2.347019 1.121657 -2.524801
v 2.188040 2.056217 -2.685601
v 2.053611 2.048419 0.403125
v 2.763011 2.052513 -0.093745
v -0.185660 2.042520 -1.023043
v 1.771450 2.054806 -2.816893
v 2.997646 2.054346 -0.462160
v -0.091063 2.041910 -0.596619
v 1.335075 2.053049 -2.835889
v 3.128933 2.055865 -0.878751
v 0.110677 2.041835 -0.209207
v 0.908654 2.051066 -2.741296
v 3.147925 2.056966 -1.315128
v 0.405811 2.042298 0.112790
v 0.521247 2.048994 -2.539559
v 3.053328 2.057575 -1.741552
v 0.774226 2.043268 0.347430
v 0.199254 2.046973 -2.244426
v 2.851589 2.057651 -2.128964
v 1.190816 2.044680 0.478722
v -0.035381 2.045140 -1.876011
v 2.571887 1.683357 -2.468395
v 1.630621 1.672467 0.518370
v 2.454961 1.676575 0.218213
v -0.186408 1.669615 -1.464047
v -0.134996 1.857299 -1.679104
v 2.264912 1.862486 0.334128
v 1.408191 1.858503 0.524175
v 2.731648 1.870625 -2.315015
v 0.051983 1.859012 -2.080226
v 0.972343 1.856884 0.447381
v 2.985540 1.870823 -1.952521
v 0.336408 1.860981 -2.419286
v 0.571222 1.855667 0.260397
v 3.136962 1.870473 -1.536667
v 0.698897 1.863073 -2.673176
v 0.232161 1.854934 -0.024033
v 3.175595 1.869598 -1.095794
v 1.114747 1.865145 -2.824595
v -0.021731 1.854736 -0.386527
v 3.098805 1.868259 -0.659944
v 1.555618 1.867055 -2.863224
v -0.173153 1.855086 -0.802381
v 2.911827 1.866547 -0.258822
v 1.991466 1.868675 -2.786429
v -0.211786 1.855960 -1.243254
v 2.627401 1.864578 0.080238
v 1.849062 1.860414 0.485547
v 2.392587 1.869892 -2.599445
v 2.047282 2.800215 -2.388489
v 1.939036 2.793935 0.098661
v 2.510270 2.797232 -0.301436
v 0.135897 2.789185 -1.049740
v 1.711829 2.799078 -2.494210
v 2.699206 2.798707 -0.598097
v 0.212070 2.788693 -0.706368
v 1.360446 2.797663 -2.509506
v 2.804923 2.799930 -0.933550
v 0.374517 2.788632 -0.394411
v 1.017076 2.796066 -2.433337
v 2.820216 2.800817 -1.284936
v 0.612169 2.789006 -0.135127
v 0.705123 2.794398 -2.270891
v 2.744043 2.801308 -1.628308
v 0.908830 2.789788 0.053813
v 0.445843 2.792770 -2.033240
v 2.581595 2.801369 -1.940265
v 1.244283 2.790925 0.159534
v 0.256907 2.791295 -1.736579
v 2.485167 2.430633 -2.366943
v 1.616174 2.420579 0.390488
v 2.377218 2.424371 0.113377
v -0.061337 2.417946 -1.439712
v 0.074696 2.605875 -1.610291
v 2.158783 2.610379 0.138006
v 1.414804 2.606921 0.303044
v 2.564099 2.617447 -2.162519
v 0.237069 2.607363 -1.958627
v 1.036312 2.605515 0.236355
v 2.784579 2.617619 -1.847728
v 0.484064 2.609072 -2.253067
v 0.687977 2.604457 0.073978
v 2.916075 2.617315 -1.486599
v 0.798851 2.610889 -2.473547
v 0.393536 2.603821 -0.173022
v 2.949624 2.616556 -1.103742
v 1.159976 2.612688 -2.605039
v 0.173056 2.603649 -0.487813
v 2.882939 2.615393 -0.725250
v 1.542831 2.614347 -2.638584
v 0.041560 2.603953 -0.848942
v 2.720566 2.613906 -0.376914
v 1.921322 2.615753 -2.571896
v 0.008011 2.604712 -1.231798
v 2.473570 2.612196 -0.082473
v 1.797658 2.608580 0.269499
v 2.269657 2.616811 -2.409519
v 1.696358 6.750748 -1.437759
v 1.493601 6.748402 -0.794385
v 1.671171 6.749287 -0.859042
v 1.102199 6.747788 -1.221414
v 1.647682 7.188054 -1.559826
v 1.611978 7.185983 -0.739463
v 1.800394 7.187070 -0.871431
v 1.017229 7.184416 -1.118252
v 1.537036 7.187679 -1.594697
v 1.862713 7.187557 -0.969281
v 1.042354 7.184254 -1.004994
v 1.421135 7.187212 -1.599742
v 1.897582 7.187960 -1.079928
v 1.095936 7.184234 -0.902098
v 1.307878 7.186686 -1.574618
v 1.902627 7.188252 -1.195829
v 1.174323 7.184357 -0.816575
v 1.204983 7.186135 -1.521037
v 1.877502 7.188415 -1.309087
v 1.272174 7.184615 -0.754255
v 1.119462 7.185598 -1.442650
v 1.823920 7.188435 -1.411983
v 1.382820 7.184989 -0.719384
v 1.057143 7.185112 -1.344799
v 1.098410 7.098232 -1.271293
v 1.635531 7.099393 -0.820713
v 1.443789 7.098502 -0.778179
v 1.739990 7.101214 -1.413615
v 1.140257 7.098616 -1.361068
v 1.346242 7.098139 -0.795366
v 1.796814 7.101259 -1.332486
v 1.203914 7.099056 -1.436952
v 1.256467 7.097867 -0.837215
v 1.830703 7.101181 -1.239414
v 1.285042 7.099524 -1.493775
v 1.180583 7.097703 -0.900873
v 1.839350 7.100985 -1.140743
v 1.378113 7.099988 -1.527664
v 1.123759 7.097659 -0.982002
v 1.822163 7.100685 -1.043196
v 1.476784 7.100416 -1.536309
v 1.089870 7.097737 -1.075074
v 1.780316 7.100302 -0.953421
v 1.574331 7.100778 -1.519122
v 1.081223 7.097932 -1.173746
v 1.716659 7.099861 -0.877536
v 1.542460 7.098929 -0.786824
v 1.664106 7.101050 -1.477273
v 1.614372 5.890940 -1.479923
v 1.586020 5.889295 -0.828493
v 1.735637 5.890158 -0.933286
v 1.113745 5.888051 -1.129280
v 1.526511 5.890642 -1.507613
v 1.785123 5.890545 -1.010987
v 1.133696 5.887922 -1.039345
v 1.434477 5.890271 -1.511620
v 1.812812 5.890865 -1.098848
v 1.176244 5.887906 -0.957638
v 1.344542 5.889853 -1.491669
v 1.816817 5.891098 -1.190882
v 1.238490 5.888004 -0.889726
v 1.262836 5.889417 -1.449122
v 1.796866 5.891226 -1.280818
v 1.316190 5.888208 -0.840240
v 1.194926 5.888990 -1.386877
v 1.754318 5.891242 -1.362525
v 1.404052 5.888506 -0.812549
v 1.145440 5.888603 -1.309176
v 1.723771 4.594005 -1.464881
v 1.505019 4.591475 -0.770752
v 1.696597 4.592429 -0.840510
v 1.082739 4.590811 -1.231469
v 1.663109 5.304466 -1.468276
v 1.546484 5.302433 -0.806327
v 1.713493 5.303326 -0.893295
v 1.104286 5.301477 -1.177277
v 1.577040 5.304205 -1.508398
v 1.774522 5.303748 -0.966047
v 1.112576 5.301289 -1.082679
v 1.483520 5.303857 -1.524875
v 1.814643 5.304116 -1.052116
v 1.145066 5.301214 -0.993449
v 1.388922 5.303448 -1.516587
v 1.831120 5.304403 -1.145637
v 1.199544 5.301257 -0.915668
v 1.299692 5.303003 -1.484097
v 1.822830 5.304591 -1.240235
v 1.272297 5.301414 -0.854638
v 1.221913 5.302554 -1.429619
v 1.790339 5.304666 -1.329465
v 1.358366 5.301675 -0.814516
v 1.160883 5.302132 -1.356867
v 1.735861 5.304623 -1.407246
v 1.451886 5.302022 -0.798038
v 1.635713 5.302877 -0.838817
v 1.120763 5.301764 -1.270798
v 1.692073 5.891144 -1.430436
v 1.496086 5.888877 -0.808543
v 1.667727 5.889732 -0.871041
v 1.117751 5.888283 -1.221315
v 1.615973 6.750536 -1.488955
v 1.586642 6.748835 -0.815024
v 1.741426 6.749728 -0.923437
v 1.098055 6.747548 -1.126201
v 1.525077 6.750228 -1.517601
v 1.792621 6.750128 -1.003821
v 1.118695 6.747415 -1.033159
v 1.429864 6.749845 -1.521746
v 1.821267 6.750459 -1.094718
v 1.162712 6.747398 -0.948629
v 1.336823 6.749413 -1.501107
v 1.825411 6.750700 -1.189931
v 1.227108 6.747499 -0.878373
v 1.252295 6.748960 -1.457090
v 1.804771 6.750833 -1.282972
v 1.307492 6.747711 -0.827177
v 1.182039 6.748519 -1.392695
v 1.760753 6.750849 -1.367502
v 1.398388 6.748019 -0.798530
v 1.130844 6.748119 -1.312310
v 1.654469 6.355672 -1.459059
v 1.540411 6.353683 -0.811678
v 1.703744 6.354557 -0.896731
v 1.107945 6.352749 -1.174464
v 1.570294 6.355417 -1.498297
v 1.763430 6.354970 -0.967882
v 1.116052 6.352565 -1.081947
v 1.478832 6.355077 -1.514412
v 1.802667 6.355330 -1.052057
v 1.147828 6.352492 -0.994681
v 1.386316 6.354676 -1.506306
v 1.818781 6.355611 -1.143520
v 1.201107 6.352533 -0.918612
v 1.299050 6.354242 -1.474531
v 1.810674 6.355794 -1.236036
v 1.272258 6.352687 -0.858925
v 1.222983 6.353803 -1.421252
v 1.778899 6.355868 -1.323303
v 1.356433 6.352943 -0.819687
v 1.163296 6.353389 -1.350101
v 1.725620 6.355827 -1.399371
v 1.447895 6.353283 -0.803572
v 1.627676 6.354119 -0.843453
v 1.124059 6.353030 -1.265926
v 1.794145 -0.006971 -0.589118
v 1.935122 -0.006157 -0.687859
v 2.045738 -0.005391 -0.819724
v 2.118457 -0.004725 -0.975726
v 2.148321 -0.004205 -1.145233
v 2.133296 -0.003865 -1.316695
v 2.074407 -0.003728 -1.478426
v 1.975664 -0.003805 -1.619405
v 1.843799 -0.004090 -1.730024
v 1.687798 -0.004564 -1.802744
v 1.518291 -0.005194 -1.832610
v 1.346830 -0.005937 -1.817587
v 1.185101 -0.006742 -1.758698
v 1.044124 -0.007556 -1.659957
v 0.933507 -0.008322 -1.528092
v 0.860789 -0.008988 -1.372091
v 0.830924 -0.009509 -1.202583
v 0.845949 -0.009849 -1.031121
v 0.904839 -0.009985 -0.869390
v 1.003581 -0.009908 -0.728412
v 1.135446 -0.009623 -0.617793
v 1.291448 -0.009149 -0.545072
v 1.460955 -0.008520 -0.515206
v 1.632415 -0.007777 -0.530229
v 0.969347 -0.002069 -1.916688
v 1.179320 -0.000946 -2.026028
v 2.341726 0.002582 -1.484171
v 2.392997 0.002252 -1.253050
v 1.106460 -0.005172 -0.351950
v 0.906781 -0.005698 -0.479124
v 0.794828 -0.003165 -1.756727
v 2.232383 0.002623 -1.694147
v 1.332251 -0.004407 -0.280790
v 0.667656 -0.004158 -1.557047
v 2.072422 0.002372 -1.868668
v 1.568764 -0.003455 -0.270494
v 2.009856 -0.001257 -0.431104
v 1.799883 -0.002381 -0.321764
v 0.596499 -0.004981 -1.331256
v 1.872742 0.001846 -1.995842
v 2.184375 -0.000162 -0.591065
v 0.586206 -0.005578 -1.094742
v 1.646952 0.001081 -2.067002
v 2.311546 0.000831 -0.790745
v 0.637477 -0.005909 -0.863621
v 1.410439 0.000128 -2.077298
v 2.382703 0.001655 -1.016536
v 0.746819 -0.005950 -0.653646
v 1.698647 7.188199 -1.531868
v 1.556171 7.185715 -0.723194
v 1.760198 7.186806 -0.829439
v 1.015958 7.184547 -1.176368
v 1.593500 7.187880 -1.580882
v 1.834755 7.187322 -0.918317
v 1.026085 7.184318 -1.060801
v 1.479251 7.187456 -1.601012
v 1.883768 7.187771 -1.023463
v 1.065778 7.184226 -0.951792
v 1.363684 7.186954 -1.590887
v 1.903897 7.188122 -1.137713
v 1.132331 7.184278 -0.856771
v 1.254677 7.186411 -1.551195
v 1.893770 7.188351 -1.253280
v 1.221209 7.184470 -0.782213
v 1.159657 7.185863 -1.484642
v 1.854078 7.188443 -1.362289
v 1.326356 7.184789 -0.733199
v 1.085100 7.185347 -1.395764
v 1.787525 7.188391 -1.457310
v 1.440605 7.185214 -0.713069
v 1.665179 7.186258 -0.762886
v 1.036088 7.184898 -1.290617
v 1.004766 3.636183 -1.313427
v 1.702090 3.637690 -0.728457
v 1.453159 3.636533 -0.673236
v 1.837706 3.640055 -1.498199
v 1.059095 3.636681 -1.429978
v 1.326518 3.636063 -0.695549
v 1.911477 3.640113 -1.392871
v 1.141739 3.637253 -1.528496
v 1.209966 3.635709 -0.749880
v 1.955475 3.640011 -1.272040
v 1.247064 3.637861 -1.602267
v 1.111448 3.635496 -0.832525
v 1.966700 3.639757 -1.143938
v 1.367895 3.638463 -1.646264
v 1.037677 3.635438 -0.937852
v 1.944388 3.639368 -1.017297
v 1.495996 3.639018 -1.657488
v 0.993679 3.635540 -1.058684
v 1.890059 3.638870 -0.900746
v 1.622637 3.639488 -1.635174
v 0.982454 3.635794 -1.186785
v 1.807416 3.638298 -0.802228
v 1.581259 3.637088 -0.684460
v 1.739187 3.639842 -1.580844
v 2.241541 0.624845 -2.357132
v 2.369259 1.308801 -2.560495
v 2.379925 2.056763 -2.580337
v 2.201795 2.800653 -2.303727
v 1.791230 0.616992 0.198787
v 1.841039 1.299590 0.437626
v 1.843497 2.047409 0.464376
v 1.769844 2.793121 0.147982
v 2.436084 0.620442 -0.137012
v 2.597460 1.303636 0.043730
v 2.611673 2.051518 0.064359
v 2.388407 2.796430 -0.174126
v 0.083816 0.613303 -1.233526
v -0.161777 1.295262 -1.242494
v -0.190444 2.043013 -1.241853
v 0.132044 2.789582 -1.225933
v 1.909211 0.623836 -2.512048
v 1.979432 1.307618 -2.742213
v 1.984041 2.055561 -2.764880
v 1.883015 2.799686 -2.452327
v 2.671731 0.622073 -0.417923
v 2.873876 1.305550 -0.285782
v 2.892385 2.053461 -0.270274
v 2.614446 2.797995 -0.443584
v 0.115823 0.612578 -0.868262
v -0.124232 1.294412 -0.814034
v -0.152316 2.042150 -0.806736
v 0.162747 2.788887 -0.875561
v 1.548111 0.622495 -2.575672
v 1.555858 1.306044 -2.816845
v 1.553884 2.053963 -2.840671
v 1.536638 2.798399 -2.513357
v 2.826643 0.623492 -0.750253
v 3.055590 1.307214 -0.675609
v 3.076922 2.055151 -0.666159
v 2.763041 2.799356 -0.762364
v 0.241276 0.612288 -0.523727
v 0.022926 1.294071 -0.409891
v -0.002871 2.041805 -0.396312
v 0.283085 2.788608 -0.545073
v 1.182849 0.620912 -2.543668
v 1.127402 1.304187 -2.779304
v 1.118769 2.052078 -2.802547
v 1.186268 2.796880 -2.482658
v 2.890263 0.624602 -1.111355
v 3.130217 1.308515 -1.099185
v 3.152709 2.056473 -1.096318
v 2.824068 2.800420 -1.108743
v 0.451626 0.612452 -0.223401
v 0.269669 1.294264 -0.057605
v 0.247707 2.042000 -0.038551
v 0.484859 2.788766 -0.256992
v 0.838317 0.619195 -2.418218
v 0.723262 1.302174 -2.632149
v 0.708349 2.050033 -2.653105
v 0.855784 2.795234 -2.362322
v 2.858256 0.625326 -1.476619
v 3.092672 1.309365 -1.527644
v 3.114581 2.057336 -1.531435
v 2.793366 2.801115 -1.459115
v 0.732538 0.613059 0.012250
v 0.599181 1.294976 0.218816
v 0.582340 2.042723 0.242166
v 0.754317 2.789348 -0.030949
v 0.537995 0.617462 -2.207869
v 0.370980 1.300141 -2.385408
v 0.350592 2.047968 -2.402530
v 0.567706 2.793572 -2.160550
v 2.732802 0.625616 -1.821154
v 2.945514 1.309705 -1.931788
v 2.965136 2.057681 -1.941859
v 2.673028 2.801393 -1.789603
v 1.064867 0.614068 0.167166
v 0.989008 1.296159 0.400535
v 0.978224 2.043925 0.426708
v 1.073097 2.790316 0.117651
v 0.302348 0.615831 -1.926958
v 0.094564 1.298227 -2.055897
v 0.069881 2.046025 -2.067897
v 0.341667 2.792007 -1.891092
v 2.522453 0.625452 -2.121481
v 2.698771 1.309513 -2.284074
v 2.714559 2.057486 -2.299621
v 2.471254 2.801236 -2.077684
v 1.425968 0.615409 0.230790
v 1.412582 1.297733 0.475166
v 1.408382 2.045523 0.502500
v 1.419474 2.791603 0.178681
v 2.135761 0.618709 0.073336
v 2.245178 1.301603 0.290471
v 2.253917 2.049453 0.314934
v 2.100329 2.794767 0.027646
v 0.147436 0.614412 -1.594628
v -0.087150 1.296563 -1.666070
v -0.114657 2.044335 -1.672012
v 0.193071 2.790646 -1.572312
v 2.038195 3.110991 -2.048137
v 1.861505 3.361501 -1.771746
v 1.703118 3.105149 -0.146276
v 1.631262 3.357486 -0.464911
v 2.182955 3.107715 -0.396144
v 1.960974 3.359250 -0.636605
v 0.432630 3.102402 -1.212061
v 0.758265 3.355599 -1.197250
v 1.790908 3.110240 -2.163410
v 1.691585 3.360985 -1.850955
v 2.358300 3.108929 -0.605170
v 2.081460 3.360084 -0.780234
v 0.456446 3.101864 -0.940268
v 0.774630 3.355229 -1.010491
v 1.522213 3.109242 -2.210753
v 1.506956 3.360299 -1.883485
v 2.473570 3.109984 -0.852457
v 2.160666 3.360810 -0.950153
v 0.549796 3.101648 -0.683899
v 0.838774 3.355081 -0.834331
v 1.250422 3.108065 -2.186939
v 1.320198 3.359490 -1.867122
v 2.520910 3.110810 -1.121153
v 2.193195 3.361377 -1.134784
v 0.706318 3.101769 -0.460426
v 0.946326 3.355165 -0.680775
v 0.994055 3.106787 -2.093591
v 1.144040 3.358613 -1.802979
v 2.497093 3.111350 -1.392947
v 2.176830 3.361747 -1.321542
v 0.915344 3.102221 -0.285078
v 1.089955 3.355475 -0.560287
v 0.770585 3.105497 -1.937071
v 0.990486 3.357726 -1.695429
v 2.403744 3.111565 -1.649316
v 2.112686 3.361895 -1.497702
v 1.162631 3.102972 -0.169804
v 1.259875 3.355991 -0.481079
v 0.595240 3.104283 -1.728044
v 0.870000 3.356892 -1.551800
v 2.247222 3.111443 -1.872789
v 2.005134 3.361812 -1.651259
v 1.431326 3.103970 -0.122462
v 1.444504 3.356677 -0.448548
v 1.959485 3.106426 -0.239624
v 1.807420 3.358364 -0.529054
v 0.479970 3.103228 -1.480757
v 0.790794 3.356167 -1.381880
v 0.463741 0.119504 -1.496750
v 0.301567 0.363049 -1.546970
v 1.985626 0.122793 -0.220073
v 2.062665 0.366855 -0.069623
v 1.442342 0.120268 -0.099556
v 1.433987 0.363933 0.069837
v 2.281603 0.127954 -1.900009
v 2.405164 0.372828 -2.013614
v 0.582312 0.120590 -1.751119
v 0.438776 0.364306 -1.841322
v 1.165952 0.119241 -0.148255
v 1.114154 0.362745 0.013484
v 2.442607 0.128080 -1.670136
v 2.591475 0.372973 -1.747609
v 0.762678 0.121839 -1.966131
v 0.647492 0.365751 -2.090130
v 0.911584 0.118469 -0.266829
v 0.819803 0.361851 -0.123728
v 2.538630 0.127858 -1.406425
v 2.702591 0.372716 -1.442448
v 0.992548 0.123165 -2.127134
v 0.913494 0.367286 -2.276439
v 0.696571 0.118004 -0.447199
v 0.570994 0.361313 -0.332449
v 2.563129 0.127303 -1.126848
v 2.730941 0.372074 -1.118927
v 1.256256 0.124479 -2.223155
v 1.218652 0.368806 -2.387553
v 0.535567 0.117879 -0.677072
v 0.384683 0.361168 -0.598453
v 2.514433 0.126454 -0.850457
v 2.674591 0.371092 -0.799092
v 1.535832 0.125691 -2.247652
v 1.542172 0.370208 -2.415899
v 0.439543 0.118101 -0.940782
v 0.273567 0.361425 -0.903615
v 2.395862 0.125368 -0.596088
v 2.537383 0.369835 -0.504741
v 1.812222 0.126718 -2.198953
v 1.862005 0.371397 -2.359547
v 0.415045 0.118655 -1.220359
v 0.245218 0.362067 -1.227136
v 2.215496 0.124120 -0.381076
v 2.328666 0.368390 -0.255933
v 1.721917 0.121479 -0.124052
v 1.757506 0.365335 0.041491
v 2.066590 0.127490 -2.080379
v 2.156355 0.372290 -2.222334
v 0.010426 0.925558 -1.636672
v 2.200201 0.930290 0.200284
v 1.418494 0.926656 0.373691
v 2.626070 0.937716 -2.216903
v 0.181033 0.927120 -2.002673
v 1.020808 0.925179 0.303621
v 2.857732 0.937897 -1.886149
v 0.440554 0.928917 -2.312044
v 0.654808 0.924068 0.133010
v 2.995896 0.937578 -1.506707
v 0.771305 0.930826 -2.543705
v 0.345435 0.923400 -0.126517
v 3.031146 0.936780 -1.104435
v 1.150743 0.932716 -2.681865
v 0.113773 0.923219 -0.457271
v 2.961080 0.935558 -0.706748
v 1.553012 0.934460 -2.717112
v -0.024390 0.923538 -0.836713
v 2.790473 0.933996 -0.340748
v 1.950698 0.935937 -2.647041
v -0.059640 0.924336 -1.238985
v 2.530951 0.932199 -0.031376
v 1.820763 0.928400 0.338445
v 2.316698 0.937048 -2.476430
v -0.133725 1.670338 -1.679385
v 2.265442 1.675522 0.333225
v 1.408986 1.671541 0.523214
v 2.732034 1.683659 -2.315100
v 0.053196 1.672049 -2.080383
v 0.973273 1.669922 0.446443
v 2.985848 1.683857 -1.952718
v 0.337534 1.674018 -2.419338
v 0.572275 1.668705 0.259517
v 3.137223 1.683507 -1.536992
v 0.699911 1.676109 -2.673150
v 0.233319 1.667973 -0.024825
v 3.175844 1.682633 -1.096255
v 1.115632 1.678180 -2.824522
v -0.020495 1.667775 -0.387207
v 3.099078 1.681294 -0.660540
v 1.556367 1.680090 -2.863139
v -0.171870 1.668125 -0.802932
v 2.912157 1.679582 -0.259541
v 1.992080 1.681709 -2.786368
v -0.210491 1.668999 -1.243670
v 2.627819 1.677613 0.079413
v 1.849721 1.673451 0.484597
v 2.393078 1.682926 -2.599442
v -0.012699 2.418613 -1.638516
v 2.202251 2.423399 0.219559
v 1.411556 2.419724 0.394960
v 2.633016 2.430911 -2.225418
v 0.159869 2.420193 -2.008724
v 1.009299 2.418230 0.324084
v 2.867342 2.431094 -1.890862
v 0.422374 2.422011 -2.321653
v 0.639091 2.417106 0.151511
v 3.007094 2.430770 -1.507057
v 0.756927 2.423942 -2.555976
v 0.326162 2.416430 -0.110999
v 3.042749 2.429964 -1.100160
v 1.140728 2.425853 -2.695725
v 0.091837 2.416247 -0.445556
v 2.971878 2.428728 -0.697901
v 1.547622 2.427617 -2.731377
v -0.047916 2.416569 -0.829360
v 2.799309 2.427148 -0.327693
v 1.949879 2.429111 -2.660501
v -0.083571 2.417377 -1.236257
v 2.536804 2.425330 -0.014764
v 1.818450 2.421487 0.359308
v 2.320087 2.430235 -2.487928
v 1.113547 6.747943 -1.267799
v 1.630347 6.749060 -0.834267
v 1.445859 6.748203 -0.793342
v 1.730855 6.750813 -1.404738
v 1.153811 6.748312 -1.354178
v 1.352003 6.747854 -0.809879
v 1.785528 6.750855 -1.326678
v 1.215060 6.748736 -1.427191
v 1.265625 6.747592 -0.850144
v 1.818135 6.750780 -1.237127
v 1.293119 6.749187 -1.481864
v 1.192611 6.747434 -0.911394
v 1.826455 6.750592 -1.142188
v 1.382668 6.749633 -1.514471
v 1.137937 6.747392 -0.989454
v 1.809919 6.750304 -1.048332
v 1.477606 6.750044 -1.522790
v 1.105330 6.747467 -1.079004
v 1.769654 6.749935 -0.961954
v 1.571463 6.750393 -1.506253
v 1.097011 6.747655 -1.173943
v 1.708406 6.749511 -0.888940
v 1.540797 6.748614 -0.801660
v 1.657841 6.750655 -1.465987
v 1.682215 4.593904 -1.495337
v 1.555938 4.591703 -0.778601
v 1.736770 4.592670 -0.872767
v 1.077142 4.590668 -1.180253
v 1.589023 4.593622 -1.538779
v 1.802850 4.593128 -0.951540
v 1.086118 4.590465 -1.077825
v 1.487763 4.593246 -1.556620
v 1.846291 4.593525 -1.044733
v 1.121298 4.590384 -0.981210
v 1.385335 4.592802 -1.547646
v 1.864131 4.593836 -1.145994
v 1.180284 4.590430 -0.896992
v 1.288721 4.592320 -1.512467
v 1.855156 4.594039 -1.248422
v 1.259058 4.590600 -0.830910
v 1.204504 4.591835 -1.453480
v 1.819976 4.594121 -1.345037
v 1.352250 4.590883 -0.787468
v 1.138423 4.591377 -1.374707
v 1.760989 4.594075 -1.429255
v 1.453511 4.591259 -0.769627
v 1.652553 4.592184 -0.813780
v 1.094983 4.590979 -1.281514
v 1.654842 5.891055 -1.457722
v 1.541706 5.889082 -0.815575
v 1.703719 5.889949 -0.899941
v 1.112736 5.888155 -1.175428
v 1.571347 5.890801 -1.496643
v 1.762922 5.890359 -0.970517
v 1.120778 5.887973 -1.083660
v 1.480625 5.890465 -1.512628
v 1.801842 5.890715 -1.054011
v 1.152296 5.887900 -0.997099
v 1.388857 5.890067 -1.504588
v 1.817826 5.890994 -1.144734
v 1.205145 5.887941 -0.921645
v 1.302297 5.889635 -1.473069
v 1.809785 5.891176 -1.236503
v 1.275721 5.888094 -0.862440
v 1.226844 5.889200 -1.420222
v 1.778266 5.891249 -1.323064
v 1.359215 5.888348 -0.823519
v 1.167640 5.888790 -1.349646
v 1.725418 5.891208 -1.398518
v 1.449938 5.888684 -0.807534
v 1.628266 5.889513 -0.847093
v 1.128720 5.888434 -1.266151
v 1.074095 -0.001507 -1.971815
v 2.367864 0.002419 -1.368722
v 1.006344 -0.005438 -0.415103
v 0.881739 -0.002617 -1.837087
v 2.287511 0.002605 -1.589397
v 1.219201 -0.004791 -0.315879
v 0.730808 -0.003662 -1.657164
v 2.152782 0.002500 -1.781755
v 1.450485 -0.003932 -0.275128
v 1.905107 -0.001819 -0.375977
v 0.631587 -0.004571 -1.444306
v 1.972859 0.002111 -1.932689
v 1.684435 -0.002918 -0.295626
v 2.097464 -0.000709 -0.510705
v 0.590838 -0.005282 -1.213021
v 1.760002 0.001465 -2.031913
v 2.248395 0.000336 -0.690628
v 0.611338 -0.005746 -0.979070
v 1.528718 0.000606 -2.072664
v 2.347616 0.001245 -0.903486
v 0.691691 -0.005931 -0.758396
v 1.294768 -0.000408 -2.052166
v 2.388365 0.001955 -1.134771
v 0.826420 -0.005826 -0.566037
v 1.489623 -0.006857 -1.173908
v 1.838218 0.001200 -0.216433
v 2.074143 0.002462 -0.339287
v 2.270232 0.003693 -0.519019
v 2.413122 0.004809 -0.743380
v 2.493074 0.005734 -0.997078
v 2.504641 0.006405 -1.262826
v 2.447031 0.006776 -1.522512
v 2.324176 0.006822 -1.758440
v 2.144443 0.006540 -1.954532
v 1.920083 0.005949 -2.097424
v 1.666384 0.005089 -2.177380
v 1.400639 0.004019 -2.188949
v 1.140955 0.002812 -2.131342
v 0.905029 0.001550 -2.008488
v 0.708940 0.000319 -1.828756
v 0.566051 -0.000797 -1.604395
v 0.486098 -0.001722 -1.350696
v 0.474532 -0.002393 -1.084949
v 0.532141 -0.002764 -0.825263
v 0.654997 -0.002810 -0.589335
v 0.834729 -0.002528 -0.393243
v 1.059090 -0.001937 -0.250351
v 1.312788 -0.001077 -0.170395
v 1.578534 -0.000007 -0.158826
v 1.644985 7.234382 -0.648151
v 1.770351 7.235053 -0.713434
v 1.874550 7.235707 -0.808940
v 1.950480 7.236300 -0.928163
v 1.992965 7.236792 -1.062974
v 1.999111 7.237148 -1.204188
v 1.968499 7.237346 -1.342180
v 1.903215 7.237370 -1.467548
v 1.807708 7.237220 -1.571748
v 1.688487 7.236906 -1.647679
v 1.553676 7.236449 -1.690166
v 1.412462 7.235880 -1.696313
v 1.274471 7.235239 -1.665702
v 1.149104 7.234569 -1.600420
v 1.044905 7.233914 -1.504913
v 0.968975 7.233321 -1.385691
v 0.926491 7.232830 -1.250880
v 0.920345 7.232473 -1.109666
v 0.950957 7.232276 -0.971674
v 1.016241 7.232252 -0.846306
v 1.111747 7.232401 -0.742105
v 1.230968 7.232716 -0.666174
v 1.365780 7.233172 -0.623687
v 1.506994 7.233741 -0.617540
v 1.779952 3.979220 -1.530268
v 1.674847 3.978943 -1.597207
v 1.514845 3.976153 -0.689049
v 1.636497 3.976718 -0.716035
v 1.747018 3.977309 -0.773588
v 1.838879 3.977886 -0.857785
v 1.003081 3.975349 -1.247394
v 0.997663 3.975035 -1.122901
v 1.555999 3.978540 -1.634663
v 1.905817 3.978409 -0.962890
v 1.024650 3.974861 -1.001249
v 1.431507 3.978039 -1.640083
v 1.943272 3.978842 -1.081738
v 1.082203 3.974839 -0.890726
v 1.309856 3.977473 -1.613097
v 1.948690 3.979156 -1.206231
v 1.166401 3.974972 -0.798864
v 1.199334 3.976882 -1.555544
v 1.921703 3.979330 -1.327883
v 1.271505 3.975249 -0.731925
v 1.107474 3.976305 -1.471347
v 1.864149 3.979352 -1.438406
v 1.390353 3.975651 -0.694469
v 1.040536 3.975782 -1.366242
v 1.996722 2.996389 -2.281305
v 2.184954 2.254256 -2.680272
v 2.208793 1.490496 -2.726439
v 2.126519 0.750942 -2.545128
v 1.897936 2.990658 -0.011521
v 2.050957 2.246483 0.398546
v 2.070863 1.482495 0.442760
v 2.004815 0.743882 0.251263
v 2.419247 2.993666 -0.376650
v 2.758081 2.250563 -0.096730
v 2.798746 1.486696 -0.067055
v 2.647073 0.747589 -0.198580
v 0.252383 2.986323 -1.059555
v -0.181130 2.240602 -1.023046
v -0.226750 1.476442 -1.020565
v -0.022520 0.738541 -1.039925
v 1.690587 2.995351 -2.377787
v 1.769701 2.252848 -2.811142
v 1.781350 1.489048 -2.861152
v 1.749358 0.749664 -2.663995
v 2.591671 2.995013 -0.647385
v 2.991964 2.252390 -0.463963
v 3.039494 1.488576 -0.445069
v 2.859500 0.749248 -0.532127
v 0.321900 2.985875 -0.746194
v -0.086838 2.239994 -0.597991
v -0.129689 1.475816 -0.583031
v 0.063125 0.737989 -0.653860
v 1.369912 2.994060 -2.391747
v 1.334725 2.251097 -2.830078
v 1.333606 1.487245 -2.880643
v 1.354285 0.748073 -2.681194
v 2.688149 2.996129 -0.953522
v 3.122830 2.253904 -0.879218
v 3.174201 1.490134 -0.872513
v 2.978363 0.750623 -0.909290
v 0.470149 2.985819 -0.461500
v 0.114255 2.239919 -0.211823
v 0.077307 1.475739 -0.185526
v 0.245771 0.737921 -0.303115
v 1.056552 2.992603 -2.322233
v 0.909673 2.249121 -2.735788
v 0.896075 1.485211 -2.783585
v 0.968223 0.746279 -2.595552
v 2.702106 2.996939 -1.274198
v 3.141761 2.255002 -1.314196
v 3.193688 1.491265 -1.320260
v 2.995558 0.751620 -1.304365
v 0.687033 2.986160 -0.224877
v 0.408442 2.240381 0.109142
v 0.380131 1.476214 0.144861
v 0.512971 0.738340 -0.011594
v 0.771862 2.991080 -2.173985
v 0.523509 2.247055 -2.534698
v 0.498574 1.483085 -2.576592
v 0.617482 0.744402 -2.412909
v 2.632589 2.997386 -1.587560
v 3.047468 2.255610 -1.739251
v 3.096627 1.491890 -1.757794
v 2.909913 0.752172 -1.690430
v 0.957766 2.986873 -0.052449
v 0.775676 2.241348 0.343029
v 0.758144 1.477210 0.385614
v 0.846518 0.739219 0.200838
v 0.535242 2.989595 -1.957103
v 0.202549 2.245040 -2.240513
v 0.168192 1.481011 -2.273770
v 0.325965 0.742572 -2.145710
v 2.484340 2.997442 -1.872253
v 2.846375 2.255685 -2.125419
v 2.889631 1.491968 -2.155299
v 2.727267 0.752240 -2.041175
v 1.263902 2.987911 0.044033
v 1.190930 2.242755 0.473900
v 1.185588 1.478659 0.520326
v 1.223680 0.740497 0.319705
v 0.362818 2.988248 -1.686369
v -0.031333 2.243214 -1.873279
v -0.072556 1.479131 -1.895756
v 0.113537 0.740913 -1.812163
v 2.460067 0.751821 -2.332696
v 2.586807 1.491493 -2.485686
v 2.552188 2.255223 -2.446384
v 2.267457 2.997102 -2.108877
v 1.618753 0.742088 0.336904
v 1.633332 1.480462 0.539818
v 1.625905 2.244507 0.492835
v 1.584577 2.989201 0.057992
v 2.355556 0.745759 0.068620
v 2.468363 1.484622 0.235767
v 2.437121 2.248549 0.197456
v 2.182627 2.992181 -0.159769
v -0.005325 0.739538 -1.435000
v -0.207263 1.477572 -1.468312
v -0.162199 2.241700 -1.458024
v 0.266341 2.987132 -1.380233
v 2.058940 3.269563 -1.861013
v 1.868080 3.511002 -1.634117
v 1.555278 3.263735 -0.262825
v 1.528488 3.507073 -0.556545
v 1.996372 3.265933 -0.423436
v 1.825894 3.508555 -0.664837
v 0.583003 3.262210 -1.323596
v 0.872936 3.506044 -1.271766
v 1.733445 3.510648 -1.719864
v 1.859258 3.269037 -1.988188
v 1.684319 3.507798 -0.591114
v 1.786398 3.264810 -0.314094
v 1.943564 3.509294 -0.772690
v 2.170894 3.267029 -0.583398
v 0.865996 3.505642 -1.112295
v 0.572710 3.261612 -1.087079
v 1.581205 3.510132 -1.767843
v 1.633466 3.268271 -2.059349
v 2.029310 3.509964 -0.907325
v 2.298066 3.268022 -0.783080
v 0.900566 3.505419 -0.956462
v 0.623981 3.261282 -0.855957
v 1.421736 3.509490 -1.774785
v 1.396949 3.267319 -2.069644
v 2.077287 3.510519 -1.059565
v 2.369224 3.268845 -1.008873
v 0.974289 3.505391 -0.814886
v 0.733324 3.261241 -0.645980
v 1.265904 3.508765 -1.740217
v 1.165829 3.266245 -2.018375
v 2.084227 3.510921 -1.219036
v 2.379518 3.269443 -1.245391
v 1.082144 3.505561 -0.697214
v 0.893287 3.261492 -0.471456
v 1.124329 3.508008 -1.666494
v 0.955855 3.265121 -1.909034
v 2.049658 3.511144 -1.374869
v 2.328247 3.269773 -1.476513
v 1.216778 3.505915 -0.611467
v 1.092969 3.262018 -0.344281
v 1.006659 3.507269 -1.558640
v 0.781333 3.264026 -1.749071
v 1.975934 3.511172 -1.516445
v 2.218903 3.269813 -1.686489
v 1.369018 3.506431 -0.563487
v 1.318761 3.262784 -0.273120
v 0.920914 3.506599 -1.424006
v 0.654162 3.263033 -1.549389
v 2.062255 0.475492 -2.405473
v 1.992452 0.224278 -2.254095
v 1.952987 0.469154 0.105166
v 1.896654 0.218721 -0.052969
v 2.529615 0.472481 -0.298710
v 2.402196 0.221638 -0.407055
v 0.132818 0.464358 -1.054080
v 0.300877 0.214516 -1.069302
v 1.723634 0.474344 -2.512192
v 1.695577 0.223272 -2.347658
v 2.720335 0.473971 -0.598173
v 2.569404 0.222944 -0.669599
v 0.209710 0.463863 -0.707466
v 0.368290 0.214082 -0.765419
v 1.368932 0.472916 -2.527633
v 1.384602 0.222020 -2.361195
v 2.827051 0.475205 -0.936795
v 2.662963 0.224027 -0.966475
v 0.373692 0.463801 -0.392563
v 0.512057 0.214028 -0.489337
v 1.022320 0.471305 -2.450745
v 1.080721 0.220607 -2.293785
v 2.842488 0.476101 -1.291499
v 2.676498 0.224812 -1.277452
v 0.613589 0.464178 -0.130831
v 0.722378 0.214358 -0.259871
v 0.707421 0.469621 -2.286765
v 0.804642 0.219130 -2.150020
v 2.765596 0.476596 -1.638113
v 2.609085 0.225246 -1.581335
v 0.913052 0.464967 0.059893
v 0.984923 0.215050 -0.092659
v 0.445692 0.467978 -2.046870
v 0.575179 0.217690 -1.939700
v 2.601614 0.476658 -1.953016
v 2.465319 0.225300 -1.857417
v 1.251673 0.466114 0.166614
v 1.281799 0.216056 0.000904
v 0.254972 0.466488 -1.747406
v 0.407971 0.216384 -1.677155
v 2.254996 0.224970 -2.086883
v 2.361718 0.476281 -2.214748
v 1.592773 0.217308 0.014441
v 1.606375 0.467542 0.182055
v 2.172733 0.220198 -0.196734
v 2.267886 0.470838 -0.058814
v 0.314412 0.215302 -1.380279
v 0.148256 0.465254 -1.408784
v 2.179338 1.110837 -2.660779
v 2.047307 1.103178 0.372877
v 2.744058 1.107199 -0.115133
v -0.152039 1.097383 -1.027864
v 1.770175 1.109450 -2.789731
v 2.974510 1.108998 -0.476981
v -0.059129 1.096785 -0.609042
v 1.341581 1.107724 -2.808388
v 3.103457 1.110490 -0.886145
v 0.139014 1.096710 -0.228538
v 0.922763 1.105778 -2.715481
v 3.122109 1.111572 -1.314741
v 0.428885 1.097165 0.087718
v 0.542264 1.103742 -2.517341
v 3.029199 1.112171 -1.733562
v 0.790732 1.098119 0.318175
v 0.226012 1.101757 -2.227471
v 2.831056 1.112245 -2.114066
v 1.199895 1.099506 0.447126
v -0.004440 1.099957 -1.865624
v 2.541185 1.111790 -2.430323
v 1.628489 1.101231 0.465783
v 2.427806 1.105213 0.174736
v -0.133387 1.098465 -1.456459
v 2.215025 1.871788 -2.742290
v 2.075611 1.863700 0.461015
v 2.811326 1.867946 -0.054287
v -0.246729 1.857582 -1.018058
v 1.782981 1.870323 -2.878453
v 3.054665 1.869847 -0.436369
v -0.148623 1.856950 -0.575816
v 1.330419 1.868501 -2.898154
v 3.190822 1.871422 -0.868414
v 0.060601 1.856871 -0.174034
v 0.888180 1.866446 -2.800052
v 3.210519 1.872564 -1.320979
v 0.366683 1.857352 0.159909
v 0.486402 1.864297 -2.590831
v 3.112413 1.873196 -1.763222
v 0.748765 1.858359 0.403253
v 0.152464 1.862200 -2.284750
v 2.903190 1.873275 -2.165004
v 1.180809 1.859823 0.539416
v -0.090874 1.860300 -1.902668
v 2.597107 1.872795 -2.498946
v 1.633372 1.861645 0.559116
v 2.477388 1.865850 0.251794
v -0.227032 1.858725 -1.470623
v 2.115351 2.636544 -2.533446
v 1.994290 2.629522 0.248158
v 2.633152 2.633208 -0.199307
v -0.022324 2.624208 -1.036202
v 1.740184 2.635272 -2.651684
v 2.844456 2.634858 -0.531089
v 0.062866 2.623660 -0.652179
v 1.347199 2.633690 -2.668791
v 2.962689 2.636226 -0.906258
v 0.244547 2.623591 -0.303289
v 0.963179 2.631906 -2.583604
v 2.979793 2.637218 -1.299245
v 0.510335 2.624008 -0.013309
v 0.614293 2.630039 -2.401927
v 2.894602 2.637768 -1.683268
v 0.842118 2.624882 0.198000
v 0.324317 2.628218 -2.136140
v 2.712922 2.637836 -2.032157
v 1.217285 2.626154 0.316238
v 0.113013 2.626568 -1.804357
v 2.447134 2.637418 -2.322138
v 1.610270 2.627737 0.333345
v 2.343175 2.631388 0.066480
v -0.005220 2.625201 -1.429189
v 1.728378 7.087760 -1.476798
v 1.496750 7.085080 -0.741807
v 1.699604 7.086091 -0.815670
v 1.049610 7.084378 -1.229645
v 1.636547 7.087518 -1.535284
v 1.603039 7.085574 -0.765384
v 1.779864 7.086595 -0.889235
v 1.044876 7.084104 -1.120872
v 1.532708 7.087166 -1.568010
v 1.838350 7.087051 -0.981067
v 1.068456 7.083952 -1.014582
v 1.423935 7.086728 -1.572745
v 1.871075 7.087430 -1.084906
v 1.118741 7.083933 -0.918016
v 1.317646 7.086234 -1.549168
v 1.875809 7.087705 -1.193679
v 1.192307 7.084048 -0.837754
v 1.221081 7.085718 -1.498882
v 1.852229 7.087856 -1.299969
v 1.284138 7.084291 -0.779268
v 1.140821 7.085214 -1.425317
v 1.801944 7.087875 -1.396535
v 1.387978 7.084642 -0.746542
v 1.082335 7.084757 -1.333485
v 1.638278 5.305719 -1.527396
v 1.605839 5.303838 -0.782073
v 1.777020 5.304825 -0.901970
v 1.065494 5.302414 -1.126213
v 1.537752 5.305378 -1.559076
v 1.833640 5.305267 -0.990870
v 1.088321 5.302267 -1.023316
v 1.432453 5.304955 -1.563660
v 1.865319 5.305634 -1.091396
v 1.137001 5.302248 -0.929832
v 1.329556 5.304477 -1.540835
v 1.869902 5.305900 -1.196695
v 1.208218 5.302360 -0.852133
v 1.236074 5.303977 -1.492155
v 1.847075 5.306047 -1.299593
v 1.297118 5.302595 -0.795512
v 1.158376 5.303488 -1.420938
v 1.798395 5.306065 -1.393076
v 1.397644 5.302935 -0.763832
v 1.101756 5.303046 -1.332039
v 1.727178 5.305954 -1.470775
v 1.502943 5.303360 -0.759248
v 1.699322 5.304338 -0.830753
v 1.070077 5.302680 -1.231513
v 1.717709 6.355347 -1.462192
v 1.497913 6.352804 -0.764749
v 1.690404 6.353763 -0.834838
v 1.073616 6.352138 -1.227665
v 1.630569 6.355117 -1.517692
v 1.598773 6.353272 -0.787122
v 1.766565 6.354241 -0.904646
v 1.069124 6.351877 -1.124450
v 1.532033 6.354783 -1.548745
v 1.822064 6.354674 -0.991786
v 1.091497 6.351733 -1.023589
v 1.428818 6.354368 -1.553238
v 1.853116 6.355034 -1.090321
v 1.139215 6.351715 -0.931956
v 1.327958 6.353898 -1.530865
v 1.857608 6.355294 -1.193537
v 1.209022 6.351825 -0.855795
v 1.236327 6.353409 -1.483148
v 1.835234 6.355438 -1.294398
v 1.296162 6.352054 -0.800295
v 1.160166 6.352931 -1.413341
v 1.787516 6.355456 -1.386030
v 1.394698 6.352388 -0.769242
v 1.104668 6.352497 -1.326201
v 1.745900 -0.047440 -0.470637
v 1.919215 -0.046513 -0.560888
v 2.063266 -0.045608 -0.692923
v 2.168235 -0.044788 -0.857743
v 2.226970 -0.044109 -1.044115
v 2.235467 -0.043616 -1.239338
v 2.193146 -0.043343 -1.430108
v 2.102894 -0.043310 -1.603426
v 1.970858 -0.043517 -1.747478
v 1.806039 -0.043951 -1.852450
v 1.619667 -0.044583 -1.911187
v 1.424445 -0.045369 -1.919686
v 1.233676 -0.046256 -1.877367
v 1.060361 -0.047183 -1.787116
v 0.916310 -0.048087 -1.655081
v 0.811341 -0.048907 -1.490261
v 0.752606 -0.049586 -1.303889
v 0.744109 -0.050079 -1.108666
v 0.786430 -0.050352 -0.917896
v 0.876682 -0.050386 -0.744578
v 1.008717 -0.050178 -0.600526
v 1.173537 -0.049744 -0.495554
v 1.359908 -0.049112 -0.436817
v 1.555131 -0.048326 -0.428318
v 1.960210 0.001843 -0.270121
v 2.178083 0.003100 -0.422723
v 2.349036 0.004284 -0.626512
v 2.461419 0.005313 -0.867607
v 2.507573 0.006118 -1.129572
v 2.484354 0.006643 -1.394558
v 2.393342 0.006854 -1.644505
v 2.240740 0.006735 -1.862381
v 2.036950 0.006294 -2.033337
v 1.795856 0.005563 -2.145723
v 1.533892 0.004589 -2.191880
v 1.268907 0.003441 -2.168663
v 1.018962 0.002196 -2.077653
v 0.801089 0.000939 -1.925052
v 0.630137 -0.000245 -1.721262
v 0.517753 -0.001274 -1.480168
v 0.471599 -0.002079 -1.218203
v 0.494819 -0.002605 -0.953216
v 0.585830 -0.002815 -0.703270
v 0.738432 -0.002696 -0.485394
v 0.942223 -0.002256 -0.314438
v 1.183317 -0.001524 -0.202052
v 1.445281 -0.000551 -0.155895
v 1.710266 0.000598 -0.179112
v 1.709805 7.234716 -0.676689
v 1.825577 7.235384 -0.757777
v 1.916417 7.236013 -0.866066
v 1.976135 7.236560 -0.994177
v 2.000660 7.236988 -1.133379
v 1.988322 7.237267 -1.274186
v 1.939960 7.237379 -1.407001
v 1.858872 7.237316 -1.522774
v 1.750583 7.237082 -1.613616
v 1.622471 7.236693 -1.673335
v 1.483270 7.236176 -1.697862
v 1.342464 7.235566 -1.685525
v 1.209650 7.234904 -1.637165
v 1.093878 7.234236 -1.556077
v 1.003039 7.233607 -1.447788
v 0.943321 7.233060 -1.319676
v 0.918795 7.232633 -1.180475
v 0.931134 7.232353 -1.039668
v 0.979495 7.232242 -0.906852
v 1.060583 7.232305 -0.791079
v 1.168873 7.232539 -0.700238
v 1.296984 7.232927 -0.640518
v 1.436185 7.233445 -0.615992
v 1.576991 7.234055 -0.628329
v 1.765510 7.163074 -1.521253
v 1.956629 0.102371 -2.176452
v 1.501525 7.160021 -0.683596
v 1.867739 0.097215 -0.134044
v 1.732715 7.161172 -0.767777
v 2.336827 0.099922 -0.462597
v 0.991927 7.159221 -1.239577
v 0.387029 0.093313 -1.077091
v 1.681160 0.101437 -2.263269
v 2.491978 0.101133 -0.706210
v 0.449581 0.092910 -0.795121
v 1.392609 0.100276 -2.275830
v 2.578792 0.102138 -0.981680
v 0.582981 0.092860 -0.538947
v 1.110640 0.098965 -2.213280
v 2.591350 0.102866 -1.270233
v 0.778136 0.093167 -0.326026
v 0.854469 0.097595 -2.079883
v 2.528798 0.103269 -1.552203
v 1.021750 0.093809 -0.170873
v 0.641552 0.096258 -1.884728
v 2.395398 0.103319 -1.808377
v 1.297219 0.094742 -0.084055
v 0.486401 0.095046 -1.641114
v 1.815321 3.653547 -1.571592
v 1.653908 4.596185 -1.556306
v 1.520812 3.650140 -0.637073
v 1.619055 4.594163 -0.755490
v 1.778736 3.651424 -0.730989
v 1.802981 4.595225 -0.884314
v 0.952288 3.649247 -1.257345
v 1.038476 4.592634 -1.125253
v 1.545898 4.595819 -1.590347
v 1.863815 4.595700 -0.979833
v 1.063003 4.592476 -1.014694
v 1.432759 4.595364 -1.595273
v 1.897854 4.596094 -1.087843
v 1.115307 4.592456 -0.914249
v 1.322200 4.594850 -1.570747
v 1.902779 4.596380 -1.200983
v 1.191828 4.592577 -0.830765
v 1.221757 4.594313 -1.518443
v 1.878252 4.596538 -1.311542
v 1.287347 4.592828 -0.769930
v 1.138274 4.593789 -1.441923
v 1.825948 4.596557 -1.411987
v 1.395357 4.593194 -0.735890
v 1.077440 4.593313 -1.346403
v 1.017918 3.975553 -1.308045
v 1.693641 3.977013 -0.741194
v 1.452422 3.975892 -0.687684
v 1.825057 3.979305 -1.487092
v 1.070564 3.976035 -1.420985
v 1.329703 3.975436 -0.709307
v 1.896544 3.979360 -1.385028
v 1.150648 3.976589 -1.516452
v 1.216762 3.975093 -0.761954
v 1.939178 3.979262 -1.267941
v 1.252712 3.977179 -1.587938
v 1.121295 3.974887 -0.842040
v 1.950055 3.979016 -1.143807
v 1.369798 3.977762 -1.630572
v 1.049809 3.974831 -0.944104
v 1.928434 3.978639 -1.021087
v 1.493930 3.978300 -1.641448
v 1.007174 3.974929 -1.061191
v 1.875788 3.978156 -0.908147
v 1.616650 3.978755 -1.619825
v 0.996297 3.975176 -1.185325
v 1.795704 3.977602 -0.812680
v 1.576555 3.976430 -0.698560
v 1.729590 3.979098 -1.567178
v 1.929150 3.141234 -2.137290
v 2.156179 2.445267 -2.619787
v 2.215601 1.680589 -2.742281
v 2.155262 0.923199 -2.607909
v 1.843100 3.136242 -0.160129
v 2.027505 2.437803 0.336754
v 2.076227 1.672504 0.460092
v 2.027956 0.915814 0.317170
v 2.297202 3.138863 -0.478186
v 2.706545 2.441722 -0.138852
v 2.811729 1.676748 -0.055060
v 2.699770 0.919691 -0.153375
v 0.409694 3.132466 -1.073050
v -0.115935 2.432156 -1.028379
v -0.245437 1.666387 -1.018550
v -0.092674 0.910227 -1.033436
v 1.662482 3.140330 -2.221334
v 1.757418 2.443916 -2.745461
v 1.783684 1.679125 -2.878404
v 1.760744 0.921862 -2.732244
v 2.447397 3.140036 -0.714017
v 2.931138 2.443476 -0.491501
v 3.054996 1.678648 -0.437031
v 2.921974 0.921427 -0.502270
v 0.470247 3.132076 -0.800087
v -0.025387 2.431572 -0.620205
v -0.147359 1.665755 -0.576437
v -0.003089 0.909650 -0.629606
v 1.383150 3.139205 -2.233493
v 1.339718 2.442234 -2.763644
v 1.331252 1.677303 -2.898099
v 1.347489 0.920198 -2.750235
v 2.531438 3.141008 -0.980687
v 3.056807 2.444930 -0.890263
v 3.191114 1.680223 -0.868950
v 3.046305 0.922865 -0.896790
v 0.599385 3.132027 -0.552098
v 0.167719 2.431500 -0.249374
v 0.061803 1.665676 -0.174772
v 0.187962 0.909578 -0.262721
v 1.110188 3.137937 -2.172942
v 0.931547 2.440336 -2.673100
v 0.889142 1.675248 -2.800025
v 0.943661 0.918321 -2.660653
v 2.543594 3.141713 -1.260022
v 3.074986 2.445984 -1.307966
v 3.210805 1.681365 -1.321383
v 3.064291 0.923908 -1.310047
v 0.788306 3.132324 -0.345979
v 0.450223 2.431943 0.058844
v 0.367797 1.666158 0.159074
v 0.467459 0.910017 0.042217
v 0.862201 3.136610 -2.043806
v 0.560720 2.438353 -2.479996
v 0.487481 1.673099 -2.590866
v 0.576780 0.916358 -2.469605
v 2.483041 3.142103 -1.532984
v 2.984438 2.446567 -1.716140
v 3.112728 1.681997 -1.763497
v 2.974706 0.924486 -1.713878
v 1.024137 3.132945 -0.195781
v 0.802872 2.432873 0.283442
v 0.749768 1.667164 0.402347
v 0.816355 0.910936 0.264426
v 0.656086 3.135316 -1.854886
v 0.252506 2.436418 -2.197493
v 0.153640 1.671004 -2.284874
v 0.271847 0.914444 -2.190108
v 2.353903 3.142152 -1.780974
v 2.791332 2.446640 -2.086971
v 2.903566 1.682076 -2.165163
v 2.783656 0.924557 -2.080763
v 1.290806 3.133849 -0.111738
v 1.201633 2.434224 0.409115
v 1.181685 1.668627 0.538470
v 1.210874 0.912273 0.388761
v 0.505891 3.134143 -1.619054
v 0.027913 2.434664 -1.844844
v -0.089628 1.669104 -1.902903
v 0.049643 0.912709 -1.841213
v 2.412199 0.605700 -2.275260
v 2.568360 1.301816 -2.463206
v 2.581746 2.064270 -2.481129
v 2.364251 2.825458 -2.223820
v 1.612772 0.596451 0.261432
v 1.631503 1.290977 0.509565
v 1.630601 2.053267 0.536982
v 1.598339 2.816597 0.206521
v 2.312891 0.599939 0.006505
v 2.451980 1.295065 0.210814
v 2.463592 2.057416 0.233674
v 2.269106 2.819939 -0.037718
v 0.069549 0.594028 -1.422256
v -0.177012 1.288139 -1.463563
v -0.205496 2.050384 -1.466240
v 0.119816 2.814276 -1.406578
v 2.300245 0.751436 -2.449828
v 2.405678 1.491056 -2.618432
v 2.376225 2.254799 -2.575346
v 2.137733 2.996790 -2.203950
v 1.814587 0.742967 0.306716
v 1.855274 1.481458 0.505606
v 1.841516 2.245475 0.459600
v 1.743532 2.989915 0.033490
v 2.510058 0.746687 -0.055441
v 2.643465 1.485674 0.095168
v 2.607229 2.249571 0.060866
v 2.308034 2.992936 -0.260466
v -0.026850 0.738987 -1.238026
v -0.231659 1.476948 -1.245076
v -0.185899 2.241094 -1.241156
v 0.248867 2.986686 -1.220350
v 1.941829 0.750348 -2.616905
v 1.999479 1.489823 -2.807783
v 1.981610 2.253602 -2.759296
v 1.846811 2.995907 -2.339564
v 2.764203 0.748447 -0.358401
v 2.931489 1.487669 -0.248184
v 2.887040 2.251508 -0.272693
v 2.514318 2.994364 -0.506375
v 0.007669 0.738206 -0.844089
v -0.192537 1.476062 -0.798622
v -0.147893 2.240233 -0.807434
v 0.276887 2.986051 -0.900599
v 1.552384 0.748901 -2.685523
v 1.558116 1.488183 -2.885550
v 1.552833 2.252009 -2.834845
v 1.530706 2.994733 -2.395261
v 2.931275 0.749977 -0.716818
v 3.120834 1.489403 -0.654383
v 3.070986 2.253193 -0.667308
v 2.649928 2.995606 -0.797296
v 0.142969 0.737893 -0.472511
v -0.039198 1.475708 -0.377505
v 0.001072 2.239889 -0.398326
v 0.386708 2.985797 -0.598996
v 1.158450 0.747194 -2.651006
v 1.111664 1.486248 -2.846431
v 1.119114 2.250129 -2.796843
v 1.210957 2.993346 -2.367244
v 2.999888 0.751173 -1.106264
v 3.198597 1.490759 -1.095749
v 3.146530 2.254510 -1.096087
v 2.705622 2.996577 -1.113403
v 0.369831 0.738070 -0.148610
v 0.217907 1.475909 -0.010423
v 0.250846 2.240084 -0.041713
v 0.570847 2.985942 -0.336091
v 0.786876 0.745343 -2.515709
v 0.690551 1.484151 -2.693096
v 0.710010 2.248091 -2.647880
v 0.909356 2.991844 -2.257426
v 2.965368 0.751955 -1.500201
v 3.159474 1.491644 -1.542203
v 3.108524 2.255370 -1.529809
v 2.677602 2.997210 -1.433154
v 0.672792 0.738725 0.105538
v 0.561259 1.476651 0.277607
v 0.584405 2.240805 0.238104
v 0.816756 2.986473 -0.129804
v 0.462979 0.743474 -2.288849
v 0.323473 1.482032 -2.435993
v 0.353401 2.246033 -2.398108
v 0.646454 2.990327 -2.073288
v 2.830068 0.752268 -1.871779
v 3.006136 1.491998 -1.963320
v 2.959558 2.255715 -1.938916
v 2.567781 2.997465 -1.734758
v 1.031209 0.739813 0.272615
v 0.967458 1.477884 0.466957
v 0.979020 2.242002 0.422054
v 1.107677 2.987356 0.005810
v 0.208835 0.741714 -1.985888
v 0.035449 1.480038 -2.092641
v 0.073590 2.244096 -2.064550
v 0.440171 2.988899 -1.827379
v 2.603206 0.752091 -2.195680
v 2.749031 1.491798 -2.330403
v 2.709785 2.255520 -2.295530
v 2.383642 2.997321 -1.997663
v 1.420653 0.741260 0.341232
v 1.408822 1.479523 0.544725
v 1.407797 2.243595 0.497602
v 1.423783 2.988530 0.061507
v 2.186162 0.744818 0.171419
v 2.276386 1.483556 0.352271
v 2.250620 2.247513 0.310638
v 2.045133 2.991418 -0.076328
v 0.041763 0.740184 -1.627472
v -0.153897 1.478304 -1.686442
v -0.110356 2.242411 -1.669934
v 0.304561 2.987657 -1.536457
v 2.164982 3.141855 -1.987092
v 1.953524 3.392627 -1.735668
v 1.570140 3.134973 -0.099578
v 1.540518 3.387849 -0.425141
v 2.091087 3.137569 -0.289265
v 1.902220 3.389651 -0.556843
v 0.421850 3.133171 -1.352385
v 0.743246 3.386597 -1.294982
v 1.698561 3.653239 -1.645957
v 1.789784 3.392195 -1.839953
v 1.655956 3.650768 -0.667052
v 1.730038 3.388730 -0.467183
v 1.880785 3.652065 -0.824523
v 2.045328 3.390549 -0.688014
v 0.946268 3.648898 -1.119045
v 0.734804 3.386108 -1.101036
v 1.566530 3.652792 -1.687567
v 1.604633 3.391568 -1.898304
v 1.955148 3.652646 -0.941285
v 2.149611 3.391364 -0.851754
v 0.976249 3.648705 -0.983899
v 0.776848 3.385837 -0.911514
v 1.428231 3.652235 -1.693587
v 1.410688 3.390787 -1.906748
v 1.996756 3.653127 -1.073316
v 2.207960 3.392039 -1.036906
v 1.040185 3.648681 -0.861118
v 0.866510 3.385803 -0.739331
v 1.293087 3.651607 -1.663608
v 1.221167 3.389906 -1.864706
v 2.002775 3.653476 -1.211616
v 2.216401 3.392528 -1.230852
v 1.133721 3.648828 -0.759068
v 0.997681 3.386009 -0.596221
v 1.170307 3.650950 -1.599672
v 1.048986 3.388985 -1.775045
v 1.972795 3.653670 -1.346761
v 2.174358 3.392799 -1.420374
v 1.250483 3.649135 -0.684703
v 1.161421 3.386441 -0.491935
v 1.068258 3.650309 -1.506137
v 0.905878 3.388087 -1.643874
v 1.908858 3.653694 -1.469542
v 2.084696 3.392833 -1.592558
v 1.382513 3.649583 -0.643093
v 1.346573 3.387068 -0.433584
v 0.993895 3.649729 -1.389375
v 0.801595 3.387272 -1.480134
v 1.963261 3.269332 -1.931135
v 1.803568 3.510847 -1.681396
v 1.672517 3.264262 -0.280895
v 1.607536 3.507429 -0.568729
v 2.088868 3.266489 -0.497706
v 1.888259 3.508930 -0.714913
v 0.570117 3.261880 -1.205675
v 0.864247 3.505822 -1.192258
v 1.748691 3.268681 -2.031157
v 1.658895 3.510408 -1.748836
v 2.241014 3.267543 -0.679077
v 1.990842 3.509640 -0.837202
v 0.590782 3.261412 -0.969839
v 0.878180 3.505507 -1.033246
v 1.515545 3.267815 -2.072237
v 1.501698 3.509824 -1.776533
v 2.341034 3.268459 -0.893648
v 2.058280 3.510258 -0.981875
v 0.671781 3.261224 -0.747391
v 0.932793 3.505381 -0.883262
v 1.279711 3.266792 -2.051574
v 1.342688 3.509135 -1.762602
v 2.382111 3.269175 -1.126795
v 2.085976 3.510741 -1.139073
v 0.807595 3.261331 -0.553483
v 1.024366 3.505452 -0.752520
v 1.057264 3.265684 -1.970577
v 1.192704 3.508388 -1.707990
v 2.361446 3.269642 -1.362630
v 2.072043 3.511056 -1.298084
v 0.988967 3.261723 -0.401334
v 1.146655 3.505716 -0.649935
v 0.863359 3.264565 -1.834764
v 1.061965 3.507633 -1.616418
v 2.280447 3.269830 -1.585079
v 2.017430 3.511183 -1.448069
v 1.203537 3.262374 -0.301312
v 1.291328 3.506155 -0.582495
v 0.711213 3.263512 -1.653392
v 0.959381 3.506923 -1.494129
v 2.144633 3.269724 -1.778986
v 1.925858 3.511111 -1.578810
v 1.436683 3.263240 -0.260233
v 1.448525 3.506739 -0.554797
v 1.894963 3.265370 -0.361893
v 1.757519 3.508176 -0.623341
v 0.611194 3.262596 -1.438822
v 0.891943 3.506305 -1.349456
v 2.095259 0.604864 -2.477116
v 2.027821 0.349774 -2.330787
v 1.979613 0.598156 0.180056
v 1.925199 0.343821 0.027137
v 2.589896 0.601678 -0.247392
v 2.466753 0.346946 -0.352172
v 0.053211 0.593081 -1.046849
v 0.215747 0.339317 -1.061595
v 1.736875 0.603650 -2.590064
v 1.709798 0.348696 -2.431014
v 2.791748 0.603254 -0.564332
v 2.645873 0.348345 -0.633419
v 0.134591 0.592556 -0.680005
v 0.287962 0.338852 -0.736064
v 1.361469 0.602138 -2.606406
v 1.376671 0.347355 -2.445516
v 2.904692 0.604561 -0.922718
v 2.746096 0.349505 -0.951443
v 0.308143 0.592491 -0.346723
v 0.441969 0.338794 -0.440315
v 0.994628 0.600433 -2.525029
v 1.051143 0.345842 -2.373304
v 2.921030 0.605509 -1.298125
v 2.760595 0.350346 -1.284572
v 0.562042 0.592890 -0.069714
v 0.667273 0.339148 -0.194504
v 0.661350 0.598650 -2.351479
v 0.755397 0.344260 -2.219299
v 2.839650 0.606033 -1.664969
v 2.688380 0.350811 -1.610103
v 0.878982 0.593725 0.132142
v 0.948520 0.339889 -0.015381
v 0.384345 0.596911 -2.097582
v 0.509589 0.342717 -1.993995
v 2.666098 0.606098 -1.998251
v 2.534373 0.350869 -1.905852
v 1.237366 0.594940 0.245090
v 1.266544 0.340967 0.084847
v 0.182493 0.595335 -1.780641
v 0.330469 0.341318 -1.712748
v 2.200243 0.103013 -2.021298
v 2.309068 0.350515 -2.151663
v 1.585771 0.095904 -0.071495
v 1.599671 0.342308 0.099349
v 2.123910 0.098585 -0.267442
v 2.220945 0.345403 -0.126868
v 0.399587 0.094042 -1.365644
v 0.230246 0.340158 -1.394724
v 0.351476 0.215810 -1.531778
v 0.190532 0.465833 -1.581588
v 2.039398 0.219458 -0.115816
v 2.115802 0.469994 0.033481
v 1.436843 0.216657 0.017849
v 1.428518 0.466799 0.185942
v 2.367667 0.225182 -1.979033
v 2.490231 0.476523 -2.091733
v 0.482984 0.217014 -1.813900
v 0.340532 0.467207 -1.903379
v 1.130299 0.215518 -0.036162
v 1.078870 0.465500 0.124335
v 2.546237 0.225321 -1.724080
v 2.693910 0.476682 -1.800930
v 0.683028 0.218399 -2.052369
v 0.568705 0.468787 -2.175382
v 0.848178 0.214662 -0.167673
v 0.757079 0.464523 -0.025668
v 2.652736 0.225075 -1.431600
v 2.815385 0.476401 -1.467322
v 0.937977 0.219871 -2.230938
v 0.859504 0.470465 -2.379060
v 0.609708 0.214146 -0.367721
v 0.485076 0.463936 -0.253846
v 2.679907 0.224460 -1.121521
v 2.846377 0.475700 -1.113641
v 1.230455 0.221328 -2.337435
v 1.193109 0.472127 -2.500531
v 0.431138 0.214007 -0.622674
v 0.281396 0.463777 -0.544649
v 2.625900 0.223518 -0.814976
v 2.784774 0.474626 -0.763991
v 1.540532 0.222671 -2.364603
v 1.546789 0.473660 -2.531521
v 0.324639 0.214253 -0.915154
v 0.159922 0.464058 -0.878256
v 2.494392 0.222314 -0.532854
v 2.634775 0.473252 -0.442200
v 1.847076 0.223810 -2.310592
v 1.896437 0.474959 -2.469914
v 0.297468 0.214868 -1.225233
v 0.128929 0.464759 -1.231938
v 2.294347 0.220929 -0.294385
v 2.406602 0.471672 -0.170197
v 1.746921 0.218000 -0.009319
v 1.782198 0.468332 0.154952
v 2.129197 0.224667 -2.179081
v 2.218228 0.475935 -2.319911
v 2.196934 1.300838 -2.699764
v 2.061407 1.292976 0.414199
v 2.776603 1.297103 -0.086730
v -0.196160 1.287028 -1.023621
v 1.776940 1.299414 -2.832128
v 3.013156 1.298951 -0.458155
v -0.100789 1.286413 -0.593713
v 1.337000 1.297643 -2.851279
v 3.145515 1.300482 -0.878151
v 0.102598 1.286337 -0.203136
v 0.907096 1.295644 -2.755913
v 3.164662 1.301593 -1.318093
v 0.400143 1.286804 0.121491
v 0.516523 1.293555 -2.552528
v 3.069292 1.302207 -1.748001
v 0.771569 1.287783 0.358049
v 0.191900 1.291517 -2.254984
v 2.865905 1.302283 -2.138578
v 1.191563 1.289206 0.490413
v -0.044653 1.289670 -1.883559
v 2.504158 0.924118 -2.385700
v 1.624129 0.913937 0.406751
v 2.394837 0.917777 0.126122
v -0.074688 0.911271 -1.446693
v -0.082303 1.099167 -1.665262
v 2.244041 1.104195 0.286260
v 1.413581 1.100334 0.470481
v 2.696471 1.112084 -2.281681
v 0.098945 1.100827 -2.054089
v 0.991094 1.098765 0.396040
v 2.942581 1.112276 -1.930298
v 0.374651 1.102736 -2.382756
v 0.602267 1.097584 0.214787
v 3.089361 1.111936 -1.527192
v 0.726029 1.104764 -2.628864
v 0.273599 1.096874 -0.060923
v 3.126810 1.111089 -1.099832
v 1.129131 1.106772 -2.775641
v 0.027489 1.096682 -0.412306
v 3.052373 1.109791 -0.677343
v 1.556489 1.108624 -2.813086
v -0.119291 1.097021 -0.815412
v 2.871125 1.108131 -0.288515
v 1.978976 1.110193 -2.738645
v -0.156740 1.097869 -1.242772
v 2.595419 1.106222 0.040151
v 1.840939 1.102186 0.433037
v 2.367803 1.111374 -2.557392
v 2.204656 2.063277 -2.721293
v 2.067063 2.055295 0.440161
v 2.793167 2.059485 -0.068408
v -0.224935 2.049257 -1.019588
v 1.778257 2.061832 -2.855677
v 3.033326 2.061361 -0.445498
v -0.128111 2.048632 -0.583123
v 1.331608 2.060033 -2.875121
v 3.167705 2.062916 -0.871898
v 0.078379 2.048555 -0.186590
v 0.895146 2.058004 -2.778300
v 3.187144 2.064043 -1.318550
v 0.380462 2.049030 0.142990
v 0.498616 2.055883 -2.571813
v 3.090320 2.064667 -1.755016
v 0.757552 2.050023 0.383155
v 0.169042 2.053814 -2.269731
v 2.883830 2.064744 -2.151549
v 1.183951 2.051468 0.517538
v -0.071118 2.051939 -1.892641
v 2.597572 1.681595 -2.499008
v 1.634117 1.670450 0.558166
v 2.477888 1.674653 0.250932
v -0.225745 1.667529 -1.470984
v -0.173092 1.859464 -1.691102
v 2.283346 1.864773 0.369553
v 1.406446 1.860697 0.564076
v 2.761076 1.873103 -2.341991
v 0.018291 1.861217 -2.101673
v 0.960331 1.859039 0.485474
v 3.020950 1.873306 -1.970959
v 0.309417 1.863233 -2.448719
v 0.549760 1.857793 0.294085
v 3.175938 1.872948 -1.545311
v 0.680445 1.865374 -2.708590
v 0.202714 1.857043 0.002954
v 3.215480 1.872053 -1.094052
v 1.106088 1.867494 -2.863575
v -0.057160 1.856840 -0.368079
v 3.136883 1.870682 -0.647936
v 1.557345 1.869450 -2.903113
v -0.212148 1.857199 -0.793726
v 2.945499 1.868929 -0.237364
v 2.003459 1.871107 -2.824511
v -0.251690 1.858094 -1.244985
v 2.654373 1.866914 0.109681
v 1.857702 1.862652 0.524538
v 2.414030 1.872353 -2.633122
v 2.060598 2.824658 -2.417214
v 1.949800 2.818230 0.128556
v 2.534497 2.821605 -0.280970
v 0.104163 2.813368 -1.046910
v 1.717239 2.823494 -2.525426
v 2.727887 2.823115 -0.584623
v 0.182131 2.812865 -0.695446
v 1.357572 2.822046 -2.541083
v 2.836095 2.824367 -0.927984
v 0.348407 2.812803 -0.376137
v 1.006111 2.820412 -2.463118
v 2.851749 2.825275 -1.287652
v 0.591660 2.813185 -0.110742
v 0.686805 2.818704 -2.296844
v 2.773781 2.825777 -1.639116
v 0.895313 2.813985 0.082652
v 0.421414 2.817038 -2.053592
v 2.607505 2.825839 -1.958425
v 1.238673 2.815149 0.190864
v 0.228025 2.815528 -1.749939
v 2.508828 2.446197 -2.395189
v 1.619334 2.435906 0.427299
v 2.398331 2.439787 0.143650
v -0.097756 2.433210 -1.446082
v 0.041619 2.625843 -1.620642
v 2.174677 2.630453 0.168736
v 1.413218 2.626913 0.337651
v 2.589517 2.637687 -2.185845
v 0.207808 2.627365 -1.977163
v 1.025832 2.625474 0.269396
v 2.815179 2.637862 -1.863658
v 0.460608 2.629115 -2.278522
v 0.669311 2.624392 0.103203
v 2.949764 2.637551 -1.494043
v 0.782790 2.630975 -2.504182
v 0.367951 2.623741 -0.149601
v 2.984101 2.636775 -1.102192
v 1.152402 2.632816 -2.638765
v 0.142290 2.623564 -0.471788
v 2.915849 2.635584 -0.714804
v 1.544251 2.634514 -2.673098
v 0.007704 2.623876 -0.841403
v 2.749661 2.634062 -0.358283
v 1.931637 2.635953 -2.604842
v -0.026632 2.624653 -1.233255
v 2.496861 2.632312 -0.056924
v 1.805068 2.628611 0.303318
v 2.288157 2.637035 -2.438650
v 1.722057 6.749636 -1.468390
v 1.497097 6.747033 -0.754562
v 1.694111 6.748014 -0.826298
v 1.062832 6.746351 -1.228353
v 1.660850 7.162799 -1.587910
v 1.622662 7.160584 -0.710468
v 1.824187 7.161747 -0.851618
v 0.986532 7.158908 -1.115612
v 1.542505 7.162398 -1.625208
v 1.890842 7.162267 -0.956277
v 1.013405 7.158735 -0.994474
v 1.418540 7.161899 -1.630604
v 1.928138 7.162699 -1.074623
v 1.070715 7.158713 -0.884419
v 1.297404 7.161336 -1.603732
v 1.933533 7.163012 -1.198588
v 1.154556 7.158845 -0.792946
v 1.187350 7.160747 -1.546423
v 1.906660 7.163185 -1.319726
v 1.259215 7.159121 -0.726290
v 1.095878 7.160173 -1.462582
v 1.849351 7.163206 -1.429780
v 1.377560 7.159522 -0.688992
v 1.029224 7.159652 -1.357922
v 1.062574 7.084557 -1.282637
v 1.652967 7.085833 -0.787366
v 1.442209 7.084853 -0.740614
v 1.767788 7.087834 -1.439075
v 1.108571 7.084978 -1.381315
v 1.334986 7.084455 -0.759506
v 1.830248 7.087883 -1.349898
v 1.178542 7.085462 -1.464726
v 1.236308 7.084154 -0.805505
v 1.867498 7.087797 -1.247597
v 1.267718 7.085977 -1.527185
v 1.152897 7.083974 -0.875477
v 1.877002 7.087582 -1.139138
v 1.370018 7.086486 -1.564435
v 1.090437 7.083925 -0.964654
v 1.858111 7.087253 -1.031915
v 1.478476 7.086957 -1.573938
v 1.053187 7.084012 -1.066955
v 1.812113 7.086832 -0.933237
v 1.585697 7.087355 -1.555046
v 1.043683 7.084227 -1.175414
v 1.742142 7.086347 -0.849826
v 1.550667 7.085323 -0.750117
v 1.684377 7.087654 -1.509047
v 1.631270 5.891341 -1.516176
v 1.599705 5.889510 -0.790908
v 1.766280 5.890471 -0.907579
v 1.073899 5.888124 -1.125788
v 1.533450 5.891009 -1.547004
v 1.821375 5.890902 -0.994087
v 1.096111 5.887981 -1.025659
v 1.430984 5.890597 -1.551464
v 1.852202 5.891258 -1.091907
v 1.143482 5.887964 -0.934691
v 1.330856 5.890131 -1.529253
v 1.856661 5.891517 -1.194373
v 1.212783 5.888072 -0.859082
v 1.239889 5.889645 -1.481883
v 1.834450 5.891660 -1.294502
v 1.299290 5.888300 -0.803986
v 1.164281 5.889170 -1.412583
v 1.787078 5.891677 -1.385470
v 1.397110 5.888632 -0.773157
v 1.109186 5.888740 -1.326075
v 1.749427 4.596437 -1.495471
v 1.508496 4.593650 -0.730964
v 1.719498 4.594701 -0.807793
v 1.043401 4.592919 -1.238394
v 1.684580 5.305851 -1.501996
v 1.555139 5.303595 -0.767293
v 1.740502 5.304585 -0.863818
v 1.064339 5.302533 -1.179013
v 1.589052 5.305561 -1.546526
v 1.808240 5.305054 -0.944567
v 1.073540 5.302325 -1.074016
v 1.485253 5.305175 -1.564815
v 1.852769 5.305462 -1.040095
v 1.109601 5.302241 -0.974981
v 1.380257 5.304721 -1.555615
v 1.871057 5.305781 -1.143895
v 1.170067 5.302289 -0.888651
v 1.281223 5.304227 -1.519555
v 1.861856 5.305989 -1.248892
v 1.250816 5.302463 -0.820912
v 1.194894 5.303729 -1.459090
v 1.825795 5.306072 -1.347927
v 1.346343 5.302753 -0.776382
v 1.127156 5.303259 -1.378341
v 1.765329 5.306025 -1.434257
v 1.450143 5.303138 -0.758093
v 1.654173 5.304087 -0.803353
v 1.082627 5.302852 -1.282813
v 1.717778 5.891569 -1.461080
v 1.499576 5.889045 -0.768697
v 1.690671 5.889997 -0.838278
v 1.078358 5.888383 -1.228255
v 1.632869 6.749401 -1.525192
v 1.600326 6.747513 -0.777462
v 1.772060 6.748504 -0.897745
v 1.058234 6.746085 -1.122714
v 1.532018 6.749059 -1.556976
v 1.828861 6.748948 -0.986934
v 1.081135 6.745937 -1.019484
v 1.426379 6.748633 -1.561576
v 1.860644 6.749315 -1.087784
v 1.129972 6.745919 -0.925698
v 1.323150 6.748154 -1.538675
v 1.865242 6.749582 -1.193424
v 1.201419 6.746031 -0.847748
v 1.229365 6.747652 -1.489839
v 1.842341 6.749730 -1.296654
v 1.290608 6.746266 -0.790945
v 1.151417 6.747163 -1.418392
v 1.793504 6.749748 -1.390440
v 1.391458 6.746608 -0.759161
v 1.094615 6.746719 -1.329204
v 1.675955 6.355246 -1.492794
v 1.549075 6.353033 -0.772633
v 1.730769 6.354005 -0.867249
v 1.067991 6.351994 -1.176205
v 1.582318 6.354961 -1.536443
v 1.797167 6.354465 -0.946400
v 1.077009 6.351789 -1.073287
v 1.480572 6.354583 -1.554370
v 1.840814 6.354865 -1.040036
v 1.112356 6.351707 -0.976211
v 1.377656 6.354137 -1.545353
v 1.858741 6.355177 -1.141781
v 1.171626 6.351754 -0.891590
v 1.280581 6.353654 -1.510006
v 1.849722 6.355381 -1.244700
v 1.250777 6.351925 -0.825192
v 1.195962 6.353166 -1.450738
v 1.814375 6.355463 -1.341776
v 1.344413 6.352209 -0.781543
v 1.129565 6.352706 -1.371587
v 1.755106 6.355417 -1.426396
v 1.446159 6.352588 -0.763616
v 1.646150 6.353517 -0.807980
v 1.085917 6.352306 -1.277950
v 1.794445 -0.046969 -0.588951
v 1.935485 -0.046155 -0.687736
v 2.046152 -0.045389 -0.819660
v 2.118902 -0.044723 -0.975731
v 2.148781 -0.044202 -1.145315
v 2.133749 -0.043862 -1.316853
v 2.074833 -0.043725 -1.478655
v 1.976047 -0.043802 -1.619697
v 1.844122 -0.044088 -1.730366
v 1.688052 -0.044561 -1.803118
v 1.518468 -0.045191 -1.832998
v 1.346931 -0.045935 -1.817968
v 1.185131 -0.046741 -1.759053
v 1.044091 -0.047555 -1.660268
v 0.933424 -0.048321 -1.528344
v 0.860673 -0.048987 -1.372273
v 0.830795 -0.049508 -1.202689
v 0.845827 -0.049848 -1.031151
v 0.904743 -0.049985 -0.869349
v 1.003529 -0.049907 -0.728307
v 1.135454 -0.049622 -0.617638
v 1.291524 -0.049149 -0.544886
v 1.461107 -0.048519 -0.515006
v 1.632645 -0.047775 -0.530036
v 0.964662 -0.041169 -1.923698
v 1.176591 -0.040035 -2.034058
v 2.349825 -0.036475 -1.487153
v 2.401573 -0.036808 -1.253879
v 1.103053 -0.044301 -0.344386
v 0.901513 -0.044832 -0.472744
v 0.788517 -0.042275 -1.762248
v 2.239464 -0.036433 -1.699084
v 1.330946 -0.043529 -0.272563
v 0.660162 -0.043277 -1.560708
v 2.078012 -0.036687 -1.875232
v 1.569663 -0.042568 -0.262171
v 2.014863 -0.040350 -0.424277
v 1.802934 -0.041483 -0.313918
v 0.588341 -0.044108 -1.332814
v 1.876473 -0.037218 -2.003590
v 2.191008 -0.039244 -0.585728
v 0.577952 -0.044711 -1.094096
v 1.648579 -0.037990 -2.075413
v 2.319364 -0.038241 -0.787268
v 0.629701 -0.045044 -0.860823
v 1.409863 -0.038951 -2.085804
v 2.391184 -0.037411 -1.015162
v 0.740062 -0.045086 -0.648891
v 1.715361 7.162954 -1.558007
v 1.562973 7.160297 -0.693067
v 1.781196 7.161464 -0.806704
v 0.985173 7.159049 -1.177772
v 1.602898 7.162613 -1.610432
v 1.860940 7.162016 -0.901766
v 0.996003 7.158803 -1.054163
v 1.480700 7.162159 -1.631963
v 1.913363 7.162497 -1.014229
v 1.038457 7.158705 -0.937571
v 1.357092 7.161623 -1.621133
v 1.934893 7.162872 -1.136428
v 1.109642 7.158761 -0.835939
v 1.240501 7.161043 -1.578680
v 1.924062 7.163117 -1.260036
v 1.204704 7.158966 -0.756193
v 1.138870 7.160456 -1.507496
v 1.881608 7.163215 -1.376629
v 1.317167 7.159307 -0.703768
v 1.059126 7.159904 -1.412434
v 1.810423 7.163160 -1.478261
v 1.439366 7.159761 -0.682237
v 1.679565 7.160878 -0.735520
v 1.006702 7.159424 -1.299970
v 0.968770 3.649473 -1.324722
v 1.719439 3.651095 -0.695002
v 1.451465 3.649850 -0.635556
v 1.865430 3.653641 -1.523629
v 1.027256 3.650009 -1.450189
v 1.315135 3.649343 -0.659578
v 1.944845 3.653703 -1.410244
v 1.116221 3.650625 -1.556245
v 1.189669 3.648963 -0.718064
v 1.992208 3.653594 -1.280169
v 1.229605 3.651279 -1.635659
v 1.083613 3.648733 -0.807031
v 2.004293 3.653320 -1.142268
v 1.359678 3.651927 -1.683021
v 1.004199 3.648672 -0.920416
v 1.980273 3.652901 -1.005938
v 1.497578 3.652525 -1.695104
v 0.956835 3.648781 -1.050491
v 1.921788 3.652366 -0.880471
v 1.633908 3.653031 -1.671083
v 0.944751 3.649055 -1.188392
v 1.832822 3.651750 -0.774416
v 1.589365 3.650448 -0.647640
v 1.759375 3.653412 -1.612596
v 2.260334 0.605334 -2.386560
v 2.390387 1.301387 -2.593638
v 2.401061 2.063835 -2.613552
v 2.218753 2.825107 -2.330455
v 1.798856 0.597286 0.232749
v 1.849576 1.291956 0.475951
v 1.852001 2.054261 0.502855
v 1.776622 2.817397 0.179041
v 2.459702 0.600822 -0.111378
v 2.624029 1.296099 0.072665
v 2.638264 2.058467 0.093419
v 2.409763 2.820784 -0.150659
v 0.049095 0.593505 -1.235087
v -0.200983 1.287525 -1.244219
v -0.229832 2.049762 -1.243550
v 0.100219 2.813774 -1.227257
v 1.919763 0.604300 -2.545318
v 1.991268 1.300176 -2.779689
v 1.995854 2.062605 -2.802440
v 1.892460 2.824117 -2.482557
v 2.701194 0.602494 -0.399257
v 2.907033 1.298059 -0.264702
v 2.925587 2.060456 -0.249093
v 2.641130 2.822386 -0.426468
v 0.081896 0.592763 -0.860763
v -0.162543 1.286655 -0.805546
v -0.190807 2.048878 -0.798186
v 0.131645 2.813063 -0.868626
v 1.549706 0.602925 -2.610520
v 1.557597 1.298565 -2.856101
v 1.555568 2.060969 -2.880015
v 1.537919 2.822800 -2.545025
v 2.859948 0.603948 -0.739828
v 3.093079 1.299763 -0.663822
v 3.114470 2.062186 -0.654301
v 2.793228 2.823779 -0.752762
v 0.210460 0.592466 -0.507685
v -0.011878 1.286307 -0.391769
v -0.037843 2.048525 -0.378100
v 0.254819 2.812778 -0.530350
v 1.175385 0.601303 -2.577722
v 1.118926 1.296664 -2.817665
v 1.110207 2.059039 -2.840994
v 1.179290 2.821245 -2.513603
v 2.925146 0.605084 -1.109887
v 3.169486 1.301095 -1.097495
v 3.192040 2.063538 -1.094589
v 2.855692 2.824868 -1.107305
v 0.426027 0.592634 -0.199910
v 0.240748 1.286504 -0.031085
v 0.218635 2.048725 -0.011915
v 0.461349 2.812940 -0.235478
v 0.822310 0.599544 -2.449161
v 0.705154 1.294602 -2.667003
v 0.690124 2.056947 -2.688034
v 0.841017 2.819560 -2.390431
v 2.892345 0.605827 -1.484210
v 3.131046 1.301965 -1.536168
v 3.153015 2.064422 -1.539952
v 2.824267 2.825579 -1.465935
v 0.713907 0.593256 0.041586
v 0.578115 1.287233 0.251924
v 0.561147 2.049465 0.275413
v 0.737158 2.813536 -0.004107
v 0.514538 0.597768 -2.233596
v 0.344474 1.292521 -2.414379
v 0.323944 2.054833 -2.431557
v 0.546149 2.817859 -2.183903
v 2.763781 0.606124 -1.837289
v 2.980381 1.302313 -1.949945
v 3.000052 2.064775 -1.960039
v 2.701093 2.825864 -1.804212
v 1.054478 0.594289 0.200344
v 0.977235 1.288444 0.437975
v 0.966354 2.050695 0.464301
v 1.063452 2.814526 0.147995
v 0.273047 0.596096 -1.945717
v 0.061469 1.290561 -2.077012
v 0.036622 2.052844 -2.089046
v 0.314782 2.816257 -1.908094
v 2.548214 0.605956 -2.145064
v 2.727755 1.302116 -2.310629
v 2.743574 2.064575 -2.326224
v 2.494563 2.825703 -2.099084
v 1.424535 0.595664 0.265547
v 1.410906 1.290056 0.514386
v 1.406641 2.052330 0.541876
v 1.417993 2.815843 0.210463
v 2.151931 0.599046 0.104187
v 2.263349 1.294018 0.325288
v 2.272084 2.056353 0.349895
v 2.114895 2.819082 0.055869
v 0.114293 0.594642 -1.605145
v -0.124576 1.288857 -1.677892
v -0.152261 2.051114 -1.683838
v 0.162683 2.814864 -1.581800
v 2.051981 3.141582 -2.069910
v 1.875067 3.392437 -1.793169
v 1.708601 3.135595 -0.120920
v 1.636655 3.388280 -0.439959
v 2.200327 3.138225 -0.376981
v 1.978066 3.390106 -0.617746
v 0.406631 3.132781 -1.213115
v 0.732678 3.386326 -1.198286
v 1.798567 3.140813 -2.188039
v 1.699118 3.391903 -1.875188
v 2.380018 3.139469 -0.591187
v 2.102828 3.390970 -0.766472
v 0.431037 3.132229 -0.934587
v 0.749624 3.385943 -1.004898
v 1.523213 3.139790 -2.236555
v 1.507937 3.391193 -1.908873
v 2.498144 3.140551 -0.844601
v 2.184844 3.391721 -0.942420
v 0.526700 3.132008 -0.671866
v 0.816043 3.385789 -0.822488
v 1.244687 3.138584 -2.212151
v 1.314551 3.390355 -1.891929
v 2.546657 3.141397 -1.119956
v 2.218528 3.392309 -1.133603
v 0.687100 3.132132 -0.442856
v 0.927412 3.385876 -0.663483
v 0.981968 3.137275 -2.116490
v 1.132143 3.389447 -1.825511
v 2.522251 3.141950 -1.398484
v 2.201582 3.392692 -1.326990
v 0.901307 3.132595 -0.263162
v 1.076138 3.386198 -0.538719
v 0.752961 3.135953 -1.956091
v 0.973139 3.388529 -1.714143
v 2.426588 3.142171 -1.661206
v 2.135162 3.392846 -1.509401
v 1.154721 3.133364 -0.145033
v 1.252087 3.386732 -0.456701
v 0.573270 3.134709 -1.741885
v 0.848377 3.387665 -1.565417
v 2.266188 3.142045 -1.890216
v 2.023793 3.392759 -1.668406
v 1.430075 3.134387 -0.096517
v 1.443269 3.387442 -0.423016
v 1.971320 3.136904 -0.216581
v 1.819062 3.389189 -0.506377
v 0.455144 3.133627 -1.488470
v 0.766361 3.386914 -1.389468
v 0.433979 0.094514 -1.506221
v 0.269950 0.340703 -1.557016
v 2.000190 0.097898 -0.192359
v 2.078111 0.344610 -0.040187
v 1.441083 0.095299 -0.068332
v 1.432633 0.341610 0.103000
v 2.304789 0.103210 -1.921225
v 2.429765 0.350742 -2.036130
v 0.556004 0.095631 -1.767999
v 0.410825 0.341993 -1.859234
v 1.156643 0.094243 -0.118448
v 1.104252 0.340390 0.045141
v 2.470482 0.103339 -1.684656
v 2.621055 0.350891 -1.763016
v 0.741623 0.096916 -1.989273
v 0.625120 0.343477 -2.114692
v 0.894866 0.093448 -0.240477
v 0.802035 0.339472 -0.095738
v 2.569302 0.103111 -1.413265
v 2.735140 0.350628 -1.449701
v 0.978189 0.098281 -2.154965
v 0.898231 0.345053 -2.305980
v 0.673590 0.092970 -0.426100
v 0.546577 0.338920 -0.310037
v 2.594514 0.102540 -1.125545
v 2.764248 0.349970 -1.117533
v 1.249578 0.099633 -2.253783
v 1.211543 0.346613 -2.420063
v 0.507897 0.092841 -0.662668
v 0.355287 0.338771 -0.583151
v 2.544400 0.101666 -0.841104
v 2.706392 0.348960 -0.789151
v 1.537296 0.100880 -2.278993
v 1.543709 0.348054 -2.449167
v 0.409077 0.093069 -0.934059
v 0.241202 0.339036 -0.896466
v 2.422376 0.100548 -0.579326
v 2.565517 0.347670 -0.486933
v 1.821736 0.101937 -2.228876
v 1.872090 0.349273 -2.391308
v 0.383865 0.093640 -1.221779
v 0.212094 0.339694 -1.228634
v 2.236756 0.099263 -0.358051
v 2.351222 0.346186 -0.231475
v 1.728802 0.096546 -0.093541
v 1.764799 0.343049 0.073896
v 2.083513 0.102732 -2.106848
v 2.174306 0.350190 -2.250429
v -0.025432 0.911947 -1.648022
v 2.217649 0.916795 0.233652
v 1.416913 0.913072 0.411280
v 2.653886 0.924402 -2.242378
v 0.149328 0.913548 -2.022932
v 1.009546 0.911559 0.339504
v 2.891187 0.924587 -1.903572
v 0.415167 0.915388 -2.339836
v 0.634636 0.910421 0.164739
v 3.032714 0.924260 -1.514894
v 0.753969 0.917343 -2.577135
v 0.317732 0.909736 -0.101105
v 3.068822 0.923442 -1.102830
v 1.142643 0.919280 -2.718659
v 0.080431 0.909551 -0.439911
v 2.997050 0.922191 -0.695461
v 1.554705 0.921066 -2.754764
v -0.061096 0.909878 -0.828589
v 2.822289 0.920590 -0.320551
v 1.962071 0.922579 -2.682987
v -0.097205 0.910696 -1.240653
v 2.556450 0.918750 -0.003647
v 1.828974 0.914858 0.375176
v 2.336981 0.923717 -2.508222
v -0.171821 1.668270 -1.691398
v 2.283902 1.673577 0.368657
v 1.407257 1.669502 0.563124
v 2.761494 1.681905 -2.342099
v 0.019506 1.670022 -2.101850
v 0.961273 1.667845 0.484543
v 3.021291 1.682108 -1.971174
v 0.310547 1.672037 -2.448796
v 0.550821 1.666599 0.293211
v 3.176234 1.681748 -1.545650
v 0.681467 1.674178 -2.708591
v 0.203875 1.665849 0.002165
v 3.215766 1.680855 -1.094522
v 1.106987 1.676296 -2.863530
v -0.055923 1.665647 -0.368760
v 3.137190 1.679484 -0.648536
v 1.558112 1.678251 -2.903058
v -0.210865 1.666004 -0.794284
v 2.945863 1.677732 -0.238084
v 2.004096 1.679909 -2.824477
v -0.250397 1.666898 -1.245412
v 2.654822 1.675716 0.108862
v 1.858382 1.671457 0.523596
v 2.414548 1.681155 -2.633145
v -0.047971 2.433893 -1.649576
v 2.219238 2.438793 0.252338
v 1.409889 2.435031 0.431877
v 2.660167 2.446482 -2.250325
v 0.128669 2.435511 -2.028518
v 0.998140 2.433501 0.359328
v 2.900021 2.446669 -1.907875
v 0.397368 2.437371 -2.348832
v 0.619198 2.432351 0.182683
v 3.043070 2.446337 -1.515016
v 0.739813 2.439348 -2.588683
v 0.298884 2.431659 -0.086020
v 3.079566 2.445512 -1.098520
v 1.132669 2.441304 -2.731729
v 0.059031 2.431472 -0.428470
v 3.007022 2.444247 -0.686769
v 1.549163 2.443110 -2.768222
v -0.084019 2.431802 -0.821329
v 2.830382 2.442629 -0.307827
v 1.960911 2.444639 -2.695673
v -0.120515 2.432628 -1.237826
v 2.561683 2.440769 0.012486
v 1.826382 2.436835 0.395384
v 2.339853 2.445790 -2.519029
v 1.075423 6.746524 -1.279819
v 1.648816 6.747763 -0.798811
v 1.444127 6.746811 -0.753405
v 1.760331 6.749708 -1.431752
v 1.120097 6.746933 -1.375657
v 1.339993 6.746425 -0.771752
v 1.820992 6.749755 -1.345144
v 1.188053 6.747404 -1.456666
v 1.244154 6.746134 -0.816428
v 1.857170 6.749671 -1.245789
v 1.274660 6.747903 -1.517326
v 1.163145 6.745959 -0.884385
v 1.866400 6.749463 -1.140453
v 1.374015 6.748398 -1.553503
v 1.102484 6.745912 -0.970993
v 1.848053 6.749143 -1.036319
v 1.479349 6.748855 -1.562732
v 1.066307 6.745995 -1.070349
v 1.803379 6.748734 -0.940480
v 1.583483 6.749242 -1.544385
v 1.057077 6.746204 -1.175684
v 1.735423 6.748263 -0.859472
v 1.549461 6.747268 -0.762634
v 1.679322 6.749533 -1.499710
v 1.703659 4.596327 -1.529015
v 1.564578 4.593902 -0.739609
v 1.763744 4.594967 -0.843321
v 1.037235 4.592762 -1.181985
v 1.601017 4.596015 -1.576862
v 1.836525 4.595471 -0.930082
v 1.047121 4.592538 -1.069171
v 1.489490 4.595601 -1.596512
v 1.884370 4.595909 -1.032724
v 1.085868 4.592449 -0.962760
v 1.376677 4.595112 -1.586628
v 1.904019 4.596251 -1.144252
v 1.150835 4.592499 -0.870003
v 1.270267 4.594582 -1.547882
v 1.894134 4.596475 -1.257065
v 1.237596 4.592687 -0.797221
v 1.177511 4.594047 -1.482915
v 1.855387 4.596565 -1.363476
v 1.340238 4.592998 -0.749374
v 1.104730 4.593543 -1.396155
v 1.790420 4.596514 -1.456233
v 1.451765 4.593412 -0.729724
v 1.670988 4.594431 -0.778355
v 1.056885 4.593104 -1.293512
v 1.676327 5.891469 -1.491458
v 1.550368 5.889273 -0.776525
v 1.730744 5.890238 -0.870453
v 1.072774 5.888241 -1.177167
v 1.583368 5.891187 -1.534791
v 1.796658 5.890694 -0.949029
v 1.081728 5.888038 -1.074996
v 1.482363 5.890812 -1.552589
v 1.839990 5.891091 -1.041988
v 1.116818 5.887957 -0.978625
v 1.380192 5.890369 -1.543637
v 1.857786 5.891401 -1.142994
v 1.175657 5.888003 -0.894618
v 1.283822 5.889889 -1.508546
v 1.848833 5.891604 -1.245166
v 1.254233 5.888173 -0.828703
v 1.199816 5.889404 -1.449708
v 1.813742 5.891685 -1.341536
v 1.347192 5.888455 -0.785370
v 1.133903 5.888948 -1.371132
v 1.754903 5.891639 -1.425544
v 1.448197 5.888830 -0.767573
v 1.646738 5.889752 -0.811615
v 1.090570 5.888551 -1.278173
v 1.070568 -0.040699 -1.978991
v 2.375823 -0.036737 -1.370544
v 1.002215 -0.044664 -0.408458
v 0.876504 -0.041819 -1.843067
v 2.294757 -0.036550 -1.593177
v 1.216962 -0.044012 -0.308353
v 0.724233 -0.042873 -1.661547
v 2.158832 -0.036656 -1.787244
v 1.450299 -0.043145 -0.267240
v 1.908958 -0.041013 -0.368985
v 0.624131 -0.043790 -1.446799
v 1.977311 -0.037048 -1.939518
v 1.686327 -0.042122 -0.287920
v 2.103022 -0.039893 -0.504909
v 0.583020 -0.044507 -1.213461
v 1.762564 -0.037700 -2.039623
v 2.255294 -0.038839 -0.686429
v 0.603703 -0.044975 -0.977432
v 1.529227 -0.038567 -2.080736
v 2.355396 -0.037922 -0.901177
v 0.684769 -0.045162 -0.754798
v 1.293200 -0.039590 -2.060055
v 2.396506 -0.037205 -1.134515
v 0.820694 -0.045056 -0.560732
v 1.489788 -0.046856 -1.174002
vt 0.640415 0.330183
vt 0.634549 0.329754
vt 0.635566 0.317919
vt 0.641670 0.318354
vt 0.628656 0.329403
vt 0.629470 0.317573
vt 0.630177 0.307018
vt 0.636494 0.307387
vt 0.642810 0.307756
vt 0.855545 0.333366
vt 0.850156 0.333690
vt 0.853273 0.322803
vt 0.859106 0.324210
vt 0.844713 0.332773
vt 0.847385 0.321509
vt 0.850047 0.311348
vt 0.856357 0.313201
vt 0.862667 0.315054
vt 0.558258 0.330668
vt 0.552635 0.331305
vt 0.550952 0.319757
vt 0.556951 0.319003
vt 0.547129 0.332031
vt 0.545003 0.320677
vt 0.542825 0.310382
vt 0.549229 0.309435
vt 0.555632 0.308488
vt 0.774627 0.328748
vt 0.768736 0.328874
vt 0.768548 0.317135
vt 0.774577 0.317000
vt 0.762862 0.329070
vt 0.762522 0.317330
vt 0.762163 0.306861
vt 0.768322 0.306703
vt 0.774481 0.306545
vt 0.652008 0.331288
vt 0.646242 0.330693
vt 0.647781 0.318911
vt 0.653878 0.319595
vt 0.649234 0.308415
vt 0.655658 0.309074
vt 0.569741 0.329691
vt 0.563967 0.330131
vt 0.562973 0.318416
vt 0.569008 0.317952
vt 0.561953 0.307962
vt 0.568273 0.307436
vt 0.786443 0.328697
vt 0.780530 0.328689
vt 0.780614 0.316925
vt 0.786658 0.316912
vt 0.780645 0.306474
vt 0.786809 0.306402
vt 0.663260 0.332773
vt 0.657690 0.331975
vt 0.659941 0.320458
vt 0.665933 0.321509
vt 0.662126 0.310211
vt 0.668594 0.311348
vt 0.581410 0.329069
vt 0.575559 0.329340
vt 0.575039 0.317600
vt 0.581070 0.317330
vt 0.574492 0.307149
vt 0.580711 0.306861
vt 0.798282 0.328915
vt 0.792361 0.328772
vt 0.792711 0.316980
vt 0.798772 0.317114
vt 0.792995 0.306505
vt 0.799180 0.306608
vt 0.674092 0.333366
vt 0.668703 0.333690
vt 0.671821 0.322803
vt 0.677654 0.324210
vt 0.674905 0.313201
vt 0.681215 0.315054
vt 0.593175 0.328748
vt 0.587284 0.328874
vt 0.587096 0.317135
vt 0.593126 0.317000
vt 0.586870 0.306703
vt 0.593029 0.306545
vt 0.810108 0.329403
vt 0.804199 0.329124
vt 0.804842 0.317311
vt 0.810922 0.317573
vt 0.805404 0.306813
vt 0.811629 0.307018
vt 0.728581 0.332031
vt 0.723207 0.332826
vt 0.720569 0.321807
vt 0.726455 0.320677
vt 0.718005 0.332414
vt 0.714721 0.323031
vt 0.711436 0.313648
vt 0.717857 0.312015
vt 0.724277 0.310381
vt 0.604991 0.328697
vt 0.599078 0.328689
vt 0.599162 0.316925
vt 0.605206 0.316912
vt 0.599193 0.306473
vt 0.605357 0.306402
vt 0.821868 0.330183
vt 0.816001 0.329754
vt 0.817018 0.317919
vt 0.823122 0.318354
vt 0.817946 0.307387
vt 0.824262 0.307756
vt 0.739710 0.330668
vt 0.734087 0.331305
vt 0.732404 0.319757
vt 0.738403 0.319003
vt 0.730681 0.309435
vt 0.737084 0.308488
vt 0.616830 0.328915
vt 0.610909 0.328772
vt 0.611259 0.316980
vt 0.617320 0.317114
vt 0.611543 0.306505
vt 0.617728 0.306608
vt 0.833460 0.331289
vt 0.827694 0.330693
vt 0.829233 0.318911
vt 0.835330 0.319595
vt 0.830686 0.308415
vt 0.837110 0.309074
vt 0.751193 0.329691
vt 0.745420 0.330131
vt 0.744425 0.318416
vt 0.750460 0.317952
vt 0.743405 0.307962
vt 0.749725 0.307436
vt 0.622747 0.329124
vt 0.623390 0.317311
vt 0.623952 0.306813
vt 0.839143 0.331975
vt 0.841393 0.320458
vt 0.843579 0.310211
vt 0.541755 0.332825
vt 0.539117 0.321807
vt 0.536554 0.332414
vt 0.533269 0.323031
vt 0.529984 0.313648
vt 0.536405 0.312015
vt 0.757011 0.329340
vt 0.756491 0.317600
vt 0.755944 0.307149
vt 0.741936 0.762168
vt 0.734408 0.761538
vt 0.736223 0.742557
vt 0.743456 0.743101
vt 0.726879 0.760907
vt 0.728997 0.741912
vt 0.732735 0.701204
vt 0.739533 0.701769
vt 0.746350 0.702250
vt 0.515157 0.756424
vt 0.507697 0.754559
vt 0.511770 0.737178
vt 0.518863 0.737984
vt 0.500237 0.752695
vt 0.504493 0.738690
vt 0.508748 0.724685
vt 0.517701 0.699326
vt 0.524473 0.697996
vt 0.847339 0.759213
vt 0.839705 0.760210
vt 0.837490 0.741424
vt 0.844665 0.740481
vt 0.832071 0.761208
vt 0.830285 0.742218
vt 0.828271 0.701746
vt 0.834982 0.701131
vt 0.841638 0.700415
vt 0.620400 0.763165
vt 0.612913 0.763330
vt 0.612677 0.744262
vt 0.619911 0.744064
vt 0.605427 0.763494
vt 0.605441 0.744377
vt 0.605975 0.703461
vt 0.612819 0.703385
vt 0.619653 0.703230
vt 0.719312 0.759987
vt 0.721781 0.741142
vt 0.711745 0.759067
vt 0.714585 0.740249
vt 0.719230 0.699804
vt 0.725964 0.700551
vt 0.824486 0.761829
vt 0.823063 0.742856
vt 0.816901 0.762450
vt 0.815831 0.743373
vt 0.814734 0.702672
vt 0.821518 0.702258
vt 0.597939 0.763495
vt 0.598201 0.744402
vt 0.590451 0.763495
vt 0.590959 0.744338
vt 0.592273 0.703379
vt 0.599126 0.703460
vt 0.704177 0.757746
vt 0.707423 0.739196
vt 0.696609 0.756424
vt 0.700315 0.737984
vt 0.705925 0.697996
vt 0.712546 0.698958
vt 0.809376 0.762808
vt 0.808598 0.743767
vt 0.801852 0.763165
vt 0.801363 0.744064
vt 0.801105 0.703230
vt 0.807928 0.702994
vt 0.582961 0.763250
vt 0.583716 0.744163
vt 0.575472 0.763004
vt 0.576475 0.743899
vt 0.578571 0.702971
vt 0.585421 0.703215
vt 0.689149 0.754559
vt 0.693222 0.737178
vt 0.681689 0.752695
vt 0.685945 0.738690
vt 0.690200 0.724685
vt 0.699153 0.699326
vt 0.794366 0.763330
vt 0.794129 0.744262
vt 0.786879 0.763494
vt 0.786893 0.744377
vt 0.787427 0.703461
vt 0.794271 0.703385
vt 0.567978 0.762586
vt 0.569238 0.743543
vt 0.560484 0.762168
vt 0.562004 0.743101
vt 0.564898 0.702250
vt 0.571730 0.702649
vt 0.681215 0.756139
vt 0.673551 0.757676
vt 0.670366 0.739954
vt 0.677542 0.741726
vt 0.665887 0.759213
vt 0.663213 0.740481
vt 0.660186 0.700415
vt 0.666825 0.701987
vt 0.673869 0.727313
vt 0.779391 0.763495
vt 0.779653 0.744402
vt 0.771903 0.763495
vt 0.772411 0.744338
vt 0.773725 0.703379
vt 0.780578 0.703460
vt 0.552955 0.761538
vt 0.554771 0.742557
vt 0.545427 0.760907
vt 0.547545 0.741912
vt 0.551283 0.701204
vt 0.558081 0.701769
vt 0.658253 0.760211
vt 0.656038 0.741424
vt 0.650618 0.761208
vt 0.648833 0.742218
vt 0.646819 0.701746
vt 0.653529 0.701131
vt 0.764414 0.763250
vt 0.765168 0.744163
vt 0.756924 0.763004
vt 0.757927 0.743899
vt 0.760024 0.702971
vt 0.766873 0.703215
vt 0.537860 0.759987
vt 0.540329 0.741142
vt 0.530292 0.759067
vt 0.533133 0.740249
vt 0.537778 0.699804
vt 0.544512 0.700551
vt 0.643034 0.761829
vt 0.641611 0.742856
vt 0.635449 0.762450
vt 0.634379 0.743373
vt 0.633282 0.702672
vt 0.640066 0.702258
vt 0.749430 0.762586
vt 0.750690 0.743543
vt 0.753182 0.702649
vt 0.522725 0.757746
vt 0.525971 0.739196
vt 0.531094 0.698958
vt 0.862668 0.756139
vt 0.855003 0.757676
vt 0.851818 0.739954
vt 0.858994 0.741726
vt 0.848277 0.701987
vt 0.855321 0.727314
vt 0.627924 0.762808
vt 0.627146 0.743767
vt 0.626476 0.702994
vt 0.409222 0.769224
vt 0.409206 0.789879
vt 0.391599 0.790215
vt 0.391753 0.768795
vt 0.410126 0.810730
vt 0.392321 0.811863
vt 0.373488 0.812781
vt 0.373013 0.790405
vt 0.373317 0.768286
vt 0.331430 0.766974
vt 0.330783 0.790283
vt 0.309637 0.789905
vt 0.310449 0.766232
vt 0.330611 0.813890
vt 0.309112 0.813882
vt 0.288164 0.813471
vt 0.289042 0.789317
vt 0.290007 0.765462
vt 0.249950 0.763889
vt 0.248727 0.787572
vt 0.228609 0.786411
vt 0.229928 0.763090
vt 0.247169 0.811514
vt 0.226746 0.809955
vt 0.206036 0.807969
vt 0.208170 0.785034
vt 0.209559 0.762278
vt 0.165851 0.760569
vt 0.164424 0.781434
vt 0.139963 0.779071
vt 0.141336 0.759650
vt 0.161908 0.802361
vt 0.137381 0.798490
vt 0.112444 0.794124
vt 0.114987 0.776466
vt 0.116258 0.758751
vt 0.929400 0.033732
vt 0.923868 0.054508
vt 0.906393 0.049584
vt 0.912162 0.027860
vt 0.918842 0.075027
vt 0.901394 0.071190
vt 0.882686 0.067474
vt 0.887572 0.044794
vt 0.894925 0.021989
vt 0.846668 0.009812
vt 0.842838 0.035656
vt 0.819934 0.032306
vt 0.823018 0.006281
vt 0.839268 0.060436
vt 0.817124 0.057774
vt 0.795320 0.055855
vt 0.797262 0.029859
vt 0.799368 0.002749
vt 0.752089 0.000237
vt 0.752060 0.027973
vt 0.729174 0.028778
vt 0.727847 0.002057
vt 0.752086 0.054289
vt 0.730286 0.054753
vt 0.708077 0.056142
vt 0.705892 0.030751
vt 0.703604 0.003876
vt 0.652864 0.014339
vt 0.656659 0.039326
vt 0.629703 0.046690
vt 0.623905 0.025254
vt 0.660774 0.062343
vt 0.634690 0.067650
vt 0.608448 0.074141
vt 0.602861 0.055470
vt 0.594946 0.036168
vt 0.410126 0.198400
vt 0.412036 0.219512
vt 0.393970 0.221512
vt 0.392321 0.199534
vt 0.415048 0.240946
vt 0.396667 0.243932
vt 0.377031 0.246554
vt 0.374788 0.223225
vt 0.373488 0.200452
vt 0.330611 0.201561
vt 0.330937 0.225675
vt 0.308886 0.226069
vt 0.309112 0.201553
vt 0.331841 0.250534
vt 0.309011 0.251390
vt 0.286683 0.251399
vt 0.287368 0.225848
vt 0.288164 0.201142
vt 0.247169 0.199185
vt 0.245240 0.223652
vt 0.224288 0.221648
vt 0.226746 0.197626
vt 0.242901 0.248959
vt 0.221164 0.246440
vt 0.199250 0.242984
vt 0.203097 0.218980
vt 0.206036 0.195640
vt 0.161908 0.190031
vt 0.158232 0.211165
vt 0.133526 0.205667
vt 0.137381 0.186161
vt 0.153268 0.232656
vt 0.128279 0.225338
vt 0.103290 0.217038
vt 0.108577 0.199424
vt 0.112444 0.181794
vt 0.418842 0.381192
vt 0.414889 0.401646
vt 0.397500 0.398784
vt 0.401395 0.377355
vt 0.412025 0.422082
vt 0.394659 0.420087
vt 0.376253 0.418129
vt 0.378982 0.396008
vt 0.382686 0.373639
vt 0.339268 0.366600
vt 0.336388 0.390694
vt 0.314821 0.388638
vt 0.317124 0.363938
vt 0.334183 0.414291
vt 0.312994 0.412736
vt 0.292280 0.411519
vt 0.293671 0.387115
vt 0.295320 0.362020
vt 0.252086 0.360453
vt 0.251922 0.385698
vt 0.230931 0.385861
vt 0.230287 0.360917
vt 0.251522 0.410128
vt 0.231076 0.409984
vt 0.210247 0.410245
vt 0.209542 0.386668
vt 0.208077 0.362306
vt 0.160774 0.368508
vt 0.163772 0.390684
vt 0.138300 0.394247
vt 0.134690 0.373814
vt 0.165552 0.412271
vt 0.140539 0.414260
vt 0.115032 0.416822
vt 0.112461 0.398680
vt 0.108449 0.380305
vt 0.412025 0.728246
vt 0.410153 0.748699
vt 0.392763 0.747505
vt 0.394659 0.726251
vt 0.374385 0.746291
vt 0.376253 0.724294
vt 0.334183 0.720456
vt 0.332550 0.743763
vt 0.311555 0.742636
vt 0.312994 0.718901
vt 0.291074 0.741664
vt 0.292280 0.717684
vt 0.251522 0.716293
vt 0.250873 0.740214
vt 0.230744 0.739751
vt 0.231076 0.716148
vt 0.210249 0.739478
vt 0.210247 0.716409
vt 0.165552 0.718436
vt 0.166230 0.739622
vt 0.141534 0.740135
vt 0.140539 0.720425
vt 0.116281 0.740939
vt 0.115033 0.722986
vt 0.409222 0.156895
vt 0.409206 0.177550
vt 0.391599 0.177886
vt 0.391753 0.156466
vt 0.373013 0.178076
vt 0.373317 0.155957
vt 0.331430 0.154645
vt 0.330783 0.177954
vt 0.309637 0.177576
vt 0.310449 0.153902
vt 0.289042 0.176988
vt 0.290007 0.153133
vt 0.249950 0.151560
vt 0.248727 0.175242
vt 0.228609 0.174082
vt 0.229928 0.150761
vt 0.208170 0.172705
vt 0.209559 0.149949
vt 0.165851 0.148240
vt 0.164424 0.169104
vt 0.139963 0.166741
vt 0.141336 0.147321
vt 0.114988 0.164137
vt 0.116258 0.146421
vt 0.429400 0.339896
vt 0.423868 0.360673
vt 0.406393 0.355749
vt 0.412162 0.334025
vt 0.387573 0.350959
vt 0.394925 0.328154
vt 0.346668 0.315977
vt 0.342838 0.341821
vt 0.319934 0.338471
vt 0.323018 0.312446
vt 0.297262 0.336024
vt 0.299368 0.308914
vt 0.252089 0.306402
vt 0.252060 0.334138
vt 0.229175 0.334942
vt 0.227847 0.308221
vt 0.205892 0.336915
vt 0.203604 0.310041
vt 0.152864 0.320504
vt 0.156659 0.345490
vt 0.129703 0.352855
vt 0.123905 0.331418
vt 0.102861 0.361634
vt 0.094946 0.342333
vt 0.418842 0.687357
vt 0.414889 0.707811
vt 0.397500 0.704949
vt 0.401395 0.683519
vt 0.378982 0.702172
vt 0.382687 0.679804
vt 0.339268 0.672765
vt 0.336388 0.696859
vt 0.314821 0.694803
vt 0.317124 0.670103
vt 0.293672 0.693280
vt 0.295320 0.668184
vt 0.252087 0.666618
vt 0.251922 0.691863
vt 0.230931 0.692026
vt 0.230287 0.667082
vt 0.209543 0.692832
vt 0.208077 0.668471
vt 0.160775 0.674672
vt 0.163772 0.696848
vt 0.138300 0.700412
vt 0.134691 0.679979
vt 0.112461 0.704844
vt 0.108449 0.686469
vt 0.412026 0.115917
vt 0.410153 0.136370
vt 0.392763 0.135175
vt 0.394659 0.113922
vt 0.374385 0.133962
vt 0.376253 0.111965
vt 0.334183 0.108126
vt 0.332550 0.131433
vt 0.311555 0.130307
vt 0.312994 0.106571
vt 0.291074 0.129335
vt 0.292280 0.105354
vt 0.251522 0.103964
vt 0.250873 0.127885
vt 0.230744 0.127422
vt 0.231076 0.103819
vt 0.210249 0.127149
vt 0.210247 0.104080
vt 0.165552 0.106106
vt 0.166230 0.127292
vt 0.141534 0.127806
vt 0.140539 0.108095
vt 0.116281 0.128610
vt 0.115033 0.110657
vt 0.915048 0.240946
vt 0.919161 0.262758
vt 0.900474 0.266853
vt 0.896667 0.243931
vt 0.923801 0.285116
vt 0.905061 0.290110
vt 0.886320 0.295104
vt 0.880433 0.270536
vt 0.877031 0.246553
vt 0.831841 0.250534
vt 0.833312 0.276341
vt 0.809497 0.277696
vt 0.809011 0.251390
vt 0.834818 0.303462
vt 0.810147 0.304695
vt 0.785476 0.305927
vt 0.786109 0.278020
vt 0.786683 0.251399
vt 0.742902 0.248959
vt 0.740148 0.275368
vt 0.717371 0.272214
vt 0.721165 0.246440
vt 0.737080 0.303248
vt 0.713207 0.298707
vt 0.689333 0.294165
vt 0.694497 0.267887
vt 0.699250 0.242984
vt 0.653268 0.232657
vt 0.647084 0.254732
vt 0.621636 0.245258
vt 0.628279 0.225339
vt 0.640877 0.278515
vt 0.614154 0.265457
vt 0.587431 0.252399
vt 0.596473 0.234654
vt 0.603290 0.217039
vt 0.429400 0.646061
vt 0.423869 0.666838
vt 0.406393 0.661914
vt 0.412163 0.640190
vt 0.387573 0.657124
vt 0.394925 0.634319
vt 0.346668 0.622142
vt 0.342838 0.647986
vt 0.319934 0.644635
vt 0.323018 0.618610
vt 0.297262 0.642188
vt 0.299368 0.615079
vt 0.252090 0.612566
vt 0.252060 0.640302
vt 0.229175 0.641107
vt 0.227847 0.614386
vt 0.205892 0.643080
vt 0.203604 0.616205
vt 0.152864 0.626668
vt 0.156659 0.651655
vt 0.129704 0.659019
vt 0.123905 0.637583
vt 0.102861 0.667799
vt 0.094946 0.648497
vt 0.418842 0.075028
vt 0.414889 0.095482
vt 0.397500 0.092620
vt 0.401395 0.071190
vt 0.378982 0.089843
vt 0.382687 0.067475
vt 0.339269 0.060436
vt 0.336388 0.084530
vt 0.314821 0.082473
vt 0.317124 0.057774
vt 0.293672 0.080950
vt 0.295320 0.055855
vt 0.252087 0.054289
vt 0.251922 0.079534
vt 0.230931 0.079696
vt 0.230287 0.054753
vt 0.209543 0.080503
vt 0.208077 0.056141
vt 0.160775 0.062343
vt 0.163772 0.084519
vt 0.138300 0.088082
vt 0.134691 0.067649
vt 0.112461 0.092515
vt 0.108449 0.074140
vt 0.910126 0.198400
vt 0.912035 0.219511
vt 0.893970 0.221512
vt 0.892321 0.199534
vt 0.874788 0.223225
vt 0.873488 0.200451
vt 0.830611 0.201561
vt 0.830938 0.225675
vt 0.808886 0.226069
vt 0.809112 0.201553
vt 0.787369 0.225848
vt 0.788164 0.201142
vt 0.747169 0.199185
vt 0.745240 0.223652
vt 0.724289 0.221648
vt 0.726746 0.197626
vt 0.703097 0.218980
vt 0.706037 0.195640
vt 0.661908 0.190032
vt 0.658233 0.211166
vt 0.633526 0.205668
vt 0.637381 0.186161
vt 0.608577 0.199425
vt 0.612444 0.181795
vt 0.415048 0.547110
vt 0.419161 0.568923
vt 0.400474 0.573018
vt 0.396667 0.550096
vt 0.423801 0.591281
vt 0.405061 0.596275
vt 0.386320 0.601269
vt 0.380433 0.576701
vt 0.377031 0.552718
vt 0.331841 0.556698
vt 0.333312 0.582506
vt 0.309497 0.583860
vt 0.309011 0.557555
vt 0.334817 0.609627
vt 0.310147 0.610860
vt 0.285476 0.612092
vt 0.286109 0.584184
vt 0.286683 0.557563
vt 0.242901 0.555124
vt 0.240148 0.581532
vt 0.217371 0.578379
vt 0.221165 0.552605
vt 0.237080 0.609413
vt 0.213206 0.604872
vt 0.189333 0.600330
vt 0.194497 0.574051
vt 0.199250 0.549149
vt 0.153268 0.538821
vt 0.147084 0.560897
vt 0.121636 0.551423
vt 0.128279 0.531503
vt 0.140877 0.584679
vt 0.114154 0.571621
vt 0.087431 0.558563
vt 0.096473 0.540818
vt 0.103290 0.523203
vt 0.429400 0.033732
vt 0.423869 0.054508
vt 0.406393 0.049584
vt 0.412163 0.027861
vt 0.387573 0.044794
vt 0.394925 0.021990
vt 0.346668 0.009813
vt 0.342838 0.035657
vt 0.319934 0.032306
vt 0.323018 0.006281
vt 0.297262 0.029859
vt 0.299368 0.002750
vt 0.252090 0.000237
vt 0.252061 0.027973
vt 0.229175 0.028778
vt 0.227847 0.002057
vt 0.205892 0.030751
vt 0.203604 0.003876
vt 0.152864 0.014339
vt 0.156659 0.039325
vt 0.129704 0.046690
vt 0.123905 0.025253
vt 0.102862 0.055469
vt 0.094946 0.036168
vt 0.909222 0.156894
vt 0.909205 0.177549
vt 0.891599 0.177886
vt 0.891753 0.156466
vt 0.873013 0.178075
vt 0.873317 0.155957
vt 0.831430 0.154645
vt 0.830783 0.177954
vt 0.809637 0.177576
vt 0.810449 0.153902
vt 0.789042 0.176988
vt 0.790007 0.153133
vt 0.749950 0.151560
vt 0.748727 0.175243
vt 0.728608 0.174082
vt 0.729928 0.150761
vt 0.708170 0.172705
vt 0.709559 0.149949
vt 0.665851 0.148241
vt 0.664424 0.169105
vt 0.639963 0.166742
vt 0.641335 0.147321
vt 0.614987 0.164137
vt 0.616257 0.146422
vt 0.410126 0.504565
vt 0.412036 0.525676
vt 0.393970 0.527677
vt 0.392321 0.505699
vt 0.374788 0.529389
vt 0.373488 0.506616
vt 0.330611 0.507725
vt 0.330937 0.531839
vt 0.308886 0.532233
vt 0.309112 0.507718
vt 0.287369 0.532013
vt 0.288164 0.507307
vt 0.247169 0.505350
vt 0.245240 0.529817
vt 0.224288 0.527812
vt 0.226746 0.503791
vt 0.199250 0.549149
vt 0.203097 0.525145
vt 0.206036 0.501805
vt 0.161908 0.496196
vt 0.158233 0.517330
vt 0.133526 0.511832
vt 0.137381 0.492326
vt 0.108577 0.505590
vt 0.112444 0.487959
vt 0.415048 0.853275
vt 0.419161 0.875087
vt 0.400474 0.879183
vt 0.396667 0.856261
vt 0.423801 0.897446
vt 0.405061 0.902440
vt 0.386320 0.907434
vt 0.380433 0.882865
vt 0.377031 0.858883
vt 0.331841 0.862863
vt 0.333312 0.888671
vt 0.309496 0.890025
vt 0.309011 0.863720
vt 0.334817 0.915791
vt 0.310146 0.917024
vt 0.285475 0.918257
vt 0.286109 0.890349
vt 0.286683 0.863728
vt 0.242901 0.861288
vt 0.240148 0.887697
vt 0.217371 0.884543
vt 0.221164 0.858770
vt 0.237080 0.915578
vt 0.213206 0.911036
vt 0.189333 0.906494
vt 0.194497 0.880216
vt 0.199250 0.855313
vt 0.153268 0.844986
vt 0.147084 0.867061
vt 0.121636 0.857587
vt 0.128279 0.837668
vt 0.140877 0.890844
vt 0.114154 0.877786
vt 0.087431 0.864727
vt 0.096473 0.846983
vt 0.103290 0.829367
vt 0.912025 0.115917
vt 0.910153 0.136370
vt 0.892763 0.135175
vt 0.894659 0.113922
vt 0.874385 0.133961
vt 0.876253 0.111964
vt 0.834183 0.108126
vt 0.832550 0.131433
vt 0.811555 0.130307
vt 0.812994 0.106571
vt 0.791074 0.129335
vt 0.792280 0.105354
vt 0.751522 0.103964
vt 0.750873 0.127885
vt 0.730744 0.127422
vt 0.731076 0.103819
vt 0.710248 0.127149
vt 0.710247 0.104080
vt 0.665551 0.106107
vt 0.666230 0.127293
vt 0.641534 0.127807
vt 0.640539 0.108096
vt 0.616280 0.128610
vt 0.615032 0.110657
vt 0.409222 0.463059
vt 0.409206 0.483714
vt 0.391599 0.484051
vt 0.391753 0.462631
vt 0.373013 0.484240
vt 0.373317 0.462121
vt 0.331430 0.460810
vt 0.330783 0.484119
vt 0.309637 0.483741
vt 0.310449 0.460067
vt 0.289042 0.483153
vt 0.290007 0.459298
vt 0.249950 0.457725
vt 0.248727 0.481407
vt 0.228609 0.480246
vt 0.229928 0.456926
vt 0.208170 0.478870
vt 0.209559 0.456114
vt 0.165851 0.454405
vt 0.164424 0.475269
vt 0.139963 0.472906
vt 0.141335 0.453486
vt 0.114987 0.470302
vt 0.116258 0.452586
vt 0.412036 0.831841
vt 0.393970 0.833842
vt 0.374788 0.835554
vt 0.330937 0.838004
vt 0.308886 0.838398
vt 0.287368 0.838178
vt 0.245240 0.835982
vt 0.224288 0.833977
vt 0.203097 0.831309
vt 0.158232 0.823495
vt 0.133526 0.817996
vt 0.108577 0.811754
vt 0.914889 0.095482
vt 0.897500 0.092619
vt 0.878982 0.089843
vt 0.836388 0.084530
vt 0.814821 0.082473
vt 0.793671 0.080950
vt 0.751922 0.079534
vt 0.730931 0.079696
vt 0.709542 0.080503
vt 0.663772 0.084519
vt 0.638300 0.088083
vt 0.612461 0.092515
vt 0.419161 0.262758
vt 0.400474 0.266854
vt 0.423801 0.285117
vt 0.405061 0.290111
vt 0.386320 0.295104
vt 0.380433 0.270536
vt 0.333312 0.276341
vt 0.309496 0.277696
vt 0.334817 0.303462
vt 0.310146 0.304695
vt 0.285475 0.305928
vt 0.286109 0.278020
vt 0.240148 0.275368
vt 0.217371 0.272214
vt 0.237079 0.303248
vt 0.213206 0.298707
vt 0.189333 0.294165
vt 0.194497 0.267886
vt 0.147084 0.254732
vt 0.121636 0.245257
vt 0.140877 0.278515
vt 0.114154 0.265456
vt 0.087431 0.252398
vt 0.096473 0.234653
vt 0.410153 0.442535
vt 0.392763 0.441340
vt 0.374385 0.440126
vt 0.332550 0.437598
vt 0.311555 0.436472
vt 0.291074 0.435499
vt 0.250873 0.434049
vt 0.230744 0.433587
vt 0.210248 0.433314
vt 0.166230 0.433457
vt 0.141534 0.433971
vt 0.116280 0.434775
vt 0.090758 0.773775
vt 0.091884 0.757939
vt 0.088366 0.789513
vt 0.064314 0.784604
vt 0.066445 0.770978
vt 0.067390 0.757233
vt 0.041064 0.768037
vt 0.041822 0.756628
vt 0.039317 0.779331
vt 0.014128 0.773947
vt 0.015059 0.765023
vt 0.015991 0.756098
vt 0.577982 0.065216
vt 0.571532 0.048854
vt 0.583521 0.081438
vt 0.559134 0.089618
vt 0.553958 0.075887
vt 0.548119 0.061541
vt 0.529735 0.087687
vt 0.524647 0.076682
vt 0.534286 0.098732
vt 0.509510 0.108221
vt 0.505343 0.100022
vt 0.501175 0.091823
vt 0.084674 0.192808
vt 0.088366 0.177184
vt 0.079615 0.208276
vt 0.056407 0.198950
vt 0.060981 0.185733
vt 0.064314 0.172275
vt 0.036480 0.178098
vt 0.039317 0.167002
vt 0.032632 0.188937
vt 0.008862 0.178712
vt 0.011495 0.170165
vt 0.014128 0.161618
vt 0.087649 0.403753
vt 0.083522 0.387602
vt 0.090364 0.419841
vt 0.065733 0.423397
vt 0.063078 0.409555
vt 0.059135 0.395782
vt 0.037755 0.416144
vt 0.034286 0.404896
vt 0.040180 0.427531
vt 0.014452 0.431932
vt 0.011981 0.423158
vt 0.009510 0.414385
vt 0.091761 0.742015
vt 0.090364 0.726006
vt 0.067159 0.743414
vt 0.065733 0.729561
vt 0.041499 0.745159
vt 0.040181 0.733695
vt 0.015221 0.747097
vt 0.014452 0.738096
vt 0.090758 0.161446
vt 0.091884 0.145610
vt 0.066445 0.158648
vt 0.067390 0.144903
vt 0.041064 0.155707
vt 0.041822 0.144298
vt 0.015059 0.152693
vt 0.015991 0.143769
vt 0.077983 0.371380
vt 0.071533 0.355019
vt 0.053959 0.382051
vt 0.048119 0.367705
vt 0.029735 0.393851
vt 0.024647 0.382846
vt 0.005343 0.406186
vt 0.001176 0.397987
vt 0.087649 0.709917
vt 0.083522 0.693767
vt 0.063079 0.715719
vt 0.059135 0.701946
vt 0.037755 0.722308
vt 0.034286 0.711060
vt 0.011981 0.729323
vt 0.009511 0.720549
vt 0.091761 0.129685
vt 0.090364 0.113676
vt 0.067159 0.131084
vt 0.065733 0.117232
vt 0.041499 0.132830
vt 0.040181 0.121365
vt 0.015221 0.134767
vt 0.014452 0.125766
vt 0.573215 0.223582
vt 0.579615 0.208276
vt 0.565966 0.238853
vt 0.544501 0.225308
vt 0.550682 0.211943
vt 0.556407 0.198951
vt 0.527748 0.199450
vt 0.532632 0.188938
vt 0.522369 0.209845
vt 0.500237 0.194382
vt 0.504550 0.186548
vt 0.508862 0.178714
vt 0.077983 0.677544
vt 0.071533 0.661183
vt 0.053959 0.688216
vt 0.048120 0.673869
vt 0.029735 0.700015
vt 0.024648 0.689010
vt 0.005343 0.712350
vt 0.001176 0.704151
vt 0.087649 0.097588
vt 0.083522 0.081437
vt 0.063079 0.103390
vt 0.059135 0.089617
vt 0.037755 0.109979
vt 0.034287 0.098730
vt 0.011981 0.116993
vt 0.009511 0.108220
vt 0.584674 0.192809
vt 0.588366 0.177185
vt 0.560981 0.185734
vt 0.564314 0.172276
vt 0.536480 0.178099
vt 0.539317 0.167003
vt 0.511495 0.170166
vt 0.514128 0.161619
vt 0.073215 0.529747
vt 0.079615 0.514441
vt 0.065966 0.545018
vt 0.044501 0.531472
vt 0.050682 0.518107
vt 0.056407 0.505116
vt 0.027748 0.505614
vt 0.032632 0.495102
vt 0.022369 0.516009
vt 0.000237 0.500546
vt 0.004550 0.492712
vt 0.008862 0.484878
vt 0.077983 0.065215
vt 0.071533 0.048854
vt 0.053959 0.075886
vt 0.048120 0.061540
vt 0.029735 0.087686
vt 0.024648 0.076681
vt 0.005343 0.100021
vt 0.001176 0.091822
vt 0.590758 0.161447
vt 0.591884 0.145611
vt 0.566445 0.158649
vt 0.567390 0.144905
vt 0.541064 0.155708
vt 0.541822 0.144299
vt 0.515059 0.152694
vt 0.515990 0.143770
vt 0.084674 0.498973
vt 0.088366 0.483349
vt 0.060981 0.491898
vt 0.064314 0.478440
vt 0.036480 0.484263
vt 0.039317 0.473167
vt 0.011495 0.476330
vt 0.014128 0.467783
vt 0.073215 0.835911
vt 0.079615 0.820605
vt 0.065966 0.851182
vt 0.044501 0.837636
vt 0.050682 0.824271
vt 0.056407 0.811280
vt 0.027748 0.811778
vt 0.032632 0.801266
vt 0.022369 0.822173
vt 0.000237 0.806710
vt 0.004550 0.798876
vt 0.008862 0.791042
vt 0.591761 0.129686
vt 0.590364 0.113677
vt 0.567159 0.131085
vt 0.565733 0.117233
vt 0.541499 0.132831
vt 0.540180 0.121367
vt 0.515221 0.134769
vt 0.514452 0.125768
vt 0.090758 0.467611
vt 0.091884 0.451775
vt 0.066445 0.464813
vt 0.067390 0.451069
vt 0.041064 0.461873
vt 0.041821 0.450464
vt 0.015059 0.458858
vt 0.015990 0.449934
vt 0.084674 0.805137
vt 0.060981 0.798062
vt 0.036480 0.790427
vt 0.011495 0.782494
vt 0.587649 0.097589
vt 0.563078 0.103391
vt 0.537755 0.109980
vt 0.511981 0.116994
vt 0.073215 0.223581
vt 0.065966 0.238853
vt 0.044501 0.225307
vt 0.050682 0.211942
vt 0.027748 0.199448
vt 0.022369 0.209844
vt 0.000237 0.194381
vt 0.004550 0.186547
vt 0.091761 0.435851
vt 0.067159 0.437249
vt 0.041499 0.438995
vt 0.015221 0.440933
vt 0.484441 0.430781
vt 0.483564 0.447406
vt 0.464809 0.446226
vt 0.466317 0.428650
vt 0.482687 0.464031
vt 0.464208 0.463944
vt 0.445447 0.463735
vt 0.446161 0.445010
vt 0.447851 0.426413
vt 0.427892 0.443766
vt 0.429695 0.424201
vt 0.427060 0.463433
vt 0.490125 0.225464
vt 0.494944 0.242096
vt 0.475917 0.247643
vt 0.471523 0.229635
vt 0.499763 0.258727
vt 0.480843 0.265655
vt 0.461924 0.272584
vt 0.456879 0.253044
vt 0.452470 0.233729
vt 0.437918 0.258107
vt 0.433586 0.237531
vt 0.442863 0.278850
vt 0.990008 0.092235
vt 0.987224 0.108426
vt 0.968867 0.105097
vt 0.972406 0.087909
vt 0.984441 0.124617
vt 0.966316 0.122485
vt 0.947851 0.120248
vt 0.950552 0.101782
vt 0.954334 0.083467
vt 0.932511 0.098549
vt 0.936424 0.079136
vt 0.929695 0.118036
vt 0.484556 0.803954
vt 0.487340 0.820873
vt 0.468212 0.823925
vt 0.465889 0.805907
vt 0.490125 0.837793
vt 0.471523 0.841965
vt 0.452470 0.846058
vt 0.449140 0.826844
vt 0.446908 0.807736
vt 0.430365 0.829501
vt 0.428261 0.809352
vt 0.433586 0.849860
vt 0.483621 0.480910
vt 0.464598 0.481795
vt 0.484556 0.497789
vt 0.465889 0.499743
vt 0.446908 0.501571
vt 0.445690 0.482589
vt 0.427175 0.483230
vt 0.428261 0.503188
vt 0.983564 0.141242
vt 0.964809 0.140061
vt 0.982687 0.157866
vt 0.964208 0.157779
vt 0.945447 0.157571
vt 0.946161 0.138845
vt 0.927892 0.137602
vt 0.927059 0.157268
vt 0.494944 0.854425
vt 0.475917 0.859972
vt 0.499763 0.871056
vt 0.480843 0.877985
vt 0.461924 0.884913
vt 0.456879 0.865373
vt 0.437918 0.870436
vt 0.442863 0.891180
vt 0.487340 0.514709
vt 0.468212 0.517760
vt 0.490125 0.531628
vt 0.471523 0.535800
vt 0.452470 0.539894
vt 0.449140 0.520679
vt 0.430365 0.523336
vt 0.433586 0.543695
vt 0.983621 0.174745
vt 0.964597 0.175630
vt 0.984555 0.191624
vt 0.965889 0.193578
vt 0.946908 0.195406
vt 0.945690 0.176424
vt 0.927175 0.177065
vt 0.928261 0.197023
vt 0.499763 0.061142
vt 0.494886 0.076688
vt 0.477022 0.070970
vt 0.482161 0.054141
vt 0.490008 0.092235
vt 0.472406 0.087910
vt 0.454334 0.083467
vt 0.459161 0.065301
vt 0.464559 0.047140
vt 0.441409 0.059783
vt 0.446980 0.040436
vt 0.436424 0.079136
vt 0.494944 0.548260
vt 0.475917 0.553808
vt 0.499763 0.564891
vt 0.480843 0.571820
vt 0.461924 0.578748
vt 0.456879 0.559208
vt 0.437918 0.564272
vt 0.442863 0.585015
vt 0.987340 0.208544
vt 0.968212 0.211595
vt 0.990125 0.225464
vt 0.971523 0.229635
vt 0.952470 0.233729
vt 0.949140 0.214514
vt 0.930365 0.217172
vt 0.933586 0.237530
vt 0.487225 0.108426
vt 0.468867 0.105098
vt 0.484441 0.124617
vt 0.466317 0.122485
vt 0.447851 0.120248
vt 0.450553 0.101782
vt 0.432512 0.098550
vt 0.429695 0.118037
vt 0.499763 0.673471
vt 0.494886 0.689017
vt 0.477022 0.683299
vt 0.482161 0.666470
vt 0.490008 0.704564
vt 0.472406 0.700239
vt 0.454334 0.695796
vt 0.459161 0.677630
vt 0.464559 0.659470
vt 0.441409 0.672113
vt 0.446980 0.652765
vt 0.436424 0.691465
vt 0.994944 0.242095
vt 0.975917 0.247643
vt 0.999763 0.258726
vt 0.980843 0.265655
vt 0.961923 0.272583
vt 0.956879 0.253043
vt 0.937918 0.258107
vt 0.942863 0.278850
vt 0.483564 0.141242
vt 0.464809 0.140062
vt 0.482687 0.157867
vt 0.464208 0.157779
vt 0.445447 0.157571
vt 0.446161 0.138846
vt 0.427892 0.137602
vt 0.427060 0.157269
vt 0.487225 0.720755
vt 0.468867 0.717427
vt 0.484441 0.736946
vt 0.466317 0.734815
vt 0.447851 0.732577
vt 0.450552 0.714111
vt 0.432511 0.710879
vt 0.429695 0.730366
vt 0.499763 0.367306
vt 0.494886 0.382853
vt 0.477022 0.377135
vt 0.482161 0.360305
vt 0.490008 0.398399
vt 0.472406 0.394074
vt 0.454334 0.389631
vt 0.459161 0.371465
vt 0.464559 0.353305
vt 0.441409 0.365948
vt 0.446980 0.346601
vt 0.436424 0.385301
vt 0.483622 0.174746
vt 0.464598 0.175631
vt 0.484556 0.191624
vt 0.465889 0.193578
vt 0.446908 0.195407
vt 0.445690 0.176424
vt 0.427175 0.177065
vt 0.428262 0.197023
vt 0.483564 0.753571
vt 0.464809 0.752391
vt 0.482687 0.770196
vt 0.464208 0.770108
vt 0.445447 0.769900
vt 0.446161 0.751175
vt 0.427892 0.749931
vt 0.427060 0.769598
vt 0.487225 0.414590
vt 0.468867 0.411262
vt 0.450552 0.407946
vt 0.432511 0.404714
vt 0.487340 0.208544
vt 0.468212 0.211596
vt 0.449140 0.214514
vt 0.430365 0.217172
vt 0.999763 0.061141
vt 0.994886 0.076688
vt 0.977022 0.070970
vt 0.982161 0.054141
vt 0.959161 0.065301
vt 0.964559 0.047140
vt 0.941409 0.059783
vt 0.946979 0.040436
vt 0.483622 0.787075
vt 0.464598 0.787960
vt 0.445690 0.788754
vt 0.427175 0.789394
vt 0.353944 0.438850
vt 0.355722 0.416146
vt 0.352837 0.461506
vt 0.357483 0.273791
vt 0.355011 0.248837
vt 0.360569 0.299283
vt 0.858234 0.087071
vt 0.861593 0.063785
vt 0.855722 0.109981
vt 0.353383 0.836998
vt 0.352534 0.813490
vt 0.355011 0.861166
vt 0.352364 0.484275
vt 0.352534 0.507325
vt 0.853944 0.132685
vt 0.852837 0.155341
vt 0.357484 0.886120
vt 0.360569 0.911613
vt 0.353383 0.530833
vt 0.355011 0.555001
vt 0.852364 0.178110
vt 0.852534 0.201160
vt 0.365864 0.040012
vt 0.370797 0.015901
vt 0.361593 0.063785
vt 0.357484 0.579956
vt 0.360569 0.605448
vt 0.853383 0.224669
vt 0.855011 0.248837
vt 0.358235 0.087071
vt 0.355722 0.109982
vt 0.365864 0.652341
vt 0.370797 0.628230
vt 0.361593 0.676114
vt 0.857484 0.273791
vt 0.860569 0.299283
vt 0.353944 0.132685
vt 0.352837 0.155341
vt 0.358235 0.699400
vt 0.355722 0.722311
vt 0.365863 0.346176
vt 0.370796 0.322066
vt 0.361593 0.369949
vt 0.352364 0.178110
vt 0.352534 0.201160
vt 0.353944 0.745014
vt 0.352837 0.767671
vt 0.358235 0.393235
vt 0.353383 0.224669
vt 0.865863 0.040011
vt 0.870796 0.015901
vt 0.352364 0.790439
vt 0.270912 0.434689
vt 0.271854 0.410646
vt 0.269906 0.458516
vt 0.263033 0.277217
vt 0.264691 0.250597
vt 0.261277 0.304588
vt 0.772768 0.079963
vt 0.773700 0.054677
vt 0.771854 0.104481
vt 0.266208 0.837374
vt 0.267576 0.812682
vt 0.264691 0.862926
vt 0.268802 0.482374
vt 0.267576 0.506517
vt 0.770912 0.128525
vt 0.769906 0.152351
vt 0.263033 0.889546
vt 0.261277 0.916917
vt 0.266208 0.531210
vt 0.264691 0.556762
vt 0.768802 0.176209
vt 0.767576 0.200353
vt 0.274690 0.028426
vt 0.275729 0.001493
vt 0.273701 0.054677
vt 0.263033 0.583382
vt 0.261278 0.610753
vt 0.766208 0.225045
vt 0.764691 0.250597
vt 0.272768 0.079963
vt 0.271854 0.104481
vt 0.274690 0.640756
vt 0.275729 0.613823
vt 0.273701 0.667006
vt 0.763033 0.277217
vt 0.761278 0.304588
vt 0.270912 0.128525
vt 0.269906 0.152351
vt 0.272768 0.692292
vt 0.271854 0.716810
vt 0.274690 0.334591
vt 0.275729 0.307658
vt 0.273700 0.360842
vt 0.268802 0.176209
vt 0.267576 0.200353
vt 0.270912 0.740854
vt 0.269906 0.764680
vt 0.272768 0.386127
vt 0.266208 0.225045
vt 0.774690 0.028426
vt 0.775729 0.001493
vt 0.268802 0.788539
vt 0.188998 0.433253
vt 0.188656 0.410964
vt 0.188454 0.455280
vt 0.171242 0.262109
vt 0.176830 0.238484
vt 0.165105 0.286340
vt 0.687399 0.082042
vt 0.685134 0.058574
vt 0.688656 0.104800
vt 0.181309 0.827889
vt 0.184666 0.805489
vt 0.176830 0.850813
vt 0.187025 0.477240
vt 0.184667 0.499325
vt 0.688998 0.127089
vt 0.688454 0.149115
vt 0.171242 0.874438
vt 0.165105 0.898669
vt 0.181309 0.521725
vt 0.176830 0.544649
vt 0.687025 0.171076
vt 0.684667 0.193160
vt 0.181898 0.034206
vt 0.178234 0.009107
vt 0.185135 0.058574
vt 0.171242 0.568274
vt 0.165105 0.592505
vt 0.681309 0.215560
vt 0.676830 0.238485
vt 0.187399 0.082041
vt 0.188656 0.104799
vt 0.181898 0.646536
vt 0.178234 0.621437
vt 0.185135 0.670903
vt 0.671242 0.262109
vt 0.665105 0.286340
vt 0.188998 0.127088
vt 0.188454 0.149115
vt 0.187399 0.694371
vt 0.188656 0.717129
vt 0.181898 0.340371
vt 0.178234 0.315272
vt 0.185134 0.364738
vt 0.187025 0.171075
vt 0.184666 0.193160
vt 0.188998 0.739418
vt 0.188454 0.761444
vt 0.187399 0.388206
vt 0.181309 0.215560
vt 0.681897 0.034207
vt 0.678234 0.009108
vt 0.187025 0.783405
vt 0.761471 0.416484
vt 0.756040 0.416432
vt 0.756768 0.370284
vt 0.762370 0.370183
vt 0.750627 0.416396
vt 0.751192 0.370432
vt 0.547781 0.416417
vt 0.542615 0.415978
vt 0.542624 0.371807
vt 0.547886 0.371540
vt 0.538457 0.410825
vt 0.537505 0.371619
vt 0.837731 0.419040
vt 0.832358 0.418727
vt 0.835485 0.372780
vt 0.840931 0.373323
vt 0.826963 0.418441
vt 0.829976 0.372302
vt 0.623742 0.417500
vt 0.618273 0.417313
vt 0.620453 0.370658
vt 0.626105 0.370893
vt 0.612799 0.417143
vt 0.614794 0.370466
vt 0.745235 0.416378
vt 0.745648 0.370631
vt 0.739868 0.416376
vt 0.740149 0.370883
vt 0.821545 0.418176
vt 0.824418 0.371876
vt 0.816108 0.417931
vt 0.818821 0.371500
vt 0.607324 0.416991
vt 0.609133 0.370315
vt 0.601851 0.416857
vt 0.603474 0.370206
vt 0.734533 0.416391
vt 0.734707 0.371189
vt 0.729233 0.416417
vt 0.729338 0.371540
vt 0.810656 0.417706
vt 0.813199 0.371173
vt 0.805194 0.417500
vt 0.807557 0.370893
vt 0.596381 0.416739
vt 0.597820 0.370138
vt 0.590918 0.416638
vt 0.592174 0.370112
vt 0.724067 0.415978
vt 0.724076 0.371807
vt 0.719909 0.410825
vt 0.718957 0.371620
vt 0.799725 0.417313
vt 0.801905 0.370658
vt 0.794251 0.417143
vt 0.796246 0.370466
vt 0.585463 0.416553
vt 0.586539 0.370127
vt 0.580019 0.416484
vt 0.580918 0.370183
vt 0.666104 0.414494
vt 0.661561 0.418944
vt 0.664843 0.373826
vt 0.670098 0.373930
vt 0.656279 0.419040
vt 0.659479 0.373323
vt 0.788776 0.416991
vt 0.790585 0.370315
vt 0.783303 0.416857
vt 0.784926 0.370206
vt 0.574588 0.416432
vt 0.575316 0.370284
vt 0.569175 0.416396
vt 0.569740 0.370432
vt 0.650906 0.418727
vt 0.654032 0.372780
vt 0.645511 0.418441
vt 0.648524 0.372301
vt 0.777833 0.416739
vt 0.779272 0.370138
vt 0.772370 0.416638
vt 0.773626 0.370112
vt 0.563783 0.416378
vt 0.564196 0.370631
vt 0.558416 0.416376
vt 0.558697 0.370883
vt 0.640093 0.418176
vt 0.642966 0.371876
vt 0.634656 0.417931
vt 0.637369 0.371500
vt 0.766915 0.416553
vt 0.767991 0.370127
vt 0.553081 0.416391
vt 0.553255 0.371189
vt 0.847556 0.414494
vt 0.843013 0.418944
vt 0.846295 0.373826
vt 0.851550 0.373930
vt 0.629204 0.417706
vt 0.631746 0.371173
vt 0.626069 0.627860
vt 0.632276 0.627690
vt 0.619844 0.627973
vt 0.620572 0.542229
vt 0.626254 0.542254
vt 0.631924 0.542253
vt 0.844249 0.626234
vt 0.850070 0.627205
vt 0.838259 0.626401
vt 0.835887 0.541968
vt 0.841279 0.540622
vt 0.844820 0.527096
vt 0.539007 0.624410
vt 0.545116 0.625024
vt 0.532943 0.623727
vt 0.541173 0.538987
vt 0.546764 0.539410
vt 0.552375 0.539797
vt 0.757555 0.627219
vt 0.763801 0.627491
vt 0.751320 0.626892
vt 0.756453 0.541050
vt 0.762140 0.541293
vt 0.767835 0.541508
vt 0.638461 0.627459
vt 0.644616 0.627167
vt 0.637581 0.542223
vt 0.643220 0.542165
vt 0.551264 0.625577
vt 0.557443 0.626072
vt 0.558007 0.540154
vt 0.563657 0.540481
vt 0.770052 0.627709
vt 0.776307 0.627872
vt 0.773534 0.541695
vt 0.779235 0.541856
vt 0.650734 0.626813
vt 0.656807 0.626401
vt 0.648839 0.542079
vt 0.654435 0.541968
vt 0.563646 0.626510
vt 0.569868 0.626892
vt 0.569323 0.540780
vt 0.575001 0.541050
vt 0.782562 0.627979
vt 0.788814 0.628032
vt 0.784937 0.541989
vt 0.790637 0.542096
vt 0.662797 0.626234
vt 0.668618 0.627205
vt 0.659827 0.540622
vt 0.663368 0.527096
vt 0.576103 0.627219
vt 0.582349 0.627491
vt 0.580688 0.541293
vt 0.586383 0.541508
vt 0.795060 0.628030
vt 0.801297 0.627973
vt 0.796334 0.542176
vt 0.802024 0.542229
vt 0.708388 0.623267
vt 0.714395 0.623728
vt 0.702452 0.623938
vt 0.714703 0.523191
vt 0.717319 0.537289
vt 0.722625 0.538987
vt 0.588600 0.627709
vt 0.594855 0.627872
vt 0.592082 0.541695
vt 0.597783 0.541856
vt 0.807521 0.627860
vt 0.813728 0.627690
vt 0.807706 0.542254
vt 0.813376 0.542253
vt 0.720459 0.624410
vt 0.726568 0.625024
vt 0.728216 0.539410
vt 0.733827 0.539797
vt 0.601110 0.627979
vt 0.607362 0.628032
vt 0.603485 0.541989
vt 0.609185 0.542096
vt 0.819913 0.627459
vt 0.826068 0.627167
vt 0.819033 0.542223
vt 0.824672 0.542165
vt 0.732716 0.625577
vt 0.738895 0.626072
vt 0.739459 0.540154
vt 0.745109 0.540481
vt 0.613608 0.628030
vt 0.614882 0.542176
vt 0.832187 0.626813
vt 0.830291 0.542079
vt 0.526936 0.623267
vt 0.521000 0.623938
vt 0.533251 0.523191
vt 0.535867 0.537289
vt 0.745098 0.626510
vt 0.750775 0.540780
vt 0.627316 0.472445
vt 0.632749 0.472570
vt 0.621875 0.472317
vt 0.841132 0.472744
vt 0.846188 0.470795
vt 0.835815 0.473040
vt 0.551316 0.470239
vt 0.556680 0.470436
vt 0.545967 0.470029
vt 0.765183 0.471309
vt 0.770625 0.471467
vt 0.759749 0.471147
vt 0.638171 0.472692
vt 0.643581 0.472810
vt 0.562062 0.470624
vt 0.567460 0.470805
vt 0.776072 0.471619
vt 0.781523 0.471766
vt 0.648977 0.472925
vt 0.654363 0.473040
vt 0.572873 0.470979
vt 0.578297 0.471147
vt 0.786976 0.471910
vt 0.792429 0.472049
vt 0.659679 0.472744
vt 0.664736 0.470795
vt 0.583731 0.471309
vt 0.589173 0.471466
vt 0.797880 0.472185
vt 0.803327 0.472317
vt 0.722176 0.469378
vt 0.727419 0.470029
vt 0.717306 0.467008
vt 0.594620 0.471619
vt 0.600071 0.471766
vt 0.808768 0.472445
vt 0.814201 0.472570
vt 0.732768 0.470239
vt 0.738132 0.470436
vt 0.605524 0.471910
vt 0.610977 0.472049
vt 0.819623 0.472692
vt 0.825033 0.472810
vt 0.743514 0.470624
vt 0.748912 0.470805
vt 0.616428 0.472185
vt 0.830429 0.472925
vt 0.540724 0.469377
vt 0.535854 0.467008
vt 0.754325 0.470979
vt 0.544978 0.787129
vt 0.558194 0.779499
vt 0.563587 0.788840
vt 0.551604 0.795764
vt 0.571410 0.771869
vt 0.575575 0.781924
vt 0.582695 0.799112
vt 0.577609 0.813126
vt 0.562930 0.810524
vt 0.544978 0.972637
vt 0.534188 0.961846
vt 0.541815 0.954219
vt 0.551604 0.964002
vt 0.523397 0.951055
vt 0.532032 0.944430
vt 0.546791 0.933104
vt 0.561644 0.934390
vt 0.562929 0.949242
vt 0.732064 0.864623
vt 0.732064 0.879883
vt 0.721278 0.879883
vt 0.721273 0.866043
vt 0.732064 0.895143
vt 0.721273 0.893723
vt 0.702828 0.891294
vt 0.693235 0.879883
vt 0.702828 0.868472
vt 0.586150 0.767919
vt 0.588942 0.778338
vt 0.600890 0.763969
vt 0.602311 0.774760
vt 0.604740 0.793205
vt 0.596200 0.805425
vt 0.515767 0.937840
vt 0.525108 0.932446
vt 0.508137 0.924624
vt 0.518192 0.920459
vt 0.535380 0.913339
vt 0.549394 0.918425
vt 0.728115 0.909884
vt 0.717696 0.907092
vt 0.724165 0.924624
vt 0.714109 0.920459
vt 0.696921 0.913339
vt 0.690609 0.899834
vt 0.616151 0.763970
vt 0.616151 0.774756
vt 0.631411 0.763969
vt 0.629990 0.774760
vt 0.627562 0.793205
vt 0.616151 0.802799
vt 0.504187 0.909884
vt 0.514606 0.907092
vt 0.500237 0.895143
vt 0.511028 0.893723
vt 0.529473 0.891294
vt 0.541693 0.899834
vt 0.716535 0.937840
vt 0.707193 0.932446
vt 0.708905 0.951056
vt 0.700270 0.944430
vt 0.685510 0.933104
vt 0.682908 0.918425
vt 0.687323 0.972637
vt 0.674108 0.980267
vt 0.668714 0.970926
vt 0.680697 0.964002
vt 0.660892 0.987897
vt 0.656726 0.977842
vt 0.649607 0.960654
vt 0.654693 0.946640
vt 0.669372 0.949242
vt 0.646151 0.767919
vt 0.643360 0.778338
vt 0.660892 0.771869
vt 0.656727 0.781924
vt 0.649607 0.799112
vt 0.636102 0.805425
vt 0.500237 0.879883
vt 0.511024 0.879883
vt 0.500237 0.864623
vt 0.511028 0.866043
vt 0.529473 0.868472
vt 0.539066 0.879883
vt 0.698114 0.961846
vt 0.690487 0.954219
vt 0.670658 0.934390
vt 0.646151 0.991847
vt 0.643360 0.981428
vt 0.631411 0.995796
vt 0.629990 0.985006
vt 0.627562 0.966560
vt 0.636102 0.954341
vt 0.674108 0.779499
vt 0.668714 0.788840
vt 0.687323 0.787129
vt 0.680697 0.795764
vt 0.669372 0.810524
vt 0.654693 0.813126
vt 0.504187 0.849882
vt 0.514606 0.852674
vt 0.508137 0.835142
vt 0.518192 0.839307
vt 0.535380 0.846427
vt 0.541693 0.859932
vt 0.616151 0.995797
vt 0.616151 0.985010
vt 0.600890 0.995796
vt 0.602311 0.985005
vt 0.604739 0.966560
vt 0.616151 0.956967
vt 0.698114 0.797920
vt 0.690487 0.805547
vt 0.708905 0.808710
vt 0.700270 0.815336
vt 0.685510 0.826662
vt 0.670658 0.825376
vt 0.515767 0.821926
vt 0.525108 0.827320
vt 0.523397 0.808710
vt 0.532032 0.815336
vt 0.546792 0.826662
vt 0.549394 0.841341
vt 0.586150 0.991847
vt 0.588942 0.981428
vt 0.571410 0.987897
vt 0.575575 0.977842
vt 0.582695 0.960653
vt 0.596200 0.954341
vt 0.716535 0.821926
vt 0.707193 0.827320
vt 0.724165 0.835142
vt 0.714109 0.839307
vt 0.696921 0.846427
vt 0.682908 0.841341
vt 0.534188 0.797920
vt 0.541815 0.805547
vt 0.561644 0.825376
vt 0.558194 0.980267
vt 0.563587 0.970926
vt 0.577608 0.946640
vt 0.728115 0.849882
vt 0.717696 0.852674
vt 0.690609 0.859932
vt 0.616151 0.879882
vt 0.640415 0.330183
vt 0.641670 0.318354
vt 0.635566 0.317919
vt 0.634549 0.329754
vt 0.629470 0.317573
vt 0.628656 0.329403
vt 0.636494 0.307387
vt 0.630177 0.307018
vt 0.642810 0.307756
vt 0.855545 0.333366
vt 0.859106 0.324210
vt 0.853273 0.322803
vt 0.850156 0.333690
vt 0.847385 0.321509
vt 0.844713 0.332773
vt 0.856357 0.313201
vt 0.850047 0.311348
vt 0.862667 0.315054
vt 0.558258 0.330668
vt 0.556951 0.319003
vt 0.550952 0.319757
vt 0.552635 0.331305
vt 0.545003 0.320677
vt 0.547129 0.332031
vt 0.549229 0.309435
vt 0.542825 0.310382
vt 0.555632 0.308488
vt 0.774627 0.328748
vt 0.774577 0.317000
vt 0.768548 0.317135
vt 0.768736 0.328874
vt 0.762522 0.317330
vt 0.762862 0.329070
vt 0.768322 0.306703
vt 0.762163 0.306861
vt 0.774481 0.306545
vt 0.652008 0.331288
vt 0.653878 0.319595
vt 0.647781 0.318911
vt 0.646242 0.330693
vt 0.649234 0.308415
vt 0.655658 0.309074
vt 0.569741 0.329691
vt 0.569008 0.317952
vt 0.562973 0.318416
vt 0.563967 0.330131
vt 0.561953 0.307962
vt 0.568273 0.307436
vt 0.786443 0.328697
vt 0.786658 0.316912
vt 0.780614 0.316925
vt 0.780530 0.328689
vt 0.780645 0.306474
vt 0.786809 0.306402
vt 0.663260 0.332773
vt 0.665933 0.321509
vt 0.659941 0.320458
vt 0.657690 0.331975
vt 0.662126 0.310211
vt 0.668594 0.311348
vt 0.581410 0.329069
vt 0.581070 0.317330
vt 0.575039 0.317600
vt 0.575559 0.329340
vt 0.574492 0.307149
vt 0.580711 0.306861
vt 0.798282 0.328915
vt 0.798772 0.317114
vt 0.792711 0.316980
vt 0.792361 0.328772
vt 0.792995 0.306505
vt 0.799180 0.306608
vt 0.674092 0.333366
vt 0.677654 0.324210
vt 0.671821 0.322803
vt 0.668703 0.333690
vt 0.674905 0.313201
vt 0.681215 0.315054
vt 0.593175 0.328748
vt 0.593126 0.317000
vt 0.587096 0.317135
vt 0.587284 0.328874
vt 0.586870 0.306703
vt 0.593029 0.306545
vt 0.810108 0.329403
vt 0.810922 0.317573
vt 0.804842 0.317311
vt 0.804199 0.329124
vt 0.805404 0.306813
vt 0.811629 0.307018
vt 0.728581 0.332031
vt 0.726455 0.320677
vt 0.720569 0.321807
vt 0.723207 0.332826
vt 0.714721 0.323031
vt 0.718005 0.332414
vt 0.717857 0.312015
vt 0.711436 0.313648
vt 0.724277 0.310381
vt 0.604991 0.328697
vt 0.605206 0.316912
vt 0.599162 0.316925
vt 0.599078 0.328689
vt 0.599193 0.306473
vt 0.605357 0.306402
vt 0.821868 0.330183
vt 0.823122 0.318354
vt 0.817018 0.317919
vt 0.816001 0.329754
vt 0.817946 0.307387
vt 0.824262 0.307756
vt 0.739710 0.330668
vt 0.738403 0.319003
vt 0.732404 0.319757
vt 0.734087 0.331305
vt 0.730681 0.309435
vt 0.737084 0.308488
vt 0.616830 0.328915
vt 0.617320 0.317114
vt 0.611259 0.316980
vt 0.610909 0.328772
vt 0.611543 0.306505
vt 0.617728 0.306608
vt 0.833460 0.331289
vt 0.835330 0.319595
vt 0.829233 0.318911
vt 0.827694 0.330693
vt 0.830686 0.308415
vt 0.837110 0.309074
vt 0.751193 0.329691
vt 0.750460 0.317952
vt 0.744425 0.318416
vt 0.745420 0.330131
vt 0.743405 0.307962
vt 0.749725 0.307436
vt 0.623390 0.317311
vt 0.622747 0.329124
vt 0.623952 0.306813
vt 0.841393 0.320458
vt 0.839143 0.331975
vt 0.843579 0.310211
vt 0.539117 0.321807
vt 0.541755 0.332825
vt 0.533269 0.323031
vt 0.536554 0.332414
vt 0.536405 0.312015
vt 0.529984 0.313648
vt 0.756491 0.317600
vt 0.757011 0.329340
vt 0.755944 0.307149
vt 0.741936 0.762168
vt 0.743456 0.743101
vt 0.736223 0.742557
vt 0.734408 0.761538
vt 0.728997 0.741912
vt 0.726879 0.760907
vt 0.739533 0.701769
vt 0.732735 0.701204
vt 0.746350 0.702250
vt 0.515157 0.756424
vt 0.518863 0.737984
vt 0.511770 0.737178
vt 0.507697 0.754559
vt 0.504493 0.738690
vt 0.500237 0.752695
vt 0.517701 0.699326
vt 0.508748 0.724685
vt 0.524473 0.697996
vt 0.847339 0.759213
vt 0.844665 0.740481
vt 0.837490 0.741424
vt 0.839705 0.760210
vt 0.830285 0.742218
vt 0.832071 0.761208
vt 0.834982 0.701131
vt 0.828271 0.701746
vt 0.841638 0.700415
vt 0.620400 0.763165
vt 0.619911 0.744064
vt 0.612677 0.744262
vt 0.612913 0.763330
vt 0.605441 0.744377
vt 0.605427 0.763494
vt 0.612819 0.703385
vt 0.605975 0.703461
vt 0.619653 0.703230
vt 0.721781 0.741142
vt 0.719312 0.759987
vt 0.714585 0.740249
vt 0.711745 0.759067
vt 0.725964 0.700551
vt 0.719230 0.699804
vt 0.823063 0.742856
vt 0.824486 0.761829
vt 0.815831 0.743373
vt 0.816901 0.762450
vt 0.821518 0.702258
vt 0.814734 0.702672
vt 0.598201 0.744402
vt 0.597939 0.763495
vt 0.590959 0.744338
vt 0.590451 0.763495
vt 0.599126 0.703460
vt 0.592273 0.703379
vt 0.707423 0.739196
vt 0.704177 0.757746
vt 0.700315 0.737984
vt 0.696609 0.756424
vt 0.712546 0.698958
vt 0.705925 0.697996
vt 0.808598 0.743767
vt 0.809376 0.762808
vt 0.801363 0.744064
vt 0.801852 0.763165
vt 0.807928 0.702994
vt 0.801105 0.703230
vt 0.583716 0.744163
vt 0.582961 0.763250
vt 0.576475 0.743899
vt 0.575472 0.763004
vt 0.585421 0.703215
vt 0.578571 0.702971
vt 0.693222 0.737178
vt 0.689149 0.754559
vt 0.685945 0.738690
vt 0.681689 0.752695
vt 0.699153 0.699326
vt 0.690200 0.724685
vt 0.794129 0.744262
vt 0.794366 0.763330
vt 0.786893 0.744377
vt 0.786879 0.763494
vt 0.794271 0.703385
vt 0.787427 0.703461
vt 0.569238 0.743543
vt 0.567978 0.762586
vt 0.562004 0.743101
vt 0.560484 0.762168
vt 0.571730 0.702649
vt 0.564898 0.702250
vt 0.681215 0.756139
vt 0.677542 0.741726
vt 0.670366 0.739954
vt 0.673551 0.757676
vt 0.663213 0.740481
vt 0.665887 0.759213
vt 0.666825 0.701987
vt 0.660186 0.700415
vt 0.673869 0.727313
vt 0.779653 0.744402
vt 0.779391 0.763495
vt 0.772411 0.744338
vt 0.771903 0.763495
vt 0.780578 0.703460
vt 0.773725 0.703379
vt 0.554771 0.742557
vt 0.552955 0.761538
vt 0.547545 0.741912
vt 0.545427 0.760907
vt 0.558081 0.701769
vt 0.551283 0.701204
vt 0.656038 0.741424
vt 0.658253 0.760211
vt 0.648833 0.742218
vt 0.650618 0.761208
vt 0.653529 0.701131
vt 0.646819 0.701746
vt 0.765168 0.744163
vt 0.764414 0.763250
vt 0.757927 0.743899
vt 0.756924 0.763004
vt 0.766873 0.703215
vt 0.760024 0.702971
vt 0.540329 0.741142
vt 0.537860 0.759987
vt 0.533133 0.740249
vt 0.530292 0.759067
vt 0.544512 0.700551
vt 0.537778 0.699804
vt 0.641611 0.742856
vt 0.643034 0.761829
vt 0.634379 0.743373
vt 0.635449 0.762450
vt 0.640066 0.702258
vt 0.633282 0.702672
vt 0.750690 0.743543
vt 0.749430 0.762586
vt 0.753182 0.702649
vt 0.525971 0.739196
vt 0.522725 0.757746
vt 0.531094 0.698958
vt 0.862668 0.756139
vt 0.858994 0.741726
vt 0.851818 0.739954
vt 0.855003 0.757676
vt 0.848277 0.701987
vt 0.855321 0.727314
vt 0.627146 0.743767
vt 0.627924 0.762808
vt 0.626476 0.702994
vt 0.409222 0.769224
vt 0.391753 0.768795
vt 0.391599 0.790215
vt 0.409206 0.789879
vt 0.392321 0.811863
vt 0.410126 0.810730
vt 0.373013 0.790405
vt 0.373488 0.812781
vt 0.373317 0.768286
vt 0.331430 0.766974
vt 0.310449 0.766232
vt 0.309637 0.789905
vt 0.330783 0.790283
vt 0.309112 0.813882
vt 0.330611 0.813890
vt 0.289042 0.789317
vt 0.288164 0.813471
vt 0.290007 0.765462
vt 0.249950 0.763889
vt 0.229928 0.763090
vt 0.228609 0.786411
vt 0.248727 0.787572
vt 0.226746 0.809955
vt 0.247169 0.811514
vt 0.208170 0.785034
vt 0.206036 0.807969
vt 0.209559 0.762278
vt 0.165851 0.760569
vt 0.141336 0.759650
vt 0.139963 0.779071
vt 0.164424 0.781434
vt 0.137381 0.798490
vt 0.161908 0.802361
vt 0.114987 0.776466
vt 0.112444 0.794124
vt 0.116258 0.758751
vt 0.929400 0.033732
vt 0.912162 0.027860
vt 0.906393 0.049584
vt 0.923868 0.054508
vt 0.901394 0.071190
vt 0.918842 0.075027
vt 0.887572 0.044794
vt 0.882686 0.067474
vt 0.894925 0.021989
vt 0.846668 0.009812
vt 0.823018 0.006281
vt 0.819934 0.032306
vt 0.842838 0.035656
vt 0.817124 0.057774
vt 0.839268 0.060436
vt 0.797262 0.029859
vt 0.795320 0.055855
vt 0.799368 0.002749
vt 0.752089 0.000237
vt 0.727847 0.002057
vt 0.729174 0.028778
vt 0.752060 0.027973
vt 0.730286 0.054753
vt 0.752086 0.054289
vt 0.705892 0.030751
vt 0.708077 0.056142
vt 0.703604 0.003876
vt 0.652864 0.014339
vt 0.623905 0.025254
vt 0.629703 0.046690
vt 0.656659 0.039326
vt 0.634690 0.067650
vt 0.660774 0.062343
vt 0.602861 0.055470
vt 0.608448 0.074141
vt 0.594946 0.036168
vt 0.410126 0.198400
vt 0.392321 0.199534
vt 0.393970 0.221512
vt 0.412036 0.219512
vt 0.396667 0.243932
vt 0.415048 0.240946
vt 0.374788 0.223225
vt 0.377031 0.246554
vt 0.373488 0.200452
vt 0.330611 0.201561
vt 0.309112 0.201553
vt 0.308886 0.226069
vt 0.330937 0.225675
vt 0.309011 0.251390
vt 0.331841 0.250534
vt 0.287368 0.225848
vt 0.286683 0.251399
vt 0.288164 0.201142
vt 0.247169 0.199185
vt 0.226746 0.197626
vt 0.224288 0.221648
vt 0.245240 0.223652
vt 0.221164 0.246440
vt 0.242901 0.248959
vt 0.203097 0.218980
vt 0.199250 0.242984
vt 0.206036 0.195640
vt 0.161908 0.190031
vt 0.137381 0.186161
vt 0.133526 0.205667
vt 0.158232 0.211165
vt 0.128279 0.225338
vt 0.153268 0.232656
vt 0.108577 0.199424
vt 0.103290 0.217038
vt 0.112444 0.181794
vt 0.418842 0.381192
vt 0.401395 0.377355
vt 0.397500 0.398784
vt 0.414889 0.401646
vt 0.394659 0.420087
vt 0.412025 0.422082
vt 0.378982 0.396008
vt 0.376253 0.418129
vt 0.382686 0.373639
vt 0.339268 0.366600
vt 0.317124 0.363938
vt 0.314821 0.388638
vt 0.336388 0.390694
vt 0.312994 0.412736
vt 0.334183 0.414291
vt 0.293671 0.387115
vt 0.292280 0.411519
vt 0.295320 0.362020
vt 0.252086 0.360453
vt 0.230287 0.360917
vt 0.230931 0.385861
vt 0.251922 0.385698
vt 0.231076 0.409984
vt 0.251522 0.410128
vt 0.209542 0.386668
vt 0.210247 0.410245
vt 0.208077 0.362306
vt 0.160774 0.368508
vt 0.134690 0.373814
vt 0.138300 0.394247
vt 0.163772 0.390684
vt 0.140539 0.414260
vt 0.165552 0.412271
vt 0.112461 0.398680
vt 0.115032 0.416822
vt 0.108449 0.380305
vt 0.412025 0.728246
vt 0.394659 0.726251
vt 0.392763 0.747505
vt 0.410153 0.748699
vt 0.374385 0.746291
vt 0.376253 0.724294
vt 0.334183 0.720456
vt 0.312994 0.718901
vt 0.311555 0.742636
vt 0.332550 0.743763
vt 0.291074 0.741664
vt 0.292280 0.717684
vt 0.251522 0.716293
vt 0.231076 0.716148
vt 0.230744 0.739751
vt 0.250873 0.740214
vt 0.210249 0.739478
vt 0.210247 0.716409
vt 0.165552 0.718436
vt 0.140539 0.720425
vt 0.141534 0.740135
vt 0.166230 0.739622
vt 0.116281 0.740939
vt 0.115033 0.722986
vt 0.409222 0.156895
vt 0.391753 0.156466
vt 0.391599 0.177886
vt 0.409206 0.177550
vt 0.373013 0.178076
vt 0.373317 0.155957
vt 0.331430 0.154645
vt 0.310449 0.153902
vt 0.309637 0.177576
vt 0.330783 0.177954
vt 0.289042 0.176988
vt 0.290007 0.153133
vt 0.249950 0.151560
vt 0.229928 0.150761
vt 0.228609 0.174082
vt 0.248727 0.175242
vt 0.208170 0.172705
vt 0.209559 0.149949
vt 0.165851 0.148240
vt 0.141336 0.147321
vt 0.139963 0.166741
vt 0.164424 0.169104
vt 0.114988 0.164137
vt 0.116258 0.146421
vt 0.429400 0.339896
vt 0.412162 0.334025
vt 0.406393 0.355749
vt 0.423868 0.360673
vt 0.387573 0.350959
vt 0.394925 0.328154
vt 0.346668 0.315977
vt 0.323018 0.312446
vt 0.319934 0.338471
vt 0.342838 0.341821
vt 0.297262 0.336024
vt 0.299368 0.308914
vt 0.252089 0.306402
vt 0.227847 0.308221
vt 0.229175 0.334942
vt 0.252060 0.334138
vt 0.205892 0.336915
vt 0.203604 0.310041
vt 0.152864 0.320504
vt 0.123905 0.331418
vt 0.129703 0.352855
vt 0.156659 0.345490
vt 0.102861 0.361634
vt 0.094946 0.342333
vt 0.418842 0.687357
vt 0.401395 0.683519
vt 0.397500 0.704949
vt 0.414889 0.707811
vt 0.378982 0.702172
vt 0.382687 0.679804
vt 0.339268 0.672765
vt 0.317124 0.670103
vt 0.314821 0.694803
vt 0.336388 0.696859
vt 0.293672 0.693280
vt 0.295320 0.668184
vt 0.252087 0.666618
vt 0.230287 0.667082
vt 0.230931 0.692026
vt 0.251922 0.691863
vt 0.209543 0.692832
vt 0.208077 0.668471
vt 0.160775 0.674672
vt 0.134691 0.679979
vt 0.138300 0.700412
vt 0.163772 0.696848
vt 0.112461 0.704844
vt 0.108449 0.686469
vt 0.412026 0.115917
vt 0.394659 0.113922
vt 0.392763 0.135175
vt 0.410153 0.136370
vt 0.374385 0.133962
vt 0.376253 0.111965
vt 0.334183 0.108126
vt 0.312994 0.106571
vt 0.311555 0.130307
vt 0.332550 0.131433
vt 0.291074 0.129335
vt 0.292280 0.105354
vt 0.251522 0.103964
vt 0.231076 0.103819
vt 0.230744 0.127422
vt 0.250873 0.127885
vt 0.210249 0.127149
vt 0.210247 0.104080
vt 0.165552 0.106106
vt 0.140539 0.108095
vt 0.141534 0.127806
vt 0.166230 0.127292
vt 0.116281 0.128610
vt 0.115033 0.110657
vt 0.915048 0.240946
vt 0.896667 0.243931
vt 0.900474 0.266853
vt 0.919161 0.262758
vt 0.905061 0.290110
vt 0.923801 0.285116
vt 0.880433 0.270536
vt 0.886320 0.295104
vt 0.877031 0.246553
vt 0.831841 0.250534
vt 0.809011 0.251390
vt 0.809497 0.277696
vt 0.833312 0.276341
vt 0.810147 0.304695
vt 0.834818 0.303462
vt 0.786109 0.278020
vt 0.785476 0.305927
vt 0.786683 0.251399
vt 0.742902 0.248959
vt 0.721165 0.246440
vt 0.717371 0.272214
vt 0.740148 0.275368
vt 0.713207 0.298707
vt 0.737080 0.303248
vt 0.694497 0.267887
vt 0.689333 0.294165
vt 0.699250 0.242984
vt 0.653268 0.232657
vt 0.628279 0.225339
vt 0.621636 0.245258
vt 0.647084 0.254732
vt 0.614154 0.265457
vt 0.640877 0.278515
vt 0.596473 0.234654
vt 0.587431 0.252399
vt 0.603290 0.217039
vt 0.429400 0.646061
vt 0.412163 0.640190
vt 0.406393 0.661914
vt 0.423869 0.666838
vt 0.387573 0.657124
vt 0.394925 0.634319
vt 0.346668 0.622142
vt 0.323018 0.618610
vt 0.319934 0.644635
vt 0.342838 0.647986
vt 0.297262 0.642188
vt 0.299368 0.615079
vt 0.252090 0.612566
vt 0.227847 0.614386
vt 0.229175 0.641107
vt 0.252060 0.640302
vt 0.205892 0.643080
vt 0.203604 0.616205
vt 0.152864 0.626668
vt 0.123905 0.637583
vt 0.129704 0.659019
vt 0.156659 0.651655
vt 0.102861 0.667799
vt 0.094946 0.648497
vt 0.418842 0.075028
vt 0.401395 0.071190
vt 0.397500 0.092620
vt 0.414889 0.095482
vt 0.378982 0.089843
vt 0.382687 0.067475
vt 0.339269 0.060436
vt 0.317124 0.057774
vt 0.314821 0.082473
vt 0.336388 0.084530
vt 0.293672 0.080950
vt 0.295320 0.055855
vt 0.252087 0.054289
vt 0.230287 0.054753
vt 0.230931 0.079696
vt 0.251922 0.079534
vt 0.209543 0.080503
vt 0.208077 0.056141
vt 0.160775 0.062343
vt 0.134691 0.067649
vt 0.138300 0.088082
vt 0.163772 0.084519
vt 0.112461 0.092515
vt 0.108449 0.074140
vt 0.910126 0.198400
vt 0.892321 0.199534
vt 0.893970 0.221512
vt 0.912035 0.219511
vt 0.874788 0.223225
vt 0.873488 0.200451
vt 0.830611 0.201561
vt 0.809112 0.201553
vt 0.808886 0.226069
vt 0.830938 0.225675
vt 0.787369 0.225848
vt 0.788164 0.201142
vt 0.747169 0.199185
vt 0.726746 0.197626
vt 0.724289 0.221648
vt 0.745240 0.223652
vt 0.703097 0.218980
vt 0.706037 0.195640
vt 0.661908 0.190032
vt 0.637381 0.186161
vt 0.633526 0.205668
vt 0.658233 0.211166
vt 0.608577 0.199425
vt 0.612444 0.181795
vt 0.415048 0.547110
vt 0.396667 0.550096
vt 0.400474 0.573018
vt 0.419161 0.568923
vt 0.405061 0.596275
vt 0.423801 0.591281
vt 0.380433 0.576701
vt 0.386320 0.601269
vt 0.377031 0.552718
vt 0.331841 0.556698
vt 0.309011 0.557555
vt 0.309497 0.583860
vt 0.333312 0.582506
vt 0.310147 0.610860
vt 0.334817 0.609627
vt 0.286109 0.584184
vt 0.285476 0.612092
vt 0.286683 0.557563
vt 0.242901 0.555124
vt 0.221165 0.552605
vt 0.217371 0.578379
vt 0.240148 0.581532
vt 0.213206 0.604872
vt 0.237080 0.609413
vt 0.194497 0.574051
vt 0.189333 0.600330
vt 0.199250 0.549149
vt 0.153268 0.538821
vt 0.128279 0.531503
vt 0.121636 0.551423
vt 0.147084 0.560897
vt 0.114154 0.571621
vt 0.140877 0.584679
vt 0.096473 0.540818
vt 0.087431 0.558563
vt 0.103290 0.523203
vt 0.429400 0.033732
vt 0.412163 0.027861
vt 0.406393 0.049584
vt 0.423869 0.054508
vt 0.387573 0.044794
vt 0.394925 0.021990
vt 0.346668 0.009813
vt 0.323018 0.006281
vt 0.319934 0.032306
vt 0.342838 0.035657
vt 0.297262 0.029859
vt 0.299368 0.002750
vt 0.252090 0.000237
vt 0.227847 0.002057
vt 0.229175 0.028778
vt 0.252061 0.027973
vt 0.205892 0.030751
vt 0.203604 0.003876
vt 0.152864 0.014339
vt 0.123905 0.025253
vt 0.129704 0.046690
vt 0.156659 0.039325
vt 0.102862 0.055469
vt 0.094946 0.036168
vt 0.909222 0.156894
vt 0.891753 0.156466
vt 0.891599 0.177886
vt 0.909205 0.177549
vt 0.873013 0.178075
vt 0.873317 0.155957
vt 0.831430 0.154645
vt 0.810449 0.153902
vt 0.809637 0.177576
vt 0.830783 0.177954
vt 0.789042 0.176988
vt 0.790007 0.153133
vt 0.749950 0.151560
vt 0.729928 0.150761
vt 0.728608 0.174082
vt 0.748727 0.175243
vt 0.708170 0.172705
vt 0.709559 0.149949
vt 0.665851 0.148241
vt 0.641335 0.147321
vt 0.639963 0.166742
vt 0.664424 0.169105
vt 0.614987 0.164137
vt 0.616257 0.146422
vt 0.410126 0.504565
vt 0.392321 0.505699
vt 0.393970 0.527677
vt 0.412036 0.525676
vt 0.374788 0.529389
vt 0.373488 0.506616
vt 0.330611 0.507725
vt 0.309112 0.507718
vt 0.308886 0.532233
vt 0.330937 0.531839
vt 0.287369 0.532013
vt 0.288164 0.507307
vt 0.247169 0.505350
vt 0.226746 0.503791
vt 0.224288 0.527812
vt 0.245240 0.529817
vt 0.203097 0.525145
vt 0.199250 0.549149
vt 0.206036 0.501805
vt 0.161908 0.496196
vt 0.137381 0.492326
vt 0.133526 0.511832
vt 0.158233 0.517330
vt 0.108577 0.505590
vt 0.112444 0.487959
vt 0.415048 0.853275
vt 0.396667 0.856261
vt 0.400474 0.879183
vt 0.419161 0.875087
vt 0.405061 0.902440
vt 0.423801 0.897446
vt 0.380433 0.882865
vt 0.386320 0.907434
vt 0.377031 0.858883
vt 0.331841 0.862863
vt 0.309011 0.863720
vt 0.309496 0.890025
vt 0.333312 0.888671
vt 0.310146 0.917024
vt 0.334817 0.915791
vt 0.286109 0.890349
vt 0.285475 0.918257
vt 0.286683 0.863728
vt 0.242901 0.861288
vt 0.221164 0.858770
vt 0.217371 0.884543
vt 0.240148 0.887697
vt 0.213206 0.911036
vt 0.237080 0.915578
vt 0.194497 0.880216
vt 0.189333 0.906494
vt 0.199250 0.855313
vt 0.153268 0.844986
vt 0.128279 0.837668
vt 0.121636 0.857587
vt 0.147084 0.867061
vt 0.114154 0.877786
vt 0.140877 0.890844
vt 0.096473 0.846983
vt 0.087431 0.864727
vt 0.103290 0.829367
vt 0.912025 0.115917
vt 0.894659 0.113922
vt 0.892763 0.135175
vt 0.910153 0.136370
vt 0.874385 0.133961
vt 0.876253 0.111964
vt 0.834183 0.108126
vt 0.812994 0.106571
vt 0.811555 0.130307
vt 0.832550 0.131433
vt 0.791074 0.129335
vt 0.792280 0.105354
vt 0.751522 0.103964
vt 0.731076 0.103819
vt 0.730744 0.127422
vt 0.750873 0.127885
vt 0.710248 0.127149
vt 0.710247 0.104080
vt 0.665551 0.106107
vt 0.640539 0.108096
vt 0.641534 0.127807
vt 0.666230 0.127293
vt 0.616280 0.128610
vt 0.615032 0.110657
vt 0.409222 0.463059
vt 0.391753 0.462631
vt 0.391599 0.484051
vt 0.409206 0.483714
vt 0.373013 0.484240
vt 0.373317 0.462121
vt 0.331430 0.460810
vt 0.310449 0.460067
vt 0.309637 0.483741
vt 0.330783 0.484119
vt 0.289042 0.483153
vt 0.290007 0.459298
vt 0.249950 0.457725
vt 0.229928 0.456926
vt 0.228609 0.480246
vt 0.248727 0.481407
vt 0.208170 0.478870
vt 0.209559 0.456114
vt 0.165851 0.454405
vt 0.141335 0.453486
vt 0.139963 0.472906
vt 0.164424 0.475269
vt 0.114987 0.470302
vt 0.116258 0.452586
vt 0.393970 0.833842
vt 0.412036 0.831841
vt 0.374788 0.835554
vt 0.308886 0.838398
vt 0.330937 0.838004
vt 0.287368 0.838178
vt 0.224288 0.833977
vt 0.245240 0.835982
vt 0.203097 0.831309
vt 0.133526 0.817996
vt 0.158232 0.823495
vt 0.108577 0.811754
vt 0.897500 0.092619
vt 0.914889 0.095482
vt 0.878982 0.089843
vt 0.814821 0.082473
vt 0.836388 0.084530
vt 0.793671 0.080950
vt 0.730931 0.079696
vt 0.751922 0.079534
vt 0.709542 0.080503
vt 0.638300 0.088083
vt 0.663772 0.084519
vt 0.612461 0.092515
vt 0.400474 0.266854
vt 0.419161 0.262758
vt 0.405061 0.290111
vt 0.423801 0.285117
vt 0.380433 0.270536
vt 0.386320 0.295104
vt 0.309496 0.277696
vt 0.333312 0.276341
vt 0.310146 0.304695
vt 0.334817 0.303462
vt 0.286109 0.278020
vt 0.285475 0.305928
vt 0.217371 0.272214
vt 0.240148 0.275368
vt 0.213206 0.298707
vt 0.237079 0.303248
vt 0.194497 0.267886
vt 0.189333 0.294165
vt 0.121636 0.245257
vt 0.147084 0.254732
vt 0.114154 0.265456
vt 0.140877 0.278515
vt 0.096473 0.234653
vt 0.087431 0.252398
vt 0.392763 0.441340
vt 0.410153 0.442535
vt 0.374385 0.440126
vt 0.311555 0.436472
vt 0.332550 0.437598
vt 0.291074 0.435499
vt 0.230744 0.433587
vt 0.250873 0.434049
vt 0.210248 0.433314
vt 0.141534 0.433971
vt 0.166230 0.433457
vt 0.116280 0.434775
vt 0.091884 0.757939
vt 0.090758 0.773775
vt 0.088366 0.789513
vt 0.066445 0.770978
vt 0.064314 0.784604
vt 0.067390 0.757233
vt 0.041822 0.756628
vt 0.041064 0.768037
vt 0.039317 0.779331
vt 0.015059 0.765023
vt 0.014128 0.773947
vt 0.015991 0.756098
vt 0.571532 0.048854
vt 0.577982 0.065216
vt 0.583521 0.081438
vt 0.553958 0.075887
vt 0.559134 0.089618
vt 0.548119 0.061541
vt 0.524647 0.076682
vt 0.529735 0.087687
vt 0.534286 0.098732
vt 0.505343 0.100022
vt 0.509510 0.108221
vt 0.501175 0.091823
vt 0.088366 0.177184
vt 0.084674 0.192808
vt 0.079615 0.208276
vt 0.060981 0.185733
vt 0.056407 0.198950
vt 0.064314 0.172275
vt 0.039317 0.167002
vt 0.036480 0.178098
vt 0.032632 0.188937
vt 0.011495 0.170165
vt 0.008862 0.178712
vt 0.014128 0.161618
vt 0.083522 0.387602
vt 0.087649 0.403753
vt 0.090364 0.419841
vt 0.063078 0.409555
vt 0.065733 0.423397
vt 0.059135 0.395782
vt 0.034286 0.404896
vt 0.037755 0.416144
vt 0.040180 0.427531
vt 0.011981 0.423158
vt 0.014452 0.431932
vt 0.009510 0.414385
vt 0.090364 0.726006
vt 0.091761 0.742015
vt 0.067159 0.743414
vt 0.065733 0.729561
vt 0.040181 0.733695
vt 0.041499 0.745159
vt 0.015221 0.747097
vt 0.014452 0.738096
vt 0.091884 0.145610
vt 0.090758 0.161446
vt 0.066445 0.158648
vt 0.067390 0.144903
vt 0.041822 0.144298
vt 0.041064 0.155707
vt 0.015059 0.152693
vt 0.015991 0.143769
vt 0.071533 0.355019
vt 0.077983 0.371380
vt 0.053959 0.382051
vt 0.048119 0.367705
vt 0.024647 0.382846
vt 0.029735 0.393851
vt 0.005343 0.406186
vt 0.001176 0.397987
vt 0.083522 0.693767
vt 0.087649 0.709917
vt 0.063079 0.715719
vt 0.059135 0.701946
vt 0.034286 0.711060
vt 0.037755 0.722308
vt 0.011981 0.729323
vt 0.009511 0.720549
vt 0.090364 0.113676
vt 0.091761 0.129685
vt 0.067159 0.131084
vt 0.065733 0.117232
vt 0.040181 0.121365
vt 0.041499 0.132830
vt 0.015221 0.134767
vt 0.014452 0.125766
vt 0.579615 0.208276
vt 0.573215 0.223582
vt 0.565966 0.238853
vt 0.550682 0.211943
vt 0.544501 0.225308
vt 0.556407 0.198951
vt 0.532632 0.188938
vt 0.527748 0.199450
vt 0.522369 0.209845
vt 0.504550 0.186548
vt 0.500237 0.194382
vt 0.508862 0.178714
vt 0.071533 0.661183
vt 0.077983 0.677544
vt 0.053959 0.688216
vt 0.048120 0.673869
vt 0.024648 0.689010
vt 0.029735 0.700015
vt 0.005343 0.712350
vt 0.001176 0.704151
vt 0.083522 0.081437
vt 0.087649 0.097588
vt 0.063079 0.103390
vt 0.059135 0.089617
vt 0.034287 0.098730
vt 0.037755 0.109979
vt 0.011981 0.116993
vt 0.009511 0.108220
vt 0.588366 0.177185
vt 0.584674 0.192809
vt 0.560981 0.185734
vt 0.564314 0.172276
vt 0.539317 0.167003
vt 0.536480 0.178099
vt 0.511495 0.170166
vt 0.514128 0.161619
vt 0.079615 0.514441
vt 0.073215 0.529747
vt 0.065966 0.545018
vt 0.050682 0.518107
vt 0.044501 0.531472
vt 0.056407 0.505116
vt 0.032632 0.495102
vt 0.027748 0.505614
vt 0.022369 0.516009
vt 0.004550 0.492712
vt 0.000237 0.500546
vt 0.008862 0.484878
vt 0.071533 0.048854
vt 0.077983 0.065215
vt 0.053959 0.075886
vt 0.048120 0.061540
vt 0.024648 0.076681
vt 0.029735 0.087686
vt 0.005343 0.100021
vt 0.001176 0.091822
vt 0.591884 0.145611
vt 0.590758 0.161447
vt 0.566445 0.158649
vt 0.567390 0.144905
vt 0.541822 0.144299
vt 0.541064 0.155708
vt 0.515059 0.152694
vt 0.515990 0.143770
vt 0.088366 0.483349
vt 0.084674 0.498973
vt 0.060981 0.491898
vt 0.064314 0.478440
vt 0.039317 0.473167
vt 0.036480 0.484263
vt 0.011495 0.476330
vt 0.014128 0.467783
vt 0.079615 0.820605
vt 0.073215 0.835911
vt 0.065966 0.851182
vt 0.050682 0.824271
vt 0.044501 0.837636
vt 0.056407 0.811280
vt 0.032632 0.801266
vt 0.027748 0.811778
vt 0.022369 0.822173
vt 0.004550 0.798876
vt 0.000237 0.806710
vt 0.008862 0.791042
vt 0.590364 0.113677
vt 0.591761 0.129686
vt 0.567159 0.131085
vt 0.565733 0.117233
vt 0.540180 0.121367
vt 0.541499 0.132831
vt 0.515221 0.134769
vt 0.514452 0.125768
vt 0.091884 0.451775
vt 0.090758 0.467611
vt 0.066445 0.464813
vt 0.067390 0.451069
vt 0.041821 0.450464
vt 0.041064 0.461873
vt 0.015059 0.458858
vt 0.015990 0.449934
vt 0.084674 0.805137
vt 0.060981 0.798062
vt 0.036480 0.790427
vt 0.011495 0.782494
vt 0.587649 0.097589
vt 0.563078 0.103391
vt 0.537755 0.109980
vt 0.511981 0.116994
vt 0.073215 0.223581
vt 0.065966 0.238853
vt 0.050682 0.211942
vt 0.044501 0.225307
vt 0.027748 0.199448
vt 0.022369 0.209844
vt 0.004550 0.186547
vt 0.000237 0.194381
vt 0.091761 0.435851
vt 0.067159 0.437249
vt 0.041499 0.438995
vt 0.015221 0.440933
vt 0.484441 0.430781
vt 0.466317 0.428650
vt 0.464809 0.446226
vt 0.483564 0.447406
vt 0.464208 0.463944
vt 0.482687 0.464031
vt 0.446161 0.445010
vt 0.445447 0.463735
vt 0.447851 0.426413
vt 0.429695 0.424201
vt 0.427892 0.443766
vt 0.427060 0.463433
vt 0.490125 0.225464
vt 0.471523 0.229635
vt 0.475917 0.247643
vt 0.494944 0.242096
vt 0.480843 0.265655
vt 0.499763 0.258727
vt 0.456879 0.253044
vt 0.461924 0.272584
vt 0.452470 0.233729
vt 0.433586 0.237531
vt 0.437918 0.258107
vt 0.442863 0.278850
vt 0.990008 0.092235
vt 0.972406 0.087909
vt 0.968867 0.105097
vt 0.987224 0.108426
vt 0.966316 0.122485
vt 0.984441 0.124617
vt 0.950552 0.101782
vt 0.947851 0.120248
vt 0.954334 0.083467
vt 0.936424 0.079136
vt 0.932511 0.098549
vt 0.929695 0.118036
vt 0.484556 0.803954
vt 0.465889 0.805907
vt 0.468212 0.823925
vt 0.487340 0.820873
vt 0.471523 0.841965
vt 0.490125 0.837793
vt 0.449140 0.826844
vt 0.452470 0.846058
vt 0.446908 0.807736
vt 0.428261 0.809352
vt 0.430365 0.829501
vt 0.433586 0.849860
vt 0.464598 0.481795
vt 0.483621 0.480910
vt 0.465889 0.499743
vt 0.484556 0.497789
vt 0.445690 0.482589
vt 0.446908 0.501571
vt 0.427175 0.483230
vt 0.428261 0.503188
vt 0.964809 0.140061
vt 0.983564 0.141242
vt 0.964208 0.157779
vt 0.982687 0.157866
vt 0.946161 0.138845
vt 0.945447 0.157571
vt 0.927892 0.137602
vt 0.927059 0.157268
vt 0.475917 0.859972
vt 0.494944 0.854425
vt 0.480843 0.877985
vt 0.499763 0.871056
vt 0.456879 0.865373
vt 0.461924 0.884913
vt 0.437918 0.870436
vt 0.442863 0.891180
vt 0.468212 0.517760
vt 0.487340 0.514709
vt 0.471523 0.535800
vt 0.490125 0.531628
vt 0.449140 0.520679
vt 0.452470 0.539894
vt 0.430365 0.523336
vt 0.433586 0.543695
vt 0.964597 0.175630
vt 0.983621 0.174745
vt 0.965889 0.193578
vt 0.984555 0.191624
vt 0.945690 0.176424
vt 0.946908 0.195406
vt 0.927175 0.177065
vt 0.928261 0.197023
vt 0.499763 0.061142
vt 0.482161 0.054141
vt 0.477022 0.070970
vt 0.494886 0.076688
vt 0.472406 0.087910
vt 0.490008 0.092235
vt 0.459161 0.065301
vt 0.454334 0.083467
vt 0.464559 0.047140
vt 0.446980 0.040436
vt 0.441409 0.059783
vt 0.436424 0.079136
vt 0.475917 0.553808
vt 0.494944 0.548260
vt 0.480843 0.571820
vt 0.499763 0.564891
vt 0.456879 0.559208
vt 0.461924 0.578748
vt 0.437918 0.564272
vt 0.442863 0.585015
vt 0.968212 0.211595
vt 0.987340 0.208544
vt 0.971523 0.229635
vt 0.990125 0.225464
vt 0.949140 0.214514
vt 0.952470 0.233729
vt 0.930365 0.217172
vt 0.933586 0.237530
vt 0.468867 0.105098
vt 0.487225 0.108426
vt 0.466317 0.122485
vt 0.484441 0.124617
vt 0.450553 0.101782
vt 0.447851 0.120248
vt 0.432512 0.098550
vt 0.429695 0.118037
vt 0.499763 0.673471
vt 0.482161 0.666470
vt 0.477022 0.683299
vt 0.494886 0.689017
vt 0.472406 0.700239
vt 0.490008 0.704564
vt 0.459161 0.677630
vt 0.454334 0.695796
vt 0.464559 0.659470
vt 0.446980 0.652765
vt 0.441409 0.672113
vt 0.436424 0.691465
vt 0.975917 0.247643
vt 0.994944 0.242095
vt 0.980843 0.265655
vt 0.999763 0.258726
vt 0.956879 0.253043
vt 0.961923 0.272583
vt 0.937918 0.258107
vt 0.942863 0.278850
vt 0.464809 0.140062
vt 0.483564 0.141242
vt 0.464208 0.157779
vt 0.482687 0.157867
vt 0.446161 0.138846
vt 0.445447 0.157571
vt 0.427892 0.137602
vt 0.427060 0.157269
vt 0.468867 0.717427
vt 0.487225 0.720755
vt 0.466317 0.734815
vt 0.484441 0.736946
vt 0.450552 0.714111
vt 0.447851 0.732577
vt 0.432511 0.710879
vt 0.429695 0.730366
vt 0.499763 0.367306
vt 0.482161 0.360305
vt 0.477022 0.377135
vt 0.494886 0.382853
vt 0.472406 0.394074
vt 0.490008 0.398399
vt 0.459161 0.371465
vt 0.454334 0.389631
vt 0.464559 0.353305
vt 0.446980 0.346601
vt 0.441409 0.365948
vt 0.436424 0.385301
vt 0.464598 0.175631
vt 0.483622 0.174746
vt 0.465889 0.193578
vt 0.484556 0.191624
vt 0.445690 0.176424
vt 0.446908 0.195407
vt 0.427175 0.177065
vt 0.428262 0.197023
vt 0.464809 0.752391
vt 0.483564 0.753571
vt 0.464208 0.770108
vt 0.482687 0.770196
vt 0.446161 0.751175
vt 0.445447 0.769900
vt 0.427892 0.749931
vt 0.427060 0.769598
vt 0.468867 0.411262
vt 0.487225 0.414590
vt 0.450552 0.407946
vt 0.432511 0.404714
vt 0.468212 0.211596
vt 0.487340 0.208544
vt 0.449140 0.214514
vt 0.430365 0.217172
vt 0.999763 0.061141
vt 0.982161 0.054141
vt 0.977022 0.070970
vt 0.994886 0.076688
vt 0.959161 0.065301
vt 0.964559 0.047140
vt 0.946979 0.040436
vt 0.941409 0.059783
vt 0.464598 0.787960
vt 0.483622 0.787075
vt 0.445690 0.788754
vt 0.427175 0.789394
vt 0.355722 0.416146
vt 0.353944 0.438850
vt 0.352837 0.461506
vt 0.355011 0.248837
vt 0.357483 0.273791
vt 0.360569 0.299283
vt 0.861593 0.063785
vt 0.858234 0.087071
vt 0.855722 0.109981
vt 0.352534 0.813490
vt 0.353383 0.836998
vt 0.355011 0.861166
vt 0.352364 0.484275
vt 0.352534 0.507325
vt 0.853944 0.132685
vt 0.852837 0.155341
vt 0.357484 0.886120
vt 0.360569 0.911613
vt 0.353383 0.530833
vt 0.355011 0.555001
vt 0.852364 0.178110
vt 0.852534 0.201160
vt 0.370797 0.015901
vt 0.365864 0.040012
vt 0.361593 0.063785
vt 0.357484 0.579956
vt 0.360569 0.605448
vt 0.853383 0.224669
vt 0.855011 0.248837
vt 0.358235 0.087071
vt 0.355722 0.109982
vt 0.370797 0.628230
vt 0.365864 0.652341
vt 0.361593 0.676114
vt 0.857484 0.273791
vt 0.860569 0.299283
vt 0.353944 0.132685
vt 0.352837 0.155341
vt 0.358235 0.699400
vt 0.355722 0.722311
vt 0.370796 0.322066
vt 0.365863 0.346176
vt 0.361593 0.369949
vt 0.352364 0.178110
vt 0.352534 0.201160
vt 0.353944 0.745014
vt 0.352837 0.767671
vt 0.358235 0.393235
vt 0.353383 0.224669
vt 0.870796 0.015901
vt 0.865863 0.040011
vt 0.352364 0.790439
vt 0.271854 0.410646
vt 0.270912 0.434689
vt 0.269906 0.458516
vt 0.264691 0.250597
vt 0.263033 0.277217
vt 0.261277 0.304588
vt 0.773700 0.054677
vt 0.772768 0.079963
vt 0.771854 0.104481
vt 0.267576 0.812682
vt 0.266208 0.837374
vt 0.264691 0.862926
vt 0.268802 0.482374
vt 0.267576 0.506517
vt 0.770912 0.128525
vt 0.769906 0.152351
vt 0.263033 0.889546
vt 0.261277 0.916917
vt 0.266208 0.531210
vt 0.264691 0.556762
vt 0.768802 0.176209
vt 0.767576 0.200353
vt 0.275729 0.001493
vt 0.274690 0.028426
vt 0.273701 0.054677
vt 0.263033 0.583382
vt 0.261278 0.610753
vt 0.766208 0.225045
vt 0.764691 0.250597
vt 0.272768 0.079963
vt 0.271854 0.104481
vt 0.275729 0.613823
vt 0.274690 0.640756
vt 0.273701 0.667006
vt 0.763033 0.277217
vt 0.761278 0.304588
vt 0.270912 0.128525
vt 0.269906 0.152351
vt 0.272768 0.692292
vt 0.271854 0.716810
vt 0.275729 0.307658
vt 0.274690 0.334591
vt 0.273700 0.360842
vt 0.268802 0.176209
vt 0.267576 0.200353
vt 0.270912 0.740854
vt 0.269906 0.764680
vt 0.272768 0.386127
vt 0.266208 0.225045
vt 0.775729 0.001493
vt 0.774690 0.028426
vt 0.268802 0.788539
vt 0.188656 0.410964
vt 0.188998 0.433253
vt 0.188454 0.455280
vt 0.176830 0.238484
vt 0.171242 0.262109
vt 0.165105 0.286340
vt 0.685134 0.058574
vt 0.687399 0.082042
vt 0.688656 0.104800
vt 0.184666 0.805489
vt 0.181309 0.827889
vt 0.176830 0.850813
vt 0.187025 0.477240
vt 0.184667 0.499325
vt 0.688998 0.127089
vt 0.688454 0.149115
vt 0.171242 0.874438
vt 0.165105 0.898669
vt 0.181309 0.521725
vt 0.176830 0.544649
vt 0.687025 0.171076
vt 0.684667 0.193160
vt 0.178234 0.009107
vt 0.181898 0.034206
vt 0.185135 0.058574
vt 0.171242 0.568274
vt 0.165105 0.592505
vt 0.681309 0.215560
vt 0.676830 0.238485
vt 0.187399 0.082041
vt 0.188656 0.104799
vt 0.178234 0.621437
vt 0.181898 0.646536
vt 0.185135 0.670903
vt 0.671242 0.262109
vt 0.665105 0.286340
vt 0.188998 0.127088
vt 0.188454 0.149115
vt 0.187399 0.694371
vt 0.188656 0.717129
vt 0.178234 0.315272
vt 0.181898 0.340371
vt 0.185134 0.364738
vt 0.187025 0.171075
vt 0.184666 0.193160
vt 0.188998 0.739418
vt 0.188454 0.761444
vt 0.187399 0.388206
vt 0.181309 0.215560
vt 0.678234 0.009108
vt 0.681897 0.034207
vt 0.187025 0.783405
vt 0.761471 0.416484
vt 0.762370 0.370183
vt 0.756768 0.370284
vt 0.756040 0.416432
vt 0.751192 0.370432
vt 0.750627 0.416396
vt 0.547781 0.416417
vt 0.547886 0.371540
vt 0.542624 0.371807
vt 0.542615 0.415978
vt 0.537505 0.371619
vt 0.538457 0.410825
vt 0.837731 0.419040
vt 0.840931 0.373323
vt 0.835485 0.372780
vt 0.832358 0.418727
vt 0.829976 0.372302
vt 0.826963 0.418441
vt 0.623742 0.417500
vt 0.626105 0.370893
vt 0.620453 0.370658
vt 0.618273 0.417313
vt 0.614794 0.370466
vt 0.612799 0.417143
vt 0.745648 0.370631
vt 0.745235 0.416378
vt 0.740149 0.370883
vt 0.739868 0.416376
vt 0.824418 0.371876
vt 0.821545 0.418176
vt 0.818821 0.371500
vt 0.816108 0.417931
vt 0.609133 0.370315
vt 0.607324 0.416991
vt 0.603474 0.370206
vt 0.601851 0.416857
vt 0.734707 0.371189
vt 0.734533 0.416391
vt 0.729338 0.371540
vt 0.729233 0.416417
vt 0.813199 0.371173
vt 0.810656 0.417706
vt 0.807557 0.370893
vt 0.805194 0.417500
vt 0.597820 0.370138
vt 0.596381 0.416739
vt 0.592174 0.370112
vt 0.590918 0.416638
vt 0.724076 0.371807
vt 0.724067 0.415978
vt 0.718957 0.371620
vt 0.719909 0.410825
vt 0.801905 0.370658
vt 0.799725 0.417313
vt 0.796246 0.370466
vt 0.794251 0.417143
vt 0.586539 0.370127
vt 0.585463 0.416553
vt 0.580918 0.370183
vt 0.580019 0.416484
vt 0.666104 0.414494
vt 0.670098 0.373930
vt 0.664843 0.373826
vt 0.661561 0.418944
vt 0.659479 0.373323
vt 0.656279 0.419040
vt 0.790585 0.370315
vt 0.788776 0.416991
vt 0.784926 0.370206
vt 0.783303 0.416857
vt 0.575316 0.370284
vt 0.574588 0.416432
vt 0.569740 0.370432
vt 0.569175 0.416396
vt 0.654032 0.372780
vt 0.650906 0.418727
vt 0.648524 0.372301
vt 0.645511 0.418441
vt 0.779272 0.370138
vt 0.777833 0.416739
vt 0.773626 0.370112
vt 0.772370 0.416638
vt 0.564196 0.370631
vt 0.563783 0.416378
vt 0.558697 0.370883
vt 0.558416 0.416376
vt 0.642966 0.371876
vt 0.640093 0.418176
vt 0.637369 0.371500
vt 0.634656 0.417931
vt 0.767991 0.370127
vt 0.766915 0.416553
vt 0.553255 0.371189
vt 0.553081 0.416391
vt 0.847556 0.414494
vt 0.851550 0.373930
vt 0.846295 0.373826
vt 0.843013 0.418944
vt 0.631746 0.371173
vt 0.629204 0.417706
vt 0.632276 0.627690
vt 0.626069 0.627860
vt 0.619844 0.627973
vt 0.626254 0.542254
vt 0.620572 0.542229
vt 0.631924 0.542253
vt 0.850070 0.627205
vt 0.844249 0.626234
vt 0.838259 0.626401
vt 0.841279 0.540622
vt 0.835887 0.541968
vt 0.844820 0.527096
vt 0.545116 0.625024
vt 0.539007 0.624410
vt 0.532943 0.623727
vt 0.546764 0.539410
vt 0.541173 0.538987
vt 0.552375 0.539797
vt 0.763801 0.627491
vt 0.757555 0.627219
vt 0.751320 0.626892
vt 0.762140 0.541293
vt 0.756453 0.541050
vt 0.767835 0.541508
vt 0.644616 0.627167
vt 0.638461 0.627459
vt 0.637581 0.542223
vt 0.643220 0.542165
vt 0.557443 0.626072
vt 0.551264 0.625577
vt 0.558007 0.540154
vt 0.563657 0.540481
vt 0.776307 0.627872
vt 0.770052 0.627709
vt 0.773534 0.541695
vt 0.779235 0.541856
vt 0.656807 0.626401
vt 0.650734 0.626813
vt 0.648839 0.542079
vt 0.654435 0.541968
vt 0.569868 0.626892
vt 0.563646 0.626510
vt 0.569323 0.540780
vt 0.575001 0.541050
vt 0.788814 0.628032
vt 0.782562 0.627979
vt 0.784937 0.541989
vt 0.790637 0.542096
vt 0.668618 0.627205
vt 0.662797 0.626234
vt 0.659827 0.540622
vt 0.663368 0.527096
vt 0.582349 0.627491
vt 0.576103 0.627219
vt 0.580688 0.541293
vt 0.586383 0.541508
vt 0.801297 0.627973
vt 0.795060 0.628030
vt 0.796334 0.542176
vt 0.802024 0.542229
vt 0.714395 0.623728
vt 0.708388 0.623267
vt 0.702452 0.623938
vt 0.717319 0.537289
vt 0.714703 0.523191
vt 0.722625 0.538987
vt 0.594855 0.627872
vt 0.588600 0.627709
vt 0.592082 0.541695
vt 0.597783 0.541856
vt 0.813728 0.627690
vt 0.807521 0.627860
vt 0.807706 0.542254
vt 0.813376 0.542253
vt 0.726568 0.625024
vt 0.720459 0.624410
vt 0.728216 0.539410
vt 0.733827 0.539797
vt 0.607362 0.628032
vt 0.601110 0.627979
vt 0.603485 0.541989
vt 0.609185 0.542096
vt 0.826068 0.627167
vt 0.819913 0.627459
vt 0.819033 0.542223
vt 0.824672 0.542165
vt 0.738895 0.626072
vt 0.732716 0.625577
vt 0.739459 0.540154
vt 0.745109 0.540481
vt 0.613608 0.628030
vt 0.614882 0.542176
vt 0.832187 0.626813
vt 0.830291 0.542079
vt 0.526936 0.623267
vt 0.521000 0.623938
vt 0.535867 0.537289
vt 0.533251 0.523191
vt 0.745098 0.626510
vt 0.750775 0.540780
vt 0.632749 0.472570
vt 0.627316 0.472445
vt 0.621875 0.472317
vt 0.846188 0.470795
vt 0.841132 0.472744
vt 0.835815 0.473040
vt 0.556680 0.470436
vt 0.551316 0.470239
vt 0.545967 0.470029
vt 0.770625 0.471467
vt 0.765183 0.471309
vt 0.759749 0.471147
vt 0.643581 0.472810
vt 0.638171 0.472692
vt 0.567460 0.470805
vt 0.562062 0.470624
vt 0.781523 0.471766
vt 0.776072 0.471619
vt 0.654363 0.473040
vt 0.648977 0.472925
vt 0.578297 0.471147
vt 0.572873 0.470979
vt 0.792429 0.472049
vt 0.786976 0.471910
vt 0.664736 0.470795
vt 0.659679 0.472744
vt 0.589173 0.471466
vt 0.583731 0.471309
vt 0.803327 0.472317
vt 0.797880 0.472185
vt 0.727419 0.470029
vt 0.722176 0.469378
vt 0.717306 0.467008
vt 0.600071 0.471766
vt 0.594620 0.471619
vt 0.814201 0.472570
vt 0.808768 0.472445
vt 0.738132 0.470436
vt 0.732768 0.470239
vt 0.610977 0.472049
vt 0.605524 0.471910
vt 0.825033 0.472810
vt 0.819623 0.472692
vt 0.748912 0.470805
vt 0.743514 0.470624
vt 0.616428 0.472185
vt 0.830429 0.472925
vt 0.540724 0.469377
vt 0.535854 0.467008
vt 0.754325 0.470979
vt 0.544978 0.787129
vt 0.551604 0.795764
vt 0.563587 0.788840
vt 0.558194 0.779499
vt 0.575575 0.781924
vt 0.571410 0.771869
vt 0.577609 0.813126
vt 0.582695 0.799112
vt 0.562930 0.810524
vt 0.544978 0.972637
vt 0.551604 0.964002
vt 0.541815 0.954219
vt 0.534188 0.961846
vt 0.532032 0.944430
vt 0.523397 0.951055
vt 0.561644 0.934390
vt 0.546791 0.933104
vt 0.562929 0.949242
vt 0.732064 0.864623
vt 0.721273 0.866043
vt 0.721278 0.879883
vt 0.732064 0.879883
vt 0.721273 0.893723
vt 0.732064 0.895143
vt 0.693235 0.879883
vt 0.702828 0.891294
vt 0.702828 0.868472
vt 0.588942 0.778338
vt 0.586150 0.767919
vt 0.602311 0.774760
vt 0.600890 0.763969
vt 0.596200 0.805425
vt 0.604740 0.793205
vt 0.525108 0.932446
vt 0.515767 0.937840
vt 0.518192 0.920459
vt 0.508137 0.924624
vt 0.549394 0.918425
vt 0.535380 0.913339
vt 0.717696 0.907092
vt 0.728115 0.909884
vt 0.714109 0.920459
vt 0.724165 0.924624
vt 0.690609 0.899834
vt 0.696921 0.913339
vt 0.616151 0.774756
vt 0.616151 0.763970
vt 0.629990 0.774760
vt 0.631411 0.763969
vt 0.616151 0.802799
vt 0.627562 0.793205
vt 0.514606 0.907092
vt 0.504187 0.909884
vt 0.511028 0.893723
vt 0.500237 0.895143
vt 0.541693 0.899834
vt 0.529473 0.891294
vt 0.707193 0.932446
vt 0.716535 0.937840
vt 0.700270 0.944430
vt 0.708905 0.951056
vt 0.682908 0.918425
vt 0.685510 0.933104
vt 0.687323 0.972637
vt 0.680697 0.964002
vt 0.668714 0.970926
vt 0.674108 0.980267
vt 0.656726 0.977842
vt 0.660892 0.987897
vt 0.654693 0.946640
vt 0.649607 0.960654
vt 0.669372 0.949242
vt 0.643360 0.778338
vt 0.646151 0.767919
vt 0.656727 0.781924
vt 0.660892 0.771869
vt 0.636102 0.805425
vt 0.649607 0.799112
vt 0.511024 0.879883
vt 0.500237 0.879883
vt 0.511028 0.866043
vt 0.500237 0.864623
vt 0.539066 0.879883
vt 0.529473 0.868472
vt 0.690487 0.954219
vt 0.698114 0.961846
vt 0.670658 0.934390
vt 0.643360 0.981428
vt 0.646151 0.991847
vt 0.629990 0.985006
vt 0.631411 0.995796
vt 0.636102 0.954341
vt 0.627562 0.966560
vt 0.668714 0.788840
vt 0.674108 0.779499
vt 0.680697 0.795764
vt 0.687323 0.787129
vt 0.654693 0.813126
vt 0.669372 0.810524
vt 0.514606 0.852674
vt 0.504187 0.849882
vt 0.518192 0.839307
vt 0.508137 0.835142
vt 0.541693 0.859932
vt 0.535380 0.846427
vt 0.616151 0.985010
vt 0.616151 0.995797
vt 0.602311 0.985005
vt 0.600890 0.995796
vt 0.616151 0.956967
vt 0.604739 0.966560
vt 0.690487 0.805547
vt 0.698114 0.797920
vt 0.700270 0.815336
vt 0.708905 0.808710
vt 0.670658 0.825376
vt 0.685510 0.826662
vt 0.525108 0.827320
vt 0.515767 0.821926
vt 0.532032 0.815336
vt 0.523397 0.808710
vt 0.549394 0.841341
vt 0.546792 0.826662
vt 0.588942 0.981428
vt 0.586150 0.991847
vt 0.575575 0.977842
vt 0.571410 0.987897
vt 0.596200 0.954341
vt 0.582695 0.960653
vt 0.707193 0.827320
vt 0.716535 0.821926
vt 0.714109 0.839307
vt 0.724165 0.835142
vt 0.682908 0.841341
vt 0.696921 0.846427
vt 0.541815 0.805547
vt 0.534188 0.797920
vt 0.561644 0.825376
vt 0.563587 0.970926
vt 0.558194 0.980267
vt 0.577608 0.946640
vt 0.717696 0.852674
vt 0.728115 0.849882
vt 0.690609 0.859932
vt 0.616151 0.879882
vn -0.3989 0.3352 0.8535
vn -0.5068 0.3349 0.7943
vn -0.4179 0.6311 0.6535
vn -0.3292 0.6314 0.7021
vn -0.6060 0.3347 0.7216
vn -0.4994 0.6309 0.5937
vn -0.0208 0.9995 0.0222
vn -0.0181 0.9995 0.0243
vn -0.0151 0.9995 0.0258
vn -0.3233 0.3396 -0.8832
vn -0.2051 0.3402 -0.9177
vn -0.1700 0.6354 -0.7532
vn -0.2671 0.6350 -0.7249
vn -0.0835 0.3407 -0.9364
vn -0.0701 0.6359 -0.7686
vn -0.0064 0.9997 -0.0235
vn -0.0097 0.9997 -0.0230
vn -0.0130 0.9997 -0.0220
vn -0.7222 0.3373 -0.6038
vn -0.6371 0.3379 -0.6928
vn -0.5249 0.6335 -0.5684
vn -0.5948 0.6331 -0.4953
vn -0.5411 0.3385 -0.7698
vn -0.4461 0.6340 -0.6317
vn -0.0190 0.9996 -0.0189
vn -0.0217 0.9996 -0.0168
vn -0.0240 0.9996 -0.0143
vn 0.9358 0.3429 -0.0813
vn 0.9385 0.3426 0.0417
vn 0.7696 0.6375 0.0351
vn 0.7674 0.6377 -0.0660
vn 0.9251 0.3423 0.1640
vn 0.7587 0.6372 0.1356
vn 0.0214 0.9997 0.0068
vn 0.0219 0.9997 0.0034
vn 0.0217 0.9998 0.0001
vn -0.1646 0.3360 0.9273
vn -0.2842 0.3356 0.8981
vn -0.2350 0.6317 0.7388
vn -0.1367 0.6320 0.7628
vn -0.0119 0.9995 0.0271
vn -0.0086 0.9996 0.0279
vn -0.8541 0.3363 -0.3967
vn -0.7949 0.3368 -0.5046
vn -0.6546 0.6326 -0.4138
vn -0.7032 0.6322 -0.3251
vn -0.0260 0.9996 -0.0116
vn -0.0276 0.9996 -0.0086
vn 0.8826 0.3433 -0.3211
vn 0.9171 0.3431 -0.2029
vn 0.7520 0.6379 -0.1659
vn 0.7237 0.6380 -0.2630
vn 0.0212 0.9998 -0.0033
vn 0.0202 0.9998 -0.0065
vn 0.0807 0.3370 0.9380
vn -0.0423 0.3365 0.9407
vn -0.0362 0.6324 0.7738
vn 0.0649 0.6328 0.7715
vn -0.0052 0.9996 0.0283
vn -0.0019 0.9996 0.0281
vn -0.9279 0.3354 -0.1625
vn -0.8987 0.3358 -0.2820
vn -0.7399 0.6319 -0.2308
vn -0.7639 0.6315 -0.1326
vn -0.0289 0.9995 -0.0055
vn -0.0296 0.9995 -0.0021
vn 0.7692 0.3433 -0.5389
vn 0.8330 0.3433 -0.4337
vn 0.6830 0.6380 -0.3555
vn 0.6305 0.6380 -0.4420
vn 0.0189 0.9998 -0.0096
vn 0.0171 0.9998 -0.0125
vn 0.3205 0.3381 0.8848
vn 0.2023 0.3375 0.9193
vn 0.1648 0.6333 0.7562
vn 0.2618 0.6337 0.7278
vn 0.0015 0.9996 0.0277
vn 0.0047 0.9996 0.0267
vn -0.9386 0.3348 0.0829
vn -0.9413 0.3351 -0.0401
vn -0.7749 0.6312 -0.0321
vn -0.7727 0.6310 0.0689
vn -0.0301 0.9995 0.0012
vn -0.0299 0.9995 0.0046
vn 0.6032 0.3431 -0.7200
vn 0.6922 0.3432 -0.6349
vn 0.5672 0.6379 -0.5208
vn 0.4942 0.6378 -0.5907
vn 0.0150 0.9998 -0.0152
vn 0.0125 0.9998 -0.0175
vn 0.5383 0.3393 0.7714
vn 0.4331 0.3387 0.8353
vn 0.3544 0.6342 0.6871
vn 0.4408 0.6347 0.6346
vn 0.0079 0.9996 0.0254
vn 0.0107 0.9997 0.0236
vn -0.8854 0.3345 0.3227
vn -0.9199 0.3346 0.2045
vn -0.7573 0.6308 0.1689
vn -0.7290 0.6307 0.2660
vn -0.0295 0.9995 0.0080
vn -0.0285 0.9995 0.0112
vn 0.3961 0.3425 -0.8519
vn 0.5040 0.3428 -0.7927
vn 0.4126 0.6376 -0.6505
vn 0.3240 0.6373 -0.6991
vn 0.0098 0.9998 -0.0196
vn 0.0068 0.9997 -0.0211
vn 0.7194 0.3404 0.6054
vn 0.6343 0.3399 0.6944
vn 0.5197 0.6352 0.5713
vn 0.5896 0.6356 0.4983
vn 0.0134 0.9997 0.0215
vn 0.0157 0.9997 0.0190
vn -0.7720 0.3344 0.5405
vn -0.8358 0.3344 0.4353
vn -0.6882 0.6307 0.3585
vn -0.6358 0.6307 0.4449
vn -0.0272 0.9995 0.0143
vn -0.0253 0.9995 0.0172
vn 0.1618 0.3417 -0.9257
vn 0.2814 0.3421 -0.8965
vn 0.2297 0.6370 -0.7358
vn 0.1315 0.6367 -0.7598
vn 0.0037 0.9997 -0.0224
vn 0.0004 0.9997 -0.0232
vn 0.8513 0.3415 0.3983
vn 0.7921 0.3410 0.5062
vn 0.6494 0.6361 0.4167
vn 0.6980 0.6365 0.3281
vn 0.0178 0.9997 0.0163
vn 0.0193 0.9997 0.0133
vn -0.6949 0.3345 0.6365
vn -0.5725 0.6308 0.5238
vn -0.0233 0.9995 0.0199
vn 0.0395 0.3412 -0.9391
vn 0.0310 0.6363 -0.7708
vn -0.0030 0.9997 -0.0236
vn -0.4359 0.3390 -0.8337
vn -0.3596 0.6345 -0.6841
vn -0.0161 0.9996 -0.0207
vn 0.8959 0.3419 0.2836
vn 0.7346 0.6369 0.2338
vn 0.0207 0.9997 0.0101
vn 0.7684 -0.6259 0.1334
vn 0.7442 -0.6262 0.2322
vn 0.8999 -0.3323 0.2824
vn 0.9292 -0.3319 0.1627
vn 0.7073 -0.6266 0.3270
vn 0.8553 -0.3327 0.3972
vn 0.9006 -0.1139 0.4193
vn 0.9477 -0.1134 0.2983
vn 0.9786 -0.1129 0.1721
vn -0.4435 -0.6291 -0.6384
vn -0.3565 -0.6286 -0.6911
vn -0.4337 -0.3352 -0.8364
vn -0.5391 -0.3357 -0.7724
vn -0.2634 -0.6282 -0.7321
vn -0.3209 -0.3346 -0.8860
vn -0.3393 -0.1158 -0.9335
vn -0.4582 -0.1164 -0.8812
vn -0.5693 -0.1170 -0.8137
vn -0.0653 -0.6272 -0.7761
vn 0.0364 -0.6268 -0.7783
vn 0.0423 -0.3329 -0.9420
vn -0.0808 -0.3334 -0.9393
vn 0.1375 -0.6264 -0.7672
vn 0.1648 -0.3325 -0.9286
vn 0.1728 -0.1136 -0.9784
vn 0.0436 -0.1141 -0.9925
vn -0.0862 -0.1146 -0.9897
vn -0.4971 -0.6322 0.5942
vn -0.5706 -0.6323 0.5239
vn -0.6931 -0.3397 0.6358
vn -0.6041 -0.3395 0.7210
vn -0.6343 -0.6324 0.4446
vn -0.7702 -0.3398 0.5397
vn -0.8130 -0.1213 0.5695
vn -0.7317 -0.1212 0.6708
vn -0.6378 -0.1210 0.7606
vn 0.6584 -0.6270 0.4162
vn 0.7960 -0.3332 0.5053
vn 0.5983 -0.6275 0.4982
vn 0.7231 -0.3338 0.6047
vn 0.7614 -0.1149 0.6380
vn 0.8382 -0.1144 0.5332
vn 0.2363 -0.6261 -0.7431
vn 0.2845 -0.3320 -0.8993
vn 0.3311 -0.6258 -0.7062
vn 0.3994 -0.3317 -0.8546
vn 0.4201 -0.1127 -0.9004
vn 0.2990 -0.1131 -0.9475
vn -0.6871 -0.6324 0.3576
vn -0.8342 -0.3398 0.4343
vn -0.7280 -0.6324 0.2645
vn -0.8838 -0.3397 0.3215
vn -0.9327 -0.1213 0.3395
vn -0.8804 -0.1213 0.4584
vn 0.5280 -0.6279 0.5717
vn 0.6379 -0.3343 0.6937
vn 0.4487 -0.6284 0.6354
vn 0.5418 -0.3349 0.7708
vn 0.5702 -0.1162 0.8132
vn 0.6715 -0.1155 0.7319
vn 0.4203 -0.6255 -0.6573
vn 0.5074 -0.3313 -0.7954
vn 0.5023 -0.6253 -0.5972
vn 0.6068 -0.3311 -0.7225
vn 0.6388 -0.1122 -0.7612
vn 0.5340 -0.1124 -0.8380
vn -0.7565 -0.6323 0.1669
vn -0.9183 -0.3396 0.2032
vn -0.7720 -0.6321 0.0664
vn -0.9371 -0.3394 0.0814
vn -0.9889 -0.1209 0.0864
vn -0.9691 -0.1211 0.2148
vn 0.3617 -0.6289 0.6882
vn 0.4365 -0.3355 0.8348
vn 0.2686 -0.6294 0.7291
vn 0.3237 -0.3361 0.8844
vn 0.3403 -0.1174 0.9330
vn 0.4592 -0.1168 0.8806
vn 0.5758 -0.6252 -0.5269
vn 0.6959 -0.3309 -0.6373
vn 0.6395 -0.6251 -0.4475
vn 0.7730 -0.3309 -0.5412
vn 0.8140 -0.1119 -0.5700
vn 0.7326 -0.1120 -0.6713
vn -0.7742 -0.6319 -0.0353
vn -0.9398 -0.3391 -0.0417
vn -0.7631 -0.6316 -0.1364
vn -0.9264 -0.3388 -0.1643
vn -0.9776 -0.1202 -0.1726
vn -0.9917 -0.1206 -0.0435
vn 0.1710 -0.6298 0.7576
vn 0.2054 -0.3366 0.9189
vn 0.0705 -0.6303 0.7731
vn 0.0836 -0.3372 0.9377
vn 0.0872 -0.1186 0.9891
vn 0.2156 -0.1180 0.9693
vn 0.6923 -0.6251 -0.3606
vn 0.8370 -0.3308 -0.4359
vn 0.7332 -0.6251 -0.2675
vn 0.8866 -0.3309 -0.3231
vn 0.9337 -0.1119 -0.3401
vn 0.8813 -0.1119 -0.4590
vn -0.7390 -0.6313 -0.2352
vn -0.8971 -0.3384 -0.2839
vn -0.7021 -0.6309 -0.3300
vn -0.8525 -0.3379 -0.3988
vn -0.8997 -0.1193 -0.4199
vn -0.9467 -0.1198 -0.2988
vn -0.0312 -0.6307 0.7754
vn -0.0396 -0.3377 0.9404
vn -0.1323 -0.6311 0.7643
vn -0.1621 -0.3382 0.9270
vn -0.1718 -0.1196 0.9778
vn -0.0427 -0.1191 0.9919
vn 0.7617 -0.6252 -0.1699
vn 0.9211 -0.3310 -0.2048
vn 0.7772 -0.6254 -0.0693
vn 0.9399 -0.3312 -0.0830
vn 0.9898 -0.1123 -0.0869
vn 0.9701 -0.1121 -0.2153
vn -0.6532 -0.6305 -0.4192
vn -0.7932 -0.3374 -0.5069
vn -0.5931 -0.6301 -0.5012
vn -0.7204 -0.3369 -0.6063
vn -0.7604 -0.1182 -0.6386
vn -0.8372 -0.1188 -0.5338
vn -0.2311 -0.6315 0.7401
vn -0.2818 -0.3386 0.8977
vn -0.3259 -0.6318 0.7033
vn -0.3966 -0.3390 0.8531
vn -0.4191 -0.1204 0.8999
vn -0.2980 -0.1200 0.9470
vn 0.7794 -0.6256 0.0323
vn 0.9426 -0.3315 0.0402
vn 0.9927 -0.1126 0.0429
vn -0.5228 -0.6296 -0.5747
vn -0.6352 -0.3363 -0.6953
vn -0.6706 -0.1176 -0.7324
vn -0.1658 -0.6277 -0.7606
vn -0.2026 -0.3340 -0.9205
vn -0.2146 -0.1152 -0.9699
vn -0.4151 -0.6320 0.6544
vn -0.5047 -0.3392 0.7938
vn -0.5330 -0.1208 0.8374
vn -0.3586 0.5338 0.7658
vn -0.4553 0.5336 0.7127
vn -0.4698 0.4878 0.7357
vn -0.3699 0.4881 0.7905
vn -0.5443 0.5333 0.6475
vn -0.5617 0.4876 0.6684
vn -0.5857 0.4132 0.6972
vn -0.4899 0.4135 0.7675
vn -0.3857 0.4138 0.8246
vn -0.4089 0.2574 0.8755
vn -0.5196 0.2571 0.8148
vn -0.5282 0.1853 0.8286
vn -0.4156 0.1856 0.8904
vn -0.6214 0.2569 0.7401
vn -0.6318 0.1851 0.7527
vn -0.6381 0.1205 0.7604
vn -0.5335 0.1208 0.8371
vn -0.4197 0.1211 0.8995
vn -0.4216 -0.0612 0.9047
vn -0.5361 -0.0615 0.8419
vn -0.5284 -0.1768 0.8304
vn -0.4154 -0.1765 0.8923
vn -0.6414 -0.0618 0.7647
vn -0.6323 -0.1771 0.7542
vn -0.6163 -0.2817 0.7354
vn -0.5149 -0.2814 0.8097
vn -0.4047 -0.2811 0.8701
vn -0.3633 -0.5053 0.7827
vn -0.4625 -0.5056 0.7283
vn -0.4239 -0.6113 0.6682
vn -0.3329 -0.6111 0.7181
vn -0.5537 -0.5058 0.6614
vn -0.5077 -0.6116 0.6068
vn -0.4585 -0.6993 0.5484
vn -0.3828 -0.6991 0.6039
vn -0.3004 -0.6989 0.6491
vn -0.2908 0.5378 -0.7913
vn -0.1849 0.5383 -0.8222
vn -0.1906 0.4927 -0.8491
vn -0.3000 0.4921 -0.8172
vn -0.0758 0.5388 -0.8390
vn -0.0780 0.4931 -0.8664
vn -0.0810 0.4191 -0.9043
vn -0.1985 0.4185 -0.8862
vn -0.3126 0.4180 -0.8529
vn -0.3313 0.2619 -0.9064
vn -0.2101 0.2625 -0.9417
vn -0.2134 0.1908 -0.9581
vn -0.3367 0.1902 -0.9222
vn -0.0853 0.2631 -0.9610
vn -0.0865 0.1914 -0.9777
vn -0.0871 0.1269 -0.9881
vn -0.2154 0.1263 -0.9683
vn -0.3400 0.1258 -0.9320
vn -0.3413 -0.0566 -0.9382
vn -0.2159 -0.0559 -0.9748
vn -0.2126 -0.1713 -0.9620
vn -0.3363 -0.1719 -0.9259
vn -0.0869 -0.0554 -0.9947
vn -0.0852 -0.1708 -0.9816
vn -0.0827 -0.2755 -0.9577
vn -0.2069 -0.2760 -0.9386
vn -0.3276 -0.2766 -0.9034
vn -0.2938 -0.5013 -0.8138
vn -0.1852 -0.5008 -0.8455
vn -0.1694 -0.6069 -0.7765
vn -0.2691 -0.6074 -0.7474
vn -0.0734 -0.5003 -0.8627
vn -0.0668 -0.6064 -0.7923
vn -0.0598 -0.6947 -0.7168
vn -0.1526 -0.6951 -0.7025
vn -0.2427 -0.6955 -0.6762
vn -0.6484 0.5357 -0.5408
vn -0.5722 0.5362 -0.6206
vn -0.5905 0.4905 -0.6409
vn -0.6692 0.4900 -0.5585
vn -0.4861 0.5367 -0.6896
vn -0.5016 0.4910 -0.7121
vn -0.5231 0.4169 -0.7434
vn -0.6157 0.4163 -0.6689
vn -0.6979 0.4158 -0.5831
vn -0.7406 0.2596 -0.6197
vn -0.6533 0.2601 -0.7110
vn -0.6642 0.1884 -0.7234
vn -0.7530 0.1878 -0.6306
vn -0.5548 0.2607 -0.7900
vn -0.5641 0.1890 -0.8038
vn -0.5697 0.1245 -0.8123
vn -0.6709 0.1239 -0.7311
vn -0.7606 0.1233 -0.6373
vn -0.7646 -0.0590 -0.6417
vn -0.6743 -0.0584 -0.7361
vn -0.6648 -0.1737 -0.7265
vn -0.7539 -0.1743 -0.6334
vn -0.5725 -0.0578 -0.8178
vn -0.5643 -0.1731 -0.8072
vn -0.5500 -0.2778 -0.7876
vn -0.6480 -0.2784 -0.7089
vn -0.7349 -0.2790 -0.6181
vn -0.6605 -0.5034 -0.5570
vn -0.5823 -0.5029 -0.6387
vn -0.5339 -0.6088 -0.5867
vn -0.6057 -0.6093 -0.5116
vn -0.4941 -0.5024 -0.7096
vn -0.4529 -0.6084 -0.6517
vn -0.4090 -0.6964 -0.5897
vn -0.4822 -0.6968 -0.5309
vn -0.5471 -0.6973 -0.4630
vn 0.8380 0.5407 -0.0724
vn 0.8405 0.5405 0.0379
vn 0.8680 0.4949 0.0390
vn 0.8655 0.4952 -0.0749
vn 0.8285 0.5402 0.1476
vn 0.8556 0.4946 0.1523
vn 0.8932 0.4206 0.1587
vn 0.9062 0.4209 0.0405
vn 0.9036 0.4212 -0.0783
vn 0.9605 0.2653 -0.0836
vn 0.9633 0.2651 0.0426
vn 0.9802 0.1934 0.0431
vn 0.9773 0.1937 -0.0852
vn 0.9496 0.2647 0.1681
vn 0.9662 0.1931 0.1708
vn 0.9766 0.1286 0.1724
vn 0.9907 0.1290 0.0434
vn 0.9878 0.1292 -0.0863
vn 0.9948 -0.0530 -0.0873
vn 0.9976 -0.0533 0.0433
vn 0.9847 -0.1687 0.0424
vn 0.9819 -0.1684 -0.0864
vn 0.9834 -0.0537 0.1731
vn 0.9707 -0.1691 0.1705
vn 0.9473 -0.2739 0.1661
vn 0.9610 -0.2735 0.0411
vn 0.9582 -0.2732 -0.0845
vn 0.8636 -0.4982 -0.0767
vn 0.8661 -0.4985 0.0364
vn 0.7956 -0.6048 0.0331
vn 0.7934 -0.6046 -0.0707
vn 0.8538 -0.4988 0.1489
vn 0.7844 -0.6051 0.1363
vn 0.7099 -0.6934 0.1229
vn 0.7201 -0.6932 0.0296
vn 0.7180 -0.6930 -0.0643
vn -0.1486 0.5346 0.8320
vn -0.2557 0.5342 0.8057
vn -0.2638 0.4884 0.8318
vn -0.1531 0.4888 0.8588
vn -0.2748 0.4141 0.8677
vn -0.1594 0.4145 0.8959
vn -0.1686 0.2582 0.9512
vn -0.2912 0.2578 0.9212
vn -0.2959 0.1860 0.9369
vn -0.1711 0.1865 0.9674
vn -0.2987 0.1215 0.9466
vn -0.1726 0.1220 0.9774
vn -0.1730 -0.0603 0.9831
vn -0.2998 -0.0608 0.9520
vn -0.2953 -0.1761 0.9390
vn -0.1702 -0.1757 0.9696
vn -0.2876 -0.2807 0.9156
vn -0.1655 -0.2803 0.9455
vn -0.1480 -0.5046 0.8506
vn -0.2579 -0.5050 0.8237
vn -0.2361 -0.6108 0.7558
vn -0.1352 -0.6104 0.7804
vn -0.2129 -0.6986 0.6831
vn -0.1217 -0.6983 0.7054
vn -0.7667 0.5348 -0.3551
vn -0.7137 0.5352 -0.4519
vn -0.7366 0.4895 -0.4667
vn -0.7913 0.4891 -0.3668
vn -0.7682 0.4153 -0.4872
vn -0.8254 0.4148 -0.3830
vn -0.8760 0.2585 -0.4072
vn -0.8152 0.2590 -0.5179
vn -0.8289 0.1873 -0.5270
vn -0.8907 0.1867 -0.4144
vn -0.8373 0.1228 -0.5327
vn -0.8997 0.1223 -0.4189
vn -0.9046 -0.0601 -0.4219
vn -0.8418 -0.0595 -0.5364
vn -0.8300 -0.1749 -0.5295
vn -0.8920 -0.1754 -0.4165
vn -0.8092 -0.2795 -0.5167
vn -0.8696 -0.2800 -0.4066
vn -0.7818 -0.5043 -0.3666
vn -0.7274 -0.5039 -0.4658
vn -0.6671 -0.6098 -0.4279
vn -0.7170 -0.6102 -0.3368
vn -0.6026 -0.6977 -0.3873
vn -0.6478 -0.6980 -0.3049
vn 0.7904 0.5411 -0.2873
vn 0.8213 0.5409 -0.1814
vn 0.8482 0.4954 -0.1874
vn 0.8163 0.4955 -0.2968
vn 0.8855 0.4214 -0.1958
vn 0.8522 0.4215 -0.3099
vn 0.9059 0.2657 -0.3296
vn 0.9413 0.2655 -0.2084
vn 0.9578 0.1939 -0.2122
vn 0.9218 0.1940 -0.3355
vn 0.9681 0.1295 -0.2145
vn 0.9317 0.1296 -0.3392
vn 0.9383 -0.0526 -0.3417
vn 0.9749 -0.0528 -0.2163
vn 0.9623 -0.1682 -0.2137
vn 0.9262 -0.1681 -0.3374
vn 0.9391 -0.2730 -0.2087
vn 0.9039 -0.2729 -0.3294
vn 0.8147 -0.4979 -0.2971
vn 0.8464 -0.4981 -0.1885
vn 0.7776 -0.6044 -0.1733
vn 0.7485 -0.6043 -0.2730
vn 0.7038 -0.6928 -0.1571
vn 0.6774 -0.6927 -0.2473
vn 0.0714 0.5354 0.8415
vn -0.0389 0.5350 0.8440
vn -0.0399 0.4892 0.8712
vn 0.0740 0.4897 0.8687
vn -0.0412 0.4150 0.9089
vn 0.0776 0.4155 0.9062
vn 0.0832 0.2593 0.9622
vn -0.0430 0.2587 0.9650
vn -0.0435 0.1870 0.9814
vn 0.0849 0.1875 0.9786
vn -0.0436 0.1225 0.9915
vn 0.0861 0.1230 0.9886
vn 0.0874 -0.0593 0.9944
vn -0.0432 -0.0598 0.9973
vn -0.0421 -0.1752 0.9836
vn 0.0867 -0.1746 0.9808
vn -0.0406 -0.2798 0.9592
vn 0.0850 -0.2793 0.9564
vn 0.0775 -0.5037 0.8604
vn -0.0355 -0.5042 0.8628
vn -0.0320 -0.6100 0.7917
vn 0.0718 -0.6096 0.7894
vn -0.0283 -0.6979 0.7156
vn 0.0655 -0.6975 0.7136
vn -0.8329 0.5340 -0.1451
vn -0.8067 0.5344 -0.2523
vn -0.8326 0.4886 -0.2606
vn -0.8597 0.4883 -0.1499
vn -0.8684 0.4143 -0.2722
vn -0.8967 0.4140 -0.1567
vn -0.9517 0.2576 -0.1669
vn -0.9217 0.2580 -0.2895
vn -0.9373 0.1863 -0.2947
vn -0.9677 0.1859 -0.1699
vn -0.9468 0.1218 -0.2979
vn -0.9776 0.1213 -0.1718
vn -0.9829 -0.0610 -0.1733
vn -0.9519 -0.0605 -0.3002
vn -0.9387 -0.1759 -0.2965
vn -0.9693 -0.1763 -0.1713
vn -0.9152 -0.2805 -0.2894
vn -0.9450 -0.2809 -0.1673
vn -0.8497 -0.5051 -0.1512
vn -0.8228 -0.5048 -0.2611
vn -0.7547 -0.6106 -0.2401
vn -0.7793 -0.6109 -0.1392
vn -0.6818 -0.6984 -0.2174
vn -0.7042 -0.6987 -0.1262
vn 0.6887 0.5411 -0.4826
vn 0.7459 0.5411 -0.3883
vn 0.7704 0.4956 -0.4011
vn 0.7113 0.4956 -0.4985
vn 0.8043 0.4216 -0.4187
vn 0.7426 0.4216 -0.5203
vn 0.7895 0.2657 -0.5531
vn 0.8551 0.2657 -0.4452
vn 0.8701 0.1941 -0.4530
vn 0.8034 0.1941 -0.5628
vn 0.8795 0.1297 -0.4579
vn 0.8121 0.1297 -0.5689
vn 0.8179 -0.0526 -0.5729
vn 0.8857 -0.0526 -0.4612
vn 0.8743 -0.1680 -0.4553
vn 0.8075 -0.1680 -0.5654
vn 0.8533 -0.2728 -0.4444
vn 0.7880 -0.2728 -0.5518
vn 0.7104 -0.4979 -0.4973
vn 0.7691 -0.4979 -0.4006
vn 0.7067 -0.6042 -0.3681
vn 0.6528 -0.6043 -0.4569
vn 0.6396 -0.6927 -0.3332
vn 0.5909 -0.6927 -0.4135
vn 0.2864 0.5364 0.7938
vn 0.1805 0.5359 0.8247
vn 0.1866 0.4902 0.8514
vn 0.2959 0.4908 0.8195
vn 0.1951 0.4160 0.8881
vn 0.3092 0.4165 0.8549
vn 0.3292 0.2604 0.9076
vn 0.2080 0.2598 0.9430
vn 0.2119 0.1881 0.9590
vn 0.3352 0.1887 0.9231
vn 0.2143 0.1236 0.9689
vn 0.3389 0.1242 0.9326
vn 0.3418 -0.0581 0.9380
vn 0.2164 -0.0587 0.9745
vn 0.2140 -0.1740 0.9612
vn 0.3377 -0.1735 0.9251
vn 0.2092 -0.2787 0.9373
vn 0.3298 -0.2781 0.9021
vn 0.2980 -0.5027 0.8115
vn 0.1894 -0.5032 0.8431
vn 0.1744 -0.6091 0.7736
vn 0.2741 -0.6086 0.7446
vn 0.1583 -0.6971 0.6992
vn 0.2485 -0.6966 0.6730
vn -0.8425 0.5335 0.0749
vn -0.8449 0.5337 -0.0354
vn -0.8721 0.4879 -0.0367
vn -0.8696 0.4877 0.0772
vn -0.9096 0.4136 -0.0385
vn -0.9070 0.4133 0.0803
vn -0.9626 0.2570 0.0848
vn -0.9654 0.2573 -0.0414
vn -0.9817 0.1855 -0.0422
vn -0.9789 0.1852 0.0861
vn -0.9917 0.1210 -0.0428
vn -0.9889 0.1207 0.0869
vn -0.9943 -0.0616 0.0870
vn -0.9972 -0.0613 -0.0435
vn -0.9833 -0.1766 -0.0432
vn -0.9805 -0.1769 0.0855
vn -0.9587 -0.2813 -0.0424
vn -0.9559 -0.2815 0.0832
vn -0.8595 -0.5057 0.0743
vn -0.8620 -0.5054 -0.0388
vn -0.7906 -0.6112 -0.0360
vn -0.7884 -0.6114 0.0678
vn -0.7144 -0.6990 -0.0328
vn -0.7123 -0.6992 0.0610
vn 0.5399 0.5408 -0.6449
vn 0.6196 0.5410 -0.5687
vn 0.6400 0.4955 -0.5873
vn 0.5577 0.4953 -0.6660
vn 0.6682 0.4215 -0.6131
vn 0.5823 0.4213 -0.6952
vn 0.6193 0.2655 -0.7389
vn 0.7105 0.2656 -0.6516
vn 0.7230 0.1940 -0.6630
vn 0.6302 0.1938 -0.7518
vn 0.7309 0.1296 -0.6701
vn 0.6371 0.1294 -0.7598
vn 0.6418 -0.0529 -0.7650
vn 0.7362 -0.0527 -0.6747
vn 0.7268 -0.1681 -0.6659
vn 0.6337 -0.1683 -0.7550
vn 0.7094 -0.2729 -0.6498
vn 0.6186 -0.2731 -0.7367
vn 0.5579 -0.4981 -0.6637
vn 0.6396 -0.4980 -0.5855
vn 0.5878 -0.6043 -0.5378
vn 0.5127 -0.6045 -0.6096
vn 0.5321 -0.6928 -0.4867
vn 0.4642 -0.6929 -0.5517
vn 0.4817 0.5375 0.6921
vn 0.3874 0.5369 0.7494
vn 0.4002 0.4913 0.7736
vn 0.4976 0.4918 0.7145
vn 0.4180 0.4171 0.8070
vn 0.5196 0.4177 0.7453
vn 0.5527 0.2616 0.7913
vn 0.4447 0.2610 0.8567
vn 0.4527 0.1893 0.8713
vn 0.5625 0.1899 0.8047
vn 0.4577 0.1248 0.8803
vn 0.5687 0.1254 0.8129
vn 0.5730 -0.0569 0.8176
vn 0.4613 -0.0575 0.8853
vn 0.4556 -0.1729 0.8732
vn 0.5658 -0.1722 0.8064
vn 0.4449 -0.2775 0.8515
vn 0.5523 -0.2770 0.7863
vn 0.4982 -0.5016 0.7072
vn 0.4015 -0.5021 0.7659
vn 0.3692 -0.6081 0.7027
vn 0.4580 -0.6077 0.6488
vn 0.3345 -0.6962 0.6351
vn 0.4147 -0.6958 0.5864
vn -0.7948 0.5332 0.2898
vn -0.8257 0.5333 0.1839
vn -0.8522 0.4875 0.1897
vn -0.8203 0.4874 0.2991
vn -0.8889 0.4132 0.1978
vn -0.8556 0.4130 0.3119
vn -0.9081 0.2566 0.3309
vn -0.9434 0.2568 0.2096
vn -0.9593 0.1850 0.2131
vn -0.9234 0.1849 0.3364
vn -0.9691 0.1205 0.2152
vn -0.9328 0.1203 0.3397
vn -0.9378 -0.0620 0.3414
vn -0.9744 -0.0619 0.2161
vn -0.9609 -0.1772 0.2129
vn -0.9248 -0.1773 0.3366
vn -0.9368 -0.2817 0.2074
vn -0.9016 -0.2819 0.3280
vn -0.8106 -0.5060 0.2947
vn -0.8422 -0.5059 0.1861
vn -0.7725 -0.6116 0.1705
vn -0.7435 -0.6117 0.2702
vn -0.6980 -0.6993 0.1538
vn -0.6717 -0.6995 0.2440
vn 0.3541 0.5404 -0.7632
vn 0.4509 0.5406 -0.7102
vn 0.4658 0.4951 -0.7334
vn 0.3659 0.4948 -0.7882
vn 0.4864 0.4211 -0.7655
vn 0.3822 0.4208 -0.8227
vn 0.4067 0.2649 -0.8743
vn 0.5174 0.2652 -0.8136
vn 0.5267 0.1936 -0.8277
vn 0.4140 0.1932 -0.8895
vn 0.5324 0.1291 -0.8365
vn 0.4187 0.1288 -0.8990
vn 0.4220 -0.0535 -0.9050
vn 0.5365 -0.0531 -0.8422
vn 0.5298 -0.1686 -0.8312
vn 0.4169 -0.1689 -0.8931
vn 0.5172 -0.2734 -0.8110
vn 0.4070 -0.2737 -0.8714
vn 0.3674 -0.4986 -0.7850
vn 0.4667 -0.4984 -0.7306
vn 0.4290 -0.6047 -0.6710
vn 0.3379 -0.6049 -0.7210
vn 0.3885 -0.6931 -0.6072
vn 0.3062 -0.6933 -0.6523
vn 0.6440 0.5385 0.5434
vn 0.5677 0.5380 0.6231
vn 0.5864 0.4924 0.6431
vn 0.6652 0.4929 0.5608
vn 0.6123 0.4182 0.6709
vn 0.6945 0.4188 0.5850
vn 0.7385 0.2628 0.6210
vn 0.6511 0.2622 0.7122
vn 0.6626 0.1905 0.7243
vn 0.7515 0.1911 0.6315
vn 0.6699 0.1260 0.7317
vn 0.7596 0.1266 0.6379
vn 0.7651 -0.0557 0.6415
vn 0.6748 -0.0563 0.7358
vn 0.6662 -0.1716 0.7257
vn 0.7553 -0.1711 0.6326
vn 0.6503 -0.2764 0.7076
vn 0.7372 -0.2758 0.6168
vn 0.6647 -0.5006 0.5546
vn 0.5864 -0.5011 0.6364
vn 0.5389 -0.6072 0.5838
vn 0.6107 -0.6067 0.5088
vn 0.4880 -0.6953 0.5276
vn 0.5529 -0.6949 0.4598
vn -0.6931 0.5331 0.4852
vn -0.7503 0.5331 0.3908
vn -0.7744 0.4873 0.4034
vn -0.7153 0.4873 0.5007
vn -0.8077 0.4130 0.4207
vn -0.7461 0.4130 0.5223
vn -0.7917 0.2566 0.5544
vn -0.8572 0.2566 0.4464
vn -0.8716 0.1848 0.4539
vn -0.8050 0.1848 0.5637
vn -0.8805 0.1203 0.4585
vn -0.8131 0.1203 0.5694
vn -0.8175 -0.0620 0.5726
vn -0.8852 -0.0621 0.4610
vn -0.8729 -0.1773 0.4545
vn -0.8060 -0.1773 0.5647
vn -0.8510 -0.2819 0.4431
vn -0.7858 -0.2819 0.5505
vn -0.7063 -0.5061 0.4949
vn -0.7650 -0.5061 0.3983
vn -0.7016 -0.6118 0.3652
vn -0.6477 -0.6118 0.4540
vn -0.6339 -0.6995 0.3299
vn -0.5852 -0.6995 0.4102
vn 0.1441 0.5397 -0.8294
vn 0.2513 0.5400 -0.8032
vn 0.2597 0.4945 -0.8295
vn 0.1491 0.4941 -0.8565
vn 0.2714 0.4204 -0.8657
vn 0.1559 0.4200 -0.8940
vn 0.1664 0.2641 -0.9500
vn 0.2890 0.2645 -0.9200
vn 0.2943 0.1929 -0.9360
vn 0.1696 0.1924 -0.9665
vn 0.2977 0.1284 -0.9460
vn 0.1716 0.1280 -0.9768
vn 0.1734 -0.0543 -0.9833
vn 0.3003 -0.0539 -0.9523
vn 0.2968 -0.1693 -0.9398
vn 0.1716 -0.1697 -0.9704
vn 0.2899 -0.2741 -0.9170
vn 0.1678 -0.2745 -0.9468
vn 0.1521 -0.4994 -0.8529
vn 0.2620 -0.4990 -0.8260
vn 0.2411 -0.6052 -0.7586
vn 0.1402 -0.6056 -0.7833
vn 0.2187 -0.6936 -0.6864
vn 0.1274 -0.6939 -0.7087
vn 0.7623 0.5394 0.3576
vn 0.7092 0.5390 0.4544
vn 0.7325 0.4934 0.4690
vn 0.7873 0.4939 0.3691
vn 0.7648 0.4193 0.4892
vn 0.8219 0.4198 0.3849
vn 0.8738 0.2638 0.4084
vn 0.8131 0.2633 0.5192
vn 0.8274 0.1916 0.5279
vn 0.8892 0.1921 0.4153
vn 0.8363 0.1272 0.5332
vn 0.8987 0.1277 0.4195
vn 0.9051 -0.0546 0.4216
vn 0.8423 -0.0551 0.5361
vn 0.8315 -0.1705 0.5287
vn 0.8934 -0.1700 0.4157
vn 0.8115 -0.2752 0.5154
vn 0.8719 -0.2747 0.4053
vn 0.7859 -0.4996 0.3642
vn 0.7315 -0.5000 0.4634
vn 0.6721 -0.6063 0.4250
vn 0.7221 -0.6058 0.3340
vn 0.6084 -0.6945 0.3840
vn 0.6536 -0.6941 0.3017
vn -0.6240 0.5332 0.5712
vn -0.6440 0.4874 0.5896
vn -0.6716 0.4131 0.6150
vn -0.7127 0.2567 0.6528
vn -0.7246 0.1849 0.6639
vn -0.7319 0.1204 0.6707
vn -0.7357 -0.0620 0.6744
vn -0.7254 -0.1773 0.6651
vn -0.7071 -0.2818 0.6485
vn -0.6355 -0.5060 0.5832
vn -0.5827 -0.6117 0.5350
vn -0.5264 -0.6994 0.4834
vn 0.0345 0.5392 -0.8414
vn 0.0358 0.4936 -0.8689
vn 0.0378 0.4196 -0.9069
vn 0.0409 0.2636 -0.9637
vn 0.0419 0.1919 -0.9805
vn 0.0426 0.1275 -0.9909
vn 0.0436 -0.0548 -0.9975
vn 0.0435 -0.1702 -0.9844
vn 0.0429 -0.2750 -0.9605
vn 0.0397 -0.4998 -0.8652
vn 0.0370 -0.6060 -0.7946
vn 0.0341 -0.6943 -0.7189
vn -0.3918 0.5372 -0.7469
vn -0.4042 0.4916 -0.7713
vn -0.4214 0.4174 -0.8050
vn -0.4469 0.2613 -0.8555
vn -0.4543 0.1896 -0.8704
vn -0.4588 0.1252 -0.8797
vn -0.4609 -0.0572 -0.8856
vn -0.4542 -0.1725 -0.8740
vn -0.4426 -0.2772 -0.8528
vn -0.3974 -0.5018 -0.7682
vn -0.3641 -0.6079 -0.7056
vn -0.3287 -0.6959 -0.6384
vn 0.8023 0.5398 0.2548
vn 0.8286 0.4942 0.2629
vn 0.8650 0.4202 0.2741
vn 0.9196 0.2643 0.2907
vn 0.9357 0.1926 0.2956
vn 0.9457 0.1282 0.2985
vn 0.9524 -0.0541 0.2999
vn 0.9401 -0.1695 0.2956
vn 0.9174 -0.2743 0.2881
vn 0.8269 -0.4992 0.2588
vn 0.7597 -0.6055 0.2372
vn 0.6876 -0.6937 0.2141
vn -0.3446 -0.7648 0.5443
vn -0.2704 -0.7646 0.5850
vn -0.4129 -0.7649 0.4942
vn -0.3890 -0.7948 0.4658
vn -0.3246 -0.7946 0.5130
vn -0.2546 -0.7944 0.5514
vn -0.3391 -0.7734 0.5356
vn -0.2660 -0.7732 0.5756
vn -0.4063 -0.7736 0.4863
vn -0.1371 -0.7612 -0.6339
vn -0.2184 -0.7616 -0.6102
vn -0.0533 -0.7608 -0.6468
vn -0.0500 -0.7908 -0.6099
vn -0.1289 -0.7912 -0.5978
vn -0.2056 -0.7916 -0.5754
vn -0.1348 -0.7698 -0.6238
vn -0.2148 -0.7702 -0.6005
vn -0.0524 -0.7695 -0.6365
vn -0.4343 -0.7627 -0.4791
vn -0.4929 -0.7631 -0.4179
vn -0.3683 -0.7624 -0.5321
vn -0.3469 -0.7923 -0.5018
vn -0.4092 -0.7927 -0.4519
vn -0.4644 -0.7931 -0.3941
vn -0.4273 -0.7714 -0.4715
vn -0.4849 -0.7718 -0.4113
vn -0.3623 -0.7710 -0.5236
vn 0.6500 -0.7595 0.0264
vn 0.6481 -0.7593 -0.0583
vn 0.6408 -0.7597 0.1105
vn 0.6044 -0.7898 0.1040
vn 0.6131 -0.7896 0.0247
vn 0.6113 -0.7894 -0.0551
vn 0.6397 -0.7682 0.0259
vn 0.6379 -0.7680 -0.0574
vn 0.6306 -0.7684 0.1087
vn -0.1914 -0.7643 0.6157
vn -0.1092 -0.7640 0.6359
vn -0.1802 -0.7942 0.5803
vn -0.1026 -0.7939 0.5993
vn -0.1883 -0.7729 0.6059
vn -0.1074 -0.7727 0.6256
vn -0.5430 -0.7635 -0.3496
vn -0.5837 -0.7638 -0.2753
vn -0.5116 -0.7934 -0.3298
vn -0.5500 -0.7937 -0.2597
vn -0.5342 -0.7721 -0.3441
vn -0.5743 -0.7725 -0.2710
vn 0.6352 -0.7591 -0.1420
vn 0.6115 -0.7590 -0.2233
vn 0.5992 -0.7893 -0.1340
vn 0.5768 -0.7892 -0.2107
vn 0.6252 -0.7678 -0.1398
vn 0.6018 -0.7678 -0.2198
vn -0.0250 -0.7637 0.6450
vn 0.0597 -0.7634 0.6432
vn -0.0233 -0.7936 0.6080
vn 0.0566 -0.7932 0.6062
vn -0.0245 -0.7723 0.6347
vn 0.0588 -0.7720 0.6329
vn -0.6144 -0.7642 -0.1964
vn -0.6345 -0.7644 -0.1141
vn -0.5789 -0.7940 -0.1853
vn -0.5979 -0.7943 -0.1078
vn -0.6045 -0.7728 -0.1933
vn -0.6243 -0.7731 -0.1123
vn 0.5774 -0.7590 -0.3008
vn 0.5334 -0.7590 -0.3732
vn 0.5447 -0.7891 -0.2838
vn 0.5033 -0.7891 -0.3520
vn 0.5683 -0.7677 -0.2961
vn 0.5250 -0.7677 -0.3673
vn 0.1433 -0.7630 0.6303
vn 0.2246 -0.7626 0.6066
vn 0.1355 -0.7929 0.5941
vn 0.2121 -0.7925 0.5717
vn 0.1411 -0.7716 0.6202
vn 0.2212 -0.7712 0.5969
vn -0.6437 -0.7647 -0.0299
vn -0.6418 -0.7649 0.0547
vn -0.6066 -0.7945 -0.0284
vn -0.6048 -0.7947 0.0514
vn -0.6333 -0.7733 -0.0295
vn -0.6315 -0.7735 0.0538
vn 0.4804 -0.7591 -0.4393
vn 0.4192 -0.7592 -0.4978
vn 0.4533 -0.7892 -0.4143
vn 0.3956 -0.7893 -0.4695
vn 0.4729 -0.7678 -0.4323
vn 0.4126 -0.7679 -0.4899
vn 0.3022 -0.7622 0.5725
vn 0.3746 -0.7618 0.5285
vn 0.2852 -0.7921 0.5396
vn 0.3535 -0.7918 0.4981
vn 0.2974 -0.7708 0.5633
vn 0.3687 -0.7704 0.5200
vn -0.6289 -0.7650 0.1384
vn -0.6052 -0.7651 0.2197
vn -0.5927 -0.7948 0.1303
vn -0.5703 -0.7949 0.2070
vn -0.6188 -0.7736 0.1361
vn -0.5955 -0.7737 0.2162
vn 0.3509 -0.7594 -0.5479
vn 0.2767 -0.7596 -0.5886
vn 0.3312 -0.7895 -0.5167
vn 0.2611 -0.7897 -0.5551
vn 0.3454 -0.7681 -0.5392
vn 0.2723 -0.7683 -0.5793
vn 0.4406 -0.7614 0.4755
vn 0.4992 -0.7610 0.4143
vn 0.4157 -0.7914 0.4481
vn 0.4709 -0.7910 0.3905
vn 0.4337 -0.7700 0.4679
vn 0.4913 -0.7697 0.4076
vn -0.5711 -0.7651 0.2973
vn -0.5271 -0.7651 0.3696
vn -0.5381 -0.7949 0.2801
vn -0.4967 -0.7949 0.3483
vn -0.5619 -0.7738 0.2925
vn -0.5187 -0.7737 0.3637
vn 0.1977 -0.7598 -0.6193
vn 0.1155 -0.7601 -0.6394
vn 0.1867 -0.7899 -0.5841
vn 0.1092 -0.7902 -0.6030
vn 0.1947 -0.7685 -0.6095
vn 0.1137 -0.7688 -0.6293
vn 0.5492 -0.7606 0.3460
vn 0.5900 -0.7603 0.2717
vn 0.5181 -0.7907 0.3261
vn 0.5565 -0.7904 0.2561
vn 0.5406 -0.7693 0.3404
vn 0.5806 -0.7690 0.2674
vn -0.4741 -0.7651 0.4357
vn -0.4467 -0.7949 0.4106
vn -0.4665 -0.7737 0.4287
vn 0.0313 -0.7604 -0.6486
vn 0.0298 -0.7905 -0.6117
vn 0.0309 -0.7691 -0.6383
vn -0.2959 -0.7620 -0.5760
vn -0.2787 -0.7919 -0.5433
vn -0.2911 -0.7706 -0.5669
vn 0.6207 -0.7600 0.1928
vn 0.5855 -0.7901 0.1816
vn 0.6108 -0.7687 0.1897
vn 0.5643 0.8192 0.1019
vn 0.5469 0.8186 0.1753
vn 0.7440 0.6247 0.2367
vn 0.7684 0.6251 0.1373
vn 0.5191 0.8187 0.2454
vn 0.7069 0.6244 0.3322
vn 0.7429 0.5714 0.3487
vn 0.7819 0.5718 0.2485
vn 0.8074 0.5721 0.1440
vn 0.7904 0.5586 0.2511
vn 0.8163 0.5590 0.1455
vn 0.7510 0.5582 0.3525
vn -0.3341 0.8169 -0.4702
vn -0.2698 0.8169 -0.5098
vn -0.3641 0.6224 -0.6929
vn -0.4516 0.6219 -0.6397
vn -0.2006 0.8176 -0.5397
vn -0.2704 0.6229 -0.7341
vn -0.2837 0.5698 -0.7713
vn -0.3821 0.5692 -0.7280
vn -0.4740 0.5687 -0.6721
vn -0.3862 0.5561 -0.7359
vn -0.4791 0.5556 -0.6795
vn -0.2867 0.5566 -0.7797
vn -0.0537 0.8183 -0.5723
vn 0.0217 0.8182 -0.5744
vn 0.0315 0.6242 -0.7806
vn -0.0709 0.6238 -0.7783
vn 0.0966 0.8189 -0.5658
vn 0.1332 0.6246 -0.7695
vn 0.1403 0.5716 -0.8084
vn 0.0334 0.5712 -0.8201
vn -0.0741 0.5707 -0.8178
vn 0.0338 0.5581 -0.8291
vn -0.0748 0.5576 -0.8267
vn 0.1419 0.5585 -0.8173
vn -0.3738 0.8146 0.4435
vn -0.4286 0.8141 0.3917
vn -0.5796 0.6186 0.5304
vn -0.5057 0.6187 0.6012
vn -0.4755 0.8144 0.3326
vn -0.6437 0.6185 0.4505
vn -0.6758 0.5652 0.4730
vn -0.6085 0.5653 0.5569
vn -0.5308 0.5654 0.6313
vn -0.6150 0.5521 0.5629
vn -0.5365 0.5523 0.6381
vn -0.6831 0.5520 0.4781
vn 0.4832 0.8180 0.3118
vn 0.6577 0.6240 0.4220
vn 0.4382 0.8181 0.3724
vn 0.5972 0.6235 0.5046
vn 0.6276 0.5705 0.5298
vn 0.6912 0.5709 0.4430
vn 0.6988 0.5578 0.4478
vn 0.6345 0.5574 0.5355
vn 0.1700 0.8188 -0.5483
vn 0.2327 0.6250 -0.7451
vn 0.2402 0.8194 -0.5205
vn 0.3282 0.6253 -0.7080
vn 0.3450 0.5723 -0.7439
vn 0.2448 0.5719 -0.7829
vn 0.2475 0.5589 -0.7914
vn 0.3489 0.5592 -0.7520
vn -0.5151 0.8141 0.2683
vn -0.6969 0.6185 0.3630
vn -0.5450 0.8144 0.1991
vn -0.7381 0.6185 0.2693
vn -0.7750 0.5653 0.2826
vn -0.7316 0.5652 0.3811
vn -0.7395 0.5520 0.3852
vn -0.7833 0.5521 0.2857
vn 0.3864 0.8174 0.4272
vn 0.5264 0.6231 0.5785
vn 0.3273 0.8174 0.4740
vn 0.4465 0.6226 0.6426
vn 0.4693 0.5695 0.6748
vn 0.5532 0.5700 0.6075
vn 0.5593 0.5568 0.6140
vn 0.4745 0.5564 0.6821
vn 0.3065 0.8192 -0.4847
vn 0.4179 0.6255 -0.6588
vn 0.3671 0.8197 -0.4397
vn 0.5005 0.6257 -0.5983
vn 0.5261 0.5728 -0.6286
vn 0.4393 0.5726 -0.6922
vn 0.4442 0.5595 -0.6998
vn 0.5319 0.5597 -0.6355
vn -0.5666 0.8142 0.1268
vn -0.7668 0.6187 0.1710
vn -0.5776 0.8146 0.0522
vn -0.7824 0.6189 0.0698
vn -0.8214 0.5656 0.0731
vn -0.8051 0.5654 0.1794
vn -0.8137 0.5522 0.1813
vn -0.8303 0.5524 0.0738
vn 0.2631 0.8167 0.5136
vn 0.3590 0.6221 0.6958
vn 0.1938 0.8167 0.5435
vn 0.2653 0.6216 0.7370
vn 0.2790 0.5685 0.7739
vn 0.3774 0.5690 0.7306
vn 0.3816 0.5558 0.7385
vn 0.2821 0.5553 0.7823
vn 0.4219 0.8195 -0.3879
vn 0.5745 0.6258 -0.5275
vn 0.4687 0.8198 -0.3287
vn 0.6386 0.6259 -0.4476
vn 0.6711 0.5730 -0.4704
vn 0.6038 0.5729 -0.5542
vn 0.6104 0.5598 -0.5603
vn 0.6785 0.5599 -0.4755
vn -0.5797 0.8144 -0.0232
vn -0.7846 0.6191 -0.0326
vn -0.5710 0.8150 -0.0981
vn -0.7735 0.6194 -0.1344
vn -0.8121 0.5661 -0.1413
vn -0.8238 0.5658 -0.0344
vn -0.8327 0.5526 -0.0348
vn -0.8209 0.5529 -0.1429
vn 0.1216 0.8160 0.5651
vn 0.1670 0.6211 0.7657
vn 0.0469 0.8160 0.5761
vn 0.0657 0.6207 0.7813
vn 0.0694 0.5675 0.8204
vn 0.1757 0.5679 0.8040
vn 0.1777 0.5548 0.8127
vn 0.0703 0.5543 0.8293
vn 0.5083 0.8195 -0.2645
vn 0.6917 0.6259 -0.3601
vn 0.5383 0.8198 -0.1953
vn 0.7330 0.6259 -0.2664
vn 0.7703 0.5730 -0.2800
vn 0.7269 0.5730 -0.3784
vn 0.7349 0.5599 -0.3826
vn 0.7787 0.5599 -0.2831
vn -0.5536 0.8149 -0.1715
vn -0.7492 0.6197 -0.2338
vn -0.5258 0.8155 -0.2416
vn -0.7121 0.6201 -0.3293
vn -0.7476 0.5669 -0.3460
vn -0.7866 0.5665 -0.2458
vn -0.7950 0.5533 -0.2485
vn -0.7556 0.5537 -0.3499
vn -0.0284 0.8153 0.5783
vn -0.0366 0.6203 0.7835
vn -0.1034 0.8154 0.5696
vn -0.1384 0.6199 0.7724
vn -0.1450 0.5666 0.8111
vn -0.0381 0.5670 0.8228
vn -0.0384 0.5539 0.8317
vn -0.1465 0.5535 0.8199
vn 0.5598 0.8194 -0.1230
vn 0.7617 0.6258 -0.1681
vn 0.5708 0.8196 -0.0484
vn 0.7772 0.6256 -0.0669
vn 0.8167 0.5726 -0.0704
vn 0.8004 0.5728 -0.1767
vn 0.8091 0.5597 -0.1787
vn 0.8257 0.5596 -0.0712
vn -0.4900 0.8155 -0.3080
vn -0.6628 0.6205 -0.4190
vn -0.4450 0.8162 -0.3685
vn -0.6023 0.6209 -0.5016
vn -0.6323 0.5677 -0.5271
vn -0.6959 0.5673 -0.4404
vn -0.7034 0.5541 -0.4452
vn -0.6391 0.5546 -0.5329
vn -0.1768 0.8148 0.5521
vn -0.2379 0.6195 0.7481
vn -0.2469 0.8149 0.5243
vn -0.3333 0.6192 0.7110
vn -0.3497 0.5659 0.7466
vn -0.2495 0.5662 0.7855
vn -0.2521 0.5531 0.7940
vn -0.3534 0.5528 0.7546
vn 0.5730 0.8191 0.0270
vn 0.7795 0.6254 0.0355
vn 0.8191 0.5724 0.0371
vn 0.8281 0.5593 0.0374
vn -0.3932 0.8162 -0.4234
vn -0.5315 0.6214 -0.5756
vn -0.5579 0.5682 -0.6048
vn -0.5639 0.5551 -0.6114
vn -0.1283 0.8176 -0.5613
vn -0.1721 0.6233 -0.7628
vn -0.1804 0.5702 -0.8014
vn -0.1823 0.5571 -0.8101
vn -0.3133 0.8144 0.4885
vn -0.4231 0.6189 0.6617
vn -0.4440 0.5657 0.6948
vn -0.4488 0.5525 0.7024
vn 0.8965 0.3403 0.2838
vn 0.9257 0.3407 0.1641
vn 0.8519 0.3398 0.3985
vn -0.4362 0.3374 -0.8342
vn -0.5415 0.3368 -0.7703
vn -0.3235 0.3380 -0.8838
vn 0.0395 0.3396 -0.9397
vn -0.0836 0.3391 -0.9370
vn 0.1619 0.3401 -0.9263
vn -0.6954 0.3329 0.6369
vn -0.6064 0.3330 0.7220
vn -0.7725 0.3328 0.5408
vn 0.7926 0.3393 0.5065
vn 0.7198 0.3388 0.6058
vn 0.2816 0.3405 -0.8971
vn 0.3963 0.3409 -0.8524
vn -0.8364 0.3328 0.4356
vn -0.8860 0.3328 0.3229
vn 0.6347 0.3382 0.6948
vn 0.5387 0.3377 0.7719
vn 0.5043 0.3412 -0.7932
vn 0.6036 0.3414 -0.7204
vn -0.9204 0.3330 0.2047
vn -0.9392 0.3332 0.0829
vn 0.4334 0.3371 0.8357
vn 0.3207 0.3365 0.8854
vn 0.6926 0.3416 -0.6353
vn 0.7697 0.3417 -0.5393
vn -0.9419 0.3334 -0.0401
vn -0.9285 0.3338 -0.1625
vn 0.2025 0.3359 0.9199
vn 0.0808 0.3354 0.9386
vn 0.8336 0.3417 -0.4340
vn 0.8832 0.3417 -0.3213
vn -0.8993 0.3342 -0.2822
vn -0.8546 0.3347 -0.3970
vn -0.0423 0.3349 0.9413
vn -0.1647 0.3344 0.9279
vn 0.9177 0.3415 -0.2031
vn 0.9364 0.3413 -0.0814
vn -0.7954 0.3352 -0.5049
vn -0.7226 0.3357 -0.6042
vn -0.2843 0.3340 0.8986
vn -0.3991 0.3336 0.8540
vn 0.9391 0.3410 0.0417
vn -0.6375 0.3363 -0.6932
vn -0.2053 0.3385 -0.9183
vn -0.5071 0.3333 0.7948
vn 0.9524 0.0517 0.3003
vn 0.9835 0.0521 0.1734
vn 0.9051 0.0512 0.4221
vn -0.4615 0.0486 -0.8858
vn -0.5732 0.0480 -0.8180
vn -0.3419 0.0493 -0.9384
vn 0.0432 0.0510 -0.9977
vn -0.0874 0.0504 -0.9949
vn 0.1731 0.0515 -0.9836
vn -0.7365 0.0439 0.6750
vn -0.6421 0.0440 0.7653
vn -0.8183 0.0438 0.5731
vn 0.8422 0.0507 0.5367
vn 0.7650 0.0501 0.6420
vn 0.3000 0.0519 -0.9525
vn 0.4218 0.0523 -0.9052
vn -0.8861 0.0437 0.4614
vn -0.9387 0.0438 0.3418
vn 0.6747 0.0495 0.7364
vn 0.5728 0.0489 0.8182
vn 0.5363 0.0527 -0.8423
vn 0.6417 0.0529 -0.7651
vn -0.9753 0.0439 0.2164
vn -0.9952 0.0442 0.0873
vn 0.4611 0.0483 0.8860
vn 0.3415 0.0477 0.9386
vn 0.7361 0.0531 -0.6748
vn 0.8179 0.0532 -0.5729
vn -0.9980 0.0445 -0.0433
vn -0.9839 0.0448 -0.1732
vn 0.2161 0.0471 0.9752
vn 0.0870 0.0465 0.9951
vn 0.8857 0.0532 -0.4612
vn 0.9383 0.0532 -0.3416
vn -0.9528 0.0453 -0.3001
vn -0.9055 0.0457 -0.4219
vn -0.0436 0.0460 0.9980
vn -0.1735 0.0454 0.9838
vn 0.9749 0.0530 -0.2162
vn 0.9948 0.0528 -0.0870
vn -0.8426 0.0463 -0.5364
vn -0.7654 0.0468 -0.6418
vn -0.3004 0.0450 0.9527
vn -0.4222 0.0446 0.9054
vn 0.9977 0.0525 0.0435
vn -0.6751 0.0474 -0.7362
vn -0.2165 0.0499 -0.9750
vn -0.5367 0.0443 0.8426
vn 0.8818 -0.3820 0.2765
vn 0.9105 -0.3816 0.1592
vn 0.8381 -0.3825 0.3890
vn -0.4247 -0.3848 -0.8195
vn -0.5278 -0.3854 -0.7568
vn -0.3142 -0.3843 -0.8681
vn 0.0417 -0.3827 -0.9229
vn -0.0790 -0.3832 -0.9203
vn 0.1617 -0.3822 -0.9098
vn -0.6787 -0.3893 0.6227
vn -0.5915 -0.3891 0.7061
vn -0.7543 -0.3894 0.5286
vn 0.7800 -0.3829 0.4949
vn 0.7086 -0.3835 0.5922
vn 0.2790 -0.3818 -0.8811
vn 0.3915 -0.3814 -0.8374
vn -0.8169 -0.3894 0.4253
vn -0.8656 -0.3893 0.3149
vn 0.6252 -0.3840 0.6794
vn 0.5310 -0.3846 0.7550
vn 0.4973 -0.3811 -0.7793
vn 0.5947 -0.3809 -0.7079
vn -0.8994 -0.3892 0.1990
vn -0.9178 -0.3890 0.0796
vn 0.4278 -0.3851 0.8177
vn 0.3173 -0.3857 0.8663
vn 0.6819 -0.3807 -0.6245
vn 0.7575 -0.3806 -0.5304
vn -0.9204 -0.3887 -0.0410
vn -0.9073 -0.3884 -0.1610
vn 0.2015 -0.3863 0.9001
vn 0.0821 -0.3868 0.9185
vn 0.8202 -0.3806 -0.4271
vn 0.8688 -0.3807 -0.3167
vn -0.8786 -0.3880 -0.2783
vn -0.8349 -0.3875 -0.3908
vn -0.0385 -0.3873 0.9211
vn -0.1585 -0.3878 0.9080
vn 0.9026 -0.3808 -0.2008
vn 0.9210 -0.3810 -0.0815
vn -0.7768 -0.3870 -0.4967
vn -0.7055 -0.3865 -0.5940
vn -0.2758 -0.3882 0.8793
vn -0.3883 -0.3886 0.8356
vn 0.9236 -0.3813 0.0392
vn -0.6220 -0.3860 -0.6812
vn -0.1983 -0.3837 -0.9019
vn -0.4942 -0.3889 0.7775
vn 0.9846 0.0185 0.1735
vn 0.9536 0.0181 0.3006
vn 0.9531 0.0355 0.3005
vn 0.9842 0.0359 0.1735
vn 0.9062 0.0176 0.4225
vn 0.9057 0.0350 0.4223
vn -0.5737 0.0144 -0.8189
vn -0.4619 0.0150 -0.8868
vn -0.4617 0.0324 -0.8864
vn -0.5735 0.0318 -0.8186
vn -0.3421 0.0157 -0.9395
vn -0.3421 0.0331 -0.9391
vn -0.0873 0.0168 -0.9960
vn 0.0434 0.0174 -0.9989
vn 0.0433 0.0348 -0.9984
vn -0.0874 0.0342 -0.9956
vn 0.1734 0.0179 -0.9847
vn 0.1733 0.0353 -0.9842
vn -0.6427 0.0104 0.7660
vn -0.7371 0.0103 0.6756
vn -0.7369 0.0276 0.6754
vn -0.6424 0.0278 0.7658
vn -0.8190 0.0101 0.5736
vn -0.8188 0.0275 0.5734
vn 0.8433 0.0171 0.5372
vn 0.8429 0.0345 0.5370
vn 0.7660 0.0165 0.6426
vn 0.7656 0.0339 0.6424
vn 0.3005 0.0183 -0.9536
vn 0.3003 0.0357 -0.9532
vn 0.4224 0.0187 -0.9062
vn 0.4221 0.0361 -0.9058
vn -0.8869 0.0101 0.4618
vn -0.8866 0.0275 0.4617
vn -0.9396 0.0102 0.3421
vn -0.9393 0.0276 0.3420
vn 0.6755 0.0159 0.7371
vn 0.6752 0.0333 0.7369
vn 0.5735 0.0153 0.8190
vn 0.5732 0.0327 0.8187
vn 0.5370 0.0191 -0.8433
vn 0.5368 0.0364 -0.8429
vn 0.6425 0.0193 -0.7660
vn 0.6422 0.0367 -0.7656
vn -0.9762 0.0103 0.2166
vn -0.9759 0.0277 0.2165
vn -0.9961 0.0106 0.0873
vn -0.9958 0.0279 0.0873
vn 0.4617 0.0147 0.8869
vn 0.4615 0.0321 0.8865
vn 0.3420 0.0141 0.9396
vn 0.3418 0.0315 0.9392
vn 0.7370 0.0195 -0.6756
vn 0.7367 0.0369 -0.6753
vn 0.8189 0.0196 -0.5736
vn 0.8185 0.0370 -0.5733
vn -0.9990 0.0109 -0.0434
vn -0.9987 0.0282 -0.0434
vn -0.9848 0.0112 -0.1734
vn -0.9844 0.0286 -0.1733
vn 0.2165 0.0135 0.9762
vn 0.2163 0.0309 0.9758
vn 0.0872 0.0129 0.9961
vn 0.0871 0.0303 0.9957
vn 0.8868 0.0196 -0.4618
vn 0.8863 0.0370 -0.4615
vn 0.9395 0.0196 -0.3421
vn 0.9390 0.0369 -0.3419
vn -0.9537 0.0116 -0.3005
vn -0.9534 0.0290 -0.3003
vn -0.9063 0.0121 -0.4224
vn -0.9060 0.0295 -0.4222
vn -0.0435 0.0124 0.9990
vn -0.0436 0.0297 0.9986
vn -0.1735 0.0118 0.9847
vn -0.1735 0.0292 0.9844
vn 0.9761 0.0194 -0.2165
vn 0.9756 0.0368 -0.2163
vn 0.9960 0.0192 -0.0872
vn 0.9955 0.0366 -0.0872
vn -0.8434 0.0126 -0.5371
vn -0.8431 0.0300 -0.5368
vn -0.7661 0.0132 -0.6426
vn -0.7658 0.0306 -0.6423
vn -0.3006 0.0114 0.9537
vn -0.3005 0.0288 0.9533
vn -0.4225 0.0110 0.9063
vn -0.4224 0.0284 0.9059
vn 0.9989 0.0189 0.0435
vn 0.9984 0.0363 0.0435
vn -0.6756 0.0138 -0.7371
vn -0.6755 0.0312 -0.7367
vn -0.2166 0.0163 -0.9761
vn -0.2166 0.0337 -0.9757
vn -0.5372 0.0107 0.8434
vn -0.5370 0.0280 0.8431
vn -0.5361 -0.0606 0.8420
vn -0.4216 -0.0602 0.9048
vn -0.6414 -0.0608 0.7648
vn -0.6422 -0.0349 0.7657
vn -0.5368 -0.0346 0.8430
vn -0.4222 -0.0343 0.9059
vn -0.2160 -0.0550 -0.9748
vn -0.3413 -0.0556 -0.9383
vn -0.0869 -0.0544 -0.9947
vn -0.0871 -0.0285 -0.9958
vn -0.2163 -0.0291 -0.9759
vn -0.3418 -0.0296 -0.9393
vn -0.6744 -0.0574 -0.7361
vn -0.7647 -0.0580 -0.6418
vn -0.5725 -0.0568 -0.8179
vn -0.5733 -0.0309 -0.8188
vn -0.6752 -0.0315 -0.7369
vn -0.7656 -0.0321 -0.6424
vn 0.9977 -0.0524 0.0433
vn 0.9948 -0.0521 -0.0873
vn 0.9835 -0.0527 0.1731
vn 0.9845 -0.0268 0.1733
vn 0.9987 -0.0264 0.0434
vn 0.9958 -0.0261 -0.0873
vn -0.2998 -0.0598 0.9521
vn -0.1730 -0.0594 0.9831
vn -0.3003 -0.0339 0.9532
vn -0.1733 -0.0334 0.9843
vn -0.8419 -0.0586 -0.5365
vn -0.9047 -0.0591 -0.4219
vn -0.8429 -0.0327 -0.5370
vn -0.9058 -0.0332 -0.4223
vn 0.9749 -0.0519 -0.2163
vn 0.9384 -0.0517 -0.3417
vn 0.9759 -0.0259 -0.2165
vn 0.9393 -0.0258 -0.3421
vn -0.0432 -0.0589 0.9973
vn 0.0874 -0.0584 0.9944
vn -0.0433 -0.0330 0.9985
vn 0.0874 -0.0324 0.9956
vn -0.9520 -0.0596 -0.3002
vn -0.9830 -0.0600 -0.1734
vn -0.9532 -0.0337 -0.3005
vn -0.9842 -0.0341 -0.1735
vn 0.8857 -0.0516 -0.4613
vn 0.8180 -0.0517 -0.5729
vn 0.8866 -0.0257 -0.4617
vn 0.8188 -0.0257 -0.5735
vn 0.2164 -0.0578 0.9746
vn 0.3418 -0.0572 0.9380
vn 0.2166 -0.0318 0.9757
vn 0.3421 -0.0312 0.9391
vn -0.9972 -0.0604 -0.0435
vn -0.9944 -0.0607 0.0870
vn -0.9984 -0.0345 -0.0435
vn -0.9956 -0.0348 0.0872
vn 0.7362 -0.0518 -0.6747
vn 0.6419 -0.0519 -0.7650
vn 0.7370 -0.0258 -0.6754
vn 0.6425 -0.0260 -0.7658
vn 0.4613 -0.0566 0.8854
vn 0.5730 -0.0559 0.8176
vn 0.4618 -0.0306 0.8864
vn 0.5735 -0.0300 0.8186
vn -0.9745 -0.0609 0.2161
vn -0.9379 -0.0611 0.3414
vn -0.9757 -0.0350 0.2164
vn -0.9391 -0.0351 0.3419
vn 0.5365 -0.0522 -0.8422
vn 0.4220 -0.0525 -0.9050
vn 0.5370 -0.0262 -0.8431
vn 0.4224 -0.0266 -0.9060
vn 0.6748 -0.0553 0.7359
vn 0.7651 -0.0547 0.6415
vn 0.6755 -0.0294 0.7367
vn 0.7659 -0.0288 0.6423
vn -0.8853 -0.0611 0.4610
vn -0.8175 -0.0611 0.5726
vn -0.8864 -0.0352 0.4616
vn -0.8185 -0.0352 0.5733
vn 0.3003 -0.0529 -0.9524
vn 0.1734 -0.0533 -0.9834
vn 0.3005 -0.0269 -0.9534
vn 0.1735 -0.0274 -0.9844
vn 0.8423 -0.0542 0.5362
vn 0.9051 -0.0536 0.4217
vn 0.8432 -0.0282 0.5369
vn 0.9060 -0.0277 0.4222
vn -0.7358 -0.0610 0.6745
vn -0.7367 -0.0351 0.6753
vn 0.0436 -0.0539 -0.9976
vn 0.0436 -0.0279 -0.9987
vn -0.4609 -0.0562 -0.8856
vn -0.4615 -0.0303 -0.8866
vn 0.9525 -0.0532 0.3000
vn 0.9534 -0.0272 0.3004
vn -0.5371 -0.0104 0.8434
vn -0.4224 -0.0100 0.9063
vn -0.6426 -0.0106 0.7661
vn -0.2165 -0.0048 -0.9763
vn -0.3421 -0.0054 -0.9396
vn -0.0873 -0.0042 -0.9962
vn -0.6756 -0.0072 -0.7372
vn -0.7661 -0.0078 -0.6427
vn -0.5736 -0.0066 -0.8191
vn 0.9990 -0.0021 0.0435
vn 0.9962 -0.0019 -0.0873
vn 0.9848 -0.0025 0.1735
vn -0.3005 -0.0096 0.9537
vn -0.1735 -0.0092 0.9848
vn -0.8434 -0.0084 -0.5372
vn -0.9063 -0.0089 -0.4225
vn 0.9763 -0.0016 -0.2166
vn 0.9396 -0.0015 -0.3421
vn -0.0434 -0.0087 0.9990
vn 0.0873 -0.0081 0.9961
vn -0.9537 -0.0094 -0.3006
vn -0.9848 -0.0098 -0.1735
vn 0.8869 -0.0014 -0.4619
vn 0.8191 -0.0014 -0.5737
vn 0.2166 -0.0076 0.9762
vn 0.3421 -0.0070 0.9396
vn -0.9990 -0.0102 -0.0435
vn -0.9961 -0.0105 0.0873
vn 0.7372 -0.0015 -0.6757
vn 0.6427 -0.0017 -0.7661
vn 0.4619 -0.0063 0.8869
vn 0.5737 -0.0057 0.8190
vn -0.9762 -0.0107 0.2165
vn -0.9396 -0.0108 0.3421
vn 0.5372 -0.0020 -0.8434
vn 0.4225 -0.0023 -0.9063
vn 0.6757 -0.0051 0.7371
vn 0.7661 -0.0045 0.6427
vn -0.8869 -0.0109 0.4618
vn -0.8190 -0.0109 0.5736
vn 0.3006 -0.0027 -0.9537
vn 0.1735 -0.0031 -0.9848
vn 0.8434 -0.0039 0.5372
vn 0.9063 -0.0034 0.4225
vn -0.7371 -0.0108 0.6756
vn 0.0435 -0.0036 -0.9990
vn -0.4618 -0.0060 -0.8869
vn 0.9537 -0.0029 0.3005
vn 0.0882 0.9798 0.1794
vn 0.0682 0.9773 0.2007
vn 0.1171 0.9775 0.1753
vn 0.0068 0.9998 0.0180
vn -0.0007 0.9999 0.0089
vn 0.0024 0.9998 0.0203
vn -0.1990 0.9789 0.0455
vn -0.2144 0.9765 0.0207
vn -0.2025 0.9764 0.0745
vn -0.0221 0.9997 0.0089
vn -0.0113 0.9999 0.0039
vn -0.0232 0.9997 0.0040
vn 0.1032 0.9807 -0.1661
vn 0.1317 0.9784 -0.1595
vn 0.0852 0.9782 -0.1891
vn 0.0040 0.9999 -0.0150
vn -0.0002 1.0000 -0.0039
vn 0.0082 0.9999 -0.0123
vn 0.1309 0.9800 0.1495
vn 0.1578 0.9778 0.1380
vn 0.0105 0.9998 0.0146
vn 0.0009 0.9999 0.0078
vn -0.1812 0.9789 0.0945
vn -0.1770 0.9764 0.1234
vn -0.0198 0.9997 0.0133
vn -0.0107 0.9999 0.0057
vn 0.0560 0.9805 -0.1881
vn 0.0326 0.9781 -0.2057
vn -0.0008 0.9998 -0.0165
vn -0.0019 1.0000 -0.0047
vn 0.1644 0.9803 0.1096
vn 0.1874 0.9780 0.0915
vn 0.0132 0.9998 0.0104
vn 0.0021 1.0000 0.0063
vn -0.1512 0.9789 0.1372
vn -0.1397 0.9765 0.1641
vn -0.0164 0.9997 0.0170
vn -0.0096 0.9999 0.0073
vn 0.0046 0.9803 -0.1972
vn -0.0225 0.9778 -0.2081
vn -0.0058 0.9998 -0.0167
vn -0.0038 1.0000 -0.0050
vn -0.0963 0.9799 -0.1748
vn -0.0763 0.9776 -0.1961
vn -0.1252 0.9773 -0.1707
vn -0.0151 0.9998 -0.0133
vn -0.0075 0.9999 -0.0042
vn -0.0107 0.9998 -0.0157
vn 0.1864 0.9805 0.0623
vn 0.2040 0.9782 0.0389
vn 0.0147 0.9998 0.0056
vn 0.0029 1.0000 0.0045
vn -0.1113 0.9790 0.1707
vn -0.0932 0.9766 0.1937
vn -0.0122 0.9997 0.0197
vn -0.0081 0.9999 0.0085
vn -0.0473 0.9801 -0.1927
vn -0.0057 1.0000 -0.0049
vn -0.1390 0.9796 -0.1449
vn -0.1658 0.9771 -0.1334
vn -0.0188 0.9998 -0.0099
vn -0.0091 0.9999 -0.0031
vn 0.1954 0.9806 0.0110
vn 0.2063 0.9783 -0.0161
vn 0.0150 0.9999 0.0007
vn 0.0032 1.0000 0.0027
vn -0.0641 0.9791 0.1928
vn -0.0407 0.9768 0.2103
vn -0.0074 0.9997 0.0212
vn -0.0063 0.9999 0.0094
vn -0.1725 0.9794 -0.1050
vn -0.1954 0.9768 -0.0869
vn -0.0215 0.9997 -0.0057
vn -0.0103 0.9999 -0.0016
vn 0.1909 0.9807 -0.0409
vn 0.1944 0.9784 -0.0699
vn 0.0139 0.9999 -0.0042
vn 0.0031 1.0000 0.0007
vn -0.0127 0.9793 0.2018
vn 0.0144 0.9770 0.2127
vn -0.0024 0.9998 0.0214
vn -0.0044 0.9999 0.0097
vn -0.1945 0.9792 -0.0577
vn -0.2120 0.9767 -0.0343
vn -0.0230 0.9997 -0.0010
vn -0.0112 0.9999 0.0001
vn 0.1731 0.9808 -0.0899
vn 0.1690 0.9784 -0.1188
vn 0.0115 0.9999 -0.0086
vn 0.0024 1.0000 -0.0010
vn 0.0392 0.9796 0.1972
vn -0.0025 0.9999 0.0096
vn -0.2036 0.9790 -0.0064
vn -0.0115 0.9999 0.0020
vn 0.1432 0.9807 -0.1326
vn 0.0013 1.0000 -0.0026
vn -0.0041 1.0000 0.0023
vn 0.3980 -0.3413 -0.8515
vn 0.3268 -0.6383 -0.6970
vn 0.4148 -0.6380 -0.6487
vn 0.5056 -0.3410 -0.7925
vn 0.4958 -0.6378 -0.5894
vn 0.6046 -0.3408 -0.7199
vn 0.5362 0.0578 -0.8421
vn 0.6415 0.0581 -0.7649
vn 0.4216 0.0575 -0.9049
vn 0.3226 -0.3457 0.8811
vn 0.2652 -0.6418 0.7195
vn 0.1688 -0.6423 0.7476
vn 0.2047 -0.3463 0.9155
vn 0.0696 -0.6428 0.7629
vn 0.0833 -0.3468 0.9342
vn 0.2160 0.0522 0.9750
vn 0.0869 0.0517 0.9948
vn 0.3414 0.0529 0.9384
vn 0.7205 -0.3434 0.6024
vn 0.5905 -0.6400 0.4916
vn 0.5211 -0.6404 0.5642
vn 0.6356 -0.3439 0.6911
vn 0.4429 -0.6409 0.6270
vn 0.5399 -0.3446 0.7680
vn 0.6745 0.0547 0.7362
vn 0.5726 0.0541 0.8180
vn 0.7648 0.0553 0.6419
vn -0.9336 -0.3490 0.0811
vn -0.7617 -0.6446 0.0655
vn -0.7639 -0.6443 -0.0349
vn -0.9363 -0.3487 -0.0416
vn -0.7530 -0.6440 -0.1346
vn -0.9229 -0.3484 -0.1637
vn -0.9978 0.0496 -0.0433
vn -0.9836 0.0500 -0.1731
vn -0.9949 0.0493 0.0873
vn 0.1643 -0.3421 -0.9252
vn 0.1358 -0.6389 -0.7572
vn 0.2333 -0.6386 -0.7333
vn 0.2835 -0.3417 -0.8960
vn 0.2999 0.0571 -0.9522
vn 0.1730 0.0567 -0.9833
vn 0.8521 -0.3424 0.3957
vn 0.6981 -0.6391 0.3227
vn 0.6499 -0.6395 0.4107
vn 0.7931 -0.3429 0.5034
vn 0.8420 0.0558 0.5365
vn 0.9048 0.0564 0.4220
vn -0.8805 -0.3493 0.3203
vn -0.7183 -0.6448 0.2610
vn -0.7465 -0.6447 0.1646
vn -0.9149 -0.3492 0.2025
vn -0.9751 0.0491 0.2164
vn -0.9385 0.0490 0.3417
vn -0.0805 -0.3431 -0.9358
vn -0.0643 -0.6397 -0.7659
vn 0.0360 -0.6393 -0.7681
vn 0.0422 -0.3426 -0.9385
vn 0.0432 0.0562 -0.9975
vn -0.0874 0.0556 -0.9946
vn 0.9258 -0.3415 0.1621
vn 0.7583 -0.6384 0.1316
vn 0.7345 -0.6388 0.2291
vn 0.8966 -0.3419 0.2813
vn 0.9521 0.0569 0.3003
vn 0.9832 0.0573 0.1734
vn -0.7674 -0.3494 0.5376
vn -0.6258 -0.6449 0.4387
vn -0.6779 -0.6449 0.3529
vn -0.8310 -0.3494 0.4327
vn -0.8859 0.0489 0.4613
vn -0.8181 0.0489 0.5730
vn -0.3197 -0.3442 -0.8827
vn -0.2599 -0.6406 -0.7225
vn -0.1635 -0.6402 -0.7506
vn -0.2018 -0.3436 -0.9171
vn -0.2165 0.0550 -0.9747
vn -0.3419 0.0544 -0.9381
vn 0.9364 -0.3409 -0.0827
vn 0.7670 -0.6379 -0.0685
vn 0.7692 -0.6381 0.0319
vn 0.9391 -0.3412 0.0400
vn 0.9974 0.0576 0.0435
vn 0.9945 0.0580 -0.0870
vn -0.6018 -0.3491 0.7183
vn -0.4905 -0.6446 0.5864
vn -0.5630 -0.6448 0.5170
vn -0.6905 -0.3493 0.6334
vn -0.7363 0.0490 0.6748
vn -0.6420 0.0492 0.7651
vn -0.5370 -0.3454 -0.7696
vn -0.4375 -0.6416 -0.6300
vn -0.3518 -0.6411 -0.6821
vn -0.4321 -0.3448 -0.8333
vn -0.4614 0.0538 -0.8855
vn -0.5731 0.0532 -0.8177
vn 0.8834 -0.3406 -0.3219
vn 0.7237 -0.6376 -0.2640
vn 0.7518 -0.6377 -0.1677
vn 0.9177 -0.3407 -0.2041
vn 0.9746 0.0582 -0.2161
vn 0.9380 0.0583 -0.3415
vn -0.3951 -0.3486 0.8499
vn -0.3215 -0.6442 0.6940
vn -0.4095 -0.6444 0.6457
vn -0.5028 -0.3489 0.7909
vn -0.5366 0.0494 0.8423
vn -0.4221 0.0498 0.9052
vn -0.7176 -0.3465 -0.6040
vn -0.5852 -0.6425 -0.4946
vn -0.5158 -0.6420 -0.5672
vn -0.6328 -0.3460 -0.6927
vn -0.6749 0.0526 -0.7360
vn -0.7652 0.0520 -0.6416
vn 0.7702 -0.3405 -0.5393
vn 0.6311 -0.6376 -0.4417
vn 0.6832 -0.6376 -0.3559
vn 0.8339 -0.3405 -0.4343
vn 0.8854 0.0584 -0.4610
vn 0.8177 0.0584 -0.5727
vn -0.1614 -0.3478 0.9236
vn -0.1305 -0.6435 0.7542
vn -0.2280 -0.6439 0.7303
vn -0.2807 -0.3482 0.8944
vn -0.3003 0.0502 0.9525
vn -0.1735 0.0506 0.9835
vn -0.8493 -0.3475 -0.3974
vn -0.6928 -0.6433 -0.3257
vn -0.6446 -0.6429 -0.4137
vn -0.7902 -0.3470 -0.5050
vn -0.8425 0.0514 -0.5363
vn -0.9053 0.0509 -0.4217
vn 0.5683 -0.6377 -0.5200
vn 0.6934 -0.3406 -0.6350
vn 0.7359 0.0583 -0.6746
vn -0.0307 -0.6431 0.7651
vn -0.0394 -0.3473 0.9369
vn -0.0436 0.0511 0.9977
vn 0.3570 -0.6413 0.6791
vn 0.4349 -0.3451 0.8317
vn 0.4610 0.0535 0.8858
vn -0.7292 -0.6437 -0.2321
vn -0.8938 -0.3480 -0.2829
vn -0.9526 0.0504 -0.3000
vn -0.7674 0.6271 -0.1333
vn -0.9294 0.3312 -0.1627
vn -0.9001 0.3316 -0.2824
vn -0.7433 0.6274 -0.2319
vn -0.8555 0.3321 -0.3973
vn -0.7065 0.6278 -0.3266
vn -0.9478 0.1124 -0.2983
vn -0.9007 0.1129 -0.4194
vn -0.9787 0.1120 -0.1721
vn 0.4429 0.6303 0.6376
vn 0.5392 0.3351 0.7726
vn 0.4339 0.3345 0.8366
vn 0.3561 0.6298 0.6903
vn 0.3210 0.3339 0.8862
vn 0.2631 0.6293 0.7312
vn 0.4583 0.1155 0.8813
vn 0.3394 0.1149 0.9336
vn 0.5694 0.1161 0.8138
vn 0.0652 0.6284 0.7751
vn 0.0809 0.3328 0.9395
vn -0.0423 0.3323 0.9422
vn -0.0363 0.6279 0.7774
vn -0.1649 0.3318 0.9288
vn -0.1373 0.6276 0.7663
vn -0.0436 0.1132 0.9926
vn -0.1728 0.1126 0.9785
vn 0.0862 0.1137 0.9897
vn 0.4965 0.6334 -0.5935
vn 0.6042 0.3389 -0.7212
vn 0.6933 0.3390 -0.6359
vn 0.5699 0.6335 -0.5233
vn 0.7704 0.3391 -0.5398
vn 0.6335 0.6336 -0.4440
vn 0.7317 0.1202 -0.6709
vn 0.8131 0.1203 -0.5695
vn 0.6379 0.1201 -0.7607
vn -0.7962 0.3326 -0.5054
vn -0.6576 0.6282 -0.4157
vn -0.7233 0.3331 -0.6048
vn -0.5976 0.6287 -0.4976
vn -0.8383 0.1134 -0.5333
vn -0.7614 0.1140 -0.6381
vn -0.2846 0.3314 0.8995
vn -0.2360 0.6272 0.7422
vn -0.3995 0.3310 0.8549
vn -0.3307 0.6269 0.7054
vn -0.2990 0.1122 0.9476
vn -0.4201 0.1118 0.9005
vn 0.8344 0.3391 -0.4344
vn 0.6862 0.6336 -0.3572
vn 0.8841 0.3391 -0.3216
vn 0.7271 0.6336 -0.2642
vn 0.8805 0.1204 -0.4585
vn 0.9328 0.1203 -0.3395
vn -0.6381 0.3337 -0.6939
vn -0.5274 0.6291 -0.5710
vn -0.5420 0.3342 -0.7711
vn -0.4481 0.6296 -0.6346
vn -0.6716 0.1146 -0.7320
vn -0.5703 0.1152 -0.8133
vn -0.5076 0.3307 0.7956
vn -0.4198 0.6267 0.6565
vn -0.6070 0.3305 0.7227
vn -0.5017 0.6265 0.5965
vn -0.5340 0.1115 0.8380
vn -0.6388 0.1112 0.7612
vn 0.9186 0.3389 -0.2033
vn 0.7556 0.6334 -0.1667
vn 0.9373 0.3387 -0.0815
vn 0.7711 0.6333 -0.0663
vn 0.9692 0.1202 -0.2148
vn 0.9890 0.1199 -0.0864
vn -0.4366 0.3348 -0.8350
vn -0.3613 0.6301 -0.6873
vn -0.3238 0.3354 -0.8846
vn -0.2683 0.6305 -0.7283
vn -0.4592 0.1158 -0.8807
vn -0.3403 0.1164 -0.9330
vn -0.6960 0.3303 0.6375
vn -0.5751 0.6263 0.5262
vn -0.7732 0.3302 0.5414
vn -0.6387 0.6263 0.4470
vn -0.7327 0.1111 0.6714
vn -0.8140 0.1110 0.5701
vn 0.9400 0.3385 0.0417
vn 0.7733 0.6330 0.0352
vn 0.9266 0.3381 0.1643
vn 0.7622 0.6328 0.1362
vn 0.9919 0.1197 0.0435
vn 0.9777 0.1193 0.1726
vn -0.2055 0.3360 -0.9192
vn -0.1708 0.6310 -0.7567
vn -0.0836 0.3365 -0.9379
vn -0.0704 0.6315 -0.7722
vn -0.2156 0.1170 -0.9694
vn -0.0872 0.1176 -0.9892
vn -0.8372 0.3302 0.4360
vn -0.6914 0.6262 0.3601
vn -0.8868 0.3303 0.3232
vn -0.7323 0.6263 0.2672
vn -0.8814 0.1109 0.4590
vn -0.9338 0.1110 0.3401
vn 0.8974 0.3377 0.2840
vn 0.7381 0.6324 0.2349
vn 0.8527 0.3373 0.3989
vn 0.7013 0.6321 0.3296
vn 0.9469 0.1189 0.2988
vn 0.8998 0.1184 0.4199
vn 0.0396 0.3370 -0.9406
vn 0.0312 0.6319 -0.7744
vn 0.1621 0.3375 -0.9272
vn 0.1321 0.6323 -0.7634
vn 0.0427 0.1182 -0.9921
vn 0.1718 0.1187 -0.9779
vn -0.9213 0.3304 0.2048
vn -0.7608 0.6264 0.1697
vn -0.9401 0.3306 0.0830
vn -0.7762 0.6266 0.0692
vn -0.9702 0.1111 0.2154
vn -0.9900 0.1114 0.0869
vn 0.7934 0.3367 0.5070
vn 0.6525 0.6316 0.4187
vn 0.7205 0.3362 0.6064
vn 0.5924 0.6312 0.5006
vn 0.8373 0.1179 0.5338
vn 0.7605 0.1173 0.6386
vn 0.2818 0.3379 -0.8979
vn 0.2308 0.6326 -0.7392
vn 0.3967 0.3383 -0.8533
vn 0.3255 0.6330 -0.7024
vn 0.2981 0.1191 -0.9471
vn 0.4192 0.1195 -0.9000
vn -0.9428 0.3309 -0.0402
vn -0.7785 0.6268 -0.0323
vn -0.9928 0.1117 -0.0429
vn 0.6353 0.3357 0.6955
vn 0.5221 0.6308 0.5740
vn 0.6706 0.1167 0.7325
vn 0.2027 0.3334 0.9207
vn 0.1656 0.6288 0.7597
vn 0.2146 0.1143 0.9700
vn 0.5048 0.3386 -0.7940
vn 0.4146 0.6332 -0.6536
vn 0.5331 0.1198 -0.8375
vn 0.3586 -0.5338 -0.7658
vn 0.3700 -0.4880 -0.7906
vn 0.4699 -0.4877 -0.7358
vn 0.4553 -0.5335 -0.7128
vn 0.5618 -0.4874 -0.6684
vn 0.5443 -0.5333 -0.6475
vn 0.4899 -0.4134 -0.7675
vn 0.5858 -0.4132 -0.6972
vn 0.3857 -0.4137 -0.8246
vn 0.4089 -0.2575 -0.8755
vn 0.4156 -0.1857 -0.8904
vn 0.5282 -0.1854 -0.8286
vn 0.5196 -0.2571 -0.8148
vn 0.6318 -0.1851 -0.7527
vn 0.6214 -0.2569 -0.7401
vn 0.5335 -0.1208 -0.8371
vn 0.6381 -0.1205 -0.7604
vn 0.4197 -0.1211 -0.8995
vn 0.4216 0.0613 -0.9047
vn 0.4154 0.1764 -0.8923
vn 0.5284 0.1768 -0.8304
vn 0.5360 0.0616 -0.8419
vn 0.6323 0.1770 -0.7542
vn 0.6414 0.0618 -0.7647
vn 0.5149 0.2814 -0.8097
vn 0.6163 0.2817 -0.7354
vn 0.4047 0.2811 -0.8701
vn 0.3633 0.5053 -0.7827
vn 0.3329 0.6110 -0.7182
vn 0.4240 0.6113 -0.6682
vn 0.4625 0.5056 -0.7283
vn 0.5077 0.6115 -0.6068
vn 0.5538 0.5058 -0.6614
vn 0.3828 0.6990 -0.6040
vn 0.4586 0.6992 -0.5484
vn 0.3005 0.6988 -0.6491
vn 0.2908 -0.5377 0.7914
vn 0.3000 -0.4920 0.8172
vn 0.1906 -0.4925 0.8491
vn 0.1849 -0.5382 0.8223
vn 0.0780 -0.4931 0.8665
vn 0.0758 -0.5387 0.8390
vn 0.1985 -0.4185 0.8862
vn 0.0810 -0.4190 0.9043
vn 0.3126 -0.4180 0.8529
vn 0.3313 -0.2619 0.9064
vn 0.3367 -0.1903 0.9221
vn 0.2134 -0.1909 0.9581
vn 0.2101 -0.2625 0.9417
vn 0.0865 -0.1914 0.9777
vn 0.0853 -0.2631 0.9610
vn 0.2154 -0.1263 0.9683
vn 0.0871 -0.1269 0.9881
vn 0.3400 -0.1257 0.9320
vn 0.3413 0.0566 0.9382
vn 0.3363 0.1718 0.9259
vn 0.2126 0.1712 0.9620
vn 0.2159 0.0560 0.9748
vn 0.0852 0.1707 0.9816
vn 0.0869 0.0554 0.9947
vn 0.2069 0.2761 0.9386
vn 0.0827 0.2755 0.9577
vn 0.3276 0.2767 0.9034
vn 0.2938 0.5013 0.8138
vn 0.2691 0.6073 0.7475
vn 0.1694 0.6068 0.7765
vn 0.1852 0.5007 0.8455
vn 0.0668 0.6064 0.7924
vn 0.0734 0.5002 0.8628
vn 0.1526 0.6950 0.7026
vn 0.0598 0.6946 0.7169
vn 0.2428 0.6954 0.6763
vn 0.6485 -0.5356 0.5409
vn 0.6693 -0.4899 0.5586
vn 0.5905 -0.4904 0.6409
vn 0.5722 -0.5361 0.6206
vn 0.5017 -0.4910 0.7122
vn 0.4861 -0.5366 0.6897
vn 0.6158 -0.4163 0.6689
vn 0.5231 -0.4169 0.7434
vn 0.6980 -0.4158 0.5831
vn 0.7406 -0.2596 0.6197
vn 0.7530 -0.1878 0.6306
vn 0.6642 -0.1885 0.7234
vn 0.6533 -0.2601 0.7110
vn 0.5640 -0.1890 0.8038
vn 0.5548 -0.2608 0.7900
vn 0.6709 -0.1239 0.7311
vn 0.5697 -0.1245 0.8123
vn 0.7606 -0.1233 0.6373
vn 0.7646 0.0590 0.6417
vn 0.7539 0.1743 0.6334
vn 0.6648 0.1737 0.7265
vn 0.6743 0.0584 0.7361
vn 0.5643 0.1731 0.8072
vn 0.5725 0.0578 0.8178
vn 0.6480 0.2784 0.7089
vn 0.5500 0.2778 0.7876
vn 0.7349 0.2790 0.6181
vn 0.6605 0.5034 0.5570
vn 0.6058 0.6092 0.5117
vn 0.5340 0.6088 0.5867
vn 0.5823 0.5029 0.6388
vn 0.4530 0.6083 0.6517
vn 0.4941 0.5023 0.7096
vn 0.4823 0.6968 0.5309
vn 0.4090 0.6963 0.5897
vn 0.5472 0.6972 0.4631
vn -0.8381 -0.5407 0.0724
vn -0.8656 -0.4951 0.0749
vn -0.8681 -0.4948 -0.0390
vn -0.8405 -0.5404 -0.0379
vn -0.8557 -0.4945 -0.1523
vn -0.8285 -0.5401 -0.1476
vn -0.9062 -0.4209 -0.0405
vn -0.8932 -0.4206 -0.1587
vn -0.9036 -0.4212 0.0783
vn -0.9605 -0.2654 0.0836
vn -0.9773 -0.1937 0.0852
vn -0.9801 -0.1934 -0.0431
vn -0.9633 -0.2651 -0.0426
vn -0.9662 -0.1931 -0.1708
vn -0.9496 -0.2647 -0.1681
vn -0.9907 -0.1289 -0.0434
vn -0.9766 -0.1285 -0.1724
vn -0.9878 -0.1292 0.0863
vn -0.9948 0.0531 0.0873
vn -0.9819 0.1684 0.0864
vn -0.9847 0.1687 -0.0424
vn -0.9976 0.0534 -0.0433
vn -0.9707 0.1690 -0.1705
vn -0.9834 0.0537 -0.1731
vn -0.9610 0.2735 -0.0411
vn -0.9473 0.2739 -0.1661
vn -0.9582 0.2733 0.0845
vn -0.8636 0.4982 0.0767
vn -0.7934 0.6045 0.0707
vn -0.7957 0.6048 -0.0331
vn -0.8661 0.4985 -0.0364
vn -0.7844 0.6050 -0.1363
vn -0.8538 0.4988 -0.1489
vn -0.7202 0.6931 -0.0296
vn -0.7100 0.6934 -0.1230
vn -0.7181 0.6929 0.0643
vn 0.1486 -0.5345 -0.8320
vn 0.1531 -0.4887 -0.8589
vn 0.2638 -0.4883 -0.8318
vn 0.2557 -0.5341 -0.8058
vn 0.2748 -0.4141 -0.8677
vn 0.1594 -0.4145 -0.8960
vn 0.1686 -0.2582 -0.9512
vn 0.1711 -0.1865 -0.9674
vn 0.2959 -0.1861 -0.9369
vn 0.2912 -0.2578 -0.9212
vn 0.2987 -0.1215 -0.9466
vn 0.1726 -0.1219 -0.9774
vn 0.1730 0.0604 -0.9831
vn 0.1702 0.1756 -0.9696
vn 0.2953 0.1761 -0.9390
vn 0.2998 0.0609 -0.9520
vn 0.2876 0.2807 -0.9156
vn 0.1655 0.2803 -0.9455
vn 0.1480 0.5046 -0.8506
vn 0.1352 0.6103 -0.7805
vn 0.2361 0.6107 -0.7558
vn 0.2579 0.5050 -0.8237
vn 0.2129 0.6985 -0.6832
vn 0.1217 0.6982 -0.7055
vn 0.7668 -0.5347 0.3551
vn 0.7914 -0.4889 0.3668
vn 0.7366 -0.4894 0.4667
vn 0.7137 -0.5351 0.4519
vn 0.7682 -0.4152 0.4872
vn 0.8254 -0.4147 0.3830
vn 0.8760 -0.2585 0.4072
vn 0.8907 -0.1868 0.4144
vn 0.8289 -0.1873 0.5270
vn 0.8152 -0.2590 0.5179
vn 0.8373 -0.1227 0.5327
vn 0.8997 -0.1222 0.4189
vn 0.9046 0.0601 0.4219
vn 0.8920 0.1753 0.4165
vn 0.8301 0.1748 0.5295
vn 0.8418 0.0596 0.5364
vn 0.8092 0.2795 0.5167
vn 0.8696 0.2800 0.4065
vn 0.7818 0.5043 0.3666
vn 0.7171 0.6101 0.3369
vn 0.6672 0.6097 0.4279
vn 0.7274 0.5039 0.4658
vn 0.6027 0.6976 0.3873
vn 0.6479 0.6980 0.3050
vn -0.7904 -0.5410 0.2873
vn -0.8163 -0.4954 0.2968
vn -0.8482 -0.4953 0.1874
vn -0.8213 -0.5408 0.1814
vn -0.8855 -0.4214 0.1958
vn -0.8522 -0.4215 0.3099
vn -0.9059 -0.2657 0.3296
vn -0.9218 -0.1941 0.3355
vn -0.9578 -0.1939 0.2122
vn -0.9413 -0.2655 0.2084
vn -0.9681 -0.1294 0.2145
vn -0.9317 -0.1296 0.3392
vn -0.9383 0.0527 0.3417
vn -0.9262 0.1680 0.3374
vn -0.9623 0.1682 0.2137
vn -0.9749 0.0529 0.2163
vn -0.9391 0.2730 0.2087
vn -0.9039 0.2729 0.3294
vn -0.8148 0.4979 0.2971
vn -0.7485 0.6042 0.2730
vn -0.7776 0.6043 0.1733
vn -0.8464 0.4980 0.1885
vn -0.7038 0.6927 0.1571
vn -0.6775 0.6926 0.2473
vn -0.0714 -0.5354 -0.8416
vn -0.0740 -0.4896 -0.8688
vn 0.0399 -0.4891 -0.8713
vn 0.0389 -0.5349 -0.8440
vn 0.0412 -0.4150 -0.9089
vn -0.0776 -0.4154 -0.9063
vn -0.0832 -0.2593 -0.9622
vn -0.0849 -0.1875 -0.9785
vn 0.0435 -0.1870 -0.9814
vn 0.0430 -0.2587 -0.9650
vn 0.0436 -0.1224 -0.9915
vn -0.0861 -0.1230 -0.9886
vn -0.0874 0.0594 -0.9944
vn -0.0867 0.1746 -0.9808
vn 0.0421 0.1751 -0.9836
vn 0.0432 0.0599 -0.9973
vn 0.0406 0.2798 -0.9592
vn -0.0850 0.2793 -0.9564
vn -0.0775 0.5036 -0.8604
vn -0.0718 0.6095 -0.7895
vn 0.0320 0.6099 -0.7918
vn 0.0355 0.5041 -0.8629
vn 0.0283 0.6978 -0.7157
vn -0.0655 0.6974 -0.7136
vn 0.8329 -0.5339 0.1451
vn 0.8598 -0.4881 0.1500
vn 0.8327 -0.4885 0.2606
vn 0.8068 -0.5343 0.2523
vn 0.8685 -0.4143 0.2722
vn 0.8967 -0.4139 0.1567
vn 0.9517 -0.2576 0.1669
vn 0.9677 -0.1859 0.1699
vn 0.9372 -0.1863 0.2947
vn 0.9217 -0.2581 0.2895
vn 0.9468 -0.1217 0.2979
vn 0.9776 -0.1213 0.1718
vn 0.9829 0.0610 0.1733
vn 0.9693 0.1762 0.1713
vn 0.9387 0.1758 0.2965
vn 0.9519 0.0606 0.3002
vn 0.9152 0.2805 0.2894
vn 0.9450 0.2809 0.1673
vn 0.8497 0.5051 0.1512
vn 0.7794 0.6109 0.1392
vn 0.7547 0.6105 0.2401
vn 0.8228 0.5047 0.2611
vn 0.6819 0.6983 0.2174
vn 0.7042 0.6986 0.1262
vn -0.6887 -0.5410 0.4827
vn -0.7113 -0.4954 0.4985
vn -0.7704 -0.4955 0.4011
vn -0.7460 -0.5410 0.3883
vn -0.8043 -0.4216 0.4187
vn -0.7426 -0.4216 0.5204
vn -0.7895 -0.2657 0.5531
vn -0.8034 -0.1941 0.5628
vn -0.8701 -0.1941 0.4530
vn -0.8551 -0.2658 0.4452
vn -0.8795 -0.1296 0.4579
vn -0.8121 -0.1296 0.5689
vn -0.8179 0.0527 0.5729
vn -0.8075 0.1680 0.5654
vn -0.8743 0.1679 0.4553
vn -0.8857 0.0526 0.4612
vn -0.8533 0.2728 0.4444
vn -0.7880 0.2729 0.5518
vn -0.7105 0.4978 0.4973
vn -0.6528 0.6042 0.4569
vn -0.7067 0.6042 0.3681
vn -0.7692 0.4978 0.4006
vn -0.6397 0.6926 0.3332
vn -0.5910 0.6926 0.4135
vn -0.2864 -0.5364 -0.7939
vn -0.2960 -0.4906 -0.8195
vn -0.1866 -0.4901 -0.8514
vn -0.1805 -0.5358 -0.8248
vn -0.1951 -0.4160 -0.8882
vn -0.3092 -0.4165 -0.8549
vn -0.3292 -0.2604 -0.9076
vn -0.3352 -0.1887 -0.9231
vn -0.2119 -0.1881 -0.9590
vn -0.2080 -0.2598 -0.9430
vn -0.2143 -0.1235 -0.9689
vn -0.3389 -0.1241 -0.9326
vn -0.3418 0.0582 -0.9380
vn -0.3377 0.1734 -0.9251
vn -0.2140 0.1740 -0.9612
vn -0.2164 0.0588 -0.9745
vn -0.2092 0.2788 -0.9373
vn -0.3298 0.2782 -0.9021
vn -0.2980 0.5026 -0.8115
vn -0.2741 0.6086 -0.7446
vn -0.1744 0.6091 -0.7737
vn -0.1894 0.5032 -0.8432
vn -0.1584 0.6970 -0.6993
vn -0.2485 0.6966 -0.6731
vn 0.8425 -0.5334 -0.0749
vn 0.8697 -0.4876 -0.0772
vn 0.8722 -0.4878 0.0367
vn 0.8450 -0.5336 0.0354
vn 0.9096 -0.4136 0.0385
vn 0.9070 -0.4133 -0.0803
vn 0.9626 -0.2570 -0.0848
vn 0.9789 -0.1852 -0.0861
vn 0.9817 -0.1855 0.0422
vn 0.9654 -0.2573 0.0414
vn 0.9917 -0.1209 0.0428
vn 0.9889 -0.1206 -0.0869
vn 0.9943 0.0617 -0.0870
vn 0.9805 0.1769 -0.0855
vn 0.9833 0.1766 0.0432
vn 0.9971 0.0614 0.0435
vn 0.9587 0.2813 0.0424
vn 0.9559 0.2816 -0.0832
vn 0.8595 0.5057 -0.0743
vn 0.7884 0.6114 -0.0679
vn 0.7907 0.6111 0.0360
vn 0.8620 0.5054 0.0388
vn 0.7144 0.6989 0.0328
vn 0.7124 0.6991 -0.0610
vn -0.5399 -0.5408 0.6450
vn -0.5577 -0.4952 0.6661
vn -0.6400 -0.4953 0.5873
vn -0.6196 -0.5409 0.5687
vn -0.6682 -0.4215 0.6131
vn -0.5823 -0.4213 0.6952
vn -0.6193 -0.2655 0.7389
vn -0.6302 -0.1939 0.7518
vn -0.7230 -0.1940 0.6630
vn -0.7105 -0.2656 0.6516
vn -0.7309 -0.1295 0.6701
vn -0.6371 -0.1293 0.7598
vn -0.6418 0.0529 0.7650
vn -0.6337 0.1682 0.7550
vn -0.7268 0.1681 0.6659
vn -0.7362 0.0528 0.6747
vn -0.7094 0.2730 0.6498
vn -0.6186 0.2731 0.7367
vn -0.5579 0.4981 0.6638
vn -0.5128 0.6044 0.6097
vn -0.5878 0.6043 0.5379
vn -0.6396 0.4979 0.5856
vn -0.5322 0.6927 0.4868
vn -0.4643 0.6928 0.5517
vn -0.4817 -0.5374 -0.6922
vn -0.4976 -0.4917 -0.7145
vn -0.4002 -0.4912 -0.7736
vn -0.3874 -0.5369 -0.7494
vn -0.4180 -0.4171 -0.8070
vn -0.5196 -0.4176 -0.7453
vn -0.5527 -0.2616 -0.7913
vn -0.5625 -0.1899 -0.8047
vn -0.4527 -0.1893 -0.8713
vn -0.4447 -0.2610 -0.8567
vn -0.4577 -0.1248 -0.8803
vn -0.5687 -0.1254 -0.8129
vn -0.5730 0.0569 -0.8176
vn -0.5658 0.1722 -0.8064
vn -0.4556 0.1728 -0.8732
vn -0.4613 0.0576 -0.8853
vn -0.4449 0.2776 -0.8515
vn -0.5523 0.2770 -0.7862
vn -0.4982 0.5015 -0.7072
vn -0.4580 0.6076 -0.6489
vn -0.3692 0.6081 -0.7028
vn -0.4015 0.5021 -0.7659
vn -0.3345 0.6961 -0.6352
vn -0.4148 0.6957 -0.5865
vn 0.7949 -0.5331 -0.2899
vn 0.8204 -0.4873 -0.2991
vn 0.8523 -0.4874 -0.1898
vn 0.8257 -0.5332 -0.1839
vn 0.8889 -0.4131 -0.1978
vn 0.8556 -0.4130 -0.3119
vn 0.9081 -0.2567 -0.3309
vn 0.9234 -0.1849 -0.3364
vn 0.9593 -0.1850 -0.2131
vn 0.9434 -0.2568 -0.2096
vn 0.9691 -0.1204 -0.2152
vn 0.9328 -0.1203 -0.3397
vn 0.9378 0.0620 -0.3414
vn 0.9248 0.1772 -0.3366
vn 0.9609 0.1771 -0.2129
vn 0.9744 0.0619 -0.2161
vn 0.9368 0.2818 -0.2074
vn 0.9016 0.2819 -0.3280
vn 0.8106 0.5060 -0.2947
vn 0.7435 0.6117 -0.2702
vn 0.7726 0.6115 -0.1705
vn 0.8423 0.5059 -0.1861
vn 0.6981 0.6992 -0.1538
vn 0.6718 0.6994 -0.2440
vn -0.3542 -0.5403 0.7633
vn -0.3659 -0.4947 0.7882
vn -0.4658 -0.4950 0.7335
vn -0.4509 -0.5405 0.7102
vn -0.4864 -0.4211 0.7655
vn -0.3822 -0.4208 0.8227
vn -0.4067 -0.2649 0.8743
vn -0.4140 -0.1933 0.8895
vn -0.5267 -0.1936 0.8277
vn -0.5174 -0.2652 0.8136
vn -0.5324 -0.1291 0.8365
vn -0.4187 -0.1288 0.8990
vn -0.4220 0.0535 0.9050
vn -0.4169 0.1688 0.8932
vn -0.5298 0.1685 0.8312
vn -0.5365 0.0532 0.8422
vn -0.5172 0.2734 0.8110
vn -0.4070 0.2737 0.8714
vn -0.3675 0.4986 0.7851
vn -0.3379 0.6049 0.7210
vn -0.4290 0.6046 0.6711
vn -0.4667 0.4983 0.7307
vn -0.3886 0.6930 0.6072
vn -0.3062 0.6932 0.6524
vn -0.6440 -0.5384 -0.5434
vn -0.6652 -0.4928 -0.5609
vn -0.5864 -0.4922 -0.6432
vn -0.5677 -0.5379 -0.6231
vn -0.6123 -0.4182 -0.6709
vn -0.6945 -0.4187 -0.5850
vn -0.7384 -0.2628 -0.6210
vn -0.7515 -0.1911 -0.6315
vn -0.6626 -0.1905 -0.7243
vn -0.6511 -0.2622 -0.7122
vn -0.6699 -0.1260 -0.7317
vn -0.7596 -0.1266 -0.6379
vn -0.7651 0.0557 -0.6415
vn -0.7553 0.1710 -0.6326
vn -0.6662 0.1716 -0.7257
vn -0.6748 0.0563 -0.7358
vn -0.6503 0.2764 -0.7076
vn -0.7372 0.2758 -0.6168
vn -0.6647 0.5005 -0.5547
vn -0.6108 0.6066 -0.5088
vn -0.5390 0.6071 -0.5838
vn -0.5864 0.5010 -0.6364
vn -0.4880 0.6952 -0.5277
vn -0.5530 0.6948 -0.4598
vn 0.6931 -0.5330 -0.4852
vn 0.7154 -0.4872 -0.5008
vn 0.7745 -0.4872 -0.4034
vn 0.7504 -0.5330 -0.3909
vn 0.8077 -0.4129 -0.4207
vn 0.7461 -0.4129 -0.5223
vn 0.7917 -0.2566 -0.5544
vn 0.8050 -0.1849 -0.5637
vn 0.8716 -0.1848 -0.4539
vn 0.8572 -0.2566 -0.4464
vn 0.8805 -0.1202 -0.4585
vn 0.8131 -0.1202 -0.5695
vn 0.8175 0.0621 -0.5726
vn 0.8060 0.1773 -0.5647
vn 0.8729 0.1773 -0.4545
vn 0.8852 0.0621 -0.4610
vn 0.8510 0.2820 -0.4431
vn 0.7858 0.2820 -0.5505
vn 0.7063 0.5060 -0.4950
vn 0.6478 0.6117 -0.4541
vn 0.7017 0.6117 -0.3653
vn 0.7650 0.5061 -0.3983
vn 0.6340 0.6994 -0.3300
vn 0.5852 0.6994 -0.4103
vn -0.1441 -0.5396 0.8295
vn -0.1491 -0.4940 0.8566
vn -0.2597 -0.4943 0.8295
vn -0.2513 -0.5399 0.8033
vn -0.2714 -0.4204 0.8657
vn -0.1559 -0.4200 0.8940
vn -0.1664 -0.2641 0.9500
vn -0.1696 -0.1924 0.9665
vn -0.2943 -0.1929 0.9360
vn -0.2890 -0.2645 0.9200
vn -0.2977 -0.1284 0.9460
vn -0.1716 -0.1279 0.9768
vn -0.1734 0.0544 0.9833
vn -0.1716 0.1697 0.9704
vn -0.2968 0.1692 0.9398
vn -0.3003 0.0539 0.9523
vn -0.2899 0.2741 0.9170
vn -0.1678 0.2745 0.9468
vn -0.1521 0.4993 0.8529
vn -0.1403 0.6055 0.7833
vn -0.2411 0.6052 0.7587
vn -0.2620 0.4989 0.8260
vn -0.2187 0.6935 0.6864
vn -0.1274 0.6938 0.7087
vn -0.7623 -0.5394 -0.3576
vn -0.7873 -0.4937 -0.3691
vn -0.7326 -0.4933 -0.4690
vn -0.7093 -0.5389 -0.4544
vn -0.7648 -0.4193 -0.4892
vn -0.8220 -0.4198 -0.3849
vn -0.8738 -0.2638 -0.4084
vn -0.8891 -0.1922 -0.4153
vn -0.8274 -0.1917 -0.5279
vn -0.8131 -0.2633 -0.5192
vn -0.8363 -0.1271 -0.5332
vn -0.8987 -0.1277 -0.4195
vn -0.9051 0.0546 -0.4216
vn -0.8935 0.1699 -0.4157
vn -0.8315 0.1704 -0.5287
vn -0.8423 0.0552 -0.5361
vn -0.8115 0.2753 -0.5154
vn -0.8719 0.2748 -0.4053
vn -0.7859 0.4996 -0.3642
vn -0.7221 0.6058 -0.3340
vn -0.6722 0.6062 -0.4251
vn -0.7316 0.5000 -0.4634
vn -0.6085 0.6944 -0.3841
vn -0.6536 0.6940 -0.3017
vn 0.6441 -0.4873 -0.5896
vn 0.6240 -0.5331 -0.5712
vn 0.6717 -0.4130 -0.6150
vn 0.7246 -0.1849 -0.6639
vn 0.7126 -0.2567 -0.6528
vn 0.7319 -0.1203 -0.6707
vn 0.7254 0.1772 -0.6651
vn 0.7357 0.0620 -0.6744
vn 0.7071 0.2818 -0.6485
vn 0.5828 0.6116 -0.5350
vn 0.6355 0.5059 -0.5832
vn 0.5264 0.6993 -0.4835
vn -0.0358 -0.4935 0.8690
vn -0.0345 -0.5391 0.8415
vn -0.0378 -0.4195 0.9069
vn -0.0419 -0.1920 0.9805
vn -0.0409 -0.2636 0.9637
vn -0.0426 -0.1274 0.9909
vn -0.0435 0.1701 0.9844
vn -0.0436 0.0549 0.9975
vn -0.0429 0.2750 0.9605
vn -0.0370 0.6059 0.7946
vn -0.0397 0.4998 0.8652
vn -0.0341 0.6942 0.7190
vn 0.4043 -0.4915 0.7713
vn 0.3918 -0.5372 0.7469
vn 0.4214 -0.4174 0.8050
vn 0.4543 -0.1896 0.8704
vn 0.4469 -0.2613 0.8555
vn 0.4588 -0.1251 0.8797
vn 0.4542 0.1725 0.8740
vn 0.4609 0.0572 0.8856
vn 0.4426 0.2772 0.8528
vn 0.3642 0.6078 0.7056
vn 0.3974 0.5018 0.7683
vn 0.3287 0.6959 0.6385
vn -0.8286 -0.4941 -0.2629
vn -0.8023 -0.5398 -0.2548
vn -0.8650 -0.4202 -0.2741
vn -0.9357 -0.1927 -0.2956
vn -0.9196 -0.2643 -0.2907
vn -0.9457 -0.1281 -0.2985
vn -0.9401 0.1694 -0.2957
vn -0.9524 0.0541 -0.2999
vn -0.9174 0.2743 -0.2881
vn -0.7597 0.6054 -0.2372
vn -0.8270 0.4991 -0.2588
vn -0.6877 0.6937 -0.2142
vn 0.2705 0.7645 -0.5852
vn 0.3447 0.7647 -0.5444
vn 0.4130 0.7649 -0.4943
vn 0.3246 0.7946 -0.5130
vn 0.3890 0.7948 -0.4658
vn 0.2546 0.7944 -0.5514
vn 0.2656 0.7740 -0.5747
vn 0.3385 0.7742 -0.5347
vn 0.4056 0.7744 -0.4855
vn 0.2184 0.7614 0.6103
vn 0.1371 0.7611 0.6340
vn 0.0534 0.7607 0.6469
vn 0.1289 0.7912 0.5978
vn 0.0500 0.7908 0.6099
vn 0.2056 0.7916 0.5754
vn 0.2145 0.7711 0.5995
vn 0.1346 0.7707 0.6228
vn 0.0523 0.7703 0.6355
vn 0.4930 0.7630 0.4180
vn 0.4344 0.7627 0.4792
vn 0.3684 0.7623 0.5322
vn 0.4092 0.7927 0.4519
vn 0.3469 0.7923 0.5018
vn 0.4644 0.7931 0.3941
vn 0.4841 0.7726 0.4106
vn 0.4266 0.7722 0.4707
vn 0.3617 0.7718 0.5228
vn -0.6482 0.7592 0.0583
vn -0.6501 0.7594 -0.0264
vn -0.6409 0.7596 -0.1106
vn -0.6131 0.7896 -0.0247
vn -0.6044 0.7898 -0.1040
vn -0.6113 0.7894 0.0551
vn -0.6369 0.7688 0.0573
vn -0.6387 0.7690 -0.0258
vn -0.6297 0.7692 -0.1086
vn 0.1092 0.7639 -0.6360
vn 0.1915 0.7642 -0.6158
vn 0.1802 0.7942 -0.5803
vn 0.1026 0.7939 -0.5993
vn 0.1072 0.7735 -0.6247
vn 0.1880 0.7738 -0.6049
vn 0.5838 0.7638 0.2754
vn 0.5430 0.7634 0.3497
vn 0.5116 0.7934 0.3298
vn 0.5500 0.7937 0.2597
vn 0.5734 0.7733 0.2705
vn 0.5333 0.7730 0.3435
vn -0.6116 0.7589 0.2233
vn -0.6354 0.7590 0.1420
vn -0.5992 0.7893 0.1340
vn -0.5768 0.7892 0.2107
vn -0.6009 0.7686 0.2194
vn -0.6242 0.7687 0.1396
vn -0.0597 0.7632 -0.6433
vn 0.0250 0.7636 -0.6452
vn 0.0233 0.7936 -0.6080
vn -0.0566 0.7932 -0.6062
vn -0.0587 0.7728 -0.6319
vn 0.0244 0.7732 -0.6337
vn 0.6346 0.7643 0.1141
vn 0.6145 0.7641 0.1964
vn 0.5789 0.7940 0.1853
vn 0.5979 0.7943 0.1078
vn 0.6233 0.7739 0.1122
vn 0.6035 0.7736 0.1930
vn -0.5336 0.7589 0.3733
vn -0.5775 0.7589 0.3009
vn -0.5447 0.7891 0.2838
vn -0.5033 0.7891 0.3520
vn -0.5242 0.7685 0.3667
vn -0.5674 0.7685 0.2956
vn -0.2247 0.7625 -0.6067
vn -0.1434 0.7629 -0.6304
vn -0.1355 0.7929 -0.5941
vn -0.2121 0.7925 -0.5717
vn -0.2208 0.7721 -0.5959
vn -0.1409 0.7725 -0.6192
vn 0.6420 0.7648 -0.0547
vn 0.6438 0.7646 0.0299
vn 0.6066 0.7945 0.0284
vn 0.6048 0.7947 -0.0514
vn 0.6305 0.7743 -0.0537
vn 0.6323 0.7741 0.0295
vn -0.4193 0.7591 0.4979
vn -0.4805 0.7590 0.4393
vn -0.4533 0.7892 0.4143
vn -0.3956 0.7893 0.4695
vn -0.4120 0.7687 0.4892
vn -0.4721 0.7686 0.4316
vn -0.3746 0.7617 -0.5286
vn -0.3022 0.7621 -0.5726
vn -0.2852 0.7921 -0.5396
vn -0.3535 0.7918 -0.4981
vn -0.3681 0.7713 -0.5192
vn -0.2970 0.7717 -0.5624
vn 0.6053 0.7650 -0.2198
vn 0.6290 0.7649 -0.1384
vn 0.5927 0.7948 -0.1303
vn 0.5703 0.7949 -0.2070
vn 0.5945 0.7745 -0.2158
vn 0.6178 0.7744 -0.1359
vn -0.2767 0.7595 0.5887
vn -0.3510 0.7592 0.5480
vn -0.3312 0.7895 0.5167
vn -0.2611 0.7897 0.5551
vn -0.2719 0.7691 0.5784
vn -0.3449 0.7689 0.5383
vn -0.4993 0.7609 -0.4144
vn -0.4407 0.7613 -0.4756
vn -0.4157 0.7914 -0.4481
vn -0.4709 0.7910 -0.3905
vn -0.4905 0.7705 -0.4070
vn -0.4330 0.7709 -0.4671
vn 0.5273 0.7650 -0.3697
vn 0.5712 0.7650 -0.2973
vn 0.5381 0.7949 -0.2801
vn 0.4967 0.7949 -0.3483
vn 0.5178 0.7746 -0.3631
vn 0.5610 0.7746 -0.2920
vn -0.1155 0.7600 0.6395
vn -0.1978 0.7597 0.6194
vn -0.1867 0.7899 0.5841
vn -0.1092 0.7902 0.6030
vn -0.1136 0.7696 0.6283
vn -0.1944 0.7693 0.6085
vn -0.5901 0.7602 -0.2718
vn -0.5494 0.7605 -0.3461
vn -0.5181 0.7907 -0.3261
vn -0.5565 0.7904 -0.2561
vn -0.5797 0.7698 -0.2669
vn -0.5397 0.7701 -0.3399
vn 0.4742 0.7649 -0.4358
vn 0.4467 0.7949 -0.4106
vn 0.4657 0.7745 -0.4280
vn -0.0313 0.7603 0.6488
vn -0.0298 0.7905 0.6117
vn -0.0308 0.7700 0.6373
vn 0.2959 0.7618 0.5762
vn 0.2787 0.7919 0.5433
vn 0.2906 0.7714 0.5660
vn -0.6208 0.7599 -0.1928
vn -0.5855 0.7901 -0.1816
vn -0.6099 0.7695 -0.1894
vn -0.5633 -0.8200 -0.1017
vn -0.7660 -0.6280 -0.1369
vn -0.7418 -0.6276 -0.2361
vn -0.5459 -0.8193 -0.1750
vn -0.7048 -0.6273 -0.3312
vn -0.5181 -0.8194 -0.2450
vn -0.7817 -0.5719 -0.2485
vn -0.7428 -0.5716 -0.3487
vn -0.8073 -0.5723 -0.1440
vn -0.8163 -0.5590 -0.1455
vn -0.7905 -0.5586 -0.2511
vn -0.7511 -0.5582 -0.3525
vn 0.3334 -0.8176 0.4693
vn 0.4503 -0.6248 0.6378
vn 0.3630 -0.6253 0.6908
vn 0.2694 -0.8176 0.5089
vn 0.2696 -0.6258 0.7319
vn 0.2002 -0.8183 0.5387
vn 0.3821 -0.5694 0.7278
vn 0.2836 -0.5699 0.7712
vn 0.4740 -0.5689 0.6720
vn 0.4791 -0.5556 0.6795
vn 0.3862 -0.5561 0.7359
vn 0.2867 -0.5566 0.7797
vn 0.0536 -0.8190 0.5713
vn 0.0707 -0.6267 0.7760
vn -0.0313 -0.6271 0.7783
vn -0.0216 -0.8189 0.5734
vn -0.1328 -0.6275 0.7672
vn -0.0964 -0.8196 0.5647
vn -0.0334 -0.5713 0.8200
vn -0.1403 -0.5718 0.8083
vn 0.0741 -0.5709 0.8177
vn 0.0748 -0.5576 0.8267
vn -0.0338 -0.5581 0.8291
vn -0.1419 -0.5585 0.8173
vn 0.3731 -0.8153 -0.4427
vn 0.5042 -0.6217 -0.5994
vn 0.5779 -0.6215 -0.5288
vn 0.4279 -0.8148 -0.3911
vn 0.6418 -0.6214 -0.4492
vn 0.4747 -0.8151 -0.3320
vn 0.6084 -0.5655 -0.5568
vn 0.6757 -0.5654 -0.4730
vn 0.5307 -0.5656 -0.6312
vn 0.5365 -0.5523 -0.6381
vn 0.6150 -0.5521 -0.5629
vn 0.6831 -0.5520 -0.4781
vn -0.6557 -0.6269 -0.4207
vn -0.4824 -0.8188 -0.3113
vn -0.5954 -0.6264 -0.5031
vn -0.4374 -0.8188 -0.3717
vn -0.6911 -0.5711 -0.4430
vn -0.6275 -0.5706 -0.5297
vn -0.6988 -0.5578 -0.4478
vn -0.6345 -0.5573 -0.5355
vn -0.2320 -0.6279 0.7429
vn -0.1697 -0.8195 0.5474
vn -0.3272 -0.6282 0.7059
vn -0.2397 -0.8201 0.5196
vn -0.2448 -0.5721 0.7828
vn -0.3450 -0.5725 0.7438
vn -0.2475 -0.5589 0.7914
vn -0.3489 -0.5592 0.7520
vn 0.6948 -0.6214 -0.3619
vn 0.5142 -0.8148 -0.2679
vn 0.7360 -0.6215 -0.2685
vn 0.5440 -0.8151 -0.1988
vn 0.7315 -0.5654 -0.3810
vn 0.7748 -0.5654 -0.2826
vn 0.7395 -0.5520 -0.3852
vn 0.7833 -0.5521 -0.2857
vn -0.5248 -0.6260 -0.5768
vn -0.3858 -0.8181 -0.4265
vn -0.4452 -0.6255 -0.6407
vn -0.3267 -0.8181 -0.4732
vn -0.5531 -0.5701 -0.6074
vn -0.4693 -0.5697 -0.6747
vn -0.5593 -0.5568 -0.6140
vn -0.4745 -0.5563 -0.6821
vn -0.4167 -0.6284 0.6568
vn -0.3060 -0.8199 0.4838
vn -0.4990 -0.6286 0.5965
vn -0.3664 -0.8204 0.4389
vn -0.4393 -0.5727 0.6921
vn -0.5260 -0.5729 0.6285
vn -0.4442 -0.5594 0.6998
vn -0.5319 -0.5596 0.6355
vn 0.7645 -0.6216 -0.1705
vn 0.5656 -0.8148 -0.1266
vn 0.7801 -0.6218 -0.0696
vn 0.5766 -0.8154 -0.0521
vn 0.8050 -0.5655 -0.1794
vn 0.8213 -0.5657 -0.0731
vn 0.8137 -0.5522 -0.1813
vn 0.8303 -0.5524 -0.0738
vn -0.3579 -0.6250 -0.6937
vn -0.2626 -0.8174 -0.5127
vn -0.2644 -0.6245 -0.7349
vn -0.1935 -0.8174 -0.5426
vn -0.3774 -0.5691 -0.7305
vn -0.2789 -0.5686 -0.7738
vn -0.3816 -0.5558 -0.7385
vn -0.2821 -0.5553 -0.7823
vn -0.5728 -0.6287 0.5259
vn -0.4212 -0.8201 0.3872
vn -0.6367 -0.6288 0.4463
vn -0.4679 -0.8206 0.3282
vn -0.6037 -0.5731 0.5542
vn -0.6710 -0.5732 0.4703
vn -0.6104 -0.5598 0.5603
vn -0.6785 -0.5599 0.4755
vn 0.7823 -0.6220 0.0325
vn 0.5788 -0.8151 0.0231
vn 0.7712 -0.6223 0.1339
vn 0.5700 -0.8158 0.0979
vn 0.8237 -0.5660 0.0344
vn 0.8120 -0.5663 0.1413
vn 0.8327 -0.5526 0.0348
vn 0.8209 -0.5529 0.1429
vn -0.1664 -0.6240 -0.7634
vn -0.1213 -0.8167 -0.5642
vn -0.0655 -0.6236 -0.7790
vn -0.0468 -0.8167 -0.5751
vn -0.1757 -0.5681 -0.8039
vn -0.0694 -0.5676 -0.8203
vn -0.1777 -0.5548 -0.8128
vn -0.0703 -0.5543 -0.8293
vn -0.6897 -0.6288 0.3590
vn -0.5074 -0.8202 0.2641
vn -0.7308 -0.6288 0.2656
vn -0.5373 -0.8206 0.1949
vn -0.7268 -0.5732 0.3784
vn -0.7701 -0.5731 0.2799
vn -0.7349 -0.5599 0.3826
vn -0.7787 -0.5599 0.2831
vn 0.7470 -0.6226 0.2331
vn 0.5527 -0.8156 0.1712
vn 0.7100 -0.6230 0.3283
vn 0.5249 -0.8163 0.2412
vn 0.7864 -0.5666 0.2458
vn 0.7475 -0.5670 0.3460
vn 0.7950 -0.5533 0.2485
vn 0.7556 -0.5537 0.3499
vn 0.0365 -0.6232 -0.7812
vn 0.0284 -0.8160 -0.5773
vn 0.1380 -0.6228 -0.7701
vn 0.1032 -0.8161 -0.5686
vn 0.0381 -0.5672 -0.8227
vn 0.1450 -0.5668 -0.8110
vn 0.0384 -0.5538 -0.8317
vn 0.1465 -0.5535 -0.8199
vn -0.7594 -0.6287 0.1675
vn -0.5589 -0.8201 0.1228
vn -0.7749 -0.6285 0.0667
vn -0.5698 -0.8203 0.0483
vn -0.8003 -0.5730 0.1767
vn -0.8166 -0.5728 0.0704
vn -0.8092 -0.5597 0.1787
vn -0.8257 -0.5596 0.0712
vn 0.6609 -0.6234 0.4178
vn 0.4891 -0.8162 0.3074
vn 0.6005 -0.6238 0.5001
vn 0.4442 -0.8169 0.3679
vn 0.6958 -0.5674 0.4403
vn 0.6322 -0.5679 0.5270
vn 0.7034 -0.5541 0.4452
vn 0.6391 -0.5546 0.5329
vn 0.2372 -0.6224 -0.7458
vn 0.1765 -0.8155 -0.5512
vn 0.3323 -0.6221 -0.7089
vn 0.2465 -0.8156 -0.5234
vn 0.2495 -0.5664 -0.7854
vn 0.3497 -0.5661 -0.7465
vn 0.2521 -0.5531 -0.7941
vn 0.3535 -0.5528 -0.7547
vn -0.7772 -0.6283 -0.0354
vn -0.5720 -0.8198 -0.0269
vn -0.8190 -0.5726 -0.0371
vn -0.8281 -0.5593 -0.0374
vn 0.5300 -0.6243 0.5739
vn 0.3925 -0.8169 0.4227
vn 0.5578 -0.5684 0.6047
vn 0.5639 -0.5551 0.6114
vn 0.1716 -0.6262 0.7605
vn 0.1281 -0.8183 0.5603
vn 0.1804 -0.5704 0.8013
vn 0.1823 -0.5571 0.8101
vn 0.4218 -0.6218 -0.6598
vn 0.3127 -0.8151 -0.4877
vn 0.4440 -0.5658 -0.6948
vn 0.4488 -0.5525 -0.7024
vn -0.9257 -0.3407 -0.1641
vn -0.8965 -0.3403 -0.2837
vn -0.8518 -0.3399 -0.3985
vn 0.5415 -0.3368 0.7703
vn 0.4362 -0.3374 0.8342
vn 0.3235 -0.3380 0.8838
vn 0.0836 -0.3391 0.9370
vn -0.0395 -0.3396 0.9397
vn -0.1619 -0.3401 0.9263
vn 0.6064 -0.3331 -0.7220
vn 0.6954 -0.3329 -0.6369
vn 0.7725 -0.3328 -0.5408
vn -0.7926 -0.3394 -0.5065
vn -0.7198 -0.3388 -0.6058
vn -0.2816 -0.3405 0.8971
vn -0.3963 -0.3409 0.8524
vn 0.8364 -0.3328 -0.4356
vn 0.8860 -0.3329 -0.3229
vn -0.6347 -0.3383 -0.6948
vn -0.5387 -0.3377 -0.7718
vn -0.5043 -0.3412 0.7932
vn -0.6036 -0.3414 0.7204
vn 0.9204 -0.3330 -0.2047
vn 0.9392 -0.3332 -0.0829
vn -0.4334 -0.3371 -0.8357
vn -0.3207 -0.3365 -0.8854
vn -0.6926 -0.3416 0.6353
vn -0.7697 -0.3417 0.5393
vn 0.9419 -0.3335 0.0401
vn 0.9285 -0.3338 0.1625
vn -0.2025 -0.3359 -0.9198
vn -0.0808 -0.3354 -0.9386
vn -0.8336 -0.3417 0.4340
vn -0.8832 -0.3417 0.3213
vn 0.8992 -0.3342 0.2822
vn 0.8546 -0.3347 0.3969
vn 0.0423 -0.3349 -0.9413
vn 0.1647 -0.3344 -0.9279
vn -0.9177 -0.3415 0.2031
vn -0.9364 -0.3413 0.0814
vn 0.7954 -0.3352 0.5049
vn 0.7226 -0.3357 0.6042
vn 0.2843 -0.3340 -0.8986
vn 0.3991 -0.3336 -0.8540
vn -0.9391 -0.3410 -0.0417
vn 0.6375 -0.3363 0.6932
vn 0.2053 -0.3386 0.9182
vn 0.5071 -0.3333 -0.7948
vn -0.9835 -0.0520 -0.1734
vn -0.9524 -0.0516 -0.3003
vn -0.9051 -0.0511 -0.4221
vn 0.5732 -0.0479 0.8180
vn 0.4615 -0.0485 0.8858
vn 0.3419 -0.0491 0.9384
vn 0.0874 -0.0503 0.9949
vn -0.0432 -0.0508 0.9977
vn -0.1731 -0.0514 0.9836
vn 0.6421 -0.0439 -0.7653
vn 0.7365 -0.0437 -0.6750
vn 0.8183 -0.0436 -0.5731
vn -0.8422 -0.0506 -0.5367
vn -0.7650 -0.0500 -0.6420
vn -0.3000 -0.0518 0.9525
vn -0.4218 -0.0522 0.9052
vn 0.8861 -0.0436 -0.4614
vn 0.9387 -0.0437 -0.3418
vn -0.6747 -0.0494 -0.7364
vn -0.5728 -0.0488 -0.8182
vn -0.5363 -0.0525 0.8423
vn -0.6417 -0.0528 0.7651
vn 0.9753 -0.0438 -0.2164
vn 0.9952 -0.0440 -0.0873
vn -0.4611 -0.0482 -0.8860
vn -0.3415 -0.0475 -0.9387
vn -0.7361 -0.0529 0.6748
vn -0.8179 -0.0531 0.5729
vn 0.9980 -0.0443 0.0433
vn 0.9839 -0.0447 0.1732
vn -0.2161 -0.0469 -0.9752
vn -0.0870 -0.0464 -0.9951
vn -0.8857 -0.0531 0.4612
vn -0.9383 -0.0530 0.3416
vn 0.9528 -0.0451 0.3001
vn 0.9055 -0.0456 0.4219
vn 0.0436 -0.0458 -0.9980
vn 0.1735 -0.0453 -0.9838
vn -0.9749 -0.0529 0.2162
vn -0.9948 -0.0526 0.0870
vn 0.8426 -0.0461 0.5364
vn 0.7654 -0.0467 0.6418
vn 0.3004 -0.0449 -0.9527
vn 0.4222 -0.0445 -0.9054
vn -0.9977 -0.0524 -0.0435
vn 0.6751 -0.0473 0.7362
vn 0.2165 -0.0497 0.9750
vn 0.5367 -0.0442 -0.8426
vn -0.9105 0.3817 -0.1592
vn -0.8818 0.3821 -0.2765
vn -0.8380 0.3825 -0.3890
vn 0.5278 0.3855 0.7568
vn 0.4246 0.3849 0.8195
vn 0.3142 0.3843 0.8681
vn 0.0790 0.3832 0.9203
vn -0.0417 0.3827 0.9229
vn -0.1617 0.3823 0.9098
vn 0.5915 0.3892 -0.7061
vn 0.6787 0.3893 -0.6227
vn 0.7543 0.3894 -0.5285
vn -0.7800 0.3830 -0.4949
vn -0.7086 0.3835 -0.5922
vn -0.2790 0.3818 0.8811
vn -0.3915 0.3815 0.8374
vn 0.8169 0.3894 -0.4253
vn 0.8656 0.3894 -0.3148
vn -0.6251 0.3841 -0.6794
vn -0.5310 0.3847 -0.7550
vn -0.4973 0.3812 0.7793
vn -0.5947 0.3810 0.7079
vn 0.8994 0.3892 -0.1990
vn 0.9178 0.3890 -0.0796
vn -0.4278 0.3852 -0.8176
vn -0.3173 0.3858 -0.8663
vn -0.6819 0.3808 0.6245
vn -0.7575 0.3807 0.5303
vn 0.9204 0.3888 0.0410
vn 0.9073 0.3884 0.1610
vn -0.2015 0.3863 -0.9001
vn -0.0821 0.3869 -0.9185
vn -0.8201 0.3807 0.4271
vn -0.8687 0.3807 0.3166
vn 0.8786 0.3880 0.2783
vn 0.8349 0.3876 0.3908
vn 0.0385 0.3874 -0.9211
vn 0.1585 0.3879 -0.9080
vn -0.9026 0.3809 0.2008
vn -0.9209 0.3811 0.0815
vn 0.7768 0.3871 0.4967
vn 0.7054 0.3866 0.5940
vn 0.2758 0.3883 -0.8793
vn 0.3883 0.3886 -0.8355
vn -0.9236 0.3814 -0.0392
vn 0.6220 0.3860 0.6812
vn 0.1983 0.3838 0.9019
vn 0.4942 0.3889 -0.7775
vn -0.9846 -0.0185 -0.1735
vn -0.9843 -0.0332 -0.1735
vn -0.9532 -0.0327 -0.3005
vn -0.9536 -0.0181 -0.3006
vn -0.9058 -0.0323 -0.4224
vn -0.9062 -0.0176 -0.4225
vn 0.5737 -0.0144 0.8189
vn 0.5735 -0.0291 0.8186
vn 0.4618 -0.0297 0.8865
vn 0.4619 -0.0150 0.8868
vn 0.3421 -0.0303 0.9391
vn 0.3421 -0.0157 0.9395
vn 0.0873 -0.0168 0.9960
vn 0.0873 -0.0315 0.9957
vn -0.0433 -0.0320 0.9985
vn -0.0434 -0.0174 0.9989
vn -0.1733 -0.0326 0.9843
vn -0.1734 -0.0179 0.9847
vn 0.6427 -0.0104 -0.7660
vn 0.6425 -0.0251 -0.7658
vn 0.7370 -0.0249 -0.6754
vn 0.7371 -0.0103 -0.6756
vn 0.8188 -0.0248 -0.5735
vn 0.8190 -0.0102 -0.5736
vn -0.8430 -0.0317 -0.5370
vn -0.8433 -0.0171 -0.5372
vn -0.7656 -0.0312 -0.6425
vn -0.7660 -0.0165 -0.6426
vn -0.3003 -0.0330 0.9532
vn -0.3005 -0.0183 0.9536
vn -0.4222 -0.0334 0.9059
vn -0.4224 -0.0187 0.9062
vn 0.8867 -0.0248 -0.4617
vn 0.8869 -0.0101 -0.4618
vn 0.9393 -0.0248 -0.3421
vn 0.9396 -0.0102 -0.3421
vn -0.6753 -0.0306 -0.7369
vn -0.6755 -0.0159 -0.7371
vn -0.5733 -0.0300 -0.8188
vn -0.5735 -0.0153 -0.8190
vn -0.5368 -0.0337 0.8430
vn -0.5370 -0.0191 0.8433
vn -0.6423 -0.0340 0.7657
vn -0.6425 -0.0193 0.7660
vn 0.9760 -0.0250 -0.2165
vn 0.9762 -0.0103 -0.2166
vn 0.9958 -0.0252 -0.0873
vn 0.9961 -0.0106 -0.0873
vn -0.4615 -0.0294 -0.8866
vn -0.4617 -0.0147 -0.8869
vn -0.3419 -0.0287 -0.9393
vn -0.3420 -0.0141 -0.9396
vn -0.7367 -0.0342 0.6753
vn -0.7370 -0.0195 0.6756
vn -0.8186 -0.0342 0.5734
vn -0.8189 -0.0196 0.5736
vn 0.9987 -0.0255 0.0434
vn 0.9990 -0.0109 0.0434
vn 0.9845 -0.0259 0.1733
vn 0.9848 -0.0112 0.1735
vn -0.2163 -0.0281 -0.9759
vn -0.2165 -0.0135 -0.9762
vn -0.0871 -0.0276 -0.9958
vn -0.0872 -0.0129 -0.9961
vn -0.8864 -0.0343 0.4616
vn -0.8868 -0.0196 0.4618
vn -0.9391 -0.0342 0.3419
vn -0.9395 -0.0196 0.3421
vn 0.9534 -0.0263 0.3004
vn 0.9537 -0.0116 0.3005
vn 0.9061 -0.0268 0.4222
vn 0.9063 -0.0121 0.4224
vn 0.0436 -0.0270 -0.9987
vn 0.0435 -0.0124 -0.9990
vn 0.1735 -0.0265 -0.9845
vn 0.1735 -0.0118 -0.9847
vn -0.9757 -0.0341 0.2164
vn -0.9761 -0.0194 0.2165
vn -0.9956 -0.0338 0.0872
vn -0.9960 -0.0192 0.0872
vn 0.8432 -0.0273 0.5369
vn 0.8434 -0.0127 0.5371
vn 0.7659 -0.0279 0.6423
vn 0.7661 -0.0132 0.6426
vn 0.3005 -0.0261 -0.9534
vn 0.3006 -0.0114 -0.9537
vn 0.4224 -0.0257 -0.9060
vn 0.4225 -0.0110 -0.9063
vn -0.9985 -0.0335 -0.0435
vn -0.9989 -0.0189 -0.0435
vn 0.6755 -0.0285 0.7368
vn 0.6756 -0.0138 0.7371
vn 0.2166 -0.0309 0.9758
vn 0.2166 -0.0163 0.9761
vn 0.5371 -0.0253 -0.8431
vn 0.5372 -0.0107 -0.8434
vn 0.4216 0.0602 -0.9048
vn 0.5361 0.0605 -0.8420
vn 0.6414 0.0608 -0.7648
vn 0.5368 0.0346 -0.8430
vn 0.6422 0.0349 -0.7657
vn 0.4222 0.0343 -0.9059
vn 0.3413 0.0555 0.9383
vn 0.2160 0.0550 0.9748
vn 0.0869 0.0544 0.9947
vn 0.2163 0.0291 0.9759
vn 0.0871 0.0285 0.9958
vn 0.3418 0.0296 0.9393
vn 0.7647 0.0580 0.6418
vn 0.6744 0.0574 0.7361
vn 0.5725 0.0568 0.8179
vn 0.6752 0.0315 0.7369
vn 0.5733 0.0309 0.8188
vn 0.7656 0.0321 0.6424
vn -0.9948 0.0520 0.0873
vn -0.9977 0.0523 -0.0433
vn -0.9835 0.0527 -0.1731
vn -0.9987 0.0264 -0.0434
vn -0.9845 0.0268 -0.1733
vn -0.9958 0.0261 0.0873
vn 0.1730 0.0594 -0.9831
vn 0.2998 0.0598 -0.9521
vn 0.3003 0.0339 -0.9532
vn 0.1733 0.0334 -0.9843
vn 0.9047 0.0591 0.4219
vn 0.8419 0.0586 0.5365
vn 0.8429 0.0327 0.5370
vn 0.9058 0.0332 0.4223
vn -0.9384 0.0517 0.3417
vn -0.9749 0.0518 0.2163
vn -0.9759 0.0259 0.2165
vn -0.9393 0.0258 0.3421
vn -0.0874 0.0583 -0.9944
vn 0.0432 0.0589 -0.9973
vn 0.0433 0.0330 -0.9985
vn -0.0874 0.0324 -0.9956
vn 0.9830 0.0600 0.1734
vn 0.9520 0.0596 0.3002
vn 0.9532 0.0337 0.3005
vn 0.9842 0.0341 0.1735
vn -0.8180 0.0516 0.5729
vn -0.8857 0.0516 0.4613
vn -0.8866 0.0257 0.4617
vn -0.8188 0.0257 0.5735
vn -0.3418 0.0571 -0.9380
vn -0.2164 0.0577 -0.9746
vn -0.2166 0.0318 -0.9757
vn -0.3421 0.0312 -0.9391
vn 0.9944 0.0607 -0.0870
vn 0.9972 0.0604 0.0435
vn 0.9984 0.0345 0.0435
vn 0.9956 0.0348 -0.0872
vn -0.6419 0.0519 0.7650
vn -0.7362 0.0517 0.6747
vn -0.7369 0.0258 0.6754
vn -0.6425 0.0260 0.7658
vn -0.5730 0.0559 -0.8176
vn -0.4613 0.0565 -0.8854
vn -0.4618 0.0306 -0.8864
vn -0.5735 0.0300 -0.8186
vn 0.9379 0.0610 -0.3414
vn 0.9745 0.0609 -0.2161
vn 0.9757 0.0350 -0.2164
vn 0.9391 0.0351 -0.3419
vn -0.4220 0.0525 0.9050
vn -0.5365 0.0522 0.8422
vn -0.5370 0.0262 0.8431
vn -0.4224 0.0266 0.9060
vn -0.7651 0.0547 -0.6415
vn -0.6748 0.0553 -0.7359
vn -0.6755 0.0294 -0.7367
vn -0.7659 0.0288 -0.6423
vn 0.8175 0.0611 -0.5726
vn 0.8853 0.0611 -0.4610
vn 0.8864 0.0352 -0.4616
vn 0.8185 0.0352 -0.5733
vn -0.1734 0.0533 0.9834
vn -0.3003 0.0529 0.9524
vn -0.3005 0.0269 0.9534
vn -0.1735 0.0274 0.9844
vn -0.9051 0.0536 -0.4217
vn -0.8423 0.0541 -0.5362
vn -0.8432 0.0282 -0.5369
vn -0.9060 0.0277 -0.4222
vn 0.7357 0.0610 -0.6745
vn 0.7367 0.0351 -0.6753
vn -0.0436 0.0538 0.9976
vn -0.0436 0.0279 0.9987
vn 0.4609 0.0562 0.8856
vn 0.4615 0.0303 0.8866
vn -0.9525 0.0531 -0.3000
vn -0.9534 0.0272 -0.3004
vn 0.4224 0.0100 -0.9063
vn 0.5371 0.0103 -0.8434
vn 0.6426 0.0106 -0.7661
vn 0.3421 0.0054 0.9396
vn 0.2165 0.0048 0.9763
vn 0.0873 0.0042 0.9962
vn 0.7661 0.0078 0.6427
vn 0.6756 0.0072 0.7372
vn 0.5736 0.0066 0.8191
vn -0.9962 0.0019 0.0873
vn -0.9990 0.0021 -0.0435
vn -0.9848 0.0025 -0.1735
vn 0.1735 0.0092 -0.9848
vn 0.3005 0.0096 -0.9537
vn 0.9063 0.0089 0.4225
vn 0.8434 0.0084 0.5372
vn -0.9396 0.0015 0.3421
vn -0.9763 0.0016 0.2166
vn -0.0873 0.0081 -0.9961
vn 0.0434 0.0087 -0.9990
vn 0.9848 0.0098 0.1735
vn 0.9537 0.0094 0.3006
vn -0.8191 0.0014 0.5737
vn -0.8869 0.0014 0.4619
vn -0.3421 0.0070 -0.9396
vn -0.2166 0.0076 -0.9762
vn 0.9961 0.0105 -0.0873
vn 0.9990 0.0102 0.0435
vn -0.6427 0.0017 0.7661
vn -0.7372 0.0015 0.6757
vn -0.5737 0.0057 -0.8190
vn -0.4619 0.0063 -0.8869
vn 0.9396 0.0108 -0.3421
vn 0.9762 0.0107 -0.2165
vn -0.4225 0.0023 0.9063
vn -0.5372 0.0020 0.8434
vn -0.7661 0.0045 -0.6426
vn -0.6757 0.0051 -0.7371
vn 0.8190 0.0109 -0.5736
vn 0.8869 0.0109 -0.4618
vn -0.1735 0.0031 0.9848
vn -0.3006 0.0027 0.9537
vn -0.9063 0.0034 -0.4225
vn -0.8434 0.0039 -0.5372
vn 0.7371 0.0108 -0.6756
vn -0.0435 0.0036 0.9990
vn 0.4618 0.0060 0.8869
vn -0.9537 0.0029 -0.3005
vn -0.0697 -0.9763 -0.2049
vn -0.0899 -0.9790 -0.1827
vn -0.1197 -0.9765 -0.1789
vn 0.0003 -0.9999 -0.0096
vn -0.0082 -0.9998 -0.0200
vn -0.0032 -0.9997 -0.0226
vn 0.2188 -0.9755 -0.0211
vn 0.2026 -0.9781 -0.0463
vn 0.2066 -0.9754 -0.0761
vn 0.0122 -0.9999 -0.0041
vn 0.0243 -0.9996 -0.0097
vn 0.0255 -0.9996 -0.0042
vn -0.1345 -0.9774 0.1629
vn -0.1052 -0.9799 0.1693
vn -0.0871 -0.9773 0.1932
vn -0.0003 -1.0000 0.0046
vn -0.0049 -0.9998 0.0172
vn -0.0097 -0.9998 0.0141
vn -0.1334 -0.9793 -0.1523
vn -0.1612 -0.9768 -0.1409
vn -0.0014 -0.9999 -0.0084
vn -0.0124 -0.9998 -0.0162
vn 0.1845 -0.9781 -0.0962
vn 0.1806 -0.9754 -0.1260
vn 0.0114 -0.9999 -0.0061
vn 0.0217 -0.9996 -0.0147
vn -0.0571 -0.9798 0.1917
vn -0.0334 -0.9771 0.2101
vn 0.0016 -1.0000 0.0055
vn 0.0004 -0.9998 0.0188
vn -0.1675 -0.9795 -0.1116
vn -0.1914 -0.9771 -0.0934
vn -0.0028 -1.0000 -0.0068
vn -0.0154 -0.9998 -0.0114
vn 0.1540 -0.9781 -0.1397
vn 0.1426 -0.9755 -0.1675
vn 0.0102 -0.9999 -0.0079
vn 0.0179 -0.9996 -0.0188
vn -0.0048 -0.9796 0.2009
vn 0.0228 -0.9769 0.2125
vn 0.0038 -1.0000 0.0059
vn 0.0060 -0.9998 0.0191
vn 0.0778 -0.9766 0.2003
vn 0.0980 -0.9791 0.1781
vn 0.1277 -0.9763 0.1743
vn 0.0079 -0.9999 0.0050
vn 0.0164 -0.9997 0.0153
vn 0.0115 -0.9998 0.0179
vn -0.1900 -0.9797 -0.0634
vn -0.2083 -0.9772 -0.0397
vn -0.0037 -1.0000 -0.0048
vn -0.0171 -0.9998 -0.0061
vn 0.1133 -0.9782 -0.1739
vn 0.0951 -0.9756 -0.1977
vn 0.0085 -0.9999 -0.0093
vn 0.0132 -0.9997 -0.0219
vn 0.0481 -0.9793 0.1963
vn 0.0059 -0.9999 0.0057
vn 0.1415 -0.9789 0.1476
vn 0.1692 -0.9761 0.1363
vn 0.0097 -0.9999 0.0037
vn 0.0206 -0.9997 0.0115
vn -0.1992 -0.9799 -0.0111
vn -0.2108 -0.9774 0.0165
vn -0.0041 -1.0000 -0.0027
vn -0.0173 -0.9998 -0.0005
vn 0.0652 -0.9784 -0.1963
vn 0.0414 -0.9758 -0.2146
vn 0.0066 -0.9999 -0.0102
vn 0.0078 -0.9997 -0.0235
vn 0.1756 -0.9786 0.1070
vn 0.1995 -0.9759 0.0888
vn 0.0111 -0.9999 0.0021
vn 0.0236 -0.9997 0.0067
vn -0.1946 -0.9800 0.0417
vn -0.1986 -0.9774 0.0715
vn -0.0039 -1.0000 -0.0005
vn -0.0161 -0.9998 0.0050
vn 0.0129 -0.9785 -0.2055
vn -0.0148 -0.9760 -0.2171
vn 0.0045 -0.9999 -0.0106
vn 0.0022 -0.9997 -0.0238
vn 0.1981 -0.9784 0.0588
vn 0.2164 -0.9756 0.0351
vn 0.0120 -0.9999 0.0001
vn 0.0253 -0.9997 0.0014
vn -0.1764 -0.9800 0.0916
vn -0.1726 -0.9775 0.1214
vn -0.0032 -1.0000 0.0015
vn -0.0135 -0.9998 0.0100
vn -0.0400 -0.9788 -0.2009
vn 0.0023 -0.9999 -0.0104
vn 0.2073 -0.9782 0.0065
vn 0.0124 -0.9999 -0.0020
vn -0.1459 -0.9800 0.1351
vn -0.0020 -1.0000 0.0032
vn 0.0041 -1.0000 -0.0023
usemtl pot2
s 1
f 3703/3785/3363 4490/3786/3364 4635/3787/3365 4447/3788/3366
f 4490/3786/3364 3699/3789/3367 3843/3790/3368 4635/3787/3365
f 4635/3787/3365 3843/3790/3368 3395/3791/3369 3827/3792/3370
f 4447/3788/3366 4635/3787/3365 3827/3792/3370 3396/3793/3371
f 3704/3794/3372 4489/3795/3373 4636/3796/3374 4448/3797/3375
f 4489/3795/3373 3700/3798/3376 3845/3799/3377 4636/3796/3374
f 4636/3796/3374 3845/3799/3377 3410/3800/3378 3842/3801/3379
f 4448/3797/3375 4636/3796/3374 3842/3801/3379 3387/3802/3380
f 3705/3803/3381 4488/3804/3382 4637/3805/3383 4449/3806/3384
f 4488/3804/3382 3701/3807/3385 3847/3808/3386 4637/3805/3383
f 4637/3805/3383 3847/3808/3386 3388/3809/3387 3820/3810/3388
f 4449/3806/3384 4637/3805/3383 3820/3810/3388 3389/3811/3389
f 3706/3812/3390 4487/3813/3391 4638/3814/3392 4450/3815/3393
f 4487/3813/3391 3702/3816/3394 3849/3817/3395 4638/3814/3392
f 4638/3814/3392 3849/3817/3395 3403/3818/3396 3835/3819/3397
f 4450/3815/3393 4638/3814/3392 3835/3819/3397 3404/3820/3398
f 3707/3821/3399 4486/3822/3400 4639/3823/3401 4451/3824/3402
f 4486/3822/3400 3703/3785/3363 4447/3788/3366 4639/3823/3401
f 4639/3823/3401 4447/3788/3366 3396/3793/3371 3828/3825/3403
f 4451/3824/3402 4639/3823/3401 3828/3825/3403 3397/3826/3404
f 3708/3827/3405 4485/3828/3406 4640/3829/3407 4452/3830/3408
f 4485/3828/3406 3705/3803/3381 4449/3806/3384 4640/3829/3407
f 4640/3829/3407 4449/3806/3384 3389/3811/3389 3821/3831/3409
f 4452/3830/3408 4640/3829/3407 3821/3831/3409 3390/3832/3410
f 3709/3833/3411 4484/3834/3412 4641/3835/3413 4453/3836/3414
f 4484/3834/3412 3706/3812/3390 4450/3815/3393 4641/3835/3413
f 4641/3835/3413 4450/3815/3393 3404/3820/3398 3836/3837/3415
f 4453/3836/3414 4641/3835/3413 3836/3837/3415 3405/3838/3416
f 3710/3839/3417 4483/3840/3418 4642/3841/3419 4454/3842/3420
f 4483/3840/3418 3707/3821/3399 4451/3824/3402 4642/3841/3419
f 4642/3841/3419 4451/3824/3402 3397/3826/3404 3829/3843/3421
f 4454/3842/3420 4642/3841/3419 3829/3843/3421 3398/3844/3422
f 3711/3845/3423 4482/3846/3424 4643/3847/3425 4455/3848/3426
f 4482/3846/3424 3708/3827/3405 4452/3830/3408 4643/3847/3425
f 4643/3847/3425 4452/3830/3408 3390/3832/3410 3822/3849/3427
f 4455/3848/3426 4643/3847/3425 3822/3849/3427 3391/3850/3428
f 3712/3851/3429 4481/3852/3430 4644/3853/3431 4456/3854/3432
f 4481/3852/3430 3709/3833/3411 4453/3836/3414 4644/3853/3431
f 4644/3853/3431 4453/3836/3414 3405/3838/3416 3837/3855/3433
f 4456/3854/3432 4644/3853/3431 3837/3855/3433 3406/3856/3434
f 3713/3857/3435 4480/3858/3436 4645/3859/3437 4457/3860/3438
f 4480/3858/3436 3710/3839/3417 4454/3842/3420 4645/3859/3437
f 4645/3859/3437 4454/3842/3420 3398/3844/3422 3830/3861/3439
f 4457/3860/3438 4645/3859/3437 3830/3861/3439 3399/3862/3440
f 3714/3863/3441 4479/3864/3442 4646/3865/3443 4458/3866/3444
f 4479/3864/3442 3711/3845/3423 4455/3848/3426 4646/3865/3443
f 4646/3865/3443 4455/3848/3426 3391/3850/3428 3823/3867/3445
f 4458/3866/3444 4646/3865/3443 3823/3867/3445 3392/3868/3446
f 3715/3869/3447 4478/3870/3448 4647/3871/3449 4459/3872/3450
f 4478/3870/3448 3712/3851/3429 4456/3854/3432 4647/3871/3449
f 4647/3871/3449 4456/3854/3432 3406/3856/3434 3838/3873/3451
f 4459/3872/3450 4647/3871/3449 3838/3873/3451 3407/3874/3452
f 3716/3875/3453 4477/3876/3454 4648/3877/3455 4460/3878/3456
f 4477/3876/3454 3713/3879/3435 4457/3880/3438 4648/3877/3455
f 4648/3877/3455 4457/3880/3438 3399/3881/3440 3831/3882/3457
f 4460/3878/3456 4648/3877/3455 3831/3882/3457 3400/3883/3458
f 3717/3884/3459 4476/3885/3460 4649/3886/3461 4461/3887/3462
f 4476/3885/3460 3714/3863/3441 4458/3866/3444 4649/3886/3461
f 4649/3886/3461 4458/3866/3444 3392/3868/3446 3824/3888/3463
f 4461/3887/3462 4649/3886/3461 3824/3888/3463 3393/3889/3464
f 3718/3890/3465 4475/3891/3466 4650/3892/3467 4462/3893/3468
f 4475/3891/3466 3715/3869/3447 4459/3872/3450 4650/3892/3467
f 4650/3892/3467 4459/3872/3450 3407/3874/3452 3839/3894/3469
f 4462/3893/3468 4650/3892/3467 3839/3894/3469 3408/3895/3470
f 3719/3896/3471 4474/3897/3472 4651/3898/3473 4463/3899/3474
f 4474/3897/3472 3716/3875/3453 4460/3878/3456 4651/3898/3473
f 4651/3898/3473 4460/3878/3456 3400/3883/3458 3832/3900/3475
f 4463/3899/3474 4651/3898/3473 3832/3900/3475 3401/3901/3476
f 3720/3902/3477 4473/3903/3478 4652/3904/3479 4464/3905/3480
f 4473/3903/3478 3717/3884/3459 4461/3887/3462 4652/3904/3479
f 4652/3904/3479 4461/3887/3462 3393/3889/3464 3825/3906/3481
f 4464/3905/3480 4652/3904/3479 3825/3906/3481 3394/3907/3482
f 3721/3908/3483 4472/3909/3484 4653/3910/3485 4465/3911/3486
f 4472/3909/3484 3718/3890/3465 4462/3893/3468 4653/3910/3485
f 4653/3910/3485 4462/3893/3468 3408/3895/3470 3840/3912/3487
f 4465/3911/3486 4653/3910/3485 3840/3912/3487 3409/3913/3488
f 3722/3914/3489 4471/3915/3490 4654/3916/3491 4466/3917/3492
f 4471/3915/3490 3719/3896/3471 4463/3899/3474 4654/3916/3491
f 4654/3916/3491 4463/3899/3474 3401/3901/3476 3833/3918/3493
f 4466/3917/3492 4654/3916/3491 3833/3918/3493 3402/3919/3494
f 3699/3789/3367 4470/3920/3495 4655/3921/3496 3843/3790/3368
f 4470/3920/3495 3720/3902/3477 4464/3905/3480 4655/3921/3496
f 4655/3921/3496 4464/3905/3480 3394/3907/3482 3826/3922/3497
f 3843/3790/3368 4655/3921/3496 3826/3922/3497 3395/3791/3369
f 3700/3798/3376 4469/3923/3498 4656/3924/3499 3845/3799/3377
f 4469/3923/3498 3721/3908/3483 4465/3911/3486 4656/3924/3499
f 4656/3924/3499 4465/3911/3486 3409/3913/3488 3841/3925/3500
f 3845/3799/3377 4656/3924/3499 3841/3925/3500 3410/3800/3378
f 3701/3807/3385 4468/3926/3501 4657/3927/3502 3847/3808/3386
f 4468/3926/3501 3704/3928/3372 4448/3929/3375 4657/3927/3502
f 4657/3927/3502 4448/3929/3375 3387/3930/3380 3819/3931/3503
f 3847/3808/3386 4657/3927/3502 3819/3931/3503 3388/3809/3387
f 3702/3816/3394 4467/3932/3504 4658/3933/3505 3849/3817/3395
f 4467/3932/3504 3722/3914/3489 4466/3917/3492 4658/3933/3505
f 4658/3933/3505 4466/3917/3492 3402/3919/3494 3834/3934/3506
f 3849/3817/3395 4658/3933/3505 3834/3934/3506 3403/3818/3396
f 3538/3935/3507 4202/3936/3508 4659/3937/3509 3873/3938/3510
f 4202/3936/3508 3577/3939/3511 4153/3940/3512 4659/3937/3509
f 4659/3937/3509 4153/3940/3512 3434/3941/3513 3891/3942/3514
f 3873/3938/3510 4659/3937/3509 3891/3942/3514 3417/3943/3515
f 3536/3944/3516 4200/3945/3517 4660/3946/3518 3871/3947/3519
f 4200/3945/3517 3541/3948/3520 4117/3949/3521 4660/3946/3518
f 4660/3946/3518 4117/3949/3521 3414/3950/3522 3892/3951/3523
f 3871/3947/3519 4660/3946/3518 3892/3951/3523 3415/3952/3524
f 3534/3953/3525 4198/3954/3526 4661/3955/3527 3869/3956/3528
f 4198/3954/3526 3575/3957/3529 4151/3958/3530 4661/3955/3527
f 4661/3955/3527 4151/3958/3530 3433/3959/3531 3893/3960/3532
f 3869/3956/3528 4661/3955/3527 3893/3960/3532 3413/3961/3533
f 3532/3962/3534 4196/3963/3535 4662/3964/3536 3867/3965/3537
f 4196/3963/3535 3573/3966/3538 4149/3967/3539 4662/3964/3536
f 4662/3964/3536 4149/3967/3539 3432/3968/3540 3894/3969/3541
f 3867/3965/3537 4662/3964/3536 3894/3969/3541 3411/3970/3542
f 3577/3939/3511 4194/3971/3543 4663/3972/3544 4153/3940/3512
f 4194/3971/3543 3571/3973/3545 4147/3974/3546 4663/3972/3544
f 4663/3972/3544 4147/3974/3546 3431/3975/3547 3895/3976/3548
f 4153/3940/3512 4663/3972/3544 3895/3976/3548 3434/3941/3513
f 3575/3957/3529 4192/3977/3549 4664/3978/3550 4151/3958/3530
f 4192/3977/3549 3569/3979/3551 4145/3980/3552 4664/3978/3550
f 4664/3978/3550 4145/3980/3552 3430/3981/3553 3896/3982/3554
f 4151/3958/3530 4664/3978/3550 3896/3982/3554 3433/3959/3531
f 3573/3966/3538 4190/3983/3555 4665/3984/3556 4149/3967/3539
f 4190/3983/3555 3567/3985/3557 4143/3986/3558 4665/3984/3556
f 4665/3984/3556 4143/3986/3558 3429/3987/3559 3897/3988/3560
f 4149/3967/3539 4665/3984/3556 3897/3988/3560 3432/3968/3540
f 3571/3973/3545 4188/3989/3561 4666/3990/3562 4147/3974/3546
f 4188/3989/3561 3565/3991/3563 4141/3992/3564 4666/3990/3562
f 4666/3990/3562 4141/3992/3564 3428/3993/3565 3898/3994/3566
f 4147/3974/3546 4666/3990/3562 3898/3994/3566 3431/3975/3547
f 3569/3979/3551 4186/3995/3567 4667/3996/3568 4145/3980/3552
f 4186/3995/3567 3563/3997/3569 4139/3998/3570 4667/3996/3568
f 4667/3996/3568 4139/3998/3570 3427/3999/3571 3899/4000/3572
f 4145/3980/3552 4667/3996/3568 3899/4000/3572 3430/3981/3553
f 3567/3985/3557 4184/4001/3573 4668/4002/3574 4143/3986/3558
f 4184/4001/3573 3561/4003/3575 4137/4004/3576 4668/4002/3574
f 4668/4002/3574 4137/4004/3576 3426/4005/3577 3900/4006/3578
f 4143/3986/3558 4668/4002/3574 3900/4006/3578 3429/3987/3559
f 3565/3991/3563 4182/4007/3579 4669/4008/3580 4141/3992/3564
f 4182/4007/3579 3559/4009/3581 4135/4010/3582 4669/4008/3580
f 4669/4008/3580 4135/4010/3582 3425/4011/3583 3901/4012/3584
f 4141/3992/3564 4669/4008/3580 3901/4012/3584 3428/3993/3565
f 3563/3997/3569 4180/4013/3585 4670/4014/3586 4139/3998/3570
f 4180/4013/3585 3557/4015/3587 4133/4016/3588 4670/4014/3586
f 4670/4014/3586 4133/4016/3588 3424/4017/3589 3902/4018/3590
f 4139/3998/3570 4670/4014/3586 3902/4018/3590 3427/3999/3571
f 3561/4003/3575 4178/4019/3591 4671/4020/3592 4137/4004/3576
f 4178/4019/3591 3555/4021/3593 4131/4022/3594 4671/4020/3592
f 4671/4020/3592 4131/4022/3594 3423/4023/3595 3903/4024/3596
f 4137/4004/3576 4671/4020/3592 3903/4024/3596 3426/4005/3577
f 3559/4025/3581 4176/4026/3597 4672/4027/3598 4135/4028/3582
f 4176/4026/3597 3553/4029/3599 4129/4030/3600 4672/4027/3598
f 4672/4027/3598 4129/4030/3600 3422/4031/3601 3904/4032/3602
f 4135/4028/3582 4672/4027/3598 3904/4032/3602 3425/4033/3583
f 3557/4015/3587 4174/4034/3603 4673/4035/3604 4133/4016/3588
f 4174/4034/3603 3551/4036/3605 4127/4037/3606 4673/4035/3604
f 4673/4035/3604 4127/4037/3606 3421/4038/3607 3905/4039/3608
f 4133/4016/3588 4673/4035/3604 3905/4039/3608 3424/4017/3589
f 3555/4021/3593 4172/4040/3609 4674/4041/3610 4131/4022/3594
f 4172/4040/3609 3549/4042/3611 4125/4043/3612 4674/4041/3610
f 4674/4041/3610 4125/4043/3612 3420/4044/3613 3906/4045/3614
f 4131/4022/3594 4674/4041/3610 3906/4045/3614 3423/4023/3595
f 3553/4029/3599 4170/4046/3615 4675/4047/3616 4129/4030/3600
f 4170/4046/3615 3547/4048/3617 4123/4049/3618 4675/4047/3616
f 4675/4047/3616 4123/4049/3618 3419/4050/3619 3907/4051/3620
f 4129/4030/3600 4675/4047/3616 3907/4051/3620 3422/4031/3601
f 3551/4036/3605 4168/4052/3621 4676/4053/3622 4127/4037/3606
f 4168/4052/3621 3545/4054/3623 4121/4055/3624 4676/4053/3622
f 4676/4053/3622 4121/4055/3624 3418/4056/3625 3908/4057/3626
f 4127/4037/3606 4676/4053/3622 3908/4057/3626 3421/4038/3607
f 3549/4042/3611 4166/4058/3627 4677/4059/3628 4125/4043/3612
f 4166/4058/3627 3543/4060/3629 4119/4061/3630 4677/4059/3628
f 4677/4059/3628 4119/4061/3630 3416/4062/3631 3909/4063/3632
f 4125/4043/3612 4677/4059/3628 3909/4063/3632 3420/4044/3613
f 3547/4048/3617 4164/4064/3633 4678/4065/3634 4123/4049/3618
f 4164/4064/3633 3539/4066/3635 4115/4067/3636 4678/4065/3634
f 4678/4065/3634 4115/4067/3636 3412/4068/3637 3910/4069/3638
f 4123/4049/3618 4678/4065/3634 3910/4069/3638 3419/4050/3619
f 3545/4054/3623 4162/4070/3639 4679/4071/3640 4121/4055/3624
f 4162/4070/3639 3538/3935/3507 3873/3938/3510 4679/4071/3640
f 4679/4071/3640 3873/3938/3510 3417/3943/3515 3911/4072/3641
f 4121/4055/3624 4679/4071/3640 3911/4072/3641 3418/4056/3625
f 3543/4060/3629 4160/4073/3642 4680/4074/3643 4119/4061/3630
f 4160/4073/3642 3536/3944/3516 3871/3947/3519 4680/4074/3643
f 4680/4074/3643 3871/3947/3519 3415/3952/3524 3912/4075/3644
f 4119/4061/3630 4680/4074/3643 3912/4075/3644 3416/4062/3631
f 3541/4076/3520 4158/4077/3645 4681/4078/3646 4117/4079/3521
f 4158/4077/3645 3534/3953/3525 3869/3956/3528 4681/4078/3646
f 4681/4078/3646 3869/3956/3528 3413/3961/3533 3913/4080/3647
f 4117/4079/3521 4681/4078/3646 3913/4080/3647 3414/4081/3522
f 3539/4066/3635 4156/4082/3648 4682/4083/3649 4115/4067/3636
f 4156/4082/3648 3532/3962/3534 3867/3965/3537 4682/4083/3649
f 4682/4083/3649 3867/3965/3537 3411/3970/3542 3914/4084/3650
f 4115/4067/3636 4682/4083/3649 3914/4084/3650 3412/4068/3637
f 3579/4085/3651 4298/4086/3652 4683/4087/3653 4203/4088/3654
f 4298/4086/3652 3620/4089/3655 3995/4090/3656 4683/4087/3653
f 4683/4087/3653 3995/4090/3656 3515/4091/3657 4011/4092/3658
f 4203/4088/3654 4683/4087/3653 4011/4092/3658 3438/4093/3659
f 3627/4094/3660 4346/4095/3661 4684/4096/3662 4299/4097/3663
f 4346/4095/3661 3647/4098/3664 3996/4099/3665 4684/4096/3662
f 4684/4096/3662 3996/4099/3665 3516/4100/3666 4012/4101/3667
f 4299/4097/3663 4684/4096/3662 4012/4101/3667 3437/4102/3668
f 3651/4103/3669 4394/4104/3670 4685/4105/3671 4347/4106/3672
f 4394/4104/3670 3671/4107/3673 3997/4108/3674 4685/4105/3671
f 4685/4105/3671 3997/4108/3674 3517/4109/3675 4013/4110/3676
f 4347/4106/3672 4685/4105/3671 4013/4110/3676 3436/4111/3677
f 3675/4112/3678 4442/4113/3679 4686/4114/3680 4395/4115/3681
f 4442/4113/3679 3695/4116/3682 3998/4117/3683 4686/4114/3680
f 4686/4114/3680 3998/4117/3683 3518/4118/3684 4014/4119/3685
f 4395/4115/3681 4686/4114/3680 4014/4119/3685 3435/4120/3686
f 3581/4121/3687 4296/4122/3688 4687/4123/3689 4205/4124/3690
f 4296/4122/3688 3622/4125/3691 3999/4126/3692 4687/4123/3689
f 4687/4123/3689 3999/4126/3692 3519/4127/3693 4015/4128/3694
f 4205/4124/3690 4687/4123/3689 4015/4128/3694 3442/4129/3695
f 3628/4130/3696 4345/4131/3697 4688/4132/3698 4300/4133/3699
f 4345/4131/3697 3648/4134/3700 4000/4135/3701 4688/4132/3698
f 4688/4132/3698 4000/4135/3701 3520/4136/3702 4016/4137/3703
f 4300/4133/3699 4688/4132/3698 4016/4137/3703 3441/4138/3704
f 3652/4139/3705 4393/4140/3706 4689/4141/3707 4348/4142/3708
f 4393/4140/3706 3672/4143/3709 4001/4144/3710 4689/4141/3707
f 4689/4141/3707 4001/4144/3710 3521/4145/3711 4017/4146/3712
f 4348/4142/3708 4689/4141/3707 4017/4146/3712 3440/4147/3713
f 3676/4148/3714 4441/4149/3715 4690/4150/3716 4396/4151/3717
f 4441/4149/3715 3696/4152/3718 4002/4153/3719 4690/4150/3716
f 4690/4150/3716 4002/4153/3719 3522/4154/3720 4018/4155/3721
f 4396/4151/3717 4690/4150/3716 4018/4155/3721 3439/4156/3722
f 3583/4157/3723 4294/4158/3724 4691/4159/3725 4207/4160/3726
f 4294/4158/3724 3624/4161/3727 4003/4162/3728 4691/4159/3725
f 4691/4159/3725 4003/4162/3728 3523/4163/3729 4019/4164/3730
f 4207/4160/3726 4691/4159/3725 4019/4164/3730 3446/4165/3731
f 3629/4166/3732 4344/4167/3733 4692/4168/3734 4301/4169/3735
f 4344/4167/3733 3649/4170/3736 4004/4171/3737 4692/4168/3734
f 4692/4168/3734 4004/4171/3737 3524/4172/3738 4020/4173/3739
f 4301/4169/3735 4692/4168/3734 4020/4173/3739 3445/4174/3740
f 3653/4175/3741 4392/4176/3742 4693/4177/3743 4349/4178/3744
f 4392/4176/3742 3673/4179/3745 4005/4180/3746 4693/4177/3743
f 4693/4177/3743 4005/4180/3746 3525/4181/3747 4021/4182/3748
f 4349/4178/3744 4693/4177/3743 4021/4182/3748 3444/4183/3749
f 3677/4184/3750 4440/4185/3751 4694/4186/3752 4397/4187/3753
f 4440/4185/3751 3697/4188/3754 4006/4189/3755 4694/4186/3752
f 4694/4186/3752 4006/4189/3755 3526/4190/3756 4022/4191/3757
f 4397/4187/3753 4694/4186/3752 4022/4191/3757 3443/4192/3758
f 3585/4193/3759 4292/4194/3760 4695/4195/3761 4209/4196/3762
f 4292/4194/3760 3626/4197/3763 4007/4198/3764 4695/4195/3761
f 4695/4195/3761 4007/4198/3764 3527/4199/3765 4023/4200/3766
f 4209/4196/3762 4695/4195/3761 4023/4200/3766 3450/4201/3767
f 3630/4202/3768 4343/4203/3769 4696/4204/3770 4302/4205/3771
f 4343/4203/3769 3650/4206/3772 4008/4207/3773 4696/4204/3770
f 4696/4204/3770 4008/4207/3773 3528/4208/3774 4024/4209/3775
f 4302/4205/3771 4696/4204/3770 4024/4209/3775 3449/4210/3776
f 3654/4211/3777 4391/4212/3778 4697/4213/3779 4350/4214/3780
f 4391/4212/3778 3674/4215/3781 4009/4216/3782 4697/4213/3779
f 4697/4213/3779 4009/4216/3782 3529/4217/3783 4025/4218/3784
f 4350/4214/3780 4697/4213/3779 4025/4218/3784 3448/4219/3785
f 3678/4220/3786 4439/4221/3787 4698/4222/3788 4398/4223/3789
f 4439/4221/3787 3698/4224/3790 4010/4225/3791 4698/4222/3788
f 4698/4222/3788 4010/4225/3791 3530/4226/3792 4026/4227/3793
f 4398/4223/3789 4698/4222/3788 4026/4227/3793 3447/4228/3794
f 3587/4229/3795 4290/4230/3796 4699/4231/3797 4211/4232/3798
f 4290/4230/3796 3579/4085/3651 4203/4088/3654 4699/4231/3797
f 4699/4231/3797 4203/4088/3654 3438/4093/3659 4027/4233/3799
f 4211/4232/3798 4699/4231/3797 4027/4233/3799 3454/4234/3800
f 3631/4235/3801 4342/4236/3802 4700/4237/3803 4303/4238/3804
f 4342/4236/3802 3627/4094/3660 4299/4097/3663 4700/4237/3803
f 4700/4237/3803 4299/4097/3663 3437/4102/3668 4028/4239/3805
f 4303/4238/3804 4700/4237/3803 4028/4239/3805 3453/4240/3806
f 3655/4241/3807 4390/4242/3808 4701/4243/3809 4351/4244/3810
f 4390/4242/3808 3651/4103/3669 4347/4106/3672 4701/4243/3809
f 4701/4243/3809 4347/4106/3672 3436/4111/3677 4029/4245/3811
f 4351/4244/3810 4701/4243/3809 4029/4245/3811 3452/4246/3812
f 3679/4247/3813 4438/4248/3814 4702/4249/3815 4399/4250/3816
f 4438/4248/3814 3675/4112/3678 4395/4115/3681 4702/4249/3815
f 4702/4249/3815 4395/4115/3681 3435/4120/3686 4030/4251/3817
f 4399/4250/3816 4702/4249/3815 4030/4251/3817 3451/4252/3818
f 3589/4253/3819 4288/4254/3820 4703/4255/3821 4213/4256/3822
f 4288/4254/3820 3583/4157/3723 4207/4160/3726 4703/4255/3821
f 4703/4255/3821 4207/4160/3726 3446/4165/3731 4031/4257/3823
f 4213/4256/3822 4703/4255/3821 4031/4257/3823 3458/4258/3824
f 3632/4259/3825 4341/4260/3826 4704/4261/3827 4304/4262/3828
f 4341/4260/3826 3629/4166/3732 4301/4169/3735 4704/4261/3827
f 4704/4261/3827 4301/4169/3735 3445/4174/3740 4032/4263/3829
f 4304/4262/3828 4704/4261/3827 4032/4263/3829 3457/4264/3830
f 3656/4265/3831 4389/4266/3832 4705/4267/3833 4352/4268/3834
f 4389/4266/3832 3653/4175/3741 4349/4178/3744 4705/4267/3833
f 4705/4267/3833 4349/4178/3744 3444/4183/3749 4033/4269/3835
f 4352/4268/3834 4705/4267/3833 4033/4269/3835 3456/4270/3836
f 3680/4271/3837 4437/4272/3838 4706/4273/3839 4400/4274/3840
f 4437/4272/3838 3677/4184/3750 4397/4187/3753 4706/4273/3839
f 4706/4273/3839 4397/4187/3753 3443/4192/3758 4034/4275/3841
f 4400/4274/3840 4706/4273/3839 4034/4275/3841 3455/4276/3842
f 3591/4277/3843 4286/4278/3844 4707/4279/3845 4215/4280/3846
f 4286/4278/3844 3585/4193/3759 4209/4196/3762 4707/4279/3845
f 4707/4279/3845 4209/4196/3762 3450/4201/3767 4035/4281/3847
f 4215/4280/3846 4707/4279/3845 4035/4281/3847 3462/4282/3848
f 3633/4283/3849 4340/4284/3850 4708/4285/3851 4305/4286/3852
f 4340/4284/3850 3630/4202/3768 4302/4205/3771 4708/4285/3851
f 4708/4285/3851 4302/4205/3771 3449/4210/3776 4036/4287/3853
f 4305/4286/3852 4708/4285/3851 4036/4287/3853 3461/4288/3854
f 3657/4289/3855 4388/4290/3856 4709/4291/3857 4353/4292/3858
f 4388/4290/3856 3654/4211/3777 4350/4214/3780 4709/4291/3857
f 4709/4291/3857 4350/4214/3780 3448/4219/3785 4037/4293/3859
f 4353/4292/3858 4709/4291/3857 4037/4293/3859 3460/4294/3860
f 3681/4295/3861 4436/4296/3862 4710/4297/3863 4401/4298/3864
f 4436/4296/3862 3678/4220/3786 4398/4223/3789 4710/4297/3863
f 4710/4297/3863 4398/4223/3789 3447/4228/3794 4038/4299/3865
f 4401/4298/3864 4710/4297/3863 4038/4299/3865 3459/4300/3866
f 3593/4301/3867 4284/4302/3868 4711/4303/3869 4217/4304/3870
f 4284/4302/3868 3587/4229/3795 4211/4232/3798 4711/4303/3869
f 4711/4303/3869 4211/4232/3798 3454/4234/3800 4039/4305/3871
f 4217/4304/3870 4711/4303/3869 4039/4305/3871 3466/4306/3872
f 3634/4307/3873 4339/4308/3874 4712/4309/3875 4306/4310/3876
f 4339/4308/3874 3631/4235/3801 4303/4238/3804 4712/4309/3875
f 4712/4309/3875 4303/4238/3804 3453/4240/3806 4040/4311/3877
f 4306/4310/3876 4712/4309/3875 4040/4311/3877 3465/4312/3878
f 3658/4313/3879 4387/4314/3880 4713/4315/3881 4354/4316/3882
f 4387/4314/3880 3655/4241/3807 4351/4244/3810 4713/4315/3881
f 4713/4315/3881 4351/4244/3810 3452/4246/3812 4041/4317/3883
f 4354/4316/3882 4713/4315/3881 4041/4317/3883 3464/4318/3884
f 3682/4319/3885 4435/4320/3886 4714/4321/3887 4402/4322/3888
f 4435/4320/3886 3679/4247/3813 4399/4250/3816 4714/4321/3887
f 4714/4321/3887 4399/4250/3816 3451/4252/3818 4042/4323/3889
f 4402/4322/3888 4714/4321/3887 4042/4323/3889 3463/4324/3890
f 3595/4325/3891 4282/4326/3892 4715/4327/3893 4219/4328/3894
f 4282/4326/3892 3589/4253/3819 4213/4256/3822 4715/4327/3893
f 4715/4327/3893 4213/4256/3822 3458/4258/3824 4043/4329/3895
f 4219/4328/3894 4715/4327/3893 4043/4329/3895 3470/4330/3896
f 3635/4331/3897 4338/4332/3898 4716/4333/3899 4307/4334/3900
f 4338/4332/3898 3632/4259/3825 4304/4262/3828 4716/4333/3899
f 4716/4333/3899 4304/4262/3828 3457/4264/3830 4044/4335/3901
f 4307/4334/3900 4716/4333/3899 4044/4335/3901 3469/4336/3902
f 3659/4337/3903 4386/4338/3904 4717/4339/3905 4355/4340/3906
f 4386/4338/3904 3656/4265/3831 4352/4268/3834 4717/4339/3905
f 4717/4339/3905 4352/4268/3834 3456/4270/3836 4045/4341/3907
f 4355/4340/3906 4717/4339/3905 4045/4341/3907 3468/4342/3908
f 3683/4343/3909 4434/4344/3910 4718/4345/3911 4403/4346/3912
f 4434/4344/3910 3680/4271/3837 4400/4274/3840 4718/4345/3911
f 4718/4345/3911 4400/4274/3840 3455/4276/3842 4046/4347/3913
f 4403/4346/3912 4718/4345/3911 4046/4347/3913 3467/4348/3914
f 3597/4349/3915 4280/4350/3916 4719/4351/3917 4221/4352/3918
f 4280/4350/3916 3591/4353/3843 4215/4354/3846 4719/4351/3917
f 4719/4351/3917 4215/4354/3846 3462/4355/3848 4047/4356/3919
f 4221/4352/3918 4719/4351/3917 4047/4356/3919 3474/4357/3920
f 3636/4358/3921 4337/4359/3922 4720/4360/3923 4308/4361/3924
f 4337/4359/3922 3633/4362/3849 4305/4363/3852 4720/4360/3923
f 4720/4360/3923 4305/4363/3852 3461/4364/3854 4048/4365/3925
f 4308/4361/3924 4720/4360/3923 4048/4365/3925 3473/4366/3926
f 3660/4367/3927 4385/4368/3928 4721/4369/3929 4356/4370/3930
f 4385/4368/3928 3657/4371/3855 4353/4372/3858 4721/4369/3929
f 4721/4369/3929 4353/4372/3858 3460/4373/3860 4049/4374/3931
f 4356/4370/3930 4721/4369/3929 4049/4374/3931 3472/4375/3932
f 3684/4376/3933 4433/4377/3934 4722/4378/3935 4404/4379/3936
f 4433/4377/3934 3681/4380/3861 4401/4381/3864 4722/4378/3935
f 4722/4378/3935 4401/4381/3864 3459/4382/3866 4050/4383/3937
f 4404/4379/3936 4722/4378/3935 4050/4383/3937 3471/4384/3938
f 3599/4385/3939 4278/4386/3940 4723/4387/3941 4223/4388/3942
f 4278/4386/3940 3593/4301/3867 4217/4304/3870 4723/4387/3941
f 4723/4387/3941 4217/4304/3870 3466/4306/3872 4051/4389/3943
f 4223/4388/3942 4723/4387/3941 4051/4389/3943 3478/4390/3944
f 3637/4391/3945 4336/4392/3946 4724/4393/3947 4309/4394/3948
f 4336/4392/3946 3634/4307/3873 4306/4310/3876 4724/4393/3947
f 4724/4393/3947 4306/4310/3876 3465/4312/3878 4052/4395/3949
f 4309/4394/3948 4724/4393/3947 4052/4395/3949 3477/4396/3950
f 3661/4397/3951 4384/4398/3952 4725/4399/3953 4357/4400/3954
f 4384/4398/3952 3658/4313/3879 4354/4316/3882 4725/4399/3953
f 4725/4399/3953 4354/4316/3882 3464/4318/3884 4053/4401/3955
f 4357/4400/3954 4725/4399/3953 4053/4401/3955 3476/4402/3956
f 3685/4403/3957 4432/4404/3958 4726/4405/3959 4405/4406/3960
f 4432/4404/3958 3682/4319/3885 4402/4322/3888 4726/4405/3959
f 4726/4405/3959 4402/4322/3888 3463/4324/3890 4054/4407/3961
f 4405/4406/3960 4726/4405/3959 4054/4407/3961 3475/4408/3962
f 3601/4409/3963 4276/4410/3964 4727/4411/3965 4225/4412/3966
f 4276/4410/3964 3595/4325/3891 4219/4328/3894 4727/4411/3965
f 4727/4411/3965 4219/4328/3894 3470/4330/3896 4055/4413/3967
f 4225/4412/3966 4727/4411/3965 4055/4413/3967 3482/4414/3968
f 3638/4415/3969 4335/4416/3970 4728/4417/3971 4310/4418/3972
f 4335/4416/3970 3635/4331/3897 4307/4334/3900 4728/4417/3971
f 4728/4417/3971 4307/4334/3900 3469/4336/3902 4056/4419/3973
f 4310/4418/3972 4728/4417/3971 4056/4419/3973 3481/4420/3974
f 3662/4421/3975 4383/4422/3976 4729/4423/3977 4358/4424/3978
f 4383/4422/3976 3659/4337/3903 4355/4340/3906 4729/4423/3977
f 4729/4423/3977 4355/4340/3906 3468/4342/3908 4057/4425/3979
f 4358/4424/3978 4729/4423/3977 4057/4425/3979 3480/4426/3980
f 3686/4427/3981 4431/4428/3982 4730/4429/3983 4406/4430/3984
f 4431/4428/3982 3683/4343/3909 4403/4346/3912 4730/4429/3983
f 4730/4429/3983 4403/4346/3912 3467/4348/3914 4058/4431/3985
f 4406/4430/3984 4730/4429/3983 4058/4431/3985 3479/4432/3986
f 3603/4433/3987 4274/4434/3988 4731/4435/3989 4227/4436/3990
f 4274/4434/3988 3597/4349/3915 4221/4352/3918 4731/4435/3989
f 4731/4435/3989 4221/4352/3918 3474/4357/3920 4059/4437/3991
f 4227/4436/3990 4731/4435/3989 4059/4437/3991 3486/4438/3992
f 3639/4439/3993 4334/4440/3994 4732/4441/3995 4311/4442/3996
f 4334/4440/3994 3636/4358/3921 4308/4361/3924 4732/4441/3995
f 4732/4441/3995 4308/4361/3924 3473/4366/3926 4060/4443/3997
f 4311/4442/3996 4732/4441/3995 4060/4443/3997 3485/4444/3998
f 3663/4445/3999 4382/4446/4000 4733/4447/4001 4359/4448/4002
f 4382/4446/4000 3660/4367/3927 4356/4370/3930 4733/4447/4001
f 4733/4447/4001 4356/4370/3930 3472/4375/3932 4061/4449/4003
f 4359/4448/4002 4733/4447/4001 4061/4449/4003 3484/4450/4004
f 3687/4451/4005 4430/4452/4006 4734/4453/4007 4407/4454/4008
f 4430/4452/4006 3684/4376/3933 4404/4379/3936 4734/4453/4007
f 4734/4453/4007 4404/4379/3936 3471/4384/3938 4062/4455/4009
f 4407/4454/4008 4734/4453/4007 4062/4455/4009 3483/4456/4010
f 3605/4457/4011 4272/4458/4012 4735/4459/4013 4229/4460/4014
f 4272/4458/4012 3599/4461/3939 4223/4462/3942 4735/4459/4013
f 4735/4459/4013 4223/4462/3942 3478/4463/3944 4063/4464/4015
f 4229/4460/4014 4735/4459/4013 4063/4464/4015 3490/4465/4016
f 3640/4466/4017 4333/4467/4018 4736/4468/4019 4312/4469/4020
f 4333/4467/4018 3637/4470/3945 4309/4471/3948 4736/4468/4019
f 4736/4468/4019 4309/4471/3948 3477/4472/3950 4064/4473/4021
f 4312/4469/4020 4736/4468/4019 4064/4473/4021 3489/4474/4022
f 3664/4475/4023 4381/4476/4024 4737/4477/4025 4360/4478/4026
f 4381/4476/4024 3661/4479/3951 4357/4480/3954 4737/4477/4025
f 4737/4477/4025 4357/4480/3954 3476/4481/3956 4065/4482/4027
f 4360/4478/4026 4737/4477/4025 4065/4482/4027 3488/4483/4028
f 3688/4484/4029 4429/4485/4030 4738/4486/4031 4408/4487/4032
f 4429/4485/4030 3685/4488/3957 4405/4489/3960 4738/4486/4031
f 4738/4486/4031 4405/4489/3960 3475/4490/3962 4066/4491/4033
f 4408/4487/4032 4738/4486/4031 4066/4491/4033 3487/4492/4034
f 3607/4493/4035 4270/4494/4036 4739/4495/4037 4231/4496/4038
f 4270/4494/4036 3601/4409/3963 4225/4412/3966 4739/4495/4037
f 4739/4495/4037 4225/4412/3966 3482/4414/3968 4067/4497/4039
f 4231/4496/4038 4739/4495/4037 4067/4497/4039 3494/4498/4040
f 3641/4499/4041 4332/4500/4042 4740/4501/4043 4313/4502/4044
f 4332/4500/4042 3638/4415/3969 4310/4418/3972 4740/4501/4043
f 4740/4501/4043 4310/4418/3972 3481/4420/3974 4068/4503/4045
f 4313/4502/4044 4740/4501/4043 4068/4503/4045 3493/4504/4046
f 3665/4505/4047 4380/4506/4048 4741/4507/4049 4361/4508/4050
f 4380/4506/4048 3662/4421/3975 4358/4424/3978 4741/4507/4049
f 4741/4507/4049 4358/4424/3978 3480/4426/3980 4069/4509/4051
f 4361/4508/4050 4741/4507/4049 4069/4509/4051 3492/4510/4052
f 3689/4511/4053 4428/4512/4054 4742/4513/4055 4409/4514/4056
f 4428/4512/4054 3686/4427/3981 4406/4430/3984 4742/4513/4055
f 4742/4513/4055 4406/4430/3984 3479/4432/3986 4070/4515/4057
f 4409/4514/4056 4742/4513/4055 4070/4515/4057 3491/4516/4058
f 3609/4517/4059 4268/4518/4060 4743/4519/4061 4233/4520/4062
f 4268/4518/4060 3603/4433/3987 4227/4436/3990 4743/4519/4061
f 4743/4519/4061 4227/4436/3990 3486/4438/3992 4071/4521/4063
f 4233/4520/4062 4743/4519/4061 4071/4521/4063 3498/4522/4064
f 3642/4523/4065 4331/4524/4066 4744/4525/4067 4314/4526/4068
f 4331/4524/4066 3639/4439/3993 4311/4442/3996 4744/4525/4067
f 4744/4525/4067 4311/4442/3996 3485/4444/3998 4072/4527/4069
f 4314/4526/4068 4744/4525/4067 4072/4527/4069 3497/4528/4070
f 3666/4529/4071 4379/4530/4072 4745/4531/4073 4362/4532/4074
f 4379/4530/4072 3663/4445/3999 4359/4448/4002 4745/4531/4073
f 4745/4531/4073 4359/4448/4002 3484/4450/4004 4073/4533/4075
f 4362/4532/4074 4745/4531/4073 4073/4533/4075 3496/4534/4076
f 3690/4535/4077 4427/4536/4078 4746/4537/4079 4410/4538/4080
f 4427/4536/4078 3687/4451/4005 4407/4454/4008 4746/4537/4079
f 4746/4537/4079 4407/4454/4008 3483/4456/4010 4074/4539/4081
f 4410/4538/4080 4746/4537/4079 4074/4539/4081 3495/4540/4082
f 3611/4541/4083 4266/4542/4084 4747/4543/4085 4235/4544/4086
f 4266/4542/4084 3605/4457/4011 4229/4460/4014 4747/4543/4085
f 4747/4543/4085 4229/4460/4014 3490/4465/4016 4075/4545/4087
f 4235/4544/4086 4747/4543/4085 4075/4545/4087 3502/4546/4088
f 3643/4547/4089 4330/4548/4090 4748/4549/4091 4315/4550/4092
f 4330/4548/4090 3640/4466/4017 4312/4469/4020 4748/4549/4091
f 4748/4549/4091 4312/4469/4020 3489/4474/4022 4076/4551/4093
f 4315/4550/4092 4748/4549/4091 4076/4551/4093 3501/4552/4094
f 3667/4553/4095 4378/4554/4096 4749/4555/4097 4363/4556/4098
f 4378/4554/4096 3664/4475/4023 4360/4478/4026 4749/4555/4097
f 4749/4555/4097 4360/4478/4026 3488/4557/4028 4077/4558/4099
f 4363/4556/4098 4749/4555/4097 4077/4558/4099 3500/4559/4100
f 3691/4560/4101 4426/4561/4102 4750/4562/4103 4411/4563/4104
f 4426/4561/4102 3688/4484/4029 4408/4487/4032 4750/4562/4103
f 4750/4562/4103 4408/4487/4032 3487/4492/4034 4078/4564/4105
f 4411/4563/4104 4750/4562/4103 4078/4564/4105 3499/4565/4106
f 3613/4566/4107 4264/4567/4108 4751/4568/4109 4237/4569/4110
f 4264/4567/4108 3607/4570/4035 4231/4571/4038 4751/4568/4109
f 4751/4568/4109 4231/4571/4038 3494/4572/4040 4079/4573/4111
f 4237/4569/4110 4751/4568/4109 4079/4573/4111 3506/4574/4112
f 3644/4575/4113 4329/4576/4114 4752/4577/4115 4316/4578/4116
f 4329/4576/4114 3641/4579/4041 4313/4580/4044 4752/4577/4115
f 4752/4577/4115 4313/4580/4044 3493/4581/4046 4080/4582/4117
f 4316/4578/4116 4752/4577/4115 4080/4582/4117 3505/4583/4118
f 3668/4584/4119 4377/4585/4120 4753/4586/4121 4364/4587/4122
f 4377/4585/4120 3665/4588/4047 4361/4589/4050 4753/4586/4121
f 4753/4586/4121 4361/4589/4050 3492/4590/4052 4081/4591/4123
f 4364/4587/4122 4753/4586/4121 4081/4591/4123 3504/4592/4124
f 3692/4593/4125 4425/4594/4126 4754/4595/4127 4412/4596/4128
f 4425/4594/4126 3689/4597/4053 4409/4598/4056 4754/4595/4127
f 4754/4595/4127 4409/4598/4056 3491/4599/4058 4082/4600/4129
f 4412/4596/4128 4754/4595/4127 4082/4600/4129 3503/4601/4130
f 3615/4602/4131 4262/4603/4132 4755/4604/4133 4239/4605/4134
f 4262/4603/4132 3609/4517/4059 4233/4520/4062 4755/4604/4133
f 4755/4604/4133 4233/4520/4062 3498/4522/4064 4083/4606/4135
f 4239/4605/4134 4755/4604/4133 4083/4606/4135 3510/4607/4136
f 3645/4608/4137 4328/4609/4138 4756/4610/4139 4317/4611/4140
f 4328/4609/4138 3642/4523/4065 4314/4526/4068 4756/4610/4139
f 4756/4610/4139 4314/4526/4068 3497/4528/4070 4084/4612/4141
f 4317/4611/4140 4756/4610/4139 4084/4612/4141 3509/4613/4142
f 3669/4614/4143 4376/4615/4144 4757/4616/4145 4365/4617/4146
f 4376/4615/4144 3666/4529/4071 4362/4532/4074 4757/4616/4145
f 4757/4616/4145 4362/4532/4074 3496/4534/4076 4085/4618/4147
f 4365/4617/4146 4757/4616/4145 4085/4618/4147 3508/4619/4148
f 3693/4620/4149 4424/4621/4150 4758/4622/4151 4413/4623/4152
f 4424/4621/4150 3690/4535/4077 4410/4538/4080 4758/4622/4151
f 4758/4622/4151 4410/4538/4080 3495/4540/4082 4086/4624/4153
f 4413/4623/4152 4758/4622/4151 4086/4624/4153 3507/4625/4154
f 3617/4626/4155 4260/4627/4156 4759/4628/4157 4241/4629/4158
f 4260/4627/4156 3611/4541/4083 4235/4544/4086 4759/4628/4157
f 4759/4628/4157 4235/4544/4086 3502/4546/4088 4087/4630/4159
f 4241/4629/4158 4759/4628/4157 4087/4630/4159 3514/4631/4160
f 3646/4632/4161 4327/4633/4162 4760/4634/4163 4318/4635/4164
f 4327/4633/4162 3643/4547/4089 4315/4550/4092 4760/4634/4163
f 4760/4634/4163 4315/4550/4092 3501/4552/4094 4088/4636/4165
f 4318/4635/4164 4760/4634/4163 4088/4636/4165 3513/4637/4166
f 3670/4638/4167 4375/4639/4168 4761/4640/4169 4366/4641/4170
f 4375/4639/4168 3667/4553/4095 4363/4556/4098 4761/4640/4169
f 4761/4640/4169 4363/4556/4098 3500/4559/4100 4089/4642/4171
f 4366/4641/4170 4761/4640/4169 4089/4642/4171 3512/4643/4172
f 3694/4644/4173 4423/4645/4174 4762/4646/4175 4414/4647/4176
f 4423/4645/4174 3691/4560/4101 4411/4563/4104 4762/4646/4175
f 4762/4646/4175 4411/4563/4104 3499/4565/4106 4090/4648/4177
f 4414/4647/4176 4762/4646/4175 4090/4648/4177 3511/4649/4178
f 3620/4089/3655 4258/4650/4179 4763/4651/4180 3995/4090/3656
f 4258/4650/4179 3613/4566/4107 4237/4569/4110 4763/4651/4180
f 4763/4651/4180 4237/4569/4110 3506/4574/4112 4091/4652/4181
f 3995/4090/3656 4763/4651/4180 4091/4652/4181 3515/4091/3657
f 3647/4098/3664 4326/4653/4182 4764/4654/4183 3996/4099/3665
f 4326/4653/4182 3644/4575/4113 4316/4578/4116 4764/4654/4183
f 4764/4654/4183 4316/4578/4116 3505/4583/4118 4092/4655/4184
f 3996/4099/3665 4764/4654/4183 4092/4655/4184 3516/4100/3666
f 3671/4107/3673 4374/4656/4185 4765/4657/4186 3997/4108/3674
f 4374/4656/4185 3668/4584/4119 4364/4587/4122 4765/4657/4186
f 4765/4657/4186 4364/4587/4122 3504/4592/4124 4093/4658/4187
f 3997/4108/3674 4765/4657/4186 4093/4658/4187 3517/4109/3675
f 3695/4116/3682 4422/4659/4188 4766/4660/4189 3998/4117/3683
f 4422/4659/4188 3692/4593/4125 4412/4596/4128 4766/4660/4189
f 4766/4660/4189 4412/4596/4128 3503/4601/4130 4094/4661/4190
f 3998/4117/3683 4766/4660/4189 4094/4661/4190 3518/4118/3684
f 3622/4125/3691 4256/4662/4191 4767/4663/4192 3999/4126/3692
f 4256/4662/4191 3615/4602/4131 4239/4605/4134 4767/4663/4192
f 4767/4663/4192 4239/4605/4134 3510/4607/4136 4095/4664/4193
f 3999/4126/3692 4767/4663/4192 4095/4664/4193 3519/4127/3693
f 3648/4134/3700 4325/4665/4194 4768/4666/4195 4000/4135/3701
f 4325/4665/4194 3645/4608/4137 4317/4611/4140 4768/4666/4195
f 4768/4666/4195 4317/4611/4140 3509/4613/4142 4096/4667/4196
f 4000/4135/3701 4768/4666/4195 4096/4667/4196 3520/4136/3702
f 3672/4143/3709 4373/4668/4197 4769/4669/4198 4001/4144/3710
f 4373/4668/4197 3669/4614/4143 4365/4617/4146 4769/4669/4198
f 4769/4669/4198 4365/4617/4146 3508/4619/4148 4097/4670/4199
f 4001/4144/3710 4769/4669/4198 4097/4670/4199 3521/4145/3711
f 3696/4152/3718 4421/4671/4200 4770/4672/4201 4002/4153/3719
f 4421/4671/4200 3693/4620/4149 4413/4623/4152 4770/4672/4201
f 4770/4672/4201 4413/4623/4152 3507/4625/4154 4098/4673/4202
f 4002/4153/3719 4770/4672/4201 4098/4673/4202 3522/4154/3720
f 3624/4161/3727 4254/4674/4203 4771/4675/4204 4003/4162/3728
f 4254/4674/4203 3581/4676/3687 4205/4677/3690 4771/4675/4204
f 4771/4675/4204 4205/4677/3690 3442/4678/3695 4099/4679/4205
f 4003/4162/3728 4771/4675/4204 4099/4679/4205 3523/4163/3729
f 3649/4170/3736 4324/4680/4206 4772/4681/4207 4004/4171/3737
f 4324/4680/4206 3628/4682/3696 4300/4683/3699 4772/4681/4207
f 4772/4681/4207 4300/4683/3699 3441/4684/3704 4100/4685/4208
f 4004/4171/3737 4772/4681/4207 4100/4685/4208 3524/4172/3738
f 3673/4179/3745 4372/4686/4209 4773/4687/4210 4005/4180/3746
f 4372/4686/4209 3652/4688/3705 4348/4689/3708 4773/4687/4210
f 4773/4687/4210 4348/4689/3708 3440/4690/3713 4101/4691/4211
f 4005/4180/3746 4773/4687/4210 4101/4691/4211 3525/4181/3747
f 3697/4188/3754 4420/4692/4212 4774/4693/4213 4006/4189/3755
f 4420/4692/4212 3676/4694/3714 4396/4695/3717 4774/4693/4213
f 4774/4693/4213 4396/4695/3717 3439/4696/3722 4102/4697/4214
f 4006/4189/3755 4774/4693/4213 4102/4697/4214 3526/4190/3756
f 3626/4197/3763 4252/4698/4215 4775/4699/4216 4007/4198/3764
f 4252/4698/4215 3617/4626/4155 4241/4629/4158 4775/4699/4216
f 4775/4699/4216 4241/4629/4158 3514/4631/4160 4103/4700/4217
f 4007/4198/3764 4775/4699/4216 4103/4700/4217 3527/4199/3765
f 3650/4206/3772 4323/4701/4218 4776/4702/4219 4008/4207/3773
f 4323/4701/4218 3646/4632/4161 4318/4635/4164 4776/4702/4219
f 4776/4702/4219 4318/4635/4164 3513/4637/4166 4104/4703/4220
f 4008/4207/3773 4776/4702/4219 4104/4703/4220 3528/4208/3774
f 3674/4215/3781 4371/4704/4221 4777/4705/4222 4009/4216/3782
f 4371/4704/4221 3670/4638/4167 4366/4641/4170 4777/4705/4222
f 4777/4705/4222 4366/4641/4170 3512/4643/4172 4105/4706/4223
f 4009/4216/3782 4777/4705/4222 4105/4706/4223 3529/4217/3783
f 3698/4224/3790 4419/4707/4224 4778/4708/4225 4010/4225/3791
f 4419/4707/4224 3694/4644/4173 4414/4647/4176 4778/4708/4225
f 4778/4708/4225 4414/4647/4176 3511/4649/4178 4106/4709/4226
f 4010/4225/3791 4778/4708/4225 4106/4709/4226 3530/4226/3792
f 3435/4120/3686 4014/4119/3685 4779/4710/4227 3915/4711/4228
f 4014/4119/3685 3518/4118/3684 4107/4712/4229 4779/4710/4227
f 4779/4710/4227 4107/4712/4229 3531/4713/4230 4155/4714/4231
f 3915/4711/4228 4779/4710/4227 4155/4714/4231 3540/4715/4232
f 3540/4715/4232 4155/4714/4231 4780/4716/4233 4116/4717/4234
f 4155/4714/4231 3531/4713/4230 4108/4718/4235 4780/4716/4233
f 4780/4716/4233 4108/4718/4235 3532/4719/3534 4156/4720/3648
f 4116/4717/4234 4780/4716/4233 4156/4720/3648 3539/4721/3635
f 3439/4156/3722 4018/4155/3721 4781/4722/4236 3919/4723/4237
f 4018/4155/3721 3522/4154/3720 4109/4724/4238 4781/4722/4236
f 4781/4722/4236 4109/4724/4238 3533/4725/4239 4157/4726/4240
f 3919/4723/4237 4781/4722/4236 4157/4726/4240 3542/4727/4241
f 3542/4727/4241 4157/4726/4240 4782/4728/4242 4118/4729/4243
f 4157/4726/4240 3533/4725/4239 4110/4730/4244 4782/4728/4242
f 4782/4728/4242 4110/4730/4244 3534/4731/3525 4158/4732/3645
f 4118/4729/4243 4782/4728/4242 4158/4732/3645 3541/4733/3520
f 3443/4192/3758 4022/4191/3757 4783/4734/4245 3923/4735/4246
f 4022/4191/3757 3526/4190/3756 4111/4736/4247 4783/4734/4245
f 4783/4734/4245 4111/4736/4247 3535/4737/4248 4159/4738/4249
f 3923/4735/4246 4783/4734/4245 4159/4738/4249 3544/4739/4250
f 3544/4739/4250 4159/4738/4249 4784/4740/4251 4120/4741/4252
f 4159/4738/4249 3535/4737/4248 4112/4742/4253 4784/4740/4251
f 4784/4740/4251 4112/4742/4253 3536/4743/3516 4160/4744/3642
f 4120/4741/4252 4784/4740/4251 4160/4744/3642 3543/4745/3629
f 3447/4228/3794 4026/4227/3793 4785/4746/4254 3927/4747/4255
f 4026/4227/3793 3530/4226/3792 4113/4748/4256 4785/4746/4254
f 4785/4746/4254 4113/4748/4256 3537/4749/4257 4161/4750/4258
f 3927/4747/4255 4785/4746/4254 4161/4750/4258 3546/4751/4259
f 3546/4751/4259 4161/4750/4258 4786/4752/4260 4122/4753/4261
f 4161/4750/4258 3537/4749/4257 4114/4754/4262 4786/4752/4260
f 4786/4752/4260 4114/4754/4262 3538/4755/3507 4162/4756/3639
f 4122/4753/4261 4786/4752/4260 4162/4756/3639 3545/4757/3623
f 3451/4252/3818 4030/4251/3817 4787/4758/4263 3931/4759/4264
f 4030/4251/3817 3435/4120/3686 3915/4711/4228 4787/4758/4263
f 4787/4758/4263 3915/4711/4228 3540/4715/4232 4163/4760/4265
f 3931/4759/4264 4787/4758/4263 4163/4760/4265 3548/4761/4266
f 3548/4761/4266 4163/4760/4265 4788/4762/4267 4124/4763/4268
f 4163/4760/4265 3540/4715/4232 4116/4717/4234 4788/4762/4267
f 4788/4762/4267 4116/4717/4234 3539/4721/3635 4164/4764/3633
f 4124/4763/4268 4788/4762/4267 4164/4764/3633 3547/4765/3617
f 3455/4276/3842 4034/4275/3841 4789/4766/4269 3935/4767/4270
f 4034/4275/3841 3443/4192/3758 3923/4735/4246 4789/4766/4269
f 4789/4766/4269 3923/4735/4246 3544/4739/4250 4165/4768/4271
f 3935/4767/4270 4789/4766/4269 4165/4768/4271 3550/4769/4272
f 3550/4769/4272 4165/4768/4271 4790/4770/4273 4126/4771/4274
f 4165/4768/4271 3544/4739/4250 4120/4741/4252 4790/4770/4273
f 4790/4770/4273 4120/4741/4252 3543/4745/3629 4166/4772/3627
f 4126/4771/4274 4790/4770/4273 4166/4772/3627 3549/4773/3611
f 3459/4300/3866 4038/4299/3865 4791/4774/4275 3939/4775/4276
f 4038/4299/3865 3447/4228/3794 3927/4747/4255 4791/4774/4275
f 4791/4774/4275 3927/4747/4255 3546/4751/4259 4167/4776/4277
f 3939/4775/4276 4791/4774/4275 4167/4776/4277 3552/4777/4278
f 3552/4777/4278 4167/4776/4277 4792/4778/4279 4128/4779/4280
f 4167/4776/4277 3546/4751/4259 4122/4753/4261 4792/4778/4279
f 4792/4778/4279 4122/4753/4261 3545/4757/3623 4168/4780/3621
f 4128/4779/4280 4792/4778/4279 4168/4780/3621 3551/4781/3605
f 3463/4324/3890 4042/4323/3889 4793/4782/4281 3943/4783/4282
f 4042/4323/3889 3451/4252/3818 3931/4759/4264 4793/4782/4281
f 4793/4782/4281 3931/4759/4264 3548/4761/4266 4169/4784/4283
f 3943/4783/4282 4793/4782/4281 4169/4784/4283 3554/4785/4284
f 3554/4785/4284 4169/4784/4283 4794/4786/4285 4130/4787/4286
f 4169/4784/4283 3548/4761/4266 4124/4763/4268 4794/4786/4285
f 4794/4786/4285 4124/4763/4268 3547/4765/3617 4170/4788/3615
f 4130/4787/4286 4794/4786/4285 4170/4788/3615 3553/4789/3599
f 3467/4348/3914 4046/4347/3913 4795/4790/4287 3947/4791/4288
f 4046/4347/3913 3455/4276/3842 3935/4767/4270 4795/4790/4287
f 4795/4790/4287 3935/4767/4270 3550/4769/4272 4171/4792/4289
f 3947/4791/4288 4795/4790/4287 4171/4792/4289 3556/4793/4290
f 3556/4793/4290 4171/4792/4289 4796/4794/4291 4132/4795/4292
f 4171/4792/4289 3550/4769/4272 4126/4771/4274 4796/4794/4291
f 4796/4794/4291 4126/4771/4274 3549/4773/3611 4172/4796/3609
f 4132/4795/4292 4796/4794/4291 4172/4796/3609 3555/4797/3593
f 3471/4384/3938 4050/4383/3937 4797/4798/4293 3951/4799/4294
f 4050/4383/3937 3459/4382/3866 3939/4800/4276 4797/4798/4293
f 4797/4798/4293 3939/4800/4276 3552/4801/4278 4173/4802/4295
f 3951/4799/4294 4797/4798/4293 4173/4802/4295 3558/4803/4296
f 3558/4803/4296 4173/4802/4295 4798/4804/4297 4134/4805/4298
f 4173/4802/4295 3552/4801/4278 4128/4806/4280 4798/4804/4297
f 4798/4804/4297 4128/4806/4280 3551/4807/3605 4174/4808/3603
f 4134/4805/4298 4798/4804/4297 4174/4808/3603 3557/4809/3587
f 3475/4408/3962 4054/4407/3961 4799/4810/4299 3955/4811/4300
f 4054/4407/3961 3463/4324/3890 3943/4783/4282 4799/4810/4299
f 4799/4810/4299 3943/4783/4282 3554/4785/4284 4175/4812/4301
f 3955/4811/4300 4799/4810/4299 4175/4812/4301 3560/4813/4302
f 3560/4813/4302 4175/4812/4301 4800/4814/4303 4136/4815/4304
f 4175/4812/4301 3554/4785/4284 4130/4787/4286 4800/4814/4303
f 4800/4814/4303 4130/4787/4286 3553/4789/3599 4176/4816/3597
f 4136/4815/4304 4800/4814/4303 4176/4816/3597 3559/4817/3581
f 3479/4432/3986 4058/4431/3985 4801/4818/4305 3959/4819/4306
f 4058/4431/3985 3467/4348/3914 3947/4791/4288 4801/4818/4305
f 4801/4818/4305 3947/4791/4288 3556/4793/4290 4177/4820/4307
f 3959/4819/4306 4801/4818/4305 4177/4820/4307 3562/4821/4308
f 3562/4821/4308 4177/4820/4307 4802/4822/4309 4138/4823/4310
f 4177/4820/4307 3556/4793/4290 4132/4795/4292 4802/4822/4309
f 4802/4822/4309 4132/4795/4292 3555/4797/3593 4178/4824/3591
f 4138/4823/4310 4802/4822/4309 4178/4824/3591 3561/4825/3575
f 3483/4456/4010 4062/4455/4009 4803/4826/4311 3963/4827/4312
f 4062/4455/4009 3471/4384/3938 3951/4799/4294 4803/4826/4311
f 4803/4826/4311 3951/4799/4294 3558/4803/4296 4179/4828/4313
f 3963/4827/4312 4803/4826/4311 4179/4828/4313 3564/4829/4314
f 3564/4829/4314 4179/4828/4313 4804/4830/4315 4140/4831/4316
f 4179/4828/4313 3558/4803/4296 4134/4805/4298 4804/4830/4315
f 4804/4830/4315 4134/4805/4298 3557/4809/3587 4180/4832/3585
f 4140/4831/4316 4804/4830/4315 4180/4832/3585 3563/4833/3569
f 3487/4492/4034 4066/4491/4033 4805/4834/4317 3967/4835/4318
f 4066/4491/4033 3475/4490/3962 3955/4836/4300 4805/4834/4317
f 4805/4834/4317 3955/4836/4300 3560/4837/4302 4181/4838/4319
f 3967/4835/4318 4805/4834/4317 4181/4838/4319 3566/4839/4320
f 3566/4839/4320 4181/4838/4319 4806/4840/4321 4142/4841/4322
f 4181/4838/4319 3560/4837/4302 4136/4842/4304 4806/4840/4321
f 4806/4840/4321 4136/4842/4304 3559/4843/3581 4182/4844/3579
f 4142/4841/4322 4806/4840/4321 4182/4844/3579 3565/4845/3563
f 3491/4516/4058 4070/4515/4057 4807/4846/4323 3971/4847/4324
f 4070/4515/4057 3479/4432/3986 3959/4819/4306 4807/4846/4323
f 4807/4846/4323 3959/4819/4306 3562/4821/4308 4183/4848/4325
f 3971/4847/4324 4807/4846/4323 4183/4848/4325 3568/4849/4326
f 3568/4849/4326 4183/4848/4325 4808/4850/4327 4144/4851/4328
f 4183/4848/4325 3562/4821/4308 4138/4823/4310 4808/4850/4327
f 4808/4850/4327 4138/4823/4310 3561/4825/3575 4184/4852/3573
f 4144/4851/4328 4808/4850/4327 4184/4852/3573 3567/4853/3557
f 3495/4540/4082 4074/4539/4081 4809/4854/4329 3975/4855/4330
f 4074/4539/4081 3483/4456/4010 3963/4827/4312 4809/4854/4329
f 4809/4854/4329 3963/4827/4312 3564/4829/4314 4185/4856/4331
f 3975/4855/4330 4809/4854/4329 4185/4856/4331 3570/4857/4332
f 3570/4857/4332 4185/4856/4331 4810/4858/4333 4146/4859/4334
f 4185/4856/4331 3564/4829/4314 4140/4831/4316 4810/4858/4333
f 4810/4858/4333 4140/4831/4316 3563/4833/3569 4186/4860/3567
f 4146/4859/4334 4810/4858/4333 4186/4860/3567 3569/4861/3551
f 3499/4565/4106 4078/4564/4105 4811/4862/4335 3979/4863/4336
f 4078/4564/4105 3487/4492/4034 3967/4835/4318 4811/4862/4335
f 4811/4862/4335 3967/4835/4318 3566/4839/4320 4187/4864/4337
f 3979/4863/4336 4811/4862/4335 4187/4864/4337 3572/4865/4338
f 3572/4865/4338 4187/4864/4337 4812/4866/4339 4148/4867/4340
f 4187/4864/4337 3566/4839/4320 4142/4841/4322 4812/4866/4339
f 4812/4866/4339 4142/4841/4322 3565/4845/3563 4188/4868/3561
f 4148/4867/4340 4812/4866/4339 4188/4868/3561 3571/4869/3545
f 3503/4601/4130 4082/4600/4129 4813/4870/4341 3983/4871/4342
f 4082/4600/4129 3491/4599/4058 3971/4872/4324 4813/4870/4341
f 4813/4870/4341 3971/4872/4324 3568/4873/4326 4189/4874/4343
f 3983/4871/4342 4813/4870/4341 4189/4874/4343 3574/4875/4344
f 3574/4875/4344 4189/4874/4343 4814/4876/4345 4150/4877/4346
f 4189/4874/4343 3568/4873/4326 4144/4878/4328 4814/4876/4345
f 4814/4876/4345 4144/4878/4328 3567/4879/3557 4190/4880/3555
f 4150/4877/4346 4814/4876/4345 4190/4880/3555 3573/4881/3538
f 3507/4625/4154 4086/4624/4153 4815/4882/4347 3987/4883/4348
f 4086/4624/4153 3495/4540/4082 3975/4855/4330 4815/4882/4347
f 4815/4882/4347 3975/4855/4330 3570/4857/4332 4191/4884/4349
f 3987/4883/4348 4815/4882/4347 4191/4884/4349 3576/4885/4350
f 3576/4885/4350 4191/4884/4349 4816/4886/4351 4152/4887/4352
f 4191/4884/4349 3570/4857/4332 4146/4859/4334 4816/4886/4351
f 4816/4886/4351 4146/4859/4334 3569/4861/3551 4192/4888/3549
f 4152/4887/4352 4816/4886/4351 4192/4888/3549 3575/4889/3529
f 3511/4649/4178 4090/4648/4177 4817/4890/4353 3991/4891/4354
f 4090/4648/4177 3499/4565/4106 3979/4863/4336 4817/4890/4353
f 4817/4890/4353 3979/4863/4336 3572/4865/4338 4193/4892/4355
f 3991/4891/4354 4817/4890/4353 4193/4892/4355 3578/4893/4356
f 3578/4893/4356 4193/4892/4355 4818/4894/4357 4154/4895/4358
f 4193/4892/4355 3572/4865/4338 4148/4867/4340 4818/4894/4357
f 4818/4894/4357 4148/4867/4340 3571/4869/3545 4194/4896/3543
f 4154/4895/4358 4818/4894/4357 4194/4896/3543 3577/4897/3511
f 3518/4118/3684 4094/4661/4190 4819/4898/4359 4107/4712/4229
f 4094/4661/4190 3503/4601/4130 3983/4871/4342 4819/4898/4359
f 4819/4898/4359 3983/4871/4342 3574/4875/4344 4195/4899/4360
f 4107/4712/4229 4819/4898/4359 4195/4899/4360 3531/4713/4230
f 3531/4713/4230 4195/4899/4360 4820/4900/4361 4108/4718/4235
f 4195/4899/4360 3574/4875/4344 4150/4877/4346 4820/4900/4361
f 4820/4900/4361 4150/4877/4346 3573/4881/3538 4196/4901/3535
f 4108/4718/4235 4820/4900/4361 4196/4901/3535 3532/4719/3534
f 3522/4154/3720 4098/4673/4202 4821/4902/4362 4109/4724/4238
f 4098/4673/4202 3507/4625/4154 3987/4883/4348 4821/4902/4362
f 4821/4902/4362 3987/4883/4348 3576/4885/4350 4197/4903/4363
f 4109/4724/4238 4821/4902/4362 4197/4903/4363 3533/4725/4239
f 3533/4725/4239 4197/4903/4363 4822/4904/4364 4110/4730/4244
f 4197/4903/4363 3576/4885/4350 4152/4887/4352 4822/4904/4364
f 4822/4904/4364 4152/4887/4352 3575/4889/3529 4198/4905/3526
f 4110/4730/4244 4822/4904/4364 4198/4905/3526 3534/4731/3525
f 3526/4190/3756 4102/4697/4214 4823/4906/4365 4111/4736/4247
f 4102/4697/4214 3439/4696/3722 3919/4907/4237 4823/4906/4365
f 4823/4906/4365 3919/4907/4237 3542/4908/4241 4199/4909/4366
f 4111/4736/4247 4823/4906/4365 4199/4909/4366 3535/4737/4248
f 3535/4737/4248 4199/4909/4366 4824/4910/4367 4112/4742/4253
f 4199/4909/4366 3542/4908/4241 4118/4911/4243 4824/4910/4367
f 4824/4910/4367 4118/4911/4243 3541/4912/3520 4200/4913/3517
f 4112/4742/4253 4824/4910/4367 4200/4913/3517 3536/4743/3516
f 3530/4226/3792 4106/4709/4226 4825/4914/4368 4113/4748/4256
f 4106/4709/4226 3511/4649/4178 3991/4891/4354 4825/4914/4368
f 4825/4914/4368 3991/4891/4354 3578/4893/4356 4201/4915/4369
f 4113/4748/4256 4825/4914/4368 4201/4915/4369 3537/4749/4257
f 3537/4749/4257 4201/4915/4369 4826/4916/4370 4114/4754/4262
f 4201/4915/4369 3578/4893/4356 4154/4895/4358 4826/4916/4370
f 4826/4916/4370 4154/4895/4358 3577/4897/3511 4202/4917/3508
f 4114/4754/4262 4826/4916/4370 4202/4917/3508 3538/4755/3507
f 3379/4918/4371 3810/4919/4372 4827/4920/4373 4249/4921/4374
f 3810/4919/4372 3378/4922/4375 3866/4923/4376 4827/4920/4373
f 4827/4920/4373 3866/4923/4376 3618/4924/4377 4251/4925/4378
f 4249/4921/4374 4827/4920/4373 4251/4925/4378 3625/4926/4379
f 3625/4926/4379 4251/4925/4378 4828/4927/4380 4250/4928/4381
f 4251/4925/4378 3618/4924/4377 4242/4929/4382 4828/4927/4380
f 4828/4927/4380 4242/4929/4382 3617/4626/4155 4252/4698/4215
f 4250/4928/4381 4828/4927/4380 4252/4698/4215 3626/4197/3763
f 3364/4930/4383 3795/4931/4384 4829/4932/4385 4247/4933/4386
f 3795/4931/4384 3363/4934/4387 3846/4935/4388 4829/4932/4385
f 4829/4932/4385 3846/4935/4388 3582/4936/4389 4253/4937/4390
f 4247/4933/4386 4829/4932/4385 4253/4937/4390 3623/4938/4391
f 3623/4938/4391 4253/4937/4390 4830/4939/4392 4248/4940/4393
f 4253/4937/4390 3582/4936/4389 4206/4941/4394 4830/4939/4392
f 4830/4939/4392 4206/4941/4394 3581/4676/3687 4254/4674/4203
f 4248/4940/4393 4830/4939/4392 4254/4674/4203 3624/4161/3727
f 3386/4942/4395 3817/4943/4396 4831/4944/4397 4245/4945/4398
f 3817/4943/4396 3385/4946/4399 3865/4947/4400 4831/4944/4397
f 4831/4944/4397 3865/4947/4400 3616/4948/4401 4255/4949/4402
f 4245/4945/4398 4831/4944/4397 4255/4949/4402 3621/4950/4403
f 3621/4950/4403 4255/4949/4402 4832/4951/4404 4246/4952/4405
f 4255/4949/4402 3616/4948/4401 4240/4953/4406 4832/4951/4404
f 4832/4951/4404 4240/4953/4406 3615/4602/4131 4256/4662/4191
f 4246/4952/4405 4832/4951/4404 4256/4662/4191 3622/4125/3691
f 3371/4954/4407 3802/4955/4408 4833/4956/4409 4243/4957/4410
f 3802/4955/4408 3370/4958/4411 3864/4959/4412 4833/4956/4409
f 4833/4956/4409 3864/4959/4412 3614/4960/4413 4257/4961/4414
f 4243/4957/4410 4833/4956/4409 4257/4961/4414 3619/4962/4415
f 3619/4962/4415 4257/4961/4414 4834/4963/4416 4244/4964/4417
f 4257/4961/4414 3614/4960/4413 4238/4965/4418 4834/4963/4416
f 4834/4963/4416 4238/4965/4418 3613/4566/4107 4258/4650/4179
f 4244/4964/4417 4834/4963/4416 4258/4650/4179 3620/4089/3655
f 3378/4922/4375 3809/4966/4419 4835/4967/4420 3866/4923/4376
f 3809/4966/4419 3377/4968/4421 3863/4969/4422 4835/4967/4420
f 4835/4967/4420 3863/4969/4422 3612/4970/4423 4259/4971/4424
f 3866/4923/4376 4835/4967/4420 4259/4971/4424 3618/4924/4377
f 3618/4924/4377 4259/4971/4424 4836/4972/4425 4242/4929/4382
f 4259/4971/4424 3612/4970/4423 4236/4973/4426 4836/4972/4425
f 4836/4972/4425 4236/4973/4426 3611/4541/4083 4260/4627/4156
f 4242/4929/4382 4836/4972/4425 4260/4627/4156 3617/4626/4155
f 3385/4946/4399 3816/4974/4427 4837/4975/4428 3865/4947/4400
f 3816/4974/4427 3384/4976/4429 3862/4977/4430 4837/4975/4428
f 4837/4975/4428 3862/4977/4430 3610/4978/4431 4261/4979/4432
f 3865/4947/4400 4837/4975/4428 4261/4979/4432 3616/4948/4401
f 3616/4948/4401 4261/4979/4432 4838/4980/4433 4240/4953/4406
f 4261/4979/4432 3610/4978/4431 4234/4981/4434 4838/4980/4433
f 4838/4980/4433 4234/4981/4434 3609/4517/4059 4262/4603/4132
f 4240/4953/4406 4838/4980/4433 4262/4603/4132 3615/4602/4131
f 3370/4958/4411 3801/4982/4435 4839/4983/4436 3864/4959/4412
f 3801/4982/4435 3369/4984/4437 3861/4985/4438 4839/4983/4436
f 4839/4983/4436 3861/4985/4438 3608/4986/4439 4263/4987/4440
f 3864/4959/4412 4839/4983/4436 4263/4987/4440 3614/4960/4413
f 3614/4960/4413 4263/4987/4440 4840/4988/4441 4238/4965/4418
f 4263/4987/4440 3608/4986/4439 4232/4989/4442 4840/4988/4441
f 4840/4988/4441 4232/4989/4442 3607/4570/4035 4264/4567/4108
f 4238/4965/4418 4840/4988/4441 4264/4567/4108 3613/4566/4107
f 3377/4968/4421 3808/4990/4443 4841/4991/4444 3863/4969/4422
f 3808/4990/4443 3376/4992/4445 3860/4993/4446 4841/4991/4444
f 4841/4991/4444 3860/4993/4446 3606/4994/4447 4265/4995/4448
f 3863/4969/4422 4841/4991/4444 4265/4995/4448 3612/4970/4423
f 3612/4970/4423 4265/4995/4448 4842/4996/4449 4236/4973/4426
f 4265/4995/4448 3606/4994/4447 4230/4997/4450 4842/4996/4449
f 4842/4996/4449 4230/4997/4450 3605/4457/4011 4266/4542/4084
f 4236/4973/4426 4842/4996/4449 4266/4542/4084 3611/4541/4083
f 3384/4976/4429 3815/4998/4451 4843/4999/4452 3862/4977/4430
f 3815/4998/4451 3383/5000/4453 3859/5001/4454 4843/4999/4452
f 4843/4999/4452 3859/5001/4454 3604/5002/4455 4267/5003/4456
f 3862/4977/4430 4843/4999/4452 4267/5003/4456 3610/4978/4431
f 3610/4978/4431 4267/5003/4456 4844/5004/4457 4234/4981/4434
f 4267/5003/4456 3604/5002/4455 4228/5005/4458 4844/5004/4457
f 4844/5004/4457 4228/5005/4458 3603/4433/3987 4268/4518/4060
f 4234/4981/4434 4844/5004/4457 4268/4518/4060 3609/4517/4059
f 3369/5006/4437 3800/5007/4459 4845/5008/4460 3861/5009/4438
f 3800/5007/4459 3368/5010/4461 3858/5011/4462 4845/5008/4460
f 4845/5008/4460 3858/5011/4462 3602/5012/4463 4269/5013/4464
f 3861/5009/4438 4845/5008/4460 4269/5013/4464 3608/5014/4439
f 3608/5014/4439 4269/5013/4464 4846/5015/4465 4232/5016/4442
f 4269/5013/4464 3602/5012/4463 4226/5017/4466 4846/5015/4465
f 4846/5015/4465 4226/5017/4466 3601/4409/3963 4270/4494/4036
f 4232/5016/4442 4846/5015/4465 4270/4494/4036 3607/4493/4035
f 3376/4992/4445 3807/5018/4467 4847/5019/4468 3860/4993/4446
f 3807/5018/4467 3375/5020/4469 3857/5021/4470 4847/5019/4468
f 4847/5019/4468 3857/5021/4470 3600/5022/4471 4271/5023/4472
f 3860/4993/4446 4847/5019/4468 4271/5023/4472 3606/4994/4447
f 3606/4994/4447 4271/5023/4472 4848/5024/4473 4230/4997/4450
f 4271/5023/4472 3600/5022/4471 4224/5025/4474 4848/5024/4473
f 4848/5024/4473 4224/5025/4474 3599/4461/3939 4272/4458/4012
f 4230/4997/4450 4848/5024/4473 4272/4458/4012 3605/4457/4011
f 3383/5000/4453 3814/5026/4475 4849/5027/4476 3859/5001/4454
f 3814/5026/4475 3382/5028/4477 3856/5029/4478 4849/5027/4476
f 4849/5027/4476 3856/5029/4478 3598/5030/4479 4273/5031/4480
f 3859/5001/4454 4849/5027/4476 4273/5031/4480 3604/5002/4455
f 3604/5002/4455 4273/5031/4480 4850/5032/4481 4228/5005/4458
f 4273/5031/4480 3598/5030/4479 4222/5033/4482 4850/5032/4481
f 4850/5032/4481 4222/5033/4482 3597/4349/3915 4274/4434/3988
f 4228/5005/4458 4850/5032/4481 4274/4434/3988 3603/4433/3987
f 3368/5010/4461 3799/5034/4483 4851/5035/4484 3858/5011/4462
f 3799/5034/4483 3367/5036/4485 3855/5037/4486 4851/5035/4484
f 4851/5035/4484 3855/5037/4486 3596/5038/4487 4275/5039/4488
f 3858/5011/4462 4851/5035/4484 4275/5039/4488 3602/5012/4463
f 3602/5012/4463 4275/5039/4488 4852/5040/4489 4226/5017/4466
f 4275/5039/4488 3596/5038/4487 4220/5041/4490 4852/5040/4489
f 4852/5040/4489 4220/5041/4490 3595/4325/3891 4276/4410/3964
f 4226/5017/4466 4852/5040/4489 4276/4410/3964 3601/4409/3963
f 3375/5042/4469 3806/5043/4491 4853/5044/4492 3857/5045/4470
f 3806/5043/4491 3374/5046/4493 3854/5047/4494 4853/5044/4492
f 4853/5044/4492 3854/5047/4494 3594/5048/4495 4277/5049/4496
f 3857/5045/4470 4853/5044/4492 4277/5049/4496 3600/5050/4471
f 3600/5050/4471 4277/5049/4496 4854/5051/4497 4224/5052/4474
f 4277/5049/4496 3594/5048/4495 4218/5053/4498 4854/5051/4497
f 4854/5051/4497 4218/5053/4498 3593/4301/3867 4278/4386/3940
f 4224/5052/4474 4854/5051/4497 4278/4386/3940 3599/4385/3939
f 3382/5028/4477 3813/5054/4499 4855/5055/4500 3856/5029/4478
f 3813/5054/4499 3381/5056/4501 3853/5057/4502 4855/5055/4500
f 4855/5055/4500 3853/5057/4502 3592/5058/4503 4279/5059/4504
f 3856/5029/4478 4855/5055/4500 4279/5059/4504 3598/5030/4479
f 3598/5030/4479 4279/5059/4504 4856/5060/4505 4222/5033/4482
f 4279/5059/4504 3592/5058/4503 4216/5061/4506 4856/5060/4505
f 4856/5060/4505 4216/5061/4506 3591/4353/3843 4280/4350/3916
f 4222/5033/4482 4856/5060/4505 4280/4350/3916 3597/4349/3915
f 3367/5036/4485 3798/5062/4507 4857/5063/4508 3855/5037/4486
f 3798/5062/4507 3366/5064/4509 3852/5065/4510 4857/5063/4508
f 4857/5063/4508 3852/5065/4510 3590/5066/4511 4281/5067/4512
f 3855/5037/4486 4857/5063/4508 4281/5067/4512 3596/5038/4487
f 3596/5038/4487 4281/5067/4512 4858/5068/4513 4220/5041/4490
f 4281/5067/4512 3590/5066/4511 4214/5069/4514 4858/5068/4513
f 4858/5068/4513 4214/5069/4514 3589/4253/3819 4282/4326/3892
f 4220/5041/4490 4858/5068/4513 4282/4326/3892 3595/4325/3891
f 3374/5046/4493 3805/5070/4515 4859/5071/4516 3854/5047/4494
f 3805/5070/4515 3373/5072/4517 3851/5073/4518 4859/5071/4516
f 4859/5071/4516 3851/5073/4518 3588/5074/4519 4283/5075/4520
f 3854/5047/4494 4859/5071/4516 4283/5075/4520 3594/5048/4495
f 3594/5048/4495 4283/5075/4520 4860/5076/4521 4218/5053/4498
f 4283/5075/4520 3588/5074/4519 4212/5077/4522 4860/5076/4521
f 4860/5076/4521 4212/5077/4522 3587/4229/3795 4284/4302/3868
f 4218/5053/4498 4860/5076/4521 4284/4302/3868 3593/4301/3867
f 3381/5078/4501 3812/5079/4523 4861/5080/4524 3853/5081/4502
f 3812/5079/4523 3380/5082/4525 3850/5083/4526 4861/5080/4524
f 4861/5080/4524 3850/5083/4526 3586/5084/4527 4285/5085/4528
f 3853/5081/4502 4861/5080/4524 4285/5085/4528 3592/5086/4503
f 3592/5086/4503 4285/5085/4528 4862/5087/4529 4216/5088/4506
f 4285/5085/4528 3586/5084/4527 4210/5089/4530 4862/5087/4529
f 4862/5087/4529 4210/5089/4530 3585/4193/3759 4286/4278/3844
f 4216/5088/4506 4862/5087/4529 4286/4278/3844 3591/4277/3843
f 3366/5064/4509 3797/5090/4531 4863/5091/4532 3852/5065/4510
f 3797/5090/4531 3365/5092/4533 3848/5093/4534 4863/5091/4532
f 4863/5091/4532 3848/5093/4534 3584/5094/4535 4287/5095/4536
f 3852/5065/4510 4863/5091/4532 4287/5095/4536 3590/5066/4511
f 3590/5066/4511 4287/5095/4536 4864/5096/4537 4214/5069/4514
f 4287/5095/4536 3584/5094/4535 4208/5097/4538 4864/5096/4537
f 4864/5096/4537 4208/5097/4538 3583/4157/3723 4288/4254/3820
f 4214/5069/4514 4864/5096/4537 4288/4254/3820 3589/4253/3819
f 3373/5072/4517 3804/5098/4539 4865/5099/4540 3851/5073/4518
f 3804/5098/4539 3372/5100/4541 3844/5101/4542 4865/5099/4540
f 4865/5099/4540 3844/5101/4542 3580/5102/4543 4289/5103/4544
f 3851/5073/4518 4865/5099/4540 4289/5103/4544 3588/5074/4519
f 3588/5074/4519 4289/5103/4544 4866/5104/4545 4212/5077/4522
f 4289/5103/4544 3580/5102/4543 4204/5105/4546 4866/5104/4545
f 4866/5104/4545 4204/5105/4546 3579/4085/3651 4290/4230/3796
f 4212/5077/4522 4866/5104/4545 4290/4230/3796 3587/4229/3795
f 3380/5082/4525 3811/5106/4547 4867/5107/4548 3850/5083/4526
f 3811/5106/4547 3379/4918/4371 4249/4921/4374 4867/5107/4548
f 4867/5107/4548 4249/4921/4374 3625/4926/4379 4291/5108/4549
f 3850/5083/4526 4867/5107/4548 4291/5108/4549 3586/5084/4527
f 3586/5084/4527 4291/5108/4549 4868/5109/4550 4210/5089/4530
f 4291/5108/4549 3625/4926/4379 4250/4928/4381 4868/5109/4550
f 4868/5109/4550 4250/4928/4381 3626/4197/3763 4292/4194/3760
f 4210/5089/4530 4868/5109/4550 4292/4194/3760 3585/4193/3759
f 3365/5092/4533 3796/5110/4551 4869/5111/4552 3848/5093/4534
f 3796/5110/4551 3364/4930/4383 4247/4933/4386 4869/5111/4552
f 4869/5111/4552 4247/4933/4386 3623/4938/4391 4293/5112/4553
f 3848/5093/4534 4869/5111/4552 4293/5112/4553 3584/5094/4535
f 3584/5094/4535 4293/5112/4553 4870/5113/4554 4208/5097/4538
f 4293/5112/4553 3623/4938/4391 4248/4940/4393 4870/5113/4554
f 4870/5113/4554 4248/4940/4393 3624/4161/3727 4294/4158/3724
f 4208/5097/4538 4870/5113/4554 4294/4158/3724 3583/4157/3723
f 3363/5114/4387 3818/5115/4555 4871/5116/4556 3846/5117/4388
f 3818/5115/4555 3386/4942/4395 4245/4945/4398 4871/5116/4556
f 4871/5116/4556 4245/4945/4398 3621/4950/4403 4295/5118/4557
f 3846/5117/4388 4871/5116/4556 4295/5118/4557 3582/5119/4389
f 3582/5119/4389 4295/5118/4557 4872/5120/4558 4206/5121/4394
f 4295/5118/4557 3621/4950/4403 4246/4952/4405 4872/5120/4558
f 4872/5120/4558 4246/4952/4405 3622/4125/3691 4296/4122/3688
f 4206/5121/4394 4872/5120/4558 4296/4122/3688 3581/4121/3687
f 3372/5100/4541 3803/5122/4559 4873/5123/4560 3844/5101/4542
f 3803/5122/4559 3371/4954/4407 4243/4957/4410 4873/5123/4560
f 4873/5123/4560 4243/4957/4410 3619/4962/4415 4297/5124/4561
f 3844/5101/4542 4873/5123/4560 4297/5124/4561 3580/5102/4543
f 3580/5102/4543 4297/5124/4561 4874/5125/4562 4204/5105/4546
f 4297/5124/4561 3619/4962/4415 4244/4964/4417 4874/5125/4562
f 4874/5125/4562 4244/4964/4417 3620/4089/3655 4298/4086/3652
f 4204/5105/4546 4874/5125/4562 4298/4086/3652 3579/4085/3651
f 3527/4199/3765 4103/4700/4217 4875/5126/4563 4322/5127/4564
f 4103/4700/4217 3514/4631/4160 3994/5128/4565 4875/5126/4563
f 4875/5126/4563 3994/5128/4565 3646/4632/4161 4323/4701/4218
f 4322/5127/4564 4875/5126/4563 4323/4701/4218 3650/4206/3772
f 3523/4163/3729 4099/4679/4205 4876/5129/4566 4321/5130/4567
f 4099/4679/4205 3442/4678/3695 3922/5131/4568 4876/5129/4566
f 4876/5129/4566 3922/5131/4568 3628/4682/3696 4324/4680/4206
f 4321/5130/4567 4876/5129/4566 4324/4680/4206 3649/4170/3736
f 3519/4127/3693 4095/4664/4193 4877/5132/4569 4320/5133/4570
f 4095/4664/4193 3510/4607/4136 3990/5134/4571 4877/5132/4569
f 4877/5132/4569 3990/5134/4571 3645/4608/4137 4325/4665/4194
f 4320/5133/4570 4877/5132/4569 4325/4665/4194 3648/4134/3700
f 3515/4091/3657 4091/4652/4181 4878/5135/4572 4319/5136/4573
f 4091/4652/4181 3506/4574/4112 3986/5137/4574 4878/5135/4572
f 4878/5135/4572 3986/5137/4574 3644/4575/4113 4326/4653/4182
f 4319/5136/4573 4878/5135/4572 4326/4653/4182 3647/4098/3664
f 3514/4631/4160 4087/4630/4159 4879/5138/4575 3994/5128/4565
f 4087/4630/4159 3502/4546/4088 3982/5139/4576 4879/5138/4575
f 4879/5138/4575 3982/5139/4576 3643/4547/4089 4327/4633/4162
f 3994/5128/4565 4879/5138/4575 4327/4633/4162 3646/4632/4161
f 3510/4607/4136 4083/4606/4135 4880/5140/4577 3990/5134/4571
f 4083/4606/4135 3498/4522/4064 3978/5141/4578 4880/5140/4577
f 4880/5140/4577 3978/5141/4578 3642/4523/4065 4328/4609/4138
f 3990/5134/4571 4880/5140/4577 4328/4609/4138 3645/4608/4137
f 3506/4574/4112 4079/4573/4111 4881/5142/4579 3986/5137/4574
f 4079/4573/4111 3494/4572/4040 3974/5143/4580 4881/5142/4579
f 4881/5142/4579 3974/5143/4580 3641/4579/4041 4329/4576/4114
f 3986/5137/4574 4881/5142/4579 4329/4576/4114 3644/4575/4113
f 3502/4546/4088 4075/4545/4087 4882/5144/4581 3982/5139/4576
f 4075/4545/4087 3490/4465/4016 3970/5145/4582 4882/5144/4581
f 4882/5144/4581 3970/5145/4582 3640/4466/4017 4330/4548/4090
f 3982/5139/4576 4882/5144/4581 4330/4548/4090 3643/4547/4089
f 3498/4522/4064 4071/4521/4063 4883/5146/4583 3978/5141/4578
f 4071/4521/4063 3486/4438/3992 3966/5147/4584 4883/5146/4583
f 4883/5146/4583 3966/5147/4584 3639/4439/3993 4331/4524/4066
f 3978/5141/4578 4883/5146/4583 4331/4524/4066 3642/4523/4065
f 3494/4498/4040 4067/4497/4039 4884/5148/4585 3974/5149/4580
f 4067/4497/4039 3482/4414/3968 3962/5150/4586 4884/5148/4585
f 4884/5148/4585 3962/5150/4586 3638/4415/3969 4332/4500/4042
f 3974/5149/4580 4884/5148/4585 4332/4500/4042 3641/4499/4041
f 3490/4465/4016 4063/4464/4015 4885/5151/4587 3970/5145/4582
f 4063/4464/4015 3478/4463/3944 3958/5152/4588 4885/5151/4587
f 4885/5151/4587 3958/5152/4588 3637/4470/3945 4333/4467/4018
f 3970/5145/4582 4885/5151/4587 4333/4467/4018 3640/4466/4017
f 3486/4438/3992 4059/4437/3991 4886/5153/4589 3966/5147/4584
f 4059/4437/3991 3474/4357/3920 3954/5154/4590 4886/5153/4589
f 4886/5153/4589 3954/5154/4590 3636/4358/3921 4334/4440/3994
f 3966/5147/4584 4886/5153/4589 4334/4440/3994 3639/4439/3993
f 3482/4414/3968 4055/4413/3967 4887/5155/4591 3962/5150/4586
f 4055/4413/3967 3470/4330/3896 3950/5156/4592 4887/5155/4591
f 4887/5155/4591 3950/5156/4592 3635/4331/3897 4335/4416/3970
f 3962/5150/4586 4887/5155/4591 4335/4416/3970 3638/4415/3969
f 3478/4390/3944 4051/4389/3943 4888/5157/4593 3958/5158/4588
f 4051/4389/3943 3466/4306/3872 3946/5159/4594 4888/5157/4593
f 4888/5157/4593 3946/5159/4594 3634/4307/3873 4336/4392/3946
f 3958/5158/4588 4888/5157/4593 4336/4392/3946 3637/4391/3945
f 3474/4357/3920 4047/4356/3919 4889/5160/4595 3954/5154/4590
f 4047/4356/3919 3462/4355/3848 3942/5161/4596 4889/5160/4595
f 4889/5160/4595 3942/5161/4596 3633/4362/3849 4337/4359/3922
f 3954/5154/4590 4889/5160/4595 4337/4359/3922 3636/4358/3921
f 3470/4330/3896 4043/4329/3895 4890/5162/4597 3950/5156/4592
f 4043/4329/3895 3458/4258/3824 3938/5163/4598 4890/5162/4597
f 4890/5162/4597 3938/5163/4598 3632/4259/3825 4338/4332/3898
f 3950/5156/4592 4890/5162/4597 4338/4332/3898 3635/4331/3897
f 3466/4306/3872 4039/4305/3871 4891/5164/4599 3946/5159/4594
f 4039/4305/3871 3454/4234/3800 3934/5165/4600 4891/5164/4599
f 4891/5164/4599 3934/5165/4600 3631/4235/3801 4339/4308/3874
f 3946/5159/4594 4891/5164/4599 4339/4308/3874 3634/4307/3873
f 3462/4282/3848 4035/4281/3847 4892/5166/4601 3942/5167/4596
f 4035/4281/3847 3450/4201/3767 3930/5168/4602 4892/5166/4601
f 4892/5166/4601 3930/5168/4602 3630/4202/3768 4340/4284/3850
f 3942/5167/4596 4892/5166/4601 4340/4284/3850 3633/4283/3849
f 3458/4258/3824 4031/4257/3823 4893/5169/4603 3938/5163/4598
f 4031/4257/3823 3446/4165/3731 3926/5170/4604 4893/5169/4603
f 4893/5169/4603 3926/5170/4604 3629/4166/3732 4341/4260/3826
f 3938/5163/4598 4893/5169/4603 4341/4260/3826 3632/4259/3825
f 3454/4234/3800 4027/4233/3799 4894/5171/4605 3934/5165/4600
f 4027/4233/3799 3438/4093/3659 3918/5172/4606 4894/5171/4605
f 4894/5171/4605 3918/5172/4606 3627/4094/3660 4342/4236/3802
f 3934/5165/4600 4894/5171/4605 4342/4236/3802 3631/4235/3801
f 3450/4201/3767 4023/4200/3766 4895/5173/4607 3930/5168/4602
f 4023/4200/3766 3527/4199/3765 4322/5127/4564 4895/5173/4607
f 4895/5173/4607 4322/5127/4564 3650/4206/3772 4343/4203/3769
f 3930/5168/4602 4895/5173/4607 4343/4203/3769 3630/4202/3768
f 3446/4165/3731 4019/4164/3730 4896/5174/4608 3926/5170/4604
f 4019/4164/3730 3523/4163/3729 4321/5130/4567 4896/5174/4608
f 4896/5174/4608 4321/5130/4567 3649/4170/3736 4344/4167/3733
f 3926/5170/4604 4896/5174/4608 4344/4167/3733 3629/4166/3732
f 3442/4129/3695 4015/4128/3694 4897/5175/4609 3922/5176/4568
f 4015/4128/3694 3519/4127/3693 4320/5133/4570 4897/5175/4609
f 4897/5175/4609 4320/5133/4570 3648/4134/3700 4345/4131/3697
f 3922/5176/4568 4897/5175/4609 4345/4131/3697 3628/4130/3696
f 3438/4093/3659 4011/4092/3658 4898/5177/4610 3918/5172/4606
f 4011/4092/3658 3515/4091/3657 4319/5136/4573 4898/5177/4610
f 4898/5177/4610 4319/5136/4573 3647/4098/3664 4346/4095/3661
f 3918/5172/4606 4898/5177/4610 4346/4095/3661 3627/4094/3660
f 3528/4208/3774 4104/4703/4220 4899/5178/4611 4370/5179/4612
f 4104/4703/4220 3513/4637/4166 3993/5180/4613 4899/5178/4611
f 4899/5178/4611 3993/5180/4613 3670/4638/4167 4371/4704/4221
f 4370/5179/4612 4899/5178/4611 4371/4704/4221 3674/4215/3781
f 3524/4172/3738 4100/4685/4208 4900/5181/4614 4369/5182/4615
f 4100/4685/4208 3441/4684/3704 3921/5183/4616 4900/5181/4614
f 4900/5181/4614 3921/5183/4616 3652/4688/3705 4372/4686/4209
f 4369/5182/4615 4900/5181/4614 4372/4686/4209 3673/4179/3745
f 3520/4136/3702 4096/4667/4196 4901/5184/4617 4368/5185/4618
f 4096/4667/4196 3509/4613/4142 3989/5186/4619 4901/5184/4617
f 4901/5184/4617 3989/5186/4619 3669/4614/4143 4373/4668/4197
f 4368/5185/4618 4901/5184/4617 4373/4668/4197 3672/4143/3709
f 3516/4100/3666 4092/4655/4184 4902/5187/4620 4367/5188/4621
f 4092/4655/4184 3505/4583/4118 3985/5189/4622 4902/5187/4620
f 4902/5187/4620 3985/5189/4622 3668/4584/4119 4374/4656/4185
f 4367/5188/4621 4902/5187/4620 4374/4656/4185 3671/4107/3673
f 3513/4637/4166 4088/4636/4165 4903/5190/4623 3993/5180/4613
f 4088/4636/4165 3501/4552/4094 3981/5191/4624 4903/5190/4623
f 4903/5190/4623 3981/5191/4624 3667/4553/4095 4375/4639/4168
f 3993/5180/4613 4903/5190/4623 4375/4639/4168 3670/4638/4167
f 3509/4613/4142 4084/4612/4141 4904/5192/4625 3989/5186/4619
f 4084/4612/4141 3497/4528/4070 3977/5193/4626 4904/5192/4625
f 4904/5192/4625 3977/5193/4626 3666/4529/4071 4376/4615/4144
f 3989/5186/4619 4904/5192/4625 4376/4615/4144 3669/4614/4143
f 3505/4583/4118 4080/4582/4117 4905/5194/4627 3985/5189/4622
f 4080/4582/4117 3493/4581/4046 3973/5195/4628 4905/5194/4627
f 4905/5194/4627 3973/5195/4628 3665/4588/4047 4377/4585/4120
f 3985/5189/4622 4905/5194/4627 4377/4585/4120 3668/4584/4119
f 3501/4552/4094 4076/4551/4093 4906/5196/4629 3981/5191/4624
f 4076/4551/4093 3489/4474/4022 3969/5197/4630 4906/5196/4629
f 4906/5196/4629 3969/5197/4630 3664/4475/4023 4378/4554/4096
f 3981/5191/4624 4906/5196/4629 4378/4554/4096 3667/4553/4095
f 3497/4528/4070 4072/4527/4069 4907/5198/4631 3977/5193/4626
f 4072/4527/4069 3485/4444/3998 3965/5199/4632 4907/5198/4631
f 4907/5198/4631 3965/5199/4632 3663/4445/3999 4379/4530/4072
f 3977/5193/4626 4907/5198/4631 4379/4530/4072 3666/4529/4071
f 3493/4504/4046 4068/4503/4045 4908/5200/4633 3973/5201/4628
f 4068/4503/4045 3481/4420/3974 3961/5202/4634 4908/5200/4633
f 4908/5200/4633 3961/5202/4634 3662/4421/3975 4380/4506/4048
f 3973/5201/4628 4908/5200/4633 4380/4506/4048 3665/4505/4047
f 3489/4474/4022 4064/4473/4021 4909/5203/4635 3969/5197/4630
f 4064/4473/4021 3477/4472/3950 3957/5204/4636 4909/5203/4635
f 4909/5203/4635 3957/5204/4636 3661/4479/3951 4381/4476/4024
f 3969/5197/4630 4909/5203/4635 4381/4476/4024 3664/4475/4023
f 3485/4444/3998 4060/4443/3997 4910/5205/4637 3965/5199/4632
f 4060/4443/3997 3473/4366/3926 3953/5206/4638 4910/5205/4637
f 4910/5205/4637 3953/5206/4638 3660/4367/3927 4382/4446/4000
f 3965/5199/4632 4910/5205/4637 4382/4446/4000 3663/4445/3999
f 3481/4420/3974 4056/4419/3973 4911/5207/4639 3961/5202/4634
f 4056/4419/3973 3469/4336/3902 3949/5208/4640 4911/5207/4639
f 4911/5207/4639 3949/5208/4640 3659/4337/3903 4383/4422/3976
f 3961/5202/4634 4911/5207/4639 4383/4422/3976 3662/4421/3975
f 3477/4396/3950 4052/4395/3949 4912/5209/4641 3957/5210/4636
f 4052/4395/3949 3465/4312/3878 3945/5211/4642 4912/5209/4641
f 4912/5209/4641 3945/5211/4642 3658/4313/3879 4384/4398/3952
f 3957/5210/4636 4912/5209/4641 4384/4398/3952 3661/4397/3951
f 3473/4366/3926 4048/4365/3925 4913/5212/4643 3953/5206/4638
f 4048/4365/3925 3461/4364/3854 3941/5213/4644 4913/5212/4643
f 4913/5212/4643 3941/5213/4644 3657/4371/3855 4385/4368/3928
f 3953/5206/4638 4913/5212/4643 4385/4368/3928 3660/4367/3927
f 3469/4336/3902 4044/4335/3901 4914/5214/4645 3949/5208/4640
f 4044/4335/3901 3457/4264/3830 3937/5215/4646 4914/5214/4645
f 4914/5214/4645 3937/5215/4646 3656/4265/3831 4386/4338/3904
f 3949/5208/4640 4914/5214/4645 4386/4338/3904 3659/4337/3903
f 3465/4312/3878 4040/4311/3877 4915/5216/4647 3945/5211/4642
f 4040/4311/3877 3453/4240/3806 3933/5217/4648 4915/5216/4647
f 4915/5216/4647 3933/5217/4648 3655/4241/3807 4387/4314/3880
f 3945/5211/4642 4915/5216/4647 4387/4314/3880 3658/4313/3879
f 3461/4288/3854 4036/4287/3853 4916/5218/4649 3941/5219/4644
f 4036/4287/3853 3449/4210/3776 3929/5220/4650 4916/5218/4649
f 4916/5218/4649 3929/5220/4650 3654/4211/3777 4388/4290/3856
f 3941/5219/4644 4916/5218/4649 4388/4290/3856 3657/4289/3855
f 3457/4264/3830 4032/4263/3829 4917/5221/4651 3937/5215/4646
f 4032/4263/3829 3445/4174/3740 3925/5222/4652 4917/5221/4651
f 4917/5221/4651 3925/5222/4652 3653/4175/3741 4389/4266/3832
f 3937/5215/4646 4917/5221/4651 4389/4266/3832 3656/4265/3831
f 3453/4240/3806 4028/4239/3805 4918/5223/4653 3933/5217/4648
f 4028/4239/3805 3437/4102/3668 3917/5224/4654 4918/5223/4653
f 4918/5223/4653 3917/5224/4654 3651/4103/3669 4390/4242/3808
f 3933/5217/4648 4918/5223/4653 4390/4242/3808 3655/4241/3807
f 3449/4210/3776 4024/4209/3775 4919/5225/4655 3929/5220/4650
f 4024/4209/3775 3528/4208/3774 4370/5179/4612 4919/5225/4655
f 4919/5225/4655 4370/5179/4612 3674/4215/3781 4391/4212/3778
f 3929/5220/4650 4919/5225/4655 4391/4212/3778 3654/4211/3777
f 3445/4174/3740 4020/4173/3739 4920/5226/4656 3925/5222/4652
f 4020/4173/3739 3524/4172/3738 4369/5182/4615 4920/5226/4656
f 4920/5226/4656 4369/5182/4615 3673/4179/3745 4392/4176/3742
f 3925/5222/4652 4920/5226/4656 4392/4176/3742 3653/4175/3741
f 3441/4138/3704 4016/4137/3703 4921/5227/4657 3921/5228/4616
f 4016/4137/3703 3520/4136/3702 4368/5185/4618 4921/5227/4657
f 4921/5227/4657 4368/5185/4618 3672/4143/3709 4393/4140/3706
f 3921/5228/4616 4921/5227/4657 4393/4140/3706 3652/4139/3705
f 3437/4102/3668 4012/4101/3667 4922/5229/4658 3917/5224/4654
f 4012/4101/3667 3516/4100/3666 4367/5188/4621 4922/5229/4658
f 4922/5229/4658 4367/5188/4621 3671/4107/3673 4394/4104/3670
f 3917/5224/4654 4922/5229/4658 4394/4104/3670 3651/4103/3669
f 3529/4217/3783 4105/4706/4223 4923/5230/4659 4418/5231/4660
f 4105/4706/4223 3512/4643/4172 3992/5232/4661 4923/5230/4659
f 4923/5230/4659 3992/5232/4661 3694/4644/4173 4419/4707/4224
f 4418/5231/4660 4923/5230/4659 4419/4707/4224 3698/4224/3790
f 3525/4181/3747 4101/4691/4211 4924/5233/4662 4417/5234/4663
f 4101/4691/4211 3440/4690/3713 3920/5235/4664 4924/5233/4662
f 4924/5233/4662 3920/5235/4664 3676/4694/3714 4420/4692/4212
f 4417/5234/4663 4924/5233/4662 4420/4692/4212 3697/4188/3754
f 3521/4145/3711 4097/4670/4199 4925/5236/4665 4416/5237/4666
f 4097/4670/4199 3508/4619/4148 3988/5238/4667 4925/5236/4665
f 4925/5236/4665 3988/5238/4667 3693/4620/4149 4421/4671/4200
f 4416/5237/4666 4925/5236/4665 4421/4671/4200 3696/4152/3718
f 3517/4109/3675 4093/4658/4187 4926/5239/4668 4415/5240/4669
f 4093/4658/4187 3504/4592/4124 3984/5241/4670 4926/5239/4668
f 4926/5239/4668 3984/5241/4670 3692/4593/4125 4422/4659/4188
f 4415/5240/4669 4926/5239/4668 4422/4659/4188 3695/4116/3682
f 3512/4643/4172 4089/4642/4171 4927/5242/4671 3992/5232/4661
f 4089/4642/4171 3500/4559/4100 3980/5243/4672 4927/5242/4671
f 4927/5242/4671 3980/5243/4672 3691/4560/4101 4423/4645/4174
f 3992/5232/4661 4927/5242/4671 4423/4645/4174 3694/4644/4173
f 3508/4619/4148 4085/4618/4147 4928/5244/4673 3988/5238/4667
f 4085/4618/4147 3496/4534/4076 3976/5245/4674 4928/5244/4673
f 4928/5244/4673 3976/5245/4674 3690/4535/4077 4424/4621/4150
f 3988/5238/4667 4928/5244/4673 4424/4621/4150 3693/4620/4149
f 3504/4592/4124 4081/4591/4123 4929/5246/4675 3984/5241/4670
f 4081/4591/4123 3492/4590/4052 3972/5247/4676 4929/5246/4675
f 4929/5246/4675 3972/5247/4676 3689/4597/4053 4425/4594/4126
f 3984/5241/4670 4929/5246/4675 4425/4594/4126 3692/4593/4125
f 3500/4559/4100 4077/4558/4099 4930/5248/4677 3980/5243/4672
f 4077/4558/4099 3488/4557/4028 3968/5249/4678 4930/5248/4677
f 4930/5248/4677 3968/5249/4678 3688/4484/4029 4426/4561/4102
f 3980/5243/4672 4930/5248/4677 4426/4561/4102 3691/4560/4101
f 3496/4534/4076 4073/4533/4075 4931/5250/4679 3976/5245/4674
f 4073/4533/4075 3484/4450/4004 3964/5251/4680 4931/5250/4679
f 4931/5250/4679 3964/5251/4680 3687/4451/4005 4427/4536/4078
f 3976/5245/4674 4931/5250/4679 4427/4536/4078 3690/4535/4077
f 3492/4510/4052 4069/4509/4051 4932/5252/4681 3972/5253/4676
f 4069/4509/4051 3480/4426/3980 3960/5254/4682 4932/5252/4681
f 4932/5252/4681 3960/5254/4682 3686/4427/3981 4428/4512/4054
f 3972/5253/4676 4932/5252/4681 4428/4512/4054 3689/4511/4053
f 3488/4483/4028 4065/4482/4027 4933/5255/4683 3968/5249/4678
f 4065/4482/4027 3476/4481/3956 3956/5256/4684 4933/5255/4683
f 4933/5255/4683 3956/5256/4684 3685/4488/3957 4429/4485/4030
f 3968/5249/4678 4933/5255/4683 4429/4485/4030 3688/4484/4029
f 3484/4450/4004 4061/4449/4003 4934/5257/4685 3964/5251/4680
f 4061/4449/4003 3472/4375/3932 3952/5258/4686 4934/5257/4685
f 4934/5257/4685 3952/5258/4686 3684/4376/3933 4430/4452/4006
f 3964/5251/4680 4934/5257/4685 4430/4452/4006 3687/4451/4005
f 3480/4426/3980 4057/4425/3979 4935/5259/4687 3960/5254/4682
f 4057/4425/3979 3468/4342/3908 3948/5260/4688 4935/5259/4687
f 4935/5259/4687 3948/5260/4688 3683/4343/3909 4431/4428/3982
f 3960/5254/4682 4935/5259/4687 4431/4428/3982 3686/4427/3981
f 3476/4402/3956 4053/4401/3955 4936/5261/4689 3956/5262/4684
f 4053/4401/3955 3464/4318/3884 3944/5263/4690 4936/5261/4689
f 4936/5261/4689 3944/5263/4690 3682/4319/3885 4432/4404/3958
f 3956/5262/4684 4936/5261/4689 4432/4404/3958 3685/4403/3957
f 3472/4375/3932 4049/4374/3931 4937/5264/4691 3952/5258/4686
f 4049/4374/3931 3460/4373/3860 3940/5265/4692 4937/5264/4691
f 4937/5264/4691 3940/5265/4692 3681/4380/3861 4433/4377/3934
f 3952/5258/4686 4937/5264/4691 4433/4377/3934 3684/4376/3933
f 3468/4342/3908 4045/4341/3907 4938/5266/4693 3948/5260/4688
f 4045/4341/3907 3456/4270/3836 3936/5267/4694 4938/5266/4693
f 4938/5266/4693 3936/5267/4694 3680/4271/3837 4434/4344/3910
f 3948/5260/4688 4938/5266/4693 4434/4344/3910 3683/4343/3909
f 3464/4318/3884 4041/4317/3883 4939/5268/4695 3944/5263/4690
f 4041/4317/3883 3452/4246/3812 3932/5269/4696 4939/5268/4695
f 4939/5268/4695 3932/5269/4696 3679/4247/3813 4435/4320/3886
f 3944/5263/4690 4939/5268/4695 4435/4320/3886 3682/4319/3885
f 3460/4294/3860 4037/4293/3859 4940/5270/4697 3940/5271/4692
f 4037/4293/3859 3448/4219/3785 3928/5272/4698 4940/5270/4697
f 4940/5270/4697 3928/5272/4698 3678/4220/3786 4436/4296/3862
f 3940/5271/4692 4940/5270/4697 4436/4296/3862 3681/4295/3861
f 3456/4270/3836 4033/4269/3835 4941/5273/4699 3936/5267/4694
f 4033/4269/3835 3444/4183/3749 3924/5274/4700 4941/5273/4699
f 4941/5273/4699 3924/5274/4700 3677/4184/3750 4437/4272/3838
f 3936/5267/4694 4941/5273/4699 4437/4272/3838 3680/4271/3837
f 3452/4246/3812 4029/4245/3811 4942/5275/4701 3932/5269/4696
f 4029/4245/3811 3436/4111/3677 3916/5276/4702 4942/5275/4701
f 4942/5275/4701 3916/5276/4702 3675/4112/3678 4438/4248/3814
f 3932/5269/4696 4942/5275/4701 4438/4248/3814 3679/4247/3813
f 3448/4219/3785 4025/4218/3784 4943/5277/4703 3928/5272/4698
f 4025/4218/3784 3529/4217/3783 4418/5231/4660 4943/5277/4703
f 4943/5277/4703 4418/5231/4660 3698/4224/3790 4439/4221/3787
f 3928/5272/4698 4943/5277/4703 4439/4221/3787 3678/4220/3786
f 3444/4183/3749 4021/4182/3748 4944/5278/4704 3924/5274/4700
f 4021/4182/3748 3525/4181/3747 4417/5234/4663 4944/5278/4704
f 4944/5278/4704 4417/5234/4663 3697/4188/3754 4440/4185/3751
f 3924/5274/4700 4944/5278/4704 4440/4185/3751 3677/4184/3750
f 3440/4147/3713 4017/4146/3712 4945/5279/4705 3920/5280/4664
f 4017/4146/3712 3521/4145/3711 4416/5237/4666 4945/5279/4705
f 4945/5279/4705 4416/5237/4666 3696/4152/3718 4441/4149/3715
f 3920/5280/4664 4945/5279/4705 4441/4149/3715 3676/4148/3714
f 3436/4111/3677 4013/4110/3676 4946/5281/4706 3916/5276/4702
f 4013/4110/3676 3517/4109/3675 4415/5240/4669 4946/5281/4706
f 4946/5281/4706 4415/5240/4669 3695/4116/3682 4442/4113/3679
f 3916/5276/4702 4946/5281/4706 4442/4113/3679 3675/4112/3678
f 3750/5282/4707 4586/5283/4708 4947/5284/4709 4446/5285/4710
f 4586/5283/4708 3770/5286/4711 4562/5287/4712 4947/5284/4709
f 4947/5284/4709 4562/5287/4712 3722/3914/3489 4467/3932/3504
f 4446/5285/4710 4947/5284/4709 4467/3932/3504 3702/3816/3394
f 3749/5288/4713 4585/5289/4714 4948/5290/4715 4445/5291/4716
f 4585/5289/4714 3752/5292/4717 4544/5293/4718 4948/5290/4715
f 4948/5290/4715 4544/5293/4718 3704/3928/3372 4468/3926/3501
f 4445/5291/4716 4948/5290/4715 4468/3926/3501 3701/3807/3385
f 3748/5294/4719 4584/5295/4720 4949/5296/4721 4444/5297/4722
f 4584/5295/4720 3769/5298/4723 4561/5299/4724 4949/5296/4721
f 4949/5296/4721 4561/5299/4724 3721/3908/3483 4469/3923/3498
f 4444/5297/4722 4949/5296/4721 4469/3923/3498 3700/3798/3376
f 3747/5300/4725 4583/5301/4726 4950/5302/4727 4443/5303/4728
f 4583/5301/4726 3768/5304/4729 4560/5305/4730 4950/5302/4727
f 4950/5302/4727 4560/5305/4730 3720/3902/3477 4470/3920/3495
f 4443/5303/4728 4950/5302/4727 4470/3920/3495 3699/3789/3367
f 3770/5286/4711 4582/5306/4731 4951/5307/4732 4562/5287/4712
f 4582/5306/4731 3767/5308/4733 4559/5309/4734 4951/5307/4732
f 4951/5307/4732 4559/5309/4734 3719/3896/3471 4471/3915/3490
f 4562/5287/4712 4951/5307/4732 4471/3915/3490 3722/3914/3489
f 3769/5298/4723 4581/5310/4735 4952/5311/4736 4561/5299/4724
f 4581/5310/4735 3766/5312/4737 4558/5313/4738 4952/5311/4736
f 4952/5311/4736 4558/5313/4738 3718/3890/3465 4472/3909/3484
f 4561/5299/4724 4952/5311/4736 4472/3909/3484 3721/3908/3483
f 3768/5304/4729 4580/5314/4739 4953/5315/4740 4560/5305/4730
f 4580/5314/4739 3765/5316/4741 4557/5317/4742 4953/5315/4740
f 4953/5315/4740 4557/5317/4742 3717/3884/3459 4473/3903/3478
f 4560/5305/4730 4953/5315/4740 4473/3903/3478 3720/3902/3477
f 3767/5308/4733 4579/5318/4743 4954/5319/4744 4559/5309/4734
f 4579/5318/4743 3764/5320/4745 4556/5321/4746 4954/5319/4744
f 4954/5319/4744 4556/5321/4746 3716/3875/3453 4474/3897/3472
f 4559/5309/4734 4954/5319/4744 4474/3897/3472 3719/3896/3471
f 3766/5312/4737 4578/5322/4747 4955/5323/4748 4558/5313/4738
f 4578/5322/4747 3763/5324/4749 4555/5325/4750 4955/5323/4748
f 4955/5323/4748 4555/5325/4750 3715/3869/3447 4475/3891/3466
f 4558/5313/4738 4955/5323/4748 4475/3891/3466 3718/3890/3465
f 3765/5316/4741 4577/5326/4751 4956/5327/4752 4557/5317/4742
f 4577/5326/4751 3762/5328/4753 4554/5329/4754 4956/5327/4752
f 4956/5327/4752 4554/5329/4754 3714/3863/3441 4476/3885/3460
f 4557/5317/4742 4956/5327/4752 4476/3885/3460 3717/3884/3459
f 3764/5320/4745 4576/5330/4755 4957/5331/4756 4556/5321/4746
f 4576/5330/4755 3761/5332/4757 4553/5333/4758 4957/5331/4756
f 4957/5331/4756 4553/5333/4758 3713/3879/3435 4477/3876/3454
f 4556/5321/4746 4957/5331/4756 4477/3876/3454 3716/3875/3453
f 3763/5324/4749 4575/5334/4759 4958/5335/4760 4555/5325/4750
f 4575/5334/4759 3760/5336/4761 4552/5337/4762 4958/5335/4760
f 4958/5335/4760 4552/5337/4762 3712/3851/3429 4478/3870/3448
f 4555/5325/4750 4958/5335/4760 4478/3870/3448 3715/3869/3447
f 3762/5328/4753 4574/5338/4763 4959/5339/4764 4554/5329/4754
f 4574/5338/4763 3759/5340/4765 4551/5341/4766 4959/5339/4764
f 4959/5339/4764 4551/5341/4766 3711/3845/3423 4479/3864/3442
f 4554/5329/4754 4959/5339/4764 4479/3864/3442 3714/3863/3441
f 3761/5342/4757 4573/5343/4767 4960/5344/4768 4553/5345/4758
f 4573/5343/4767 3758/5346/4769 4550/5347/4770 4960/5344/4768
f 4960/5344/4768 4550/5347/4770 3710/3839/3417 4480/3858/3436
f 4553/5345/4758 4960/5344/4768 4480/3858/3436 3713/3857/3435
f 3760/5336/4761 4572/5348/4771 4961/5349/4772 4552/5337/4762
f 4572/5348/4771 3757/5350/4773 4549/5351/4774 4961/5349/4772
f 4961/5349/4772 4549/5351/4774 3709/3833/3411 4481/3852/3430
f 4552/5337/4762 4961/5349/4772 4481/3852/3430 3712/3851/3429
f 3759/5340/4765 4571/5352/4775 4962/5353/4776 4551/5341/4766
f 4571/5352/4775 3756/5354/4777 4548/5355/4778 4962/5353/4776
f 4962/5353/4776 4548/5355/4778 3708/3827/3405 4482/3846/3424
f 4551/5341/4766 4962/5353/4776 4482/3846/3424 3711/3845/3423
f 3758/5346/4769 4570/5356/4779 4963/5357/4780 4550/5347/4770
f 4570/5356/4779 3755/5358/4781 4547/5359/4782 4963/5357/4780
f 4963/5357/4780 4547/5359/4782 3707/3821/3399 4483/3840/3418
f 4550/5347/4770 4963/5357/4780 4483/3840/3418 3710/3839/3417
f 3757/5350/4773 4569/5360/4783 4964/5361/4784 4549/5351/4774
f 4569/5360/4783 3754/5362/4785 4546/5363/4786 4964/5361/4784
f 4964/5361/4784 4546/5363/4786 3706/3812/3390 4484/3834/3412
f 4549/5351/4774 4964/5361/4784 4484/3834/3412 3709/3833/3411
f 3756/5354/4777 4568/5364/4787 4965/5365/4788 4548/5355/4778
f 4568/5364/4787 3753/5366/4789 4545/5367/4790 4965/5365/4788
f 4965/5365/4788 4545/5367/4790 3705/3803/3381 4485/3828/3406
f 4548/5355/4778 4965/5365/4788 4485/3828/3406 3708/3827/3405
f 3755/5358/4781 4567/5368/4791 4966/5369/4792 4547/5359/4782
f 4567/5368/4791 3751/5370/4793 4543/5371/4794 4966/5369/4792
f 4966/5369/4792 4543/5371/4794 3703/3785/3363 4486/3822/3400
f 4547/5359/4782 4966/5369/4792 4486/3822/3400 3707/3821/3399
f 3754/5362/4785 4566/5372/4795 4967/5373/4796 4546/5363/4786
f 4566/5372/4795 3750/5282/4707 4446/5285/4710 4967/5373/4796
f 4967/5373/4796 4446/5285/4710 3702/3816/3394 4487/3813/3391
f 4546/5363/4786 4967/5373/4796 4487/3813/3391 3706/3812/3390
f 3753/5366/4789 4565/5374/4797 4968/5375/4798 4545/5367/4790
f 4565/5374/4797 3749/5288/4713 4445/5291/4716 4968/5375/4798
f 4968/5375/4798 4445/5291/4716 3701/3807/3385 4488/3804/3382
f 4545/5367/4790 4968/5375/4798 4488/3804/3382 3705/3803/3381
f 3752/5376/4717 4564/5377/4799 4969/5378/4800 4544/5379/4718
f 4564/5377/4799 3748/5294/4719 4444/5297/4722 4969/5378/4800
f 4969/5378/4800 4444/5297/4722 3700/3798/3376 4489/3795/3373
f 4544/5379/4718 4969/5378/4800 4489/3795/3373 3704/3794/3372
f 3751/5370/4793 4563/5380/4801 4970/5381/4802 4543/5371/4794
f 4563/5380/4801 3747/5300/4725 4443/5303/4728 4970/5381/4802
f 4970/5381/4802 4443/5303/4728 3699/3789/3367 4490/3786/3364
f 4543/5371/4794 4970/5381/4802 4490/3786/3364 3703/3785/3363
f 3412/4068/3637 3914/4084/3650 4971/5382/4803 3868/5383/4804
f 3914/4084/3650 3411/3970/3542 4511/5384/4805 4971/5382/4803
f 4971/5382/4803 4511/5384/4805 3743/5385/4806 4515/5386/4807
f 3868/5383/4804 4971/5382/4803 4515/5386/4807 3723/5387/4808
f 3414/4081/3522 3913/4080/3647 4972/5388/4809 3870/5389/4810
f 3913/4080/3647 3413/3961/3533 4512/5390/4811 4972/5388/4809
f 4972/5388/4809 4512/5390/4811 3744/5391/4812 4516/5392/4813
f 3870/5389/4810 4972/5388/4809 4516/5392/4813 3724/5393/4814
f 3416/4062/3631 3912/4075/3644 4973/5394/4815 3872/5395/4816
f 3912/4075/3644 3415/3952/3524 4513/5396/4817 4973/5394/4815
f 4973/5394/4815 4513/5396/4817 3745/5397/4818 4517/5398/4819
f 3872/5395/4816 4973/5394/4815 4517/5398/4819 3725/5399/4820
f 3418/4056/3625 3911/4072/3641 4974/5400/4821 3874/5401/4822
f 3911/4072/3641 3417/3943/3515 4514/5402/4823 4974/5400/4821
f 4974/5400/4821 4514/5402/4823 3746/5403/4824 4518/5404/4825
f 3874/5401/4822 4974/5400/4821 4518/5404/4825 3726/5405/4826
f 3419/4050/3619 3910/4069/3638 4975/5406/4827 3875/5407/4828
f 3910/4069/3638 3412/4068/3637 3868/5383/4804 4975/5406/4827
f 4975/5406/4827 3868/5383/4804 3723/5387/4808 4519/5408/4829
f 3875/5407/4828 4975/5406/4827 4519/5408/4829 3727/5409/4830
f 3420/4044/3613 3909/4063/3632 4976/5410/4831 3876/5411/4832
f 3909/4063/3632 3416/4062/3631 3872/5395/4816 4976/5410/4831
f 4976/5410/4831 3872/5395/4816 3725/5399/4820 4520/5412/4833
f 3876/5411/4832 4976/5410/4831 4520/5412/4833 3728/5413/4834
f 3421/4038/3607 3908/4057/3626 4977/5414/4835 3877/5415/4836
f 3908/4057/3626 3418/4056/3625 3874/5401/4822 4977/5414/4835
f 4977/5414/4835 3874/5401/4822 3726/5405/4826 4521/5416/4837
f 3877/5415/4836 4977/5414/4835 4521/5416/4837 3729/5417/4838
f 3422/4031/3601 3907/4051/3620 4978/5418/4839 3878/5419/4840
f 3907/4051/3620 3419/4050/3619 3875/5407/4828 4978/5418/4839
f 4978/5418/4839 3875/5407/4828 3727/5409/4830 4522/5420/4841
f 3878/5419/4840 4978/5418/4839 4522/5420/4841 3730/5421/4842
f 3423/4023/3595 3906/4045/3614 4979/5422/4843 3879/5423/4844
f 3906/4045/3614 3420/4044/3613 3876/5411/4832 4979/5422/4843
f 4979/5422/4843 3876/5411/4832 3728/5413/4834 4523/5424/4845
f 3879/5423/4844 4979/5422/4843 4523/5424/4845 3731/5425/4846
f 3424/4017/3589 3905/4039/3608 4980/5426/4847 3880/5427/4848
f 3905/4039/3608 3421/4038/3607 3877/5415/4836 4980/5426/4847
f 4980/5426/4847 3877/5415/4836 3729/5417/4838 4524/5428/4849
f 3880/5427/4848 4980/5426/4847 4524/5428/4849 3732/5429/4850
f 3425/4033/3583 3904/4032/3602 4981/5430/4851 3881/5431/4852
f 3904/4032/3602 3422/4031/3601 3878/5419/4840 4981/5430/4851
f 4981/5430/4851 3878/5419/4840 3730/5421/4842 4525/5432/4853
f 3881/5431/4852 4981/5430/4851 4525/5432/4853 3733/5433/4854
f 3426/4005/3577 3903/4024/3596 4982/5434/4855 3882/5435/4856
f 3903/4024/3596 3423/4023/3595 3879/5423/4844 4982/5434/4855
f 4982/5434/4855 3879/5423/4844 3731/5425/4846 4526/5436/4857
f 3882/5435/4856 4982/5434/4855 4526/5436/4857 3734/5437/4858
f 3427/3999/3571 3902/4018/3590 4983/5438/4859 3883/5439/4860
f 3902/4018/3590 3424/4017/3589 3880/5427/4848 4983/5438/4859
f 4983/5438/4859 3880/5427/4848 3732/5429/4850 4527/5440/4861
f 3883/5439/4860 4983/5438/4859 4527/5440/4861 3735/5441/4862
f 3428/3993/3565 3901/4012/3584 4984/5442/4863 3884/5443/4864
f 3901/4012/3584 3425/4011/3583 3881/5444/4852 4984/5442/4863
f 4984/5442/4863 3881/5444/4852 3733/5445/4854 4528/5446/4865
f 3884/5443/4864 4984/5442/4863 4528/5446/4865 3736/5447/4866
f 3429/3987/3559 3900/4006/3578 4985/5448/4867 3885/5449/4868
f 3900/4006/3578 3426/4005/3577 3882/5435/4856 4985/5448/4867
f 4985/5448/4867 3882/5435/4856 3734/5437/4858 4529/5450/4869
f 3885/5449/4868 4985/5448/4867 4529/5450/4869 3737/5451/4870
f 3430/3981/3553 3899/4000/3572 4986/5452/4871 3886/5453/4872
f 3899/4000/3572 3427/3999/3571 3883/5439/4860 4986/5452/4871
f 4986/5452/4871 3883/5439/4860 3735/5441/4862 4530/5454/4873
f 3886/5453/4872 4986/5452/4871 4530/5454/4873 3738/5455/4874
f 3431/3975/3547 3898/3994/3566 4987/5456/4875 3887/5457/4876
f 3898/3994/3566 3428/3993/3565 3884/5443/4864 4987/5456/4875
f 4987/5456/4875 3884/5443/4864 3736/5447/4866 4531/5458/4877
f 3887/5457/4876 4987/5456/4875 4531/5458/4877 3739/5459/4878
f 3432/3968/3540 3897/3988/3560 4988/5460/4879 3888/5461/4880
f 3897/3988/3560 3429/3987/3559 3885/5449/4868 4988/5460/4879
f 4988/5460/4879 3885/5449/4868 3737/5451/4870 4532/5462/4881
f 3888/5461/4880 4988/5460/4879 4532/5462/4881 3740/5463/4882
f 3433/3959/3531 3896/3982/3554 4989/5464/4883 3889/5465/4884
f 3896/3982/3554 3430/3981/3553 3886/5453/4872 4989/5464/4883
f 4989/5464/4883 3886/5453/4872 3738/5455/4874 4533/5466/4885
f 3889/5465/4884 4989/5464/4883 4533/5466/4885 3741/5467/4886
f 3434/3941/3513 3895/3976/3548 4990/5468/4887 3890/5469/4888
f 3895/3976/3548 3431/3975/3547 3887/5457/4876 4990/5468/4887
f 4990/5468/4887 3887/5457/4876 3739/5459/4878 4534/5470/4889
f 3890/5469/4888 4990/5468/4887 4534/5470/4889 3742/5471/4890
f 3411/3970/3542 3894/3969/3541 4991/5472/4891 4511/5384/4805
f 3894/3969/3541 3432/3968/3540 3888/5461/4880 4991/5472/4891
f 4991/5472/4891 3888/5461/4880 3740/5463/4882 4535/5473/4892
f 4511/5384/4805 4991/5472/4891 4535/5473/4892 3743/5385/4806
f 3413/3961/3533 3893/3960/3532 4992/5474/4893 4512/5390/4811
f 3893/3960/3532 3433/3959/3531 3889/5465/4884 4992/5474/4893
f 4992/5474/4893 3889/5465/4884 3741/5467/4886 4536/5475/4894
f 4512/5390/4811 4992/5474/4893 4536/5475/4894 3744/5391/4812
f 3415/3952/3524 3892/3951/3523 4993/5476/4895 4513/5396/4817
f 3892/3951/3523 3414/3950/3522 3870/5477/4810 4993/5476/4895
f 4993/5476/4895 3870/5477/4810 3724/5478/4814 4537/5479/4896
f 4513/5396/4817 4993/5476/4895 4537/5479/4896 3745/5397/4818
f 3417/3943/3515 3891/3942/3514 4994/5480/4897 4514/5402/4823
f 3891/3942/3514 3434/3941/3513 3890/5469/4888 4994/5480/4897
f 4994/5480/4897 3890/5469/4888 3742/5471/4890 4538/5481/4898
f 4514/5402/4823 4994/5480/4897 4538/5481/4898 3746/5403/4824
f 3723/5387/4808 4515/5386/4807 4995/5482/4899 4491/5483/4900
f 4515/5386/4807 3743/5385/4806 4539/5484/4901 4995/5482/4899
f 4995/5482/4899 4539/5484/4901 3747/5300/4725 4563/5380/4801
f 4491/5483/4900 4995/5482/4899 4563/5380/4801 3751/5370/4793
f 3724/5393/4814 4516/5392/4813 4996/5485/4902 4492/5486/4903
f 4516/5392/4813 3744/5391/4812 4540/5487/4904 4996/5485/4902
f 4996/5485/4902 4540/5487/4904 3748/5294/4719 4564/5377/4799
f 4492/5486/4903 4996/5485/4902 4564/5377/4799 3752/5376/4717
f 3725/5399/4820 4517/5398/4819 4997/5488/4905 4493/5489/4906
f 4517/5398/4819 3745/5397/4818 4541/5490/4907 4997/5488/4905
f 4997/5488/4905 4541/5490/4907 3749/5288/4713 4565/5374/4797
f 4493/5489/4906 4997/5488/4905 4565/5374/4797 3753/5366/4789
f 3726/5405/4826 4518/5404/4825 4998/5491/4908 4494/5492/4909
f 4518/5404/4825 3746/5403/4824 4542/5493/4910 4998/5491/4908
f 4998/5491/4908 4542/5493/4910 3750/5282/4707 4566/5372/4795
f 4494/5492/4909 4998/5491/4908 4566/5372/4795 3754/5362/4785
f 3727/5409/4830 4519/5408/4829 4999/5494/4911 4495/5495/4912
f 4519/5408/4829 3723/5387/4808 4491/5483/4900 4999/5494/4911
f 4999/5494/4911 4491/5483/4900 3751/5370/4793 4567/5368/4791
f 4495/5495/4912 4999/5494/4911 4567/5368/4791 3755/5358/4781
f 3728/5413/4834 4520/5412/4833 5000/5496/4913 4496/5497/4914
f 4520/5412/4833 3725/5399/4820 4493/5489/4906 5000/5496/4913
f 5000/5496/4913 4493/5489/4906 3753/5366/4789 4568/5364/4787
f 4496/5497/4914 5000/5496/4913 4568/5364/4787 3756/5354/4777
f 3729/5417/4838 4521/5416/4837 5001/5498/4915 4497/5499/4916
f 4521/5416/4837 3726/5405/4826 4494/5492/4909 5001/5498/4915
f 5001/5498/4915 4494/5492/4909 3754/5362/4785 4569/5360/4783
f 4497/5499/4916 5001/5498/4915 4569/5360/4783 3757/5350/4773
f 3730/5421/4842 4522/5420/4841 5002/5500/4917 4498/5501/4918
f 4522/5420/4841 3727/5409/4830 4495/5495/4912 5002/5500/4917
f 5002/5500/4917 4495/5495/4912 3755/5358/4781 4570/5356/4779
f 4498/5501/4918 5002/5500/4917 4570/5356/4779 3758/5346/4769
f 3731/5425/4846 4523/5424/4845 5003/5502/4919 4499/5503/4920
f 4523/5424/4845 3728/5413/4834 4496/5497/4914 5003/5502/4919
f 5003/5502/4919 4496/5497/4914 3756/5354/4777 4571/5352/4775
f 4499/5503/4920 5003/5502/4919 4571/5352/4775 3759/5340/4765
f 3732/5429/4850 4524/5428/4849 5004/5504/4921 4500/5505/4922
f 4524/5428/4849 3729/5417/4838 4497/5499/4916 5004/5504/4921
f 5004/5504/4921 4497/5499/4916 3757/5350/4773 4572/5348/4771
f 4500/5505/4922 5004/5504/4921 4572/5348/4771 3760/5336/4761
f 3733/5433/4854 4525/5432/4853 5005/5506/4923 4501/5507/4924
f 4525/5432/4853 3730/5421/4842 4498/5501/4918 5005/5506/4923
f 5005/5506/4923 4498/5501/4918 3758/5346/4769 4573/5343/4767
f 4501/5507/4924 5005/5506/4923 4573/5343/4767 3761/5342/4757
f 3734/5437/4858 4526/5436/4857 5006/5508/4925 4502/5509/4926
f 4526/5436/4857 3731/5425/4846 4499/5503/4920 5006/5508/4925
f 5006/5508/4925 4499/5503/4920 3759/5340/4765 4574/5338/4763
f 4502/5509/4926 5006/5508/4925 4574/5338/4763 3762/5328/4753
f 3735/5441/4862 4527/5440/4861 5007/5510/4927 4503/5511/4928
f 4527/5440/4861 3732/5429/4850 4500/5505/4922 5007/5510/4927
f 5007/5510/4927 4500/5505/4922 3760/5336/4761 4575/5334/4759
f 4503/5511/4928 5007/5510/4927 4575/5334/4759 3763/5324/4749
f 3736/5447/4866 4528/5446/4865 5008/5512/4929 4504/5513/4930
f 4528/5446/4865 3733/5445/4854 4501/5514/4924 5008/5512/4929
f 5008/5512/4929 4501/5514/4924 3761/5332/4757 4576/5330/4755
f 4504/5513/4930 5008/5512/4929 4576/5330/4755 3764/5320/4745
f 3737/5451/4870 4529/5450/4869 5009/5515/4931 4505/5516/4932
f 4529/5450/4869 3734/5437/4858 4502/5509/4926 5009/5515/4931
f 5009/5515/4931 4502/5509/4926 3762/5328/4753 4577/5326/4751
f 4505/5516/4932 5009/5515/4931 4577/5326/4751 3765/5316/4741
f 3738/5455/4874 4530/5454/4873 5010/5517/4933 4506/5518/4934
f 4530/5454/4873 3735/5441/4862 4503/5511/4928 5010/5517/4933
f 5010/5517/4933 4503/5511/4928 3763/5324/4749 4578/5322/4747
f 4506/5518/4934 5010/5517/4933 4578/5322/4747 3766/5312/4737
f 3739/5459/4878 4531/5458/4877 5011/5519/4935 4507/5520/4936
f 4531/5458/4877 3736/5447/4866 4504/5513/4930 5011/5519/4935
f 5011/5519/4935 4504/5513/4930 3764/5320/4745 4579/5318/4743
f 4507/5520/4936 5011/5519/4935 4579/5318/4743 3767/5308/4733
f 3740/5463/4882 4532/5462/4881 5012/5521/4937 4508/5522/4938
f 4532/5462/4881 3737/5451/4870 4505/5516/4932 5012/5521/4937
f 5012/5521/4937 4505/5516/4932 3765/5316/4741 4580/5314/4739
f 4508/5522/4938 5012/5521/4937 4580/5314/4739 3768/5304/4729
f 3741/5467/4886 4533/5466/4885 5013/5523/4939 4509/5524/4940
f 4533/5466/4885 3738/5455/4874 4506/5518/4934 5013/5523/4939
f 5013/5523/4939 4506/5518/4934 3766/5312/4737 4581/5310/4735
f 4509/5524/4940 5013/5523/4939 4581/5310/4735 3769/5298/4723
f 3742/5471/4890 4534/5470/4889 5014/5525/4941 4510/5526/4942
f 4534/5470/4889 3739/5459/4878 4507/5520/4936 5014/5525/4941
f 5014/5525/4941 4507/5520/4936 3767/5308/4733 4582/5306/4731
f 4510/5526/4942 5014/5525/4941 4582/5306/4731 3770/5286/4711
f 3743/5385/4806 4535/5473/4892 5015/5527/4943 4539/5484/4901
f 4535/5473/4892 3740/5463/4882 4508/5522/4938 5015/5527/4943
f 5015/5527/4943 4508/5522/4938 3768/5304/4729 4583/5301/4726
f 4539/5484/4901 5015/5527/4943 4583/5301/4726 3747/5300/4725
f 3744/5391/4812 4536/5475/4894 5016/5528/4944 4540/5487/4904
f 4536/5475/4894 3741/5467/4886 4509/5524/4940 5016/5528/4944
f 5016/5528/4944 4509/5524/4940 3769/5298/4723 4584/5295/4720
f 4540/5487/4904 5016/5528/4944 4584/5295/4720 3748/5294/4719
f 3745/5397/4818 4537/5479/4896 5017/5529/4945 4541/5490/4907
f 4537/5479/4896 3724/5478/4814 4492/5530/4903 5017/5529/4945
f 5017/5529/4945 4492/5530/4903 3752/5292/4717 4585/5289/4714
f 4541/5490/4907 5017/5529/4945 4585/5289/4714 3749/5288/4713
f 3746/5403/4824 4538/5481/4898 5018/5531/4946 4542/5493/4910
f 4538/5481/4898 3742/5471/4890 4510/5526/4942 5018/5531/4946
f 5018/5531/4946 4510/5526/4942 3770/5286/4711 4586/5283/4708
f 4542/5493/4910 5018/5531/4946 4586/5283/4708 3750/5282/4707
f 3375/5532/4469 3807/5533/4467 5019/5534/4947 4612/5535/4948
f 3807/5533/4467 3376/5536/4445 4611/5537/4949 5019/5534/4947
f 5019/5534/4947 4611/5537/4949 3784/5538/4950 4599/5539/4951
f 4612/5535/4948 5019/5534/4947 4599/5539/4951 3783/5540/4952
f 3368/5541/4461 3800/5542/4459 5020/5543/4953 4614/5544/4954
f 3800/5542/4459 3369/5545/4437 4613/5546/4955 5020/5543/4953
f 5020/5543/4953 4613/5546/4955 3777/5547/4956 4592/5548/4957
f 4614/5544/4954 5020/5543/4953 4592/5548/4957 3776/5549/4958
f 3383/5550/4453 3815/5551/4451 5021/5552/4959 4616/5553/4960
f 3815/5551/4451 3384/5554/4429 4615/5555/4961 5021/5552/4959
f 5021/5552/4959 4615/5555/4961 3792/5556/4962 4607/5557/4963
f 4616/5553/4960 5021/5552/4959 4607/5557/4963 3791/5558/4964
f 3376/5536/4445 3808/5559/4443 5022/5560/4965 4611/5537/4949
f 3808/5559/4443 3377/5561/4421 4617/5562/4966 5022/5560/4965
f 5022/5560/4965 4617/5562/4966 3785/5563/4967 4600/5564/4968
f 4611/5537/4949 5022/5560/4965 4600/5564/4968 3784/5538/4950
f 3369/5545/4437 3801/5565/4435 5023/5566/4969 4613/5546/4955
f 3801/5565/4435 3370/5567/4411 4618/5568/4970 5023/5566/4969
f 5023/5566/4969 4618/5568/4970 3778/5569/4971 4593/5570/4972
f 4613/5546/4955 5023/5566/4969 4593/5570/4972 3777/5547/4956
f 3384/5554/4429 3816/5571/4427 5024/5572/4973 4615/5555/4961
f 3816/5571/4427 3385/5573/4399 4619/5574/4974 5024/5572/4973
f 5024/5572/4973 4619/5574/4974 3793/5575/4975 4608/5576/4976
f 4615/5555/4961 5024/5572/4973 4608/5576/4976 3792/5556/4962
f 3377/5561/4421 3809/5577/4419 5025/5578/4977 4617/5562/4966
f 3809/5577/4419 3378/5579/4375 4620/5580/4978 5025/5578/4977
f 5025/5578/4977 4620/5580/4978 3786/5581/4979 4601/5582/4980
f 4617/5562/4966 5025/5578/4977 4601/5582/4980 3785/5563/4967
f 3370/5567/4411 3802/5583/4408 5026/5584/4981 4618/5568/4970
f 3802/5583/4408 3371/5585/4407 4621/5586/4982 5026/5584/4981
f 5026/5584/4981 4621/5586/4982 3779/5587/4983 4594/5588/4984
f 4618/5568/4970 5026/5584/4981 4594/5588/4984 3778/5569/4971
f 3385/5573/4399 3817/5589/4396 5027/5590/4985 4619/5574/4974
f 3817/5589/4396 3386/5591/4395 4622/5592/4986 5027/5590/4985
f 5027/5590/4985 4622/5592/4986 3794/5593/4987 4609/5594/4988
f 4619/5574/4974 5027/5590/4985 4609/5594/4988 3793/5575/4975
f 3363/5595/4387 3795/5596/4384 5028/5597/4989 4624/5598/4990
f 3795/5596/4384 3364/5599/4383 4623/5600/4991 5028/5597/4989
f 5028/5597/4989 4623/5600/4991 3772/5601/4992 4587/5602/4993
f 4624/5598/4990 5028/5597/4989 4587/5602/4993 3771/5603/4994
f 3378/5579/4375 3810/5604/4372 5029/5605/4995 4620/5580/4978
f 3810/5604/4372 3379/5606/4371 4625/5607/4996 5029/5605/4995
f 5029/5605/4995 4625/5607/4996 3787/5608/4997 4602/5609/4998
f 4620/5580/4978 5029/5605/4995 4602/5609/4998 3786/5581/4979
f 3371/5585/4407 3803/5610/4559 5030/5611/4999 4621/5586/4982
f 3803/5610/4559 3372/5612/4541 4626/5613/5000 5030/5611/4999
f 5030/5611/4999 4626/5613/5000 3780/5614/5001 4595/5615/5002
f 4621/5586/4982 5030/5611/4999 4595/5615/5002 3779/5587/4983
f 3386/5591/4395 3818/5616/4555 5031/5617/5003 4622/5592/4986
f 3818/5616/4555 3363/5595/4387 4624/5598/4990 5031/5617/5003
f 5031/5617/5003 4624/5598/4990 3771/5603/4994 4610/5618/5004
f 4622/5592/4986 5031/5617/5003 4610/5618/5004 3794/5593/4987
f 3364/5599/4383 3796/5619/4551 5032/5620/5005 4623/5600/4991
f 3796/5619/4551 3365/5621/4533 4627/5622/5006 5032/5620/5005
f 5032/5620/5005 4627/5622/5006 3773/5623/5007 4588/5624/5008
f 4623/5600/4991 5032/5620/5005 4588/5624/5008 3772/5601/4992
f 3379/5606/4371 3811/5625/4547 5033/5626/5009 4625/5607/4996
f 3811/5625/4547 3380/5627/4525 4628/5628/5010 5033/5626/5009
f 5033/5626/5009 4628/5628/5010 3788/5629/5011 4603/5630/5012
f 4625/5607/4996 5033/5626/5009 4603/5630/5012 3787/5608/4997
f 3372/5612/4541 3804/5631/4539 5034/5632/5013 4626/5613/5000
f 3804/5631/4539 3373/5633/4517 4629/5634/5014 5034/5632/5013
f 5034/5632/5013 4629/5634/5014 3781/5635/5015 4596/5636/5016
f 4626/5613/5000 5034/5632/5013 4596/5636/5016 3780/5614/5001
f 3365/5621/4533 3797/5637/4531 5035/5638/5017 4627/5622/5006
f 3797/5637/4531 3366/5639/4509 4630/5640/5018 5035/5638/5017
f 5035/5638/5017 4630/5640/5018 3774/5641/5019 4589/5642/5020
f 4627/5622/5006 5035/5638/5017 4589/5642/5020 3773/5623/5007
f 3380/5627/4525 3812/5643/4523 5036/5644/5021 4628/5628/5010
f 3812/5643/4523 3381/5645/4501 4631/5646/5022 5036/5644/5021
f 5036/5644/5021 4631/5646/5022 3789/5647/5023 4604/5648/5024
f 4628/5628/5010 5036/5644/5021 4604/5648/5024 3788/5629/5011
f 3373/5633/4517 3805/5649/4515 5037/5650/5025 4629/5634/5014
f 3805/5649/4515 3374/5651/4493 4632/5652/5026 5037/5650/5025
f 5037/5650/5025 4632/5652/5026 3782/5653/5027 4597/5654/5028
f 4629/5634/5014 5037/5650/5025 4597/5654/5028 3781/5635/5015
f 3366/5639/4509 3798/5655/4507 5038/5656/5029 4630/5640/5018
f 3798/5655/4507 3367/5657/4485 4633/5658/5030 5038/5656/5029
f 5038/5656/5029 4633/5658/5030 3775/5659/5031 4590/5660/5032
f 4630/5640/5018 5038/5656/5029 4590/5660/5032 3774/5641/5019
f 3381/5645/4501 3813/5661/4499 5039/5662/5033 4631/5646/5022
f 3813/5661/4499 3382/5663/4477 4634/5664/5034 5039/5662/5033
f 5039/5662/5033 4634/5664/5034 3790/5665/5035 4605/5666/5036
f 4631/5646/5022 5039/5662/5033 4605/5666/5036 3789/5647/5023
f 3374/5651/4493 3806/5667/4491 5040/5668/5037 4632/5652/5026
f 3806/5667/4491 3375/5532/4469 4612/5535/4948 5040/5668/5037
f 5040/5668/5037 4612/5535/4948 3783/5540/4952 4598/5669/5038
f 4632/5652/5026 5040/5668/5037 4598/5669/5038 3782/5653/5027
f 3367/5657/4485 3799/5670/4483 5041/5671/5039 4633/5658/5030
f 3799/5670/4483 3368/5541/4461 4614/5544/4954 5041/5671/5039
f 5041/5671/5039 4614/5544/4954 3776/5549/4958 4591/5672/5040
f 4633/5658/5030 5041/5671/5039 4591/5672/5040 3775/5659/5031
f 3382/5663/4477 3814/5673/4475 5042/5674/5041 4634/5664/5034
f 3814/5673/4475 3383/5550/4453 4616/5553/4960 5042/5674/5041
f 5042/5674/5041 4616/5553/4960 3791/5558/4964 4606/5675/5042
f 4634/5664/5034 5042/5674/5041 4606/5675/5042 3790/5665/5035
f 3772/5601/4992 4588/5624/5008 5043/5676/5043 4587/5602/4993
f 3773/5623/5007 4589/5642/5020 5043/5676/5043 4588/5624/5008
f 3774/5641/5019 4590/5660/5032 5043/5676/5043 4589/5642/5020
f 3775/5659/5031 4591/5672/5040 5043/5676/5043 4590/5660/5032
f 3776/5549/4958 4592/5548/4957 5043/5676/5043 4591/5672/5040
f 3777/5547/4956 4593/5570/4972 5043/5676/5043 4592/5548/4957
f 3778/5569/4971 4594/5588/4984 5043/5676/5043 4593/5570/4972
f 3779/5587/4983 4595/5615/5002 5043/5676/5043 4594/5588/4984
f 3780/5614/5001 4596/5636/5016 5043/5676/5043 4595/5615/5002
f 3781/5635/5015 4597/5654/5028 5043/5676/5043 4596/5636/5016
f 3782/5653/5027 4598/5669/5038 5043/5676/5043 4597/5654/5028
f 3783/5540/4952 4599/5539/4951 5043/5676/5043 4598/5669/5038
f 3784/5538/4950 4600/5564/4968 5043/5676/5043 4599/5539/4951
f 3785/5563/4967 4601/5582/4980 5043/5676/5043 4600/5564/4968
f 3786/5581/4979 4602/5609/4998 5043/5676/5043 4601/5582/4980
f 3787/5608/4997 4603/5630/5012 5043/5676/5043 4602/5609/4998
f 3788/5629/5011 4604/5648/5024 5043/5676/5043 4603/5630/5012
f 3789/5647/5023 4605/5666/5036 5043/5676/5043 4604/5648/5024
f 3790/5665/5035 4606/5675/5042 5043/5676/5043 4605/5666/5036
f 3791/5558/4964 4607/5557/4963 5043/5676/5043 4606/5675/5042
f 3792/5556/4962 4608/5576/4976 5043/5676/5043 4607/5557/4963
f 3793/5575/4975 4609/5594/4988 5043/5676/5043 4608/5576/4976
f 3794/5593/4987 4610/5618/5004 5043/5676/5043 4609/5594/4988
f 3771/5603/4994 4587/5602/4993 5043/5676/5043 4610/5618/5004
f 5384/5677/5044 6128/5678/5045 6316/5679/5046 6171/5680/5047
f 6171/5680/5047 6316/5679/5046 5524/5681/5048 5380/5682/5049
f 6316/5679/5046 5508/5683/5050 5076/5684/5051 5524/5681/5048
f 6128/5678/5045 5077/5685/5052 5508/5683/5050 6316/5679/5046
f 5385/5686/5053 6129/5687/5054 6317/5688/5055 6170/5689/5056
f 6170/5689/5056 6317/5688/5055 5526/5690/5057 5381/5691/5058
f 6317/5688/5055 5523/5692/5059 5091/5693/5060 5526/5690/5057
f 6129/5687/5054 5068/5694/5061 5523/5692/5059 6317/5688/5055
f 5386/5695/5062 6130/5696/5063 6318/5697/5064 6169/5698/5065
f 6169/5698/5065 6318/5697/5064 5528/5699/5066 5382/5700/5067
f 6318/5697/5064 5501/5701/5068 5069/5702/5069 5528/5699/5066
f 6130/5696/5063 5070/5703/5070 5501/5701/5068 6318/5697/5064
f 5387/5704/5071 6131/5705/5072 6319/5706/5073 6168/5707/5074
f 6168/5707/5074 6319/5706/5073 5530/5708/5075 5383/5709/5076
f 6319/5706/5073 5516/5710/5077 5084/5711/5078 5530/5708/5075
f 6131/5705/5072 5085/5712/5079 5516/5710/5077 6319/5706/5073
f 5388/5713/5080 6132/5714/5081 6320/5715/5082 6167/5716/5083
f 6167/5716/5083 6320/5715/5082 6128/5678/5045 5384/5677/5044
f 6320/5715/5082 5509/5717/5084 5077/5685/5052 6128/5678/5045
f 6132/5714/5081 5078/5718/5085 5509/5717/5084 6320/5715/5082
f 5389/5719/5086 6133/5720/5087 6321/5721/5088 6166/5722/5089
f 6166/5722/5089 6321/5721/5088 6130/5696/5063 5386/5695/5062
f 6321/5721/5088 5502/5723/5090 5070/5703/5070 6130/5696/5063
f 6133/5720/5087 5071/5724/5091 5502/5723/5090 6321/5721/5088
f 5390/5725/5092 6134/5726/5093 6322/5727/5094 6165/5728/5095
f 6165/5728/5095 6322/5727/5094 6131/5705/5072 5387/5704/5071
f 6322/5727/5094 5517/5729/5096 5085/5712/5079 6131/5705/5072
f 6134/5726/5093 5086/5730/5097 5517/5729/5096 6322/5727/5094
f 5391/5731/5098 6135/5732/5099 6323/5733/5100 6164/5734/5101
f 6164/5734/5101 6323/5733/5100 6132/5714/5081 5388/5713/5080
f 6323/5733/5100 5510/5735/5102 5078/5718/5085 6132/5714/5081
f 6135/5732/5099 5079/5736/5103 5510/5735/5102 6323/5733/5100
f 5392/5737/5104 6136/5738/5105 6324/5739/5106 6163/5740/5107
f 6163/5740/5107 6324/5739/5106 6133/5720/5087 5389/5719/5086
f 6324/5739/5106 5503/5741/5108 5071/5724/5091 6133/5720/5087
f 6136/5738/5105 5072/5742/5109 5503/5741/5108 6324/5739/5106
f 5393/5743/5110 6137/5744/5111 6325/5745/5112 6162/5746/5113
f 6162/5746/5113 6325/5745/5112 6134/5726/5093 5390/5725/5092
f 6325/5745/5112 5518/5747/5114 5086/5730/5097 6134/5726/5093
f 6137/5744/5111 5087/5748/5115 5518/5747/5114 6325/5745/5112
f 5394/5749/5116 6138/5750/5117 6326/5751/5118 6161/5752/5119
f 6161/5752/5119 6326/5751/5118 6135/5732/5099 5391/5731/5098
f 6326/5751/5118 5511/5753/5120 5079/5736/5103 6135/5732/5099
f 6138/5750/5117 5080/5754/5121 5511/5753/5120 6326/5751/5118
f 5395/5755/5122 6139/5756/5123 6327/5757/5124 6160/5758/5125
f 6160/5758/5125 6327/5757/5124 6136/5738/5105 5392/5737/5104
f 6327/5757/5124 5504/5759/5126 5072/5742/5109 6136/5738/5105
f 6139/5756/5123 5073/5760/5127 5504/5759/5126 6327/5757/5124
f 5396/5761/5128 6140/5762/5129 6328/5763/5130 6159/5764/5131
f 6159/5764/5131 6328/5763/5130 6137/5744/5111 5393/5743/5110
f 6328/5763/5130 5519/5765/5132 5087/5748/5115 6137/5744/5111
f 6140/5762/5129 5088/5766/5133 5519/5765/5132 6328/5763/5130
f 5397/5767/5134 6141/5768/5135 6329/5769/5136 6158/5770/5137
f 6158/5770/5137 6329/5769/5136 6138/5771/5117 5394/5772/5116
f 6329/5769/5136 5512/5773/5138 5080/5774/5121 6138/5771/5117
f 6141/5768/5135 5081/5775/5139 5512/5773/5138 6329/5769/5136
f 5398/5776/5140 6142/5777/5141 6330/5778/5142 6157/5779/5143
f 6157/5779/5143 6330/5778/5142 6139/5756/5123 5395/5755/5122
f 6330/5778/5142 5505/5780/5144 5073/5760/5127 6139/5756/5123
f 6142/5777/5141 5074/5781/5145 5505/5780/5144 6330/5778/5142
f 5399/5782/5146 6143/5783/5147 6331/5784/5148 6156/5785/5149
f 6156/5785/5149 6331/5784/5148 6140/5762/5129 5396/5761/5128
f 6331/5784/5148 5520/5786/5150 5088/5766/5133 6140/5762/5129
f 6143/5783/5147 5089/5787/5151 5520/5786/5150 6331/5784/5148
f 5400/5788/5152 6144/5789/5153 6332/5790/5154 6155/5791/5155
f 6155/5791/5155 6332/5790/5154 6141/5768/5135 5397/5767/5134
f 6332/5790/5154 5513/5792/5156 5081/5775/5139 6141/5768/5135
f 6144/5789/5153 5082/5793/5157 5513/5792/5156 6332/5790/5154
f 5401/5794/5158 6145/5795/5159 6333/5796/5160 6154/5797/5161
f 6154/5797/5161 6333/5796/5160 6142/5777/5141 5398/5776/5140
f 6333/5796/5160 5506/5798/5162 5074/5781/5145 6142/5777/5141
f 6145/5795/5159 5075/5799/5163 5506/5798/5162 6333/5796/5160
f 5402/5800/5164 6146/5801/5165 6334/5802/5166 6153/5803/5167
f 6153/5803/5167 6334/5802/5166 6143/5783/5147 5399/5782/5146
f 6334/5802/5166 5521/5804/5168 5089/5787/5151 6143/5783/5147
f 6146/5801/5165 5090/5805/5169 5521/5804/5168 6334/5802/5166
f 5403/5806/5170 6147/5807/5171 6335/5808/5172 6152/5809/5173
f 6152/5809/5173 6335/5808/5172 6144/5789/5153 5400/5788/5152
f 6335/5808/5172 5514/5810/5174 5082/5793/5157 6144/5789/5153
f 6147/5807/5171 5083/5811/5175 5514/5810/5174 6335/5808/5172
f 5380/5682/5049 5524/5681/5048 6336/5812/5176 6151/5813/5177
f 6151/5813/5177 6336/5812/5176 6145/5795/5159 5401/5794/5158
f 6336/5812/5176 5507/5814/5178 5075/5799/5163 6145/5795/5159
f 5524/5681/5048 5076/5684/5051 5507/5814/5178 6336/5812/5176
f 5381/5691/5058 5526/5690/5057 6337/5815/5179 6150/5816/5180
f 6150/5816/5180 6337/5815/5179 6146/5801/5165 5402/5800/5164
f 6337/5815/5179 5522/5817/5181 5090/5805/5169 6146/5801/5165
f 5526/5690/5057 5091/5693/5060 5522/5817/5181 6337/5815/5179
f 5382/5700/5067 5528/5699/5066 6338/5818/5182 6149/5819/5183
f 6149/5819/5183 6338/5818/5182 6129/5820/5054 5385/5821/5053
f 6338/5818/5182 5500/5822/5184 5068/5823/5061 6129/5820/5054
f 5528/5699/5066 5069/5702/5069 5500/5822/5184 6338/5818/5182
f 5383/5709/5076 5530/5708/5075 6339/5824/5185 6148/5825/5186
f 6148/5825/5186 6339/5824/5185 6147/5807/5171 5403/5806/5170
f 6339/5824/5185 5515/5826/5187 5083/5811/5175 6147/5807/5171
f 5530/5708/5075 5084/5711/5078 5515/5826/5187 6339/5824/5185
f 5219/5827/5188 5554/5828/5189 6340/5829/5190 5883/5830/5191
f 5883/5830/5191 6340/5829/5190 5834/5831/5192 5258/5832/5193
f 6340/5829/5190 5572/5833/5194 5115/5834/5195 5834/5831/5192
f 5554/5828/5189 5098/5835/5196 5572/5833/5194 6340/5829/5190
f 5217/5836/5197 5552/5837/5198 6341/5838/5199 5881/5839/5200
f 5881/5839/5200 6341/5838/5199 5798/5840/5201 5222/5841/5202
f 6341/5838/5199 5573/5842/5203 5095/5843/5204 5798/5840/5201
f 5552/5837/5198 5096/5844/5205 5573/5842/5203 6341/5838/5199
f 5215/5845/5206 5550/5846/5207 6342/5847/5208 5879/5848/5209
f 5879/5848/5209 6342/5847/5208 5832/5849/5210 5256/5850/5211
f 6342/5847/5208 5574/5851/5212 5114/5852/5213 5832/5849/5210
f 5550/5846/5207 5094/5853/5214 5574/5851/5212 6342/5847/5208
f 5213/5854/5215 5548/5855/5216 6343/5856/5217 5877/5857/5218
f 5877/5857/5218 6343/5856/5217 5830/5858/5219 5254/5859/5220
f 6343/5856/5217 5575/5860/5221 5113/5861/5222 5830/5858/5219
f 5548/5855/5216 5092/5862/5223 5575/5860/5221 6343/5856/5217
f 5258/5832/5193 5834/5831/5192 6344/5863/5224 5875/5864/5225
f 5875/5864/5225 6344/5863/5224 5828/5865/5226 5252/5866/5227
f 6344/5863/5224 5576/5867/5228 5112/5868/5229 5828/5865/5226
f 5834/5831/5192 5115/5834/5195 5576/5867/5228 6344/5863/5224
f 5256/5850/5211 5832/5849/5210 6345/5869/5230 5873/5870/5231
f 5873/5870/5231 6345/5869/5230 5826/5871/5232 5250/5872/5233
f 6345/5869/5230 5577/5873/5234 5111/5874/5235 5826/5871/5232
f 5832/5849/5210 5114/5852/5213 5577/5873/5234 6345/5869/5230
f 5254/5859/5220 5830/5858/5219 6346/5875/5236 5871/5876/5237
f 5871/5876/5237 6346/5875/5236 5824/5877/5238 5248/5878/5239
f 6346/5875/5236 5578/5879/5240 5110/5880/5241 5824/5877/5238
f 5830/5858/5219 5113/5861/5222 5578/5879/5240 6346/5875/5236
f 5252/5866/5227 5828/5865/5226 6347/5881/5242 5869/5882/5243
f 5869/5882/5243 6347/5881/5242 5822/5883/5244 5246/5884/5245
f 6347/5881/5242 5579/5885/5246 5109/5886/5247 5822/5883/5244
f 5828/5865/5226 5112/5868/5229 5579/5885/5246 6347/5881/5242
f 5250/5872/5233 5826/5871/5232 6348/5887/5248 5867/5888/5249
f 5867/5888/5249 6348/5887/5248 5820/5889/5250 5244/5890/5251
f 6348/5887/5248 5580/5891/5252 5108/5892/5253 5820/5889/5250
f 5826/5871/5232 5111/5874/5235 5580/5891/5252 6348/5887/5248
f 5248/5878/5239 5824/5877/5238 6349/5893/5254 5865/5894/5255
f 5865/5894/5255 6349/5893/5254 5818/5895/5256 5242/5896/5257
f 6349/5893/5254 5581/5897/5258 5107/5898/5259 5818/5895/5256
f 5824/5877/5238 5110/5880/5241 5581/5897/5258 6349/5893/5254
f 5246/5884/5245 5822/5883/5244 6350/5899/5260 5863/5900/5261
f 5863/5900/5261 6350/5899/5260 5816/5901/5262 5240/5902/5263
f 6350/5899/5260 5582/5903/5264 5106/5904/5265 5816/5901/5262
f 5822/5883/5244 5109/5886/5247 5582/5903/5264 6350/5899/5260
f 5244/5890/5251 5820/5889/5250 6351/5905/5266 5861/5906/5267
f 5861/5906/5267 6351/5905/5266 5814/5907/5268 5238/5908/5269
f 6351/5905/5266 5583/5909/5270 5105/5910/5271 5814/5907/5268
f 5820/5889/5250 5108/5892/5253 5583/5909/5270 6351/5905/5266
f 5242/5896/5257 5818/5895/5256 6352/5911/5272 5859/5912/5273
f 5859/5912/5273 6352/5911/5272 5812/5913/5274 5236/5914/5275
f 6352/5911/5272 5584/5915/5276 5104/5916/5277 5812/5913/5274
f 5818/5895/5256 5107/5898/5259 5584/5915/5276 6352/5911/5272
f 5240/5917/5263 5816/5918/5262 6353/5919/5278 5857/5920/5279
f 5857/5920/5279 6353/5919/5278 5810/5921/5280 5234/5922/5281
f 6353/5919/5278 5585/5923/5282 5103/5924/5283 5810/5921/5280
f 5816/5918/5262 5106/5925/5265 5585/5923/5282 6353/5919/5278
f 5238/5908/5269 5814/5907/5268 6354/5926/5284 5855/5927/5285
f 5855/5927/5285 6354/5926/5284 5808/5928/5286 5232/5929/5287
f 6354/5926/5284 5586/5930/5288 5102/5931/5289 5808/5928/5286
f 5814/5907/5268 5105/5910/5271 5586/5930/5288 6354/5926/5284
f 5236/5914/5275 5812/5913/5274 6355/5932/5290 5853/5933/5291
f 5853/5933/5291 6355/5932/5290 5806/5934/5292 5230/5935/5293
f 6355/5932/5290 5587/5936/5294 5101/5937/5295 5806/5934/5292
f 5812/5913/5274 5104/5916/5277 5587/5936/5294 6355/5932/5290
f 5234/5922/5281 5810/5921/5280 6356/5938/5296 5851/5939/5297
f 5851/5939/5297 6356/5938/5296 5804/5940/5298 5228/5941/5299
f 6356/5938/5296 5588/5942/5300 5100/5943/5301 5804/5940/5298
f 5810/5921/5280 5103/5924/5283 5588/5942/5300 6356/5938/5296
f 5232/5929/5287 5808/5928/5286 6357/5944/5302 5849/5945/5303
f 5849/5945/5303 6357/5944/5302 5802/5946/5304 5226/5947/5305
f 6357/5944/5302 5589/5948/5306 5099/5949/5307 5802/5946/5304
f 5808/5928/5286 5102/5931/5289 5589/5948/5306 6357/5944/5302
f 5230/5935/5293 5806/5934/5292 6358/5950/5308 5847/5951/5309
f 5847/5951/5309 6358/5950/5308 5800/5952/5310 5224/5953/5311
f 6358/5950/5308 5590/5954/5312 5097/5955/5313 5800/5952/5310
f 5806/5934/5292 5101/5937/5295 5590/5954/5312 6358/5950/5308
f 5228/5941/5299 5804/5940/5298 6359/5956/5314 5845/5957/5315
f 5845/5957/5315 6359/5956/5314 5796/5958/5316 5220/5959/5317
f 6359/5956/5314 5591/5960/5318 5093/5961/5319 5796/5958/5316
f 5804/5940/5298 5100/5943/5301 5591/5960/5318 6359/5956/5314
f 5226/5947/5305 5802/5946/5304 6360/5962/5320 5843/5963/5321
f 5843/5963/5321 6360/5962/5320 5554/5828/5189 5219/5827/5188
f 6360/5962/5320 5592/5964/5322 5098/5835/5196 5554/5828/5189
f 5802/5946/5304 5099/5949/5307 5592/5964/5322 6360/5962/5320
f 5224/5953/5311 5800/5952/5310 6361/5965/5323 5841/5966/5324
f 5841/5966/5324 6361/5965/5323 5552/5837/5198 5217/5836/5197
f 6361/5965/5323 5593/5967/5325 5096/5844/5205 5552/5837/5198
f 5800/5952/5310 5097/5955/5313 5593/5967/5325 6361/5965/5323
f 5222/5968/5202 5798/5969/5201 6362/5970/5326 5839/5971/5327
f 5839/5971/5327 6362/5970/5326 5550/5846/5207 5215/5845/5206
f 6362/5970/5326 5594/5972/5328 5094/5853/5214 5550/5846/5207
f 5798/5969/5201 5095/5973/5204 5594/5972/5328 6362/5970/5326
f 5220/5959/5317 5796/5958/5316 6363/5974/5329 5837/5975/5330
f 5837/5975/5330 6363/5974/5329 5548/5855/5216 5213/5854/5215
f 6363/5974/5329 5595/5976/5331 5092/5862/5223 5548/5855/5216
f 5796/5958/5316 5093/5961/5319 5595/5976/5331 6363/5974/5329
f 5260/5977/5332 5884/5978/5333 6364/5979/5334 5979/5980/5335
f 5979/5980/5335 6364/5979/5334 5676/5981/5336 5301/5982/5337
f 6364/5979/5334 5692/5983/5338 5196/5984/5339 5676/5981/5336
f 5884/5978/5333 5119/5985/5340 5692/5983/5338 6364/5979/5334
f 5308/5986/5341 5980/5987/5342 6365/5988/5343 6027/5989/5344
f 6027/5989/5344 6365/5988/5343 5677/5990/5345 5328/5991/5346
f 6365/5988/5343 5693/5992/5347 5197/5993/5348 5677/5990/5345
f 5980/5987/5342 5118/5994/5349 5693/5992/5347 6365/5988/5343
f 5332/5995/5350 6028/5996/5351 6366/5997/5352 6075/5998/5353
f 6075/5998/5353 6366/5997/5352 5678/5999/5354 5352/6000/5355
f 6366/5997/5352 5694/6001/5356 5198/6002/5357 5678/5999/5354
f 6028/5996/5351 5117/6003/5358 5694/6001/5356 6366/5997/5352
f 5356/6004/5359 6076/6005/5360 6367/6006/5361 6123/6007/5362
f 6123/6007/5362 6367/6006/5361 5679/6008/5363 5376/6009/5364
f 6367/6006/5361 5695/6010/5365 5199/6011/5366 5679/6008/5363
f 6076/6005/5360 5116/6012/5367 5695/6010/5365 6367/6006/5361
f 5262/6013/5368 5886/6014/5369 6368/6015/5370 5977/6016/5371
f 5977/6016/5371 6368/6015/5370 5680/6017/5372 5303/6018/5373
f 6368/6015/5370 5696/6019/5374 5200/6020/5375 5680/6017/5372
f 5886/6014/5369 5123/6021/5376 5696/6019/5374 6368/6015/5370
f 5309/6022/5377 5981/6023/5378 6369/6024/5379 6026/6025/5380
f 6026/6025/5380 6369/6024/5379 5681/6026/5381 5329/6027/5382
f 6369/6024/5379 5697/6028/5383 5201/6029/5384 5681/6026/5381
f 5981/6023/5378 5122/6030/5385 5697/6028/5383 6369/6024/5379
f 5333/6031/5386 6029/6032/5387 6370/6033/5388 6074/6034/5389
f 6074/6034/5389 6370/6033/5388 5682/6035/5390 5353/6036/5391
f 6370/6033/5388 5698/6037/5392 5202/6038/5393 5682/6035/5390
f 6029/6032/5387 5121/6039/5394 5698/6037/5392 6370/6033/5388
f 5357/6040/5395 6077/6041/5396 6371/6042/5397 6122/6043/5398
f 6122/6043/5398 6371/6042/5397 5683/6044/5399 5377/6045/5400
f 6371/6042/5397 5699/6046/5401 5203/6047/5402 5683/6044/5399
f 6077/6041/5396 5120/6048/5403 5699/6046/5401 6371/6042/5397
f 5264/6049/5404 5888/6050/5405 6372/6051/5406 5975/6052/5407
f 5975/6052/5407 6372/6051/5406 5684/6053/5408 5305/6054/5409
f 6372/6051/5406 5700/6055/5410 5204/6056/5411 5684/6053/5408
f 5888/6050/5405 5127/6057/5412 5700/6055/5410 6372/6051/5406
f 5310/6058/5413 5982/6059/5414 6373/6060/5415 6025/6061/5416
f 6025/6061/5416 6373/6060/5415 5685/6062/5417 5330/6063/5418
f 6373/6060/5415 5701/6064/5419 5205/6065/5420 5685/6062/5417
f 5982/6059/5414 5126/6066/5421 5701/6064/5419 6373/6060/5415
f 5334/6067/5422 6030/6068/5423 6374/6069/5424 6073/6070/5425
f 6073/6070/5425 6374/6069/5424 5686/6071/5426 5354/6072/5427
f 6374/6069/5424 5702/6073/5428 5206/6074/5429 5686/6071/5426
f 6030/6068/5423 5125/6075/5430 5702/6073/5428 6374/6069/5424
f 5358/6076/5431 6078/6077/5432 6375/6078/5433 6121/6079/5434
f 6121/6079/5434 6375/6078/5433 5687/6080/5435 5378/6081/5436
f 6375/6078/5433 5703/6082/5437 5207/6083/5438 5687/6080/5435
f 6078/6077/5432 5124/6084/5439 5703/6082/5437 6375/6078/5433
f 5266/6085/5440 5890/6086/5441 6376/6087/5442 5973/6088/5443
f 5973/6088/5443 6376/6087/5442 5688/6089/5444 5307/6090/5445
f 6376/6087/5442 5704/6091/5446 5208/6092/5447 5688/6089/5444
f 5890/6086/5441 5131/6093/5448 5704/6091/5446 6376/6087/5442
f 5311/6094/5449 5983/6095/5450 6377/6096/5451 6024/6097/5452
f 6024/6097/5452 6377/6096/5451 5689/6098/5453 5331/6099/5454
f 6377/6096/5451 5705/6100/5455 5209/6101/5456 5689/6098/5453
f 5983/6095/5450 5130/6102/5457 5705/6100/5455 6377/6096/5451
f 5335/6103/5458 6031/6104/5459 6378/6105/5460 6072/6106/5461
f 6072/6106/5461 6378/6105/5460 5690/6107/5462 5355/6108/5463
f 6378/6105/5460 5706/6109/5464 5210/6110/5465 5690/6107/5462
f 6031/6104/5459 5129/6111/5466 5706/6109/5464 6378/6105/5460
f 5359/6112/5467 6079/6113/5468 6379/6114/5469 6120/6115/5470
f 6120/6115/5470 6379/6114/5469 5691/6116/5471 5379/6117/5472
f 6379/6114/5469 5707/6118/5473 5211/6119/5474 5691/6116/5471
f 6079/6113/5468 5128/6120/5475 5707/6118/5473 6379/6114/5469
f 5268/6121/5476 5892/6122/5477 6380/6123/5478 5971/6124/5479
f 5971/6124/5479 6380/6123/5478 5884/5978/5333 5260/5977/5332
f 6380/6123/5478 5708/6125/5480 5119/5985/5340 5884/5978/5333
f 5892/6122/5477 5135/6126/5481 5708/6125/5480 6380/6123/5478
f 5312/6127/5482 5984/6128/5483 6381/6129/5484 6023/6130/5485
f 6023/6130/5485 6381/6129/5484 5980/5987/5342 5308/5986/5341
f 6381/6129/5484 5709/6131/5486 5118/5994/5349 5980/5987/5342
f 5984/6128/5483 5134/6132/5487 5709/6131/5486 6381/6129/5484
f 5336/6133/5488 6032/6134/5489 6382/6135/5490 6071/6136/5491
f 6071/6136/5491 6382/6135/5490 6028/5996/5351 5332/5995/5350
f 6382/6135/5490 5710/6137/5492 5117/6003/5358 6028/5996/5351
f 6032/6134/5489 5133/6138/5493 5710/6137/5492 6382/6135/5490
f 5360/6139/5494 6080/6140/5495 6383/6141/5496 6119/6142/5497
f 6119/6142/5497 6383/6141/5496 6076/6005/5360 5356/6004/5359
f 6383/6141/5496 5711/6143/5498 5116/6012/5367 6076/6005/5360
f 6080/6140/5495 5132/6144/5499 5711/6143/5498 6383/6141/5496
f 5270/6145/5500 5894/6146/5501 6384/6147/5502 5969/6148/5503
f 5969/6148/5503 6384/6147/5502 5888/6050/5405 5264/6049/5404
f 6384/6147/5502 5712/6149/5504 5127/6057/5412 5888/6050/5405
f 5894/6146/5501 5139/6150/5505 5712/6149/5504 6384/6147/5502
f 5313/6151/5506 5985/6152/5507 6385/6153/5508 6022/6154/5509
f 6022/6154/5509 6385/6153/5508 5982/6059/5414 5310/6058/5413
f 6385/6153/5508 5713/6155/5510 5126/6066/5421 5982/6059/5414
f 5985/6152/5507 5138/6156/5511 5713/6155/5510 6385/6153/5508
f 5337/6157/5512 6033/6158/5513 6386/6159/5514 6070/6160/5515
f 6070/6160/5515 6386/6159/5514 6030/6068/5423 5334/6067/5422
f 6386/6159/5514 5714/6161/5516 5125/6075/5430 6030/6068/5423
f 6033/6158/5513 5137/6162/5517 5714/6161/5516 6386/6159/5514
f 5361/6163/5518 6081/6164/5519 6387/6165/5520 6118/6166/5521
f 6118/6166/5521 6387/6165/5520 6078/6077/5432 5358/6076/5431
f 6387/6165/5520 5715/6167/5522 5124/6084/5439 6078/6077/5432
f 6081/6164/5519 5136/6168/5523 5715/6167/5522 6387/6165/5520
f 5272/6169/5524 5896/6170/5525 6388/6171/5526 5967/6172/5527
f 5967/6172/5527 6388/6171/5526 5890/6086/5441 5266/6085/5440
f 6388/6171/5526 5716/6173/5528 5131/6093/5448 5890/6086/5441
f 5896/6170/5525 5143/6174/5529 5716/6173/5528 6388/6171/5526
f 5314/6175/5530 5986/6176/5531 6389/6177/5532 6021/6178/5533
f 6021/6178/5533 6389/6177/5532 5983/6095/5450 5311/6094/5449
f 6389/6177/5532 5717/6179/5534 5130/6102/5457 5983/6095/5450
f 5986/6176/5531 5142/6180/5535 5717/6179/5534 6389/6177/5532
f 5338/6181/5536 6034/6182/5537 6390/6183/5538 6069/6184/5539
f 6069/6184/5539 6390/6183/5538 6031/6104/5459 5335/6103/5458
f 6390/6183/5538 5718/6185/5540 5129/6111/5466 6031/6104/5459
f 6034/6182/5537 5141/6186/5541 5718/6185/5540 6390/6183/5538
f 5362/6187/5542 6082/6188/5543 6391/6189/5544 6117/6190/5545
f 6117/6190/5545 6391/6189/5544 6079/6113/5468 5359/6112/5467
f 6391/6189/5544 5719/6191/5546 5128/6120/5475 6079/6113/5468
f 6082/6188/5543 5140/6192/5547 5719/6191/5546 6391/6189/5544
f 5274/6193/5548 5898/6194/5549 6392/6195/5550 5965/6196/5551
f 5965/6196/5551 6392/6195/5550 5892/6122/5477 5268/6121/5476
f 6392/6195/5550 5720/6197/5552 5135/6126/5481 5892/6122/5477
f 5898/6194/5549 5147/6198/5553 5720/6197/5552 6392/6195/5550
f 5315/6199/5554 5987/6200/5555 6393/6201/5556 6020/6202/5557
f 6020/6202/5557 6393/6201/5556 5984/6128/5483 5312/6127/5482
f 6393/6201/5556 5721/6203/5558 5134/6132/5487 5984/6128/5483
f 5987/6200/5555 5146/6204/5559 5721/6203/5558 6393/6201/5556
f 5339/6205/5560 6035/6206/5561 6394/6207/5562 6068/6208/5563
f 6068/6208/5563 6394/6207/5562 6032/6134/5489 5336/6133/5488
f 6394/6207/5562 5722/6209/5564 5133/6138/5493 6032/6134/5489
f 6035/6206/5561 5145/6210/5565 5722/6209/5564 6394/6207/5562
f 5363/6211/5566 6083/6212/5567 6395/6213/5568 6116/6214/5569
f 6116/6214/5569 6395/6213/5568 6080/6140/5495 5360/6139/5494
f 6395/6213/5568 5723/6215/5570 5132/6144/5499 6080/6140/5495
f 6083/6212/5567 5144/6216/5571 5723/6215/5570 6395/6213/5568
f 5276/6217/5572 5900/6218/5573 6396/6219/5574 5963/6220/5575
f 5963/6220/5575 6396/6219/5574 5894/6146/5501 5270/6145/5500
f 6396/6219/5574 5724/6221/5576 5139/6150/5505 5894/6146/5501
f 5900/6218/5573 5151/6222/5577 5724/6221/5576 6396/6219/5574
f 5316/6223/5578 5988/6224/5579 6397/6225/5580 6019/6226/5581
f 6019/6226/5581 6397/6225/5580 5985/6152/5507 5313/6151/5506
f 6397/6225/5580 5725/6227/5582 5138/6156/5511 5985/6152/5507
f 5988/6224/5579 5150/6228/5583 5725/6227/5582 6397/6225/5580
f 5340/6229/5584 6036/6230/5585 6398/6231/5586 6067/6232/5587
f 6067/6232/5587 6398/6231/5586 6033/6158/5513 5337/6157/5512
f 6398/6231/5586 5726/6233/5588 5137/6162/5517 6033/6158/5513
f 6036/6230/5585 5149/6234/5589 5726/6233/5588 6398/6231/5586
f 5364/6235/5590 6084/6236/5591 6399/6237/5592 6115/6238/5593
f 6115/6238/5593 6399/6237/5592 6081/6164/5519 5361/6163/5518
f 6399/6237/5592 5727/6239/5594 5136/6168/5523 6081/6164/5519
f 6084/6236/5591 5148/6240/5595 5727/6239/5594 6399/6237/5592
f 5278/6241/5596 5902/6242/5597 6400/6243/5598 5961/6244/5599
f 5961/6244/5599 6400/6243/5598 5896/6245/5525 5272/6246/5524
f 6400/6243/5598 5728/6247/5600 5143/6248/5529 5896/6245/5525
f 5902/6242/5597 5155/6249/5601 5728/6247/5600 6400/6243/5598
f 5317/6250/5602 5989/6251/5603 6401/6252/5604 6018/6253/5605
f 6018/6253/5605 6401/6252/5604 5986/6254/5531 5314/6255/5530
f 6401/6252/5604 5729/6256/5606 5142/6257/5535 5986/6254/5531
f 5989/6251/5603 5154/6258/5607 5729/6256/5606 6401/6252/5604
f 5341/6259/5608 6037/6260/5609 6402/6261/5610 6066/6262/5611
f 6066/6262/5611 6402/6261/5610 6034/6263/5537 5338/6264/5536
f 6402/6261/5610 5730/6265/5612 5141/6266/5541 6034/6263/5537
f 6037/6260/5609 5153/6267/5613 5730/6265/5612 6402/6261/5610
f 5365/6268/5614 6085/6269/5615 6403/6270/5616 6114/6271/5617
f 6114/6271/5617 6403/6270/5616 6082/6272/5543 5362/6273/5542
f 6403/6270/5616 5731/6274/5618 5140/6275/5547 6082/6272/5543
f 6085/6269/5615 5152/6276/5619 5731/6274/5618 6403/6270/5616
f 5280/6277/5620 5904/6278/5621 6404/6279/5622 5959/6280/5623
f 5959/6280/5623 6404/6279/5622 5898/6194/5549 5274/6193/5548
f 6404/6279/5622 5732/6281/5624 5147/6198/5553 5898/6194/5549
f 5904/6278/5621 5159/6282/5625 5732/6281/5624 6404/6279/5622
f 5318/6283/5626 5990/6284/5627 6405/6285/5628 6017/6286/5629
f 6017/6286/5629 6405/6285/5628 5987/6200/5555 5315/6199/5554
f 6405/6285/5628 5733/6287/5630 5146/6204/5559 5987/6200/5555
f 5990/6284/5627 5158/6288/5631 5733/6287/5630 6405/6285/5628
f 5342/6289/5632 6038/6290/5633 6406/6291/5634 6065/6292/5635
f 6065/6292/5635 6406/6291/5634 6035/6206/5561 5339/6205/5560
f 6406/6291/5634 5734/6293/5636 5145/6210/5565 6035/6206/5561
f 6038/6290/5633 5157/6294/5637 5734/6293/5636 6406/6291/5634
f 5366/6295/5638 6086/6296/5639 6407/6297/5640 6113/6298/5641
f 6113/6298/5641 6407/6297/5640 6083/6212/5567 5363/6211/5566
f 6407/6297/5640 5735/6299/5642 5144/6216/5571 6083/6212/5567
f 6086/6296/5639 5156/6300/5643 5735/6299/5642 6407/6297/5640
f 5282/6301/5644 5906/6302/5645 6408/6303/5646 5957/6304/5647
f 5957/6304/5647 6408/6303/5646 5900/6218/5573 5276/6217/5572
f 6408/6303/5646 5736/6305/5648 5151/6222/5577 5900/6218/5573
f 5906/6302/5645 5163/6306/5649 5736/6305/5648 6408/6303/5646
f 5319/6307/5650 5991/6308/5651 6409/6309/5652 6016/6310/5653
f 6016/6310/5653 6409/6309/5652 5988/6224/5579 5316/6223/5578
f 6409/6309/5652 5737/6311/5654 5150/6228/5583 5988/6224/5579
f 5991/6308/5651 5162/6312/5655 5737/6311/5654 6409/6309/5652
f 5343/6313/5656 6039/6314/5657 6410/6315/5658 6064/6316/5659
f 6064/6316/5659 6410/6315/5658 6036/6230/5585 5340/6229/5584
f 6410/6315/5658 5738/6317/5660 5149/6234/5589 6036/6230/5585
f 6039/6314/5657 5161/6318/5661 5738/6317/5660 6410/6315/5658
f 5367/6319/5662 6087/6320/5663 6411/6321/5664 6112/6322/5665
f 6112/6322/5665 6411/6321/5664 6084/6236/5591 5364/6235/5590
f 6411/6321/5664 5739/6323/5666 5148/6240/5595 6084/6236/5591
f 6087/6320/5663 5160/6324/5667 5739/6323/5666 6411/6321/5664
f 5284/6325/5668 5908/6326/5669 6412/6327/5670 5955/6328/5671
f 5955/6328/5671 6412/6327/5670 5902/6242/5597 5278/6241/5596
f 6412/6327/5670 5740/6329/5672 5155/6249/5601 5902/6242/5597
f 5908/6326/5669 5167/6330/5673 5740/6329/5672 6412/6327/5670
f 5320/6331/5674 5992/6332/5675 6413/6333/5676 6015/6334/5677
f 6015/6334/5677 6413/6333/5676 5989/6251/5603 5317/6250/5602
f 6413/6333/5676 5741/6335/5678 5154/6258/5607 5989/6251/5603
f 5992/6332/5675 5166/6336/5679 5741/6335/5678 6413/6333/5676
f 5344/6337/5680 6040/6338/5681 6414/6339/5682 6063/6340/5683
f 6063/6340/5683 6414/6339/5682 6037/6260/5609 5341/6259/5608
f 6414/6339/5682 5742/6341/5684 5153/6267/5613 6037/6260/5609
f 6040/6338/5681 5165/6342/5685 5742/6341/5684 6414/6339/5682
f 5368/6343/5686 6088/6344/5687 6415/6345/5688 6111/6346/5689
f 6111/6346/5689 6415/6345/5688 6085/6269/5615 5365/6268/5614
f 6415/6345/5688 5743/6347/5690 5152/6276/5619 6085/6269/5615
f 6088/6344/5687 5164/6348/5691 5743/6347/5690 6415/6345/5688
f 5286/6349/5692 5910/6350/5693 6416/6351/5694 5953/6352/5695
f 5953/6352/5695 6416/6351/5694 5904/6353/5621 5280/6354/5620
f 6416/6351/5694 5744/6355/5696 5159/6356/5625 5904/6353/5621
f 5910/6350/5693 5171/6357/5697 5744/6355/5696 6416/6351/5694
f 5321/6358/5698 5993/6359/5699 6417/6360/5700 6014/6361/5701
f 6014/6361/5701 6417/6360/5700 5990/6362/5627 5318/6363/5626
f 6417/6360/5700 5745/6364/5702 5158/6365/5631 5990/6362/5627
f 5993/6359/5699 5170/6366/5703 5745/6364/5702 6417/6360/5700
f 5345/6367/5704 6041/6368/5705 6418/6369/5706 6062/6370/5707
f 6062/6370/5707 6418/6369/5706 6038/6371/5633 5342/6372/5632
f 6418/6369/5706 5746/6373/5708 5157/6374/5637 6038/6371/5633
f 6041/6368/5705 5169/6375/5709 5746/6373/5708 6418/6369/5706
f 5369/6376/5710 6089/6377/5711 6419/6378/5712 6110/6379/5713
f 6110/6379/5713 6419/6378/5712 6086/6380/5639 5366/6381/5638
f 6419/6378/5712 5747/6382/5714 5156/6383/5643 6086/6380/5639
f 6089/6377/5711 5168/6384/5715 5747/6382/5714 6419/6378/5712
f 5288/6385/5716 5912/6386/5717 6420/6387/5718 5951/6388/5719
f 5951/6388/5719 6420/6387/5718 5906/6302/5645 5282/6301/5644
f 6420/6387/5718 5748/6389/5720 5163/6306/5649 5906/6302/5645
f 5912/6386/5717 5175/6390/5721 5748/6389/5720 6420/6387/5718
f 5322/6391/5722 5994/6392/5723 6421/6393/5724 6013/6394/5725
f 6013/6394/5725 6421/6393/5724 5991/6308/5651 5319/6307/5650
f 6421/6393/5724 5749/6395/5726 5162/6312/5655 5991/6308/5651
f 5994/6392/5723 5174/6396/5727 5749/6395/5726 6421/6393/5724
f 5346/6397/5728 6042/6398/5729 6422/6399/5730 6061/6400/5731
f 6061/6400/5731 6422/6399/5730 6039/6314/5657 5343/6313/5656
f 6422/6399/5730 5750/6401/5732 5161/6318/5661 6039/6314/5657
f 6042/6398/5729 5173/6402/5733 5750/6401/5732 6422/6399/5730
f 5370/6403/5734 6090/6404/5735 6423/6405/5736 6109/6406/5737
f 6109/6406/5737 6423/6405/5736 6087/6320/5663 5367/6319/5662
f 6423/6405/5736 5751/6407/5738 5160/6324/5667 6087/6320/5663
f 6090/6404/5735 5172/6408/5739 5751/6407/5738 6423/6405/5736
f 5290/6409/5740 5914/6410/5741 6424/6411/5742 5949/6412/5743
f 5949/6412/5743 6424/6411/5742 5908/6326/5669 5284/6325/5668
f 6424/6411/5742 5752/6413/5744 5167/6330/5673 5908/6326/5669
f 5914/6410/5741 5179/6414/5745 5752/6413/5744 6424/6411/5742
f 5323/6415/5746 5995/6416/5747 6425/6417/5748 6012/6418/5749
f 6012/6418/5749 6425/6417/5748 5992/6332/5675 5320/6331/5674
f 6425/6417/5748 5753/6419/5750 5166/6336/5679 5992/6332/5675
f 5995/6416/5747 5178/6420/5751 5753/6419/5750 6425/6417/5748
f 5347/6421/5752 6043/6422/5753 6426/6423/5754 6060/6424/5755
f 6060/6424/5755 6426/6423/5754 6040/6338/5681 5344/6337/5680
f 6426/6423/5754 5754/6425/5756 5165/6342/5685 6040/6338/5681
f 6043/6422/5753 5177/6426/5757 5754/6425/5756 6426/6423/5754
f 5371/6427/5758 6091/6428/5759 6427/6429/5760 6108/6430/5761
f 6108/6430/5761 6427/6429/5760 6088/6344/5687 5368/6343/5686
f 6427/6429/5760 5755/6431/5762 5164/6348/5691 6088/6344/5687
f 6091/6428/5759 5176/6432/5763 5755/6431/5762 6427/6429/5760
f 5292/6433/5764 5916/6434/5765 6428/6435/5766 5947/6436/5767
f 5947/6436/5767 6428/6435/5766 5910/6350/5693 5286/6349/5692
f 6428/6435/5766 5756/6437/5768 5171/6357/5697 5910/6350/5693
f 5916/6434/5765 5183/6438/5769 5756/6437/5768 6428/6435/5766
f 5324/6439/5770 5996/6440/5771 6429/6441/5772 6011/6442/5773
f 6011/6442/5773 6429/6441/5772 5993/6359/5699 5321/6358/5698
f 6429/6441/5772 5757/6443/5774 5170/6366/5703 5993/6359/5699
f 5996/6440/5771 5182/6444/5775 5757/6443/5774 6429/6441/5772
f 5348/6445/5776 6044/6446/5777 6430/6447/5778 6059/6448/5779
f 6059/6448/5779 6430/6447/5778 6041/6368/5705 5345/6367/5704
f 6430/6447/5778 5758/6449/5780 5169/6450/5709 6041/6368/5705
f 6044/6446/5777 5181/6451/5781 5758/6449/5780 6430/6447/5778
f 5372/6452/5782 6092/6453/5783 6431/6454/5784 6107/6455/5785
f 6107/6455/5785 6431/6454/5784 6089/6377/5711 5369/6376/5710
f 6431/6454/5784 5759/6456/5786 5168/6384/5715 6089/6377/5711
f 6092/6453/5783 5180/6457/5787 5759/6456/5786 6431/6454/5784
f 5294/6458/5788 5918/6459/5789 6432/6460/5790 5945/6461/5791
f 5945/6461/5791 6432/6460/5790 5912/6462/5717 5288/6463/5716
f 6432/6460/5790 5760/6464/5792 5175/6465/5721 5912/6462/5717
f 5918/6459/5789 5187/6466/5793 5760/6464/5792 6432/6460/5790
f 5325/6467/5794 5997/6468/5795 6433/6469/5796 6010/6470/5797
f 6010/6470/5797 6433/6469/5796 5994/6471/5723 5322/6472/5722
f 6433/6469/5796 5761/6473/5798 5174/6474/5727 5994/6471/5723
f 5997/6468/5795 5186/6475/5799 5761/6473/5798 6433/6469/5796
f 5349/6476/5800 6045/6477/5801 6434/6478/5802 6058/6479/5803
f 6058/6479/5803 6434/6478/5802 6042/6480/5729 5346/6481/5728
f 6434/6478/5802 5762/6482/5804 5173/6483/5733 6042/6480/5729
f 6045/6477/5801 5185/6484/5805 5762/6482/5804 6434/6478/5802
f 5373/6485/5806 6093/6486/5807 6435/6487/5808 6106/6488/5809
f 6106/6488/5809 6435/6487/5808 6090/6489/5735 5370/6490/5734
f 6435/6487/5808 5763/6491/5810 5172/6492/5739 6090/6489/5735
f 6093/6486/5807 5184/6493/5811 5763/6491/5810 6435/6487/5808
f 5296/6494/5812 5920/6495/5813 6436/6496/5814 5943/6497/5815
f 5943/6497/5815 6436/6496/5814 5914/6410/5741 5290/6409/5740
f 6436/6496/5814 5764/6498/5816 5179/6414/5745 5914/6410/5741
f 5920/6495/5813 5191/6499/5817 5764/6498/5816 6436/6496/5814
f 5326/6500/5818 5998/6501/5819 6437/6502/5820 6009/6503/5821
f 6009/6503/5821 6437/6502/5820 5995/6416/5747 5323/6415/5746
f 6437/6502/5820 5765/6504/5822 5178/6420/5751 5995/6416/5747
f 5998/6501/5819 5190/6505/5823 5765/6504/5822 6437/6502/5820
f 5350/6506/5824 6046/6507/5825 6438/6508/5826 6057/6509/5827
f 6057/6509/5827 6438/6508/5826 6043/6422/5753 5347/6421/5752
f 6438/6508/5826 5766/6510/5828 5177/6426/5757 6043/6422/5753
f 6046/6507/5825 5189/6511/5829 5766/6510/5828 6438/6508/5826
f 5374/6512/5830 6094/6513/5831 6439/6514/5832 6105/6515/5833
f 6105/6515/5833 6439/6514/5832 6091/6428/5759 5371/6427/5758
f 6439/6514/5832 5767/6516/5834 5176/6432/5763 6091/6428/5759
f 6094/6513/5831 5188/6517/5835 5767/6516/5834 6439/6514/5832
f 5298/6518/5836 5922/6519/5837 6440/6520/5838 5941/6521/5839
f 5941/6521/5839 6440/6520/5838 5916/6434/5765 5292/6433/5764
f 6440/6520/5838 5768/6522/5840 5183/6438/5769 5916/6434/5765
f 5922/6519/5837 5195/6523/5841 5768/6522/5840 6440/6520/5838
f 5327/6524/5842 5999/6525/5843 6441/6526/5844 6008/6527/5845
f 6008/6527/5845 6441/6526/5844 5996/6440/5771 5324/6439/5770
f 6441/6526/5844 5769/6528/5846 5182/6444/5775 5996/6440/5771
f 5999/6525/5843 5194/6529/5847 5769/6528/5846 6441/6526/5844
f 5351/6530/5848 6047/6531/5849 6442/6532/5850 6056/6533/5851
f 6056/6533/5851 6442/6532/5850 6044/6446/5777 5348/6445/5776
f 6442/6532/5850 5770/6534/5852 5181/6451/5781 6044/6446/5777
f 6047/6531/5849 5193/6535/5853 5770/6534/5852 6442/6532/5850
f 5375/6536/5854 6095/6537/5855 6443/6538/5856 6104/6539/5857
f 6104/6539/5857 6443/6538/5856 6092/6453/5783 5372/6452/5782
f 6443/6538/5856 5771/6540/5858 5180/6457/5787 6092/6453/5783
f 6095/6537/5855 5192/6541/5859 5771/6540/5858 6443/6538/5856
f 5301/5982/5337 5676/5981/5336 6444/6542/5860 5939/6543/5861
f 5939/6543/5861 6444/6542/5860 5918/6459/5789 5294/6458/5788
f 6444/6542/5860 5772/6544/5862 5187/6466/5793 5918/6459/5789
f 5676/5981/5336 5196/5984/5339 5772/6544/5862 6444/6542/5860
f 5328/5991/5346 5677/5990/5345 6445/6545/5863 6007/6546/5864
f 6007/6546/5864 6445/6545/5863 5997/6468/5795 5325/6467/5794
f 6445/6545/5863 5773/6547/5865 5186/6475/5799 5997/6468/5795
f 5677/5990/5345 5197/5993/5348 5773/6547/5865 6445/6545/5863
f 5352/6000/5355 5678/5999/5354 6446/6548/5866 6055/6549/5867
f 6055/6549/5867 6446/6548/5866 6045/6477/5801 5349/6476/5800
f 6446/6548/5866 5774/6550/5868 5185/6484/5805 6045/6477/5801
f 5678/5999/5354 5198/6002/5357 5774/6550/5868 6446/6548/5866
f 5376/6009/5364 5679/6008/5363 6447/6551/5869 6103/6552/5870
f 6103/6552/5870 6447/6551/5869 6093/6486/5807 5373/6485/5806
f 6447/6551/5869 5775/6553/5871 5184/6493/5811 6093/6486/5807
f 5679/6008/5363 5199/6011/5366 5775/6553/5871 6447/6551/5869
f 5303/6018/5373 5680/6017/5372 6448/6554/5872 5937/6555/5873
f 5937/6555/5873 6448/6554/5872 5920/6495/5813 5296/6494/5812
f 6448/6554/5872 5776/6556/5874 5191/6499/5817 5920/6495/5813
f 5680/6017/5372 5200/6020/5375 5776/6556/5874 6448/6554/5872
f 5329/6027/5382 5681/6026/5381 6449/6557/5875 6006/6558/5876
f 6006/6558/5876 6449/6557/5875 5998/6501/5819 5326/6500/5818
f 6449/6557/5875 5777/6559/5877 5190/6505/5823 5998/6501/5819
f 5681/6026/5381 5201/6029/5384 5777/6559/5877 6449/6557/5875
f 5353/6036/5391 5682/6035/5390 6450/6560/5878 6054/6561/5879
f 6054/6561/5879 6450/6560/5878 6046/6507/5825 5350/6506/5824
f 6450/6560/5878 5778/6562/5880 5189/6511/5829 6046/6507/5825
f 5682/6035/5390 5202/6038/5393 5778/6562/5880 6450/6560/5878
f 5377/6045/5400 5683/6044/5399 6451/6563/5881 6102/6564/5882
f 6102/6564/5882 6451/6563/5881 6094/6513/5831 5374/6512/5830
f 6451/6563/5881 5779/6565/5883 5188/6517/5835 6094/6513/5831
f 5683/6044/5399 5203/6047/5402 5779/6565/5883 6451/6563/5881
f 5305/6054/5409 5684/6053/5408 6452/6566/5884 5935/6567/5885
f 5935/6567/5885 6452/6566/5884 5886/6568/5369 5262/6569/5368
f 6452/6566/5884 5780/6570/5886 5123/6571/5376 5886/6568/5369
f 5684/6053/5408 5204/6056/5411 5780/6570/5886 6452/6566/5884
f 5330/6063/5418 5685/6062/5417 6453/6572/5887 6005/6573/5888
f 6005/6573/5888 6453/6572/5887 5981/6574/5378 5309/6575/5377
f 6453/6572/5887 5781/6576/5889 5122/6577/5385 5981/6574/5378
f 5685/6062/5417 5205/6065/5420 5781/6576/5889 6453/6572/5887
f 5354/6072/5427 5686/6071/5426 6454/6578/5890 6053/6579/5891
f 6053/6579/5891 6454/6578/5890 6029/6580/5387 5333/6581/5386
f 6454/6578/5890 5782/6582/5892 5121/6583/5394 6029/6580/5387
f 5686/6071/5426 5206/6074/5429 5782/6582/5892 6454/6578/5890
f 5378/6081/5436 5687/6080/5435 6455/6584/5893 6101/6585/5894
f 6101/6585/5894 6455/6584/5893 6077/6586/5396 5357/6587/5395
f 6455/6584/5893 5783/6588/5895 5120/6589/5403 6077/6586/5396
f 5687/6080/5435 5207/6083/5438 5783/6588/5895 6455/6584/5893
f 5307/6090/5445 5688/6089/5444 6456/6590/5896 5933/6591/5897
f 5933/6591/5897 6456/6590/5896 5922/6519/5837 5298/6518/5836
f 6456/6590/5896 5784/6592/5898 5195/6523/5841 5922/6519/5837
f 5688/6089/5444 5208/6092/5447 5784/6592/5898 6456/6590/5896
f 5331/6099/5454 5689/6098/5453 6457/6593/5899 6004/6594/5900
f 6004/6594/5900 6457/6593/5899 5999/6525/5843 5327/6524/5842
f 6457/6593/5899 5785/6595/5901 5194/6529/5847 5999/6525/5843
f 5689/6098/5453 5209/6101/5456 5785/6595/5901 6457/6593/5899
f 5355/6108/5463 5690/6107/5462 6458/6596/5902 6052/6597/5903
f 6052/6597/5903 6458/6596/5902 6047/6531/5849 5351/6530/5848
f 6458/6596/5902 5786/6598/5904 5193/6535/5853 6047/6531/5849
f 5690/6107/5462 5210/6110/5465 5786/6598/5904 6458/6596/5902
f 5379/6117/5472 5691/6116/5471 6459/6599/5905 6100/6600/5906
f 6100/6600/5906 6459/6599/5905 6095/6537/5855 5375/6536/5854
f 6459/6599/5905 5787/6601/5907 5192/6541/5859 6095/6537/5855
f 5691/6116/5471 5211/6119/5474 5787/6601/5907 6459/6599/5905
f 5116/6012/5367 5596/6602/5908 6460/6603/5909 5695/6010/5365
f 5695/6010/5365 6460/6603/5909 5788/6604/5910 5199/6011/5366
f 6460/6603/5909 5836/6605/5911 5212/6606/5912 5788/6604/5910
f 5596/6602/5908 5221/6607/5913 5836/6605/5911 6460/6603/5909
f 5221/6607/5913 5797/6608/5914 6461/6609/5915 5836/6605/5911
f 5836/6605/5911 6461/6609/5915 5789/6610/5916 5212/6606/5912
f 6461/6609/5915 5837/6611/5330 5213/6612/5215 5789/6610/5916
f 5797/6608/5914 5220/6613/5317 5837/6611/5330 6461/6609/5915
f 5120/6048/5403 5600/6614/5917 6462/6615/5918 5699/6046/5401
f 5699/6046/5401 6462/6615/5918 5790/6616/5919 5203/6047/5402
f 6462/6615/5918 5838/6617/5920 5214/6618/5921 5790/6616/5919
f 5600/6614/5917 5223/6619/5922 5838/6617/5920 6462/6615/5918
f 5223/6619/5922 5799/6620/5923 6463/6621/5924 5838/6617/5920
f 5838/6617/5920 6463/6621/5924 5791/6622/5925 5214/6618/5921
f 6463/6621/5924 5839/6623/5327 5215/6624/5206 5791/6622/5925
f 5799/6620/5923 5222/6625/5202 5839/6623/5327 6463/6621/5924
f 5124/6084/5439 5604/6626/5926 6464/6627/5927 5703/6082/5437
f 5703/6082/5437 6464/6627/5927 5792/6628/5928 5207/6083/5438
f 6464/6627/5927 5840/6629/5929 5216/6630/5930 5792/6628/5928
f 5604/6626/5926 5225/6631/5931 5840/6629/5929 6464/6627/5927
f 5225/6631/5931 5801/6632/5932 6465/6633/5933 5840/6629/5929
f 5840/6629/5929 6465/6633/5933 5793/6634/5934 5216/6630/5930
f 6465/6633/5933 5841/6635/5324 5217/6636/5197 5793/6634/5934
f 5801/6632/5932 5224/6637/5311 5841/6635/5324 6465/6633/5933
f 5128/6120/5475 5608/6638/5935 6466/6639/5936 5707/6118/5473
f 5707/6118/5473 6466/6639/5936 5794/6640/5937 5211/6119/5474
f 6466/6639/5936 5842/6641/5938 5218/6642/5939 5794/6640/5937
f 5608/6638/5935 5227/6643/5940 5842/6641/5938 6466/6639/5936
f 5227/6643/5940 5803/6644/5941 6467/6645/5942 5842/6641/5938
f 5842/6641/5938 6467/6645/5942 5795/6646/5943 5218/6642/5939
f 6467/6645/5942 5843/6647/5321 5219/6648/5188 5795/6646/5943
f 5803/6644/5941 5226/6649/5305 5843/6647/5321 6467/6645/5942
f 5132/6144/5499 5612/6650/5944 6468/6651/5945 5711/6143/5498
f 5711/6143/5498 6468/6651/5945 5596/6602/5908 5116/6012/5367
f 6468/6651/5945 5844/6652/5946 5221/6607/5913 5596/6602/5908
f 5612/6650/5944 5229/6653/5947 5844/6652/5946 6468/6651/5945
f 5229/6653/5947 5805/6654/5948 6469/6655/5949 5844/6652/5946
f 5844/6652/5946 6469/6655/5949 5797/6608/5914 5221/6607/5913
f 6469/6655/5949 5845/6656/5315 5220/6613/5317 5797/6608/5914
f 5805/6654/5948 5228/6657/5299 5845/6656/5315 6469/6655/5949
f 5136/6168/5523 5616/6658/5950 6470/6659/5951 5715/6167/5522
f 5715/6167/5522 6470/6659/5951 5604/6626/5926 5124/6084/5439
f 6470/6659/5951 5846/6660/5952 5225/6631/5931 5604/6626/5926
f 5616/6658/5950 5231/6661/5953 5846/6660/5952 6470/6659/5951
f 5231/6661/5953 5807/6662/5954 6471/6663/5955 5846/6660/5952
f 5846/6660/5952 6471/6663/5955 5801/6632/5932 5225/6631/5931
f 6471/6663/5955 5847/6664/5309 5224/6637/5311 5801/6632/5932
f 5807/6662/5954 5230/6665/5293 5847/6664/5309 6471/6663/5955
f 5140/6192/5547 5620/6666/5956 6472/6667/5957 5719/6191/5546
f 5719/6191/5546 6472/6667/5957 5608/6638/5935 5128/6120/5475
f 6472/6667/5957 5848/6668/5958 5227/6643/5940 5608/6638/5935
f 5620/6666/5956 5233/6669/5959 5848/6668/5958 6472/6667/5957
f 5233/6669/5959 5809/6670/5960 6473/6671/5961 5848/6668/5958
f 5848/6668/5958 6473/6671/5961 5803/6644/5941 5227/6643/5940
f 6473/6671/5961 5849/6672/5303 5226/6649/5305 5803/6644/5941
f 5809/6670/5960 5232/6673/5287 5849/6672/5303 6473/6671/5961
f 5144/6216/5571 5624/6674/5962 6474/6675/5963 5723/6215/5570
f 5723/6215/5570 6474/6675/5963 5612/6650/5944 5132/6144/5499
f 6474/6675/5963 5850/6676/5964 5229/6653/5947 5612/6650/5944
f 5624/6674/5962 5235/6677/5965 5850/6676/5964 6474/6675/5963
f 5235/6677/5965 5811/6678/5966 6475/6679/5967 5850/6676/5964
f 5850/6676/5964 6475/6679/5967 5805/6654/5948 5229/6653/5947
f 6475/6679/5967 5851/6680/5297 5228/6657/5299 5805/6654/5948
f 5811/6678/5966 5234/6681/5281 5851/6680/5297 6475/6679/5967
f 5148/6240/5595 5628/6682/5968 6476/6683/5969 5727/6239/5594
f 5727/6239/5594 6476/6683/5969 5616/6658/5950 5136/6168/5523
f 6476/6683/5969 5852/6684/5970 5231/6661/5953 5616/6658/5950
f 5628/6682/5968 5237/6685/5971 5852/6684/5970 6476/6683/5969
f 5237/6685/5971 5813/6686/5972 6477/6687/5973 5852/6684/5970
f 5852/6684/5970 6477/6687/5973 5807/6662/5954 5231/6661/5953
f 6477/6687/5973 5853/6688/5291 5230/6665/5293 5807/6662/5954
f 5813/6686/5972 5236/6689/5275 5853/6688/5291 6477/6687/5973
f 5152/6276/5619 5632/6690/5974 6478/6691/5975 5731/6274/5618
f 5731/6274/5618 6478/6691/5975 5620/6692/5956 5140/6275/5547
f 6478/6691/5975 5854/6693/5976 5233/6694/5959 5620/6692/5956
f 5632/6690/5974 5239/6695/5977 5854/6693/5976 6478/6691/5975
f 5239/6695/5977 5815/6696/5978 6479/6697/5979 5854/6693/5976
f 5854/6693/5976 6479/6697/5979 5809/6698/5960 5233/6694/5959
f 6479/6697/5979 5855/6699/5285 5232/6700/5287 5809/6698/5960
f 5815/6696/5978 5238/6701/5269 5855/6699/5285 6479/6697/5979
f 5156/6300/5643 5636/6702/5980 6480/6703/5981 5735/6299/5642
f 5735/6299/5642 6480/6703/5981 5624/6674/5962 5144/6216/5571
f 6480/6703/5981 5856/6704/5982 5235/6677/5965 5624/6674/5962
f 5636/6702/5980 5241/6705/5983 5856/6704/5982 6480/6703/5981
f 5241/6705/5983 5817/6706/5984 6481/6707/5985 5856/6704/5982
f 5856/6704/5982 6481/6707/5985 5811/6678/5966 5235/6677/5965
f 6481/6707/5985 5857/6708/5279 5234/6681/5281 5811/6678/5966
f 5817/6706/5984 5240/6709/5263 5857/6708/5279 6481/6707/5985
f 5160/6324/5667 5640/6710/5986 6482/6711/5987 5739/6323/5666
f 5739/6323/5666 6482/6711/5987 5628/6682/5968 5148/6240/5595
f 6482/6711/5987 5858/6712/5988 5237/6685/5971 5628/6682/5968
f 5640/6710/5986 5243/6713/5989 5858/6712/5988 6482/6711/5987
f 5243/6713/5989 5819/6714/5990 6483/6715/5991 5858/6712/5988
f 5858/6712/5988 6483/6715/5991 5813/6686/5972 5237/6685/5971
f 6483/6715/5991 5859/6716/5273 5236/6689/5275 5813/6686/5972
f 5819/6714/5990 5242/6717/5257 5859/6716/5273 6483/6715/5991
f 5164/6348/5691 5644/6718/5992 6484/6719/5993 5743/6347/5690
f 5743/6347/5690 6484/6719/5993 5632/6690/5974 5152/6276/5619
f 6484/6719/5993 5860/6720/5994 5239/6695/5977 5632/6690/5974
f 5644/6718/5992 5245/6721/5995 5860/6720/5994 6484/6719/5993
f 5245/6721/5995 5821/6722/5996 6485/6723/5997 5860/6720/5994
f 5860/6720/5994 6485/6723/5997 5815/6696/5978 5239/6695/5977
f 6485/6723/5997 5861/6724/5267 5238/6701/5269 5815/6696/5978
f 5821/6722/5996 5244/6725/5251 5861/6724/5267 6485/6723/5997
f 5168/6384/5715 5648/6726/5998 6486/6727/5999 5747/6382/5714
f 5747/6382/5714 6486/6727/5999 5636/6728/5980 5156/6383/5643
f 6486/6727/5999 5862/6729/6000 5241/6730/5983 5636/6728/5980
f 5648/6726/5998 5247/6731/6001 5862/6729/6000 6486/6727/5999
f 5247/6731/6001 5823/6732/6002 6487/6733/6003 5862/6729/6000
f 5862/6729/6000 6487/6733/6003 5817/6734/5984 5241/6730/5983
f 6487/6733/6003 5863/6735/5261 5240/6736/5263 5817/6734/5984
f 5823/6732/6002 5246/6737/5245 5863/6735/5261 6487/6733/6003
f 5172/6408/5739 5652/6738/6004 6488/6739/6005 5751/6407/5738
f 5751/6407/5738 6488/6739/6005 5640/6710/5986 5160/6324/5667
f 6488/6739/6005 5864/6740/6006 5243/6713/5989 5640/6710/5986
f 5652/6738/6004 5249/6741/6007 5864/6740/6006 6488/6739/6005
f 5249/6741/6007 5825/6742/6008 6489/6743/6009 5864/6740/6006
f 5864/6740/6006 6489/6743/6009 5819/6714/5990 5243/6713/5989
f 6489/6743/6009 5865/6744/5255 5242/6717/5257 5819/6714/5990
f 5825/6742/6008 5248/6745/5239 5865/6744/5255 6489/6743/6009
f 5176/6432/5763 5656/6746/6010 6490/6747/6011 5755/6431/5762
f 5755/6431/5762 6490/6747/6011 5644/6718/5992 5164/6348/5691
f 6490/6747/6011 5866/6748/6012 5245/6721/5995 5644/6718/5992
f 5656/6746/6010 5251/6749/6013 5866/6748/6012 6490/6747/6011
f 5251/6749/6013 5827/6750/6014 6491/6751/6015 5866/6748/6012
f 5866/6748/6012 6491/6751/6015 5821/6722/5996 5245/6721/5995
f 6491/6751/6015 5867/6752/5249 5244/6725/5251 5821/6722/5996
f 5827/6750/6014 5250/6753/5233 5867/6752/5249 6491/6751/6015
f 5180/6457/5787 5660/6754/6016 6492/6755/6017 5759/6456/5786
f 5759/6456/5786 6492/6755/6017 5648/6726/5998 5168/6384/5715
f 6492/6755/6017 5868/6756/6018 5247/6731/6001 5648/6726/5998
f 5660/6754/6016 5253/6757/6019 5868/6756/6018 6492/6755/6017
f 5253/6757/6019 5829/6758/6020 6493/6759/6021 5868/6756/6018
f 5868/6756/6018 6493/6759/6021 5823/6732/6002 5247/6731/6001
f 6493/6759/6021 5869/6760/5243 5246/6737/5245 5823/6732/6002
f 5829/6758/6020 5252/6761/5227 5869/6760/5243 6493/6759/6021
f 5184/6493/5811 5664/6762/6022 6494/6763/6023 5763/6491/5810
f 5763/6491/5810 6494/6763/6023 5652/6764/6004 5172/6492/5739
f 6494/6763/6023 5870/6765/6024 5249/6766/6007 5652/6764/6004
f 5664/6762/6022 5255/6767/6025 5870/6765/6024 6494/6763/6023
f 5255/6767/6025 5831/6768/6026 6495/6769/6027 5870/6765/6024
f 5870/6765/6024 6495/6769/6027 5825/6770/6008 5249/6766/6007
f 6495/6769/6027 5871/6771/5237 5248/6772/5239 5825/6770/6008
f 5831/6768/6026 5254/6773/5220 5871/6771/5237 6495/6769/6027
f 5188/6517/5835 5668/6774/6028 6496/6775/6029 5767/6516/5834
f 5767/6516/5834 6496/6775/6029 5656/6746/6010 5176/6432/5763
f 6496/6775/6029 5872/6776/6030 5251/6749/6013 5656/6746/6010
f 5668/6774/6028 5257/6777/6031 5872/6776/6030 6496/6775/6029
f 5257/6777/6031 5833/6778/6032 6497/6779/6033 5872/6776/6030
f 5872/6776/6030 6497/6779/6033 5827/6750/6014 5251/6749/6013
f 6497/6779/6033 5873/6780/5231 5250/6753/5233 5827/6750/6014
f 5833/6778/6032 5256/6781/5211 5873/6780/5231 6497/6779/6033
f 5192/6541/5859 5672/6782/6034 6498/6783/6035 5771/6540/5858
f 5771/6540/5858 6498/6783/6035 5660/6754/6016 5180/6457/5787
f 6498/6783/6035 5874/6784/6036 5253/6757/6019 5660/6754/6016
f 5672/6782/6034 5259/6785/6037 5874/6784/6036 6498/6783/6035
f 5259/6785/6037 5835/6786/6038 6499/6787/6039 5874/6784/6036
f 5874/6784/6036 6499/6787/6039 5829/6758/6020 5253/6757/6019
f 6499/6787/6039 5875/6788/5225 5252/6761/5227 5829/6758/6020
f 5835/6786/6038 5258/6789/5193 5875/6788/5225 6499/6787/6039
f 5199/6011/5366 5788/6604/5910 6500/6790/6040 5775/6553/5871
f 5775/6553/5871 6500/6790/6040 5664/6762/6022 5184/6493/5811
f 6500/6790/6040 5876/6791/6041 5255/6767/6025 5664/6762/6022
f 5788/6604/5910 5212/6606/5912 5876/6791/6041 6500/6790/6040
f 5212/6606/5912 5789/6610/5916 6501/6792/6042 5876/6791/6041
f 5876/6791/6041 6501/6792/6042 5831/6768/6026 5255/6767/6025
f 6501/6792/6042 5877/6793/5218 5254/6773/5220 5831/6768/6026
f 5789/6610/5916 5213/6612/5215 5877/6793/5218 6501/6792/6042
f 5203/6047/5402 5790/6616/5919 6502/6794/6043 5779/6565/5883
f 5779/6565/5883 6502/6794/6043 5668/6774/6028 5188/6517/5835
f 6502/6794/6043 5878/6795/6044 5257/6777/6031 5668/6774/6028
f 5790/6616/5919 5214/6618/5921 5878/6795/6044 6502/6794/6043
f 5214/6618/5921 5791/6622/5925 6503/6796/6045 5878/6795/6044
f 5878/6795/6044 6503/6796/6045 5833/6778/6032 5257/6777/6031
f 6503/6796/6045 5879/6797/5209 5256/6781/5211 5833/6778/6032
f 5791/6622/5925 5215/6624/5206 5879/6797/5209 6503/6796/6045
f 5207/6083/5438 5792/6628/5928 6504/6798/6046 5783/6588/5895
f 5783/6588/5895 6504/6798/6046 5600/6799/5917 5120/6589/5403
f 6504/6798/6046 5880/6800/6047 5223/6801/5922 5600/6799/5917
f 5792/6628/5928 5216/6630/5930 5880/6800/6047 6504/6798/6046
f 5216/6630/5930 5793/6634/5934 6505/6802/6048 5880/6800/6047
f 5880/6800/6047 6505/6802/6048 5799/6803/5923 5223/6801/5922
f 6505/6802/6048 5881/6804/5200 5222/6805/5202 5799/6803/5923
f 5793/6634/5934 5217/6636/5197 5881/6804/5200 6505/6802/6048
f 5211/6119/5474 5794/6640/5937 6506/6806/6049 5787/6601/5907
f 5787/6601/5907 6506/6806/6049 5672/6782/6034 5192/6541/5859
f 6506/6806/6049 5882/6807/6050 5259/6785/6037 5672/6782/6034
f 5794/6640/5937 5218/6642/5939 5882/6807/6050 6506/6806/6049
f 5218/6642/5939 5795/6646/5943 6507/6808/6051 5882/6807/6050
f 5882/6807/6050 6507/6808/6051 5835/6786/6038 5259/6785/6037
f 6507/6808/6051 5883/6809/5191 5258/6789/5193 5835/6786/6038
f 5795/6646/5943 5219/6648/5188 5883/6809/5191 6507/6808/6051
f 5060/6810/6052 5930/6811/6053 6508/6812/6054 5491/6813/6055
f 5491/6813/6055 6508/6812/6054 5547/6814/6056 5059/6815/6057
f 6508/6812/6054 5932/6816/6058 5299/6817/6059 5547/6814/6056
f 5930/6811/6053 5306/6818/6060 5932/6816/6058 6508/6812/6054
f 5306/6818/6060 5931/6819/6061 6509/6820/6062 5932/6816/6058
f 5932/6816/6058 6509/6820/6062 5923/6821/6063 5299/6817/6059
f 6509/6820/6062 5933/6591/5897 5298/6518/5836 5923/6821/6063
f 5931/6819/6061 5307/6090/5445 5933/6591/5897 6509/6820/6062
f 5045/6822/6064 5928/6823/6065 6510/6824/6066 5476/6825/6067
f 5476/6825/6067 6510/6824/6066 5527/6826/6068 5044/6827/6069
f 6510/6824/6066 5934/6828/6070 5263/6829/6071 5527/6826/6068
f 5928/6823/6065 5304/6830/6072 5934/6828/6070 6510/6824/6066
f 5304/6830/6072 5929/6831/6073 6511/6832/6074 5934/6828/6070
f 5934/6828/6070 6511/6832/6074 5887/6833/6075 5263/6829/6071
f 6511/6832/6074 5935/6567/5885 5262/6569/5368 5887/6833/6075
f 5929/6831/6073 5305/6054/5409 5935/6567/5885 6511/6832/6074
f 5067/6834/6076 5926/6835/6077 6512/6836/6078 5498/6837/6079
f 5498/6837/6079 6512/6836/6078 5546/6838/6080 5066/6839/6081
f 6512/6836/6078 5936/6840/6082 5297/6841/6083 5546/6838/6080
f 5926/6835/6077 5302/6842/6084 5936/6840/6082 6512/6836/6078
f 5302/6842/6084 5927/6843/6085 6513/6844/6086 5936/6840/6082
f 5936/6840/6082 6513/6844/6086 5921/6845/6087 5297/6841/6083
f 6513/6844/6086 5937/6555/5873 5296/6494/5812 5921/6845/6087
f 5927/6843/6085 5303/6018/5373 5937/6555/5873 6513/6844/6086
f 5052/6846/6088 5924/6847/6089 6514/6848/6090 5483/6849/6091
f 5483/6849/6091 6514/6848/6090 5545/6850/6092 5051/6851/6093
f 6514/6848/6090 5938/6852/6094 5295/6853/6095 5545/6850/6092
f 5924/6847/6089 5300/6854/6096 5938/6852/6094 6514/6848/6090
f 5300/6854/6096 5925/6855/6097 6515/6856/6098 5938/6852/6094
f 5938/6852/6094 6515/6856/6098 5919/6857/6099 5295/6853/6095
f 6515/6856/6098 5939/6543/5861 5294/6458/5788 5919/6857/6099
f 5925/6855/6097 5301/5982/5337 5939/6543/5861 6515/6856/6098
f 5059/6815/6057 5547/6814/6056 6516/6858/6100 5490/6859/6101
f 5490/6859/6101 6516/6858/6100 5544/6860/6102 5058/6861/6103
f 6516/6858/6100 5940/6862/6104 5293/6863/6105 5544/6860/6102
f 5547/6814/6056 5299/6817/6059 5940/6862/6104 6516/6858/6100
f 5299/6817/6059 5923/6821/6063 6517/6864/6106 5940/6862/6104
f 5940/6862/6104 6517/6864/6106 5917/6865/6107 5293/6863/6105
f 6517/6864/6106 5941/6521/5839 5292/6433/5764 5917/6865/6107
f 5923/6821/6063 5298/6518/5836 5941/6521/5839 6517/6864/6106
f 5066/6839/6081 5546/6838/6080 6518/6866/6108 5497/6867/6109
f 5497/6867/6109 6518/6866/6108 5543/6868/6110 5065/6869/6111
f 6518/6866/6108 5942/6870/6112 5291/6871/6113 5543/6868/6110
f 5546/6838/6080 5297/6841/6083 5942/6870/6112 6518/6866/6108
f 5297/6841/6083 5921/6845/6087 6519/6872/6114 5942/6870/6112
f 5942/6870/6112 6519/6872/6114 5915/6873/6115 5291/6871/6113
f 6519/6872/6114 5943/6497/5815 5290/6409/5740 5915/6873/6115
f 5921/6845/6087 5296/6494/5812 5943/6497/5815 6519/6872/6114
f 5051/6851/6093 5545/6850/6092 6520/6874/6116 5482/6875/6117
f 5482/6875/6117 6520/6874/6116 5542/6876/6118 5050/6877/6119
f 6520/6874/6116 5944/6878/6120 5289/6879/6121 5542/6876/6118
f 5545/6850/6092 5295/6853/6095 5944/6878/6120 6520/6874/6116
f 5295/6853/6095 5919/6857/6099 6521/6880/6122 5944/6878/6120
f 5944/6878/6120 6521/6880/6122 5913/6881/6123 5289/6879/6121
f 6521/6880/6122 5945/6461/5791 5288/6463/5716 5913/6881/6123
f 5919/6857/6099 5294/6458/5788 5945/6461/5791 6521/6880/6122
f 5058/6861/6103 5544/6860/6102 6522/6882/6124 5489/6883/6125
f 5489/6883/6125 6522/6882/6124 5541/6884/6126 5057/6885/6127
f 6522/6882/6124 5946/6886/6128 5287/6887/6129 5541/6884/6126
f 5544/6860/6102 5293/6863/6105 5946/6886/6128 6522/6882/6124
f 5293/6863/6105 5917/6865/6107 6523/6888/6130 5946/6886/6128
f 5946/6886/6128 6523/6888/6130 5911/6889/6131 5287/6887/6129
f 6523/6888/6130 5947/6436/5767 5286/6349/5692 5911/6889/6131
f 5917/6865/6107 5292/6433/5764 5947/6436/5767 6523/6888/6130
f 5065/6869/6111 5543/6868/6110 6524/6890/6132 5496/6891/6133
f 5496/6891/6133 6524/6890/6132 5540/6892/6134 5064/6893/6135
f 6524/6890/6132 5948/6894/6136 5285/6895/6137 5540/6892/6134
f 5543/6868/6110 5291/6871/6113 5948/6894/6136 6524/6890/6132
f 5291/6871/6113 5915/6873/6115 6525/6896/6138 5948/6894/6136
f 5948/6894/6136 6525/6896/6138 5909/6897/6139 5285/6895/6137
f 6525/6896/6138 5949/6412/5743 5284/6325/5668 5909/6897/6139
f 5915/6873/6115 5290/6409/5740 5949/6412/5743 6525/6896/6138
f 5050/6898/6119 5542/6899/6118 6526/6900/6140 5481/6901/6141
f 5481/6901/6141 6526/6900/6140 5539/6902/6142 5049/6903/6143
f 6526/6900/6140 5950/6904/6144 5283/6905/6145 5539/6902/6142
f 5542/6899/6118 5289/6906/6121 5950/6904/6144 6526/6900/6140
f 5289/6906/6121 5913/6907/6123 6527/6908/6146 5950/6904/6144
f 5950/6904/6144 6527/6908/6146 5907/6909/6147 5283/6905/6145
f 6527/6908/6146 5951/6388/5719 5282/6301/5644 5907/6909/6147
f 5913/6907/6123 5288/6385/5716 5951/6388/5719 6527/6908/6146
f 5057/6885/6127 5541/6884/6126 6528/6910/6148 5488/6911/6149
f 5488/6911/6149 6528/6910/6148 5538/6912/6150 5056/6913/6151
f 6528/6910/6148 5952/6914/6152 5281/6915/6153 5538/6912/6150
f 5541/6884/6126 5287/6887/6129 5952/6914/6152 6528/6910/6148
f 5287/6887/6129 5911/6889/6131 6529/6916/6154 5952/6914/6152
f 5952/6914/6152 6529/6916/6154 5905/6917/6155 5281/6915/6153
f 6529/6916/6154 5953/6352/5695 5280/6354/5620 5905/6917/6155
f 5911/6889/6131 5286/6349/5692 5953/6352/5695 6529/6916/6154
f 5064/6893/6135 5540/6892/6134 6530/6918/6156 5495/6919/6157
f 5495/6919/6157 6530/6918/6156 5537/6920/6158 5063/6921/6159
f 6530/6918/6156 5954/6922/6160 5279/6923/6161 5537/6920/6158
f 5540/6892/6134 5285/6895/6137 5954/6922/6160 6530/6918/6156
f 5285/6895/6137 5909/6897/6139 6531/6924/6162 5954/6922/6160
f 5954/6922/6160 6531/6924/6162 5903/6925/6163 5279/6923/6161
f 6531/6924/6162 5955/6328/5671 5278/6241/5596 5903/6925/6163
f 5909/6897/6139 5284/6325/5668 5955/6328/5671 6531/6924/6162
f 5049/6903/6143 5539/6902/6142 6532/6926/6164 5480/6927/6165
f 5480/6927/6165 6532/6926/6164 5536/6928/6166 5048/6929/6167
f 6532/6926/6164 5956/6930/6168 5277/6931/6169 5536/6928/6166
f 5539/6902/6142 5283/6905/6145 5956/6930/6168 6532/6926/6164
f 5283/6905/6145 5907/6909/6147 6533/6932/6170 5956/6930/6168
f 5956/6930/6168 6533/6932/6170 5901/6933/6171 5277/6931/6169
f 6533/6932/6170 5957/6304/5647 5276/6217/5572 5901/6933/6171
f 5907/6909/6147 5282/6301/5644 5957/6304/5647 6533/6932/6170
f 5056/6934/6151 5538/6935/6150 6534/6936/6172 5487/6937/6173
f 5487/6937/6173 6534/6936/6172 5535/6938/6174 5055/6939/6175
f 6534/6936/6172 5958/6940/6176 5275/6941/6177 5535/6938/6174
f 5538/6935/6150 5281/6942/6153 5958/6940/6176 6534/6936/6172
f 5281/6942/6153 5905/6943/6155 6535/6944/6178 5958/6940/6176
f 5958/6940/6176 6535/6944/6178 5899/6945/6179 5275/6941/6177
f 6535/6944/6178 5959/6280/5623 5274/6193/5548 5899/6945/6179
f 5905/6943/6155 5280/6277/5620 5959/6280/5623 6535/6944/6178
f 5063/6921/6159 5537/6920/6158 6536/6946/6180 5494/6947/6181
f 5494/6947/6181 6536/6946/6180 5534/6948/6182 5062/6949/6183
f 6536/6946/6180 5960/6950/6184 5273/6951/6185 5534/6948/6182
f 5537/6920/6158 5279/6923/6161 5960/6950/6184 6536/6946/6180
f 5279/6923/6161 5903/6925/6163 6537/6952/6186 5960/6950/6184
f 5960/6950/6184 6537/6952/6186 5897/6953/6187 5273/6951/6185
f 6537/6952/6186 5961/6244/5599 5272/6246/5524 5897/6953/6187
f 5903/6925/6163 5278/6241/5596 5961/6244/5599 6537/6952/6186
f 5048/6929/6167 5536/6928/6166 6538/6954/6188 5479/6955/6189
f 5479/6955/6189 6538/6954/6188 5533/6956/6190 5047/6957/6191
f 6538/6954/6188 5962/6958/6192 5271/6959/6193 5533/6956/6190
f 5536/6928/6166 5277/6931/6169 5962/6958/6192 6538/6954/6188
f 5277/6931/6169 5901/6933/6171 6539/6960/6194 5962/6958/6192
f 5962/6958/6192 6539/6960/6194 5895/6961/6195 5271/6959/6193
f 6539/6960/6194 5963/6220/5575 5270/6145/5500 5895/6961/6195
f 5901/6933/6171 5276/6217/5572 5963/6220/5575 6539/6960/6194
f 5055/6939/6175 5535/6938/6174 6540/6962/6196 5486/6963/6197
f 5486/6963/6197 6540/6962/6196 5532/6964/6198 5054/6965/6199
f 6540/6962/6196 5964/6966/6200 5269/6967/6201 5532/6964/6198
f 5535/6938/6174 5275/6941/6177 5964/6966/6200 6540/6962/6196
f 5275/6941/6177 5899/6945/6179 6541/6968/6202 5964/6966/6200
f 5964/6966/6200 6541/6968/6202 5893/6969/6203 5269/6967/6201
f 6541/6968/6202 5965/6196/5551 5268/6121/5476 5893/6969/6203
f 5899/6945/6179 5274/6193/5548 5965/6196/5551 6541/6968/6202
f 5062/6970/6183 5534/6971/6182 6542/6972/6204 5493/6973/6205
f 5493/6973/6205 6542/6972/6204 5531/6974/6206 5061/6975/6207
f 6542/6972/6204 5966/6976/6208 5267/6977/6209 5531/6974/6206
f 5534/6971/6182 5273/6978/6185 5966/6976/6208 6542/6972/6204
f 5273/6978/6185 5897/6979/6187 6543/6980/6210 5966/6976/6208
f 5966/6976/6208 6543/6980/6210 5891/6981/6211 5267/6977/6209
f 6543/6980/6210 5967/6172/5527 5266/6085/5440 5891/6981/6211
f 5897/6979/6187 5272/6169/5524 5967/6172/5527 6543/6980/6210
f 5047/6957/6191 5533/6956/6190 6544/6982/6212 5478/6983/6213
f 5478/6983/6213 6544/6982/6212 5529/6984/6214 5046/6985/6215
f 6544/6982/6212 5968/6986/6216 5265/6987/6217 5529/6984/6214
f 5533/6956/6190 5271/6959/6193 5968/6986/6216 6544/6982/6212
f 5271/6959/6193 5895/6961/6195 6545/6988/6218 5968/6986/6216
f 5968/6986/6216 6545/6988/6218 5889/6989/6219 5265/6987/6217
f 6545/6988/6218 5969/6148/5503 5264/6049/5404 5889/6989/6219
f 5895/6961/6195 5270/6145/5500 5969/6148/5503 6545/6988/6218
f 5054/6965/6199 5532/6964/6198 6546/6990/6220 5485/6991/6221
f 5485/6991/6221 6546/6990/6220 5525/6992/6222 5053/6993/6223
f 6546/6990/6220 5970/6994/6224 5261/6995/6225 5525/6992/6222
f 5532/6964/6198 5269/6967/6201 5970/6994/6224 6546/6990/6220
f 5269/6967/6201 5893/6969/6203 6547/6996/6226 5970/6994/6224
f 5970/6994/6224 6547/6996/6226 5885/6997/6227 5261/6995/6225
f 6547/6996/6226 5971/6124/5479 5260/5977/5332 5885/6997/6227
f 5893/6969/6203 5268/6121/5476 5971/6124/5479 6547/6996/6226
f 5061/6975/6207 5531/6974/6206 6548/6998/6228 5492/6999/6229
f 5492/6999/6229 6548/6998/6228 5930/6811/6053 5060/6810/6052
f 6548/6998/6228 5972/7000/6230 5306/6818/6060 5930/6811/6053
f 5531/6974/6206 5267/6977/6209 5972/7000/6230 6548/6998/6228
f 5267/6977/6209 5891/6981/6211 6549/7001/6231 5972/7000/6230
f 5972/7000/6230 6549/7001/6231 5931/6819/6061 5306/6818/6060
f 6549/7001/6231 5973/6088/5443 5307/6090/5445 5931/6819/6061
f 5891/6981/6211 5266/6085/5440 5973/6088/5443 6549/7001/6231
f 5046/6985/6215 5529/6984/6214 6550/7002/6232 5477/7003/6233
f 5477/7003/6233 6550/7002/6232 5928/6823/6065 5045/6822/6064
f 6550/7002/6232 5974/7004/6234 5304/6830/6072 5928/6823/6065
f 5529/6984/6214 5265/6987/6217 5974/7004/6234 6550/7002/6232
f 5265/6987/6217 5889/6989/6219 6551/7005/6235 5974/7004/6234
f 5974/7004/6234 6551/7005/6235 5929/6831/6073 5304/6830/6072
f 6551/7005/6235 5975/6052/5407 5305/6054/5409 5929/6831/6073
f 5889/6989/6219 5264/6049/5404 5975/6052/5407 6551/7005/6235
f 5044/7006/6069 5527/7007/6068 6552/7008/6236 5499/7009/6237
f 5499/7009/6237 6552/7008/6236 5926/6835/6077 5067/6834/6076
f 6552/7008/6236 5976/7010/6238 5302/6842/6084 5926/6835/6077
f 5527/7007/6068 5263/7011/6071 5976/7010/6238 6552/7008/6236
f 5263/7011/6071 5887/7012/6075 6553/7013/6239 5976/7010/6238
f 5976/7010/6238 6553/7013/6239 5927/6843/6085 5302/6842/6084
f 6553/7013/6239 5977/6016/5371 5303/6018/5373 5927/6843/6085
f 5887/7012/6075 5262/6013/5368 5977/6016/5371 6553/7013/6239
f 5053/6993/6223 5525/6992/6222 6554/7014/6240 5484/7015/6241
f 5484/7015/6241 6554/7014/6240 5924/6847/6089 5052/6846/6088
f 6554/7014/6240 5978/7016/6242 5300/6854/6096 5924/6847/6089
f 5525/6992/6222 5261/6995/6225 5978/7016/6242 6554/7014/6240
f 5261/6995/6225 5885/6997/6227 6555/7017/6243 5978/7016/6242
f 5978/7016/6242 6555/7017/6243 5925/6855/6097 5300/6854/6096
f 6555/7017/6243 5979/5980/5335 5301/5982/5337 5925/6855/6097
f 5885/6997/6227 5260/5977/5332 5979/5980/5335 6555/7017/6243
f 5208/6092/5447 6003/7018/6244 6556/7019/6245 5784/6592/5898
f 5784/6592/5898 6556/7019/6245 5675/7020/6246 5195/6523/5841
f 6556/7019/6245 6004/6594/5900 5327/6524/5842 5675/7020/6246
f 6003/7018/6244 5331/6099/5454 6004/6594/5900 6556/7019/6245
f 5204/6056/5411 6002/7021/6247 6557/7022/6248 5780/6570/5886
f 5780/6570/5886 6557/7022/6248 5603/7023/6249 5123/6571/5376
f 6557/7022/6248 6005/6573/5888 5309/6575/5377 5603/7023/6249
f 6002/7021/6247 5330/6063/5418 6005/6573/5888 6557/7022/6248
f 5200/6020/5375 6001/7024/6250 6558/7025/6251 5776/6556/5874
f 5776/6556/5874 6558/7025/6251 5671/7026/6252 5191/6499/5817
f 6558/7025/6251 6006/6558/5876 5326/6500/5818 5671/7026/6252
f 6001/7024/6250 5329/6027/5382 6006/6558/5876 6558/7025/6251
f 5196/5984/5339 6000/7027/6253 6559/7028/6254 5772/6544/5862
f 5772/6544/5862 6559/7028/6254 5667/7029/6255 5187/6466/5793
f 6559/7028/6254 6007/6546/5864 5325/6467/5794 5667/7029/6255
f 6000/7027/6253 5328/5991/5346 6007/6546/5864 6559/7028/6254
f 5195/6523/5841 5675/7020/6246 6560/7030/6256 5768/6522/5840
f 5768/6522/5840 6560/7030/6256 5663/7031/6257 5183/6438/5769
f 6560/7030/6256 6008/6527/5845 5324/6439/5770 5663/7031/6257
f 5675/7020/6246 5327/6524/5842 6008/6527/5845 6560/7030/6256
f 5191/6499/5817 5671/7026/6252 6561/7032/6258 5764/6498/5816
f 5764/6498/5816 6561/7032/6258 5659/7033/6259 5179/6414/5745
f 6561/7032/6258 6009/6503/5821 5323/6415/5746 5659/7033/6259
f 5671/7026/6252 5326/6500/5818 6009/6503/5821 6561/7032/6258
f 5187/6466/5793 5667/7029/6255 6562/7034/6260 5760/6464/5792
f 5760/6464/5792 6562/7034/6260 5655/7035/6261 5175/6465/5721
f 6562/7034/6260 6010/6470/5797 5322/6472/5722 5655/7035/6261
f 5667/7029/6255 5325/6467/5794 6010/6470/5797 6562/7034/6260
f 5183/6438/5769 5663/7031/6257 6563/7036/6262 5756/6437/5768
f 5756/6437/5768 6563/7036/6262 5651/7037/6263 5171/6357/5697
f 6563/7036/6262 6011/6442/5773 5321/6358/5698 5651/7037/6263
f 5663/7031/6257 5324/6439/5770 6011/6442/5773 6563/7036/6262
f 5179/6414/5745 5659/7033/6259 6564/7038/6264 5752/6413/5744
f 5752/6413/5744 6564/7038/6264 5647/7039/6265 5167/6330/5673
f 6564/7038/6264 6012/6418/5749 5320/6331/5674 5647/7039/6265
f 5659/7033/6259 5323/6415/5746 6012/6418/5749 6564/7038/6264
f 5175/6390/5721 5655/7040/6261 6565/7041/6266 5748/6389/5720
f 5748/6389/5720 6565/7041/6266 5643/7042/6267 5163/6306/5649
f 6565/7041/6266 6013/6394/5725 5319/6307/5650 5643/7042/6267
f 5655/7040/6261 5322/6391/5722 6013/6394/5725 6565/7041/6266
f 5171/6357/5697 5651/7037/6263 6566/7043/6268 5744/6355/5696
f 5744/6355/5696 6566/7043/6268 5639/7044/6269 5159/6356/5625
f 6566/7043/6268 6014/6361/5701 5318/6363/5626 5639/7044/6269
f 5651/7037/6263 5321/6358/5698 6014/6361/5701 6566/7043/6268
f 5167/6330/5673 5647/7039/6265 6567/7045/6270 5740/6329/5672
f 5740/6329/5672 6567/7045/6270 5635/7046/6271 5155/6249/5601
f 6567/7045/6270 6015/6334/5677 5317/6250/5602 5635/7046/6271
f 5647/7039/6265 5320/6331/5674 6015/6334/5677 6567/7045/6270
f 5163/6306/5649 5643/7042/6267 6568/7047/6272 5736/6305/5648
f 5736/6305/5648 6568/7047/6272 5631/7048/6273 5151/6222/5577
f 6568/7047/6272 6016/6310/5653 5316/6223/5578 5631/7048/6273
f 5643/7042/6267 5319/6307/5650 6016/6310/5653 6568/7047/6272
f 5159/6282/5625 5639/7049/6269 6569/7050/6274 5732/6281/5624
f 5732/6281/5624 6569/7050/6274 5627/7051/6275 5147/6198/5553
f 6569/7050/6274 6017/6286/5629 5315/6199/5554 5627/7051/6275
f 5639/7049/6269 5318/6283/5626 6017/6286/5629 6569/7050/6274
f 5155/6249/5601 5635/7046/6271 6570/7052/6276 5728/6247/5600
f 5728/6247/5600 6570/7052/6276 5623/7053/6277 5143/6248/5529
f 6570/7052/6276 6018/6253/5605 5314/6255/5530 5623/7053/6277
f 5635/7046/6271 5317/6250/5602 6018/6253/5605 6570/7052/6276
f 5151/6222/5577 5631/7048/6273 6571/7054/6278 5724/6221/5576
f 5724/6221/5576 6571/7054/6278 5619/7055/6279 5139/6150/5505
f 6571/7054/6278 6019/6226/5581 5313/6151/5506 5619/7055/6279
f 5631/7048/6273 5316/6223/5578 6019/6226/5581 6571/7054/6278
f 5147/6198/5553 5627/7051/6275 6572/7056/6280 5720/6197/5552
f 5720/6197/5552 6572/7056/6280 5615/7057/6281 5135/6126/5481
f 6572/7056/6280 6020/6202/5557 5312/6127/5482 5615/7057/6281
f 5627/7051/6275 5315/6199/5554 6020/6202/5557 6572/7056/6280
f 5143/6174/5529 5623/7058/6277 6573/7059/6282 5716/6173/5528
f 5716/6173/5528 6573/7059/6282 5611/7060/6283 5131/6093/5448
f 6573/7059/6282 6021/6178/5533 5311/6094/5449 5611/7060/6283
f 5623/7058/6277 5314/6175/5530 6021/6178/5533 6573/7059/6282
f 5139/6150/5505 5619/7055/6279 6574/7061/6284 5712/6149/5504
f 5712/6149/5504 6574/7061/6284 5607/7062/6285 5127/6057/5412
f 6574/7061/6284 6022/6154/5509 5310/6058/5413 5607/7062/6285
f 5619/7055/6279 5313/6151/5506 6022/6154/5509 6574/7061/6284
f 5135/6126/5481 5615/7057/6281 6575/7063/6286 5708/6125/5480
f 5708/6125/5480 6575/7063/6286 5599/7064/6287 5119/5985/5340
f 6575/7063/6286 6023/6130/5485 5308/5986/5341 5599/7064/6287
f 5615/7057/6281 5312/6127/5482 6023/6130/5485 6575/7063/6286
f 5131/6093/5448 5611/7060/6283 6576/7065/6288 5704/6091/5446
f 5704/6091/5446 6576/7065/6288 6003/7018/6244 5208/6092/5447
f 6576/7065/6288 6024/6097/5452 5331/6099/5454 6003/7018/6244
f 5611/7060/6283 5311/6094/5449 6024/6097/5452 6576/7065/6288
f 5127/6057/5412 5607/7062/6285 6577/7066/6289 5700/6055/5410
f 5700/6055/5410 6577/7066/6289 6002/7021/6247 5204/6056/5411
f 6577/7066/6289 6025/6061/5416 5330/6063/5418 6002/7021/6247
f 5607/7062/6285 5310/6058/5413 6025/6061/5416 6577/7066/6289
f 5123/6021/5376 5603/7067/6249 6578/7068/6290 5696/6019/5374
f 5696/6019/5374 6578/7068/6290 6001/7024/6250 5200/6020/5375
f 6578/7068/6290 6026/6025/5380 5329/6027/5382 6001/7024/6250
f 5603/7067/6249 5309/6022/5377 6026/6025/5380 6578/7068/6290
f 5119/5985/5340 5599/7064/6287 6579/7069/6291 5692/5983/5338
f 5692/5983/5338 6579/7069/6291 6000/7027/6253 5196/5984/5339
f 6579/7069/6291 6027/5989/5344 5328/5991/5346 6000/7027/6253
f 5599/7064/6287 5308/5986/5341 6027/5989/5344 6579/7069/6291
f 5209/6101/5456 6051/7070/6292 6580/7071/6293 5785/6595/5901
f 5785/6595/5901 6580/7071/6293 5674/7072/6294 5194/6529/5847
f 6580/7071/6293 6052/6597/5903 5351/6530/5848 5674/7072/6294
f 6051/7070/6292 5355/6108/5463 6052/6597/5903 6580/7071/6293
f 5205/6065/5420 6050/7073/6295 6581/7074/6296 5781/6576/5889
f 5781/6576/5889 6581/7074/6296 5602/7075/6297 5122/6577/5385
f 6581/7074/6296 6053/6579/5891 5333/6581/5386 5602/7075/6297
f 6050/7073/6295 5354/6072/5427 6053/6579/5891 6581/7074/6296
f 5201/6029/5384 6049/7076/6298 6582/7077/6299 5777/6559/5877
f 5777/6559/5877 6582/7077/6299 5670/7078/6300 5190/6505/5823
f 6582/7077/6299 6054/6561/5879 5350/6506/5824 5670/7078/6300
f 6049/7076/6298 5353/6036/5391 6054/6561/5879 6582/7077/6299
f 5197/5993/5348 6048/7079/6301 6583/7080/6302 5773/6547/5865
f 5773/6547/5865 6583/7080/6302 5666/7081/6303 5186/6475/5799
f 6583/7080/6302 6055/6549/5867 5349/6476/5800 5666/7081/6303
f 6048/7079/6301 5352/6000/5355 6055/6549/5867 6583/7080/6302
f 5194/6529/5847 5674/7072/6294 6584/7082/6304 5769/6528/5846
f 5769/6528/5846 6584/7082/6304 5662/7083/6305 5182/6444/5775
f 6584/7082/6304 6056/6533/5851 5348/6445/5776 5662/7083/6305
f 5674/7072/6294 5351/6530/5848 6056/6533/5851 6584/7082/6304
f 5190/6505/5823 5670/7078/6300 6585/7084/6306 5765/6504/5822
f 5765/6504/5822 6585/7084/6306 5658/7085/6307 5178/6420/5751
f 6585/7084/6306 6057/6509/5827 5347/6421/5752 5658/7085/6307
f 5670/7078/6300 5350/6506/5824 6057/6509/5827 6585/7084/6306
f 5186/6475/5799 5666/7081/6303 6586/7086/6308 5761/6473/5798
f 5761/6473/5798 6586/7086/6308 5654/7087/6309 5174/6474/5727
f 6586/7086/6308 6058/6479/5803 5346/6481/5728 5654/7087/6309
f 5666/7081/6303 5349/6476/5800 6058/6479/5803 6586/7086/6308
f 5182/6444/5775 5662/7083/6305 6587/7088/6310 5757/6443/5774
f 5757/6443/5774 6587/7088/6310 5650/7089/6311 5170/6366/5703
f 6587/7088/6310 6059/6448/5779 5345/6367/5704 5650/7089/6311
f 5662/7083/6305 5348/6445/5776 6059/6448/5779 6587/7088/6310
f 5178/6420/5751 5658/7085/6307 6588/7090/6312 5753/6419/5750
f 5753/6419/5750 6588/7090/6312 5646/7091/6313 5166/6336/5679
f 6588/7090/6312 6060/6424/5755 5344/6337/5680 5646/7091/6313
f 5658/7085/6307 5347/6421/5752 6060/6424/5755 6588/7090/6312
f 5174/6396/5727 5654/7092/6309 6589/7093/6314 5749/6395/5726
f 5749/6395/5726 6589/7093/6314 5642/7094/6315 5162/6312/5655
f 6589/7093/6314 6061/6400/5731 5343/6313/5656 5642/7094/6315
f 5654/7092/6309 5346/6397/5728 6061/6400/5731 6589/7093/6314
f 5170/6366/5703 5650/7089/6311 6590/7095/6316 5745/6364/5702
f 5745/6364/5702 6590/7095/6316 5638/7096/6317 5158/6365/5631
f 6590/7095/6316 6062/6370/5707 5342/6372/5632 5638/7096/6317
f 5650/7089/6311 5345/6367/5704 6062/6370/5707 6590/7095/6316
f 5166/6336/5679 5646/7091/6313 6591/7097/6318 5741/6335/5678
f 5741/6335/5678 6591/7097/6318 5634/7098/6319 5154/6258/5607
f 6591/7097/6318 6063/6340/5683 5341/6259/5608 5634/7098/6319
f 5646/7091/6313 5344/6337/5680 6063/6340/5683 6591/7097/6318
f 5162/6312/5655 5642/7094/6315 6592/7099/6320 5737/6311/5654
f 5737/6311/5654 6592/7099/6320 5630/7100/6321 5150/6228/5583
f 6592/7099/6320 6064/6316/5659 5340/6229/5584 5630/7100/6321
f 5642/7094/6315 5343/6313/5656 6064/6316/5659 6592/7099/6320
f 5158/6288/5631 5638/7101/6317 6593/7102/6322 5733/6287/5630
f 5733/6287/5630 6593/7102/6322 5626/7103/6323 5146/6204/5559
f 6593/7102/6322 6065/6292/5635 5339/6205/5560 5626/7103/6323
f 5638/7101/6317 5342/6289/5632 6065/6292/5635 6593/7102/6322
f 5154/6258/5607 5634/7098/6319 6594/7104/6324 5729/6256/5606
f 5729/6256/5606 6594/7104/6324 5622/7105/6325 5142/6257/5535
f 6594/7104/6324 6066/6262/5611 5338/6264/5536 5622/7105/6325
f 5634/7098/6319 5341/6259/5608 6066/6262/5611 6594/7104/6324
f 5150/6228/5583 5630/7100/6321 6595/7106/6326 5725/6227/5582
f 5725/6227/5582 6595/7106/6326 5618/7107/6327 5138/6156/5511
f 6595/7106/6326 6067/6232/5587 5337/6157/5512 5618/7107/6327
f 5630/7100/6321 5340/6229/5584 6067/6232/5587 6595/7106/6326
f 5146/6204/5559 5626/7103/6323 6596/7108/6328 5721/6203/5558
f 5721/6203/5558 6596/7108/6328 5614/7109/6329 5134/6132/5487
f 6596/7108/6328 6068/6208/5563 5336/6133/5488 5614/7109/6329
f 5626/7103/6323 5339/6205/5560 6068/6208/5563 6596/7108/6328
f 5142/6180/5535 5622/7110/6325 6597/7111/6330 5717/6179/5534
f 5717/6179/5534 6597/7111/6330 5610/7112/6331 5130/6102/5457
f 6597/7111/6330 6069/6184/5539 5335/6103/5458 5610/7112/6331
f 5622/7110/6325 5338/6181/5536 6069/6184/5539 6597/7111/6330
f 5138/6156/5511 5618/7107/6327 6598/7113/6332 5713/6155/5510
f 5713/6155/5510 6598/7113/6332 5606/7114/6333 5126/6066/5421
f 6598/7113/6332 6070/6160/5515 5334/6067/5422 5606/7114/6333
f 5618/7107/6327 5337/6157/5512 6070/6160/5515 6598/7113/6332
f 5134/6132/5487 5614/7109/6329 6599/7115/6334 5709/6131/5486
f 5709/6131/5486 6599/7115/6334 5598/7116/6335 5118/5994/5349
f 6599/7115/6334 6071/6136/5491 5332/5995/5350 5598/7116/6335
f 5614/7109/6329 5336/6133/5488 6071/6136/5491 6599/7115/6334
f 5130/6102/5457 5610/7112/6331 6600/7117/6336 5705/6100/5455
f 5705/6100/5455 6600/7117/6336 6051/7070/6292 5209/6101/5456
f 6600/7117/6336 6072/6106/5461 5355/6108/5463 6051/7070/6292
f 5610/7112/6331 5335/6103/5458 6072/6106/5461 6600/7117/6336
f 5126/6066/5421 5606/7114/6333 6601/7118/6337 5701/6064/5419
f 5701/6064/5419 6601/7118/6337 6050/7073/6295 5205/6065/5420
f 6601/7118/6337 6073/6070/5425 5354/6072/5427 6050/7073/6295
f 5606/7114/6333 5334/6067/5422 6073/6070/5425 6601/7118/6337
f 5122/6030/5385 5602/7119/6297 6602/7120/6338 5697/6028/5383
f 5697/6028/5383 6602/7120/6338 6049/7076/6298 5201/6029/5384
f 6602/7120/6338 6074/6034/5389 5353/6036/5391 6049/7076/6298
f 5602/7119/6297 5333/6031/5386 6074/6034/5389 6602/7120/6338
f 5118/5994/5349 5598/7116/6335 6603/7121/6339 5693/5992/5347
f 5693/5992/5347 6603/7121/6339 6048/7079/6301 5197/5993/5348
f 6603/7121/6339 6075/5998/5353 5352/6000/5355 6048/7079/6301
f 5598/7116/6335 5332/5995/5350 6075/5998/5353 6603/7121/6339
f 5210/6110/5465 6099/7122/6340 6604/7123/6341 5786/6598/5904
f 5786/6598/5904 6604/7123/6341 5673/7124/6342 5193/6535/5853
f 6604/7123/6341 6100/6600/5906 5375/6536/5854 5673/7124/6342
f 6099/7122/6340 5379/6117/5472 6100/6600/5906 6604/7123/6341
f 5206/6074/5429 6098/7125/6343 6605/7126/6344 5782/6582/5892
f 5782/6582/5892 6605/7126/6344 5601/7127/6345 5121/6583/5394
f 6605/7126/6344 6101/6585/5894 5357/6587/5395 5601/7127/6345
f 6098/7125/6343 5378/6081/5436 6101/6585/5894 6605/7126/6344
f 5202/6038/5393 6097/7128/6346 6606/7129/6347 5778/6562/5880
f 5778/6562/5880 6606/7129/6347 5669/7130/6348 5189/6511/5829
f 6606/7129/6347 6102/6564/5882 5374/6512/5830 5669/7130/6348
f 6097/7128/6346 5377/6045/5400 6102/6564/5882 6606/7129/6347
f 5198/6002/5357 6096/7131/6349 6607/7132/6350 5774/6550/5868
f 5774/6550/5868 6607/7132/6350 5665/7133/6351 5185/6484/5805
f 6607/7132/6350 6103/6552/5870 5373/6485/5806 5665/7133/6351
f 6096/7131/6349 5376/6009/5364 6103/6552/5870 6607/7132/6350
f 5193/6535/5853 5673/7124/6342 6608/7134/6352 5770/6534/5852
f 5770/6534/5852 6608/7134/6352 5661/7135/6353 5181/6451/5781
f 6608/7134/6352 6104/6539/5857 5372/6452/5782 5661/7135/6353
f 5673/7124/6342 5375/6536/5854 6104/6539/5857 6608/7134/6352
f 5189/6511/5829 5669/7130/6348 6609/7136/6354 5766/6510/5828
f 5766/6510/5828 6609/7136/6354 5657/7137/6355 5177/6426/5757
f 6609/7136/6354 6105/6515/5833 5371/6427/5758 5657/7137/6355
f 5669/7130/6348 5374/6512/5830 6105/6515/5833 6609/7136/6354
f 5185/6484/5805 5665/7133/6351 6610/7138/6356 5762/6482/5804
f 5762/6482/5804 6610/7138/6356 5653/7139/6357 5173/6483/5733
f 6610/7138/6356 6106/6488/5809 5370/6490/5734 5653/7139/6357
f 5665/7133/6351 5373/6485/5806 6106/6488/5809 6610/7138/6356
f 5181/6451/5781 5661/7135/6353 6611/7140/6358 5758/6449/5780
f 5758/6449/5780 6611/7140/6358 5649/7141/6359 5169/6450/5709
f 6611/7140/6358 6107/6455/5785 5369/6376/5710 5649/7141/6359
f 5661/7135/6353 5372/6452/5782 6107/6455/5785 6611/7140/6358
f 5177/6426/5757 5657/7137/6355 6612/7142/6360 5754/6425/5756
f 5754/6425/5756 6612/7142/6360 5645/7143/6361 5165/6342/5685
f 6612/7142/6360 6108/6430/5761 5368/6343/5686 5645/7143/6361
f 5657/7137/6355 5371/6427/5758 6108/6430/5761 6612/7142/6360
f 5173/6402/5733 5653/7144/6357 6613/7145/6362 5750/6401/5732
f 5750/6401/5732 6613/7145/6362 5641/7146/6363 5161/6318/5661
f 6613/7145/6362 6109/6406/5737 5367/6319/5662 5641/7146/6363
f 5653/7144/6357 5370/6403/5734 6109/6406/5737 6613/7145/6362
f 5169/6375/5709 5649/7141/6359 6614/7147/6364 5746/6373/5708
f 5746/6373/5708 6614/7147/6364 5637/7148/6365 5157/6374/5637
f 6614/7147/6364 6110/6379/5713 5366/6381/5638 5637/7148/6365
f 5649/7141/6359 5369/6376/5710 6110/6379/5713 6614/7147/6364
f 5165/6342/5685 5645/7143/6361 6615/7149/6366 5742/6341/5684
f 5742/6341/5684 6615/7149/6366 5633/7150/6367 5153/6267/5613
f 6615/7149/6366 6111/6346/5689 5365/6268/5614 5633/7150/6367
f 5645/7143/6361 5368/6343/5686 6111/6346/5689 6615/7149/6366
f 5161/6318/5661 5641/7146/6363 6616/7151/6368 5738/6317/5660
f 5738/6317/5660 6616/7151/6368 5629/7152/6369 5149/6234/5589
f 6616/7151/6368 6112/6322/5665 5364/6235/5590 5629/7152/6369
f 5641/7146/6363 5367/6319/5662 6112/6322/5665 6616/7151/6368
f 5157/6294/5637 5637/7153/6365 6617/7154/6370 5734/6293/5636
f 5734/6293/5636 6617/7154/6370 5625/7155/6371 5145/6210/5565
f 6617/7154/6370 6113/6298/5641 5363/6211/5566 5625/7155/6371
f 5637/7153/6365 5366/6295/5638 6113/6298/5641 6617/7154/6370
f 5153/6267/5613 5633/7150/6367 6618/7156/6372 5730/6265/5612
f 5730/6265/5612 6618/7156/6372 5621/7157/6373 5141/6266/5541
f 6618/7156/6372 6114/6271/5617 5362/6273/5542 5621/7157/6373
f 5633/7150/6367 5365/6268/5614 6114/6271/5617 6618/7156/6372
f 5149/6234/5589 5629/7152/6369 6619/7158/6374 5726/6233/5588
f 5726/6233/5588 6619/7158/6374 5617/7159/6375 5137/6162/5517
f 6619/7158/6374 6115/6238/5593 5361/6163/5518 5617/7159/6375
f 5629/7152/6369 5364/6235/5590 6115/6238/5593 6619/7158/6374
f 5145/6210/5565 5625/7155/6371 6620/7160/6376 5722/6209/5564
f 5722/6209/5564 6620/7160/6376 5613/7161/6377 5133/6138/5493
f 6620/7160/6376 6116/6214/5569 5360/6139/5494 5613/7161/6377
f 5625/7155/6371 5363/6211/5566 6116/6214/5569 6620/7160/6376
f 5141/6186/5541 5621/7162/6373 6621/7163/6378 5718/6185/5540
f 5718/6185/5540 6621/7163/6378 5609/7164/6379 5129/6111/5466
f 6621/7163/6378 6117/6190/5545 5359/6112/5467 5609/7164/6379
f 5621/7162/6373 5362/6187/5542 6117/6190/5545 6621/7163/6378
f 5137/6162/5517 5617/7159/6375 6622/7165/6380 5714/6161/5516
f 5714/6161/5516 6622/7165/6380 5605/7166/6381 5125/6075/5430
f 6622/7165/6380 6118/6166/5521 5358/6076/5431 5605/7166/6381
f 5617/7159/6375 5361/6163/5518 6118/6166/5521 6622/7165/6380
f 5133/6138/5493 5613/7161/6377 6623/7167/6382 5710/6137/5492
f 5710/6137/5492 6623/7167/6382 5597/7168/6383 5117/6003/5358
f 6623/7167/6382 6119/6142/5497 5356/6004/5359 5597/7168/6383
f 5613/7161/6377 5360/6139/5494 6119/6142/5497 6623/7167/6382
f 5129/6111/5466 5609/7164/6379 6624/7169/6384 5706/6109/5464
f 5706/6109/5464 6624/7169/6384 6099/7122/6340 5210/6110/5465
f 6624/7169/6384 6120/6115/5470 5379/6117/5472 6099/7122/6340
f 5609/7164/6379 5359/6112/5467 6120/6115/5470 6624/7169/6384
f 5125/6075/5430 5605/7166/6381 6625/7170/6385 5702/6073/5428
f 5702/6073/5428 6625/7170/6385 6098/7125/6343 5206/6074/5429
f 6625/7170/6385 6121/6079/5434 5378/6081/5436 6098/7125/6343
f 5605/7166/6381 5358/6076/5431 6121/6079/5434 6625/7170/6385
f 5121/6039/5394 5601/7171/6345 6626/7172/6386 5698/6037/5392
f 5698/6037/5392 6626/7172/6386 6097/7128/6346 5202/6038/5393
f 6626/7172/6386 6122/6043/5398 5377/6045/5400 6097/7128/6346
f 5601/7171/6345 5357/6040/5395 6122/6043/5398 6626/7172/6386
f 5117/6003/5358 5597/7168/6383 6627/7173/6387 5694/6001/5356
f 5694/6001/5356 6627/7173/6387 6096/7131/6349 5198/6002/5357
f 6627/7173/6387 6123/6007/5362 5376/6009/5364 6096/7131/6349
f 5597/7168/6383 5356/6004/5359 6123/6007/5362 6627/7173/6387
f 5431/7174/6388 6127/7175/6389 6628/7176/6390 6267/7177/6391
f 6267/7177/6391 6628/7176/6390 6243/7178/6392 5451/7179/6393
f 6628/7176/6390 6148/5825/5186 5403/5806/5170 6243/7178/6392
f 6127/7175/6389 5383/5709/5076 6148/5825/5186 6628/7176/6390
f 5430/7180/6394 6126/7181/6395 6629/7182/6396 6266/7183/6397
f 6266/7183/6397 6629/7182/6396 6225/7184/6398 5433/7185/6399
f 6629/7182/6396 6149/5819/5183 5385/5821/5053 6225/7184/6398
f 6126/7181/6395 5382/5700/5067 6149/5819/5183 6629/7182/6396
f 5429/7186/6400 6125/7187/6401 6630/7188/6402 6265/7189/6403
f 6265/7189/6403 6630/7188/6402 6242/7190/6404 5450/7191/6405
f 6630/7188/6402 6150/5816/5180 5402/5800/5164 6242/7190/6404
f 6125/7187/6401 5381/5691/5058 6150/5816/5180 6630/7188/6402
f 5428/7192/6406 6124/7193/6407 6631/7194/6408 6264/7195/6409
f 6264/7195/6409 6631/7194/6408 6241/7196/6410 5449/7197/6411
f 6631/7194/6408 6151/5813/5177 5401/5794/5158 6241/7196/6410
f 6124/7193/6407 5380/5682/5049 6151/5813/5177 6631/7194/6408
f 5451/7179/6393 6243/7178/6392 6632/7198/6412 6263/7199/6413
f 6263/7199/6413 6632/7198/6412 6240/7200/6414 5448/7201/6415
f 6632/7198/6412 6152/5809/5173 5400/5788/5152 6240/7200/6414
f 6243/7178/6392 5403/5806/5170 6152/5809/5173 6632/7198/6412
f 5450/7191/6405 6242/7190/6404 6633/7202/6416 6262/7203/6417
f 6262/7203/6417 6633/7202/6416 6239/7204/6418 5447/7205/6419
f 6633/7202/6416 6153/5803/5167 5399/5782/5146 6239/7204/6418
f 6242/7190/6404 5402/5800/5164 6153/5803/5167 6633/7202/6416
f 5449/7197/6411 6241/7196/6410 6634/7206/6420 6261/7207/6421
f 6261/7207/6421 6634/7206/6420 6238/7208/6422 5446/7209/6423
f 6634/7206/6420 6154/5797/5161 5398/5776/5140 6238/7208/6422
f 6241/7196/6410 5401/5794/5158 6154/5797/5161 6634/7206/6420
f 5448/7201/6415 6240/7200/6414 6635/7210/6424 6260/7211/6425
f 6260/7211/6425 6635/7210/6424 6237/7212/6426 5445/7213/6427
f 6635/7210/6424 6155/5791/5155 5397/5767/5134 6237/7212/6426
f 6240/7200/6414 5400/5788/5152 6155/5791/5155 6635/7210/6424
f 5447/7205/6419 6239/7204/6418 6636/7214/6428 6259/7215/6429
f 6259/7215/6429 6636/7214/6428 6236/7216/6430 5444/7217/6431
f 6636/7214/6428 6156/5785/5149 5396/5761/5128 6236/7216/6430
f 6239/7204/6418 5399/5782/5146 6156/5785/5149 6636/7214/6428
f 5446/7209/6423 6238/7208/6422 6637/7218/6432 6258/7219/6433
f 6258/7219/6433 6637/7218/6432 6235/7220/6434 5443/7221/6435
f 6637/7218/6432 6157/5779/5143 5395/5755/5122 6235/7220/6434
f 6238/7208/6422 5398/5776/5140 6157/5779/5143 6637/7218/6432
f 5445/7213/6427 6237/7212/6426 6638/7222/6436 6257/7223/6437
f 6257/7223/6437 6638/7222/6436 6234/7224/6438 5442/7225/6439
f 6638/7222/6436 6158/5770/5137 5394/5772/5116 6234/7224/6438
f 6237/7212/6426 5397/5767/5134 6158/5770/5137 6638/7222/6436
f 5444/7217/6431 6236/7216/6430 6639/7226/6440 6256/7227/6441
f 6256/7227/6441 6639/7226/6440 6233/7228/6442 5441/7229/6443
f 6639/7226/6440 6159/5764/5131 5393/5743/5110 6233/7228/6442
f 6236/7216/6430 5396/5761/5128 6159/5764/5131 6639/7226/6440
f 5443/7221/6435 6235/7220/6434 6640/7230/6444 6255/7231/6445
f 6255/7231/6445 6640/7230/6444 6232/7232/6446 5440/7233/6447
f 6640/7230/6444 6160/5758/5125 5392/5737/5104 6232/7232/6446
f 6235/7220/6434 5395/5755/5122 6160/5758/5125 6640/7230/6444
f 5442/7234/6439 6234/7235/6438 6641/7236/6448 6254/7237/6449
f 6254/7237/6449 6641/7236/6448 6231/7238/6450 5439/7239/6451
f 6641/7236/6448 6161/5752/5119 5391/5731/5098 6231/7238/6450
f 6234/7235/6438 5394/5749/5116 6161/5752/5119 6641/7236/6448
f 5441/7229/6443 6233/7228/6442 6642/7240/6452 6253/7241/6453
f 6253/7241/6453 6642/7240/6452 6230/7242/6454 5438/7243/6455
f 6642/7240/6452 6162/5746/5113 5390/5725/5092 6230/7242/6454
f 6233/7228/6442 5393/5743/5110 6162/5746/5113 6642/7240/6452
f 5440/7233/6447 6232/7232/6446 6643/7244/6456 6252/7245/6457
f 6252/7245/6457 6643/7244/6456 6229/7246/6458 5437/7247/6459
f 6643/7244/6456 6163/5740/5107 5389/5719/5086 6229/7246/6458
f 6232/7232/6446 5392/5737/5104 6163/5740/5107 6643/7244/6456
f 5439/7239/6451 6231/7238/6450 6644/7248/6460 6251/7249/6461
f 6251/7249/6461 6644/7248/6460 6228/7250/6462 5436/7251/6463
f 6644/7248/6460 6164/5734/5101 5388/5713/5080 6228/7250/6462
f 6231/7238/6450 5391/5731/5098 6164/5734/5101 6644/7248/6460
f 5438/7243/6455 6230/7242/6454 6645/7252/6464 6250/7253/6465
f 6250/7253/6465 6645/7252/6464 6227/7254/6466 5435/7255/6467
f 6645/7252/6464 6165/5728/5095 5387/5704/5071 6227/7254/6466
f 6230/7242/6454 5390/5725/5092 6165/5728/5095 6645/7252/6464
f 5437/7247/6459 6229/7246/6458 6646/7256/6468 6249/7257/6469
f 6249/7257/6469 6646/7256/6468 6226/7258/6470 5434/7259/6471
f 6646/7256/6468 6166/5722/5089 5386/5695/5062 6226/7258/6470
f 6229/7246/6458 5389/5719/5086 6166/5722/5089 6646/7256/6468
f 5436/7251/6463 6228/7250/6462 6647/7260/6472 6248/7261/6473
f 6248/7261/6473 6647/7260/6472 6224/7262/6474 5432/7263/6475
f 6647/7260/6472 6167/5716/5083 5384/5677/5044 6224/7262/6474
f 6228/7250/6462 5388/5713/5080 6167/5716/5083 6647/7260/6472
f 5435/7255/6467 6227/7254/6466 6648/7264/6476 6247/7265/6477
f 6247/7265/6477 6648/7264/6476 6127/7175/6389 5431/7174/6388
f 6648/7264/6476 6168/5707/5074 5383/5709/5076 6127/7175/6389
f 6227/7254/6466 5387/5704/5071 6168/5707/5074 6648/7264/6476
f 5434/7259/6471 6226/7258/6470 6649/7266/6478 6246/7267/6479
f 6246/7267/6479 6649/7266/6478 6126/7181/6395 5430/7180/6394
f 6649/7266/6478 6169/5698/5065 5382/5700/5067 6126/7181/6395
f 6226/7258/6470 5386/5695/5062 6169/5698/5065 6649/7266/6478
f 5433/7268/6399 6225/7269/6398 6650/7270/6480 6245/7271/6481
f 6245/7271/6481 6650/7270/6480 6125/7187/6401 5429/7186/6400
f 6650/7270/6480 6170/5689/5056 5381/5691/5058 6125/7187/6401
f 6225/7269/6398 5385/5686/5053 6170/5689/5056 6650/7270/6480
f 5432/7263/6475 6224/7262/6474 6651/7272/6482 6244/7273/6483
f 6244/7273/6483 6651/7272/6482 6124/7193/6407 5428/7192/6406
f 6651/7272/6482 6171/5680/5047 5380/5682/5049 6124/7193/6407
f 6224/7262/6474 5384/5677/5044 6171/5680/5047 6651/7272/6482
f 5093/5961/5319 5549/7274/6484 6652/7275/6485 5595/5976/5331
f 5595/5976/5331 6652/7275/6485 6192/7276/6486 5092/5862/5223
f 6652/7275/6485 6196/7277/6487 5424/7278/6488 6192/7276/6486
f 5549/7274/6484 5404/7279/6489 6196/7277/6487 6652/7275/6485
f 5095/5973/5204 5551/7280/6490 6653/7281/6491 5594/5972/5328
f 5594/5972/5328 6653/7281/6491 6193/7282/6492 5094/5853/5214
f 6653/7281/6491 6197/7283/6493 5425/7284/6494 6193/7282/6492
f 5551/7280/6490 5405/7285/6495 6197/7283/6493 6653/7281/6491
f 5097/5955/5313 5553/7286/6496 6654/7287/6497 5593/5967/5325
f 5593/5967/5325 6654/7287/6497 6194/7288/6498 5096/5844/5205
f 6654/7287/6497 6198/7289/6499 5426/7290/6500 6194/7288/6498
f 5553/7286/6496 5406/7291/6501 6198/7289/6499 6654/7287/6497
f 5099/5949/5307 5555/7292/6502 6655/7293/6503 5592/5964/5322
f 5592/5964/5322 6655/7293/6503 6195/7294/6504 5098/5835/5196
f 6655/7293/6503 6199/7295/6505 5427/7296/6506 6195/7294/6504
f 5555/7292/6502 5407/7297/6507 6199/7295/6505 6655/7293/6503
f 5100/5943/5301 5556/7298/6508 6656/7299/6509 5591/5960/5318
f 5591/5960/5318 6656/7299/6509 5549/7274/6484 5093/5961/5319
f 6656/7299/6509 6200/7300/6510 5404/7279/6489 5549/7274/6484
f 5556/7298/6508 5408/7301/6511 6200/7300/6510 6656/7299/6509
f 5101/5937/5295 5557/7302/6512 6657/7303/6513 5590/5954/5312
f 5590/5954/5312 6657/7303/6513 5553/7286/6496 5097/5955/5313
f 6657/7303/6513 6201/7304/6514 5406/7291/6501 5553/7286/6496
f 5557/7302/6512 5409/7305/6515 6201/7304/6514 6657/7303/6513
f 5102/5931/5289 5558/7306/6516 6658/7307/6517 5589/5948/5306
f 5589/5948/5306 6658/7307/6517 5555/7292/6502 5099/5949/5307
f 6658/7307/6517 6202/7308/6518 5407/7297/6507 5555/7292/6502
f 5558/7306/6516 5410/7309/6519 6202/7308/6518 6658/7307/6517
f 5103/5924/5283 5559/7310/6520 6659/7311/6521 5588/5942/5300
f 5588/5942/5300 6659/7311/6521 5556/7298/6508 5100/5943/5301
f 6659/7311/6521 6203/7312/6522 5408/7301/6511 5556/7298/6508
f 5559/7310/6520 5411/7313/6523 6203/7312/6522 6659/7311/6521
f 5104/5916/5277 5560/7314/6524 6660/7315/6525 5587/5936/5294
f 5587/5936/5294 6660/7315/6525 5557/7302/6512 5101/5937/5295
f 6660/7315/6525 6204/7316/6526 5409/7305/6515 5557/7302/6512
f 5560/7314/6524 5412/7317/6527 6204/7316/6526 6660/7315/6525
f 5105/5910/5271 5561/7318/6528 6661/7319/6529 5586/5930/5288
f 5586/5930/5288 6661/7319/6529 5558/7306/6516 5102/5931/5289
f 6661/7319/6529 6205/7320/6530 5410/7309/6519 5558/7306/6516
f 5561/7318/6528 5413/7321/6531 6205/7320/6530 6661/7319/6529
f 5106/5925/5265 5562/7322/6532 6662/7323/6533 5585/5923/5282
f 5585/5923/5282 6662/7323/6533 5559/7310/6520 5103/5924/5283
f 6662/7323/6533 6206/7324/6534 5411/7313/6523 5559/7310/6520
f 5562/7322/6532 5414/7325/6535 6206/7324/6534 6662/7323/6533
f 5107/5898/5259 5563/7326/6536 6663/7327/6537 5584/5915/5276
f 5584/5915/5276 6663/7327/6537 5560/7314/6524 5104/5916/5277
f 6663/7327/6537 6207/7328/6538 5412/7317/6527 5560/7314/6524
f 5563/7326/6536 5415/7329/6539 6207/7328/6538 6663/7327/6537
f 5108/5892/5253 5564/7330/6540 6664/7331/6541 5583/5909/5270
f 5583/5909/5270 6664/7331/6541 5561/7318/6528 5105/5910/5271
f 6664/7331/6541 6208/7332/6542 5413/7321/6531 5561/7318/6528
f 5564/7330/6540 5416/7333/6543 6208/7332/6542 6664/7331/6541
f 5109/5886/5247 5565/7334/6544 6665/7335/6545 5582/5903/5264
f 5582/5903/5264 6665/7335/6545 5562/7336/6532 5106/5904/5265
f 6665/7335/6545 6209/7337/6546 5414/7338/6535 5562/7336/6532
f 5565/7334/6544 5417/7339/6547 6209/7337/6546 6665/7335/6545
f 5110/5880/5241 5566/7340/6548 6666/7341/6549 5581/5897/5258
f 5581/5897/5258 6666/7341/6549 5563/7326/6536 5107/5898/5259
f 6666/7341/6549 6210/7342/6550 5415/7329/6539 5563/7326/6536
f 5566/7340/6548 5418/7343/6551 6210/7342/6550 6666/7341/6549
f 5111/5874/5235 5567/7344/6552 6667/7345/6553 5580/5891/5252
f 5580/5891/5252 6667/7345/6553 5564/7330/6540 5108/5892/5253
f 6667/7345/6553 6211/7346/6554 5416/7333/6543 5564/7330/6540
f 5567/7344/6552 5419/7347/6555 6211/7346/6554 6667/7345/6553
f 5112/5868/5229 5568/7348/6556 6668/7349/6557 5579/5885/5246
f 5579/5885/5246 6668/7349/6557 5565/7334/6544 5109/5886/5247
f 6668/7349/6557 6212/7350/6558 5417/7339/6547 5565/7334/6544
f 5568/7348/6556 5420/7351/6559 6212/7350/6558 6668/7349/6557
f 5113/5861/5222 5569/7352/6560 6669/7353/6561 5578/5879/5240
f 5578/5879/5240 6669/7353/6561 5566/7340/6548 5110/5880/5241
f 6669/7353/6561 6213/7354/6562 5418/7343/6551 5566/7340/6548
f 5569/7352/6560 5421/7355/6563 6213/7354/6562 6669/7353/6561
f 5114/5852/5213 5570/7356/6564 6670/7357/6565 5577/5873/5234
f 5577/5873/5234 6670/7357/6565 5567/7344/6552 5111/5874/5235
f 6670/7357/6565 6214/7358/6566 5419/7347/6555 5567/7344/6552
f 5570/7356/6564 5422/7359/6567 6214/7358/6566 6670/7357/6565
f 5115/5834/5195 5571/7360/6568 6671/7361/6569 5576/5867/5228
f 5576/5867/5228 6671/7361/6569 5568/7348/6556 5112/5868/5229
f 6671/7361/6569 6215/7362/6570 5420/7351/6559 5568/7348/6556
f 5571/7360/6568 5423/7363/6571 6215/7362/6570 6671/7361/6569
f 5092/5862/5223 6192/7276/6486 6672/7364/6572 5575/5860/5221
f 5575/5860/5221 6672/7364/6572 5569/7352/6560 5113/5861/5222
f 6672/7364/6572 6216/7365/6573 5421/7355/6563 5569/7352/6560
f 6192/7276/6486 5424/7278/6488 6216/7365/6573 6672/7364/6572
f 5094/5853/5214 6193/7282/6492 6673/7366/6574 5574/5851/5212
f 5574/5851/5212 6673/7366/6574 5570/7356/6564 5114/5852/5213
f 6673/7366/6574 6217/7367/6575 5422/7359/6567 5570/7356/6564
f 6193/7282/6492 5425/7284/6494 6217/7367/6575 6673/7366/6574
f 5096/5844/5205 6194/7288/6498 6674/7368/6576 5573/5842/5203
f 5573/5842/5203 6674/7368/6576 5551/7369/6490 5095/5843/5204
f 6674/7368/6576 6218/7370/6577 5405/7371/6495 5551/7369/6490
f 6194/7288/6498 5426/7290/6500 6218/7370/6577 6674/7368/6576
f 5098/5835/5196 6195/7294/6504 6675/7372/6578 5572/5833/5194
f 5572/5833/5194 6675/7372/6578 5571/7360/6568 5115/5834/5195
f 6675/7372/6578 6219/7373/6579 5423/7363/6571 5571/7360/6568
f 6195/7294/6504 5427/7296/6506 6219/7373/6579 6675/7372/6578
f 5404/7279/6489 6172/7374/6580 6676/7375/6581 6196/7277/6487
f 6196/7277/6487 6676/7375/6581 6220/7376/6582 5424/7278/6488
f 6676/7375/6581 6244/7273/6483 5428/7192/6406 6220/7376/6582
f 6172/7374/6580 5432/7263/6475 6244/7273/6483 6676/7375/6581
f 5405/7285/6495 6173/7377/6583 6677/7378/6584 6197/7283/6493
f 6197/7283/6493 6677/7378/6584 6221/7379/6585 5425/7284/6494
f 6677/7378/6584 6245/7271/6481 5429/7186/6400 6221/7379/6585
f 6173/7377/6583 5433/7268/6399 6245/7271/6481 6677/7378/6584
f 5406/7291/6501 6174/7380/6586 6678/7381/6587 6198/7289/6499
f 6198/7289/6499 6678/7381/6587 6222/7382/6588 5426/7290/6500
f 6678/7381/6587 6246/7267/6479 5430/7180/6394 6222/7382/6588
f 6174/7380/6586 5434/7259/6471 6246/7267/6479 6678/7381/6587
f 5407/7297/6507 6175/7383/6589 6679/7384/6590 6199/7295/6505
f 6199/7295/6505 6679/7384/6590 6223/7385/6591 5427/7296/6506
f 6679/7384/6590 6247/7265/6477 5431/7174/6388 6223/7385/6591
f 6175/7383/6589 5435/7255/6467 6247/7265/6477 6679/7384/6590
f 5408/7301/6511 6176/7386/6592 6680/7387/6593 6200/7300/6510
f 6200/7300/6510 6680/7387/6593 6172/7374/6580 5404/7279/6489
f 6680/7387/6593 6248/7261/6473 5432/7263/6475 6172/7374/6580
f 6176/7386/6592 5436/7251/6463 6248/7261/6473 6680/7387/6593
f 5409/7305/6515 6177/7388/6594 6681/7389/6595 6201/7304/6514
f 6201/7304/6514 6681/7389/6595 6174/7380/6586 5406/7291/6501
f 6681/7389/6595 6249/7257/6469 5434/7259/6471 6174/7380/6586
f 6177/7388/6594 5437/7247/6459 6249/7257/6469 6681/7389/6595
f 5410/7309/6519 6178/7390/6596 6682/7391/6597 6202/7308/6518
f 6202/7308/6518 6682/7391/6597 6175/7383/6589 5407/7297/6507
f 6682/7391/6597 6250/7253/6465 5435/7255/6467 6175/7383/6589
f 6178/7390/6596 5438/7243/6455 6250/7253/6465 6682/7391/6597
f 5411/7313/6523 6179/7392/6598 6683/7393/6599 6203/7312/6522
f 6203/7312/6522 6683/7393/6599 6176/7386/6592 5408/7301/6511
f 6683/7393/6599 6251/7249/6461 5436/7251/6463 6176/7386/6592
f 6179/7392/6598 5439/7239/6451 6251/7249/6461 6683/7393/6599
f 5412/7317/6527 6180/7394/6600 6684/7395/6601 6204/7316/6526
f 6204/7316/6526 6684/7395/6601 6177/7388/6594 5409/7305/6515
f 6684/7395/6601 6252/7245/6457 5437/7247/6459 6177/7388/6594
f 6180/7394/6600 5440/7233/6447 6252/7245/6457 6684/7395/6601
f 5413/7321/6531 6181/7396/6602 6685/7397/6603 6205/7320/6530
f 6205/7320/6530 6685/7397/6603 6178/7390/6596 5410/7309/6519
f 6685/7397/6603 6253/7241/6453 5438/7243/6455 6178/7390/6596
f 6181/7396/6602 5441/7229/6443 6253/7241/6453 6685/7397/6603
f 5414/7325/6535 6182/7398/6604 6686/7399/6605 6206/7324/6534
f 6206/7324/6534 6686/7399/6605 6179/7392/6598 5411/7313/6523
f 6686/7399/6605 6254/7237/6449 5439/7239/6451 6179/7392/6598
f 6182/7398/6604 5442/7234/6439 6254/7237/6449 6686/7399/6605
f 5415/7329/6539 6183/7400/6606 6687/7401/6607 6207/7328/6538
f 6207/7328/6538 6687/7401/6607 6180/7394/6600 5412/7317/6527
f 6687/7401/6607 6255/7231/6445 5440/7233/6447 6180/7394/6600
f 6183/7400/6606 5443/7221/6435 6255/7231/6445 6687/7401/6607
f 5416/7333/6543 6184/7402/6608 6688/7403/6609 6208/7332/6542
f 6208/7332/6542 6688/7403/6609 6181/7396/6602 5413/7321/6531
f 6688/7403/6609 6256/7227/6441 5441/7229/6443 6181/7396/6602
f 6184/7402/6608 5444/7217/6431 6256/7227/6441 6688/7403/6609
f 5417/7339/6547 6185/7404/6610 6689/7405/6611 6209/7337/6546
f 6209/7337/6546 6689/7405/6611 6182/7406/6604 5414/7338/6535
f 6689/7405/6611 6257/7223/6437 5442/7225/6439 6182/7406/6604
f 6185/7404/6610 5445/7213/6427 6257/7223/6437 6689/7405/6611
f 5418/7343/6551 6186/7407/6612 6690/7408/6613 6210/7342/6550
f 6210/7342/6550 6690/7408/6613 6183/7400/6606 5415/7329/6539
f 6690/7408/6613 6258/7219/6433 5443/7221/6435 6183/7400/6606
f 6186/7407/6612 5446/7209/6423 6258/7219/6433 6690/7408/6613
f 5419/7347/6555 6187/7409/6614 6691/7410/6615 6211/7346/6554
f 6211/7346/6554 6691/7410/6615 6184/7402/6608 5416/7333/6543
f 6691/7410/6615 6259/7215/6429 5444/7217/6431 6184/7402/6608
f 6187/7409/6614 5447/7205/6419 6259/7215/6429 6691/7410/6615
f 5420/7351/6559 6188/7411/6616 6692/7412/6617 6212/7350/6558
f 6212/7350/6558 6692/7412/6617 6185/7404/6610 5417/7339/6547
f 6692/7412/6617 6260/7211/6425 5445/7213/6427 6185/7404/6610
f 6188/7411/6616 5448/7201/6415 6260/7211/6425 6692/7412/6617
f 5421/7355/6563 6189/7413/6618 6693/7414/6619 6213/7354/6562
f 6213/7354/6562 6693/7414/6619 6186/7407/6612 5418/7343/6551
f 6693/7414/6619 6261/7207/6421 5446/7209/6423 6186/7407/6612
f 6189/7413/6618 5449/7197/6411 6261/7207/6421 6693/7414/6619
f 5422/7359/6567 6190/7415/6620 6694/7416/6621 6214/7358/6566
f 6214/7358/6566 6694/7416/6621 6187/7409/6614 5419/7347/6555
f 6694/7416/6621 6262/7203/6417 5447/7205/6419 6187/7409/6614
f 6190/7415/6620 5450/7191/6405 6262/7203/6417 6694/7416/6621
f 5423/7363/6571 6191/7417/6622 6695/7418/6623 6215/7362/6570
f 6215/7362/6570 6695/7418/6623 6188/7411/6616 5420/7351/6559
f 6695/7418/6623 6263/7199/6413 5448/7201/6415 6188/7411/6616
f 6191/7417/6622 5451/7179/6393 6263/7199/6413 6695/7418/6623
f 5424/7278/6488 6220/7376/6582 6696/7419/6624 6216/7365/6573
f 6216/7365/6573 6696/7419/6624 6189/7413/6618 5421/7355/6563
f 6696/7419/6624 6264/7195/6409 5449/7197/6411 6189/7413/6618
f 6220/7376/6582 5428/7192/6406 6264/7195/6409 6696/7419/6624
f 5425/7284/6494 6221/7379/6585 6697/7420/6625 6217/7367/6575
f 6217/7367/6575 6697/7420/6625 6190/7415/6620 5422/7359/6567
f 6697/7420/6625 6265/7189/6403 5450/7191/6405 6190/7415/6620
f 6221/7379/6585 5429/7186/6400 6265/7189/6403 6697/7420/6625
f 5426/7290/6500 6222/7382/6588 6698/7421/6626 6218/7370/6577
f 6218/7370/6577 6698/7421/6626 6173/7422/6583 5405/7371/6495
f 6698/7421/6626 6266/7183/6397 5433/7185/6399 6173/7422/6583
f 6222/7382/6588 5430/7180/6394 6266/7183/6397 6698/7421/6626
f 5427/7296/6506 6223/7385/6591 6699/7423/6627 6219/7373/6579
f 6219/7373/6579 6699/7423/6627 6191/7417/6622 5423/7363/6571
f 6699/7423/6627 6267/7177/6391 5451/7179/6393 6191/7417/6622
f 6223/7385/6591 5431/7174/6388 6267/7177/6391 6699/7423/6627
f 5056/7424/6151 6293/7425/6628 6700/7426/6629 5488/7427/6149
f 5488/7427/6149 6700/7426/6629 6292/7428/6630 5057/7429/6127
f 6700/7426/6629 6280/7430/6631 5465/7431/6632 6292/7428/6630
f 6293/7425/6628 5464/7432/6633 6280/7430/6631 6700/7426/6629
f 5049/7433/6143 6295/7434/6634 6701/7435/6635 5481/7436/6141
f 5481/7436/6141 6701/7435/6635 6294/7437/6636 5050/7438/6119
f 6701/7435/6635 6273/7439/6637 5458/7440/6638 6294/7437/6636
f 6295/7434/6634 5457/7441/6639 6273/7439/6637 6701/7435/6635
f 5064/7442/6135 6297/7443/6640 6702/7444/6641 5496/7445/6133
f 5496/7445/6133 6702/7444/6641 6296/7446/6642 5065/7447/6111
f 6702/7444/6641 6288/7448/6643 5473/7449/6644 6296/7446/6642
f 6297/7443/6640 5472/7450/6645 6288/7448/6643 6702/7444/6641
f 5057/7429/6127 6292/7428/6630 6703/7451/6646 5489/7452/6125
f 5489/7452/6125 6703/7451/6646 6298/7453/6647 5058/7454/6103
f 6703/7451/6646 6281/7455/6648 5466/7456/6649 6298/7453/6647
f 6292/7428/6630 5465/7431/6632 6281/7455/6648 6703/7451/6646
f 5050/7438/6119 6294/7437/6636 6704/7457/6650 5482/7458/6117
f 5482/7458/6117 6704/7457/6650 6299/7459/6651 5051/7460/6093
f 6704/7457/6650 6274/7461/6652 5459/7462/6653 6299/7459/6651
f 6294/7437/6636 5458/7440/6638 6274/7461/6652 6704/7457/6650
f 5065/7447/6111 6296/7446/6642 6705/7463/6654 5497/7464/6109
f 5497/7464/6109 6705/7463/6654 6300/7465/6655 5066/7466/6081
f 6705/7463/6654 6289/7467/6656 5474/7468/6657 6300/7465/6655
f 6296/7446/6642 5473/7449/6644 6289/7467/6656 6705/7463/6654
f 5058/7454/6103 6298/7453/6647 6706/7469/6658 5490/7470/6101
f 5490/7470/6101 6706/7469/6658 6301/7471/6659 5059/7472/6057
f 6706/7469/6658 6282/7473/6660 5467/7474/6661 6301/7471/6659
f 6298/7453/6647 5466/7456/6649 6282/7473/6660 6706/7469/6658
f 5051/7460/6093 6299/7459/6651 6707/7475/6662 5483/7476/6091
f 5483/7476/6091 6707/7475/6662 6302/7477/6663 5052/7478/6088
f 6707/7475/6662 6275/7479/6664 5460/7480/6665 6302/7477/6663
f 6299/7459/6651 5459/7462/6653 6275/7479/6664 6707/7475/6662
f 5066/7466/6081 6300/7465/6655 6708/7481/6666 5498/7482/6079
f 5498/7482/6079 6708/7481/6666 6303/7483/6667 5067/7484/6076
f 6708/7481/6666 6290/7485/6668 5475/7486/6669 6303/7483/6667
f 6300/7465/6655 5474/7468/6657 6290/7485/6668 6708/7481/6666
f 5044/7487/6069 6305/7488/6670 6709/7489/6671 5476/7490/6067
f 5476/7490/6067 6709/7489/6671 6304/7491/6672 5045/7492/6064
f 6709/7489/6671 6268/7493/6673 5453/7494/6674 6304/7491/6672
f 6305/7488/6670 5452/7495/6675 6268/7493/6673 6709/7489/6671
f 5059/7472/6057 6301/7471/6659 6710/7496/6676 5491/7497/6055
f 5491/7497/6055 6710/7496/6676 6306/7498/6677 5060/7499/6052
f 6710/7496/6676 6283/7500/6678 5468/7501/6679 6306/7498/6677
f 6301/7471/6659 5467/7474/6661 6283/7500/6678 6710/7496/6676
f 5052/7478/6088 6302/7477/6663 6711/7502/6680 5484/7503/6241
f 5484/7503/6241 6711/7502/6680 6307/7504/6681 5053/7505/6223
f 6711/7502/6680 6276/7506/6682 5461/7507/6683 6307/7504/6681
f 6302/7477/6663 5460/7480/6665 6276/7506/6682 6711/7502/6680
f 5067/7484/6076 6303/7483/6667 6712/7508/6684 5499/7509/6237
f 5499/7509/6237 6712/7508/6684 6305/7488/6670 5044/7487/6069
f 6712/7508/6684 6291/7510/6685 5452/7495/6675 6305/7488/6670
f 6303/7483/6667 5475/7486/6669 6291/7510/6685 6712/7508/6684
f 5045/7492/6064 6304/7491/6672 6713/7511/6686 5477/7512/6233
f 5477/7512/6233 6713/7511/6686 6308/7513/6687 5046/7514/6215
f 6713/7511/6686 6269/7515/6688 5454/7516/6689 6308/7513/6687
f 6304/7491/6672 5453/7494/6674 6269/7515/6688 6713/7511/6686
f 5060/7499/6052 6306/7498/6677 6714/7517/6690 5492/7518/6229
f 5492/7518/6229 6714/7517/6690 6309/7519/6691 5061/7520/6207
f 6714/7517/6690 6284/7521/6692 5469/7522/6693 6309/7519/6691
f 6306/7498/6677 5468/7501/6679 6284/7521/6692 6714/7517/6690
f 5053/7505/6223 6307/7504/6681 6715/7523/6694 5485/7524/6221
f 5485/7524/6221 6715/7523/6694 6310/7525/6695 5054/7526/6199
f 6715/7523/6694 6277/7527/6696 5462/7528/6697 6310/7525/6695
f 6307/7504/6681 5461/7507/6683 6277/7527/6696 6715/7523/6694
f 5046/7514/6215 6308/7513/6687 6716/7529/6698 5478/7530/6213
f 5478/7530/6213 6716/7529/6698 6311/7531/6699 5047/7532/6191
f 6716/7529/6698 6270/7533/6700 5455/7534/6701 6311/7531/6699
f 6308/7513/6687 5454/7516/6689 6270/7533/6700 6716/7529/6698
f 5061/7520/6207 6309/7519/6691 6717/7535/6702 5493/7536/6205
f 5493/7536/6205 6717/7535/6702 6312/7537/6703 5062/7538/6183
f 6717/7535/6702 6285/7539/6704 5470/7540/6705 6312/7537/6703
f 6309/7519/6691 5469/7522/6693 6285/7539/6704 6717/7535/6702
f 5054/7526/6199 6310/7525/6695 6718/7541/6706 5486/7542/6197
f 5486/7542/6197 6718/7541/6706 6313/7543/6707 5055/7544/6175
f 6718/7541/6706 6278/7545/6708 5463/7546/6709 6313/7543/6707
f 6310/7525/6695 5462/7528/6697 6278/7545/6708 6718/7541/6706
f 5047/7532/6191 6311/7531/6699 6719/7547/6710 5479/7548/6189
f 5479/7548/6189 6719/7547/6710 6314/7549/6711 5048/7550/6167
f 6719/7547/6710 6271/7551/6712 5456/7552/6713 6314/7549/6711
f 6311/7531/6699 5455/7534/6701 6271/7551/6712 6719/7547/6710
f 5062/7538/6183 6312/7537/6703 6720/7553/6714 5494/7554/6181
f 5494/7554/6181 6720/7553/6714 6315/7555/6715 5063/7556/6159
f 6720/7553/6714 6286/7557/6716 5471/7558/6717 6315/7555/6715
f 6312/7537/6703 5470/7540/6705 6286/7557/6716 6720/7553/6714
f 5055/7544/6175 6313/7543/6707 6721/7559/6718 5487/7560/6173
f 5487/7560/6173 6721/7559/6718 6293/7425/6628 5056/7424/6151
f 6721/7559/6718 6279/7561/6719 5464/7432/6633 6293/7425/6628
f 6313/7543/6707 5463/7546/6709 6279/7561/6719 6721/7559/6718
f 5048/7550/6167 6314/7549/6711 6722/7562/6720 5480/7563/6165
f 5480/7563/6165 6722/7562/6720 6295/7434/6634 5049/7433/6143
f 6722/7562/6720 6272/7564/6721 5457/7441/6639 6295/7434/6634
f 6314/7549/6711 5456/7552/6713 6272/7564/6721 6722/7562/6720
f 5063/7556/6159 6315/7555/6715 6723/7565/6722 5495/7566/6157
f 5495/7566/6157 6723/7565/6722 6297/7443/6640 5064/7442/6135
f 6723/7565/6722 6287/7567/6723 5472/7450/6645 6297/7443/6640
f 6315/7555/6715 5471/7558/6717 6287/7567/6723 6723/7565/6722
f 5453/7494/6674 6268/7493/6673 6724/7568/6724 6269/7515/6688
f 5454/7516/6689 6269/7515/6688 6724/7568/6724 6270/7533/6700
f 5455/7534/6701 6270/7533/6700 6724/7568/6724 6271/7551/6712
f 5456/7552/6713 6271/7551/6712 6724/7568/6724 6272/7564/6721
f 5457/7441/6639 6272/7564/6721 6724/7568/6724 6273/7439/6637
f 5458/7440/6638 6273/7439/6637 6724/7568/6724 6274/7461/6652
f 5459/7462/6653 6274/7461/6652 6724/7568/6724 6275/7479/6664
f 5460/7480/6665 6275/7479/6664 6724/7568/6724 6276/7506/6682
f 5461/7507/6683 6276/7506/6682 6724/7568/6724 6277/7527/6696
f 5462/7528/6697 6277/7527/6696 6724/7568/6724 6278/7545/6708
f 5463/7546/6709 6278/7545/6708 6724/7568/6724 6279/7561/6719
f 5464/7432/6633 6279/7561/6719 6724/7568/6724 6280/7430/6631
f 5465/7431/6632 6280/7430/6631 6724/7568/6724 6281/7455/6648
f 5466/7456/6649 6281/7455/6648 6724/7568/6724 6282/7473/6660
f 5467/7474/6661 6282/7473/6660 6724/7568/6724 6283/7500/6678
f 5468/7501/6679 6283/7500/6678 6724/7568/6724 6284/7521/6692
f 5469/7522/6693 6284/7521/6692 6724/7568/6724 6285/7539/6704
f 5470/7540/6705 6285/7539/6704 6724/7568/6724 6286/7557/6716
f 5471/7558/6717 6286/7557/6716 6724/7568/6724 6287/7567/6723
f 5472/7450/6645 6287/7567/6723 6724/7568/6724 6288/7448/6643
f 5473/7449/6644 6288/7448/6643 6724/7568/6724 6289/7467/6656
f 5474/7468/6657 6289/7467/6656 6724/7568/6724 6290/7485/6668
f 5475/7486/6669 6290/7485/6668 6724/7568/6724 6291/7510/6685
f 5452/7495/6675 6291/7510/6685 6724/7568/6724 6268/7493/6673
f 3388/3809/3387 3819/3931/3503 5500/5822/5184 5069/5702/5069
f 3819/3931/3503 3387/3930/3380 5068/5823/5061 5500/5822/5184
f 3389/3811/3389 3820/3810/3388 5501/5701/5068 5070/5703/5070
f 3820/3810/3388 3388/3809/3387 5069/5702/5069 5501/5701/5068
f 3390/3832/3410 3821/3831/3409 5502/5723/5090 5071/5724/5091
f 3821/3831/3409 3389/3811/3389 5070/5703/5070 5502/5723/5090
f 3391/3850/3428 3822/3849/3427 5503/5741/5108 5072/5742/5109
f 3822/3849/3427 3390/3832/3410 5071/5724/5091 5503/5741/5108
f 3392/3868/3446 3823/3867/3445 5504/5759/5126 5073/5760/5127
f 3823/3867/3445 3391/3850/3428 5072/5742/5109 5504/5759/5126
f 3393/3889/3464 3824/3888/3463 5505/5780/5144 5074/5781/5145
f 3824/3888/3463 3392/3868/3446 5073/5760/5127 5505/5780/5144
f 3394/3907/3482 3825/3906/3481 5506/5798/5162 5075/5799/5163
f 3825/3906/3481 3393/3889/3464 5074/5781/5145 5506/5798/5162
f 3395/3791/3369 3826/3922/3497 5507/5814/5178 5076/5684/5051
f 3826/3922/3497 3394/3907/3482 5075/5799/5163 5507/5814/5178
f 3396/3793/3371 3827/3792/3370 5508/5683/5050 5077/5685/5052
f 3827/3792/3370 3395/3791/3369 5076/5684/5051 5508/5683/5050
f 3397/3826/3404 3828/3825/3403 5509/5717/5084 5078/5718/5085
f 3828/3825/3403 3396/3793/3371 5077/5685/5052 5509/5717/5084
f 3398/3844/3422 3829/3843/3421 5510/5735/5102 5079/5736/5103
f 3829/3843/3421 3397/3826/3404 5078/5718/5085 5510/5735/5102
f 3399/3862/3440 3830/3861/3439 5511/5753/5120 5080/5754/5121
f 3830/3861/3439 3398/3844/3422 5079/5736/5103 5511/5753/5120
f 3400/3883/3458 3831/3882/3457 5512/5773/5138 5081/5775/5139
f 3831/3882/3457 3399/3881/3440 5080/5774/5121 5512/5773/5138
f 3401/3901/3476 3832/3900/3475 5513/5792/5156 5082/5793/5157
f 3832/3900/3475 3400/3883/3458 5081/5775/5139 5513/5792/5156
f 3402/3919/3494 3833/3918/3493 5514/5810/5174 5083/5811/5175
f 3833/3918/3493 3401/3901/3476 5082/5793/5157 5514/5810/5174
f 3403/3818/3396 3834/3934/3506 5515/5826/5187 5084/5711/5078
f 3834/3934/3506 3402/3919/3494 5083/5811/5175 5515/5826/5187
f 3404/3820/3398 3835/3819/3397 5516/5710/5077 5085/5712/5079
f 3835/3819/3397 3403/3818/3396 5084/5711/5078 5516/5710/5077
f 3405/3838/3416 3836/3837/3415 5517/5729/5096 5086/5730/5097
f 3836/3837/3415 3404/3820/3398 5085/5712/5079 5517/5729/5096
f 3406/3856/3434 3837/3855/3433 5518/5747/5114 5087/5748/5115
f 3837/3855/3433 3405/3838/3416 5086/5730/5097 5518/5747/5114
f 3407/3874/3452 3838/3873/3451 5519/5765/5132 5088/5766/5133
f 3838/3873/3451 3406/3856/3434 5087/5748/5115 5519/5765/5132
f 3408/3895/3470 3839/3894/3469 5520/5786/5150 5089/5787/5151
f 3839/3894/3469 3407/3874/3452 5088/5766/5133 5520/5786/5150
f 3409/3913/3488 3840/3912/3487 5521/5804/5168 5090/5805/5169
f 3840/3912/3487 3408/3895/3470 5089/5787/5151 5521/5804/5168
f 3410/3800/3378 3841/3925/3500 5522/5817/5181 5091/5693/5060
f 3841/3925/3500 3409/3913/3488 5090/5805/5169 5522/5817/5181
f 3387/3802/3380 3842/3801/3379 5523/5692/5059 5068/5694/5061
f 3842/3801/3379 3410/3800/3378 5091/5693/5060 5523/5692/5059
