# Blender v3.0.0 OBJ File: 'Trash Bin.blend'
# www.blender.org
mtllib Trash Bin.mtl
o Cylinder
v -0.000002 2.848436 -2.324832
v 0.001534 2.839946 -2.359811
v -0.000003 2.844292 -2.352151
v 0.003418 2.851586 -2.315549
v 0.453551 2.848436 -2.280162
v 0.461881 2.839946 -2.314168
v 0.458879 2.844292 -2.306956
v 0.455094 2.851586 -2.270390
v 0.889676 2.848436 -2.147864
v 0.901643 2.839946 -2.180768
v 0.900133 2.844292 -2.173103
v 0.882965 2.851586 -2.140596
v 1.291607 2.848436 -1.933028
v 1.312316 2.839946 -1.961259
v 1.306788 2.844292 -1.955741
v 1.283608 2.851586 -1.927208
v 1.643904 2.848436 -1.643906
v 1.669723 2.839946 -1.667554
v 1.663220 2.844292 -1.663224
v 1.639757 2.851586 -1.634924
v 1.933028 2.848436 -1.291606
v 1.961259 2.839946 -1.312316
v 1.955741 2.844292 -1.306788
v 1.927208 2.851586 -1.283608
v 2.147864 2.848436 -0.889676
v 2.180768 2.839946 -0.901643
v 2.173103 2.844292 -0.900132
v 2.140596 2.851586 -0.882964
v 2.280162 2.848436 -0.453551
v 2.314168 2.839946 -0.461881
v 2.306956 2.844292 -0.458879
v 2.270390 2.851586 -0.455094
v 2.324832 2.848436 -0.000001
v 2.359811 2.839946 0.001534
v 2.352151 2.844292 -0.000003
v 2.315549 2.851586 0.003418
v 2.280162 2.848436 0.453551
v 2.314168 2.839946 0.461881
v 2.306956 2.844292 0.458879
v 2.270390 2.851586 0.455094
v 2.147865 2.848436 0.889676
v 2.180768 2.839946 0.901643
v 2.173103 2.844292 0.900132
v 2.140597 2.851586 0.882964
v 1.933028 2.848436 1.291606
v 1.961259 2.839946 1.312316
v 1.955745 2.844292 1.306782
v 1.923410 2.851586 1.289292
v 1.643904 2.848436 1.643906
v 1.669723 2.839946 1.667554
v 1.663224 2.844292 1.663220
v 1.634924 2.851586 1.639757
v 1.291606 2.848436 1.933028
v 1.312316 2.839946 1.961259
v 1.306788 2.844292 1.955741
v 1.283608 2.851586 1.927208
v 0.889676 2.848436 2.147864
v 0.901644 2.839946 2.180768
v 0.900133 2.844292 2.173103
v 0.882965 2.851586 2.140596
v 0.453551 2.848436 2.280162
v 0.461881 2.839946 2.314169
v 0.458879 2.844292 2.306956
v 0.455094 2.851586 2.270390
v 0.000001 2.848436 2.324832
v -0.001534 2.839946 2.359811
v 0.000003 2.844292 2.352151
v -0.003418 2.851586 2.315549
v -0.453551 2.848436 2.280162
v -0.461881 2.839946 2.314169
v -0.458878 2.844292 2.306956
v -0.455093 2.851586 2.270390
v -0.889676 2.848436 2.147864
v -0.901643 2.839946 2.180768
v -0.900132 2.844292 2.173103
v -0.882964 2.851586 2.140596
v -1.291606 2.848429 1.933028
v -1.312316 2.839946 1.961259
v -1.306783 2.844292 1.955744
v -1.289292 2.851585 1.923410
v -1.643904 2.848436 1.643906
v -1.669723 2.839946 1.667554
v -1.663224 2.844292 1.663220
v -1.634923 2.851586 1.639758
v -1.933028 2.848436 1.291607
v -1.961259 2.839946 1.312317
v -1.955740 2.844292 1.306789
v -1.927208 2.851586 1.283609
v -2.147864 2.848436 0.889677
v -2.180768 2.839946 0.901644
v -2.173103 2.844292 0.900133
v -2.140596 2.851586 0.882965
v -2.280162 2.848436 0.453551
v -2.314168 2.839946 0.461881
v -2.306956 2.844292 0.458879
v -2.270390 2.851586 0.455094
v -2.324832 2.848436 0.000002
v -2.359811 2.839946 -0.001534
v -2.352151 2.844292 0.000003
v -2.315549 2.851586 -0.003418
v -2.280162 2.848436 -0.453551
v -2.314168 2.839946 -0.461881
v -2.306956 2.844292 -0.458879
v -2.270390 2.851586 -0.455094
v -2.147864 2.848436 -0.889677
v -2.180768 2.839946 -0.901644
v -2.173103 2.844292 -0.900133
v -2.140596 2.851586 -0.882965
v -1.933029 2.848436 -1.291606
v -1.961259 2.839946 -1.312316
v -1.955745 2.844292 -1.306782
v -1.923410 2.851586 -1.289292
v -1.643904 2.848436 -1.643906
v -1.669723 2.839946 -1.667554
v -1.663220 2.844292 -1.663224
v -1.639758 2.851586 -1.634923
v -1.291607 2.848436 -1.933028
v -1.312317 2.839946 -1.961259
v -1.306788 2.844292 -1.955741
v -1.283608 2.851586 -1.927208
v -0.889676 2.848436 -2.147865
v -0.901643 2.839946 -2.180768
v -0.900132 2.844292 -2.173103
v -0.882964 2.851586 -2.140597
v -0.453551 2.848436 -2.280162
v -0.461881 2.839946 -2.314169
v -0.458878 2.844292 -2.306956
v -0.455093 2.851586 -2.270390
v -0.000002 4.226351 -2.533570
v 0.001534 4.217861 -2.568548
v -0.000003 4.222207 -2.560889
v 0.003418 4.229500 -2.524286
v 0.494273 4.226351 -2.484888
v 0.502603 4.217861 -2.518895
v 0.499601 4.222207 -2.511682
v 0.495816 4.229500 -2.475116
v 0.969557 4.226351 -2.340713
v 0.981524 4.217861 -2.373616
v 0.980013 4.222207 -2.365951
v 0.962845 4.229500 -2.333444
v 1.407575 4.226351 -2.106587
v 1.428285 4.217861 -2.134818
v 1.422751 4.222207 -2.129303
v 1.405260 4.229500 -2.096969
v 1.791505 4.226351 -1.791503
v 1.815153 4.217861 -1.817323
v 1.810819 4.222207 -1.810824
v 1.782523 4.229500 -1.787357
v 2.106587 4.226351 -1.407575
v 2.134818 4.217861 -1.428285
v 2.129303 4.222207 -1.422751
v 2.096969 4.229500 -1.405260
v 2.340713 4.226351 -0.969557
v 2.373616 4.217861 -0.981524
v 2.365951 4.222207 -0.980013
v 2.333444 4.229500 -0.962845
v 2.484888 4.226351 -0.494273
v 2.518895 4.217861 -0.502603
v 2.511682 4.222207 -0.499601
v 2.475116 4.229500 -0.495816
v 2.533570 4.226351 -0.000001
v 2.568548 4.217861 0.001534
v 2.560889 4.222207 -0.000003
v 2.524286 4.229500 -0.003418
v 2.484888 4.226351 0.494273
v 2.518895 4.217861 0.502603
v 2.511682 4.222207 0.499601
v 2.475116 4.229500 0.495816
v 2.340713 4.226351 0.969557
v 2.373616 4.217861 0.981524
v 2.365952 4.222207 0.980013
v 2.333445 4.229500 0.962845
v 2.106587 4.226351 1.407575
v 2.134818 4.217861 1.428284
v 2.129303 4.222207 1.422750
v 2.096969 4.229500 1.405260
v 1.791505 4.226351 1.791503
v 1.815153 4.217861 1.817323
v 1.810824 4.222207 1.810819
v 1.787357 4.229500 1.782523
v 1.407575 4.226351 2.106587
v 1.428284 4.217861 2.134818
v 1.422750 4.222207 2.129303
v 1.405260 4.229500 2.096969
v 0.969557 4.226351 2.340713
v 0.981524 4.217861 2.373616
v 0.980013 4.222207 2.365951
v 0.962845 4.229500 2.333444
v 0.494273 4.226351 2.484888
v 0.502603 4.217861 2.518895
v 0.499601 4.222207 2.511683
v 0.495816 4.229500 2.475116
v 0.000001 4.226351 2.533570
v -0.001534 4.217861 2.568548
v 0.000003 4.222207 2.560889
v 0.003418 4.229500 2.524286
v -0.494273 4.226351 2.484888
v -0.502603 4.217861 2.518895
v -0.499601 4.222207 2.511683
v -0.495816 4.229500 2.475116
v -0.969557 4.226351 2.340713
v -0.981524 4.217861 2.373616
v -0.980013 4.222207 2.365951
v -0.962845 4.229500 2.333444
v -1.407575 4.226351 2.106587
v -1.428285 4.217861 2.134817
v -1.422751 4.222207 2.129303
v -1.405261 4.229500 2.096968
v -1.791503 4.226351 1.791505
v -1.817322 4.217861 1.815153
v -1.810824 4.222207 1.810819
v -1.782523 4.229500 1.787357
v -2.106587 4.226351 1.407575
v -2.134817 4.217861 1.428285
v -2.129303 4.222207 1.422751
v -2.096968 4.229500 1.405261
v -2.340713 4.226351 0.969557
v -2.373616 4.217861 0.981524
v -2.365951 4.222207 0.980013
v -2.333444 4.229500 0.962845
v -2.484888 4.226351 0.494274
v -2.518895 4.217861 0.502604
v -2.511682 4.222207 0.499601
v -2.475116 4.229500 0.495816
v -2.533570 4.226351 0.000002
v -2.568548 4.217861 -0.001534
v -2.560889 4.222207 0.000003
v -2.524286 4.229500 0.003418
v -2.484888 4.226351 -0.494274
v -2.518895 4.217861 -0.502604
v -2.511682 4.222207 -0.499601
v -2.475116 4.229500 -0.495816
v -2.340713 4.226351 -0.969557
v -2.373616 4.217861 -0.981524
v -2.365951 4.222207 -0.980013
v -2.333444 4.229500 -0.962845
v -2.106587 4.226351 -1.407574
v -2.134818 4.217861 -1.428284
v -2.129303 4.222207 -1.422750
v -2.096969 4.229500 -1.405260
v -1.791506 4.226351 -1.791503
v -1.815154 4.217861 -1.817322
v -1.810824 4.222207 -1.810819
v -1.782523 4.229500 -1.787357
v -1.407575 4.226351 -2.106587
v -1.428285 4.217861 -2.134818
v -1.422751 4.222207 -2.129303
v -1.405261 4.229500 -2.096969
v -0.969557 4.226351 -2.340713
v -0.981524 4.217861 -2.373616
v -0.980013 4.222207 -2.365952
v -0.962845 4.229500 -2.333445
v -0.494273 4.226351 -2.484888
v -0.502603 4.217861 -2.518895
v -0.499601 4.222207 -2.511683
v -0.495816 4.229500 -2.475116
v -0.000002 4.915301 -2.637937
v 0.001534 4.913050 -2.673861
v -0.000003 4.911164 -2.665257
v 0.003418 4.918457 -2.628655
v 0.514635 4.915301 -2.587250
v 0.523149 4.913050 -2.622184
v 0.519963 4.911164 -2.614045
v 0.516178 4.918457 -2.577479
v 1.009496 4.915301 -2.437136
v 1.021825 4.913051 -2.470912
v 1.019953 4.911164 -2.462375
v 1.002785 4.918457 -2.429868
v 1.465558 4.915301 -2.193366
v 1.486793 4.913050 -2.222382
v 1.480735 4.911164 -2.216083
v 1.463245 4.918457 -2.183748
v 1.865302 4.915301 -1.865304
v 1.891790 4.913050 -1.889621
v 1.884619 4.911164 -1.884624
v 1.856323 4.918458 -1.861157
v 2.193366 4.915301 -1.465558
v 2.222382 4.913050 -1.486793
v 2.216083 4.911164 -1.480735
v 2.183748 4.918457 -1.463245
v 2.437136 4.915301 -1.009496
v 2.470912 4.913051 -1.021825
v 2.462375 4.911164 -1.019953
v 2.429868 4.918457 -1.002785
v 2.587250 4.915301 -0.514635
v 2.622184 4.913050 -0.523149
v 2.614045 4.911164 -0.519963
v 2.577479 4.918457 -0.516178
v 2.637937 4.915301 -0.000001
v 2.673861 4.913050 0.001534
v 2.665257 4.911164 -0.000003
v 2.628655 4.918457 -0.003418
v 2.587250 4.915301 0.514635
v 2.622184 4.913050 0.523149
v 2.614045 4.911164 0.519963
v 2.577479 4.918457 0.516178
v 2.437136 4.915301 1.009496
v 2.470913 4.913051 1.021825
v 2.462375 4.911164 1.019953
v 2.429869 4.918457 1.002785
v 2.193366 4.915301 1.465558
v 2.222382 4.913050 1.486793
v 2.216083 4.911164 1.480735
v 2.183748 4.918457 1.463245
v 1.865304 4.915301 1.865302
v 1.889621 4.913050 1.891790
v 1.884624 4.911164 1.884619
v 1.861157 4.918458 1.856323
v 1.465558 4.915301 2.193366
v 1.486793 4.913050 2.222382
v 1.480735 4.911164 2.216083
v 1.463245 4.918457 2.183748
v 1.009497 4.915301 2.437136
v 1.021825 4.913051 2.470912
v 1.019953 4.911164 2.462375
v 1.002785 4.918457 2.429868
v 0.514634 4.915301 2.587250
v 0.523149 4.913050 2.622184
v 0.519962 4.911164 2.614046
v 0.516177 4.918457 2.577479
v 0.000001 4.915301 2.637937
v -0.001534 4.913050 2.673861
v 0.000003 4.911164 2.665257
v 0.003418 4.918457 2.628655
v -0.514634 4.915301 2.587250
v -0.523149 4.913050 2.622184
v -0.519962 4.911164 2.614046
v -0.516177 4.918457 2.577479
v -1.009496 4.915301 2.437136
v -1.021825 4.913051 2.470912
v -1.019953 4.911164 2.462375
v -1.002785 4.918457 2.429868
v -1.465559 4.915301 2.193366
v -1.486793 4.913050 2.222382
v -1.480735 4.911164 2.216082
v -1.463245 4.918457 2.183748
v -1.865302 4.915301 1.865304
v -1.891790 4.913050 1.889621
v -1.884624 4.911164 1.884619
v -1.856323 4.918458 1.861157
v -2.193366 4.915301 1.465559
v -2.222382 4.913050 1.486794
v -2.216082 4.911164 1.480735
v -2.183748 4.918457 1.463245
v -2.437136 4.915301 1.009497
v -2.470912 4.913051 1.021825
v -2.462375 4.911164 1.019953
v -2.429868 4.918457 1.002785
v -2.587250 4.915301 0.514635
v -2.622184 4.913050 0.523149
v -2.614045 4.911164 0.519963
v -2.577479 4.918457 0.516178
v -2.637937 4.915301 0.000002
v -2.673861 4.913050 -0.001534
v -2.665257 4.911164 0.000003
v -2.628655 4.918457 0.003418
v -2.587250 4.915301 -0.514635
v -2.622184 4.913050 -0.523149
v -2.614045 4.911164 -0.519963
v -2.577479 4.918457 -0.516178
v -2.437136 4.915301 -1.009497
v -2.470912 4.913051 -1.021826
v -2.462375 4.911164 -1.019953
v -2.429868 4.918457 -1.002785
v -2.193366 4.915301 -1.465558
v -2.222382 4.913050 -1.486793
v -2.216083 4.911164 -1.480734
v -2.183748 4.918457 -1.463244
v -1.865305 4.915301 -1.865302
v -1.889621 4.913050 -1.891790
v -1.884619 4.911164 -1.884624
v -1.861157 4.918457 -1.856323
v -1.465559 4.915301 -2.193366
v -1.486793 4.913050 -2.222382
v -1.480735 4.911164 -2.216083
v -1.463245 4.918457 -2.183748
v -1.009496 4.915301 -2.437136
v -1.021825 4.913051 -2.470913
v -1.019953 4.911164 -2.462375
v -1.002785 4.918457 -2.429869
v -0.514634 4.915301 -2.587250
v -0.523149 4.913050 -2.622184
v -0.519962 4.911164 -2.614046
v -0.516177 4.918457 -2.577479
v 0.412828 1.470521 -2.075435
v 0.421158 1.462031 -2.109442
v 0.418156 1.466378 -2.102230
v 0.414371 1.473671 -2.065663
v 0.809796 1.470521 -1.955016
v 0.821763 1.462031 -1.987920
v 0.820252 1.466378 -1.980255
v 0.803084 1.473671 -1.947748
v 1.175638 1.470521 -1.759470
v 1.196348 1.462031 -1.787700
v 1.190814 1.466378 -1.782186
v 1.173324 1.473671 -1.749851
v 1.496304 1.470521 -1.496306
v 1.522124 1.462031 -1.519954
v 1.515620 1.466378 -1.515625
v 1.492158 1.473671 -1.487324
v 1.759470 1.470521 -1.175638
v 1.787700 1.462031 -1.196348
v 1.782186 1.466378 -1.190814
v 1.749851 1.473671 -1.173324
v 1.955016 1.470521 -0.809796
v 1.987920 1.462031 -0.821763
v 1.980255 1.466378 -0.820252
v 1.947748 1.473671 -0.803084
v 2.075435 1.470521 -0.412828
v 2.109442 1.462031 -0.421158
v 2.102230 1.466378 -0.418156
v 2.065663 1.473671 -0.414371
v 2.116095 1.470521 -0.000001
v 2.151074 1.462031 0.001534
v 2.143414 1.466378 -0.000003
v 2.106812 1.473671 0.003418
v 2.075435 1.470521 0.412828
v 2.109442 1.462031 0.421158
v 2.102230 1.466378 0.418156
v 2.065663 1.473671 0.414371
v 1.955017 1.470521 0.809796
v 1.987920 1.462031 0.821763
v 1.980255 1.466378 0.820252
v 1.947749 1.473671 0.803084
v 1.759470 1.470521 1.175638
v 1.787700 1.462031 1.196348
v 1.782186 1.466378 1.190814
v 1.749851 1.473671 1.173324
v 1.496306 1.470521 1.496304
v 1.519954 1.462031 1.522124
v 1.515625 1.466378 1.515620
v 1.487324 1.473671 1.492158
v 1.175638 1.470521 1.759470
v 1.196348 1.462031 1.787700
v 1.190814 1.466378 1.782186
v 1.173324 1.473671 1.749851
v 0.809796 1.470521 1.955016
v 0.821763 1.462031 1.987920
v 0.820252 1.466378 1.980255
v 0.803084 1.473671 1.947748
v 0.412828 1.470521 2.075435
v 0.421158 1.462031 2.109442
v 0.418156 1.466378 2.102230
v 0.414371 1.473671 2.065663
v -0.000002 1.470521 2.116095
v 0.001534 1.462031 2.151074
v 0.000003 1.466378 2.143414
v -0.003418 1.473671 2.106812
v -0.412828 1.470521 2.075435
v -0.421158 1.462031 2.109442
v -0.418156 1.466378 2.102230
v -0.414371 1.473671 2.065663
v -0.809796 1.470521 1.955016
v -0.821763 1.462031 1.987920
v -0.820252 1.466378 1.980255
v -0.803084 1.473671 1.947748
v -1.175638 1.470521 1.759470
v -1.196348 1.462031 1.787700
v -1.190814 1.466378 1.782186
v -1.173324 1.473671 1.749851
v -1.496304 1.470521 1.496306
v -1.522123 1.462031 1.519954
v -1.515625 1.466378 1.515620
v -1.487324 1.473671 1.492158
v -1.759470 1.470521 1.175639
v -1.787700 1.462031 1.196349
v -1.782182 1.466378 1.190820
v -1.753649 1.473671 1.167641
v -1.955016 1.470521 0.809796
v -1.987920 1.462031 0.821763
v -1.980255 1.466378 0.820253
v -1.947748 1.473671 0.803084
v -2.075435 1.470521 0.412828
v -2.109442 1.462031 0.421158
v -2.102230 1.466378 0.418156
v -2.065663 1.473671 0.414371
v -2.116095 1.470521 0.000002
v -2.151074 1.462031 -0.001534
v -2.143414 1.466378 0.000003
v -2.106812 1.473671 -0.003418
v -2.075435 1.470521 -0.412828
v -2.109442 1.462031 -0.421158
v -2.102230 1.466378 -0.418156
v -2.065663 1.473671 -0.414371
v -1.955016 1.470521 -0.809796
v -1.987920 1.462031 -0.821764
v -1.980255 1.466378 -0.820253
v -1.947748 1.473671 -0.803085
v -1.759470 1.470521 -1.175638
v -1.787701 1.462031 -1.196348
v -1.782186 1.466378 -1.190814
v -1.749852 1.473671 -1.173324
v -1.496304 1.470521 -1.496306
v -1.522124 1.462031 -1.519954
v -1.515625 1.466378 -1.515620
v -1.487324 1.473671 -1.492158
v -1.175638 1.470521 -1.759470
v -1.196348 1.462031 -1.787700
v -1.190814 1.466378 -1.782186
v -1.173324 1.473671 -1.749851
v -0.809796 1.470521 -1.955017
v -0.821763 1.462031 -1.987920
v -0.820252 1.466378 -1.980255
v -0.803084 1.473671 -1.947749
v -0.412828 1.470521 -2.075435
v -0.421158 1.462031 -2.109442
v -0.418156 1.466378 -2.102230
v -0.414371 1.473671 -2.065663
v -0.000002 1.470515 -2.116094
v 0.001534 1.462031 -2.151074
v 0.000003 1.466378 -2.143414
v -0.003418 1.473671 -2.106812
v 0.473912 3.537387 -2.382524
v 0.482426 3.535136 -2.417458
v 0.479240 3.533250 -2.409319
v 0.475455 3.540543 -2.372753
v 0.929616 3.537387 -2.244288
v 0.941945 3.535136 -2.278064
v 0.940073 3.533250 -2.269527
v 0.922905 3.540543 -2.237020
v 1.349590 3.537387 -2.019807
v 1.370825 3.535136 -2.048823
v 1.364772 3.533250 -2.042520
v 1.347276 3.540543 -2.010189
v 1.717703 3.537393 -1.717705
v 1.743523 3.528903 -1.741353
v 1.737024 3.533250 -1.737019
v 1.713557 3.540543 -1.708723
v 2.019807 3.537387 -1.349590
v 2.048823 3.535136 -1.370825
v 2.042524 3.533250 -1.364767
v 2.013987 3.540543 -1.341592
v 2.244288 3.537387 -0.929616
v 2.278064 3.535136 -0.941945
v 2.269527 3.533250 -0.940073
v 2.237020 3.540543 -0.922905
v 2.382524 3.537387 -0.473912
v 2.417458 3.535136 -0.482426
v 2.409319 3.533250 -0.479240
v 2.372753 3.540543 -0.475455
v 2.429200 3.537387 -0.000001
v 2.465124 3.535136 0.001534
v 2.456520 3.533250 0.000004
v 2.419918 3.540543 0.003418
v 2.382524 3.537387 0.473912
v 2.417458 3.535136 0.482426
v 2.409319 3.533250 0.479240
v 2.372753 3.540543 0.475455
v 2.244288 3.537387 0.929616
v 2.278065 3.535136 0.941945
v 2.269527 3.533250 0.940073
v 2.237021 3.540543 0.922905
v 2.019808 3.537393 1.349590
v 2.048038 3.528903 1.370300
v 2.042524 3.533250 1.364767
v 2.010189 3.540543 1.347276
v 1.717705 3.537393 1.717703
v 1.741353 3.528903 1.743523
v 1.737019 3.533250 1.737024
v 1.708723 3.540543 1.713557
v 1.349590 3.537393 2.019808
v 1.370300 3.528903 2.048038
v 1.364767 3.533250 2.042524
v 1.347276 3.540543 2.010189
v 0.929616 3.537387 2.244288
v 0.941945 3.535136 2.278064
v 0.940073 3.533250 2.269527
v 0.922905 3.540543 2.237020
v 0.473912 3.537393 2.382525
v 0.482426 3.535136 2.417458
v 0.479240 3.533250 2.409319
v 0.475455 3.540543 2.372753
v -0.000002 3.537387 2.429200
v 0.001534 3.535136 2.465124
v 0.000003 3.533250 2.456520
v -0.003418 3.540543 2.419918
v -0.473912 3.537387 2.382524
v -0.482426 3.535136 2.417458
v -0.479240 3.533250 2.409319
v -0.475455 3.540543 2.372753
v -0.929616 3.537387 2.244288
v -0.941945 3.535136 2.278064
v -0.940073 3.533250 2.269527
v -0.922905 3.540543 2.237020
v -1.349593 3.537387 2.019805
v -1.368274 3.535136 2.050528
v -1.364767 3.533250 2.042524
v -1.347277 3.540543 2.010189
v -1.717703 3.537387 1.717705
v -1.744190 3.535136 1.742021
v -1.737019 3.533250 1.737024
v -1.713557 3.540543 1.708724
v -2.019807 3.537387 1.349591
v -2.048823 3.535136 1.370825
v -2.042524 3.533250 1.364767
v -2.010189 3.540543 1.347277
v -2.244288 3.537387 0.929616
v -2.278064 3.535136 0.941945
v -2.269527 3.533250 0.940073
v -2.237020 3.540543 0.922905
v -2.382524 3.537387 0.473912
v -2.417458 3.535136 0.482426
v -2.409319 3.533250 0.479240
v -2.372753 3.540543 0.475455
v -2.429200 3.537387 0.000002
v -2.465124 3.535136 -0.001534
v -2.456520 3.533250 -0.000003
v -2.419918 3.540543 -0.003418
v -2.382524 3.537387 -0.473912
v -2.417458 3.535136 -0.482427
v -2.409319 3.533250 -0.479240
v -2.372753 3.540543 -0.475455
v -2.244288 3.537387 -0.929617
v -2.278064 3.535136 -0.941945
v -2.269527 3.533250 -0.940073
v -2.237020 3.540543 -0.922905
v -2.019807 3.537387 -1.349590
v -2.048824 3.535136 -1.370825
v -2.042520 3.533250 -1.364772
v -2.010190 3.540543 -1.347276
v -1.717706 3.537393 -1.717703
v -1.741354 3.528903 -1.743523
v -1.737024 3.533250 -1.737019
v -1.708724 3.540543 -1.713557
v -1.349590 3.537387 -2.019807
v -1.370825 3.535136 -2.048823
v -1.364767 3.533250 -2.042524
v -1.347277 3.540543 -2.010189
v -0.929616 3.537393 -2.244289
v -0.941945 3.535136 -2.278065
v -0.940073 3.533250 -2.269527
v -0.922905 3.540543 -2.237021
v -0.473912 3.537393 -2.382525
v -0.482242 3.528903 -2.416532
v -0.479240 3.533250 -2.409319
v -0.475455 3.540543 -2.372753
v 0.000002 3.537387 -2.429200
v -0.001534 3.535136 -2.465124
v -0.000003 3.533250 -2.456520
v 0.003418 3.540543 -2.419918
v 0.000002 2.159472 -2.220463
v -0.001534 2.157221 -2.256387
v -0.000003 2.155335 -2.247783
v 0.003418 2.162628 -2.211181
v 0.433190 2.159478 -2.177799
v 0.441520 2.150989 -2.211805
v 0.438517 2.155335 -2.204593
v 0.434732 2.162628 -2.168026
v 0.849736 2.159472 -2.051440
v 0.862065 2.157221 -2.085216
v 0.860192 2.155335 -2.076679
v 0.843024 2.162628 -2.044172
v 1.233622 2.159478 -1.846249
v 1.254332 2.150989 -1.874480
v 1.248804 2.155335 -1.868961
v 1.231308 2.162628 -1.836631
v 1.570106 2.159478 -1.570104
v 1.593754 2.150989 -1.595923
v 1.589420 2.155335 -1.589425
v 1.565958 2.162628 -1.561124
v 1.846249 2.159472 -1.233622
v 1.875265 2.157221 -1.254857
v 1.868965 2.155335 -1.248798
v 1.840429 2.162628 -1.225624
v 2.051440 2.159478 -0.849736
v 2.085216 2.157221 -0.862065
v 2.076679 2.155335 -0.860192
v 2.044172 2.162628 -0.843024
v 2.177799 2.159478 -0.433190
v 2.211805 2.150989 -0.441520
v 2.204593 2.155335 -0.438517
v 2.168026 2.162628 -0.434732
v 2.220463 2.159472 -0.000001
v 2.256387 2.157221 0.001534
v 2.247783 2.155335 0.000004
v 2.211181 2.162628 0.003418
v 2.177799 2.159478 0.433190
v 2.211805 2.150989 0.441520
v 2.204593 2.155335 0.438517
v 2.168026 2.162628 0.434732
v 2.051441 2.159478 0.849736
v 2.084344 2.150989 0.861703
v 2.076679 2.155335 0.860192
v 2.044173 2.162628 0.843024
v 1.846249 2.159472 1.233622
v 1.875265 2.157221 1.254857
v 1.868961 2.155335 1.248804
v 1.836631 2.162628 1.231308
v 1.570106 2.159478 1.570104
v 1.594422 2.157221 1.596591
v 1.589425 2.155335 1.589420
v 1.561124 2.162628 1.565958
v 1.233622 2.159472 1.846249
v 1.254857 2.157221 1.875265
v 1.248798 2.155335 1.868965
v 1.225624 2.162628 1.840429
v 0.849736 2.159478 2.051440
v 0.861703 2.150989 2.084344
v 0.860193 2.155335 2.076679
v 0.843025 2.162628 2.044172
v 0.433190 2.159478 2.177799
v 0.441520 2.150989 2.211806
v 0.438517 2.155335 2.204593
v 0.434732 2.162628 2.168027
v 0.000001 2.159472 2.220463
v -0.001534 2.157221 2.256387
v -0.000004 2.155335 2.247783
v -0.003418 2.162628 2.211181
v -0.433189 2.159478 2.177799
v -0.441519 2.150989 2.211806
v -0.438517 2.155335 2.204593
v -0.434732 2.162628 2.168027
v -0.849736 2.159478 2.051440
v -0.861703 2.150989 2.084344
v -0.860192 2.155335 2.076679
v -0.843024 2.162628 2.044172
v -1.233622 2.159472 1.846248
v -1.254857 2.157221 1.875265
v -1.248799 2.155335 1.868965
v -1.231308 2.162628 1.836630
v -1.570104 2.159478 1.570106
v -1.595923 2.150989 1.593754
v -1.589424 2.155335 1.589420
v -1.561124 2.162628 1.565958
v -1.846248 2.159472 1.233622
v -1.875264 2.157221 1.254857
v -1.868961 2.155335 1.248805
v -1.840428 2.162628 1.225625
v -2.051440 2.159478 0.849736
v -2.084344 2.150989 0.861704
v -2.076679 2.155335 0.860193
v -2.044172 2.162628 0.843025
v -2.177799 2.159478 0.433190
v -2.211805 2.150989 0.441520
v -2.204593 2.155335 0.438517
v -2.168026 2.162628 0.434732
v -2.220463 2.159472 0.000002
v -2.256387 2.157221 -0.001534
v -2.247783 2.155335 -0.000003
v -2.211181 2.162628 -0.003418
v -2.177799 2.159478 -0.433190
v -2.211805 2.150989 -0.441520
v -2.204593 2.155335 -0.438518
v -2.168026 2.162628 -0.434732
v -2.051440 2.159478 -0.849737
v -2.084344 2.150989 -0.861704
v -2.076679 2.155335 -0.860193
v -2.044172 2.162628 -0.843025
v -1.846249 2.159478 -1.233622
v -1.874480 2.150989 -1.254332
v -1.868965 2.155335 -1.248798
v -1.836631 2.162628 -1.231308
v -1.570104 2.159478 -1.570106
v -1.595923 2.150989 -1.593754
v -1.589420 2.155335 -1.589424
v -1.565958 2.162628 -1.561124
v -1.233622 2.159478 -1.846249
v -1.254332 2.150989 -1.874480
v -1.248804 2.155335 -1.868961
v -1.225624 2.162628 -1.840429
v -0.849736 2.159478 -2.051441
v -0.861703 2.150989 -2.084344
v -0.860192 2.155335 -2.076679
v -0.843024 2.162628 -2.044173
v -0.433189 2.159478 -2.177799
v -0.441519 2.150989 -2.211806
v -0.438517 2.155335 -2.204593
v -0.434732 2.162628 -2.168027
v 0.392467 0.781557 -1.973071
v 0.400981 0.779306 -2.008005
v 0.397795 0.777420 -1.999866
v 0.394010 0.784713 -1.963300
v 0.769856 0.781557 -1.858592
v 0.782184 0.779306 -1.892368
v 0.780312 0.777420 -1.883831
v 0.763144 0.784713 -1.851324
v 1.117654 0.781557 -1.672690
v 1.138889 0.779306 -1.701706
v 1.132836 0.777420 -1.695403
v 1.109656 0.784713 -1.666870
v 1.422504 0.781557 -1.422506
v 1.448991 0.779306 -1.446822
v 1.441820 0.777420 -1.441825
v 1.418358 0.784714 -1.413524
v 1.672690 0.781557 -1.117654
v 1.701706 0.779306 -1.138889
v 1.695407 0.777420 -1.132830
v 1.663072 0.784713 -1.115340
v 1.858592 0.781557 -0.769855
v 1.892368 0.779306 -0.782184
v 1.883831 0.777420 -0.780312
v 1.851324 0.784713 -0.763144
v 1.973071 0.781557 -0.392467
v 2.008005 0.779306 -0.400981
v 1.999866 0.777420 -0.397795
v 1.963300 0.784713 -0.394010
v 2.011726 0.781557 0.000002
v 2.047649 0.779306 -0.001534
v 2.039046 0.777420 0.000004
v 2.002443 0.784713 0.003418
v 1.973071 0.781557 0.392467
v 2.008005 0.779306 0.400981
v 1.999866 0.777420 0.397795
v 1.963300 0.784713 0.394010
v 1.858592 0.781557 0.769855
v 1.892369 0.779306 0.782184
v 1.883831 0.777420 0.780312
v 1.851325 0.784713 0.763144
v 1.672690 0.781557 1.117654
v 1.701706 0.779306 1.138888
v 1.695407 0.777420 1.132830
v 1.663072 0.784713 1.115340
v 1.422504 0.781557 1.422506
v 1.448991 0.779306 1.446822
v 1.441820 0.777420 1.441825
v 1.418358 0.784714 1.413524
v 1.117654 0.781557 1.672690
v 1.138889 0.779306 1.701706
v 1.132830 0.777420 1.695407
v 1.115340 0.784713 1.663072
v 0.769856 0.781557 1.858592
v 0.782184 0.779306 1.892368
v 0.780312 0.777420 1.883831
v 0.763144 0.784713 1.851324
v 0.392467 0.781557 1.973071
v 0.400981 0.779306 2.008005
v 0.397795 0.777420 1.999866
v 0.394010 0.784713 1.963300
v -0.000002 0.781557 2.011726
v 0.001534 0.779306 2.047649
v -0.000004 0.777420 2.039046
v -0.003418 0.784713 2.002443
v -0.392467 0.781557 1.973071
v -0.400981 0.779306 2.008005
v -0.397795 0.777420 1.999866
v -0.394010 0.784713 1.963300
v -0.769855 0.781557 1.858592
v -0.782184 0.779306 1.892368
v -0.780312 0.777420 1.883831
v -0.763144 0.784713 1.851324
v -1.117654 0.781557 1.672690
v -1.138889 0.779306 1.701706
v -1.132830 0.777420 1.695406
v -1.115340 0.784713 1.663072
v -1.422504 0.781557 1.422506
v -1.448991 0.779306 1.446822
v -1.441825 0.777420 1.441820
v -1.413524 0.784714 1.418358
v -1.672690 0.781557 1.117654
v -1.701706 0.779306 1.138889
v -1.695402 0.777420 1.132836
v -1.666870 0.784713 1.109656
v -1.858592 0.781557 0.769856
v -1.892368 0.779306 0.782185
v -1.883831 0.777420 0.780312
v -1.851324 0.784713 0.763144
v -1.973071 0.781557 0.392467
v -2.008005 0.779306 0.400981
v -1.999866 0.777420 0.397795
v -1.963300 0.784713 0.394010
v -2.011726 0.781557 -0.000002
v -2.047649 0.779306 0.001534
v -2.039046 0.777420 -0.000003
v -2.002443 0.784713 -0.003418
v -1.973071 0.781557 -0.392467
v -2.008005 0.779306 -0.400981
v -1.999866 0.777420 -0.397795
v -1.963300 0.784713 -0.394010
v -1.858592 0.781557 -0.769856
v -1.892368 0.779306 -0.782185
v -1.883831 0.777420 -0.780313
v -1.851324 0.784713 -0.763145
v -1.672690 0.781557 -1.117653
v -1.701706 0.779306 -1.138888
v -1.695407 0.777420 -1.132830
v -1.663072 0.784713 -1.115340
v -1.422506 0.781557 -1.422504
v -1.446822 0.779306 -1.448991
v -1.441825 0.777420 -1.441820
v -1.413525 0.784714 -1.418358
v -1.117654 0.781557 -1.672690
v -1.138889 0.779306 -1.701706
v -1.132830 0.777420 -1.695407
v -1.115340 0.784713 -1.663072
v -0.769855 0.781557 -1.858592
v -0.782184 0.779306 -1.892369
v -0.780312 0.777420 -1.883831
v -0.763144 0.784713 -1.851325
v -0.392467 0.781557 -1.973071
v -0.400981 0.779306 -2.008005
v -0.397794 0.777420 -1.999866
v -0.394010 0.784713 -1.963300
v -0.000002 0.781557 -2.011726
v 0.001534 0.779306 -2.047649
v -0.000003 0.777420 -2.039046
v 0.003418 0.784713 -2.002443
v 0.000002 5.409628 -2.712822
v 0.001721 5.407570 -2.748603
v -0.000003 5.405491 -2.740142
v -0.003418 5.412784 -2.703539
v 0.529244 5.409628 -2.660696
v 0.537913 5.407570 -2.695454
v 0.534572 5.405491 -2.687491
v 0.530787 5.412784 -2.650925
v 1.038154 5.409628 -2.506320
v 1.050256 5.407570 -2.540037
v 1.048610 5.405491 -2.531559
v 1.031442 5.412784 -2.499053
v 1.507162 5.409628 -2.255630
v 1.528473 5.407570 -2.284425
v 1.522344 5.405491 -2.278343
v 1.499164 5.412784 -2.249810
v 1.918256 5.409628 -1.918254
v 1.942340 5.407570 -1.944773
v 1.937575 5.405491 -1.937570
v 1.909274 5.412784 -1.914108
v 2.255630 5.409628 -1.507162
v 2.284425 5.407570 -1.528473
v 2.278343 5.405491 -1.522344
v 2.249810 5.412784 -1.499164
v 2.506320 5.409628 -1.038154
v 2.540037 5.407570 -1.050256
v 2.531559 5.405491 -1.048610
v 2.499053 5.412784 -1.031442
v 2.660696 5.409628 -0.529244
v 2.695454 5.407570 -0.537914
v 2.687491 5.405491 -0.534572
v 2.650925 5.412784 -0.530787
v 2.712822 5.409628 -0.000002
v 2.748603 5.407570 0.001721
v 2.740142 5.405491 0.000004
v 2.703539 5.412784 -0.003418
v 2.660696 5.409628 0.529244
v 2.695454 5.407570 0.537913
v 2.687491 5.405491 0.534572
v 2.650925 5.412784 0.530787
v 2.506320 5.409628 1.038154
v 2.540037 5.407570 1.050255
v 2.531560 5.405491 1.048610
v 2.499053 5.412784 1.031442
v 2.255630 5.409628 1.507161
v 2.284425 5.407570 1.528473
v 2.278343 5.405491 1.522344
v 2.249810 5.412784 1.499164
v 1.918254 5.409628 1.918256
v 1.944773 5.407570 1.942340
v 1.937570 5.405491 1.937575
v 1.914108 5.412784 1.909274
v 1.507161 5.409628 2.255630
v 1.528473 5.407570 2.284425
v 1.522338 5.405491 2.278347
v 1.504848 5.412784 2.246012
v 1.038154 5.409628 2.506320
v 1.050256 5.407570 2.540037
v 1.048610 5.405491 2.531559
v 1.031442 5.412784 2.499053
v 0.529244 5.409628 2.660696
v 0.537913 5.407570 2.695454
v 0.534572 5.405491 2.687491
v 0.530787 5.412784 2.650925
v 0.000001 5.409628 2.712822
v -0.001721 5.407570 2.748603
v -0.000004 5.405491 2.740142
v 0.003418 5.412784 2.703539
v -0.529243 5.409628 2.660696
v -0.537913 5.407570 2.695454
v -0.534572 5.405491 2.687491
v -0.530787 5.412784 2.650925
v -1.038154 5.409628 2.506320
v -1.050256 5.407570 2.540037
v -1.048610 5.405491 2.531559
v -1.031442 5.412784 2.499053
v -1.507162 5.409628 2.255630
v -1.528473 5.407570 2.284424
v -1.522344 5.405491 2.278342
v -1.499164 5.412784 2.249810
v -1.918256 5.409628 1.918254
v -1.942339 5.407570 1.944773
v -1.937575 5.405491 1.937570
v -1.909274 5.412784 1.914108
v -2.255630 5.409628 1.507162
v -2.284424 5.407570 1.528473
v -2.278346 5.405491 1.522339
v -2.246012 5.412784 1.504849
v -2.506320 5.409628 1.038154
v -2.540037 5.407570 1.050256
v -2.531559 5.405491 1.048610
v -2.499053 5.412784 1.031442
v -2.660696 5.409628 0.529244
v -2.695454 5.407570 0.537914
v -2.687491 5.405491 0.534572
v -2.650925 5.412784 0.530787
v -2.712822 5.409628 -0.000002
v -2.748603 5.407570 0.001721
v -2.740142 5.405491 -0.000003
v -2.703539 5.412784 0.003418
v -2.660696 5.409628 -0.529244
v -2.695454 5.407570 -0.537914
v -2.687491 5.405491 -0.534572
v -2.650925 5.412784 -0.530787
v -2.506320 5.409628 -1.038154
v -2.540037 5.407570 -1.050256
v -2.531559 5.405491 -1.048611
v -2.499053 5.412784 -1.031443
v -2.255628 5.409628 -1.507164
v -2.286337 5.407570 -1.525611
v -2.278343 5.405491 -1.522344
v -2.249810 5.412784 -1.499164
v -1.918256 5.409628 -1.918253
v -1.942340 5.407570 -1.944773
v -1.937571 5.405491 -1.937575
v -1.914108 5.412784 -1.909274
v -1.507162 5.409628 -2.255630
v -1.528473 5.407570 -2.284425
v -1.522344 5.405491 -2.278343
v -1.499164 5.412784 -2.249810
v -1.038154 5.409628 -2.506320
v -1.050256 5.407570 -2.540037
v -1.048610 5.405491 -2.531560
v -1.031442 5.412784 -2.499053
v -0.529243 5.409628 -2.660696
v -0.537913 5.407570 -2.695454
v -0.534572 5.405491 -2.687491
v -0.530787 5.412784 -2.650925
v 0.379791 0.352531 -1.909327
v 0.388457 0.350473 -1.944086
v 0.385115 0.348394 -1.936123
v 0.381330 0.355687 -1.899557
v 0.744984 0.352531 -1.798547
v 0.757086 0.350473 -1.832263
v 0.755441 0.348394 -1.823786
v 0.738273 0.355687 -1.791279
v 1.081549 0.352531 -1.618649
v 1.102857 0.350473 -1.647445
v 1.096728 0.348394 -1.641364
v 1.073548 0.355687 -1.612831
v 1.376550 0.352531 -1.376547
v 1.403067 0.350473 -1.400633
v 1.395869 0.348394 -1.395864
v 1.372402 0.355687 -1.367568
v 1.618649 0.352531 -1.081549
v 1.649357 0.350473 -1.099996
v 1.641364 0.348394 -1.096728
v 1.612831 0.355687 -1.073548
v 1.798547 0.352531 -0.744984
v 1.832263 0.350473 -0.757086
v 1.823786 0.348394 -0.755441
v 1.791279 0.355687 -0.738273
v 1.909328 0.352531 -0.379787
v 1.944757 0.350473 -0.385082
v 1.936123 0.348394 -0.385115
v 1.899557 0.355687 -0.381330
v 1.946734 0.352531 -0.000002
v 1.982515 0.350473 0.001721
v 1.974054 0.348394 0.000004
v 1.937451 0.355687 0.003418
v 1.909327 0.352531 0.379791
v 1.944086 0.350473 0.388457
v 1.936123 0.348394 0.385115
v 1.899557 0.355687 0.381330
v 1.798547 0.352531 0.744984
v 1.832264 0.350473 0.757086
v 1.823786 0.348394 0.755441
v 1.791280 0.355687 0.738273
v 1.618649 0.352531 1.081549
v 1.647445 0.350473 1.102857
v 1.641364 0.348394 1.096728
v 1.612831 0.355687 1.073548
v 1.376547 0.352531 1.376550
v 1.400633 0.350473 1.403067
v 1.395864 0.348394 1.395869
v 1.367568 0.355687 1.372402
v 1.081546 0.352531 1.618651
v 1.099996 0.350473 1.649357
v 1.096728 0.348394 1.641364
v 1.073548 0.355687 1.612831
v 0.744984 0.352531 1.798547
v 0.757086 0.350473 1.832263
v 0.755441 0.348394 1.823786
v 0.738273 0.355687 1.791279
v 0.379787 0.352531 1.909328
v 0.385082 0.350473 1.944757
v 0.385115 0.348394 1.936123
v 0.381330 0.355687 1.899557
v -0.000002 0.352531 1.946734
v -0.001721 0.350473 1.982515
v -0.000004 0.348394 1.974054
v -0.003418 0.355687 1.937451
v -0.379790 0.352531 1.909328
v -0.385082 0.350473 1.944757
v -0.385115 0.348394 1.936123
v -0.381330 0.355687 1.899557
v -0.744984 0.352531 1.798547
v -0.757086 0.350473 1.832263
v -0.755441 0.348394 1.823786
v -0.738273 0.355687 1.791279
v -1.081549 0.352531 1.618649
v -1.102857 0.350473 1.647445
v -1.096728 0.348394 1.641363
v -1.073548 0.355687 1.612831
v -1.376549 0.352531 1.376547
v -1.400633 0.350473 1.403067
v -1.395869 0.348394 1.395864
v -1.367568 0.355687 1.372402
v -1.618649 0.352531 1.081549
v -1.649357 0.350473 1.099996
v -1.641363 0.348394 1.096729
v -1.612831 0.355687 1.073549
v -1.798547 0.352531 0.744985
v -1.832263 0.350473 0.757086
v -1.823786 0.348394 0.755441
v -1.791279 0.355687 0.738273
v -1.909327 0.352531 0.379791
v -1.944757 0.350473 0.385082
v -1.936123 0.348394 0.385115
v -1.899557 0.355687 0.381330
v -1.946734 0.352531 -0.000002
v -1.982515 0.350473 -0.001721
v -1.974054 0.348394 -0.000003
v -1.937451 0.355687 -0.003418
v -1.909327 0.352531 -0.379791
v -1.944086 0.350473 -0.388457
v -1.936123 0.348394 -0.385116
v -1.899557 0.355687 -0.381331
v -1.798547 0.352531 -0.744985
v -1.832263 0.350473 -0.757087
v -1.823786 0.348394 -0.755441
v -1.791279 0.355687 -0.738273
v -1.618651 0.352531 -1.081545
v -1.647446 0.350473 -1.102857
v -1.641368 0.348394 -1.096722
v -1.609033 0.355687 -1.079232
v -1.376547 0.352531 -1.376549
v -1.403067 0.350473 -1.400633
v -1.395864 0.348394 -1.395869
v -1.372402 0.355687 -1.367568
v -1.081546 0.352531 -1.618651
v -1.099996 0.350473 -1.649357
v -1.096728 0.348394 -1.641364
v -1.073548 0.355687 -1.612831
v -0.744984 0.352531 -1.798547
v -0.757086 0.350473 -1.832264
v -0.755441 0.348394 -1.823786
v -0.738273 0.355687 -1.791280
v -0.379787 0.352531 -1.909328
v -0.388457 0.350473 -1.944086
v -0.385115 0.348394 -1.936123
v -0.381330 0.355687 -1.899557
v 0.000002 0.352531 -1.946734
v -0.001721 0.350473 -1.982515
v -0.000003 0.348394 -1.974054
v 0.003418 0.355687 -1.937451
v -0.422509 2.171069 -2.194577
v -0.457237 2.133734 -2.187075
v -0.442063 2.832701 -2.292881
v -0.478893 2.869498 -2.296514
v -0.013750 2.832701 -2.335066
v 0.021664 2.869498 -2.345814
v -0.013750 2.171069 -2.234837
v 0.021775 2.133734 -2.234254
v -0.842532 2.171069 -2.069982
v -0.875129 2.133734 -2.055849
v -0.880888 2.832701 -2.162581
v -0.917719 2.869498 -2.158960
v -0.469034 2.832701 -2.287516
v -0.436398 2.869498 -2.304967
v -0.449480 2.171069 -2.189212
v -0.414525 2.133734 -2.195571
v -1.230176 2.171069 -1.865838
v -1.259390 2.133734 -1.845617
v -1.285861 2.832701 -1.949175
v -1.321278 2.869498 -1.938438
v -0.906294 2.832701 -2.152058
v -0.877689 2.869498 -2.175541
v -0.867938 2.171069 -2.059458
v -0.834894 2.133734 -2.072514
v -1.570546 2.171069 -1.589990
v -1.595253 2.133734 -1.564458
v -1.641418 2.832701 -1.660863
v -1.674060 2.869498 -1.643422
v -1.308726 2.832701 -1.933897
v -1.285252 2.869498 -1.962510
v -1.253041 2.171069 -1.850560
v -1.223180 2.133734 -1.869812
v -1.850560 2.171069 -1.253041
v -1.869812 2.133734 -1.223179
v -1.933897 2.832701 -1.308725
v -1.962510 2.869498 -1.285252
v -1.660863 2.832701 -1.641418
v -1.643423 2.869498 -1.674060
v -1.589990 2.171069 -1.570545
v -1.564459 2.133734 -1.595253
v -2.059458 2.171069 -0.867938
v -2.072514 2.133734 -0.834895
v -2.152057 2.832701 -0.906294
v -2.175540 2.869498 -0.877690
v -1.949175 2.832701 -1.285860
v -1.938438 2.869498 -1.321277
v -1.865838 2.171069 -1.230176
v -1.845617 2.133734 -1.259390
v -2.189212 2.171069 -0.449481
v -2.195571 2.133734 -0.414525
v -2.287515 2.832701 -0.469034
v -2.304967 2.869498 -0.436398
v -2.162581 2.832701 -0.880888
v -2.158959 2.869498 -0.917720
v -2.069981 2.171069 -0.842532
v -2.055848 2.133734 -0.875130
v -2.234837 2.171069 -0.013750
v -2.234254 2.133734 0.021775
v -2.335066 2.832701 -0.013750
v -2.345814 2.869498 0.021664
v -2.292880 2.832701 -0.442063
v -2.296514 2.869498 -0.478894
v -2.194577 2.171069 -0.422510
v -2.187075 2.133734 -0.457238
v -2.194577 2.171069 0.422509
v -2.187075 2.133734 0.457238
v -2.292880 2.832701 0.442063
v -2.296514 2.869498 0.478894
v -2.335066 2.832701 0.013750
v -2.345814 2.869498 -0.021664
v -2.234837 2.171069 0.013750
v -2.234254 2.133734 -0.021775
v -2.069981 2.171069 0.842532
v -2.055848 2.133734 0.875130
v -2.162581 2.832701 0.880888
v -2.158959 2.869498 0.917720
v -2.287515 2.832701 0.469034
v -2.304967 2.869498 0.436398
v -2.189212 2.171069 0.449481
v -2.195571 2.133734 0.414525
v -1.865837 2.171069 1.230177
v -1.845616 2.133734 1.259390
v -1.949175 2.832701 1.285861
v -1.938438 2.869498 1.321278
v -2.152057 2.832701 0.906294
v -2.175540 2.869498 0.877690
v -2.059458 2.171069 0.867938
v -2.072514 2.133734 0.834895
v -1.589990 2.171069 1.570546
v -1.564458 2.133734 1.595253
v -1.660863 2.832701 1.641418
v -1.643422 2.869498 1.674060
v -1.933897 2.832701 1.308726
v -1.962509 2.869498 1.285252
v -1.850559 2.171069 1.253042
v -1.869811 2.133734 1.223180
v -1.253041 2.171069 1.850559
v -1.223180 2.133734 1.869811
v -1.308726 2.832701 1.933897
v -1.285252 2.869498 1.962509
v -1.641418 2.832701 1.660863
v -1.674060 2.869498 1.643423
v -1.570545 2.171069 1.589990
v -1.595253 2.133734 1.564459
v -0.867938 2.171069 2.059458
v -0.834894 2.133734 2.072514
v -0.906294 2.832701 2.152057
v -0.877689 2.869498 2.175540
v -1.285861 2.832701 1.949175
v -1.321278 2.869498 1.938438
v -1.230176 2.171069 1.865837
v -1.259390 2.133734 1.845616
v -0.449480 2.171069 2.189212
v -0.414525 2.133734 2.195571
v -0.469034 2.832701 2.287516
v -0.436398 2.869498 2.304967
v -0.880888 2.832701 2.162581
v -0.917719 2.869498 2.158959
v -0.842532 2.171069 2.069981
v -0.875129 2.133734 2.055848
v -0.013750 2.171069 2.234837
v 0.021775 2.133734 2.234254
v -0.013750 2.832701 2.335066
v 0.021664 2.869498 2.345814
v -0.442063 2.832701 2.292881
v -0.478893 2.869498 2.296514
v -0.422509 2.171069 2.194577
v -0.457238 2.133734 2.187075
v 0.422509 2.171069 2.194577
v 0.457238 2.133734 2.187075
v 0.442063 2.832701 2.292881
v 0.478893 2.869498 2.296514
v 0.013749 2.832701 2.335066
v -0.021664 2.869498 2.345814
v 0.013750 2.171069 2.234837
v -0.021775 2.133734 2.234254
v 0.842532 2.171069 2.069981
v 0.875129 2.133734 2.055848
v 0.880888 2.832701 2.162581
v 0.917719 2.869498 2.158959
v 0.469034 2.832701 2.287516
v 0.436398 2.869498 2.304967
v 0.449481 2.171069 2.189212
v 0.414525 2.133734 2.195571
v 1.230176 2.171069 1.865838
v 1.259390 2.133734 1.845617
v 1.285861 2.832701 1.949175
v 1.321278 2.869498 1.938438
v 0.906294 2.832701 2.152057
v 0.877690 2.869498 2.175540
v 0.867938 2.171069 2.059458
v 0.834895 2.133734 2.072514
v 1.570545 2.171069 1.589990
v 1.595253 2.133734 1.564459
v 1.641418 2.832701 1.660863
v 1.674060 2.869498 1.643423
v 1.308725 2.832701 1.933897
v 1.285252 2.869498 1.962509
v 1.253041 2.171069 1.850560
v 1.223180 2.133734 1.869812
v 1.850560 2.171069 1.253041
v 1.869812 2.133734 1.223180
v 1.933897 2.832701 1.308725
v 1.962509 2.869498 1.285252
v 1.660863 2.832701 1.641418
v 1.643423 2.869498 1.674060
v 1.589990 2.171069 1.570545
v 1.564459 2.133734 1.595253
v 2.059458 2.171069 0.867938
v 2.072514 2.133734 0.834894
v 2.152058 2.832701 0.906294
v 2.175541 2.869498 0.877689
v 1.949175 2.832701 1.285860
v 1.938438 2.869498 1.321277
v 1.865838 2.171069 1.230176
v 1.845617 2.133734 1.259390
v 2.189212 2.171069 0.449481
v 2.195571 2.133734 0.414525
v 2.287515 2.832701 0.469034
v 2.304967 2.869498 0.436398
v 2.162581 2.832701 0.880888
v 2.158960 2.869498 0.917719
v 2.069982 2.171069 0.842532
v 2.055849 2.133734 0.875129
v 2.234837 2.171069 0.013750
v 2.234254 2.133734 -0.021775
v 2.335066 2.832701 0.013750
v 2.345814 2.869498 -0.021664
v 2.292880 2.832701 0.442063
v 2.296514 2.869498 0.478893
v 2.194577 2.171069 0.422509
v 2.187075 2.133734 0.457238
v 2.194577 2.171069 -0.422509
v 2.187075 2.133734 -0.457238
v 2.292880 2.832701 -0.442063
v 2.296514 2.869498 -0.478893
v 2.335066 2.832701 -0.013750
v 2.345814 2.869498 0.021664
v 2.234837 2.171069 -0.013750
v 2.234254 2.133734 0.021775
v 2.069981 2.171069 -0.842532
v 2.055848 2.133734 -0.875129
v 2.162581 2.832701 -0.880888
v 2.158959 2.869498 -0.917719
v 2.287515 2.832701 -0.469034
v 2.304967 2.869498 -0.436398
v 2.189212 2.171069 -0.449481
v 2.195571 2.133734 -0.414525
v 1.865838 2.171069 -1.230176
v 1.845617 2.133734 -1.259390
v 1.949175 2.832701 -1.285861
v 1.938438 2.869498 -1.321278
v 2.152057 2.832701 -0.906294
v 2.175540 2.869498 -0.877689
v 2.059458 2.171069 -0.867938
v 2.072514 2.133734 -0.834894
v 1.589990 2.171069 -1.570545
v 1.564459 2.133734 -1.595253
v 1.660863 2.832701 -1.641418
v 1.643423 2.869498 -1.674060
v 1.933897 2.832701 -1.308725
v 1.962509 2.869498 -1.285252
v 1.850560 2.171069 -1.253041
v 1.869812 2.133734 -1.223180
v 1.253041 2.171069 -1.850560
v 1.223180 2.133734 -1.869812
v 1.308725 2.832701 -1.933897
v 1.285252 2.869498 -1.962509
v 1.641418 2.832701 -1.660863
v 1.674060 2.869498 -1.643423
v 1.570545 2.171069 -1.589990
v 1.595253 2.133734 -1.564459
v 0.867938 2.171069 -2.059458
v 0.834895 2.133734 -2.072514
v 0.906294 2.832701 -2.152057
v 0.877689 2.869498 -2.175540
v 1.285861 2.832701 -1.949175
v 1.321278 2.869498 -1.938438
v 1.230176 2.171069 -1.865838
v 1.259390 2.133734 -1.845617
v 0.449481 2.171069 -2.189212
v 0.414525 2.133734 -2.195571
v 0.469034 2.832701 -2.287515
v 0.436398 2.869498 -2.304967
v 0.880888 2.832701 -2.162581
v 0.917719 2.869498 -2.158959
v 0.842532 2.171069 -2.069981
v 0.875129 2.133734 -2.055848
v 0.013750 2.171069 -2.234837
v -0.021775 2.133734 -2.234254
v 0.013750 2.832701 -2.335066
v -0.021664 2.869498 -2.345814
v 0.442063 2.832701 -2.292880
v 0.478893 2.869498 -2.296514
v 0.422509 2.171069 -2.194577
v 0.457238 2.133734 -2.187075
v -0.463232 3.548983 -2.399303
v -0.497960 3.511649 -2.391801
v -0.482786 4.210616 -2.497607
v -0.519616 4.247413 -2.501240
v -0.013750 4.210616 -2.543803
v 0.021664 4.247413 -2.554552
v -0.013750 3.548983 -2.443574
v 0.021775 3.511649 -2.442991
v -0.922412 3.548983 -2.262830
v -0.955009 3.511649 -2.248697
v -0.960768 4.210616 -2.355429
v -0.997599 4.247413 -2.351808
v -0.509757 4.210616 -2.492242
v -0.477121 4.247413 -2.509693
v -0.490203 3.548983 -2.393939
v -0.455247 3.511649 -2.400298
v -1.346145 3.548983 -2.039396
v -1.375358 3.511649 -2.019176
v -1.401829 4.210616 -2.122734
v -1.437246 4.247413 -2.111997
v -0.986174 4.210616 -2.344906
v -0.957570 4.247413 -2.368389
v -0.947818 3.548983 -2.252306
v -0.914775 3.511649 -2.265362
v -1.718145 3.548983 -1.737590
v -1.742853 3.511649 -1.712058
v -1.789018 4.210616 -1.808462
v -1.821660 4.247413 -1.791022
v -1.424694 4.210616 -2.107456
v -1.401220 4.247413 -2.136068
v -1.369009 3.548983 -2.024118
v -1.339148 3.511649 -2.043370
v -2.024119 3.548983 -1.369009
v -2.043370 3.511649 -1.339148
v -2.107456 4.210616 -1.424693
v -2.136068 4.247413 -1.401220
v -1.808463 4.210616 -1.789017
v -1.791022 4.247413 -1.821659
v -1.737590 3.548983 -1.718145
v -1.712058 3.511649 -1.742852
v -2.252306 3.548983 -0.947819
v -2.265362 3.511649 -0.914775
v -2.344905 4.210616 -0.986175
v -2.368388 4.247413 -0.957570
v -2.122734 4.210616 -1.401828
v -2.111997 4.247413 -1.437245
v -2.039397 3.548983 -1.346144
v -2.019176 3.511649 -1.375358
v -2.393939 3.548983 -0.490203
v -2.400297 3.511649 -0.455248
v -2.492242 4.210616 -0.509757
v -2.509693 4.247413 -0.477121
v -2.355429 4.210616 -0.960769
v -2.351808 4.247413 -0.997600
v -2.262829 3.548983 -0.922412
v -2.248696 3.511649 -0.955010
v -2.443574 3.548983 -0.013750
v -2.442991 3.511649 0.021775
v -2.543803 4.210616 -0.013750
v -2.554552 4.247413 0.021664
v -2.497607 4.210616 -0.482786
v -2.501240 4.247413 -0.519616
v -2.399303 3.548983 -0.463232
v -2.391801 3.511649 -0.497961
v -2.399303 3.548983 0.463232
v -2.391801 3.511649 0.497960
v -2.497607 4.210616 0.482786
v -2.501240 4.247413 0.519616
v -2.543803 4.210616 0.013750
v -2.554552 4.247413 -0.021664
v -2.443574 3.548983 0.013750
v -2.442991 3.511649 -0.021775
v -2.262829 3.548983 0.922412
v -2.248696 3.511649 0.955010
v -2.355429 4.210616 0.960769
v -2.351808 4.247413 0.997600
v -2.492242 4.210616 0.509757
v -2.509693 4.247413 0.477121
v -2.393939 3.548983 0.490203
v -2.400297 3.511649 0.455248
v -2.039396 3.548983 1.346145
v -2.019175 3.511649 1.375359
v -2.122733 4.210616 1.401829
v -2.111996 4.247413 1.437246
v -2.344905 4.210616 0.986175
v -2.368388 4.247413 0.957570
v -2.252306 3.548983 0.947819
v -2.265362 3.511649 0.914775
v -1.737590 3.548983 1.718145
v -1.712058 3.511649 1.742853
v -1.808462 4.210616 1.789018
v -1.791022 4.247413 1.821660
v -2.107455 4.210616 1.424694
v -2.136068 4.247413 1.401221
v -2.024118 3.548983 1.369010
v -2.043370 3.511649 1.339148
v -1.369009 3.548983 2.024118
v -1.339148 3.511649 2.043370
v -1.424694 4.210616 2.107456
v -1.401220 4.247413 2.136068
v -1.789017 4.210616 1.808463
v -1.821659 4.247413 1.791022
v -1.718145 3.548983 1.737590
v -1.742852 3.511649 1.712058
v -0.947818 3.548983 2.252306
v -0.914775 3.511649 2.265362
v -0.986174 4.210616 2.344905
v -0.957570 4.247413 2.368388
v -1.401829 4.210616 2.122733
v -1.437246 4.247413 2.111996
v -1.346145 3.548983 2.039396
v -1.375358 3.511649 2.019175
v -0.490203 3.548983 2.393939
v -0.455247 3.511649 2.400298
v -0.509757 4.210616 2.492242
v -0.477121 4.247413 2.509693
v -0.960768 4.210616 2.355429
v -0.997599 4.247413 2.351808
v -0.922412 3.548983 2.262829
v -0.955010 3.511649 2.248696
v -0.013750 3.548983 2.443574
v 0.021775 3.511649 2.442991
v -0.013750 4.210616 2.543803
v 0.021664 4.247413 2.554552
v -0.482786 4.210616 2.497607
v -0.519616 4.247413 2.501240
v -0.463232 3.548983 2.399303
v -0.497960 3.511649 2.391801
v 0.463232 3.548983 2.399303
v 0.497960 3.511649 2.391801
v 0.482786 4.210616 2.497607
v 0.519616 4.247413 2.501240
v 0.013749 4.210616 2.543803
v -0.021664 4.247413 2.554552
v 0.013750 3.548983 2.443574
v -0.021775 3.511649 2.442991
v 0.922412 3.548983 2.262829
v 0.955010 3.511649 2.248696
v 0.960768 4.210616 2.355429
v 0.997600 4.247413 2.351808
v 0.509757 4.210616 2.492242
v 0.477121 4.247413 2.509693
v 0.490203 3.548983 2.393939
v 0.455247 3.511649 2.400298
v 1.346144 3.548983 2.039396
v 1.375358 3.511649 2.019176
v 1.401829 4.210616 2.122734
v 1.437246 4.247413 2.111997
v 0.986174 4.210616 2.344905
v 0.957570 4.247413 2.368388
v 0.947818 3.548983 2.252306
v 0.914775 3.511649 2.265362
v 1.718145 3.548983 1.737590
v 1.742852 3.511649 1.712058
v 1.789018 4.210616 1.808463
v 1.821660 4.247413 1.791022
v 1.424693 4.210616 2.107456
v 1.401220 4.247413 2.136068
v 1.369009 3.548983 2.024118
v 1.339148 3.511649 2.043370
v 2.024118 3.548983 1.369009
v 2.043370 3.511649 1.339148
v 2.107456 4.210616 1.424693
v 2.136068 4.247413 1.401220
v 1.808463 4.210616 1.789018
v 1.791022 4.247413 1.821660
v 1.737590 3.548983 1.718145
v 1.712058 3.511649 1.742852
v 2.252306 3.548983 0.947818
v 2.265362 3.511649 0.914775
v 2.344906 4.210616 0.986174
v 2.368389 4.247413 0.957570
v 2.122734 4.210616 1.401829
v 2.111997 4.247413 1.437246
v 2.039396 3.548983 1.346144
v 2.019176 3.511649 1.375358
v 2.393939 3.548983 0.490203
v 2.400297 3.511649 0.455247
v 2.492242 4.210616 0.509757
v 2.509693 4.247413 0.477121
v 2.355429 4.210616 0.960768
v 2.351808 4.247413 0.997599
v 2.262830 3.548983 0.922412
v 2.248697 3.511649 0.955009
v 2.443574 3.548983 0.013750
v 2.442991 3.511649 -0.021775
v 2.543803 4.210616 0.013750
v 2.554552 4.247413 -0.021664
v 2.497607 4.210616 0.482786
v 2.501240 4.247413 0.519616
v 2.399303 3.548983 0.463232
v 2.391801 3.511649 0.497960
v 2.399303 3.548983 -0.463232
v 2.391801 3.511649 -0.497960
v 2.497607 4.210616 -0.482786
v 2.501240 4.247413 -0.519616
v 2.543803 4.210616 -0.013750
v 2.554552 4.247413 0.021664
v 2.443574 3.548983 -0.013750
v 2.442991 3.511649 0.021775
v 2.262829 3.548983 -0.922412
v 2.248696 3.511649 -0.955010
v 2.355429 4.210616 -0.960768
v 2.351808 4.247413 -0.997599
v 2.492242 4.210616 -0.509757
v 2.509693 4.247413 -0.477121
v 2.393939 3.548983 -0.490203
v 2.400297 3.511649 -0.455247
v 2.039396 3.548983 -1.346144
v 2.019176 3.511649 -1.375358
v 2.122734 4.210616 -1.401829
v 2.111997 4.247413 -1.437246
v 2.344905 4.210616 -0.986174
v 2.368388 4.247413 -0.957570
v 2.252306 3.548983 -0.947818
v 2.265362 3.511649 -0.914775
v 1.737590 3.548983 -1.718145
v 1.712058 3.511649 -1.742852
v 1.808463 4.210616 -1.789018
v 1.791022 4.247413 -1.821660
v 2.107456 4.210616 -1.424694
v 2.136068 4.247413 -1.401220
v 2.024118 3.548983 -1.369009
v 2.043370 3.511649 -1.339148
v 1.369009 3.548983 -2.024118
v 1.339148 3.511649 -2.043370
v 1.424694 4.210616 -2.107456
v 1.401220 4.247413 -2.136068
v 1.789018 4.210616 -1.808463
v 1.821660 4.247413 -1.791022
v 1.718145 3.548983 -1.737590
v 1.742852 3.511649 -1.712058
v 0.947818 3.548983 -2.252306
v 0.914775 3.511649 -2.265362
v 0.986174 4.210616 -2.344905
v 0.957570 4.247413 -2.368388
v 1.401829 4.210616 -2.122734
v 1.437246 4.247413 -2.111997
v 1.346144 3.548983 -2.039396
v 1.375358 3.511649 -2.019176
v 0.490203 3.548983 -2.393939
v 0.455247 3.511649 -2.400297
v 0.509757 4.210616 -2.492242
v 0.477121 4.247413 -2.509693
v 0.960768 4.210616 -2.355429
v 0.997600 4.247413 -2.351808
v 0.922412 3.548983 -2.262829
v 0.955010 3.511649 -2.248696
v 0.013750 3.548983 -2.443574
v -0.021775 3.511649 -2.442991
v 0.013750 4.210616 -2.543803
v -0.021664 4.247413 -2.554552
v 0.482786 4.210616 -2.497607
v 0.519616 4.247413 -2.501240
v 0.463232 3.548983 -2.399303
v 0.497960 3.511649 -2.391801
v -0.483593 4.237941 -2.501667
v -0.518321 4.200606 -2.494165
v -0.503147 4.899573 -2.599970
v -0.539977 4.936370 -2.603604
v -0.013750 4.899573 -2.648171
v 0.021664 4.936370 -2.658920
v -0.013750 4.237941 -2.547942
v 0.021775 4.200606 -2.547359
v -0.962352 4.237941 -2.359254
v -0.994950 4.200606 -2.345121
v -1.000708 4.899573 -2.451853
v -1.037540 4.936370 -2.448232
v -0.530118 4.899573 -2.594605
v -0.497482 4.936370 -2.612056
v -0.510564 4.237941 -2.496302
v -0.475608 4.200606 -2.502661
v -1.404128 4.237941 -2.126176
v -1.433342 4.200606 -2.105955
v -1.459813 4.899573 -2.209513
v -1.495230 4.936370 -2.198776
v -1.026114 4.899573 -2.441330
v -0.997510 4.936370 -2.464813
v -0.987758 4.237941 -2.348730
v -0.954715 4.200606 -2.361786
v -1.791945 4.237941 -1.811390
v -1.816653 4.200606 -1.785858
v -1.862818 4.899573 -1.882262
v -1.895460 4.936370 -1.864822
v -1.482678 4.899573 -2.194235
v -1.459204 4.936370 -2.222847
v -1.426994 4.237941 -2.110898
v -1.397132 4.200606 -2.130150
v -2.110898 4.237941 -1.426993
v -2.130150 4.200606 -1.397132
v -2.194236 4.899573 -1.482677
v -2.222848 4.936370 -1.459204
v -1.882263 4.899573 -1.862817
v -1.864822 4.936370 -1.895459
v -1.811390 4.237941 -1.791944
v -1.785858 4.200606 -1.816652
v -2.348730 4.237941 -0.987759
v -2.361786 4.200606 -0.954715
v -2.441329 4.899573 -1.026115
v -2.464813 4.936370 -0.997510
v -2.209513 4.899573 -1.459813
v -2.198776 4.936370 -1.495230
v -2.126176 4.237941 -1.404128
v -2.105955 4.200606 -1.433342
v -2.496302 4.237941 -0.510565
v -2.502661 4.200606 -0.475609
v -2.594605 4.899573 -0.530118
v -2.612056 4.936370 -0.497482
v -2.451853 4.899573 -1.000709
v -2.448231 4.936370 -1.037540
v -2.359253 4.237941 -0.962353
v -2.345120 4.200606 -0.994950
v -2.547942 4.237941 -0.013750
v -2.547359 4.200606 0.021775
v -2.648171 4.899573 -0.013750
v -2.658920 4.936370 0.021664
v -2.599970 4.899573 -0.503147
v -2.603603 4.936370 -0.539978
v -2.501667 4.237941 -0.483594
v -2.494164 4.200606 -0.518322
v -2.501667 4.237941 0.483593
v -2.494164 4.200606 0.518322
v -2.599970 4.899573 0.503147
v -2.603603 4.936370 0.539978
v -2.648171 4.899573 0.013750
v -2.658920 4.936370 -0.021664
v -2.547942 4.237941 0.013750
v -2.547359 4.200606 -0.021775
v -2.359253 4.237941 0.962352
v -2.345120 4.200606 0.994950
v -2.451853 4.899573 1.000709
v -2.448231 4.936370 1.037540
v -2.594605 4.899573 0.530118
v -2.612056 4.936370 0.497482
v -2.496302 4.237941 0.510565
v -2.502661 4.200606 0.475609
v -2.126175 4.237941 1.404129
v -2.105954 4.200606 1.433343
v -2.209513 4.899573 1.459813
v -2.198776 4.936370 1.495231
v -2.441329 4.899573 1.026115
v -2.464813 4.936370 0.997510
v -2.348730 4.237941 0.987759
v -2.361786 4.200606 0.954715
v -1.811390 4.237941 1.791945
v -1.785858 4.200606 1.816652
v -1.882262 4.899573 1.862817
v -1.864822 4.936370 1.895459
v -2.194235 4.899573 1.482678
v -2.222847 4.936370 1.459205
v -2.110897 4.237941 1.426994
v -2.130149 4.200606 1.397133
v -1.426994 4.237941 2.110898
v -1.397132 4.200606 2.130149
v -1.482678 4.899573 2.194235
v -1.459204 4.936370 2.222847
v -1.862817 4.899573 1.882262
v -1.895459 4.936370 1.864822
v -1.791944 4.237941 1.811390
v -1.816652 4.200606 1.785858
v -0.987758 4.237941 2.348730
v -0.954715 4.200606 2.361786
v -1.026114 4.899573 2.441329
v -0.997510 4.936370 2.464813
v -1.459813 4.899573 2.209513
v -1.495230 4.936370 2.198776
v -1.404128 4.237941 2.126175
v -1.433342 4.200606 2.105954
v -0.510564 4.237941 2.496302
v -0.475608 4.200606 2.502661
v -0.530118 4.899573 2.594605
v -0.497482 4.936370 2.612056
v -1.000708 4.899573 2.451853
v -1.037540 4.936370 2.448231
v -0.962352 4.237941 2.359253
v -0.994950 4.200606 2.345120
v -0.013750 4.237941 2.547942
v 0.021775 4.200606 2.547359
v -0.013750 4.899573 2.648171
v 0.021664 4.936370 2.658920
v -0.503147 4.899573 2.599970
v -0.539977 4.936370 2.603604
v -0.483593 4.237941 2.501667
v -0.518321 4.200606 2.494165
v 0.483593 4.237941 2.501667
v 0.518322 4.200606 2.494165
v 0.503147 4.899573 2.599970
v 0.539977 4.936370 2.603604
v 0.013749 4.899573 2.648171
v -0.021664 4.936370 2.658920
v 0.013750 4.237941 2.547942
v -0.021775 4.200606 2.547359
v 0.962352 4.237941 2.359253
v 0.994950 4.200606 2.345120
v 1.000708 4.899573 2.451853
v 1.037540 4.936370 2.448231
v 0.530118 4.899573 2.594605
v 0.497482 4.936370 2.612056
v 0.510564 4.237941 2.496302
v 0.475609 4.200606 2.502661
v 1.404128 4.237941 2.126176
v 1.433342 4.200606 2.105955
v 1.459813 4.899573 2.209513
v 1.495230 4.936370 2.198776
v 1.026114 4.899573 2.441329
v 0.997510 4.936370 2.464813
v 0.987759 4.237941 2.348730
v 0.954715 4.200606 2.361786
v 1.791945 4.237941 1.811390
v 1.816652 4.200606 1.785858
v 1.862817 4.899573 1.882262
v 1.895459 4.936370 1.864822
v 1.482678 4.899573 2.194235
v 1.459204 4.936370 2.222847
v 1.426993 4.237941 2.110898
v 1.397132 4.200606 2.130150
v 2.110898 4.237941 1.426993
v 2.130150 4.200606 1.397132
v 2.194235 4.899573 1.482678
v 2.222847 4.936370 1.459204
v 1.882262 4.899573 1.862817
v 1.864822 4.936370 1.895459
v 1.811390 4.237941 1.791945
v 1.785858 4.200606 1.816652
v 2.348730 4.237941 0.987758
v 2.361786 4.200606 0.954715
v 2.441330 4.899573 1.026114
v 2.464813 4.936370 0.997510
v 2.209513 4.899573 1.459813
v 2.198776 4.936370 1.495230
v 2.126176 4.237941 1.404128
v 2.105955 4.200606 1.433342
v 2.496302 4.237941 0.510564
v 2.502661 4.200606 0.475609
v 2.594605 4.899573 0.530118
v 2.612056 4.936370 0.497482
v 2.451853 4.899573 1.000708
v 2.448232 4.936370 1.037540
v 2.359254 4.237941 0.962352
v 2.345121 4.200606 0.994950
v 2.547942 4.237941 0.013750
v 2.547359 4.200606 -0.021775
v 2.648171 4.899573 0.013750
v 2.658920 4.936370 -0.021664
v 2.599970 4.899573 0.503147
v 2.603603 4.936370 0.539977
v 2.501667 4.237941 0.483593
v 2.494164 4.200606 0.518322
v 2.501667 4.237941 -0.483593
v 2.494164 4.200606 -0.518322
v 2.599970 4.899573 -0.503147
v 2.603603 4.936370 -0.539977
v 2.648171 4.899573 -0.013750
v 2.658920 4.936370 0.021664
v 2.547942 4.237941 -0.013750
v 2.547359 4.200606 0.021775
v 2.359253 4.237941 -0.962352
v 2.345120 4.200606 -0.994950
v 2.451853 4.899573 -1.000708
v 2.448231 4.936370 -1.037540
v 2.594605 4.899573 -0.530118
v 2.612056 4.936370 -0.497482
v 2.496302 4.237941 -0.510565
v 2.502661 4.200606 -0.475609
v 2.126176 4.237941 -1.404128
v 2.105955 4.200606 -1.433342
v 2.209513 4.899573 -1.459813
v 2.198776 4.936370 -1.495230
v 2.441329 4.899573 -1.026114
v 2.464813 4.936370 -0.997510
v 2.348730 4.237941 -0.987758
v 2.361786 4.200606 -0.954715
v 1.811390 4.237941 -1.791945
v 1.785858 4.200606 -1.816652
v 1.882262 4.899573 -1.862817
v 1.864822 4.936370 -1.895459
v 2.194235 4.899573 -1.482678
v 2.222847 4.936370 -1.459204
v 2.110898 4.237941 -1.426993
v 2.130150 4.200606 -1.397132
v 1.426993 4.237941 -2.110898
v 1.397132 4.200606 -2.130150
v 1.482678 4.899573 -2.194235
v 1.459204 4.936370 -2.222847
v 1.862817 4.899573 -1.882262
v 1.895459 4.936370 -1.864822
v 1.791945 4.237941 -1.811390
v 1.816652 4.200606 -1.785858
v 0.987759 4.237941 -2.348730
v 0.954715 4.200606 -2.361786
v 1.026114 4.899573 -2.441329
v 0.997510 4.936370 -2.464813
v 1.459813 4.899573 -2.209513
v 1.495230 4.936370 -2.198776
v 1.404128 4.237941 -2.126176
v 1.433342 4.200606 -2.105955
v 0.510564 4.237941 -2.496302
v 0.475609 4.200606 -2.502661
v 0.530118 4.899573 -2.594605
v 0.497482 4.936370 -2.612056
v 1.000708 4.899573 -2.451853
v 1.037540 4.936370 -2.448231
v 0.962352 4.237941 -2.359253
v 0.994950 4.200606 -2.345120
v 0.013750 4.237941 -2.547942
v -0.021775 4.200606 -2.547359
v 0.013750 4.899573 -2.648171
v -0.021664 4.936370 -2.658920
v 0.503147 4.899573 -2.599970
v 0.539977 4.936370 -2.603603
v 0.483593 4.237941 -2.501667
v 0.518322 4.200606 -2.494164
v 0.013750 0.793154 -2.026099
v -0.021775 0.755820 -2.025517
v 0.013750 1.454787 -2.126328
v -0.021664 1.491583 -2.137077
v 0.401341 1.454787 -2.088154
v 0.438171 1.491583 -2.091788
v 0.381787 0.793154 -1.989851
v 0.416515 0.755820 -1.982348
v 0.408758 0.793154 -1.984486
v 0.373802 0.755820 -1.990845
v 0.428312 1.454787 -2.082789
v 0.395676 1.491583 -2.100240
v 0.801008 1.454787 -1.969733
v 0.837839 1.491583 -1.966111
v 0.762651 0.793154 -1.877133
v 0.795249 0.755820 -1.863000
v 0.788058 0.793154 -1.866610
v 0.755014 0.755820 -1.879666
v 0.826414 1.454787 -1.959209
v 0.797809 1.491583 -1.982692
v 1.169892 1.454787 -1.775616
v 1.205310 1.491583 -1.764879
v 1.114208 0.793154 -1.692279
v 1.143422 0.755820 -1.672058
v 1.137073 0.793154 -1.677001
v 1.107212 0.755820 -1.696253
v 1.192757 1.454787 -1.760339
v 1.169284 1.491583 -1.788951
v 1.493819 1.454787 -1.513264
v 1.526461 1.491583 -1.495823
v 1.422946 0.793154 -1.442391
v 1.447654 0.755820 -1.416859
v 1.442391 0.793154 -1.422946
v 1.416859 0.755820 -1.447654
v 1.513264 1.454787 -1.493819
v 1.495823 1.491583 -1.526461
v 1.760339 1.454787 -1.192757
v 1.788951 1.491583 -1.169284
v 1.677001 0.793154 -1.137073
v 1.696253 0.755820 -1.107212
v 1.692279 0.793154 -1.114208
v 1.672058 0.755820 -1.143422
v 1.775616 1.454787 -1.169892
v 1.764879 1.491583 -1.205309
v 1.959209 1.454787 -0.826414
v 1.982692 1.491583 -0.797809
v 1.866610 0.793154 -0.788058
v 1.879666 0.755820 -0.755014
v 1.877133 0.793154 -0.762651
v 1.863000 0.755820 -0.795249
v 1.969733 1.454787 -0.801008
v 1.966111 1.491583 -0.837839
v 2.082789 1.454787 -0.428312
v 2.100240 1.491583 -0.395676
v 1.984486 0.793154 -0.408758
v 1.990845 0.755820 -0.373802
v 1.989851 0.793154 -0.381787
v 1.982348 0.755820 -0.416515
v 2.088154 1.454787 -0.401341
v 2.091788 1.491583 -0.438171
v 2.126328 1.454787 -0.013750
v 2.137077 1.491583 0.021664
v 2.026099 0.793154 -0.013750
v 2.025517 0.755820 0.021775
v 2.026099 0.793154 0.013750
v 2.025517 0.755820 -0.021775
v 2.126328 1.454787 0.013750
v 2.137077 1.491583 -0.021664
v 2.088154 1.454787 0.401341
v 2.091788 1.491583 0.438171
v 1.989851 0.793154 0.381787
v 1.982348 0.755820 0.416515
v 1.984486 0.793154 0.408758
v 1.990845 0.755820 0.373802
v 2.082789 1.454787 0.428312
v 2.100240 1.491583 0.395675
v 1.969733 1.454787 0.801008
v 1.966112 1.491583 0.837839
v 1.877133 0.793154 0.762651
v 1.863000 0.755820 0.795249
v 1.866610 0.793154 0.788058
v 1.879666 0.755820 0.755014
v 1.959210 1.454787 0.826414
v 1.982693 1.491583 0.797809
v 1.775616 1.454787 1.169892
v 1.764879 1.491583 1.205309
v 1.692279 0.793154 1.114208
v 1.672058 0.755820 1.143422
v 1.677001 0.793154 1.137073
v 1.696253 0.755820 1.107212
v 1.760339 1.454787 1.192757
v 1.788951 1.491583 1.169284
v 1.513264 1.454787 1.493819
v 1.495823 1.491583 1.526461
v 1.442391 0.793154 1.422946
v 1.416859 0.755820 1.447654
v 1.422946 0.793154 1.442391
v 1.447654 0.755820 1.416859
v 1.493819 1.454787 1.513264
v 1.526461 1.491583 1.495823
v 1.192757 1.454787 1.760339
v 1.169284 1.491583 1.788951
v 1.137073 0.793154 1.677001
v 1.107212 0.755820 1.696253
v 1.114208 0.793154 1.692279
v 1.143422 0.755820 1.672058
v 1.169892 1.454787 1.775616
v 1.205309 1.491583 1.764879
v 0.826414 1.454787 1.959209
v 0.797809 1.491583 1.982692
v 0.788058 0.793154 1.866610
v 0.755014 0.755820 1.879666
v 0.762652 0.793154 1.877133
v 0.795249 0.755820 1.863000
v 0.801008 1.454787 1.969733
v 0.837839 1.491583 1.966111
v 0.428312 1.454787 2.082789
v 0.395675 1.491583 2.100240
v 0.408758 0.793154 1.984486
v 0.373802 0.755820 1.990845
v 0.381787 0.793154 1.989851
v 0.416515 0.755820 1.982349
v 0.401341 1.454787 2.088154
v 0.438171 1.491583 2.091788
v 0.013749 1.454787 2.126328
v -0.021664 1.491583 2.137077
v 0.013750 0.793154 2.026099
v -0.021775 0.755820 2.025517
v -0.013750 0.793154 2.026099
v 0.021775 0.755820 2.025517
v -0.013750 1.454787 2.126328
v 0.021664 1.491583 2.137077
v -0.401341 1.454787 2.088154
v -0.438171 1.491583 2.091788
v -0.381787 0.793154 1.989851
v -0.416515 0.755820 1.982349
v -0.408758 0.793154 1.984486
v -0.373802 0.755820 1.990845
v -0.428311 1.454787 2.082789
v -0.395675 1.491583 2.100240
v -0.801008 1.454787 1.969733
v -0.837839 1.491583 1.966111
v -0.762651 0.793154 1.877133
v -0.795249 0.755820 1.863000
v -0.788058 0.793154 1.866610
v -0.755014 0.755820 1.879666
v -0.826414 1.454787 1.959209
v -0.797809 1.491583 1.982692
v -1.169892 1.454787 1.775616
v -1.205310 1.491583 1.764879
v -1.114208 0.793154 1.692279
v -1.143422 0.755820 1.672058
v -1.137073 0.793154 1.677001
v -1.107212 0.755820 1.696253
v -1.192757 1.454787 1.760338
v -1.169284 1.491583 1.788951
v -1.493819 1.454787 1.513264
v -1.526460 1.491583 1.495823
v -1.422946 0.793154 1.442391
v -1.447653 0.755820 1.416859
v -1.442391 0.793154 1.422946
v -1.416859 0.755820 1.447654
v -1.513263 1.454787 1.493819
v -1.495823 1.491583 1.526461
v -1.760338 1.454787 1.192758
v -1.788951 1.491583 1.169284
v -1.677001 0.793154 1.137073
v -1.696253 0.755820 1.107212
v -1.692279 0.793154 1.114208
v -1.672058 0.755820 1.143422
v -1.775616 1.454787 1.169893
v -1.764879 1.491583 1.205310
v -1.959209 1.454787 0.826414
v -1.982692 1.491583 0.797809
v -1.866610 0.793154 0.788058
v -1.879666 0.755820 0.755014
v -1.877133 0.793154 0.762652
v -1.863000 0.755820 0.795249
v -1.969733 1.454787 0.801008
v -1.966111 1.491583 0.837839
v -2.082789 1.454787 0.428312
v -2.100240 1.491583 0.395676
v -1.984486 0.793154 0.408758
v -1.990845 0.755820 0.373802
v -1.989851 0.793154 0.381787
v -1.982348 0.755820 0.416515
v -2.088154 1.454787 0.401341
v -2.091788 1.491583 0.438171
v -2.126328 1.454787 0.013750
v -2.137077 1.491583 -0.021664
v -2.026099 0.793154 0.013750
v -2.025517 0.755820 -0.021775
v -2.026099 0.793154 -0.013750
v -2.025517 0.755820 0.021775
v -2.126328 1.454787 -0.013750
v -2.137077 1.491583 0.021664
v -2.088154 1.454787 -0.401341
v -2.091788 1.491583 -0.438171
v -1.989851 0.793154 -0.381787
v -1.982348 0.755820 -0.416515
v -1.984486 0.793154 -0.408758
v -1.990845 0.755820 -0.373802
v -2.082789 1.454787 -0.428312
v -2.100240 1.491583 -0.395676
v -1.969733 1.454787 -0.801008
v -1.966111 1.491583 -0.837839
v -1.877133 0.793154 -0.762652
v -1.863000 0.755820 -0.795249
v -1.866610 0.793154 -0.788058
v -1.879666 0.755820 -0.755015
v -1.959209 1.454787 -0.826414
v -1.982692 1.491583 -0.797810
v -1.775617 1.454787 -1.169892
v -1.764879 1.491583 -1.205309
v -1.692279 0.793154 -1.114208
v -1.672058 0.755820 -1.143421
v -1.677001 0.793154 -1.137073
v -1.696253 0.755820 -1.107211
v -1.760339 1.454787 -1.192757
v -1.788951 1.491583 -1.169283
v -1.513264 1.454787 -1.493819
v -1.495823 1.491583 -1.526461
v -1.442391 0.793154 -1.422946
v -1.416859 0.755820 -1.447654
v -1.422946 0.793154 -1.442391
v -1.447654 0.755820 -1.416859
v -1.493819 1.454787 -1.513263
v -1.526461 1.491583 -1.495823
v -1.192757 1.454787 -1.760339
v -1.169284 1.491583 -1.788951
v -1.137073 0.793154 -1.677001
v -1.107212 0.755820 -1.696253
v -1.114208 0.793154 -1.692279
v -1.143422 0.755820 -1.672058
v -1.169892 1.454787 -1.775616
v -1.205310 1.491583 -1.764879
v -0.826414 1.454787 -1.959210
v -0.797809 1.491583 -1.982693
v -0.788058 0.793154 -1.866610
v -0.755014 0.755820 -1.879666
v -0.762651 0.793154 -1.877133
v -0.795249 0.755820 -1.863000
v -0.801008 1.454787 -1.969733
v -0.837839 1.491583 -1.966112
v -0.428311 1.454787 -2.082789
v -0.395675 1.491583 -2.100240
v -0.408758 0.793154 -1.984486
v -0.373802 0.755820 -1.990845
v -0.381787 0.793154 -1.989851
v -0.416515 0.755820 -1.982349
v -0.401340 1.454787 -2.088154
v -0.438171 1.491583 -2.091788
v -0.013750 1.454787 -2.126328
v 0.021664 1.491583 -2.137077
v -0.013750 0.793154 -2.026099
v 0.021775 0.755820 -2.025517
v 0.013750 2.860026 -2.339205
v -0.021775 2.822692 -2.338622
v 0.013750 3.521659 -2.439434
v -0.021664 3.558455 -2.450183
v 0.462425 3.521659 -2.395243
v 0.499255 3.558455 -2.398877
v 0.442871 2.860026 -2.296940
v 0.477599 2.822692 -2.289438
v 0.469842 2.860026 -2.291575
v 0.434886 2.822692 -2.297934
v 0.489395 3.521659 -2.389879
v 0.456759 3.558455 -2.407330
v 0.920828 3.521659 -2.259005
v 0.957659 3.558455 -2.255383
v 0.882472 2.860026 -2.166405
v 0.915070 2.822692 -2.152272
v 0.907878 2.860026 -2.155882
v 0.874835 2.822692 -2.168938
v 0.946234 3.521659 -2.248482
v 0.917630 3.558455 -2.271964
v 1.343845 3.521659 -2.035954
v 1.379262 3.558455 -2.025217
v 1.288160 2.860026 -1.952617
v 1.317374 2.822692 -1.932396
v 1.311025 2.860026 -1.937339
v 1.281164 2.822692 -1.956591
v 1.366710 3.521659 -2.020677
v 1.343236 3.558455 -2.049289
v 1.715218 3.521659 -1.734663
v 1.747860 3.558455 -1.717222
v 1.644345 2.860026 -1.663790
v 1.669053 2.822692 -1.638258
v 1.663790 2.860026 -1.644345
v 1.638258 2.822692 -1.669053
v 1.734663 3.521659 -1.715218
v 1.717222 3.558455 -1.747860
v 2.020677 3.521659 -1.366709
v 2.049289 3.558455 -1.343236
v 1.937339 2.860026 -1.311025
v 1.956591 2.822692 -1.281164
v 1.952617 2.860026 -1.288160
v 1.932396 2.822692 -1.317374
v 2.035954 3.521659 -1.343845
v 2.025217 3.558455 -1.379262
v 2.248482 3.521659 -0.946234
v 2.271964 3.558455 -0.917629
v 2.155882 2.860026 -0.907878
v 2.168938 2.822692 -0.874835
v 2.166405 2.860026 -0.882472
v 2.152272 2.822692 -0.915069
v 2.259005 3.521659 -0.920828
v 2.255383 3.558455 -0.957659
v 2.389879 3.521659 -0.489396
v 2.407330 3.558455 -0.456759
v 2.291575 2.860026 -0.469842
v 2.297934 2.822692 -0.434886
v 2.296940 2.860026 -0.442871
v 2.289438 2.822692 -0.477599
v 2.395243 3.521659 -0.462425
v 2.398877 3.558455 -0.499255
v 2.439434 3.521659 -0.013750
v 2.450183 3.558455 0.021664
v 2.339205 2.860026 -0.013750
v 2.338622 2.822692 0.021775
v 2.339205 2.860026 0.013750
v 2.338622 2.822692 -0.021775
v 2.439434 3.521659 0.013750
v 2.450183 3.558455 -0.021664
v 2.395243 3.521659 0.462425
v 2.398877 3.558455 0.499255
v 2.296940 2.860026 0.442871
v 2.289438 2.822692 0.477599
v 2.291575 2.860026 0.469842
v 2.297934 2.822692 0.434886
v 2.389879 3.521659 0.489395
v 2.407330 3.558455 0.456759
v 2.259005 3.521659 0.920828
v 2.255384 3.558455 0.957659
v 2.166406 2.860026 0.882472
v 2.152272 2.822692 0.915069
v 2.155882 2.860026 0.907878
v 2.168938 2.822692 0.874835
v 2.248482 3.521659 0.946234
v 2.271965 3.558455 0.917629
v 2.035954 3.521659 1.343845
v 2.025217 3.558455 1.379262
v 1.952617 2.860026 1.288160
v 1.932396 2.822692 1.317374
v 1.937339 2.860026 1.311025
v 1.956591 2.822692 1.281164
v 2.020677 3.521659 1.366709
v 2.049289 3.558455 1.343236
v 1.734663 3.521659 1.715218
v 1.717222 3.558455 1.747860
v 1.663790 2.860026 1.644345
v 1.638258 2.822692 1.669053
v 1.644345 2.860026 1.663790
v 1.669053 2.822692 1.638258
v 1.715218 3.521659 1.734663
v 1.747860 3.558455 1.717222
v 1.366709 3.521659 2.020677
v 1.343236 3.558455 2.049289
v 1.311025 2.860026 1.937339
v 1.281164 2.822692 1.956591
v 1.288160 2.860026 1.952617
v 1.317374 2.822692 1.932396
v 1.343845 3.521659 2.035954
v 1.379262 3.558455 2.025217
v 0.946234 3.521659 2.248482
v 0.917630 3.558455 2.271964
v 0.907878 2.860026 2.155882
v 0.874835 2.822692 2.168938
v 0.882472 2.860026 2.166405
v 0.915070 2.822692 2.152272
v 0.920828 3.521659 2.259005
v 0.957660 3.558455 2.255383
v 0.489395 3.521659 2.389879
v 0.456759 3.558455 2.407330
v 0.469842 2.860026 2.291575
v 0.434886 2.822692 2.297934
v 0.442871 2.860026 2.296940
v 0.477599 2.822692 2.289438
v 0.462425 3.521659 2.395244
v 0.499255 3.558455 2.398877
v 0.013749 3.521659 2.439434
v -0.021664 3.558455 2.450183
v 0.013750 2.860026 2.339205
v -0.021775 2.822692 2.338622
v -0.013750 2.860026 2.339205
v 0.021775 2.822692 2.338622
v -0.013750 3.521659 2.439434
v 0.021664 3.558455 2.450183
v -0.462424 3.521659 2.395244
v -0.499254 3.558455 2.398877
v -0.442870 2.860026 2.296940
v -0.477599 2.822692 2.289438
v -0.469842 2.860026 2.291575
v -0.434886 2.822692 2.297934
v -0.489395 3.521659 2.389879
v -0.456759 3.558455 2.407330
v -0.920828 3.521659 2.259005
v -0.957659 3.558455 2.255383
v -0.882472 2.860026 2.166405
v -0.915069 2.822692 2.152272
v -0.907878 2.860026 2.155882
v -0.874835 2.822692 2.168938
v -0.946234 3.521659 2.248482
v -0.917629 3.558455 2.271964
v -1.343845 3.521659 2.035954
v -1.379262 3.558455 2.025217
v -1.288160 2.860026 1.952617
v -1.317374 2.822692 1.932396
v -1.311025 2.860026 1.937339
v -1.281164 2.822692 1.956591
v -1.366710 3.521659 2.020676
v -1.343236 3.558455 2.049289
v -1.715218 3.521659 1.734663
v -1.747860 3.558455 1.717223
v -1.644345 2.860026 1.663790
v -1.669053 2.822692 1.638259
v -1.663790 2.860026 1.644345
v -1.638258 2.822692 1.669053
v -1.734663 3.521659 1.715218
v -1.717222 3.558455 1.747860
v -2.020676 3.521659 1.366710
v -2.049289 3.558455 1.343236
v -1.937339 2.860026 1.311026
v -1.956591 2.822692 1.281164
v -1.952617 2.860026 1.288161
v -1.932396 2.822692 1.317374
v -2.035954 3.521659 1.343845
v -2.025217 3.558455 1.379262
v -2.248482 3.521659 0.946234
v -2.271964 3.558455 0.917630
v -2.155882 2.860026 0.907878
v -2.168938 2.822692 0.874835
v -2.166405 2.860026 0.882472
v -2.152272 2.822692 0.915070
v -2.259005 3.521659 0.920828
v -2.255383 3.558455 0.957660
v -2.389879 3.521659 0.489396
v -2.407330 3.558455 0.456760
v -2.291575 2.860026 0.469842
v -2.297934 2.822692 0.434886
v -2.296940 2.860026 0.442871
v -2.289438 2.822692 0.477599
v -2.395243 3.521659 0.462425
v -2.398877 3.558455 0.499255
v -2.439434 3.521659 0.013750
v -2.450183 3.558455 -0.021664
v -2.339205 2.860026 0.013750
v -2.338622 2.822692 -0.021775
v -2.339205 2.860026 -0.013750
v -2.338622 2.822692 0.021775
v -2.439434 3.521659 -0.013750
v -2.450183 3.558455 0.021664
v -2.395243 3.521659 -0.462425
v -2.398877 3.558455 -0.499255
v -2.296940 2.860026 -0.442871
v -2.289438 2.822692 -0.477599
v -2.291575 2.860026 -0.469842
v -2.297934 2.822692 -0.434886
v -2.389879 3.521659 -0.489396
v -2.407330 3.558455 -0.456760
v -2.259005 3.521659 -0.920828
v -2.255383 3.558455 -0.957660
v -2.166405 2.860026 -0.882472
v -2.152272 2.822692 -0.915070
v -2.155882 2.860026 -0.907879
v -2.168938 2.822692 -0.874835
v -2.248482 3.521659 -0.946235
v -2.271964 3.558455 -0.917630
v -2.035955 3.521659 -1.343844
v -2.025217 3.558455 -1.379261
v -1.952617 2.860026 -1.288160
v -1.932396 2.822691 -1.317374
v -1.937339 2.860026 -1.311025
v -1.956591 2.822692 -1.281164
v -2.020677 3.521659 -1.366709
v -2.049289 3.558455 -1.343236
v -1.734663 3.521659 -1.715218
v -1.717223 3.558455 -1.747860
v -1.663790 2.860026 -1.644345
v -1.638259 2.822692 -1.669053
v -1.644345 2.860026 -1.663790
v -1.669053 2.822692 -1.638258
v -1.715218 3.521659 -1.734663
v -1.747860 3.558455 -1.717222
v -1.366710 3.521659 -2.020677
v -1.343236 3.558455 -2.049289
v -1.311025 2.860026 -1.937339
v -1.281164 2.822692 -1.956591
v -1.288160 2.860026 -1.952617
v -1.317374 2.822692 -1.932396
v -1.343845 3.521659 -2.035954
v -1.379262 3.558455 -2.025217
v -0.946234 3.521659 -2.248482
v -0.917629 3.558455 -2.271965
v -0.907878 2.860026 -2.155882
v -0.874835 2.822692 -2.168938
v -0.882472 2.860026 -2.166406
v -0.915069 2.822692 -2.152272
v -0.920828 3.521659 -2.259005
v -0.957659 3.558455 -2.255384
v -0.489395 3.521659 -2.389879
v -0.456759 3.558455 -2.407330
v -0.469842 2.860026 -2.291575
v -0.434886 2.822692 -2.297934
v -0.442870 2.860026 -2.296940
v -0.477599 2.822692 -2.289438
v -0.462424 3.521659 -2.395244
v -0.499254 3.558455 -2.398877
v -0.013750 3.521659 -2.439434
v 0.021664 3.558455 -2.450183
v -0.013750 2.860026 -2.339205
v 0.021775 2.822692 -2.338622
v 0.013750 1.482111 -2.130468
v -0.021775 1.444777 -2.129885
v 0.013750 2.143744 -2.230697
v -0.021664 2.180541 -2.241446
v 0.421702 2.143744 -2.190517
v 0.458532 2.180541 -2.194151
v 0.402148 1.482111 -2.092214
v 0.436876 1.444777 -2.084712
v 0.429119 1.482111 -2.086849
v 0.394164 1.444777 -2.093208
v 0.448673 2.143744 -2.185152
v 0.416037 2.180541 -2.202604
v 0.840948 2.143744 -2.066157
v 0.877779 2.180541 -2.062535
v 0.802592 1.482111 -1.973557
v 0.835189 1.444777 -1.959424
v 0.827998 1.482111 -1.963034
v 0.794954 1.444777 -1.976090
v 0.866354 2.143744 -2.055633
v 0.837749 2.180541 -2.079116
v 1.227877 2.143744 -1.862396
v 1.263294 2.180541 -1.851659
v 1.172192 1.482111 -1.779058
v 1.201406 1.444777 -1.758837
v 1.195057 1.482111 -1.763780
v 1.165196 1.444777 -1.783032
v 1.250741 2.143744 -1.847118
v 1.227268 2.180541 -1.875730
v 1.567618 2.143744 -1.587063
v 1.600260 2.180541 -1.569623
v 1.496746 1.482111 -1.516191
v 1.521453 1.444777 -1.490659
v 1.516191 1.482111 -1.496746
v 1.490659 1.444777 -1.521453
v 1.587063 2.143744 -1.567618
v 1.569623 2.180541 -1.600260
v 1.847118 2.143744 -1.250741
v 1.875730 2.180541 -1.227268
v 1.763780 1.482111 -1.195057
v 1.783032 1.444777 -1.165196
v 1.779058 1.482111 -1.172192
v 1.758837 1.444777 -1.201406
v 1.862396 2.143744 -1.227876
v 1.851659 2.180541 -1.263294
v 2.055633 2.143744 -0.866354
v 2.079116 2.180541 -0.837749
v 1.963034 1.482111 -0.827998
v 1.976090 1.444777 -0.794954
v 1.973557 1.482111 -0.802592
v 1.959424 1.444777 -0.835189
v 2.066157 2.143744 -0.840948
v 2.062535 2.180541 -0.877779
v 2.185152 2.143744 -0.448673
v 2.202604 2.180541 -0.416037
v 2.086849 1.482111 -0.429119
v 2.093208 1.444777 -0.394164
v 2.092214 1.482111 -0.402148
v 2.084712 1.444777 -0.436876
v 2.190517 2.143744 -0.421702
v 2.194151 2.180541 -0.458532
v 2.230697 2.143744 -0.013750
v 2.241446 2.180541 0.021664
v 2.130468 1.482111 -0.013750
v 2.129885 1.444777 0.021775
v 2.130468 1.482111 0.013750
v 2.129885 1.444777 -0.021775
v 2.230697 2.143744 0.013750
v 2.241446 2.180541 -0.021664
v 2.190517 2.143744 0.421702
v 2.194151 2.180541 0.458532
v 2.092214 1.482111 0.402148
v 2.084712 1.444777 0.436876
v 2.086849 1.482111 0.429119
v 2.093208 1.444777 0.394163
v 2.185152 2.143744 0.448673
v 2.202604 2.180541 0.416037
v 2.066157 2.143744 0.840948
v 2.062536 2.180541 0.877779
v 1.973558 1.482111 0.802592
v 1.959424 1.444777 0.835189
v 1.963034 1.482111 0.827998
v 1.976090 1.444777 0.794954
v 2.055634 2.143744 0.866354
v 2.079117 2.180541 0.837749
v 1.862396 2.143744 1.227876
v 1.851659 2.180541 1.263293
v 1.779058 1.482111 1.172192
v 1.758837 1.444777 1.201406
v 1.763780 1.482111 1.195057
v 1.783032 1.444777 1.165196
v 1.847118 2.143744 1.250741
v 1.875730 2.180541 1.227268
v 1.587063 2.143744 1.567618
v 1.569623 2.180541 1.600260
v 1.516191 1.482111 1.496746
v 1.490659 1.444777 1.521453
v 1.496746 1.482111 1.516191
v 1.521453 1.444777 1.490659
v 1.567618 2.143744 1.587063
v 1.600260 2.180541 1.569623
v 1.250741 2.143744 1.847118
v 1.227268 2.180541 1.875730
v 1.195057 1.482111 1.763780
v 1.165196 1.444777 1.783032
v 1.172192 1.482111 1.779058
v 1.201406 1.444777 1.758837
v 1.227876 2.143744 1.862396
v 1.263294 2.180541 1.851659
v 0.866354 2.143744 2.055633
v 0.837749 2.180541 2.079116
v 0.827998 1.482111 1.963034
v 0.794955 1.444777 1.976090
v 0.802592 1.482111 1.973557
v 0.835189 1.444777 1.959424
v 0.840948 2.143744 2.066157
v 0.877779 2.180541 2.062535
v 0.448673 2.143744 2.185152
v 0.416037 2.180541 2.202604
v 0.429119 1.482111 2.086849
v 0.394163 1.444777 2.093208
v 0.402148 1.482111 2.092214
v 0.436876 1.444777 2.084712
v 0.421702 2.143744 2.190517
v 0.458532 2.180541 2.194151
v 0.013749 2.143744 2.230697
v -0.021664 2.180541 2.241446
v 0.013750 1.482111 2.130468
v -0.021775 1.444777 2.129885
v -0.013750 1.482111 2.130468
v 0.021775 1.444777 2.129885
v -0.013750 2.143744 2.230697
v 0.021664 2.180541 2.241446
v -0.421702 2.143744 2.190517
v -0.458532 2.180541 2.194151
v -0.402148 1.482111 2.092214
v -0.436876 1.444777 2.084712
v -0.429119 1.482111 2.086849
v -0.394163 1.444777 2.093208
v -0.448673 2.143744 2.185152
v -0.416037 2.180541 2.202604
v -0.840948 2.143744 2.066157
v -0.877779 2.180541 2.062535
v -0.802592 1.482111 1.973557
v -0.835189 1.444777 1.959424
v -0.827998 1.482111 1.963034
v -0.794954 1.444777 1.976090
v -0.866354 2.143744 2.055633
v -0.837749 2.180541 2.079116
v -1.227877 2.143744 1.862395
v -1.263294 2.180541 1.851658
v -1.172192 1.482111 1.779058
v -1.201406 1.444777 1.758837
v -1.195057 1.482111 1.763780
v -1.165196 1.444777 1.783032
v -1.250741 2.143744 1.847118
v -1.227268 2.180541 1.875730
v -1.567618 2.143744 1.587063
v -1.600260 2.180541 1.569623
v -1.496745 1.482111 1.516191
v -1.521453 1.444777 1.490659
v -1.516191 1.482111 1.496746
v -1.490659 1.444777 1.521453
v -1.587063 2.143744 1.567618
v -1.569623 2.180541 1.600260
v -1.847118 2.143744 1.250742
v -1.875730 2.180541 1.227268
v -1.763780 1.482111 1.195058
v -1.783032 1.444777 1.165196
v -1.779058 1.482111 1.172192
v -1.758837 1.444777 1.201406
v -1.862395 2.143744 1.227877
v -1.851658 2.180541 1.263294
v -2.055633 2.143744 0.866354
v -2.079116 2.180541 0.837750
v -1.963034 1.482111 0.827998
v -1.976090 1.444777 0.794955
v -1.973557 1.482111 0.802592
v -1.959424 1.444777 0.835190
v -2.066157 2.143744 0.840948
v -2.062535 2.180541 0.877779
v -2.185152 2.143744 0.448673
v -2.202604 2.180541 0.416037
v -2.086849 1.482111 0.429119
v -2.093208 1.444777 0.394164
v -2.092214 1.482111 0.402148
v -2.084712 1.444777 0.436876
v -2.190517 2.143744 0.421702
v -2.194151 2.180541 0.458532
v -2.230697 2.143744 0.013750
v -2.241446 2.180541 -0.021664
v -2.130468 1.482111 0.013750
v -2.129885 1.444777 -0.021775
v -2.130468 1.482111 -0.013750
v -2.129885 1.444777 0.021775
v -2.230697 2.143744 -0.013750
v -2.241446 2.180541 0.021664
v -2.190517 2.143744 -0.421702
v -2.194151 2.180541 -0.458532
v -2.092214 1.482111 -0.402148
v -2.084712 1.444777 -0.436877
v -2.086849 1.482111 -0.429119
v -2.093208 1.444777 -0.394164
v -2.185152 2.143744 -0.448673
v -2.202604 2.180541 -0.416037
v -2.066157 2.143744 -0.840948
v -2.062535 2.180541 -0.877780
v -1.973557 1.482111 -0.802592
v -1.959424 1.444777 -0.835190
v -1.963034 1.482111 -0.827998
v -1.976090 1.444777 -0.794955
v -2.055633 2.143744 -0.866354
v -2.079116 2.180541 -0.837750
v -1.862396 2.143744 -1.227876
v -1.851659 2.180541 -1.263293
v -1.779058 1.482111 -1.172192
v -1.758838 1.444777 -1.201405
v -1.763781 1.482111 -1.195057
v -1.783032 1.444777 -1.165195
v -1.847118 2.143744 -1.250741
v -1.875730 2.180541 -1.227268
v -1.587063 2.143744 -1.567618
v -1.569623 2.180541 -1.600260
v -1.516191 1.482111 -1.496745
v -1.490659 1.444777 -1.521453
v -1.496746 1.482111 -1.516191
v -1.521453 1.444777 -1.490659
v -1.567618 2.143744 -1.587063
v -1.600260 2.180541 -1.569623
v -1.250741 2.143744 -1.847118
v -1.227268 2.180541 -1.875730
v -1.195057 1.482111 -1.763780
v -1.165196 1.444777 -1.783032
v -1.172192 1.482111 -1.779058
v -1.201406 1.444777 -1.758837
v -1.227877 2.143744 -1.862396
v -1.263294 2.180541 -1.851659
v -0.866354 2.143744 -2.055634
v -0.837749 2.180541 -2.079117
v -0.827998 1.482111 -1.963034
v -0.794954 1.444777 -1.976090
v -0.802592 1.482111 -1.973558
v -0.835189 1.444777 -1.959424
v -0.840948 2.143744 -2.066157
v -0.877779 2.180541 -2.062536
v -0.448673 2.143744 -2.185152
v -0.416037 2.180541 -2.202604
v -0.429119 1.482111 -2.086849
v -0.394163 1.444777 -2.093208
v -0.402148 1.482111 -2.092214
v -0.436876 1.444777 -2.084712
v -0.421702 2.143744 -2.190517
v -0.458532 2.180541 -2.194151
v -0.013750 2.143744 -2.230697
v 0.021664 2.180541 -2.241446
v -0.013750 1.482111 -2.130468
v 0.021775 1.444777 -2.129885
v -0.369107 0.364128 -1.926107
v -0.403836 0.326793 -1.918605
v -0.380979 0.765829 -1.985791
v -0.417809 0.802626 -1.989424
v -0.013750 0.765829 -2.021960
v 0.021664 0.802626 -2.032709
v -0.013750 0.364128 -1.961107
v 0.021775 0.326793 -1.960524
v 0.000000 0.336801 -1.958323
v 0.000000 0.375376 -1.964167
v -0.382050 0.336801 -1.920695
v -0.383190 0.375376 -1.926426
v -0.737780 0.364128 -1.817088
v -0.770377 0.326793 -1.802955
v -0.761067 0.765829 -1.873309
v -0.797899 0.802626 -1.869688
v -0.407950 0.765829 -1.980426
v -0.375314 0.802626 -1.997877
v -0.396078 0.364128 -1.920743
v -0.361123 0.326793 -1.927101
v -0.749418 0.336801 -1.809255
v -0.751654 0.375376 -1.814653
v -1.078100 0.364128 -1.638240
v -1.107314 0.326793 -1.618019
v -1.111908 0.765829 -1.688837
v -1.147326 0.802626 -1.678100
v -0.786473 0.765829 -1.862786
v -0.757869 0.802626 -1.886268
v -0.763186 0.364128 -1.806565
v -0.730143 0.326793 -1.819621
v -1.087986 0.336801 -1.628286
v -1.091233 0.375376 -1.633145
v -1.376990 0.364128 -1.396434
v -1.401697 0.326793 -1.370903
v -1.420019 0.765829 -1.439464
v -1.452661 0.802626 -1.422023
v -1.134773 0.765829 -1.673559
v -1.111300 0.802626 -1.702172
v -1.100965 0.364128 -1.622962
v -1.071104 0.326793 -1.642214
v -1.384744 0.336801 -1.384743
v -1.388876 0.375376 -1.388875
v -1.622962 0.364128 -1.100965
v -1.642214 0.326793 -1.071104
v -1.673560 0.765829 -1.134773
v -1.702172 0.802626 -1.111299
v -1.439464 0.765829 -1.420019
v -1.422023 0.802626 -1.452661
v -1.396435 0.364128 -1.376989
v -1.370903 0.326793 -1.401697
v -1.628286 0.336801 -1.087986
v -1.633145 0.375376 -1.091232
v -1.806565 0.364128 -0.763187
v -1.819621 0.326793 -0.730143
v -1.862785 0.765829 -0.786474
v -1.886268 0.802626 -0.757869
v -1.688837 0.765829 -1.111908
v -1.678100 0.802626 -1.147325
v -1.638240 0.364128 -1.078100
v -1.618019 0.326793 -1.107314
v -1.809255 0.336801 -0.749418
v -1.814653 0.375376 -0.751655
v -1.920742 0.364128 -0.396079
v -1.927101 0.326793 -0.361123
v -1.980426 0.765829 -0.407950
v -1.997877 0.802626 -0.375314
v -1.873309 0.765829 -0.761068
v -1.869687 0.802626 -0.797899
v -1.817088 0.364128 -0.737780
v -1.802955 0.326793 -0.770378
v -1.920694 0.336801 -0.382050
v -1.926426 0.375376 -0.383190
v -1.961107 0.364128 -0.013750
v -1.960524 0.326793 0.021775
v -2.021960 0.765829 -0.013750
v -2.032709 0.802626 0.021664
v -1.985791 0.765829 -0.380980
v -1.989424 0.802626 -0.417810
v -1.926107 0.364128 -0.369108
v -1.918605 0.326793 -0.403836
v -1.958323 0.336801 -0.000000
v -1.964167 0.375376 -0.000000
v -1.926107 0.364128 0.369108
v -1.918605 0.326793 0.403836
v -1.985791 0.765829 0.380979
v -1.989424 0.802626 0.417810
v -2.021960 0.765829 0.013750
v -2.032709 0.802626 -0.021664
v -1.961107 0.364128 0.013750
v -1.960524 0.326793 -0.021775
v -1.920694 0.336801 0.382050
v -1.926426 0.375376 0.383190
v -1.817088 0.364128 0.737780
v -1.802955 0.326793 0.770378
v -1.873309 0.765829 0.761068
v -1.869687 0.802626 0.797899
v -1.980426 0.765829 0.407950
v -1.997877 0.802626 0.375314
v -1.920742 0.364128 0.396079
v -1.927101 0.326793 0.361123
v -1.809255 0.336801 0.749418
v -1.814653 0.375376 0.751654
v -1.638240 0.364128 1.078101
v -1.618019 0.326793 1.107314
v -1.688837 0.765829 1.111909
v -1.678099 0.802626 1.147326
v -1.862785 0.765829 0.786474
v -1.886268 0.802626 0.757869
v -1.806565 0.364128 0.763187
v -1.819621 0.326793 0.730143
v -1.628286 0.336801 1.087987
v -1.633145 0.375376 1.091233
v -1.396434 0.364128 1.376989
v -1.370903 0.326793 1.401697
v -1.439464 0.765829 1.420019
v -1.422023 0.802626 1.452661
v -1.673559 0.765829 1.134774
v -1.702171 0.802626 1.111300
v -1.622962 0.364128 1.100966
v -1.642214 0.326793 1.071104
v -1.384743 0.336801 1.384744
v -1.388875 0.375376 1.388875
v -1.100965 0.364128 1.622962
v -1.071104 0.326793 1.642213
v -1.134773 0.765829 1.673559
v -1.111300 0.802626 1.702171
v -1.420019 0.765829 1.439464
v -1.452661 0.802626 1.422023
v -1.376989 0.364128 1.396435
v -1.401697 0.326793 1.370903
v -1.087986 0.336801 1.628286
v -1.091233 0.375376 1.633145
v -0.763186 0.364128 1.806565
v -0.730143 0.326793 1.819621
v -0.786473 0.765829 1.862785
v -0.757869 0.802626 1.886268
v -1.111908 0.765829 1.688837
v -1.147326 0.802626 1.678099
v -1.078100 0.364128 1.638240
v -1.107314 0.326793 1.618019
v -0.749418 0.336801 1.809255
v -0.751654 0.375376 1.814653
v -0.396078 0.364128 1.920743
v -0.361123 0.326793 1.927101
v -0.407950 0.765829 1.980426
v -0.375314 0.802626 1.997877
v -0.761067 0.765829 1.873309
v -0.797899 0.802626 1.869687
v -0.737780 0.364128 1.817088
v -0.770377 0.326793 1.802955
v -0.382050 0.336801 1.920695
v -0.383190 0.375376 1.926426
v -0.013750 0.364128 1.961107
v 0.021775 0.326793 1.960524
v -0.013750 0.765829 2.021960
v 0.021664 0.802626 2.032709
v -0.380979 0.765829 1.985791
v -0.417809 0.802626 1.989424
v -0.369107 0.364128 1.926107
v -0.403836 0.326793 1.918605
v -0.000000 0.336801 1.958323
v -0.000000 0.375376 1.964167
v 0.369107 0.364128 1.926107
v 0.403836 0.326793 1.918605
v 0.380979 0.765829 1.985791
v 0.417810 0.802626 1.989424
v 0.013749 0.765829 2.021960
v -0.021664 0.802626 2.032709
v 0.013750 0.364128 1.961107
v -0.021775 0.326793 1.960524
v 0.382050 0.336801 1.920695
v 0.383190 0.375376 1.926426
v 0.737780 0.364128 1.817088
v 0.770378 0.326793 1.802955
v 0.761068 0.765829 1.873309
v 0.797899 0.802626 1.869687
v 0.407950 0.765829 1.980426
v 0.375314 0.802626 1.997877
v 0.396079 0.364128 1.920743
v 0.361123 0.326793 1.927101
v 0.749418 0.336801 1.809255
v 0.751654 0.375376 1.814653
v 1.078100 0.364128 1.638240
v 1.107314 0.326793 1.618019
v 1.111908 0.765829 1.688837
v 1.147325 0.802626 1.678100
v 0.786474 0.765829 1.862785
v 0.757869 0.802626 1.886268
v 0.763186 0.364128 1.806565
v 0.730143 0.326793 1.819621
v 1.087986 0.336801 1.628286
v 1.091233 0.375376 1.633145
v 1.376989 0.364128 1.396435
v 1.401697 0.326793 1.370903
v 1.420019 0.765829 1.439464
v 1.452661 0.802626 1.422023
v 1.134773 0.765829 1.673559
v 1.111300 0.802626 1.702172
v 1.100965 0.364128 1.622962
v 1.071104 0.326793 1.642214
v 1.384744 0.336801 1.384744
v 1.388875 0.375376 1.388875
v 1.622962 0.364128 1.100965
v 1.642214 0.326793 1.071104
v 1.673559 0.765829 1.134773
v 1.702172 0.802626 1.111300
v 1.439464 0.765829 1.420019
v 1.422023 0.802626 1.452661
v 1.396435 0.364128 1.376989
v 1.370903 0.326793 1.401697
v 1.628286 0.336801 1.087986
v 1.633145 0.375376 1.091233
v 1.806565 0.364128 0.763186
v 1.819621 0.326793 0.730143
v 1.862786 0.765829 0.786473
v 1.886268 0.802626 0.757869
v 1.688837 0.765829 1.111908
v 1.678100 0.802626 1.147325
v 1.638240 0.364128 1.078100
v 1.618019 0.326793 1.107314
v 1.809255 0.336801 0.749418
v 1.814653 0.375376 0.751654
v 1.920742 0.364128 0.396079
v 1.927101 0.326793 0.361123
v 1.980426 0.765829 0.407950
v 1.997877 0.802626 0.375314
v 1.873309 0.765829 0.761067
v 1.869688 0.802626 0.797899
v 1.817088 0.364128 0.737780
v 1.802955 0.326793 0.770377
v 1.920694 0.336801 0.382050
v 1.926426 0.375376 0.383190
v 1.961107 0.364128 0.013750
v 1.960524 0.326793 -0.021775
v 2.021960 0.765829 0.013750
v 2.032709 0.802626 -0.021664
v 1.985791 0.765829 0.380979
v 1.989424 0.802626 0.417810
v 1.926107 0.364128 0.369107
v 1.918605 0.326793 0.403836
v 1.958323 0.336801 0.000000
v 1.964167 0.375376 0.000000
v 1.926107 0.364128 -0.369107
v 1.918605 0.326793 -0.403836
v 1.985791 0.765829 -0.380979
v 1.989424 0.802626 -0.417810
v 2.021960 0.765829 -0.013750
v 2.032709 0.802626 0.021664
v 1.961107 0.364128 -0.013750
v 1.960524 0.326793 0.021775
v 1.920694 0.336801 -0.382050
v 1.926426 0.375376 -0.383190
v 1.817088 0.364128 -0.737780
v 1.802955 0.326793 -0.770377
v 1.873309 0.765829 -0.761067
v 1.869687 0.802626 -0.797899
v 1.980426 0.765829 -0.407950
v 1.997877 0.802626 -0.375314
v 1.920742 0.364128 -0.396079
v 1.927101 0.326793 -0.361123
v 1.809255 0.336801 -0.749418
v 1.814653 0.375376 -0.751654
v 1.638240 0.364128 -1.078100
v 1.618019 0.326793 -1.107314
v 1.688837 0.765829 -1.111908
v 1.678100 0.802626 -1.147325
v 1.862785 0.765829 -0.786473
v 1.886268 0.802626 -0.757869
v 1.806565 0.364128 -0.763186
v 1.819621 0.326793 -0.730143
v 1.628286 0.336801 -1.087986
v 1.633145 0.375376 -1.091233
v 1.396435 0.364128 -1.376989
v 1.370903 0.326793 -1.401697
v 1.439464 0.765829 -1.420019
v 1.422023 0.802626 -1.452661
v 1.673559 0.765829 -1.134773
v 1.702172 0.802626 -1.111300
v 1.622962 0.364128 -1.100965
v 1.642214 0.326793 -1.071104
v 1.384744 0.336801 -1.384744
v 1.388875 0.375376 -1.388875
v 1.100965 0.364128 -1.622962
v 1.071104 0.326793 -1.642214
v 1.134773 0.765829 -1.673559
v 1.111300 0.802626 -1.702172
v 1.420019 0.765829 -1.439464
v 1.452661 0.802626 -1.422023
v 1.376989 0.364128 -1.396435
v 1.401697 0.326793 -1.370903
v 1.087986 0.336801 -1.628286
v 1.091233 0.375376 -1.633145
v 0.763186 0.364128 -1.806565
v 0.730143 0.326793 -1.819621
v 0.786474 0.765829 -1.862785
v 0.757869 0.802626 -1.886268
v 1.111908 0.765829 -1.688837
v 1.147326 0.802626 -1.678100
v 1.078100 0.364128 -1.638240
v 1.107314 0.326793 -1.618019
v 0.749418 0.336801 -1.809255
v 0.751654 0.375376 -1.814653
v 0.396079 0.364128 -1.920742
v 0.361123 0.326793 -1.927101
v 0.407950 0.765829 -1.980426
v 0.375314 0.802626 -1.997877
v 0.761068 0.765829 -1.873309
v 0.797899 0.802626 -1.869687
v 0.737780 0.364128 -1.817088
v 0.770378 0.326793 -1.802955
v 0.382050 0.336801 -1.920694
v 0.383190 0.375376 -1.926426
v 0.013750 0.364128 -1.961107
v -0.021775 0.326793 -1.960524
v 0.013750 0.765829 -2.021960
v -0.021664 0.802626 -2.032709
v 0.380979 0.765829 -1.985791
v 0.417810 0.802626 -1.989424
v 0.369107 0.364128 -1.926107
v 0.403836 0.326793 -1.918605
v -0.503954 4.926898 -2.604030
v -0.538683 4.889564 -2.596528
v -0.517756 5.393900 -2.673416
v -0.554586 5.430696 -2.677049
v -0.532314 5.421226 -2.676123
v -0.531174 5.382651 -2.670392
v 0.000000 5.421226 -2.728551
v 0.000000 5.382651 -2.722708
v -0.013750 5.393900 -2.723056
v 0.021664 5.430696 -2.733805
v -0.013750 4.926898 -2.652311
v 0.021775 4.889564 -2.651728
v -1.002292 4.926898 -2.455678
v -1.034890 4.889564 -2.441545
v -1.029365 5.393900 -2.521037
v -1.066197 5.430696 -2.517416
v -1.044171 5.421226 -2.520853
v -1.041935 5.382651 -2.515454
v -0.544727 5.393900 -2.668051
v -0.512091 5.430696 -2.685502
v -0.530926 4.926898 -2.598665
v -0.495970 4.889564 -2.605024
v -1.462113 4.926898 -2.212955
v -1.491326 4.889564 -2.192734
v -1.501417 5.393900 -2.271777
v -1.536834 5.430696 -2.261040
v -1.515902 5.421226 -2.268708
v -1.512656 5.382651 -2.263849
v -1.054771 5.393900 -2.510514
v -1.026167 5.430696 -2.533997
v -1.027699 4.926898 -2.445154
v -0.994655 4.889564 -2.458210
v -1.865745 4.926898 -1.885189
v -1.890452 4.889564 -1.859658
v -1.915769 5.393900 -1.935213
v -1.948411 5.430696 -1.917773
v -1.929377 5.421226 -1.929377
v -1.925246 5.382651 -1.925245
v -1.524282 5.393900 -2.256500
v -1.500808 5.430696 -2.285112
v -1.484978 4.926898 -2.197677
v -1.455117 4.889564 -2.216929
v -2.197677 4.926898 -1.484977
v -2.216929 4.889564 -1.455116
v -2.256500 5.393900 -1.524281
v -2.285112 5.430696 -1.500807
v -2.268708 5.421226 -1.515901
v -2.263849 5.382651 -1.512655
v -1.935214 5.393900 -1.915769
v -1.917773 5.430696 -1.948411
v -1.885190 4.926898 -1.865744
v -1.859658 4.889564 -1.890452
v -2.445154 4.926898 -1.027699
v -2.458210 4.889564 -0.994656
v -2.510514 5.393900 -1.054772
v -2.533997 5.430696 -1.026167
v -2.520853 5.421226 -1.044172
v -2.515454 5.382651 -1.041936
v -2.271777 5.393900 -1.501416
v -2.261040 5.430696 -1.536833
v -2.212955 4.926898 -1.462112
v -2.192734 4.889564 -1.491326
v -2.598665 4.926898 -0.530926
v -2.605024 4.889564 -0.495970
v -2.668051 5.393900 -0.544728
v -2.685502 5.430696 -0.512091
v -2.676123 5.421226 -0.532314
v -2.670392 5.382651 -0.531174
v -2.521037 5.393900 -1.029366
v -2.517416 5.430696 -1.066197
v -2.455678 4.926898 -1.002293
v -2.441544 4.889564 -1.034890
v -2.652311 4.926898 -0.013750
v -2.651728 4.889564 0.021775
v -2.723056 5.393900 -0.013750
v -2.733805 5.430696 0.021664
v -2.728551 5.421226 -0.000000
v -2.722708 5.382651 -0.000000
v -2.673416 5.393900 -0.517757
v -2.677049 5.430696 -0.554587
v -2.604030 4.926898 -0.503955
v -2.596528 4.889564 -0.538683
v -2.604030 4.926898 0.503955
v -2.596528 4.889564 0.538683
v -2.673416 5.393900 0.517757
v -2.677049 5.430696 0.554587
v -2.676123 5.421226 0.532314
v -2.670392 5.382651 0.531174
v -2.723056 5.393900 0.013750
v -2.733805 5.430696 -0.021664
v -2.652311 4.926898 0.013750
v -2.651728 4.889564 -0.021775
v -2.455678 4.926898 1.002293
v -2.441544 4.889564 1.034890
v -2.521037 5.393900 1.029366
v -2.517416 5.430696 1.066197
v -2.520853 5.421226 1.044172
v -2.515454 5.382651 1.041936
v -2.668051 5.393900 0.544728
v -2.685502 5.430696 0.512091
v -2.598665 4.926898 0.530926
v -2.605024 4.889564 0.495970
v -2.212955 4.926898 1.462113
v -2.192734 4.889564 1.491327
v -2.271777 5.393900 1.501417
v -2.261039 5.430696 1.536834
v -2.268708 5.421226 1.515902
v -2.263849 5.382651 1.512656
v -2.510514 5.393900 1.054772
v -2.533997 5.430696 1.026167
v -2.445154 4.926898 1.027699
v -2.458210 4.889564 0.994655
v -1.885189 4.926898 1.865745
v -1.859658 4.889564 1.890452
v -1.935213 5.393900 1.915769
v -1.917773 5.430696 1.948411
v -1.929377 5.421226 1.929377
v -1.925245 5.382651 1.925245
v -2.256499 5.393900 1.524282
v -2.285111 5.430696 1.500808
v -2.197677 4.926898 1.484978
v -2.216929 4.889564 1.455117
v -1.484978 4.926898 2.197677
v -1.455117 4.889564 2.216929
v -1.524282 5.393900 2.256499
v -1.500808 5.430696 2.285111
v -1.515902 5.421226 2.268708
v -1.512656 5.382651 2.263849
v -1.915769 5.393900 1.935214
v -1.948411 5.430696 1.917773
v -1.865744 4.926898 1.885190
v -1.890452 4.889564 1.859658
v -1.027699 4.926898 2.445154
v -0.994655 4.889564 2.458210
v -1.054771 5.393900 2.510514
v -1.026167 5.430696 2.533997
v -1.044171 5.421226 2.520853
v -1.041935 5.382651 2.515454
v -1.501417 5.393900 2.271777
v -1.536834 5.430696 2.261039
v -1.462113 4.926898 2.212955
v -1.491326 4.889564 2.192734
v -0.530926 4.926898 2.598665
v -0.495970 4.889564 2.605024
v -0.544727 5.393900 2.668051
v -0.512091 5.430696 2.685502
v -0.532314 5.421226 2.676123
v -0.531174 5.382651 2.670392
v -1.029365 5.393900 2.521037
v -1.066197 5.430696 2.517416
v -1.002292 4.926898 2.455678
v -1.034890 4.889564 2.441544
v -0.013750 4.926898 2.652311
v 0.021774 4.889564 2.651728
v -0.013750 5.393900 2.723056
v 0.021664 5.430696 2.733805
v -0.000000 5.421226 2.728551
v -0.000000 5.382651 2.722708
v -0.517756 5.393900 2.673416
v -0.554586 5.430696 2.677049
v -0.503954 4.926898 2.604030
v -0.538683 4.889564 2.596528
v 0.503955 4.926898 2.604030
v 0.538683 4.889564 2.596528
v 0.517756 5.393900 2.673416
v 0.554587 5.430696 2.677049
v 0.532314 5.421226 2.676123
v 0.531174 5.382651 2.670392
v 0.013749 5.393900 2.723056
v -0.021664 5.430696 2.733805
v 0.013750 4.926898 2.652311
v -0.021775 4.889564 2.651728
v 1.002292 4.926898 2.455678
v 1.034890 4.889564 2.441544
v 1.029366 5.393900 2.521037
v 1.066197 5.430696 2.517416
v 1.044172 5.421226 2.520853
v 1.041935 5.382651 2.515454
v 0.544727 5.393900 2.668051
v 0.512091 5.430696 2.685502
v 0.530926 4.926898 2.598665
v 0.495970 4.889564 2.605024
v 1.462112 4.926898 2.212955
v 1.491326 4.889564 2.192734
v 1.501416 5.393900 2.271777
v 1.536834 5.430696 2.261040
v 1.515902 5.421226 2.268708
v 1.512655 5.382651 2.263849
v 1.054772 5.393900 2.510514
v 1.026167 5.430696 2.533997
v 1.027699 4.926898 2.445154
v 0.994655 4.889564 2.458210
v 1.865744 4.926898 1.885190
v 1.890452 4.889564 1.859658
v 1.915769 5.393900 1.935214
v 1.948411 5.430696 1.917773
v 1.929377 5.421226 1.929377
v 1.925245 5.382651 1.925245
v 1.524281 5.393900 2.256500
v 1.500808 5.430696 2.285112
v 1.484977 4.926898 2.197677
v 1.455116 4.889564 2.216929
v 2.197677 4.926898 1.484977
v 2.216929 4.889564 1.455116
v 2.256500 5.393900 1.524281
v 2.285112 5.430696 1.500808
v 2.268708 5.421226 1.515902
v 2.263849 5.382651 1.512655
v 1.935214 5.393900 1.915769
v 1.917773 5.430696 1.948411
v 1.885190 4.926898 1.865744
v 1.859658 4.889564 1.890452
v 2.445154 4.926898 1.027699
v 2.458210 4.889564 0.994655
v 2.510514 5.393900 1.054771
v 2.533997 5.430696 1.026167
v 2.520853 5.421226 1.044171
v 2.515454 5.382651 1.041935
v 2.271777 5.393900 1.501416
v 2.261040 5.430696 1.536834
v 2.212955 4.926898 1.462112
v 2.192734 4.889564 1.491326
v 2.598665 4.926898 0.530926
v 2.605024 4.889564 0.495970
v 2.668051 5.393900 0.544727
v 2.685502 5.430696 0.512091
v 2.676123 5.421226 0.532314
v 2.670392 5.382651 0.531174
v 2.521037 5.393900 1.029365
v 2.517416 5.430696 1.066197
v 2.455678 4.926898 1.002292
v 2.441545 4.889564 1.034890
v 2.652311 4.926898 0.013750
v 2.651728 4.889564 -0.021775
v 2.723056 5.393900 0.013750
v 2.733805 5.430696 -0.021664
v 2.728551 5.421226 0.000000
v 2.722708 5.382651 0.000000
v 2.673416 5.393900 0.517756
v 2.677049 5.430696 0.554587
v 2.604030 4.926898 0.503955
v 2.596528 4.889564 0.538683
v 2.604030 4.926898 -0.503955
v 2.596528 4.889564 -0.538683
v 2.673416 5.393900 -0.517757
v 2.677049 5.430696 -0.554587
v 2.676123 5.421226 -0.532314
v 2.670392 5.382651 -0.531174
v 2.723056 5.393900 -0.013750
v 2.733805 5.430696 0.021664
v 2.652311 4.926898 -0.013750
v 2.651728 4.889564 0.021775
v 2.455678 4.926898 -1.002292
v 2.441544 4.889564 -1.034890
v 2.521037 5.393900 -1.029365
v 2.517416 5.430696 -1.066197
v 2.520853 5.421226 -1.044171
v 2.515454 5.382651 -1.041935
v 2.668051 5.393900 -0.544727
v 2.685502 5.430696 -0.512091
v 2.598665 4.926898 -0.530926
v 2.605024 4.889564 -0.495970
v 2.212955 4.926898 -1.462112
v 2.192734 4.889564 -1.491326
v 2.271777 5.393900 -1.501417
v 2.261040 5.430696 -1.536834
v 2.268708 5.421226 -1.515902
v 2.263849 5.382651 -1.512655
v 2.510514 5.393900 -1.054771
v 2.533997 5.430696 -1.026167
v 2.445154 4.926898 -1.027699
v 2.458210 4.889564 -0.994655
v 1.885190 4.926898 -1.865744
v 1.859658 4.889564 -1.890452
v 1.935214 5.393900 -1.915769
v 1.917773 5.430696 -1.948411
v 1.929377 5.421226 -1.929377
v 1.925245 5.382651 -1.925245
v 2.256500 5.393900 -1.524281
v 2.285112 5.430696 -1.500808
v 2.197677 4.926898 -1.484977
v 2.216929 4.889564 -1.455116
v 1.484977 4.926898 -2.197677
v 1.455116 4.889564 -2.216929
v 1.524281 5.393900 -2.256500
v 1.500808 5.430696 -2.285112
v 1.515902 5.421226 -2.268708
v 1.512655 5.382651 -2.263849
v 1.915769 5.393900 -1.935214
v 1.948411 5.430696 -1.917773
v 1.865744 4.926898 -1.885190
v 1.890452 4.889564 -1.859658
v 1.027699 4.926898 -2.445154
v 0.994655 4.889564 -2.458210
v 1.054771 5.393900 -2.510514
v 1.026167 5.430696 -2.533997
v 1.044171 5.421226 -2.520853
v 1.041935 5.382651 -2.515454
v 1.501417 5.393900 -2.271777
v 1.536834 5.430696 -2.261040
v 1.462112 4.926898 -2.212955
v 1.491326 4.889564 -2.192734
v 0.530926 4.926898 -2.598665
v 0.495970 4.889564 -2.605024
v 0.544727 5.393900 -2.668051
v 0.512091 5.430696 -2.685502
v 0.532314 5.421226 -2.676123
v 0.531174 5.382651 -2.670392
v 1.029365 5.393900 -2.521037
v 1.066197 5.430696 -2.517416
v 1.002292 4.926898 -2.455678
v 1.034890 4.889564 -2.441544
v 0.013750 4.926898 -2.652311
v -0.021775 4.889564 -2.651728
v 0.013750 5.393900 -2.723056
v -0.021664 5.430696 -2.733805
v 0.517756 5.393900 -2.673416
v 0.554587 5.430696 -2.677049
v 0.503955 4.926898 -2.604030
v 0.538683 4.889564 -2.596528
v 0.000000 0.112926 -1.950668
v 0.000000 5.579843 -2.798565
v 0.380556 0.112926 -1.913186
v 0.545973 5.579843 -2.744791
v 0.746488 0.112926 -1.802182
v 1.070964 5.579843 -2.585536
v 1.083733 0.112926 -1.621921
v 1.554799 5.579843 -2.326921
v 1.379331 0.112926 -1.379331
v 1.978884 5.579843 -1.978884
v 1.621921 0.112926 -1.083733
v 2.326921 5.579843 -1.554799
v 1.802182 0.112926 -0.746488
v 2.585536 5.579843 -1.070964
v 1.913186 0.112926 -0.380557
v 2.744791 5.579843 -0.545973
v 1.950668 0.112926 0.000000
v 2.798565 5.579843 0.000000
v 1.913186 0.112926 0.380556
v 2.744791 5.579843 0.545973
v 1.802182 0.112926 0.746488
v 2.585537 5.579843 1.070964
v 1.621921 0.112926 1.083733
v 2.326922 5.579843 1.554799
v 1.379331 0.112926 1.379331
v 1.978884 5.579843 1.978884
v 1.083733 0.112926 1.621921
v 1.554799 5.579843 2.326922
v 0.746488 0.112926 1.802182
v 1.070964 5.579843 2.585536
v 0.380556 0.112926 1.913187
v 0.545973 5.579843 2.744791
v -0.000000 0.112926 1.950668
v -0.000000 5.579843 2.798565
v -0.380556 0.112926 1.913187
v -0.545973 5.579843 2.744791
v -0.746488 0.112926 1.802182
v -1.070964 5.579843 2.585536
v -1.083733 0.112926 1.621921
v -1.554799 5.579843 2.326921
v -1.379330 0.112926 1.379331
v -1.978884 5.579843 1.978884
v -1.621921 0.112926 1.083734
v -2.326921 5.579843 1.554800
v -1.802182 0.112926 0.746489
v -2.585536 5.579843 1.070965
v -1.913186 0.112926 0.380557
v -2.744791 5.579843 0.545973
v -1.950668 0.112926 -0.000000
v -2.798565 5.579843 -0.000000
v -1.913186 0.112926 -0.380557
v -2.744791 5.579843 -0.545973
v -1.802182 0.112926 -0.746489
v -2.585536 5.579843 -1.070965
v -1.621921 0.112926 -1.083733
v -2.326922 5.579843 -1.554799
v -1.379331 0.112926 -1.379331
v -1.978884 5.579843 -1.978884
v -1.083733 0.112926 -1.621921
v -1.554799 5.579843 -2.326921
v -0.746488 0.112926 -1.802182
v -1.070964 5.579843 -2.585537
v -0.380556 0.112926 -1.913187
v -0.545973 5.579843 -2.744791
v 0.000000 5.386792 -2.768623
v 0.540132 5.386792 -2.715425
v 1.059506 5.386792 -2.557874
v 1.538165 5.386792 -2.302026
v 1.957712 5.386792 -1.957712
v 2.302026 5.386792 -1.538165
v 2.557874 5.386792 -1.059506
v 2.715425 5.386792 -0.540132
v 2.768623 5.386792 0.000000
v 2.715425 5.386792 0.540132
v 2.557874 5.386792 1.059506
v 2.302026 5.386792 1.538164
v 1.957712 5.386792 1.957712
v 1.538164 5.386792 2.302026
v 1.059507 5.386792 2.557874
v 0.540132 5.386792 2.715425
v -0.000000 5.386792 2.768623
v -0.540131 5.386792 2.715425
v -1.059506 5.386792 2.557874
v -1.538165 5.386792 2.302026
v -1.957712 5.386792 1.957713
v -2.302026 5.386792 1.538165
v -2.557874 5.386792 1.059507
v -2.715425 5.386792 0.540132
v -2.768623 5.386792 -0.000000
v -2.715425 5.386792 -0.540132
v -2.557874 5.386792 -1.059507
v -2.302027 5.386792 -1.538164
v -1.957713 5.386792 -1.957712
v -1.538165 5.386792 -2.302026
v -1.059506 5.386792 -2.557874
v -0.540131 5.386792 -2.715425
v 0.388358 0.370747 -1.952405
v 0.761791 0.370747 -1.839125
v 1.105949 0.370747 -1.655169
v 1.407606 0.370747 -1.407606
v 1.655169 0.370747 -1.105949
v 1.839125 0.370747 -0.761791
v 1.952405 0.370747 -0.388358
v 1.990655 0.370747 0.000000
v 1.952405 0.370747 0.388358
v 1.839126 0.370747 0.761791
v 1.655169 0.370747 1.105949
v 1.407606 0.370747 1.407606
v 1.105949 0.370747 1.655169
v 0.761791 0.370747 1.839125
v 0.388358 0.370747 1.952405
v -0.000000 0.370747 1.990655
v -0.388357 0.370747 1.952405
v -0.761791 0.370747 1.839125
v -1.105949 0.370747 1.655169
v -1.407606 0.370747 1.407606
v -1.655169 0.370747 1.105949
v -1.839125 0.370747 0.761791
v -1.952405 0.370747 0.388358
v -1.990655 0.370747 -0.000000
v -1.952405 0.370747 -0.388358
v -1.839125 0.370747 -0.761791
v -1.655169 0.370747 -1.105948
v -1.407606 0.370747 -1.407606
v -1.105949 0.370747 -1.655169
v -0.761791 0.370747 -1.839126
v -0.388357 0.370747 -1.952405
v 0.000000 0.370747 -1.990655
v 0.000000 0.153300 -1.912931
v 0.000000 5.588029 -2.743226
v 0.373194 0.153300 -1.876174
v 0.535177 5.588029 -2.690516
v 0.732048 0.153300 -1.767319
v 1.049788 5.588029 -2.534410
v 1.062769 0.153300 -1.590544
v 1.524054 5.588029 -2.280909
v 1.352647 0.153300 -1.352647
v 1.939754 5.588029 -1.939754
v 1.590544 0.153300 -1.062769
v 2.280909 5.588029 -1.524054
v 1.767319 0.153300 -0.732047
v 2.534410 5.588029 -1.049788
v 1.876174 0.153300 -0.373194
v 2.690516 5.588029 -0.535177
v 1.912931 0.153300 0.000000
v 2.743226 5.588029 0.000000
v 1.876174 0.153300 0.373194
v 2.690516 5.588029 0.535177
v 1.767319 0.153300 0.732047
v 2.534410 5.588029 1.049788
v 1.590544 0.153300 1.062769
v 2.280909 5.588029 1.524054
v 1.352647 0.153300 1.352647
v 1.939754 5.588029 1.939754
v 1.062769 0.153300 1.590544
v 1.524054 5.588029 2.280909
v 0.732048 0.153300 1.767319
v 1.049788 5.588029 2.534410
v 0.373194 0.153300 1.876174
v 0.535177 5.588029 2.690516
v -0.000000 0.153300 1.912931
v -0.000000 5.588029 2.743226
v -0.373194 0.153300 1.876174
v -0.535177 5.588029 2.690516
v -0.732047 0.153300 1.767319
v -1.049788 5.588029 2.534410
v -1.062769 0.153300 1.590544
v -1.524054 5.588029 2.280909
v -1.352647 0.153300 1.352647
v -1.939753 5.588029 1.939754
v -1.590544 0.153300 1.062769
v -2.280908 5.588029 1.524055
v -1.767319 0.153300 0.732048
v -2.534410 5.588029 1.049789
v -1.876174 0.153300 0.373194
v -2.690516 5.588029 0.535177
v -1.912931 0.153300 -0.000000
v -2.743226 5.588029 -0.000000
v -1.876174 0.153300 -0.373194
v -2.690516 5.588029 -0.535178
v -1.767318 0.153300 -0.732048
v -2.534409 5.588029 -1.049789
v -1.590544 0.153300 -1.062768
v -2.280909 5.588029 -1.524054
v -1.352648 0.153300 -1.352647
v -1.939754 5.588029 -1.939753
v -1.062769 0.153300 -1.590544
v -1.524054 5.588029 -2.280909
v -0.732047 0.153300 -1.767319
v -1.049788 5.588029 -2.534410
v -0.373194 0.153300 -1.876174
v -0.535177 5.588029 -2.690516
v 0.000000 5.394979 -2.713284
v 0.529336 5.394979 -2.661150
v 1.038330 5.394979 -2.506747
v 1.507420 5.394979 -2.256014
v 1.918582 5.394979 -1.918582
v 2.256014 5.394979 -1.507420
v 2.506747 5.394979 -1.038330
v 2.661150 5.394979 -0.529336
v 2.713284 5.394979 0.000000
v 2.661150 5.394979 0.529336
v 2.506747 5.394979 1.038330
v 2.256014 5.394979 1.507419
v 1.918582 5.394979 1.918582
v 1.507419 5.394979 2.256014
v 1.038330 5.394979 2.506747
v 0.529336 5.394979 2.661150
v -0.000000 5.394979 2.713284
v -0.529336 5.394979 2.661150
v -1.038330 5.394979 2.506747
v -1.507420 5.394979 2.256013
v -1.918582 5.394979 1.918582
v -2.256013 5.394979 1.507420
v -2.506747 5.394979 1.038331
v -2.661150 5.394979 0.529336
v -2.713284 5.394979 -0.000000
v -2.661150 5.394979 -0.529336
v -2.506747 5.394979 -1.038331
v -2.256014 5.394979 -1.507419
v -1.918582 5.394979 -1.918582
v -1.507420 5.394979 -2.256014
v -1.038330 5.394979 -2.506747
v -0.529336 5.394979 -2.661150
v 0.377562 0.378934 -1.898130
v 0.740615 0.378934 -1.787998
v 1.075204 0.378934 -1.609157
v 1.368475 0.378934 -1.368475
v 1.609157 0.378934 -1.075204
v 1.787998 0.378934 -0.740615
v 1.898130 0.378934 -0.377562
v 1.935316 0.378934 0.000000
v 1.898130 0.378934 0.377562
v 1.787999 0.378934 0.740615
v 1.609157 0.378934 1.075204
v 1.368475 0.378934 1.368475
v 1.075204 0.378934 1.609157
v 0.740615 0.378934 1.787998
v 0.377562 0.378934 1.898130
v -0.000000 0.378934 1.935316
v -0.377562 0.378934 1.898130
v -0.740615 0.378934 1.787998
v -1.075204 0.378934 1.609156
v -1.368475 0.378934 1.368475
v -1.609156 0.378934 1.075204
v -1.787998 0.378934 0.740615
v -1.898130 0.378934 0.377562
v -1.935316 0.378934 -0.000000
v -1.898130 0.378934 -0.377562
v -1.787998 0.378934 -0.740615
v -1.609157 0.378934 -1.075203
v -1.368475 0.378934 -1.368475
v -1.075204 0.378934 -1.609157
v -0.740615 0.378934 -1.787999
v -0.377562 0.378934 -1.898130
v 0.000000 0.378934 -1.935316
v 0.000000 5.563060 -2.795962
v 0.545465 5.563060 -2.742238
v 1.069968 5.563060 -2.583132
v 1.553353 5.563060 -2.324757
v 1.977044 5.563060 -1.977044
v 2.324757 5.563060 -1.553353
v 2.583132 5.563060 -1.069968
v 2.742238 5.563060 -0.545465
v 2.795962 5.563060 0.000000
v 2.742238 5.563060 0.545465
v 2.583132 5.563060 1.069968
v 2.324757 5.563060 1.553353
v 1.977044 5.563060 1.977044
v 1.553353 5.563060 2.324757
v 1.069968 5.563060 2.583132
v 0.545465 5.563060 2.742238
v -0.000000 5.563060 2.795962
v -0.545465 5.563060 2.742238
v -1.069968 5.563060 2.583132
v -1.553353 5.563060 2.324757
v -1.977043 5.563060 1.977044
v -2.324757 5.563060 1.553354
v -2.583132 5.563060 1.069969
v -2.742238 5.563060 0.545465
v -2.795962 5.563060 -0.000000
v -2.742238 5.563060 -0.545465
v -2.583132 5.563060 -1.069969
v -2.324758 5.563060 -1.553353
v -1.977044 5.563060 -1.977043
v -1.553353 5.563060 -2.324757
v -1.069968 5.563060 -2.583132
v -0.545465 5.563060 -2.742238
v 0.540513 5.399383 -2.717340
v 1.060254 5.399383 -2.559679
v 1.539250 5.399383 -2.303650
v 1.959093 5.399383 -1.959093
v 2.303650 5.399383 -1.539250
v 2.559679 5.399383 -1.060254
v 2.717340 5.399383 -0.540513
v 2.770576 5.399383 0.000000
v 2.717340 5.399383 0.540513
v 2.559679 5.399383 1.060254
v 2.303650 5.399383 1.539249
v 1.959093 5.399383 1.959093
v 1.539249 5.399383 2.303650
v 1.060254 5.399383 2.559679
v 0.540513 5.399383 2.717340
v -0.000000 5.399383 2.770576
v -0.540512 5.399383 2.717340
v -1.060254 5.399383 2.559679
v -1.539250 5.399383 2.303650
v -1.959093 5.399383 1.959093
v -2.303650 5.399383 1.539250
v -2.559679 5.399383 1.060254
v -2.717340 5.399383 0.540513
v -2.770576 5.399383 -0.000000
v -2.717340 5.399383 -0.540513
v -2.559678 5.399383 -1.060254
v -2.303650 5.399383 -1.539249
v -1.959093 5.399383 -1.959093
v -1.539250 5.399383 -2.303650
v -1.060254 5.399383 -2.559679
v -0.540512 5.399383 -2.717340
v 0.000000 5.399383 -2.770576
v 0.387702 0.349072 -1.949108
v 0.760504 0.349072 -1.836019
v 1.104081 0.349072 -1.652374
v 1.405228 0.349072 -1.405228
v 1.652374 0.349072 -1.104081
v 1.836019 0.349072 -0.760504
v 1.949108 0.349072 -0.387702
v 1.987293 0.349072 0.000000
v 1.949108 0.349072 0.387702
v 1.836020 0.349072 0.760504
v 1.652374 0.349072 1.104081
v 1.405228 0.349072 1.405228
v 1.104081 0.349072 1.652374
v 0.760504 0.349072 1.836019
v 0.387702 0.349072 1.949108
v -0.000000 0.349072 1.987293
v -0.387702 0.349072 1.949108
v -0.760504 0.349072 1.836019
v -1.104081 0.349072 1.652374
v -1.405228 0.349072 1.405228
v -1.652374 0.349072 1.104082
v -1.836019 0.349072 0.760504
v -1.949108 0.349072 0.387702
v -1.987293 0.349072 -0.000000
v -1.949108 0.349072 -0.387702
v -1.836019 0.349072 -0.760505
v -1.652374 0.349072 -1.104081
v -1.405229 0.349072 -1.405228
v -1.104081 0.349072 -1.652374
v -0.760504 0.349072 -1.836020
v -0.387702 0.349072 -1.949108
v 0.000000 0.349072 -1.987293
v 0.381502 0.144176 -1.917940
v 0.748343 0.144176 -1.806660
v 1.086426 0.144176 -1.625951
v 1.382758 0.144176 -1.382758
v 1.625951 0.144176 -1.086426
v 1.806660 0.144176 -0.748343
v 1.917940 0.144176 -0.381502
v 1.955515 0.144176 0.000000
v 1.917940 0.144176 0.381502
v 1.806660 0.144176 0.748343
v 1.625951 0.144176 1.086426
v 1.382758 0.144176 1.382758
v 1.086426 0.144176 1.625951
v 0.748343 0.144176 1.806660
v 0.381502 0.144176 1.917940
v -0.000000 0.144176 1.955515
v -0.381502 0.144176 1.917940
v -0.748343 0.144176 1.806660
v -1.086426 0.144176 1.625951
v -1.382758 0.144176 1.382758
v -1.625951 0.144176 1.086426
v -1.806660 0.144176 0.748343
v -1.917940 0.144176 0.381502
v -1.955515 0.144176 -0.000000
v -1.917940 0.144176 -0.381502
v -1.806660 0.144176 -0.748343
v -1.625951 0.144176 -1.086425
v -1.382758 0.144176 -1.382758
v -1.086426 0.144176 -1.625951
v -0.748343 0.144176 -1.806660
v -0.381502 0.144176 -1.917940
v 0.000000 0.144176 -1.955515
v 0.373544 0.171350 -1.877931
v 0.732733 0.171350 -1.768973
v 1.063764 0.171350 -1.592033
v 1.353914 0.171350 -1.353914
v 1.592033 0.171350 -1.063764
v 1.768973 0.171350 -0.732733
v 1.877931 0.171350 -0.373544
v 1.914722 0.171350 0.000000
v 1.877931 0.171350 0.373544
v 1.768973 0.171350 0.732733
v 1.592033 0.171350 1.063763
v 1.353914 0.171350 1.353914
v 1.063764 0.171350 1.592033
v 0.732733 0.171350 1.768973
v 0.373544 0.171350 1.877931
v -0.000000 0.171350 1.914722
v -0.373544 0.171350 1.877931
v -0.732733 0.171350 1.768973
v -1.063764 0.171350 1.592033
v -1.353913 0.171350 1.353914
v -1.592033 0.171350 1.063764
v -1.768973 0.171350 0.732733
v -1.877931 0.171350 0.373544
v -1.914722 0.171350 -0.000000
v -1.877931 0.171350 -0.373544
v -1.768973 0.171350 -0.732733
v -1.592033 0.171350 -1.063763
v -1.353914 0.171350 -1.353914
v -1.063764 0.171350 -1.592033
v -0.732733 0.171350 -1.768973
v -0.373544 0.171350 -1.877931
v 0.000000 0.171350 -1.914722
v 0.000000 0.360883 -1.933525
v 0.377213 0.360883 -1.896373
v 0.739929 0.360883 -1.786344
v 1.074209 0.360883 -1.607668
v 1.367209 0.360883 -1.367209
v 1.607668 0.360883 -1.074209
v 1.786344 0.360883 -0.739929
v 1.896373 0.360883 -0.377213
v 1.933525 0.360883 0.000000
v 1.896373 0.360883 0.377213
v 1.786344 0.360883 0.739929
v 1.607668 0.360883 1.074209
v 1.367209 0.360883 1.367209
v 1.074209 0.360883 1.607668
v 0.739929 0.360883 1.786344
v 0.377213 0.360883 1.896374
v -0.000000 0.360883 1.933525
v -0.377212 0.360883 1.896374
v -0.739929 0.360883 1.786344
v -1.074209 0.360883 1.607667
v -1.367209 0.360883 1.367209
v -1.607667 0.360883 1.074209
v -1.786344 0.360883 0.739930
v -1.896373 0.360883 0.377213
v -1.933525 0.360883 -0.000000
v -1.896373 0.360883 -0.377213
v -1.786344 0.360883 -0.739930
v -1.607668 0.360883 -1.074208
v -1.367209 0.360883 -1.367209
v -1.074209 0.360883 -1.607668
v -0.739929 0.360883 -1.786344
v -0.377212 0.360883 -1.896374
v 0.000000 5.419570 -2.717098
v 0.530080 5.419570 -2.664891
v 1.039790 5.419570 -2.510271
v 1.509539 5.419570 -2.259185
v 1.921279 5.419570 -1.921279
v 2.259185 5.419570 -1.509539
v 2.510271 5.419570 -1.039790
v 2.664891 5.419570 -0.530080
v 2.717098 5.419570 0.000000
v 2.664891 5.419570 0.530080
v 2.510271 5.419570 1.039790
v 2.259185 5.419570 1.509538
v 1.921279 5.419570 1.921279
v 1.509538 5.419570 2.259185
v 1.039790 5.419570 2.510271
v 0.530080 5.419570 2.664891
v -0.000000 5.419570 2.717098
v -0.530080 5.419570 2.664891
v -1.039790 5.419570 2.510271
v -1.509539 5.419570 2.259184
v -1.921279 5.419570 1.921279
v -2.259184 5.419570 1.509539
v -2.510271 5.419570 1.039790
v -2.664891 5.419570 0.530080
v -2.717098 5.419570 -0.000000
v -2.664891 5.419570 -0.530080
v -2.510271 5.419570 -1.039790
v -2.259185 5.419570 -1.509538
v -1.921279 5.419570 -1.921279
v -1.509539 5.419570 -2.259185
v -1.039790 5.419570 -2.510271
v -0.530080 5.419570 -2.664891
v 0.000000 5.576704 -2.741469
v 0.534835 5.576704 -2.688793
v 1.049116 5.576704 -2.532787
v 1.523078 5.576704 -2.279448
v 1.938511 5.576704 -1.938511
v 2.279448 5.576704 -1.523078
v 2.532787 5.576704 -1.049116
v 2.688793 5.576704 -0.534835
v 2.741469 5.576704 0.000000
v 2.688793 5.576704 0.534835
v 2.532787 5.576704 1.049116
v 2.279449 5.576704 1.523078
v 1.938511 5.576704 1.938511
v 1.523078 5.576704 2.279449
v 1.049116 5.576704 2.532787
v 0.534835 5.576704 2.688793
v -0.000000 5.576704 2.741469
v -0.534834 5.576704 2.688793
v -1.049116 5.576704 2.532787
v -1.523078 5.576704 2.279448
v -1.938511 5.576704 1.938512
v -2.279448 5.576704 1.523079
v -2.532787 5.576704 1.049116
v -2.688793 5.576704 0.534835
v -2.741469 5.576704 -0.000000
v -2.688793 5.576704 -0.534835
v -2.532787 5.576704 -1.049117
v -2.279449 5.576704 -1.523078
v -1.938512 5.576704 -1.938511
v -1.523078 5.576704 -2.279448
v -1.049116 5.576704 -2.532787
v -0.534834 5.576704 -2.688793
vt 0.992525 0.642962
vt 0.993322 0.643547
vt 0.993322 0.671962
vt 0.992525 0.672550
vt 0.430168 0.926070
vt 0.430174 0.896482
vt 0.431341 0.895341
vt 0.431341 0.926940
vt 0.638585 0.944184
vt 0.637706 0.943584
vt 0.637706 0.914838
vt 0.638585 0.914251
vt 0.910589 0.592027
vt 0.910588 0.562095
vt 0.911972 0.561002
vt 0.911972 0.592968
vt 0.160442 0.718823
vt 0.160709 0.719495
vt 0.148676 0.727181
vt 0.147699 0.726962
vt 0.204364 0.868634
vt 0.191468 0.877141
vt 0.189911 0.876591
vt 0.203841 0.867403
vt 0.997316 0.935844
vt 0.997990 0.936505
vt 0.997990 0.955018
vt 0.997316 0.955679
vt 0.661217 0.447350
vt 0.661217 0.467169
vt 0.659998 0.468078
vt 0.659998 0.446441
vt 0.160709 0.752828
vt 0.160230 0.753669
vt 0.204364 0.903361
vt 0.203705 0.904915
vt 0.985332 0.029960
vt 0.984462 0.029379
vt 0.984462 0.000607
vt 0.985332 0.000000
vt 0.129380 0.820125
vt 0.129379 0.790164
vt 0.130789 0.789208
vt 0.130789 0.821204
vt 0.486984 0.468784
vt 0.486310 0.468256
vt 0.486311 0.450588
vt 0.486984 0.450060
vt 0.487468 0.991009
vt 0.487522 0.971985
vt 0.488514 0.971208
vt 0.488514 0.991913
vt 0.485814 0.449945
vt 0.485814 0.468899
vt 0.895972 0.561178
vt 0.895993 0.560000
vt 0.698475 0.758099
vt 0.698953 0.758940
vt 0.686870 0.784556
vt 0.685893 0.784773
vt 0.160404 0.833531
vt 0.147578 0.860088
vt 0.145931 0.860585
vt 0.159622 0.832220
vt 0.984552 0.498895
vt 0.983681 0.498289
vt 0.983681 0.469516
vt 0.984552 0.468934
vt 0.524077 0.780219
vt 0.524078 0.750258
vt 0.525651 0.749186
vt 0.525651 0.781183
vt 0.698953 0.792299
vt 0.698688 0.792972
vt 0.160404 0.868474
vt 0.159969 0.869763
vt 0.998369 0.817227
vt 0.997695 0.816566
vt 0.997695 0.798052
vt 0.998369 0.797391
vt 0.848432 0.962690
vt 0.848432 0.981924
vt 0.847242 0.983125
vt 0.847242 0.961488
vt 0.993652 0.631356
vt 0.992855 0.630769
vt 0.992855 0.602347
vt 0.993652 0.601761
vt 0.274339 0.889178
vt 0.274333 0.859583
vt 0.275598 0.858697
vt 0.275598 0.890303
vt 0.959855 0.168977
vt 0.960900 0.169142
vt 0.972933 0.195247
vt 0.972385 0.196160
vt 0.910876 0.389804
vt 0.910877 0.359872
vt 0.912468 0.358920
vt 0.912468 0.390886
vt 0.999867 0.422213
vt 0.999194 0.421685
vt 0.999194 0.404017
vt 0.999867 0.403489
vt 0.697007 0.991120
vt 0.697007 0.972232
vt 0.698012 0.971323
vt 0.698012 0.992029
vt 0.972765 0.162011
vt 0.972933 0.162649
vt 0.896701 0.390697
vt 0.896476 0.391893
vt 0.926400 0.000000
vt 0.926808 0.000821
vt 0.913214 0.025583
vt 0.912244 0.025784
vt 0.796915 0.082275
vt 0.782361 0.107836
vt 0.780799 0.108351
vt 0.796337 0.081050
vt 0.990101 0.672936
vt 0.989272 0.672332
vt 0.989272 0.643546
vt 0.990101 0.642962
vt 0.603258 0.787749
vt 0.603260 0.757775
vt 0.604755 0.756697
vt 0.604755 0.788709
vt 0.926808 0.034672
vt 0.926639 0.035409
vt 0.796915 0.117898
vt 0.796520 0.119219
vt 0.637779 0.976176
vt 0.638452 0.976836
vt 0.638452 0.995350
vt 0.637779 0.996011
vt 0.647811 0.467169
vt 0.647840 0.447642
vt 0.649029 0.446441
vt 0.649029 0.468078
vt 0.994143 0.904875
vt 0.994914 0.905445
vt 0.994914 0.933964
vt 0.994143 0.934572
vt 0.565068 0.930165
vt 0.565062 0.900468
vt 0.566198 0.899564
vt 0.566198 0.931280
vt 0.433183 0.913140
vt 0.434218 0.913273
vt 0.447591 0.938679
vt 0.447109 0.939596
vt 0.318359 0.804529
vt 0.332419 0.830913
vt 0.331698 0.832334
vt 0.316682 0.804158
vt 0.999207 0.560000
vt 0.999881 0.560527
vt 0.999881 0.578196
vt 0.999207 0.578724
vt 0.834947 0.991334
vt 0.834947 0.972183
vt 0.835940 0.971406
vt 0.835940 0.992111
vt 0.447530 0.904544
vt 0.447591 0.905260
vt 0.332419 0.796009
vt 0.332306 0.794688
vt 0.879742 0.721513
vt 0.880071 0.722290
vt 0.865378 0.746358
vt 0.864442 0.746576
vt 0.111520 0.720290
vt 0.095873 0.745138
vt 0.094351 0.745672
vt 0.111055 0.719133
vt 0.995786 0.228766
vt 0.995029 0.228174
vt 0.995029 0.199396
vt 0.995786 0.198800
vt 0.636344 0.881503
vt 0.636347 0.851536
vt 0.637649 0.850444
vt 0.637649 0.882447
vt 0.880071 0.756283
vt 0.880001 0.757085
vt 0.111520 0.756025
vt 0.111359 0.757508
vt 0.772683 0.976241
vt 0.773356 0.976902
vt 0.773356 0.995415
vt 0.772683 0.996076
vt 0.649029 0.467169
vt 0.649029 0.447350
vt 0.650248 0.446441
vt 0.650248 0.468078
vt 0.995950 0.871626
vt 0.996666 0.872186
vt 0.996666 0.900798
vt 0.995950 0.901419
vt 0.714195 0.949206
vt 0.714189 0.919413
vt 0.715293 0.918478
vt 0.715293 0.950296
vt 0.884118 0.245027
vt 0.885115 0.245163
vt 0.899444 0.270006
vt 0.899038 0.270896
vt 0.753444 0.694021
vt 0.768649 0.719724
vt 0.768089 0.721084
vt 0.751849 0.693636
vt 0.999186 0.198800
vt 0.999859 0.199328
vt 0.999859 0.216996
vt 0.999186 0.217524
vt 0.695913 0.991120
vt 0.695926 0.972100
vt 0.696919 0.971323
vt 0.696919 0.992028
vt 0.899444 0.235318
vt 0.899401 0.236113
vt 0.768649 0.684152
vt 0.768472 0.682847
vt 0.640200 0.662463
vt 0.640664 0.661873
vt 0.668847 0.661886
vt 0.669547 0.662476
vt 0.642088 0.338246
vt 0.671434 0.338260
vt 0.672736 0.339256
vt 0.641397 0.339247
vt 0.997013 0.029933
vt 0.996357 0.029362
vt 0.996357 0.000616
vt 0.997013 0.000000
vt 0.237652 0.903496
vt 0.237656 0.873563
vt 0.238831 0.872428
vt 0.238831 0.904396
vt 0.668946 0.643457
vt 0.669652 0.642962
vt 0.671540 0.318582
vt 0.672852 0.317720
vt 0.768642 0.976241
vt 0.769316 0.976902
vt 0.769316 0.995415
vt 0.768642 0.996076
vt 0.878881 0.980301
vt 0.878881 0.961067
vt 0.880070 0.959866
vt 0.880070 0.981502
vt 0.998085 0.388794
vt 0.997450 0.388233
vt 0.997450 0.359544
vt 0.998085 0.358920
vt 0.256771 0.750323
vt 0.256766 0.720449
vt 0.257725 0.719512
vt 0.257725 0.751417
vt 0.410048 0.841954
vt 0.410982 0.842126
vt 0.425910 0.866588
vt 0.425593 0.867427
vt 0.359162 0.728463
vt 0.374757 0.753905
vt 0.374111 0.755314
vt 0.357453 0.728146
vt 0.999072 0.682308
vt 0.999745 0.682836
vt 0.999745 0.700505
vt 0.999072 0.701033
vt 0.111262 0.991176
vt 0.111262 0.972288
vt 0.112268 0.971379
vt 0.112268 0.992084
vt 0.425910 0.831742
vt 0.425767 0.832606
vt 0.374500 0.718544
vt 0.374757 0.716956
vt 0.768642 0.894868
vt 0.768005 0.894245
vt 0.768005 0.865555
vt 0.768642 0.864994
vt 0.178066 0.722233
vt 0.178066 0.692359
vt 0.178999 0.691254
vt 0.179005 0.723159
vt 0.255154 0.832204
vt 0.255471 0.833043
vt 0.240544 0.857506
vt 0.239610 0.857677
vt 0.180005 0.692127
vt 0.180005 0.722001
vt 0.669652 0.681982
vt 0.668946 0.681489
vt 0.668847 0.663069
vt 0.671542 0.358190
vt 0.672736 0.337393
vt 0.672852 0.358920
vt 0.772683 0.996076
vt 0.772009 0.995415
vt 0.772009 0.976901
vt 0.772683 0.976241
vt 0.355260 0.952428
vt 0.355260 0.972247
vt 0.354042 0.973156
vt 0.354042 0.951519
vt 0.640664 0.663056
vt 0.641397 0.337374
vt 0.239602 0.806334
vt 0.238943 0.805719
vt 0.238943 0.776973
vt 0.239602 0.776401
vt 0.615834 0.709481
vt 0.615830 0.679548
vt 0.617011 0.678633
vt 0.617011 0.710601
vt 0.999881 0.598329
vt 0.999207 0.597801
vt 0.999207 0.580132
vt 0.999881 0.579604
vt 0.835940 0.991334
vt 0.835940 0.972183
vt 0.836932 0.971406
vt 0.836932 0.992111
vt 0.255328 0.867025
vt 0.255471 0.867889
vt 0.312930 0.968085
vt 0.312930 0.986933
vt 0.311737 0.987716
vt 0.311737 0.967111
vt 0.273072 0.932260
vt 0.272354 0.931639
vt 0.272354 0.903028
vt 0.273072 0.902467
vt 0.237724 0.935279
vt 0.237730 0.905486
vt 0.238831 0.904396
vt 0.238831 0.936214
vt 0.127435 0.864737
vt 0.127841 0.865627
vt 0.113514 0.890472
vt 0.112517 0.890607
vt 0.769011 0.644460
vt 0.754093 0.670331
vt 0.752272 0.670589
vt 0.768206 0.642962
vt 0.883349 0.276519
vt 0.883421 0.277320
vt 0.868748 0.287233
vt 0.867811 0.287016
vt 0.406088 0.720418
vt 0.390537 0.731172
vt 0.388908 0.730707
vt 0.405929 0.718937
vt 0.997640 0.721513
vt 0.998314 0.722174
vt 0.998314 0.740688
vt 0.997640 0.741349
vt 0.784861 0.960968
vt 0.784861 0.980202
vt 0.783671 0.981403
vt 0.783671 0.959767
vt 0.883421 0.311314
vt 0.883090 0.312092
vt 0.406088 0.756081
vt 0.405511 0.757311
vt 0.160706 0.899730
vt 0.159947 0.899134
vt 0.159947 0.870356
vt 0.160706 0.869763
vt 0.092889 0.840993
vt 0.092885 0.811026
vt 0.094253 0.810089
vt 0.094253 0.842092
vt 0.999743 0.778395
vt 0.999070 0.777866
vt 0.999070 0.760198
vt 0.999743 0.759670
vt 0.694908 0.991120
vt 0.694908 0.972232
vt 0.695914 0.971323
vt 0.695914 0.992028
vt 0.127799 0.899520
vt 0.127841 0.900314
vt 0.768931 0.679730
vt 0.769011 0.681192
vt 0.993909 0.388618
vt 0.993136 0.388010
vt 0.993136 0.359491
vt 0.993909 0.358920
vt 0.355426 0.893822
vt 0.355431 0.864394
vt 0.356635 0.863293
vt 0.356635 0.895009
vt 0.939113 0.642962
vt 0.939596 0.643878
vt 0.926225 0.669286
vt 0.925190 0.669419
vt 0.794412 0.032009
vt 0.794411 0.002113
vt 0.795961 0.001009
vt 0.795961 0.032937
vt 0.089874 0.896201
vt 0.090044 0.896936
vt 0.076479 0.906001
vt 0.075509 0.905800
vt 0.801421 0.644344
vt 0.786961 0.654279
vt 0.785400 0.653760
vt 0.801116 0.642962
vt 0.774703 0.996076
vt 0.774030 0.995416
vt 0.774030 0.976902
vt 0.774703 0.976241
vt 0.352622 0.972254
vt 0.352650 0.952728
vt 0.353840 0.951526
vt 0.353840 0.973163
vt 0.090044 0.930780
vt 0.089635 0.931602
vt 0.801421 0.679896
vt 0.800837 0.681121
vt 0.450072 0.719664
vt 0.450902 0.720248
vt 0.450902 0.749034
vt 0.450072 0.749638
vt 0.425852 0.824986
vt 0.425850 0.795011
vt 0.427235 0.794053
vt 0.427235 0.826064
vt 0.999070 0.797349
vt 0.998397 0.796821
vt 0.998397 0.779153
vt 0.999070 0.778625
vt 0.348186 0.990985
vt 0.348132 0.971961
vt 0.349178 0.971057
vt 0.349178 0.991762
vt 0.939596 0.677296
vt 0.939534 0.678012
vt 0.777973 0.001202
vt 0.777723 0.000000
vt 0.993011 0.065113
vt 0.992214 0.064528
vt 0.992214 0.036105
vt 0.993011 0.035517
vt 0.256488 0.925303
vt 0.256494 0.895706
vt 0.257661 0.894566
vt 0.257661 0.926173
vt 0.145931 0.964603
vt 0.145052 0.964003
vt 0.145052 0.935258
vt 0.145931 0.934671
vt 0.175336 0.908313
vt 0.175335 0.878381
vt 0.176719 0.877288
vt 0.176719 0.909254
vt 0.160435 0.757892
vt 0.160702 0.758564
vt 0.148657 0.766273
vt 0.147680 0.766055
vt 0.218808 0.868634
vt 0.205923 0.877199
vt 0.204364 0.876654
vt 0.218283 0.867403
vt 0.778744 0.976241
vt 0.779418 0.976901
vt 0.779418 0.995415
vt 0.778744 0.996076
vt 0.651467 0.467169
vt 0.651467 0.447350
vt 0.652686 0.446441
vt 0.652686 0.468078
vt 0.160702 0.791909
vt 0.160223 0.792750
vt 0.218808 0.903433
vt 0.218245 0.904929
vt 0.404806 0.968048
vt 0.403934 0.967466
vt 0.403934 0.938693
vt 0.404806 0.938087
vt 0.521613 0.818565
vt 0.521612 0.788604
vt 0.523023 0.787648
vt 0.523023 0.819645
vt 0.486984 0.450060
vt 0.487657 0.450588
vt 0.487657 0.468257
vt 0.486984 0.468784
vt 0.689799 0.991255
vt 0.689839 0.972100
vt 0.690832 0.971323
vt 0.690832 0.992028
vt 0.488153 0.468900
vt 0.488153 0.449945
vt 0.160713 0.877460
vt 0.160734 0.876281
vt 0.669064 0.758350
vt 0.669542 0.759191
vt 0.657463 0.784819
vt 0.656486 0.785037
vt 0.290479 0.868222
vt 0.277658 0.894792
vt 0.276011 0.895289
vt 0.289698 0.866911
vt 0.983681 0.498895
vt 0.982811 0.498288
vt 0.982811 0.469516
vt 0.983681 0.468934
vt 0.543300 0.772242
vt 0.543301 0.742281
vt 0.544874 0.741209
vt 0.544874 0.773206
vt 0.669542 0.792536
vt 0.669277 0.793209
vt 0.290479 0.903150
vt 0.290044 0.904437
vt 0.997727 0.235318
vt 0.998400 0.235979
vt 0.998400 0.254493
vt 0.997727 0.255154
vt 0.732064 0.962205
vt 0.732064 0.981439
vt 0.730874 0.982640
vt 0.730874 0.961004
vt 0.992944 0.081050
vt 0.993742 0.081637
vt 0.993742 0.110054
vt 0.992944 0.110640
vt 0.715210 0.885387
vt 0.715204 0.855797
vt 0.716469 0.854911
vt 0.716469 0.886512
vt 0.176627 0.812578
vt 0.177671 0.812742
vt 0.189739 0.838832
vt 0.189193 0.839745
vt 0.901398 0.231824
vt 0.901398 0.201891
vt 0.902989 0.200940
vt 0.902989 0.232906
vt 0.999743 0.797349
vt 0.999070 0.796821
vt 0.999070 0.779153
vt 0.999743 0.778625
vt 0.692897 0.991120
vt 0.692897 0.972232
vt 0.693903 0.971323
vt 0.693903 0.992028
vt 0.189573 0.805585
vt 0.189739 0.806224
vt 0.887178 0.232707
vt 0.886948 0.233902
vt 0.927219 0.317720
vt 0.927627 0.318542
vt 0.914035 0.343315
vt 0.913066 0.343517
vt 0.732929 0.760368
vt 0.718415 0.785657
vt 0.716851 0.786165
vt 0.732488 0.758909
vt 0.988548 0.468934
vt 0.989377 0.469539
vt 0.989377 0.498325
vt 0.988548 0.498909
vt 0.561779 0.748340
vt 0.561781 0.718366
vt 0.563276 0.717289
vt 0.563276 0.749300
vt 0.927627 0.352386
vt 0.927458 0.353122
vt 0.732929 0.795752
vt 0.732529 0.797069
vt 0.745123 0.995795
vt 0.744449 0.995134
vt 0.744449 0.976621
vt 0.745123 0.975960
vt 0.355461 0.972247
vt 0.355490 0.952721
vt 0.356680 0.951520
vt 0.356680 0.973156
vt 0.994642 0.468580
vt 0.993871 0.468010
vt 0.993871 0.439496
vt 0.994642 0.438888
vt 0.465685 0.928033
vt 0.465679 0.898341
vt 0.466815 0.897437
vt 0.466815 0.929147
vt 0.526015 0.911561
vt 0.527050 0.911693
vt 0.540449 0.937088
vt 0.539967 0.938004
vt 0.527691 0.804254
vt 0.541777 0.830626
vt 0.541060 0.832048
vt 0.526016 0.803884
vt 0.999661 0.740238
vt 0.998987 0.739710
vt 0.998987 0.722041
vt 0.999661 0.721513
vt 0.684675 0.991251
vt 0.684635 0.972096
vt 0.685668 0.971323
vt 0.685668 0.992028
vt 0.540390 0.902945
vt 0.540449 0.903662
vt 0.541777 0.795715
vt 0.541669 0.794393
vt 0.880759 0.560000
vt 0.881088 0.560777
vt 0.866397 0.584858
vt 0.865461 0.585075
vt 0.585327 0.719551
vt 0.569757 0.744458
vt 0.568129 0.744924
vt 0.584752 0.718321
vt 0.995629 0.751480
vt 0.994872 0.750888
vt 0.994872 0.722109
vt 0.995629 0.721513
vt 0.291836 0.861935
vt 0.291839 0.831969
vt 0.293141 0.830876
vt 0.293141 0.862880
vt 0.881088 0.594771
vt 0.881018 0.595572
vt 0.585327 0.755214
vt 0.585171 0.756695
vt 0.745236 0.975960
vt 0.745909 0.976620
vt 0.745909 0.995134
vt 0.745236 0.995795
vt 0.033833 0.971998
vt 0.033833 0.952179
vt 0.035052 0.951271
vt 0.035052 0.972907
vt 0.996547 0.993298
vt 0.995830 0.992737
vt 0.995830 0.964130
vt 0.996547 0.963508
vt 0.129410 0.947835
vt 0.129405 0.918315
vt 0.130509 0.917109
vt 0.130509 0.948923
vt 0.882919 0.327440
vt 0.883915 0.327576
vt 0.898262 0.352411
vt 0.897858 0.353301
vt 0.753420 0.732973
vt 0.768642 0.758669
vt 0.768086 0.760028
vt 0.751828 0.732588
vt 0.999632 0.018725
vt 0.998959 0.018197
vt 0.998959 0.000528
vt 0.999632 0.000000
vt 0.488514 0.991009
vt 0.488554 0.972117
vt 0.489560 0.971208
vt 0.489560 0.991913
vt 0.898262 0.317720
vt 0.898217 0.318515
vt 0.768642 0.723093
vt 0.768469 0.721787
vt 0.123810 0.659948
vt 0.124276 0.659357
vt 0.152467 0.659361
vt 0.153166 0.659952
vt 0.642355 0.255850
vt 0.671445 0.255855
vt 0.672747 0.256852
vt 0.641397 0.256852
vt 0.996156 0.358920
vt 0.996813 0.359492
vt 0.996813 0.388238
vt 0.996156 0.388854
vt 0.296138 0.895834
vt 0.296142 0.865900
vt 0.297318 0.864765
vt 0.297318 0.896733
vt 0.152564 0.640935
vt 0.153269 0.640441
vt 0.671550 0.236051
vt 0.672860 0.235318
vt 0.778070 0.976241
vt 0.778744 0.976902
vt 0.778744 0.995416
vt 0.778070 0.996076
vt 0.094224 0.962481
vt 0.094224 0.981715
vt 0.093035 0.982916
vt 0.093035 0.961280
vt 0.997976 0.154362
vt 0.997340 0.153801
vt 0.997340 0.125114
vt 0.997976 0.124490
vt 0.637654 0.913147
vt 0.637649 0.883276
vt 0.638585 0.882349
vt 0.638585 0.914251
vt 0.487468 0.841612
vt 0.488400 0.841784
vt 0.503337 0.866244
vt 0.503022 0.867082
vt 0.739291 0.288029
vt 0.754896 0.313468
vt 0.754254 0.314876
vt 0.737585 0.287711
vt 0.998828 0.337324
vt 0.999501 0.337852
vt 0.999501 0.355521
vt 0.998828 0.356049
vt 0.490659 0.991136
vt 0.490606 0.972113
vt 0.491652 0.971208
vt 0.491652 0.991913
vt 0.503337 0.831399
vt 0.503192 0.832264
vt 0.754636 0.278109
vt 0.754896 0.276519
vt 0.997641 0.751388
vt 0.997004 0.750766
vt 0.997004 0.722075
vt 0.997641 0.721513
vt 0.486403 0.860880
vt 0.486407 0.831005
vt 0.487340 0.829900
vt 0.487340 0.861806
vt 0.314074 0.832213
vt 0.314392 0.833054
vt 0.299472 0.857524
vt 0.298537 0.857694
vt 0.523185 0.718546
vt 0.507431 0.743893
vt 0.505960 0.744353
vt 0.522788 0.717286
vt 0.153269 0.679461
vt 0.152564 0.678967
vt 0.152467 0.660544
vt 0.671550 0.275788
vt 0.672747 0.254988
vt 0.672860 0.276519
vt 0.745909 0.975960
vt 0.746583 0.976620
vt 0.746583 0.995134
vt 0.745909 0.995795
vt 0.650248 0.467169
vt 0.650248 0.447350
vt 0.651467 0.446441
vt 0.651467 0.468078
vt 0.124276 0.660540
vt 0.641397 0.254979
vt 0.314524 0.897832
vt 0.313866 0.897215
vt 0.313866 0.868471
vt 0.314524 0.867901
vt 0.109062 0.898273
vt 0.109058 0.868342
vt 0.110237 0.867428
vt 0.110237 0.899394
vt 0.999617 0.680411
vt 0.998944 0.679883
vt 0.998944 0.662215
vt 0.999617 0.661687
vt 0.688766 0.991255
vt 0.688806 0.972100
vt 0.689799 0.971323
vt 0.689799 0.992028
vt 0.314251 0.867038
vt 0.314392 0.867901
vt 0.523185 0.754226
vt 0.523183 0.755650
vt 0.669340 0.995434
vt 0.668622 0.994814
vt 0.668622 0.966201
vt 0.669340 0.965640
vt 0.019055 0.936859
vt 0.019060 0.907065
vt 0.020161 0.905975
vt 0.020161 0.937795
vt 0.272758 0.866898
vt 0.273166 0.867789
vt 0.258851 0.892645
vt 0.257853 0.892780
vt 0.770045 0.360421
vt 0.755140 0.386303
vt 0.753318 0.386560
vt 0.769237 0.358920
vt 0.882289 0.468934
vt 0.882360 0.469735
vt 0.867676 0.479644
vt 0.866739 0.479427
vt 0.129708 0.720303
vt 0.114145 0.731053
vt 0.112517 0.730589
vt 0.129551 0.718822
vt 0.998356 0.924711
vt 0.997683 0.924050
vt 0.997683 0.905536
vt 0.998356 0.904875
vt 0.351424 0.980164
vt 0.351424 0.960930
vt 0.352613 0.959728
vt 0.352613 0.981365
vt 0.882360 0.503729
vt 0.882030 0.504507
vt 0.129708 0.755965
vt 0.129133 0.757196
vt 0.256567 0.985812
vt 0.255809 0.985216
vt 0.255809 0.956438
vt 0.256567 0.955847
vt 0.017220 0.854887
vt 0.017217 0.824922
vt 0.018584 0.823985
vt 0.018584 0.855988
vt 0.999860 0.982233
vt 0.999186 0.981705
vt 0.999186 0.964036
vt 0.999860 0.963508
vt 0.699018 0.972232
vt 0.699018 0.991120
vt 0.698012 0.992029
vt 0.698012 0.971323
vt 0.273124 0.901674
vt 0.273166 0.902467
vt 0.769967 0.395682
vt 0.770045 0.397141
vt 0.993370 0.904875
vt 0.994143 0.905483
vt 0.994143 0.934004
vt 0.993370 0.934574
vt 0.428768 0.894155
vt 0.428774 0.864724
vt 0.429977 0.863624
vt 0.429977 0.895341
vt 0.939924 0.904875
vt 0.940408 0.905792
vt 0.927055 0.931212
vt 0.926020 0.931345
vt 0.037026 0.822888
vt 0.037025 0.792988
vt 0.038576 0.791885
vt 0.038576 0.823816
vt 0.930380 0.403489
vt 0.930550 0.404224
vt 0.916968 0.413286
vt 0.915998 0.413085
vt 0.801391 0.684229
vt 0.786914 0.694161
vt 0.785353 0.693643
vt 0.801088 0.682847
vt 0.777397 0.976241
vt 0.778071 0.976901
vt 0.778071 0.995415
vt 0.777397 0.996076
vt 0.013448 0.972176
vt 0.013476 0.952650
vt 0.014666 0.951449
vt 0.014666 0.973085
vt 0.930550 0.438065
vt 0.930141 0.438888
vt 0.801391 0.719778
vt 0.800808 0.721003
vt 0.542455 0.756352
vt 0.543286 0.756937
vt 0.543286 0.785723
vt 0.542455 0.786327
vt 0.314280 0.825500
vt 0.314278 0.795525
vt 0.315663 0.794567
vt 0.315663 0.826579
vt 0.998750 0.296124
vt 0.999424 0.296652
vt 0.999424 0.314320
vt 0.998750 0.314848
vt 0.489613 0.991136
vt 0.489560 0.972113
vt 0.490606 0.971208
vt 0.490606 0.991913
vt 0.940408 0.939192
vt 0.940345 0.939906
vt 0.020620 0.792085
vt 0.020374 0.790885
vt 0.991903 0.228398
vt 0.991106 0.227812
vt 0.991106 0.199388
vt 0.991903 0.198800
vt 0.332528 0.921042
vt 0.332535 0.891444
vt 0.333702 0.890303
vt 0.333702 0.921913
vt 0.638608 0.816413
vt 0.637729 0.815813
vt 0.637729 0.787066
vt 0.638608 0.786479
vt 0.406252 0.845956
vt 0.406251 0.816022
vt 0.407636 0.814930
vt 0.407636 0.846898
vt 0.698794 0.796165
vt 0.699060 0.796837
vt 0.686994 0.804543
vt 0.686017 0.804325
vt 0.447649 0.868253
vt 0.434741 0.876816
vt 0.433183 0.876271
vt 0.447125 0.867023
vt 0.236927 0.977387
vt 0.237601 0.978048
vt 0.237601 0.996561
vt 0.236927 0.997222
vt 0.645373 0.467169
vt 0.645373 0.447350
vt 0.646592 0.446441
vt 0.646592 0.468078
vt 0.699060 0.830177
vt 0.698581 0.831018
vt 0.447649 0.903047
vt 0.447088 0.904544
vt 0.831677 0.971725
vt 0.830806 0.971143
vt 0.830806 0.942369
vt 0.831677 0.941762
vt 0.406252 0.813850
vt 0.406251 0.783888
vt 0.407662 0.782932
vt 0.407662 0.814930
vt 0.489323 0.450060
vt 0.489996 0.450588
vt 0.489996 0.468256
vt 0.489323 0.468784
vt 0.538121 0.448964
vt 0.538121 0.468119
vt 0.537131 0.468898
vt 0.537087 0.448193
vt 0.490492 0.468900
vt 0.490492 0.449945
vt 0.536218 0.468017
vt 0.536178 0.449078
vt 0.218855 0.795543
vt 0.219334 0.796384
vt 0.207258 0.822014
vt 0.206281 0.822232
vt 0.501934 0.868393
vt 0.489115 0.894967
vt 0.487468 0.895464
vt 0.501152 0.867082
vt 0.583179 0.986104
vt 0.582309 0.985497
vt 0.582309 0.956724
vt 0.583179 0.956142
vt 0.521612 0.786684
vt 0.521613 0.756722
vt 0.523185 0.755650
vt 0.523185 0.787648
vt 0.219334 0.829725
vt 0.219068 0.830397
vt 0.501934 0.903317
vt 0.501498 0.904604
vt 0.776724 0.996076
vt 0.776050 0.995415
vt 0.776050 0.976902
vt 0.776724 0.976241
vt 0.502069 0.980254
vt 0.502069 0.961020
vt 0.503258 0.959819
vt 0.503258 0.981455
vt 0.991776 0.934472
vt 0.990979 0.933884
vt 0.990979 0.905461
vt 0.991776 0.904875
vt 0.561822 0.882801
vt 0.561816 0.853204
vt 0.563081 0.852319
vt 0.563081 0.883927
vt 0.316665 0.851338
vt 0.315785 0.850750
vt 0.315785 0.822003
vt 0.316665 0.821403
vt 0.631443 0.906838
vt 0.631444 0.876904
vt 0.633035 0.875952
vt 0.633035 0.907920
vt 0.491662 0.468785
vt 0.490988 0.468257
vt 0.490988 0.450588
vt 0.491662 0.450060
vt 0.694908 0.972232
vt 0.694908 0.991120
vt 0.693903 0.992029
vt 0.693903 0.971323
vt 0.490492 0.449945
vt 0.617243 0.907709
vt 0.617015 0.908903
vt 0.927702 0.276519
vt 0.928111 0.277342
vt 0.914521 0.302118
vt 0.913551 0.302319
vt 0.750575 0.760439
vt 0.736063 0.785731
vt 0.734499 0.786239
vt 0.750134 0.758979
vt 0.990150 0.904875
vt 0.990979 0.905479
vt 0.990979 0.934265
vt 0.990150 0.934850
vt 0.543379 0.804258
vt 0.543381 0.774284
vt 0.544874 0.773206
vt 0.544874 0.805217
vt 0.928111 0.311184
vt 0.927942 0.311919
vt 0.750575 0.795821
vt 0.750175 0.797138
vt 0.771336 0.976241
vt 0.772010 0.976901
vt 0.772010 0.995415
vt 0.771336 0.996076
vt 0.187855 0.767333
vt 0.187884 0.747806
vt 0.189074 0.746605
vt 0.189074 0.768242
vt 0.994504 0.191709
vt 0.993732 0.191138
vt 0.993732 0.162618
vt 0.994504 0.162010
vt 0.296144 0.927335
vt 0.296138 0.897637
vt 0.297275 0.896734
vt 0.297275 0.928450
vt 0.924047 0.044115
vt 0.925082 0.044247
vt 0.938474 0.069648
vt 0.937992 0.070565
vt 0.241286 0.804404
vt 0.255365 0.830782
vt 0.254648 0.832204
vt 0.239611 0.804034
vt 0.999716 0.816116
vt 0.999043 0.815588
vt 0.999043 0.797919
vt 0.999716 0.797391
vt 0.687773 0.991251
vt 0.687733 0.972097
vt 0.688766 0.971323
vt 0.688766 0.992029
vt 0.938414 0.035517
vt 0.938474 0.036233
vt 0.255365 0.795882
vt 0.255256 0.794562
vt 0.881831 0.124490
vt 0.882160 0.125268
vt 0.867471 0.149352
vt 0.866535 0.149569
vt 0.256766 0.720970
vt 0.241134 0.745520
vt 0.239611 0.746052
vt 0.256338 0.719512
vt 0.995969 0.154456
vt 0.995213 0.153864
vt 0.995213 0.125087
vt 0.995969 0.124490
vt 0.565062 0.866662
vt 0.565065 0.836697
vt 0.566423 0.835596
vt 0.566423 0.867599
vt 0.882160 0.159263
vt 0.882090 0.160063
vt 0.256766 0.756407
vt 0.256604 0.757888
vt 0.743776 0.995795
vt 0.743103 0.995134
vt 0.743103 0.976621
vt 0.743776 0.975960
vt 0.656342 0.467169
vt 0.656371 0.447642
vt 0.657561 0.446441
vt 0.657561 0.468078
vt 0.995672 0.904875
vt 0.996390 0.905437
vt 0.996390 0.934049
vt 0.995672 0.934670
vt 0.408131 0.946523
vt 0.408126 0.916998
vt 0.409231 0.915793
vt 0.409231 0.947612
vt 0.883232 0.611471
vt 0.884229 0.611606
vt 0.898570 0.636447
vt 0.898166 0.637338
vt 0.755149 0.135593
vt 0.770246 0.161366
vt 0.769682 0.162724
vt 0.753558 0.135202
vt 0.998758 0.358920
vt 0.999432 0.359448
vt 0.999432 0.377117
vt 0.998758 0.377645
vt 0.348132 0.971961
vt 0.348132 0.990857
vt 0.347086 0.991762
vt 0.347086 0.971057
vt 0.898570 0.601761
vt 0.898526 0.602555
vt 0.770171 0.125953
vt 0.770246 0.124490
vt 0.094351 0.659950
vt 0.094816 0.659359
vt 0.123010 0.659360
vt 0.123709 0.659952
vt 0.641159 0.622295
vt 0.670251 0.622296
vt 0.671553 0.623294
vt 0.640200 0.623297
vt 0.996656 0.601761
vt 0.997310 0.602332
vt 0.997310 0.631076
vt 0.996656 0.631692
vt 0.017217 0.918656
vt 0.017221 0.888725
vt 0.018394 0.887589
vt 0.018394 0.919554
vt 0.123106 0.640935
vt 0.123810 0.640441
vt 0.670354 0.602623
vt 0.671665 0.601761
vt 0.744450 0.995795
vt 0.743776 0.995134
vt 0.743776 0.976621
vt 0.744450 0.975960
vt 0.646592 0.467169
vt 0.646621 0.447642
vt 0.647811 0.446441
vt 0.647811 0.468078
vt 0.997857 0.864507
vt 0.997220 0.863945
vt 0.997220 0.835255
vt 0.997857 0.834632
vt 0.153269 0.671252
vt 0.153293 0.641636
vt 0.154230 0.640441
vt 0.154225 0.672346
vt 0.189911 0.841928
vt 0.190843 0.842100
vt 0.205777 0.866564
vt 0.205462 0.867403
vt 0.155232 0.641598
vt 0.155232 0.671473
vt 0.998828 0.317720
vt 0.999501 0.318248
vt 0.999501 0.335916
vt 0.998828 0.336444
vt 0.598044 0.468125
vt 0.598031 0.449097
vt 0.599077 0.448193
vt 0.599077 0.468898
vt 0.205777 0.831718
vt 0.205633 0.832582
vt 0.312930 0.986641
vt 0.312931 0.968083
vt 0.314122 0.967111
vt 0.314122 0.987721
vt 0.428765 0.861492
vt 0.428126 0.860868
vt 0.428126 0.832182
vt 0.428765 0.831620
vt 0.633804 0.760506
vt 0.633809 0.730635
vt 0.634745 0.729531
vt 0.634745 0.761432
vt 0.404450 0.832002
vt 0.404768 0.832842
vt 0.389842 0.857312
vt 0.388908 0.857482
vt 0.504696 0.718546
vt 0.488938 0.743893
vt 0.487468 0.744354
vt 0.504301 0.717286
vt 0.123810 0.679461
vt 0.123106 0.678967
vt 0.123010 0.660543
vt 0.670355 0.642230
vt 0.671553 0.621430
vt 0.671665 0.642962
vt 0.775377 0.996076
vt 0.774703 0.995415
vt 0.774703 0.976901
vt 0.775377 0.976241
vt 0.657561 0.467169
vt 0.657561 0.447350
vt 0.658779 0.446441
vt 0.658779 0.468078
vt 0.094816 0.660542
vt 0.640200 0.621424
vt 0.409391 0.820209
vt 0.410048 0.820824
vt 0.410048 0.849571
vt 0.409391 0.850142
vt 0.018987 0.904855
vt 0.018983 0.874922
vt 0.020161 0.874007
vt 0.020161 0.905975
vt 0.999747 0.272998
vt 0.999074 0.272470
vt 0.999074 0.254801
vt 0.999747 0.254273
vt 0.691864 0.991255
vt 0.691905 0.972100
vt 0.692897 0.971323
vt 0.692897 0.992028
vt 0.404625 0.866827
vt 0.404768 0.867689
vt 0.504696 0.754226
vt 0.504696 0.755650
vt 0.237047 0.595815
vt 0.236327 0.595195
vt 0.236327 0.566587
vt 0.237047 0.566026
vt 0.767516 0.828676
vt 0.767521 0.798886
vt 0.768624 0.797797
vt 0.768624 0.829611
vt 0.901737 0.165370
vt 0.902143 0.166262
vt 0.887819 0.191114
vt 0.886822 0.191248
vt 0.769387 0.561500
vt 0.754472 0.587379
vt 0.752650 0.587635
vt 0.768581 0.560000
vt 0.882084 0.514467
vt 0.882155 0.515268
vt 0.867467 0.525177
vt 0.866531 0.524960
vt 0.603673 0.719804
vt 0.588107 0.730555
vt 0.586478 0.730090
vt 0.603516 0.718323
vt 0.997723 0.759670
vt 0.998397 0.760331
vt 0.998397 0.778844
vt 0.997723 0.779505
vt 0.862756 0.981678
vt 0.862756 0.962445
vt 0.863946 0.961243
vt 0.863946 0.982880
vt 0.882155 0.549262
vt 0.881825 0.550040
vt 0.603673 0.755467
vt 0.603098 0.756697
vt 0.995182 0.631728
vt 0.994425 0.631132
vt 0.994425 0.602354
vt 0.995182 0.601761
vt 0.256491 0.861759
vt 0.256488 0.831792
vt 0.257853 0.830854
vt 0.257853 0.862858
vt 0.999803 0.487258
vt 0.999130 0.486730
vt 0.999130 0.469061
vt 0.999803 0.468533
vt 0.832937 0.991203
vt 0.832937 0.972315
vt 0.833942 0.971406
vt 0.833942 0.992111
vt 0.902101 0.200147
vt 0.902143 0.200940
vt 0.769307 0.596762
vt 0.769387 0.598221
vt 0.817637 0.825915
vt 0.816864 0.825308
vt 0.816864 0.796793
vt 0.817637 0.796222
vt 0.523023 0.818173
vt 0.523029 0.788748
vt 0.524233 0.787648
vt 0.524233 0.819359
vt 0.218283 0.904929
vt 0.218766 0.905847
vt 0.205400 0.931261
vt 0.204364 0.931394
vt 0.056215 0.821851
vt 0.056213 0.791950
vt 0.057764 0.790846
vt 0.057764 0.822779
vt 0.928631 0.235318
vt 0.928800 0.236053
vt 0.915213 0.245116
vt 0.914243 0.244915
vt 0.801393 0.722895
vt 0.786911 0.732828
vt 0.785351 0.732310
vt 0.801090 0.721513
vt 0.777397 0.996076
vt 0.776724 0.995415
vt 0.776724 0.976902
vt 0.777397 0.976241
vt 0.484462 0.972407
vt 0.484491 0.952881
vt 0.485681 0.951680
vt 0.485681 0.973316
vt 0.928800 0.269895
vt 0.928391 0.270717
vt 0.801393 0.758444
vt 0.800811 0.759670
vt 0.428765 0.925316
vt 0.427935 0.924731
vt 0.427935 0.895946
vt 0.428765 0.895341
vt 0.614448 0.830172
vt 0.614446 0.800197
vt 0.615830 0.799239
vt 0.615830 0.831251
vt 0.544314 0.999317
vt 0.543640 0.998789
vt 0.543640 0.981121
vt 0.544314 0.980592
vt 0.408179 0.991050
vt 0.408126 0.972026
vt 0.409171 0.971122
vt 0.409171 0.991827
vt 0.218766 0.939247
vt 0.218704 0.939961
vt 0.039792 0.791055
vt 0.039544 0.789856
vt 0.992573 0.934467
vt 0.991776 0.933881
vt 0.991776 0.905464
vt 0.992573 0.904875
vt 0.503431 0.924558
vt 0.503438 0.894967
vt 0.504605 0.893825
vt 0.504605 0.925428
vt 0.816577 0.833548
vt 0.817456 0.834148
vt 0.817456 0.862896
vt 0.816577 0.863483
vt 0.561697 0.851377
vt 0.561697 0.821442
vt 0.563081 0.820349
vt 0.563081 0.852319
vt 0.669354 0.796132
vt 0.669619 0.796803
vt 0.657547 0.804510
vt 0.656571 0.804292
vt 0.350460 0.868140
vt 0.337546 0.876703
vt 0.335987 0.876159
vt 0.349936 0.866909
vt 0.780064 0.976241
vt 0.780737 0.976901
vt 0.780737 0.995415
vt 0.780064 0.996076
vt 0.652686 0.467169
vt 0.652686 0.447350
vt 0.653904 0.446441
vt 0.653904 0.468078
vt 0.669619 0.830143
vt 0.669141 0.830984
vt 0.350460 0.902933
vt 0.349899 0.904430
vt 0.296486 0.982687
vt 0.295615 0.982106
vt 0.295615 0.953333
vt 0.296486 0.952727
vt 0.408009 0.819129
vt 0.408008 0.789168
vt 0.409419 0.788212
vt 0.409419 0.820209
vt 0.488153 0.450060
vt 0.488827 0.450588
vt 0.488827 0.468256
vt 0.488153 0.468784
vt 0.540064 0.448964
vt 0.540064 0.468119
vt 0.539073 0.468898
vt 0.539030 0.448193
vt 0.489323 0.468900
vt 0.489323 0.449945
vt 0.538161 0.468017
vt 0.538121 0.449078
vt 0.218777 0.757467
vt 0.219254 0.758308
vt 0.207151 0.783918
vt 0.206174 0.784135
vt 0.388622 0.864334
vt 0.375803 0.890603
vt 0.374154 0.891094
vt 0.387963 0.862781
vt 0.984496 0.904875
vt 0.985367 0.905482
vt 0.985367 0.934256
vt 0.984496 0.934838
vt 0.636683 0.785515
vt 0.636684 0.755553
vt 0.638257 0.754480
vt 0.638257 0.786479
vt 0.219254 0.791667
vt 0.218991 0.792341
vt 0.388622 0.899038
vt 0.388184 0.900326
vt 0.997725 0.682308
vt 0.998399 0.682969
vt 0.998399 0.701483
vt 0.997725 0.702143
vt 0.293075 0.980299
vt 0.293075 0.961065
vt 0.294265 0.959863
vt 0.294265 0.981500
vt 0.901040 0.468772
vt 0.900243 0.468184
vt 0.900243 0.439760
vt 0.901040 0.439174
vt 0.467686 0.787522
vt 0.467680 0.757924
vt 0.468946 0.757038
vt 0.468946 0.788648
vt 0.958087 0.410457
vt 0.959131 0.410622
vt 0.971170 0.436724
vt 0.970623 0.437638
vt 0.910398 0.828275
vt 0.910399 0.798343
vt 0.911990 0.797391
vt 0.911990 0.829357
vt 0.999117 0.702143
vt 0.999790 0.702672
vt 0.999790 0.720340
vt 0.999117 0.720868
vt 0.349254 0.990853
vt 0.349214 0.971961
vt 0.350259 0.971056
vt 0.350259 0.991762
vt 0.971002 0.403489
vt 0.971170 0.404127
vt 0.896217 0.829165
vt 0.895992 0.830361
vt 0.926145 0.560000
vt 0.926552 0.560821
vt 0.912942 0.585579
vt 0.911973 0.585780
vt 0.715204 0.760357
vt 0.700670 0.785628
vt 0.699107 0.786137
vt 0.714764 0.758898
vt 0.989501 0.403488
vt 0.990330 0.404092
vt 0.990330 0.432878
vt 0.989501 0.433463
vt 0.566524 0.796993
vt 0.566526 0.767018
vt 0.568020 0.765939
vt 0.568020 0.797951
vt 0.926552 0.594673
vt 0.926385 0.595410
vt 0.715204 0.795749
vt 0.714805 0.797069
vt 0.770663 0.996076
vt 0.769989 0.995416
vt 0.769989 0.976902
vt 0.770663 0.976241
vt 0.658779 0.467169
vt 0.658808 0.447642
vt 0.659998 0.446441
vt 0.659998 0.468078
vt 0.994316 0.993207
vt 0.993544 0.992637
vt 0.993544 0.964116
vt 0.994316 0.963508
vt 0.638739 0.913278
vt 0.638734 0.883848
vt 0.639871 0.882676
vt 0.639871 0.914394
vt 0.924519 0.690906
vt 0.925554 0.691039
vt 0.938932 0.716443
vt 0.938449 0.717360
vt 0.300214 0.804409
vt 0.314278 0.830792
vt 0.313558 0.832213
vt 0.298537 0.804038
vt 0.999703 0.923600
vt 0.999030 0.923072
vt 0.999030 0.905403
vt 0.999703 0.904875
vt 0.686700 0.972096
vt 0.686700 0.991255
vt 0.685668 0.992028
vt 0.685668 0.971323
vt 0.938871 0.682308
vt 0.938932 0.683024
vt 0.314278 0.795888
vt 0.314166 0.794567
vt 0.879437 0.759670
vt 0.879765 0.760446
vt 0.865061 0.784514
vt 0.864126 0.784732
vt 0.207091 0.720249
vt 0.191540 0.745169
vt 0.189911 0.745630
vt 0.206628 0.719092
vt 0.995095 0.560000
vt 0.995851 0.560591
vt 0.995851 0.589368
vt 0.995095 0.589965
vt 0.234205 0.864720
vt 0.234209 0.834754
vt 0.235568 0.833654
vt 0.235568 0.865655
vt 0.879765 0.794439
vt 0.879696 0.795242
vt 0.207091 0.755984
vt 0.206932 0.757467
vt 0.769989 0.996076
vt 0.769316 0.995416
vt 0.769316 0.976902
vt 0.769989 0.976241
vt 0.655123 0.467169
vt 0.655152 0.447642
vt 0.656342 0.446441
vt 0.656342 0.468078
vt 0.995508 0.317720
vt 0.996226 0.318281
vt 0.996226 0.346894
vt 0.995508 0.347515
vt 0.333956 0.942083
vt 0.333951 0.912558
vt 0.335057 0.911354
vt 0.335057 0.943173
vt 0.883421 0.286229
vt 0.884418 0.286364
vt 0.898750 0.311207
vt 0.898345 0.312097
vt 0.755626 0.525570
vt 0.770711 0.551345
vt 0.770145 0.552702
vt 0.754033 0.525178
vt 0.999432 0.397250
vt 0.998758 0.396721
vt 0.998758 0.379053
vt 0.999432 0.378525
vt 0.990521 0.558590
vt 0.990575 0.539567
vt 0.991567 0.538789
vt 0.991567 0.559495
vt 0.898750 0.276519
vt 0.898707 0.277314
vt 0.770639 0.515930
vt 0.770711 0.514467
vt 0.189911 0.660204
vt 0.190376 0.659615
vt 0.218563 0.659639
vt 0.219263 0.660228
vt 0.642089 0.297040
vt 0.671440 0.297064
vt 0.672742 0.298060
vt 0.641397 0.298039
vt 0.997159 0.228730
vt 0.996503 0.228160
vt 0.996503 0.199416
vt 0.997159 0.198800
vt 0.056396 0.917442
vt 0.056399 0.887528
vt 0.057573 0.886391
vt 0.057573 0.918356
vt 0.218661 0.641207
vt 0.219367 0.640711
vt 0.671546 0.277254
vt 0.672857 0.276519
vt 0.774030 0.996076
vt 0.773356 0.995415
vt 0.773356 0.976901
vt 0.774030 0.976241
vt 0.655123 0.447350
vt 0.655123 0.467169
vt 0.653904 0.468078
vt 0.653904 0.446441
vt 0.997738 0.498810
vt 0.997102 0.498248
vt 0.997102 0.469557
vt 0.997738 0.468934
vt 0.239046 0.681700
vt 0.239046 0.711565
vt 0.238083 0.712500
vt 0.238115 0.680594
vt 0.094351 0.841955
vt 0.095284 0.842127
vt 0.110213 0.866589
vt 0.109896 0.867428
vt 0.237083 0.711342
vt 0.237108 0.681466
vt 0.999129 0.487488
vt 0.999802 0.488016
vt 0.999802 0.505684
vt 0.999129 0.506212
vt 0.833942 0.991203
vt 0.833942 0.972315
vt 0.834947 0.971406
vt 0.834947 0.992112
vt 0.110213 0.831744
vt 0.110070 0.832608
vt 0.310543 0.986640
vt 0.310544 0.968084
vt 0.311737 0.967111
vt 0.311737 0.987718
vt 0.388264 0.966159
vt 0.388902 0.966783
vt 0.388902 0.995468
vt 0.388264 0.996029
vt 0.524077 0.747989
vt 0.524077 0.718390
vt 0.525011 0.717286
vt 0.525016 0.749186
vt 0.541558 0.832047
vt 0.541875 0.832887
vt 0.526949 0.857351
vt 0.526016 0.857522
vt 0.526015 0.718157
vt 0.526015 0.748027
vt 0.219367 0.679731
vt 0.218661 0.679239
vt 0.218563 0.660821
vt 0.671546 0.316991
vt 0.672742 0.296196
vt 0.672857 0.317720
vt 0.771336 0.996076
vt 0.770663 0.995415
vt 0.770663 0.976901
vt 0.771336 0.976241
vt 0.542065 0.972079
vt 0.542036 0.952552
vt 0.543255 0.951644
vt 0.543255 0.973280
vt 0.190376 0.660798
vt 0.641397 0.296165
vt 0.371700 0.958952
vt 0.371043 0.958337
vt 0.371043 0.929590
vt 0.371700 0.929018
vt 0.127848 0.895586
vt 0.127841 0.865637
vt 0.129022 0.864737
vt 0.129022 0.896705
vt 0.999747 0.254043
vt 0.999074 0.253515
vt 0.999074 0.235846
vt 0.999747 0.235318
vt 0.686741 0.991251
vt 0.686700 0.972096
vt 0.687733 0.971323
vt 0.687733 0.992028
vt 0.541733 0.866869
vt 0.541875 0.867733
vt 0.987834 0.494135
vt 0.987834 0.512982
vt 0.986642 0.513764
vt 0.986642 0.493160
vt 0.074230 0.890121
vt 0.073511 0.889500
vt 0.073511 0.860894
vt 0.074230 0.860333
vt 0.540449 0.933820
vt 0.540454 0.904033
vt 0.541556 0.902945
vt 0.541556 0.934756
vt 0.900801 0.403489
vt 0.901207 0.404379
vt 0.886882 0.429226
vt 0.885884 0.429361
vt 0.177451 0.732303
vt 0.162535 0.758176
vt 0.160713 0.758434
vt 0.176646 0.730804
vt 0.890751 0.081050
vt 0.890824 0.081850
vt 0.876157 0.091753
vt 0.875219 0.091537
vt 0.315671 0.720995
vt 0.300168 0.731801
vt 0.298537 0.731343
vt 0.315505 0.719516
vt 0.998400 0.274989
vt 0.997727 0.274328
vt 0.997727 0.255815
vt 0.998400 0.255154
vt 0.020245 0.962393
vt 0.020245 0.981626
vt 0.019055 0.982828
vt 0.019055 0.961191
vt 0.890824 0.115844
vt 0.890493 0.116623
vt 0.315671 0.756433
vt 0.315239 0.757892
vt 0.995332 0.306486
vt 0.994575 0.305890
vt 0.994575 0.277112
vt 0.995332 0.276519
vt 0.354025 0.862194
vt 0.354022 0.832227
vt 0.355387 0.831289
vt 0.355387 0.863293
vt 0.998944 0.642962
vt 0.999617 0.643490
vt 0.999617 0.661159
vt 0.998944 0.661687
vt 0.346040 0.990857
vt 0.346081 0.971965
vt 0.347086 0.971056
vt 0.347086 0.991762
vt 0.901165 0.438270
vt 0.901207 0.439064
vt 0.177372 0.767571
vt 0.177451 0.769033
vt 0.218582 0.939961
vt 0.219354 0.940569
vt 0.219354 0.969082
vt 0.218582 0.969651
vt 0.431743 0.894160
vt 0.431677 0.864723
vt 0.432881 0.863624
vt 0.432881 0.895332
vt 0.144528 0.904736
vt 0.145012 0.905652
vt 0.131642 0.931062
vt 0.130607 0.931194
vt 0.812645 0.032007
vt 0.812643 0.002110
vt 0.814194 0.001006
vt 0.814194 0.032935
vt 0.559232 0.896936
vt 0.559403 0.897670
vt 0.545846 0.906719
vt 0.544876 0.906518
vt 0.802745 0.360301
vt 0.788294 0.370218
vt 0.786733 0.369699
vt 0.802439 0.358920
vt 0.775377 0.976241
vt 0.776050 0.976901
vt 0.776050 0.995415
vt 0.775377 0.996076
vt 0.404928 0.972324
vt 0.404957 0.952798
vt 0.406147 0.951597
vt 0.406147 0.973233
vt 0.559403 0.931509
vt 0.558993 0.932331
vt 0.802745 0.395846
vt 0.802161 0.397072
vt 0.036866 0.855818
vt 0.037696 0.856403
vt 0.037696 0.885188
vt 0.036866 0.885793
vt 0.296120 0.831683
vt 0.296118 0.801709
vt 0.297502 0.800750
vt 0.297502 0.832762
vt 0.999661 0.759192
vt 0.998987 0.758664
vt 0.998987 0.740996
vt 0.999661 0.740468
vt 0.690872 0.991251
vt 0.690832 0.972096
vt 0.691864 0.971323
vt 0.691864 0.992029
vt 0.145012 0.939067
vt 0.144950 0.939782
vt 0.796210 0.001201
vt 0.795961 0.000000
vt 0.993498 0.228387
vt 0.992700 0.227802
vt 0.992700 0.199388
vt 0.993498 0.198799
vt 0.428803 0.926070
vt 0.428809 0.896482
vt 0.429977 0.895341
vt 0.429977 0.926940
vt 0.189734 0.938653
vt 0.188855 0.938053
vt 0.188855 0.909308
vt 0.189734 0.908721
vt 0.074111 0.859393
vt 0.074111 0.829460
vt 0.075495 0.828367
vt 0.075495 0.860334
vt 0.942381 0.235318
vt 0.942671 0.235980
vt 0.929783 0.244835
vt 0.928800 0.244649
vt 0.835198 0.318934
vt 0.821472 0.328631
vt 0.819898 0.328131
vt 0.834636 0.317720
vt 0.884716 0.975251
vt 0.885390 0.975911
vt 0.885390 0.996185
vt 0.884716 0.996846
vt 0.749797 0.940200
vt 0.749797 0.961780
vt 0.748578 0.962688
vt 0.748578 0.939292
vt 0.942671 0.270064
vt 0.942220 0.270920
vt 0.835198 0.354426
vt 0.834589 0.356001
vt 0.984676 0.433449
vt 0.983805 0.432868
vt 0.983805 0.404095
vt 0.984676 0.403489
vt 0.603345 0.819625
vt 0.603344 0.789665
vt 0.604755 0.788709
vt 0.604755 0.820705
vt 0.252234 0.989423
vt 0.251561 0.988894
vt 0.251561 0.969466
vt 0.252234 0.968938
vt 0.633610 0.990897
vt 0.633664 0.970114
vt 0.634656 0.969336
vt 0.634656 0.991802
vt 0.251065 0.968823
vt 0.251065 0.989537
vt 0.058136 0.828458
vt 0.058157 0.827279
vt 0.730324 0.905789
vt 0.730774 0.906645
vt 0.717835 0.931839
vt 0.716851 0.932024
vt 0.834795 0.470508
vt 0.821160 0.496358
vt 0.819497 0.496796
vt 0.834185 0.468934
vt 0.273954 0.984564
vt 0.273083 0.983957
vt 0.273083 0.955184
vt 0.273954 0.954603
vt 0.038810 0.777017
vt 0.038811 0.747056
vt 0.040384 0.745984
vt 0.040384 0.777980
vt 0.730774 0.940759
vt 0.730486 0.941424
vt 0.834795 0.505979
vt 0.834315 0.507253
vt 0.890777 0.996846
vt 0.890104 0.996185
vt 0.890104 0.975911
vt 0.890777 0.975251
vt 0.783112 0.943316
vt 0.783112 0.964310
vt 0.781922 0.965511
vt 0.781922 0.942114
vt 0.993664 0.901221
vt 0.992867 0.900633
vt 0.992867 0.872212
vt 0.993664 0.871626
vt 0.503438 0.892701
vt 0.503431 0.863105
vt 0.504696 0.862219
vt 0.504696 0.893825
vt 0.936485 0.089167
vt 0.937535 0.089294
vt 0.950501 0.114948
vt 0.949987 0.115880
vt 0.852020 0.569020
vt 0.865461 0.595764
vt 0.864467 0.597329
vt 0.850112 0.568768
vt 0.739885 0.975960
vt 0.740559 0.976488
vt 0.740559 0.995917
vt 0.739885 0.996445
vt 0.330504 0.990929
vt 0.330463 0.970277
vt 0.331509 0.969372
vt 0.331509 0.991838
vt 0.950310 0.081050
vt 0.950501 0.081681
vt 0.865461 0.561169
vt 0.865125 0.560000
vt 0.714213 0.833840
vt 0.714590 0.834676
vt 0.700083 0.858914
vt 0.699107 0.859079
vt 0.756238 0.404961
vt 0.740842 0.429712
vt 0.739261 0.430165
vt 0.755848 0.403489
vt 0.990278 0.228774
vt 0.989448 0.228170
vt 0.989448 0.199384
vt 0.990278 0.198799
vt 0.543490 0.836271
vt 0.543493 0.806296
vt 0.544874 0.805217
vt 0.544874 0.837229
vt 0.714590 0.869415
vt 0.714394 0.870145
vt 0.756238 0.441265
vt 0.755792 0.442569
vt 0.882696 0.996846
vt 0.882022 0.996185
vt 0.882022 0.975911
vt 0.882696 0.975251
vt 0.295486 0.936671
vt 0.295486 0.958250
vt 0.294267 0.959159
vt 0.294267 0.935762
vt 0.994156 0.797391
vt 0.994927 0.797961
vt 0.994927 0.826480
vt 0.994156 0.827088
vt 0.816108 0.932422
vt 0.816102 0.902994
vt 0.817238 0.901822
vt 0.817238 0.933537
vt 0.879765 0.769668
vt 0.880804 0.769760
vt 0.895156 0.794626
vt 0.894710 0.795561
vt 0.337678 0.730816
vt 0.352872 0.756565
vt 0.352214 0.758016
vt 0.335987 0.730519
vt 0.735172 0.996444
vt 0.734499 0.995916
vt 0.734499 0.976488
vt 0.735172 0.975960
vt 0.434216 0.991752
vt 0.434216 0.970833
vt 0.435248 0.970060
vt 0.435248 0.992525
vt 0.895067 0.759670
vt 0.895156 0.760383
vt 0.352872 0.720679
vt 0.352477 0.719517
vt 0.633304 0.768027
vt 0.633602 0.768816
vt 0.617959 0.792279
vt 0.617015 0.792459
vt 0.294158 0.681394
vt 0.277655 0.705681
vt 0.276011 0.706085
vt 0.293631 0.680145
vt 0.995713 0.789636
vt 0.994956 0.789044
vt 0.994956 0.760266
vt 0.995713 0.759670
vt 0.314392 0.863279
vt 0.314395 0.833312
vt 0.315756 0.832213
vt 0.315756 0.864216
vt 0.633602 0.803781
vt 0.633500 0.804580
vt 0.294158 0.718041
vt 0.293946 0.719517
vt 0.145931 0.975423
vt 0.146604 0.976083
vt 0.146604 0.996357
vt 0.145931 0.997018
vt 0.764874 0.965649
vt 0.764874 0.944655
vt 0.766064 0.943453
vt 0.766064 0.966850
vt 0.996088 0.276519
vt 0.996805 0.277080
vt 0.996805 0.305691
vt 0.996088 0.306312
vt 0.037701 0.950114
vt 0.037696 0.920590
vt 0.038800 0.919385
vt 0.038800 0.951203
vt 0.504696 0.804964
vt 0.505699 0.805060
vt 0.521009 0.829311
vt 0.520639 0.830216
vt 0.221196 0.692968
vt 0.237083 0.718255
vt 0.236336 0.719783
vt 0.219367 0.692779
vt 0.820159 0.975894
vt 0.820832 0.976422
vt 0.820832 0.995851
vt 0.820159 0.996379
vt 0.432131 0.797749
vt 0.432171 0.777096
vt 0.433176 0.776188
vt 0.433176 0.798653
vt 0.521009 0.793693
vt 0.520998 0.794488
vt 0.237058 0.682058
vt 0.237083 0.680594
vt 0.439513 0.659204
vt 0.439978 0.658614
vt 0.468160 0.658627
vt 0.468860 0.659218
vt 0.570304 0.189294
vt 0.599385 0.189307
vt 0.600687 0.190303
vt 0.569348 0.190294
vt 0.997088 0.712241
vt 0.996432 0.711670
vt 0.996432 0.682924
vt 0.997088 0.682308
vt 0.543695 0.900300
vt 0.543699 0.870366
vt 0.544874 0.869231
vt 0.544874 0.901199
vt 0.468269 0.638446
vt 0.468974 0.637951
vt 0.599502 0.167748
vt 0.600813 0.167014
vt 0.887410 0.996846
vt 0.886737 0.996186
vt 0.886737 0.975911
vt 0.887410 0.975251
vt 0.093035 0.960371
vt 0.093063 0.939084
vt 0.094253 0.937883
vt 0.094253 0.961280
vt 0.998270 0.672836
vt 0.997635 0.672274
vt 0.997635 0.643585
vt 0.998270 0.642962
vt 0.544876 0.678504
vt 0.544876 0.708379
vt 0.543941 0.709304
vt 0.543946 0.677400
vt 0.257853 0.769871
vt 0.258792 0.770004
vt 0.274713 0.793832
vt 0.274431 0.794683
vt 0.542936 0.708147
vt 0.542936 0.678273
vt 0.823525 0.996379
vt 0.822852 0.995851
vt 0.822852 0.976422
vt 0.823525 0.975894
vt 0.071388 0.988381
vt 0.071334 0.967597
vt 0.072380 0.966692
vt 0.072380 0.989158
vt 0.274713 0.758007
vt 0.274606 0.758877
vt 0.641794 0.467721
vt 0.641795 0.447415
vt 0.642988 0.446441
vt 0.642988 0.468799
vt 0.768005 0.835119
vt 0.768642 0.835742
vt 0.768642 0.864432
vt 0.768005 0.864994
vt 0.180005 0.721963
vt 0.180005 0.692359
vt 0.180938 0.691254
vt 0.180943 0.723159
vt 0.333259 0.758012
vt 0.333541 0.758863
vt 0.317622 0.782692
vt 0.316682 0.782825
vt 0.181943 0.692127
vt 0.181943 0.722001
vt 0.468974 0.680475
vt 0.468269 0.679982
vt 0.468160 0.659810
vt 0.599502 0.210988
vt 0.600687 0.188440
vt 0.600813 0.211719
vt 0.728669 0.975248
vt 0.729343 0.975908
vt 0.729343 0.996182
vt 0.728669 0.996843
vt 0.524339 0.963427
vt 0.524339 0.941847
vt 0.525557 0.940939
vt 0.525557 0.964335
vt 0.439978 0.659797
vt 0.569348 0.188421
vt 0.356790 0.829212
vt 0.357449 0.829827
vt 0.357449 0.858573
vt 0.356790 0.859145
vt 0.615834 0.837352
vt 0.615830 0.807419
vt 0.617011 0.806504
vt 0.617011 0.838472
vt 0.738539 0.975960
vt 0.739212 0.976488
vt 0.739212 0.995917
vt 0.738539 0.996444
vt 0.433183 0.991752
vt 0.433183 0.970833
vt 0.434216 0.970060
vt 0.434216 0.992525
vt 0.333434 0.793819
vt 0.333541 0.794688
vt 0.642988 0.467824
vt 0.642988 0.447224
vt 0.644181 0.446441
vt 0.644181 0.468798
vt 0.237645 0.915653
vt 0.236927 0.915033
vt 0.236927 0.886421
vt 0.237645 0.885860
vt 0.730874 0.936402
vt 0.730879 0.906879
vt 0.731981 0.905789
vt 0.731981 0.937607
vt 0.584069 0.793712
vt 0.584439 0.794618
vt 0.569131 0.818870
vt 0.568129 0.818966
vt 0.720018 0.319247
vt 0.704133 0.344536
vt 0.702303 0.344725
vt 0.719270 0.317720
vt 0.817540 0.759670
vt 0.817644 0.760467
vt 0.802022 0.771955
vt 0.801077 0.771775
vt 0.428126 0.681948
vt 0.411696 0.694359
vt 0.410049 0.693962
vt 0.427905 0.680475
vt 0.148625 0.997018
vt 0.147951 0.996357
vt 0.147951 0.976083
vt 0.148625 0.975423
vt 0.335140 0.944375
vt 0.335140 0.965369
vt 0.333951 0.966570
vt 0.333951 0.943173
vt 0.817644 0.795432
vt 0.817345 0.796222
vt 0.428126 0.718375
vt 0.427751 0.719847
vt 0.296133 0.933910
vt 0.295374 0.933314
vt 0.295374 0.904536
vt 0.296133 0.903944
vt 0.256482 0.788792
vt 0.256479 0.758825
vt 0.257846 0.757888
vt 0.257846 0.789891
vt 0.826218 0.975894
vt 0.826892 0.976422
vt 0.826892 0.995851
vt 0.826218 0.996379
vt 0.652392 0.990905
vt 0.652392 0.970249
vt 0.653437 0.969344
vt 0.653437 0.991810
vt 0.584428 0.829439
vt 0.584439 0.830235
vt 0.719993 0.355443
vt 0.720018 0.356907
vt 0.238829 0.959611
vt 0.239602 0.960219
vt 0.239602 0.988738
vt 0.238829 0.989308
vt 0.354022 0.893822
vt 0.354028 0.864393
vt 0.355232 0.863293
vt 0.355232 0.895008
vt 0.895012 0.721513
vt 0.895459 0.722448
vt 0.881110 0.747316
vt 0.880071 0.747409
vt 0.686534 0.721054
vt 0.671548 0.746939
vt 0.669652 0.747102
vt 0.685876 0.719603
vt 0.783898 0.835737
vt 0.784096 0.836466
vt 0.769619 0.846937
vt 0.768642 0.846772
vt 0.147699 0.720193
vt 0.132394 0.731610
vt 0.130814 0.731153
vt 0.147341 0.718823
vt 0.887410 0.975251
vt 0.888084 0.975911
vt 0.888084 0.996185
vt 0.887410 0.996846
vt 0.729444 0.963912
vt 0.729444 0.942333
vt 0.730663 0.941424
vt 0.730663 0.964821
vt 0.784096 0.871195
vt 0.783717 0.872032
vt 0.147699 0.756419
vt 0.147303 0.757892
vt 0.189074 0.657707
vt 0.189904 0.658292
vt 0.189904 0.687077
vt 0.189074 0.687682
vt 0.467212 0.824986
vt 0.467211 0.795011
vt 0.468596 0.794053
vt 0.468596 0.826065
vt 0.817466 0.975894
vt 0.818139 0.976422
vt 0.818139 0.995851
vt 0.817466 0.996379
vt 0.679972 0.991074
vt 0.679959 0.970286
vt 0.681005 0.969382
vt 0.681005 0.991847
vt 0.895459 0.756689
vt 0.895370 0.757402
vt 0.686534 0.756938
vt 0.686138 0.758100
vt 0.992630 0.498531
vt 0.991832 0.497945
vt 0.991832 0.469523
vt 0.992630 0.468934
vt 0.431707 0.925801
vt 0.431713 0.896472
vt 0.432881 0.895332
vt 0.432881 0.926939
vt 0.092155 0.937883
vt 0.093034 0.938483
vt 0.093034 0.967228
vt 0.092155 0.967815
vt 0.091490 0.859392
vt 0.091489 0.829460
vt 0.092873 0.828367
vt 0.092873 0.860332
vt 0.668907 0.906627
vt 0.669197 0.907290
vt 0.656298 0.916170
vt 0.655314 0.915985
vt 0.783931 0.798654
vt 0.770217 0.808413
vt 0.768642 0.807918
vt 0.783367 0.797440
vt 0.892623 0.975251
vt 0.893297 0.975911
vt 0.893297 0.996185
vt 0.892623 0.996846
vt 0.893326 0.963612
vt 0.893297 0.942326
vt 0.894516 0.941417
vt 0.894516 0.964814
vt 0.669197 0.941387
vt 0.668746 0.942243
vt 0.783931 0.834224
vt 0.783416 0.835737
vt 0.350259 0.939078
vt 0.351131 0.939660
vt 0.351131 0.968433
vt 0.350259 0.969039
vt 0.566612 0.668868
vt 0.566446 0.638915
vt 0.568021 0.637951
vt 0.568021 0.669948
vt 0.253404 0.989422
vt 0.252731 0.988894
vt 0.252731 0.969466
vt 0.253404 0.968938
vt 0.436281 0.991752
vt 0.436281 0.970833
vt 0.437314 0.970060
vt 0.437314 0.992525
vt 0.252234 0.968823
vt 0.252234 0.989538
vt 0.075509 0.828453
vt 0.075529 0.827274
vt 0.712576 0.905987
vt 0.713026 0.906844
vt 0.700091 0.932050
vt 0.699107 0.932235
vt 0.834926 0.603335
vt 0.821295 0.629197
vt 0.819631 0.629636
vt 0.834316 0.601761
vt 0.982754 0.904876
vt 0.983625 0.905482
vt 0.983625 0.934255
vt 0.982754 0.934836
vt 0.181214 0.754191
vt 0.181215 0.724230
vt 0.182788 0.723159
vt 0.182788 0.755155
vt 0.713026 0.940942
vt 0.712738 0.941605
vt 0.834926 0.638789
vt 0.834445 0.640060
vt 0.149972 0.997018
vt 0.149298 0.996357
vt 0.149298 0.976083
vt 0.149972 0.975423
vt 0.797918 0.964933
vt 0.797918 0.943939
vt 0.799108 0.942738
vt 0.799108 0.966134
vt 0.993683 0.154081
vt 0.992886 0.153493
vt 0.992886 0.125077
vt 0.993683 0.124490
vt 0.090900 0.890809
vt 0.090894 0.861486
vt 0.092159 0.860332
vt 0.092159 0.891934
vt 0.932312 0.170159
vt 0.933362 0.170285
vt 0.946364 0.195922
vt 0.945851 0.196855
vt 0.850148 0.691360
vt 0.863627 0.718086
vt 0.862635 0.719653
vt 0.848240 0.691111
vt 0.825545 0.975894
vt 0.826218 0.976422
vt 0.826218 0.995851
vt 0.825545 0.996379
vt 0.651346 0.990905
vt 0.651346 0.970249
vt 0.652392 0.969344
vt 0.652392 0.991810
vt 0.946175 0.162011
vt 0.946364 0.162643
vt 0.863627 0.683479
vt 0.863294 0.682308
vt 0.848040 0.834140
vt 0.848417 0.834977
vt 0.833913 0.859228
vt 0.832937 0.859393
vt 0.485949 0.718760
vt 0.470555 0.743523
vt 0.468974 0.743976
vt 0.485559 0.717286
vt 0.989683 0.191985
vt 0.988853 0.191380
vt 0.988853 0.162595
vt 0.989683 0.162010
vt 0.565062 0.834638
vt 0.565064 0.804664
vt 0.566446 0.803585
vt 0.566446 0.835596
vt 0.848417 0.869708
vt 0.848221 0.870437
vt 0.485949 0.755054
vt 0.485503 0.756356
vt 0.726649 0.975248
vt 0.727322 0.975908
vt 0.727322 0.996182
vt 0.726649 0.996843
vt 0.848432 0.939000
vt 0.848432 0.960580
vt 0.847214 0.961488
vt 0.847214 0.938092
vt 0.994575 0.306212
vt 0.993803 0.305642
vt 0.993803 0.277128
vt 0.994575 0.276519
vt 0.109064 0.929990
vt 0.109058 0.900566
vt 0.110194 0.899394
vt 0.110194 0.931104
vt 0.877829 0.045538
vt 0.878868 0.045630
vt 0.893246 0.070483
vt 0.892801 0.071418
vt 0.277701 0.730842
vt 0.292922 0.756576
vt 0.292268 0.758027
vt 0.276011 0.730546
vt 0.735846 0.996445
vt 0.735172 0.995917
vt 0.735172 0.976488
vt 0.735846 0.975960
vt 0.435248 0.991752
vt 0.435248 0.970833
vt 0.436281 0.970060
vt 0.436281 0.992525
vt 0.893159 0.035517
vt 0.893246 0.036231
vt 0.292922 0.720681
vt 0.292531 0.719517
vt 0.804688 0.276519
vt 0.804986 0.277310
vt 0.789345 0.300784
vt 0.788401 0.300964
vt 0.334778 0.681617
vt 0.318328 0.705630
vt 0.316682 0.706027
vt 0.334406 0.680145
vt 0.995438 0.388887
vt 0.994681 0.388295
vt 0.994681 0.359516
vt 0.995438 0.358920
vt 0.237526 0.871484
vt 0.237470 0.841524
vt 0.238831 0.840425
vt 0.238831 0.872428
vt 0.804986 0.312274
vt 0.804884 0.313072
vt 0.334778 0.718044
vt 0.334560 0.719517
vt 0.890104 0.996846
vt 0.889430 0.996185
vt 0.889430 0.975911
vt 0.890104 0.975251
vt 0.711836 0.963800
vt 0.711807 0.942514
vt 0.713026 0.941605
vt 0.713026 0.965002
vt 0.996555 0.433278
vt 0.995837 0.432717
vt 0.995837 0.404110
vt 0.996555 0.403489
vt 0.111054 0.947774
vt 0.111049 0.918254
vt 0.112154 0.917049
vt 0.112154 0.948863
vt 0.468974 0.804657
vt 0.469975 0.804752
vt 0.485304 0.828994
vt 0.484936 0.829900
vt 0.703610 0.526857
vt 0.719518 0.552134
vt 0.718774 0.553661
vt 0.701783 0.526668
vt 0.822179 0.996379
vt 0.821506 0.995851
vt 0.821506 0.976422
vt 0.822179 0.975894
vt 0.351305 0.969944
vt 0.351305 0.990600
vt 0.350259 0.991505
vt 0.350259 0.969039
vt 0.485304 0.793371
vt 0.485291 0.794168
vt 0.719489 0.515933
vt 0.719518 0.514467
vt 0.641943 0.145749
vt 0.642408 0.145159
vt 0.670600 0.145163
vt 0.671300 0.145754
vt 0.538834 0.189430
vt 0.567924 0.189303
vt 0.569226 0.190300
vt 0.537876 0.190300
vt 0.053031 0.990527
vt 0.052374 0.989955
vt 0.052374 0.961209
vt 0.053031 0.960593
vt 0.297318 0.895834
vt 0.297322 0.865900
vt 0.298498 0.864765
vt 0.298498 0.896733
vt 0.670706 0.124985
vt 0.671411 0.124490
vt 0.568038 0.167747
vt 0.569348 0.167014
vt 0.152665 0.997018
vt 0.151992 0.996357
vt 0.151992 0.976083
vt 0.152665 0.975423
vt 0.017217 0.966658
vt 0.017217 0.945664
vt 0.018407 0.944463
vt 0.018407 0.967859
vt 0.057500 0.918355
vt 0.058136 0.918917
vt 0.058136 0.947603
vt 0.057500 0.948227
vt 0.815027 0.936492
vt 0.815022 0.906891
vt 0.815958 0.905694
vt 0.815958 0.937596
vt 0.239611 0.769753
vt 0.240548 0.769887
vt 0.256479 0.793712
vt 0.256198 0.794562
vt 0.113997 0.692741
vt 0.130814 0.717390
vt 0.130227 0.718822
vt 0.112517 0.692324
vt 0.824199 0.975894
vt 0.824872 0.976422
vt 0.824872 0.995851
vt 0.824199 0.996379
vt 0.291119 0.970793
vt 0.291119 0.991712
vt 0.290086 0.992485
vt 0.290086 0.970020
vt 0.256479 0.757887
vt 0.256369 0.758758
vt 0.130616 0.681060
vt 0.130814 0.679461
vt 0.092792 0.997690
vt 0.092155 0.997067
vt 0.092155 0.968377
vt 0.092792 0.967815
vt 0.351640 0.897619
vt 0.351645 0.868014
vt 0.352578 0.866909
vt 0.352578 0.898815
vt 0.449753 0.758138
vt 0.450037 0.758991
vt 0.434124 0.782827
vt 0.433183 0.782959
vt 0.257853 0.681420
vt 0.241099 0.706118
vt 0.239611 0.706519
vt 0.257506 0.680145
vt 0.671411 0.167014
vt 0.670706 0.166521
vt 0.670600 0.146346
vt 0.568038 0.210987
vt 0.569226 0.188436
vt 0.569348 0.211719
vt 0.883369 0.996846
vt 0.882696 0.996185
vt 0.882696 0.975911
vt 0.883369 0.975251
vt 0.862727 0.960335
vt 0.862727 0.938755
vt 0.863946 0.937847
vt 0.863946 0.961243
vt 0.642408 0.146341
vt 0.537876 0.188427
vt 0.074230 0.920052
vt 0.073572 0.919436
vt 0.073572 0.890691
vt 0.074230 0.890121
vt 0.425387 0.898272
vt 0.425383 0.868341
vt 0.426563 0.867427
vt 0.426563 0.899392
vt 0.822852 0.996379
vt 0.822179 0.995851
vt 0.822179 0.976422
vt 0.822852 0.975894
vt 0.327294 0.990933
vt 0.327307 0.970145
vt 0.328339 0.969372
vt 0.328339 0.991838
vt 0.449932 0.793948
vt 0.450037 0.794816
vt 0.257853 0.718090
vt 0.257794 0.719512
vt 0.408117 0.970630
vt 0.407398 0.970010
vt 0.407398 0.941397
vt 0.408117 0.940836
vt 0.748578 0.938087
vt 0.748584 0.908562
vt 0.749684 0.907472
vt 0.749684 0.939291
vt 0.128444 0.794201
vt 0.128816 0.795108
vt 0.113520 0.819372
vt 0.112517 0.819467
vt 0.657903 0.683512
vt 0.642031 0.708813
vt 0.640200 0.709001
vt 0.657153 0.681982
vt 0.807848 0.167014
vt 0.807951 0.167812
vt 0.792317 0.179296
vt 0.791373 0.179117
vt 0.687742 0.681704
vt 0.671298 0.694112
vt 0.669652 0.693715
vt 0.687522 0.680231
vt 0.147951 0.997018
vt 0.147278 0.996357
vt 0.147278 0.976083
vt 0.147951 0.975423
vt 0.638650 0.968409
vt 0.638650 0.947415
vt 0.639840 0.946214
vt 0.639840 0.969610
vt 0.807951 0.202776
vt 0.807653 0.203567
vt 0.687742 0.718130
vt 0.687368 0.719603
vt 0.450134 0.951226
vt 0.450892 0.951822
vt 0.450892 0.980600
vt 0.450134 0.981191
vt 0.037598 0.854718
vt 0.037595 0.824753
vt 0.038961 0.823816
vt 0.038961 0.855818
vt 0.820159 0.996379
vt 0.819486 0.995851
vt 0.819486 0.976422
vt 0.820159 0.975894
vt 0.328339 0.990933
vt 0.328339 0.970277
vt 0.329385 0.969372
vt 0.329385 0.991838
vt 0.128806 0.829920
vt 0.128816 0.830713
vt 0.657881 0.719698
vt 0.657903 0.721158
vt 0.994155 0.827090
vt 0.993383 0.826483
vt 0.993383 0.797962
vt 0.994155 0.797391
vt 0.542102 0.894596
vt 0.542036 0.865151
vt 0.543239 0.864051
vt 0.543239 0.895768
vt 0.073059 0.860333
vt 0.073507 0.861269
vt 0.059176 0.886150
vt 0.058136 0.886243
vt 0.236231 0.721235
vt 0.221263 0.747133
vt 0.219367 0.747297
vt 0.235571 0.719783
vt 0.832740 0.835685
vt 0.832936 0.836413
vt 0.818442 0.846883
vt 0.817466 0.846718
vt 0.561779 0.718658
vt 0.546455 0.730074
vt 0.544876 0.729617
vt 0.561422 0.717289
vt 0.881349 0.996846
vt 0.880676 0.996185
vt 0.880676 0.975911
vt 0.881349 0.975251
vt 0.631929 0.963211
vt 0.631929 0.941632
vt 0.633148 0.940723
vt 0.633148 0.964120
vt 0.832936 0.871140
vt 0.832559 0.871978
vt 0.561779 0.754881
vt 0.561385 0.756355
vt 0.450902 0.779613
vt 0.450072 0.779028
vt 0.450072 0.750242
vt 0.450902 0.749638
vt 0.541779 0.825325
vt 0.541777 0.795350
vt 0.543162 0.794393
vt 0.543162 0.826404
vt 0.825545 0.996379
vt 0.824872 0.995851
vt 0.824872 0.976422
vt 0.825545 0.975894
vt 0.441445 0.970833
vt 0.441445 0.991752
vt 0.440413 0.992525
vt 0.440413 0.970060
vt 0.073507 0.895489
vt 0.073416 0.896200
vt 0.236231 0.757096
vt 0.235833 0.758254
vt 0.992147 0.110648
vt 0.991350 0.110062
vt 0.991350 0.081638
vt 0.992147 0.081050
vt 0.352638 0.925479
vt 0.352644 0.896149
vt 0.353812 0.895008
vt 0.353812 0.926618
vt 0.524065 0.777154
vt 0.523185 0.776554
vt 0.523185 0.747807
vt 0.524065 0.747220
vt 0.524266 0.844208
vt 0.524266 0.814273
vt 0.525651 0.813181
vt 0.525651 0.845149
vt 0.941728 0.276519
vt 0.942016 0.277182
vt 0.929094 0.286060
vt 0.928111 0.285875
vt 0.833720 0.360135
vt 0.819957 0.369858
vt 0.818383 0.369360
vt 0.833160 0.358920
vt 0.882023 0.996846
vt 0.881349 0.996185
vt 0.881349 0.975911
vt 0.882023 0.975251
vt 0.237753 0.958409
vt 0.237724 0.937123
vt 0.238943 0.936214
vt 0.238943 0.959611
vt 0.942016 0.311274
vt 0.941566 0.312130
vt 0.833720 0.395637
vt 0.833112 0.397212
vt 0.174605 0.974185
vt 0.173734 0.973603
vt 0.173734 0.944830
vt 0.174605 0.944223
vt 0.566611 0.732863
vt 0.566446 0.702908
vt 0.568021 0.701945
vt 0.568021 0.733943
vt 0.925720 0.989381
vt 0.925047 0.988853
vt 0.925047 0.969424
vt 0.925720 0.968896
vt 0.590566 0.234124
vt 0.590579 0.213336
vt 0.591612 0.212563
vt 0.591612 0.235029
vt 0.924551 0.968781
vt 0.924551 0.989496
vt 0.592523 0.213446
vt 0.592523 0.234145
vt 0.941156 0.601761
vt 0.941605 0.602618
vt 0.928673 0.627828
vt 0.927689 0.628012
vt 0.832937 0.798965
vt 0.819308 0.824831
vt 0.817644 0.825270
vt 0.832326 0.797391
vt 0.090839 0.985841
vt 0.089968 0.985234
vt 0.089968 0.956461
vt 0.090839 0.955879
vt 0.715204 0.789932
vt 0.715205 0.759971
vt 0.716777 0.758898
vt 0.716777 0.790896
vt 0.941605 0.636712
vt 0.941317 0.637374
vt 0.832937 0.834415
vt 0.832456 0.835685
vt 0.147278 0.997018
vt 0.146604 0.996357
vt 0.146604 0.976083
vt 0.147278 0.975423
vt 0.633610 0.968135
vt 0.633610 0.947141
vt 0.634800 0.945940
vt 0.634800 0.969336
vt 0.990682 0.438888
vt 0.991479 0.439476
vt 0.991479 0.467899
vt 0.990682 0.468485
vt 0.056402 0.885265
vt 0.056396 0.855936
vt 0.057662 0.854783
vt 0.057662 0.886391
vt 0.847932 0.870437
vt 0.848811 0.871024
vt 0.848811 0.899771
vt 0.847932 0.900371
vt 0.850657 0.768693
vt 0.864126 0.795427
vt 0.863133 0.796993
vt 0.848749 0.768443
vt 0.254621 0.989423
vt 0.253947 0.988895
vt 0.253947 0.969466
vt 0.254621 0.968938
vt 0.654483 0.970249
vt 0.654483 0.990905
vt 0.653437 0.991810
vt 0.653437 0.969344
vt 0.253451 0.968823
vt 0.253451 0.989538
vt 0.864126 0.760838
vt 0.863792 0.759670
vt 0.731952 0.834394
vt 0.732330 0.835231
vt 0.717828 0.859485
vt 0.716851 0.859649
vt 0.754109 0.470181
vt 0.738673 0.495233
vt 0.737094 0.495692
vt 0.753574 0.468934
vt 0.991341 0.191985
vt 0.990512 0.191381
vt 0.990512 0.162595
vt 0.991341 0.162010
vt 0.638654 0.849716
vt 0.638656 0.819742
vt 0.640037 0.818662
vt 0.640037 0.850674
vt 0.732330 0.869959
vt 0.732134 0.870688
vt 0.754109 0.506698
vt 0.753667 0.508002
vt 0.886063 0.996846
vt 0.885390 0.996185
vt 0.885390 0.975911
vt 0.886063 0.975251
vt 0.954299 0.940434
vt 0.954299 0.962014
vt 0.953080 0.962922
vt 0.953080 0.939526
vt 0.994425 0.631459
vt 0.993652 0.630889
vt 0.993652 0.602369
vt 0.994425 0.601761
vt 0.582917 0.927712
vt 0.582911 0.898282
vt 0.584047 0.897110
vt 0.584047 0.928827
vt 0.878645 0.692309
vt 0.879684 0.692401
vt 0.894055 0.717261
vt 0.893610 0.718196
vt 0.318372 0.730820
vt 0.333586 0.756561
vt 0.332931 0.758012
vt 0.316682 0.730524
vt 0.737865 0.996445
vt 0.737192 0.995917
vt 0.737192 0.976488
vt 0.737865 0.975960
vt 0.439380 0.991752
vt 0.439420 0.970837
vt 0.440413 0.970060
vt 0.440413 0.992525
vt 0.893967 0.682308
vt 0.894055 0.683021
vt 0.333586 0.720679
vt 0.333194 0.719517
vt 0.176999 0.769033
vt 0.177298 0.769823
vt 0.161657 0.793301
vt 0.160713 0.793480
vt 0.316682 0.681396
vt 0.300182 0.705699
vt 0.298537 0.706103
vt 0.316154 0.680145
vt 0.996094 0.065483
vt 0.995338 0.064891
vt 0.995338 0.036114
vt 0.996094 0.035517
vt 0.503393 0.861275
vt 0.503338 0.831317
vt 0.504696 0.830216
vt 0.504696 0.862219
vt 0.177298 0.804788
vt 0.177195 0.805585
vt 0.316682 0.718042
vt 0.316469 0.719516
vt 0.149298 0.997018
vt 0.148625 0.996357
vt 0.148625 0.976083
vt 0.149298 0.975423
vt 0.831743 0.961096
vt 0.831714 0.939810
vt 0.832933 0.938901
vt 0.832933 0.962298
vt 0.996402 0.827185
vt 0.995684 0.826624
vt 0.995684 0.798012
vt 0.996402 0.797391
vt 0.521645 0.945960
vt 0.521640 0.916166
vt 0.522746 0.915231
vt 0.522746 0.947050
vt 0.357453 0.804651
vt 0.358454 0.804746
vt 0.373778 0.828994
vt 0.373409 0.829900
vt 0.703612 0.481310
vt 0.719515 0.506593
vt 0.718770 0.508122
vt 0.701784 0.481122
vt 0.738539 0.976488
vt 0.738539 0.995917
vt 0.737865 0.996445
vt 0.196323 0.971399
vt 0.196323 0.992048
vt 0.195318 0.992956
vt 0.195318 0.970491
vt 0.373778 0.793378
vt 0.373765 0.794173
vt 0.719487 0.470398
vt 0.719515 0.468934
vt 0.641397 0.380181
vt 0.641862 0.379590
vt 0.670055 0.379591
vt 0.670755 0.380183
vt 0.536871 0.425774
vt 0.566229 0.425775
vt 0.567531 0.426773
vt 0.536178 0.426776
vt 0.996666 0.871626
vt 0.997321 0.872196
vt 0.997321 0.900940
vt 0.996666 0.901557
vt 0.715293 0.917580
vt 0.715297 0.887649
vt 0.716469 0.886512
vt 0.716469 0.918478
vt 0.670160 0.359415
vt 0.670865 0.358920
vt 0.566342 0.404221
vt 0.567652 0.403489
vt 0.727322 0.975248
vt 0.727996 0.975908
vt 0.727996 0.996182
vt 0.727322 0.996843
vt 0.630057 0.966068
vt 0.630057 0.945074
vt 0.631246 0.943872
vt 0.631246 0.967269
vt 0.997958 0.901500
vt 0.997321 0.900938
vt 0.997321 0.872249
vt 0.997958 0.871626
vt 0.731985 0.901488
vt 0.731981 0.871613
vt 0.732918 0.870688
vt 0.732918 0.902593
vt 0.130814 0.769755
vt 0.131753 0.769887
vt 0.147680 0.793717
vt 0.147400 0.794568
vt 0.132295 0.692736
vt 0.149109 0.717390
vt 0.148521 0.718823
vt 0.130814 0.692321
vt 0.739212 0.975960
vt 0.739885 0.976488
vt 0.739885 0.995916
vt 0.739212 0.996445
vt 0.194325 0.992179
vt 0.194313 0.971399
vt 0.195318 0.970491
vt 0.195318 0.992956
vt 0.147680 0.757892
vt 0.147571 0.758761
vt 0.148912 0.681058
vt 0.149109 0.679461
vt 0.839749 0.234202
vt 0.839110 0.233578
vt 0.839110 0.204891
vt 0.839749 0.204330
vt 0.256906 0.820596
vt 0.256911 0.790995
vt 0.257846 0.789891
vt 0.257846 0.821792
vt 0.352563 0.758016
vt 0.352845 0.758869
vt 0.336927 0.782704
vt 0.335987 0.782836
vt 0.719357 0.603035
vt 0.702598 0.627733
vt 0.701111 0.628134
vt 0.719011 0.601761
vt 0.670865 0.401444
vt 0.670160 0.400950
vt 0.670055 0.380774
vt 0.566342 0.447461
vt 0.567531 0.424909
vt 0.567652 0.448193
vt 0.883369 0.975251
vt 0.884043 0.975911
vt 0.884043 0.996185
vt 0.883369 0.996846
vt 0.732093 0.938516
vt 0.732093 0.960095
vt 0.730874 0.961004
vt 0.730874 0.937607
vt 0.641862 0.380773
vt 0.536178 0.424903
vt 0.750341 0.937405
vt 0.749684 0.936790
vt 0.749684 0.908043
vt 0.750341 0.907472
vt 0.633626 0.913000
vt 0.633622 0.883067
vt 0.634800 0.882152
vt 0.634800 0.914120
vt 0.735846 0.975960
vt 0.736519 0.976488
vt 0.736519 0.995917
vt 0.735846 0.996445
vt 0.438387 0.991748
vt 0.438347 0.970833
vt 0.439380 0.970060
vt 0.439380 0.992525
vt 0.352739 0.793826
vt 0.352845 0.794694
vt 0.719357 0.639705
vt 0.719300 0.641128
vt 0.237047 0.506447
vt 0.236327 0.505826
vt 0.236327 0.477218
vt 0.237047 0.476657
vt 0.783754 0.902641
vt 0.783759 0.873121
vt 0.784862 0.872032
vt 0.784862 0.903846
vt 0.466840 0.794053
vt 0.467211 0.794960
vt 0.451905 0.819220
vt 0.450902 0.819315
vt 0.720018 0.278049
vt 0.704136 0.303345
vt 0.702306 0.303533
vt 0.719270 0.276519
vt 0.806516 0.403489
vt 0.806619 0.404286
vt 0.790981 0.415770
vt 0.790037 0.415591
vt 0.352872 0.681618
vt 0.336425 0.694026
vt 0.334778 0.693630
vt 0.352653 0.680145
vt 0.150645 0.975423
vt 0.151319 0.976083
vt 0.151319 0.996357
vt 0.150645 0.997018
vt 0.407358 0.943891
vt 0.407358 0.964885
vt 0.406168 0.966086
vt 0.406168 0.942689
vt 0.806619 0.439250
vt 0.806320 0.440041
vt 0.352872 0.718044
vt 0.352499 0.719517
vt 0.994337 0.560000
vt 0.995095 0.560596
vt 0.995095 0.589374
vt 0.994337 0.589966
vt 0.375348 0.860134
vt 0.375345 0.830168
vt 0.376710 0.829230
vt 0.376710 0.861233
vt 0.819486 0.996379
vt 0.818812 0.995851
vt 0.818812 0.976422
vt 0.819486 0.975894
vt 0.682051 0.990943
vt 0.682051 0.970286
vt 0.683096 0.969382
vt 0.683096 0.991847
vt 0.467200 0.829773
vt 0.467211 0.830567
vt 0.719994 0.314236
vt 0.720018 0.315697
vt 0.219366 0.709424
vt 0.218593 0.708816
vt 0.218593 0.680301
vt 0.219366 0.679731
vt 0.074245 0.820376
vt 0.074251 0.790951
vt 0.075456 0.789851
vt 0.075456 0.821562
vt 0.090446 0.860332
vt 0.090894 0.861268
vt 0.076548 0.886143
vt 0.075509 0.886235
vt 0.450061 0.721117
vt 0.435079 0.747008
vt 0.433183 0.747170
vt 0.449403 0.719664
vt 0.864095 0.834632
vt 0.864291 0.835361
vt 0.849792 0.845832
vt 0.848816 0.845667
vt 0.542924 0.718655
vt 0.527595 0.730073
vt 0.526015 0.729616
vt 0.542568 0.717286
vt 0.889431 0.996846
vt 0.888757 0.996185
vt 0.888757 0.975911
vt 0.889431 0.975251
vt 0.159737 0.942507
vt 0.159737 0.964086
vt 0.158519 0.964995
vt 0.158519 0.941598
vt 0.864291 0.870088
vt 0.863914 0.870925
vt 0.542924 0.754879
vt 0.542530 0.756352
vt 0.631929 0.938877
vt 0.631099 0.938293
vt 0.631099 0.909507
vt 0.631929 0.908903
vt 0.352640 0.830210
vt 0.352638 0.800236
vt 0.354022 0.799278
vt 0.354022 0.831289
vt 0.818139 0.975894
vt 0.818812 0.976422
vt 0.818812 0.995851
vt 0.818139 0.996379
vt 0.683143 0.991074
vt 0.683130 0.970286
vt 0.684176 0.969382
vt 0.684176 0.991847
vt 0.090894 0.895490
vt 0.090804 0.896201
vt 0.450061 0.756979
vt 0.449666 0.758138
vt 0.992276 0.468479
vt 0.991479 0.467894
vt 0.991479 0.439476
vt 0.992276 0.438888
vt 0.355461 0.925474
vt 0.355467 0.896150
vt 0.356635 0.895009
vt 0.356635 0.926612
vt 0.315785 0.851338
vt 0.316665 0.851938
vt 0.316665 0.880686
vt 0.315785 0.881273
vt 0.129405 0.852232
vt 0.129405 0.822296
vt 0.130789 0.821204
vt 0.130789 0.853173
vt 0.862439 0.906027
vt 0.862727 0.906690
vt 0.849799 0.915569
vt 0.848816 0.915384
vt 0.834577 0.125704
vt 0.820833 0.135463
vt 0.819257 0.134969
vt 0.834015 0.124490
vt 0.891451 0.975251
vt 0.892124 0.975911
vt 0.892124 0.996185
vt 0.891451 0.996846
vt 0.894544 0.963612
vt 0.894516 0.942326
vt 0.895734 0.941417
vt 0.895734 0.964814
vt 0.862727 0.940781
vt 0.862278 0.941638
vt 0.834577 0.161268
vt 0.834064 0.162782
vt 0.484292 0.983285
vt 0.483421 0.982704
vt 0.483421 0.953931
vt 0.484292 0.953324
vt 0.092925 0.745001
vt 0.092760 0.715047
vt 0.094334 0.714084
vt 0.094334 0.746080
vt 0.924372 0.989380
vt 0.923698 0.988853
vt 0.923699 0.969424
vt 0.924372 0.968896
vt 0.592523 0.234255
vt 0.592523 0.213336
vt 0.593555 0.212563
vt 0.593555 0.235029
vt 0.923202 0.968781
vt 0.923202 0.989496
vt 0.594466 0.213446
vt 0.594466 0.234145
vt 0.814573 0.905694
vt 0.815022 0.906551
vt 0.802061 0.931738
vt 0.801078 0.931922
vt 0.834571 0.516041
vt 0.820913 0.541883
vt 0.819249 0.542321
vt 0.833962 0.514467
vt 0.985318 0.672924
vt 0.984447 0.672318
vt 0.984447 0.643544
vt 0.985318 0.642962
vt 0.406088 0.781968
vt 0.406089 0.752006
vt 0.407662 0.750933
vt 0.407662 0.782932
vt 0.815022 0.940666
vt 0.814735 0.941331
vt 0.834571 0.551514
vt 0.834092 0.552787
vt 0.151992 0.997018
vt 0.151319 0.996357
vt 0.151319 0.976083
vt 0.151992 0.975423
vt 0.188984 0.945427
vt 0.188984 0.966421
vt 0.187794 0.967622
vt 0.187794 0.944225
vt 0.356635 0.863293
vt 0.357432 0.863881
vt 0.357432 0.892306
vt 0.356635 0.892892
vt 0.522911 0.882141
vt 0.522905 0.852810
vt 0.524171 0.851657
vt 0.524171 0.883266
vt 0.933648 0.206919
vt 0.934698 0.207046
vt 0.947670 0.232698
vt 0.947156 0.233630
vt 0.851756 0.367943
vt 0.865203 0.394685
vt 0.864209 0.396250
vt 0.849848 0.367692
vt 0.827565 0.996379
vt 0.826892 0.995851
vt 0.826892 0.976422
vt 0.827565 0.975894
vt 0.634826 0.991300
vt 0.634826 0.970644
vt 0.635871 0.969739
vt 0.635871 0.992205
vt 0.947479 0.198799
vt 0.947670 0.199431
vt 0.865203 0.360090
vt 0.864867 0.358920
vt 0.816200 0.833548
vt 0.816577 0.834384
vt 0.802054 0.858617
vt 0.801078 0.858782
vt 0.754574 0.319192
vt 0.739160 0.343937
vt 0.737580 0.344390
vt 0.754186 0.317720
vt 0.990930 0.672937
vt 0.990101 0.672333
vt 0.990101 0.643547
vt 0.990930 0.642962
vt 0.018911 0.809034
vt 0.018800 0.779059
vt 0.020295 0.777980
vt 0.020295 0.809992
vt 0.816577 0.869124
vt 0.816382 0.869854
vt 0.754574 0.355497
vt 0.754129 0.356802
vt 0.884043 0.975251
vt 0.884716 0.975911
vt 0.884716 0.996185
vt 0.884043 0.996846
vt 0.352613 0.937240
vt 0.352613 0.958820
vt 0.351395 0.959728
vt 0.351395 0.936332
vt 0.993498 0.198799
vt 0.994270 0.199370
vt 0.994270 0.227891
vt 0.993498 0.228499
vt 0.072435 0.926802
vt 0.072429 0.897371
vt 0.073566 0.896200
vt 0.073566 0.927917
vt 0.879021 0.652961
vt 0.880060 0.653054
vt 0.894416 0.677918
vt 0.893970 0.678853
vt 0.618704 0.740739
vt 0.633740 0.766580
vt 0.633073 0.768027
vt 0.617015 0.740431
vt 0.828238 0.976422
vt 0.828238 0.995851
vt 0.827565 0.996379
vt 0.442478 0.991752
vt 0.442478 0.970833
vt 0.443511 0.970060
vt 0.443511 0.992525
vt 0.894327 0.642962
vt 0.894416 0.643675
vt 0.633740 0.730846
vt 0.633579 0.729531
vt 0.804271 0.235318
vt 0.804568 0.236107
vt 0.788914 0.259568
vt 0.787970 0.259748
vt 0.276011 0.681394
vt 0.259392 0.705602
vt 0.257853 0.706083
vt 0.275485 0.680145
vt 0.995920 0.544432
vt 0.995164 0.543841
vt 0.995164 0.515064
vt 0.995920 0.514467
vt 0.524322 0.876208
vt 0.524266 0.846250
vt 0.525626 0.845149
vt 0.525626 0.877151
vt 0.804568 0.271072
vt 0.804467 0.271871
vt 0.276011 0.718040
vt 0.275801 0.719517
vt 0.891451 0.996846
vt 0.890777 0.996185
vt 0.890777 0.975911
vt 0.891451 0.975251
vt 0.019084 0.959990
vt 0.019055 0.938703
vt 0.020274 0.937795
vt 0.020274 0.961191
vt 0.996156 0.388715
vt 0.995438 0.388154
vt 0.995438 0.359541
vt 0.996156 0.358920
vt 0.638739 0.945124
vt 0.638734 0.915598
vt 0.639840 0.914394
vt 0.639840 0.946214
vt 0.544876 0.804648
vt 0.545877 0.804744
vt 0.561190 0.828994
vt 0.560821 0.829900
vt 0.434787 0.693003
vt 0.450902 0.718136
vt 0.450155 0.719664
vt 0.433183 0.692661
vt 0.828924 0.975894
vt 0.829597 0.976422
vt 0.829597 0.995851
vt 0.828924 0.996379
vt 0.329385 0.990933
vt 0.329426 0.970281
vt 0.330431 0.969372
vt 0.330431 0.991838
vt 0.561190 0.793376
vt 0.561179 0.794172
vt 0.450877 0.681939
vt 0.450902 0.680475
vt 0.410049 0.659197
vt 0.410513 0.658608
vt 0.438701 0.658631
vt 0.439400 0.659221
vt 0.568609 0.425762
vt 0.597695 0.425786
vt 0.598997 0.426781
vt 0.567652 0.426761
vt 0.997224 0.589930
vt 0.996568 0.589360
vt 0.996568 0.560616
vt 0.997224 0.560000
vt 0.634826 0.913513
vt 0.634830 0.883583
vt 0.636004 0.882446
vt 0.636004 0.914410
vt 0.438808 0.638447
vt 0.439513 0.637951
vt 0.597809 0.404353
vt 0.599121 0.403489
vt 0.728669 0.996843
vt 0.727996 0.996182
vt 0.727996 0.975908
vt 0.728669 0.975248
vt 0.747772 0.943652
vt 0.747772 0.964646
vt 0.746583 0.965847
vt 0.746583 0.942450
vt 0.997723 0.789545
vt 0.997087 0.788983
vt 0.997087 0.760293
vt 0.997723 0.759670
vt 0.315671 0.750327
vt 0.315690 0.720442
vt 0.316628 0.719516
vt 0.316628 0.751422
vt 0.298537 0.769755
vt 0.299477 0.769888
vt 0.315399 0.793716
vt 0.315117 0.794567
vt 0.191394 0.693006
vt 0.208202 0.717659
vt 0.207612 0.719092
vt 0.189911 0.692591
vt 0.828250 0.975894
vt 0.828924 0.976422
vt 0.828924 0.995851
vt 0.828250 0.996379
vt 0.681058 0.991070
vt 0.681005 0.970286
vt 0.682051 0.969382
vt 0.682051 0.991847
vt 0.315399 0.757892
vt 0.315292 0.758761
vt 0.208007 0.681328
vt 0.208202 0.679731
vt 0.019045 0.974332
vt 0.018407 0.973709
vt 0.018407 0.945024
vt 0.019045 0.944463
vt 0.020375 0.715280
vt 0.020375 0.744880
vt 0.019441 0.745984
vt 0.019436 0.714084
vt 0.292588 0.758027
vt 0.292870 0.758879
vt 0.276951 0.782709
vt 0.276011 0.782841
vt 0.018436 0.745113
vt 0.018436 0.715243
vt 0.439513 0.680475
vt 0.438808 0.679983
vt 0.438701 0.659814
vt 0.597811 0.447463
vt 0.598997 0.424918
vt 0.599121 0.448192
vt 0.886063 0.975251
vt 0.886737 0.975911
vt 0.886737 0.996185
vt 0.886063 0.996846
vt 0.503259 0.937331
vt 0.503259 0.958910
vt 0.502040 0.959819
vt 0.502040 0.936422
vt 0.410513 0.659791
vt 0.567652 0.424887
vt 0.189645 0.969499
vt 0.188988 0.968883
vt 0.188988 0.940136
vt 0.189645 0.939565
vt 0.561907 0.914776
vt 0.561903 0.884842
vt 0.563081 0.883927
vt 0.563081 0.915896
vt 0.737192 0.996444
vt 0.736519 0.995916
vt 0.736519 0.976488
vt 0.737192 0.975960
vt 0.441446 0.991752
vt 0.441446 0.970833
vt 0.442478 0.970060
vt 0.442478 0.992525
vt 0.292763 0.793834
vt 0.292870 0.794703
vt 0.645373 0.447416
vt 0.645373 0.468014
vt 0.644181 0.468797
vt 0.644181 0.446441
vt 0.613727 0.799239
vt 0.614446 0.799860
vt 0.614446 0.828466
vt 0.613727 0.829027
vt 0.293160 0.934550
vt 0.293165 0.905033
vt 0.294267 0.903944
vt 0.294267 0.935756
vt 0.602418 0.793713
vt 0.602788 0.794619
vt 0.587481 0.818874
vt 0.586478 0.818969
vt 0.720019 0.236847
vt 0.704135 0.262137
vt 0.702306 0.262326
vt 0.719271 0.235318
vt 0.817850 0.721513
vt 0.817955 0.722310
vt 0.802338 0.733786
vt 0.801393 0.733608
vt 0.468974 0.681947
vt 0.452550 0.694346
vt 0.450902 0.693950
vt 0.468752 0.680475
vt 0.149971 0.975423
vt 0.150645 0.976083
vt 0.150645 0.996357
vt 0.149971 0.997018
vt 0.668593 0.943445
vt 0.668593 0.964439
vt 0.667403 0.965640
vt 0.667403 0.942243
vt 0.817955 0.757274
vt 0.817655 0.758065
vt 0.468974 0.718373
vt 0.468599 0.719847
vt 0.994581 0.035517
vt 0.995338 0.036113
vt 0.995338 0.064891
vt 0.994581 0.065484
vt 0.430135 0.862525
vt 0.430132 0.832558
vt 0.431497 0.831620
vt 0.431497 0.863624
vt 0.820832 0.975894
vt 0.821506 0.976422
vt 0.821506 0.995851
vt 0.820832 0.996379
vt 0.639695 0.970515
vt 0.639695 0.991171
vt 0.638650 0.992076
vt 0.638650 0.969611
vt 0.602777 0.829439
vt 0.602788 0.830234
vt 0.719995 0.273041
vt 0.720019 0.274504
vt 0.427985 0.926940
vt 0.428758 0.927548
vt 0.428758 0.956060
vt 0.427985 0.956630
vt 0.633688 0.880980
vt 0.633622 0.851544
vt 0.634826 0.850444
vt 0.634826 0.882152
vt 0.895544 0.797391
vt 0.895992 0.798326
vt 0.881644 0.823196
vt 0.880604 0.823288
vt 0.274789 0.721098
vt 0.259748 0.746937
vt 0.257853 0.747110
vt 0.273917 0.719517
vt 0.877631 0.035517
vt 0.877829 0.036245
vt 0.863361 0.046698
vt 0.862384 0.046533
vt 0.757988 0.168382
vt 0.742691 0.179780
vt 0.741111 0.179322
vt 0.757629 0.167014
vt 0.888757 0.996846
vt 0.888083 0.996186
vt 0.888083 0.975911
vt 0.888757 0.975251
vt 0.109088 0.961412
vt 0.109117 0.940125
vt 0.110307 0.938924
vt 0.110307 0.962321
vt 0.877829 0.070967
vt 0.877450 0.071804
vt 0.757988 0.204600
vt 0.757591 0.206074
vt 0.989272 0.672936
vt 0.988442 0.672352
vt 0.988442 0.643566
vt 0.989272 0.642962
vt 0.612343 0.830276
vt 0.612341 0.800301
vt 0.613724 0.799343
vt 0.613724 0.831354
vt 0.823525 0.975894
vt 0.824199 0.976422
vt 0.824199 0.995851
vt 0.823525 0.996379
vt 0.437314 0.991752
vt 0.437314 0.970833
vt 0.438347 0.970060
vt 0.438347 0.992525
vt 0.895992 0.832564
vt 0.895902 0.833276
vt 0.274789 0.756843
vt 0.274400 0.758007
vt 0.992629 0.682308
vt 0.993426 0.682894
vt 0.993426 0.711308
vt 0.992629 0.711896
vt 0.404928 0.926450
vt 0.404934 0.896594
vt 0.406102 0.895721
vt 0.406102 0.927320
vt 0.315785 0.911208
vt 0.316665 0.911808
vt 0.316665 0.940553
vt 0.315785 0.941141
vt 0.016654 0.823044
vt 0.016654 0.793112
vt 0.018038 0.792019
vt 0.018038 0.823985
vt 0.932011 0.162010
vt 0.932312 0.162667
vt 0.919016 0.172123
vt 0.918030 0.171954
vt 0.819249 0.515437
vt 0.805074 0.525685
vt 0.803622 0.525438
vt 0.818795 0.514467
vt 0.943776 0.996482
vt 0.943102 0.995822
vt 0.943102 0.974668
vt 0.943776 0.974007
vt 0.014666 0.928081
vt 0.014666 0.950540
vt 0.013448 0.951449
vt 0.013448 0.927172
vt 0.932312 0.197140
vt 0.931875 0.198003
vt 0.819249 0.551861
vt 0.818619 0.553144
vt 0.600920 0.954606
vt 0.601791 0.955187
vt 0.601791 0.983959
vt 0.600920 0.984566
vt 0.110770 0.820423
vt 0.110769 0.790462
vt 0.112180 0.789506
vt 0.112180 0.821502
vt 0.780737 0.965741
vt 0.781411 0.966269
vt 0.781411 0.986578
vt 0.780737 0.987106
vt 0.521553 0.992850
vt 0.521553 0.971059
vt 0.522546 0.970282
vt 0.522546 0.993627
vt 0.781907 0.987221
vt 0.781907 0.965626
vt 0.000000 0.792067
vt 0.000021 0.790889
vt 0.925745 0.514467
vt 0.926181 0.515330
vt 0.912833 0.540311
vt 0.911847 0.540479
vt 0.814813 0.036861
vt 0.800702 0.063062
vt 0.799161 0.063251
vt 0.814090 0.035517
vt 0.983625 0.904876
vt 0.984496 0.905482
vt 0.984496 0.934255
vt 0.983625 0.934836
vt 0.092760 0.777113
vt 0.092761 0.747152
vt 0.094334 0.746080
vt 0.094334 0.778077
vt 0.926181 0.549837
vt 0.925882 0.550496
vt 0.814813 0.073202
vt 0.814443 0.074233
vt 0.947143 0.996483
vt 0.946469 0.995822
vt 0.946469 0.974668
vt 0.947143 0.974007
vt 0.467129 0.933392
vt 0.467129 0.955266
vt 0.465939 0.956468
vt 0.465939 0.932191
vt 0.993550 0.433084
vt 0.992753 0.432496
vt 0.992753 0.404075
vt 0.993550 0.403489
vt 0.566642 0.892715
vt 0.566636 0.862852
vt 0.567901 0.861966
vt 0.567901 0.893573
vt 0.388908 0.911613
vt 0.389960 0.911722
vt 0.403372 0.937146
vt 0.402874 0.938087
vt 0.411961 0.803646
vt 0.425850 0.830160
vt 0.424882 0.831742
vt 0.410049 0.803427
vt 0.156705 0.975423
vt 0.157378 0.975951
vt 0.157378 0.996260
vt 0.156705 0.996788
vt 0.278022 0.992457
vt 0.278022 0.970928
vt 0.279027 0.970020
vt 0.279027 0.993365
vt 0.403170 0.902901
vt 0.403372 0.903529
vt 0.425850 0.795217
vt 0.425494 0.794053
vt 0.836676 0.276519
vt 0.837038 0.277362
vt 0.822100 0.301337
vt 0.821121 0.301484
vt 0.178066 0.692506
vt 0.162155 0.717561
vt 0.160713 0.717775
vt 0.177548 0.691254
vt 0.990150 0.934850
vt 0.989321 0.934245
vt 0.989321 0.905460
vt 0.990150 0.904875
vt 0.293160 0.839016
vt 0.293162 0.809042
vt 0.294544 0.807963
vt 0.294544 0.839974
vt 0.837038 0.312562
vt 0.836829 0.313289
vt 0.178066 0.729733
vt 0.177745 0.730804
vt 0.168972 0.995974
vt 0.168298 0.995314
vt 0.168298 0.974160
vt 0.168972 0.973499
vt 0.314537 0.950900
vt 0.314537 0.928441
vt 0.315756 0.927532
vt 0.315756 0.951809
vt 0.994095 0.642962
vt 0.994866 0.643531
vt 0.994866 0.672050
vt 0.994095 0.672658
vt 0.543700 0.932068
vt 0.543694 0.902102
vt 0.544830 0.901199
vt 0.544830 0.932914
vt 0.039544 0.833499
vt 0.040585 0.833572
vt 0.055401 0.858165
vt 0.054972 0.859108
vt 0.736623 0.654965
vt 0.752272 0.680439
vt 0.751640 0.681902
vt 0.734926 0.654698
vt 0.663393 0.997117
vt 0.662720 0.996589
vt 0.662720 0.976280
vt 0.663393 0.975752
vt 0.138184 0.971009
vt 0.138184 0.992800
vt 0.137191 0.993577
vt 0.137191 0.970232
vt 0.055298 0.822779
vt 0.055401 0.823491
vt 0.752272 0.644117
vt 0.751856 0.642962
vt 0.787688 0.235318
vt 0.787970 0.236113
vt 0.771881 0.259272
vt 0.770934 0.259433
vt 0.714488 0.036773
vt 0.697490 0.061041
vt 0.695992 0.061204
vt 0.713979 0.035517
vt 0.995728 0.498901
vt 0.994971 0.498309
vt 0.994971 0.469531
vt 0.995728 0.468934
vt 0.018856 0.873063
vt 0.018800 0.843103
vt 0.020161 0.842004
vt 0.020161 0.874007
vt 0.787970 0.271584
vt 0.787853 0.272380
vt 0.714488 0.074154
vt 0.714402 0.075405
vt 0.170992 0.995974
vt 0.170318 0.995314
vt 0.170318 0.974159
vt 0.170992 0.973499
vt 0.430006 0.950015
vt 0.429977 0.927849
vt 0.431195 0.926940
vt 0.431195 0.951217
vt 0.996734 0.191803
vt 0.996018 0.191243
vt 0.996018 0.162631
vt 0.996734 0.162011
vt 0.056402 0.949354
vt 0.056396 0.919291
vt 0.057500 0.918356
vt 0.057500 0.950174
vt 0.586478 0.768773
vt 0.587482 0.768850
vt 0.603258 0.792800
vt 0.602906 0.793713
vt 0.223265 0.612838
vt 0.239610 0.637831
vt 0.238891 0.639373
vt 0.221432 0.612683
vt 0.154685 0.975423
vt 0.155359 0.975951
vt 0.155359 0.996260
vt 0.154685 0.996788
vt 0.105944 0.992334
vt 0.105944 0.970805
vt 0.106949 0.969897
vt 0.106949 0.993242
vt 0.603253 0.756697
vt 0.603258 0.757493
vt 0.239610 0.601151
vt 0.239609 0.599687
vt 0.640200 0.579615
vt 0.640664 0.579025
vt 0.668847 0.579037
vt 0.669546 0.579628
vt 0.507097 0.190169
vt 0.536708 0.190183
vt 0.537745 0.191179
vt 0.506406 0.191170
vt 0.996433 0.235318
vt 0.997090 0.235890
vt 0.997090 0.264636
vt 0.996433 0.265252
vt 0.234484 0.902624
vt 0.234488 0.872690
vt 0.235664 0.871555
vt 0.235664 0.903523
vt 0.668960 0.557981
vt 0.669666 0.557485
vt 0.536830 0.167740
vt 0.537876 0.167014
vt 0.035052 0.973747
vt 0.035725 0.974407
vt 0.035725 0.995561
vt 0.035052 0.996222
vt 0.878881 0.958664
vt 0.878881 0.936790
vt 0.880070 0.935589
vt 0.880070 0.959866
vt 0.997651 0.000000
vt 0.998285 0.000561
vt 0.998285 0.029251
vt 0.997651 0.029874
vt 0.783936 0.828510
vt 0.783931 0.798366
vt 0.784866 0.797440
vt 0.784866 0.829345
vt 0.699107 0.734418
vt 0.700049 0.734533
vt 0.716437 0.758042
vt 0.716171 0.758898
vt 0.682093 0.574103
vt 0.699356 0.598438
vt 0.698792 0.599882
vt 0.680602 0.573715
vt 0.658681 0.997117
vt 0.658007 0.996589
vt 0.658007 0.976280
vt 0.658681 0.975752
vt 0.282056 0.992588
vt 0.282043 0.970928
vt 0.283049 0.970020
vt 0.283049 0.993365
vt 0.716437 0.721706
vt 0.716346 0.722578
vt 0.699191 0.561600
vt 0.699356 0.560000
vt 0.996882 0.317720
vt 0.997520 0.318343
vt 0.997520 0.347032
vt 0.996882 0.347594
vt 0.296118 0.712975
vt 0.296118 0.743120
vt 0.295185 0.743955
vt 0.295179 0.712050
vt 0.751562 0.721787
vt 0.751828 0.722644
vt 0.735441 0.746154
vt 0.734499 0.746268
vt 0.294179 0.743082
vt 0.294179 0.713208
vt 0.669666 0.601761
vt 0.668960 0.601268
vt 0.668847 0.580220
vt 0.536830 0.212748
vt 0.537745 0.189316
vt 0.537876 0.213470
vt 0.166277 0.973499
vt 0.166951 0.974160
vt 0.166951 0.995314
vt 0.166277 0.995974
vt 0.447736 0.954069
vt 0.447736 0.931610
vt 0.448955 0.930701
vt 0.448955 0.954978
vt 0.640664 0.580208
vt 0.506406 0.189297
vt 0.293042 0.824637
vt 0.292383 0.824021
vt 0.292383 0.795275
vt 0.293042 0.794703
vt 0.615834 0.805385
vt 0.615830 0.775451
vt 0.617011 0.774536
vt 0.617011 0.806504
vt 0.699107 0.975754
vt 0.699780 0.976282
vt 0.699780 0.996591
vt 0.699107 0.997119
vt 0.523193 0.992851
vt 0.523193 0.971060
vt 0.524186 0.970283
vt 0.524186 0.993628
vt 0.751738 0.758108
vt 0.751828 0.758979
vt 0.522993 0.969308
vt 0.522993 0.947833
vt 0.524186 0.947050
vt 0.071711 0.932208
vt 0.072429 0.932828
vt 0.072429 0.961440
vt 0.071711 0.962001
vt 0.290592 0.935320
vt 0.290598 0.905257
vt 0.291699 0.904437
vt 0.291699 0.936255
vt 0.467328 0.757038
vt 0.467680 0.757951
vt 0.451906 0.781903
vt 0.450902 0.781979
vt 0.718496 0.360461
vt 0.702152 0.385456
vt 0.700319 0.385612
vt 0.717776 0.358920
vt 0.057645 0.752795
vt 0.057764 0.753591
vt 0.041696 0.765886
vt 0.040748 0.765725
vt 0.542924 0.678649
vt 0.525947 0.691744
vt 0.524448 0.691581
vt 0.542834 0.677400
vt 0.950510 0.996483
vt 0.949836 0.995822
vt 0.949836 0.974668
vt 0.950510 0.974007
vt 0.089098 0.954678
vt 0.089098 0.932804
vt 0.090288 0.931602
vt 0.090288 0.955879
vt 0.057764 0.789060
vt 0.057480 0.789856
vt 0.542924 0.716028
vt 0.542411 0.717286
vt 0.766064 0.943453
vt 0.766823 0.944049
vt 0.766823 0.972827
vt 0.766064 0.973420
vt 0.732949 0.853836
vt 0.732946 0.823869
vt 0.734314 0.822932
vt 0.734314 0.854935
vt 0.662720 0.997117
vt 0.662047 0.996589
vt 0.662047 0.976280
vt 0.662720 0.975752
vt 0.277017 0.970928
vt 0.277017 0.992457
vt 0.276011 0.993365
vt 0.276011 0.970020
vt 0.467680 0.793257
vt 0.467675 0.794053
vt 0.718496 0.397141
vt 0.718494 0.398605
vt 0.993979 0.347417
vt 0.993206 0.346809
vt 0.993206 0.318290
vt 0.993979 0.317720
vt 0.291836 0.893678
vt 0.291842 0.863712
vt 0.293045 0.862880
vt 0.293045 0.894596
vt 0.035799 0.823816
vt 0.036228 0.824759
vt 0.021416 0.849354
vt 0.020374 0.849427
vt 0.752650 0.561462
vt 0.737004 0.586938
vt 0.735308 0.587205
vt 0.752018 0.559999
vt 0.848381 0.642962
vt 0.848592 0.643687
vt 0.833685 0.654881
vt 0.832705 0.654733
vt 0.737282 0.236455
vt 0.721462 0.248489
vt 0.720020 0.248272
vt 0.737047 0.235318
vt 0.171665 0.995974
vt 0.170992 0.995314
vt 0.170992 0.974160
vt 0.171665 0.973499
vt 0.072429 0.951285
vt 0.072429 0.928826
vt 0.073648 0.927917
vt 0.073648 0.952194
vt 0.848592 0.678876
vt 0.848228 0.679719
vt 0.737282 0.273603
vt 0.736758 0.274855
vt 0.189074 0.627733
vt 0.189904 0.628317
vt 0.189904 0.657103
vt 0.189074 0.657707
vt 0.503278 0.824642
vt 0.503276 0.794668
vt 0.504661 0.793710
vt 0.504661 0.825721
vt 0.658007 0.997117
vt 0.657334 0.996589
vt 0.657334 0.976280
vt 0.658007 0.975752
vt 0.281051 0.992588
vt 0.281038 0.970928
vt 0.282043 0.970020
vt 0.282043 0.993365
vt 0.036228 0.859431
vt 0.036126 0.860142
vt 0.752650 0.597782
vt 0.752234 0.598937
vt 0.992944 0.110646
vt 0.992147 0.110060
vt 0.992147 0.081638
vt 0.992944 0.081050
vt 0.291836 0.925333
vt 0.291842 0.895469
vt 0.293010 0.894596
vt 0.293010 0.926203
vt 0.732092 0.937607
vt 0.732972 0.938207
vt 0.732972 0.966952
vt 0.732092 0.967539
vt 0.404663 0.795794
vt 0.390643 0.822239
vt 0.388908 0.822556
vt 0.403882 0.794314
vt 0.072129 0.896200
vt 0.072429 0.896858
vt 0.059122 0.906340
vt 0.058136 0.906171
vt 0.818383 0.359891
vt 0.804197 0.370169
vt 0.802745 0.369922
vt 0.817931 0.358920
vt 0.941082 0.996482
vt 0.940408 0.995822
vt 0.940408 0.974668
vt 0.941082 0.974007
vt 0.127870 0.951498
vt 0.127841 0.929332
vt 0.129060 0.928423
vt 0.129060 0.952700
vt 0.072429 0.931345
vt 0.071992 0.932208
vt 0.818383 0.396331
vt 0.817754 0.397614
vt 0.315786 0.941141
vt 0.316657 0.941722
vt 0.316657 0.970495
vt 0.315786 0.971102
vt 0.566447 0.700873
vt 0.566446 0.670912
vt 0.568021 0.669948
vt 0.568021 0.701945
vt 0.830766 0.986570
vt 0.830093 0.986042
vt 0.830093 0.965733
vt 0.830766 0.965205
vt 0.141161 0.992800
vt 0.141161 0.971009
vt 0.142154 0.970232
vt 0.142154 0.993577
vt 0.829597 0.965090
vt 0.829597 0.986685
vt 0.404663 0.830840
vt 0.404301 0.832002
vt 0.925885 0.797391
vt 0.926320 0.798255
vt 0.912977 0.823247
vt 0.911990 0.823416
vt 0.817038 0.683652
vt 0.802931 0.709866
vt 0.801391 0.710055
vt 0.816315 0.682308
vt 0.982705 0.642962
vt 0.983576 0.643569
vt 0.983576 0.672341
vt 0.982705 0.672922
vt 0.294544 0.774987
vt 0.294544 0.745027
vt 0.296118 0.743955
vt 0.296118 0.775951
vt 0.926320 0.832743
vt 0.926022 0.833401
vt 0.817038 0.719975
vt 0.816668 0.721003
vt 0.947816 0.996483
vt 0.947143 0.995822
vt 0.947143 0.974668
vt 0.947816 0.974007
vt 0.615539 0.954926
vt 0.615539 0.933052
vt 0.616729 0.931851
vt 0.616729 0.956128
vt 0.993803 0.306109
vt 0.993006 0.305522
vt 0.993006 0.277105
vt 0.993803 0.276519
vt 0.732952 0.885679
vt 0.732946 0.855821
vt 0.734212 0.854935
vt 0.734212 0.886536
vt 0.257853 0.911213
vt 0.258905 0.911321
vt 0.272354 0.936726
vt 0.271857 0.937667
vt 0.814491 0.090677
vt 0.828419 0.117172
vt 0.827453 0.118755
vt 0.812579 0.090460
vt 0.662047 0.997117
vt 0.661374 0.996589
vt 0.661374 0.976280
vt 0.662047 0.975752
vt 0.332515 0.969266
vt 0.332515 0.990794
vt 0.331509 0.991703
vt 0.331509 0.968357
vt 0.272154 0.902467
vt 0.272354 0.903095
vt 0.828419 0.082215
vt 0.828066 0.081050
vt 0.838303 0.403489
vt 0.838666 0.404332
vt 0.823730 0.428319
vt 0.822751 0.428466
vt 0.731840 0.036770
vt 0.715931 0.061838
vt 0.714488 0.062052
vt 0.731321 0.035517
vt 0.989853 0.468862
vt 0.989023 0.468258
vt 0.989023 0.439472
vt 0.989853 0.438888
vt 0.632526 0.835633
vt 0.632528 0.805659
vt 0.633910 0.804580
vt 0.633910 0.836591
vt 0.838666 0.439523
vt 0.838457 0.440248
vt 0.731840 0.073987
vt 0.731518 0.075056
vt 0.168298 0.995974
vt 0.167624 0.995314
vt 0.167624 0.974160
vt 0.168298 0.973499
vt 0.292939 0.742885
vt 0.292939 0.720426
vt 0.294158 0.719517
vt 0.294158 0.743794
vt 0.994882 0.029692
vt 0.994110 0.029123
vt 0.994110 0.000608
vt 0.994882 0.000000
vt 0.766831 0.929951
vt 0.766825 0.899990
vt 0.767961 0.899087
vt 0.767961 0.930797
vt 0.837038 0.287265
vt 0.838078 0.287337
vt 0.852921 0.311916
vt 0.852493 0.312858
vt 0.731350 0.093081
vt 0.747027 0.118539
vt 0.746398 0.120002
vt 0.729655 0.092814
vt 0.700454 0.997119
vt 0.699780 0.996591
vt 0.699780 0.976282
vt 0.700454 0.975754
vt 0.143146 0.971009
vt 0.143146 0.992800
vt 0.142154 0.993577
vt 0.142154 0.970232
vt 0.852820 0.276519
vt 0.852921 0.277231
vt 0.747027 0.082206
vt 0.746615 0.081050
vt 0.787805 0.317720
vt 0.788087 0.318515
vt 0.772000 0.341687
vt 0.771052 0.341847
vt 0.375948 0.678328
vt 0.358950 0.702609
vt 0.357453 0.702771
vt 0.375438 0.677070
vt 0.995639 0.029967
vt 0.994882 0.029374
vt 0.994882 0.000596
vt 0.995639 0.000000
vt 0.449554 0.825875
vt 0.449557 0.795908
vt 0.450859 0.794816
vt 0.450859 0.826819
vt 0.788087 0.353985
vt 0.787970 0.354780
vt 0.375948 0.715707
vt 0.375861 0.716956
vt 0.167624 0.995974
vt 0.166951 0.995314
vt 0.166951 0.974160
vt 0.167624 0.973499
vt 0.520357 0.952230
vt 0.520328 0.930064
vt 0.521547 0.929155
vt 0.521547 0.953432
vt 0.996566 0.864421
vt 0.995848 0.863861
vt 0.995848 0.835253
vt 0.996566 0.834632
vt 0.129714 0.749817
vt 0.129708 0.719758
vt 0.130813 0.718822
vt 0.130813 0.750636
vt 0.544876 0.768445
vt 0.545878 0.768522
vt 0.561671 0.792464
vt 0.561320 0.793376
vt 0.701187 0.573270
vt 0.717709 0.598150
vt 0.717003 0.599695
vt 0.699356 0.573126
vt 0.656661 0.975752
vt 0.657334 0.976280
vt 0.657334 0.996589
vt 0.656661 0.997117
vt 0.286065 0.970928
vt 0.286065 0.992457
vt 0.285059 0.993365
vt 0.285059 0.970020
vt 0.561669 0.756355
vt 0.561671 0.757151
vt 0.717709 0.561295
vt 0.717470 0.560000
vt 0.640200 0.491069
vt 0.640665 0.490478
vt 0.668857 0.490483
vt 0.669556 0.491074
vt 0.475622 0.190174
vt 0.505243 0.190179
vt 0.506279 0.191176
vt 0.474929 0.191176
vt 0.996342 0.642962
vt 0.996998 0.643533
vt 0.996998 0.672280
vt 0.996342 0.672896
vt 0.447818 0.898091
vt 0.447822 0.868157
vt 0.448998 0.867023
vt 0.448998 0.898991
vt 0.668967 0.469429
vt 0.669672 0.468934
vt 0.505361 0.167739
vt 0.506406 0.167014
vt 0.949163 0.974007
vt 0.949836 0.974668
vt 0.949836 0.995822
vt 0.949163 0.996483
vt 0.234474 0.958410
vt 0.234474 0.936536
vt 0.235664 0.935335
vt 0.235664 0.959611
vt 0.997389 0.162010
vt 0.998024 0.162571
vt 0.998024 0.191258
vt 0.997389 0.191881
vt 0.731986 0.933661
vt 0.731982 0.903519
vt 0.732917 0.902593
vt 0.732917 0.934494
vt 0.450902 0.732561
vt 0.451843 0.732676
vt 0.468240 0.756182
vt 0.467976 0.757038
vt 0.390629 0.653311
vt 0.407670 0.677812
vt 0.407109 0.679254
vt 0.388908 0.653092
vt 0.154012 0.975423
vt 0.154685 0.975950
vt 0.154685 0.996259
vt 0.154012 0.996787
vt 0.289094 0.992588
vt 0.289081 0.970928
vt 0.290087 0.970020
vt 0.290087 0.993365
vt 0.468240 0.719847
vt 0.468147 0.720719
vt 0.407501 0.640974
vt 0.407670 0.639372
vt 0.997090 0.235318
vt 0.997727 0.235941
vt 0.997727 0.264632
vt 0.997090 0.265193
vt 0.255550 0.861835
vt 0.255555 0.831689
vt 0.256488 0.830854
vt 0.256488 0.862760
vt 0.766261 0.035517
vt 0.766528 0.036375
vt 0.750148 0.059894
vt 0.749205 0.060007
vt 0.712284 0.082331
vt 0.695060 0.106703
vt 0.693564 0.107076
vt 0.711961 0.081050
vt 0.669672 0.513210
vt 0.668967 0.512716
vt 0.668857 0.491666
vt 0.505361 0.212747
vt 0.506279 0.189312
vt 0.506405 0.213470
vt 0.942429 0.996482
vt 0.941755 0.995822
vt 0.941755 0.974668
vt 0.942429 0.974007
vt 0.484462 0.950771
vt 0.484462 0.928312
vt 0.485681 0.927403
vt 0.485681 0.951680
vt 0.640665 0.491661
vt 0.474929 0.189303
vt 0.541345 0.867733
vt 0.542003 0.868349
vt 0.542003 0.897094
vt 0.541345 0.897664
vt 0.254942 0.898734
vt 0.254938 0.868803
vt 0.256118 0.867889
vt 0.256118 0.899855
vt 0.664067 0.997117
vt 0.663393 0.996589
vt 0.663393 0.976280
vt 0.664067 0.975752
vt 0.139176 0.971009
vt 0.139176 0.992800
vt 0.138184 0.993577
vt 0.138184 0.970232
vt 0.766440 0.071842
vt 0.766528 0.072711
vt 0.712284 0.119517
vt 0.712198 0.120938
vt 0.409310 0.945391
vt 0.410029 0.946012
vt 0.410029 0.974625
vt 0.409310 0.975186
vt 0.862727 0.936912
vt 0.862733 0.906848
vt 0.863834 0.906027
vt 0.863834 0.937847
vt 0.405322 0.757310
vt 0.405675 0.758224
vt 0.389913 0.782188
vt 0.388908 0.782263
vt 0.112517 0.681005
vt 0.096185 0.706011
vt 0.094351 0.706165
vt 0.111795 0.679461
vt 0.075046 0.752791
vt 0.075164 0.753586
vt 0.059083 0.765879
vt 0.058136 0.765718
vt 0.524448 0.678648
vt 0.507458 0.691741
vt 0.505960 0.691579
vt 0.524360 0.677400
vt 0.173012 0.995975
vt 0.172339 0.995314
vt 0.172339 0.974160
vt 0.173012 0.973499
vt 0.519474 0.933208
vt 0.519474 0.955083
vt 0.518284 0.956284
vt 0.518284 0.932007
vt 0.075164 0.789055
vt 0.074881 0.789851
vt 0.524448 0.716027
vt 0.523937 0.717286
vt 0.994322 0.403489
vt 0.995080 0.404085
vt 0.995080 0.432862
vt 0.994322 0.433454
vt 0.332440 0.857602
vt 0.332437 0.827636
vt 0.333803 0.826700
vt 0.333803 0.858702
vt 0.152665 0.975423
vt 0.153339 0.975951
vt 0.153339 0.996260
vt 0.152665 0.996788
vt 0.278022 0.970928
vt 0.278022 0.992457
vt 0.277017 0.993365
vt 0.277017 0.970020
vt 0.405675 0.793521
vt 0.405669 0.794314
vt 0.112517 0.717673
vt 0.112512 0.719134
vt 0.994198 0.712007
vt 0.993426 0.711399
vt 0.993426 0.682878
vt 0.994198 0.682308
vt 0.430132 0.894423
vt 0.430138 0.864456
vt 0.431341 0.863624
vt 0.431341 0.895341
vt 0.861953 0.035517
vt 0.862384 0.036460
vt 0.847589 0.061069
vt 0.846547 0.061142
vt 0.037699 0.715548
vt 0.022072 0.741039
vt 0.020374 0.741305
vt 0.037065 0.714084
vt 0.846338 0.035517
vt 0.846547 0.036241
vt 0.831622 0.047435
vt 0.830642 0.047287
vt 0.736799 0.515603
vt 0.720960 0.527636
vt 0.719518 0.527419
vt 0.736566 0.514467
vt 0.173734 0.995974
vt 0.173061 0.995314
vt 0.173061 0.974160
vt 0.173734 0.973499
vt 0.406147 0.928229
vt 0.406147 0.950688
vt 0.404928 0.951597
vt 0.404928 0.927320
vt 0.846547 0.071429
vt 0.846184 0.072273
vt 0.736799 0.552749
vt 0.736277 0.554001
vt 0.237083 0.749757
vt 0.236253 0.749172
vt 0.236253 0.720387
vt 0.237083 0.719782
vt 0.750192 0.828070
vt 0.750190 0.798095
vt 0.751575 0.797138
vt 0.751575 0.829149
vt 0.661374 0.997117
vt 0.660701 0.996589
vt 0.660701 0.976280
vt 0.661374 0.975752
vt 0.288089 0.992588
vt 0.288076 0.970928
vt 0.289081 0.970020
vt 0.289081 0.993365
vt 0.862384 0.071110
vt 0.862280 0.071819
vt 0.037699 0.751843
vt 0.037281 0.752994
vt 0.991955 0.433086
vt 0.991158 0.432501
vt 0.991158 0.404076
vt 0.991955 0.403488
vt 0.074230 0.922679
vt 0.074236 0.892813
vt 0.075403 0.891940
vt 0.075403 0.923550
vt 0.524065 0.747220
vt 0.523185 0.746620
vt 0.523185 0.717873
vt 0.524065 0.717286
vt 0.832767 0.683788
vt 0.818773 0.710249
vt 0.817038 0.710568
vt 0.831983 0.682308
vt 0.927390 0.601761
vt 0.927689 0.602419
vt 0.914359 0.611900
vt 0.913373 0.611732
vt 0.812579 0.082020
vt 0.798367 0.092297
vt 0.796915 0.092050
vt 0.812128 0.081050
vt 0.943102 0.996482
vt 0.942429 0.995822
vt 0.942429 0.974668
vt 0.943102 0.974007
vt 0.560569 0.951728
vt 0.560540 0.929561
vt 0.561759 0.928653
vt 0.561759 0.952929
vt 0.927689 0.636900
vt 0.927253 0.637764
vt 0.812579 0.118455
vt 0.811951 0.119738
vt 0.638650 0.976176
vt 0.637779 0.975594
vt 0.637779 0.946820
vt 0.638650 0.946214
vt 0.638627 0.721600
vt 0.638626 0.691638
vt 0.640200 0.690674
vt 0.640200 0.722672
vt 0.907927 0.965185
vt 0.908601 0.965713
vt 0.908601 0.986022
vt 0.907927 0.986550
vt 0.139176 0.992800
vt 0.139176 0.971009
vt 0.140169 0.970232
vt 0.140169 0.993577
vt 0.909097 0.986665
vt 0.909097 0.965070
vt 0.832767 0.718800
vt 0.832402 0.719957
vt 0.925936 0.468934
vt 0.926371 0.469798
vt 0.913030 0.494794
vt 0.912044 0.494962
vt 0.817065 0.644306
vt 0.802961 0.670523
vt 0.801421 0.670713
vt 0.816342 0.642962
vt 0.584049 0.986104
vt 0.583179 0.985497
vt 0.583179 0.956724
vt 0.584049 0.956142
vt 0.561671 0.787389
vt 0.561672 0.757427
vt 0.563244 0.756355
vt 0.563244 0.788353
vt 0.926371 0.504282
vt 0.926073 0.504940
vt 0.817065 0.680624
vt 0.816695 0.681652
vt 0.944449 0.974007
vt 0.945122 0.974668
vt 0.945122 0.995822
vt 0.944449 0.996483
vt 0.254938 0.954645
vt 0.254938 0.932771
vt 0.256128 0.931570
vt 0.256128 0.955847
vt 0.237724 0.977387
vt 0.236927 0.976799
vt 0.236927 0.948376
vt 0.237724 0.947790
vt 0.408132 0.882971
vt 0.408126 0.853106
vt 0.409391 0.852220
vt 0.409391 0.883829
vt 0.092195 0.904030
vt 0.093075 0.904617
vt 0.093075 0.933364
vt 0.092195 0.933964
vt 0.816725 0.045114
vt 0.830643 0.071616
vt 0.829676 0.073199
vt 0.814813 0.044896
vt 0.158519 0.965111
vt 0.159192 0.965639
vt 0.159192 0.985948
vt 0.158519 0.986476
vt 0.637724 0.970651
vt 0.637724 0.992179
vt 0.636719 0.993088
vt 0.636719 0.969742
vt 0.159688 0.986591
vt 0.159688 0.964995
vt 0.830643 0.036680
vt 0.830289 0.035517
vt 0.176264 0.805585
vt 0.176627 0.806428
vt 0.161693 0.830419
vt 0.160713 0.830566
vt 0.734926 0.644215
vt 0.719019 0.669287
vt 0.717577 0.669500
vt 0.734407 0.642962
vt 0.990278 0.198800
vt 0.991106 0.199404
vt 0.991106 0.228189
vt 0.990278 0.228774
vt 0.521640 0.850699
vt 0.521642 0.820724
vt 0.523023 0.819645
vt 0.523023 0.851657
vt 0.176627 0.841617
vt 0.176417 0.842342
vt 0.734926 0.681430
vt 0.734605 0.682498
vt 0.164257 0.973499
vt 0.164931 0.974159
vt 0.164931 0.995314
vt 0.164257 0.995974
vt 0.483769 0.929956
vt 0.483769 0.952416
vt 0.482550 0.953324
vt 0.482550 0.929048
vt 0.994514 0.110748
vt 0.993742 0.110178
vt 0.993742 0.081658
vt 0.994514 0.081050
vt 0.559409 0.927806
vt 0.559403 0.897839
vt 0.560540 0.896936
vt 0.560540 0.928653
vt 0.838666 0.414213
vt 0.839706 0.414285
vt 0.854542 0.438870
vt 0.854114 0.439813
vt 0.733535 0.047524
vt 0.749205 0.072990
vt 0.748575 0.074453
vt 0.731840 0.047258
vt 0.666760 0.997117
vt 0.666086 0.996589
vt 0.666086 0.976280
vt 0.666760 0.975752
vt 0.136199 0.992800
vt 0.136199 0.971009
vt 0.137192 0.970232
vt 0.137192 0.993577
vt 0.854441 0.403489
vt 0.854542 0.404199
vt 0.749205 0.036671
vt 0.748792 0.035517
vt 0.788118 0.276519
vt 0.788401 0.277315
vt 0.772314 0.300490
vt 0.771367 0.300650
vt 0.487469 0.678659
vt 0.470472 0.702943
vt 0.468975 0.703105
vt 0.486958 0.677400
vt 0.995194 0.871626
vt 0.995950 0.872217
vt 0.995950 0.900995
vt 0.995194 0.901591
vt 0.638734 0.881733
vt 0.638737 0.851767
vt 0.640037 0.850674
vt 0.640037 0.882676
vt 0.788401 0.312785
vt 0.788283 0.313580
vt 0.487469 0.716038
vt 0.487381 0.717286
vt 0.945796 0.996483
vt 0.945122 0.995822
vt 0.945122 0.974668
vt 0.945796 0.974007
vt 0.600078 0.953404
vt 0.600049 0.931238
vt 0.601268 0.930329
vt 0.601268 0.954606
vt 0.996446 0.498728
vt 0.995728 0.498167
vt 0.995728 0.469555
vt 0.996446 0.468934
vt 0.634831 0.945409
vt 0.634826 0.915346
vt 0.635931 0.914410
vt 0.635931 0.946229
vt 0.468974 0.768435
vt 0.469977 0.768510
vt 0.485766 0.792458
vt 0.485415 0.793371
vt 0.569961 0.691890
vt 0.586478 0.716775
vt 0.585771 0.718321
vt 0.568129 0.691746
vt 0.158051 0.996788
vt 0.157378 0.996260
vt 0.157378 0.975951
vt 0.158051 0.975423
vt 0.281038 0.970928
vt 0.281038 0.992457
vt 0.280033 0.993365
vt 0.280033 0.970020
vt 0.485763 0.756356
vt 0.485766 0.757152
vt 0.586478 0.679927
vt 0.586238 0.678633
vt 0.632280 0.189151
vt 0.632746 0.188560
vt 0.660939 0.188561
vt 0.661638 0.189153
vt 0.473920 0.426650
vt 0.503543 0.426651
vt 0.504579 0.427649
vt 0.473227 0.427652
vt 0.996734 0.162010
vt 0.997389 0.162581
vt 0.997389 0.191325
vt 0.996734 0.191942
vt 0.037696 0.918487
vt 0.037700 0.888556
vt 0.038872 0.887419
vt 0.038872 0.919385
vt 0.661049 0.167509
vt 0.661753 0.167014
vt 0.503661 0.404213
vt 0.504705 0.403489
vt 0.164931 0.973499
vt 0.165604 0.974159
vt 0.165604 0.995314
vt 0.164931 0.995974
vt 0.543640 0.955989
vt 0.543640 0.934115
vt 0.544830 0.932914
vt 0.544830 0.957191
vt 0.997310 0.601761
vt 0.997947 0.602323
vt 0.997947 0.631013
vt 0.997310 0.631635
vt 0.879625 0.899635
vt 0.879620 0.869490
vt 0.880557 0.868565
vt 0.880557 0.900470
vt 0.410049 0.732558
vt 0.410989 0.732673
vt 0.427384 0.756183
vt 0.427120 0.757040
vt 0.221088 0.654644
vt 0.238126 0.679149
vt 0.237565 0.680594
vt 0.219367 0.654426
vt 0.659354 0.997117
vt 0.658681 0.996589
vt 0.658681 0.976280
vt 0.659354 0.975752
vt 0.279040 0.992588
vt 0.279027 0.970928
vt 0.280033 0.970020
vt 0.280033 0.993365
vt 0.427384 0.719847
vt 0.427292 0.720719
vt 0.237958 0.642310
vt 0.238126 0.640711
vt 0.335335 0.815414
vt 0.335974 0.816037
vt 0.335974 0.844724
vt 0.335335 0.845285
vt 0.432131 0.775262
vt 0.432135 0.745120
vt 0.433071 0.744286
vt 0.433071 0.776188
vt 0.733913 0.721714
vt 0.734179 0.722573
vt 0.717794 0.746090
vt 0.716851 0.746203
vt 0.703960 0.404769
vt 0.686731 0.429142
vt 0.685237 0.429514
vt 0.703639 0.403489
vt 0.661753 0.211290
vt 0.661049 0.210796
vt 0.660939 0.189744
vt 0.503661 0.449221
vt 0.504579 0.425785
vt 0.504705 0.449945
vt 0.168972 0.973499
vt 0.169645 0.974159
vt 0.169645 0.995314
vt 0.168972 0.995974
vt 0.542036 0.950735
vt 0.542036 0.928275
vt 0.543255 0.927367
vt 0.543255 0.951644
vt 0.632746 0.189743
vt 0.473227 0.425779
vt 0.239604 0.957117
vt 0.238947 0.956501
vt 0.238947 0.927755
vt 0.239604 0.927183
vt 0.333955 0.910234
vt 0.333951 0.880301
vt 0.335129 0.879385
vt 0.335129 0.911354
vt 0.664740 0.997117
vt 0.664067 0.996589
vt 0.664067 0.976280
vt 0.664740 0.975752
vt 0.144139 0.971009
vt 0.144139 0.992800
vt 0.143146 0.993577
vt 0.143146 0.970232
vt 0.734089 0.758039
vt 0.734179 0.758909
vt 0.703960 0.441955
vt 0.703876 0.443377
vt 0.428126 0.749636
vt 0.427407 0.749016
vt 0.427407 0.720408
vt 0.428126 0.719847
vt 0.799969 0.900733
vt 0.799974 0.870674
vt 0.801078 0.869854
vt 0.801078 0.901668
vt 0.128940 0.757196
vt 0.129293 0.758110
vt 0.113521 0.782069
vt 0.112517 0.782145
vt 0.719036 0.126034
vt 0.702694 0.151036
vt 0.700861 0.151190
vt 0.718316 0.124490
vt 0.092423 0.752786
vt 0.092540 0.753581
vt 0.076456 0.765874
vt 0.075509 0.765713
vt 0.505960 0.678648
vt 0.488966 0.691741
vt 0.487468 0.691579
vt 0.505873 0.677400
vt 0.948490 0.974007
vt 0.949163 0.974668
vt 0.949163 0.995822
vt 0.948490 0.996483
vt 0.816102 0.956613
vt 0.816102 0.934738
vt 0.817292 0.933537
vt 0.817292 0.957814
vt 0.092540 0.789050
vt 0.092257 0.789846
vt 0.505960 0.716027
vt 0.505450 0.717286
vt 0.994316 0.963508
vt 0.995074 0.964104
vt 0.995074 0.992883
vt 0.994316 0.993475
vt 0.449001 0.861893
vt 0.448998 0.831926
vt 0.450363 0.830989
vt 0.450363 0.862992
vt 0.655314 0.975752
vt 0.655988 0.976280
vt 0.655988 0.996589
vt 0.655314 0.997117
vt 0.284054 0.992457
vt 0.284054 0.970928
vt 0.285059 0.970020
vt 0.285059 0.993365
vt 0.129293 0.793407
vt 0.129288 0.794201
vt 0.719036 0.162703
vt 0.719034 0.164164
vt 0.239604 0.927183
vt 0.238831 0.926576
vt 0.238831 0.898061
vt 0.239604 0.897491
vt 0.750575 0.789772
vt 0.750581 0.759811
vt 0.751786 0.758979
vt 0.751786 0.790690
vt 0.015421 0.823985
vt 0.015851 0.824929
vt 0.001041 0.849531
vt 0.000000 0.849603
vt 0.017340 0.715548
vt 0.001697 0.741031
vt 0.000000 0.741297
vt 0.016707 0.714084
vt 0.844119 0.081050
vt 0.844329 0.081774
vt 0.829398 0.092969
vt 0.828419 0.092822
vt 0.736323 0.125627
vt 0.720478 0.137661
vt 0.719036 0.137444
vt 0.736090 0.124490
vt 0.944449 0.996482
vt 0.943775 0.995822
vt 0.943775 0.974668
vt 0.944449 0.974007
vt 0.428758 0.950308
vt 0.428758 0.927849
vt 0.429977 0.926940
vt 0.429977 0.951217
vt 0.844329 0.116962
vt 0.843966 0.117805
vt 0.736323 0.162773
vt 0.735801 0.164025
vt 0.234460 0.936633
vt 0.233631 0.936048
vt 0.233631 0.907263
vt 0.234460 0.906658
vt 0.355408 0.830211
vt 0.355406 0.800237
vt 0.356790 0.799278
vt 0.356790 0.831290
vt 0.660701 0.997117
vt 0.660027 0.996589
vt 0.660027 0.976280
vt 0.660701 0.975752
vt 0.287083 0.992588
vt 0.287070 0.970928
vt 0.288076 0.970020
vt 0.288076 0.993365
vt 0.015851 0.859581
vt 0.015748 0.860290
vt 0.017340 0.751846
vt 0.016923 0.752997
vt 0.992628 0.711899
vt 0.991831 0.711314
vt 0.991831 0.682896
vt 0.992628 0.682308
vt 0.566636 0.924305
vt 0.566642 0.894446
vt 0.567810 0.893573
vt 0.567810 0.925175
vt 0.145931 0.934671
vt 0.145052 0.934071
vt 0.145052 0.905323
vt 0.145931 0.904736
vt 0.146564 0.796048
vt 0.132549 0.822500
vt 0.130814 0.822817
vt 0.145782 0.794568
vt 0.926493 0.358920
vt 0.926791 0.359578
vt 0.913455 0.369061
vt 0.912468 0.368893
vt 0.803758 0.318690
vt 0.789540 0.328969
vt 0.788087 0.328722
vt 0.803307 0.317720
vt 0.941755 0.996482
vt 0.941082 0.995822
vt 0.941082 0.974668
vt 0.941755 0.974007
vt 0.615821 0.861547
vt 0.615792 0.839380
vt 0.617011 0.838472
vt 0.617011 0.862749
vt 0.926791 0.394060
vt 0.926355 0.394923
vt 0.803758 0.355124
vt 0.803130 0.356408
vt 0.768567 0.984006
vt 0.767696 0.983424
vt 0.767696 0.954652
vt 0.768567 0.954045
vt 0.406089 0.749861
vt 0.406088 0.719901
vt 0.407663 0.718937
vt 0.407663 0.750933
vt 0.387074 0.987639
vt 0.386401 0.987111
vt 0.386401 0.966802
vt 0.387074 0.966274
vt 0.140169 0.992800
vt 0.140169 0.971009
vt 0.141161 0.970232
vt 0.141161 0.993577
vt 0.385905 0.966159
vt 0.385905 0.987754
vt 0.146564 0.831063
vt 0.146201 0.832220
vt 0.923984 0.759670
vt 0.924419 0.760533
vt 0.911049 0.785506
vt 0.910063 0.785674
vt 0.803331 0.470278
vt 0.789198 0.496471
vt 0.787656 0.496660
vt 0.802610 0.468934
vt 0.255809 0.985809
vt 0.254938 0.985203
vt 0.254938 0.956428
vt 0.255809 0.955847
vt 0.036994 0.784029
vt 0.036995 0.754067
vt 0.038568 0.752994
vt 0.038568 0.784993
vt 0.924419 0.795041
vt 0.924121 0.795701
vt 0.803331 0.506622
vt 0.802963 0.507653
vt 0.948490 0.996483
vt 0.947816 0.995822
vt 0.947816 0.974668
vt 0.948490 0.974007
vt 0.581670 0.954941
vt 0.581670 0.933066
vt 0.582860 0.931865
vt 0.582860 0.956142
vt 0.409231 0.915793
vt 0.410029 0.916381
vt 0.410029 0.944806
vt 0.409231 0.945391
vt 0.426831 0.787792
vt 0.426825 0.757926
vt 0.428091 0.757040
vt 0.428091 0.788650
vt 0.410048 0.911354
vt 0.411100 0.911463
vt 0.424519 0.936884
vt 0.424021 0.937825
vt 0.489381 0.803305
vt 0.503276 0.829817
vt 0.502308 0.831399
vt 0.487468 0.803086
vt 0.655988 0.975752
vt 0.656661 0.976280
vt 0.656661 0.996589
vt 0.655988 0.997117
vt 0.284054 0.970928
vt 0.284054 0.992457
vt 0.283049 0.993365
vt 0.283049 0.970020
vt 0.424317 0.902639
vt 0.424519 0.903267
vt 0.503276 0.794873
vt 0.502920 0.793710
vt 0.714679 0.797069
vt 0.715040 0.797911
vt 0.700086 0.821881
vt 0.699107 0.822028
vt 0.729655 0.082302
vt 0.713726 0.107351
vt 0.712284 0.107565
vt 0.729137 0.081050
vt 0.990682 0.468862
vt 0.989853 0.468258
vt 0.989853 0.439473
vt 0.990682 0.438888
vt 0.018800 0.841046
vt 0.018802 0.811071
vt 0.020184 0.809992
vt 0.020184 0.842004
vt 0.715040 0.833113
vt 0.714833 0.833840
vt 0.729655 0.119531
vt 0.729335 0.120602
vt 0.164257 0.995974
vt 0.163584 0.995314
vt 0.163584 0.974160
vt 0.164257 0.973499
vt 0.427980 0.927858
vt 0.427980 0.950317
vt 0.426761 0.951226
vt 0.426761 0.926949
vt 0.993564 0.559999
vt 0.994337 0.560570
vt 0.994337 0.589091
vt 0.993564 0.589698
vt 0.273171 0.897769
vt 0.273165 0.867801
vt 0.274302 0.866898
vt 0.274302 0.898615
vt 0.839750 0.177736
vt 0.840791 0.177809
vt 0.855611 0.202400
vt 0.855182 0.203343
vt 0.736195 0.694852
vt 0.751849 0.720324
vt 0.751217 0.721787
vt 0.734499 0.694585
vt 0.665413 0.997117
vt 0.664740 0.996589
vt 0.664740 0.976280
vt 0.665413 0.975752
vt 0.542036 0.968742
vt 0.542036 0.990534
vt 0.541043 0.991311
vt 0.541043 0.967965
vt 0.855508 0.167014
vt 0.855611 0.167726
vt 0.751849 0.684002
vt 0.751434 0.682847
vt 0.787375 0.468934
vt 0.787656 0.469729
vt 0.771556 0.492885
vt 0.770609 0.493047
vt 0.563348 0.678579
vt 0.546373 0.702876
vt 0.544876 0.703035
vt 0.562946 0.677400
vt 0.995074 0.963508
vt 0.995830 0.964100
vt 0.995830 0.992877
vt 0.995074 0.993474
vt 0.634826 0.881503
vt 0.634829 0.851537
vt 0.636130 0.850444
vt 0.636130 0.882446
vt 0.787656 0.505199
vt 0.787540 0.505996
vt 0.563348 0.716038
vt 0.563259 0.717289
vt 0.946469 0.996483
vt 0.945796 0.995822
vt 0.945796 0.974668
vt 0.946469 0.974007
vt 0.273112 0.953401
vt 0.273083 0.931234
vt 0.274302 0.930326
vt 0.274302 0.954603
vt 0.996357 0.029794
vt 0.995639 0.029233
vt 0.995639 0.000620
vt 0.996357 0.000000
vt 0.631934 0.939902
vt 0.631929 0.909838
vt 0.633035 0.908903
vt 0.633035 0.940723
vt 0.568129 0.768773
vt 0.569133 0.768849
vt 0.584911 0.792799
vt 0.584559 0.793712
vt 0.588312 0.691889
vt 0.604819 0.716777
vt 0.604109 0.718323
vt 0.586478 0.691746
vt 0.660027 0.997117
vt 0.659354 0.996589
vt 0.659354 0.976280
vt 0.660027 0.975752
vt 0.106949 0.992334
vt 0.106962 0.970674
vt 0.107955 0.969897
vt 0.107955 0.993242
vt 0.584907 0.756695
vt 0.584911 0.757491
vt 0.604819 0.679927
vt 0.604576 0.678633
vt 0.640200 0.535333
vt 0.640665 0.534744
vt 0.668853 0.534767
vt 0.669552 0.535357
vt 0.505397 0.426638
vt 0.535014 0.426662
vt 0.536050 0.427658
vt 0.504705 0.427637
vt 0.997210 0.433419
vt 0.996554 0.432849
vt 0.996554 0.404105
vt 0.997210 0.403489
vt 0.408126 0.914896
vt 0.408130 0.884966
vt 0.409304 0.883829
vt 0.409304 0.915793
vt 0.668964 0.513706
vt 0.669669 0.513210
vt 0.535134 0.404215
vt 0.536178 0.403489
vt 0.165604 0.973499
vt 0.166278 0.974159
vt 0.166278 0.995314
vt 0.165604 0.995974
vt 0.799888 0.956558
vt 0.799888 0.934684
vt 0.801078 0.933482
vt 0.801078 0.957759
vt 0.560540 0.958528
vt 0.559903 0.957966
vt 0.559903 0.929276
vt 0.560540 0.928653
vt 0.432160 0.711546
vt 0.432131 0.681411
vt 0.433092 0.680475
vt 0.433092 0.712381
vt 0.640200 0.733870
vt 0.641142 0.733985
vt 0.657531 0.757494
vt 0.657266 0.758351
vt 0.676533 0.094984
vt 0.693564 0.119489
vt 0.693001 0.120933
vt 0.674809 0.094766
vt 0.156032 0.975423
vt 0.156705 0.975951
vt 0.156705 0.996260
vt 0.156032 0.996788
vt 0.108083 0.992334
vt 0.108083 0.970805
vt 0.109088 0.969897
vt 0.109088 0.993242
vt 0.657531 0.721158
vt 0.657441 0.722030
vt 0.693399 0.082650
vt 0.693564 0.081050
vt 0.997388 0.065386
vt 0.996751 0.064763
vt 0.996751 0.036078
vt 0.997388 0.035517
vt 0.636683 0.753554
vt 0.636683 0.723414
vt 0.637617 0.722580
vt 0.637622 0.754480
vt 0.764089 0.081050
vt 0.764355 0.081907
vt 0.747969 0.105418
vt 0.747027 0.105532
vt 0.638621 0.723451
vt 0.638621 0.753321
vt 0.669669 0.557486
vt 0.668964 0.556993
vt 0.668853 0.535950
vt 0.535134 0.449223
vt 0.536050 0.425794
vt 0.536178 0.449944
vt 0.169645 0.973499
vt 0.170318 0.974160
vt 0.170318 0.995314
vt 0.169645 0.995974
vt 0.372945 0.929927
vt 0.372945 0.952387
vt 0.371726 0.953295
vt 0.371726 0.929018
vt 0.640665 0.535926
vt 0.504705 0.425763
vt 0.039518 0.979112
vt 0.038861 0.978497
vt 0.038861 0.949750
vt 0.039518 0.949178
vt 0.235753 0.916709
vt 0.235749 0.886775
vt 0.236927 0.885860
vt 0.236927 0.917828
vt 0.666086 0.997117
vt 0.665413 0.996589
vt 0.665413 0.976280
vt 0.666086 0.975752
vt 0.136199 0.971009
vt 0.136199 0.992800
vt 0.135206 0.993577
vt 0.135206 0.970232
vt 0.764265 0.117371
vt 0.764355 0.118242
vt 0.522746 0.948025
vt 0.522746 0.969499
vt 0.521553 0.970282
vt 0.521553 0.947050
vt 0.409304 0.883829
vt 0.410023 0.884450
vt 0.410023 0.913055
vt 0.409304 0.913616
vt 0.182788 0.754035
vt 0.182794 0.723978
vt 0.183896 0.723159
vt 0.183896 0.754971
vt 0.426473 0.757040
vt 0.426825 0.757953
vt 0.411053 0.781907
vt 0.410049 0.781983
vt 0.407084 0.680796
vt 0.390741 0.705792
vt 0.388908 0.705947
vt 0.406364 0.679254
vt 0.789917 0.403489
vt 0.790037 0.404283
vt 0.773974 0.416567
vt 0.773026 0.416406
vt 0.717577 0.644209
vt 0.700606 0.657292
vt 0.699107 0.657130
vt 0.717486 0.642962
vt 0.951184 0.996483
vt 0.950510 0.995822
vt 0.950510 0.974668
vt 0.951184 0.974007
vt 0.582860 0.954941
vt 0.582860 0.933066
vt 0.584049 0.931865
vt 0.584049 0.956142
vt 0.790037 0.439751
vt 0.789752 0.440548
vt 0.717577 0.681587
vt 0.717064 0.682847
vt 0.994514 0.081050
vt 0.995271 0.081646
vt 0.995271 0.110424
vt 0.994514 0.111017
vt 0.428771 0.862525
vt 0.428768 0.832558
vt 0.430132 0.831620
vt 0.430132 0.863624
vt 0.156032 0.996788
vt 0.155359 0.996260
vt 0.155359 0.975951
vt 0.156032 0.975423
vt 0.105944 0.970805
vt 0.105944 0.992334
vt 0.104938 0.993242
vt 0.104938 0.969897
vt 0.426825 0.793258
vt 0.426821 0.794053
vt 0.407084 0.717473
vt 0.407082 0.718936
vt 0.356680 0.958709
vt 0.357453 0.959316
vt 0.357453 0.987829
vt 0.356680 0.988398
vt 0.523023 0.850148
vt 0.523028 0.820190
vt 0.524232 0.819359
vt 0.524232 0.851067
vt 0.859751 0.081050
vt 0.860181 0.081993
vt 0.845370 0.106589
vt 0.844329 0.106662
vt 0.616980 0.641299
vt 0.601478 0.666863
vt 0.599580 0.667003
vt 0.616137 0.639703
vt 0.848604 0.797391
vt 0.848816 0.798115
vt 0.833916 0.809289
vt 0.832936 0.809142
vt 0.741111 0.168149
vt 0.725299 0.180162
vt 0.723856 0.179945
vt 0.740875 0.167014
vt 0.172339 0.995974
vt 0.171665 0.995314
vt 0.171665 0.974160
vt 0.172339 0.973499
vt 0.296138 0.951818
vt 0.296167 0.929651
vt 0.297357 0.928450
vt 0.297357 0.952727
vt 0.848816 0.833297
vt 0.848451 0.834141
vt 0.741111 0.205289
vt 0.740586 0.206542
vt 0.989287 0.029974
vt 0.988457 0.029390
vt 0.988457 0.000605
vt 0.989287 0.000000
vt 0.563350 0.834518
vt 0.563348 0.804543
vt 0.564732 0.803585
vt 0.564732 0.835597
vt 0.153339 0.975423
vt 0.154012 0.975950
vt 0.154012 0.996259
vt 0.153339 0.996787
vt 0.286078 0.992588
vt 0.286065 0.970928
vt 0.287070 0.970020
vt 0.287070 0.993365
vt 0.860181 0.116661
vt 0.860078 0.117372
vt 0.616980 0.677477
vt 0.616570 0.678633
vt 0.110967 0.929084
vt 0.110194 0.928476
vt 0.110194 0.899963
vt 0.110967 0.899394
vt 0.256488 0.893379
vt 0.256493 0.863957
vt 0.257697 0.862858
vt 0.257697 0.894566
vt 0.968105 0.834632
vt 0.968625 0.835529
vt 0.956304 0.861462
vt 0.955275 0.861637
vt 0.897228 0.470332
vt 0.884238 0.497275
vt 0.882360 0.497580
vt 0.896462 0.468934
vt 0.581527 0.931865
vt 0.581670 0.932605
vt 0.569091 0.940308
vt 0.568129 0.940069
vt 0.879021 0.644352
vt 0.865554 0.652948
vt 0.864011 0.652378
vt 0.878761 0.642962
vt 0.999203 0.853273
vt 0.999877 0.853933
vt 0.999877 0.870687
vt 0.999203 0.871347
vt 0.680008 0.215636
vt 0.680008 0.233695
vt 0.678789 0.234604
vt 0.678789 0.214727
vt 0.581670 0.965608
vt 0.581228 0.966415
vt 0.879021 0.678807
vt 0.878519 0.680249
vt 0.335140 0.943173
vt 0.335970 0.943758
vt 0.335970 0.972543
vt 0.335140 0.973148
vt 0.428128 0.830542
vt 0.428126 0.800567
vt 0.429510 0.799609
vt 0.429510 0.831620
vt 0.427980 0.968190
vt 0.427307 0.967662
vt 0.427307 0.951754
vt 0.427980 0.951226
vt 0.520545 0.468116
vt 0.520532 0.450849
vt 0.521578 0.449945
vt 0.521578 0.468890
vt 0.968625 0.868172
vt 0.968593 0.868890
vt 0.897228 0.504586
vt 0.896921 0.505774
vt 0.335256 0.847382
vt 0.335975 0.848003
vt 0.335975 0.876609
vt 0.335256 0.877169
vt 0.783754 0.934453
vt 0.783759 0.904935
vt 0.784861 0.903846
vt 0.784861 0.935658
vt 0.159746 0.906912
vt 0.160190 0.907784
vt 0.146922 0.933212
vt 0.145931 0.933389
vt 0.767516 0.799263
vt 0.753637 0.825707
vt 0.751828 0.826037
vt 0.766651 0.797797
vt 0.204325 0.904915
vt 0.204364 0.905718
vt 0.190726 0.914112
vt 0.189798 0.913856
vt 0.091625 0.791331
vt 0.077120 0.800601
vt 0.075509 0.800079
vt 0.091518 0.789846
vt 0.976171 0.559989
vt 0.975498 0.559328
vt 0.975498 0.542574
vt 0.976171 0.541913
vt 0.985367 0.384777
vt 0.985367 0.402251
vt 0.984177 0.403452
vt 0.984177 0.383576
vt 0.204364 0.938800
vt 0.204001 0.939565
vt 0.091625 0.825834
vt 0.091135 0.827274
vt 0.994455 0.124490
vt 0.995213 0.125086
vt 0.995213 0.153865
vt 0.994455 0.154457
vt 0.426765 0.862525
vt 0.426762 0.832558
vt 0.428126 0.831620
vt 0.428126 0.863624
vt 0.978075 0.080346
vt 0.977402 0.079818
vt 0.977402 0.063909
vt 0.978075 0.063381
vt 0.514257 0.467985
vt 0.514257 0.450849
vt 0.515303 0.449945
vt 0.515303 0.468890
vt 0.160114 0.940807
vt 0.160189 0.941598
vt 0.767378 0.833662
vt 0.767516 0.835119
vt 0.582309 0.986012
vt 0.581671 0.985388
vt 0.581671 0.956703
vt 0.582309 0.956142
vt 0.636683 0.723777
vt 0.636683 0.753376
vt 0.635749 0.754480
vt 0.635744 0.722580
vt 0.933295 0.198800
vt 0.933648 0.199624
vt 0.919798 0.224713
vt 0.918873 0.224925
vt 0.634745 0.753610
vt 0.634745 0.723740
vt 0.702306 0.270835
vt 0.701601 0.270343
vt 0.701512 0.253677
vt 0.702212 0.253084
vt 0.061594 0.677409
vt 0.061498 0.659233
vt 0.062799 0.658365
vt 0.062904 0.678138
vt 0.972804 0.559988
vt 0.972130 0.559327
vt 0.972130 0.542574
vt 0.972804 0.541913
vt 0.677571 0.233695
vt 0.677571 0.215636
vt 0.678789 0.214727
vt 0.678789 0.234604
vt 0.673324 0.253654
vt 0.672860 0.253060
vt 0.032411 0.659209
vt 0.031454 0.658335
vt 0.631929 0.968811
vt 0.631272 0.968196
vt 0.631272 0.939449
vt 0.631929 0.938877
vt 0.110977 0.915914
vt 0.110976 0.885995
vt 0.112154 0.885080
vt 0.112154 0.917049
vt 0.983839 0.625666
vt 0.984512 0.626194
vt 0.984512 0.642102
vt 0.983839 0.642630
vt 0.525761 0.468116
vt 0.525761 0.450718
vt 0.526793 0.449945
vt 0.526793 0.468890
vt 0.933468 0.232697
vt 0.933648 0.233554
vt 0.482236 0.467822
vt 0.482235 0.451021
vt 0.483429 0.449945
vt 0.483429 0.468797
vt 0.673324 0.252471
vt 0.701512 0.252494
vt 0.062799 0.660229
vt 0.031454 0.660208
vt 0.997102 0.498865
vt 0.996446 0.498295
vt 0.996446 0.469551
vt 0.997102 0.468935
vt 0.522993 0.914334
vt 0.522999 0.884387
vt 0.524171 0.883266
vt 0.524171 0.915231
vt 0.701601 0.235815
vt 0.702306 0.235318
vt 0.061594 0.641175
vt 0.062904 0.640441
vt 0.971457 0.541913
vt 0.972131 0.542574
vt 0.972131 0.559327
vt 0.971457 0.559988
vt 0.981768 0.402543
vt 0.981797 0.384777
vt 0.982987 0.383576
vt 0.982987 0.403452
vt 0.997847 0.433364
vt 0.997210 0.432802
vt 0.997210 0.404112
vt 0.997847 0.403489
vt 0.634744 0.721475
vt 0.634744 0.691870
vt 0.635682 0.690674
vt 0.635677 0.722580
vt 0.504696 0.905883
vt 0.505621 0.906095
vt 0.519474 0.931183
vt 0.519122 0.932007
vt 0.636683 0.691832
vt 0.636683 0.721707
vt 0.975382 0.080346
vt 0.974709 0.079818
vt 0.974709 0.063909
vt 0.975382 0.063381
vt 0.522636 0.468116
vt 0.522623 0.450849
vt 0.523669 0.449945
vt 0.523669 0.468890
vt 0.519474 0.897253
vt 0.519294 0.898111
vt 0.484622 0.468016
vt 0.484622 0.450918
vt 0.485814 0.449945
vt 0.485814 0.468800
vt 0.253849 0.903103
vt 0.254209 0.903865
vt 0.240536 0.928533
vt 0.239610 0.928790
vt 0.819631 0.603198
vt 0.805090 0.628408
vt 0.803481 0.628932
vt 0.819147 0.601761
vt 0.995081 0.403489
vt 0.995837 0.404080
vt 0.995837 0.432857
vt 0.995081 0.433454
vt 0.563348 0.866662
vt 0.563351 0.836697
vt 0.564711 0.835596
vt 0.564711 0.867598
vt 0.254209 0.936944
vt 0.254174 0.937749
vt 0.819631 0.637698
vt 0.819530 0.639186
vt 0.973477 0.541913
vt 0.974151 0.542574
vt 0.974151 0.559328
vt 0.973477 0.559989
vt 0.985366 0.402251
vt 0.985366 0.384777
vt 0.986556 0.383576
vt 0.986556 0.403452
vt 0.996118 0.468683
vt 0.995400 0.468121
vt 0.995400 0.439508
vt 0.996118 0.438888
vt 0.633700 0.944850
vt 0.633694 0.915325
vt 0.634800 0.914120
vt 0.634800 0.945940
vt 0.219367 0.914873
vt 0.220357 0.915050
vt 0.233631 0.940474
vt 0.233188 0.941347
vt 0.718660 0.806488
vt 0.732545 0.832929
vt 0.731682 0.834394
vt 0.716851 0.806158
vt 0.972016 0.080346
vt 0.971343 0.079818
vt 0.971343 0.063909
vt 0.972016 0.063381
vt 0.519486 0.467985
vt 0.519486 0.450849
vt 0.520532 0.449945
vt 0.520532 0.468890
vt 0.233631 0.906658
vt 0.233554 0.907450
vt 0.732406 0.798527
vt 0.732545 0.797069
vt 0.370604 0.929018
vt 0.371043 0.929823
vt 0.358414 0.955096
vt 0.357453 0.955335
vt 0.867618 0.236759
vt 0.854029 0.262552
vt 0.852485 0.263117
vt 0.867125 0.235318
vt 0.990116 0.000000
vt 0.990945 0.000604
vt 0.990945 0.029390
vt 0.990116 0.029975
vt 0.237448 0.839467
vt 0.237450 0.809492
vt 0.238831 0.808413
vt 0.238831 0.840425
vt 0.371043 0.962836
vt 0.370905 0.963579
vt 0.867618 0.271286
vt 0.867268 0.272620
vt 0.980885 0.541913
vt 0.981559 0.542574
vt 0.981559 0.559327
vt 0.980885 0.559988
vt 0.680008 0.233695
vt 0.680008 0.215636
vt 0.681227 0.214727
vt 0.681227 0.234604
vt 0.993550 0.403489
vt 0.994322 0.404059
vt 0.994322 0.432580
vt 0.993550 0.433188
vt 0.127847 0.927307
vt 0.127841 0.897877
vt 0.128978 0.896705
vt 0.128978 0.928423
vt 0.955047 0.324981
vt 0.956076 0.325156
vt 0.968405 0.351086
vt 0.967886 0.351982
vt 0.883824 0.133118
vt 0.897036 0.159938
vt 0.896272 0.161335
vt 0.882160 0.132694
vt 0.984271 0.276208
vt 0.983598 0.275680
vt 0.983598 0.259772
vt 0.984271 0.259244
vt 0.530925 0.468116
vt 0.530925 0.450718
vt 0.531958 0.449945
vt 0.531958 0.468890
vt 0.968374 0.317720
vt 0.968405 0.318438
vt 0.897036 0.125679
vt 0.896731 0.124490
vt 0.218747 0.719092
vt 0.219253 0.719916
vt 0.208060 0.745937
vt 0.207091 0.746189
vt 0.939881 0.798921
vt 0.927952 0.825606
vt 0.926320 0.826152
vt 0.939171 0.797391
vt 0.985423 0.498897
vt 0.984552 0.498290
vt 0.984552 0.469516
vt 0.985423 0.468935
vt 0.333951 0.782452
vt 0.333951 0.752490
vt 0.335524 0.751417
vt 0.335524 0.783416
vt 0.219253 0.752559
vt 0.219013 0.753242
vt 0.939881 0.832893
vt 0.939487 0.834195
vt 0.294265 0.999575
vt 0.293591 0.998914
vt 0.293591 0.982161
vt 0.294265 0.981500
vt 0.983005 0.079183
vt 0.983005 0.061709
vt 0.984195 0.060508
vt 0.984195 0.080384
vt 0.351813 0.830867
vt 0.352610 0.831455
vt 0.352610 0.859880
vt 0.351813 0.860466
vt 0.521646 0.882141
vt 0.521640 0.852810
vt 0.522906 0.851657
vt 0.522906 0.883266
vt 0.655314 0.948120
vt 0.656352 0.948324
vt 0.667403 0.974860
vt 0.666822 0.975752
vt 0.953371 0.389804
vt 0.953371 0.359872
vt 0.954962 0.358920
vt 0.954962 0.390886
vt 0.973362 0.080346
vt 0.972689 0.079818
vt 0.972689 0.063909
vt 0.973362 0.063381
vt 0.517394 0.450849
vt 0.517394 0.467985
vt 0.516349 0.468890
vt 0.516349 0.449945
vt 0.667259 0.942243
vt 0.667403 0.942887
vt 0.940549 0.390609
vt 0.940324 0.391804
vt 0.991742 0.000000
vt 0.992540 0.000585
vt 0.992540 0.029003
vt 0.991742 0.029592
vt 0.354058 0.925473
vt 0.354064 0.896149
vt 0.355231 0.895008
vt 0.355231 0.926611
vt 0.316665 0.911208
vt 0.315785 0.910608
vt 0.315785 0.881860
vt 0.316665 0.881273
vt 0.110770 0.852530
vt 0.110769 0.822595
vt 0.112154 0.821502
vt 0.112154 0.853472
vt 0.829355 0.941762
vt 0.829597 0.942443
vt 0.818434 0.949028
vt 0.817466 0.948776
vt 0.939772 0.515716
vt 0.927719 0.523097
vt 0.926181 0.522497
vt 0.939293 0.514467
vt 0.878880 0.981502
vt 0.879554 0.982163
vt 0.879554 0.998916
vt 0.878880 0.999577
vt 0.666602 0.233695
vt 0.666602 0.215636
vt 0.667821 0.214727
vt 0.667821 0.234604
vt 0.829597 0.975070
vt 0.829089 0.975894
vt 0.939772 0.549719
vt 0.939063 0.551251
vt 0.482550 0.953324
vt 0.483421 0.953906
vt 0.483421 0.982678
vt 0.482550 0.983285
vt 0.636320 0.817396
vt 0.636319 0.787435
vt 0.637729 0.786479
vt 0.637729 0.818475
vt 0.501089 0.450060
vt 0.501762 0.450588
vt 0.501762 0.466496
vt 0.501089 0.467024
vt 0.475183 0.467985
vt 0.475196 0.450718
vt 0.476228 0.449945
vt 0.476228 0.468890
vt 0.502258 0.467139
vt 0.502258 0.449945
vt 0.477139 0.450828
vt 0.477139 0.468006
vt 0.238831 0.808413
vt 0.239604 0.809021
vt 0.239604 0.837536
vt 0.238831 0.838106
vt 0.806812 0.234106
vt 0.806745 0.204667
vt 0.807950 0.203567
vt 0.807950 0.235278
vt 0.968714 0.276519
vt 0.969235 0.277416
vt 0.956916 0.303355
vt 0.955887 0.303529
vt 0.601600 0.896170
vt 0.601599 0.866269
vt 0.603150 0.865165
vt 0.603150 0.897098
vt 0.965816 0.035517
vt 0.965956 0.036258
vt 0.953349 0.043972
vt 0.952388 0.043733
vt 0.875219 0.082441
vt 0.861724 0.091050
vt 0.860181 0.090480
vt 0.874963 0.081050
vt 0.976845 0.541913
vt 0.977518 0.542574
vt 0.977518 0.559327
vt 0.976845 0.559988
vt 0.664165 0.233695
vt 0.664193 0.215929
vt 0.665383 0.214727
vt 0.665383 0.234604
vt 0.965956 0.069263
vt 0.965515 0.070069
vt 0.875219 0.116899
vt 0.874720 0.118341
vt 0.090894 0.926175
vt 0.090064 0.925591
vt 0.090064 0.896805
vt 0.090894 0.896201
vt 0.354024 0.830210
vt 0.354022 0.800236
vt 0.355406 0.799278
vt 0.355406 0.831289
vt 0.978749 0.080346
vt 0.978075 0.079818
vt 0.978075 0.063909
vt 0.978749 0.063381
vt 0.987830 0.123447
vt 0.987830 0.106049
vt 0.988863 0.105275
vt 0.988863 0.124220
vt 0.969235 0.310048
vt 0.969202 0.310764
vt 0.586726 0.865458
vt 0.586478 0.864259
vt 0.237047 0.536237
vt 0.236327 0.535616
vt 0.236327 0.507008
vt 0.237047 0.506447
vt 0.799969 0.932278
vt 0.799974 0.902758
vt 0.801078 0.901668
vt 0.801078 0.933482
vt 0.909605 0.907068
vt 0.910049 0.907941
vt 0.896783 0.933374
vt 0.895792 0.933551
vt 0.836393 0.236786
vt 0.822516 0.263236
vt 0.820706 0.263564
vt 0.835528 0.235318
vt 0.350534 0.904430
vt 0.350571 0.905233
vt 0.336913 0.913631
vt 0.335987 0.913375
vt 0.821121 0.278005
vt 0.806596 0.287280
vt 0.804986 0.286757
vt 0.821018 0.276519
vt 0.501912 0.981455
vt 0.502585 0.982116
vt 0.502585 0.998870
vt 0.501912 0.999530
vt 0.986575 0.061709
vt 0.986575 0.079183
vt 0.985385 0.080384
vt 0.985385 0.060508
vt 0.350571 0.938315
vt 0.350209 0.939078
vt 0.821121 0.312507
vt 0.820634 0.313946
vt 0.995092 0.864599
vt 0.994334 0.864003
vt 0.994334 0.835225
vt 0.995092 0.834632
vt 0.566639 0.860867
vt 0.566636 0.830900
vt 0.568001 0.829963
vt 0.568001 0.861966
vt 0.972016 0.063381
vt 0.972689 0.063909
vt 0.972689 0.079818
vt 0.972016 0.080346
vt 0.518440 0.467985
vt 0.518440 0.450849
vt 0.519486 0.449945
vt 0.519486 0.468890
vt 0.909973 0.940959
vt 0.910049 0.941749
vt 0.836255 0.271180
vt 0.836393 0.272635
vt 0.332433 0.862206
vt 0.331794 0.861582
vt 0.331794 0.832896
vt 0.332433 0.832334
vt 0.297502 0.831456
vt 0.297507 0.801855
vt 0.298442 0.800750
vt 0.298442 0.832652
vt 0.126938 0.900314
vt 0.127291 0.901140
vt 0.113442 0.926235
vt 0.112517 0.926446
vt 0.819257 0.125733
vt 0.804538 0.151698
vt 0.803088 0.152217
vt 0.818811 0.124490
vt 0.702303 0.353237
vt 0.701598 0.352743
vt 0.701512 0.336070
vt 0.702211 0.335479
vt 0.387599 0.676338
vt 0.387504 0.658156
vt 0.388805 0.657290
vt 0.388908 0.677070
vt 0.980885 0.559988
vt 0.980212 0.559327
vt 0.980212 0.542574
vt 0.980885 0.541913
vt 0.677571 0.215636
vt 0.677571 0.233695
vt 0.676352 0.234604
vt 0.676352 0.214727
vt 0.673318 0.336069
vt 0.672853 0.335477
vt 0.358412 0.658154
vt 0.357453 0.657283
vt 0.879988 0.903777
vt 0.880645 0.904393
vt 0.880645 0.933139
vt 0.879988 0.933711
vt 0.406255 0.909750
vt 0.406251 0.879816
vt 0.407430 0.878901
vt 0.407430 0.910869
vt 0.983839 0.642630
vt 0.983165 0.642102
vt 0.983165 0.626194
vt 0.983839 0.625666
vt 0.530925 0.450718
vt 0.530925 0.468116
vt 0.529892 0.468890
vt 0.529892 0.449945
vt 0.127112 0.934215
vt 0.127291 0.935071
vt 0.819200 0.160484
vt 0.819257 0.161907
vt 0.673318 0.334886
vt 0.701512 0.334887
vt 0.388805 0.659153
vt 0.357453 0.659157
vt 0.996685 0.124490
vt 0.997340 0.125061
vt 0.997340 0.153805
vt 0.996685 0.154422
vt 0.733035 0.917604
vt 0.733039 0.887673
vt 0.734212 0.886536
vt 0.734212 0.918501
vt 0.701598 0.318214
vt 0.702303 0.317720
vt 0.387599 0.640104
vt 0.388908 0.639372
vt 0.970783 0.559988
vt 0.970110 0.559328
vt 0.970110 0.542574
vt 0.970783 0.541913
vt 0.675133 0.233695
vt 0.675162 0.215929
vt 0.676352 0.214727
vt 0.676352 0.234604
vt 0.997203 0.963508
vt 0.997840 0.964070
vt 0.997840 0.992760
vt 0.997203 0.993383
vt 0.432160 0.743181
vt 0.432131 0.713587
vt 0.433092 0.712381
vt 0.433092 0.744286
vt 0.568129 0.905739
vt 0.569053 0.905951
vt 0.582911 0.931040
vt 0.582559 0.931865
vt 0.803948 0.570068
vt 0.818429 0.596173
vt 0.817987 0.597413
vt 0.802253 0.569693
vt 0.970669 0.063381
vt 0.971343 0.063909
vt 0.971343 0.079818
vt 0.970669 0.080346
vt 0.515303 0.467985
vt 0.515303 0.450849
vt 0.516349 0.449945
vt 0.516349 0.468890
vt 0.582911 0.897110
vt 0.582729 0.897967
vt 0.818116 0.561577
vt 0.818429 0.560000
vt 0.938643 0.759670
vt 0.939004 0.760433
vt 0.925345 0.785116
vt 0.924419 0.785372
vt 0.074245 0.791222
vt 0.059748 0.816471
vt 0.058136 0.816990
vt 0.073873 0.789851
vt 0.996088 0.306485
vt 0.995332 0.305893
vt 0.995332 0.277116
vt 0.996088 0.276519
vt 0.294566 0.871040
vt 0.294627 0.841067
vt 0.295927 0.839974
vt 0.295927 0.871976
vt 0.939005 0.793515
vt 0.938968 0.794318
vt 0.074245 0.825794
vt 0.074138 0.827279
vt 0.974151 0.541913
vt 0.974824 0.542574
vt 0.974824 0.559328
vt 0.974151 0.559989
vt 0.984195 0.079183
vt 0.984195 0.061709
vt 0.985385 0.060508
vt 0.985385 0.080384
vt 0.996432 0.712102
vt 0.995714 0.711541
vt 0.995714 0.682929
vt 0.996432 0.682308
vt 0.561981 0.946624
vt 0.561975 0.917100
vt 0.563081 0.915895
vt 0.563081 0.947714
vt 0.926808 0.008214
vt 0.927798 0.008391
vt 0.941081 0.033814
vt 0.940639 0.034687
vt 0.802886 0.805683
vt 0.816864 0.832079
vt 0.816007 0.833548
vt 0.801078 0.805359
vt 0.982492 0.625666
vt 0.983165 0.626194
vt 0.983165 0.642103
vt 0.982492 0.642631
vt 0.523669 0.467985
vt 0.523682 0.450718
vt 0.524715 0.449945
vt 0.524715 0.468890
vt 0.941081 0.000000
vt 0.941003 0.000792
vt 0.816864 0.797533
vt 0.816753 0.796222
vt 0.599609 0.930329
vt 0.600049 0.931135
vt 0.587439 0.956425
vt 0.586478 0.956663
vt 0.331794 0.833777
vt 0.318226 0.859588
vt 0.316682 0.860154
vt 0.331299 0.832334
vt 0.991350 0.111024
vt 0.990522 0.110420
vt 0.990522 0.081635
vt 0.991350 0.081050
vt 0.408008 0.851262
vt 0.408010 0.821288
vt 0.409391 0.820209
vt 0.409391 0.852220
vt 0.600049 0.964141
vt 0.599909 0.964882
vt 0.331794 0.868296
vt 0.331442 0.869627
vt 0.998314 0.759423
vt 0.997640 0.758763
vt 0.997640 0.742009
vt 0.998314 0.741349
vt 0.979400 0.079475
vt 0.979400 0.061417
vt 0.980619 0.060508
vt 0.980619 0.080384
vt 0.993683 0.124490
vt 0.994455 0.125061
vt 0.994455 0.153581
vt 0.993683 0.154189
vt 0.519480 0.927854
vt 0.519474 0.898425
vt 0.520611 0.897253
vt 0.520611 0.928970
vt 0.954962 0.366181
vt 0.955991 0.366355
vt 0.968333 0.392282
vt 0.967815 0.393178
vt 0.883250 0.367547
vt 0.896476 0.394363
vt 0.895713 0.395761
vt 0.881587 0.367123
vt 0.984693 0.317375
vt 0.984019 0.316847
vt 0.984019 0.300939
vt 0.984693 0.300411
vt 0.534024 0.450718
vt 0.534024 0.468116
vt 0.532991 0.468890
vt 0.532991 0.449945
vt 0.968303 0.358920
vt 0.968333 0.359638
vt 0.896476 0.360108
vt 0.896173 0.358920
vt 0.907420 0.941749
vt 0.907927 0.942573
vt 0.896761 0.968613
vt 0.895792 0.968865
vt 0.940324 0.360451
vt 0.928422 0.387155
vt 0.926791 0.387702
vt 0.939612 0.358920
vt 0.616410 0.986090
vt 0.615539 0.985483
vt 0.615539 0.956709
vt 0.616410 0.956128
vt 0.485766 0.787390
vt 0.485767 0.757428
vt 0.487339 0.756356
vt 0.487339 0.788354
vt 0.907927 0.975202
vt 0.907686 0.975883
vt 0.940324 0.394406
vt 0.939927 0.395706
vt 0.783671 0.981403
vt 0.784345 0.982064
vt 0.784345 0.998818
vt 0.783671 0.999478
vt 0.987765 0.061709
vt 0.987765 0.079183
vt 0.986575 0.080384
vt 0.986575 0.060508
vt 0.815275 0.941331
vt 0.816073 0.941919
vt 0.816073 0.970342
vt 0.815275 0.970928
vt 0.235755 0.884734
vt 0.235749 0.855405
vt 0.237014 0.854251
vt 0.237014 0.885860
vt 0.373824 0.925709
vt 0.372945 0.925122
vt 0.372945 0.896374
vt 0.373824 0.895774
vt 0.952071 0.790556
vt 0.952071 0.760622
vt 0.953662 0.759670
vt 0.953662 0.791638
vt 0.504597 0.467024
vt 0.503924 0.466496
vt 0.503924 0.450588
vt 0.504597 0.450060
vt 0.509028 0.467985
vt 0.509028 0.450849
vt 0.510074 0.449945
vt 0.510074 0.468890
vt 0.503428 0.449945
vt 0.503428 0.467140
vt 0.939232 0.791344
vt 0.939005 0.792538
vt 0.991832 0.498533
vt 0.991035 0.497947
vt 0.991035 0.469523
vt 0.991832 0.468934
vt 0.448998 0.925179
vt 0.449004 0.895849
vt 0.450171 0.894708
vt 0.450171 0.926317
vt 0.427235 0.794053
vt 0.428114 0.794653
vt 0.428114 0.823400
vt 0.427235 0.823987
vt 0.634745 0.849502
vt 0.634745 0.819568
vt 0.636130 0.818476
vt 0.636130 0.850444
vt 0.975957 0.081050
vt 0.976199 0.081730
vt 0.965042 0.088315
vt 0.964073 0.088063
vt 0.939815 0.722762
vt 0.927862 0.730086
vt 0.926230 0.729542
vt 0.939336 0.721513
vt 0.879554 0.981502
vt 0.880227 0.982163
vt 0.880227 0.998916
vt 0.879554 0.999577
vt 0.675133 0.215636
vt 0.675133 0.233695
vt 0.673914 0.234604
vt 0.673914 0.214727
vt 0.976199 0.114358
vt 0.975691 0.115182
vt 0.939815 0.756766
vt 0.939106 0.758298
vt 0.159737 0.941598
vt 0.160609 0.942180
vt 0.160609 0.970954
vt 0.159737 0.971560
vt 0.333951 0.814334
vt 0.333951 0.784372
vt 0.335361 0.783416
vt 0.335361 0.815414
vt 0.505767 0.467024
vt 0.505094 0.466496
vt 0.505094 0.450588
vt 0.505767 0.450060
vt 0.473227 0.467985
vt 0.473239 0.450718
vt 0.474272 0.449945
vt 0.474272 0.468890
vt 0.504597 0.449945
vt 0.504597 0.467139
vt 0.475183 0.450828
vt 0.475183 0.468006
vt 0.994197 0.789369
vt 0.993425 0.788761
vt 0.993425 0.760240
vt 0.994197 0.759670
vt 0.585341 0.748867
vt 0.585347 0.719437
vt 0.586478 0.718321
vt 0.586478 0.750039
vt 0.968983 0.235318
vt 0.969504 0.236215
vt 0.957198 0.262158
vt 0.956169 0.262333
vt 0.466007 0.896508
vt 0.466005 0.866609
vt 0.467557 0.865506
vt 0.467557 0.897437
vt 0.615368 0.931851
vt 0.615509 0.932592
vt 0.602907 0.940306
vt 0.601945 0.940067
vt 0.684756 0.833671
vt 0.671196 0.842376
vt 0.669652 0.841810
vt 0.684403 0.832341
vt 0.978191 0.541913
vt 0.978865 0.542574
vt 0.978865 0.559327
vt 0.978191 0.559988
vt 0.682446 0.233695
vt 0.682474 0.215929
vt 0.683664 0.214727
vt 0.683664 0.234604
vt 0.615509 0.965597
vt 0.615068 0.966403
vt 0.684756 0.868190
vt 0.684260 0.869632
vt 0.426762 0.861595
vt 0.425931 0.861010
vt 0.425931 0.832224
vt 0.426762 0.831620
vt 0.332420 0.825621
vt 0.332419 0.795646
vt 0.333803 0.794688
vt 0.333803 0.826700
vt 0.982251 0.259244
vt 0.982924 0.259772
vt 0.982924 0.275680
vt 0.982251 0.276208
vt 0.527826 0.450718
vt 0.527826 0.468116
vt 0.526794 0.468890
vt 0.526794 0.449945
vt 0.969504 0.268847
vt 0.969470 0.269562
vt 0.451147 0.865790
vt 0.450902 0.864590
vt 0.111025 0.968719
vt 0.110307 0.968098
vt 0.110307 0.939485
vt 0.111025 0.938924
vt 0.831714 0.937696
vt 0.831719 0.908171
vt 0.832820 0.907081
vt 0.832820 0.938901
vt 0.831269 0.907081
vt 0.831714 0.907955
vt 0.818458 0.933390
vt 0.817466 0.933567
vt 0.839750 0.168482
vt 0.825884 0.194935
vt 0.824073 0.195264
vt 0.838883 0.167014
vt 0.290555 0.904437
vt 0.290592 0.905240
vt 0.276938 0.913638
vt 0.276011 0.913382
vt 0.822751 0.404974
vt 0.808229 0.414250
vt 0.806619 0.413726
vt 0.822647 0.403489
vt 0.973477 0.559989
vt 0.972804 0.559328
vt 0.972804 0.542574
vt 0.973477 0.541913
vt 0.538657 0.987665
vt 0.538657 0.970192
vt 0.539847 0.968991
vt 0.539847 0.988867
vt 0.290592 0.938322
vt 0.290230 0.939085
vt 0.822751 0.439477
vt 0.822264 0.440916
vt 0.994270 0.198799
vt 0.995028 0.199396
vt 0.995028 0.228173
vt 0.994270 0.228765
vt 0.274235 0.857596
vt 0.274231 0.827631
vt 0.275598 0.826694
vt 0.275598 0.858696
vt 0.976729 0.063381
vt 0.977402 0.063909
vt 0.977402 0.079818
vt 0.976729 0.080346
vt 0.513211 0.450849
vt 0.513211 0.467985
vt 0.512166 0.468890
vt 0.512166 0.449945
vt 0.831640 0.940972
vt 0.831714 0.941762
vt 0.839615 0.202876
vt 0.839750 0.204330
vt 0.997683 0.934751
vt 0.997046 0.934128
vt 0.997046 0.905437
vt 0.997683 0.904875
vt 0.637649 0.881154
vt 0.637654 0.851549
vt 0.638587 0.850444
vt 0.638587 0.882349
vt 0.936130 0.081050
vt 0.936485 0.081876
vt 0.922640 0.106970
vt 0.921714 0.107181
vt 0.819497 0.470177
vt 0.804783 0.496142
vt 0.803332 0.496662
vt 0.819048 0.468934
vt 0.702306 0.312036
vt 0.701601 0.311542
vt 0.701514 0.294871
vt 0.702213 0.294279
vt 0.030144 0.677407
vt 0.030049 0.659225
vt 0.031350 0.658359
vt 0.031454 0.678138
vt 0.978865 0.541913
vt 0.979538 0.542574
vt 0.979538 0.559327
vt 0.978865 0.559988
vt 0.673914 0.215636
vt 0.673914 0.233695
vt 0.672696 0.234604
vt 0.672696 0.214727
vt 0.673322 0.294866
vt 0.672857 0.294275
vt 0.000958 0.659221
vt 0.000000 0.658349
vt 0.749600 0.872369
vt 0.750258 0.872985
vt 0.750258 0.901729
vt 0.749600 0.902300
vt 0.563352 0.898443
vt 0.563348 0.868512
vt 0.564528 0.867598
vt 0.564528 0.899564
vt 0.982924 0.259244
vt 0.983598 0.259772
vt 0.983598 0.275680
vt 0.982924 0.276208
vt 0.585080 0.897884
vt 0.585080 0.915282
vt 0.584048 0.916055
vt 0.584048 0.897110
vt 0.936306 0.114951
vt 0.936485 0.115807
vt 0.819441 0.504928
vt 0.819497 0.506351
vt 0.673322 0.293683
vt 0.701514 0.293688
vt 0.031350 0.660223
vt 0.000000 0.660223
vt 0.996094 0.035517
vt 0.996751 0.036089
vt 0.996751 0.064835
vt 0.996094 0.065451
vt 0.350460 0.897977
vt 0.350464 0.868044
vt 0.351640 0.866909
vt 0.351640 0.898877
vt 0.701601 0.277014
vt 0.702306 0.276519
vt 0.030144 0.641173
vt 0.031454 0.640441
vt 0.292918 0.981500
vt 0.293591 0.982161
vt 0.293591 0.998914
vt 0.292918 0.999575
vt 0.988936 0.384777
vt 0.988936 0.402251
vt 0.987746 0.403452
vt 0.987746 0.383576
vt 0.997382 0.081050
vt 0.998018 0.081611
vt 0.998017 0.110297
vt 0.997382 0.110921
vt 0.351682 0.935228
vt 0.351678 0.905627
vt 0.352613 0.904430
vt 0.352613 0.936332
vt 0.601945 0.905730
vt 0.602869 0.905942
vt 0.616729 0.931027
vt 0.616378 0.931851
vt 0.789069 0.524440
vt 0.803622 0.550494
vt 0.802923 0.551875
vt 0.787378 0.524052
vt 0.976056 0.080346
vt 0.975382 0.079818
vt 0.975382 0.063909
vt 0.976056 0.063381
vt 0.521590 0.468116
vt 0.521578 0.450849
vt 0.522623 0.449945
vt 0.522623 0.468890
vt 0.616729 0.897098
vt 0.616546 0.897956
vt 0.803297 0.516044
vt 0.803622 0.514467
vt 0.108576 0.904276
vt 0.108938 0.905039
vt 0.095277 0.929719
vt 0.094351 0.929975
vt 0.820706 0.236757
vt 0.806178 0.261980
vt 0.804568 0.262504
vt 0.820220 0.235318
vt 0.995624 0.672929
vt 0.994866 0.672336
vt 0.994866 0.643558
vt 0.995624 0.642962
vt 0.333951 0.878441
vt 0.333954 0.848474
vt 0.335256 0.847382
vt 0.335256 0.879385
vt 0.108938 0.938120
vt 0.108902 0.938924
vt 0.820706 0.271259
vt 0.820603 0.272745
vt 0.999043 0.834421
vt 0.998369 0.833760
vt 0.998369 0.817007
vt 0.999043 0.816346
vt 0.684883 0.215636
vt 0.684883 0.233695
vt 0.683664 0.234604
vt 0.683664 0.214727
vt 0.996503 0.228589
vt 0.995786 0.228029
vt 0.995786 0.199421
vt 0.996503 0.198800
vt 0.235754 0.948554
vt 0.235749 0.919034
vt 0.236853 0.917828
vt 0.236853 0.949642
vt 0.832937 0.914496
vt 0.833926 0.914673
vt 0.847213 0.940091
vt 0.846773 0.940963
vt 0.220942 0.806023
vt 0.235103 0.832318
vt 0.234493 0.833654
vt 0.219367 0.805573
vt 0.973362 0.063381
vt 0.974036 0.063909
vt 0.974036 0.079818
vt 0.973362 0.080346
vt 0.525761 0.450849
vt 0.525761 0.467985
vt 0.524715 0.468890
vt 0.524715 0.449945
vt 0.847213 0.906272
vt 0.847135 0.907065
vt 0.235103 0.797632
vt 0.234984 0.796319
vt 0.963633 0.081050
vt 0.964073 0.081856
vt 0.951462 0.107142
vt 0.950501 0.107381
vt 0.655314 0.833747
vt 0.641744 0.859555
vt 0.640200 0.860121
vt 0.654819 0.832305
vt 0.989321 0.934850
vt 0.988491 0.934245
vt 0.988491 0.905460
vt 0.989321 0.904876
vt 0.485971 0.748338
vt 0.485973 0.718364
vt 0.487468 0.717286
vt 0.487468 0.749297
vt 0.964073 0.114863
vt 0.963933 0.115604
vt 0.655314 0.868268
vt 0.654963 0.869599
vt 0.970783 0.541913
vt 0.971457 0.542574
vt 0.971457 0.559327
vt 0.970783 0.559988
vt 0.671477 0.233695
vt 0.671506 0.215929
vt 0.672696 0.214727
vt 0.672696 0.234604
vt 0.504696 0.785343
vt 0.503924 0.784773
vt 0.503924 0.756258
vt 0.504696 0.755650
vt 0.425389 0.929988
vt 0.425383 0.900565
vt 0.426519 0.899392
vt 0.426519 0.931103
vt 0.603351 0.870107
vt 0.604380 0.870281
vt 0.616729 0.896202
vt 0.616211 0.897098
vt 0.096010 0.875983
vt 0.109058 0.902884
vt 0.108286 0.904276
vt 0.094351 0.875548
vt 0.983346 0.300411
vt 0.984019 0.300939
vt 0.984019 0.316847
vt 0.983346 0.317375
vt 0.527826 0.468116
vt 0.527826 0.450718
vt 0.528859 0.449945
vt 0.528859 0.468890
vt 0.616699 0.862830
vt 0.616729 0.863549
vt 0.109058 0.868754
vt 0.109001 0.867428
vt 0.860446 0.941638
vt 0.860954 0.942462
vt 0.849784 0.968499
vt 0.848816 0.968751
vt 0.940123 0.126021
vt 0.928219 0.152722
vt 0.926588 0.153269
vt 0.939411 0.124490
vt 0.056310 0.980235
vt 0.055439 0.979629
vt 0.055439 0.950856
vt 0.056310 0.950275
vt 0.179640 0.754191
vt 0.179641 0.724231
vt 0.181214 0.723159
vt 0.181214 0.755155
vt 0.860954 0.975093
vt 0.860712 0.975774
vt 0.940123 0.159979
vt 0.939727 0.161279
vt 0.351940 0.981365
vt 0.352613 0.982026
vt 0.352613 0.998779
vt 0.351940 0.999440
vt 0.987746 0.384777
vt 0.987746 0.402251
vt 0.986556 0.403452
vt 0.986556 0.383576
vt 0.993732 0.191601
vt 0.992935 0.191013
vt 0.992935 0.162597
vt 0.993732 0.162011
vt 0.332443 0.889179
vt 0.332437 0.859856
vt 0.333702 0.858702
vt 0.333702 0.890303
vt 0.376710 0.835127
vt 0.377747 0.835331
vt 0.388826 0.861856
vt 0.388246 0.862748
vt 0.939306 0.902510
vt 0.939306 0.872577
vt 0.940897 0.871626
vt 0.940897 0.903592
vt 0.969996 0.063381
vt 0.970669 0.063909
vt 0.970669 0.079818
vt 0.969996 0.080346
vt 0.510074 0.467985
vt 0.510074 0.450849
vt 0.511120 0.449945
vt 0.511120 0.468890
vt 0.388684 0.829230
vt 0.388826 0.829875
vt 0.926449 0.903308
vt 0.926219 0.904503
vt 0.992700 0.228396
vt 0.991903 0.227810
vt 0.991903 0.199388
vt 0.992700 0.198799
vt 0.426761 0.925811
vt 0.426767 0.896482
vt 0.427935 0.895341
vt 0.427935 0.926949
vt 0.313564 0.936032
vt 0.314443 0.936632
vt 0.314443 0.965377
vt 0.313564 0.965964
vt 0.952859 0.674908
vt 0.952859 0.644976
vt 0.954243 0.643883
vt 0.954243 0.675849
vt 0.669394 0.721158
vt 0.669638 0.721840
vt 0.658500 0.728429
vt 0.657531 0.728176
vt 0.939936 0.470184
vt 0.927909 0.477568
vt 0.926371 0.476968
vt 0.939455 0.468934
vt 0.999716 0.834190
vt 0.999042 0.833530
vt 0.999042 0.816776
vt 0.999716 0.816116
vt 0.667821 0.233695
vt 0.667821 0.215636
vt 0.669039 0.214727
vt 0.669039 0.234604
vt 0.669638 0.754471
vt 0.669129 0.755295
vt 0.939936 0.504192
vt 0.939226 0.505724
vt 0.332381 0.968357
vt 0.331509 0.967776
vt 0.331509 0.939003
vt 0.332381 0.938396
vt 0.638627 0.817583
vt 0.638627 0.787622
vt 0.640037 0.786665
vt 0.640037 0.818662
vt 0.502259 0.450060
vt 0.502932 0.450588
vt 0.502932 0.466496
vt 0.502259 0.467024
vt 0.517395 0.467985
vt 0.517407 0.450718
vt 0.518440 0.449945
vt 0.518440 0.468890
vt 0.503428 0.467139
vt 0.503428 0.449945
vt 0.939596 0.644141
vt 0.939616 0.642962
vt 0.994110 0.029698
vt 0.993337 0.029090
vt 0.993337 0.000570
vt 0.994110 0.000000
vt 0.404994 0.894550
vt 0.404928 0.865106
vt 0.406132 0.864006
vt 0.406132 0.895721
vt 0.968080 0.797391
vt 0.968601 0.798287
vt 0.956277 0.824219
vt 0.955249 0.824394
vt 0.583267 0.896183
vt 0.583266 0.866286
vt 0.584816 0.865182
vt 0.584816 0.897110
vt 0.966246 0.682308
vt 0.966388 0.683050
vt 0.953801 0.690767
vt 0.952839 0.690528
vt 0.878645 0.683700
vt 0.865170 0.692312
vt 0.863627 0.691742
vt 0.878386 0.682308
vt 0.976171 0.541913
vt 0.976845 0.542574
vt 0.976845 0.559327
vt 0.976171 0.559988
vt 0.665383 0.233695
vt 0.665412 0.215929
vt 0.666602 0.214727
vt 0.666602 0.234604
vt 0.966388 0.716057
vt 0.965946 0.716862
vt 0.878645 0.718160
vt 0.878144 0.719601
vt 0.189904 0.717656
vt 0.189073 0.717072
vt 0.189073 0.688286
vt 0.189904 0.687682
vt 0.715206 0.821829
vt 0.715204 0.791854
vt 0.716589 0.790896
vt 0.716589 0.822908
vt 0.976729 0.080346
vt 0.976056 0.079818
vt 0.976056 0.063909
vt 0.976729 0.063381
vt 0.535056 0.468116
vt 0.535056 0.450718
vt 0.536089 0.449945
vt 0.536089 0.468890
vt 0.968601 0.830934
vt 0.968568 0.831652
vt 0.568379 0.865461
vt 0.568129 0.864259
vt 0.254209 0.903103
vt 0.254928 0.903724
vt 0.254928 0.932335
vt 0.254209 0.932897
vt 0.502040 0.935217
vt 0.502045 0.905694
vt 0.503147 0.904604
vt 0.503147 0.936422
vt 0.894492 0.906729
vt 0.894935 0.907601
vt 0.881667 0.933027
vt 0.880676 0.933204
vt 0.800555 0.798896
vt 0.786676 0.825339
vt 0.784866 0.825669
vt 0.799691 0.797431
vt 0.502001 0.904604
vt 0.502040 0.905407
vt 0.488395 0.913809
vt 0.487468 0.913553
vt 0.824073 0.168501
vt 0.809562 0.177780
vt 0.807951 0.177256
vt 0.823967 0.167014
vt 0.503259 0.999530
vt 0.502585 0.998870
vt 0.502585 0.982116
vt 0.503259 0.981455
vt 0.982987 0.402251
vt 0.982987 0.384777
vt 0.984177 0.383576
vt 0.984177 0.403452
vt 0.502040 0.938488
vt 0.501676 0.939252
vt 0.824073 0.203003
vt 0.823584 0.204441
vt 0.018798 0.820855
vt 0.018038 0.820259
vt 0.018038 0.791481
vt 0.018797 0.790889
vt 0.235650 0.853152
vt 0.235646 0.823186
vt 0.237014 0.822248
vt 0.237014 0.854251
vt 0.969323 0.080346
vt 0.968649 0.079818
vt 0.968649 0.063909
vt 0.969323 0.063381
vt 0.509028 0.450849
vt 0.509028 0.467985
vt 0.507982 0.468890
vt 0.507982 0.449945
vt 0.894859 0.940625
vt 0.894935 0.941417
vt 0.800417 0.833297
vt 0.800555 0.834755
vt 0.997442 0.306394
vt 0.996805 0.305770
vt 0.996805 0.277081
vt 0.997442 0.276519
vt 0.237083 0.743209
vt 0.237083 0.713605
vt 0.238016 0.712500
vt 0.238021 0.744404
vt 0.388269 0.900326
vt 0.388622 0.901150
vt 0.374771 0.926238
vt 0.373846 0.926450
vt 0.239022 0.713372
vt 0.239022 0.743247
vt 0.704252 0.035517
vt 0.703546 0.035024
vt 0.703456 0.018355
vt 0.704156 0.017762
vt 0.093040 0.677408
vt 0.092942 0.659229
vt 0.094244 0.658362
vt 0.094351 0.678138
vt 0.999322 0.161520
vt 0.998649 0.160860
vt 0.998649 0.144106
vt 0.999322 0.143446
vt 0.980619 0.079475
vt 0.980619 0.061417
vt 0.981838 0.060508
vt 0.981838 0.080384
vt 0.675274 0.018342
vt 0.674809 0.017749
vt 0.063861 0.659216
vt 0.062904 0.658343
vt 0.450866 0.892925
vt 0.450207 0.892310
vt 0.450207 0.863564
vt 0.450866 0.862992
vt 0.615834 0.741449
vt 0.615830 0.711516
vt 0.617011 0.710601
vt 0.617011 0.742569
vt 0.984271 0.259244
vt 0.984944 0.259772
vt 0.984944 0.275680
vt 0.984271 0.276208
vt 0.535056 0.450718
vt 0.535056 0.468116
vt 0.534024 0.468890
vt 0.534024 0.449945
vt 0.388442 0.934223
vt 0.388622 0.935080
vt 0.484622 0.450919
vt 0.484622 0.468015
vt 0.483429 0.468798
vt 0.483429 0.449945
vt 0.675274 0.017159
vt 0.703456 0.017172
vt 0.094244 0.660226
vt 0.062904 0.660216
vt 0.996390 0.904875
vt 0.997046 0.905447
vt 0.997046 0.934193
vt 0.996390 0.934809
vt 0.294748 0.903045
vt 0.294752 0.873112
vt 0.295927 0.871977
vt 0.295927 0.903944
vt 0.703546 0.000495
vt 0.704252 0.000000
vt 0.093038 0.641304
vt 0.094351 0.640441
vt 0.970110 0.559988
vt 0.969437 0.559328
vt 0.969437 0.542574
vt 0.970110 0.541913
vt 0.670258 0.233695
vt 0.670287 0.215929
vt 0.671477 0.214727
vt 0.671477 0.234604
vt 0.997520 0.317720
vt 0.998155 0.318281
vt 0.998155 0.346970
vt 0.997520 0.347594
vt 0.237047 0.568181
vt 0.237071 0.538567
vt 0.238006 0.537371
vt 0.238001 0.569275
vt 0.450902 0.906067
vt 0.451827 0.906279
vt 0.465679 0.931367
vt 0.465326 0.932191
vt 0.239011 0.538528
vt 0.239011 0.568402
vt 0.974709 0.080346
vt 0.974036 0.079818
vt 0.974036 0.063909
vt 0.974709 0.063381
vt 0.506950 0.468116
vt 0.506937 0.450849
vt 0.507982 0.449945
vt 0.507982 0.468890
vt 0.465679 0.897437
vt 0.465499 0.898295
vt 0.481041 0.467721
vt 0.481042 0.450919
vt 0.482235 0.449945
vt 0.482235 0.468799
vt 0.878519 0.903777
vt 0.878880 0.904539
vt 0.865217 0.929207
vt 0.864291 0.929464
vt 0.819898 0.319156
vt 0.805258 0.344298
vt 0.803758 0.344891
vt 0.819412 0.317720
vt 0.994958 0.235318
vt 0.995716 0.235911
vt 0.995716 0.264689
vt 0.994958 0.265285
vt 0.296138 0.863828
vt 0.296141 0.833861
vt 0.297502 0.832762
vt 0.297502 0.864765
vt 0.878880 0.937618
vt 0.878844 0.938423
vt 0.819898 0.353657
vt 0.819795 0.355145
vt 0.975498 0.559989
vt 0.974824 0.559328
vt 0.974824 0.542574
vt 0.975498 0.541913
vt 0.539847 0.987665
vt 0.539847 0.970192
vt 0.541037 0.968991
vt 0.541037 0.988867
vt 0.996656 0.631554
vt 0.995939 0.630993
vt 0.995939 0.602382
vt 0.996656 0.601761
vt 0.733041 0.949230
vt 0.733036 0.919707
vt 0.734139 0.918501
vt 0.734139 0.950320
vt 0.684756 0.914875
vt 0.685747 0.915053
vt 0.699018 0.940477
vt 0.698575 0.941350
vt 0.736308 0.806556
vt 0.750190 0.832997
vt 0.749326 0.834462
vt 0.734499 0.806226
vt 0.968649 0.080346
vt 0.967976 0.079818
vt 0.967976 0.063909
vt 0.968649 0.063381
vt 0.513211 0.467985
vt 0.513211 0.450849
vt 0.514257 0.449945
vt 0.514257 0.468890
vt 0.699018 0.906661
vt 0.698941 0.907453
vt 0.750052 0.798596
vt 0.750190 0.797138
vt 0.482110 0.929048
vt 0.482550 0.929852
vt 0.469936 0.955127
vt 0.468974 0.955366
vt 0.145931 0.833661
vt 0.132358 0.859457
vt 0.130814 0.860023
vt 0.145436 0.832220
vt 0.989377 0.468934
vt 0.990207 0.469539
vt 0.990207 0.498325
vt 0.989377 0.498909
vt 0.294544 0.839016
vt 0.294546 0.809042
vt 0.295927 0.807963
vt 0.295927 0.839974
vt 0.482550 0.962865
vt 0.482411 0.963608
vt 0.145931 0.868188
vt 0.145580 0.869521
vt 0.980212 0.559988
vt 0.979538 0.559327
vt 0.979538 0.542574
vt 0.980212 0.541913
vt 0.670258 0.215636
vt 0.670258 0.233695
vt 0.669039 0.234604
vt 0.669039 0.214727
vt 0.994100 0.721513
vt 0.994872 0.722083
vt 0.994872 0.750602
vt 0.994100 0.751210
vt 0.403378 0.933501
vt 0.403372 0.904073
vt 0.404508 0.902901
vt 0.404508 0.934616
vt 0.955183 0.728774
vt 0.956211 0.728949
vt 0.968537 0.754879
vt 0.968017 0.755775
vt 0.883819 0.523094
vt 0.897027 0.549915
vt 0.896262 0.551312
vt 0.882155 0.522670
vt 0.983346 0.317375
vt 0.982673 0.316847
vt 0.982673 0.300939
vt 0.983346 0.300411
vt 0.529892 0.450718
vt 0.529892 0.468116
vt 0.528859 0.468890
vt 0.528859 0.449945
vt 0.968505 0.721513
vt 0.968537 0.722231
vt 0.897027 0.515656
vt 0.896721 0.514467
vt 0.710742 0.941605
vt 0.711250 0.942429
vt 0.700076 0.968454
vt 0.699107 0.968705
vt 0.940092 0.561529
vt 0.928183 0.588218
vt 0.926552 0.588765
vt 0.939381 0.560000
vt 0.600920 0.984566
vt 0.600049 0.983960
vt 0.600049 0.955187
vt 0.600920 0.954606
vt 0.292970 0.774988
vt 0.292971 0.745027
vt 0.294544 0.743955
vt 0.294544 0.775952
vt 0.711250 0.975071
vt 0.711009 0.975754
vt 0.940092 0.595501
vt 0.939697 0.596803
vt 0.999294 0.621366
vt 0.999967 0.622027
vt 0.999967 0.638780
vt 0.999294 0.639441
vt 0.538657 0.970192
vt 0.538657 0.987665
vt 0.537467 0.988867
vt 0.537467 0.968990
vt 0.992747 0.963508
vt 0.993544 0.964096
vt 0.993544 0.992517
vt 0.992747 0.993104
vt 0.485666 0.893271
vt 0.485660 0.863943
vt 0.486925 0.862789
vt 0.486925 0.894395
vt 0.734499 0.948326
vt 0.735537 0.948531
vt 0.746583 0.975068
vt 0.746001 0.975960
vt 0.953938 0.902509
vt 0.953938 0.872577
vt 0.955530 0.871626
vt 0.955530 0.903591
vt 0.969996 0.080346
vt 0.969323 0.079818
vt 0.969323 0.063909
vt 0.969996 0.063381
vt 0.512166 0.450849
vt 0.512166 0.467985
vt 0.511120 0.468890
vt 0.511120 0.449945
vt 0.746439 0.942451
vt 0.746583 0.943094
vt 0.941122 0.903316
vt 0.940897 0.904513
vt 0.992540 0.000000
vt 0.993337 0.000586
vt 0.993337 0.029000
vt 0.992540 0.029588
vt 0.314583 0.926394
vt 0.314589 0.897074
vt 0.315756 0.895934
vt 0.315756 0.927532
vt 0.335057 0.911353
vt 0.335936 0.911953
vt 0.335936 0.940699
vt 0.335057 0.941286
vt 0.953194 0.500877
vt 0.953194 0.470945
vt 0.954578 0.469852
vt 0.954578 0.501818
vt 0.780493 0.942114
vt 0.780737 0.942795
vt 0.769611 0.949364
vt 0.768642 0.949112
vt 0.941161 0.318966
vt 0.929166 0.326362
vt 0.927627 0.325765
vt 0.940676 0.317720
vt 0.977518 0.541913
vt 0.978192 0.542574
vt 0.978192 0.559328
vt 0.977518 0.559988
vt 0.681256 0.233402
vt 0.681227 0.215636
vt 0.682446 0.214727
vt 0.682446 0.234604
vt 0.780737 0.975417
vt 0.780228 0.976241
vt 0.941161 0.353021
vt 0.940548 0.354498
vt 0.521547 0.983392
vt 0.520676 0.982811
vt 0.520676 0.954039
vt 0.521547 0.953432
vt 0.638790 0.753589
vt 0.638626 0.723636
vt 0.640200 0.722673
vt 0.640200 0.754669
vt 0.506937 0.467024
vt 0.506263 0.466496
vt 0.506263 0.450588
vt 0.506937 0.450060
vt 0.531958 0.468116
vt 0.531958 0.450718
vt 0.532991 0.449945
vt 0.532991 0.468890
vt 0.505767 0.449945
vt 0.505767 0.467139
vt 0.939936 0.470113
vt 0.939957 0.468934
vt 0.748578 0.972140
vt 0.747805 0.971532
vt 0.747805 0.943020
vt 0.748578 0.942450
vt 0.467765 0.860689
vt 0.467843 0.830746
vt 0.468974 0.829900
vt 0.468974 0.861608
vt 0.909899 0.721513
vt 0.910364 0.722439
vt 0.896497 0.747581
vt 0.895460 0.747693
vt 0.503925 0.757215
vt 0.489360 0.783325
vt 0.487468 0.783534
vt 0.503024 0.755650
vt 0.847746 0.870437
vt 0.847932 0.871167
vt 0.833910 0.880911
vt 0.832937 0.880729
vt 0.780799 0.082128
vt 0.765789 0.092801
vt 0.764355 0.092538
vt 0.780511 0.081050
vt 0.854888 0.975774
vt 0.855562 0.976435
vt 0.855562 0.995829
vt 0.854888 0.996490
vt 0.697128 0.234155
vt 0.697157 0.213748
vt 0.698347 0.212547
vt 0.698347 0.235063
vt 0.847932 0.905442
vt 0.847537 0.906272
vt 0.780799 0.118415
vt 0.780235 0.119650
vt 0.014666 0.957146
vt 0.015496 0.957731
vt 0.015496 0.986516
vt 0.014666 0.987121
vt 0.430134 0.830541
vt 0.430132 0.800567
vt 0.431516 0.799609
vt 0.431516 0.831620
vt 0.997947 0.621366
vt 0.998620 0.621894
vt 0.998620 0.640442
vt 0.997947 0.640971
vt 0.343037 0.991865
vt 0.343024 0.971965
vt 0.344030 0.971057
vt 0.344030 0.992642
vt 0.910364 0.756259
vt 0.910288 0.756973
vt 0.503925 0.792539
vt 0.503557 0.793710
vt 0.332430 0.899413
vt 0.331711 0.898793
vt 0.331711 0.870187
vt 0.332430 0.869626
vt 0.878881 0.934653
vt 0.878886 0.904596
vt 0.879988 0.903777
vt 0.879988 0.935589
vt 0.351425 0.830867
vt 0.351813 0.831766
vt 0.336987 0.856317
vt 0.335987 0.856432
vt 0.753558 0.126004
vt 0.738149 0.151587
vt 0.736323 0.151810
vt 0.752782 0.124490
vt 0.852397 0.235318
vt 0.852485 0.236116
vt 0.837334 0.246799
vt 0.836392 0.246602
vt 0.737580 0.318969
vt 0.721510 0.330444
vt 0.720018 0.330227
vt 0.737535 0.317720
vt 0.897812 0.975883
vt 0.898486 0.976543
vt 0.898486 0.995937
vt 0.897812 0.996598
vt 0.733035 0.971635
vt 0.733035 0.951521
vt 0.734225 0.950320
vt 0.734225 0.972836
vt 0.852485 0.270589
vt 0.852170 0.271374
vt 0.737580 0.355345
vt 0.737021 0.356585
vt 0.994642 0.438888
vt 0.995400 0.439484
vt 0.995400 0.468262
vt 0.994642 0.468854
vt 0.355429 0.862195
vt 0.355426 0.832228
vt 0.356790 0.831290
vt 0.356790 0.863293
vt 0.998602 0.553677
vt 0.997929 0.553149
vt 0.997929 0.534600
vt 0.998602 0.534072
vt 0.339003 0.971965
vt 0.339003 0.991733
vt 0.337998 0.992642
vt 0.337998 0.971057
vt 0.351787 0.866114
vt 0.351813 0.866909
vt 0.753506 0.161728
vt 0.753558 0.163191
vt 0.997412 0.468757
vt 0.996775 0.468133
vt 0.996775 0.439448
vt 0.997412 0.438888
vt 0.038810 0.745057
vt 0.038810 0.714917
vt 0.039744 0.714084
vt 0.039749 0.745984
vt 0.110421 0.795570
vt 0.110721 0.796415
vt 0.095288 0.820563
vt 0.094351 0.820715
vt 0.040748 0.714954
vt 0.040748 0.744824
vt 0.327997 0.680144
vt 0.327292 0.679652
vt 0.327189 0.660359
vt 0.327889 0.659766
vt 0.220331 0.639990
vt 0.220221 0.619180
vt 0.221257 0.618311
vt 0.221376 0.640711
vt 0.896466 0.975883
vt 0.897139 0.976543
vt 0.897139 0.995937
vt 0.896466 0.996598
vt 0.687379 0.213456
vt 0.687379 0.234155
vt 0.686160 0.235063
vt 0.686160 0.212547
vt 0.299002 0.660336
vt 0.298537 0.659743
vt 0.190603 0.619155
vt 0.189911 0.618281
vt 0.467046 0.956468
vt 0.467703 0.957083
vt 0.467703 0.985830
vt 0.467046 0.986401
vt 0.585113 0.915115
vt 0.585111 0.885196
vt 0.586289 0.884281
vt 0.586289 0.916250
vt 0.998155 0.317720
vt 0.998828 0.318248
vt 0.998828 0.336796
vt 0.998155 0.337324
vt 0.498599 0.992016
vt 0.498599 0.971985
vt 0.499591 0.971208
vt 0.499591 0.992794
vt 0.110596 0.830877
vt 0.110721 0.831743
vt 0.831740 0.982803
vt 0.831739 0.963374
vt 0.832933 0.962298
vt 0.832933 0.983778
vt 0.299002 0.659154
vt 0.327189 0.659176
vt 0.221257 0.620175
vt 0.189911 0.620154
vt 0.996547 0.963508
vt 0.997203 0.964079
vt 0.997203 0.992822
vt 0.996547 0.993439
vt 0.521640 0.914334
vt 0.521646 0.884388
vt 0.522818 0.883266
vt 0.522818 0.915231
vt 0.327292 0.639869
vt 0.327997 0.639372
vt 0.220065 0.598493
vt 0.221376 0.597758
vt 0.854888 0.996490
vt 0.854215 0.995829
vt 0.854215 0.976435
vt 0.854888 0.975774
vt 0.090894 0.970059
vt 0.090923 0.949653
vt 0.092113 0.948452
vt 0.092113 0.970968
vt 0.997795 0.228675
vt 0.997159 0.228113
vt 0.997159 0.199422
vt 0.997795 0.198800
vt 0.636683 0.721475
vt 0.636683 0.691600
vt 0.637621 0.690674
vt 0.637616 0.722580
vt 0.276011 0.805733
vt 0.276948 0.805885
vt 0.292383 0.830031
vt 0.292084 0.830876
vt 0.638622 0.691832
vt 0.638622 0.721707
vt 0.998048 0.438888
vt 0.998721 0.439416
vt 0.998721 0.457964
vt 0.998048 0.458492
vt 0.342032 0.991865
vt 0.342019 0.971965
vt 0.343024 0.971057
vt 0.343024 0.992642
vt 0.292383 0.794703
vt 0.292258 0.795571
vt 0.749770 0.963472
vt 0.749770 0.983198
vt 0.748578 0.984171
vt 0.748578 0.962688
vt 0.849536 0.358920
vt 0.849848 0.359703
vt 0.834659 0.383468
vt 0.833720 0.383667
vt 0.735308 0.561236
vt 0.719343 0.585887
vt 0.717709 0.586328
vt 0.734754 0.560000
vt 0.995939 0.631726
vt 0.995183 0.631135
vt 0.995183 0.602358
vt 0.995939 0.601761
vt 0.766642 0.866185
vt 0.766645 0.836220
vt 0.768005 0.835119
vt 0.768005 0.867121
vt 0.849848 0.394175
vt 0.849763 0.394976
vt 0.735308 0.597611
vt 0.735269 0.598865
vt 0.853541 0.996490
vt 0.852868 0.995829
vt 0.852868 0.976435
vt 0.853541 0.975774
vt 0.704441 0.234155
vt 0.704470 0.213748
vt 0.705660 0.212547
vt 0.705660 0.235063
vt 0.996347 0.751308
vt 0.995629 0.750747
vt 0.995629 0.722134
vt 0.996347 0.721513
vt 0.524344 0.940118
vt 0.524338 0.910054
vt 0.525445 0.909119
vt 0.525445 0.940939
vt 0.850908 0.479418
vt 0.851908 0.479533
vt 0.866740 0.504080
vt 0.866352 0.504979
vt 0.738882 0.247174
vt 0.754453 0.272658
vt 0.753914 0.274026
vt 0.737282 0.246812
vt 0.998691 0.100655
vt 0.998018 0.100127
vt 0.998018 0.081578
vt 0.998691 0.081050
vt 0.341014 0.991733
vt 0.341014 0.971965
vt 0.342019 0.971057
vt 0.342019 0.992642
vt 0.866740 0.468934
vt 0.866712 0.469730
vt 0.754409 0.236782
vt 0.754453 0.235318
vt 0.388434 0.793378
vt 0.388826 0.794207
vt 0.374751 0.818703
vt 0.373778 0.818886
vt 0.770609 0.470168
vt 0.755543 0.495745
vt 0.754109 0.496008
vt 0.770050 0.468934
vt 0.990512 0.191985
vt 0.989683 0.191381
vt 0.989683 0.162595
vt 0.990512 0.162011
vt 0.732929 0.789962
vt 0.732931 0.759987
vt 0.734425 0.758909
vt 0.734425 0.790920
vt 0.388826 0.828497
vt 0.388645 0.829230
vt 0.770609 0.506473
vt 0.770326 0.507554
vt 0.901853 0.975883
vt 0.902527 0.976543
vt 0.902527 0.995937
vt 0.901853 0.996598
vt 0.585255 0.969671
vt 0.585283 0.949265
vt 0.586473 0.948064
vt 0.586473 0.970580
vt 0.993634 0.514467
vt 0.994406 0.515037
vt 0.994406 0.543558
vt 0.993634 0.544166
vt 0.603688 0.749194
vt 0.603682 0.719226
vt 0.604819 0.718323
vt 0.604819 0.750041
vt 0.894055 0.691599
vt 0.895092 0.691712
vt 0.908968 0.716848
vt 0.908504 0.717774
vt 0.671335 0.768617
vt 0.685893 0.794731
vt 0.685200 0.796165
vt 0.669652 0.768278
vt 0.998959 0.019605
vt 0.998286 0.019077
vt 0.998286 0.000528
vt 0.998959 0.000000
vt 0.497606 0.971985
vt 0.497606 0.992016
vt 0.496614 0.992794
vt 0.496614 0.971208
vt 0.908893 0.682308
vt 0.908968 0.683023
vt 0.685893 0.759418
vt 0.685756 0.758099
vt 0.218834 0.831718
vt 0.219297 0.832566
vt 0.206758 0.857967
vt 0.205778 0.858167
vt 0.869386 0.404809
vt 0.856076 0.431431
vt 0.854542 0.431667
vt 0.868623 0.403489
vt 0.985546 0.433451
vt 0.984676 0.432844
vt 0.984676 0.404070
vt 0.985546 0.403489
vt 0.634745 0.785515
vt 0.634746 0.755553
vt 0.636319 0.754480
vt 0.636319 0.786479
vt 0.219297 0.866299
vt 0.219021 0.866968
vt 0.869386 0.440373
vt 0.869050 0.441415
vt 0.907927 0.996598
vt 0.907254 0.995937
vt 0.907254 0.976543
vt 0.907927 0.975883
vt 0.714276 0.951497
vt 0.714276 0.971611
vt 0.713086 0.972812
vt 0.713086 0.950296
vt 0.357432 0.922490
vt 0.356635 0.921902
vt 0.356635 0.893478
vt 0.357432 0.892892
vt 0.274719 0.788759
vt 0.274713 0.758893
vt 0.275979 0.758007
vt 0.275979 0.789617
vt 0.504696 0.939544
vt 0.505744 0.939690
vt 0.518256 0.965569
vt 0.517725 0.966492
vt 0.519783 0.895125
vt 0.519784 0.865193
vt 0.521375 0.864241
vt 0.521375 0.896207
vt 0.998513 0.983113
vt 0.997840 0.982585
vt 0.997840 0.964036
vt 0.998513 0.963508
vt 0.339003 0.991733
vt 0.339003 0.971965
vt 0.340008 0.971056
vt 0.340008 0.992642
vt 0.518077 0.932007
vt 0.518256 0.932642
vt 0.504922 0.896057
vt 0.504696 0.897253
vt 0.991955 0.403489
vt 0.992753 0.404074
vt 0.992753 0.432491
vt 0.991955 0.433080
vt 0.036229 0.924517
vt 0.036235 0.894658
vt 0.037402 0.893784
vt 0.037402 0.925387
vt 0.614439 0.861290
vt 0.613559 0.860689
vt 0.613559 0.831941
vt 0.614439 0.831354
vt 0.585024 0.851731
vt 0.585024 0.821796
vt 0.586408 0.820703
vt 0.586408 0.852673
vt 0.052754 0.925366
vt 0.053031 0.926033
vt 0.040524 0.934320
vt 0.039544 0.934119
vt 0.870456 0.167998
vt 0.857054 0.177068
vt 0.855611 0.176777
vt 0.870036 0.167014
vt 0.853541 0.975774
vt 0.854215 0.976435
vt 0.854215 0.995829
vt 0.853541 0.996490
vt 0.691035 0.234155
vt 0.691035 0.213456
vt 0.692254 0.212547
vt 0.692254 0.235063
vt 0.053031 0.959744
vt 0.052567 0.960593
vt 0.870456 0.203652
vt 0.869789 0.204916
vt 0.297357 0.982687
vt 0.296486 0.982106
vt 0.296486 0.953333
vt 0.297357 0.952727
vt 0.561672 0.819270
vt 0.561671 0.789309
vt 0.563081 0.788353
vt 0.563081 0.820349
vt 0.445850 0.989779
vt 0.445177 0.989251
vt 0.445177 0.970703
vt 0.445850 0.970175
vt 0.598271 0.213340
vt 0.598271 0.233371
vt 0.597279 0.234149
vt 0.597279 0.212563
vt 0.444681 0.970060
vt 0.444681 0.989895
vt 0.596369 0.233265
vt 0.596369 0.213446
vt 0.239604 0.897491
vt 0.238831 0.896883
vt 0.238831 0.868368
vt 0.239604 0.867798
vt 0.274801 0.750310
vt 0.274806 0.720349
vt 0.276011 0.719517
vt 0.276011 0.751228
vt 0.910034 0.834632
vt 0.910499 0.835559
vt 0.896634 0.860705
vt 0.895596 0.860817
vt 0.521151 0.757216
vt 0.506588 0.783331
vt 0.504696 0.783539
vt 0.520250 0.755650
vt 0.815919 0.869854
vt 0.816102 0.870586
vt 0.802051 0.880346
vt 0.801078 0.880164
vt 0.782940 0.036661
vt 0.767962 0.047251
vt 0.766528 0.046985
vt 0.782747 0.035517
vt 0.860954 0.996489
vt 0.860280 0.995829
vt 0.860280 0.976435
vt 0.860954 0.975774
vt 0.698347 0.234155
vt 0.698376 0.213748
vt 0.699566 0.212547
vt 0.699566 0.235063
vt 0.816102 0.904864
vt 0.815709 0.905694
vt 0.782940 0.072888
vt 0.782376 0.074122
vt 0.424553 0.902639
vt 0.425383 0.903223
vt 0.425383 0.932009
vt 0.424553 0.932613
vt 0.610959 0.830276
vt 0.610957 0.800301
vt 0.612341 0.799343
vt 0.612341 0.831354
vt 0.998750 0.296124
vt 0.998077 0.295596
vt 0.998077 0.277047
vt 0.998750 0.276519
vt 0.344043 0.991865
vt 0.344030 0.971965
vt 0.345035 0.971057
vt 0.345035 0.992642
vt 0.910499 0.869364
vt 0.910423 0.870076
vt 0.521151 0.792525
vt 0.520783 0.793693
vt 0.468959 0.749636
vt 0.468240 0.749015
vt 0.468240 0.720407
vt 0.468959 0.719847
vt 0.037701 0.744962
vt 0.037707 0.714904
vt 0.038810 0.714084
vt 0.038810 0.745898
vt 0.291448 0.830876
vt 0.291836 0.831776
vt 0.277012 0.856333
vt 0.276011 0.856447
vt 0.754033 0.515983
vt 0.738625 0.541571
vt 0.736799 0.541793
vt 0.753256 0.514467
vt 0.850821 0.468934
vt 0.850908 0.469733
vt 0.835735 0.480423
vt 0.834795 0.480225
vt 0.736939 0.603012
vt 0.720847 0.614494
vt 0.719357 0.614277
vt 0.736897 0.601761
vt 0.906567 0.996598
vt 0.905894 0.995937
vt 0.905894 0.976543
vt 0.906567 0.975883
vt 0.016705 0.951646
vt 0.016705 0.971759
vt 0.015515 0.972961
vt 0.015515 0.950444
vt 0.850908 0.504206
vt 0.850594 0.504990
vt 0.736939 0.639387
vt 0.736383 0.640626
vt 0.994406 0.514467
vt 0.995164 0.515063
vt 0.995164 0.543841
vt 0.994406 0.544434
vt 0.352641 0.862193
vt 0.352638 0.832227
vt 0.354003 0.831289
vt 0.354003 0.863292
vt 0.998691 0.120259
vt 0.998018 0.119731
vt 0.998018 0.101183
vt 0.998691 0.100655
vt 0.204365 0.971399
vt 0.204365 0.991168
vt 0.203359 0.992076
vt 0.203359 0.970491
vt 0.291810 0.866118
vt 0.291836 0.866911
vt 0.753982 0.551700
vt 0.754033 0.553160
vt 0.110250 0.853472
vt 0.110888 0.854095
vt 0.110888 0.882782
vt 0.110250 0.883343
vt 0.315724 0.820477
vt 0.315729 0.790335
vt 0.316665 0.789501
vt 0.316665 0.821403
vt 0.205981 0.795543
vt 0.206281 0.796389
vt 0.190848 0.820543
vt 0.189911 0.820694
vt 0.721707 0.404756
vt 0.705438 0.429779
vt 0.703960 0.430210
vt 0.721337 0.403489
vt 0.269074 0.680145
vt 0.268370 0.679651
vt 0.268269 0.660351
vt 0.268968 0.659759
vt 0.629546 0.445717
vt 0.629172 0.424899
vt 0.630473 0.424033
vt 0.630590 0.446441
vt 0.901853 0.996597
vt 0.901180 0.995937
vt 0.901180 0.976543
vt 0.901853 0.975883
vt 0.695910 0.213456
vt 0.695910 0.234155
vt 0.694691 0.235063
vt 0.694691 0.212547
vt 0.240076 0.660349
vt 0.239610 0.659758
vt 0.599814 0.424898
vt 0.599121 0.424027
vt 0.768618 0.929020
vt 0.767961 0.928404
vt 0.767961 0.899658
vt 0.768618 0.899087
vt 0.093079 0.904944
vt 0.093075 0.875010
vt 0.094253 0.874095
vt 0.094253 0.906063
vt 0.998758 0.398129
vt 0.998085 0.397602
vt 0.998085 0.379053
vt 0.998758 0.378525
vt 0.491652 0.992016
vt 0.491652 0.971985
vt 0.492644 0.971208
vt 0.492644 0.992794
vt 0.206156 0.830852
vt 0.206281 0.831718
vt 0.721707 0.440924
vt 0.721678 0.442348
vt 0.240076 0.659167
vt 0.268269 0.659168
vt 0.630473 0.425897
vt 0.599121 0.425900
vt 0.997292 0.544398
vt 0.996638 0.543828
vt 0.996638 0.515084
vt 0.997292 0.514467
vt 0.714117 0.917580
vt 0.714121 0.887649
vt 0.715293 0.886512
vt 0.715293 0.918478
vt 0.268370 0.639867
vt 0.269074 0.639373
vt 0.629280 0.404220
vt 0.630590 0.403488
vt 0.899833 0.996598
vt 0.899159 0.995937
vt 0.899159 0.976543
vt 0.899833 0.975883
vt 0.703222 0.234155
vt 0.703251 0.213748
vt 0.704441 0.212547
vt 0.704441 0.235063
vt 0.997861 0.589874
vt 0.997224 0.589312
vt 0.997224 0.560623
vt 0.997861 0.560000
vt 0.159158 0.641547
vt 0.159158 0.671411
vt 0.158196 0.672346
vt 0.158227 0.640441
vt 0.335987 0.805722
vt 0.336922 0.805874
vt 0.352363 0.830022
vt 0.352065 0.830867
vt 0.157195 0.671188
vt 0.157220 0.641313
vt 0.998663 0.955449
vt 0.997990 0.954921
vt 0.997990 0.936372
vt 0.998663 0.935844
vt 0.199201 0.991168
vt 0.199201 0.971399
vt 0.200206 0.970491
vt 0.200206 0.992076
vt 0.352363 0.794694
vt 0.352237 0.795561
vt 0.011635 0.982798
vt 0.011637 0.963364
vt 0.012828 0.962391
vt 0.012828 0.983877
vt 0.850372 0.514467
vt 0.850686 0.515251
vt 0.835511 0.539033
vt 0.834571 0.539231
vt 0.734499 0.684014
vt 0.718489 0.708650
vt 0.716851 0.709079
vt 0.734057 0.682847
vt 0.996018 0.191976
vt 0.995262 0.191384
vt 0.995262 0.162607
vt 0.996018 0.162011
vt 0.293160 0.871040
vt 0.293163 0.841075
vt 0.294521 0.839974
vt 0.294521 0.871976
vt 0.850686 0.549724
vt 0.850599 0.550523
vt 0.734499 0.720237
vt 0.734310 0.721714
vt 0.896466 0.996598
vt 0.895792 0.995937
vt 0.895792 0.976543
vt 0.896466 0.975883
vt 0.503460 0.971651
vt 0.503460 0.951537
vt 0.504650 0.950336
vt 0.504650 0.972853
vt 0.996433 0.265112
vt 0.995716 0.264551
vt 0.995716 0.235939
vt 0.996433 0.235318
vt 0.636549 0.945140
vt 0.636543 0.915347
vt 0.637649 0.914411
vt 0.637649 0.946230
vt 0.850693 0.134974
vt 0.851692 0.135089
vt 0.866535 0.159634
vt 0.866148 0.160533
vt 0.077105 0.725844
vt 0.092760 0.751272
vt 0.091987 0.752786
vt 0.075509 0.725474
vt 0.998620 0.621366
vt 0.997947 0.620838
vt 0.997947 0.602289
vt 0.998620 0.601761
vt 0.200206 0.991168
vt 0.200219 0.971268
vt 0.201212 0.970491
vt 0.201212 0.992076
vt 0.866535 0.124490
vt 0.866506 0.125285
vt 0.092705 0.715547
vt 0.092760 0.714084
vt 0.684287 0.869632
vt 0.684680 0.870462
vt 0.670625 0.894978
vt 0.669652 0.895161
vt 0.771053 0.318955
vt 0.756142 0.344324
vt 0.754574 0.344815
vt 0.770491 0.317720
vt 0.990207 0.468934
vt 0.991035 0.469538
vt 0.991035 0.498324
vt 0.990207 0.498909
vt 0.092870 0.809131
vt 0.092760 0.779155
vt 0.094253 0.778077
vt 0.094253 0.810089
vt 0.684680 0.904742
vt 0.684497 0.905473
vt 0.771053 0.355247
vt 0.770767 0.356327
vt 0.988508 0.513875
vt 0.987834 0.513215
vt 0.987834 0.493821
vt 0.988508 0.493160
vt 0.700785 0.234155
vt 0.700785 0.213456
vt 0.702003 0.212547
vt 0.702003 0.235063
vt 0.994581 0.065215
vt 0.993809 0.064645
vt 0.993809 0.036125
vt 0.994581 0.035517
vt 0.297367 0.927603
vt 0.297361 0.897637
vt 0.298498 0.896733
vt 0.298498 0.928450
vt 0.751828 0.882313
vt 0.752865 0.882425
vt 0.766755 0.907557
vt 0.766291 0.908483
vt 0.096033 0.768026
vt 0.110607 0.794135
vt 0.109916 0.795570
vt 0.094351 0.767688
vt 0.998155 0.337324
vt 0.998828 0.337852
vt 0.998828 0.356401
vt 0.998155 0.356929
vt 0.498599 0.971985
vt 0.498599 0.992016
vt 0.497606 0.992794
vt 0.497606 0.971208
vt 0.766681 0.873021
vt 0.766755 0.873736
vt 0.110607 0.758826
vt 0.110472 0.757508
vt 0.959391 0.162010
vt 0.959855 0.162859
vt 0.947344 0.188281
vt 0.946364 0.188482
vt 0.766642 0.836440
vt 0.753362 0.863084
vt 0.751828 0.863322
vt 0.765878 0.835119
vt 0.089098 0.955879
vt 0.089968 0.956486
vt 0.089968 0.985259
vt 0.089098 0.985841
vt 0.110607 0.788542
vt 0.110607 0.758580
vt 0.112180 0.757508
vt 0.112180 0.789506
vt 0.959855 0.196572
vt 0.959578 0.197240
vt 0.766642 0.871982
vt 0.766304 0.873021
vt 0.903200 0.975883
vt 0.903873 0.976543
vt 0.903873 0.995937
vt 0.903200 0.996598
vt 0.054250 0.971590
vt 0.054250 0.951476
vt 0.055439 0.950275
vt 0.055439 0.972791
vt 0.991728 0.672559
vt 0.990931 0.671971
vt 0.990931 0.643548
vt 0.991728 0.642962
vt 0.110894 0.884222
vt 0.110888 0.854358
vt 0.112154 0.853472
vt 0.112154 0.885080
vt 0.782736 0.907136
vt 0.783615 0.907723
vt 0.783615 0.936470
vt 0.782736 0.937070
vt 0.372562 0.893668
vt 0.372562 0.863733
vt 0.374154 0.862781
vt 0.374154 0.894750
vt 0.443511 0.970175
vt 0.444184 0.970703
vt 0.444184 0.989252
vt 0.443511 0.989780
vt 0.337998 0.971965
vt 0.337998 0.991733
vt 0.336992 0.992642
vt 0.336992 0.971056
vt 0.444681 0.989895
vt 0.444681 0.970060
vt 0.357681 0.894581
vt 0.357453 0.895774
vt 0.992214 0.065115
vt 0.991417 0.064529
vt 0.991417 0.036105
vt 0.992214 0.035517
vt 0.750382 0.923498
vt 0.750388 0.893632
vt 0.751555 0.892759
vt 0.751555 0.924369
vt 0.638608 0.846347
vt 0.637729 0.845747
vt 0.637729 0.817000
vt 0.333951 0.846440
vt 0.333951 0.816506
vt 0.335335 0.815414
vt 0.335335 0.847382
vt 0.960873 0.198799
vt 0.961150 0.199467
vt 0.948650 0.207752
vt 0.947670 0.207552
vt 0.234205 0.834638
vt 0.220902 0.843646
vt 0.219367 0.843415
vt 0.233785 0.833654
vt 0.858929 0.996489
vt 0.858255 0.995829
vt 0.858255 0.976435
vt 0.858929 0.975774
vt 0.693472 0.234155
vt 0.693472 0.213456
vt 0.694691 0.212547
vt 0.694691 0.235063
vt 0.961150 0.233178
vt 0.960686 0.234027
vt 0.234205 0.870292
vt 0.233538 0.871555
vt 0.237724 0.947790
vt 0.236853 0.947209
vt 0.236853 0.918435
vt 0.237724 0.917828
vt 0.238201 0.670291
vt 0.238200 0.640329
vt 0.239611 0.639372
vt 0.239611 0.671371
vt 0.131777 0.970347
vt 0.132450 0.970875
vt 0.132450 0.989424
vt 0.131777 0.989951
vt 0.596369 0.213340
vt 0.596369 0.233371
vt 0.595376 0.234149
vt 0.595376 0.212563
vt 0.132946 0.990067
vt 0.132946 0.970232
vt 0.594466 0.233265
vt 0.594466 0.213446
vt 0.994199 0.498633
vt 0.993427 0.498025
vt 0.993427 0.469504
vt 0.994199 0.468934
vt 0.426761 0.894423
vt 0.426839 0.864471
vt 0.427970 0.863624
vt 0.427970 0.895341
vt 0.910215 0.871626
vt 0.910681 0.872552
vt 0.896830 0.897704
vt 0.895792 0.897817
vt 0.542455 0.757918
vt 0.527907 0.784039
vt 0.526015 0.784248
vt 0.541553 0.756352
vt 0.905660 0.081050
vt 0.905844 0.081781
vt 0.891797 0.091541
vt 0.890824 0.091358
vt 0.771367 0.277598
vt 0.756330 0.288288
vt 0.754896 0.288026
vt 0.771081 0.276519
vt 0.898486 0.975883
vt 0.899159 0.976543
vt 0.899159 0.995937
vt 0.898486 0.996598
vt 0.702003 0.234155
vt 0.702032 0.213748
vt 0.703222 0.212547
vt 0.703222 0.235063
vt 0.905844 0.116060
vt 0.905450 0.116890
vt 0.771367 0.313890
vt 0.770805 0.315125
vt 0.335959 0.909360
vt 0.335129 0.908775
vt 0.335129 0.879990
vt 0.335959 0.879385
vt 0.274233 0.825615
vt 0.274231 0.795640
vt 0.275616 0.794683
vt 0.275616 0.826694
vt 0.998750 0.315729
vt 0.998077 0.315201
vt 0.998077 0.296652
vt 0.998750 0.296124
vt 0.345048 0.991865
vt 0.345035 0.971965
vt 0.346040 0.971057
vt 0.346040 0.992642
vt 0.910681 0.906356
vt 0.910603 0.907068
vt 0.542455 0.793225
vt 0.542086 0.794393
vt 0.127734 0.995946
vt 0.127016 0.995326
vt 0.127016 0.966713
vt 0.127734 0.966152
vt 0.847214 0.937157
vt 0.847219 0.907093
vt 0.848320 0.906272
vt 0.848320 0.938092
vt 0.448609 0.830989
vt 0.448998 0.831888
vt 0.434184 0.856449
vt 0.433183 0.856564
vt 0.754163 0.603277
vt 0.738766 0.628869
vt 0.736939 0.629091
vt 0.753384 0.601761
vt 0.850948 0.601761
vt 0.851035 0.602560
vt 0.835866 0.613249
vt 0.834926 0.613052
vt 0.737094 0.470185
vt 0.721006 0.481667
vt 0.719515 0.481450
vt 0.737051 0.468934
vt 0.904547 0.996598
vt 0.903873 0.995937
vt 0.903873 0.976543
vt 0.904547 0.975883
vt 0.057500 0.951375
vt 0.057500 0.971489
vt 0.056310 0.972690
vt 0.056310 0.950174
vt 0.851035 0.637032
vt 0.850721 0.637817
vt 0.737094 0.506560
vt 0.736537 0.507800
vt 0.994198 0.682308
vt 0.994957 0.682905
vt 0.994957 0.711682
vt 0.994198 0.712274
vt 0.036232 0.854718
vt 0.036228 0.824753
vt 0.037595 0.823816
vt 0.037595 0.855818
vt 0.998534 0.599209
vt 0.997861 0.598681
vt 0.997861 0.580132
vt 0.998534 0.579604
vt 0.074230 0.991652
vt 0.074230 0.971883
vt 0.075235 0.970975
vt 0.075235 0.992560
vt 0.448973 0.866229
vt 0.448998 0.867022
vt 0.754113 0.638993
vt 0.754163 0.640453
vt 0.997695 0.827266
vt 0.997058 0.826643
vt 0.997058 0.797953
vt 0.997695 0.797391
vt 0.055459 0.853760
vt 0.055464 0.823614
vt 0.056396 0.822779
vt 0.056396 0.854685
vt 0.685716 0.796165
vt 0.686017 0.797012
vt 0.670590 0.821166
vt 0.669652 0.821317
vt 0.716851 0.684115
vt 0.700587 0.709138
vt 0.699107 0.709568
vt 0.716479 0.682847
vt 0.298537 0.680145
vt 0.297833 0.679651
vt 0.297731 0.660352
vt 0.298431 0.659760
vt 0.631236 0.209244
vt 0.631127 0.188559
vt 0.632163 0.187560
vt 0.632280 0.209967
vt 0.857582 0.996489
vt 0.856908 0.995829
vt 0.856908 0.976435
vt 0.857582 0.975774
vt 0.684941 0.234155
vt 0.684941 0.213456
vt 0.686160 0.212547
vt 0.686160 0.235063
vt 0.269540 0.660347
vt 0.269074 0.659756
vt 0.601506 0.188422
vt 0.600813 0.187551
vt 0.038872 0.887419
vt 0.039530 0.888036
vt 0.039530 0.916780
vt 0.038872 0.917351
vt 0.565066 0.898444
vt 0.565062 0.868513
vt 0.566242 0.867599
vt 0.566242 0.899565
vt 0.998534 0.579604
vt 0.997861 0.579076
vt 0.997861 0.560528
vt 0.998534 0.560000
vt 0.495621 0.992016
vt 0.495621 0.971985
vt 0.496614 0.971208
vt 0.496614 0.992794
vt 0.685894 0.831475
vt 0.686017 0.832341
vt 0.716851 0.720282
vt 0.716820 0.721706
vt 0.269540 0.659165
vt 0.297731 0.659169
vt 0.632163 0.189424
vt 0.600813 0.189424
vt 0.996118 0.438888
vt 0.996775 0.439459
vt 0.996775 0.468206
vt 0.996118 0.468821
vt 0.290479 0.897980
vt 0.290483 0.868046
vt 0.291659 0.866911
vt 0.291659 0.898879
vt 0.297833 0.639867
vt 0.298537 0.639372
vt 0.631236 0.167739
vt 0.632280 0.167014
vt 0.856235 0.996490
vt 0.855561 0.995829
vt 0.855561 0.976435
vt 0.856235 0.975774
vt 0.074230 0.970066
vt 0.074259 0.949659
vt 0.075449 0.948458
vt 0.075449 0.970975
vt 0.058136 0.948788
vt 0.058136 0.977475
vt 0.057500 0.978098
vt 0.520616 0.928321
vt 0.520611 0.898180
vt 0.521547 0.897253
vt 0.521547 0.929155
vt 0.257853 0.805715
vt 0.258788 0.805867
vt 0.274231 0.830010
vt 0.273934 0.830854
vt 0.707833 0.179422
vt 0.723856 0.204607
vt 0.723490 0.205869
vt 0.706120 0.179148
vt 0.998520 0.423093
vt 0.997847 0.422565
vt 0.997847 0.404017
vt 0.998520 0.403489
vt 0.585268 0.991388
vt 0.585255 0.971489
vt 0.586260 0.970580
vt 0.586260 0.992166
vt 0.274231 0.794683
vt 0.274104 0.795551
vt 0.723638 0.168610
vt 0.723856 0.167014
vt 0.850380 0.124490
vt 0.850693 0.125275
vt 0.835517 0.149053
vt 0.834577 0.149251
vt 0.736081 0.360159
vt 0.719986 0.385047
vt 0.718496 0.385264
vt 0.735526 0.358920
vt 0.995508 0.347686
vt 0.994750 0.347094
vt 0.994750 0.318316
vt 0.995508 0.317720
vt 0.404768 0.863068
vt 0.404830 0.833094
vt 0.406132 0.832002
vt 0.406132 0.864005
vt 0.850693 0.159747
vt 0.850607 0.160546
vt 0.736081 0.396534
vt 0.736040 0.397786
vt 0.900506 0.996598
vt 0.899833 0.995937
vt 0.899833 0.976543
vt 0.900506 0.975883
vt 0.485751 0.972227
vt 0.485751 0.952113
vt 0.486941 0.950911
vt 0.486941 0.973428
vt 0.996638 0.544256
vt 0.995920 0.543696
vt 0.995920 0.515088
vt 0.996638 0.514467
vt 0.585190 0.947245
vt 0.585184 0.917186
vt 0.586289 0.916250
vt 0.586289 0.948064
vt 0.850686 0.524962
vt 0.851684 0.525078
vt 0.866531 0.549617
vt 0.866145 0.550515
vt 0.042346 0.725938
vt 0.058136 0.751279
vt 0.057371 0.752795
vt 0.040748 0.725574
vt 0.998024 0.035517
vt 0.998697 0.036045
vt 0.998697 0.054594
vt 0.998024 0.055122
vt 0.202217 0.991168
vt 0.202217 0.971399
vt 0.203223 0.970491
vt 0.203223 0.992076
vt 0.866531 0.514467
vt 0.866502 0.515263
vt 0.058136 0.715387
vt 0.057946 0.714084
vt 0.331319 0.869626
vt 0.331711 0.870456
vt 0.317655 0.894969
vt 0.316682 0.895151
vt 0.770934 0.236553
vt 0.755888 0.262148
vt 0.754453 0.262410
vt 0.770374 0.235318
vt 0.989448 0.228774
vt 0.988619 0.228169
vt 0.988619 0.199384
vt 0.989448 0.198800
vt 0.293160 0.807004
vt 0.293048 0.777029
vt 0.294544 0.775951
vt 0.294544 0.807963
vt 0.331711 0.904738
vt 0.331529 0.905470
vt 0.770934 0.272848
vt 0.770650 0.273928
vt 0.858929 0.975774
vt 0.859602 0.976435
vt 0.859602 0.995829
vt 0.858929 0.996489
vt 0.692253 0.234155
vt 0.692253 0.213456
vt 0.693472 0.212547
vt 0.693472 0.235063
vt 0.993979 0.317720
vt 0.994750 0.318289
vt 0.994750 0.346803
vt 0.993979 0.347412
vt 0.447824 0.929855
vt 0.447818 0.899895
vt 0.448954 0.898991
vt 0.448954 0.930701
vt 0.893246 0.044828
vt 0.894283 0.044940
vt 0.908180 0.070066
vt 0.907717 0.070991
vt 0.191594 0.768006
vt 0.206174 0.794108
vt 0.205484 0.795542
vt 0.189911 0.767668
vt 0.998270 0.642962
vt 0.998944 0.643490
vt 0.998944 0.662039
vt 0.998270 0.662566
vt 0.493636 0.992016
vt 0.493636 0.971985
vt 0.494629 0.971208
vt 0.494629 0.992794
vt 0.908107 0.035517
vt 0.908180 0.036233
vt 0.206174 0.758787
vt 0.206041 0.757467
vt 0.957623 0.403489
vt 0.958087 0.404337
vt 0.945573 0.429756
vt 0.944593 0.429956
vt 0.749316 0.835783
vt 0.736033 0.862424
vt 0.734499 0.862661
vt 0.748552 0.834462
vt 0.766825 0.954045
vt 0.767696 0.954652
vt 0.767696 0.983424
vt 0.766825 0.984006
vt 0.178066 0.754191
vt 0.178067 0.724231
vt 0.179640 0.723159
vt 0.179640 0.755155
vt 0.958087 0.438054
vt 0.957810 0.438721
vt 0.749316 0.871330
vt 0.748978 0.872369
vt 0.897139 0.975883
vt 0.897812 0.976543
vt 0.897812 0.995937
vt 0.897139 0.996598
vt 0.036257 0.971610
vt 0.036257 0.951496
vt 0.037447 0.950295
vt 0.037447 0.972812
vt 0.993871 0.468477
vt 0.993073 0.467890
vt 0.993073 0.439474
vt 0.993871 0.438888
vt 0.017223 0.886732
vt 0.017217 0.856874
vt 0.018483 0.855988
vt 0.018483 0.887589
vt 0.075509 0.939166
vt 0.076556 0.939311
vt 0.089098 0.965176
vt 0.088568 0.966099
vt 0.882580 0.843122
vt 0.895596 0.870077
vt 0.894577 0.871626
vt 0.880676 0.842840
vt 0.998602 0.534072
vt 0.997929 0.533544
vt 0.997929 0.514995
vt 0.998602 0.514467
vt 0.092113 0.971877
vt 0.092113 0.991645
vt 0.091107 0.992553
vt 0.091107 0.970968
vt 0.088920 0.931602
vt 0.089098 0.932238
vt 0.895596 0.835809
vt 0.895284 0.834632
vt 0.993073 0.468484
vt 0.992276 0.467898
vt 0.992276 0.439475
vt 0.993073 0.438888
vt 0.485751 0.925132
vt 0.485757 0.895268
vt 0.486925 0.894395
vt 0.486925 0.926003
vt 0.291699 0.966187
vt 0.290820 0.965587
vt 0.290820 0.936842
vt 0.291699 0.936255
vt 0.484276 0.894863
vt 0.484276 0.864931
vt 0.485660 0.863838
vt 0.485660 0.895804
vt 0.033555 0.926363
vt 0.033833 0.927030
vt 0.021355 0.935318
vt 0.020374 0.935117
vt 0.799681 0.835739
vt 0.786310 0.844810
vt 0.784866 0.844519
vt 0.799259 0.834755
vt 0.852194 0.975774
vt 0.852868 0.976435
vt 0.852868 0.995829
vt 0.852194 0.996490
vt 0.689816 0.234155
vt 0.689816 0.213456
vt 0.691035 0.212547
vt 0.691035 0.235063
vt 0.033833 0.960746
vt 0.033368 0.961594
vt 0.799681 0.871398
vt 0.799013 0.872661
vt 0.749319 0.834462
vt 0.750190 0.835044
vt 0.750190 0.863817
vt 0.749319 0.864423
vt 0.634746 0.817396
vt 0.634745 0.787435
vt 0.636155 0.786479
vt 0.636155 0.818476
vt 0.447402 0.989780
vt 0.446729 0.989252
vt 0.446729 0.970703
vt 0.447402 0.970175
vt 0.495621 0.971985
vt 0.495621 0.992016
vt 0.494629 0.992794
vt 0.494629 0.971208
vt 0.446233 0.970060
vt 0.446233 0.989895
vt 0.468974 0.863967
vt 0.468995 0.862789
vt 0.994095 0.672659
vt 0.993322 0.672051
vt 0.993322 0.643532
vt 0.994095 0.642962
vt 0.448998 0.893790
vt 0.449004 0.863824
vt 0.450207 0.862992
vt 0.450207 0.894708
vt 0.909598 0.759670
vt 0.910063 0.760596
vt 0.896194 0.785735
vt 0.895156 0.785847
vt 0.373911 0.756878
vt 0.359344 0.782987
vt 0.357453 0.783195
vt 0.373010 0.755314
vt 0.713926 0.870145
vt 0.714110 0.870877
vt 0.700080 0.880639
vt 0.699107 0.880456
vt 0.785400 0.644106
vt 0.770445 0.654697
vt 0.769011 0.654431
vt 0.785204 0.642962
vt 0.858255 0.996489
vt 0.857582 0.995829
vt 0.857582 0.976435
vt 0.858255 0.975774
vt 0.695910 0.234155
vt 0.695939 0.213748
vt 0.697129 0.212547
vt 0.697129 0.235063
vt 0.714110 0.905158
vt 0.713716 0.905987
vt 0.785400 0.680336
vt 0.784834 0.681569
vt 0.189904 0.627733
vt 0.189073 0.627148
vt 0.189073 0.598363
vt 0.189904 0.597758
vt 0.732931 0.821853
vt 0.732929 0.791878
vt 0.734314 0.790920
vt 0.734314 0.822932
vt 0.998698 0.181615
vt 0.998024 0.181087
vt 0.998024 0.162539
vt 0.998698 0.162011
vt 0.340021 0.991865
vt 0.340008 0.971965
vt 0.341014 0.971056
vt 0.341014 0.992642
vt 0.910063 0.794419
vt 0.909987 0.795133
vt 0.373911 0.792206
vt 0.373544 0.793378
vt 0.450890 0.924501
vt 0.450171 0.923880
vt 0.450171 0.895269
vt 0.450890 0.894708
vt 0.350571 0.935313
vt 0.350576 0.905250
vt 0.351678 0.904430
vt 0.351678 0.936248
vt 0.273292 0.830855
vt 0.273680 0.831753
vt 0.258853 0.856303
vt 0.257853 0.856418
vt 0.753318 0.360434
vt 0.737907 0.386015
vt 0.736081 0.386238
vt 0.752541 0.358920
vt 0.851208 0.317720
vt 0.851297 0.318519
vt 0.836139 0.329211
vt 0.835198 0.329014
vt 0.737585 0.277770
vt 0.721510 0.289255
vt 0.720018 0.289039
vt 0.737541 0.276519
vt 0.903200 0.996598
vt 0.902526 0.995937
vt 0.902526 0.976543
vt 0.903200 0.975883
vt 0.714276 0.971611
vt 0.714276 0.951497
vt 0.715466 0.950296
vt 0.715466 0.972812
vt 0.851297 0.352991
vt 0.850981 0.353775
vt 0.737585 0.314146
vt 0.737027 0.315384
vt 0.408117 0.940836
vt 0.407358 0.940240
vt 0.407358 0.911462
vt 0.408117 0.910869
vt 0.715207 0.853812
vt 0.715204 0.823845
vt 0.716571 0.822908
vt 0.716571 0.854911
vt 0.997957 0.871626
vt 0.998631 0.872154
vt 0.998631 0.890702
vt 0.997957 0.891230
vt 0.274333 0.991366
vt 0.274333 0.971597
vt 0.275338 0.970689
vt 0.275338 0.992274
vt 0.273653 0.866103
vt 0.273680 0.866898
vt 0.753266 0.396160
vt 0.753318 0.397623
vt 0.997450 0.388794
vt 0.996813 0.388171
vt 0.996813 0.359482
vt 0.997450 0.358920
vt 0.181958 0.722233
vt 0.181958 0.692089
vt 0.182891 0.691254
vt 0.182896 0.723159
vt 0.656271 0.796132
vt 0.656571 0.796977
vt 0.641137 0.821124
vt 0.640200 0.821275
vt 0.183896 0.692126
vt 0.183896 0.722001
vt 0.357453 0.680145
vt 0.356747 0.679652
vt 0.356643 0.660355
vt 0.357343 0.659763
vt 0.661005 0.445719
vt 0.660892 0.424905
vt 0.661929 0.424038
vt 0.662050 0.446441
vt 0.906567 0.975883
vt 0.907241 0.976543
vt 0.907241 0.995937
vt 0.906567 0.996598
vt 0.111049 0.970470
vt 0.111049 0.949771
vt 0.112268 0.948863
vt 0.112268 0.971379
vt 0.328461 0.660343
vt 0.327997 0.659750
vt 0.631281 0.424891
vt 0.630590 0.424019
vt 0.356790 0.799278
vt 0.357449 0.799894
vt 0.357449 0.828640
vt 0.129409 0.884022
vt 0.129405 0.854088
vt 0.130586 0.853173
vt 0.130586 0.885141
vt 0.998270 0.662566
vt 0.998944 0.663094
vt 0.998944 0.681643
vt 0.998270 0.682171
vt 0.501734 0.971985
vt 0.501734 0.992016
vt 0.500741 0.992794
vt 0.500741 0.971208
vt 0.656446 0.831438
vt 0.656571 0.832305
vt 0.109114 0.982827
vt 0.109114 0.963104
vt 0.110307 0.962321
vt 0.110307 0.983802
vt 0.328461 0.659160
vt 0.356643 0.659172
vt 0.661929 0.425901
vt 0.630590 0.425892
vt 0.997004 0.751446
vt 0.996347 0.750875
vt 0.996347 0.722129
vt 0.997004 0.721513
vt 0.293160 0.903045
vt 0.293164 0.873112
vt 0.294339 0.871976
vt 0.294339 0.903944
vt 0.356747 0.639868
vt 0.357453 0.639373
vt 0.660739 0.404222
vt 0.662050 0.403489
vt 0.856909 0.996489
vt 0.856235 0.995829
vt 0.856235 0.976435
vt 0.856909 0.975774
vt 0.688597 0.234155
vt 0.688626 0.213748
vt 0.689816 0.212547
vt 0.689816 0.235063
vt 0.997413 0.438888
vt 0.998047 0.439449
vt 0.998047 0.468139
vt 0.997413 0.468762
vt 0.017368 0.744884
vt 0.017340 0.715020
vt 0.018298 0.714084
vt 0.018298 0.745988
vt 0.433183 0.805846
vt 0.434120 0.805998
vt 0.449554 0.830144
vt 0.449255 0.830989
vt 0.618732 0.703078
vt 0.634745 0.728267
vt 0.634374 0.729531
vt 0.617015 0.702805
vt 0.997857 0.834632
vt 0.998530 0.835160
vt 0.998530 0.853709
vt 0.997857 0.854237
vt 0.202217 0.971399
vt 0.202217 0.991168
vt 0.201212 0.992076
vt 0.201212 0.970491
vt 0.449554 0.794816
vt 0.449429 0.795683
vt 0.634529 0.692269
vt 0.634745 0.690674
vt 0.849799 0.560000
vt 0.850112 0.560782
vt 0.834934 0.584549
vt 0.833994 0.584747
vt 0.739261 0.404652
vt 0.723343 0.429333
vt 0.721707 0.429769
vt 0.738815 0.403489
vt 0.994957 0.682308
vt 0.995714 0.682900
vt 0.995714 0.711678
vt 0.994957 0.712275
vt 0.541875 0.863113
vt 0.541937 0.833140
vt 0.543239 0.832047
vt 0.543239 0.864051
vt 0.850112 0.595255
vt 0.850026 0.596055
vt 0.739261 0.441102
vt 0.739217 0.442355
vt 0.905220 0.996598
vt 0.904547 0.995937
vt 0.904547 0.976543
vt 0.905220 0.975883
vt 0.054221 0.951476
vt 0.054221 0.971590
vt 0.053031 0.972791
vt 0.053031 0.950275
vt 0.995969 0.124490
vt 0.996685 0.125051
vt 0.996685 0.153662
vt 0.995969 0.154283
vt 0.713091 0.949476
vt 0.713086 0.919413
vt 0.714189 0.918478
vt 0.714189 0.950296
vt 0.851035 0.612243
vt 0.852035 0.612358
vt 0.866864 0.636907
vt 0.866476 0.637805
vt 0.059736 0.725925
vt 0.075509 0.751273
vt 0.074740 0.752791
vt 0.058136 0.725561
vt 0.998024 0.055122
vt 0.998697 0.055650
vt 0.998697 0.074199
vt 0.998024 0.074727
vt 0.335987 0.991733
vt 0.336000 0.971834
vt 0.336992 0.971056
vt 0.336992 0.992642
vt 0.866864 0.601761
vt 0.866837 0.602556
vt 0.075509 0.715386
vt 0.075314 0.714084
vt 0.654840 0.869599
vt 0.655232 0.870427
vt 0.641174 0.894928
vt 0.640200 0.895111
vt 0.770646 0.602995
vt 0.755597 0.628577
vt 0.754163 0.628839
vt 0.770086 0.601761
vt 0.990116 0.029974
vt 0.989287 0.029370
vt 0.989287 0.000584
vt 0.990116 0.000000
vt 0.237559 0.807455
vt 0.237448 0.777479
vt 0.238943 0.776401
vt 0.238943 0.808413
vt 0.655232 0.904717
vt 0.655050 0.905450
vt 0.770646 0.639298
vt 0.770362 0.640380
vt 0.901180 0.996597
vt 0.900506 0.995937
vt 0.900506 0.976543
vt 0.901180 0.975883
vt 0.687379 0.234155
vt 0.687379 0.213456
vt 0.688597 0.212547
vt 0.688597 0.235063
vt 0.994971 0.498631
vt 0.994199 0.498062
vt 0.994199 0.469543
vt 0.994971 0.468934
vt 0.563398 0.930433
vt 0.563392 0.900468
vt 0.564528 0.899564
vt 0.564528 0.931279
vt 0.894416 0.652252
vt 0.895454 0.652364
vt 0.909325 0.677502
vt 0.908860 0.678427
vt 0.221050 0.768770
vt 0.235604 0.794885
vt 0.234910 0.796320
vt 0.219367 0.768431
vt 0.998758 0.378525
vt 0.998085 0.377997
vt 0.998085 0.359448
vt 0.998758 0.358920
vt 0.492644 0.992016
vt 0.492644 0.971985
vt 0.493637 0.971208
vt 0.493637 0.992794
vt 0.909250 0.642962
vt 0.909325 0.643677
vt 0.235604 0.759572
vt 0.235466 0.758254
vt 0.955705 0.235318
vt 0.956169 0.236167
vt 0.943651 0.261573
vt 0.942671 0.261774
vt 0.388819 0.756637
vt 0.375446 0.783222
vt 0.373911 0.783454
vt 0.388059 0.755314
vt 0.983576 0.642962
vt 0.984447 0.643569
vt 0.984447 0.672341
vt 0.983576 0.672923
vt 0.018800 0.777017
vt 0.018801 0.747056
vt 0.020374 0.745984
vt 0.020374 0.777980
vt 0.956169 0.269899
vt 0.955893 0.270568
vt 0.388819 0.791958
vt 0.388363 0.793240
vt 0.905894 0.996598
vt 0.905220 0.995937
vt 0.905220 0.976543
vt 0.905894 0.975883
vt 0.715465 0.971611
vt 0.715465 0.951497
vt 0.716655 0.950296
vt 0.716655 0.972812
vt 0.992573 0.904875
vt 0.993370 0.905463
vt 0.993370 0.933885
vt 0.992573 0.934471
vt 0.750296 0.891635
vt 0.750290 0.862039
vt 0.751555 0.861153
vt 0.751555 0.892759
vt 0.058136 0.939742
vt 0.059183 0.939888
vt 0.071690 0.965770
vt 0.071159 0.966693
vt 0.882992 0.568460
vt 0.895972 0.595431
vt 0.894951 0.596979
vt 0.881088 0.568176
vt 0.998649 0.144095
vt 0.997976 0.143567
vt 0.997976 0.125018
vt 0.998649 0.124490
vt 0.199201 0.971399
vt 0.199201 0.991168
vt 0.198195 0.992076
vt 0.198195 0.970491
vt 0.071510 0.932208
vt 0.071690 0.932843
vt 0.895972 0.561175
vt 0.895655 0.560000
vt 0.992630 0.468934
vt 0.993427 0.469520
vt 0.993427 0.497934
vt 0.992630 0.498522
vt 0.542036 0.926496
vt 0.542042 0.896909
vt 0.543209 0.895768
vt 0.543209 0.927367
vt 0.765902 0.908483
vt 0.766781 0.909083
vt 0.766781 0.937828
vt 0.765902 0.938415
vt 0.560171 0.895995
vt 0.560171 0.866063
vt 0.561555 0.864970
vt 0.561555 0.896936
vt 0.013168 0.927172
vt 0.013447 0.927838
vt 0.000980 0.936103
vt 0.000000 0.935901
vt 0.867811 0.277742
vt 0.854456 0.286528
vt 0.852921 0.286302
vt 0.867269 0.276519
vt 0.860276 0.996489
vt 0.859602 0.995829
vt 0.859602 0.976435
vt 0.860276 0.975774
vt 0.699566 0.234155
vt 0.699566 0.213456
vt 0.700785 0.212547
vt 0.700785 0.235063
vt 0.013447 0.961542
vt 0.012982 0.962391
vt 0.867811 0.313146
vt 0.867146 0.314412
vt 0.448954 0.984939
vt 0.448084 0.984357
vt 0.448084 0.955585
vt 0.448954 0.954978
vt 0.235605 0.821169
vt 0.235604 0.791208
vt 0.237014 0.790252
vt 0.237014 0.822248
vt 0.131777 0.989951
vt 0.131103 0.989424
vt 0.131103 0.970875
vt 0.131777 0.970347
vt 0.499591 0.992016
vt 0.499591 0.971985
vt 0.500584 0.971208
vt 0.500584 0.992794
vt 0.130607 0.970232
vt 0.130607 0.990067
vt 0.544876 0.865103
vt 0.544896 0.863925
vt 0.356680 0.929019
vt 0.357453 0.929627
vt 0.357453 0.958139
vt 0.356680 0.958709
vt 0.467765 0.892397
vt 0.467843 0.862454
vt 0.468974 0.861608
vt 0.468974 0.893315
vt 0.954546 0.317720
vt 0.955047 0.318626
vt 0.942193 0.344300
vt 0.941161 0.344454
vt 0.847565 0.031964
vt 0.847808 0.002079
vt 0.849114 0.000963
vt 0.849114 0.032892
vt 0.944436 0.403489
vt 0.944593 0.404226
vt 0.931516 0.412593
vt 0.930550 0.412374
vt 0.632526 0.805667
vt 0.618566 0.815180
vt 0.617015 0.814632
vt 0.632276 0.804580
vt 0.998512 0.198800
vt 0.999186 0.199460
vt 0.999186 0.217094
vt 0.998512 0.217754
vt 0.667403 0.985488
vt 0.667432 0.966841
vt 0.668622 0.965640
vt 0.668622 0.986396
vt 0.944593 0.437640
vt 0.944167 0.438455
vt 0.632526 0.841079
vt 0.631919 0.842293
vt 0.015496 0.957146
vt 0.014666 0.956562
vt 0.014666 0.927776
vt 0.015496 0.927172
vt 0.431518 0.830542
vt 0.431516 0.800567
vt 0.432900 0.799609
vt 0.432900 0.831620
vt 0.970054 0.514431
vt 0.969381 0.513903
vt 0.969381 0.497114
vt 0.970054 0.496586
vt 0.222396 0.990826
vt 0.222383 0.972686
vt 0.223388 0.971778
vt 0.223388 0.991603
vt 0.955047 0.351649
vt 0.955000 0.352365
vt 0.831905 0.001201
vt 0.831656 0.000000
vt 0.016498 0.855988
vt 0.017217 0.856608
vt 0.017217 0.885214
vt 0.016498 0.885775
vt 0.234556 0.934399
vt 0.234562 0.904611
vt 0.235664 0.903523
vt 0.235664 0.935335
vt 0.913127 0.276519
vt 0.913551 0.277401
vt 0.899745 0.302540
vt 0.898750 0.302696
vt 0.768050 0.761511
vt 0.753644 0.787671
vt 0.751828 0.787965
vt 0.767216 0.760028
vt 0.799905 0.872662
vt 0.799962 0.873463
vt 0.785798 0.882603
vt 0.784866 0.882367
vt 0.787318 0.603244
vt 0.772130 0.612987
vt 0.770646 0.612719
vt 0.787187 0.601761
vt 0.999364 0.119610
vt 0.998691 0.118949
vt 0.998691 0.101315
vt 0.999364 0.100655
vt 0.580480 0.985970
vt 0.580480 0.967616
vt 0.581670 0.966415
vt 0.581670 0.987171
vt 0.799962 0.906994
vt 0.799614 0.907766
vt 0.787318 0.638435
vt 0.786716 0.639655
vt 0.995262 0.191977
vt 0.994504 0.191381
vt 0.994504 0.162603
vt 0.995262 0.162011
vt 0.431519 0.862525
vt 0.431516 0.832558
vt 0.432881 0.831620
vt 0.432881 0.863624
vt 0.974094 0.496586
vt 0.974767 0.497114
vt 0.974767 0.513903
vt 0.974094 0.514431
vt 0.844975 0.990323
vt 0.844975 0.972315
vt 0.845980 0.971406
vt 0.845980 0.991231
vt 0.913492 0.310850
vt 0.913551 0.311643
vt 0.767942 0.796337
vt 0.768050 0.797797
vt 0.996744 0.081050
vt 0.997382 0.081674
vt 0.997382 0.110359
vt 0.996744 0.110919
vt 0.335524 0.720444
vt 0.335524 0.750584
vt 0.334590 0.751417
vt 0.334585 0.719517
vt 0.879285 0.868565
vt 0.879620 0.869397
vt 0.865221 0.894176
vt 0.864291 0.894367
vt 0.333586 0.750547
vt 0.333586 0.720677
vt 0.700861 0.161759
vt 0.700156 0.161267
vt 0.700063 0.143725
vt 0.700763 0.143132
vt 0.562303 0.676679
vt 0.561936 0.657620
vt 0.563238 0.656752
vt 0.563348 0.677400
vt 0.999074 0.274109
vt 0.998400 0.273448
vt 0.998400 0.255814
vt 0.999074 0.255154
vt 0.910356 0.965984
vt 0.910356 0.984923
vt 0.909137 0.985832
vt 0.909137 0.965076
vt 0.671875 0.143702
vt 0.671411 0.143108
vt 0.532585 0.657596
vt 0.531893 0.656721
vt 0.448084 0.984912
vt 0.447427 0.984296
vt 0.447427 0.955550
vt 0.448084 0.954978
vt 0.129409 0.915990
vt 0.129405 0.886056
vt 0.130583 0.885141
vt 0.130583 0.917109
vt 0.983749 0.601753
vt 0.983076 0.601225
vt 0.983076 0.584437
vt 0.983749 0.583909
vt 0.228363 0.990826
vt 0.228363 0.972555
vt 0.229356 0.971778
vt 0.229356 0.991603
vt 0.879459 0.902916
vt 0.879620 0.903777
vt 0.988957 0.061483
vt 0.988957 0.079454
vt 0.987765 0.080236
vt 0.987765 0.060508
vt 0.671875 0.142519
vt 0.700063 0.142542
vt 0.563238 0.658615
vt 0.531893 0.658594
vt 0.997087 0.789600
vt 0.996431 0.789030
vt 0.996431 0.760287
vt 0.997087 0.759670
vt 0.636471 0.913514
vt 0.636475 0.883584
vt 0.637649 0.882447
vt 0.637649 0.914411
vt 0.700156 0.124987
vt 0.700861 0.124490
vt 0.562036 0.638815
vt 0.563348 0.637951
vt 0.998456 0.468533
vt 0.999130 0.469193
vt 0.999130 0.486827
vt 0.998456 0.487488
vt 0.746583 0.985695
vt 0.746611 0.967048
vt 0.747801 0.965847
vt 0.747801 0.986603
vt 0.997725 0.712183
vt 0.997088 0.711621
vt 0.997088 0.682931
vt 0.997725 0.682308
vt 0.155232 0.671252
vt 0.155257 0.641366
vt 0.156194 0.640441
vt 0.156189 0.672347
vt 0.388908 0.877101
vt 0.389837 0.877293
vt 0.404239 0.902069
vt 0.403905 0.902901
vt 0.157195 0.641598
vt 0.157195 0.671474
vt 0.972747 0.514431
vt 0.972074 0.513903
vt 0.972074 0.497114
vt 0.972747 0.496586
vt 0.221390 0.990826
vt 0.221377 0.972686
vt 0.222383 0.971778
vt 0.222383 0.991603
vt 0.404239 0.867689
vt 0.404077 0.868551
vt 0.400358 0.987722
vt 0.400360 0.970043
vt 0.401552 0.969069
vt 0.401552 0.988800
vt 0.731636 0.870687
vt 0.731980 0.871457
vt 0.717782 0.895826
vt 0.716851 0.896063
vt 0.036994 0.754209
vt 0.021882 0.779385
vt 0.020374 0.779959
vt 0.036393 0.752994
vt 0.995848 0.864598
vt 0.995092 0.864006
vt 0.995092 0.835229
vt 0.995848 0.834632
vt 0.799681 0.865821
vt 0.799685 0.835856
vt 0.801044 0.834755
vt 0.801044 0.866757
vt 0.731980 0.904985
vt 0.731928 0.905789
vt 0.036985 0.789630
vt 0.036994 0.790885
vt 0.998697 0.035517
vt 0.999371 0.036178
vt 0.999371 0.053811
vt 0.998697 0.054472
vt 0.711807 0.984850
vt 0.711836 0.966203
vt 0.713026 0.965002
vt 0.713026 0.985758
vt 0.996342 0.672756
vt 0.995624 0.672195
vt 0.995624 0.643582
vt 0.996342 0.642962
vt 0.406257 0.941869
vt 0.406251 0.911804
vt 0.407357 0.910869
vt 0.407357 0.942689
vt 0.897437 0.008953
vt 0.898432 0.009109
vt 0.912244 0.034244
vt 0.911820 0.035126
vt 0.788740 0.134715
vt 0.803088 0.160919
vt 0.802497 0.162266
vt 0.786923 0.134433
vt 0.971401 0.514431
vt 0.970727 0.513903
vt 0.970727 0.497114
vt 0.971401 0.496586
vt 0.836932 0.990323
vt 0.836932 0.972315
vt 0.837938 0.971406
vt 0.837938 0.991231
vt 0.912244 0.000000
vt 0.912184 0.000794
vt 0.802988 0.125952
vt 0.803088 0.124490
vt 0.782313 0.907136
vt 0.782736 0.907949
vt 0.769607 0.932965
vt 0.768642 0.933185
vt 0.833994 0.561212
vt 0.819853 0.587312
vt 0.818429 0.587626
vt 0.833391 0.560000
vt 0.990521 0.111024
vt 0.989692 0.110421
vt 0.989692 0.081635
vt 0.990522 0.081050
vt 0.129293 0.788249
vt 0.129408 0.758275
vt 0.130789 0.757196
vt 0.130789 0.789208
vt 0.782736 0.941374
vt 0.782583 0.942114
vt 0.833994 0.596637
vt 0.833750 0.597728
vt 0.998513 0.963508
vt 0.999187 0.964169
vt 0.999187 0.981802
vt 0.998513 0.982463
vt 0.781922 0.985359
vt 0.781951 0.966713
vt 0.783141 0.965511
vt 0.783141 0.986268
vt 0.994334 0.864331
vt 0.993562 0.863761
vt 0.993562 0.835240
vt 0.994334 0.834632
vt 0.633608 0.798898
vt 0.633602 0.768930
vt 0.634739 0.768027
vt 0.634739 0.799745
vt 0.940092 0.567920
vt 0.941124 0.568074
vt 0.953987 0.593743
vt 0.953486 0.594650
vt 0.850487 0.806664
vt 0.864221 0.833220
vt 0.863484 0.834632
vt 0.848816 0.806272
vt 0.984422 0.601753
vt 0.983749 0.601225
vt 0.983749 0.584437
vt 0.984422 0.583909
vt 0.229356 0.990826
vt 0.229356 0.972555
vt 0.230348 0.971778
vt 0.230348 0.991603
vt 0.953940 0.559999
vt 0.953987 0.560717
vt 0.864221 0.798574
vt 0.863892 0.797391
vt 0.388084 0.677070
vt 0.388576 0.677902
vt 0.376921 0.703720
vt 0.375948 0.703954
vt 0.669359 0.833602
vt 0.656841 0.860605
vt 0.655314 0.860886
vt 0.668558 0.832305
vt 0.372945 0.955641
vt 0.373816 0.956247
vt 0.373816 0.985021
vt 0.372945 0.985603
vt 0.016606 0.784032
vt 0.016607 0.754070
vt 0.018179 0.752997
vt 0.018179 0.784996
vt 0.388576 0.710898
vt 0.388324 0.711576
vt 0.669359 0.868177
vt 0.668947 0.869474
vt 0.056113 0.999190
vt 0.055439 0.998530
vt 0.055439 0.980896
vt 0.056113 0.980235
vt 0.071335 0.967894
vt 0.071335 0.986247
vt 0.070145 0.987449
vt 0.070145 0.966692
vt 0.428768 0.893222
vt 0.427971 0.892634
vt 0.427971 0.864210
vt 0.428768 0.863624
vt 0.315405 0.788376
vt 0.315399 0.758777
vt 0.316665 0.757892
vt 0.316665 0.789502
vt 0.716851 0.947839
vt 0.717892 0.948023
vt 0.729444 0.974345
vt 0.728880 0.975248
vt 0.330409 0.936354
vt 0.330409 0.906422
vt 0.332000 0.905470
vt 0.332000 0.937436
vt 0.975441 0.514431
vt 0.974767 0.513903
vt 0.974767 0.497114
vt 0.975441 0.496586
vt 0.989941 0.402492
vt 0.989941 0.384484
vt 0.990947 0.383576
vt 0.990947 0.403401
vt 0.729288 0.941424
vt 0.729444 0.942065
vt 0.316907 0.937200
vt 0.316682 0.938396
vt 0.992525 0.672553
vt 0.991728 0.671968
vt 0.991728 0.643550
vt 0.992525 0.642962
vt 0.467765 0.924048
vt 0.467771 0.894457
vt 0.468938 0.893315
vt 0.468938 0.924918
vt 0.467695 0.927372
vt 0.466815 0.926772
vt 0.466815 0.898024
vt 0.467695 0.897437
vt 0.603345 0.851733
vt 0.603344 0.821797
vt 0.604729 0.820705
vt 0.604729 0.852674
vt 0.189480 0.874234
vt 0.189734 0.874910
vt 0.178110 0.882049
vt 0.177138 0.881815
vt 0.160618 0.795808
vt 0.147999 0.803509
vt 0.146564 0.803175
vt 0.160119 0.794568
vt 0.998987 0.759423
vt 0.998314 0.758762
vt 0.998314 0.741128
vt 0.998987 0.740468
vt 0.893297 0.984661
vt 0.893297 0.965722
vt 0.894516 0.964814
vt 0.894516 0.985570
vt 0.189734 0.907889
vt 0.189241 0.908721
vt 0.160618 0.830472
vt 0.159914 0.831716
vt 0.372597 0.983256
vt 0.371726 0.982675
vt 0.371726 0.953902
vt 0.372597 0.953295
vt 0.584998 0.819624
vt 0.584998 0.789663
vt 0.586408 0.788707
vt 0.586408 0.820703
vt 0.499919 0.467904
vt 0.499246 0.467376
vt 0.499246 0.450588
vt 0.499919 0.450060
vt 0.549698 0.448970
vt 0.549698 0.467241
vt 0.548705 0.468018
vt 0.548705 0.448193
vt 0.498750 0.449945
vt 0.498750 0.468019
vt 0.547795 0.467135
vt 0.547795 0.449076
vt 0.239604 0.838713
vt 0.239604 0.867228
vt 0.238831 0.867798
vt 0.504750 0.748079
vt 0.504755 0.718118
vt 0.505960 0.717286
vt 0.505960 0.748997
vt 0.954988 0.601761
vt 0.955489 0.602668
vt 0.942638 0.628347
vt 0.941605 0.628500
vt 0.373349 0.861853
vt 0.373348 0.831952
vt 0.374899 0.830849
vt 0.374899 0.862781
vt 0.630931 0.908903
vt 0.631086 0.909641
vt 0.617981 0.918021
vt 0.617015 0.917802
vt 0.848240 0.683458
vt 0.834316 0.692888
vt 0.832767 0.692336
vt 0.848087 0.682308
vt 0.999394 0.457842
vt 0.998721 0.457182
vt 0.998721 0.439548
vt 0.999394 0.438888
vt 0.982185 0.558637
vt 0.982213 0.539991
vt 0.983403 0.538789
vt 0.983403 0.559546
vt 0.631086 0.943058
vt 0.630662 0.943872
vt 0.848240 0.718812
vt 0.847632 0.720024
vt 0.895765 0.936703
vt 0.894935 0.936119
vt 0.894935 0.907333
vt 0.895765 0.906729
vt 0.566638 0.828884
vt 0.566636 0.798909
vt 0.568020 0.797951
vt 0.568020 0.829963
vt 0.978807 0.514431
vt 0.978134 0.513903
vt 0.978134 0.497114
vt 0.978807 0.496586
vt 0.837950 0.990454
vt 0.837938 0.972315
vt 0.838943 0.971406
vt 0.838943 0.991231
vt 0.955489 0.635678
vt 0.955441 0.636393
vt 0.357701 0.831099
vt 0.357453 0.829900
vt 0.237047 0.566026
vt 0.236327 0.565406
vt 0.236327 0.536798
vt 0.237047 0.536237
vt 0.091625 0.820725
vt 0.091630 0.790936
vt 0.092733 0.789846
vt 0.092733 0.821660
vt 0.913818 0.235318
vt 0.914243 0.236201
vt 0.900438 0.261346
vt 0.899444 0.261501
vt 0.799161 0.037001
vt 0.784756 0.063167
vt 0.782940 0.063460
vt 0.798326 0.035517
vt 0.832526 0.871978
vt 0.832580 0.872780
vt 0.818397 0.881924
vt 0.817466 0.881688
vt 0.786079 0.561483
vt 0.771006 0.571460
vt 0.769387 0.570963
vt 0.785951 0.560000
vt 0.999371 0.180966
vt 0.998698 0.180305
vt 0.998698 0.162671
vt 0.999371 0.162011
vt 0.333951 0.986125
vt 0.333951 0.967771
vt 0.335140 0.966570
vt 0.335140 0.987327
vt 0.832580 0.906310
vt 0.832234 0.907081
vt 0.786079 0.596674
vt 0.785479 0.597893
vt 0.995194 0.901592
vt 0.994436 0.900996
vt 0.994436 0.872218
vt 0.995194 0.871626
vt 0.750193 0.860054
vt 0.750190 0.830087
vt 0.751555 0.829149
vt 0.751555 0.861153
vt 0.976114 0.514431
vt 0.975441 0.513903
vt 0.975441 0.497114
vt 0.976114 0.496586
vt 0.584080 0.990490
vt 0.584080 0.972482
vt 0.585085 0.971574
vt 0.585085 0.991399
vt 0.914184 0.269645
vt 0.914243 0.270437
vt 0.799053 0.071822
vt 0.799161 0.073279
vt 0.314536 0.932983
vt 0.313897 0.932360
vt 0.313897 0.903674
vt 0.314536 0.903112
vt 0.038604 0.820831
vt 0.038609 0.790960
vt 0.039544 0.789856
vt 0.039544 0.821758
vt 0.254603 0.867889
vt 0.254938 0.868722
vt 0.240541 0.893506
vt 0.239611 0.893697
vt 0.785351 0.723038
vt 0.770102 0.748696
vt 0.768642 0.749185
vt 0.784930 0.721787
vt 0.699107 0.680231
vt 0.698402 0.679736
vt 0.698311 0.662188
vt 0.699009 0.661597
vt 0.499125 0.676668
vt 0.499291 0.657610
vt 0.500327 0.656744
vt 0.500434 0.677400
vt 0.999072 0.701263
vt 0.998399 0.700602
vt 0.998399 0.682969
vt 0.999072 0.682308
vt 0.985423 0.513008
vt 0.985423 0.494069
vt 0.986642 0.493160
vt 0.986642 0.513916
vt 0.670117 0.662187
vt 0.669652 0.661595
vt 0.469668 0.657609
vt 0.468974 0.656738
vt 0.410048 0.880076
vt 0.409391 0.879460
vt 0.409391 0.850714
vt 0.410048 0.850142
vt 0.524270 0.907999
vt 0.524266 0.878066
vt 0.525445 0.877151
vt 0.525445 0.909119
vt 0.986442 0.583909
vt 0.987116 0.584437
vt 0.987116 0.601225
vt 0.986442 0.601753
vt 0.227371 0.990826
vt 0.227371 0.972555
vt 0.228363 0.971778
vt 0.228363 0.991603
vt 0.254778 0.902244
vt 0.254938 0.903103
vt 0.785322 0.758246
vt 0.785351 0.759670
vt 0.670117 0.661004
vt 0.698311 0.661005
vt 0.500327 0.658608
vt 0.468974 0.658611
vt 0.997220 0.864564
vt 0.996566 0.863993
vt 0.996566 0.835249
vt 0.997220 0.834632
vt 0.274333 0.921371
vt 0.274337 0.891440
vt 0.275509 0.890303
vt 0.275509 0.922269
vt 0.698402 0.643456
vt 0.699107 0.642962
vt 0.499390 0.638675
vt 0.500434 0.637951
vt 0.998631 0.871626
vt 0.999304 0.872286
vt 0.999304 0.889920
vt 0.998631 0.890580
vt 0.983403 0.558637
vt 0.983432 0.539991
vt 0.984622 0.538789
vt 0.984622 0.559546
vt 0.997292 0.514467
vt 0.997929 0.515029
vt 0.997929 0.543719
vt 0.997292 0.544342
vt 0.296118 0.680980
vt 0.296118 0.711125
vt 0.295181 0.712050
vt 0.295186 0.680145
vt 0.410048 0.876837
vt 0.410977 0.877028
vt 0.425383 0.901807
vt 0.425050 0.902639
vt 0.294179 0.710892
vt 0.294179 0.681018
vt 0.972074 0.514431
vt 0.971401 0.513903
vt 0.971401 0.497114
vt 0.972074 0.496586
vt 0.220385 0.990826
vt 0.220372 0.972686
vt 0.221377 0.971778
vt 0.221377 0.991603
vt 0.425383 0.867427
vt 0.425220 0.868288
vt 0.402745 0.987723
vt 0.402746 0.970042
vt 0.403937 0.969069
vt 0.403937 0.988803
vt 0.895446 0.871626
vt 0.895792 0.872396
vt 0.881607 0.896781
vt 0.880676 0.897017
vt 0.791373 0.168231
vt 0.776249 0.193724
vt 0.774768 0.193998
vt 0.790769 0.167014
vt 0.996027 0.111015
vt 0.995271 0.110424
vt 0.995271 0.081647
vt 0.996027 0.081050
vt 0.543513 0.868295
vt 0.543516 0.838329
vt 0.544874 0.837229
vt 0.544874 0.869231
vt 0.895792 0.905927
vt 0.895738 0.906729
vt 0.791366 0.203654
vt 0.791373 0.204906
vt 0.998697 0.054472
vt 0.999371 0.055133
vt 0.999371 0.072767
vt 0.998697 0.073428
vt 0.861509 0.984808
vt 0.861537 0.966162
vt 0.862727 0.964961
vt 0.862727 0.985717
vt 0.996431 0.789463
vt 0.995713 0.788902
vt 0.995713 0.760290
vt 0.996431 0.759670
vt 0.522998 0.946230
vt 0.522993 0.916166
vt 0.524099 0.915231
vt 0.524099 0.947050
vt 0.897228 0.477887
vt 0.898222 0.478043
vt 0.912044 0.503177
vt 0.911621 0.504059
vt 0.787894 0.570223
vt 0.802253 0.596426
vt 0.801664 0.597773
vt 0.786079 0.569942
vt 0.970727 0.514431
vt 0.970054 0.513903
vt 0.970054 0.497114
vt 0.970727 0.496586
vt 0.991094 0.061416
vt 0.991094 0.079424
vt 0.990088 0.080333
vt 0.990088 0.060508
vt 0.912044 0.468934
vt 0.911983 0.469728
vt 0.802151 0.561460
vt 0.802253 0.560000
vt 0.765477 0.908483
vt 0.765902 0.909297
vt 0.752793 0.934332
vt 0.751828 0.934552
vt 0.833589 0.722729
vt 0.819380 0.748801
vt 0.817955 0.749109
vt 0.832989 0.721513
vt 0.990330 0.403489
vt 0.991158 0.404093
vt 0.991158 0.432878
vt 0.990330 0.433463
vt 0.294544 0.807004
vt 0.294658 0.777030
vt 0.296039 0.775951
vt 0.296039 0.807963
vt 0.765902 0.942715
vt 0.765747 0.943453
vt 0.833589 0.757907
vt 0.833218 0.759233
vt 0.999207 0.578954
vt 0.998534 0.578294
vt 0.998534 0.560660
vt 0.999207 0.560000
vt 0.406168 0.985934
vt 0.406196 0.967287
vt 0.407386 0.966086
vt 0.407386 0.986842
vt 0.994436 0.901323
vt 0.993664 0.900753
vt 0.993664 0.872233
vt 0.994436 0.871625
vt 0.560546 0.927537
vt 0.560540 0.897839
vt 0.561677 0.896936
vt 0.561677 0.928653
vt 0.938932 0.690229
vt 0.939963 0.690382
vt 0.952839 0.716048
vt 0.952339 0.716955
vt 0.850263 0.652234
vt 0.864011 0.678786
vt 0.863276 0.680199
vt 0.848592 0.651843
vt 0.985769 0.601753
vt 0.985096 0.601225
vt 0.985096 0.584437
vt 0.985769 0.583909
vt 0.803063 0.972552
vt 0.803063 0.990823
vt 0.802070 0.991600
vt 0.802070 0.971775
vt 0.952794 0.682308
vt 0.952839 0.683025
vt 0.864011 0.644144
vt 0.863685 0.642962
vt 0.189246 0.839745
vt 0.189739 0.840578
vt 0.178111 0.866415
vt 0.177138 0.866649
vt 0.159947 0.871061
vt 0.147569 0.897842
vt 0.145931 0.898367
vt 0.159144 0.869763
vt 0.985912 0.468850
vt 0.985041 0.468243
vt 0.985041 0.439469
vt 0.985912 0.438888
vt 0.235604 0.789288
vt 0.235605 0.759326
vt 0.237177 0.758254
vt 0.237177 0.790252
vt 0.189739 0.873557
vt 0.189485 0.874234
vt 0.159947 0.905618
vt 0.159533 0.906912
vt 0.999322 0.143446
vt 0.998649 0.142785
vt 0.998649 0.125151
vt 0.999322 0.124490
vt 0.967495 0.968048
vt 0.967495 0.986402
vt 0.966305 0.987603
vt 0.966305 0.966847
vt 0.990945 0.000000
vt 0.991742 0.000588
vt 0.991742 0.029011
vt 0.990945 0.029597
vt 0.585030 0.883156
vt 0.585024 0.853559
vt 0.586289 0.852673
vt 0.586289 0.884281
vt 0.092195 0.874095
vt 0.093075 0.874683
vt 0.093075 0.903430
vt 0.092195 0.904030
vt 0.924428 0.935762
vt 0.924428 0.905827
vt 0.926020 0.904875
vt 0.926020 0.936844
vt 0.497580 0.467905
vt 0.496907 0.467376
vt 0.496907 0.450588
vt 0.497580 0.450060
vt 0.840954 0.972315
vt 0.840954 0.990323
vt 0.839948 0.991231
vt 0.839948 0.971406
vt 0.496411 0.449945
vt 0.496411 0.468020
vt 0.910909 0.936591
vt 0.910681 0.937785
vt 0.991341 0.162011
vt 0.992138 0.162596
vt 0.992138 0.191020
vt 0.991341 0.191609
vt 0.090894 0.922672
vt 0.090900 0.893074
vt 0.092067 0.891934
vt 0.092067 0.923543
vt 0.407084 0.679254
vt 0.407963 0.679854
vt 0.407963 0.708601
vt 0.407084 0.709188
vt 0.636344 0.849502
vt 0.636344 0.819568
vt 0.637729 0.818475
vt 0.637729 0.850444
vt 0.973487 0.198800
vt 0.973741 0.199476
vt 0.962123 0.206614
vt 0.961150 0.206380
vt 0.388824 0.718198
vt 0.376190 0.725863
vt 0.374757 0.725526
vt 0.388328 0.716956
vt 0.998443 0.702143
vt 0.999117 0.702804
vt 0.999117 0.720438
vt 0.998443 0.721098
vt 0.598830 0.984729
vt 0.598830 0.965791
vt 0.600049 0.964882
vt 0.600049 0.985638
vt 0.973741 0.232455
vt 0.973248 0.233287
vt 0.388824 0.752804
vt 0.388023 0.754104
vt 0.234431 0.971309
vt 0.233560 0.970727
vt 0.233560 0.941953
vt 0.234431 0.941347
vt 0.524242 0.812101
vt 0.524241 0.782139
vt 0.525651 0.781183
vt 0.525651 0.813181
vt 0.499919 0.450060
vt 0.500593 0.450588
vt 0.500593 0.467376
vt 0.499919 0.467904
vt 0.545879 0.467109
vt 0.545892 0.448970
vt 0.546885 0.448193
vt 0.546885 0.468018
vt 0.501089 0.468019
vt 0.501089 0.449945
vt 0.547795 0.449076
vt 0.547795 0.467135
vt 0.994187 0.265017
vt 0.993414 0.264409
vt 0.993414 0.235888
vt 0.994187 0.235318
vt 0.314619 0.895031
vt 0.314553 0.865048
vt 0.315756 0.864216
vt 0.315756 0.895934
vt 0.955385 0.276519
vt 0.955887 0.277426
vt 0.943049 0.303110
vt 0.942016 0.303264
vt 0.484853 0.861860
vt 0.484851 0.831961
vt 0.486403 0.830858
vt 0.486403 0.862789
vt 0.174625 0.909254
vt 0.174780 0.909992
vt 0.161679 0.918372
vt 0.160713 0.918152
vt 0.848749 0.760820
vt 0.834830 0.770249
vt 0.833281 0.769698
vt 0.848596 0.759670
vt 0.998534 0.579604
vt 0.999207 0.580265
vt 0.999207 0.597898
vt 0.998534 0.598559
vt 0.124578 0.985999
vt 0.124607 0.967353
vt 0.125797 0.966152
vt 0.125797 0.986908
vt 0.174780 0.943409
vt 0.174355 0.944223
vt 0.848749 0.796174
vt 0.848140 0.797386
vt 0.634741 0.834554
vt 0.633910 0.833970
vt 0.633910 0.805184
vt 0.634741 0.804580
vt 0.255367 0.825495
vt 0.255365 0.795520
vt 0.256750 0.794562
vt 0.256750 0.826574
vt 0.985096 0.601753
vt 0.984422 0.601225
vt 0.984422 0.584437
vt 0.985096 0.583909
vt 0.231341 0.972555
vt 0.231341 0.990826
vt 0.230348 0.991603
vt 0.230348 0.971778
vt 0.955887 0.310435
vt 0.955838 0.311150
vt 0.469220 0.831100
vt 0.468974 0.829900
vt 0.799169 0.957759
vt 0.799888 0.958380
vt 0.799888 0.986993
vt 0.799169 0.987554
vt 0.093147 0.936948
vt 0.093152 0.907153
vt 0.094253 0.906063
vt 0.094253 0.937883
vt 0.915572 0.403489
vt 0.915998 0.404371
vt 0.902203 0.429519
vt 0.901207 0.429674
vt 0.801077 0.761154
vt 0.786683 0.787324
vt 0.784866 0.787616
vt 0.800241 0.759670
vt 0.783699 0.872032
vt 0.783754 0.872834
vt 0.769574 0.881979
vt 0.768642 0.881743
vt 0.786733 0.360404
vt 0.771663 0.370381
vt 0.770045 0.369884
vt 0.786605 0.358920
vt 0.999294 0.640321
vt 0.998620 0.639660
vt 0.998620 0.622027
vt 0.999294 0.621366
vt 0.967942 0.986401
vt 0.967942 0.968048
vt 0.969132 0.966846
vt 0.969132 0.987603
vt 0.783754 0.906365
vt 0.783408 0.907136
vt 0.786733 0.395595
vt 0.786133 0.396814
vt 0.994956 0.789635
vt 0.994197 0.789039
vt 0.994197 0.760262
vt 0.994956 0.759670
vt 0.015854 0.854887
vt 0.015851 0.824922
vt 0.017217 0.823985
vt 0.017217 0.855987
vt 0.980827 0.496586
vt 0.981500 0.497114
vt 0.981500 0.513903
vt 0.980827 0.514431
vt 0.842964 0.972315
vt 0.842964 0.990323
vt 0.841959 0.991231
vt 0.841959 0.971406
vt 0.915940 0.437815
vt 0.915998 0.438606
vt 0.800972 0.795974
vt 0.801077 0.797431
vt 0.997635 0.672837
vt 0.996998 0.672214
vt 0.996998 0.643524
vt 0.997635 0.642962
vt 0.297504 0.863633
vt 0.297509 0.833757
vt 0.298442 0.832652
vt 0.298442 0.864558
vt 0.145594 0.869521
vt 0.145931 0.870355
vt 0.131538 0.895139
vt 0.130607 0.895329
vt 0.785353 0.684099
vt 0.770111 0.709756
vt 0.768649 0.710246
vt 0.784930 0.682847
vt 0.700319 0.396189
vt 0.699614 0.395695
vt 0.699522 0.378148
vt 0.700221 0.377556
vt 0.530583 0.676669
vt 0.530749 0.657611
vt 0.531784 0.656745
vt 0.531893 0.677400
vt 0.999074 0.254273
vt 0.998400 0.253613
vt 0.998400 0.235979
vt 0.999074 0.235318
vt 0.631929 0.983967
vt 0.631929 0.965028
vt 0.633148 0.964120
vt 0.633148 0.984876
vt 0.671330 0.378143
vt 0.670865 0.377552
vt 0.501127 0.657607
vt 0.500434 0.656736
vt 0.407430 0.878901
vt 0.408088 0.879518
vt 0.408088 0.908262
vt 0.407430 0.908833
vt 0.766829 0.897966
vt 0.766825 0.868035
vt 0.768005 0.867121
vt 0.768005 0.899087
vt 0.982403 0.583909
vt 0.983076 0.584437
vt 0.983076 0.601225
vt 0.982403 0.601753
vt 0.226378 0.990826
vt 0.226378 0.972555
vt 0.227371 0.971778
vt 0.227371 0.991603
vt 0.145771 0.903876
vt 0.145931 0.904736
vt 0.785327 0.719306
vt 0.785353 0.720730
vt 0.671330 0.376961
vt 0.699522 0.376965
vt 0.531784 0.658609
vt 0.500434 0.658609
vt 0.996882 0.347653
vt 0.996226 0.347082
vt 0.996226 0.318335
vt 0.996882 0.317720
vt 0.501934 0.898151
vt 0.501938 0.868217
vt 0.503114 0.867082
vt 0.503114 0.899051
vt 0.699614 0.359415
vt 0.700319 0.358920
vt 0.530583 0.638683
vt 0.531893 0.637951
vt 0.999424 0.295474
vt 0.998750 0.294814
vt 0.998750 0.277180
vt 0.999424 0.276519
vt 0.766064 0.968051
vt 0.766064 0.986405
vt 0.764874 0.987606
vt 0.764874 0.966850
vt 0.998024 0.065388
vt 0.997388 0.064827
vt 0.997388 0.036141
vt 0.998024 0.035517
vt 0.055413 0.923558
vt 0.055408 0.893687
vt 0.056344 0.892761
vt 0.056344 0.924662
vt 0.882100 0.009413
vt 0.883028 0.009605
vt 0.897437 0.034379
vt 0.897105 0.035210
vt 0.757937 0.414221
vt 0.773026 0.439969
vt 0.772355 0.441363
vt 0.756238 0.413868
vt 0.978807 0.496586
vt 0.979480 0.497114
vt 0.979480 0.513903
vt 0.978807 0.514431
vt 0.223401 0.990826
vt 0.223388 0.972686
vt 0.224393 0.971778
vt 0.224393 0.991603
vt 0.897437 0.000000
vt 0.897274 0.000862
vt 0.772733 0.405072
vt 0.773026 0.403489
vt 0.234139 0.871555
vt 0.234484 0.872326
vt 0.220298 0.896708
vt 0.219367 0.896944
vt 0.016606 0.754214
vt 0.001617 0.779475
vt 0.000000 0.779978
vt 0.016003 0.752997
vt 0.995672 0.934842
vt 0.994914 0.934250
vt 0.994914 0.905471
vt 0.995672 0.904875
vt 0.406251 0.877957
vt 0.406255 0.847990
vt 0.407557 0.846898
vt 0.407557 0.878901
vt 0.234484 0.905856
vt 0.234431 0.906658
vt 0.016599 0.789636
vt 0.016606 0.790889
vt 0.999070 0.778625
vt 0.998397 0.777964
vt 0.998397 0.760330
vt 0.999070 0.759670
vt 0.087879 0.985947
vt 0.087879 0.967008
vt 0.089098 0.966099
vt 0.089098 0.986856
vt 0.996568 0.589789
vt 0.995851 0.589228
vt 0.995851 0.560621
vt 0.996568 0.560000
vt 0.584085 0.947245
vt 0.584080 0.917186
vt 0.585184 0.916250
vt 0.585184 0.948064
vt 0.897027 0.523430
vt 0.898020 0.523586
vt 0.911847 0.548715
vt 0.911425 0.549596
vt 0.641785 0.768787
vt 0.656486 0.794783
vt 0.655903 0.796132
vt 0.640200 0.768370
vt 0.976114 0.496586
vt 0.976787 0.497114
vt 0.976787 0.513903
vt 0.976114 0.514431
vt 0.838943 0.990323
vt 0.838943 0.972315
vt 0.839948 0.971406
vt 0.839948 0.991231
vt 0.911847 0.514467
vt 0.911785 0.515261
vt 0.656486 0.759660
vt 0.656340 0.758350
vt 0.798518 0.907766
vt 0.798942 0.908580
vt 0.785832 0.933611
vt 0.784866 0.933831
vt 0.833281 0.760886
vt 0.819069 0.786954
vt 0.817644 0.787262
vt 0.832681 0.759670
vt 0.989501 0.433463
vt 0.988671 0.432858
vt 0.988671 0.404073
vt 0.989501 0.403489
vt 0.159158 0.671493
vt 0.159160 0.641518
vt 0.160655 0.640441
vt 0.160655 0.672452
vt 0.798942 0.941999
vt 0.798787 0.942738
vt 0.833281 0.796065
vt 0.832910 0.797391
vt 0.999043 0.816346
vt 0.998369 0.815686
vt 0.998369 0.798052
vt 0.999043 0.797391
vt 0.481037 0.983455
vt 0.481066 0.964809
vt 0.482256 0.963607
vt 0.482256 0.984364
vt 0.994681 0.388613
vt 0.993909 0.388043
vt 0.993909 0.359528
vt 0.994681 0.358920
vt 0.273171 0.929211
vt 0.273165 0.899519
vt 0.274302 0.898616
vt 0.274302 0.930326
vt 0.938474 0.043455
vt 0.939505 0.043608
vt 0.952388 0.069268
vt 0.951889 0.070175
vt 0.852965 0.326920
vt 0.866540 0.353558
vt 0.865796 0.354965
vt 0.851297 0.326517
vt 0.982173 0.514431
vt 0.981500 0.513903
vt 0.981500 0.497114
vt 0.982173 0.496586
vt 0.231340 0.990826
vt 0.231340 0.972555
vt 0.232333 0.971778
vt 0.232333 0.991603
vt 0.952344 0.035517
vt 0.952388 0.036235
vt 0.866540 0.319044
vt 0.866457 0.317720
vt 0.189409 0.769033
vt 0.189901 0.769865
vt 0.178270 0.795699
vt 0.177297 0.795934
vt 0.698775 0.870807
vt 0.686395 0.897584
vt 0.684756 0.898109
vt 0.697972 0.869509
vt 0.982720 0.000000
vt 0.983591 0.000607
vt 0.983591 0.029379
vt 0.982720 0.029961
vt 0.566446 0.764976
vt 0.566447 0.735015
vt 0.568020 0.733943
vt 0.568020 0.765939
vt 0.189901 0.802848
vt 0.189648 0.803525
vt 0.698775 0.905367
vt 0.698361 0.906661
vt 0.999294 0.620716
vt 0.998620 0.620055
vt 0.998620 0.602422
vt 0.999294 0.601761
vt 0.985841 0.558344
vt 0.985841 0.539991
vt 0.987031 0.538789
vt 0.987031 0.559546
vt 0.993809 0.065107
vt 0.993011 0.064520
vt 0.993011 0.036103
vt 0.993809 0.035517
vt 0.037702 0.886295
vt 0.037696 0.856705
vt 0.038961 0.855818
vt 0.038961 0.887419
vt 0.880676 0.947854
vt 0.881717 0.948037
vt 0.893297 0.974348
vt 0.892734 0.975251
vt 0.312306 0.933997
vt 0.312306 0.904064
vt 0.313897 0.903112
vt 0.313897 0.935079
vt 0.980154 0.496586
vt 0.980827 0.497114
vt 0.980827 0.513903
vt 0.980154 0.514431
vt 0.841959 0.972315
vt 0.841959 0.990323
vt 0.840954 0.991231
vt 0.840954 0.971406
vt 0.893143 0.941417
vt 0.893297 0.942059
vt 0.298768 0.934837
vt 0.298537 0.936032
vt 0.992138 0.162011
vt 0.992935 0.162596
vt 0.992935 0.191019
vt 0.992138 0.191607
vt 0.015514 0.924665
vt 0.015521 0.895069
vt 0.016688 0.893928
vt 0.016688 0.925536
vt 0.373824 0.955641
vt 0.372945 0.955041
vt 0.372945 0.926296
vt 0.373824 0.925709
vt 0.653849 0.937439
vt 0.653848 0.907508
vt 0.655232 0.906415
vt 0.655232 0.938380
vt 0.698849 0.719603
vt 0.699105 0.720280
vt 0.687506 0.727422
vt 0.686534 0.727187
vt 0.669340 0.870715
vt 0.656749 0.878418
vt 0.655314 0.878084
vt 0.668839 0.869474
vt 0.998456 0.487488
vt 0.999129 0.488148
vt 0.999129 0.505782
vt 0.998456 0.506443
vt 0.729444 0.984668
vt 0.729444 0.965729
vt 0.730663 0.964821
vt 0.730663 0.985577
vt 0.699105 0.753263
vt 0.698611 0.754095
vt 0.669340 0.905384
vt 0.668635 0.906627
vt 0.541915 0.967965
vt 0.541043 0.967384
vt 0.541043 0.938611
vt 0.541915 0.938004
vt 0.485767 0.819271
vt 0.485766 0.789310
vt 0.487176 0.788354
vt 0.487176 0.820351
vt 0.498750 0.467904
vt 0.498076 0.467376
vt 0.498076 0.450588
vt 0.498750 0.450060
vt 0.224393 0.990826
vt 0.224393 0.972555
vt 0.225386 0.971778
vt 0.225386 0.991603
vt 0.497580 0.449945
vt 0.497580 0.468019
vt 0.639906 0.906629
vt 0.639926 0.905450
vt 0.993328 0.721513
vt 0.994100 0.722121
vt 0.994100 0.750640
vt 0.993328 0.751210
vt 0.352638 0.894090
vt 0.352644 0.864124
vt 0.353847 0.863293
vt 0.353847 0.895008
vt 0.954468 0.000000
vt 0.954969 0.000907
vt 0.942113 0.026579
vt 0.941081 0.026732
vt 0.830107 0.031967
vt 0.830106 0.002070
vt 0.831656 0.000966
vt 0.831656 0.032894
vt 0.188675 0.909254
vt 0.188831 0.909992
vt 0.175746 0.918375
vt 0.174780 0.918155
vt 0.849041 0.722664
vt 0.835139 0.732096
vt 0.833589 0.731544
vt 0.848886 0.721513
vt 0.999364 0.100004
vt 0.998691 0.099344
vt 0.998691 0.081710
vt 0.999364 0.081050
vt 0.894516 0.984661
vt 0.894544 0.966015
vt 0.895734 0.964814
vt 0.895734 0.985570
vt 0.188831 0.943411
vt 0.188405 0.944225
vt 0.849041 0.758020
vt 0.848431 0.759232
vt 0.189904 0.747631
vt 0.189073 0.747046
vt 0.189073 0.718261
vt 0.189904 0.717656
vt 0.404665 0.825247
vt 0.404663 0.795272
vt 0.406048 0.794314
vt 0.406048 0.826326
vt 0.978134 0.514431
vt 0.977460 0.513903
vt 0.977460 0.497114
vt 0.978134 0.496586
vt 0.219379 0.990826
vt 0.219367 0.972686
vt 0.220372 0.971778
vt 0.220372 0.991603
vt 0.954969 0.033932
vt 0.954921 0.034649
vt 0.814444 0.001202
vt 0.814194 0.000000
vt 0.039518 0.949178
vt 0.038800 0.948558
vt 0.038800 0.919946
vt 0.039518 0.919385
vt 0.294267 0.934827
vt 0.294273 0.905034
vt 0.295374 0.903944
vt 0.295374 0.935762
vt 0.912948 0.601761
vt 0.913373 0.602643
vt 0.899565 0.627780
vt 0.898571 0.627936
vt 0.784866 0.761152
vt 0.770458 0.787311
vt 0.768642 0.787604
vt 0.784032 0.759670
vt 0.749545 0.872369
vt 0.749600 0.873171
vt 0.735431 0.882320
vt 0.734499 0.882083
vt 0.786923 0.125975
vt 0.771865 0.135956
vt 0.770246 0.135459
vt 0.786793 0.124490
vt 0.999276 0.553027
vt 0.998602 0.552366
vt 0.998602 0.534733
vt 0.999276 0.534072
vt 0.387074 0.985714
vt 0.387074 0.967361
vt 0.388264 0.966159
vt 0.388264 0.986916
vt 0.749600 0.906701
vt 0.749253 0.907472
vt 0.786923 0.161165
vt 0.786322 0.162384
vt 0.784107 0.829345
vt 0.784866 0.829941
vt 0.784866 0.858719
vt 0.784107 0.859311
vt 0.056400 0.853683
vt 0.056396 0.823717
vt 0.057764 0.822779
vt 0.057764 0.854782
vt 0.979480 0.496586
vt 0.980154 0.497114
vt 0.980154 0.513903
vt 0.979480 0.514431
vt 0.988936 0.402492
vt 0.988936 0.384484
vt 0.989941 0.383576
vt 0.989941 0.403401
vt 0.913314 0.636093
vt 0.913373 0.636887
vt 0.784757 0.795980
vt 0.784866 0.797440
vt 0.997651 0.029874
vt 0.997013 0.029251
vt 0.997013 0.000562
vt 0.997651 0.000000
vt 0.542936 0.740284
vt 0.542936 0.710410
vt 0.543869 0.709304
vt 0.543874 0.741209
vt 0.313531 0.867901
vt 0.313866 0.868732
vt 0.299467 0.893510
vt 0.298537 0.893701
vt 0.544874 0.710177
vt 0.544874 0.740051
vt 0.701112 0.639030
vt 0.700406 0.638537
vt 0.700311 0.620992
vt 0.701011 0.620400
vt 0.598269 0.677903
vt 0.598166 0.658848
vt 0.599469 0.657981
vt 0.599580 0.678633
vt 0.999203 0.853587
vt 0.998530 0.852927
vt 0.998530 0.835293
vt 0.999203 0.834632
vt 0.125797 0.985999
vt 0.125797 0.967061
vt 0.127016 0.966152
vt 0.127016 0.986908
vt 0.672129 0.620979
vt 0.671665 0.620386
vt 0.568820 0.658835
vt 0.568129 0.657962
vt 0.404898 0.897623
vt 0.404239 0.897007
vt 0.404239 0.868261
vt 0.404898 0.867689
vt 0.615834 0.773417
vt 0.615830 0.743484
vt 0.617011 0.742569
vt 0.617011 0.774536
vt 0.987789 0.601753
vt 0.987115 0.601225
vt 0.987115 0.584437
vt 0.987789 0.583909
vt 0.233560 0.972555
vt 0.233560 0.990826
vt 0.232568 0.991603
vt 0.232568 0.971778
vt 0.313705 0.902251
vt 0.313866 0.903112
vt 0.402745 0.970044
vt 0.402745 0.988015
vt 0.401552 0.988798
vt 0.401552 0.969069
vt 0.672129 0.619796
vt 0.700311 0.619809
vt 0.599469 0.659845
vt 0.568129 0.659836
vt 0.997059 0.827324
vt 0.996402 0.826753
vt 0.996402 0.798007
vt 0.997059 0.797391
vt 0.816102 0.900923
vt 0.816106 0.870989
vt 0.817281 0.869854
vt 0.817281 0.901822
vt 0.700406 0.602256
vt 0.701112 0.601761
vt 0.598268 0.640047
vt 0.599580 0.639184
vt 0.998663 0.935844
vt 0.999336 0.936505
vt 0.999336 0.954139
vt 0.998663 0.954799
vt 0.615186 0.967605
vt 0.615186 0.985958
vt 0.613996 0.987160
vt 0.613996 0.966403
vt 0.998077 0.306393
vt 0.997442 0.305832
vt 0.997442 0.277142
vt 0.998077 0.276519
vt 0.111563 0.749944
vt 0.111558 0.720070
vt 0.112517 0.719133
vt 0.112517 0.751038
vt 0.526016 0.877145
vt 0.526945 0.877336
vt 0.541345 0.902113
vt 0.541010 0.902945
vt 0.759444 0.177894
vt 0.774768 0.203495
vt 0.774094 0.204891
vt 0.757988 0.177392
vt 0.973421 0.496586
vt 0.974094 0.497114
vt 0.974094 0.513903
vt 0.973421 0.514431
vt 0.846144 0.990323
vt 0.846144 0.972315
vt 0.847150 0.971406
vt 0.847150 0.991231
vt 0.541345 0.867733
vt 0.541184 0.868594
vt 0.774480 0.168597
vt 0.774768 0.167014
vt 0.863590 0.870925
vt 0.863935 0.871695
vt 0.849747 0.896064
vt 0.848816 0.896301
vt 0.787378 0.515614
vt 0.772222 0.540764
vt 0.770711 0.541329
vt 0.786891 0.514467
vt 0.995684 0.827358
vt 0.994927 0.826765
vt 0.994927 0.797987
vt 0.995684 0.797391
vt 0.092948 0.873151
vt 0.092892 0.843191
vt 0.094253 0.842092
vt 0.094253 0.874095
vt 0.863935 0.905223
vt 0.863882 0.906027
vt 0.787378 0.550875
vt 0.787247 0.552361
vt 0.998987 0.740468
vt 0.998314 0.739807
vt 0.998314 0.722174
vt 0.998987 0.721513
vt 0.984622 0.558637
vt 0.984622 0.539698
vt 0.985841 0.538789
vt 0.985841 0.559546
vt 0.996744 0.110843
vt 0.996027 0.110282
vt 0.996027 0.081671
vt 0.996744 0.081050
vt 0.715298 0.949206
vt 0.715293 0.919413
vt 0.716397 0.918478
vt 0.716397 0.950296
vt 0.898262 0.326672
vt 0.899256 0.326828
vt 0.913065 0.351964
vt 0.912642 0.352846
vt 0.789136 0.611985
vt 0.803481 0.638190
vt 0.802889 0.639537
vt 0.787318 0.611703
vt 0.976787 0.496586
vt 0.977460 0.497114
vt 0.977460 0.513903
vt 0.976787 0.514431
vt 0.843970 0.990323
vt 0.843982 0.972183
vt 0.844975 0.971406
vt 0.844975 0.991231
vt 0.913065 0.317720
vt 0.913006 0.318513
vt 0.803381 0.603222
vt 0.803481 0.601761
vt 0.748154 0.907472
vt 0.748578 0.908285
vt 0.735465 0.933305
vt 0.734499 0.933525
vt 0.832705 0.644177
vt 0.818617 0.669998
vt 0.817065 0.670541
vt 0.832105 0.642962
vt 0.989692 0.111024
vt 0.988863 0.110420
vt 0.988863 0.081634
vt 0.989692 0.081050
vt 0.584911 0.787747
vt 0.585027 0.757774
vt 0.586408 0.756695
vt 0.586408 0.788707
vt 0.748578 0.941710
vt 0.748424 0.942450
vt 0.832705 0.679363
vt 0.832334 0.680691
vt 0.999030 0.923830
vt 0.998356 0.923170
vt 0.998356 0.905536
vt 0.999030 0.904875
vt 0.524339 0.984183
vt 0.524367 0.965537
vt 0.525557 0.964335
vt 0.525557 0.985092
vt 0.994958 0.265015
vt 0.994187 0.264446
vt 0.994187 0.235927
vt 0.994958 0.235318
vt 0.254944 0.930455
vt 0.254938 0.900758
vt 0.256074 0.899855
vt 0.256074 0.931570
vt 0.940408 0.912795
vt 0.941440 0.912949
vt 0.954299 0.938619
vt 0.953798 0.939526
vt 0.850713 0.730785
vt 0.864442 0.757342
vt 0.863704 0.758754
vt 0.849041 0.730393
vt 0.985769 0.583909
vt 0.986442 0.584437
vt 0.986442 0.601225
vt 0.985769 0.601753
vt 0.225386 0.990826
vt 0.225386 0.972555
vt 0.226378 0.971778
vt 0.226378 0.991603
vt 0.954252 0.904875
vt 0.954299 0.905593
vt 0.864442 0.722696
vt 0.864113 0.721513
vt 0.093606 0.678138
vt 0.094098 0.678970
vt 0.082463 0.704792
vt 0.081490 0.705027
vt 0.698780 0.833638
vt 0.686395 0.860404
vt 0.684756 0.860928
vt 0.697977 0.832341
vt 0.984462 0.029961
vt 0.983591 0.029354
vt 0.983591 0.000582
vt 0.984462 0.000000
vt 0.237448 0.775437
vt 0.237449 0.745477
vt 0.239022 0.744405
vt 0.239022 0.776401
vt 0.094098 0.711966
vt 0.093845 0.712644
vt 0.698780 0.868212
vt 0.698366 0.869509
vt 0.998602 0.514467
vt 0.999276 0.515128
vt 0.999276 0.532762
vt 0.998602 0.533422
vt 0.517901 0.967693
vt 0.517901 0.986047
vt 0.516711 0.987248
vt 0.516711 0.966492
vt 0.992767 0.560000
vt 0.993564 0.560587
vt 0.993564 0.589009
vt 0.992767 0.589595
vt 0.074236 0.890815
vt 0.074230 0.861220
vt 0.075495 0.860333
vt 0.075495 0.891940
vt 0.145931 0.948012
vt 0.146972 0.948196
vt 0.158518 0.974520
vt 0.157954 0.975423
vt 0.683088 0.936357
vt 0.683088 0.906425
vt 0.684680 0.905473
vt 0.684680 0.937439
vt 0.973421 0.514431
vt 0.972747 0.513903
vt 0.972747 0.497114
vt 0.973421 0.496586
vt 0.842964 0.990323
vt 0.842964 0.972315
vt 0.843970 0.971406
vt 0.843970 0.991231
vt 0.158362 0.941598
vt 0.158518 0.942240
vt 0.669592 0.937207
vt 0.669368 0.938403
vt 0.993414 0.264906
vt 0.992617 0.264321
vt 0.992617 0.235906
vt 0.993414 0.235318
vt 0.484462 0.926533
vt 0.484468 0.896945
vt 0.485636 0.895804
vt 0.485636 0.927403
vt 0.798942 0.907766
vt 0.799821 0.908366
vt 0.799821 0.937111
vt 0.798942 0.937698
vt 0.939908 0.836055
vt 0.927745 0.863404
vt 0.926036 0.863840
vt 0.939026 0.834632
vt 0.952712 0.939526
vt 0.952968 0.940202
vt 0.941381 0.947323
vt 0.940408 0.947087
vt 0.911050 0.125730
vt 0.898564 0.133352
vt 0.897036 0.133075
vt 0.910548 0.124490
vt 0.998520 0.403489
vt 0.999194 0.404149
vt 0.999194 0.421783
vt 0.998520 0.422443
vt 0.797918 0.985982
vt 0.797918 0.967043
vt 0.799137 0.966134
vt 0.799137 0.986891
vt 0.952968 0.973175
vt 0.952474 0.974007
vt 0.911050 0.160388
vt 0.910344 0.161631
vt 0.520676 0.983392
vt 0.519805 0.982811
vt 0.519805 0.954039
vt 0.520676 0.953432
vt 0.638627 0.785593
vt 0.638790 0.755625
vt 0.640200 0.754669
vt 0.640200 0.786665
vt 0.496411 0.467904
vt 0.495738 0.467376
vt 0.495738 0.450588
vt 0.496411 0.450060
vt 0.802070 0.972552
vt 0.802070 0.990823
vt 0.801078 0.991600
vt 0.801078 0.971775
vt 0.495241 0.449945
vt 0.495241 0.468019
vt 0.939908 0.869752
vt 0.939626 0.870935
vt 0.724257 0.975247
vt 0.725055 0.975833
vt 0.725055 0.993084
vt 0.724257 0.993672
vt 0.981843 0.079798
vt 0.981838 0.061381
vt 0.983005 0.060508
vt 0.983005 0.080944
vt 0.034712 0.991547
vt 0.033833 0.990947
vt 0.033833 0.973495
vt 0.034712 0.972907
vt 0.638248 0.234217
vt 0.638247 0.215578
vt 0.639631 0.214485
vt 0.639631 0.235158
vt 0.992651 0.276519
vt 0.993006 0.277148
vt 0.983670 0.285067
vt 0.982673 0.284983
vt 0.011635 0.963318
vt 0.001468 0.972075
vt 0.000000 0.971952
vt 0.011101 0.962391
vt 0.429977 0.951217
vt 0.430650 0.951877
vt 0.430650 0.967751
vt 0.429977 0.968411
vt 0.933332 0.971260
vt 0.933332 0.988439
vt 0.932113 0.989348
vt 0.932113 0.970352
vt 0.993006 0.299513
vt 0.992644 0.300411
vt 0.011635 0.987349
vt 0.011182 0.988984
vt 0.622127 0.973145
vt 0.622998 0.973727
vt 0.622998 0.991195
vt 0.622127 0.991802
vt 0.566204 0.467806
vt 0.566203 0.449149
vt 0.567613 0.448193
vt 0.567613 0.468886
vt 0.663556 0.451546
vt 0.664229 0.452074
vt 0.664229 0.467434
vt 0.663556 0.467962
vt 0.793190 0.989505
vt 0.793204 0.972787
vt 0.794230 0.972021
vt 0.794230 0.990418
vt 0.664725 0.468077
vt 0.664725 0.451431
vt 0.625412 0.214773
vt 0.625433 0.213594
vt 0.355406 0.798924
vt 0.354712 0.799278
vt 0.354147 0.786554
vt 0.354845 0.786275
vt 0.612305 0.799343
vt 0.611733 0.786471
vt 0.612836 0.785969
vt 0.613402 0.798731
vt 0.413296 0.578093
vt 0.413944 0.577897
vt 0.420263 0.593154
vt 0.419667 0.593472
vt 0.610070 0.383921
vt 0.621830 0.372162
vt 0.622625 0.373004
vt 0.610913 0.384717
vt 0.992257 0.235318
vt 0.992617 0.236216
vt 0.983248 0.250635
vt 0.982251 0.250719
vt 0.757667 0.208317
vt 0.747593 0.223662
vt 0.746041 0.223717
vt 0.757213 0.206684
vt 0.622127 0.991802
vt 0.621256 0.991196
vt 0.621256 0.973727
vt 0.622127 0.973145
vt 0.551272 0.467922
vt 0.551273 0.449265
vt 0.552846 0.448193
vt 0.552846 0.468886
vt 0.992617 0.258612
vt 0.992264 0.259244
vt 0.757667 0.232320
vt 0.757209 0.233315
vt 0.681208 0.468626
vt 0.680534 0.467965
vt 0.680534 0.452091
vt 0.681208 0.451431
vt 0.875921 0.988193
vt 0.875921 0.971600
vt 0.877111 0.970398
vt 0.877111 0.989394
vt 0.725055 0.975248
vt 0.725852 0.975835
vt 0.725852 0.993091
vt 0.725055 0.993677
vt 0.590578 0.467777
vt 0.590572 0.449356
vt 0.591837 0.448193
vt 0.591837 0.468634
vt 0.094351 0.977597
vt 0.095408 0.977608
vt 0.104938 0.992228
vt 0.104529 0.993211
vt 0.652249 0.233185
vt 0.652249 0.214546
vt 0.653840 0.213594
vt 0.653840 0.234267
vt 0.968333 0.386780
vt 0.969006 0.387308
vt 0.969006 0.402668
vt 0.968333 0.403196
vt 0.810046 0.972688
vt 0.810046 0.989259
vt 0.809005 0.990172
vt 0.809005 0.971775
vt 0.104679 0.969897
vt 0.104938 0.970504
vt 0.639856 0.233966
vt 0.639631 0.235162
vt 0.356882 0.693209
vt 0.356184 0.692933
vt 0.356758 0.680145
vt 0.357453 0.680496
vt 0.234630 0.489489
vt 0.235206 0.476657
vt 0.236310 0.477162
vt 0.235734 0.489988
vt 0.429438 0.606884
vt 0.428915 0.607314
vt 0.630744 0.358820
vt 0.631827 0.359233
vt 0.992854 0.358920
vt 0.993136 0.359793
vt 0.982756 0.373446
vt 0.981768 0.373502
vt 0.863656 0.443075
vt 0.852364 0.457473
vt 0.850908 0.457553
vt 0.863330 0.441478
vt 0.182970 0.992146
vt 0.182140 0.991542
vt 0.182140 0.974065
vt 0.182970 0.973481
vt 0.557601 0.467937
vt 0.557490 0.449270
vt 0.558985 0.448193
vt 0.558985 0.468895
vt 0.993136 0.382872
vt 0.992861 0.383576
vt 0.863656 0.467897
vt 0.863237 0.468935
vt 0.675820 0.468625
vt 0.675146 0.467965
vt 0.675146 0.452091
vt 0.675820 0.451431
vt 0.209239 0.988492
vt 0.209239 0.971314
vt 0.210458 0.970405
vt 0.210458 0.989401
vt 0.705859 0.994247
vt 0.705088 0.993677
vt 0.705088 0.976362
vt 0.705859 0.975754
vt 0.134077 0.989897
vt 0.134081 0.971411
vt 0.135207 0.970232
vt 0.135207 0.990743
vt 0.526016 0.978399
vt 0.527059 0.978370
vt 0.537467 0.992353
vt 0.537132 0.993333
vt 0.041257 0.971082
vt 0.052340 0.986041
vt 0.051837 0.987553
vt 0.039544 0.970962
vt 0.979779 0.386780
vt 0.980452 0.387308
vt 0.980452 0.402668
vt 0.979779 0.403196
vt 0.811101 0.989406
vt 0.811086 0.972688
vt 0.812127 0.971775
vt 0.812127 0.990172
vt 0.537296 0.968990
vt 0.537467 0.969689
vt 0.052340 0.961883
vt 0.052034 0.960593
vt 0.356458 0.707703
vt 0.355758 0.707514
vt 0.234198 0.504244
vt 0.235306 0.504613
vt 0.441115 0.618562
vt 0.440686 0.619085
vt 0.637023 0.343737
vt 0.638165 0.343930
vt 0.480835 0.963607
vt 0.481038 0.964426
vt 0.469933 0.977457
vt 0.468974 0.977524
vt 0.982075 0.761084
vt 0.970192 0.774979
vt 0.968686 0.774985
vt 0.981979 0.759670
vt 0.709649 0.975754
vt 0.710407 0.976346
vt 0.710407 0.993818
vt 0.709649 0.994415
vt 0.581383 0.467953
vt 0.581445 0.449285
vt 0.582747 0.448193
vt 0.582747 0.468890
vt 0.481038 0.987839
vt 0.480843 0.988620
vt 0.982075 0.786298
vt 0.981859 0.787533
vt 0.679861 0.451431
vt 0.680534 0.452091
vt 0.680534 0.467965
vt 0.679861 0.468626
vt 0.190835 0.971692
vt 0.190835 0.988286
vt 0.189645 0.989487
vt 0.189645 0.970491
vt 0.997795 0.198799
vt 0.998512 0.199360
vt 0.998512 0.216731
vt 0.997795 0.217352
vt 0.193214 0.990249
vt 0.193268 0.971689
vt 0.194313 0.970491
vt 0.194313 0.991069
vt 0.979824 0.692878
vt 0.980830 0.692852
vt 0.991831 0.706349
vt 0.991573 0.707293
vt 0.835473 0.452720
vt 0.847402 0.466977
vt 0.846845 0.468583
vt 0.833839 0.452574
vt 0.976413 0.386780
vt 0.977086 0.387308
vt 0.977086 0.402668
vt 0.976413 0.403196
vt 0.752854 0.990358
vt 0.752854 0.973493
vt 0.753880 0.972727
vt 0.753880 0.991124
vt 0.991746 0.682308
vt 0.991831 0.683099
vt 0.847402 0.442180
vt 0.847035 0.440916
vt 0.356197 0.723423
vt 0.355495 0.723327
vt 0.233930 0.520393
vt 0.235043 0.520473
vt 0.454846 0.627736
vt 0.454527 0.628333
vt 0.640267 0.327426
vt 0.641397 0.327685
vt 0.759358 0.016878
vt 0.759822 0.016288
vt 0.776932 0.016296
vt 0.777632 0.016886
vt 0.062085 0.696034
vt 0.080351 0.696050
vt 0.081388 0.697047
vt 0.061120 0.697042
vt 0.999932 0.533107
vt 0.999275 0.532536
vt 0.999275 0.515083
vt 0.999932 0.514467
vt 0.988211 0.558565
vt 0.988215 0.539925
vt 0.989391 0.538790
vt 0.989391 0.559464
vt 0.777018 0.000495
vt 0.777723 0.000000
vt 0.080445 0.678864
vt 0.081490 0.678138
vt 0.671779 0.468625
vt 0.671106 0.467965
vt 0.671106 0.452091
vt 0.671779 0.451431
vt 0.210458 0.988492
vt 0.210487 0.971606
vt 0.211677 0.970405
vt 0.211677 0.989401
vt 0.058135 0.996701
vt 0.057500 0.996140
vt 0.057500 0.978722
vt 0.058135 0.978098
vt 0.803085 0.991574
vt 0.803062 0.972990
vt 0.804015 0.971775
vt 0.804015 0.992409
vt 0.697533 0.454481
vt 0.698482 0.454499
vt 0.709829 0.467689
vt 0.709652 0.468568
vt 0.774763 0.452836
vt 0.786638 0.467139
vt 0.786438 0.468441
vt 0.773026 0.452793
vt 0.432381 0.968264
vt 0.431707 0.967736
vt 0.431707 0.952376
vt 0.432381 0.951848
vt 0.604819 0.861752
vt 0.604819 0.845182
vt 0.605859 0.844268
vt 0.605859 0.862665
vt 0.709829 0.443377
vt 0.709828 0.444253
vt 0.786636 0.442157
vt 0.786638 0.440548
vt 0.356109 0.739764
vt 0.355406 0.739765
vt 0.233841 0.536888
vt 0.234954 0.536960
vt 0.470103 0.634056
vt 0.469907 0.634704
vt 0.640267 0.311381
vt 0.641397 0.311122
vt 0.999942 0.890229
vt 0.999304 0.889606
vt 0.999304 0.872187
vt 0.999942 0.871626
vt 0.543941 0.449396
vt 0.543941 0.467992
vt 0.543008 0.468827
vt 0.543012 0.448193
vt 0.746535 0.443377
vt 0.746713 0.444256
vt 0.735367 0.457447
vt 0.734418 0.457465
vt 0.542003 0.467953
vt 0.542011 0.449350
vt 0.777723 0.033765
vt 0.777018 0.033272
vt 0.776932 0.017478
vt 0.080445 0.713361
vt 0.081388 0.695183
vt 0.081490 0.714084
vt 0.431324 0.968411
vt 0.430650 0.967751
vt 0.430650 0.951877
vt 0.431324 0.951217
vt 0.212895 0.988492
vt 0.212895 0.971314
vt 0.214114 0.970405
vt 0.214114 0.989401
vt 0.759822 0.017471
vt 0.061120 0.695169
vt 0.799888 0.981162
vt 0.800547 0.981778
vt 0.800547 0.999230
vt 0.799888 0.999802
vt 0.630060 0.986824
vt 0.630057 0.968184
vt 0.631237 0.967269
vt 0.631237 0.987944
vt 0.979779 0.403196
vt 0.979106 0.402668
vt 0.979106 0.387308
vt 0.979779 0.386780
vt 0.129405 0.989803
vt 0.129405 0.972937
vt 0.130431 0.972172
vt 0.130431 0.990568
vt 0.746712 0.467692
vt 0.746713 0.468568
vt 0.494049 0.450919
vt 0.494049 0.467470
vt 0.492856 0.468253
vt 0.492856 0.449945
vt 0.356197 0.756097
vt 0.355495 0.756196
vt 0.233931 0.553668
vt 0.235043 0.553440
vt 0.486300 0.637278
vt 0.486233 0.637951
vt 0.637023 0.295070
vt 0.638165 0.294877
vt 0.517956 0.979682
vt 0.518674 0.980303
vt 0.518674 0.997674
vt 0.517956 0.998235
vt 0.216322 0.989770
vt 0.216324 0.971225
vt 0.217425 0.970405
vt 0.217425 0.990983
vt 0.966047 0.966846
vt 0.966305 0.967790
vt 0.955305 0.981289
vt 0.954299 0.981263
vt 0.982705 0.644564
vt 0.971109 0.659102
vt 0.969270 0.659085
vt 0.982133 0.642962
vt 0.613799 0.966403
vt 0.613996 0.967183
vt 0.602905 0.977550
vt 0.601945 0.977483
vt 0.981960 0.722747
vt 0.970044 0.733999
vt 0.968537 0.733987
vt 0.981747 0.721513
vt 0.678514 0.451431
vt 0.679187 0.452091
vt 0.679187 0.467965
vt 0.678514 0.468626
vt 0.872351 0.971599
vt 0.872351 0.988193
vt 0.871161 0.989394
vt 0.871161 0.970398
vt 0.613996 0.990592
vt 0.613791 0.991413
vt 0.981960 0.747857
vt 0.981750 0.749373
vt 0.706618 0.994415
vt 0.705859 0.993819
vt 0.705859 0.976346
vt 0.706618 0.975754
vt 0.575923 0.467791
vt 0.575920 0.449130
vt 0.577287 0.448193
vt 0.577287 0.468890
vt 0.976413 0.403196
vt 0.975739 0.402668
vt 0.975739 0.387308
vt 0.976413 0.386780
vt 0.809005 0.972688
vt 0.809005 0.989259
vt 0.807965 0.990172
vt 0.807965 0.971775
vt 0.966305 0.991040
vt 0.966220 0.991831
vt 0.982705 0.669168
vt 0.982566 0.670625
vt 0.356458 0.771797
vt 0.355758 0.771988
vt 0.234195 0.569515
vt 0.235306 0.569280
vt 0.502814 0.637278
vt 0.502880 0.637951
vt 0.630883 0.280246
vt 0.631827 0.279574
vt 0.701999 0.994247
vt 0.701226 0.993639
vt 0.701226 0.976324
vt 0.701999 0.975754
vt 0.596824 0.467509
vt 0.596900 0.449040
vt 0.598031 0.448193
vt 0.598031 0.468704
vt 0.400023 0.969069
vt 0.400358 0.970049
vt 0.389951 0.984033
vt 0.388908 0.984004
vt 0.526202 0.234087
vt 0.526201 0.215470
vt 0.527751 0.214366
vt 0.527751 0.235015
vt 0.993148 0.759670
vt 0.993425 0.760372
vt 0.983064 0.769771
vt 0.982075 0.769715
vt 0.982511 0.872658
vt 0.971281 0.883099
vt 0.969825 0.883024
vt 0.982085 0.871626
vt 0.966629 0.063381
vt 0.967303 0.064042
vt 0.967303 0.079915
vt 0.966629 0.080576
vt 0.332529 0.988421
vt 0.332557 0.971535
vt 0.333747 0.970333
vt 0.333747 0.989329
vt 0.993425 0.783439
vt 0.993140 0.784313
vt 0.982511 0.897561
vt 0.982289 0.899068
vt 0.991778 0.402241
vt 0.990947 0.401657
vt 0.990947 0.384180
vt 0.991778 0.383576
vt 0.567615 0.467817
vt 0.567613 0.449151
vt 0.568998 0.448193
vt 0.568998 0.468896
vt 0.977086 0.386780
vt 0.977759 0.387308
vt 0.977759 0.402668
vt 0.977086 0.403196
vt 0.789042 0.989652
vt 0.789028 0.972934
vt 0.790068 0.972021
vt 0.790068 0.990418
vt 0.400358 0.992711
vt 0.400186 0.993409
vt 0.511797 0.214672
vt 0.511547 0.213470
vt 0.356882 0.786258
vt 0.356184 0.786536
vt 0.234626 0.584249
vt 0.235734 0.583870
vt 0.519011 0.634056
vt 0.519207 0.634704
vt 0.621830 0.266645
vt 0.622625 0.265802
vt 0.608876 0.862699
vt 0.608078 0.862113
vt 0.608079 0.844857
vt 0.608876 0.844269
vt 0.588040 0.467472
vt 0.588138 0.449066
vt 0.589306 0.448193
vt 0.589306 0.468634
vt 0.016394 0.991600
vt 0.015514 0.991000
vt 0.015514 0.973548
vt 0.016394 0.972961
vt 0.611961 0.467068
vt 0.611961 0.448429
vt 0.613345 0.447336
vt 0.613345 0.468009
vt 0.992561 0.935844
vt 0.992916 0.936474
vt 0.983573 0.944414
vt 0.982576 0.944330
vt 0.980741 0.964436
vt 0.970683 0.973184
vt 0.969132 0.973137
vt 0.980204 0.963508
vt 0.671779 0.451431
vt 0.672452 0.452091
vt 0.672452 0.467965
vt 0.671779 0.468625
vt 0.930895 0.971260
vt 0.930895 0.988439
vt 0.929676 0.989348
vt 0.929676 0.970352
vt 0.992916 0.958852
vt 0.992555 0.959750
vt 0.980741 0.988559
vt 0.980388 0.990116
vt 0.617887 0.991802
vt 0.617015 0.991221
vt 0.617015 0.973752
vt 0.617887 0.973145
vt 0.564793 0.467806
vt 0.564793 0.449149
vt 0.566203 0.448193
vt 0.566203 0.468886
vt 0.662386 0.451546
vt 0.663060 0.452074
vt 0.663060 0.467434
vt 0.662386 0.467962
vt 0.813209 0.989406
vt 0.813194 0.972688
vt 0.814235 0.971775
vt 0.814235 0.990172
vt 0.663556 0.468077
vt 0.663556 0.451431
vt 0.599121 0.447620
vt 0.599141 0.446441
vt 0.357453 0.798925
vt 0.356758 0.799278
vt 0.235206 0.597158
vt 0.236310 0.596651
vt 0.534268 0.627736
vt 0.534587 0.628333
vt 0.610070 0.254885
vt 0.610913 0.254090
vt 0.992407 0.559999
vt 0.992767 0.560897
vt 0.983400 0.575324
vt 0.982403 0.575407
vt 0.462527 0.964912
vt 0.452454 0.980264
vt 0.450902 0.980319
vt 0.462072 0.963278
vt 0.620500 0.991802
vt 0.619629 0.991195
vt 0.619629 0.973727
vt 0.620500 0.973145
vt 0.549698 0.467922
vt 0.549699 0.449265
vt 0.551272 0.448193
vt 0.551272 0.468886
vt 0.992767 0.583279
vt 0.992414 0.583909
vt 0.462527 0.988898
vt 0.462069 0.989890
vt 0.682554 0.468626
vt 0.681881 0.467965
vt 0.681881 0.452091
vt 0.682554 0.451431
vt 0.868782 0.971600
vt 0.868782 0.988193
vt 0.867592 0.989394
vt 0.867592 0.970398
vt 0.726649 0.993674
vt 0.725852 0.993086
vt 0.725852 0.975834
vt 0.726649 0.975247
vt 0.594356 0.467773
vt 0.594453 0.449339
vt 0.595615 0.448193
vt 0.595615 0.468630
vt 0.316682 0.977103
vt 0.317739 0.977113
vt 0.327294 0.991718
vt 0.326886 0.992701
vt 0.588975 0.233062
vt 0.588975 0.214422
vt 0.590566 0.213470
vt 0.590566 0.234144
vt 0.976872 0.124071
vt 0.976199 0.123543
vt 0.976199 0.108183
vt 0.976872 0.107654
vt 0.785921 0.989652
vt 0.785906 0.972934
vt 0.786947 0.972021
vt 0.786947 0.990418
vt 0.327037 0.969372
vt 0.327294 0.969980
vt 0.576543 0.233833
vt 0.576313 0.235029
vt 0.429579 0.693525
vt 0.428881 0.693248
vt 0.429438 0.680475
vt 0.430132 0.680827
vt 0.614169 0.691555
vt 0.614733 0.678633
vt 0.615830 0.679243
vt 0.615271 0.692055
vt 0.547999 0.618562
vt 0.548428 0.619085
vt 0.596729 0.245971
vt 0.597141 0.244888
vt 0.992923 0.317720
vt 0.993206 0.318593
vt 0.982826 0.332253
vt 0.981838 0.332309
vt 0.982185 0.516065
vt 0.970892 0.530471
vt 0.969437 0.530551
vt 0.981858 0.514467
vt 0.182140 0.992146
vt 0.181311 0.991542
vt 0.181311 0.974065
vt 0.182140 0.973481
vt 0.555992 0.467936
vt 0.555994 0.449270
vt 0.557490 0.448193
vt 0.557490 0.468895
vt 0.993206 0.341663
vt 0.992931 0.342366
vt 0.982185 0.540878
vt 0.981766 0.541913
vt 0.667738 0.468625
vt 0.667065 0.467965
vt 0.667065 0.452091
vt 0.667738 0.451431
vt 0.206802 0.988492
vt 0.206831 0.971606
vt 0.208021 0.970405
vt 0.208021 0.989401
vt 0.705087 0.994244
vt 0.704316 0.993675
vt 0.704316 0.976362
vt 0.705087 0.975754
vt 0.132946 0.989894
vt 0.132951 0.971411
vt 0.134076 0.970232
vt 0.134076 0.990740
vt 0.410048 0.978243
vt 0.411091 0.978214
vt 0.421517 0.992185
vt 0.421183 0.993165
vt 0.973940 0.449401
vt 0.985041 0.464348
vt 0.984542 0.465859
vt 0.972229 0.449283
vt 0.972373 0.386780
vt 0.973046 0.387308
vt 0.973046 0.402668
vt 0.972373 0.403196
vt 0.608890 0.861900
vt 0.608876 0.845182
vt 0.609916 0.844269
vt 0.609916 0.862666
vt 0.421347 0.968812
vt 0.421517 0.969511
vt 0.985041 0.440179
vt 0.984739 0.438888
vt 0.429167 0.708008
vt 0.428467 0.707818
vt 0.613749 0.706298
vt 0.614856 0.706668
vt 0.559676 0.606884
vt 0.560199 0.607314
vt 0.581645 0.239692
vt 0.581838 0.238550
vt 0.598339 0.964882
vt 0.598542 0.965701
vt 0.587437 0.978740
vt 0.586478 0.978807
vt 0.982403 0.561416
vt 0.970519 0.575318
vt 0.969013 0.575324
vt 0.982307 0.559999
vt 0.709649 0.994415
vt 0.708892 0.993822
vt 0.708892 0.976350
vt 0.709649 0.975754
vt 0.585468 0.467946
vt 0.585471 0.449285
vt 0.586773 0.448193
vt 0.586773 0.468890
vt 0.598542 0.989112
vt 0.598347 0.989892
vt 0.982403 0.586627
vt 0.982186 0.587860
vt 0.677167 0.451431
vt 0.677840 0.452091
vt 0.677840 0.467964
vt 0.677167 0.468625
vt 0.206802 0.971314
vt 0.206802 0.988492
vt 0.205583 0.989401
vt 0.205583 0.970405
vt 0.997738 0.487488
vt 0.998456 0.488048
vt 0.998456 0.505417
vt 0.997738 0.506038
vt 0.866493 0.990154
vt 0.866546 0.971597
vt 0.867592 0.970398
vt 0.867592 0.990973
vt 0.979400 0.046100
vt 0.980405 0.046075
vt 0.991417 0.059565
vt 0.991161 0.060508
vt 0.970258 0.846546
vt 0.982112 0.860877
vt 0.981775 0.862307
vt 0.968626 0.846414
vt 0.979566 0.107654
vt 0.980239 0.108182
vt 0.980239 0.123543
vt 0.979566 0.124071
vt 0.752854 0.973493
vt 0.752854 0.990358
vt 0.751828 0.991124
vt 0.751828 0.972727
vt 0.991334 0.035517
vt 0.991417 0.036309
vt 0.982112 0.835896
vt 0.981738 0.834632
vt 0.428914 0.723721
vt 0.428212 0.723624
vt 0.613489 0.722441
vt 0.614600 0.722522
vt 0.568850 0.593153
vt 0.569447 0.593473
vt 0.565334 0.236448
vt 0.565593 0.235318
vt 0.722621 0.016881
vt 0.723087 0.016290
vt 0.740203 0.016293
vt 0.740902 0.016884
vt 0.021341 0.696036
vt 0.039613 0.696047
vt 0.040649 0.697044
vt 0.020375 0.697046
vt 0.999203 0.834632
vt 0.999860 0.835204
vt 0.999860 0.852657
vt 0.999203 0.853273
vt 0.187794 0.987397
vt 0.187800 0.968741
vt 0.188974 0.967622
vt 0.188974 0.988297
vt 0.740286 0.000495
vt 0.740990 0.000000
vt 0.039704 0.678863
vt 0.040748 0.678138
vt 0.965956 0.063381
vt 0.966629 0.064042
vt 0.966629 0.079916
vt 0.965956 0.080576
vt 0.192024 0.988286
vt 0.192024 0.971692
vt 0.193214 0.970491
vt 0.193214 0.989487
vt 0.999364 0.081050
vt 1.000000 0.081611
vt 1.000000 0.099027
vt 0.999364 0.099651
vt 0.110331 0.991178
vt 0.110308 0.972595
vt 0.111262 0.971379
vt 0.111262 0.992011
vt 0.600813 0.221074
vt 0.601760 0.221093
vt 0.613113 0.234280
vt 0.612938 0.235158
vt 0.491952 0.232919
vt 0.491956 0.214335
vt 0.493239 0.213470
vt 0.493239 0.234082
vt 0.971700 0.386780
vt 0.972373 0.387308
vt 0.972373 0.402668
vt 0.971700 0.403196
vt 0.607893 0.845182
vt 0.607893 0.861752
vt 0.606853 0.862665
vt 0.606853 0.844269
vt 0.613113 0.209967
vt 0.613110 0.210844
vt 0.475688 0.233302
vt 0.474929 0.234512
vt 0.428828 0.740059
vt 0.428126 0.740060
vt 0.613402 0.738933
vt 0.614514 0.739006
vt 0.575170 0.577897
vt 0.575818 0.578093
vt 0.548996 0.236476
vt 0.549030 0.235318
vt 0.999959 0.143094
vt 0.999322 0.142471
vt 0.999322 0.125052
vt 0.999959 0.124490
vt 0.804955 0.991207
vt 0.804951 0.972610
vt 0.805884 0.971775
vt 0.805884 0.992409
vt 0.032488 0.961594
vt 0.032666 0.962475
vt 0.021324 0.975672
vt 0.020374 0.975689
vt 0.833839 0.442222
vt 0.821754 0.456340
vt 0.820230 0.456573
vt 0.833637 0.440916
vt 0.740990 0.033765
vt 0.740286 0.033271
vt 0.740203 0.017476
vt 0.039704 0.713360
vt 0.040649 0.695180
vt 0.040748 0.714084
vt 0.669085 0.468625
vt 0.668412 0.467965
vt 0.668412 0.452091
vt 0.669085 0.451431
vt 0.208021 0.988492
vt 0.208021 0.971314
vt 0.209239 0.970405
vt 0.209239 0.989401
vt 0.723087 0.017473
vt 0.020375 0.695173
vt 0.450792 0.999830
vt 0.450134 0.999214
vt 0.450134 0.981762
vt 0.450792 0.981191
vt 0.017228 0.987396
vt 0.017227 0.968773
vt 0.018407 0.967859
vt 0.018407 0.988532
vt 0.975066 0.386780
vt 0.975739 0.387308
vt 0.975739 0.402668
vt 0.975066 0.403196
vt 0.796296 0.972787
vt 0.796296 0.989652
vt 0.795270 0.990418
vt 0.795270 0.972021
vt 0.032666 0.985912
vt 0.032666 0.986786
vt 0.833839 0.467204
vt 0.833839 0.468809
vt 0.428914 0.756395
vt 0.428212 0.756493
vt 0.613490 0.755716
vt 0.614600 0.755489
vt 0.578392 0.561700
vt 0.579065 0.561766
vt 0.532978 0.239692
vt 0.532785 0.238550
vt 0.465939 0.979864
vt 0.466657 0.980485
vt 0.466657 0.997857
vt 0.465939 0.998418
vt 0.217479 0.989786
vt 0.217425 0.971225
vt 0.218526 0.970405
vt 0.218526 0.990984
vt 0.269594 0.968746
vt 0.269853 0.969691
vt 0.258860 0.983197
vt 0.257853 0.983170
vt 0.982811 0.470539
vt 0.971221 0.485085
vt 0.969381 0.485067
vt 0.982237 0.468934
vt 0.385710 0.966159
vt 0.385905 0.966939
vt 0.374805 0.977306
vt 0.373846 0.977239
vt 0.981838 0.318953
vt 0.969912 0.330206
vt 0.968405 0.330194
vt 0.981626 0.317720
vt 0.679861 0.468626
vt 0.679187 0.467965
vt 0.679187 0.452091
vt 0.679861 0.451431
vt 0.872351 0.988193
vt 0.872351 0.971600
vt 0.873541 0.970398
vt 0.873541 0.989394
vt 0.385905 0.990348
vt 0.385702 0.991168
vt 0.981838 0.344063
vt 0.981629 0.345579
vt 0.707377 0.994414
vt 0.706618 0.993817
vt 0.706618 0.976346
vt 0.707377 0.975754
vt 0.577290 0.467790
vt 0.577288 0.449129
vt 0.578654 0.448193
vt 0.578654 0.468890
vt 0.977546 0.124071
vt 0.976873 0.123543
vt 0.976873 0.108182
vt 0.977546 0.107654
vt 0.810046 0.989259
vt 0.810060 0.972540
vt 0.811086 0.971775
vt 0.811086 0.990172
vt 0.269853 0.992931
vt 0.269767 0.993719
vt 0.982811 0.495133
vt 0.982669 0.496586
vt 0.429167 0.772101
vt 0.428467 0.772293
vt 0.613749 0.771706
vt 0.614856 0.771335
vt 0.578392 0.545186
vt 0.579065 0.545119
vt 0.518154 0.245832
vt 0.517482 0.244888
vt 0.702771 0.994248
vt 0.701998 0.993640
vt 0.701998 0.976324
vt 0.702771 0.975754
vt 0.661753 0.234045
vt 0.661829 0.215574
vt 0.662961 0.214727
vt 0.662961 0.235240
vt 0.651010 0.969344
vt 0.651346 0.970325
vt 0.640950 0.984319
vt 0.639906 0.984290
vt 0.574763 0.234081
vt 0.574762 0.215462
vt 0.576313 0.214359
vt 0.576313 0.235009
vt 0.993107 0.797391
vt 0.993383 0.798093
vt 0.983010 0.807494
vt 0.982021 0.807438
vt 0.982525 0.125525
vt 0.971240 0.135921
vt 0.969784 0.135842
vt 0.982106 0.124490
vt 0.429977 0.968411
vt 0.429303 0.967751
vt 0.429303 0.951877
vt 0.429977 0.951217
vt 0.934551 0.988439
vt 0.934580 0.971553
vt 0.935769 0.970352
vt 0.935769 0.989348
vt 0.993383 0.821159
vt 0.993100 0.822033
vt 0.982525 0.150333
vt 0.982198 0.151932
vt 0.178821 0.973481
vt 0.179651 0.974066
vt 0.179651 0.991543
vt 0.178821 0.992147
vt 0.569000 0.467816
vt 0.568998 0.449151
vt 0.570383 0.448193
vt 0.570383 0.468896
vt 0.978432 0.386780
vt 0.979106 0.387308
vt 0.979106 0.402668
vt 0.978432 0.403196
vt 0.794230 0.989505
vt 0.794230 0.972934
vt 0.795271 0.972021
vt 0.795271 0.990418
vt 0.651346 0.992968
vt 0.651173 0.993663
vt 0.560385 0.214671
vt 0.560140 0.213470
vt 0.429579 0.786574
vt 0.428881 0.786851
vt 0.614164 0.786314
vt 0.615271 0.785937
vt 0.575170 0.528989
vt 0.575818 0.528793
vt 0.504553 0.254885
vt 0.503711 0.254090
vt 0.992575 0.402007
vt 0.991778 0.401421
vt 0.991778 0.384164
vt 0.992575 0.383576
vt 0.589305 0.467473
vt 0.589404 0.449066
vt 0.590571 0.448193
vt 0.590571 0.468636
vt 0.733915 0.991477
vt 0.733035 0.990877
vt 0.733035 0.973423
vt 0.733915 0.972836
vt 0.573151 0.467926
vt 0.573151 0.449285
vt 0.574535 0.448193
vt 0.574535 0.468867
vt 0.992513 0.871626
vt 0.992867 0.872255
vt 0.983508 0.880197
vt 0.982511 0.880114
vt 0.556502 0.964343
vt 0.546427 0.973094
vt 0.544876 0.973049
vt 0.555966 0.963417
vt 0.673126 0.451431
vt 0.673800 0.452091
vt 0.673800 0.467965
vt 0.673126 0.468625
vt 0.930895 0.988439
vt 0.930895 0.971260
vt 0.932113 0.970352
vt 0.932113 0.989348
vt 0.992867 0.894630
vt 0.992506 0.895528
vt 0.556502 0.988464
vt 0.556151 0.990021
vt 0.618758 0.991803
vt 0.617887 0.991221
vt 0.617887 0.973752
vt 0.618758 0.973145
vt 0.561973 0.467807
vt 0.561972 0.449149
vt 0.563382 0.448193
vt 0.563382 0.468887
vt 0.665895 0.467962
vt 0.665222 0.467434
vt 0.665222 0.452074
vt 0.665895 0.451546
vt 0.479104 0.467576
vt 0.479090 0.450858
vt 0.480130 0.449945
vt 0.480130 0.468341
vt 0.664726 0.451431
vt 0.664726 0.468077
vt 0.481041 0.450828
vt 0.481041 0.467458
vt 0.430132 0.799256
vt 0.429438 0.799609
vt 0.614728 0.799239
vt 0.615830 0.798733
vt 0.568850 0.513732
vt 0.569447 0.513413
vt 0.492794 0.266645
vt 0.491998 0.265802
vt 0.992495 0.601761
vt 0.992855 0.602659
vt 0.983489 0.617088
vt 0.982492 0.617171
vt 0.568125 0.965051
vt 0.558053 0.980406
vt 0.556502 0.980461
vt 0.567670 0.963417
vt 0.623868 0.973145
vt 0.624739 0.973752
vt 0.624739 0.991221
vt 0.623868 0.991803
vt 0.554419 0.467923
vt 0.554420 0.449265
vt 0.555992 0.448193
vt 0.555992 0.468887
vt 0.992855 0.625036
vt 0.992502 0.625666
vt 0.568125 0.989033
vt 0.567667 0.990025
vt 0.677840 0.451431
vt 0.678514 0.452091
vt 0.678514 0.467965
vt 0.677840 0.468626
vt 0.871161 0.971600
vt 0.871161 0.988193
vt 0.869972 0.989394
vt 0.869972 0.970398
vt 0.992364 0.557220
vt 0.991567 0.556633
vt 0.991567 0.539376
vt 0.992364 0.538790
vt 0.593096 0.467777
vt 0.593194 0.449339
vt 0.594356 0.448193
vt 0.594356 0.468635
vt 0.236922 0.991530
vt 0.236043 0.990942
vt 0.236043 0.973489
vt 0.236922 0.972889
vt 0.625987 0.466034
vt 0.625987 0.447393
vt 0.627578 0.446441
vt 0.627578 0.467116
vt 0.662387 0.467962
vt 0.661713 0.467434
vt 0.661713 0.452074
vt 0.662387 0.451546
vt 0.784881 0.989652
vt 0.784866 0.972934
vt 0.785907 0.972021
vt 0.785907 0.990418
vt 0.661217 0.451431
vt 0.661217 0.468078
vt 0.613572 0.466795
vt 0.613345 0.467989
vt 0.431580 0.693520
vt 0.430883 0.693243
vt 0.431436 0.680475
vt 0.432131 0.680827
vt 0.296880 0.693061
vt 0.297441 0.680145
vt 0.298537 0.680755
vt 0.297982 0.693561
vt 0.559676 0.500001
vt 0.560199 0.499572
vt 0.483879 0.279986
vt 0.482796 0.279574
vt 0.993045 0.721513
vt 0.993328 0.722387
vt 0.982949 0.736049
vt 0.981961 0.736105
vt 0.982251 0.236917
vt 0.970960 0.251325
vt 0.969504 0.251405
vt 0.981925 0.235318
vt 0.183799 0.973481
vt 0.184628 0.974085
vt 0.184628 0.991562
vt 0.183799 0.992147
vt 0.560589 0.467938
vt 0.560479 0.449271
vt 0.561972 0.448193
vt 0.561972 0.468896
vt 0.993328 0.745455
vt 0.993052 0.746157
vt 0.982251 0.261727
vt 0.981832 0.262762
vt 0.670432 0.468625
vt 0.669759 0.467964
vt 0.669759 0.452091
vt 0.670432 0.451431
vt 0.933332 0.988439
vt 0.933332 0.971260
vt 0.934551 0.970352
vt 0.934551 0.989348
vt 0.704316 0.994247
vt 0.703543 0.993678
vt 0.703543 0.976362
vt 0.704316 0.975754
vt 0.989390 0.558455
vt 0.989395 0.539968
vt 0.990521 0.538790
vt 0.990521 0.559301
vt 0.421517 0.978227
vt 0.422559 0.978197
vt 0.432981 0.992172
vt 0.432647 0.993153
vt 0.974645 0.172505
vt 0.985742 0.187457
vt 0.985242 0.188969
vt 0.972933 0.172387
vt 0.980912 0.124071
vt 0.980239 0.123543
vt 0.980239 0.108182
vt 0.980912 0.107654
vt 0.812168 0.989406
vt 0.812154 0.972688
vt 0.813194 0.971775
vt 0.813194 0.990172
vt 0.432811 0.968812
vt 0.432981 0.969509
vt 0.985742 0.163300
vt 0.985439 0.162011
vt 0.431171 0.707999
vt 0.430471 0.707809
vt 0.296463 0.707800
vt 0.297569 0.708171
vt 0.547998 0.488324
vt 0.548428 0.487801
vt 0.477600 0.295070
vt 0.476458 0.294877
vt 0.087368 0.966099
vt 0.087571 0.966919
vt 0.076467 0.979960
vt 0.075509 0.980027
vt 0.979824 0.683824
vt 0.967800 0.697591
vt 0.966388 0.697691
vt 0.979616 0.682308
vt 0.850228 0.994434
vt 0.849472 0.993843
vt 0.849472 0.976371
vt 0.850228 0.975774
vt 0.584164 0.467946
vt 0.584110 0.449293
vt 0.585468 0.448193
vt 0.585468 0.468890
vt 0.087571 0.990329
vt 0.087376 0.991109
vt 0.979824 0.708934
vt 0.979613 0.710168
vt 0.667738 0.451431
vt 0.668411 0.452091
vt 0.668411 0.467965
vt 0.667738 0.468625
vt 0.938236 0.988146
vt 0.938207 0.971260
vt 0.939426 0.970352
vt 0.939426 0.989348
vt 0.998456 0.487488
vt 0.997738 0.486927
vt 0.997738 0.469555
vt 0.998456 0.468934
vt 0.865392 0.990156
vt 0.865446 0.971596
vt 0.866492 0.970398
vt 0.866492 0.990976
vt 0.504697 0.977065
vt 0.505702 0.977039
vt 0.516711 0.990533
vt 0.516455 0.991477
vt 0.970763 0.947549
vt 0.982576 0.961906
vt 0.982007 0.963508
vt 0.969132 0.947391
vt 0.978432 0.403196
vt 0.977759 0.402668
vt 0.977759 0.387308
vt 0.978432 0.386780
vt 0.788002 0.989652
vt 0.787987 0.972934
vt 0.789028 0.972021
vt 0.789028 0.990418
vt 0.516628 0.966492
vt 0.516711 0.967283
vt 0.982576 0.937302
vt 0.982440 0.935844
vt 0.430919 0.723710
vt 0.430218 0.723613
vt 0.296205 0.723795
vt 0.297315 0.724022
vt 0.534268 0.479149
vt 0.534587 0.478553
vt 0.474385 0.311088
vt 0.473227 0.311122
vt 0.704252 0.016882
vt 0.704717 0.016291
vt 0.721834 0.016292
vt 0.722533 0.016883
vt 0.000967 0.696037
vt 0.019240 0.696046
vt 0.020276 0.697043
vt 0.000000 0.697047
vt 0.999948 0.620400
vt 0.999294 0.619829
vt 0.999294 0.602378
vt 0.999948 0.601761
vt 0.922026 0.988556
vt 0.922031 0.969902
vt 0.923202 0.968781
vt 0.923202 0.989454
vt 0.721917 0.000494
vt 0.722621 0.000000
vt 0.019329 0.678992
vt 0.020375 0.678138
vt 0.671106 0.468626
vt 0.670432 0.467965
vt 0.670432 0.452091
vt 0.671106 0.451431
vt 0.878301 0.971599
vt 0.878301 0.988193
vt 0.877111 0.989394
vt 0.877111 0.970398
vt 0.999973 0.954448
vt 0.999336 0.953886
vt 0.999336 0.936467
vt 0.999973 0.935844
vt 0.159737 0.991370
vt 0.159765 0.972763
vt 0.160694 0.971560
vt 0.160694 0.992195
vt 0.613113 0.221071
vt 0.614061 0.221089
vt 0.625412 0.234279
vt 0.625237 0.235158
vt 0.510546 0.232916
vt 0.510261 0.214336
vt 0.511547 0.213470
vt 0.511547 0.234084
vt 0.969680 0.386780
vt 0.970353 0.387308
vt 0.970353 0.402668
vt 0.969680 0.403196
vt 0.786962 0.989652
vt 0.786947 0.972934
vt 0.787987 0.972021
vt 0.787987 0.990418
vt 0.625412 0.209967
vt 0.625410 0.210843
vt 0.493997 0.233306
vt 0.493239 0.234516
vt 0.430835 0.740048
vt 0.430132 0.740048
vt 0.296118 0.740432
vt 0.297230 0.740506
vt 0.519011 0.472830
vt 0.519207 0.472182
vt 0.474385 0.327719
vt 0.473227 0.327685
vt 0.295495 0.933911
vt 0.296133 0.934534
vt 0.296133 0.951951
vt 0.295495 0.952512
vt 0.804019 0.991203
vt 0.804015 0.972609
vt 0.804950 0.971775
vt 0.804950 0.992407
vt 0.721946 0.443377
vt 0.722124 0.444257
vt 0.710778 0.457453
vt 0.709829 0.457469
vt 0.820230 0.442221
vt 0.808141 0.456338
vt 0.806619 0.456571
vt 0.820030 0.440916
vt 0.722621 0.033765
vt 0.721917 0.033271
vt 0.721834 0.017475
vt 0.019331 0.713360
vt 0.020276 0.695179
vt 0.020375 0.714084
vt 0.676493 0.468625
vt 0.675820 0.467965
vt 0.675820 0.452091
vt 0.676493 0.451431
vt 0.935769 0.988439
vt 0.935769 0.971260
vt 0.936988 0.970352
vt 0.936988 0.989348
vt 0.704717 0.017474
vt 0.000000 0.695174
vt 0.816102 0.981217
vt 0.816759 0.981832
vt 0.816759 0.999285
vt 0.816102 0.999857
vt 0.269854 0.988286
vt 0.269853 0.969661
vt 0.271031 0.968746
vt 0.271031 0.989420
vt 0.971026 0.403196
vt 0.970353 0.402668
vt 0.970353 0.387308
vt 0.971026 0.386780
vt 0.056474 0.990321
vt 0.056474 0.973456
vt 0.057500 0.972690
vt 0.057500 0.991087
vt 0.722122 0.467694
vt 0.722124 0.468568
vt 0.820228 0.467204
vt 0.820230 0.468809
vt 0.430919 0.756385
vt 0.430218 0.756482
vt 0.296205 0.757216
vt 0.297315 0.756989
vt 0.502814 0.469608
vt 0.502880 0.468935
vt 0.477600 0.343737
vt 0.476458 0.343930
vt 0.039518 0.997663
vt 0.038798 0.997042
vt 0.038798 0.979673
vt 0.039518 0.979112
vt 0.214114 0.989767
vt 0.214115 0.971225
vt 0.215219 0.970405
vt 0.215219 0.990980
vt 0.992488 0.963508
vt 0.992747 0.964454
vt 0.981747 0.977956
vt 0.980741 0.977929
vt 0.982754 0.906480
vt 0.971158 0.921023
vt 0.969319 0.921003
vt 0.982182 0.904875
vt 0.124383 0.966152
vt 0.124578 0.966931
vt 0.113475 0.977299
vt 0.112517 0.977232
vt 0.981768 0.360154
vt 0.969840 0.371407
vt 0.968333 0.371395
vt 0.981556 0.358920
vt 0.684575 0.468626
vt 0.683901 0.467965
vt 0.683901 0.452091
vt 0.684575 0.451431
vt 0.874731 0.971600
vt 0.874731 0.988193
vt 0.873541 0.989394
vt 0.873541 0.970398
vt 0.124578 0.990340
vt 0.124375 0.991161
vt 0.981768 0.385264
vt 0.981560 0.386780
vt 0.707377 0.975754
vt 0.708134 0.976350
vt 0.708134 0.993822
vt 0.707377 0.994415
vt 0.578657 0.467791
vt 0.578654 0.449131
vt 0.580019 0.448193
vt 0.580019 0.468890
vt 0.973046 0.386780
vt 0.973719 0.387308
vt 0.973719 0.402668
vt 0.973046 0.403196
vt 0.805884 0.989259
vt 0.805884 0.972688
vt 0.806924 0.971775
vt 0.806924 0.990172
vt 0.992747 0.987695
vt 0.992661 0.988484
vt 0.982754 0.931075
vt 0.982614 0.932529
vt 0.431171 0.772093
vt 0.430471 0.772284
vt 0.296460 0.773072
vt 0.297569 0.772838
vt 0.486300 0.469608
vt 0.486233 0.468935
vt 0.483741 0.358561
vt 0.482796 0.359233
vt 0.799888 0.957759
vt 0.799114 0.957152
vt 0.799114 0.939839
vt 0.799888 0.939269
vt 0.595615 0.467506
vt 0.595691 0.449040
vt 0.596824 0.448193
vt 0.596824 0.468701
vt 0.993299 0.514467
vt 0.993634 0.515448
vt 0.983228 0.529436
vt 0.982185 0.529407
vt 0.558591 0.234073
vt 0.558590 0.215453
vt 0.560140 0.214350
vt 0.560140 0.235002
vt 0.698831 0.680231
vt 0.699107 0.680932
vt 0.688730 0.690335
vt 0.687742 0.690279
vt 0.982492 0.602794
vt 0.971245 0.613238
vt 0.969789 0.613164
vt 0.982069 0.601761
vt 0.677167 0.468625
vt 0.676493 0.467964
vt 0.676493 0.452091
vt 0.677167 0.451431
vt 0.928457 0.988439
vt 0.928486 0.971553
vt 0.929676 0.970352
vt 0.929676 0.989348
vt 0.699107 0.703999
vt 0.698824 0.704873
vt 0.982492 0.627695
vt 0.982273 0.629202
vt 0.180481 0.992147
vt 0.179651 0.991562
vt 0.179651 0.974085
vt 0.180481 0.973481
vt 0.570385 0.467817
vt 0.570383 0.449151
vt 0.571767 0.448193
vt 0.571767 0.468895
vt 0.432381 0.951848
vt 0.433054 0.952376
vt 0.433054 0.967736
vt 0.432381 0.968264
vt 0.792164 0.989652
vt 0.792149 0.972934
vt 0.793190 0.972021
vt 0.793190 0.990418
vt 0.993634 0.538094
vt 0.993462 0.538789
vt 0.544199 0.214669
vt 0.543951 0.213470
vt 0.431580 0.786569
vt 0.430883 0.786846
vt 0.296875 0.787821
vt 0.297982 0.787444
vt 0.470103 0.472830
vt 0.469907 0.472182
vt 0.492794 0.372162
vt 0.491999 0.373004
vt 0.993162 0.557217
vt 0.992364 0.556631
vt 0.992364 0.539378
vt 0.993162 0.538790
vt 0.586773 0.467469
vt 0.586872 0.449066
vt 0.588040 0.448193
vt 0.588040 0.468631
vt 0.503460 0.972853
vt 0.504339 0.973453
vt 0.504339 0.990907
vt 0.503460 0.991494
vt 0.574536 0.467927
vt 0.574535 0.449285
vt 0.575920 0.448193
vt 0.575920 0.468868
vt 0.992532 0.124490
vt 0.992886 0.125120
vt 0.983523 0.133064
vt 0.982525 0.132981
vt 0.987830 0.081976
vt 0.977751 0.090729
vt 0.976199 0.090684
vt 0.987295 0.081050
vt 0.672452 0.451431
vt 0.673126 0.452091
vt 0.673126 0.467965
vt 0.672452 0.468625
vt 0.926020 0.988439
vt 0.926020 0.971260
vt 0.927238 0.970352
vt 0.927238 0.989348
vt 0.992886 0.147495
vt 0.992526 0.148393
vt 0.987830 0.106097
vt 0.987480 0.107654
vt 0.618758 0.973145
vt 0.619629 0.973727
vt 0.619629 0.991196
vt 0.618758 0.991802
vt 0.563383 0.467806
vt 0.563382 0.449149
vt 0.564793 0.448193
vt 0.564793 0.468886
vt 0.665895 0.451546
vt 0.666568 0.452074
vt 0.666568 0.467434
vt 0.665895 0.467962
vt 0.477153 0.467576
vt 0.477139 0.450858
vt 0.478179 0.449945
vt 0.478179 0.468342
vt 0.667065 0.468077
vt 0.667065 0.451431
vt 0.479090 0.450828
vt 0.479090 0.467458
vt 0.432131 0.799256
vt 0.431436 0.799609
vt 0.297435 0.800750
vt 0.298537 0.800245
vt 0.454846 0.479149
vt 0.454527 0.478553
vt 0.504553 0.383921
vt 0.503711 0.384717
vt 0.218224 0.679731
vt 0.218583 0.680629
vt 0.209199 0.695041
vt 0.208202 0.695124
vt 0.669544 0.683616
vt 0.659454 0.698953
vt 0.657903 0.699007
vt 0.669092 0.681982
vt 0.622998 0.973145
vt 0.623868 0.973752
vt 0.623868 0.991222
vt 0.622998 0.991803
vt 0.552846 0.467923
vt 0.552847 0.449265
vt 0.554419 0.448193
vt 0.554419 0.468887
vt 0.218583 0.703027
vt 0.218231 0.703659
vt 0.669544 0.707621
vt 0.669088 0.708616
vt 0.682554 0.451431
vt 0.683228 0.452091
vt 0.683228 0.467965
vt 0.682554 0.468626
vt 0.874731 0.988193
vt 0.874731 0.971600
vt 0.875921 0.970398
vt 0.875921 0.989394
vt 0.606853 0.862700
vt 0.606055 0.862112
vt 0.606055 0.844855
vt 0.606853 0.844269
vt 0.591836 0.467778
vt 0.591934 0.449339
vt 0.593096 0.448193
vt 0.593096 0.468636
vt 0.669368 0.977085
vt 0.670425 0.977096
vt 0.679959 0.991714
vt 0.679550 0.992697
vt 0.640202 0.466032
vt 0.640202 0.447393
vt 0.641793 0.446441
vt 0.641793 0.467114
vt 0.969006 0.386780
vt 0.969680 0.387308
vt 0.969680 0.402668
vt 0.969006 0.403196
vt 0.790083 0.989652
vt 0.790068 0.972934
vt 0.791109 0.972021
vt 0.791109 0.990418
vt 0.679701 0.969382
vt 0.679959 0.969989
vt 0.627804 0.466810
vt 0.627578 0.468006
vt 0.354845 0.693227
vt 0.354147 0.692951
vt 0.354712 0.680145
vt 0.355406 0.680496
vt 0.611733 0.691589
vt 0.612305 0.678633
vt 0.613402 0.679242
vt 0.612836 0.692087
vt 0.441115 0.488324
vt 0.440686 0.487801
vt 0.517895 0.392836
vt 0.517482 0.393919
vt 0.160207 0.679461
vt 0.160488 0.680334
vt 0.150097 0.693982
vt 0.149109 0.694037
vt 0.768998 0.442960
vt 0.757693 0.457353
vt 0.756238 0.457432
vt 0.768673 0.441363
vt 0.182970 0.973481
vt 0.183799 0.974085
vt 0.183799 0.991562
vt 0.182970 0.992147
vt 0.559095 0.467938
vt 0.558985 0.449271
vt 0.560479 0.448193
vt 0.560479 0.468896
vt 0.160488 0.703415
vt 0.160214 0.704119
vt 0.768998 0.467785
vt 0.768581 0.468823
vt 0.669759 0.468625
vt 0.669085 0.467965
vt 0.669085 0.452091
vt 0.669759 0.451431
vt 0.938207 0.971260
vt 0.938207 0.988439
vt 0.936988 0.989348
vt 0.936988 0.970352
vt 0.703543 0.994248
vt 0.702771 0.993678
vt 0.702771 0.976362
vt 0.703543 0.975754
vt 0.988957 0.080174
vt 0.988962 0.061687
vt 0.990088 0.060508
vt 0.990088 0.081021
vt 0.239610 0.978233
vt 0.240654 0.978204
vt 0.251065 0.992185
vt 0.250730 0.993165
vt 0.975454 0.209291
vt 0.986540 0.224248
vt 0.986038 0.225760
vt 0.973741 0.209171
vt 0.974393 0.386780
vt 0.975066 0.387308
vt 0.975066 0.402668
vt 0.974393 0.403196
vt 0.806939 0.989406
vt 0.806924 0.972688
vt 0.807965 0.971775
vt 0.807965 0.990172
vt 0.250894 0.968823
vt 0.251065 0.969521
vt 0.986540 0.200089
vt 0.986234 0.198799
vt 0.354428 0.707735
vt 0.353728 0.707546
vt 0.611308 0.706357
vt 0.612415 0.706725
vt 0.429438 0.500001
vt 0.428915 0.499572
vt 0.532978 0.399115
vt 0.532785 0.400257
vt 0.369322 0.963579
vt 0.369524 0.964397
vt 0.358411 0.977425
vt 0.357453 0.977493
vt 0.979400 0.037030
vt 0.967461 0.050872
vt 0.965956 0.050885
vt 0.979194 0.035517
vt 0.711163 0.994414
vt 0.710407 0.993822
vt 0.710407 0.976351
vt 0.711163 0.975754
vt 0.582747 0.467953
vt 0.582750 0.449294
vt 0.584110 0.448193
vt 0.584110 0.468889
vt 0.369524 0.987810
vt 0.369330 0.988592
vt 0.979400 0.062145
vt 0.979191 0.063381
vt 0.681207 0.451431
vt 0.681881 0.452091
vt 0.681881 0.467965
vt 0.681207 0.468626
vt 0.190835 0.988286
vt 0.190835 0.971692
vt 0.192024 0.970491
vt 0.192024 0.989487
vt 0.998443 0.720697
vt 0.997725 0.720136
vt 0.997725 0.702764
vt 0.998443 0.702143
vt 0.864291 0.990157
vt 0.864345 0.971596
vt 0.865392 0.970398
vt 0.865392 0.990977
vt 0.058136 0.977264
vt 0.059142 0.977238
vt 0.070145 0.990734
vt 0.069887 0.991678
vt 0.970867 0.288223
vt 0.982673 0.302582
vt 0.982102 0.304184
vt 0.969235 0.288063
vt 0.978892 0.107654
vt 0.979566 0.108182
vt 0.979566 0.123543
vt 0.978892 0.124071
vt 0.609931 0.861900
vt 0.609916 0.845182
vt 0.610957 0.844269
vt 0.610957 0.862665
vt 0.070060 0.966693
vt 0.070145 0.967484
vt 0.982673 0.277977
vt 0.982534 0.276519
vt 0.354171 0.723463
vt 0.353469 0.723368
vt 0.611046 0.722371
vt 0.612156 0.722594
vt 0.420263 0.513732
vt 0.419667 0.513413
vt 0.548996 0.402330
vt 0.549030 0.403488
vt 0.740990 0.016874
vt 0.741455 0.016285
vt 0.758569 0.016299
vt 0.759268 0.016889
vt 0.041714 0.696031
vt 0.059983 0.696054
vt 0.061020 0.697050
vt 0.040748 0.697038
vt 0.999275 0.534072
vt 0.999931 0.534642
vt 0.999931 0.552093
vt 0.999275 0.552710
vt 0.271031 0.988505
vt 0.271035 0.969867
vt 0.272208 0.968746
vt 0.272208 0.989418
vt 0.758653 0.000496
vt 0.759358 0.000000
vt 0.060075 0.678865
vt 0.061120 0.678138
vt 0.967303 0.063381
vt 0.967976 0.064042
vt 0.967976 0.079915
vt 0.967303 0.080576
vt 0.205583 0.971314
vt 0.205583 0.988492
vt 0.204364 0.989401
vt 0.204364 0.970405
vt 0.999959 0.161698
vt 0.999322 0.161136
vt 0.999322 0.143718
vt 0.999959 0.143094
vt 0.542003 0.449028
vt 0.542003 0.467625
vt 0.541075 0.468827
vt 0.541070 0.448193
vt 0.685237 0.454481
vt 0.686186 0.454499
vt 0.697533 0.467689
vt 0.697357 0.468568
vt 0.540073 0.467670
vt 0.540064 0.449067
vt 0.974393 0.403196
vt 0.973719 0.402668
vt 0.973719 0.387308
vt 0.974393 0.386780
vt 0.791123 0.989652
vt 0.791109 0.972934
vt 0.792149 0.972021
vt 0.792149 0.990418
vt 0.697533 0.443377
vt 0.697532 0.444253
vt 0.495241 0.450729
vt 0.495241 0.467281
vt 0.494049 0.468254
vt 0.494049 0.449945
vt 0.354085 0.739807
vt 0.353382 0.739809
vt 0.610957 0.739013
vt 0.612069 0.739084
vt 0.413944 0.528989
vt 0.413296 0.528793
vt 0.565627 0.402330
vt 0.565593 0.403488
vt 0.779426 0.976241
vt 0.780064 0.976865
vt 0.780064 0.994281
vt 0.779426 0.994841
vt 0.545879 0.449397
vt 0.545879 0.467990
vt 0.544945 0.468823
vt 0.544950 0.448193
vt 0.734241 0.443377
vt 0.734418 0.444256
vt 0.723072 0.457448
vt 0.722123 0.457466
vt 0.543941 0.467952
vt 0.543950 0.449352
vt 0.759358 0.033765
vt 0.758653 0.033273
vt 0.758569 0.017482
vt 0.060075 0.713362
vt 0.061020 0.695186
vt 0.061120 0.714083
vt 0.674473 0.451431
vt 0.675146 0.452091
vt 0.675146 0.467965
vt 0.674473 0.468625
vt 0.211705 0.988200
vt 0.211677 0.971314
vt 0.212895 0.970405
vt 0.212895 0.989401
vt 0.741455 0.017468
vt 0.040748 0.695165
vt 0.816759 0.981217
vt 0.817416 0.981832
vt 0.817416 0.999285
vt 0.816759 0.999857
vt 0.987035 0.558330
vt 0.987031 0.539689
vt 0.988211 0.538790
vt 0.988211 0.559464
vt 0.971700 0.403196
vt 0.971026 0.402668
vt 0.971026 0.387308
vt 0.971700 0.386780
vt 0.797323 0.972787
vt 0.797323 0.989652
vt 0.796297 0.990418
vt 0.796297 0.972021
vt 0.734417 0.467692
vt 0.734418 0.468568
vt 0.491663 0.467277
vt 0.491662 0.451021
vt 0.492856 0.449945
vt 0.492856 0.468252
vt 0.354171 0.756137
vt 0.353469 0.756237
vt 0.611046 0.755790
vt 0.612156 0.755561
vt 0.410722 0.545186
vt 0.410049 0.545119
vt 0.581645 0.399115
vt 0.581838 0.400257
vt 0.518674 0.979683
vt 0.519393 0.980304
vt 0.519393 0.997671
vt 0.518674 0.998232
vt 0.215219 0.989765
vt 0.215220 0.971224
vt 0.216322 0.970405
vt 0.216322 0.990979
vt 0.310285 0.967111
vt 0.310543 0.968055
vt 0.299544 0.981554
vt 0.298537 0.981528
vt 0.982720 0.001603
vt 0.971124 0.016142
vt 0.969285 0.016124
vt 0.982148 0.000000
vt 0.579980 0.966415
vt 0.580177 0.967193
vt 0.569088 0.977551
vt 0.568129 0.977484
vt 0.982021 0.798623
vt 0.970108 0.809866
vt 0.968600 0.809854
vt 0.981807 0.797391
vt 0.683901 0.468626
vt 0.683228 0.467965
vt 0.683228 0.452091
vt 0.683901 0.451431
vt 0.868782 0.988193
vt 0.868782 0.971600
vt 0.869972 0.970398
vt 0.869972 0.989394
vt 0.580177 0.990600
vt 0.579972 0.991421
vt 0.982021 0.823731
vt 0.981810 0.825248
vt 0.708892 0.994415
vt 0.708135 0.993819
vt 0.708135 0.976346
vt 0.708892 0.975754
vt 0.580022 0.467792
vt 0.580019 0.449131
vt 0.581383 0.448193
vt 0.581383 0.468890
vt 0.978219 0.124071
vt 0.977546 0.123543
vt 0.977546 0.108182
vt 0.978219 0.107654
vt 0.814235 0.989259
vt 0.814235 0.972688
vt 0.815275 0.971775
vt 0.815275 0.990172
vt 0.310543 0.991303
vt 0.310458 0.992093
vt 0.982720 0.026205
vt 0.982580 0.027662
vt 0.354428 0.771828
vt 0.353728 0.772020
vt 0.611305 0.771628
vt 0.612415 0.771392
vt 0.410722 0.561700
vt 0.410049 0.561766
vt 0.596469 0.392974
vt 0.597141 0.393919
vt 0.701226 0.994242
vt 0.700454 0.993634
vt 0.700453 0.976323
vt 0.701226 0.975754
vt 0.663038 0.234055
vt 0.662961 0.215558
vt 0.664165 0.214727
vt 0.664165 0.235234
vt 0.993226 0.834632
vt 0.993562 0.835613
vt 0.983155 0.849598
vt 0.982112 0.849569
vt 0.542403 0.234085
vt 0.542401 0.215467
vt 0.543951 0.214364
vt 0.543951 0.235013
vt 0.921749 0.968781
vt 0.922026 0.969482
vt 0.911670 0.978866
vt 0.910681 0.978810
vt 0.983805 0.404596
vt 0.972626 0.414908
vt 0.971170 0.414829
vt 0.983462 0.403489
vt 0.673799 0.451431
vt 0.674473 0.452091
vt 0.674473 0.467964
vt 0.673799 0.468625
vt 0.927238 0.988439
vt 0.927267 0.971553
vt 0.928457 0.970352
vt 0.928457 0.989348
vt 0.922026 0.992541
vt 0.921741 0.993416
vt 0.983805 0.429414
vt 0.983578 0.430922
vt 0.180481 0.973481
vt 0.181311 0.974065
vt 0.181311 0.991542
vt 0.180481 0.992146
vt 0.571769 0.467817
vt 0.571767 0.449151
vt 0.573151 0.448193
vt 0.573151 0.468895
vt 0.978892 0.108183
vt 0.978892 0.123543
vt 0.978219 0.124071
vt 0.750382 0.990151
vt 0.750382 0.973286
vt 0.751408 0.972520
vt 0.751408 0.990917
vt 0.993562 0.858272
vt 0.993390 0.858969
vt 0.528001 0.214672
vt 0.527751 0.213470
vt 0.053031 0.972791
vt 0.053828 0.973377
vt 0.053828 0.993433
vt 0.053031 0.994020
vt 0.467720 0.971928
vt 0.467736 0.950692
vt 0.468893 0.949826
vt 0.468893 0.973066
vt 0.234439 0.992785
vt 0.233560 0.992185
vt 0.233560 0.971896
vt 0.234439 0.971309
vt 0.654753 0.939970
vt 0.641670 0.957001
vt 0.639906 0.957024
vt 0.654229 0.938380
vt 0.187395 0.944225
vt 0.187794 0.944828
vt 0.175781 0.956575
vt 0.174780 0.956561
vt 0.501734 0.940133
vt 0.488928 0.952769
vt 0.487468 0.952744
vt 0.501143 0.939251
vt 0.628780 0.973145
vt 0.629453 0.973806
vt 0.629453 0.995591
vt 0.628780 0.996252
vt 0.566620 0.948882
vt 0.566591 0.926084
vt 0.567810 0.925175
vt 0.567810 0.950083
vt 0.430450 0.261919
vt 0.430879 0.261396
vt 0.447149 0.277666
vt 0.446626 0.278095
vt 0.253030 0.173460
vt 0.244104 0.151910
vt 0.245191 0.151658
vt 0.253977 0.172870
vt 0.447535 0.277349
vt 0.431196 0.261010
vt 0.606635 0.843789
vt 0.605865 0.826194
vt 0.607119 0.826531
vt 0.607893 0.844268
vt 0.187794 0.972560
vt 0.187496 0.973481
vt 0.501734 0.969631
vt 0.501468 0.971208
vt 0.757364 0.972727
vt 0.758235 0.973309
vt 0.758235 0.993617
vt 0.757364 0.994224
vt 0.658729 0.234082
vt 0.658564 0.212593
vt 0.660139 0.211629
vt 0.660139 0.235162
vt 0.297357 0.952077
vt 0.298030 0.952605
vt 0.298030 0.973794
vt 0.297357 0.974322
vt 0.987990 0.462340
vt 0.987990 0.439661
vt 0.989023 0.438888
vt 0.989023 0.463113
vt 0.298526 0.974437
vt 0.298526 0.951962
vt 0.654753 0.968423
vt 0.654018 0.969344
vt 0.897510 0.439174
vt 0.897806 0.440095
vt 0.885755 0.456045
vt 0.884754 0.456058
vt 0.969437 0.516118
vt 0.956689 0.533019
vt 0.955140 0.532963
vt 0.969087 0.514467
vt 0.757364 0.994224
vt 0.756493 0.993617
vt 0.756493 0.973309
vt 0.757364 0.972727
vt 0.746713 0.465946
vt 0.746714 0.444449
vt 0.748287 0.443377
vt 0.748287 0.466910
vt 0.897806 0.467875
vt 0.897409 0.468480
vt 0.969437 0.545517
vt 0.968928 0.546480
vt 0.484462 0.973316
vt 0.485136 0.973977
vt 0.485136 0.995763
vt 0.484462 0.996424
vt 0.293010 0.927405
vt 0.293010 0.949910
vt 0.291820 0.951112
vt 0.291820 0.926203
vt 0.459932 0.296797
vt 0.459336 0.297116
vt 0.239610 0.129322
vt 0.240712 0.129139
vt 0.409367 0.657242
vt 0.408714 0.657522
vt 0.409393 0.639728
vt 0.410048 0.639372
vt 0.608933 0.696721
vt 0.609688 0.679320
vt 0.610957 0.678633
vt 0.610187 0.696385
vt 0.764874 0.993962
vt 0.764077 0.993374
vt 0.764077 0.973314
vt 0.764874 0.972727
vt 0.564939 0.953678
vt 0.564933 0.932434
vt 0.566198 0.931280
vt 0.566198 0.954526
vt 0.790037 0.451478
vt 0.791092 0.451409
vt 0.803446 0.467503
vt 0.803114 0.468514
vt 0.956500 0.481011
vt 0.969381 0.498195
vt 0.968678 0.499912
vt 0.954578 0.481100
vt 0.129237 0.997420
vt 0.128564 0.996892
vt 0.128564 0.975703
vt 0.129237 0.975175
vt 0.985423 0.492256
vt 0.985423 0.469839
vt 0.986469 0.468934
vt 0.986469 0.493160
vt 0.803141 0.440041
vt 0.803446 0.440626
vt 0.969381 0.470026
vt 0.968843 0.468935
vt 0.447186 0.939596
vt 0.447402 0.940487
vt 0.434173 0.955404
vt 0.433183 0.955385
vt 0.926036 0.836150
vt 0.911944 0.851871
vt 0.910499 0.851847
vt 0.925907 0.834632
vt 0.219356 0.991912
vt 0.218526 0.991307
vt 0.218526 0.970989
vt 0.219356 0.970405
vt 0.751433 0.465961
vt 0.751549 0.444456
vt 0.752930 0.443377
vt 0.752930 0.466920
vt 0.447402 0.969379
vt 0.447075 0.970060
vt 0.926036 0.866902
vt 0.925547 0.867898
vt 0.995970 0.958951
vt 0.995296 0.958290
vt 0.995296 0.936505
vt 0.995970 0.935844
vt 0.256488 0.950173
vt 0.256516 0.927375
vt 0.257706 0.926173
vt 0.257706 0.951082
vt 0.468738 0.318055
vt 0.468090 0.318251
vt 0.239610 0.105996
vt 0.240712 0.106179
vt 0.408897 0.677626
vt 0.408247 0.677820
vt 0.608364 0.716816
vt 0.609615 0.716636
vt 0.713921 0.994120
vt 0.713150 0.993551
vt 0.713150 0.973421
vt 0.713921 0.972812
vt 0.449014 0.973712
vt 0.448998 0.952398
vt 0.450134 0.951226
vt 0.450134 0.974552
vt 0.901207 0.452482
vt 0.902245 0.452370
vt 0.915603 0.467610
vt 0.915347 0.468614
vt 0.909898 0.050461
vt 0.924047 0.066583
vt 0.923671 0.068131
vt 0.908180 0.050484
vt 0.718871 0.975248
vt 0.719544 0.975775
vt 0.719544 0.996965
vt 0.718871 0.997492
vt 0.986788 0.185463
vt 0.986788 0.162784
vt 0.987821 0.162010
vt 0.987821 0.186236
vt 0.915376 0.438606
vt 0.915603 0.439288
vt 0.924047 0.036586
vt 0.923443 0.035517
vt 0.559766 0.932331
vt 0.559903 0.933163
vt 0.545836 0.947245
vt 0.544876 0.947236
vt 0.880604 0.798905
vt 0.865723 0.813831
vt 0.864221 0.813722
vt 0.880506 0.797391
vt 0.994623 0.957345
vt 0.993866 0.956753
vt 0.993866 0.936440
vt 0.994623 0.935844
vt 0.847402 0.463509
vt 0.847405 0.442008
vt 0.848707 0.440916
vt 0.848707 0.464453
vt 0.559903 0.962653
vt 0.559647 0.963417
vt 0.880604 0.830110
vt 0.880316 0.831329
vt 0.483769 0.929047
vt 0.484442 0.929708
vt 0.484442 0.951494
vt 0.483769 0.952154
vt 0.772985 0.442272
vt 0.772985 0.465363
vt 0.771766 0.466272
vt 0.771766 0.441363
vt 0.473227 0.340622
vt 0.472553 0.340688
vt 0.244104 0.083408
vt 0.245191 0.083661
vt 0.408658 0.699741
vt 0.408008 0.699841
vt 0.608010 0.738914
vt 0.609263 0.738609
vt 0.163584 0.994875
vt 0.162867 0.994315
vt 0.162867 0.974120
vt 0.163584 0.973499
vt 0.234483 0.982202
vt 0.234474 0.960817
vt 0.235577 0.959611
vt 0.235577 0.983013
vt 0.526015 0.953541
vt 0.527016 0.953434
vt 0.541043 0.968029
vt 0.540863 0.968991
vt 0.871215 0.420058
vt 0.885884 0.435693
vt 0.885652 0.437146
vt 0.869386 0.420246
vt 0.996643 0.958089
vt 0.995970 0.957561
vt 0.995970 0.936372
vt 0.996643 0.935844
vt 0.986412 0.905780
vt 0.986412 0.928197
vt 0.985367 0.929101
vt 0.985367 0.904875
vt 0.540894 0.938004
vt 0.541043 0.938786
vt 0.885884 0.404718
vt 0.885412 0.403489
vt 0.684941 0.189776
vt 0.685405 0.189186
vt 0.705297 0.189195
vt 0.705997 0.189785
vt 0.161670 0.667329
vt 0.182734 0.667478
vt 0.183763 0.668335
vt 0.160713 0.668329
vt 0.850884 0.997251
vt 0.850228 0.996680
vt 0.850228 0.976390
vt 0.850884 0.975774
vt 0.274333 0.969774
vt 0.274334 0.948312
vt 0.275510 0.947177
vt 0.275510 0.970689
vt 0.705414 0.167510
vt 0.706120 0.167014
vt 0.182860 0.644260
vt 0.183896 0.643541
vt 0.291793 0.993127
vt 0.291119 0.992466
vt 0.291119 0.970680
vt 0.291793 0.970020
vt 0.503460 0.949135
vt 0.503432 0.926337
vt 0.504650 0.925428
vt 0.504650 0.950336
vt 0.473227 0.363631
vt 0.472553 0.363565
vt 0.253030 0.061858
vt 0.253977 0.062448
vt 0.408658 0.722737
vt 0.408008 0.722740
vt 0.607893 0.761606
vt 0.609144 0.761459
vt 0.742468 0.975960
vt 0.743103 0.976521
vt 0.743103 0.996771
vt 0.742468 0.997395
vt 0.197274 0.993128
vt 0.197261 0.971687
vt 0.198196 0.970491
vt 0.198196 0.993956
vt 0.939772 0.530788
vt 0.940720 0.530727
vt 0.955140 0.544911
vt 0.955037 0.545802
vt 0.588214 0.847540
vt 0.603294 0.862739
vt 0.602989 0.864259
vt 0.586478 0.847623
vt 0.449461 0.974552
vt 0.450134 0.975080
vt 0.450134 0.996269
vt 0.449461 0.996797
vt 0.985755 0.185463
vt 0.985742 0.162915
vt 0.986788 0.162010
vt 0.986788 0.186236
vt 0.955069 0.514467
vt 0.955140 0.515341
vt 0.603294 0.831839
vt 0.603179 0.830234
vt 0.667397 0.997187
vt 0.666760 0.996564
vt 0.666760 0.976314
vt 0.667397 0.975752
vt 0.237047 0.591545
vt 0.237056 0.570103
vt 0.237980 0.569275
vt 0.237985 0.592741
vt 0.955079 0.721513
vt 0.955182 0.722404
vt 0.940763 0.736589
vt 0.939815 0.736528
vt 0.238985 0.570148
vt 0.238985 0.591583
vt 0.706120 0.212547
vt 0.705414 0.212054
vt 0.705297 0.190378
vt 0.182860 0.690538
vt 0.183763 0.666471
vt 0.183896 0.691254
vt 0.628106 0.996252
vt 0.627433 0.995591
vt 0.627433 0.973806
vt 0.628106 0.973145
vt 0.485780 0.949710
vt 0.485751 0.926912
vt 0.486970 0.926003
vt 0.486970 0.950911
vt 0.468738 0.386198
vt 0.468090 0.386002
vt 0.265919 0.042594
vt 0.266733 0.043358
vt 0.408897 0.745731
vt 0.408247 0.745637
vt 0.608013 0.784291
vt 0.609263 0.784308
vt 0.685405 0.190369
vt 0.160713 0.666456
vt 0.633694 0.935597
vt 0.633035 0.934981
vt 0.633035 0.914691
vt 0.633694 0.914120
vt 0.780745 0.964507
vt 0.780737 0.943014
vt 0.781922 0.942114
vt 0.781922 0.965626
vt 0.722911 0.997492
vt 0.722237 0.996964
vt 0.722237 0.975775
vt 0.722911 0.975248
vt 0.987638 0.426941
vt 0.987638 0.404262
vt 0.988671 0.403489
vt 0.988671 0.427714
vt 0.955182 0.751975
vt 0.955110 0.752848
vt 0.784861 0.936632
vt 0.784861 0.958983
vt 0.783668 0.959767
vt 0.783668 0.935658
vt 0.186066 0.973481
vt 0.186785 0.974102
vt 0.186785 0.994297
vt 0.186066 0.994858
vt 0.543640 0.979388
vt 0.543649 0.958003
vt 0.544747 0.957191
vt 0.544747 0.980592
vt 0.968833 0.559999
vt 0.969013 0.560961
vt 0.954988 0.575558
vt 0.953987 0.575450
vt 0.886948 0.202582
vt 0.872288 0.218210
vt 0.870456 0.218045
vt 0.886506 0.200939
vt 0.272608 0.937667
vt 0.272866 0.938429
vt 0.258814 0.953815
vt 0.257853 0.953824
vt 0.883232 0.602977
vt 0.868366 0.619232
vt 0.866864 0.619341
vt 0.882941 0.601761
vt 0.175453 0.996588
vt 0.174780 0.995927
vt 0.174780 0.974142
vt 0.175453 0.973481
vt 0.448998 0.950024
vt 0.448998 0.927519
vt 0.450188 0.926317
vt 0.450188 0.951226
vt 0.459932 0.407456
vt 0.459336 0.407137
vt 0.282204 0.026309
vt 0.282968 0.027123
vt 0.409367 0.767840
vt 0.408714 0.767652
vt 0.608358 0.805826
vt 0.609615 0.806278
vt 0.272866 0.967912
vt 0.272727 0.968746
vt 0.883232 0.634175
vt 0.883131 0.635691
vt 0.144897 0.991733
vt 0.144138 0.991137
vt 0.144138 0.970824
vt 0.144897 0.970232
vt 0.788200 0.227346
vt 0.788197 0.205845
vt 0.789565 0.204908
vt 0.789565 0.228446
vt 0.951183 0.974007
vt 0.951857 0.974535
vt 0.951857 0.995724
vt 0.951183 0.996252
vt 0.370569 0.964483
vt 0.370569 0.986900
vt 0.369524 0.987804
vt 0.369524 0.963579
vt 0.969013 0.590203
vt 0.968864 0.590984
vt 0.886948 0.233154
vt 0.886692 0.234595
vt 0.053870 0.972791
vt 0.054642 0.973399
vt 0.054642 0.993529
vt 0.053870 0.994099
vt 0.909137 0.963889
vt 0.909225 0.942589
vt 0.910346 0.941749
vt 0.910346 0.965075
vt 0.930135 0.438888
vt 0.930391 0.439891
vt 0.917036 0.455133
vt 0.915998 0.455021
vt 0.925190 0.644511
vt 0.911042 0.660635
vt 0.909325 0.660612
vt 0.924814 0.642962
vt 0.814946 0.941331
vt 0.815275 0.942010
vt 0.802068 0.955945
vt 0.801078 0.955963
vt 0.015515 0.894921
vt 0.001445 0.909909
vt 0.000000 0.909933
vt 0.015024 0.893928
vt 0.486425 0.996535
vt 0.485751 0.995874
vt 0.485751 0.974088
vt 0.486425 0.973428
vt 0.897806 0.463174
vt 0.897806 0.440083
vt 0.899025 0.439174
vt 0.899025 0.464082
vt 0.447149 0.426587
vt 0.446626 0.426158
vt 0.301599 0.013350
vt 0.302059 0.014367
vt 0.410048 0.788212
vt 0.409393 0.787938
vt 0.608933 0.826188
vt 0.610187 0.826524
vt 0.815275 0.970882
vt 0.815058 0.971775
vt 0.015515 0.925652
vt 0.015383 0.927172
vt 0.868531 0.441478
vt 0.869362 0.442062
vt 0.869362 0.462380
vt 0.868531 0.462984
vt 0.754428 0.465842
vt 0.754426 0.444335
vt 0.755811 0.443377
vt 0.755811 0.466921
vt 0.072429 0.974669
vt 0.073102 0.975197
vt 0.073102 0.996386
vt 0.072429 0.996914
vt 0.953093 0.986375
vt 0.953080 0.963827
vt 0.954126 0.962922
vt 0.954126 0.987148
vt 0.930391 0.468210
vt 0.930165 0.468892
vt 0.925190 0.674505
vt 0.924585 0.675573
vt 0.764025 0.993963
vt 0.763228 0.993376
vt 0.763228 0.973315
vt 0.764025 0.972727
vt 0.235749 0.971750
vt 0.235765 0.950508
vt 0.236922 0.949642
vt 0.236922 0.972889
vt 0.831685 0.993200
vt 0.830806 0.992601
vt 0.830806 0.972312
vt 0.831685 0.971724
vt 0.109088 0.940510
vt 0.096114 0.957624
vt 0.094351 0.957659
vt 0.108554 0.938924
vt 0.173336 0.944223
vt 0.173734 0.944827
vt 0.161714 0.956603
vt 0.160713 0.956589
vt 0.350259 0.939962
vt 0.337535 0.952543
vt 0.335987 0.952604
vt 0.349669 0.939078
vt 0.353913 0.973155
vt 0.354587 0.973816
vt 0.354587 0.995602
vt 0.353913 0.996262
vt 0.899053 0.462881
vt 0.899024 0.440083
vt 0.900243 0.439174
vt 0.900243 0.464082
vt 0.430879 0.442857
vt 0.430450 0.442334
vt 0.323018 0.004493
vt 0.323271 0.005581
vt 0.431195 0.443243
vt 0.447535 0.426903
vt 0.609699 0.843789
vt 0.610957 0.844268
vt 0.173734 0.972578
vt 0.173437 0.973499
vt 0.350259 0.969480
vt 0.349994 0.971056
vt 0.272208 0.968746
vt 0.273079 0.969327
vt 0.273079 0.989636
vt 0.272208 0.990243
vt 0.653841 0.234090
vt 0.653841 0.212593
vt 0.655416 0.211629
vt 0.655416 0.235162
vt 0.072429 0.952309
vt 0.073102 0.952837
vt 0.073102 0.974026
vt 0.072429 0.974554
vt 0.987424 0.023453
vt 0.987424 0.000773
vt 0.988457 0.000000
vt 0.988457 0.024226
vt 0.073598 0.974669
vt 0.073598 0.952194
vt 0.109088 0.968808
vt 0.108543 0.969897
vt 0.797622 0.942738
vt 0.797918 0.943659
vt 0.785867 0.959617
vt 0.784866 0.959630
vt 0.969784 0.126142
vt 0.957036 0.143051
vt 0.955487 0.142995
vt 0.969434 0.124490
vt 0.756493 0.994224
vt 0.755622 0.993617
vt 0.755622 0.973309
vt 0.756493 0.972727
vt 0.660139 0.234198
vt 0.660139 0.212701
vt 0.661713 0.211629
vt 0.661713 0.235162
vt 0.797918 0.971418
vt 0.797521 0.972021
vt 0.969784 0.155518
vt 0.969275 0.156478
vt 0.176800 0.973481
vt 0.177474 0.974142
vt 0.177474 0.995927
vt 0.176800 0.996588
vt 0.035023 0.950069
vt 0.035023 0.927564
vt 0.036213 0.926363
vt 0.036213 0.951271
vt 0.411748 0.455640
vt 0.411429 0.455044
vt 0.345607 0.000000
vt 0.345790 0.001101
vt 0.238419 0.406402
vt 0.237767 0.406680
vt 0.238458 0.388833
vt 0.239113 0.388478
vt 0.564408 0.656089
vt 0.565178 0.638636
vt 0.566446 0.637951
vt 0.565661 0.655757
vt 0.054642 0.972791
vt 0.055439 0.973378
vt 0.055439 0.993436
vt 0.054642 0.994022
vt 0.563397 0.953673
vt 0.563392 0.932433
vt 0.564657 0.931279
vt 0.564657 0.954521
vt 0.719190 0.218168
vt 0.720245 0.218097
vt 0.732627 0.234169
vt 0.732297 0.235181
vt 0.956221 0.947966
vt 0.969132 0.965129
vt 0.968433 0.966846
vt 0.954299 0.948058
vt 0.952294 0.974007
vt 0.952968 0.974535
vt 0.952968 0.995724
vt 0.952294 0.996252
vt 0.986592 0.404393
vt 0.986592 0.426810
vt 0.985546 0.427714
vt 0.985546 0.403489
vt 0.732324 0.206684
vt 0.732627 0.207270
vt 0.969132 0.936938
vt 0.968598 0.935844
vt 0.144612 0.939782
vt 0.144827 0.940674
vt 0.131597 0.955599
vt 0.130607 0.955580
vt 0.926219 0.873145
vt 0.912126 0.888874
vt 0.910681 0.888850
vt 0.926090 0.871626
vt 0.635890 0.969742
vt 0.636719 0.970346
vt 0.636719 0.990664
vt 0.635890 0.991249
vt 0.786813 0.227493
vt 0.786815 0.205986
vt 0.788197 0.204908
vt 0.788197 0.228451
vt 0.144827 0.969552
vt 0.144500 0.970232
vt 0.926219 0.903882
vt 0.925731 0.904875
vt 0.601941 0.953435
vt 0.601268 0.952775
vt 0.601268 0.930989
vt 0.601941 0.930329
vt 0.036228 0.949386
vt 0.036228 0.926295
vt 0.037447 0.925387
vt 0.037447 0.950295
vt 0.390490 0.464446
vt 0.390294 0.463798
vt 0.368932 0.000000
vt 0.368750 0.001101
vt 0.237940 0.426826
vt 0.237290 0.427018
vt 0.563822 0.676496
vt 0.565078 0.676048
vt 0.713921 0.972812
vt 0.714693 0.973382
vt 0.714693 0.993508
vt 0.713921 0.994117
vt 0.037712 0.973686
vt 0.037696 0.952375
vt 0.038832 0.951203
vt 0.038832 0.974525
vt 0.757988 0.218801
vt 0.759024 0.218689
vt 0.772402 0.233912
vt 0.772148 0.234916
vt 0.903859 0.180351
vt 0.918030 0.196456
vt 0.917658 0.198003
vt 0.902143 0.180374
vt 0.720217 0.997492
vt 0.719544 0.996964
vt 0.719544 0.975775
vt 0.720217 0.975248
vt 0.144898 0.988055
vt 0.144898 0.965376
vt 0.145931 0.964603
vt 0.145931 0.988828
vt 0.772178 0.204891
vt 0.772402 0.205574
vt 0.918030 0.166440
vt 0.917429 0.165370
vt 0.127408 0.935071
vt 0.127545 0.935905
vt 0.113477 0.949994
vt 0.112517 0.949985
vt 0.880676 0.836148
vt 0.865694 0.850976
vt 0.864291 0.850973
vt 0.880578 0.834632
vt 0.013909 0.994586
vt 0.013151 0.993994
vt 0.013151 0.973681
vt 0.013909 0.973085
vt 0.822184 0.227035
vt 0.822187 0.205534
vt 0.823489 0.204441
vt 0.823489 0.227979
vt 0.127545 0.965390
vt 0.127289 0.966152
vt 0.880676 0.867348
vt 0.880388 0.868565
vt 0.627433 0.996252
vt 0.626759 0.995591
vt 0.626759 0.973806
vt 0.627433 0.973145
vt 0.610986 0.855061
vt 0.610957 0.832263
vt 0.612175 0.831354
vt 0.612175 0.856263
vt 0.367923 0.468935
vt 0.367857 0.468261
vt 0.391663 0.004536
vt 0.391268 0.005581
vt 0.237696 0.448966
vt 0.237047 0.449064
vt 0.563467 0.698347
vt 0.564719 0.698045
vt 0.162149 0.973499
vt 0.162867 0.974059
vt 0.162867 0.994252
vt 0.162149 0.994873
vt 0.237733 0.982198
vt 0.237724 0.960816
vt 0.238829 0.959611
vt 0.238829 0.983009
vt 0.910681 0.953342
vt 0.911681 0.953235
vt 0.925720 0.967820
vt 0.925542 0.968781
vt 0.850942 0.016504
vt 0.865718 0.032024
vt 0.865291 0.033668
vt 0.849114 0.016680
vt 0.038369 0.996771
vt 0.037696 0.996243
vt 0.037696 0.975054
vt 0.038369 0.974525
vt 0.986540 0.222121
vt 0.986540 0.199704
vt 0.987586 0.198800
vt 0.987586 0.223025
vt 0.925573 0.937785
vt 0.925720 0.938568
vt 0.865718 0.001234
vt 0.865257 0.000000
vt 0.680602 0.491699
vt 0.681067 0.491108
vt 0.700966 0.491111
vt 0.701665 0.491703
vt 0.663009 0.427278
vt 0.684080 0.427273
vt 0.685107 0.428279
vt 0.662050 0.428280
vt 0.849472 0.997252
vt 0.848816 0.996680
vt 0.848816 0.976390
vt 0.849472 0.975774
vt 0.297357 0.951047
vt 0.297359 0.929585
vt 0.298534 0.928450
vt 0.298534 0.951962
vt 0.701080 0.469429
vt 0.701784 0.468934
vt 0.684200 0.404351
vt 0.685237 0.403489
vt 0.542709 0.973280
vt 0.543383 0.973941
vt 0.543383 0.995727
vt 0.542709 0.996387
vt 0.053060 0.949073
vt 0.053031 0.926275
vt 0.054250 0.925366
vt 0.054250 0.950274
vt 0.344914 0.468935
vt 0.344980 0.468261
vt 0.412940 0.013350
vt 0.412480 0.014367
vt 0.237696 0.471970
vt 0.237047 0.471972
vt 0.563348 0.721047
vt 0.564598 0.720904
vt 0.741832 0.975960
vt 0.742468 0.976521
vt 0.742468 0.996768
vt 0.741832 0.997392
vt 0.992916 0.958492
vt 0.992930 0.937041
vt 0.993865 0.935844
vt 0.993865 0.959307
vt 0.791373 0.219892
vt 0.792318 0.219832
vt 0.806745 0.234012
vt 0.806644 0.234902
vt 0.546609 0.847212
vt 0.561695 0.862407
vt 0.561393 0.863925
vt 0.544876 0.847293
vt 0.718198 0.975248
vt 0.718871 0.975775
vt 0.718871 0.996964
vt 0.718198 0.997493
vt 0.370582 0.987031
vt 0.370569 0.964483
vt 0.371615 0.963579
vt 0.371615 0.987804
vt 0.806676 0.203567
vt 0.806745 0.204441
vt 0.561695 0.831506
vt 0.561584 0.829900
vt 0.711800 0.997189
vt 0.711163 0.996566
vt 0.711163 0.976315
vt 0.711800 0.975754
vt 0.196323 0.992761
vt 0.196337 0.971319
vt 0.197261 0.970491
vt 0.197261 0.993957
vt 0.955383 0.124490
vt 0.955487 0.125383
vt 0.941071 0.139575
vt 0.940123 0.139512
vt 0.129325 0.832031
vt 0.114055 0.847043
vt 0.112517 0.847144
vt 0.129235 0.830713
vt 0.701784 0.514467
vt 0.701080 0.513973
vt 0.700966 0.492294
vt 0.684202 0.450485
vt 0.685107 0.426415
vt 0.685237 0.451201
vt 0.450217 0.924501
vt 0.450890 0.925161
vt 0.450890 0.946947
vt 0.450217 0.947608
vt 0.612370 0.855061
vt 0.612341 0.832263
vt 0.613559 0.831354
vt 0.613559 0.856263
vt 0.322347 0.464446
vt 0.322543 0.463798
vt 0.432335 0.026309
vt 0.431571 0.027123
vt 0.237940 0.494956
vt 0.237290 0.494860
vt 0.563470 0.743724
vt 0.564719 0.743744
vt 0.681067 0.492291
vt 0.662050 0.426407
vt 0.189645 0.990974
vt 0.188987 0.990358
vt 0.188987 0.970069
vt 0.189645 0.969498
vt 0.634833 0.968619
vt 0.634826 0.947127
vt 0.636009 0.946229
vt 0.636009 0.969739
vt 0.723584 0.997492
vt 0.722911 0.996965
vt 0.722911 0.975775
vt 0.723584 0.975248
vt 0.988442 0.643735
vt 0.988442 0.666414
vt 0.987409 0.667188
vt 0.987409 0.642962
vt 0.955487 0.154953
vt 0.955414 0.155824
vt 0.129325 0.863354
vt 0.128987 0.864737
vt 0.187794 0.994859
vt 0.187076 0.994238
vt 0.187076 0.974042
vt 0.187794 0.973481
vt 0.799888 0.979957
vt 0.799897 0.958571
vt 0.800994 0.957759
vt 0.800994 0.981162
vt 0.969137 0.904875
vt 0.969319 0.905838
vt 0.955300 0.920445
vt 0.954299 0.920336
vt 0.016485 0.861935
vt 0.001833 0.877573
vt 0.000000 0.877407
vt 0.016041 0.860290
vt 0.968429 0.759670
vt 0.968686 0.760431
vt 0.954623 0.775819
vt 0.953662 0.775828
vt 0.882919 0.318935
vt 0.868042 0.335193
vt 0.866540 0.335302
vt 0.882630 0.317720
vt 0.176127 0.996588
vt 0.175453 0.995927
vt 0.175453 0.974142
vt 0.176127 0.973481
vt 0.355232 0.927812
vt 0.355232 0.950318
vt 0.354042 0.951519
vt 0.354042 0.926611
vt 0.301089 0.455640
vt 0.301408 0.455044
vt 0.448620 0.042594
vt 0.447806 0.043358
vt 0.238419 0.517039
vt 0.237767 0.516850
vt 0.563822 0.765234
vt 0.565078 0.765689
vt 0.968686 0.789914
vt 0.968548 0.790748
vt 0.882919 0.350133
vt 0.882820 0.351650
vt 0.017152 0.994461
vt 0.016394 0.993865
vt 0.016394 0.973553
vt 0.017152 0.972961
vt 0.789568 0.227345
vt 0.789565 0.205844
vt 0.790931 0.204908
vt 0.790931 0.228445
vt 0.257706 0.996655
vt 0.257033 0.996126
vt 0.257033 0.974937
vt 0.257706 0.974409
vt 0.032666 0.984915
vt 0.032666 0.962499
vt 0.033712 0.961594
vt 0.033712 0.985820
vt 0.969319 0.935065
vt 0.969168 0.935844
vt 0.016485 0.892491
vt 0.016227 0.893928
vt 0.037030 0.994121
vt 0.036257 0.993513
vt 0.036257 0.973382
vt 0.037030 0.972812
vt 0.829597 0.963903
vt 0.829604 0.942586
vt 0.830806 0.941762
vt 0.830806 0.965090
vt 0.698760 0.941350
vt 0.699017 0.942354
vt 0.685673 0.957608
vt 0.684635 0.957496
vt 0.036229 0.895334
vt 0.022093 0.911472
vt 0.020374 0.911448
vt 0.035850 0.893784
vt 0.846822 0.940963
vt 0.847150 0.941642
vt 0.833927 0.955582
vt 0.832936 0.955601
vt 0.484462 0.896888
vt 0.470420 0.911753
vt 0.468974 0.911773
vt 0.484060 0.895804
vt 0.631255 0.968811
vt 0.631929 0.969472
vt 0.631929 0.991257
vt 0.631255 0.991918
vt 0.054250 0.949366
vt 0.054250 0.926275
vt 0.055468 0.925366
vt 0.055468 0.950275
vt 0.281958 0.442857
vt 0.282387 0.442334
vt 0.461509 0.061858
vt 0.460562 0.062448
vt 0.239113 0.537371
vt 0.238458 0.537096
vt 0.564408 0.785555
vt 0.565661 0.785894
vt 0.847150 0.970514
vt 0.846933 0.971406
vt 0.484462 0.927528
vt 0.484328 0.929048
vt 0.520305 0.950477
vt 0.519474 0.949892
vt 0.519474 0.929574
vt 0.520305 0.928970
vt 0.769000 0.463828
vt 0.768998 0.442322
vt 0.770382 0.441364
vt 0.770382 0.464907
vt 0.315260 0.996529
vt 0.314587 0.996001
vt 0.314587 0.974812
vt 0.315260 0.974284
vt 0.986605 0.426941
vt 0.986592 0.404393
vt 0.987638 0.403489
vt 0.987638 0.427714
vt 0.699017 0.970644
vt 0.698790 0.971323
vt 0.036229 0.925298
vt 0.035622 0.926363
vt 0.762431 0.993964
vt 0.761634 0.993378
vt 0.761634 0.973315
vt 0.762431 0.972727
vt 0.129405 0.971033
vt 0.129421 0.949789
vt 0.130578 0.948923
vt 0.130578 0.972172
vt 0.850891 0.462394
vt 0.850011 0.461793
vt 0.850011 0.441503
vt 0.850891 0.440916
vt 0.204364 0.941151
vt 0.191408 0.958281
vt 0.189645 0.958317
vt 0.203828 0.939565
vt 0.629659 0.943872
vt 0.630056 0.944475
vt 0.618016 0.956258
vt 0.617015 0.956245
vt 0.878586 0.939306
vt 0.865751 0.951979
vt 0.864291 0.951956
vt 0.877997 0.938423
vt 0.353295 0.996270
vt 0.352622 0.995609
vt 0.352622 0.973823
vt 0.353295 0.973163
vt 0.017246 0.943261
vt 0.017217 0.920463
vt 0.018436 0.919554
vt 0.018436 0.944463
vt 0.265688 0.426587
vt 0.266211 0.426158
vt 0.470436 0.083408
vt 0.469348 0.083661
vt 0.265302 0.426903
vt 0.281641 0.443243
vt 0.565189 0.803103
vt 0.566446 0.803585
vt 0.630056 0.972224
vt 0.629760 0.973145
vt 0.878586 0.968821
vt 0.878322 0.970398
vt 0.754751 0.994225
vt 0.753880 0.993643
vt 0.753880 0.973334
vt 0.754751 0.972727
vt 0.655416 0.234090
vt 0.655416 0.212592
vt 0.656990 0.211629
vt 0.656990 0.235163
vt 0.314587 0.951924
vt 0.315260 0.952452
vt 0.315260 0.973641
vt 0.314587 0.974169
vt 0.987821 0.185463
vt 0.987821 0.162784
vt 0.988853 0.162010
vt 0.988853 0.186236
vt 0.315756 0.974284
vt 0.315756 0.951809
vt 0.204364 0.969407
vt 0.203818 0.970491
vt 0.971933 0.438888
vt 0.972229 0.439809
vt 0.960179 0.455770
vt 0.959178 0.455782
vt 0.969824 0.873277
vt 0.957078 0.890189
vt 0.955529 0.890134
vt 0.969475 0.871626
vt 0.759105 0.972727
vt 0.759976 0.973334
vt 0.759976 0.993643
vt 0.759105 0.994225
vt 0.749860 0.465947
vt 0.749861 0.444449
vt 0.751433 0.443377
vt 0.751433 0.466910
vt 0.972229 0.467562
vt 0.971831 0.468165
vt 0.969824 0.902647
vt 0.969315 0.903607
vt 0.176127 0.973481
vt 0.176800 0.974142
vt 0.176800 0.995927
vt 0.176127 0.996588
vt 0.033833 0.950069
vt 0.033833 0.927564
vt 0.035023 0.926363
vt 0.035023 0.951271
vt 0.252904 0.407456
vt 0.253501 0.407137
vt 0.474929 0.105996
vt 0.473828 0.106179
vt 0.237754 0.370580
vt 0.238405 0.370301
vt 0.237702 0.388123
vt 0.237047 0.388478
vt 0.184975 0.615872
vt 0.185757 0.598444
vt 0.187025 0.597758
vt 0.186227 0.615538
vt 0.816073 0.992164
vt 0.815275 0.991576
vt 0.815275 0.971514
vt 0.816073 0.970928
vt 0.425389 0.953501
vt 0.425383 0.932256
vt 0.426649 0.931103
vt 0.426649 0.954350
vt 0.055468 0.925366
vt 0.056347 0.925953
vt 0.056347 0.946244
vt 0.055468 0.946844
vt 0.318604 0.950486
vt 0.331509 0.967655
vt 0.330809 0.969372
vt 0.316682 0.950577
vt 0.036221 0.973631
vt 0.035548 0.973103
vt 0.035548 0.951914
vt 0.036221 0.951386
vt 0.985332 0.023321
vt 0.985332 0.000905
vt 0.986378 0.000000
vt 0.986378 0.024226
vt 0.035052 0.951271
vt 0.035052 0.973746
vt 0.331509 0.939487
vt 0.330974 0.938396
vt 0.940023 0.939906
vt 0.940239 0.940798
vt 0.927010 0.955726
vt 0.926020 0.955707
vt 0.926588 0.126010
vt 0.912495 0.141742
vt 0.911050 0.141717
vt 0.926459 0.124490
vt 0.761634 0.994234
vt 0.760805 0.993630
vt 0.760805 0.973312
vt 0.761634 0.972727
vt 0.788022 0.463134
vt 0.788024 0.441627
vt 0.789405 0.440548
vt 0.789405 0.464092
vt 0.940239 0.969672
vt 0.939912 0.970352
vt 0.926588 0.156743
vt 0.926099 0.157736
vt 0.355260 0.996262
vt 0.354587 0.995602
vt 0.354587 0.973816
vt 0.355260 0.973155
vt 0.468939 0.925826
vt 0.468939 0.948917
vt 0.467720 0.949826
vt 0.467720 0.924918
vt 0.244099 0.386198
vt 0.244747 0.386002
vt 0.474929 0.129322
vt 0.473828 0.129139
vt 0.238240 0.350176
vt 0.238890 0.349982
vt 0.184378 0.636260
vt 0.185634 0.635810
vt 0.715466 0.994121
vt 0.714693 0.993551
vt 0.714693 0.973420
vt 0.715466 0.972812
vt 0.291836 0.973599
vt 0.291820 0.952283
vt 0.292956 0.951112
vt 0.292956 0.974438
vt 0.772402 0.218796
vt 0.773439 0.218683
vt 0.786813 0.233912
vt 0.786559 0.234915
vt 0.904705 0.215895
vt 0.918873 0.232006
vt 0.918499 0.233554
vt 0.902989 0.215919
vt 0.722237 0.997492
vt 0.721564 0.996964
vt 0.721564 0.975775
vt 0.722237 0.975248
vt 0.988863 0.081823
vt 0.988863 0.104502
vt 0.987830 0.105275
vt 0.987830 0.081050
vt 0.786588 0.204908
vt 0.786813 0.205590
vt 0.918873 0.202008
vt 0.918271 0.200939
vt 0.388736 0.935080
vt 0.388874 0.935914
vt 0.374807 0.950006
vt 0.373846 0.949997
vt 0.881587 0.360436
vt 0.866606 0.375267
vt 0.865203 0.375264
vt 0.881489 0.358920
vt 0.621256 0.994646
vt 0.620500 0.994054
vt 0.620500 0.973742
vt 0.621256 0.973145
vt 0.614446 0.853844
vt 0.614449 0.832344
vt 0.615749 0.831251
vt 0.615749 0.854788
vt 0.388874 0.965398
vt 0.388618 0.966159
vt 0.881587 0.391635
vt 0.881299 0.392851
vt 0.407443 0.970631
vt 0.408117 0.971291
vt 0.408117 0.993077
vt 0.407443 0.993738
vt 0.866122 0.465185
vt 0.866094 0.442386
vt 0.867312 0.441478
vt 0.867312 0.466386
vt 0.239610 0.363631
vt 0.240284 0.363565
vt 0.470393 0.152052
vt 0.469348 0.151658
vt 0.238488 0.328048
vt 0.239137 0.327948
vt 0.184017 0.658099
vt 0.185269 0.657796
vt 0.162149 0.994876
vt 0.161432 0.994315
vt 0.161432 0.974120
vt 0.162149 0.973499
vt 0.294276 0.981749
vt 0.294267 0.960364
vt 0.295373 0.959159
vt 0.295373 0.982561
vt 0.824073 0.219874
vt 0.825073 0.219766
vt 0.839110 0.234355
vt 0.838932 0.235317
vt 0.618844 0.858782
vt 0.633618 0.874306
vt 0.633190 0.875952
vt 0.617015 0.858959
vt 0.127890 0.975175
vt 0.128564 0.975703
vt 0.128564 0.996892
vt 0.127890 0.997420
vt 0.986413 0.928197
vt 0.986413 0.905780
vt 0.987458 0.904875
vt 0.987458 0.929101
vt 0.838963 0.204330
vt 0.839110 0.205112
vt 0.633618 0.843525
vt 0.633156 0.842293
vt 0.674809 0.058283
vt 0.675275 0.057692
vt 0.695175 0.057693
vt 0.695874 0.058284
vt 0.662712 0.190805
vt 0.683785 0.190798
vt 0.684812 0.191803
vt 0.661753 0.191807
vt 0.852194 0.997250
vt 0.851540 0.996680
vt 0.851540 0.976391
vt 0.852194 0.975774
vt 0.584080 0.970660
vt 0.584082 0.949200
vt 0.585255 0.948064
vt 0.585255 0.971574
vt 0.695288 0.036011
vt 0.695992 0.035517
vt 0.683904 0.167877
vt 0.684941 0.167014
vt 0.994623 0.935844
vt 0.995296 0.936505
vt 0.995296 0.958290
vt 0.994623 0.958951
vt 0.867341 0.465185
vt 0.867312 0.442386
vt 0.868531 0.441478
vt 0.868531 0.466386
vt 0.239610 0.340622
vt 0.240284 0.340688
vt 0.461579 0.173330
vt 0.460562 0.172870
vt 0.238488 0.305047
vt 0.239137 0.305044
vt 0.183897 0.680795
vt 0.185146 0.680650
vt 0.741832 0.997395
vt 0.741195 0.996833
vt 0.741195 0.976583
vt 0.741832 0.975960
vt 0.939426 0.993001
vt 0.939440 0.971547
vt 0.940377 0.970352
vt 0.940377 0.993817
vt 0.839750 0.219664
vt 0.840696 0.219603
vt 0.855121 0.233787
vt 0.855019 0.234678
vt 0.506430 0.847522
vt 0.521516 0.862721
vt 0.521213 0.864241
vt 0.504696 0.847606
vt 0.716851 0.975248
vt 0.717524 0.975775
vt 0.717524 0.996964
vt 0.716851 0.997493
vt 0.462540 0.986730
vt 0.462527 0.964182
vt 0.463573 0.963278
vt 0.463573 0.987504
vt 0.855051 0.203343
vt 0.855121 0.204216
vt 0.521516 0.831821
vt 0.521404 0.830216
vt 0.522554 0.970283
vt 0.523193 0.970906
vt 0.523193 0.991154
vt 0.522554 0.991715
vt 0.732093 0.989806
vt 0.732106 0.968366
vt 0.733033 0.967539
vt 0.733033 0.991002
vt 0.955145 0.797391
vt 0.955249 0.798284
vt 0.940829 0.812474
vt 0.939881 0.812412
vt 0.467713 0.831884
vt 0.452439 0.846894
vt 0.450902 0.846995
vt 0.467625 0.830567
vt 0.695992 0.081050
vt 0.695288 0.080556
vt 0.695175 0.058876
vt 0.683906 0.214010
vt 0.684812 0.189940
vt 0.684941 0.214727
vt 0.626759 0.996252
vt 0.626086 0.995591
vt 0.626086 0.973806
vt 0.626759 0.973145
vt 0.015543 0.949243
vt 0.015515 0.926445
vt 0.016733 0.925536
vt 0.016733 0.950444
vt 0.244099 0.318055
vt 0.244747 0.318251
vt 0.448620 0.192724
vt 0.447806 0.191961
vt 0.238240 0.282057
vt 0.238890 0.282152
vt 0.184021 0.703476
vt 0.185269 0.703494
vt 0.675275 0.058875
vt 0.661753 0.189934
vt 0.275995 0.992166
vt 0.275338 0.991550
vt 0.275338 0.971260
vt 0.275995 0.970689
vt 0.636550 0.968623
vt 0.636543 0.947130
vt 0.637724 0.946230
vt 0.637724 0.969742
vt 0.724257 0.997492
vt 0.723584 0.996964
vt 0.723584 0.975775
vt 0.724257 0.975248
vt 0.987458 0.928328
vt 0.987458 0.905649
vt 0.988491 0.904875
vt 0.988491 0.929101
vt 0.955249 0.827853
vt 0.955177 0.828725
vt 0.467713 0.863206
vt 0.467377 0.864590
vt 0.185347 0.994855
vt 0.184628 0.994234
vt 0.184628 0.974042
vt 0.185347 0.973481
vt 0.518284 0.978477
vt 0.518293 0.957095
vt 0.519393 0.956284
vt 0.519393 0.979682
vt 0.969089 0.642962
vt 0.969270 0.643925
vt 0.955244 0.658526
vt 0.954243 0.658417
vt 0.036866 0.861787
vt 0.022206 0.877420
vt 0.020374 0.877253
vt 0.036424 0.860142
vt 0.313307 0.936032
vt 0.313564 0.936794
vt 0.299498 0.952183
vt 0.298537 0.952192
vt 0.882101 0.001216
vt 0.867220 0.017475
vt 0.865718 0.017584
vt 0.881812 0.000000
vt 0.766064 0.973420
vt 0.766738 0.974080
vt 0.766738 0.995866
vt 0.766064 0.996527
vt 0.432897 0.928141
vt 0.432897 0.950646
vt 0.431707 0.951848
vt 0.431707 0.926939
vt 0.252905 0.296797
vt 0.253501 0.297116
vt 0.432335 0.209010
vt 0.431571 0.208195
vt 0.237754 0.259962
vt 0.238405 0.260150
vt 0.184378 0.724998
vt 0.185634 0.725451
vt 0.313564 0.966277
vt 0.313426 0.967111
vt 0.882101 0.032414
vt 0.882002 0.033930
vt 0.468893 0.994567
vt 0.468135 0.993971
vt 0.468135 0.973659
vt 0.468893 0.973066
vt 0.803449 0.462480
vt 0.803446 0.440979
vt 0.804811 0.440041
vt 0.804811 0.463578
vt 0.410028 0.997431
vt 0.409355 0.996903
vt 0.409355 0.975714
vt 0.410028 0.975186
vt 0.464893 0.986599
vt 0.464893 0.964182
vt 0.465939 0.963278
vt 0.465939 0.987503
vt 0.969270 0.673154
vt 0.969120 0.673934
vt 0.036866 0.892346
vt 0.036610 0.893784
vt 0.669366 0.963548
vt 0.668593 0.962940
vt 0.668593 0.942813
vt 0.669366 0.942243
vt 0.861517 0.963774
vt 0.861524 0.942461
vt 0.862727 0.941638
vt 0.862727 0.964961
vt 0.958922 0.438888
vt 0.959178 0.439892
vt 0.945822 0.455137
vt 0.944784 0.455024
vt 0.926230 0.723063
vt 0.912081 0.739191
vt 0.910364 0.739167
vt 0.925853 0.721513
vt 0.218254 0.939961
vt 0.218582 0.940640
vt 0.205354 0.954582
vt 0.204364 0.954602
vt 0.372945 0.896859
vt 0.358898 0.911726
vt 0.357453 0.911747
vt 0.372543 0.895774
vt 0.487098 0.996535
vt 0.486425 0.995874
vt 0.486425 0.974088
vt 0.487098 0.973428
vt 0.751601 0.925278
vt 0.751601 0.948369
vt 0.750382 0.949277
vt 0.750382 0.924369
vt 0.265688 0.277666
vt 0.266211 0.278095
vt 0.413071 0.221899
vt 0.412481 0.220951
vt 0.237047 0.239611
vt 0.237702 0.239885
vt 0.184975 0.745339
vt 0.186227 0.745676
vt 0.218582 0.969512
vt 0.218365 0.970405
vt 0.372945 0.927499
vt 0.372812 0.929018
vt 0.655313 0.990851
vt 0.654483 0.990267
vt 0.654483 0.969949
vt 0.655313 0.969344
vt 0.770384 0.463829
vt 0.770382 0.442322
vt 0.771766 0.441364
vt 0.771766 0.464907
vt 0.073102 0.974669
vt 0.073776 0.975197
vt 0.073776 0.996386
vt 0.073102 0.996914
vt 0.986482 0.492387
vt 0.986469 0.469839
vt 0.987515 0.468934
vt 0.987515 0.493160
vt 0.959178 0.468187
vt 0.958951 0.468867
vt 0.926230 0.753033
vt 0.925625 0.754098
vt 0.763228 0.993959
vt 0.762431 0.993373
vt 0.762431 0.973315
vt 0.763228 0.972727
vt 0.750382 0.971382
vt 0.750398 0.950144
vt 0.751555 0.949277
vt 0.751555 0.972520
vt 0.316657 0.992580
vt 0.315778 0.991980
vt 0.315778 0.971689
vt 0.316657 0.971102
vt 0.290748 0.940671
vt 0.277774 0.957789
vt 0.276011 0.957824
vt 0.290214 0.939085
vt 0.764477 0.943453
vt 0.764874 0.944056
vt 0.752828 0.955842
vt 0.751828 0.955829
vt 0.969789 0.602644
vt 0.956949 0.615321
vt 0.955489 0.615299
vt 0.969201 0.601761
vt 0.355461 0.973156
vt 0.356135 0.973817
vt 0.356135 0.995603
vt 0.355461 0.996263
vt 0.332557 0.945620
vt 0.332529 0.922822
vt 0.333747 0.921913
vt 0.333747 0.946821
vt 0.281958 0.261396
vt 0.282387 0.261919
vt 0.391521 0.230825
vt 0.391268 0.229738
vt 0.281641 0.261010
vt 0.265302 0.277349
vt 0.185768 0.762912
vt 0.187025 0.763393
vt 0.764874 0.971806
vt 0.764579 0.972727
vt 0.969789 0.632160
vt 0.969526 0.633737
vt 0.755622 0.994224
vt 0.754751 0.993642
vt 0.754751 0.973334
vt 0.755622 0.972727
vt 0.656991 0.234090
vt 0.656990 0.212593
vt 0.658564 0.211629
vt 0.658564 0.235162
vt 0.127890 0.952815
vt 0.128564 0.953343
vt 0.128564 0.974532
vt 0.127890 0.975060
vt 0.986958 0.462340
vt 0.986958 0.439661
vt 0.987990 0.438888
vt 0.987990 0.463113
vt 0.129060 0.975175
vt 0.129060 0.952700
vt 0.290748 0.968935
vt 0.290203 0.970019
vt 0.718895 0.205869
vt 0.719190 0.206790
vt 0.707120 0.222730
vt 0.706120 0.222742
vt 0.969285 0.001651
vt 0.956517 0.018541
vt 0.954969 0.018484
vt 0.968937 0.000000
vt 0.759105 0.994225
vt 0.758235 0.993619
vt 0.758235 0.973309
vt 0.759105 0.972727
vt 0.748287 0.465947
vt 0.748287 0.444449
vt 0.749860 0.443377
vt 0.749860 0.466911
vt 0.719190 0.234576
vt 0.718793 0.235181
vt 0.969285 0.031055
vt 0.968777 0.032019
vt 0.178821 0.996588
vt 0.178147 0.995927
vt 0.178147 0.974142
vt 0.178821 0.973481
vt 0.352622 0.950325
vt 0.352622 0.927819
vt 0.353812 0.926618
vt 0.353812 0.951526
vt 0.301089 0.248612
vt 0.301408 0.249209
vt 0.368932 0.235318
vt 0.368750 0.234217
vt 0.188388 0.615635
vt 0.187735 0.615915
vt 0.188418 0.598114
vt 0.189074 0.597758
vt 0.605865 0.696727
vt 0.606624 0.679320
vt 0.607893 0.678633
vt 0.607119 0.696392
vt 0.189073 0.747631
vt 0.189871 0.748218
vt 0.189871 0.768281
vt 0.189073 0.768867
vt 0.766831 0.953196
vt 0.766825 0.931951
vt 0.768091 0.930797
vt 0.768091 0.954045
vt 0.732627 0.218127
vt 0.733683 0.218057
vt 0.746041 0.234148
vt 0.745710 0.235159
vt 0.671290 0.950484
vt 0.684176 0.967665
vt 0.683474 0.969382
vt 0.669368 0.950574
vt 0.291820 0.974438
vt 0.292493 0.974967
vt 0.292493 0.996156
vt 0.291820 0.996684
vt 0.985912 0.462209
vt 0.985912 0.439792
vt 0.986957 0.438888
vt 0.986957 0.463113
vt 0.745737 0.206684
vt 0.746041 0.207269
vt 0.684176 0.939495
vt 0.683638 0.938403
vt 0.821969 0.204441
vt 0.822184 0.205333
vt 0.808941 0.220242
vt 0.807951 0.220222
vt 0.924519 0.683826
vt 0.910412 0.699538
vt 0.908968 0.699514
vt 0.924392 0.682308
vt 0.760805 0.994234
vt 0.759976 0.993630
vt 0.759976 0.973312
vt 0.760805 0.972727
vt 0.752930 0.465962
vt 0.753045 0.444456
vt 0.754426 0.443377
vt 0.754426 0.466920
vt 0.822184 0.234228
vt 0.821858 0.234910
vt 0.924519 0.714582
vt 0.924032 0.715578
vt 0.542709 0.996387
vt 0.542036 0.995727
vt 0.542036 0.973941
vt 0.542709 0.973280
vt 0.090894 0.947543
vt 0.090923 0.924744
vt 0.092113 0.923543
vt 0.092113 0.948451
vt 0.322347 0.239807
vt 0.322543 0.240455
vt 0.345607 0.235318
vt 0.345790 0.234217
vt 0.187915 0.636024
vt 0.187265 0.636218
vt 0.605292 0.716828
vt 0.606543 0.716649
vt 0.716238 0.994122
vt 0.715465 0.993551
vt 0.715465 0.973420
vt 0.716238 0.972812
vt 0.256586 0.973569
vt 0.256570 0.952253
vt 0.257706 0.951082
vt 0.257706 0.974409
vt 0.855611 0.218796
vt 0.856648 0.218683
vt 0.870009 0.233921
vt 0.869754 0.234924
vt 0.907561 0.095998
vt 0.921714 0.112117
vt 0.921339 0.113665
vt 0.905844 0.096020
vt 0.720891 0.975248
vt 0.721564 0.975775
vt 0.721564 0.996964
vt 0.720891 0.997492
vt 0.987515 0.492387
vt 0.987515 0.469708
vt 0.988548 0.468934
vt 0.988548 0.493160
vt 0.869783 0.204916
vt 0.870009 0.205598
vt 0.921714 0.082118
vt 0.921110 0.081050
vt 0.465803 0.932191
vt 0.465939 0.933023
vt 0.451862 0.947099
vt 0.450902 0.947091
vt 0.177106 0.843855
vt 0.162115 0.858669
vt 0.160713 0.858667
vt 0.177010 0.842342
vt 0.335897 0.994648
vt 0.335140 0.994056
vt 0.335140 0.973745
vt 0.335897 0.973148
vt 0.848707 0.463509
vt 0.848710 0.442009
vt 0.850011 0.440916
vt 0.850011 0.464453
vt 0.465939 0.962514
vt 0.465684 0.963278
vt 0.177106 0.875062
vt 0.176819 0.876281
vt 0.628106 0.973145
vt 0.628780 0.973806
vt 0.628780 0.995591
vt 0.628106 0.996252
vt 0.864875 0.442386
vt 0.864875 0.465477
vt 0.863656 0.466386
vt 0.863656 0.441478
vt 0.344914 0.235318
vt 0.344980 0.235992
vt 0.322877 0.230782
vt 0.323271 0.229738
vt 0.187675 0.658142
vt 0.187025 0.658242
vt 0.604936 0.738929
vt 0.606189 0.738625
vt 0.160713 0.973499
vt 0.161431 0.974060
vt 0.161431 0.994256
vt 0.160713 0.994877
vt 0.816111 0.980405
vt 0.816102 0.959019
vt 0.817208 0.957814
vt 0.817208 0.981217
vt 0.410049 0.953364
vt 0.411049 0.953256
vt 0.425078 0.967850
vt 0.424899 0.968812
vt 0.869447 0.251890
vt 0.884118 0.267524
vt 0.883887 0.268976
vt 0.867618 0.252078
vt 0.996643 0.935844
vt 0.997316 0.936372
vt 0.997316 0.957561
vt 0.996643 0.958089
vt 0.986364 0.666283
vt 0.986364 0.643866
vt 0.987409 0.642962
vt 0.987409 0.667188
vt 0.424929 0.937825
vt 0.425078 0.938607
vt 0.884118 0.236548
vt 0.883646 0.235318
vt 0.680602 0.537225
vt 0.681067 0.536636
vt 0.700963 0.536652
vt 0.701662 0.537242
vt 0.617973 0.666747
vt 0.639041 0.666756
vt 0.640069 0.667760
vt 0.617015 0.667745
vt 0.851540 0.997249
vt 0.850884 0.996679
vt 0.850884 0.976391
vt 0.851540 0.975774
vt 0.408126 0.970208
vt 0.408128 0.948749
vt 0.409302 0.947612
vt 0.409302 0.971122
vt 0.701078 0.514963
vt 0.701783 0.514467
vt 0.639163 0.643827
vt 0.640200 0.642962
vt 0.625412 0.996252
vt 0.624739 0.995591
vt 0.624739 0.973806
vt 0.625412 0.973145
vt 0.864904 0.465185
vt 0.864875 0.442386
vt 0.866094 0.441478
vt 0.866094 0.466386
vt 0.367923 0.235318
vt 0.367857 0.235992
vt 0.301599 0.221969
vt 0.302059 0.220951
vt 0.187675 0.681140
vt 0.187025 0.681143
vt 0.604819 0.761622
vt 0.606069 0.761476
vt 0.740559 0.975960
vt 0.741195 0.976521
vt 0.741195 0.996772
vt 0.740559 0.997395
vt 0.403938 0.991719
vt 0.403952 0.970265
vt 0.404889 0.969069
vt 0.404889 0.992535
vt 0.869386 0.453467
vt 0.870333 0.453406
vt 0.884754 0.467590
vt 0.884651 0.468481
vt 0.569864 0.847541
vt 0.584945 0.862740
vt 0.584641 0.864259
vt 0.568129 0.847624
vt 0.717524 0.975248
vt 0.718198 0.975775
vt 0.718198 0.996964
vt 0.717524 0.997493
vt 0.986391 0.023453
vt 0.986378 0.000905
vt 0.987424 0.000000
vt 0.987424 0.024226
vt 0.884683 0.437146
vt 0.884754 0.438019
vt 0.584945 0.831839
vt 0.584831 0.830235
vt 0.019045 0.995764
vt 0.018407 0.995140
vt 0.018407 0.974893
vt 0.019045 0.974333
vt 0.598875 0.233984
vt 0.598883 0.212545
vt 0.599809 0.211719
vt 0.599814 0.235180
vt 0.955172 0.834632
vt 0.955275 0.835524
vt 0.940855 0.849710
vt 0.939908 0.849648
vt 0.600813 0.212589
vt 0.600813 0.234021
vt 0.701783 0.559999
vt 0.701078 0.559507
vt 0.700963 0.537835
vt 0.639164 0.689960
vt 0.640069 0.665896
vt 0.640200 0.690674
vt 0.626086 0.996252
vt 0.625412 0.995591
vt 0.625412 0.973806
vt 0.626086 0.973145
vt 0.274362 0.945976
vt 0.274333 0.923178
vt 0.275552 0.922269
vt 0.275552 0.947177
vt 0.390490 0.239807
vt 0.390294 0.240455
vt 0.282204 0.209010
vt 0.282968 0.208196
vt 0.187915 0.704133
vt 0.187265 0.704039
vt 0.604939 0.784306
vt 0.606189 0.784324
vt 0.681067 0.537819
vt 0.617015 0.665872
vt 0.037030 0.972812
vt 0.037687 0.973427
vt 0.037687 0.993718
vt 0.037030 0.994289
vt 0.332535 0.969214
vt 0.332529 0.947721
vt 0.333709 0.946821
vt 0.333709 0.970333
vt 0.720218 0.975248
vt 0.720891 0.975775
vt 0.720891 0.996964
vt 0.720218 0.997492
vt 0.988619 0.199573
vt 0.988619 0.222252
vt 0.987586 0.223025
vt 0.987586 0.198800
vt 0.955275 0.865094
vt 0.955203 0.865967
vt 0.294267 0.936731
vt 0.294267 0.959081
vt 0.293075 0.959864
vt 0.293075 0.935756
vt 0.185347 0.973481
vt 0.186066 0.974102
vt 0.186066 0.994293
vt 0.185347 0.994853
vt 0.465939 0.978659
vt 0.465948 0.957278
vt 0.467046 0.956467
vt 0.467046 0.979864
vt 0.403754 0.938087
vt 0.403934 0.939049
vt 0.389909 0.953647
vt 0.388908 0.953539
vt 0.056035 0.860751
vt 0.041376 0.876380
vt 0.039544 0.876215
vt 0.055593 0.859108
vt 0.254363 0.937749
vt 0.254621 0.938509
vt 0.240572 0.953882
vt 0.239611 0.953892
vt 0.886822 0.168229
vt 0.871959 0.184470
vt 0.870456 0.184580
vt 0.886530 0.167014
vt 0.177474 0.973481
vt 0.178147 0.974142
vt 0.178147 0.995927
vt 0.177474 0.996588
vt 0.355461 0.950318
vt 0.355461 0.927813
vt 0.356651 0.926611
vt 0.356651 0.951520
vt 0.411748 0.248613
vt 0.411429 0.249209
vt 0.265919 0.192724
vt 0.266733 0.191961
vt 0.188388 0.726238
vt 0.187735 0.726050
vt 0.605286 0.805838
vt 0.606543 0.806290
vt 0.254621 0.967988
vt 0.254481 0.968823
vt 0.886822 0.199422
vt 0.886720 0.200939
vt 0.014666 0.994586
vt 0.013909 0.993990
vt 0.013909 0.973678
vt 0.014666 0.973085
vt 0.804814 0.462480
vt 0.804811 0.440979
vt 0.806175 0.440041
vt 0.806175 0.463579
vt 0.297853 0.974437
vt 0.298526 0.974965
vt 0.298526 0.996154
vt 0.297853 0.996682
vt 0.985318 0.666283
vt 0.985318 0.643866
vt 0.986363 0.642962
vt 0.986363 0.667188
vt 0.403934 0.968288
vt 0.403785 0.969069
vt 0.056035 0.891320
vt 0.055779 0.892761
vt 0.748578 0.993443
vt 0.747805 0.992835
vt 0.747805 0.972710
vt 0.748578 0.972140
vt 0.907927 0.963883
vt 0.907935 0.942572
vt 0.909137 0.941749
vt 0.909137 0.965070
vt 0.944528 0.438888
vt 0.944784 0.439892
vt 0.931429 0.455134
vt 0.930391 0.455022
vt 0.055408 0.894310
vt 0.041437 0.910605
vt 0.039544 0.910412
vt 0.055032 0.892761
vt 0.233231 0.941347
vt 0.233560 0.942025
vt 0.220357 0.955938
vt 0.219367 0.955956
vt 0.601945 0.898181
vt 0.587924 0.913017
vt 0.586478 0.913037
vt 0.601541 0.897098
vt 0.405473 0.973233
vt 0.406147 0.973894
vt 0.406147 0.995679
vt 0.405473 0.996340
vt 0.074230 0.947549
vt 0.074230 0.924459
vt 0.075449 0.923550
vt 0.075449 0.948458
vt 0.189074 0.746605
vt 0.188418 0.746331
vt 0.233560 0.970885
vt 0.233342 0.971778
vt 0.601945 0.928808
vt 0.601809 0.930329
vt 0.187855 0.768112
vt 0.187025 0.767528
vt 0.187025 0.747210
vt 0.187855 0.746605
vt 0.786640 0.463013
vt 0.786638 0.441507
vt 0.788022 0.440548
vt 0.788022 0.464092
vt 0.174605 0.996430
vt 0.173932 0.995902
vt 0.173932 0.974713
vt 0.174605 0.974185
vt 0.463585 0.986730
vt 0.463573 0.964182
vt 0.464618 0.963278
vt 0.464618 0.987503
vt 0.944784 0.468205
vt 0.944557 0.468887
vt 0.055408 0.924299
vt 0.054804 0.925366
vt 0.601385 0.620890
vt 0.600659 0.620953
vt 0.600067 0.600148
vt 0.600794 0.600105
vt 0.599703 0.577569
vt 0.600430 0.577548
vt 0.599580 0.554085
vt 0.600307 0.554085
vt 0.599703 0.530598
vt 0.600430 0.530619
vt 0.600067 0.508009
vt 0.600794 0.508052
vt 0.600659 0.487188
vt 0.601385 0.487250
vt 0.601455 0.468935
vt 0.602180 0.469014
vt 0.581722 0.639105
vt 0.580997 0.639184
vt 0.580177 0.620974
vt 0.580903 0.620911
vt 0.579567 0.600185
vt 0.580294 0.600142
vt 0.579192 0.577616
vt 0.579919 0.577594
vt 0.579065 0.554135
vt 0.579792 0.554135
vt 0.579192 0.530644
vt 0.579919 0.530666
vt 0.579567 0.508046
vt 0.580294 0.508089
vt 0.580177 0.487209
vt 0.580903 0.487271
vt 0.580997 0.468934
vt 0.581722 0.469013
vt 0.591964 0.639104
vt 0.591239 0.639183
vt 0.590432 0.621000
vt 0.591158 0.620937
vt 0.589833 0.600231
vt 0.590559 0.600188
vt 0.589463 0.577675
vt 0.590190 0.577653
vt 0.589339 0.554198
vt 0.590066 0.554198
vt 0.589463 0.530703
vt 0.590190 0.530725
vt 0.589833 0.508093
vt 0.590559 0.508136
vt 0.590432 0.487236
vt 0.591158 0.487298
vt 0.591239 0.468934
vt 0.591964 0.469013
vt 0.612385 0.639105
vt 0.611659 0.639185
vt 0.610868 0.620945
vt 0.611594 0.620883
vt 0.610280 0.600135
vt 0.611007 0.600092
vt 0.609918 0.577553
vt 0.610645 0.577532
vt 0.609796 0.554068
vt 0.610523 0.554068
vt 0.609918 0.530582
vt 0.610645 0.530603
vt 0.610280 0.507997
vt 0.611007 0.508039
vt 0.610868 0.487181
vt 0.611594 0.487243
vt 0.611659 0.468935
vt 0.612385 0.469014
vt 0.602180 0.639105
vt 0.601455 0.639184
vt 0.638734 0.059149
vt 0.641943 0.075282
vt 0.641943 0.091732
vt 0.638734 0.107865
vt 0.632439 0.123063
vt 0.623300 0.136740
vt 0.611669 0.148371
vt 0.597992 0.157510
vt 0.582794 0.163805
vt 0.566661 0.167014
vt 0.550211 0.167014
vt 0.534078 0.163805
vt 0.518881 0.157510
vt 0.505203 0.148371
vt 0.493572 0.136740
vt 0.484433 0.123063
vt 0.478138 0.107865
vt 0.474929 0.091732
vt 0.474929 0.075282
vt 0.478138 0.059149
vt 0.484433 0.043952
vt 0.493572 0.030275
vt 0.505203 0.018643
vt 0.518881 0.009504
vt 0.534078 0.003209
vt 0.550211 0.000000
vt 0.566661 0.000000
vt 0.582794 0.003209
vt 0.597992 0.009504
vt 0.611669 0.018643
vt 0.623300 0.030275
vt 0.632439 0.043952
vt 0.210607 0.584710
vt 0.209670 0.584790
vt 0.209249 0.569991
vt 0.210187 0.569936
vt 0.208990 0.553931
vt 0.209929 0.553903
vt 0.208903 0.537226
vt 0.209841 0.537226
vt 0.208990 0.520519
vt 0.209929 0.520547
vt 0.209249 0.504452
vt 0.210187 0.504507
vt 0.209670 0.489641
vt 0.210607 0.489722
vt 0.210236 0.476657
vt 0.211173 0.476760
vt 0.186207 0.597656
vt 0.185271 0.597758
vt 0.184687 0.584805
vt 0.185625 0.584725
vt 0.184254 0.570018
vt 0.185192 0.569962
vt 0.183987 0.553964
vt 0.184926 0.553936
vt 0.183897 0.537262
vt 0.184835 0.537262
vt 0.183987 0.520553
vt 0.184926 0.520581
vt 0.184254 0.504478
vt 0.185192 0.504534
vt 0.184687 0.489657
vt 0.185625 0.489737
vt 0.185271 0.476658
vt 0.186207 0.476760
vt 0.198699 0.597655
vt 0.197762 0.597757
vt 0.197189 0.584823
vt 0.198126 0.584743
vt 0.196762 0.570050
vt 0.197701 0.569995
vt 0.196500 0.554006
vt 0.197438 0.553977
vt 0.196411 0.537307
vt 0.197350 0.537306
vt 0.196500 0.520594
vt 0.197438 0.520622
vt 0.196762 0.504511
vt 0.197701 0.504566
vt 0.197189 0.489676
vt 0.198126 0.489756
vt 0.197762 0.476657
vt 0.198699 0.476759
vt 0.223638 0.597656
vt 0.222701 0.597759
vt 0.222138 0.584785
vt 0.223076 0.584705
vt 0.221720 0.569982
vt 0.222658 0.569927
vt 0.221463 0.553920
vt 0.222401 0.553891
vt 0.221376 0.537214
vt 0.222314 0.537214
vt 0.221463 0.520508
vt 0.222401 0.520536
vt 0.221720 0.504443
vt 0.222658 0.504498
vt 0.222138 0.489636
vt 0.223076 0.489717
vt 0.222701 0.476658
vt 0.223638 0.476760
vt 0.211173 0.597656
vt 0.210236 0.597758
vt 0.638927 0.617951
vt 0.638339 0.597605
vt 0.638822 0.597635
vt 0.639410 0.617993
vt 0.637978 0.575509
vt 0.638460 0.575525
vt 0.637856 0.552512
vt 0.638338 0.552512
vt 0.637978 0.529496
vt 0.638460 0.529482
vt 0.638339 0.507347
vt 0.638822 0.507319
vt 0.638927 0.486916
vt 0.639410 0.486874
vt 0.639717 0.468988
vt 0.640200 0.468935
vt 0.183413 0.643488
vt 0.182638 0.625621
vt 0.183121 0.625663
vt 0.183897 0.643541
vt 0.182062 0.605235
vt 0.182545 0.605264
vt 0.181707 0.583114
vt 0.182190 0.583129
vt 0.181587 0.560108
vt 0.182070 0.560108
vt 0.181707 0.537100
vt 0.182190 0.537086
vt 0.182062 0.514976
vt 0.182545 0.514947
vt 0.182638 0.494585
vt 0.183121 0.494543
vt 0.183413 0.476711
vt 0.183897 0.476658
vt 0.173362 0.643487
vt 0.172582 0.625628
vt 0.173065 0.625670
vt 0.173845 0.643541
vt 0.172002 0.605247
vt 0.172485 0.605276
vt 0.171645 0.583129
vt 0.172128 0.583144
vt 0.171525 0.560124
vt 0.172008 0.560124
vt 0.171645 0.537116
vt 0.172128 0.537101
vt 0.172002 0.514988
vt 0.172485 0.514960
vt 0.172582 0.494592
vt 0.173065 0.494550
vt 0.173362 0.476711
vt 0.173845 0.476658
vt 0.629632 0.635764
vt 0.628828 0.617925
vt 0.629311 0.617967
vt 0.630115 0.635818
vt 0.628231 0.597560
vt 0.628714 0.597590
vt 0.627863 0.575452
vt 0.628346 0.575467
vt 0.627739 0.552451
vt 0.628222 0.552451
vt 0.627863 0.529439
vt 0.628346 0.529424
vt 0.628231 0.507302
vt 0.628714 0.507273
vt 0.628828 0.486890
vt 0.629311 0.486848
vt 0.629632 0.468988
vt 0.630115 0.468935
vt 0.639717 0.635763
vt 0.640200 0.635817
vt 0.163783 0.550483
vt 0.163783 0.566615
vt 0.160636 0.582436
vt 0.154463 0.597339
vt 0.145501 0.610752
vt 0.134095 0.622158
vt 0.120682 0.631120
vt 0.105779 0.637294
vt 0.089957 0.640441
vt 0.073826 0.640441
vt 0.058005 0.637294
vt 0.043102 0.631121
vt 0.029689 0.622159
vt 0.018282 0.610752
vt 0.009320 0.597340
vt 0.003147 0.582436
vt 0.000000 0.566615
vt 0.000000 0.550484
vt 0.003147 0.534662
vt 0.009320 0.519759
vt 0.018282 0.506346
vt 0.029689 0.494940
vt 0.043101 0.485978
vt 0.058005 0.479805
vt 0.073826 0.476657
vt 0.089957 0.476657
vt 0.105778 0.479804
vt 0.120682 0.485978
vt 0.134094 0.494939
vt 0.145501 0.506346
vt 0.154463 0.519759
vt 0.160636 0.534662
vt 0.662542 0.105116
vt 0.662128 0.090767
vt 0.662899 0.090797
vt 0.663314 0.105159
vt 0.661873 0.075183
vt 0.662644 0.075198
vt 0.661787 0.058963
vt 0.662558 0.058963
vt 0.661873 0.042730
vt 0.662644 0.042716
vt 0.662128 0.027109
vt 0.662899 0.027080
vt 0.662542 0.012699
vt 0.663314 0.012656
vt 0.663099 0.000054
vt 0.663872 0.000000
vt 0.679830 0.586614
vt 0.679283 0.574013
vt 0.680055 0.574056
vt 0.680602 0.586669
vt 0.678877 0.559635
vt 0.679648 0.559665
vt 0.678627 0.544034
vt 0.679398 0.544049
vt 0.678542 0.527808
vt 0.679314 0.527808
vt 0.678627 0.511581
vt 0.679398 0.511566
vt 0.678877 0.495977
vt 0.679648 0.495947
vt 0.679283 0.481595
vt 0.680055 0.481552
vt 0.679830 0.468989
vt 0.680602 0.468934
vt 0.674037 0.117680
vt 0.673487 0.105084
vt 0.674259 0.105127
vt 0.674809 0.117734
vt 0.673078 0.090710
vt 0.673850 0.090739
vt 0.672827 0.075110
vt 0.673598 0.075125
vt 0.672742 0.058885
vt 0.673513 0.058885
vt 0.672827 0.042657
vt 0.673598 0.042642
vt 0.673078 0.027051
vt 0.673850 0.027022
vt 0.673487 0.012666
vt 0.674259 0.012623
vt 0.674037 0.000054
vt 0.674809 0.000000
vt 0.652145 0.117680
vt 0.651579 0.105098
vt 0.652351 0.105141
vt 0.652918 0.117734
vt 0.651158 0.090735
vt 0.651929 0.090765
vt 0.650898 0.075142
vt 0.651670 0.075158
vt 0.650811 0.058920
vt 0.651582 0.058920
vt 0.650898 0.042690
vt 0.651670 0.042675
vt 0.651158 0.027077
vt 0.651929 0.027048
vt 0.651579 0.012681
vt 0.652351 0.012638
vt 0.652146 0.000054
vt 0.652918 0.000000
vt 0.663099 0.117679
vt 0.663872 0.117734
vt 0.004604 0.154751
vt 0.000000 0.131605
vt 0.002369 0.131372
vt 0.006882 0.154060
vt 0.013635 0.176554
vt 0.015735 0.175432
vt 0.026747 0.196177
vt 0.028587 0.194666
vt 0.043434 0.212864
vt 0.044944 0.211024
vt 0.063056 0.225975
vt 0.064178 0.223876
vt 0.084859 0.235007
vt 0.085550 0.232728
vt 0.108006 0.239610
vt 0.108239 0.237242
vt 0.131605 0.239610
vt 0.131372 0.237242
vt 0.154751 0.235007
vt 0.154060 0.232728
vt 0.176554 0.225975
vt 0.175432 0.223876
vt 0.196177 0.212864
vt 0.194666 0.211024
vt 0.212864 0.196177
vt 0.211024 0.194666
vt 0.225975 0.176554
vt 0.223876 0.175432
vt 0.235007 0.154751
vt 0.232728 0.154060
vt 0.239610 0.131605
vt 0.237242 0.131372
vt 0.239610 0.108006
vt 0.237242 0.108239
vt 0.235007 0.084859
vt 0.232728 0.085550
vt 0.225975 0.063056
vt 0.223876 0.064178
vt 0.212864 0.043434
vt 0.211024 0.044944
vt 0.196177 0.026747
vt 0.194666 0.028587
vt 0.176554 0.013635
vt 0.175432 0.015735
vt 0.154751 0.004604
vt 0.154060 0.006882
vt 0.131605 0.000000
vt 0.131372 0.002369
vt 0.108006 0.000000
vt 0.108239 0.002369
vt 0.084859 0.004604
vt 0.085550 0.006882
vt 0.063056 0.013635
vt 0.064178 0.015735
vt 0.043434 0.026747
vt 0.044944 0.028587
vt 0.026747 0.043434
vt 0.028587 0.044944
vt 0.013635 0.063056
vt 0.015735 0.064178
vt 0.004604 0.084859
vt 0.006882 0.085550
vt 0.000000 0.108006
vt 0.002369 0.108239
vt 0.062382 0.463168
vt 0.042969 0.450197
vt 0.044479 0.448357
vt 0.063504 0.461069
vt 0.083951 0.472103
vt 0.084642 0.469825
vt 0.106850 0.476657
vt 0.107083 0.474288
vt 0.130197 0.476657
vt 0.129964 0.474288
vt 0.153095 0.472103
vt 0.152405 0.469825
vt 0.174665 0.463168
vt 0.173543 0.461069
vt 0.194078 0.450197
vt 0.192568 0.448357
vt 0.210587 0.433688
vt 0.208746 0.432178
vt 0.223557 0.414276
vt 0.221458 0.413154
vt 0.232492 0.392706
vt 0.230214 0.392015
vt 0.237047 0.369807
vt 0.234678 0.369574
vt 0.237047 0.346460
vt 0.234678 0.346694
vt 0.232492 0.323562
vt 0.230214 0.324253
vt 0.223558 0.301992
vt 0.221458 0.303114
vt 0.210587 0.282580
vt 0.208747 0.284090
vt 0.194078 0.266071
vt 0.192568 0.267911
vt 0.174665 0.253100
vt 0.173543 0.255199
vt 0.153095 0.244165
vt 0.152405 0.246443
vt 0.130197 0.239610
vt 0.129964 0.241980
vt 0.106850 0.239610
vt 0.107083 0.241979
vt 0.083951 0.244165
vt 0.084642 0.246443
vt 0.062382 0.253100
vt 0.063504 0.255199
vt 0.042969 0.266071
vt 0.044479 0.267911
vt 0.026460 0.282580
vt 0.028301 0.284090
vt 0.013489 0.301992
vt 0.015589 0.303114
vt 0.004555 0.323562
vt 0.006833 0.324253
vt 0.000000 0.346460
vt 0.002369 0.346694
vt 0.000000 0.369807
vt 0.002369 0.369574
vt 0.004555 0.392706
vt 0.006833 0.392015
vt 0.013489 0.414276
vt 0.015589 0.413154
vt 0.026460 0.433688
vt 0.028300 0.432178
vt 0.249310 0.594520
vt 0.242885 0.579011
vt 0.245163 0.578320
vt 0.251409 0.593398
vt 0.258636 0.608478
vt 0.260476 0.606967
vt 0.270506 0.620347
vt 0.272016 0.618507
vt 0.284463 0.629674
vt 0.285585 0.627574
vt 0.299972 0.636098
vt 0.300663 0.633820
vt 0.316436 0.639373
vt 0.316670 0.637004
vt 0.333223 0.639373
vt 0.332990 0.637004
vt 0.349687 0.636098
vt 0.348996 0.633820
vt 0.365196 0.629674
vt 0.364074 0.627574
vt 0.379154 0.620347
vt 0.377643 0.618507
vt 0.391024 0.608477
vt 0.389183 0.606967
vt 0.400350 0.594520
vt 0.398250 0.593398
vt 0.406774 0.579011
vt 0.404496 0.578320
vt 0.410049 0.562547
vt 0.407680 0.562314
vt 0.410049 0.545760
vt 0.407680 0.545993
vt 0.406774 0.529296
vt 0.404496 0.529987
vt 0.400350 0.513787
vt 0.398250 0.514909
vt 0.391023 0.499830
vt 0.389183 0.501340
vt 0.379153 0.487960
vt 0.377643 0.489800
vt 0.365196 0.478633
vt 0.364074 0.480733
vt 0.349687 0.472209
vt 0.348996 0.474487
vt 0.333223 0.468935
vt 0.332990 0.471304
vt 0.316436 0.468935
vt 0.316669 0.471304
vt 0.299972 0.472209
vt 0.300663 0.474487
vt 0.284463 0.478634
vt 0.285585 0.480733
vt 0.270506 0.487960
vt 0.272016 0.489800
vt 0.258636 0.499830
vt 0.260476 0.501340
vt 0.249309 0.513787
vt 0.251409 0.514909
vt 0.242885 0.529296
vt 0.245163 0.529987
vt 0.239611 0.545760
vt 0.241980 0.545994
vt 0.239611 0.562547
vt 0.241980 0.562314
vt 0.609252 0.638333
vt 0.608464 0.620283
vt 0.618673 0.487850
vt 0.619456 0.469786
vt 0.618091 0.508457
vt 0.617733 0.530816
vt 0.617612 0.554068
vt 0.617733 0.577318
vt 0.618091 0.599674
vt 0.618673 0.620276
vt 0.619456 0.638333
vt 0.598238 0.487903
vt 0.599036 0.469784
vt 0.597644 0.508551
vt 0.597279 0.530935
vt 0.597155 0.554195
vt 0.597279 0.577437
vt 0.597644 0.599767
vt 0.598238 0.620328
vt 0.599036 0.638330
vt 0.587983 0.487877
vt 0.588795 0.469785
vt 0.587379 0.508506
vt 0.587008 0.530878
vt 0.586882 0.554134
vt 0.587008 0.577380
vt 0.587379 0.599723
vt 0.587983 0.620303
vt 0.588795 0.638332
vt 0.608464 0.487857
vt 0.609252 0.469786
vt 0.607878 0.508469
vt 0.607518 0.530832
vt 0.607396 0.554085
vt 0.607518 0.577334
vt 0.607878 0.599687
vt 0.609008 0.620237
vt 0.608423 0.599654
vt 0.608063 0.577318
vt 0.607941 0.554085
vt 0.608063 0.530848
vt 0.608423 0.508502
vt 0.609008 0.487903
vt 0.609796 0.469845
vt 0.589339 0.638272
vt 0.588527 0.620257
vt 0.587924 0.599690
vt 0.587553 0.577363
vt 0.587428 0.554134
vt 0.587553 0.530894
vt 0.587924 0.508538
vt 0.588527 0.487924
vt 0.589339 0.469844
vt 0.599580 0.638270
vt 0.598782 0.620282
vt 0.598189 0.599735
vt 0.597824 0.577420
vt 0.597701 0.554195
vt 0.597824 0.530951
vt 0.598189 0.508583
vt 0.598782 0.487949
vt 0.599580 0.469843
vt 0.620000 0.638274
vt 0.619218 0.620230
vt 0.618636 0.599642
vt 0.618278 0.577302
vt 0.618157 0.554068
vt 0.618278 0.530833
vt 0.618636 0.508489
vt 0.619218 0.487896
vt 0.620000 0.469845
vt 0.609796 0.638273
vt 0.220026 0.596689
vt 0.219469 0.583950
vt 0.231937 0.490476
vt 0.232490 0.477726
vt 0.231527 0.505021
vt 0.231274 0.520802
vt 0.231188 0.537214
vt 0.231274 0.553624
vt 0.231527 0.569404
vt 0.231937 0.583945
vt 0.232490 0.596690
vt 0.206989 0.490513
vt 0.207552 0.477724
vt 0.206570 0.505086
vt 0.206312 0.520885
vt 0.206225 0.537303
vt 0.206312 0.553707
vt 0.206570 0.569468
vt 0.206989 0.583981
vt 0.207552 0.596686
vt 0.194488 0.490495
vt 0.195061 0.477725
vt 0.194062 0.505055
vt 0.193800 0.520846
vt 0.193711 0.537260
vt 0.193800 0.553667
vt 0.194062 0.569437
vt 0.194488 0.583964
vt 0.195061 0.596688
vt 0.219469 0.490481
vt 0.220026 0.477726
vt 0.219056 0.505030
vt 0.218801 0.520813
vt 0.218715 0.537225
vt 0.218801 0.553635
vt 0.219056 0.569412
vt 0.220821 0.583834
vt 0.220409 0.569332
vt 0.220155 0.553594
vt 0.220069 0.537225
vt 0.220155 0.520854
vt 0.220409 0.505109
vt 0.220821 0.490596
vt 0.221376 0.477873
vt 0.196411 0.596541
vt 0.195839 0.583848
vt 0.195415 0.569357
vt 0.195153 0.553626
vt 0.195065 0.537260
vt 0.195153 0.520886
vt 0.195415 0.505134
vt 0.195839 0.490611
vt 0.196411 0.477872
vt 0.208903 0.596539
vt 0.208340 0.583864
vt 0.207922 0.569388
vt 0.207665 0.553666
vt 0.207578 0.537302
vt 0.207665 0.520926
vt 0.207922 0.505166
vt 0.208340 0.490628
vt 0.208903 0.477871
vt 0.233840 0.596542
vt 0.233289 0.583829
vt 0.232879 0.569324
vt 0.232627 0.553584
vt 0.232542 0.537214
vt 0.232627 0.520843
vt 0.232879 0.505101
vt 0.233289 0.490592
vt 0.233840 0.477874
vt 0.221376 0.596542
vt 0.654217 0.117048
vt 0.653665 0.104619
vt 0.654437 0.104662
vt 0.654989 0.117103
vt 0.642703 0.013170
vt 0.643264 0.000678
vt 0.644036 0.000624
vt 0.643475 0.013127
vt 0.642286 0.027413
vt 0.643058 0.027384
vt 0.642030 0.042860
vt 0.642801 0.042845
vt 0.641943 0.058917
vt 0.642714 0.058917
vt 0.642030 0.074967
vt 0.642801 0.074982
vt 0.642286 0.090393
vt 0.643058 0.090423
vt 0.642703 0.104603
vt 0.643475 0.104646
vt 0.643264 0.117051
vt 0.644036 0.117105
vt 0.664609 0.013157
vt 0.665153 0.000680
vt 0.665926 0.000626
vt 0.665381 0.013114
vt 0.664205 0.027389
vt 0.664976 0.027360
vt 0.663956 0.042829
vt 0.664727 0.042814
vt 0.663872 0.058884
vt 0.664643 0.058884
vt 0.663956 0.074936
vt 0.664727 0.074951
vt 0.664205 0.090370
vt 0.664976 0.090399
vt 0.664609 0.104591
vt 0.665381 0.104633
vt 0.665153 0.117053
vt 0.665926 0.117107
vt 0.670405 0.482087
vt 0.670946 0.469615
vt 0.671718 0.469561
vt 0.671177 0.482044
vt 0.670003 0.496315
vt 0.670775 0.496286
vt 0.669755 0.511753
vt 0.670527 0.511738
vt 0.669672 0.527807
vt 0.670443 0.527807
vt 0.669755 0.543860
vt 0.670527 0.543875
vt 0.670003 0.559296
vt 0.670775 0.559325
vt 0.670405 0.573521
vt 0.671177 0.573563
vt 0.670946 0.585988
vt 0.671718 0.586042
vt 0.653665 0.013186
vt 0.654217 0.000676
vt 0.654989 0.000622
vt 0.654437 0.013144
vt 0.653255 0.027443
vt 0.654027 0.027413
vt 0.653003 0.042898
vt 0.653774 0.042883
vt 0.652918 0.058957
vt 0.653689 0.058958
vt 0.653003 0.075004
vt 0.653774 0.075020
vt 0.653255 0.090423
vt 0.654027 0.090452
vt 0.631957 0.634901
vt 0.631175 0.617271
vt 0.632224 0.617363
vt 0.633007 0.635017
vt 0.621078 0.487561
vt 0.621873 0.469842
vt 0.622923 0.469727
vt 0.622127 0.487470
vt 0.620487 0.507762
vt 0.621535 0.507700
vt 0.620123 0.529672
vt 0.621171 0.529640
vt 0.620000 0.552447
vt 0.621047 0.552448
vt 0.620123 0.575212
vt 0.621171 0.575245
vt 0.620487 0.597093
vt 0.621535 0.597156
vt 0.621078 0.617249
vt 0.622127 0.617340
vt 0.621873 0.634904
vt 0.622923 0.635020
vt 0.164829 0.495265
vt 0.165601 0.477567
vt 0.166651 0.477451
vt 0.165878 0.495174
vt 0.164256 0.515451
vt 0.165304 0.515389
vt 0.163903 0.537351
vt 0.164950 0.537319
vt 0.163783 0.560123
vt 0.164831 0.560123
vt 0.163903 0.582892
vt 0.164950 0.582924
vt 0.164256 0.604782
vt 0.165304 0.604845
vt 0.164829 0.624953
vt 0.165878 0.625044
vt 0.165601 0.642629
vt 0.166651 0.642745
vt 0.174885 0.495258
vt 0.175652 0.477568
vt 0.176702 0.477452
vt 0.175934 0.495167
vt 0.174315 0.515440
vt 0.175363 0.515377
vt 0.173964 0.537336
vt 0.175012 0.537304
vt 0.173845 0.560107
vt 0.174893 0.560107
vt 0.173964 0.582877
vt 0.175012 0.582909
vt 0.174315 0.604771
vt 0.175363 0.604833
vt 0.174885 0.624947
vt 0.175934 0.625038
vt 0.175652 0.642630
vt 0.176702 0.642746
vt 0.631175 0.487584
vt 0.631957 0.469840
vt 0.633007 0.469725
vt 0.632224 0.487494
vt 0.630594 0.507805
vt 0.631642 0.507743
vt 0.630236 0.529726
vt 0.631284 0.529695
vt 0.630115 0.552505
vt 0.631163 0.552506
vt 0.630236 0.575266
vt 0.631284 0.575299
vt 0.630594 0.597135
vt 0.631642 0.597199
vn 0.1928 0.1537 0.9691
vn 0.6844 0.6965 -0.2155
vn 0.7154 -0.6986 -0.0065
vn 0.2139 0.1726 0.9615
vn 0.2137 0.1872 0.9588
vn 0.7062 -0.7024 0.0894
vn 0.6896 0.7100 -0.1426
vn -0.1929 -0.1465 -0.9702
vn -0.1504 -0.1756 -0.9729
vn -0.7030 -0.6986 0.1332
vn 0.0000 0.1537 0.9881
vn -0.0052 0.1873 0.9823
vn -0.6685 -0.7051 0.2366
vn -0.0000 -0.1465 -0.9892
vn -0.0423 -0.1753 -0.9836
vn -0.7133 0.6965 -0.0778
vn 0.0052 0.1404 0.9901
vn -0.6845 0.7284 -0.0285
vn -0.0251 -0.1753 -0.9842
vn 0.3781 0.1537 0.9129
vn 0.6290 0.6966 -0.3450
vn 0.7003 -0.6987 -0.1460
vn 0.3550 0.1872 0.9159
vn 0.7202 -0.6890 -0.0813
vn 0.6437 0.6973 -0.3153
vn -0.3786 -0.1465 -0.9139
vn -0.4154 -0.1758 -0.8925
vn -0.6634 -0.6987 0.2677
vn -0.6440 -0.6890 0.3325
vn -0.7147 0.6966 0.0626
vn -0.7104 0.6973 0.0955
vn 0.5490 0.1537 0.8216
vn 0.5497 0.6966 -0.4611
vn 0.6584 -0.6987 -0.2799
vn 0.5644 0.1873 0.8039
vn 0.6821 -0.6971 -0.2206
vn 0.5582 0.7037 -0.4396
vn -0.5496 -0.1465 -0.8225
vn -0.5673 -0.1754 -0.8046
vn -0.5676 -0.1753 -0.8044
vn -0.5985 -0.6986 0.3920
vn -0.5393 -0.7020 0.4652
vn -0.6888 0.6965 0.2010
vn -0.6569 0.7162 0.2355
vn 0.6987 0.1537 0.6987
vn 0.4493 0.6965 -0.5594
vn 0.5912 -0.6986 -0.4029
vn 0.7105 0.1871 0.6784
vn 0.7046 0.1871 0.6845
vn 0.6354 -0.7034 -0.3185
vn 0.4685 0.7181 -0.5145
vn -0.6995 -0.1465 -0.6995
vn -0.6784 -0.1756 -0.7133
vn -0.6782 -0.1756 -0.7136
vn -0.5104 -0.6987 0.5013
vn -0.4362 -0.6943 0.5724
vn -0.6363 0.6966 0.3315
vn -0.5925 0.7131 0.3746
vn 0.8216 0.1537 0.5490
vn 0.3314 0.6966 -0.6363
vn 0.5012 -0.6987 -0.5105
vn 0.8040 0.1872 0.5643
vn 0.5536 -0.6890 -0.4677
vn 0.3601 0.6973 -0.6198
vn -0.8225 -0.1465 -0.5495
vn -0.8413 -0.1756 -0.5112
vn -0.4028 -0.6987 0.5911
vn -0.3507 -0.6890 0.6342
vn -0.5594 0.6966 0.4491
vn -0.5376 0.6972 0.4741
vn 0.9129 0.1537 0.3781
vn 0.2010 0.6965 -0.6888
vn 0.3920 -0.6986 -0.5985
vn 0.9159 0.1872 0.3550
vn 0.4666 -0.7024 -0.5375
vn 0.2372 0.7178 -0.6546
vn -0.9139 -0.1465 -0.3786
vn -0.8925 -0.1756 -0.4154
vn -0.2798 -0.6986 0.6585
vn -0.1876 -0.7024 0.6866
vn -0.4610 0.6965 0.5498
vn -0.4125 0.7178 0.5609
vn 0.9691 0.1537 0.1928
vn 0.0626 0.6966 -0.7147
vn 0.2677 -0.6987 -0.6634
vn 0.9615 0.1726 0.2139
vn 0.9588 0.1871 0.2138
vn 0.3325 -0.6890 -0.6440
vn 0.0955 0.6973 -0.7104
vn -0.9702 -0.1465 -0.1929
vn -0.9728 -0.1758 -0.1505
vn -0.1460 -0.6987 0.7003
vn -0.0813 -0.6890 0.7202
vn -0.3450 0.6966 0.6290
vn -0.3153 0.6973 0.6437
vn 0.9881 0.1537 0.0000
vn -0.0779 0.6965 -0.7133
vn 0.1332 -0.6987 -0.7029
vn 0.9898 0.1404 0.0226
vn 0.9820 0.1873 0.0226
vn 0.2037 -0.6884 -0.6961
vn -0.0443 0.7212 -0.6913
vn -0.9892 -0.1465 0.0000
vn -0.9836 -0.1753 0.0423
vn -0.0065 -0.6986 0.7154
vn 0.0860 -0.7030 0.7060
vn -0.2155 0.6965 0.6844
vn -0.1452 0.7084 0.6907
vn 0.9691 0.1537 -0.1928
vn -0.2155 0.6965 -0.6844
vn -0.0065 -0.6986 -0.7154
vn 0.9615 0.1726 -0.2138
vn 0.9588 0.1872 -0.2137
vn 0.0894 -0.7024 -0.7062
vn -0.1415 0.7096 -0.6902
vn -0.9702 -0.1465 0.1929
vn -0.9729 -0.1756 0.1504
vn 0.1331 -0.6987 0.7029
vn 0.2254 -0.7024 0.6752
vn -0.0779 0.6965 0.7133
vn -0.0308 0.7397 0.6722
vn 0.9129 0.1537 -0.3781
vn -0.3450 0.6966 -0.6290
vn -0.1460 -0.6987 -0.7003
vn 0.9182 0.1726 -0.3564
vn 0.9159 0.1872 -0.3550
vn -0.0813 -0.6890 -0.7202
vn -0.3153 0.6973 -0.6437
vn -0.9139 -0.1465 0.3786
vn -0.8925 -0.1758 0.4154
vn 0.2677 -0.6987 0.6634
vn 0.3325 -0.6890 0.6440
vn 0.0626 0.6966 0.7147
vn 0.0955 0.6973 0.7104
vn 0.8216 0.1537 -0.5490
vn -0.4611 0.6965 -0.5497
vn -0.2799 -0.6987 -0.6584
vn 0.8105 0.1403 -0.5687
vn 0.8040 0.1872 -0.5643
vn -0.2206 -0.6971 -0.6821
vn -0.4266 0.7268 -0.5382
vn -0.8225 -0.1465 0.5496
vn -0.8046 -0.1754 0.5673
vn -0.7943 -0.1753 0.5817
vn 0.3920 -0.6986 0.5985
vn 0.4652 -0.7020 0.5393
vn 0.2010 0.6965 0.6888
vn 0.2641 0.7080 0.6549
vn 0.6987 0.1536 -0.6987
vn -0.5594 0.6965 -0.4493
vn -0.4028 -0.6987 -0.5912
vn 0.6987 0.1537 -0.6987
vn 0.7141 0.1576 -0.6821
vn 0.7104 0.1871 -0.6784
vn -0.3166 -0.6953 -0.6452
vn -0.4960 0.7054 -0.5064
vn -0.6995 -0.1465 0.6995
vn -0.6995 -0.1465 0.6994
vn -0.7133 -0.1756 0.6784
vn -0.7254 -0.1756 0.6655
vn 0.5013 -0.6987 0.5104
vn 0.5711 -0.6953 0.4364
vn 0.3316 0.6965 0.6363
vn 0.3592 0.7349 0.5751
vn 0.5490 0.1537 -0.8216
vn -0.6363 0.6966 -0.3314
vn -0.5105 -0.6988 -0.5011
vn 0.5687 0.1404 -0.8104
vn 0.5575 0.1873 -0.8087
vn -0.4675 -0.6879 -0.5551
vn -0.6019 0.7197 -0.3461
vn -0.5495 -0.1465 0.8225
vn -0.5112 -0.1756 0.8413
vn 0.5911 -0.6987 0.4029
vn 0.6239 -0.6977 0.3521
vn 0.4492 0.6965 0.5595
vn 0.4872 0.6938 0.5303
vn 0.3781 0.1537 -0.9129
vn -0.6888 0.6965 -0.2010
vn -0.5985 -0.6987 -0.3920
vn 0.3564 0.1726 -0.9182
vn 0.3550 0.1872 -0.9159
vn -0.5375 -0.7024 -0.4666
vn -0.6525 0.7096 -0.2658
vn -0.3786 -0.1465 0.9139
vn -0.4154 -0.1756 0.8925
vn 0.6584 -0.6987 0.2798
vn 0.6866 -0.7024 0.1877
vn 0.5499 0.6965 0.4610
vn 0.5418 0.7397 0.3991
vn 0.1928 0.1537 -0.9691
vn -0.7147 0.6966 -0.0626
vn -0.6634 -0.6987 -0.2677
vn 0.2139 0.1726 -0.9615
vn 0.2138 0.1871 -0.9588
vn -0.6440 -0.6890 -0.3325
vn -0.7104 0.6973 -0.0955
vn -0.1929 -0.1465 0.9702
vn -0.1505 -0.1758 0.9728
vn 0.7003 -0.6987 0.1460
vn 0.7202 -0.6890 0.0813
vn 0.6290 0.6966 0.3450
vn 0.6437 0.6973 0.3153
vn 0.0000 0.1537 -0.9881
vn -0.7132 0.6965 0.0778
vn -0.7029 -0.6987 -0.1332
vn 0.0142 0.1404 -0.9900
vn 0.0142 0.1873 -0.9822
vn -0.6961 -0.6884 -0.2037
vn -0.6913 0.7212 0.0443
vn 0.0000 -0.1465 0.9892
vn 0.0423 -0.1753 0.9836
vn 0.7154 -0.6986 0.0065
vn 0.7060 -0.7030 -0.0860
vn 0.6844 0.6965 0.2155
vn 0.6907 0.7084 0.1452
vn -0.1928 0.1537 -0.9691
vn -0.6844 0.6965 0.2155
vn -0.7154 -0.6986 0.0065
vn -0.2138 0.1726 -0.9615
vn -0.2137 0.1872 -0.9588
vn -0.7062 -0.7024 -0.0894
vn -0.6902 0.7096 0.1415
vn 0.1929 -0.1465 0.9702
vn 0.1504 -0.1756 0.9729
vn 0.7029 -0.6987 -0.1331
vn 0.6752 -0.7024 -0.2254
vn 0.7133 0.6965 0.0779
vn 0.6722 0.7397 0.0308
vn -0.3781 0.1537 -0.9129
vn -0.6290 0.6966 0.3450
vn -0.7003 -0.6987 0.1460
vn -0.3564 0.1726 -0.9182
vn -0.3550 0.1872 -0.9159
vn -0.7202 -0.6890 0.0813
vn -0.6437 0.6973 0.3153
vn 0.3786 -0.1465 0.9139
vn 0.4154 -0.1758 0.8925
vn 0.6634 -0.6988 -0.2677
vn 0.6440 -0.6890 -0.3325
vn 0.7147 0.6966 -0.0626
vn 0.7104 0.6973 -0.0955
vn -0.5490 0.1537 -0.8216
vn -0.5498 0.6965 0.4610
vn -0.6584 -0.6987 0.2798
vn -0.5698 0.1252 -0.8122
vn -0.5644 0.1873 -0.8039
vn -0.6821 -0.6971 0.2206
vn -0.5382 0.7268 0.4266
vn 0.5495 -0.1465 0.8225
vn 0.5672 -0.1756 0.8046
vn 0.5676 -0.1756 0.8044
vn 0.5985 -0.6986 -0.3920
vn 0.5393 -0.7020 -0.4652
vn 0.6888 0.6965 -0.2010
vn 0.6549 0.7080 -0.2641
vn -0.6987 0.1536 -0.6987
vn -0.4492 0.6966 0.5594
vn -0.5911 -0.6987 0.4029
vn -0.6987 0.1537 -0.6987
vn -0.6930 0.1104 -0.7124
vn -0.6983 0.1871 -0.6909
vn -0.6281 -0.7014 0.3369
vn -0.4780 0.7067 0.5216
vn 0.6995 -0.1465 0.6995
vn 0.6995 -0.1465 0.6994
vn 0.7254 -0.1755 0.6656
vn 0.7253 -0.1755 0.6656
vn 0.5105 -0.6987 -0.5012
vn 0.4383 -0.6938 -0.5713
vn 0.6363 0.6965 -0.3315
vn 0.5719 0.7257 -0.3824
vn -0.8216 0.1537 -0.5490
vn -0.3315 0.6965 0.6363
vn -0.5012 -0.6987 0.5105
vn -0.8121 0.1253 -0.5699
vn -0.8040 0.1872 -0.5643
vn -0.5547 -0.6894 0.4657
vn -0.3729 0.7130 0.5938
vn 0.8225 -0.1465 0.5495
vn 0.8414 -0.1753 0.5112
vn 0.8413 -0.1753 0.5112
vn 0.4029 -0.6986 -0.5912
vn 0.3309 -0.6919 -0.6416
vn 0.5594 0.6965 -0.4493
vn 0.4782 0.7370 -0.4777
vn -0.9129 0.1537 -0.3781
vn -0.2010 0.6965 0.6888
vn -0.3920 -0.6986 0.5985
vn -0.9182 0.1726 -0.3564
vn -0.9159 0.1872 -0.3550
vn -0.4666 -0.7024 0.5375
vn -0.2658 0.7096 0.6525
vn 0.9139 -0.1465 0.3786
vn 0.8925 -0.1756 0.4154
vn 0.2798 -0.6987 -0.6584
vn 0.1877 -0.7024 -0.6866
vn 0.4610 0.6965 -0.5498
vn 0.3991 0.7397 -0.5418
vn -0.9691 0.1537 -0.1928
vn -0.0626 0.6966 0.7147
vn -0.2677 -0.6987 0.6634
vn -0.9615 0.1726 -0.2139
vn -0.9588 0.1871 -0.2138
vn -0.3325 -0.6890 0.6440
vn -0.0955 0.6973 0.7104
vn 0.9702 -0.1465 0.1929
vn 0.9728 -0.1758 0.1505
vn 0.1460 -0.6987 -0.7003
vn 0.0813 -0.6890 -0.7202
vn 0.3450 0.6966 -0.6290
vn 0.3153 0.6973 -0.6437
vn -0.9881 0.1537 0.0000
vn 0.0779 0.6965 0.7133
vn -0.1332 -0.6987 0.7029
vn -0.9898 0.1404 -0.0226
vn -0.9820 0.1873 -0.0226
vn -0.2037 -0.6884 0.6961
vn 0.0443 0.7212 0.6913
vn 0.9892 -0.1465 0.0000
vn 0.9836 -0.1753 -0.0423
vn 0.0065 -0.6986 -0.7154
vn -0.0860 -0.7030 -0.7060
vn 0.2155 0.6965 -0.6844
vn 0.1452 0.7084 -0.6907
vn -0.9691 0.1537 0.1928
vn 0.2155 0.6965 0.6844
vn 0.0065 -0.6986 0.7154
vn -0.9639 0.1577 0.2146
vn -0.9588 0.1872 0.2137
vn -0.0894 -0.7024 0.7062
vn 0.1415 0.7096 0.6902
vn 0.9702 -0.1465 -0.1929
vn 0.9729 -0.1756 -0.1504
vn -0.1331 -0.6987 -0.7029
vn -0.2254 -0.7024 -0.6752
vn 0.0779 0.6965 -0.7133
vn 0.0308 0.7397 -0.6722
vn -0.9129 0.1537 0.3781
vn 0.3450 0.6966 0.6290
vn 0.1460 -0.6987 0.7003
vn -0.9249 0.1256 0.3587
vn -0.9159 0.1872 0.3550
vn 0.0813 -0.6890 0.7202
vn 0.3092 0.7201 0.6212
vn 0.9139 -0.1465 -0.3786
vn 0.8925 -0.1758 -0.4154
vn -0.2677 -0.6987 -0.6634
vn -0.3325 -0.6890 -0.6440
vn -0.0626 0.6966 -0.7147
vn -0.1241 0.6887 -0.7143
vn -0.8216 0.1537 0.5490
vn 0.4610 0.6965 0.5498
vn 0.2798 -0.6987 0.6584
vn -0.8120 0.1257 0.5698
vn -0.8040 0.1872 0.5643
vn 0.2206 -0.6971 0.6821
vn 0.4113 0.7185 0.5608
vn 0.8225 -0.1465 -0.5495
vn 0.7943 -0.1755 -0.5816
vn 0.8044 -0.1756 -0.5676
vn -0.3920 -0.6986 -0.5985
vn -0.4652 -0.7020 -0.5393
vn -0.2010 0.6965 -0.6888
vn -0.2530 0.7303 -0.6344
vn -0.6987 0.1537 0.6987
vn 0.5595 0.6966 0.4492
vn 0.4029 -0.6987 0.5911
vn -0.6930 0.1726 0.6999
vn -0.7042 0.1871 0.6848
vn 0.3610 -0.6861 0.6316
vn 0.5144 0.7030 0.4911
vn 0.6995 -0.1465 -0.6995
vn 0.6994 -0.1465 -0.6995
vn 0.6655 -0.1753 -0.7255
vn 0.6656 -0.1755 -0.7253
vn -0.5012 -0.6987 -0.5105
vn -0.5700 -0.6948 -0.4385
vn -0.3315 0.6965 -0.6363
vn -0.3594 0.7330 -0.5775
vn -0.5490 0.1537 0.8216
vn 0.6363 0.6966 0.3315
vn 0.5105 -0.6987 0.5013
vn -0.5654 0.1726 0.8065
vn -0.5644 0.1873 0.8039
vn 0.4440 -0.7132 0.5424
vn 0.6094 0.6905 0.3897
vn 0.5496 -0.1465 -0.8225
vn 0.5531 -0.1753 -0.8144
vn 0.5263 -0.1754 -0.8320
vn -0.5912 -0.6986 -0.4029
vn -0.6386 -0.7061 -0.3059
vn -0.4493 0.6965 -0.5594
vn -0.4789 0.7049 -0.5233
vn -0.3781 0.1537 0.9129
vn 0.6888 0.6965 0.2011
vn 0.5985 -0.6986 0.3920
vn -0.3580 0.1403 0.9231
vn -0.3550 0.1872 0.9159
vn 0.5393 -0.7020 0.4652
vn 0.6329 0.7397 0.2288
vn 0.3786 -0.1465 -0.9139
vn 0.4154 -0.1758 -0.8925
vn 0.4154 -0.1756 -0.8925
vn -0.6584 -0.6987 -0.2799
vn -0.7055 -0.6785 -0.2047
vn -0.5497 0.6966 -0.4611
vn -0.5594 0.7173 -0.4153
vn -0.1928 0.1536 0.9691
vn 0.7147 0.6966 0.0627
vn 0.6634 -0.6987 0.2677
vn -0.1928 0.1537 0.9691
vn -0.2146 0.1577 0.9639
vn -0.2138 0.1871 0.9588
vn 0.6440 -0.6890 0.3325
vn 0.7143 0.6887 0.1241
vn 0.1929 -0.1465 -0.9702
vn 0.1505 -0.1758 -0.9728
vn -0.7003 -0.6987 -0.1460
vn -0.7202 -0.6890 -0.0813
vn -0.6291 0.6966 -0.3449
vn -0.6212 0.7201 -0.3092
vn 0.7132 0.6965 -0.0779
vn 0.7029 -0.6987 0.1331
vn 0.7026 -0.6850 0.1925
vn 0.6781 0.7335 -0.0457
vn -0.7154 -0.6986 -0.0065
vn -0.7060 -0.7030 0.0860
vn -0.6844 0.6965 -0.2155
vn -0.6913 0.7080 -0.1442
vn 0.2148 0.1574 0.9639
vn 0.6897 0.7099 -0.1426
vn -0.7029 -0.6986 0.1332
vn -0.0136 0.1873 0.9822
vn -0.0424 -0.1753 -0.9836
vn 0.0052 0.1259 0.9920
vn -0.6844 0.7285 -0.0286
vn 0.3587 0.1257 0.9249
vn 0.6211 0.7202 -0.3092
vn -0.4154 -0.1756 -0.8925
vn -0.7144 0.6886 0.1242
vn 0.5499 0.6965 -0.4610
vn 0.6585 -0.6986 -0.2798
vn 0.5697 0.1257 0.8121
vn 0.5643 0.1872 0.8040
vn 0.6866 -0.7024 -0.1876
vn 0.5629 0.7319 -0.3840
vn -0.5495 -0.1465 -0.8225
vn -0.5112 -0.1756 -0.8413
vn -0.5259 -0.1756 -0.8322
vn -0.5375 -0.7024 0.4666
vn -0.6320 0.7319 0.2547
vn 0.6987 0.1536 0.6987
vn 0.4492 0.6966 -0.5594
vn 0.5911 -0.6987 -0.4029
vn 0.6885 0.1574 0.7079
vn 0.6784 0.1871 0.7104
vn 0.6342 -0.6890 -0.3507
vn 0.5002 0.6886 -0.5250
vn -0.7132 -0.1759 -0.6784
vn -0.7135 -0.1758 -0.6782
vn -0.5105 -0.6987 0.5012
vn -0.4677 -0.6890 0.5536
vn -0.6363 0.6966 0.3314
vn -0.6021 0.7202 0.3446
vn 0.8216 0.1536 0.5490
vn 0.3315 0.6965 -0.6363
vn 0.8120 0.1258 0.5698
vn 0.8039 0.1873 0.5644
vn 0.5561 -0.6884 -0.4656
vn 0.3471 0.7213 -0.5993
vn -0.8414 -0.1753 -0.5112
vn -0.4029 -0.6986 0.5912
vn -0.3207 -0.7030 0.6348
vn -0.5594 0.6965 0.4493
vn -0.5045 0.7083 0.4937
vn 0.9129 0.1536 0.3781
vn 0.2011 0.6965 -0.6888
vn 0.3921 -0.6986 -0.5985
vn 0.9266 0.1105 0.3594
vn 0.2547 0.7319 -0.6320
vn -0.2798 -0.6986 0.6584
vn -0.1877 -0.7024 0.6866
vn -0.3840 0.7319 0.5629
vn 0.9691 0.1536 0.1928
vn 0.0627 0.6966 -0.7147
vn 0.9701 0.1104 0.2161
vn 0.1140 0.7118 -0.6930
vn -0.9729 -0.1756 -0.1504
vn -0.3449 0.6966 0.6291
vn -0.2902 0.7118 0.6395
vn 0.9881 0.1536 0.0000
vn -0.0778 0.6965 -0.7133
vn 0.9936 0.1107 0.0227
vn 0.2043 -0.7132 -0.6706
vn 0.0094 0.7035 -0.7106
vn -0.9842 -0.1753 -0.0251
vn -0.9842 -0.1754 0.0247
vn 0.0882 -0.7034 0.7053
vn -0.1432 0.7308 0.6674
vn 0.9691 0.1536 -0.1928
vn 0.9701 0.1105 -0.2160
vn 0.0871 -0.7020 -0.7068
vn -0.1393 0.7319 -0.6670
vn -0.9728 -0.1758 0.1505
vn 0.2217 -0.6785 0.7003
vn -0.0380 0.7400 0.6715
vn 0.9129 0.1536 -0.3781
vn -0.3449 0.6966 -0.6291
vn 0.9266 0.1105 -0.3594
vn -0.2902 0.7118 -0.6395
vn -0.8925 -0.1756 0.4154
vn 0.0627 0.6966 0.7147
vn 0.1140 0.7118 0.6930
vn 0.8216 0.1536 -0.5490
vn -0.4610 0.6965 -0.5499
vn -0.2798 -0.6986 -0.6585
vn 0.8136 0.1105 -0.5708
vn -0.1876 -0.7024 -0.6866
vn -0.3840 0.7319 -0.5629
vn -0.8225 -0.1465 0.5495
vn -0.8414 -0.1753 0.5112
vn -0.8322 -0.1756 0.5259
vn 0.4666 -0.7024 0.5375
vn 0.2011 0.6965 0.6888
vn 0.2547 0.7319 0.6320
vn 0.7185 0.1105 -0.6866
vn -0.3325 -0.7137 -0.6165
vn -0.4990 0.7025 -0.5074
vn -0.7135 -0.1758 0.6782
vn -0.6908 -0.1758 0.7013
vn 0.5012 -0.6987 0.5104
vn 0.5547 -0.6895 0.4657
vn 0.3315 0.6966 0.6363
vn 0.3705 0.7118 0.5966
vn 0.5490 0.1536 -0.8216
vn -0.6363 0.6965 -0.3315
vn -0.5105 -0.6987 -0.5012
vn 0.5477 0.1107 -0.8292
vn 0.5570 0.1873 -0.8091
vn -0.4791 -0.6845 -0.5493
vn -0.5833 0.7253 -0.3656
vn -0.5112 -0.1753 0.8414
vn 0.5912 -0.6987 0.4029
vn 0.6499 -0.6792 0.3410
vn 0.4494 0.6965 0.5594
vn 0.4472 0.7384 0.5047
vn 0.3781 0.1536 -0.9129
vn -0.6888 0.6965 -0.2011
vn -0.5985 -0.6986 -0.3920
vn 0.3592 0.1104 -0.9267
vn -0.6320 0.7324 -0.2534
vn 0.6585 -0.6986 0.2798
vn 0.6872 -0.7051 0.1747
vn 0.5733 0.7207 0.3897
vn 0.1928 0.1536 -0.9691
vn -0.7147 0.6966 -0.0627
vn 0.2160 0.1105 -0.9701
vn -0.6930 0.7118 -0.1140
vn -0.1504 -0.1756 0.9729
vn 0.6291 0.6966 0.3449
vn 0.6395 0.7118 0.2902
vn 0.0000 0.1536 -0.9881
vn -0.7133 0.6965 0.0779
vn -0.7029 -0.6987 -0.1331
vn -0.0052 0.1107 -0.9938
vn 0.0136 0.1873 -0.9822
vn -0.6771 -0.7099 -0.1936
vn -0.6982 0.7158 -0.0089
vn -0.0251 -0.1753 0.9842
vn 0.0247 -0.1754 0.9842
vn 0.7053 -0.7034 -0.0882
vn 0.6681 0.7303 0.1421
vn -0.1928 0.1536 -0.9691
vn -0.2161 0.1104 -0.9701
vn -0.7068 -0.7020 -0.0871
vn -0.6663 0.7324 0.1404
vn 0.1505 -0.1758 0.9728
vn 0.7030 -0.6986 -0.1332
vn 0.6937 -0.6814 -0.2334
vn 0.7133 0.6965 0.0778
vn 0.6836 0.7288 0.0373
vn -0.6291 0.6966 0.3449
vn -0.3587 0.1253 -0.9250
vn -0.6395 0.7118 0.2902
vn 0.4154 -0.1756 0.8925
vn 0.6634 -0.6987 -0.2677
vn 0.7147 0.6966 -0.0627
vn 0.6930 0.7119 -0.1140
vn -0.6585 -0.6986 0.2798
vn -0.5654 0.1726 -0.8065
vn -0.5643 0.1872 -0.8040
vn -0.6866 -0.7024 0.1876
vn -0.5836 0.7095 0.3949
vn 0.5112 -0.1753 0.8414
vn 0.5259 -0.1756 0.8322
vn 0.5375 -0.7024 -0.4666
vn 0.6888 0.6965 -0.2011
vn 0.6327 0.7398 -0.2287
vn -0.5912 -0.6987 0.4028
vn -0.6848 0.1871 -0.7042
vn -0.6784 0.1871 -0.7104
vn -0.6165 -0.7137 0.3325
vn -0.5006 0.6889 0.5242
vn 0.6782 -0.1758 0.7135
vn 0.7132 -0.1759 0.6785
vn 0.4657 -0.6895 -0.5547
vn 0.6363 0.6966 -0.3314
vn 0.6198 0.6973 -0.3601
vn -0.3314 0.6966 0.6363
vn -0.8064 0.1727 -0.5655
vn -0.8039 0.1873 -0.5644
vn -0.5551 -0.6879 0.4675
vn -0.3624 0.6985 0.6170
vn 0.8413 -0.1756 0.5112
vn 0.4029 -0.6987 -0.5912
vn 0.3410 -0.6792 -0.6499
vn 0.5595 0.6965 -0.4492
vn 0.5321 0.7234 -0.4398
vn -0.9129 0.1536 -0.3781
vn -0.2011 0.6965 0.6888
vn -0.9250 0.1253 -0.3587
vn -0.2287 0.7398 0.6328
vn 0.2798 -0.6986 -0.6585
vn 0.3949 0.7095 -0.5836
vn -0.9691 0.1536 -0.1928
vn -0.0627 0.6966 0.7147
vn -0.9701 0.1104 -0.2161
vn -0.1140 0.7118 0.6930
vn 0.9729 -0.1756 0.1504
vn 0.3449 0.6966 -0.6291
vn 0.2902 0.7118 -0.6395
vn -0.9881 0.1536 0.0000
vn 0.0778 0.6965 0.7133
vn -0.9936 0.1107 -0.0227
vn -0.2043 -0.7132 0.6706
vn -0.0094 0.7035 0.7106
vn 0.9842 -0.1753 0.0251
vn 0.9842 -0.1754 -0.0247
vn -0.0882 -0.7034 -0.7053
vn 0.1432 0.7308 -0.6674
vn -0.9691 0.1536 0.1928
vn -0.9701 0.1105 0.2160
vn -0.0871 -0.7020 0.7068
vn 0.1393 0.7319 0.6670
vn 0.9728 -0.1758 -0.1505
vn -0.2217 -0.6785 -0.7003
vn 0.0380 0.7400 -0.6715
vn -0.9129 0.1536 0.3781
vn 0.3449 0.6966 0.6291
vn -0.9266 0.1105 0.3594
vn 0.2902 0.7118 0.6395
vn 0.8925 -0.1756 -0.4154
vn -0.0627 0.6966 -0.7147
vn -0.1140 0.7118 -0.6930
vn -0.8216 0.1536 0.5490
vn 0.4610 0.6965 0.5499
vn 0.2798 -0.6986 0.6585
vn -0.8121 0.1257 0.5697
vn -0.8039 0.1873 0.5644
vn 0.2061 -0.7208 0.6618
vn 0.3928 0.7094 0.5851
vn 0.8322 -0.1753 -0.5259
vn 0.8046 -0.1756 -0.5672
vn -0.3921 -0.6986 -0.5985
vn -0.4666 -0.7024 -0.5375
vn -0.2011 0.6965 -0.6888
vn -0.6987 0.1536 0.6987
vn 0.5594 0.6965 0.4493
vn 0.4029 -0.6987 0.5912
vn -0.7082 0.1574 0.6882
vn -0.6908 0.1871 0.6983
vn 0.3213 -0.7244 0.6099
vn 0.5210 0.6740 0.5236
vn 0.7135 -0.1758 -0.6782
vn 0.6785 -0.1756 -0.7133
vn -0.5837 -0.6694 -0.4595
vn -0.3314 0.6966 -0.6363
vn -0.3258 0.7411 -0.5869
vn -0.5490 0.1536 0.8216
vn 0.6363 0.6965 0.3315
vn 0.5104 -0.6987 0.5012
vn -0.5698 0.1258 0.8120
vn -0.5643 0.1872 0.8040
vn 0.4677 -0.6890 0.5536
vn 0.5993 0.7213 0.3471
vn 0.5495 -0.1465 -0.8225
vn 0.5112 -0.1756 -0.8413
vn 0.5259 -0.1753 -0.8322
vn -0.5912 -0.6987 -0.4029
vn -0.6569 -0.6670 -0.3516
vn -0.4492 0.6966 -0.5594
vn -0.4689 0.7233 -0.5069
vn -0.3781 0.1536 0.9129
vn -0.3594 0.1105 0.9266
vn 0.5375 -0.7024 0.4666
vn 0.6320 0.7319 0.2547
vn -0.6584 -0.6986 -0.2798
vn -0.6866 -0.7024 -0.1876
vn -0.5498 0.6965 -0.4610
vn -0.5629 0.7319 -0.3840
vn -0.2159 0.1105 0.9701
vn 0.6930 0.7118 0.1140
vn -0.6395 0.7118 -0.2902
vn 0.7133 0.6965 -0.0779
vn 0.6881 0.7253 -0.0200
vn -0.6681 0.7303 -0.1421
vn 0.6844 0.6965 -0.2156
vn 0.7154 -0.6987 -0.0066
vn 0.1928 0.1536 0.9691
vn 0.2165 0.1105 0.9700
vn 0.7141 -0.6974 0.0599
vn 0.6760 0.7178 -0.1664
vn -0.7029 -0.6987 0.1331
vn 0.0000 0.1536 0.9881
vn -0.0232 0.1106 0.9936
vn -0.6887 -0.6974 0.1980
vn -0.0251 -0.1754 -0.9842
vn -0.7133 0.6965 -0.0779
vn -0.6955 0.7178 -0.0313
vn 0.7002 -0.6988 -0.1460
vn 0.3781 0.1536 0.9129
vn 0.3589 0.1105 0.9268
vn 0.7227 -0.6825 -0.1089
vn -0.6634 -0.6988 0.2676
vn -0.6615 -0.6825 0.3110
vn 0.5498 0.6965 -0.4610
vn 0.5490 0.1536 0.8216
vn 0.5712 0.1105 0.8133
vn 0.6827 -0.6974 -0.2180
vn 0.5609 0.7178 -0.4125
vn -0.5259 -0.1754 -0.8322
vn -0.5985 -0.6987 0.3919
vn -0.5605 -0.6974 0.4465
vn -0.6546 0.7178 0.2372
vn 0.5911 -0.6988 -0.4029
vn 0.6861 0.1104 0.7190
vn 0.6099 -0.7065 -0.3589
vn 0.5006 0.6889 -0.5242
vn -0.6782 -0.1758 -0.7136
vn -0.5105 -0.6988 0.5011
vn -0.4902 -0.6830 0.5415
vn -0.6198 0.6973 0.3601
vn 0.5011 -0.6988 -0.5105
vn 0.8188 0.1107 0.5632
vn 0.5419 -0.6815 -0.4918
vn 0.3624 0.6985 -0.6170
vn -0.8321 -0.1757 -0.5260
vn -0.4029 -0.6988 0.5911
vn -0.3699 -0.6749 0.6385
vn -0.5595 0.6965 0.4492
vn -0.5321 0.7234 0.4398
vn 0.3919 -0.6987 -0.5985
vn 0.9268 0.1105 0.3589
vn 0.4465 -0.6974 -0.5605
vn -0.2798 -0.6987 0.6584
vn -0.2180 -0.6974 0.6827
vn 0.2676 -0.6988 -0.6634
vn 0.9700 0.1104 0.2166
vn 0.3109 -0.6825 -0.6615
vn -0.1460 -0.6988 0.7002
vn -0.1089 -0.6825 0.7227
vn -0.0780 0.6966 -0.7132
vn 0.1330 -0.6988 -0.7028
vn 0.9937 0.1107 0.0134
vn 0.2094 -0.6886 -0.6942
vn -0.0177 0.7131 -0.7008
vn -0.9836 -0.1753 -0.0424
vn -0.0066 -0.6987 0.7154
vn 0.0586 -0.6984 0.7133
vn -0.2156 0.6965 0.6844
vn -0.1675 0.7181 0.6754
vn -0.2156 0.6965 -0.6844
vn -0.0066 -0.6987 -0.7154
vn 0.9700 0.1105 -0.2165
vn 0.0577 -0.6970 -0.7147
vn -0.1691 0.7162 -0.6771
vn -0.9728 -0.1758 0.1504
vn 0.1678 -0.6914 0.7027
vn -0.0554 0.7037 0.7083
vn -0.1460 -0.6988 -0.7002
vn 0.9268 0.1105 -0.3589
vn -0.1089 -0.6825 -0.7227
vn 0.2676 -0.6988 0.6634
vn 0.3109 -0.6825 0.6615
vn -0.4610 0.6965 -0.5498
vn -0.2798 -0.6987 -0.6584
vn 0.8133 0.1105 -0.5712
vn -0.2180 -0.6974 -0.6827
vn -0.4125 0.7178 -0.5609
vn 0.3919 -0.6987 0.5985
vn 0.4465 -0.6974 0.5605
vn 0.2372 0.7178 0.6546
vn -0.5594 0.6966 -0.4493
vn -0.4028 -0.6987 -0.5911
vn 0.7122 0.1104 -0.6932
vn -0.3456 -0.6890 -0.6370
vn -0.5115 0.7118 -0.4813
vn -0.7253 -0.1758 0.6656
vn 0.5011 -0.6988 0.5104
vn 0.5415 -0.6830 0.4902
vn 0.3314 0.6966 0.6363
vn 0.3612 0.6988 0.6174
vn 0.5713 0.1106 -0.8132
vn -0.4918 -0.6815 -0.5419
vn -0.6195 0.6969 -0.3613
vn -0.5259 -0.1757 0.8321
vn 0.5910 -0.6988 0.4029
vn 0.6134 -0.6919 0.3808
vn 0.4491 0.6966 0.5595
vn 0.4599 0.7024 0.5431
vn -0.5985 -0.6987 -0.3919
vn 0.3589 0.1105 -0.9268
vn -0.5605 -0.6974 -0.4465
vn -0.6546 0.7178 -0.2372
vn 0.6584 -0.6987 0.2799
vn 0.6827 -0.6974 0.2180
vn 0.5498 0.6965 0.4610
vn 0.5609 0.7178 0.4125
vn -0.6634 -0.6988 -0.2676
vn 0.2166 0.1104 -0.9700
vn -0.6615 -0.6825 -0.3109
vn 0.7002 -0.6988 0.1460
vn 0.7227 -0.6825 0.1089
vn -0.7132 0.6966 0.0780
vn -0.7028 -0.6988 -0.1330
vn 0.0232 0.1106 -0.9936
vn -0.6942 -0.6887 -0.2094
vn -0.7008 0.7131 0.0177
vn -0.0424 -0.1753 0.9836
vn 0.7154 -0.6987 0.0066
vn 0.7133 -0.6984 -0.0586
vn 0.6844 0.6965 0.2156
vn 0.6754 0.7181 0.1675
vn -0.6844 0.6965 0.2156
vn -0.7154 -0.6987 0.0066
vn -0.2165 0.1105 -0.9700
vn -0.7147 -0.6970 -0.0577
vn -0.6771 0.7162 0.1691
vn 0.1504 -0.1758 0.9728
vn 0.7027 -0.6914 -0.1678
vn 0.7083 0.7037 0.0553
vn -0.7002 -0.6988 0.1460
vn -0.3781 0.1536 -0.9129
vn -0.3589 0.1105 -0.9268
vn -0.7227 -0.6825 0.1089
vn 0.6634 -0.6988 -0.2676
vn 0.6615 -0.6825 -0.3110
vn -0.6584 -0.6987 0.2799
vn -0.5490 0.1536 -0.8216
vn -0.5712 0.1105 -0.8133
vn -0.6827 -0.6974 0.2180
vn -0.5609 0.7178 0.4125
vn 0.5985 -0.6987 -0.3919
vn 0.5605 -0.6974 -0.4465
vn 0.6546 0.7178 -0.2372
vn -0.4491 0.6966 0.5594
vn -0.5910 -0.6988 0.4029
vn -0.6932 0.1104 -0.7122
vn -0.6370 -0.6890 0.3456
vn -0.4813 0.7118 0.5115
vn 0.6656 -0.1758 0.7253
vn 0.5105 -0.6988 -0.5011
vn 0.4902 -0.6830 -0.5415
vn 0.6174 0.6988 -0.3612
vn -0.5011 -0.6988 0.5105
vn -0.8216 0.1536 -0.5490
vn -0.8132 0.1106 -0.5713
vn -0.5419 -0.6815 0.4918
vn -0.3613 0.6969 0.6195
vn 0.8321 -0.1757 0.5260
vn 0.4029 -0.6987 -0.5911
vn 0.3808 -0.6919 -0.6134
vn 0.5595 0.6965 -0.4493
vn 0.5431 0.7024 -0.4599
vn -0.3919 -0.6987 0.5985
vn -0.9268 0.1105 -0.3589
vn -0.4465 -0.6974 0.5605
vn -0.2372 0.7178 0.6546
vn 0.2799 -0.6987 -0.6584
vn 0.2180 -0.6974 -0.6827
vn 0.4125 0.7178 -0.5609
vn -0.2676 -0.6988 0.6634
vn -0.9700 0.1104 -0.2166
vn -0.3110 -0.6825 0.6615
vn 0.1460 -0.6988 -0.7002
vn 0.1089 -0.6825 -0.7227
vn 0.0780 0.6966 0.7132
vn -0.1330 -0.6988 0.7028
vn -0.9936 0.1106 -0.0232
vn -0.2094 -0.6887 0.6942
vn 0.0177 0.7131 0.7008
vn 0.9836 -0.1753 0.0424
vn 0.0066 -0.6987 -0.7154
vn -0.0586 -0.6984 -0.7133
vn 0.2156 0.6965 -0.6844
vn 0.1675 0.7181 -0.6754
vn 0.2156 0.6965 0.6844
vn 0.0066 -0.6987 0.7154
vn -0.9700 0.1105 0.2165
vn -0.0577 -0.6970 0.7147
vn 0.1691 0.7162 0.6771
vn 0.9728 -0.1758 -0.1504
vn -0.1678 -0.6914 -0.7027
vn 0.0554 0.7037 -0.7083
vn 0.1460 -0.6988 0.7002
vn -0.9268 0.1105 0.3589
vn 0.1089 -0.6825 0.7227
vn 0.3153 0.6973 0.6437
vn -0.2676 -0.6988 -0.6634
vn -0.3109 -0.6825 -0.6615
vn -0.0955 0.6973 -0.7104
vn 0.2799 -0.6987 0.6584
vn -0.8133 0.1105 0.5712
vn 0.2180 -0.6974 0.6827
vn 0.4125 0.7178 0.5609
vn 0.8322 -0.1754 -0.5259
vn -0.3919 -0.6987 -0.5985
vn -0.4465 -0.6974 -0.5605
vn -0.2372 0.7178 -0.6546
vn 0.5595 0.6966 0.4491
vn 0.4029 -0.6988 0.5910
vn -0.7062 0.1104 0.6993
vn 0.3585 -0.6856 0.6335
vn 0.5049 0.7236 0.4707
vn 0.7253 -0.1758 -0.6656
vn -0.5011 -0.6988 -0.5105
vn -0.5415 -0.6830 -0.4902
vn -0.3624 0.6985 -0.6170
vn 0.6363 0.6966 0.3314
vn 0.5105 -0.6988 0.5011
vn -0.5713 0.1106 0.8132
vn 0.4918 -0.6815 0.5419
vn 0.6198 0.6973 0.3601
vn 0.5260 -0.1757 -0.8321
vn -0.5911 -0.6987 -0.4029
vn -0.6175 -0.6957 -0.3668
vn -0.4713 0.6897 -0.5497
vn 0.6888 0.6965 0.2010
vn 0.5985 -0.6987 0.3919
vn -0.3589 0.1105 0.9268
vn 0.5605 -0.6974 0.4465
vn 0.6546 0.7178 0.2372
vn -0.6584 -0.6987 -0.2798
vn -0.6827 -0.6974 -0.2180
vn -0.5609 0.7178 -0.4125
vn 0.7147 0.6966 0.0626
vn 0.6634 -0.6988 0.2676
vn -0.2166 0.1104 0.9700
vn 0.6615 -0.6825 0.3109
vn 0.7104 0.6972 0.0955
vn 0.1504 -0.1758 -0.9728
vn -0.7002 -0.6988 -0.1460
vn -0.7227 -0.6825 -0.1089
vn -0.6290 0.6966 -0.3450
vn -0.6437 0.6972 -0.3153
vn 0.7132 0.6966 -0.0780
vn 0.7028 -0.6988 0.1330
vn 0.7090 -0.6820 0.1792
vn 0.7144 0.6985 -0.0415
vn -0.7154 -0.6987 -0.0066
vn -0.7140 -0.6979 0.0564
vn -0.6844 0.6965 -0.2156
vn -0.6764 0.7165 -0.1702
vn 0.7132 0.6965 -0.0778
vn -0.0138 0.1108 0.9937
vn -0.0142 0.1873 0.9822
vn 0.6705 -0.7132 0.2043
vn 0.7106 0.7035 0.0094
vn 0.0074 -0.1753 -0.9845
vn -0.0246 -0.1754 -0.9842
vn -0.7154 -0.6987 -0.0065
vn -0.7053 -0.7034 0.0882
vn 0.1504 -0.1756 -0.9729
vn -0.6674 0.7308 -0.1432
vn -0.3589 0.1106 0.9268
vn 0.4153 -0.1758 -0.8925
vn 0.6344 0.7304 0.2530
vn -0.6618 -0.7208 -0.2061
vn -0.5713 0.1107 0.8132
vn -0.5852 0.7094 -0.3928
vn 0.5673 -0.1754 -0.8046
vn 0.6363 0.6965 0.3316
vn 0.4595 -0.6694 0.5837
vn 0.5785 0.7353 0.3529
vn -0.7046 0.1871 0.6845
vn -0.6348 -0.7030 -0.3207
vn 0.6656 -0.1758 -0.7253
vn -0.4494 0.6965 -0.5594
vn -0.7190 0.1104 0.6861
vn -0.4760 0.7323 -0.4869
vn 0.6655 -0.1756 -0.7254
vn 0.5594 0.6966 0.4493
vn 0.3507 -0.6890 0.6342
vn 0.5129 0.7118 0.4798
vn -0.5536 -0.6890 -0.4677
vn 0.8320 -0.1756 -0.5262
vn -0.3315 0.6966 -0.6363
vn -0.8187 0.1106 0.5635
vn -0.3705 0.7118 -0.5966
vn 0.8325 -0.1756 -0.5255
vn 0.1877 -0.7024 0.6866
vn 0.3840 0.7319 0.5629
vn -0.9268 0.1106 0.3589
vn -0.2547 0.7319 -0.6320
vn 0.2902 0.7119 0.6395
vn -0.9720 0.1105 0.2075
vn 0.1404 0.7323 0.6663
vn -0.9822 0.1873 -0.0136
vn -0.2366 -0.7051 -0.6685
vn -0.9938 0.1108 0.0049
vn 0.0055 0.7207 -0.6932
vn -0.1331 -0.6987 0.7029
vn -0.1925 -0.6850 0.7026
vn 0.0200 0.7252 0.6882
vn -0.9700 0.1106 -0.2165
vn 0.1421 0.7304 -0.6681
vn -0.9268 0.1106 -0.3589
vn -0.2547 0.7319 0.6320
vn 0.1876 -0.7024 -0.6866
vn 0.4610 0.6965 -0.5499
vn -0.8133 0.1106 -0.5712
vn 0.3840 0.7319 -0.5629
vn 0.8325 -0.1756 0.5255
vn -0.3315 0.6966 0.6363
vn -0.5561 -0.6884 0.4656
vn -0.3705 0.7118 0.5966
vn -0.6849 0.1871 -0.7042
vn 0.3213 -0.7244 -0.6099
vn 0.7135 -0.1758 0.6782
vn -0.7062 0.1105 -0.6993
vn 0.5104 0.6960 -0.5050
vn 0.6905 -0.1758 0.7017
vn -0.4494 0.6965 0.5594
vn -0.6568 -0.6670 0.3516
vn -0.4483 0.7453 0.4935
vn 0.4677 -0.6890 -0.5536
vn 0.5262 -0.1756 0.8320
vn 0.6363 0.6966 -0.3315
vn -0.5636 0.1108 -0.8186
vn 0.5938 0.7129 -0.3729
vn 0.5255 -0.1753 0.8325
vn -0.5499 0.6965 0.4610
vn -0.5629 0.7319 0.3840
vn -0.3589 0.1106 -0.9268
vn 0.6320 0.7319 -0.2547
vn -0.2138 0.1871 -0.9588
vn -0.2075 0.1105 -0.9720
vn 0.6930 0.7118 -0.1140
vn -0.7053 -0.7034 -0.0882
vn -0.6663 0.7323 0.1404
vn 0.7029 -0.6987 -0.1332
vn -0.0142 0.1873 -0.9822
vn 0.6807 -0.6943 -0.2336
vn 0.7132 0.6965 0.0778
vn -0.0138 0.1108 -0.9937
vn 0.6868 0.7269 -0.0039
vn -0.7133 0.6965 0.0778
vn -0.6898 -0.6971 -0.1955
vn -0.6948 0.7185 0.0305
vn 0.2137 0.1872 -0.9588
vn 0.7068 -0.7020 -0.0871
vn 0.2073 0.1106 -0.9720
vn 0.6681 0.7304 0.1421
vn 0.3589 0.1106 -0.9268
vn -0.6320 0.7319 -0.2547
vn 0.5644 0.1873 -0.8039
vn 0.5713 0.1107 -0.8132
vn 0.5629 0.7319 0.3840
vn -0.5255 -0.1756 0.8325
vn -0.6363 0.6966 -0.3315
vn -0.5964 0.7114 -0.3718
vn 0.7105 0.1871 -0.6784
vn 0.4493 0.6965 0.5595
vn 0.7125 0.1105 -0.6929
vn 0.4678 0.7175 0.5161
vn -0.5594 0.6965 -0.4494
vn -0.4834 0.7273 -0.4872
vn 0.8187 0.1106 -0.5635
vn 0.3836 0.7273 0.5691
vn -0.7943 -0.1753 0.5816
vn -0.4114 0.7185 -0.5608
vn 0.9268 0.1106 -0.3589
vn 0.2530 0.7304 0.6344
vn -0.8925 -0.1758 0.4153
vn 0.9720 0.1105 -0.2075
vn -0.1404 0.7323 -0.6663
vn 0.9822 0.1873 0.0136
vn 0.2366 -0.7051 0.6685
vn 0.9938 0.1108 -0.0049
vn -0.0055 0.7207 0.6932
vn 0.1331 -0.6987 -0.7029
vn 0.1925 -0.6850 -0.7026
vn -0.0200 0.7252 -0.6882
vn 0.9700 0.1106 0.2164
vn -0.1421 0.7304 0.6681
vn 0.9268 0.1106 0.3589
vn -0.8413 -0.1753 -0.5112
vn -0.4610 0.6965 0.5499
vn 0.8132 0.1107 0.5713
vn 0.3315 0.6966 -0.6363
vn 0.5547 -0.6894 -0.4657
vn 0.3729 0.7129 -0.5938
vn -0.4028 -0.6986 0.5912
vn 0.7042 0.1871 0.6849
vn -0.3309 -0.6919 0.6416
vn -0.7132 -0.1759 -0.6785
vn -0.5594 0.6965 0.4494
vn 0.6993 0.1105 0.7062
vn -0.4781 0.7370 0.4777
vn -0.7138 -0.1758 -0.6778
vn 0.6275 -0.7009 -0.3390
vn 0.4774 0.7051 -0.5243
vn -0.4675 -0.6879 0.5551
vn -0.5262 -0.1756 -0.8320
vn 0.5635 0.1106 0.8187
vn -0.5966 0.7118 0.3705
vn -0.5255 -0.1756 -0.8325
vn -0.6888 0.6965 0.2011
vn 0.3589 0.1106 0.9268
vn 0.6291 0.6966 -0.3449
vn 0.6395 0.7118 -0.2902
vn -0.1505 -0.1758 -0.9728
vn -0.7147 0.6966 0.0627
vn 0.2164 0.1106 0.9700
vn -0.6930 0.7118 0.1140
vn 0.7068 -0.7020 0.0871
vn 0.6670 0.7319 -0.1393
vn -0.7029 -0.6987 0.1330
vn -0.7003 -0.6785 0.2217
vn -0.6715 0.7400 -0.0380
vn 0.6957 -0.6952 0.1807
vn 0.7210 0.6910 -0.0519
vn -0.7147 -0.6970 0.0577
vn 0.6615 -0.6825 0.3110
vn 0.7104 0.6973 0.0955
vn -0.6437 0.6973 -0.3153
vn 0.6569 0.7162 0.2355
vn -0.6583 -0.6988 -0.2799
vn -0.6587 -0.7144 -0.2359
vn -0.5815 0.6957 -0.4217
vn 0.4783 -0.6471 0.5937
vn 0.6019 0.7206 0.3440
vn -0.6135 -0.7179 -0.3288
vn -0.4492 0.6965 -0.5595
vn -0.4685 0.7181 -0.5146
vn 0.5594 0.6966 0.4492
vn 0.4028 -0.6987 0.5911
vn 0.3564 -0.7049 0.6131
vn 0.5350 0.6988 0.4747
vn -0.5011 -0.6988 -0.5104
vn -0.5806 -0.6732 -0.4578
vn -0.3723 0.7118 -0.5955
vn 0.4611 0.6966 0.5497
vn 0.2799 -0.6987 0.6583
vn 0.2508 -0.6914 0.6775
vn 0.4396 0.7037 0.5582
vn -0.4451 -0.6970 -0.5622
vn -0.2355 0.7162 -0.6569
vn -0.2676 -0.6988 -0.6633
vn -0.3110 -0.6825 -0.6615
vn -0.0599 -0.6974 0.7141
vn 0.1664 0.7178 0.6760
vn -0.1330 -0.6988 -0.7028
vn -0.1980 -0.6974 -0.6887
vn 0.0779 0.6965 -0.7132
vn 0.0313 0.7178 -0.6955
vn 0.0779 0.6966 0.7132
vn -0.1331 -0.6988 0.7028
vn -0.1792 -0.6820 0.7090
vn 0.0415 0.6985 0.7144
vn -0.0564 -0.6979 -0.7140
vn 0.1702 0.7165 -0.6764
vn -0.3920 -0.6987 0.5985
vn -0.4715 -0.6812 0.5600
vn 0.1996 -0.7173 -0.6675
vn -0.3612 0.6988 0.6174
vn 0.3082 -0.7057 -0.6380
vn 0.5594 0.6966 -0.4492
vn 0.5233 0.7048 -0.4789
vn -0.5912 -0.6987 0.4029
vn -0.6309 -0.6856 0.3631
vn -0.4636 0.7117 0.5278
vn 0.5104 -0.6987 -0.5012
vn 0.4616 -0.6700 -0.5813
vn 0.6047 0.7189 -0.3428
vn -0.5497 0.6966 0.4611
vn -0.6421 -0.7350 0.2177
vn -0.5815 0.6957 0.4217
vn 0.5985 -0.6987 -0.3920
vn 0.5600 -0.6812 -0.4715
vn 0.6569 0.7162 -0.2355
vn 0.6615 -0.6825 -0.3109
vn -0.7154 -0.6987 0.0065
vn -0.7133 -0.6984 -0.0586
vn -0.6760 0.7178 0.1664
vn 0.7009 -0.6852 -0.1978
vn 0.6886 0.7248 0.0205
vn -0.6957 -0.6952 -0.1807
vn -0.7210 0.6910 0.0519
vn 0.7147 -0.6970 -0.0577
vn 0.6764 0.7165 0.1702
vn -0.6633 -0.6988 -0.2676
vn -0.5606 -0.6984 -0.4450
vn 0.6927 -0.6852 0.2249
vn 0.5611 0.7248 0.3997
vn -0.4781 -0.6952 -0.5367
vn -0.6308 0.6894 -0.3562
vn 0.5911 -0.6988 0.4029
vn 0.5993 -0.7139 0.3621
vn 0.4863 0.6945 0.5302
vn -0.5594 0.6966 -0.4492
vn -0.4029 -0.6988 -0.5911
vn -0.3659 -0.6649 -0.6511
vn -0.5238 0.7209 -0.4538
vn 0.5672 -0.6649 0.4859
vn 0.3429 0.7209 0.6023
vn -0.4611 0.6966 -0.5497
vn -0.2799 -0.6987 -0.6583
vn -0.2359 -0.7144 -0.6587
vn -0.4217 0.6957 -0.5815
vn 0.2355 0.7162 0.6569
vn 0.2676 -0.6988 0.6633
vn 0.3110 -0.6825 0.6615
vn 0.0599 -0.6974 -0.7141
vn -0.1664 0.7178 -0.6760
vn 0.1330 -0.6988 0.7028
vn 0.1980 -0.6974 0.6887
vn -0.0779 0.6965 0.7132
vn -0.0313 0.7178 0.6955
vn -0.0779 0.6966 -0.7132
vn 0.1331 -0.6988 -0.7028
vn 0.1792 -0.6820 -0.7090
vn -0.0415 0.6985 -0.7144
vn 0.0564 -0.6979 0.7140
vn -0.1702 0.7165 0.6764
vn 0.2676 -0.6988 -0.6633
vn -0.2799 -0.6988 0.6583
vn -0.4611 0.6965 0.5497
vn 0.5012 -0.6987 -0.5104
vn 0.5676 -0.6653 -0.4849
vn -0.4029 -0.6987 0.5911
vn -0.3294 -0.7387 0.5880
vn -0.5594 0.6966 0.4492
vn -0.5362 0.6817 0.4977
vn 0.6359 -0.6830 -0.3594
vn 0.4432 0.7325 -0.5167
vn -0.5104 -0.6988 0.5011
vn -0.4804 -0.6475 0.5915
vn -0.6019 0.7206 0.3440
vn 0.6584 -0.6987 -0.2798
vn 0.6587 -0.7144 -0.2359
vn 0.5815 0.6957 -0.4217
vn -0.5985 -0.6987 0.3920
vn 0.7003 -0.6988 -0.1460
vn 0.7406 -0.6657 -0.0909
vn -0.6383 -0.7045 0.3101
vn 0.6922 -0.7183 0.0697
vn -0.7029 -0.6987 0.1332
vn -0.7095 -0.6695 0.2197
vn -0.6886 0.7248 -0.0205
vn 0.7029 -0.6988 0.1331
vn 0.7152 -0.6598 0.2304
vn 0.6984 0.7133 -0.0584
vn -0.6938 -0.7168 0.0688
vn -0.6754 0.7181 -0.1675
vn 0.6384 -0.7044 0.3101
vn -0.7405 -0.6658 -0.0909
vn 0.5985 -0.6987 0.3920
vn 0.5600 -0.6813 0.4714
vn -0.6676 -0.7172 -0.1997
vn -0.5498 0.6965 -0.4611
vn 0.4657 -0.6894 0.5547
vn 0.6170 0.6985 0.3624
vn -0.5912 -0.6986 -0.4028
vn -0.6417 -0.6919 -0.3309
vn -0.4707 0.7236 -0.5048
vn 0.4029 -0.6988 0.5911
vn 0.3453 -0.7172 0.6053
vn 0.5497 0.6897 0.4713
vn -0.5532 -0.6906 -0.4658
vn -0.3887 0.6889 -0.6118
vn 0.2353 -0.6743 0.6999
vn 0.4324 0.7248 0.5363
vn -0.3920 -0.6987 -0.5985
vn 0.1460 -0.6988 0.7003
vn 0.0909 -0.6658 0.7405
vn -0.2677 -0.6988 -0.6634
vn -0.3101 -0.7044 -0.6384
vn 0.0065 -0.6987 0.7154
vn -0.0710 -0.7172 0.6932
vn -0.2213 -0.6813 -0.6978
vn -0.1331 -0.6987 0.7028
vn -0.2026 -0.6654 0.7185
vn 0.0065 -0.6987 -0.7154
vn -0.0674 -0.7179 -0.6929
vn -0.4441 -0.7172 0.5369
vn 0.2799 -0.6987 -0.6583
vn 0.2037 -0.6813 -0.7031
vn 0.4611 0.6965 -0.5498
vn -0.5012 -0.6988 0.5104
vn -0.5429 -0.6820 0.4899
vn 0.3497 -0.6979 -0.6250
vn 0.5173 0.7165 -0.4678
vn -0.5911 -0.6988 0.4029
vn -0.6267 -0.6829 0.3752
vn -0.4741 0.6973 0.5376
vn 0.5104 -0.6988 -0.5011
vn 0.4710 -0.7065 -0.5281
vn 0.6118 0.6889 -0.3887
vn -0.7212 -0.6566 0.2206
vn -0.5363 0.7248 0.4324
vn 0.5387 -0.7168 -0.4426
vn -0.6932 -0.7172 -0.0710
vn -0.6754 0.7181 0.1675
vn 0.7029 -0.6988 -0.1331
vn 0.6906 -0.6843 -0.2339
vn 0.7132 0.6966 0.0779
vn 0.7074 0.7062 0.0278
vn -0.7132 0.6966 0.0779
vn -0.7253 -0.6616 -0.1900
vn -0.7015 0.7113 0.0441
vn 0.7154 -0.6987 0.0065
vn 0.6929 -0.7179 -0.0674
vn 0.6770 0.7162 0.1691
vn -0.5369 -0.7172 -0.4441
vn 0.7031 -0.6813 0.2037
vn -0.4867 -0.6648 -0.5666
vn 0.6012 -0.7134 0.3600
vn -0.3247 -0.7098 -0.6250
vn -0.5086 0.7134 -0.4819
vn 0.5817 -0.6738 0.4557
vn 0.3735 0.7134 0.5929
vn -0.2799 -0.6988 -0.6583
vn -0.2364 -0.6743 -0.6995
vn -0.4396 0.7036 -0.5582
vn 0.3920 -0.6987 0.5985
vn 0.4426 -0.7168 0.5387
vn -0.1460 -0.6988 -0.7003
vn 0.2677 -0.6988 0.6634
vn -0.0065 -0.6987 -0.7154
vn 0.0710 -0.7172 -0.6932
vn 0.2213 -0.6813 0.6978
vn 0.1331 -0.6987 -0.7028
vn 0.2026 -0.6654 -0.7185
vn -0.0065 -0.6987 0.7154
vn 0.0674 -0.7179 0.6929
vn 0.2677 -0.6988 -0.6634
vn -0.1460 -0.6988 0.7003
vn 0.5012 -0.6988 -0.5105
vn 0.3612 0.6988 -0.6174
vn -0.4028 -0.6987 0.5912
vn -0.3393 -0.6700 0.6602
vn -0.5267 0.7192 0.4531
vn 0.4492 0.6965 -0.5595
vn 0.5912 -0.6987 -0.4029
vn 0.6075 -0.7218 -0.3317
vn 0.4863 0.6945 -0.5302
vn -0.5104 -0.6987 0.5012
vn -0.4440 -0.7132 0.5424
vn -0.6114 0.6886 0.3899
vn 0.5497 0.6965 -0.4611
vn 0.7055 -0.6785 -0.2047
vn 0.5363 0.7248 -0.4324
vn 0.7154 -0.6987 -0.0065
vn 0.6923 -0.7183 0.0696
vn 0.6770 0.7162 -0.1691
vn -0.7005 -0.6875 0.1914
vn -0.7110 0.7029 -0.0164
vn 0.1950 -0.0188 0.9806
vn 0.2105 0.1913 0.9587
vn 0.6657 0.7331 -0.1390
vn -0.1851 -0.3155 -0.9307
vn -0.1671 -0.0654 -0.9838
vn -0.6810 -0.7009 0.2119
vn 0.0000 -0.0188 0.9998
vn 0.0066 0.1909 0.9816
vn -0.6936 0.7203 -0.0039
vn 0.0000 -0.3155 -0.9489
vn -0.0280 -0.0647 -0.9975
vn 0.0207 -0.9944 0.1040
vn 0.0000 -0.9944 0.1061
vn -0.0043 -0.9808 0.1950
vn 0.0378 -0.9815 0.1876
vn 0.3826 -0.0188 0.9237
vn 0.3576 0.1913 0.9141
vn 0.7225 -0.6829 -0.1072
vn 0.6406 0.7112 -0.2893
vn -0.3631 -0.3155 -0.8767
vn -0.4075 -0.0662 -0.9108
vn -0.6603 -0.6829 0.3123
vn -0.6934 0.7112 0.1153
vn 0.0406 -0.9944 0.0980
vn 0.0723 -0.9818 0.1756
vn 0.5555 -0.0188 0.8313
vn 0.6583 -0.6987 -0.2799
vn 0.5398 0.1909 0.8198
vn 0.6604 -0.7179 -0.2203
vn 0.5966 0.6972 -0.3974
vn -0.5272 -0.3155 -0.7890
vn -0.5578 -0.0651 -0.8274
vn -0.6332 0.7316 0.2526
vn 0.0589 -0.9944 0.0882
vn 0.1079 -0.9808 0.1623
vn 0.7070 -0.0188 0.7070
vn 0.4494 0.6965 -0.5594
vn 0.6985 0.1910 0.6895
vn 0.6468 -0.6621 -0.3785
vn 0.4512 0.7466 -0.4888
vn -0.6710 -0.3155 -0.6710
vn -0.7025 -0.0658 -0.7086
vn -0.4975 -0.6621 0.5605
vn -0.6363 0.6965 0.3316
vn -0.5674 0.7466 0.3472
vn 0.0750 -0.9944 0.0750
vn 0.1363 -0.9813 0.1360
vn 0.8313 -0.0188 0.5555
vn 0.5011 -0.6988 -0.5104
vn 0.8053 0.1911 0.5612
vn 0.5437 -0.6825 -0.4883
vn 0.3719 0.7112 -0.5965
vn -0.7890 -0.3155 -0.5271
vn -0.8449 -0.0654 -0.5308
vn -0.3478 -0.7183 0.6025
vn -0.5094 0.6962 0.5058
vn 0.0882 -0.9944 0.0589
vn 0.1600 -0.9813 0.1072
vn 0.9237 -0.0188 0.3826
vn 0.9140 0.1911 0.3578
vn 0.2557 0.7327 -0.6307
vn -0.8767 -0.3155 -0.3631
vn -0.9108 -0.0654 -0.4076
vn -0.2799 -0.6987 0.6584
vn -0.2179 -0.6974 0.6827
vn -0.3823 0.7327 0.5631
vn 0.0980 -0.9944 0.0406
vn 0.1780 -0.9813 0.0735
vn 0.9806 -0.0188 0.1950
vn 0.0627 0.6965 -0.7148
vn 0.9587 0.1913 0.2105
vn 0.3123 -0.6829 -0.6603
vn 0.1153 0.7112 -0.6934
vn -0.9307 -0.3155 -0.1851
vn -0.9837 -0.0662 -0.1672
vn -0.1072 -0.6829 0.7226
vn -0.2893 0.7112 0.6406
vn 0.1040 -0.9944 0.0207
vn 0.1862 -0.9818 0.0375
vn 0.9998 -0.0188 0.0000
vn 0.9815 0.1911 0.0068
vn 0.1823 -0.6955 -0.6950
vn -0.0280 0.7058 -0.7079
vn -0.9489 -0.3155 0.0000
vn -0.9975 -0.0647 0.0280
vn 0.0577 -0.6970 0.7147
vn -0.2154 0.6965 0.6844
vn -0.1418 0.7316 0.6668
vn 0.1061 -0.9944 0.0000
vn 0.1938 -0.9810 0.0006
vn 0.9806 -0.0188 -0.1950
vn -0.2154 0.6965 -0.6844
vn 0.9640 0.1911 -0.1848
vn 0.0736 -0.7019 -0.7085
vn -0.1392 0.7203 -0.6795
vn -0.9307 -0.3155 0.1851
vn -0.9838 -0.0654 0.1671
vn 0.1978 -0.6854 0.7007
vn -0.0779 0.6966 0.7132
vn 0.0034 0.7391 0.6736
vn 0.1040 -0.9944 -0.0207
vn 0.1880 -0.9813 -0.0416
vn 0.9237 -0.0188 -0.3826
vn 0.9142 0.1911 -0.3574
vn -0.1072 -0.6829 -0.7226
vn -0.2883 0.7107 -0.6417
vn -0.8767 -0.3155 0.3631
vn -0.9108 -0.0662 0.4075
vn 0.3003 -0.6787 0.6702
vn 0.0627 0.6965 0.7148
vn 0.1123 0.7249 0.6796
vn 0.0980 -0.9944 -0.0406
vn 0.1767 -0.9816 -0.0725
vn 0.8313 -0.0188 -0.5555
vn 0.8198 0.1909 -0.5398
vn -0.2345 -0.6955 -0.6792
vn -0.4166 0.7058 -0.5730
vn -0.7890 -0.3155 0.5272
vn -0.8138 -0.0647 0.5774
vn 0.4451 -0.6970 0.5622
vn 0.2526 0.7316 0.6332
vn 0.0882 -0.9944 -0.0589
vn 0.1623 -0.9808 -0.1079
vn 0.7070 -0.0188 -0.7070
vn -0.4029 -0.6987 -0.5911
vn 0.6895 0.1910 -0.6985
vn -0.3562 -0.6863 -0.6341
vn -0.4732 0.7386 -0.4801
vn -0.6710 -0.3155 0.6709
vn -0.7251 -0.0647 0.6855
vn 0.5012 -0.6987 0.5105
vn 0.5524 -0.6863 0.4731
vn 0.3786 0.7386 0.5578
vn 0.0750 -0.9944 -0.0750
vn 0.1369 -0.9810 -0.1372
vn 0.5555 -0.0188 -0.8313
vn -0.6363 0.6965 -0.3316
vn 0.5612 0.1911 -0.8053
vn -0.4835 -0.6649 -0.5692
vn -0.5818 0.7331 -0.3522
vn -0.5272 -0.3155 0.7890
vn -0.5578 -0.0658 0.8274
vn 0.6182 -0.6960 0.3652
vn 0.4493 0.6965 0.5594
vn 0.4793 0.7063 0.5210
vn 0.0589 -0.9944 -0.0882
vn 0.1031 -0.9813 -0.1625
vn 0.3826 -0.0188 -0.9237
vn 0.3576 0.1909 -0.9141
vn -0.6331 0.7311 -0.2541
vn -0.3631 -0.3155 0.8767
vn -0.4075 -0.0662 0.9108
vn 0.6583 -0.6988 0.2798
vn 0.6592 -0.7139 0.2362
vn 0.5848 0.7107 0.3910
vn 0.0406 -0.9944 -0.0980
vn 0.0732 -0.9813 -0.1778
vn 0.1950 -0.0188 -0.9806
vn -0.7148 0.6965 -0.0627
vn 0.1850 0.1912 -0.9639
vn -0.6702 -0.6787 -0.3003
vn -0.6796 0.7249 -0.1123
vn -0.1851 -0.3155 0.9307
vn -0.1672 -0.0662 0.9837
vn 0.7225 -0.6829 0.1072
vn 0.6417 0.7107 0.2883
vn 0.0207 -0.9944 -0.1040
vn 0.0413 -0.9818 -0.1854
vn 0.0000 -0.0188 -0.9998
vn 0.0066 0.1912 -0.9815
vn -0.6950 -0.6955 -0.1823
vn -0.7073 0.7063 0.0294
vn 0.0000 -0.3155 0.9489
vn 0.0280 -0.0647 0.9975
vn 0.7099 -0.7005 -0.0728
vn 0.6844 0.6965 0.2154
vn 0.6799 0.7192 0.1432
vn 0.0000 -0.9944 -0.1061
vn 0.0004 -0.9813 -0.1926
vn -0.1950 -0.0188 -0.9806
vn -0.6845 0.6965 0.2155
vn -0.1848 0.1911 -0.9640
vn -0.7085 -0.7019 -0.0736
vn -0.6795 0.7203 0.1392
vn 0.1851 -0.3155 0.9307
vn 0.1671 -0.0654 0.9838
vn 0.7028 -0.6988 -0.1330
vn 0.7007 -0.6854 -0.1978
vn 0.6736 0.7391 -0.0034
vn -0.0207 -0.9944 -0.1040
vn -0.0416 -0.9813 -0.1880
vn -0.3826 -0.0188 -0.9237
vn -0.3574 0.1911 -0.9142
vn -0.7225 -0.6829 0.1072
vn -0.6417 0.7107 0.2883
vn 0.3631 -0.3155 0.8767
vn 0.4075 -0.0662 0.9108
vn 0.6702 -0.6787 -0.3003
vn 0.6796 0.7249 -0.1123
vn -0.0406 -0.9944 -0.0980
vn -0.0725 -0.9816 -0.1767
vn -0.5555 -0.0188 -0.8313
vn -0.6583 -0.6987 0.2799
vn -0.5397 0.1911 -0.8199
vn -0.6604 -0.7179 0.2203
vn -0.5966 0.6972 0.3974
vn 0.5272 -0.3155 0.7890
vn 0.5578 -0.0658 0.8274
vn 0.6332 0.7316 -0.2526
vn -0.0589 -0.9944 -0.0882
vn -0.1063 -0.9813 -0.1602
vn -0.7070 -0.0188 -0.7070
vn -0.6892 0.1911 -0.6988
vn -0.6025 -0.7183 0.3478
vn -0.5076 0.6972 0.5062
vn 0.6709 -0.3155 0.6710
vn 0.7085 -0.0651 0.7026
vn 0.4953 -0.6616 -0.5629
vn 0.6363 0.6965 -0.3316
vn 0.5705 0.7455 -0.3444
vn -0.0750 -0.9944 -0.0750
vn -0.1365 -0.9810 -0.1375
vn -0.8313 -0.0188 -0.5555
vn -0.3316 0.6965 0.6363
vn -0.8052 0.1909 -0.5614
vn -0.5678 -0.6659 0.4839
vn -0.3548 0.7342 0.5787
vn 0.7890 -0.3155 0.5272
vn 0.8274 -0.0651 0.5578
vn 0.4029 -0.6988 -0.5910
vn 0.3785 -0.6621 -0.6468
vn 0.5594 0.6966 -0.4493
vn 0.4894 0.7470 -0.4498
vn -0.0882 -0.9944 -0.0589
vn -0.1645 -0.9808 -0.1047
vn -0.9237 -0.0188 -0.3826
vn -0.9140 0.1911 -0.3578
vn -0.2541 0.7311 0.6331
vn 0.8767 -0.3155 0.3631
vn 0.9108 -0.0662 0.4075
vn 0.2798 -0.6988 -0.6583
vn 0.2362 -0.7139 -0.6592
vn 0.3910 0.7107 -0.5848
vn -0.0980 -0.9944 -0.0406
vn -0.1766 -0.9815 -0.0729
vn -0.9806 -0.0188 -0.1950
vn -0.0627 0.6965 0.7147
vn -0.9587 0.1913 -0.2105
vn -0.3123 -0.6829 0.6603
vn -0.1153 0.7112 0.6934
vn 0.9307 -0.3155 0.1851
vn 0.9837 -0.0662 0.1672
vn 0.1072 -0.6829 -0.7226
vn 0.2893 0.7112 -0.6406
vn -0.1040 -0.9944 -0.0207
vn -0.1862 -0.9818 -0.0375
vn -0.9998 -0.0188 0.0000
vn -0.9815 0.1911 -0.0068
vn -0.1823 -0.6955 0.6950
vn 0.0280 0.7058 0.7079
vn 0.9489 -0.3155 0.0000
vn 0.9975 -0.0647 -0.0280
vn -0.0577 -0.6970 -0.7147
vn 0.2154 0.6965 -0.6844
vn 0.1418 0.7316 -0.6668
vn -0.1061 -0.9944 0.0000
vn -0.1938 -0.9810 -0.0006
vn -0.9806 -0.0188 0.1950
vn 0.2155 0.6965 0.6845
vn -0.9640 0.1911 0.1848
vn -0.0736 -0.7019 0.7085
vn 0.1392 0.7203 0.6795
vn 0.9307 -0.3155 -0.1851
vn 0.9838 -0.0654 -0.1671
vn -0.1978 -0.6854 -0.7007
vn -0.0034 0.7391 -0.6736
vn -0.1040 -0.9944 0.0207
vn -0.1880 -0.9813 0.0416
vn -0.9237 -0.0188 0.3826
vn -0.9142 0.1911 0.3574
vn 0.1072 -0.6829 0.7226
vn 0.2883 0.7107 0.6417
vn 0.8767 -0.3155 -0.3631
vn 0.9108 -0.0662 -0.4075
vn -0.3003 -0.6787 -0.6702
vn -0.1123 0.7249 -0.6796
vn -0.0980 -0.9944 0.0406
vn -0.1767 -0.9816 0.0725
vn -0.8313 -0.0188 0.5555
vn 0.2798 -0.6987 0.6583
vn -0.8199 0.1911 0.5397
vn 0.2203 -0.7179 0.6604
vn 0.3974 0.6972 0.5966
vn 0.7890 -0.3155 -0.5272
vn 0.8274 -0.0658 -0.5578
vn -0.2526 0.7316 -0.6332
vn -0.0882 -0.9944 0.0589
vn -0.1602 -0.9813 0.1063
vn -0.7070 -0.0188 0.7070
vn 0.5594 0.6965 0.4494
vn -0.7078 0.1911 0.6800
vn 0.3755 -0.6829 0.6265
vn 0.5092 0.7122 0.4831
vn 0.6710 -0.3155 -0.6710
vn 0.6855 -0.0647 -0.7251
vn -0.5605 -0.6621 -0.4975
vn -0.3316 0.6965 -0.6363
vn -0.3444 0.7455 -0.5705
vn -0.0750 -0.9944 0.0750
vn -0.1375 -0.9810 0.1365
vn -0.5555 -0.0188 0.8313
vn 0.5105 -0.6987 0.5012
vn -0.5614 0.1909 0.8052
vn 0.4593 -0.6890 0.5605
vn 0.5686 0.7262 0.3863
vn 0.5272 -0.3155 -0.7890
vn 0.5774 -0.0647 -0.8138
vn -0.5911 -0.6988 -0.4029
vn -0.6257 -0.6983 -0.3476
vn -0.4763 0.7331 -0.4854
vn -0.0589 -0.9944 0.0882
vn -0.1047 -0.9808 0.1645
vn -0.3826 -0.0188 0.9237
vn -0.3578 0.1911 0.9140
vn 0.5622 -0.6970 0.4451
vn 0.6331 0.7311 0.2541
vn 0.3631 -0.3155 -0.8767
vn 0.4075 -0.0662 -0.9108
vn -0.6775 -0.6914 -0.2508
vn -0.5610 0.7193 -0.4097
vn -0.0406 -0.9944 0.0980
vn -0.0729 -0.9815 0.1766
vn -0.1950 -0.0188 0.9806
vn 0.7148 0.6965 0.0627
vn -0.2103 0.1911 0.9588
vn 0.6603 -0.6829 0.3123
vn 0.6934 0.7112 0.1153
vn 0.1851 -0.3155 -0.9307
vn 0.1672 -0.0662 -0.9837
vn -0.7225 -0.6829 -0.1072
vn -0.6406 0.7112 -0.2893
vn -0.0207 -0.9944 0.1040
vn -0.0375 -0.9815 0.1874
vn 0.7155 -0.6783 0.1671
vn 0.6876 0.7258 -0.0186
vn -0.7140 -0.6979 0.0565
vn -0.6844 0.6965 -0.2154
vn -0.6676 0.7311 -0.1405
vn 0.6845 0.6965 -0.2155
vn 0.1845 0.3241 0.9278
vn 0.2131 0.0101 0.9770
vn 0.7147 -0.6970 0.0578
vn -0.1950 0.0295 -0.9803
vn -0.1596 -0.2939 -0.9424
vn 0.0000 0.3241 0.9460
vn -0.0186 0.0107 0.9998
vn -0.7123 -0.6747 0.1934
vn 0.0000 0.0295 -0.9995
vn 0.0036 -0.2938 -0.9558
vn 0.0000 0.9813 -0.1923
vn -0.0375 0.9813 -0.1886
vn -0.0124 0.9974 -0.0712
vn 0.0052 0.9977 -0.0678
vn -0.6719 0.7397 -0.0379
vn 0.3620 0.3241 0.8740
vn 0.3656 0.0101 0.9307
vn 0.7241 -0.6809 -0.1096
vn 0.6392 0.7127 -0.2888
vn -0.3825 0.0295 -0.9235
vn -0.3908 -0.2939 -0.8722
vn -0.6633 -0.6988 0.2676
vn -0.6629 -0.6809 0.3111
vn -0.0736 0.9813 -0.1776
vn -0.0293 0.9974 -0.0661
vn -0.6919 0.7127 0.1150
vn 0.6583 -0.6988 -0.2799
vn 0.5256 0.3241 0.7866
vn 0.5708 0.0101 0.8210
vn 0.6997 -0.6747 -0.2349
vn 0.5376 0.7397 -0.4048
vn -0.5553 0.0295 -0.8311
vn -0.5340 -0.2938 -0.7927
vn -0.5621 -0.6970 0.4452
vn -0.1068 0.9813 -0.1599
vn -0.0426 0.9976 -0.0541
vn 0.5911 -0.6987 -0.4028
vn 0.6689 0.3241 0.6689
vn 0.6939 0.0101 0.7200
vn 0.6386 -0.6881 -0.3444
vn 0.4869 0.7264 -0.4850
vn -0.7068 0.0295 -0.7068
vn -0.6562 -0.2941 -0.6949
vn -0.4705 -0.7053 0.5302
vn -0.1360 0.9813 -0.1360
vn -0.0447 0.9976 -0.0523
vn -0.5843 0.7052 0.4015
vn 0.3316 0.6965 -0.6363
vn 0.5011 -0.6987 -0.5105
vn 0.7866 0.3241 0.5256
vn 0.8347 0.0108 0.5505
vn 0.5239 -0.7172 -0.4595
vn 0.3966 0.6961 -0.5984
vn -0.8311 0.0295 -0.5553
vn -0.7928 -0.2936 -0.5340
vn -0.4029 -0.6988 0.5910
vn -0.3781 -0.6914 0.6156
vn -0.1599 0.9813 -0.1068
vn -0.0569 0.9976 -0.0403
vn -0.5595 0.6965 0.4493
vn -0.5161 0.7175 0.4678
vn 0.8740 0.3241 0.3620
vn 0.9308 0.0096 0.3654
vn 0.4435 -0.6980 -0.5622
vn -0.9235 0.0295 -0.3825
vn -0.8722 -0.2939 -0.3908
vn -0.2798 -0.6988 0.6583
vn -0.2431 -0.6597 0.7111
vn -0.1776 0.9813 -0.0736
vn -0.0668 0.9973 -0.0298
vn -0.3915 0.7468 0.5376
vn 0.9278 0.3241 0.1845
vn 0.9770 0.0101 0.2131
vn 0.3111 -0.6809 -0.6629
vn 0.1150 0.7127 -0.6919
vn -0.9803 0.0295 -0.1950
vn -0.9424 -0.2941 -0.1596
vn -0.1096 -0.6809 0.7241
vn -0.1886 0.9813 -0.0375
vn -0.0693 0.9975 -0.0119
vn -0.2888 0.7127 0.6392
vn 0.9460 0.3241 0.0000
vn 0.9999 0.0108 -0.0060
vn 0.2105 -0.7006 -0.6817
vn -0.0054 0.7209 -0.6930
vn -0.9995 0.0295 0.0000
vn -0.9554 -0.2942 -0.0274
vn 0.0600 -0.6974 0.7141
vn -0.1923 0.9813 0.0000
vn -0.0678 0.9977 -0.0019
vn -0.2155 0.6965 0.6845
vn -0.1404 0.7324 0.6662
vn -0.2155 0.6965 -0.6845
vn 0.9278 0.3241 -0.1845
vn 0.9769 0.0096 -0.2133
vn 0.0564 -0.6980 -0.7138
vn -0.1421 0.7303 -0.6681
vn -0.9803 0.0295 0.1950
vn -0.9424 -0.2939 0.1596
vn 0.1671 -0.6765 0.7172
vn -0.1886 0.9813 0.0375
vn -0.0721 0.9973 0.0123
vn -0.0778 0.6965 0.7133
vn -0.0189 0.7259 0.6875
vn 0.8740 0.3241 -0.3620
vn 0.9307 0.0101 -0.3656
vn -0.1096 -0.6809 -0.7241
vn -0.2888 0.7127 -0.6392
vn -0.9235 0.0295 0.3825
vn -0.8722 -0.2941 0.3909
vn 0.3111 -0.6810 0.6629
vn -0.1776 0.9813 0.0736
vn -0.0643 0.9975 0.0286
vn 0.1150 0.7127 0.6919
vn 0.7866 0.3241 -0.5256
vn 0.8209 0.0107 -0.5709
vn -0.2178 -0.6974 -0.6827
vn -0.8311 0.0295 0.5553
vn -0.8096 -0.2941 0.5080
vn 0.4466 -0.6974 0.5604
vn -0.1599 0.9813 0.1068
vn -0.0574 0.9977 0.0360
vn 0.6689 0.3241 -0.6689
vn 0.7028 0.0097 -0.7113
vn -0.3361 -0.7013 -0.6287
vn -0.4973 0.7197 -0.4845
vn -0.7068 0.0295 0.7068
vn -0.6949 -0.2940 0.6562
vn 0.5438 -0.6804 0.4912
vn -0.1360 0.9813 0.1360
vn -0.0519 0.9974 0.0492
vn 0.3721 0.7143 0.5927
vn -0.5104 -0.6988 -0.5011
vn 0.5256 0.3241 -0.7866
vn 0.5708 0.0101 -0.8210
vn -0.4726 -0.7049 -0.5290
vn -0.5866 0.7031 -0.4018
vn -0.5553 0.0295 0.8311
vn -0.5340 -0.2936 0.7928
vn 0.6237 -0.6776 0.3896
vn -0.1068 0.9813 0.1599
vn -0.0436 0.9975 0.0557
vn 0.4709 0.7249 0.5027
vn 0.3620 0.3241 -0.8740
vn 0.3656 0.0101 -0.9307
vn -0.5621 -0.6970 -0.4452
vn -0.3825 0.0295 0.9235
vn -0.3908 -0.2939 0.8722
vn 0.6583 -0.6988 0.2799
vn 0.6997 -0.6747 0.2349
vn -0.0736 0.9813 0.1776
vn -0.0293 0.9974 0.0661
vn 0.5376 0.7397 0.4048
vn 0.1845 0.3241 -0.9278
vn 0.2133 0.0096 -0.9769
vn -0.6629 -0.6809 -0.3111
vn -0.6919 0.7127 -0.1150
vn -0.1950 0.0295 0.9803
vn -0.1596 -0.2941 0.9424
vn 0.7241 -0.6809 0.1096
vn -0.0375 0.9813 0.1886
vn -0.0119 0.9974 0.0703
vn 0.6392 0.7127 0.2888
vn -0.7028 -0.6988 -0.1331
vn 0.0000 0.3241 -0.9460
vn 0.0186 0.0107 -0.9998
vn -0.6956 -0.6871 -0.2095
vn -0.6860 0.7276 -0.0050
vn 0.0000 0.0295 0.9995
vn -0.0274 -0.2942 0.9554
vn 0.7132 -0.6985 -0.0585
vn 0.0000 0.9813 0.1923
vn -0.0052 0.9977 0.0678
vn 0.6845 0.6965 0.2155
vn 0.6662 0.7324 0.1404
vn -0.1845 0.3241 -0.9278
vn -0.2131 0.0101 -0.9770
vn -0.7147 -0.6970 -0.0578
vn -0.6681 0.7303 0.1421
vn 0.1950 0.0295 0.9803
vn 0.1596 -0.2939 0.9424
vn 0.7029 -0.6988 -0.1330
vn 0.7026 -0.6914 -0.1679
vn 0.0375 0.9813 0.1886
vn 0.0124 0.9974 0.0712
vn 0.6948 0.7186 0.0305
vn -0.3620 0.3241 -0.8740
vn -0.3656 0.0101 -0.9307
vn -0.7241 -0.6809 0.1096
vn -0.6392 0.7127 0.2888
vn 0.3825 0.0295 0.9235
vn 0.3909 -0.2941 0.8722
vn 0.6633 -0.6988 -0.2676
vn 0.6629 -0.6809 -0.3111
vn 0.0736 0.9813 0.1776
vn 0.0286 0.9975 0.0643
vn 0.6919 0.7127 -0.1150
vn -0.5256 0.3241 -0.7866
vn -0.5709 0.0107 -0.8209
vn -0.6827 -0.6974 0.2178
vn 0.5553 0.0295 0.8311
vn 0.5080 -0.2942 0.8096
vn 0.5604 -0.6974 -0.4466
vn 0.1068 0.9813 0.1599
vn 0.0360 0.9977 0.0574
vn -0.4493 0.6965 0.5594
vn -0.6689 0.3241 -0.6689
vn -0.7113 0.0097 -0.7028
vn -0.6287 -0.7013 0.3361
vn -0.4845 0.7197 0.4973
vn 0.7068 0.0295 0.7068
vn 0.6562 -0.2940 0.6949
vn 0.4912 -0.6804 -0.5438
vn 0.1360 0.9813 0.1360
vn 0.0492 0.9974 0.0519
vn 0.5927 0.7143 -0.3721
vn -0.7866 0.3241 -0.5256
vn -0.8210 0.0101 -0.5708
vn -0.5290 -0.7049 0.4726
vn -0.4018 0.7031 0.5866
vn 0.8311 0.0295 0.5553
vn 0.7928 -0.2936 0.5340
vn 0.4029 -0.6988 -0.5911
vn 0.3896 -0.6776 -0.6237
vn 0.1599 0.9813 0.1068
vn 0.0557 0.9975 0.0436
vn 0.5594 0.6965 -0.4494
vn 0.5027 0.7249 -0.4709
vn -0.8740 0.3241 -0.3620
vn -0.9307 0.0101 -0.3656
vn -0.4452 -0.6970 0.5621
vn 0.9235 0.0295 0.3825
vn 0.8722 -0.2939 0.3908
vn 0.2799 -0.6988 -0.6583
vn 0.2349 -0.6747 -0.6997
vn 0.1776 0.9813 0.0736
vn 0.0661 0.9974 0.0293
vn 0.4048 0.7397 -0.5376
vn -0.2676 -0.6988 0.6633
vn -0.9278 0.3241 -0.1845
vn -0.9769 0.0096 -0.2133
vn -0.3111 -0.6809 0.6629
vn -0.1150 0.7127 0.6919
vn 0.9803 0.0295 0.1950
vn 0.9424 -0.2941 0.1596
vn 0.1096 -0.6809 -0.7241
vn 0.1886 0.9813 0.0375
vn 0.0703 0.9974 0.0119
vn 0.2888 0.7127 -0.6392
vn -0.9460 0.3241 0.0000
vn -0.9998 0.0107 -0.0186
vn -0.2095 -0.6871 0.6956
vn -0.0050 0.7276 0.6860
vn 0.9995 0.0295 0.0000
vn 0.9554 -0.2942 0.0274
vn -0.0585 -0.6985 -0.7132
vn 0.1923 0.9813 0.0000
vn 0.0678 0.9977 0.0052
vn 0.2155 0.6965 -0.6845
vn 0.1404 0.7324 -0.6662
vn -0.9278 0.3241 0.1845
vn -0.9770 0.0101 0.2131
vn -0.0578 -0.6970 0.7147
vn 0.1421 0.7303 0.6681
vn 0.9803 0.0295 -0.1950
vn 0.9424 -0.2939 -0.1596
vn -0.1679 -0.6914 -0.7026
vn 0.1886 0.9813 -0.0375
vn 0.0712 0.9974 -0.0124
vn 0.0778 0.6965 -0.7133
vn 0.0305 0.7186 -0.6948
vn -0.8740 0.3241 0.3620
vn -0.9307 0.0101 0.3656
vn 0.1096 -0.6809 0.7241
vn 0.2888 0.7127 0.6392
vn 0.9235 0.0295 -0.3825
vn 0.8722 -0.2939 -0.3908
vn -0.3111 -0.6809 -0.6629
vn 0.1776 0.9813 -0.0736
vn 0.0661 0.9974 -0.0293
vn -0.1150 0.7127 -0.6919
vn 0.2799 -0.6988 0.6583
vn -0.7866 0.3241 0.5256
vn -0.8209 0.0107 0.5709
vn 0.2349 -0.6747 0.6997
vn 0.4048 0.7397 0.5376
vn 0.8311 0.0295 -0.5553
vn 0.7927 -0.2938 -0.5340
vn -0.4452 -0.6970 -0.5621
vn 0.1599 0.9813 -0.1068
vn 0.0535 0.9977 -0.0420
vn -0.6689 0.3241 0.6689
vn -0.7028 0.0097 0.7113
vn 0.3339 -0.7017 0.6294
vn 0.4973 0.7197 0.4845
vn 0.7068 0.0295 -0.7068
vn 0.6949 -0.2942 -0.6562
vn -0.5318 -0.7044 -0.4701
vn 0.1360 0.9813 -0.1360
vn 0.0506 0.9976 -0.0478
vn -0.4015 0.7052 -0.5843
vn 0.5104 -0.6988 0.5011
vn -0.5256 0.3241 0.7866
vn -0.5708 0.0101 0.8210
vn 0.4726 -0.7048 0.5290
vn 0.5866 0.7031 0.4018
vn 0.5553 0.0295 -0.8311
vn 0.5340 -0.2936 -0.7928
vn -0.6237 -0.6776 -0.3896
vn 0.1068 0.9813 -0.1599
vn 0.0436 0.9975 -0.0557
vn -0.4709 0.7249 -0.5027
vn -0.3620 0.3241 0.8740
vn -0.3656 0.0101 0.9307
vn 0.5621 -0.6970 0.4452
vn 0.3825 0.0295 -0.9235
vn 0.3908 -0.2939 -0.8722
vn -0.6997 -0.6747 -0.2349
vn 0.0736 0.9813 -0.1776
vn 0.0293 0.9974 -0.0661
vn -0.5499 0.6965 -0.4610
vn -0.5376 0.7397 -0.4048
vn 0.6633 -0.6988 0.2676
vn -0.1845 0.3241 0.9278
vn -0.2133 0.0096 0.9769
vn 0.6629 -0.6809 0.3111
vn 0.6919 0.7127 0.1150
vn 0.1950 0.0295 -0.9803
vn 0.1596 -0.2941 -0.9424
vn -0.7241 -0.6809 -0.1096
vn 0.0375 0.9813 -0.1886
vn 0.0119 0.9974 -0.0703
vn -0.6392 0.7127 -0.2888
vn 0.6863 -0.7044 0.1809
vn 0.7094 0.7047 0.0104
vn -0.7132 -0.6985 0.0586
vn 0.0000 -0.1532 -0.9882
vn 0.0000 0.5729 -0.8196
vn 0.1599 0.5729 -0.8039
vn 0.1928 -0.1532 -0.9692
vn 0.3136 0.5729 -0.7572
vn 0.3782 -0.1532 -0.9130
vn 0.4553 0.5729 -0.6815
vn 0.5490 -0.1532 -0.8216
vn 0.5795 0.5729 -0.5795
vn 0.6988 -0.1532 -0.6988
vn 0.6815 0.5729 -0.4553
vn 0.8216 -0.1532 -0.5490
vn 0.7572 0.5729 -0.3136
vn 0.9130 -0.1532 -0.3782
vn 0.8039 0.5729 -0.1599
vn 0.9692 -0.1533 -0.1928
vn 0.8196 0.5729 0.0000
vn 0.9882 -0.1533 0.0000
vn 0.8039 0.5729 0.1599
vn 0.9692 -0.1533 0.1928
vn 0.7572 0.5729 0.3136
vn 0.9130 -0.1533 0.3782
vn 0.6815 0.5729 0.4553
vn 0.8216 -0.1532 0.5490
vn 0.5795 0.5729 0.5795
vn 0.6987 -0.1532 0.6988
vn 0.4553 0.5729 0.6815
vn 0.5490 -0.1532 0.8216
vn 0.3136 0.5729 0.7572
vn 0.3782 -0.1532 0.9130
vn 0.1599 0.5729 0.8039
vn 0.1928 -0.1532 0.9692
vn 0.0000 0.5729 0.8196
vn 0.0000 -0.1532 0.9882
vn -0.1599 0.5729 0.8039
vn -0.1928 -0.1532 0.9692
vn -0.3136 0.5729 0.7572
vn -0.3782 -0.1532 0.9130
vn -0.4553 0.5729 0.6815
vn -0.5490 -0.1532 0.8216
vn -0.5795 0.5729 0.5795
vn -0.6987 -0.1532 0.6988
vn -0.6815 0.5729 0.4553
vn -0.8216 -0.1532 0.5490
vn -0.7572 0.5729 0.3136
vn -0.9130 -0.1532 0.3782
vn -0.8039 0.5729 0.1599
vn -0.9692 -0.1533 0.1928
vn -0.8196 0.5729 0.0000
vn -0.9882 -0.1533 0.0000
vn -0.8039 0.5729 -0.1599
vn -0.9692 -0.1533 -0.1928
vn -0.7572 0.5729 -0.3136
vn -0.9130 -0.1533 -0.3782
vn -0.6815 0.5729 -0.4553
vn -0.8216 -0.1533 -0.5490
vn -0.5795 0.5729 -0.5795
vn -0.6988 -0.1533 -0.6987
vn -0.4553 0.5729 -0.6815
vn -0.5490 -0.1533 -0.8216
vn -0.3136 0.5729 -0.7572
vn -0.3782 -0.1533 -0.9130
vn -0.1599 0.5729 -0.8039
vn -0.1928 -0.1532 -0.9692
vn 0.0000 -0.7397 -0.6729
vn 0.1313 -0.7397 -0.6600
vn 0.2575 -0.7397 -0.6217
vn 0.3739 -0.7397 -0.5595
vn 0.4758 -0.7397 -0.4758
vn 0.5595 -0.7397 -0.3739
vn 0.6217 -0.7397 -0.2575
vn 0.6600 -0.7397 -0.1313
vn 0.6729 -0.7397 0.0000
vn 0.6600 -0.7397 0.1313
vn 0.6217 -0.7397 0.2575
vn 0.5595 -0.7397 0.3739
vn 0.4758 -0.7397 0.4758
vn 0.3739 -0.7397 0.5595
vn 0.2575 -0.7397 0.6217
vn 0.1313 -0.7397 0.6600
vn 0.0000 -0.7397 0.6729
vn -0.1313 -0.7397 0.6600
vn -0.2575 -0.7397 0.6217
vn -0.3739 -0.7397 0.5595
vn -0.4758 -0.7397 0.4758
vn -0.5595 -0.7397 0.3739
vn -0.6217 -0.7397 0.2575
vn -0.6600 -0.7397 0.1313
vn -0.6729 -0.7397 0.0000
vn -0.6600 -0.7397 -0.1313
vn -0.6217 -0.7397 -0.2575
vn -0.5595 -0.7397 -0.3739
vn -0.4758 -0.7397 -0.4758
vn -0.3739 -0.7397 -0.5595
vn -0.2575 -0.7397 -0.6217
vn -0.1313 -0.7397 -0.6600
vn 0.9692 -0.1532 -0.1928
vn 0.9882 -0.1532 0.0000
vn 0.9692 -0.1532 0.1928
vn 0.9130 -0.1532 0.3782
vn 0.6988 -0.1532 0.6988
vn -0.6988 -0.1533 0.6988
vn -0.8216 -0.1533 0.5490
vn -0.9692 -0.1532 0.1928
vn -0.9882 -0.1532 0.0000
vn -0.9692 -0.1532 -0.1928
vn -0.9130 -0.1532 -0.3782
vn -0.6988 -0.1532 -0.6988
vn -0.5490 -0.1532 -0.8216
vn -0.3782 -0.1532 -0.9130
vn 0.0000 0.1533 0.9882
vn -0.1928 0.1532 0.9692
vn -0.1099 0.8263 0.5523
vn 0.0000 0.8263 0.5632
vn -0.3782 0.1532 0.9130
vn -0.2155 0.8263 0.5203
vn -0.5490 0.1532 0.8216
vn -0.3129 0.8263 0.4682
vn -0.6987 0.1532 0.6988
vn -0.3982 0.8263 0.3982
vn -0.8216 0.1532 0.5490
vn -0.4682 0.8263 0.3129
vn -0.9130 0.1532 0.3782
vn -0.5203 0.8263 0.2155
vn -0.9692 0.1533 0.1928
vn -0.5523 0.8263 0.1098
vn -0.9882 0.1533 0.0000
vn -0.5631 0.8263 0.0000
vn -0.9692 0.1533 -0.1928
vn -0.5523 0.8263 -0.1098
vn -0.9130 0.1532 -0.3782
vn -0.5203 0.8263 -0.2155
vn -0.8216 0.1532 -0.5490
vn -0.4682 0.8263 -0.3129
vn -0.6987 0.1532 -0.6988
vn -0.3982 0.8263 -0.3982
vn -0.5490 0.1532 -0.8216
vn -0.3129 0.8263 -0.4682
vn -0.3782 0.1532 -0.9130
vn -0.2155 0.8263 -0.5203
vn -0.1928 0.1533 -0.9692
vn -0.1099 0.8263 -0.5523
vn 0.0000 0.1533 -0.9882
vn 0.0000 0.8263 -0.5632
vn 0.1928 0.1533 -0.9692
vn 0.1099 0.8263 -0.5523
vn 0.3782 0.1532 -0.9130
vn 0.2155 0.8263 -0.5203
vn 0.5490 0.1532 -0.8216
vn 0.3129 0.8263 -0.4682
vn 0.6987 0.1532 -0.6988
vn 0.3982 0.8263 -0.3982
vn 0.8216 0.1532 -0.5490
vn 0.4682 0.8263 -0.3129
vn 0.9130 0.1532 -0.3782
vn 0.5203 0.8263 -0.2155
vn 0.9692 0.1533 -0.1928
vn 0.5523 0.8263 -0.1098
vn 0.9882 0.1533 0.0000
vn 0.5631 0.8263 0.0000
vn 0.9692 0.1533 0.1928
vn 0.5523 0.8263 0.1099
vn 0.9130 0.1532 0.3782
vn 0.5203 0.8263 0.2155
vn 0.8216 0.1532 0.5490
vn 0.4682 0.8263 0.3129
vn 0.6987 0.1532 0.6988
vn 0.3982 0.8263 0.3982
vn 0.5490 0.1532 0.8216
vn 0.3128 0.8263 0.4682
vn 0.3782 0.1532 0.9130
vn 0.2155 0.8263 0.5203
vn 0.1928 0.1533 0.9692
vn 0.1099 0.8263 0.5523
vn 0.0000 0.7208 0.6931
vn 0.1352 0.7208 0.6798
vn 0.2652 0.7208 0.6403
vn 0.3851 0.7208 0.5763
vn 0.4901 0.7208 0.4901
vn 0.5763 0.7208 0.3851
vn 0.6403 0.7208 0.2652
vn 0.6798 0.7208 0.1352
vn 0.6931 0.7208 0.0000
vn 0.6798 0.7208 -0.1352
vn 0.6403 0.7208 -0.2652
vn 0.5763 0.7208 -0.3851
vn 0.4901 0.7208 -0.4901
vn 0.3851 0.7208 -0.5763
vn 0.2652 0.7208 -0.6403
vn 0.1352 0.7208 -0.6798
vn 0.0000 0.7208 -0.6931
vn -0.1352 0.7208 -0.6798
vn -0.2652 0.7208 -0.6403
vn -0.3851 0.7208 -0.5763
vn -0.4901 0.7208 -0.4901
vn -0.5763 0.7208 -0.3851
vn -0.6403 0.7208 -0.2652
vn -0.6798 0.7208 -0.1352
vn -0.6931 0.7208 0.0000
vn -0.6798 0.7208 0.1352
vn -0.6403 0.7208 0.2652
vn -0.5763 0.7208 0.3851
vn -0.4901 0.7208 0.4901
vn -0.3851 0.7208 0.5763
vn -0.2652 0.7208 0.6403
vn -0.1352 0.7208 0.6798
vn 0.0000 0.0987 0.9951
vn -0.1941 0.0987 0.9760
vn -0.1142 0.8107 0.5741
vn 0.0000 0.8107 0.5854
vn -0.3808 0.0987 0.9193
vn -0.2240 0.8107 0.5408
vn -0.5528 0.0987 0.8274
vn -0.3252 0.8107 0.4867
vn -0.7036 0.0987 0.7036
vn -0.4139 0.8107 0.4139
vn -0.8274 0.0987 0.5528
vn -0.4867 0.8107 0.3252
vn -0.9193 0.0987 0.3808
vn -0.5408 0.8107 0.2240
vn -0.9760 0.0987 0.1941
vn -0.5741 0.8107 0.1142
vn -0.9951 0.0987 0.0000
vn -0.5854 0.8107 0.0000
vn -0.9760 0.0987 -0.1941
vn -0.5741 0.8107 -0.1142
vn -0.9193 0.0987 -0.3808
vn -0.5408 0.8107 -0.2240
vn -0.8274 0.0987 -0.5528
vn -0.4867 0.8107 -0.3252
vn -0.7036 0.0987 -0.7036
vn -0.4139 0.8107 -0.4139
vn -0.5528 0.0987 -0.8274
vn -0.3252 0.8107 -0.4867
vn -0.3808 0.0987 -0.9193
vn -0.2240 0.8107 -0.5408
vn -0.1941 0.0987 -0.9760
vn -0.1142 0.8107 -0.5741
vn 0.0000 0.0987 -0.9951
vn 0.0000 0.8107 -0.5854
vn 0.1941 0.0987 -0.9760
vn 0.1142 0.8107 -0.5741
vn 0.3808 0.0987 -0.9193
vn 0.2240 0.8107 -0.5408
vn 0.5528 0.0987 -0.8274
vn 0.3252 0.8107 -0.4867
vn 0.7036 0.0987 -0.7036
vn 0.4139 0.8107 -0.4139
vn 0.8274 0.0987 -0.5528
vn 0.4867 0.8107 -0.3252
vn 0.9193 0.0987 -0.3808
vn 0.5408 0.8107 -0.2240
vn 0.9760 0.0987 -0.1941
vn 0.5741 0.8107 -0.1142
vn 0.9951 0.0987 0.0000
vn 0.5854 0.8107 0.0000
vn 0.9760 0.0987 0.1941
vn 0.5741 0.8107 0.1142
vn 0.9193 0.0987 0.3808
vn 0.5408 0.8107 0.2240
vn 0.8274 0.0987 0.5528
vn 0.4867 0.8107 0.3252
vn 0.7036 0.0987 0.7036
vn 0.4139 0.8107 0.4139
vn 0.5528 0.0987 0.8274
vn 0.3252 0.8107 0.4867
vn 0.3808 0.0987 0.9193
vn 0.2240 0.8107 0.5408
vn 0.1941 0.0987 0.9760
vn 0.1142 0.8107 0.5741
vn -0.1210 -0.7844 -0.6084
vn 0.0000 -0.7844 -0.6203
vn 0.0000 -0.6153 0.7883
vn 0.1538 -0.6153 0.7732
vn -0.2374 -0.7844 -0.5731
vn 0.3016 -0.6153 0.7283
vn -0.3446 -0.7844 -0.5157
vn 0.4379 -0.6153 0.6554
vn -0.4386 -0.7844 -0.4386
vn 0.5574 -0.6153 0.5574
vn -0.5157 -0.7844 -0.3446
vn 0.6554 -0.6153 0.4379
vn -0.5731 -0.7844 -0.2374
vn 0.7283 -0.6153 0.3016
vn -0.6084 -0.7844 -0.1210
vn 0.7732 -0.6153 0.1538
vn -0.6203 -0.7844 0.0000
vn 0.7883 -0.6153 0.0000
vn -0.6084 -0.7844 0.1210
vn 0.7732 -0.6153 -0.1538
vn -0.5731 -0.7844 0.2374
vn 0.7283 -0.6153 -0.3016
vn -0.5157 -0.7844 0.3446
vn 0.6554 -0.6153 -0.4379
vn -0.4386 -0.7844 0.4386
vn 0.5574 -0.6153 -0.5574
vn -0.3446 -0.7844 0.5157
vn 0.4379 -0.6153 -0.6554
vn -0.2374 -0.7844 0.5731
vn 0.3016 -0.6153 -0.7283
vn -0.1210 -0.7844 0.6084
vn 0.1538 -0.6153 -0.7732
vn 0.0000 -0.7844 0.6203
vn 0.0000 -0.6153 -0.7883
vn 0.1210 -0.7844 0.6084
vn -0.1538 -0.6153 -0.7732
vn 0.2374 -0.7844 0.5731
vn -0.3016 -0.6153 -0.7283
vn 0.3446 -0.7844 0.5158
vn -0.4379 -0.6153 -0.6554
vn 0.4386 -0.7844 0.4386
vn -0.5574 -0.6153 -0.5574
vn 0.5157 -0.7844 0.3446
vn -0.6554 -0.6153 -0.4379
vn 0.5731 -0.7844 0.2374
vn -0.7283 -0.6153 -0.3016
vn 0.6084 -0.7844 0.1210
vn -0.7732 -0.6153 -0.1538
vn 0.6203 -0.7844 0.0000
vn -0.7883 -0.6153 0.0000
vn 0.6084 -0.7844 -0.1210
vn -0.7731 -0.6153 0.1538
vn 0.5731 -0.7844 -0.2374
vn -0.7283 -0.6153 0.3016
vn 0.5157 -0.7844 -0.3446
vn -0.6554 -0.6153 0.4379
vn 0.4386 -0.7844 -0.4386
vn -0.5574 -0.6153 0.5574
vn 0.3446 -0.7844 -0.5157
vn -0.4379 -0.6153 0.6554
vn 0.2373 -0.7844 -0.5731
vn -0.3016 -0.6153 0.7283
vn 0.1210 -0.7844 -0.6084
vn -0.1538 -0.6153 0.7732
vn -0.6988 -0.1533 0.6987
vn -0.5490 -0.1533 0.8216
vn -0.3782 -0.1533 0.9130
vn 0.8216 -0.1533 0.5490
vn -0.1928 -0.1533 -0.9692
vn 0.0000 -0.1533 -0.9882
vn -0.6988 -0.1533 -0.6988
vn -0.8216 -0.1532 -0.5490
vn -0.6988 -0.1532 0.6988
vn -0.1928 -0.1533 0.9692
vn 0.0000 -0.1533 0.9882
vn 0.1928 -0.1533 0.9692
vn 0.3782 -0.1533 0.9130
vn 0.9130 -0.1533 -0.3782
vn 0.8216 -0.1533 -0.5490
vn 0.5490 -0.1533 -0.8216
vn 0.3782 -0.1533 -0.9130
vn 0.1928 -0.1533 -0.9692
vn 0.0000 0.1532 0.9882
vn 0.1928 0.1532 0.9692
vn 0.6988 0.1532 0.6987
vn 0.9692 0.1532 0.1928
vn 0.9882 0.1532 0.0000
vn 0.9692 0.1532 -0.1928
vn 0.6988 0.1532 -0.6987
vn 0.1928 0.1532 -0.9692
vn 0.0000 0.1532 -0.9882
vn -0.1928 0.1532 -0.9692
vn -0.6987 0.1533 -0.6988
vn -0.8216 0.1533 -0.5490
vn -0.9692 0.1532 -0.1928
vn -0.9882 0.1532 0.0000
vn -0.9692 0.1532 0.1928
usemtl None
s 1
f 765/1/1 1153/2/2 1155/3/3 125/4/1
f 766/5/4 126/6/5 1156/7/6 1154/8/7
f 127/9/8 1155/10/3 1153/11/2 767/12/8
f 128/13/9 768/14/9 1154/15/7 1156/16/6
f 125/17/1 1155/18/3 1157/19/10 1/20/11
f 126/21/5 2/22/12 1158/23/13 1156/24/6
f 3/25/14 1157/26/10 1155/27/3 127/28/8
f 4/29/15 128/30/9 1156/31/6 1158/32/13
f 1/20/11 1157/19/10 1159/33/16 641/34/11
f 2/22/12 642/35/17 1160/36/18 1158/23/13
f 643/37/14 1159/38/16 1157/39/10 3/40/14
f 644/41/19 4/42/15 1158/43/13 1160/44/18
f 641/45/11 1159/46/16 1153/47/2 765/48/1
f 642/49/17 766/50/4 1154/51/7 1160/52/18
f 767/53/8 1153/47/2 1159/46/16 643/54/14
f 768/14/9 644/55/19 1160/56/18 1154/15/7
f 761/57/20 1161/58/21 1163/59/22 121/60/20
f 762/61/23 122/62/23 1164/63/24 1162/64/25
f 123/65/26 1163/66/22 1161/67/21 763/68/26
f 124/69/27 764/70/27 1162/71/25 1164/72/24
f 121/60/20 1163/59/22 1165/73/28 125/74/1
f 122/62/23 126/75/5 1166/76/29 1164/63/24
f 127/77/8 1165/78/28 1163/79/22 123/80/26
f 128/81/9 124/82/27 1164/83/24 1166/84/29
f 125/85/1 1165/86/28 1167/87/30 765/88/1
f 126/89/5 766/90/4 1168/91/31 1166/92/29
f 767/93/8 1167/94/30 1165/95/28 127/96/8
f 768/97/9 128/98/9 1166/99/29 1168/100/31
f 765/101/1 1167/102/30 1161/103/21 761/104/20
f 766/105/4 762/106/23 1162/107/25 1168/108/31
f 763/109/26 1161/110/21 1167/94/30 767/93/8
f 764/111/27 768/97/9 1168/100/31 1162/112/25
f 757/113/32 1169/114/33 1171/115/34 117/116/32
f 758/117/35 118/118/35 1172/119/36 1170/120/37
f 119/121/38 1171/122/34 1169/123/33 759/124/38
f 120/125/39 760/126/40 1170/127/37 1172/128/36
f 117/116/32 1171/115/34 1173/129/41 121/130/20
f 118/118/35 122/131/23 1174/132/42 1172/119/36
f 123/133/26 1173/134/41 1171/135/34 119/136/38
f 124/137/27 120/138/39 1172/139/36 1174/140/42
f 121/141/20 1173/142/41 1175/143/43 761/144/20
f 122/145/23 762/146/23 1176/147/44 1174/148/42
f 763/149/26 1175/150/43 1173/151/41 123/152/26
f 764/153/27 124/154/27 1174/155/42 1176/156/44
f 761/157/20 1175/158/43 1169/159/33 757/160/32
f 762/161/23 758/162/35 1170/163/37 1176/164/44
f 759/165/38 1169/166/33 1175/150/43 763/149/26
f 760/167/40 764/153/27 1176/156/44 1170/168/37
f 753/169/45 1177/170/46 1179/171/47 113/172/45
f 754/173/48 114/174/49 1180/175/50 1178/176/51
f 115/177/52 1179/178/47 1177/179/46 755/180/52
f 116/181/53 756/182/54 1178/183/51 1180/184/50
f 113/172/45 1179/171/47 1181/185/55 117/186/32
f 114/174/49 118/187/35 1182/188/56 1180/175/50
f 119/189/38 1181/190/55 1179/191/47 115/192/52
f 120/193/39 116/194/53 1180/195/50 1182/196/56
f 117/197/32 1181/198/55 1183/199/57 757/200/32
f 118/201/35 758/202/35 1184/203/58 1182/204/56
f 759/205/38 1183/206/57 1181/207/55 119/208/38
f 760/209/40 120/210/39 1182/211/56 1184/212/58
f 757/213/32 1183/214/57 1177/215/46 753/216/45
f 758/217/35 754/218/48 1178/219/51 1184/220/58
f 755/221/52 1177/222/46 1183/206/57 759/205/38
f 756/223/54 760/209/40 1184/212/58 1178/224/51
f 749/225/59 1185/226/60 1187/227/61 109/228/59
f 750/229/62 110/230/62 1188/231/63 1186/232/64
f 111/233/65 1187/234/61 1185/235/60 751/236/65
f 112/237/66 752/238/66 1186/239/64 1188/240/63
f 109/228/59 1187/227/61 1189/241/67 113/242/45
f 110/230/62 114/243/49 1190/244/68 1188/231/63
f 115/245/52 1189/246/67 1187/247/61 111/248/65
f 116/249/53 112/250/66 1188/251/63 1190/252/68
f 113/253/45 1189/254/67 1191/255/69 753/256/45
f 114/257/49 754/258/48 1192/259/70 1190/260/68
f 755/261/52 1191/262/69 1189/263/67 115/264/52
f 756/265/54 116/266/53 1190/267/68 1192/268/70
f 753/269/45 1191/270/69 1185/271/60 749/272/59
f 754/273/48 750/274/62 1186/275/64 1192/276/70
f 751/277/65 1185/278/60 1191/262/69 755/261/52
f 752/279/66 756/265/54 1192/268/70 1186/280/64
f 745/281/71 1193/282/72 1195/283/73 105/284/71
f 746/285/74 106/286/74 1196/287/75 1194/288/76
f 107/289/77 1195/290/73 1193/291/72 747/292/77
f 108/293/78 748/294/78 1194/288/76 1196/287/75
f 105/295/71 1195/296/73 1197/297/79 109/228/59
f 106/298/74 110/230/62 1198/299/80 1196/300/75
f 111/301/65 1197/302/79 1195/303/73 107/304/77
f 112/305/66 108/306/78 1196/307/75 1198/308/80
f 109/228/59 1197/297/79 1199/309/81 749/225/59
f 110/230/62 750/229/62 1200/310/82 1198/299/80
f 751/311/65 1199/312/81 1197/313/79 111/314/65
f 752/315/66 112/316/66 1198/317/80 1200/318/82
f 749/319/59 1199/320/81 1193/321/72 745/322/71
f 750/323/62 746/324/74 1194/325/76 1200/326/82
f 747/292/77 1193/291/72 1199/327/81 751/328/65
f 748/329/78 752/330/66 1200/331/82 1194/332/76
f 741/333/83 1201/334/84 1203/335/85 101/336/83
f 742/337/86 102/338/87 1204/339/88 1202/340/89
f 103/341/90 1203/342/85 1201/343/84 743/344/90
f 104/345/91 744/346/91 1202/347/89 1204/348/88
f 101/349/83 1203/350/85 1205/351/92 105/352/71
f 102/353/87 106/354/74 1206/355/93 1204/356/88
f 107/357/77 1205/358/92 1203/359/85 103/360/90
f 108/361/78 104/362/91 1204/363/88 1206/364/93
f 105/352/71 1205/351/92 1207/365/94 745/366/71
f 106/354/74 746/367/74 1208/368/95 1206/355/93
f 747/369/77 1207/370/94 1205/371/92 107/372/77
f 748/373/78 108/374/78 1206/375/93 1208/376/95
f 745/377/71 1207/378/94 1201/379/84 741/380/83
f 746/381/74 742/382/86 1202/383/89 1208/384/95
f 743/344/90 1201/343/84 1207/385/94 747/386/77
f 744/346/91 748/387/78 1208/388/95 1202/347/89
f 737/389/96 1209/390/97 1211/391/98 97/392/96
f 738/393/99 98/394/100 1212/395/101 1210/396/102
f 99/397/103 1211/398/98 1209/399/97 739/400/103
f 100/401/104 740/402/104 1210/403/102 1212/404/101
f 97/405/96 1211/406/98 1213/407/105 101/408/83
f 98/409/100 102/410/87 1214/411/106 1212/412/101
f 103/413/90 1213/414/105 1211/415/98 99/416/103
f 104/417/91 100/418/104 1212/419/101 1214/420/106
f 101/408/83 1213/407/105 1215/421/107 741/422/83
f 102/410/87 742/423/86 1216/424/108 1214/411/106
f 743/425/90 1215/426/107 1213/427/105 103/428/90
f 744/429/91 104/430/91 1214/431/106 1216/432/108
f 741/433/83 1215/434/107 1209/435/97 737/436/96
f 742/437/86 738/438/99 1210/439/102 1216/440/108
f 739/400/103 1209/399/97 1215/441/107 743/442/90
f 740/402/104 744/443/91 1216/444/108 1210/403/102
f 733/445/109 1217/446/110 1219/447/111 93/448/109
f 734/449/112 94/450/113 1220/451/114 1218/452/115
f 95/453/116 1219/454/111 1217/455/110 735/456/116
f 96/457/117 736/458/117 1218/459/115 1220/460/114
f 93/461/109 1219/462/111 1221/463/118 97/464/96
f 94/465/113 98/466/100 1222/467/119 1220/468/114
f 99/469/103 1221/470/118 1219/471/111 95/472/116
f 100/473/104 96/474/117 1220/475/114 1222/476/119
f 97/464/96 1221/463/118 1223/477/120 737/478/96
f 98/466/100 738/479/99 1224/480/121 1222/467/119
f 739/481/103 1223/482/120 1221/483/118 99/484/103
f 740/485/104 100/486/104 1222/487/119 1224/488/121
f 737/489/96 1223/490/120 1217/491/110 733/492/109
f 738/493/99 734/494/112 1218/495/115 1224/496/121
f 735/497/116 1217/491/110 1223/490/120 739/498/103
f 736/458/117 740/499/104 1224/500/121 1218/459/115
f 729/501/122 1225/502/123 1227/503/124 89/504/122
f 730/505/125 90/506/126 1228/507/127 1226/508/128
f 91/509/129 1227/510/124 1225/511/123 731/512/129
f 92/513/130 732/514/130 1226/515/128 1228/516/127
f 89/504/122 1227/503/124 1229/517/131 93/518/109
f 90/506/126 94/519/113 1230/520/132 1228/507/127
f 95/521/116 1229/522/131 1227/523/124 91/524/129
f 96/525/117 92/526/130 1228/527/127 1230/528/132
f 93/529/109 1229/530/131 1231/531/133 733/532/109
f 94/533/113 734/534/112 1232/535/134 1230/536/132
f 735/537/116 1231/538/133 1229/539/131 95/540/116
f 736/541/117 96/542/117 1230/543/132 1232/544/134
f 733/545/109 1231/546/133 1225/547/123 729/548/122
f 734/549/112 730/550/125 1226/551/128 1232/552/134
f 731/553/129 1225/554/123 1231/538/133 735/537/116
f 732/555/130 736/541/117 1232/544/134 1226/556/128
f 725/557/135 1233/558/136 1235/559/137 85/560/135
f 726/561/138 86/562/139 1236/563/140 1234/564/141
f 87/565/142 1235/566/137 1233/567/136 727/568/142
f 88/569/143 728/570/144 1234/571/141 1236/572/140
f 85/560/135 1235/559/137 1237/573/145 89/574/122
f 86/562/139 90/575/126 1238/576/146 1236/563/140
f 91/577/129 1237/578/145 1235/579/137 87/580/142
f 92/581/130 88/582/143 1236/583/140 1238/584/146
f 89/585/122 1237/586/145 1239/587/147 729/588/122
f 90/589/126 730/590/125 1240/591/148 1238/592/146
f 731/593/129 1239/594/147 1237/595/145 91/596/129
f 732/597/130 92/598/130 1238/599/146 1240/600/148
f 729/601/122 1239/602/147 1233/603/136 725/604/135
f 730/605/125 726/606/138 1234/607/141 1240/608/148
f 727/609/142 1233/610/136 1239/594/147 731/593/129
f 728/611/144 732/597/130 1240/600/148 1234/612/141
f 721/613/149 1241/614/150 1243/615/151 81/616/152
f 722/617/153 82/618/154 1244/619/155 1242/620/156
f 83/621/157 1243/622/151 1241/623/150 723/624/158
f 84/625/159 724/626/160 1242/627/156 1244/628/155
f 81/616/152 1243/615/151 1245/629/161 85/630/135
f 82/618/154 86/631/139 1246/632/162 1244/619/155
f 87/633/142 1245/634/161 1243/635/151 83/636/157
f 88/637/143 84/638/159 1244/639/155 1246/640/162
f 85/641/135 1245/642/161 1247/643/163 725/644/135
f 86/645/139 726/646/138 1248/647/164 1246/648/162
f 727/649/142 1247/650/163 1245/651/161 87/652/142
f 728/653/144 88/654/143 1246/655/162 1248/656/164
f 725/657/135 1247/658/163 1241/659/150 721/660/149
f 726/661/138 722/662/153 1242/663/156 1248/664/164
f 723/665/158 1241/666/150 1247/650/163 727/649/142
f 724/667/160 728/653/144 1248/656/164 1242/668/156
f 717/669/165 1249/670/166 1251/671/167 77/672/165
f 718/673/168 78/674/169 1252/675/170 1250/676/171
f 79/677/172 1251/678/167 1249/679/166 719/680/172
f 80/681/173 720/682/173 1250/683/171 1252/684/170
f 77/672/165 1251/671/167 1253/685/174 81/686/152
f 78/674/169 82/687/154 1254/688/175 1252/675/170
f 83/689/157 1253/690/174 1251/691/167 79/692/172
f 84/693/159 80/694/173 1252/695/170 1254/696/175
f 81/697/152 1253/698/174 1255/699/176 721/700/149
f 82/701/154 722/702/153 1256/703/177 1254/704/175
f 723/705/158 1255/706/176 1253/707/174 83/708/157
f 724/709/160 84/710/159 1254/711/175 1256/712/177
f 721/713/149 1255/714/176 1249/715/166 717/716/165
f 722/717/153 718/718/168 1250/719/171 1256/720/177
f 719/721/172 1249/722/166 1255/706/176 723/705/158
f 720/723/173 724/709/160 1256/712/177 1250/724/171
f 713/725/178 1257/726/179 1259/727/180 73/728/178
f 714/729/181 74/730/182 1260/731/183 1258/732/184
f 75/733/185 1259/734/180 1257/735/179 715/736/185
f 76/737/186 716/738/186 1258/739/184 1260/740/183
f 73/741/178 1259/742/180 1261/743/187 77/672/165
f 74/744/182 78/674/169 1262/745/188 1260/746/183
f 79/747/172 1261/748/187 1259/749/180 75/750/185
f 80/751/173 76/752/186 1260/753/183 1262/754/188
f 77/672/165 1261/743/187 1263/755/189 717/669/165
f 78/674/169 718/673/168 1264/756/190 1262/745/188
f 719/757/172 1263/758/189 1261/759/187 79/760/172
f 720/761/173 80/762/173 1262/763/188 1264/764/190
f 717/765/165 1263/766/189 1257/767/179 713/768/178
f 718/769/168 714/770/181 1258/771/184 1264/772/190
f 715/736/185 1257/735/179 1263/773/189 719/774/172
f 716/738/186 720/775/173 1264/776/190 1258/739/184
f 709/777/191 1265/778/192 1267/779/193 69/780/191
f 710/781/194 70/782/195 1268/783/196 1266/784/197
f 71/785/198 1267/786/193 1265/787/192 711/788/198
f 72/789/199 712/790/199 1266/791/197 1268/792/196
f 69/793/191 1267/794/193 1269/795/200 73/796/178
f 70/797/195 74/798/182 1270/799/201 1268/800/196
f 75/801/185 1269/802/200 1267/803/193 71/804/198
f 76/805/186 72/806/199 1268/807/196 1270/808/201
f 73/796/178 1269/795/200 1271/809/202 713/810/178
f 74/798/182 714/811/181 1272/812/203 1270/799/201
f 715/813/185 1271/814/202 1269/815/200 75/816/185
f 716/817/186 76/818/186 1270/819/201 1272/820/203
f 713/821/178 1271/822/202 1265/823/192 709/824/191
f 714/825/181 710/826/194 1266/827/197 1272/828/203
f 711/788/198 1265/787/192 1271/829/202 715/830/185
f 712/790/199 716/831/186 1272/832/203 1266/791/197
f 705/833/204 1273/834/205 1275/835/206 65/836/204
f 706/837/207 66/838/208 1276/839/209 1274/840/210
f 67/841/211 1275/842/206 1273/843/205 707/844/211
f 68/845/212 708/846/212 1274/847/210 1276/848/209
f 65/849/204 1275/850/206 1277/851/213 69/852/191
f 66/853/208 70/854/195 1278/855/214 1276/856/209
f 71/857/198 1277/858/213 1275/859/206 67/860/211
f 72/861/199 68/862/212 1276/863/209 1278/864/214
f 69/852/191 1277/851/213 1279/865/215 709/866/191
f 70/854/195 710/867/194 1280/868/216 1278/855/214
f 711/869/198 1279/870/215 1277/871/213 71/872/198
f 712/873/199 72/874/199 1278/875/214 1280/876/216
f 709/877/191 1279/878/215 1273/879/205 705/880/204
f 710/881/194 706/882/207 1274/883/210 1280/884/216
f 707/844/211 1273/843/205 1279/885/215 711/886/198
f 708/846/212 712/887/199 1280/888/216 1274/847/210
f 701/889/217 1281/890/218 1283/891/219 61/892/217
f 702/893/220 62/894/221 1284/895/222 1282/896/223
f 63/897/224 1283/898/219 1281/899/218 703/900/224
f 64/901/225 704/902/225 1282/903/223 1284/904/222
f 61/905/217 1283/906/219 1285/907/226 65/908/204
f 62/909/221 66/910/208 1286/911/227 1284/912/222
f 67/913/211 1285/914/226 1283/915/219 63/916/224
f 68/917/212 64/918/225 1284/919/222 1286/920/227
f 65/908/204 1285/907/226 1287/921/228 705/922/204
f 66/910/208 706/923/207 1288/924/229 1286/911/227
f 707/925/211 1287/926/228 1285/927/226 67/928/211
f 708/929/212 68/930/212 1286/931/227 1288/932/229
f 705/933/204 1287/934/228 1281/935/218 701/936/217
f 706/937/207 702/938/220 1282/939/223 1288/940/229
f 703/941/224 1281/935/218 1287/934/228 707/942/211
f 704/943/225 708/944/212 1288/940/229 1282/939/223
f 697/945/230 1289/946/231 1291/947/232 57/948/230
f 698/949/233 58/950/234 1292/951/235 1290/952/236
f 59/953/237 1291/954/232 1289/955/231 699/956/237
f 60/957/238 700/958/238 1290/959/236 1292/960/235
f 57/948/230 1291/947/232 1293/961/239 61/962/217
f 58/950/234 62/963/221 1294/964/240 1292/951/235
f 63/965/224 1293/966/239 1291/967/232 59/968/237
f 64/969/225 60/970/238 1292/971/235 1294/972/240
f 61/973/217 1293/974/239 1295/975/241 701/976/217
f 62/977/221 702/978/220 1296/979/242 1294/980/240
f 703/981/224 1295/982/241 1293/983/239 63/984/224
f 704/985/225 64/986/225 1294/987/240 1296/988/242
f 701/989/217 1295/990/241 1289/991/231 697/992/230
f 702/993/220 698/994/233 1290/995/236 1296/996/242
f 699/997/237 1289/991/231 1295/990/241 703/941/224
f 700/998/238 704/985/225 1296/988/242 1290/999/236
f 693/1000/243 1297/1001/244 1299/1002/245 53/1003/243
f 694/1004/246 54/1005/247 1300/1006/248 1298/1007/249
f 55/1008/250 1299/1009/245 1297/1010/244 695/1011/250
f 56/1012/251 696/1013/252 1298/1014/249 1300/1015/248
f 53/1003/243 1299/1002/245 1301/1016/253 57/1017/230
f 54/1005/247 58/1018/234 1302/1019/254 1300/1006/248
f 59/1020/237 1301/1021/253 1299/1022/245 55/1023/250
f 60/1024/238 56/1025/251 1300/1026/248 1302/1027/254
f 57/1028/230 1301/1029/253 1303/1030/255 697/1031/230
f 58/1032/234 698/1033/233 1304/1034/256 1302/1035/254
f 699/1036/237 1303/1037/255 1301/1038/253 59/1039/237
f 700/1040/238 60/1041/238 1302/1042/254 1304/1043/256
f 697/1044/230 1303/1045/255 1297/1046/244 693/1047/243
f 698/1048/233 694/1049/246 1298/1050/249 1304/1051/256
f 695/1052/250 1297/1053/244 1303/1037/255 699/1036/237
f 696/1054/252 700/1040/238 1304/1043/256 1298/1055/249
f 689/1056/257 1305/1057/258 1307/1058/259 49/1059/260
f 690/1060/261 50/1061/262 1308/1062/263 1306/1063/264
f 51/1064/265 1307/1065/259 1305/1066/258 691/1067/266
f 52/1068/267 692/1069/268 1306/1070/264 1308/1071/263
f 49/1059/260 1307/1058/259 1309/1072/269 53/1073/243
f 50/1061/262 54/1074/247 1310/1075/270 1308/1062/263
f 55/1076/250 1309/1077/269 1307/1078/259 51/1079/265
f 56/1080/251 52/1081/267 1308/1082/263 1310/1083/270
f 53/1084/243 1309/1085/269 1311/1086/271 693/1087/243
f 54/1088/247 694/1089/246 1312/1090/272 1310/1091/270
f 695/1092/250 1311/1093/271 1309/1094/269 55/1095/250
f 696/1096/252 56/1097/251 1310/1098/270 1312/1099/272
f 693/1100/243 1311/1101/271 1305/1102/258 689/1103/257
f 694/1104/246 690/1105/261 1306/1106/264 1312/1107/272
f 691/1108/266 1305/1109/258 1311/1093/271 695/1092/250
f 692/1110/268 696/1096/252 1312/1099/272 1306/1111/264
f 685/1112/273 1313/1113/274 1315/1114/275 45/1115/273
f 686/1116/276 46/1117/277 1316/1118/278 1314/1119/279
f 47/1120/280 1315/1121/275 1313/1122/274 687/1123/280
f 48/1124/281 688/1125/282 1314/1126/279 1316/1127/278
f 45/1115/273 1315/1114/275 1317/1128/283 49/1129/260
f 46/1117/277 50/1130/262 1318/1131/284 1316/1118/278
f 51/1132/265 1317/1133/283 1315/1134/275 47/1135/280
f 52/1136/267 48/1137/281 1316/1138/278 1318/1139/284
f 49/1140/260 1317/1141/283 1319/1142/285 689/1143/257
f 50/1144/262 690/1145/261 1320/1146/286 1318/1147/284
f 691/1148/266 1319/1149/285 1317/1150/283 51/1151/265
f 692/1152/268 52/1153/267 1318/1147/284 1320/1146/286
f 689/1154/257 1319/1155/285 1313/1156/274 685/1157/273
f 690/1158/261 686/1159/276 1314/1160/279 1320/1161/286
f 687/1162/280 1313/1163/274 1319/1149/285 691/1148/266
f 688/1164/282 692/1165/268 1320/1166/286 1314/1167/279
f 681/1168/287 1321/1169/288 1323/1170/289 41/1171/287
f 682/1172/290 42/1173/291 1324/1174/292 1322/1175/293
f 43/1176/294 1323/1177/289 1321/1178/288 683/1179/294
f 44/1180/295 684/1181/295 1322/1182/293 1324/1183/292
f 41/1184/287 1323/1185/289 1325/1186/296 45/1115/273
f 42/1187/291 46/1117/277 1326/1188/297 1324/1189/292
f 47/1190/280 1325/1191/296 1323/1192/289 43/1193/294
f 48/1194/281 44/1195/295 1324/1196/292 1326/1197/297
f 45/1115/273 1325/1186/296 1327/1198/298 685/1112/273
f 46/1117/277 686/1116/276 1328/1199/299 1326/1188/297
f 687/1200/280 1327/1201/298 1325/1202/296 47/1203/280
f 688/1204/282 48/1205/281 1326/1206/297 1328/1207/299
f 685/1208/273 1327/1209/298 1321/1210/288 681/1211/287
f 686/1212/276 682/1213/290 1322/1214/293 1328/1215/299
f 683/1179/294 1321/1178/288 1327/1216/298 687/1217/280
f 684/1181/295 688/1218/282 1328/1219/299 1322/1182/293
f 677/1220/300 1329/1221/301 1331/1222/302 37/1223/300
f 678/1224/303 38/1225/304 1332/1226/305 1330/1227/306
f 39/1228/307 1331/1229/302 1329/1230/301 679/1231/307
f 40/1232/308 680/1233/308 1330/1234/306 1332/1235/305
f 37/1236/300 1331/1237/302 1333/1238/309 41/1239/287
f 38/1240/304 42/1241/291 1334/1242/310 1332/1243/305
f 43/1244/294 1333/1245/309 1331/1246/302 39/1247/307
f 44/1248/295 40/1249/308 1332/1250/305 1334/1251/310
f 41/1239/287 1333/1238/309 1335/1252/311 681/1253/287
f 42/1241/291 682/1254/290 1336/1255/312 1334/1242/310
f 683/1256/294 1335/1257/311 1333/1258/309 43/1259/294
f 684/1260/295 44/1261/295 1334/1262/310 1336/1263/312
f 681/1264/287 1335/1265/311 1329/1266/301 677/1267/300
f 682/1268/290 678/1269/303 1330/1270/306 1336/1271/312
f 679/1231/307 1329/1230/301 1335/1272/311 683/1273/294
f 680/1233/308 684/1274/295 1336/1275/312 1330/1234/306
f 673/1276/313 1337/1277/314 1339/1278/315 33/1279/313
f 674/1280/316 34/1281/317 1340/1282/318 1338/1283/319
f 35/1284/320 1339/1285/315 1337/1286/314 675/1287/320
f 36/1288/321 676/1289/321 1338/1290/319 1340/1291/318
f 33/1292/313 1339/1293/315 1341/1294/322 37/1295/300
f 34/1296/317 38/1297/304 1342/1298/323 1340/1299/318
f 39/1300/307 1341/1301/322 1339/1302/315 35/1303/320
f 40/1304/308 36/1305/321 1340/1306/318 1342/1307/323
f 37/1295/300 1341/1294/322 1343/1308/324 677/1309/300
f 38/1297/304 678/1310/303 1344/1311/325 1342/1298/323
f 679/1312/307 1343/1313/324 1341/1314/322 39/1315/307
f 680/1316/308 40/1317/308 1342/1318/323 1344/1319/325
f 677/1320/300 1343/1321/324 1337/1322/314 673/1323/313
f 678/1324/303 674/1325/316 1338/1326/319 1344/1327/325
f 675/1287/320 1337/1286/314 1343/1328/324 679/1329/307
f 676/1289/321 680/1330/308 1344/1331/325 1338/1290/319
f 669/1332/326 1345/1333/327 1347/1334/328 29/1335/326
f 670/1336/329 30/1337/330 1348/1338/331 1346/1339/332
f 31/1340/333 1347/1341/328 1345/1342/327 671/1343/333
f 32/1344/334 672/1345/334 1346/1346/332 1348/1347/331
f 29/1348/326 1347/1349/328 1349/1350/335 33/1351/313
f 30/1352/330 34/1353/317 1350/1354/336 1348/1355/331
f 35/1356/320 1349/1357/335 1347/1358/328 31/1359/333
f 36/1360/321 32/1361/334 1348/1362/331 1350/1363/336
f 33/1351/313 1349/1350/335 1351/1364/337 673/1365/313
f 34/1353/317 674/1366/316 1352/1367/338 1350/1354/336
f 675/1368/320 1351/1369/337 1349/1370/335 35/1371/320
f 676/1372/321 36/1373/321 1350/1374/336 1352/1375/338
f 673/1376/313 1351/1377/337 1345/1378/327 669/1379/326
f 674/1380/316 670/1381/329 1346/1382/332 1352/1383/338
f 671/1384/333 1345/1378/327 1351/1377/337 675/1385/320
f 672/1386/334 676/1387/321 1352/1383/338 1346/1382/332
f 665/1388/339 1353/1389/340 1355/1390/341 25/1391/339
f 666/1392/342 26/1393/343 1356/1394/344 1354/1395/345
f 27/1396/346 1355/1397/341 1353/1398/340 667/1399/346
f 28/1400/347 668/1401/347 1354/1402/345 1356/1403/344
f 25/1391/339 1355/1390/341 1357/1404/348 29/1405/326
f 26/1393/343 30/1406/330 1358/1407/349 1356/1394/344
f 31/1408/333 1357/1409/348 1355/1410/341 27/1411/346
f 32/1412/334 28/1413/347 1356/1414/344 1358/1415/349
f 29/1416/326 1357/1417/348 1359/1418/350 669/1419/326
f 30/1420/330 670/1421/329 1360/1422/351 1358/1423/349
f 671/1424/333 1359/1425/350 1357/1426/348 31/1427/333
f 672/1428/334 32/1429/334 1358/1430/349 1360/1431/351
f 669/1432/326 1359/1433/350 1353/1434/340 665/1435/339
f 670/1436/329 666/1437/342 1354/1438/345 1360/1439/351
f 667/1440/346 1353/1441/340 1359/1425/350 671/1424/333
f 668/1442/347 672/1428/334 1360/1431/351 1354/1443/345
f 661/1444/352 1361/1445/353 1363/1446/354 21/1447/352
f 662/1448/355 22/1449/356 1364/1450/357 1362/1451/358
f 23/1452/359 1363/1453/354 1361/1454/353 663/1455/359
f 24/1456/360 664/1457/361 1362/1458/358 1364/1459/357
f 21/1447/352 1363/1446/354 1365/1460/362 25/1461/339
f 22/1449/356 26/1462/343 1366/1463/363 1364/1450/357
f 27/1464/346 1365/1465/362 1363/1466/354 23/1467/359
f 28/1468/347 24/1469/360 1364/1470/357 1366/1471/363
f 25/1472/339 1365/1473/362 1367/1474/364 665/1475/339
f 26/1476/343 666/1477/342 1368/1478/365 1366/1479/363
f 667/1480/346 1367/1481/364 1365/1482/362 27/1483/346
f 668/1484/347 28/1485/347 1366/1486/363 1368/1487/365
f 665/1488/339 1367/1489/364 1361/1490/353 661/1491/352
f 666/1492/342 662/1493/355 1362/1494/358 1368/1495/365
f 663/1496/359 1361/1497/353 1367/1481/364 667/1480/346
f 664/1498/361 668/1484/347 1368/1487/365 1362/1499/358
f 657/1500/366 1369/1501/367 1371/1502/368 17/1503/366
f 658/1504/369 18/1505/370 1372/1506/371 1370/1507/372
f 19/1508/373 1371/1509/368 1369/1510/367 659/1511/374
f 20/1512/375 660/1513/376 1370/1514/372 1372/1515/371
f 17/1503/366 1371/1502/368 1373/1516/377 21/1517/352
f 18/1505/370 22/1518/356 1374/1519/378 1372/1506/371
f 23/1520/359 1373/1521/377 1371/1522/368 19/1523/373
f 24/1524/360 20/1525/375 1372/1526/371 1374/1527/378
f 21/1528/352 1373/1529/377 1375/1530/379 661/1531/352
f 22/1532/356 662/1533/355 1376/1534/380 1374/1535/378
f 663/1536/359 1375/1537/379 1373/1538/377 23/1539/359
f 664/1540/361 24/1541/360 1374/1542/378 1376/1543/380
f 661/1544/352 1375/1545/379 1369/1546/367 657/1547/366
f 662/1548/355 658/1549/369 1370/1550/372 1376/1551/380
f 659/1552/374 1369/1553/367 1375/1537/379 663/1536/359
f 660/1554/376 664/1540/361 1376/1543/380 1370/1555/372
f 653/1556/381 1377/1557/382 1379/1558/383 13/1559/381
f 654/1560/384 14/1561/385 1380/1562/386 1378/1563/387
f 15/1564/388 1379/1565/383 1377/1566/382 655/1567/388
f 16/1568/389 656/1569/390 1378/1570/387 1380/1571/386
f 13/1559/381 1379/1558/383 1381/1572/391 17/1573/366
f 14/1561/385 18/1574/370 1382/1575/392 1380/1562/386
f 19/1576/373 1381/1577/391 1379/1578/383 15/1579/388
f 20/1580/375 16/1581/389 1380/1582/386 1382/1583/392
f 17/1584/366 1381/1585/391 1383/1586/393 657/1587/366
f 18/1588/370 658/1589/369 1384/1590/394 1382/1591/392
f 659/1592/374 1383/1593/393 1381/1594/391 19/1595/373
f 660/1596/376 20/1597/375 1382/1591/392 1384/1590/394
f 657/1598/366 1383/1599/393 1377/1600/382 653/1601/381
f 658/1602/369 654/1603/384 1378/1604/387 1384/1605/394
f 655/1606/388 1377/1607/382 1383/1593/393 659/1592/374
f 656/1608/390 660/1609/376 1384/1610/394 1378/1611/387
f 649/1612/395 1385/1613/396 1387/1614/397 9/1615/395
f 650/1616/398 10/1617/399 1388/1618/400 1386/1619/401
f 11/1620/402 1387/1621/397 1385/1622/396 651/1623/402
f 12/1624/403 652/1625/404 1386/1619/401 1388/1618/400
f 9/1626/395 1387/1627/397 1389/1628/405 13/1559/381
f 10/1629/399 14/1561/385 1390/1630/406 1388/1631/400
f 15/1632/388 1389/1633/405 1387/1634/397 11/1635/402
f 16/1636/389 12/1637/403 1388/1638/400 1390/1639/406
f 13/1559/381 1389/1628/405 1391/1640/407 653/1556/381
f 14/1561/385 654/1560/384 1392/1641/408 1390/1630/406
f 655/1642/388 1391/1643/407 1389/1644/405 15/1645/388
f 656/1646/390 16/1647/389 1390/1648/406 1392/1649/408
f 653/1650/381 1391/1651/407 1385/1652/396 649/1653/395
f 654/1654/384 650/1655/398 1386/1656/401 1392/1657/408
f 651/1623/402 1385/1622/396 1391/1658/407 655/1659/388
f 652/1660/404 656/1661/390 1392/1662/408 1386/1663/401
f 645/1664/409 1393/1665/410 1395/1666/411 5/1667/412
f 646/1668/413 6/1669/414 1396/1670/415 1394/1671/416
f 7/1672/417 1395/1673/411 1393/1674/410 647/1675/417
f 8/1676/418 648/1677/418 1394/1678/416 1396/1679/415
f 5/1680/412 1395/1681/411 1397/1682/419 9/1683/395
f 6/1684/414 10/1685/399 1398/1686/420 1396/1687/415
f 11/1688/402 1397/1689/419 1395/1690/411 7/1691/417
f 12/1692/403 8/1693/418 1396/1694/415 1398/1695/420
f 9/1683/395 1397/1682/419 1399/1696/421 649/1697/395
f 10/1685/399 650/1698/398 1400/1699/422 1398/1686/420
f 651/1700/402 1399/1701/421 1397/1702/419 11/1703/402
f 652/1704/404 12/1705/403 1398/1706/420 1400/1707/422
f 649/1708/395 1399/1709/421 1393/1710/410 645/1711/409
f 650/1712/398 646/1713/413 1394/1714/416 1400/1715/422
f 647/1675/417 1393/1674/410 1399/1716/421 651/1717/402
f 648/1677/418 652/1718/404 1400/1719/422 1394/1678/416
f 641/1720/11 1401/1721/423 1403/1722/424 1/1723/11
f 642/1724/17 2/1725/12 1404/1726/425 1402/1727/426
f 3/1728/14 1403/1729/424 1401/1730/423 643/1731/14
f 4/1732/15 644/1733/19 1402/1734/426 1404/1735/425
f 1/1736/11 1403/1737/424 1405/1738/427 5/1739/412
f 2/1740/12 6/1741/414 1406/1742/428 1404/1743/425
f 7/1744/417 1405/1745/427 1403/1746/424 3/1747/14
f 8/1748/418 4/1749/15 1404/1750/425 1406/1751/428
f 5/1739/412 1405/1738/427 1407/1752/429 645/1753/409
f 6/1741/414 646/1754/413 1408/1755/430 1406/1742/428
f 647/1756/417 1407/1757/429 1405/1758/427 7/1759/417
f 648/1760/418 8/1761/418 1406/1762/428 1408/1763/430
f 645/1764/409 1407/1765/429 1401/1766/423 641/1767/11
f 646/1768/413 642/1769/17 1402/1770/426 1408/1771/430
f 643/1731/14 1401/1730/423 1407/1772/429 647/1773/417
f 644/1733/19 648/1774/418 1408/1775/430 1402/1734/426
f 633/1776/1 1409/1777/2 1411/1778/3 253/1779/1
f 634/1780/431 254/1781/5 1412/1782/6 1410/1783/432
f 255/1784/8 1411/1785/3 1409/1786/2 635/1787/8
f 256/1788/9 636/1789/9 1410/1790/432 1412/1791/6
f 253/1792/1 1411/1793/3 1413/1794/433 129/1795/11
f 254/1796/5 130/1797/434 1414/1798/13 1412/1799/6
f 131/1800/14 1413/1801/433 1411/1802/3 255/1803/8
f 132/1804/435 256/1805/9 1412/1806/6 1414/1807/13
f 129/1795/11 1413/1794/433 1415/1808/16 637/1809/11
f 130/1797/434 638/1810/436 1416/1811/437 1414/1798/13
f 639/1812/14 1415/1813/16 1413/1814/433 131/1815/14
f 640/1816/435 132/1817/435 1414/1818/13 1416/1819/437
f 637/1820/11 1415/1821/16 1409/1822/2 633/1823/1
f 638/1824/436 634/1825/431 1410/1826/432 1416/1827/437
f 635/1828/8 1409/1822/2 1415/1821/16 639/1829/14
f 636/1789/9 640/1830/435 1416/1831/437 1410/1790/432
f 629/1832/20 1417/1833/21 1419/1834/22 249/1835/20
f 630/1836/438 250/1837/23 1420/1838/24 1418/1839/439
f 251/1840/26 1419/1841/22 1417/1842/21 631/1843/26
f 252/1844/440 632/1845/440 1418/1846/439 1420/1847/24
f 249/1835/20 1419/1834/22 1421/1848/28 253/1849/1
f 250/1837/23 254/1850/5 1422/1851/29 1420/1838/24
f 255/1852/8 1421/1853/28 1419/1854/22 251/1855/26
f 256/1856/9 252/1857/440 1420/1858/24 1422/1859/29
f 253/1860/1 1421/1861/28 1423/1862/30 633/1863/1
f 254/1864/5 634/1865/431 1424/1866/441 1422/1867/29
f 635/1868/8 1423/1869/30 1421/1870/28 255/1871/8
f 636/1872/9 256/1873/9 1422/1874/29 1424/1875/441
f 633/1876/1 1423/1877/30 1417/1878/21 629/1879/20
f 634/1880/431 630/1881/438 1418/1882/439 1424/1883/441
f 631/1884/26 1417/1885/21 1423/1869/30 635/1868/8
f 632/1886/440 636/1872/9 1424/1875/441 1418/1887/439
f 625/1888/32 1425/1889/442 1427/1890/443 245/1891/32
f 626/1892/444 246/1893/445 1428/1894/446 1426/1895/447
f 247/1896/448 1427/1897/443 1425/1898/442 627/1899/448
f 248/1900/449 628/1901/450 1426/1902/447 1428/1903/446
f 245/1891/32 1427/1890/443 1429/1904/41 249/1905/20
f 246/1893/445 250/1906/23 1430/1907/451 1428/1894/446
f 251/1908/26 1429/1909/41 1427/1910/443 247/1911/448
f 252/1912/440 248/1913/449 1428/1914/446 1430/1915/451
f 249/1916/20 1429/1917/41 1431/1918/43 629/1919/20
f 250/1920/23 630/1921/438 1432/1922/452 1430/1923/451
f 631/1924/26 1431/1925/43 1429/1926/41 251/1927/26
f 632/1928/440 252/1929/440 1430/1930/451 1432/1931/452
f 629/1932/20 1431/1933/43 1425/1934/442 625/1935/32
f 630/1936/438 626/1937/444 1426/1938/447 1432/1939/452
f 627/1940/448 1425/1941/442 1431/1925/43 631/1924/26
f 628/1942/450 632/1928/440 1432/1931/452 1426/1943/447
f 621/1944/453 1433/1945/454 1435/1946/455 241/1947/45
f 622/1948/456 242/1949/457 1436/1950/458 1434/1951/459
f 243/1952/52 1435/1953/455 1433/1954/454 623/1955/52
f 244/1956/460 624/1957/461 1434/1958/459 1436/1959/458
f 241/1947/45 1435/1946/455 1437/1960/462 245/1961/32
f 242/1949/457 246/1962/445 1438/1963/463 1436/1950/458
f 247/1964/448 1437/1965/462 1435/1966/455 243/1967/52
f 248/1968/449 244/1969/460 1436/1970/458 1438/1971/463
f 245/1972/32 1437/1973/462 1439/1974/464 625/1975/32
f 246/1976/445 626/1977/444 1440/1978/465 1438/1979/463
f 627/1980/448 1439/1981/464 1437/1982/462 247/1983/448
f 628/1984/450 248/1985/449 1438/1986/463 1440/1987/465
f 625/1988/32 1439/1989/464 1433/1990/454 621/1991/453
f 626/1992/444 622/1993/456 1434/1994/459 1440/1995/465
f 623/1996/52 1433/1997/454 1439/1981/464 627/1980/448
f 624/1998/461 628/1984/450 1440/1987/465 1434/1999/459
f 617/2000/466 1441/2001/467 1443/2002/61 237/2003/59
f 618/2004/468 238/2005/469 1444/2006/470 1442/2007/471
f 239/2008/65 1443/2009/61 1441/2010/467 619/2011/65
f 240/2012/472 620/2013/472 1442/2014/471 1444/2015/470
f 237/2003/59 1443/2002/61 1445/2016/473 241/2017/45
f 238/2005/469 242/2018/457 1446/2019/474 1444/2006/470
f 243/2020/52 1445/2021/473 1443/2022/61 239/2023/65
f 244/2024/460 240/2025/472 1444/2026/470 1446/2027/474
f 241/2028/45 1445/2029/473 1447/2030/475 621/2031/453
f 242/2032/457 622/2033/456 1448/2034/476 1446/2035/474
f 623/2036/52 1447/2037/475 1445/2038/473 243/2039/52
f 624/2040/461 244/2041/460 1446/2035/474 1448/2034/476
f 621/2042/453 1447/2043/475 1441/2044/467 617/2045/466
f 622/2046/456 618/2047/468 1442/2048/471 1448/2049/476
f 619/2050/65 1441/2051/467 1447/2037/475 623/2036/52
f 620/2052/472 624/2053/461 1448/2054/476 1442/2055/471
f 613/2056/477 1449/2057/478 1451/2058/479 233/2059/71
f 614/2060/480 234/2061/74 1452/2062/75 1450/2063/481
f 235/2064/77 1451/2065/479 1449/2066/478 615/2067/77
f 236/2068/78 616/2069/78 1450/2063/481 1452/2062/75
f 233/2070/71 1451/2071/479 1453/2072/482 237/2003/59
f 234/2073/74 238/2005/469 1454/2074/483 1452/2075/75
f 239/2076/65 1453/2077/482 1451/2078/479 235/2079/77
f 240/2080/472 236/2081/78 1452/2082/75 1454/2083/483
f 237/2003/59 1453/2072/482 1455/2084/81 617/2000/466
f 238/2005/469 618/2004/468 1456/2085/484 1454/2074/483
f 619/2086/65 1455/2087/81 1453/2088/482 239/2089/65
f 620/2090/472 240/2091/472 1454/2092/483 1456/2093/484
f 617/2094/466 1455/2095/81 1449/2096/478 613/2097/477
f 618/2098/468 614/2099/480 1450/2100/481 1456/2101/484
f 615/2067/77 1449/2066/478 1455/2102/81 619/2103/65
f 616/2104/78 620/2105/472 1456/2106/484 1450/2107/481
f 609/2108/485 1457/2109/486 1459/2110/85 229/2111/83
f 610/2112/487 230/2113/87 1460/2114/88 1458/2115/488
f 231/2116/90 1459/2117/85 1457/2118/486 611/2119/90
f 232/2120/489 612/2121/91 1458/2122/488 1460/2123/88
f 229/2124/83 1459/2125/85 1461/2126/92 233/2127/71
f 230/2128/87 234/2129/74 1462/2130/93 1460/2131/88
f 235/2132/77 1461/2133/92 1459/2134/85 231/2135/90
f 236/2136/78 232/2137/489 1460/2138/88 1462/2139/93
f 233/2127/71 1461/2126/92 1463/2140/490 613/2141/477
f 234/2129/74 614/2142/480 1464/2143/491 1462/2130/93
f 615/2144/77 1463/2145/490 1461/2146/92 235/2147/77
f 616/2148/78 236/2149/78 1462/2150/93 1464/2151/491
f 613/2152/477 1463/2153/490 1457/2154/486 609/2155/485
f 614/2156/480 610/2157/487 1458/2158/488 1464/2159/491
f 611/2119/90 1457/2118/486 1463/2160/490 615/2161/77
f 612/2121/91 616/2162/78 1464/2163/491 1458/2122/488
f 605/2164/492 1465/2165/493 1467/2166/98 225/2167/96
f 606/2168/494 226/2169/100 1468/2170/495 1466/2171/496
f 227/2172/103 1467/2173/98 1465/2174/493 607/2175/103
f 228/2176/497 608/2177/498 1466/2178/496 1468/2179/495
f 225/2180/96 1467/2181/98 1469/2182/105 229/2183/83
f 226/2184/100 230/2185/87 1470/2186/499 1468/2187/495
f 231/2188/90 1469/2189/105 1467/2190/98 227/2191/103
f 232/2192/489 228/2193/497 1468/2194/495 1470/2195/499
f 229/2183/83 1469/2182/105 1471/2196/107 609/2197/485
f 230/2185/87 610/2198/487 1472/2199/500 1470/2186/499
f 611/2200/90 1471/2201/107 1469/2202/105 231/2203/90
f 612/2204/91 232/2205/489 1470/2206/499 1472/2207/500
f 609/2208/485 1471/2209/107 1465/2210/493 605/2211/492
f 610/2212/487 606/2213/494 1466/2214/496 1472/2215/500
f 607/2175/103 1465/2174/493 1471/2216/107 611/2217/90
f 608/2177/498 612/2218/91 1472/2219/500 1466/2178/496
f 601/2220/501 1473/2221/110 1475/2222/111 221/2223/109
f 602/2224/502 222/2225/113 1476/2226/503 1474/2227/504
f 223/2228/116 1475/2229/111 1473/2230/110 603/2231/116
f 224/2232/505 604/2233/117 1474/2234/504 1476/2235/503
f 221/2236/109 1475/2237/111 1477/2238/118 225/2239/96
f 222/2240/113 226/2241/100 1478/2242/506 1476/2243/503
f 227/2244/103 1477/2245/118 1475/2246/111 223/2247/116
f 228/2248/497 224/2249/505 1476/2250/503 1478/2251/506
f 225/2239/96 1477/2238/118 1479/2252/120 605/2253/492
f 226/2241/100 606/2254/494 1480/2255/507 1478/2242/506
f 607/2256/103 1479/2257/120 1477/2258/118 227/2259/103
f 608/2260/498 228/2261/497 1478/2262/506 1480/2263/507
f 605/2264/492 1479/2265/120 1473/2266/110 601/2267/501
f 606/2268/494 602/2269/502 1474/2270/504 1480/2271/507
f 603/2272/116 1473/2266/110 1479/2265/120 607/2273/103
f 604/2233/117 608/2274/498 1480/2275/507 1474/2234/504
f 597/2276/508 1481/2277/509 1483/2278/124 217/2279/122
f 598/2280/510 218/2281/126 1484/2282/127 1482/2283/511
f 219/2284/129 1483/2285/124 1481/2286/509 599/2287/129
f 220/2288/512 600/2289/512 1482/2290/511 1484/2291/127
f 217/2279/122 1483/2278/124 1485/2292/131 221/2293/109
f 218/2281/126 222/2294/113 1486/2295/132 1484/2282/127
f 223/2296/116 1485/2297/131 1483/2298/124 219/2299/129
f 224/2300/505 220/2301/512 1484/2302/127 1486/2303/132
f 221/2304/109 1485/2305/131 1487/2306/513 601/2307/501
f 222/2308/113 602/2309/502 1488/2310/514 1486/2311/132
f 603/2312/116 1487/2313/513 1485/2314/131 223/2315/116
f 604/2316/117 224/2317/505 1486/2318/132 1488/2319/514
f 601/2320/501 1487/2321/513 1481/2322/509 597/2323/508
f 602/2324/502 598/2325/510 1482/2326/511 1488/2327/514
f 599/2328/129 1481/2329/509 1487/2313/513 603/2312/116
f 600/2330/512 604/2316/117 1488/2319/514 1482/2331/511
f 593/2332/515 1489/2333/516 1491/2334/517 213/2335/135
f 594/2336/518 214/2337/139 1492/2338/519 1490/2339/520
f 215/2340/521 1491/2341/517 1489/2342/516 595/2343/521
f 216/2344/522 596/2345/523 1490/2346/520 1492/2347/519
f 213/2335/135 1491/2334/517 1493/2348/145 217/2349/122
f 214/2337/139 218/2350/126 1494/2351/524 1492/2338/519
f 219/2352/129 1493/2353/145 1491/2354/517 215/2355/521
f 220/2356/512 216/2357/522 1492/2358/519 1494/2359/524
f 217/2360/122 1493/2361/145 1495/2362/525 597/2363/508
f 218/2364/126 598/2365/510 1496/2366/526 1494/2367/524
f 599/2368/129 1495/2369/525 1493/2370/145 219/2371/129
f 600/2372/512 220/2373/512 1494/2374/524 1496/2375/526
f 597/2376/508 1495/2377/525 1489/2378/516 593/2379/515
f 598/2380/510 594/2381/518 1490/2382/520 1496/2383/526
f 595/2384/521 1489/2385/516 1495/2369/525 599/2368/129
f 596/2386/523 600/2372/512 1496/2375/526 1490/2387/520
f 589/2388/149 1497/2389/150 1499/2390/151 209/2391/152
f 590/2392/527 210/2393/154 1500/2394/528 1498/2395/529
f 211/2396/157 1499/2397/151 1497/2398/150 591/2399/157
f 212/2400/530 592/2401/531 1498/2402/529 1500/2403/528
f 209/2391/152 1499/2390/151 1501/2404/532 213/2405/135
f 210/2393/154 214/2406/139 1502/2407/533 1500/2394/528
f 215/2408/521 1501/2409/532 1499/2410/151 211/2411/157
f 216/2412/522 212/2413/530 1500/2414/528 1502/2415/533
f 213/2416/135 1501/2417/532 1503/2418/534 593/2419/515
f 214/2420/139 594/2421/518 1504/2422/535 1502/2423/533
f 595/2424/521 1503/2425/534 1501/2426/532 215/2427/521
f 596/2428/523 216/2429/522 1502/2430/533 1504/2431/535
f 593/2432/515 1503/2433/534 1497/2434/150 589/2435/149
f 594/2436/518 590/2437/527 1498/2438/529 1504/2439/535
f 591/2440/157 1497/2441/150 1503/2425/534 595/2424/521
f 592/2442/531 596/2428/523 1504/2431/535 1498/2443/529
f 585/2444/536 1505/2445/537 1507/2446/538 205/2447/165
f 586/2448/539 206/2449/540 1508/2450/541 1506/2451/542
f 207/2452/172 1507/2453/538 1505/2454/537 587/2455/172
f 208/2456/173 588/2457/543 1506/2458/542 1508/2459/541
f 205/2447/165 1507/2446/538 1509/2460/544 209/2461/152
f 206/2449/540 210/2462/154 1510/2463/545 1508/2450/541
f 211/2464/157 1509/2465/544 1507/2466/538 207/2467/172
f 212/2468/530 208/2469/173 1508/2470/541 1510/2471/545
f 209/2472/152 1509/2473/544 1511/2474/546 589/2475/149
f 210/2476/154 590/2477/527 1512/2478/547 1510/2479/545
f 591/2480/157 1511/2481/546 1509/2482/544 211/2483/157
f 592/2484/531 212/2485/530 1510/2486/545 1512/2487/547
f 589/2488/149 1511/2489/546 1505/2490/537 585/2491/536
f 590/2492/527 586/2493/539 1506/2494/542 1512/2495/547
f 587/2496/172 1505/2497/537 1511/2481/546 591/2480/157
f 588/2498/543 592/2484/531 1512/2487/547 1506/2499/542
f 581/2500/548 1513/2501/549 1515/2502/550 201/2503/178
f 582/2504/551 202/2505/182 1516/2506/183 1514/2507/552
f 203/2508/185 1515/2509/550 1513/2510/549 583/2511/185
f 204/2512/186 584/2513/186 1514/2514/552 1516/2515/183
f 201/2516/178 1515/2517/550 1517/2518/553 205/2447/165
f 202/2519/182 206/2449/540 1518/2520/554 1516/2521/183
f 207/2522/172 1517/2523/553 1515/2524/550 203/2525/185
f 208/2526/173 204/2527/186 1516/2528/183 1518/2529/554
f 205/2447/165 1517/2518/553 1519/2530/189 585/2444/536
f 206/2449/540 586/2448/539 1520/2531/555 1518/2520/554
f 587/2532/172 1519/2533/189 1517/2534/553 207/2535/172
f 588/2536/543 208/2537/173 1518/2538/554 1520/2539/555
f 585/2540/536 1519/2541/189 1513/2542/549 581/2543/548
f 586/2544/539 582/2545/551 1514/2546/552 1520/2547/555
f 583/2511/185 1513/2510/549 1519/2548/189 587/2549/172
f 584/2513/186 588/2550/543 1520/2551/555 1514/2514/552
f 577/2552/556 1521/2553/557 1523/2554/193 197/2555/191
f 578/2556/558 198/2557/195 1524/2558/196 1522/2559/559
f 199/2560/198 1523/2561/193 1521/2562/557 579/2563/198
f 200/2564/560 580/2565/199 1522/2566/559 1524/2567/196
f 197/2568/191 1523/2569/193 1525/2570/200 201/2571/178
f 198/2572/195 202/2573/182 1526/2574/201 1524/2575/196
f 203/2576/185 1525/2577/200 1523/2578/193 199/2579/198
f 204/2580/186 200/2581/560 1524/2582/196 1526/2583/201
f 201/2571/178 1525/2570/200 1527/2584/561 581/2585/548
f 202/2573/182 582/2586/551 1528/2587/562 1526/2574/201
f 583/2588/185 1527/2589/561 1525/2590/200 203/2591/185
f 584/2592/186 204/2593/186 1526/2594/201 1528/2595/562
f 581/2596/548 1527/2597/561 1521/2598/557 577/2599/556
f 582/2600/551 578/2601/558 1522/2602/559 1528/2603/562
f 579/2563/198 1521/2562/557 1527/2604/561 583/2605/185
f 580/2565/199 584/2606/186 1528/2607/562 1522/2566/559
f 573/2608/563 1529/2609/564 1531/2610/565 193/2611/204
f 574/2612/566 194/2613/567 1532/2614/568 1530/2615/569
f 195/2616/211 1531/2617/565 1529/2618/564 575/2619/211
f 196/2620/570 576/2621/571 1530/2622/569 1532/2623/568
f 193/2624/204 1531/2625/565 1533/2626/213 197/2627/191
f 194/2628/567 198/2629/195 1534/2630/572 1532/2631/568
f 199/2632/198 1533/2633/213 1531/2634/565 195/2635/211
f 200/2636/560 196/2637/570 1532/2638/568 1534/2639/572
f 197/2627/191 1533/2626/213 1535/2640/215 577/2641/556
f 198/2629/195 578/2642/558 1536/2643/573 1534/2630/572
f 579/2644/198 1535/2645/215 1533/2646/213 199/2647/198
f 580/2648/199 200/2649/560 1534/2650/572 1536/2651/573
f 577/2652/556 1535/2653/215 1529/2654/564 573/2655/563
f 578/2656/558 574/2657/566 1530/2658/569 1536/2659/573
f 575/2619/211 1529/2618/564 1535/2660/215 579/2661/198
f 576/2621/571 580/2662/199 1536/2663/573 1530/2622/569
f 569/2664/574 1537/2665/218 1539/2666/219 189/2667/217
f 570/2668/575 190/2669/221 1540/2670/576 1538/2671/577
f 191/2672/224 1539/2673/219 1537/2674/218 571/2675/224
f 192/2676/578 572/2677/225 1538/2678/577 1540/2679/576
f 189/2680/217 1539/2681/219 1541/2682/579 193/2683/204
f 190/2684/221 194/2685/567 1542/2686/580 1540/2687/576
f 195/2688/211 1541/2689/579 1539/2690/219 191/2691/224
f 196/2692/570 192/2693/578 1540/2694/576 1542/2695/580
f 193/2683/204 1541/2682/579 1543/2696/581 573/2697/563
f 194/2685/567 574/2698/566 1544/2699/582 1542/2686/580
f 575/2700/211 1543/2701/581 1541/2702/579 195/2703/211
f 576/2704/571 196/2705/570 1542/2706/580 1544/2707/582
f 573/2708/563 1543/2709/581 1537/2710/218 569/2711/574
f 574/2712/566 570/2713/575 1538/2714/577 1544/2715/582
f 571/2716/224 1537/2710/218 1543/2709/581 575/2717/211
f 572/2718/225 576/2719/571 1544/2715/582 1538/2714/577
f 565/2720/230 1545/2721/583 1547/2722/232 185/2723/230
f 566/2724/584 186/2725/234 1548/2726/235 1546/2727/585
f 187/2728/237 1547/2729/232 1545/2730/583 567/2731/237
f 188/2732/586 568/2733/586 1546/2734/585 1548/2735/235
f 185/2723/230 1547/2722/232 1549/2736/587 189/2737/217
f 186/2725/234 190/2738/221 1550/2739/240 1548/2726/235
f 191/2740/224 1549/2741/587 1547/2742/232 187/2743/237
f 192/2744/578 188/2745/586 1548/2746/235 1550/2747/240
f 189/2748/217 1549/2749/587 1551/2750/588 569/2751/574
f 190/2752/221 570/2753/575 1552/2754/589 1550/2755/240
f 571/2756/224 1551/2757/588 1549/2758/587 191/2759/224
f 572/2760/225 192/2761/578 1550/2762/240 1552/2763/589
f 569/2764/574 1551/2765/588 1545/2766/583 565/2767/230
f 570/2768/575 566/2769/584 1546/2770/585 1552/2771/589
f 567/2772/237 1545/2766/583 1551/2765/588 571/2773/224
f 568/2774/586 572/2760/225 1552/2763/589 1546/2775/585
f 561/2776/243 1553/2777/244 1555/2778/590 181/2779/243
f 562/2780/591 182/2781/592 1556/2782/593 1554/2783/594
f 183/2784/250 1555/2785/590 1553/2786/244 563/2787/250
f 184/2788/595 564/2789/596 1554/2790/594 1556/2791/593
f 181/2779/243 1555/2778/590 1557/2792/253 185/2793/230
f 182/2781/592 186/2794/234 1558/2795/597 1556/2782/593
f 187/2796/237 1557/2797/253 1555/2798/590 183/2799/250
f 188/2800/586 184/2801/595 1556/2802/593 1558/2803/597
f 185/2804/230 1557/2805/253 1559/2806/598 565/2807/230
f 186/2808/234 566/2809/584 1560/2810/599 1558/2811/597
f 567/2812/237 1559/2813/598 1557/2814/253 187/2815/237
f 568/2816/586 188/2817/586 1558/2818/597 1560/2819/599
f 565/2820/230 1559/2821/598 1553/2822/244 561/2823/243
f 566/2824/584 562/2825/591 1554/2826/594 1560/2827/599
f 563/2828/250 1553/2829/244 1559/2813/598 567/2812/237
f 564/2830/596 568/2816/586 1560/2819/599 1554/2831/594
f 557/2832/260 1561/2833/258 1563/2834/600 177/2835/260
f 558/2836/601 178/2837/602 1564/2838/603 1562/2839/604
f 179/2840/265 1563/2841/600 1561/2842/258 559/2843/265
f 180/2844/605 560/2845/606 1562/2846/604 1564/2847/603
f 177/2835/260 1563/2834/600 1565/2848/269 181/2849/243
f 178/2837/602 182/2850/592 1566/2851/607 1564/2838/603
f 183/2852/250 1565/2853/269 1563/2854/600 179/2855/265
f 184/2856/595 180/2857/605 1564/2858/603 1566/2859/607
f 181/2860/243 1565/2861/269 1567/2862/608 561/2863/243
f 182/2864/592 562/2865/591 1568/2866/609 1566/2867/607
f 563/2868/250 1567/2869/608 1565/2870/269 183/2871/250
f 564/2872/596 184/2873/595 1566/2874/607 1568/2875/609
f 561/2823/243 1567/2876/608 1561/2877/258 557/2878/260
f 562/2879/591 558/2880/601 1562/2881/604 1568/2882/609
f 559/2883/265 1561/2884/258 1567/2869/608 563/2868/250
f 560/2885/606 564/2872/596 1568/2875/609 1562/2886/604
f 553/2887/273 1569/2888/610 1571/2889/275 173/2890/273
f 554/2891/611 174/2892/612 1572/2893/613 1570/2894/614
f 175/2895/280 1571/2896/275 1569/2897/610 555/2898/280
f 176/2899/615 556/2900/281 1570/2901/614 1572/2902/613
f 173/2890/273 1571/2889/275 1573/2903/616 177/2904/260
f 174/2892/612 178/2905/602 1574/2906/617 1572/2893/613
f 179/2907/265 1573/2908/616 1571/2909/275 175/2910/280
f 180/2911/605 176/2912/615 1572/2913/613 1574/2914/617
f 177/2915/260 1573/2916/616 1575/2917/618 557/2918/260
f 178/2919/602 558/2920/601 1576/2921/619 1574/2922/617
f 559/2923/265 1575/2924/618 1573/2925/616 179/2926/265
f 560/2927/606 180/2928/605 1574/2929/617 1576/2930/619
f 557/2931/260 1575/2932/618 1569/2933/610 553/2934/273
f 558/2935/601 554/2936/611 1570/2937/614 1576/2938/619
f 555/2939/280 1569/2940/610 1575/2924/618 559/2923/265
f 556/2941/281 560/2927/606 1576/2930/619 1570/2942/614
f 549/2943/620 1577/2944/621 1579/2945/289 169/2946/287
f 550/2947/622 170/2948/291 1580/2949/292 1578/2950/623
f 171/2951/294 1579/2952/289 1577/2953/621 551/2954/294
f 172/2955/295 552/2956/295 1578/2957/623 1580/2958/292
f 169/2959/287 1579/2960/289 1581/2961/624 173/2890/273
f 170/2962/291 174/2892/612 1582/2963/297 1580/2964/292
f 175/2965/280 1581/2966/624 1579/2967/289 171/2968/294
f 176/2969/615 172/2970/295 1580/2971/292 1582/2972/297
f 173/2890/273 1581/2961/624 1583/2973/298 553/2887/273
f 174/2892/612 554/2891/611 1584/2974/625 1582/2963/297
f 555/2975/280 1583/2976/298 1581/2977/624 175/2978/280
f 556/2979/281 176/2980/615 1582/2981/297 1584/2982/625
f 553/2983/273 1583/2984/298 1577/2985/621 549/2986/620
f 554/2987/611 550/2988/622 1578/2989/623 1584/2990/625
f 551/2954/294 1577/2953/621 1583/2991/298 555/2992/280
f 552/2956/295 556/2993/281 1584/2994/625 1578/2957/623
f 545/2995/626 1585/2996/627 1587/2997/302 165/2998/300
f 546/2999/628 166/3000/304 1588/3001/305 1586/3002/629
f 167/3003/307 1587/3004/302 1585/3005/627 547/3006/307
f 168/3007/630 548/3008/308 1586/3009/629 1588/3010/305
f 165/3011/300 1587/3012/302 1589/3013/309 169/3014/287
f 166/3015/304 170/3016/291 1590/3017/310 1588/3018/305
f 171/3019/294 1589/3020/309 1587/3021/302 167/3022/307
f 172/3023/295 168/3024/630 1588/3025/305 1590/3026/310
f 169/3014/287 1589/3013/309 1591/3027/631 549/3028/620
f 170/3016/291 550/3029/622 1592/3030/632 1590/3017/310
f 551/3031/294 1591/3032/631 1589/3033/309 171/3034/294
f 552/3035/295 172/3036/295 1590/3037/310 1592/3038/632
f 549/3039/620 1591/3040/631 1585/3041/627 545/3042/626
f 550/3043/622 546/3044/628 1586/3045/629 1592/3046/632
f 547/3006/307 1585/3005/627 1591/3047/631 551/3048/294
f 548/3008/308 552/3049/295 1592/3050/632 1586/3009/629
f 541/3051/633 1593/3052/634 1595/3053/315 161/3054/313
f 542/3055/635 162/3056/317 1596/3057/636 1594/3058/637
f 163/3059/320 1595/3060/315 1593/3061/634 543/3062/320
f 164/3063/638 544/3064/639 1594/3065/637 1596/3066/636
f 161/3067/313 1595/3068/315 1597/3069/322 165/3070/300
f 162/3071/317 166/3072/304 1598/3073/640 1596/3074/636
f 167/3075/307 1597/3076/322 1595/3077/315 163/3078/320
f 168/3079/630 164/3080/638 1596/3081/636 1598/3082/640
f 165/3070/300 1597/3069/322 1599/3083/324 545/3084/626
f 166/3072/304 546/3085/628 1600/3086/641 1598/3073/640
f 547/3087/307 1599/3088/324 1597/3089/322 167/3090/307
f 548/3091/308 168/3092/630 1598/3093/640 1600/3094/641
f 545/3095/626 1599/3096/324 1593/3097/634 541/3098/633
f 546/3099/628 542/3100/635 1594/3101/637 1600/3102/641
f 543/3062/320 1593/3061/634 1599/3103/324 547/3104/307
f 544/3064/639 548/3105/308 1600/3106/641 1594/3065/637
f 537/3107/642 1601/3108/327 1603/3109/328 157/3110/326
f 538/3111/643 158/3112/330 1604/3113/644 1602/3114/645
f 159/3115/333 1603/3116/328 1601/3117/327 539/3118/333
f 160/3119/646 540/3120/334 1602/3121/645 1604/3122/644
f 157/3123/326 1603/3124/328 1605/3125/335 161/3126/313
f 158/3127/330 162/3128/317 1606/3129/647 1604/3130/644
f 163/3131/320 1605/3132/335 1603/3133/328 159/3134/333
f 164/3135/638 160/3136/646 1604/3137/644 1606/3138/647
f 161/3126/313 1605/3125/335 1607/3139/337 541/3140/633
f 162/3128/317 542/3141/635 1608/3142/648 1606/3129/647
f 543/3143/320 1607/3144/337 1605/3145/335 163/3146/320
f 544/3147/639 164/3148/638 1606/3149/647 1608/3150/648
f 541/3151/633 1607/3152/337 1601/3153/327 537/3154/642
f 542/3155/635 538/3156/643 1602/3157/645 1608/3158/648
f 539/3159/333 1601/3153/327 1607/3152/337 543/3160/320
f 540/3161/334 544/3162/639 1608/3158/648 1602/3157/645
f 533/3163/649 1609/3164/650 1611/3165/341 153/3166/339
f 534/3167/651 154/3168/343 1612/3169/344 1610/3170/652
f 155/3171/346 1611/3172/341 1609/3173/650 535/3174/346
f 156/3175/653 536/3176/347 1610/3177/652 1612/3178/344
f 153/3166/339 1611/3165/341 1613/3179/348 157/3180/326
f 154/3168/343 158/3181/330 1614/3182/349 1612/3169/344
f 159/3183/333 1613/3184/348 1611/3185/341 155/3186/346
f 160/3187/646 156/3188/653 1612/3189/344 1614/3190/349
f 157/3191/326 1613/3192/348 1615/3193/654 537/3194/642
f 158/3195/330 538/3196/643 1616/3197/655 1614/3198/349
f 539/3199/333 1615/3200/654 1613/3201/348 159/3202/333
f 540/3203/334 160/3204/646 1614/3205/349 1616/3206/655
f 537/3207/642 1615/3208/654 1609/3209/650 533/3210/649
f 538/3211/643 534/3212/651 1610/3213/652 1616/3214/655
f 535/3215/346 1609/3216/650 1615/3200/654 539/3199/333
f 536/3217/347 540/3203/334 1616/3206/655 1610/3218/652
f 529/3219/656 1617/3220/657 1619/3221/658 149/3222/352
f 530/3223/659 150/3224/660 1620/3225/661 1618/3226/662
f 151/3227/359 1619/3228/658 1617/3229/657 531/3230/359
f 152/3231/663 532/3232/664 1618/3233/662 1620/3234/661
f 149/3222/352 1619/3221/658 1621/3235/665 153/3236/339
f 150/3224/660 154/3237/343 1622/3238/666 1620/3225/661
f 155/3239/346 1621/3240/665 1619/3241/658 151/3242/359
f 156/3243/653 152/3244/663 1620/3245/661 1622/3246/666
f 153/3247/339 1621/3248/665 1623/3249/667 533/3250/649
f 154/3251/343 534/3252/651 1624/3253/365 1622/3254/666
f 535/3255/346 1623/3256/667 1621/3257/665 155/3258/346
f 536/3259/347 156/3260/653 1622/3261/666 1624/3262/365
f 533/3210/649 1623/3263/667 1617/3264/657 529/3265/656
f 534/3266/651 530/3267/659 1618/3268/662 1624/3269/365
f 531/3270/359 1617/3271/657 1623/3256/667 535/3255/346
f 532/3272/664 536/3259/347 1624/3262/365 1618/3273/662
f 525/3274/668 1625/3275/669 1627/3276/670 145/3277/366
f 526/3278/671 146/3279/672 1628/3280/673 1626/3281/674
f 147/3282/373 1627/3283/670 1625/3284/669 527/3285/373
f 148/3286/675 528/3287/676 1626/3288/674 1628/3289/673
f 145/3277/366 1627/3276/670 1629/3290/377 149/3291/352
f 146/3279/672 150/3292/660 1630/3293/677 1628/3280/673
f 151/3294/359 1629/3295/377 1627/3296/670 147/3297/373
f 152/3298/663 148/3299/675 1628/3300/673 1630/3301/677
f 149/3302/352 1629/3303/377 1631/3304/678 529/3305/656
f 150/3306/660 530/3307/659 1632/3308/679 1630/3309/677
f 531/3310/359 1631/3311/678 1629/3312/377 151/3313/359
f 532/3314/664 152/3315/663 1630/3316/677 1632/3317/679
f 529/3318/656 1631/3319/678 1625/3320/669 525/3321/668
f 530/3322/659 526/3323/671 1626/3324/674 1632/3325/679
f 527/3326/373 1625/3327/669 1631/3311/678 531/3310/359
f 528/3328/676 532/3314/664 1632/3317/679 1626/3329/674
f 521/3330/680 1633/3331/681 1635/3332/682 141/3333/381
f 522/3334/683 142/3335/684 1636/3336/685 1634/3337/686
f 143/3338/687 1635/3339/682 1633/3340/681 523/3341/388
f 144/3342/688 524/3343/689 1634/3344/686 1636/3345/685
f 141/3333/381 1635/3332/682 1637/3346/690 145/3347/366
f 142/3335/684 146/3348/672 1638/3349/691 1636/3336/685
f 147/3350/373 1637/3351/690 1635/3352/682 143/3353/687
f 148/3354/675 144/3355/688 1636/3356/685 1638/3357/691
f 145/3358/366 1637/3359/690 1639/3360/692 525/3361/668
f 146/3362/672 526/3363/671 1640/3364/693 1638/3365/691
f 527/3366/373 1639/3367/692 1637/3368/690 147/3369/373
f 528/3370/676 148/3371/675 1638/3372/691 1640/3373/693
f 525/3374/668 1639/3375/692 1633/3376/681 521/3377/680
f 526/3378/671 522/3379/683 1634/3380/686 1640/3381/693
f 523/3382/388 1633/3383/681 1639/3367/692 527/3366/373
f 524/3384/689 528/3370/676 1640/3373/693 1634/3385/686
f 517/3386/694 1641/3387/396 1643/3388/397 137/3389/395
f 518/3390/695 138/3391/399 1644/3392/696 1642/3393/697
f 139/3394/402 1643/3395/397 1641/3396/396 519/3397/402
f 140/3398/404 520/3399/404 1642/3393/697 1644/3392/696
f 137/3400/395 1643/3401/397 1645/3402/698 141/3333/381
f 138/3403/399 142/3335/684 1646/3404/699 1644/3405/696
f 143/3406/687 1645/3407/698 1643/3408/397 139/3409/402
f 144/3410/688 140/3411/404 1644/3412/696 1646/3413/699
f 141/3333/381 1645/3402/698 1647/3414/700 521/3330/680
f 142/3335/684 522/3334/683 1648/3415/701 1646/3404/699
f 523/3416/388 1647/3417/700 1645/3418/698 143/3419/687
f 524/3420/689 144/3421/688 1646/3422/699 1648/3423/701
f 521/3424/680 1647/3425/700 1641/3426/396 517/3427/694
f 522/3428/683 518/3429/695 1642/3430/697 1648/3431/701
f 519/3397/402 1641/3396/396 1647/3432/700 523/3433/388
f 520/3434/404 524/3435/689 1648/3436/701 1642/3437/697
f 513/3438/409 1649/3439/410 1651/3440/411 133/3441/412
f 514/3442/702 134/3443/414 1652/3444/415 1650/3445/703
f 135/3446/417 1651/3447/411 1649/3448/410 515/3449/417
f 136/3450/418 516/3451/418 1650/3452/703 1652/3453/415
f 133/3454/412 1651/3455/411 1653/3456/419 137/3457/395
f 134/3458/414 138/3459/399 1654/3460/420 1652/3461/415
f 139/3462/402 1653/3463/419 1651/3464/411 135/3465/417
f 140/3466/404 136/3467/418 1652/3468/415 1654/3469/420
f 137/3457/395 1653/3456/419 1655/3470/421 517/3471/694
f 138/3459/399 518/3472/695 1656/3473/704 1654/3460/420
f 519/3474/402 1655/3475/421 1653/3476/419 139/3477/402
f 520/3478/404 140/3479/404 1654/3480/420 1656/3481/704
f 517/3482/694 1655/3483/421 1649/3484/410 513/3485/409
f 518/3486/695 514/3487/702 1650/3488/703 1656/3489/704
f 515/3449/417 1649/3448/410 1655/3490/421 519/3491/402
f 516/3451/418 520/3492/404 1656/3493/704 1650/3452/703
f 637/3494/11 1657/3495/705 1659/3496/424 129/3497/11
f 638/3498/436 130/3499/434 1660/3500/425 1658/3501/706
f 131/3502/14 1659/3503/424 1657/3504/705 639/3505/14
f 132/3506/435 640/3507/435 1658/3508/706 1660/3509/425
f 129/3510/11 1659/3511/424 1661/3512/427 133/3513/412
f 130/3514/434 134/3515/414 1662/3516/428 1660/3517/425
f 135/3518/417 1661/3519/427 1659/3520/424 131/3521/14
f 136/3522/418 132/3523/435 1660/3524/425 1662/3525/428
f 133/3513/412 1661/3512/427 1663/3526/429 513/3527/409
f 134/3515/414 514/3528/702 1664/3529/707 1662/3516/428
f 515/3530/417 1663/3531/429 1661/3532/427 135/3533/417
f 516/3534/418 136/3535/418 1662/3536/428 1664/3537/707
f 513/3538/409 1663/3539/429 1657/3540/705 637/3541/11
f 514/3542/702 638/3543/436 1658/3544/706 1664/3545/707
f 639/3505/14 1657/3504/705 1663/3546/429 515/3547/417
f 640/3507/435 516/3548/418 1664/3549/707 1658/3508/706
f 253/3550/1 1665/3551/708 1667/3552/709 381/3553/710
f 254/3554/5 382/3555/711 1668/3556/712 1666/3557/713
f 383/3558/8 1667/3559/709 1665/3560/708 255/3561/8
f 384/3562/9 256/3563/9 1666/3564/713 1668/3565/712
f 381/3566/710 1667/3567/709 1669/3568/714 257/3569/715
f 382/3570/711 258/3571/716 1670/3572/717 1668/3573/712
f 259/3574/14 1669/3575/714 1667/3576/709 383/3577/8
f 260/3578/718 384/3579/9 1668/3580/712 1670/3581/717
f 257/3569/715 1669/3568/714 1671/3582/719 129/3583/11
f 258/3571/716 130/3584/434 1672/3585/720 1670/3572/717
f 131/3586/14 1671/3587/719 1669/3588/714 259/3589/14
f 132/3590/435 260/3591/718 1670/3592/717 1672/3593/720
f 129/3594/11 1671/3595/719 1665/3596/708 253/3597/1
f 130/3598/434 254/3599/5 1666/3600/713 1672/3601/720
f 255/3602/8 1665/3596/708 1671/3595/719 131/3603/14
f 256/3563/9 132/3604/435 1672/3605/720 1666/3564/713
f 249/3606/20 1673/3607/21 1675/3608/721 377/3609/722
f 250/3610/23 378/3611/723 1676/3612/724 1674/3613/25
f 379/3614/26 1675/3615/721 1673/3616/21 251/3617/26
f 380/3618/440 252/3619/440 1674/3620/25 1676/3621/724
f 377/3609/722 1675/3608/721 1677/3622/725 381/3623/710
f 378/3611/723 382/3624/711 1678/3625/726 1676/3612/724
f 383/3626/8 1677/3627/725 1675/3628/721 379/3629/26
f 384/3630/9 380/3631/440 1676/3632/724 1678/3633/726
f 381/3634/710 1677/3635/725 1679/3636/30 253/3637/1
f 382/3638/711 254/3639/5 1680/3640/31 1678/3641/726
f 255/3642/8 1679/3643/30 1677/3644/725 383/3645/8
f 256/3646/9 384/3647/9 1678/3648/726 1680/3649/31
f 253/3650/1 1679/3651/30 1673/3652/21 249/3653/20
f 254/3654/5 250/3655/23 1674/3656/25 1680/3657/31
f 251/3658/26 1673/3659/21 1679/3643/30 255/3642/8
f 252/3660/440 256/3646/9 1680/3649/31 1674/3661/25
f 245/3662/32 1681/3663/727 1683/3664/34 373/3665/728
f 246/3666/445 374/3667/729 1684/3668/730 1682/3669/731
f 375/3670/448 1683/3671/34 1681/3672/727 247/3673/448
f 376/3674/732 248/3675/449 1682/3676/731 1684/3677/730
f 373/3665/728 1683/3664/34 1685/3678/733 377/3679/722
f 374/3667/729 378/3680/723 1686/3681/734 1684/3668/730
f 379/3682/26 1685/3683/733 1683/3684/34 375/3685/448
f 380/3686/440 376/3687/732 1684/3688/730 1686/3689/734
f 377/3690/722 1685/3691/733 1687/3692/43 249/3693/20
f 378/3694/723 250/3695/23 1688/3696/735 1686/3697/734
f 251/3698/26 1687/3699/43 1685/3700/733 379/3701/26
f 252/3702/440 380/3703/440 1686/3704/734 1688/3705/735
f 249/3706/20 1687/3707/43 1681/3708/727 245/3709/32
f 250/3710/23 246/3711/445 1682/3712/731 1688/3713/735
f 247/3714/448 1681/3715/727 1687/3699/43 251/3698/26
f 248/3716/449 252/3702/440 1688/3705/735 1682/3717/731
f 241/3718/45 1689/3719/454 1691/3720/736 369/3721/453
f 242/3722/457 370/3723/737 1692/3724/738 1690/3725/739
f 371/3726/52 1691/3727/736 1689/3728/454 243/3729/52
f 372/3730/740 244/3731/460 1690/3732/739 1692/3733/738
f 369/3721/453 1691/3720/736 1693/3734/741 373/3735/728
f 370/3723/737 374/3736/729 1694/3737/742 1692/3724/738
f 375/3738/448 1693/3739/741 1691/3740/736 371/3741/52
f 376/3742/732 372/3743/740 1692/3744/738 1694/3745/742
f 373/3746/728 1693/3747/741 1695/3748/464 245/3749/32
f 374/3750/729 246/3751/445 1696/3752/743 1694/3753/742
f 247/3754/448 1695/3755/464 1693/3756/741 375/3757/448
f 248/3758/449 376/3759/732 1694/3760/742 1696/3761/743
f 245/3762/32 1695/3763/464 1689/3764/454 241/3765/45
f 246/3766/445 242/3767/457 1690/3768/739 1696/3769/743
f 243/3770/52 1689/3771/454 1695/3755/464 247/3754/448
f 244/3772/460 248/3758/449 1696/3761/743 1690/3773/739
f 237/3774/59 1697/3775/60 1699/3776/744 365/3777/466
f 238/3778/469 366/3779/745 1700/3780/746 1698/3781/747
f 367/3782/65 1699/3783/744 1697/3784/60 239/3785/65
f 368/3786/748 240/3787/472 1698/3788/747 1700/3789/746
f 365/3777/466 1699/3776/744 1701/3790/749 369/3791/453
f 366/3779/745 370/3792/737 1702/3793/750 1700/3780/746
f 371/3794/52 1701/3795/749 1699/3796/744 367/3797/65
f 372/3798/740 368/3799/748 1700/3800/746 1702/3801/750
f 369/3802/453 1701/3803/749 1703/3804/751 241/3805/45
f 370/3806/737 242/3807/457 1704/3808/752 1702/3809/750
f 243/3810/52 1703/3811/751 1701/3812/749 371/3813/52
f 244/3814/460 372/3815/740 1702/3816/750 1704/3817/752
f 241/3818/45 1703/3819/751 1697/3820/60 237/3821/59
f 242/3822/457 238/3823/469 1698/3824/747 1704/3825/752
f 239/3826/65 1697/3827/60 1703/3811/751 243/3810/52
f 240/3828/472 244/3814/460 1704/3817/752 1698/3829/747
f 233/3830/71 1705/3831/72 1707/3832/753 361/3833/477
f 234/3834/74 362/3835/754 1708/3836/755 1706/3837/76
f 363/3838/77 1707/3839/753 1705/3840/72 235/3841/77
f 364/3842/78 236/3843/78 1706/3837/76 1708/3836/755
f 361/3844/477 1707/3845/753 1709/3846/756 365/3777/466
f 362/3847/754 366/3779/745 1710/3848/757 1708/3849/755
f 367/3850/65 1709/3851/756 1707/3852/753 363/3853/77
f 368/3854/748 364/3855/78 1708/3856/755 1710/3857/757
f 365/3777/466 1709/3846/756 1711/3858/81 237/3774/59
f 366/3779/745 238/3778/469 1712/3859/82 1710/3848/757
f 239/3860/65 1711/3861/81 1709/3862/756 367/3863/65
f 240/3864/472 368/3865/748 1710/3866/757 1712/3867/82
f 237/3868/59 1711/3869/81 1705/3870/72 233/3871/71
f 238/3872/469 234/3873/74 1706/3874/76 1712/3875/82
f 235/3841/77 1705/3840/72 1711/3876/81 239/3877/65
f 236/3878/78 240/3879/472 1712/3880/82 1706/3874/76
f 229/3881/83 1713/3882/84 1715/3883/758 357/3884/485
f 230/3885/87 358/3886/759 1716/3887/760 1714/3888/89
f 359/3889/90 1715/3890/758 1713/3891/84 231/3892/90
f 360/3893/489 232/3894/489 1714/3895/89 1716/3896/760
f 357/3897/485 1715/3898/758 1717/3899/761 361/3900/477
f 358/3901/759 362/3902/754 1718/3903/762 1716/3904/760
f 363/3905/77 1717/3906/761 1715/3907/758 359/3908/90
f 364/3909/78 360/3910/489 1716/3911/760 1718/3912/762
f 361/3900/477 1717/3899/761 1719/3913/94 233/3914/71
f 362/3902/754 234/3915/74 1720/3916/95 1718/3903/762
f 235/3917/77 1719/3918/94 1717/3919/761 363/3920/77
f 236/3921/78 364/3922/78 1718/3923/762 1720/3924/95
f 233/3925/71 1719/3926/94 1713/3927/84 229/3928/83
f 234/3929/74 230/3930/87 1714/3931/89 1720/3932/95
f 231/3892/90 1713/3891/84 1719/3933/94 235/3934/77
f 232/3894/489 236/3935/78 1720/3936/95 1714/3895/89
f 225/3937/96 1721/3938/763 1723/3939/764 353/3940/492
f 226/3941/100 354/3942/765 1724/3943/766 1722/3944/767
f 355/3945/103 1723/3946/764 1721/3947/763 227/3948/103
f 356/3949/768 228/3950/497 1722/3951/767 1724/3952/766
f 353/3953/492 1723/3954/764 1725/3955/769 357/3956/485
f 354/3957/765 358/3958/759 1726/3959/770 1724/3960/766
f 359/3961/90 1725/3962/769 1723/3963/764 355/3964/103
f 360/3965/489 356/3966/768 1724/3967/766 1726/3968/770
f 357/3956/485 1725/3955/769 1727/3969/771 229/3970/83
f 358/3958/759 230/3971/87 1728/3972/772 1726/3959/770
f 231/3973/90 1727/3974/771 1725/3975/769 359/3976/90
f 232/3977/489 360/3978/489 1726/3979/770 1728/3980/772
f 229/3981/83 1727/3982/771 1721/3983/763 225/3984/96
f 230/3985/87 226/3986/100 1722/3987/767 1728/3988/772
f 227/3948/103 1721/3947/763 1727/3989/771 231/3990/90
f 228/3950/497 232/3991/489 1728/3992/772 1722/3951/767
f 221/3993/109 1729/3994/773 1731/3995/774 349/3996/501
f 222/3997/113 350/3998/775 1732/3999/776 1730/4000/777
f 351/4001/116 1731/4002/774 1729/4003/773 223/4004/116
f 352/4005/778 224/4006/505 1730/4007/777 1732/4008/776
f 349/4009/501 1731/4010/774 1733/4011/118 353/4012/492
f 350/4013/775 354/4014/765 1734/4015/779 1732/4016/776
f 355/4017/103 1733/4018/118 1731/4019/774 351/4020/116
f 356/4021/768 352/4022/778 1732/4023/776 1734/4024/779
f 353/4012/492 1733/4011/118 1735/4025/120 225/4026/96
f 354/4014/765 226/4027/100 1736/4028/780 1734/4015/779
f 227/4029/103 1735/4030/120 1733/4031/118 355/4032/103
f 228/4033/497 356/4034/768 1734/4035/779 1736/4036/780
f 225/4037/96 1735/4038/120 1729/4039/773 221/4040/109
f 226/4041/100 222/4042/113 1730/4043/777 1736/4044/780
f 223/4045/116 1729/4039/773 1735/4038/120 227/4046/103
f 224/4006/505 228/4047/497 1736/4048/780 1730/4007/777
f 217/4049/122 1737/4050/123 1739/4051/781 345/4052/508
f 218/4053/126 346/4054/782 1740/4055/783 1738/4056/128
f 347/4057/129 1739/4058/781 1737/4059/123 219/4060/129
f 348/4061/512 220/4062/512 1738/4063/128 1740/4064/783
f 345/4052/508 1739/4051/781 1741/4065/784 349/4066/501
f 346/4054/782 350/4067/775 1742/4068/785 1740/4055/783
f 351/4069/116 1741/4070/784 1739/4071/781 347/4072/129
f 352/4073/778 348/4074/512 1740/4075/783 1742/4076/785
f 349/4077/501 1741/4078/784 1743/4079/133 221/4080/109
f 350/4081/775 222/4082/113 1744/4083/134 1742/4084/785
f 223/4085/116 1743/4086/133 1741/4087/784 351/4088/116
f 224/4089/505 352/4090/778 1742/4091/785 1744/4092/134
f 221/4093/109 1743/4094/133 1737/4095/123 217/4096/122
f 222/4097/113 218/4098/126 1738/4099/128 1744/4100/134
f 219/4101/129 1737/4102/123 1743/4086/133 223/4085/116
f 220/4103/512 224/4089/505 1744/4092/134 1738/4104/128
f 213/4105/135 1745/4106/786 1747/4107/787 341/4108/515
f 214/4109/139 342/4110/788 1748/4111/789 1746/4112/790
f 343/4113/521 1747/4114/787 1745/4115/786 215/4116/521
f 344/4117/522 216/4118/522 1746/4119/790 1748/4120/789
f 341/4108/515 1747/4107/787 1749/4121/791 345/4122/508
f 342/4110/788 346/4123/782 1750/4124/792 1748/4111/789
f 347/4125/129 1749/4126/791 1747/4127/787 343/4128/521
f 348/4129/512 344/4130/522 1748/4131/789 1750/4132/792
f 345/4133/508 1749/4134/791 1751/4135/147 217/4136/122
f 346/4137/782 218/4138/126 1752/4139/793 1750/4140/792
f 219/4141/129 1751/4142/147 1749/4143/791 347/4144/129
f 220/4145/512 348/4146/512 1750/4147/792 1752/4148/793
f 217/4149/122 1751/4150/147 1745/4151/786 213/4152/135
f 218/4153/126 214/4154/139 1746/4155/790 1752/4156/793
f 215/4157/521 1745/4158/786 1751/4142/147 219/4141/129
f 216/4159/522 220/4145/512 1752/4148/793 1746/4160/790
f 209/4161/152 1753/4162/794 1755/4163/795 337/4164/149
f 210/4165/154 338/4166/796 1756/4167/797 1754/4168/798
f 339/4169/158 1755/4170/795 1753/4171/794 211/4172/157
f 340/4173/799 212/4174/530 1754/4175/798 1756/4176/797
f 337/4164/149 1755/4163/795 1757/4177/800 341/4178/515
f 338/4166/796 342/4179/788 1758/4180/801 1756/4167/797
f 343/4181/521 1757/4182/800 1755/4183/795 339/4184/158
f 344/4185/522 340/4186/799 1756/4187/797 1758/4188/801
f 341/4189/515 1757/4190/800 1759/4191/802 213/4192/135
f 342/4193/788 214/4194/139 1760/4195/803 1758/4196/801
f 215/4197/521 1759/4198/802 1757/4199/800 343/4200/521
f 216/4201/522 344/4202/522 1758/4203/801 1760/4204/803
f 213/4205/135 1759/4206/802 1753/4207/794 209/4208/152
f 214/4209/139 210/4210/154 1754/4211/798 1760/4212/803
f 211/4213/157 1753/4214/794 1759/4198/802 215/4197/521
f 212/4215/530 216/4201/522 1760/4204/803 1754/4216/798
f 205/4217/165 1761/4218/166 1763/4219/167 333/4220/536
f 206/4221/540 334/4222/804 1764/4223/805 1762/4224/806
f 335/4225/172 1763/4226/167 1761/4227/166 207/4228/172
f 336/4229/807 208/4230/173 1762/4231/806 1764/4232/805
f 333/4220/536 1763/4219/167 1765/4233/808 337/4234/149
f 334/4222/804 338/4235/796 1766/4236/809 1764/4223/805
f 339/4237/158 1765/4238/808 1763/4239/167 335/4240/172
f 340/4241/799 336/4242/807 1764/4243/805 1766/4244/809
f 337/4245/149 1765/4246/808 1767/4247/810 209/4248/152
f 338/4249/796 210/4250/154 1768/4251/811 1766/4252/809
f 211/4253/157 1767/4254/810 1765/4255/808 339/4256/158
f 212/4257/530 340/4258/799 1766/4259/809 1768/4260/811
f 209/4261/152 1767/4262/810 1761/4263/166 205/4264/165
f 210/4265/154 206/4266/540 1762/4267/806 1768/4268/811
f 207/4269/172 1761/4270/166 1767/4254/810 211/4253/157
f 208/4271/173 212/4257/530 1768/4260/811 1762/4272/806
f 201/4273/178 1769/4274/179 1771/4275/812 329/4276/548
f 202/4277/182 330/4278/813 1772/4279/814 1770/4280/815
f 331/4281/185 1771/4282/812 1769/4283/179 203/4284/185
f 332/4285/186 204/4286/186 1770/4287/815 1772/4288/814
f 329/4289/548 1771/4290/812 1773/4291/816 333/4220/536
f 330/4292/813 334/4222/804 1774/4293/817 1772/4294/814
f 335/4295/172 1773/4296/816 1771/4297/812 331/4298/185
f 336/4299/807 332/4300/186 1772/4301/814 1774/4302/817
f 333/4220/536 1773/4291/816 1775/4303/818 205/4217/165
f 334/4222/804 206/4221/540 1776/4304/819 1774/4293/817
f 207/4305/172 1775/4306/818 1773/4307/816 335/4308/172
f 208/4309/173 336/4310/807 1774/4311/817 1776/4312/819
f 205/4313/165 1775/4314/818 1769/4315/179 201/4316/178
f 206/4317/540 202/4318/182 1770/4319/815 1776/4320/819
f 203/4284/185 1769/4283/179 1775/4321/818 207/4322/172
f 204/4286/186 208/4323/173 1776/4324/819 1770/4287/815
f 197/4325/191 1777/4326/192 1779/4327/820 325/4328/556
f 198/4329/195 326/4330/821 1780/4331/822 1778/4332/197
f 327/4333/198 1779/4334/820 1777/4335/192 199/4336/198
f 328/4337/560 200/4338/560 1778/4339/197 1780/4340/822
f 325/4341/556 1779/4342/820 1781/4343/823 329/4344/548
f 326/4345/821 330/4346/813 1782/4347/824 1780/4348/822
f 331/4349/185 1781/4350/823 1779/4351/820 327/4352/198
f 332/4353/186 328/4354/560 1780/4355/822 1782/4356/824
f 329/4344/548 1781/4343/823 1783/4357/202 201/4358/178
f 330/4346/813 202/4359/182 1784/4360/203 1782/4347/824
f 203/4361/185 1783/4362/202 1781/4363/823 331/4364/185
f 204/4365/186 332/4366/186 1782/4367/824 1784/4368/203
f 201/4369/178 1783/4370/202 1777/4371/192 197/4372/191
f 202/4373/182 198/4374/195 1778/4375/197 1784/4376/203
f 199/4336/198 1777/4335/192 1783/4377/202 203/4378/185
f 200/4338/560 204/4379/186 1784/4380/203 1778/4339/197
f 193/4381/204 1785/4382/825 1787/4383/826 321/4384/563
f 194/4385/567 322/4386/827 1788/4387/828 1786/4388/829
f 323/4389/211 1787/4390/826 1785/4391/825 195/4392/211
f 324/4393/830 196/4394/570 1786/4395/829 1788/4396/828
f 321/4397/563 1787/4398/826 1789/4399/831 325/4400/556
f 322/4401/827 326/4402/821 1790/4403/832 1788/4404/828
f 327/4405/198 1789/4406/831 1787/4407/826 323/4408/211
f 328/4409/560 324/4410/830 1788/4411/828 1790/4412/832
f 325/4400/556 1789/4399/831 1791/4413/833 197/4414/191
f 326/4402/821 198/4415/195 1792/4416/834 1790/4403/832
f 199/4417/198 1791/4418/833 1789/4419/831 327/4420/198
f 200/4421/560 328/4422/560 1790/4423/832 1792/4424/834
f 197/4425/191 1791/4426/833 1785/4427/825 193/4428/204
f 198/4429/195 194/4430/567 1786/4431/829 1792/4432/834
f 195/4392/211 1785/4391/825 1791/4433/833 199/4434/198
f 196/4394/570 200/4435/560 1792/4436/834 1786/4395/829
f 189/4437/217 1793/4438/835 1795/4439/836 317/4440/574
f 190/4441/221 318/4442/837 1796/4443/838 1794/4444/839
f 319/4445/224 1795/4446/836 1793/4447/835 191/4448/224
f 320/4449/840 192/4450/578 1794/4451/839 1796/4452/838
f 317/4453/574 1795/4454/836 1797/4455/226 321/4456/563
f 318/4457/837 322/4458/827 1798/4459/841 1796/4460/838
f 323/4461/211 1797/4462/226 1795/4463/836 319/4464/224
f 324/4465/830 320/4466/840 1796/4467/838 1798/4468/841
f 321/4456/563 1797/4455/226 1799/4469/228 193/4470/204
f 322/4458/827 194/4471/567 1800/4472/842 1798/4459/841
f 195/4473/211 1799/4474/228 1797/4475/226 323/4476/211
f 196/4477/570 324/4478/830 1798/4479/841 1800/4480/842
f 193/4481/204 1799/4482/228 1793/4483/835 189/4484/217
f 194/4485/567 190/4486/221 1794/4487/839 1800/4488/842
f 191/4489/224 1793/4483/835 1799/4482/228 195/4490/211
f 192/4450/578 196/4491/570 1800/4492/842 1794/4451/839
f 185/4493/230 1801/4494/231 1803/4495/843 313/4496/844
f 186/4497/234 314/4498/845 1804/4499/846 1802/4500/236
f 315/4501/237 1803/4502/843 1801/4503/231 187/4504/237
f 316/4505/586 188/4506/586 1802/4507/236 1804/4508/846
f 313/4496/844 1803/4495/843 1805/4509/847 317/4510/574
f 314/4498/845 318/4511/837 1806/4512/848 1804/4499/846
f 319/4513/224 1805/4514/847 1803/4515/843 315/4516/237
f 320/4517/840 316/4518/586 1804/4519/846 1806/4520/848
f 317/4521/574 1805/4522/847 1807/4523/241 189/4524/217
f 318/4525/837 190/4526/221 1808/4527/242 1806/4528/848
f 191/4529/224 1807/4530/241 1805/4531/847 319/4532/224
f 192/4533/578 320/4534/840 1806/4535/848 1808/4536/242
f 189/4537/217 1807/4538/241 1801/4539/231 185/4540/230
f 190/4541/221 186/4542/234 1802/4543/236 1808/4544/242
f 187/4545/237 1801/4539/231 1807/4538/241 191/4546/224
f 188/4547/586 192/4533/578 1808/4536/242 1802/4548/236
f 181/4549/243 1809/4550/244 1811/4551/849 309/4552/850
f 182/4553/592 310/4554/851 1812/4555/852 1810/4556/853
f 311/4557/250 1811/4558/849 1809/4559/244 183/4560/250
f 312/4561/595 184/4562/595 1810/4563/853 1812/4564/852
f 309/4552/850 1811/4551/849 1813/4565/854 313/4566/844
f 310/4554/851 314/4567/845 1814/4568/855 1812/4555/852
f 315/4569/237 1813/4570/854 1811/4571/849 311/4572/250
f 316/4573/586 312/4574/595 1812/4575/852 1814/4576/855
f 313/4577/844 1813/4578/854 1815/4579/255 185/4580/230
f 314/4581/845 186/4582/234 1816/4583/856 1814/4584/855
f 187/4585/237 1815/4586/255 1813/4587/854 315/4588/237
f 188/4589/586 316/4590/586 1814/4591/855 1816/4592/856
f 185/4593/230 1815/4594/255 1809/4595/244 181/4596/243
f 186/4597/234 182/4598/592 1810/4599/853 1816/4600/856
f 183/4601/250 1809/4602/244 1815/4586/255 187/4585/237
f 184/4603/595 188/4589/586 1816/4592/856 1810/4604/853
f 177/4605/260 1817/4606/857 1819/4607/858 305/4608/257
f 178/4609/602 306/4610/859 1820/4611/860 1818/4612/861
f 307/4613/265 1819/4614/858 1817/4615/857 179/4616/265
f 308/4617/862 180/4618/605 1818/4619/861 1820/4620/860
f 305/4608/257 1819/4607/858 1821/4621/863 309/4622/850
f 306/4610/859 310/4623/851 1822/4624/864 1820/4611/860
f 311/4625/250 1821/4626/863 1819/4627/858 307/4628/265
f 312/4629/595 308/4630/862 1820/4631/860 1822/4632/864
f 309/4633/850 1821/4634/863 1823/4635/608 181/4636/243
f 310/4637/851 182/4638/592 1824/4639/865 1822/4640/864
f 183/4641/250 1823/4642/608 1821/4643/863 311/4644/250
f 184/4645/595 312/4646/595 1822/4647/864 1824/4648/865
f 181/4649/243 1823/4650/608 1817/4651/857 177/4652/260
f 182/4653/592 178/4654/602 1818/4655/861 1824/4656/865
f 179/4657/265 1817/4658/857 1823/4642/608 183/4641/250
f 180/4659/605 184/4645/595 1824/4648/865 1818/4660/861
f 173/4661/273 1825/4662/610 1827/4663/866 301/4664/867
f 174/4665/612 302/4666/868 1828/4667/869 1826/4668/870
f 303/4669/280 1827/4670/866 1825/4671/610 175/4672/280
f 304/4673/871 176/4674/615 1826/4675/870 1828/4676/869
f 301/4664/867 1827/4663/866 1829/4677/872 305/4678/257
f 302/4666/868 306/4679/859 1830/4680/873 1828/4667/869
f 307/4681/265 1829/4682/872 1827/4683/866 303/4684/280
f 308/4685/862 304/4686/871 1828/4687/869 1830/4688/873
f 305/4689/257 1829/4690/872 1831/4691/874 177/4692/260
f 306/4693/859 178/4694/602 1832/4695/875 1830/4696/873
f 179/4697/265 1831/4698/874 1829/4699/872 307/4700/265
f 180/4701/605 308/4702/862 1830/4703/873 1832/4704/875
f 177/4705/260 1831/4706/874 1825/4707/610 173/4708/273
f 178/4709/602 174/4710/612 1826/4711/870 1832/4712/875
f 175/4713/280 1825/4714/610 1831/4698/874 179/4697/265
f 176/4715/615 180/4701/605 1832/4704/875 1826/4716/870
f 169/4717/287 1833/4718/288 1835/4719/876 297/4720/620
f 170/4721/291 298/4722/877 1836/4723/878 1834/4724/879
f 299/4725/294 1835/4726/876 1833/4727/288 171/4728/294
f 300/4729/295 172/4730/295 1834/4731/879 1836/4732/878
f 297/4733/620 1835/4734/876 1837/4735/880 301/4664/867
f 298/4736/877 302/4666/868 1838/4737/881 1836/4738/878
f 303/4739/280 1837/4740/880 1835/4741/876 299/4742/294
f 304/4743/871 300/4744/295 1836/4745/878 1838/4746/881
f 301/4664/867 1837/4735/880 1839/4747/298 173/4661/273
f 302/4666/868 174/4665/612 1840/4748/882 1838/4737/881
f 175/4749/280 1839/4750/298 1837/4751/880 303/4752/280
f 176/4753/615 304/4754/871 1838/4755/881 1840/4756/882
f 173/4757/273 1839/4758/298 1833/4759/288 169/4760/287
f 174/4761/612 170/4762/291 1834/4763/879 1840/4764/882
f 171/4728/294 1833/4727/288 1839/4765/298 175/4766/280
f 172/4730/295 176/4767/615 1840/4768/882 1834/4731/879
f 165/4769/300 1841/4770/301 1843/4771/883 293/4772/626
f 166/4773/304 294/4774/884 1844/4775/885 1842/4776/306
f 295/4777/307 1843/4778/883 1841/4779/301 167/4780/307
f 296/4781/630 168/4782/630 1842/4783/306 1844/4784/885
f 293/4785/626 1843/4786/883 1845/4787/886 297/4788/620
f 294/4789/884 298/4790/877 1846/4791/887 1844/4792/885
f 299/4793/294 1845/4794/886 1843/4795/883 295/4796/307
f 300/4797/295 296/4798/630 1844/4799/885 1846/4800/887
f 297/4788/620 1845/4787/886 1847/4801/311 169/4802/287
f 298/4790/877 170/4803/291 1848/4804/312 1846/4791/887
f 171/4805/294 1847/4806/311 1845/4807/886 299/4808/294
f 172/4809/295 300/4810/295 1846/4811/887 1848/4812/312
f 169/4813/287 1847/4814/311 1841/4815/301 165/4816/300
f 170/4817/291 166/4818/304 1842/4819/306 1848/4820/312
f 167/4780/307 1841/4779/301 1847/4821/311 171/4822/294
f 168/4782/630 172/4823/295 1848/4824/312 1842/4783/306
f 161/4825/313 1849/4826/888 1851/4827/889 289/4828/633
f 162/4829/317 290/4830/890 1852/4831/891 1850/4832/892
f 291/4833/320 1851/4834/889 1849/4835/888 163/4836/320
f 292/4837/893 164/4838/638 1850/4839/892 1852/4840/891
f 289/4841/633 1851/4842/889 1853/4843/894 293/4844/626
f 290/4845/890 294/4846/884 1854/4847/895 1852/4848/891
f 295/4849/307 1853/4850/894 1851/4851/889 291/4852/320
f 296/4853/630 292/4854/893 1852/4855/891 1854/4856/895
f 293/4844/626 1853/4843/894 1855/4857/896 165/4858/300
f 294/4846/884 166/4859/304 1856/4860/897 1854/4847/895
f 167/4861/307 1855/4862/896 1853/4863/894 295/4864/307
f 168/4865/630 296/4866/630 1854/4867/895 1856/4868/897
f 165/4869/300 1855/4870/896 1849/4871/888 161/4872/313
f 166/4873/304 162/4874/317 1850/4875/892 1856/4876/897
f 163/4836/320 1849/4835/888 1855/4877/896 167/4878/307
f 164/4838/638 168/4879/630 1856/4880/897 1850/4839/892
f 157/4881/326 1857/4882/898 1859/4883/899 285/4884/642
f 158/4885/330 286/4886/900 1860/4887/901 1858/4888/902
f 287/4889/333 1859/4890/899 1857/4891/898 159/4892/333
f 288/4893/903 160/4894/646 1858/4895/902 1860/4896/901
f 285/4897/642 1859/4898/899 1861/4899/335 289/4900/633
f 286/4901/900 290/4902/890 1862/4903/904 1860/4904/901
f 291/4905/320 1861/4906/335 1859/4907/899 287/4908/333
f 292/4909/893 288/4910/903 1860/4911/901 1862/4912/904
f 289/4900/633 1861/4899/335 1863/4913/337 161/4914/313
f 290/4902/890 162/4915/317 1864/4916/905 1862/4903/904
f 163/4917/320 1863/4918/337 1861/4919/335 291/4920/320
f 164/4921/638 292/4922/893 1862/4923/904 1864/4924/905
f 161/4925/313 1863/4926/337 1857/4927/898 157/4928/326
f 162/4929/317 158/4930/330 1858/4931/902 1864/4932/905
f 159/4933/333 1857/4927/898 1863/4926/337 163/4934/320
f 160/4894/646 164/4935/638 1864/4936/905 1858/4895/902
f 153/4937/339 1865/4938/340 1867/4939/906 281/4940/649
f 154/4941/343 282/4942/907 1868/4943/908 1866/4944/909
f 283/4945/346 1867/4946/906 1865/4947/340 155/4948/346
f 284/4949/653 156/4950/653 1866/4951/909 1868/4952/908
f 281/4940/649 1867/4939/906 1869/4953/910 285/4954/642
f 282/4942/907 286/4955/900 1870/4956/911 1868/4943/908
f 287/4957/333 1869/4958/910 1867/4959/906 283/4960/346
f 288/4961/903 284/4962/653 1868/4963/908 1870/4964/911
f 285/4965/642 1869/4966/910 1871/4967/350 157/4968/326
f 286/4969/900 158/4970/330 1872/4971/912 1870/4972/911
f 159/4973/333 1871/4974/350 1869/4975/910 287/4976/333
f 160/4977/646 288/4978/903 1870/4979/911 1872/4980/912
f 157/4981/326 1871/4982/350 1865/4983/340 153/4984/339
f 158/4985/330 154/4986/343 1866/4987/909 1872/4988/912
f 155/4989/346 1865/4990/340 1871/4974/350 159/4973/333
f 156/4991/653 160/4977/646 1872/4980/912 1866/4992/909
f 149/4993/352 1873/4994/353 1875/4995/913 277/4996/656
f 150/4997/660 278/4998/914 1876/4999/915 1874/5000/916
f 279/5001/359 1875/5002/913 1873/5003/353 151/5004/359
f 280/5005/917 152/5006/663 1874/5007/916 1876/5008/915
f 277/4996/656 1875/4995/913 1877/5009/918 281/5010/649
f 278/4998/914 282/5011/907 1878/5012/919 1876/4999/915
f 283/5013/346 1877/5014/918 1875/5015/913 279/5016/359
f 284/5017/653 280/5018/917 1876/5019/915 1878/5020/919
f 281/5021/649 1877/5022/918 1879/5023/364 153/5024/339
f 282/5025/907 154/5026/343 1880/5027/920 1878/5028/919
f 155/5029/346 1879/5030/364 1877/5031/918 283/5032/346
f 156/5033/653 284/5034/653 1878/5035/919 1880/5036/920
f 153/5037/339 1879/5038/364 1873/5039/353 149/5040/352
f 154/5041/343 150/5042/660 1874/5043/916 1880/5044/920
f 151/5045/359 1873/5046/353 1879/5030/364 155/5029/346
f 152/5047/663 156/5033/653 1880/5036/920 1874/5048/916
f 145/5049/366 1881/5050/921 1883/5051/922 273/5052/668
f 146/5053/672 274/5054/923 1884/5055/924 1882/5056/925
f 275/5057/373 1883/5058/922 1881/5059/921 147/5060/373
f 276/5061/926 148/5062/675 1882/5063/925 1884/5064/924
f 273/5052/668 1883/5051/922 1885/5065/927 277/5066/656
f 274/5054/923 278/5067/914 1886/5068/928 1884/5055/924
f 279/5069/359 1885/5070/927 1883/5071/922 275/5072/373
f 280/5073/917 276/5074/926 1884/5075/924 1886/5076/928
f 277/5077/656 1885/5078/927 1887/5079/678 149/5080/352
f 278/5081/914 150/5082/660 1888/5083/929 1886/5084/928
f 151/5085/359 1887/5086/678 1885/5087/927 279/5088/359
f 152/5089/663 280/5090/917 1886/5091/928 1888/5092/929
f 149/5093/352 1887/5094/678 1881/5095/921 145/5096/366
f 150/5097/660 146/5098/672 1882/5099/925 1888/5100/929
f 147/5101/373 1881/5102/921 1887/5086/678 151/5085/359
f 148/5103/675 152/5089/663 1888/5092/929 1882/5104/925
f 141/5105/381 1889/5106/930 1891/5107/931 269/5108/680
f 142/5109/684 270/5110/932 1892/5111/933 1890/5112/934
f 271/5113/687 1891/5114/931 1889/5115/930 143/5116/687
f 272/5117/935 144/5118/688 1890/5119/934 1892/5120/933
f 269/5108/680 1891/5107/931 1893/5121/936 273/5122/668
f 270/5110/932 274/5123/923 1894/5124/937 1892/5111/933
f 275/5125/373 1893/5126/936 1891/5127/931 271/5128/687
f 276/5129/926 272/5130/935 1892/5131/933 1894/5132/937
f 273/5133/668 1893/5134/936 1895/5135/393 145/5136/366
f 274/5137/923 146/5138/672 1896/5139/938 1894/5140/937
f 147/5141/373 1895/5142/393 1893/5143/936 275/5144/373
f 148/5145/675 276/5146/926 1894/5147/937 1896/5148/938
f 145/5149/366 1895/5150/393 1889/5151/930 141/5152/381
f 146/5153/672 142/5154/684 1890/5155/934 1896/5156/938
f 143/5157/687 1889/5158/930 1895/5142/393 147/5141/373
f 144/5159/688 148/5145/675 1896/5148/938 1890/5160/934
f 137/5161/395 1897/5162/939 1899/5163/940 265/5164/694
f 138/5165/399 266/5166/941 1900/5167/942 1898/5168/943
f 267/5169/402 1899/5170/940 1897/5171/939 139/5172/402
f 268/5173/404 140/5174/404 1898/5168/943 1900/5167/942
f 265/5175/694 1899/5176/940 1901/5177/944 269/5108/680
f 266/5178/941 270/5110/932 1902/5179/945 1900/5180/942
f 271/5181/687 1901/5182/944 1899/5183/940 267/5184/402
f 272/5185/935 268/5186/404 1900/5187/942 1902/5188/945
f 269/5108/680 1901/5177/944 1903/5189/700 141/5105/381
f 270/5110/932 142/5109/684 1904/5190/946 1902/5179/945
f 143/5191/687 1903/5192/700 1901/5193/944 271/5194/687
f 144/5195/688 272/5196/935 1902/5197/945 1904/5198/946
f 141/5199/381 1903/5200/700 1897/5201/939 137/5202/395
f 142/5203/684 138/5204/399 1898/5205/943 1904/5206/946
f 139/5172/402 1897/5171/939 1903/5207/700 143/5208/687
f 140/5209/404 144/5210/688 1904/5211/946 1898/5212/943
f 133/5213/412 1905/5214/947 1907/5215/948 261/5216/409
f 134/5217/414 262/5218/949 1908/5219/950 1906/5220/951
f 263/5221/417 1907/5222/948 1905/5223/947 135/5224/417
f 264/5225/952 136/5226/418 1906/5227/951 1908/5228/950
f 261/5229/409 1907/5230/948 1909/5231/953 265/5232/694
f 262/5233/949 266/5234/941 1910/5235/954 1908/5236/950
f 267/5237/402 1909/5238/953 1907/5239/948 263/5240/417
f 268/5241/404 264/5242/952 1908/5243/950 1910/5244/954
f 265/5232/694 1909/5231/953 1911/5245/955 137/5246/395
f 266/5234/941 138/5247/399 1912/5248/956 1910/5235/954
f 139/5249/402 1911/5250/955 1909/5251/953 267/5252/402
f 140/5253/404 268/5254/404 1910/5255/954 1912/5256/956
f 137/5257/395 1911/5258/955 1905/5259/947 133/5260/412
f 138/5261/399 134/5262/414 1906/5263/951 1912/5264/956
f 135/5224/417 1905/5223/947 1911/5265/955 139/5266/402
f 136/5226/418 140/5267/404 1912/5268/956 1906/5227/951
f 129/5269/11 1913/5270/957 1915/5271/958 257/5272/715
f 130/5273/434 258/5274/716 1916/5275/959 1914/5276/960
f 259/5277/14 1915/5278/958 1913/5279/957 131/5280/14
f 260/5281/718 132/5282/435 1914/5283/960 1916/5284/959
f 257/5285/715 1915/5286/958 1917/5287/961 261/5288/409
f 258/5289/716 262/5290/949 1918/5291/962 1916/5292/959
f 263/5293/417 1917/5294/961 1915/5295/958 259/5296/14
f 264/5297/952 260/5298/718 1916/5299/959 1918/5300/962
f 261/5288/409 1917/5287/961 1919/5301/963 133/5302/412
f 262/5290/949 134/5303/414 1920/5304/964 1918/5291/962
f 135/5305/417 1919/5306/963 1917/5307/961 263/5308/417
f 136/5309/418 264/5310/952 1918/5311/962 1920/5312/964
f 133/5313/412 1919/5314/963 1913/5315/957 129/5316/11
f 134/5317/414 130/5318/434 1914/5319/960 1920/5320/964
f 131/5280/14 1913/5279/957 1919/5321/963 135/5322/417
f 132/5282/435 136/5323/418 1920/5324/964 1914/5283/960
f 893/5325/715 1921/5326/965 1923/5327/424 509/5328/11
f 894/5329/966 510/5330/967 1924/5331/968 1922/5332/969
f 511/5333/14 1923/5334/424 1921/5335/965 895/5336/14
f 512/5337/970 896/5338/971 1922/5339/969 1924/5340/968
f 509/5341/11 1923/5342/424 1925/5343/972 385/5344/412
f 510/5345/967 386/5346/414 1926/5347/973 1924/5348/968
f 387/5349/417 1925/5350/972 1923/5351/424 511/5352/14
f 388/5353/974 512/5354/970 1924/5355/968 1926/5356/973
f 385/5344/412 1925/5343/972 1927/5357/429 769/5358/409
f 386/5346/414 770/5359/949 1928/5360/975 1926/5347/973
f 771/5361/417 1927/5362/429 1925/5363/972 387/5364/417
f 772/5365/418 388/5366/974 1926/5367/973 1928/5368/975
f 769/5369/409 1927/5370/429 1921/5371/965 893/5372/715
f 770/5373/949 894/5374/966 1922/5375/969 1928/5376/975
f 895/5336/14 1921/5335/965 1927/5377/429 771/5378/417
f 896/5338/971 772/5379/418 1928/5380/975 1922/5339/969
f 769/5381/409 1929/5382/410 1931/5383/411 385/5384/412
f 770/5385/949 386/5386/414 1932/5387/415 1930/5388/703
f 387/5389/417 1931/5390/411 1929/5391/410 771/5392/417
f 388/5393/974 772/5394/418 1930/5395/703 1932/5396/415
f 385/5397/412 1931/5398/411 1933/5399/419 389/5400/395
f 386/5401/414 390/5402/399 1934/5403/420 1932/5404/415
f 391/5405/402 1933/5406/419 1931/5407/411 387/5408/417
f 392/5409/404 388/5410/974 1932/5411/415 1934/5412/420
f 389/5400/395 1933/5399/419 1935/5413/421 773/5414/694
f 390/5402/399 774/5415/976 1936/5416/704 1934/5403/420
f 775/5417/402 1935/5418/421 1933/5419/419 391/5420/402
f 776/5421/977 392/5422/404 1934/5423/420 1936/5424/704
f 773/5425/694 1935/5426/421 1929/5427/410 769/5428/409
f 774/5429/976 770/5430/949 1930/5431/703 1936/5432/704
f 771/5392/417 1929/5391/410 1935/5433/421 775/5434/402
f 772/5394/418 776/5435/977 1936/5436/704 1930/5395/703
f 773/5437/694 1937/5438/396 1939/5439/397 389/5440/395
f 774/5441/976 390/5442/399 1940/5443/696 1938/5444/978
f 391/5445/402 1939/5446/397 1937/5447/396 775/5448/402
f 392/5449/404 776/5450/977 1938/5444/978 1940/5443/696
f 389/5451/395 1939/5452/397 1941/5453/944 393/5454/381
f 390/5455/399 394/5456/385 1942/5457/979 1940/5458/696
f 395/5459/388 1941/5460/944 1939/5461/397 391/5462/402
f 396/5463/689 392/5464/404 1940/5465/696 1942/5466/979
f 393/5454/381 1941/5453/944 1943/5467/700 777/5468/680
f 394/5456/385 778/5469/980 1944/5470/981 1942/5457/979
f 779/5471/388 1943/5472/700 1941/5473/944 395/5474/388
f 780/5475/982 396/5476/689 1942/5477/979 1944/5478/981
f 777/5479/680 1943/5480/700 1937/5481/396 773/5482/694
f 778/5483/980 774/5484/976 1938/5485/978 1944/5486/981
f 775/5448/402 1937/5447/396 1943/5487/700 779/5488/388
f 776/5489/977 780/5490/982 1944/5491/981 1938/5492/978
f 777/5468/680 1945/5493/983 1947/5494/682 393/5454/381
f 778/5469/980 394/5456/385 1948/5495/984 1946/5496/985
f 395/5497/388 1947/5498/682 1945/5499/983 779/5500/388
f 396/5501/689 780/5502/982 1946/5503/985 1948/5504/984
f 393/5454/381 1947/5494/682 1949/5505/391 397/5506/366
f 394/5456/385 398/5507/986 1950/5508/987 1948/5495/984
f 399/5509/373 1949/5510/391 1947/5511/682 395/5512/388
f 400/5513/988 396/5514/689 1948/5515/984 1950/5516/987
f 397/5517/366 1949/5518/391 1951/5519/989 781/5520/668
f 398/5521/986 782/5522/990 1952/5523/991 1950/5524/987
f 783/5525/373 1951/5526/989 1949/5527/391 399/5528/373
f 784/5529/992 400/5530/988 1950/5524/987 1952/5523/991
f 781/5531/668 1951/5532/989 1945/5533/983 777/5534/680
f 782/5535/990 778/5536/980 1946/5537/985 1952/5538/991
f 779/5539/388 1945/5540/983 1951/5526/989 783/5525/373
f 780/5541/982 784/5542/992 1952/5543/991 1946/5544/985
f 781/5545/668 1953/5546/993 1955/5547/368 397/5548/366
f 782/5549/990 398/5550/986 1956/5551/994 1954/5552/995
f 399/5553/373 1955/5554/368 1953/5555/993 783/5556/373
f 400/5557/988 784/5558/992 1954/5559/995 1956/5560/994
f 397/5548/366 1955/5547/368 1957/5561/377 401/5562/352
f 398/5550/986 402/5563/356 1958/5564/996 1956/5551/994
f 403/5565/359 1957/5566/377 1955/5567/368 399/5568/373
f 404/5569/997 400/5570/988 1956/5571/994 1958/5572/996
f 401/5573/352 1957/5574/377 1959/5575/998 785/5576/656
f 402/5577/356 786/5578/999 1960/5579/1000 1958/5580/996
f 787/5581/359 1959/5582/998 1957/5583/377 403/5584/359
f 788/5585/1001 404/5586/997 1958/5587/996 1960/5588/1000
f 785/5589/656 1959/5590/998 1953/5591/993 781/5592/668
f 786/5593/999 782/5594/990 1954/5595/995 1960/5596/1000
f 783/5597/373 1953/5598/993 1959/5582/998 787/5581/359
f 784/5599/992 788/5585/1001 1960/5588/1000 1954/5600/995
f 785/5601/656 1961/5602/657 1963/5603/658 401/5604/352
f 786/5605/999 402/5606/356 1964/5607/1002 1962/5608/1003
f 403/5609/359 1963/5610/658 1961/5611/657 787/5612/359
f 404/5613/997 788/5614/1001 1962/5615/1003 1964/5616/1002
f 401/5604/352 1963/5603/658 1965/5617/362 405/5618/339
f 402/5606/356 406/5619/343 1966/5620/666 1964/5607/1002
f 407/5621/346 1965/5622/362 1963/5623/658 403/5624/359
f 408/5625/653 404/5626/997 1964/5627/1002 1966/5628/666
f 405/5629/339 1965/5630/362 1967/5631/667 789/5632/649
f 406/5633/343 790/5634/1004 1968/5635/1005 1966/5636/666
f 791/5637/346 1967/5638/667 1965/5639/362 407/5640/346
f 792/5641/653 408/5642/653 1966/5643/666 1968/5644/1005
f 789/5645/649 1967/5646/667 1961/5647/657 785/5648/656
f 790/5649/1004 786/5650/999 1962/5651/1003 1968/5652/1005
f 787/5653/359 1961/5654/657 1967/5638/667 791/5637/346
f 788/5655/1001 792/5641/653 1968/5644/1005 1962/5656/1003
f 789/5657/649 1969/5658/650 1971/5659/341 405/5660/339
f 790/5661/1004 406/5662/343 1972/5663/344 1970/5664/1006
f 407/5665/346 1971/5666/341 1969/5667/650 791/5668/346
f 408/5669/653 792/5670/653 1970/5671/1006 1972/5672/344
f 405/5660/339 1971/5659/341 1973/5673/348 409/5674/326
f 406/5662/343 410/5675/330 1974/5676/349 1972/5663/344
f 411/5677/333 1973/5678/348 1971/5679/341 407/5680/346
f 412/5681/334 408/5682/653 1972/5683/344 1974/5684/349
f 409/5685/326 1973/5686/348 1975/5687/654 793/5688/642
f 410/5689/330 794/5690/1007 1976/5691/655 1974/5692/349
f 795/5693/333 1975/5694/654 1973/5695/348 411/5696/333
f 796/5697/334 412/5698/334 1974/5699/349 1976/5700/655
f 793/5701/642 1975/5702/654 1969/5703/650 789/5704/649
f 794/5705/1007 790/5706/1004 1970/5707/1006 1976/5708/655
f 791/5709/346 1969/5710/650 1975/5694/654 795/5693/333
f 792/5711/653 796/5697/334 1976/5700/655 1970/5712/1006
f 793/5713/642 1977/5714/327 1979/5715/328 409/5716/326
f 794/5717/1007 410/5718/330 1980/5719/331 1978/5720/1008
f 411/5721/333 1979/5722/328 1977/5723/327 795/5724/333
f 412/5725/334 796/5726/334 1978/5727/1008 1980/5728/331
f 409/5729/326 1979/5730/328 1981/5731/335 413/5732/313
f 410/5733/330 414/5734/1009 1982/5735/1010 1980/5736/331
f 415/5737/320 1981/5738/335 1979/5739/328 411/5740/333
f 416/5741/321 412/5742/334 1980/5743/331 1982/5744/1010
f 413/5732/313 1981/5731/335 1983/5745/337 797/5746/633
f 414/5734/1009 798/5747/1011 1984/5748/1012 1982/5735/1010
f 799/5749/320 1983/5750/337 1981/5751/335 415/5752/320
f 800/5753/321 416/5754/321 1982/5755/1010 1984/5756/1012
f 797/5757/633 1983/5758/337 1977/5759/327 793/5760/642
f 798/5761/1011 794/5762/1007 1978/5763/1008 1984/5764/1012
f 795/5765/333 1977/5759/327 1983/5758/337 799/5766/320
f 796/5767/334 800/5768/321 1984/5764/1012 1978/5763/1008
f 797/5769/633 1985/5770/634 1987/5771/1013 413/5772/313
f 798/5773/1011 414/5774/1009 1988/5775/1014 1986/5776/1015
f 415/5777/320 1987/5778/1013 1985/5779/634 799/5780/320
f 416/5781/321 800/5782/321 1986/5783/1015 1988/5784/1014
f 413/5785/313 1987/5786/1013 1989/5787/322 417/5788/300
f 414/5789/1009 418/5790/304 1990/5791/323 1988/5792/1014
f 419/5793/307 1989/5794/322 1987/5795/1013 415/5796/320
f 420/5797/308 416/5798/321 1988/5799/1014 1990/5800/323
f 417/5788/300 1989/5787/322 1991/5801/324 801/5802/626
f 418/5790/304 802/5803/1016 1992/5804/1017 1990/5791/323
f 803/5805/307 1991/5806/324 1989/5807/322 419/5808/307
f 804/5809/308 420/5810/308 1990/5811/323 1992/5812/1017
f 801/5813/626 1991/5814/324 1985/5815/634 797/5816/633
f 802/5817/1016 798/5818/1011 1986/5819/1015 1992/5820/1017
f 799/5780/320 1985/5779/634 1991/5821/324 803/5822/307
f 800/5782/321 804/5823/308 1992/5824/1017 1986/5783/1015
f 801/5825/626 1993/5826/627 1995/5827/302 417/5828/300
f 802/5829/1016 418/5830/304 1996/5831/305 1994/5832/629
f 419/5833/307 1995/5834/302 1993/5835/627 803/5836/307
f 420/5837/308 804/5838/308 1994/5839/629 1996/5840/305
f 417/5841/300 1995/5842/302 1997/5843/309 421/5844/287
f 418/5845/304 422/5846/291 1998/5847/310 1996/5848/305
f 423/5849/294 1997/5850/309 1995/5851/302 419/5852/307
f 424/5853/295 420/5854/308 1996/5855/305 1998/5856/310
f 421/5844/287 1997/5843/309 1999/5857/631 805/5858/620
f 422/5846/291 806/5859/1018 2000/5860/632 1998/5847/310
f 807/5861/294 1999/5862/631 1997/5863/309 423/5864/294
f 808/5865/295 424/5866/295 1998/5867/310 2000/5868/632
f 805/5869/620 1999/5870/631 1993/5871/627 801/5872/626
f 806/5873/1018 802/5874/1016 1994/5875/629 2000/5876/632
f 803/5836/307 1993/5835/627 1999/5877/631 807/5878/294
f 804/5838/308 808/5879/295 2000/5880/632 1994/5839/629
f 805/5881/620 2001/5882/621 2003/5883/289 421/5884/287
f 806/5885/1018 422/5886/291 2004/5887/292 2002/5888/1019
f 423/5889/294 2003/5890/289 2001/5891/621 807/5892/294
f 424/5893/295 808/5894/295 2002/5895/1019 2004/5896/292
f 421/5897/287 2003/5898/289 2005/5899/624 425/5900/273
f 422/5901/291 426/5902/612 2006/5903/1020 2004/5904/292
f 427/5905/280 2005/5906/624 2003/5907/289 423/5908/294
f 428/5909/282 424/5910/295 2004/5911/292 2006/5912/1020
f 425/5900/273 2005/5899/624 2007/5913/1021 809/5914/867
f 426/5902/612 810/5915/1022 2008/5916/1023 2006/5903/1020
f 811/5917/280 2007/5918/1021 2005/5919/624 427/5920/280
f 812/5921/1024 428/5922/282 2006/5923/1020 2008/5924/1023
f 809/5925/867 2007/5926/1021 2001/5927/621 805/5928/620
f 810/5929/1022 806/5930/1018 2002/5931/1019 2008/5932/1023
f 807/5892/294 2001/5891/621 2007/5933/1021 811/5934/280
f 808/5894/295 812/5935/1024 2008/5936/1023 2002/5895/1019
f 809/5914/867 2009/5937/1025 2011/5938/275 425/5900/273
f 810/5915/1022 426/5902/612 2012/5939/1026 2010/5940/1027
f 427/5941/280 2011/5942/275 2009/5943/1025 811/5944/280
f 428/5945/282 812/5946/1024 2010/5947/1027 2012/5948/1026
f 425/5900/273 2011/5938/275 2013/5949/616 429/5950/260
f 426/5902/612 430/5951/1028 2014/5952/1029 2012/5939/1026
f 431/5953/265 2013/5954/616 2011/5955/275 427/5956/280
f 432/5957/1030 428/5958/282 2012/5959/1026 2014/5960/1029
f 429/5961/260 2013/5962/616 2015/5963/285 813/5964/257
f 430/5965/1028 814/5966/1031 2016/5967/1032 2014/5968/1029
f 815/5969/265 2015/5970/285 2013/5971/616 431/5972/265
f 816/5973/1033 432/5974/1030 2014/5975/1029 2016/5976/1032
f 813/5977/257 2015/5978/285 2009/5979/1025 809/5980/867
f 814/5981/1031 810/5982/1022 2010/5983/1027 2016/5984/1032
f 811/5985/280 2009/5986/1025 2015/5970/285 815/5969/265
f 812/5987/1024 816/5973/1033 2016/5976/1032 2010/5988/1027
f 813/5989/257 2017/5990/1034 2019/5991/259 429/5992/260
f 814/5993/1031 430/5994/1028 2020/5995/1035 2018/5996/1036
f 431/5997/265 2019/5998/259 2017/5999/1034 815/6000/265
f 432/6001/1030 816/6002/1033 2018/6003/1036 2020/6004/1035
f 429/5992/260 2019/5991/259 2021/6005/269 433/6006/243
f 430/5994/1028 434/6007/592 2022/6008/1037 2020/5995/1035
f 435/6009/250 2021/6010/269 2019/6011/259 431/6012/265
f 436/6013/1038 432/6014/1030 2020/6015/1035 2022/6016/1037
f 433/6017/243 2021/6018/269 2023/6019/1039 817/6020/850
f 434/6021/592 818/6022/1040 2024/6023/1041 2022/6024/1037
f 819/6025/250 2023/6026/1039 2021/6027/269 435/6028/250
f 820/6029/1042 436/6030/1038 2022/6031/1037 2024/6032/1041
f 817/6033/850 2023/6034/1039 2017/6035/1034 813/6036/257
f 818/6037/1040 814/6038/1031 2018/6039/1036 2024/6040/1041
f 815/6041/265 2017/6042/1034 2023/6026/1039 819/6025/250
f 816/6043/1033 820/6029/1042 2024/6032/1041 2018/6044/1036
f 817/6045/850 2025/6046/1043 2027/6047/590 433/6048/243
f 818/6049/1040 434/6050/592 2028/6051/593 2026/6052/1044
f 435/6053/250 2027/6054/590 2025/6055/1043 819/6056/250
f 436/6057/1038 820/6058/1042 2026/6059/1044 2028/6060/593
f 433/6048/243 2027/6047/590 2029/6061/253 437/6062/230
f 434/6050/592 438/6063/234 2030/6064/597 2028/6051/593
f 439/6065/237 2029/6066/253 2027/6067/590 435/6068/250
f 440/6069/586 436/6070/1038 2028/6071/593 2030/6072/597
f 437/6073/230 2029/6074/253 2031/6075/598 821/6076/844
f 438/6077/234 822/6078/1045 2032/6079/1046 2030/6080/597
f 823/6081/237 2031/6082/598 2029/6083/253 439/6084/237
f 824/6085/586 440/6086/586 2030/6087/597 2032/6088/1046
f 821/6089/844 2031/6090/598 2025/6091/1043 817/6092/850
f 822/6093/1045 818/6094/1040 2026/6095/1044 2032/6096/1046
f 819/6097/250 2025/6098/1043 2031/6082/598 823/6081/237
f 820/6099/1042 824/6085/586 2032/6088/1046 2026/6100/1044
f 821/6101/844 2033/6102/583 2035/6103/232 437/6104/230
f 822/6105/1045 438/6106/234 2036/6107/235 2034/6108/585
f 439/6109/237 2035/6110/232 2033/6111/583 823/6112/237
f 440/6113/586 824/6114/586 2034/6115/585 2036/6116/235
f 437/6104/230 2035/6103/232 2037/6117/587 441/6118/217
f 438/6106/234 442/6119/1047 2038/6120/240 2036/6107/235
f 443/6121/224 2037/6122/587 2035/6123/232 439/6124/237
f 444/6125/225 440/6126/586 2036/6127/235 2038/6128/240
f 441/6129/217 2037/6130/587 2039/6131/588 825/6132/574
f 442/6133/1047 826/6134/1048 2040/6135/1049 2038/6136/240
f 827/6137/224 2039/6138/588 2037/6139/587 443/6140/224
f 828/6141/225 444/6142/225 2038/6143/240 2040/6144/1049
f 825/6145/574 2039/6146/588 2033/6147/583 821/6148/844
f 826/6149/1048 822/6150/1045 2034/6151/585 2040/6152/1049
f 823/6153/237 2033/6147/583 2039/6146/588 827/6154/224
f 824/6155/586 828/6141/225 2040/6144/1049 2034/6156/585
f 825/6157/574 2041/6158/218 2043/6159/219 441/6160/217
f 826/6161/1048 442/6162/1047 2044/6163/1050 2042/6164/1051
f 443/6165/224 2043/6166/219 2041/6167/218 827/6168/224
f 444/6169/225 828/6170/225 2042/6171/1051 2044/6172/1050
f 441/6173/217 2043/6174/219 2045/6175/1052 445/6176/204
f 442/6177/1047 446/6178/1053 2046/6179/1054 2044/6180/1050
f 447/6181/211 2045/6182/1052 2043/6183/219 443/6184/224
f 448/6185/212 444/6186/225 2044/6187/1050 2046/6188/1054
f 445/6176/204 2045/6175/1052 2047/6189/1055 829/6190/563
f 446/6178/1053 830/6191/1056 2048/6192/1057 2046/6179/1054
f 831/6193/211 2047/6194/1055 2045/6195/1052 447/6196/211
f 832/6197/212 448/6198/212 2046/6199/1054 2048/6200/1057
f 829/6201/563 2047/6202/1055 2041/6203/218 825/6204/574
f 830/6205/1056 826/6206/1048 2042/6207/1051 2048/6208/1057
f 827/6209/224 2041/6203/218 2047/6202/1055 831/6210/211
f 828/6211/225 832/6212/212 2048/6208/1057 2042/6207/1051
f 829/6213/563 2049/6214/1058 2051/6215/565 445/6216/204
f 830/6217/1056 446/6218/1053 2052/6219/1059 2050/6220/1060
f 447/6221/211 2051/6222/565 2049/6223/1058 831/6224/211
f 448/6225/212 832/6226/212 2050/6227/1060 2052/6228/1059
f 445/6229/204 2051/6230/565 2053/6231/213 449/6232/191
f 446/6233/1053 450/6234/1061 2054/6235/1062 2052/6236/1059
f 451/6237/198 2053/6238/213 2051/6239/565 447/6240/211
f 452/6241/199 448/6242/212 2052/6243/1059 2054/6244/1062
f 449/6232/191 2053/6231/213 2055/6245/215 833/6246/556
f 450/6234/1061 834/6247/1063 2056/6248/1064 2054/6235/1062
f 835/6249/198 2055/6250/215 2053/6251/213 451/6252/198
f 836/6253/199 452/6254/199 2054/6255/1062 2056/6256/1064
f 833/6257/556 2055/6258/215 2049/6259/1058 829/6260/563
f 834/6261/1063 830/6262/1056 2050/6263/1060 2056/6264/1064
f 831/6224/211 2049/6223/1058 2055/6265/215 835/6266/198
f 832/6226/212 836/6267/199 2056/6268/1064 2050/6227/1060
f 833/6269/556 2057/6270/557 2059/6271/193 449/6272/191
f 834/6273/1063 450/6274/1061 2060/6275/196 2058/6276/559
f 451/6277/198 2059/6278/193 2057/6279/557 835/6280/198
f 452/6281/199 836/6282/199 2058/6283/559 2060/6284/196
f 449/6285/191 2059/6286/193 2061/6287/200 453/6288/178
f 450/6289/1061 454/6290/182 2062/6291/201 2060/6292/196
f 455/6293/185 2061/6294/200 2059/6295/193 451/6296/198
f 456/6297/186 452/6298/199 2060/6299/196 2062/6300/201
f 453/6288/178 2061/6287/200 2063/6301/561 837/6302/548
f 454/6290/182 838/6303/1065 2064/6304/562 2062/6291/201
f 839/6305/185 2063/6306/561 2061/6307/200 455/6308/185
f 840/6309/186 456/6310/186 2062/6311/201 2064/6312/562
f 837/6313/548 2063/6314/561 2057/6315/557 833/6316/556
f 838/6317/1065 834/6318/1063 2058/6319/559 2064/6320/562
f 835/6280/198 2057/6279/557 2063/6321/561 839/6322/185
f 836/6282/199 840/6323/186 2064/6324/562 2058/6283/559
f 837/6325/548 2065/6326/549 2067/6327/550 453/6328/178
f 838/6329/1065 454/6330/182 2068/6331/183 2066/6332/1066
f 455/6333/185 2067/6334/550 2065/6335/549 839/6336/185
f 456/6337/186 840/6338/186 2066/6339/1066 2068/6340/183
f 453/6341/178 2067/6342/550 2069/6343/553 457/6344/165
f 454/6345/182 458/6346/1067 2070/6347/188 2068/6348/183
f 459/6349/172 2069/6350/553 2067/6351/550 455/6352/185
f 460/6353/173 456/6354/186 2068/6355/183 2070/6356/188
f 457/6344/165 2069/6343/553 2071/6357/189 841/6358/536
f 458/6346/1067 842/6359/1068 2072/6360/1069 2070/6347/188
f 843/6361/172 2071/6362/189 2069/6363/553 459/6364/172
f 844/6365/1070 460/6366/173 2070/6367/188 2072/6368/1069
f 841/6369/536 2071/6370/189 2065/6371/549 837/6372/548
f 842/6373/1068 838/6374/1065 2066/6375/1066 2072/6376/1069
f 839/6336/185 2065/6335/549 2071/6377/189 843/6378/172
f 840/6338/186 844/6379/1070 2072/6380/1069 2066/6339/1066
f 841/6358/536 2073/6381/1071 2075/6382/538 457/6344/165
f 842/6359/1068 458/6346/1067 2076/6383/170 2074/6384/1072
f 459/6385/172 2075/6386/538 2073/6387/1071 843/6388/172
f 460/6389/173 844/6390/1070 2074/6391/1072 2076/6392/170
f 457/6344/165 2075/6382/538 2077/6393/174 461/6394/152
f 458/6346/1067 462/6395/1073 2078/6396/175 2076/6383/170
f 463/6397/158 2077/6398/174 2075/6399/538 459/6400/172
f 464/6401/160 460/6402/173 2076/6403/170 2078/6404/175
f 461/6405/152 2077/6406/174 2079/6407/1074 845/6408/149
f 462/6409/1073 846/6410/1075 2080/6411/1076 2078/6412/175
f 847/6413/158 2079/6414/1074 2077/6415/174 463/6416/158
f 848/6417/160 464/6418/160 2078/6419/175 2080/6420/1076
f 845/6421/149 2079/6422/1074 2073/6423/1071 841/6424/536
f 846/6425/1075 842/6426/1068 2074/6427/1072 2080/6428/1076
f 843/6429/172 2073/6430/1071 2079/6414/1074 847/6413/158
f 844/6431/1070 848/6417/160 2080/6420/1076 2074/6432/1072
f 845/6433/149 2081/6434/1077 2083/6435/151 461/6436/152
f 846/6437/1075 462/6438/1073 2084/6439/155 2082/6440/1078
f 463/6441/158 2083/6442/151 2081/6443/1077 847/6444/158
f 464/6445/160 848/6446/160 2082/6447/1078 2084/6448/155
f 461/6436/152 2083/6435/151 2085/6449/161 465/6450/135
f 462/6438/1073 466/6451/139 2086/6452/162 2084/6439/155
f 467/6453/142 2085/6454/161 2083/6455/151 463/6456/158
f 468/6457/144 464/6458/160 2084/6459/155 2086/6460/162
f 465/6461/135 2085/6462/161 2087/6463/163 849/6464/515
f 466/6465/139 850/6466/1079 2088/6467/1080 2086/6468/162
f 851/6469/142 2087/6470/163 2085/6471/161 467/6472/142
f 852/6473/1081 468/6474/144 2086/6475/162 2088/6476/1080
f 849/6477/515 2087/6478/163 2081/6479/1077 845/6480/149
f 850/6481/1079 846/6482/1075 2082/6483/1078 2088/6484/1080
f 847/6485/158 2081/6486/1077 2087/6470/163 851/6469/142
f 848/6487/160 852/6473/1081 2088/6476/1080 2082/6488/1078
f 849/6489/515 2089/6490/786 2091/6491/137 465/6492/135
f 850/6493/1079 466/6494/139 2092/6495/140 2090/6496/1082
f 467/6497/142 2091/6498/137 2089/6499/786 851/6500/142
f 468/6501/144 852/6502/1081 2090/6503/1082 2092/6504/140
f 465/6492/135 2091/6491/137 2093/6505/145 469/6506/122
f 466/6494/139 470/6507/126 2094/6508/146 2092/6495/140
f 471/6509/129 2093/6510/145 2091/6511/137 467/6512/142
f 472/6513/130 468/6514/144 2092/6515/140 2094/6516/146
f 469/6517/122 2093/6518/145 2095/6519/525 853/6520/508
f 470/6521/126 854/6522/1083 2096/6523/1084 2094/6524/146
f 855/6525/129 2095/6526/525 2093/6527/145 471/6528/129
f 856/6529/1085 472/6530/130 2094/6531/146 2096/6532/1084
f 853/6533/508 2095/6534/525 2089/6535/786 849/6536/515
f 854/6537/1083 850/6538/1079 2090/6539/1082 2096/6540/1084
f 851/6541/142 2089/6542/786 2095/6526/525 855/6525/129
f 852/6543/1081 856/6529/1085 2096/6532/1084 2090/6544/1082
f 853/6545/508 2097/6546/509 2099/6547/124 469/6548/122
f 854/6549/1083 470/6550/126 2100/6551/127 2098/6552/511
f 471/6553/129 2099/6554/124 2097/6555/509 855/6556/129
f 472/6557/130 856/6558/1085 2098/6559/511 2100/6560/127
f 469/6548/122 2099/6547/124 2101/6561/131 473/6562/109
f 470/6550/126 474/6563/113 2102/6564/132 2100/6551/127
f 475/6565/116 2101/6566/131 2099/6567/124 471/6568/129
f 476/6569/117 472/6570/130 2100/6571/127 2102/6572/132
f 473/6573/109 2101/6574/131 2103/6575/513 857/6576/501
f 474/6577/113 858/6578/1086 2104/6579/514 2102/6580/132
f 859/6581/116 2103/6582/513 2101/6583/131 475/6584/116
f 860/6585/117 476/6586/117 2102/6587/132 2104/6588/514
f 857/6589/501 2103/6590/513 2097/6591/509 853/6592/508
f 858/6593/1086 854/6594/1083 2098/6595/511 2104/6596/514
f 855/6597/129 2097/6598/509 2103/6582/513 859/6581/116
f 856/6599/1085 860/6585/117 2104/6588/514 2098/6600/511
f 857/6601/501 2105/6602/110 2107/6603/111 473/6604/109
f 858/6605/1086 474/6606/113 2108/6607/114 2106/6608/1087
f 475/6609/116 2107/6610/111 2105/6611/110 859/6612/116
f 476/6613/117 860/6614/117 2106/6615/1087 2108/6616/114
f 473/6617/109 2107/6618/111 2109/6619/118 477/6620/96
f 474/6621/113 478/6622/1088 2110/6623/1089 2108/6624/114
f 479/6625/103 2109/6626/118 2107/6627/111 475/6628/116
f 480/6629/104 476/6630/117 2108/6631/114 2110/6632/1089
f 477/6620/96 2109/6619/118 2111/6633/120 861/6634/492
f 478/6622/1088 862/6635/1090 2112/6636/1091 2110/6623/1089
f 863/6637/103 2111/6638/120 2109/6639/118 479/6640/103
f 864/6641/104 480/6642/104 2110/6643/1089 2112/6644/1091
f 861/6645/492 2111/6646/120 2105/6647/110 857/6648/501
f 862/6649/1090 858/6650/1086 2106/6651/1087 2112/6652/1091
f 859/6653/116 2105/6647/110 2111/6646/120 863/6654/103
f 860/6614/117 864/6655/104 2112/6656/1091 2106/6615/1087
f 861/6657/492 2113/6658/493 2115/6659/1092 477/6660/96
f 862/6661/1090 478/6662/1088 2116/6663/1093 2114/6664/1094
f 479/6665/103 2115/6666/1092 2113/6667/493 863/6668/103
f 480/6669/104 864/6670/104 2114/6671/1094 2116/6672/1093
f 477/6673/96 2115/6674/1092 2117/6675/105 481/6676/83
f 478/6677/1088 482/6678/87 2118/6679/106 2116/6680/1093
f 483/6681/90 2117/6682/105 2115/6683/1092 479/6684/103
f 484/6685/91 480/6686/104 2116/6687/1093 2118/6688/106
f 481/6676/83 2117/6675/105 2119/6689/107 865/6690/485
f 482/6678/87 866/6691/1095 2120/6692/1096 2118/6679/106
f 867/6693/90 2119/6694/107 2117/6695/105 483/6696/90
f 868/6697/91 484/6698/91 2118/6699/106 2120/6700/1096
f 865/6701/485 2119/6702/107 2113/6703/493 861/6704/492
f 866/6705/1095 862/6706/1090 2114/6707/1094 2120/6708/1096
f 863/6668/103 2113/6667/493 2119/6709/107 867/6710/90
f 864/6670/104 868/6711/91 2120/6712/1096 2114/6671/1094
f 865/6713/485 2121/6714/486 2123/6715/85 481/6716/83
f 866/6717/1095 482/6718/87 2124/6719/88 2122/6720/488
f 483/6721/90 2123/6722/85 2121/6723/486 867/6724/90
f 484/6725/91 868/6726/91 2122/6727/488 2124/6728/88
f 481/6729/83 2123/6730/85 2125/6731/92 485/6732/71
f 482/6733/87 486/6734/74 2126/6735/93 2124/6736/88
f 487/6737/77 2125/6738/92 2123/6739/85 483/6740/90
f 488/6741/78 484/6742/91 2124/6743/88 2126/6744/93
f 485/6732/71 2125/6731/92 2127/6745/490 869/6746/477
f 486/6734/74 870/6747/1097 2128/6748/491 2126/6735/93
f 871/6749/77 2127/6750/490 2125/6751/92 487/6752/77
f 872/6753/78 488/6754/78 2126/6755/93 2128/6756/491
f 869/6757/477 2127/6758/490 2121/6759/486 865/6760/485
f 870/6761/1097 866/6762/1095 2122/6763/488 2128/6764/491
f 867/6724/90 2121/6723/486 2127/6765/490 871/6766/77
f 868/6726/91 872/6767/78 2128/6768/491 2122/6727/488
f 869/6769/477 2129/6770/478 2131/6771/73 485/6772/71
f 870/6773/1097 486/6774/74 2132/6775/75 2130/6776/481
f 487/6777/77 2131/6778/73 2129/6779/478 871/6780/77
f 488/6781/78 872/6782/78 2130/6776/481 2132/6775/75
f 485/6783/71 2131/6784/73 2133/6785/79 489/6786/59
f 486/6787/74 490/6788/62 2134/6789/80 2132/6790/75
f 491/6791/65 2133/6792/79 2131/6793/73 487/6794/77
f 492/6795/1098 488/6796/78 2132/6797/75 2134/6798/80
f 489/6786/59 2133/6785/79 2135/6799/1099 873/6800/466
f 490/6788/62 874/6801/1100 2136/6802/484 2134/6789/80
f 875/6803/65 2135/6804/1099 2133/6805/79 491/6806/65
f 876/6807/1098 492/6808/1098 2134/6809/80 2136/6810/484
f 873/6811/466 2135/6812/1099 2129/6813/478 869/6814/477
f 874/6815/1100 870/6816/1097 2130/6817/481 2136/6818/484
f 871/6780/77 2129/6779/478 2135/6819/1099 875/6820/65
f 872/6821/78 876/6822/1098 2136/6823/484 2130/6824/481
f 873/6800/466 2137/6825/1101 2139/6826/61 489/6786/59
f 874/6801/1100 490/6788/62 2140/6827/1102 2138/6828/1103
f 491/6829/65 2139/6830/61 2137/6831/1101 875/6832/65
f 492/6833/1098 876/6834/1098 2138/6835/1103 2140/6836/1102
f 489/6786/59 2139/6826/61 2141/6837/1104 493/6838/45
f 490/6788/62 494/6839/1105 2142/6840/1106 2140/6827/1102
f 495/6841/52 2141/6842/1104 2139/6843/61 491/6844/65
f 496/6845/1107 492/6846/1098 2140/6847/1102 2142/6848/1106
f 493/6849/45 2141/6850/1104 2143/6851/1108 877/6852/453
f 494/6853/1105 878/6854/1109 2144/6855/1110 2142/6856/1106
f 879/6857/52 2143/6858/1108 2141/6859/1104 495/6860/52
f 880/6861/1111 496/6862/1107 2142/6856/1106 2144/6855/1110
f 877/6863/453 2143/6864/1108 2137/6865/1101 873/6866/466
f 878/6867/1109 874/6868/1100 2138/6869/1103 2144/6870/1110
f 875/6871/65 2137/6872/1101 2143/6858/1108 879/6857/52
f 876/6873/1098 880/6874/1111 2144/6875/1110 2138/6876/1103
f 877/6877/453 2145/6878/46 2147/6879/455 493/6880/45
f 878/6881/1109 494/6882/1105 2148/6883/1112 2146/6884/1113
f 495/6885/52 2147/6886/455 2145/6887/46 879/6888/52
f 496/6889/1107 880/6890/1111 2146/6891/1113 2148/6892/1112
f 493/6880/45 2147/6879/455 2149/6893/462 497/6894/32
f 494/6882/1105 498/6895/35 2150/6896/1114 2148/6883/1112
f 499/6897/448 2149/6898/462 2147/6899/455 495/6900/52
f 500/6901/1115 496/6902/1107 2148/6903/1112 2150/6904/1114
f 497/6905/32 2149/6906/462 2151/6907/57 881/6908/728
f 498/6909/35 882/6910/1116 2152/6911/1117 2150/6912/1114
f 883/6913/448 2151/6914/57 2149/6915/462 499/6916/448
f 884/6917/1118 500/6918/1115 2150/6919/1114 2152/6920/1117
f 881/6921/728 2151/6922/57 2145/6923/46 877/6924/453
f 882/6925/1116 878/6926/1109 2146/6927/1113 2152/6928/1117
f 879/6929/52 2145/6930/46 2151/6914/57 883/6913/448
f 880/6931/1111 884/6917/1118 2152/6920/1117 2146/6932/1113
f 881/6933/728 2153/6934/442 2155/6935/443 497/6936/32
f 882/6937/1116 498/6938/35 2156/6939/446 2154/6940/447
f 499/6941/448 2155/6942/443 2153/6943/442 883/6944/448
f 500/6945/1115 884/6946/1118 2154/6947/447 2156/6948/446
f 497/6936/32 2155/6935/443 2157/6949/41 501/6950/20
f 498/6938/35 502/6951/23 2158/6952/451 2156/6939/446
f 503/6953/26 2157/6954/41 2155/6955/443 499/6956/448
f 504/6957/440 500/6958/1115 2156/6959/446 2158/6960/451
f 501/6961/20 2157/6962/41 2159/6963/1119 885/6964/722
f 502/6965/23 886/6966/1120 2160/6967/452 2158/6968/451
f 887/6969/26 2159/6970/1119 2157/6971/41 503/6972/26
f 888/6973/440 504/6974/440 2158/6975/451 2160/6976/452
f 885/6977/722 2159/6978/1119 2153/6979/442 881/6980/728
f 886/6981/1120 882/6982/1116 2154/6983/447 2160/6984/452
f 883/6985/448 2153/6986/442 2159/6970/1119 887/6969/26
f 884/6987/1118 888/6973/440 2160/6976/452 2154/6988/447
f 885/6989/722 2161/6990/1121 2163/6991/22 501/6992/20
f 886/6993/1120 502/6994/23 2164/6995/24 2162/6996/1122
f 503/6997/26 2163/6998/22 2161/6999/1121 887/7000/26
f 504/7001/440 888/7002/440 2162/7003/1122 2164/7004/24
f 501/6992/20 2163/6991/22 2165/7005/28 505/7006/1
f 502/6994/23 506/7007/5 2166/7008/29 2164/6995/24
f 507/7009/8 2165/7010/28 2163/7011/22 503/7012/26
f 508/7013/1123 504/7014/440 2164/7015/24 2166/7016/29
f 505/7017/1 2165/7018/28 2167/7019/1124 889/7020/710
f 506/7021/5 890/7022/1125 2168/7023/1126 2166/7024/29
f 891/7025/8 2167/7026/1124 2165/7027/28 507/7028/8
f 892/7029/9 508/7030/1123 2166/7031/29 2168/7032/1126
f 889/7033/710 2167/7034/1124 2161/7035/1121 885/7036/722
f 890/7037/1125 886/7038/1120 2162/7039/1122 2168/7040/1126
f 887/7041/26 2161/7042/1121 2167/7026/1124 891/7025/8
f 888/7043/440 892/7029/9 2168/7032/1126 2162/7044/1122
f 889/7045/710 2169/7046/2 2171/7047/709 505/7048/1
f 890/7049/1125 506/7050/5 2172/7051/1127 2170/7052/1128
f 507/7053/8 2171/7054/709 2169/7055/2 891/7056/8
f 508/7057/1123 892/7058/9 2170/7059/1128 2172/7060/1127
f 505/7061/1 2171/7062/709 2173/7063/1129 509/7064/11
f 506/7065/5 510/7066/967 2174/7067/1130 2172/7068/1127
f 511/7069/14 2173/7070/1129 2171/7071/709 507/7072/8
f 512/7073/970 508/7074/1123 2172/7075/1127 2174/7076/1130
f 509/7064/11 2173/7063/1129 2175/7077/16 893/7078/715
f 510/7066/967 894/7079/966 2176/7080/1131 2174/7067/1130
f 895/7081/14 2175/7082/16 2173/7083/1129 511/7084/14
f 896/7085/971 512/7086/970 2174/7087/1130 2176/7088/1131
f 893/7089/715 2175/7090/16 2169/7091/2 889/7092/710
f 894/7093/966 890/7094/1125 2170/7095/1128 2176/7096/1131
f 891/7097/8 2169/7091/2 2175/7090/16 895/7098/14
f 892/7058/9 896/7099/971 2176/7100/1131 2170/7059/1128
f 1/7101/11 2177/7102/957 2179/7103/958 637/7104/11
f 2/7105/12 638/7106/436 2180/7107/1132 2178/7108/1133
f 639/7109/14 2179/7110/958 2177/7111/957 3/7112/14
f 640/7113/435 4/7114/15 2178/7115/1133 2180/7116/1132
f 637/7117/11 2179/7118/958 2181/7119/961 513/7120/409
f 638/7121/436 514/7122/702 2182/7123/1134 2180/7124/1132
f 515/7125/417 2181/7126/961 2179/7127/958 639/7128/14
f 516/7129/418 640/7130/435 2180/7131/1132 2182/7132/1134
f 513/7120/409 2181/7119/961 2183/7133/963 5/7134/412
f 514/7122/702 6/7135/414 2184/7136/964 2182/7123/1134
f 7/7137/417 2183/7138/963 2181/7139/961 515/7140/417
f 8/7141/418 516/7142/418 2182/7143/1134 2184/7144/964
f 5/7145/412 2183/7146/963 2177/7147/957 1/7148/11
f 6/7149/414 2/7150/12 2178/7151/1133 2184/7152/964
f 3/7112/14 2177/7111/957 2183/7153/963 7/7154/417
f 4/7114/15 8/7155/418 2184/7156/964 2178/7115/1133
f 5/7157/412 2185/7158/947 2187/7159/948 513/7160/409
f 6/7161/414 514/7162/702 2188/7163/1135 2186/7164/1136
f 515/7165/417 2187/7166/948 2185/7167/947 7/7168/417
f 516/7169/418 8/7170/418 2186/7171/1136 2188/7172/1135
f 513/7173/409 2187/7174/948 2189/7175/953 517/7176/694
f 514/7177/702 518/7178/695 2190/7179/954 2188/7180/1135
f 519/7181/402 2189/7182/953 2187/7183/948 515/7184/417
f 520/7185/404 516/7186/418 2188/7187/1135 2190/7188/954
f 517/7176/694 2189/7175/953 2191/7189/955 9/7190/395
f 518/7178/695 10/7191/399 2192/7192/1137 2190/7179/954
f 11/7193/402 2191/7194/955 2189/7195/953 519/7196/402
f 12/7197/403 520/7198/404 2190/7199/954 2192/7200/1137
f 9/7201/395 2191/7202/955 2185/7203/947 5/7204/412
f 10/7205/399 6/7206/414 2186/7207/1136 2192/7208/1137
f 7/7168/417 2185/7167/947 2191/7209/955 11/7210/402
f 8/7170/418 12/7211/403 2192/7212/1137 2186/7171/1136
f 9/7213/395 2193/7214/939 2195/7215/940 517/7216/694
f 10/7217/399 518/7218/695 2196/7219/942 2194/7220/1138
f 519/7221/402 2195/7222/940 2193/7223/939 11/7224/402
f 520/7225/404 12/7226/403 2194/7220/1138 2196/7219/942
f 517/7227/694 2195/7228/940 2197/7229/1139 521/7230/680
f 518/7231/695 522/7232/683 2198/7233/1140 2196/7234/942
f 523/7235/388 2197/7236/1139 2195/7237/940 519/7238/402
f 524/7239/689 520/7240/404 2196/7241/942 2198/7242/1140
f 521/7230/680 2197/7229/1139 2199/7243/407 13/7244/381
f 522/7232/683 14/7245/385 2200/7246/1141 2198/7233/1140
f 15/7247/388 2199/7248/407 2197/7249/1139 523/7250/388
f 16/7251/389 524/7252/689 2198/7253/1140 2200/7254/1141
f 13/7255/381 2199/7256/407 2193/7257/939 9/7258/395
f 14/7259/385 10/7260/399 2194/7261/1138 2200/7262/1141
f 11/7224/402 2193/7223/939 2199/7263/407 15/7264/388
f 12/7265/403 16/7266/389 2200/7267/1141 2194/7268/1138
f 13/7244/381 2201/7269/382 2203/7270/682 521/7230/680
f 14/7245/385 522/7232/683 2204/7271/1142 2202/7272/1143
f 523/7273/388 2203/7274/682 2201/7275/382 15/7276/388
f 524/7277/689 16/7278/389 2202/7279/1143 2204/7280/1142
f 521/7230/680 2203/7270/682 2205/7281/936 525/7282/668
f 522/7232/683 526/7283/671 2206/7284/1144 2204/7271/1142
f 527/7285/373 2205/7286/936 2203/7287/682 523/7288/388
f 528/7289/676 524/7290/689 2204/7291/1142 2206/7292/1144
f 525/7293/668 2205/7294/936 2207/7295/1145 17/7296/366
f 526/7297/671 18/7298/370 2208/7299/1146 2206/7300/1144
f 19/7301/373 2207/7302/1145 2205/7303/936 527/7304/373
f 20/7305/375 528/7306/676 2206/7300/1144 2208/7299/1146
f 17/7307/366 2207/7308/1145 2201/7309/382 13/7310/381
f 18/7311/370 14/7312/385 2202/7313/1143 2208/7314/1146
f 15/7315/388 2201/7316/382 2207/7302/1145 19/7301/373
f 16/7317/389 20/7318/375 2208/7319/1146 2202/7320/1143
f 17/7321/366 2209/7322/1147 2211/7323/1148 525/7324/668
f 18/7325/370 526/7326/671 2212/7327/1149 2210/7328/1150
f 527/7329/373 2211/7330/1148 2209/7331/1147 19/7332/373
f 528/7333/676 20/7334/375 2210/7335/1150 2212/7336/1149
f 525/7324/668 2211/7323/1148 2213/7337/1151 529/7338/656
f 526/7326/671 530/7339/659 2214/7340/1152 2212/7327/1149
f 531/7341/359 2213/7342/1151 2211/7343/1148 527/7344/373
f 532/7345/664 528/7346/676 2212/7347/1149 2214/7348/1152
f 529/7349/656 2213/7350/1151 2215/7351/998 21/7352/352
f 530/7353/659 22/7354/356 2216/7355/1153 2214/7356/1152
f 23/7357/359 2215/7358/998 2213/7359/1151 531/7360/359
f 24/7361/360 532/7362/664 2214/7363/1152 2216/7364/1153
f 21/7365/352 2215/7366/998 2209/7367/1147 17/7368/366
f 22/7369/356 18/7370/370 2210/7371/1150 2216/7372/1153
f 19/7373/373 2209/7374/1147 2215/7358/998 23/7357/359
f 20/7375/375 24/7361/360 2216/7364/1153 2210/7376/1150
f 21/7377/352 2217/7378/1154 2219/7379/1155 529/7380/656
f 22/7381/356 530/7382/659 2220/7383/1156 2218/7384/1157
f 531/7385/359 2219/7386/1155 2217/7387/1154 23/7388/359
f 532/7389/664 24/7390/360 2218/7391/1157 2220/7392/1156
f 529/7380/656 2219/7379/1155 2221/7393/918 533/7394/649
f 530/7382/659 534/7395/651 2222/7396/1158 2220/7383/1156
f 535/7397/346 2221/7398/918 2219/7399/1155 531/7400/359
f 536/7401/347 532/7402/664 2220/7403/1156 2222/7404/1158
f 533/7405/649 2221/7406/918 2223/7407/364 25/7408/339
f 534/7409/651 26/7410/343 2224/7411/1159 2222/7412/1158
f 27/7413/346 2223/7414/364 2221/7415/918 535/7416/346
f 28/7417/347 536/7418/347 2222/7419/1158 2224/7420/1159
f 25/7421/339 2223/7422/364 2217/7423/1154 21/7424/352
f 26/7425/343 22/7426/356 2218/7427/1157 2224/7428/1159
f 23/7429/359 2217/7430/1154 2223/7414/364 27/7413/346
f 24/7431/360 28/7417/347 2224/7420/1159 2218/7432/1157
f 25/7433/339 2225/7434/340 2227/7435/906 533/7436/649
f 26/7437/343 534/7438/651 2228/7439/908 2226/7440/909
f 535/7441/346 2227/7442/906 2225/7443/340 27/7444/346
f 536/7445/347 28/7446/347 2226/7447/909 2228/7448/908
f 533/7436/649 2227/7435/906 2229/7449/1160 537/7450/642
f 534/7438/651 538/7451/643 2230/7452/1161 2228/7439/908
f 539/7453/333 2229/7454/1160 2227/7455/906 535/7456/346
f 540/7457/334 536/7458/347 2228/7459/908 2230/7460/1161
f 537/7461/642 2229/7462/1160 2231/7463/350 29/7464/326
f 538/7465/643 30/7466/330 2232/7467/912 2230/7468/1161
f 31/7469/333 2231/7470/350 2229/7471/1160 539/7472/333
f 32/7473/334 540/7474/334 2230/7475/1161 2232/7476/912
f 29/7477/326 2231/7478/350 2225/7479/340 25/7480/339
f 30/7481/330 26/7482/343 2226/7483/909 2232/7484/912
f 27/7485/346 2225/7486/340 2231/7470/350 31/7469/333
f 28/7487/347 32/7473/334 2232/7476/912 2226/7488/909
f 29/7489/326 2233/7490/898 2235/7491/899 537/7492/642
f 30/7493/330 538/7494/643 2236/7495/1162 2234/7496/1163
f 539/7497/333 2235/7498/899 2233/7499/898 31/7500/333
f 540/7501/334 32/7502/334 2234/7503/1163 2236/7504/1162
f 537/7505/642 2235/7506/899 2237/7507/1164 541/7508/633
f 538/7509/643 542/7510/635 2238/7511/1165 2236/7512/1162
f 543/7513/320 2237/7514/1164 2235/7515/899 539/7516/333
f 544/7517/639 540/7518/334 2236/7519/1162 2238/7520/1165
f 541/7508/633 2237/7507/1164 2239/7521/1166 33/7522/313
f 542/7510/635 34/7523/317 2240/7524/1167 2238/7511/1165
f 35/7525/320 2239/7526/1166 2237/7527/1164 543/7528/320
f 36/7529/321 544/7530/639 2238/7531/1165 2240/7532/1167
f 33/7533/313 2239/7534/1166 2233/7535/898 29/7536/326
f 34/7537/317 30/7538/330 2234/7539/1163 2240/7540/1167
f 31/7541/333 2233/7535/898 2239/7534/1166 35/7542/320
f 32/7543/334 36/7544/321 2240/7540/1167 2234/7539/1163
f 33/7545/313 2241/7546/1168 2243/7547/1169 541/7548/633
f 34/7549/317 542/7550/635 2244/7551/1170 2242/7552/1171
f 543/7553/320 2243/7554/1169 2241/7555/1168 35/7556/320
f 544/7557/639 36/7558/321 2242/7559/1171 2244/7560/1170
f 541/7561/633 2243/7562/1169 2245/7563/894 545/7564/626
f 542/7565/635 546/7566/628 2246/7567/1172 2244/7568/1170
f 547/7569/307 2245/7570/894 2243/7571/1169 543/7572/320
f 548/7573/308 544/7574/639 2244/7575/1170 2246/7576/1172
f 545/7564/626 2245/7563/894 2247/7577/896 37/7578/300
f 546/7566/628 38/7579/304 2248/7580/1173 2246/7567/1172
f 39/7581/307 2247/7582/896 2245/7583/894 547/7584/307
f 40/7585/308 548/7586/308 2246/7587/1172 2248/7588/1173
f 37/7589/300 2247/7590/896 2241/7591/1168 33/7592/313
f 38/7593/304 34/7594/317 2242/7595/1171 2248/7596/1173
f 35/7556/320 2241/7555/1168 2247/7597/896 39/7598/307
f 36/7558/321 40/7599/308 2248/7600/1173 2242/7559/1171
f 37/7601/300 2249/7602/301 2251/7603/883 545/7604/626
f 38/7605/304 546/7606/628 2252/7607/885 2250/7608/306
f 547/7609/307 2251/7610/883 2249/7611/301 39/7612/307
f 548/7613/308 40/7614/308 2250/7615/306 2252/7616/885
f 545/7617/626 2251/7618/883 2253/7619/886 549/7620/620
f 546/7621/628 550/7622/622 2254/7623/887 2252/7624/885
f 551/7625/294 2253/7626/886 2251/7627/883 547/7628/307
f 552/7629/295 548/7630/308 2252/7631/885 2254/7632/887
f 549/7620/620 2253/7619/886 2255/7633/311 41/7634/287
f 550/7622/622 42/7635/291 2256/7636/312 2254/7623/887
f 43/7637/294 2255/7638/311 2253/7639/886 551/7640/294
f 44/7641/295 552/7642/295 2254/7643/887 2256/7644/312
f 41/7645/287 2255/7646/311 2249/7647/301 37/7648/300
f 42/7649/291 38/7650/304 2250/7651/306 2256/7652/312
f 39/7612/307 2249/7611/301 2255/7653/311 43/7654/294
f 40/7614/308 44/7655/295 2256/7656/312 2250/7615/306
f 41/7657/287 2257/7658/288 2259/7659/1174 549/7660/620
f 42/7661/291 550/7662/622 2260/7663/1175 2258/7664/879
f 551/7665/294 2259/7666/1174 2257/7667/288 43/7668/294
f 552/7669/295 44/7670/295 2258/7671/879 2260/7672/1175
f 549/7673/620 2259/7674/1174 2261/7675/296 553/7676/273
f 550/7677/622 554/7678/611 2262/7679/1176 2260/7680/1175
f 555/7681/280 2261/7682/296 2259/7683/1174 551/7684/294
f 556/7685/281 552/7686/295 2260/7687/1175 2262/7688/1176
f 553/7676/273 2261/7675/296 2263/7689/298 45/7690/273
f 554/7678/611 46/7691/277 2264/7692/882 2262/7679/1176
f 47/7693/280 2263/7694/298 2261/7695/296 555/7696/280
f 48/7697/281 556/7698/281 2262/7699/1176 2264/7700/882
f 45/7701/273 2263/7702/298 2257/7703/288 41/7704/287
f 46/7705/277 42/7706/291 2258/7707/879 2264/7708/882
f 43/7668/294 2257/7667/288 2263/7709/298 47/7710/280
f 44/7670/295 48/7711/281 2264/7712/882 2258/7671/879
f 45/7690/273 2265/7713/610 2267/7714/275 553/7676/273
f 46/7691/277 554/7678/611 2268/7715/1026 2266/7716/1177
f 555/7717/280 2267/7718/275 2265/7719/610 47/7720/280
f 556/7721/281 48/7722/281 2266/7723/1177 2268/7724/1026
f 553/7676/273 2267/7714/275 2269/7725/616 557/7726/260
f 554/7678/611 558/7727/601 2270/7728/1178 2268/7715/1026
f 559/7729/265 2269/7730/616 2267/7731/275 555/7732/280
f 560/7733/606 556/7734/281 2268/7735/1026 2270/7736/1178
f 557/7737/260 2269/7738/616 2271/7739/1179 49/7740/260
f 558/7741/601 50/7742/262 2272/7743/1180 2270/7744/1178
f 51/7745/265 2271/7746/1179 2269/7747/616 559/7748/265
f 52/7749/267 560/7750/606 2270/7744/1178 2272/7743/1180
f 49/7751/260 2271/7752/1179 2265/7753/610 45/7754/273
f 50/7755/262 46/7756/277 2266/7757/1177 2272/7758/1180
f 47/7759/280 2265/7760/610 2271/7746/1179 51/7745/265
f 48/7761/281 52/7762/267 2272/7763/1180 2266/7764/1177
f 49/7765/260 2273/7766/258 2275/7767/1181 557/7768/260
f 50/7769/262 558/7770/601 2276/7771/1182 2274/7772/1183
f 559/7773/265 2275/7774/1181 2273/7775/258 51/7776/265
f 560/7777/606 52/7778/267 2274/7779/1183 2276/7780/1182
f 557/7768/260 2275/7767/1181 2277/7781/1184 561/7782/243
f 558/7770/601 562/7783/591 2278/7784/1185 2276/7771/1182
f 563/7785/250 2277/7786/1184 2275/7787/1181 559/7788/265
f 564/7789/596 560/7790/606 2276/7791/1182 2278/7792/1185
f 561/7793/243 2277/7794/1184 2279/7795/1039 53/7796/243
f 562/7797/591 54/7798/247 2280/7799/1186 2278/7800/1185
f 55/7801/250 2279/7802/1039 2277/7803/1184 563/7804/250
f 56/7805/251 564/7806/596 2278/7807/1185 2280/7808/1186
f 53/7809/243 2279/7810/1039 2273/7811/258 49/7812/260
f 54/7813/247 50/7814/262 2274/7815/1183 2280/7816/1186
f 51/7817/265 2273/7818/258 2279/7802/1039 55/7801/250
f 52/7819/267 56/7805/251 2280/7808/1186 2274/7820/1183
f 53/7821/243 2281/7822/1187 2283/7823/849 561/7824/243
f 54/7825/247 562/7826/591 2284/7827/1188 2282/7828/1189
f 563/7829/250 2283/7830/849 2281/7831/1187 55/7832/250
f 564/7833/596 56/7834/251 2282/7835/1189 2284/7836/1188
f 561/7824/243 2283/7823/849 2285/7837/1190 565/7838/230
f 562/7826/591 566/7839/584 2286/7840/1191 2284/7827/1188
f 567/7841/237 2285/7842/1190 2283/7843/849 563/7844/250
f 568/7845/586 564/7846/596 2284/7847/1188 2286/7848/1191
f 565/7849/230 2285/7850/1190 2287/7851/255 57/7852/230
f 566/7853/584 58/7854/234 2288/7855/1192 2286/7856/1191
f 59/7857/237 2287/7858/255 2285/7859/1190 567/7860/237
f 60/7861/238 568/7862/586 2286/7863/1191 2288/7864/1192
f 57/7865/230 2287/7866/255 2281/7867/1187 53/7868/243
f 58/7869/234 54/7870/247 2282/7871/1189 2288/7872/1192
f 55/7873/250 2281/7874/1187 2287/7858/255 59/7857/237
f 56/7875/251 60/7861/238 2288/7864/1192 2282/7876/1189
f 57/7877/230 2289/7878/231 2291/7879/843 565/7880/230
f 58/7881/234 566/7882/584 2292/7883/846 2290/7884/236
f 567/7885/237 2291/7886/843 2289/7887/231 59/7888/237
f 568/7889/586 60/7890/238 2290/7891/236 2292/7892/846
f 565/7880/230 2291/7879/843 2293/7893/847 569/7894/574
f 566/7882/584 570/7895/575 2294/7896/1193 2292/7883/846
f 571/7897/224 2293/7898/847 2291/7899/843 567/7900/237
f 572/7901/225 568/7902/586 2292/7903/846 2294/7904/1193
f 569/7905/574 2293/7906/847 2295/7907/241 61/7908/217
f 570/7909/575 62/7910/221 2296/7911/242 2294/7912/1193
f 63/7913/224 2295/7914/241 2293/7915/847 571/7916/224
f 64/7917/225 572/7918/225 2294/7919/1193 2296/7920/242
f 61/7921/217 2295/7922/241 2289/7923/231 57/7924/230
f 62/7925/221 58/7926/234 2290/7927/236 2296/7928/242
f 59/7929/237 2289/7923/231 2295/7922/241 63/7930/224
f 60/7931/238 64/7917/225 2296/7920/242 2290/7932/236
f 61/7933/217 2297/7934/835 2299/7935/1194 569/7936/574
f 62/7937/221 570/7938/575 2300/7939/1195 2298/7940/1196
f 571/7941/224 2299/7942/1194 2297/7943/835 63/897/224
f 572/7944/225 64/7945/225 2298/7946/1196 2300/7947/1195
f 569/7948/574 2299/7949/1194 2301/7950/1052 573/7951/563
f 570/7952/575 574/7953/566 2302/7954/1197 2300/7955/1195
f 575/7956/211 2301/7957/1052 2299/7958/1194 571/7959/224
f 576/7960/571 572/7961/225 2300/7962/1195 2302/7963/1197
f 573/7951/563 2301/7950/1052 2303/7964/228 65/7965/204
f 574/7953/566 66/7966/208 2304/7967/1198 2302/7954/1197
f 67/7968/211 2303/7969/228 2301/7970/1052 575/7971/211
f 68/7972/212 576/7973/571 2302/7974/1197 2304/7975/1198
f 65/7976/204 2303/7977/228 2297/7978/835 61/7979/217
f 66/7980/208 62/7981/221 2298/7982/1196 2304/7983/1198
f 63/7984/224 2297/7978/835 2303/7977/228 67/7985/211
f 64/7986/225 68/7987/212 2304/7983/1198 2298/7982/1196
f 65/7988/204 2305/7989/825 2307/7990/826 573/7991/563
f 66/7992/208 574/7993/566 2308/7994/1199 2306/7995/1200
f 575/7996/211 2307/7997/826 2305/7998/825 67/7999/211
f 576/8000/571 68/8001/212 2306/8002/1200 2308/8003/1199
f 573/8004/563 2307/8005/826 2309/8006/831 577/8007/556
f 574/8008/566 578/8009/558 2310/8010/1201 2308/8011/1199
f 579/8012/198 2309/8013/831 2307/8014/826 575/8015/211
f 580/8016/199 576/8017/571 2308/8018/1199 2310/8019/1201
f 577/8007/556 2309/8006/831 2311/8020/833 69/8021/191
f 578/8009/558 70/8022/195 2312/8023/1202 2310/8010/1201
f 71/8024/198 2311/8025/833 2309/8026/831 579/8027/198
f 72/8028/199 580/8029/199 2310/8030/1201 2312/8031/1202
f 69/8032/191 2311/8033/833 2305/8034/825 65/8035/204
f 70/8036/195 66/8037/208 2306/8038/1200 2312/8039/1202
f 67/7999/211 2305/7998/825 2311/8040/833 71/8041/198
f 68/8001/212 72/8042/199 2312/8043/1202 2306/8002/1200
f 69/8044/191 2313/8045/192 2315/8046/1203 577/8047/556
f 70/8048/195 578/8049/558 2316/8050/822 2314/8051/197
f 579/8052/198 2315/8053/1203 2313/8054/192 71/8055/198
f 580/8056/199 72/8057/199 2314/8058/197 2316/8059/822
f 577/8060/556 2315/8061/1203 2317/8062/823 581/8063/548
f 578/8064/558 582/8065/551 2318/8066/824 2316/8067/822
f 583/8068/185 2317/8069/823 2315/8070/1203 579/8071/198
f 584/8072/186 580/8073/199 2316/8074/822 2318/8075/824
f 581/8063/548 2317/8062/823 2319/8076/202 73/8077/178
f 582/8065/551 74/8078/182 2320/8079/203 2318/8066/824
f 75/8080/185 2319/8081/202 2317/8082/823 583/8083/185
f 76/8084/186 584/8085/186 2318/8086/824 2320/8087/203
f 73/8088/178 2319/8089/202 2313/8090/192 69/8091/191
f 74/8092/182 70/8093/195 2314/8094/197 2320/8095/203
f 71/8055/198 2313/8054/192 2319/8096/202 75/8097/185
f 72/8057/199 76/8098/186 2320/8099/203 2314/8058/197
f 73/8100/178 2321/8101/179 2323/8102/812 581/8103/548
f 74/8104/182 582/8105/551 2324/8106/1204 2322/8107/815
f 583/8108/185 2323/8109/812 2321/8110/179 75/8111/185
f 584/8112/186 76/8113/186 2322/8114/815 2324/8115/1204
f 581/8116/548 2323/8117/812 2325/8118/187 585/8119/536
f 582/8120/551 586/8121/539 2326/8122/1205 2324/8123/1204
f 587/8124/172 2325/8125/187 2323/8126/812 583/8127/185
f 588/8128/543 584/8129/186 2324/8130/1204 2326/8131/1205
f 585/8119/536 2325/8118/187 2327/8132/189 77/8133/165
f 586/8121/539 78/8134/169 2328/8135/1206 2326/8122/1205
f 79/8136/172 2327/8137/189 2325/8138/187 587/8139/172
f 80/8140/173 588/8141/543 2326/8142/1205 2328/8143/1206
f 77/8144/165 2327/8145/189 2321/8146/179 73/8147/178
f 78/8148/169 74/8149/182 2322/8150/815 2328/8151/1206
f 75/8111/185 2321/8110/179 2327/8152/189 79/8153/172
f 76/8113/186 80/8154/173 2328/8155/1206 2322/8114/815
f 77/8133/165 2329/8156/166 2331/8157/167 585/8119/536
f 78/8134/169 586/8121/539 2332/8158/1207 2330/8159/1208
f 587/8160/172 2331/8161/167 2329/8162/166 79/8163/172
f 588/8164/543 80/8165/173 2330/8166/1208 2332/8167/1207
f 585/8119/536 2331/8157/167 2333/8168/1209 589/8169/149
f 586/8121/539 590/8170/527 2334/8171/1210 2332/8158/1207
f 591/8172/157 2333/8173/1209 2331/8174/167 587/8175/172
f 592/8176/531 588/8177/543 2332/8178/1207 2334/8179/1210
f 589/2475/149 2333/8180/1209 2335/8181/176 81/8182/152
f 590/8183/527 82/8184/154 2336/8185/1211 2334/8186/1210
f 83/8187/157 2335/8188/176 2333/8189/1209 591/8190/157
f 84/8191/159 592/8192/531 2334/8193/1210 2336/8194/1211
f 81/8195/152 2335/8196/176 2329/8197/166 77/8198/165
f 82/8199/154 78/8200/169 2330/8201/1208 2336/8202/1211
f 79/8203/172 2329/8204/166 2335/8188/176 83/8187/157
f 80/8205/173 84/8191/159 2336/8194/1211 2330/8206/1208
f 81/8207/152 2337/8208/1212 2339/8209/1213 589/8210/149
f 82/8211/154 590/8212/527 2340/8213/1214 2338/8214/1215
f 591/8215/157 2339/8216/1213 2337/8217/1212 83/8218/157
f 592/8219/531 84/8220/159 2338/8221/1215 2340/8222/1214
f 589/8210/149 2339/8209/1213 2341/8223/800 593/8224/515
f 590/8212/527 594/8225/518 2342/8226/1216 2340/8213/1214
f 595/8227/521 2341/8228/800 2339/8229/1213 591/8230/157
f 596/8231/523 592/8232/531 2340/8233/1214 2342/8234/1216
f 593/8235/515 2341/8236/800 2343/8237/534 85/8238/135
f 594/8239/518 86/8240/139 2344/8241/1217 2342/8242/1216
f 87/8243/142 2343/8244/534 2341/8245/800 595/8246/521
f 88/8247/143 596/8248/523 2342/8249/1216 2344/8250/1217
f 85/8251/135 2343/8252/534 2337/8253/1212 81/8254/152
f 86/8255/139 82/8256/154 2338/8257/1215 2344/8258/1217
f 83/8259/157 2337/8260/1212 2343/8244/534 87/8243/142
f 84/8261/159 88/8247/143 2344/8250/1217 2338/8262/1215
f 85/8263/135 2345/8264/1218 2347/8265/1219 593/8266/515
f 86/8267/139 594/8268/518 2348/8269/1220 2346/8270/1221
f 595/8271/521 2347/8272/1219 2345/8273/1218 87/8274/142
f 596/8275/523 88/8276/143 2346/8277/1221 2348/8278/1220
f 593/8266/515 2347/8265/1219 2349/8279/791 597/8280/508
f 594/8268/518 598/8281/510 2350/8282/792 2348/8269/1220
f 599/8283/129 2349/8284/791 2347/8285/1219 595/8286/521
f 600/8287/512 596/8288/523 2348/8289/1220 2350/8290/792
f 597/8291/508 2349/8292/791 2351/8293/147 89/8294/122
f 598/8295/510 90/8296/126 2352/8297/1222 2350/8298/792
f 91/8299/129 2351/8300/147 2349/8301/791 599/8302/129
f 92/8303/130 600/8304/512 2350/8305/792 2352/8306/1222
f 89/8307/122 2351/8308/147 2345/8309/1218 85/8310/135
f 90/8311/126 86/8312/139 2346/8313/1221 2352/8314/1222
f 87/8315/142 2345/8316/1218 2351/8300/147 91/8299/129
f 88/8317/143 92/8303/130 2352/8306/1222 2346/8318/1221
f 89/8319/122 2353/8320/123 2355/8321/781 597/8322/508
f 90/8323/126 598/8324/510 2356/8325/783 2354/8326/128
f 599/8327/129 2355/8328/781 2353/8329/123 91/8330/129
f 600/8331/512 92/8332/130 2354/8333/128 2356/8334/783
f 597/8322/508 2355/8321/781 2357/8335/1223 601/8336/501
f 598/8324/510 602/8337/502 2358/8338/1224 2356/8325/783
f 603/8339/116 2357/8340/1223 2355/8341/781 599/8342/129
f 604/8343/117 600/8344/512 2356/8345/783 2358/8346/1224
f 601/8347/501 2357/8348/1223 2359/8349/133 93/8350/109
f 602/8351/502 94/8352/113 2360/8353/134 2358/8354/1224
f 95/8355/116 2359/8356/133 2357/8357/1223 603/8358/116
f 96/8359/117 604/8360/117 2358/8361/1224 2360/8362/134
f 93/8363/109 2359/8364/133 2353/8365/123 89/8366/122
f 94/8367/113 90/8368/126 2354/8369/128 2360/8370/134
f 91/8371/129 2353/8372/123 2359/8356/133 95/8355/116
f 92/8373/130 96/8359/117 2360/8362/134 2354/8374/128
f 93/8375/109 2361/8376/773 2363/8377/774 601/8378/501
f 94/8379/113 602/8380/502 2364/8381/1225 2362/8382/1226
f 603/8383/116 2363/8384/774 2361/8385/773 95/8386/116
f 604/8387/117 96/8388/117 2362/8389/1226 2364/8390/1225
f 601/8391/501 2363/8392/774 2365/8393/1227 605/8394/492
f 602/8395/502 606/8396/494 2366/8397/1228 2364/8398/1225
f 607/8399/103 2365/8400/1227 2363/8401/774 603/8402/116
f 608/8403/498 604/8404/117 2364/8405/1225 2366/8406/1228
f 605/8394/492 2365/8393/1227 2367/8407/1229 97/8408/96
f 606/8396/494 98/8409/100 2368/8410/1230 2366/8397/1228
f 99/8411/103 2367/8412/1229 2365/8413/1227 607/8414/103
f 100/8415/104 608/8416/498 2366/8417/1228 2368/8418/1230
f 97/8419/96 2367/8420/1229 2361/8421/773 93/8422/109
f 98/8423/100 94/8424/113 2362/8425/1226 2368/8426/1230
f 95/8427/116 2361/8421/773 2367/8420/1229 99/8428/103
f 96/8388/117 100/8429/104 2368/8430/1230 2362/8389/1226
f 97/8431/96 2369/8432/1231 2371/8433/1232 605/8434/492
f 98/8435/100 606/8436/494 2372/8437/1233 2370/8438/1234
f 607/8439/103 2371/8440/1232 2369/8441/1231 99/8442/103
f 608/8443/498 100/8444/104 2370/8445/1234 2372/8446/1233
f 605/8447/492 2371/8448/1232 2373/8449/769 609/8450/485
f 606/8451/494 610/8452/487 2374/8453/1235 2372/8454/1233
f 611/8455/90 2373/8456/769 2371/8457/1232 607/8458/103
f 612/8459/91 608/8460/498 2372/8461/1233 2374/8462/1235
f 609/8450/485 2373/8449/769 2375/8463/771 101/8464/83
f 610/8452/487 102/8465/87 2376/8466/1236 2374/8453/1235
f 103/8467/90 2375/8468/771 2373/8469/769 611/8470/90
f 104/8471/91 612/8472/91 2374/8473/1235 2376/8474/1236
f 101/8475/83 2375/8476/771 2369/8477/1231 97/8478/96
f 102/8479/87 98/8480/100 2370/8481/1234 2376/8482/1236
f 99/8442/103 2369/8441/1231 2375/8483/771 103/8484/90
f 100/8444/104 104/8485/91 2376/8486/1236 2370/8445/1234
f 101/8487/83 2377/8488/84 2379/8489/1237 609/8490/485
f 102/8491/87 610/8492/487 2380/8493/760 2378/8494/89
f 611/8495/90 2379/8496/1237 2377/8497/84 103/8498/90
f 612/8499/91 104/8500/91 2378/8501/89 2380/8502/760
f 609/8503/485 2379/8504/1237 2381/8505/761 613/8506/477
f 610/8507/487 614/8508/480 2382/8509/762 2380/8510/760
f 615/8511/77 2381/8512/761 2379/8513/1237 611/8514/90
f 616/8515/78 612/8516/91 2380/8517/760 2382/8518/762
f 613/8506/477 2381/8505/761 2383/8519/94 105/8520/71
f 614/8508/480 106/8521/74 2384/8522/95 2382/8509/762
f 107/8523/77 2383/8524/94 2381/8525/761 615/8526/77
f 108/8527/78 616/8528/78 2382/8529/762 2384/8530/95
f 105/8531/71 2383/8532/94 2377/8533/84 101/8534/83
f 106/8535/74 102/8536/87 2378/8537/89 2384/8538/95
f 103/8498/90 2377/8497/84 2383/8539/94 107/8540/77
f 104/8500/91 108/8541/78 2384/8542/95 2378/8501/89
f 105/8543/71 2385/8544/72 2387/8545/753 613/8546/477
f 106/8547/74 614/8548/480 2388/8549/755 2386/8550/76
f 615/8551/77 2387/8552/753 2385/8553/72 107/8554/77
f 616/8555/78 108/8556/78 2386/8550/76 2388/8549/755
f 613/8557/477 2387/8558/753 2389/8559/1238 617/8560/466
f 614/8561/480 618/8562/468 2390/8563/757 2388/8564/755
f 619/8565/65 2389/8566/1238 2387/8567/753 615/8568/77
f 620/8569/472 616/8570/78 2388/8571/755 2390/8572/757
f 617/8560/466 2389/8559/1238 2391/8573/1239 109/8574/59
f 618/8562/468 110/8575/62 2392/8576/82 2390/8563/757
f 111/8577/65 2391/8578/1239 2389/8579/1238 619/2086/65
f 112/8580/66 620/8581/472 2390/8582/757 2392/8583/82
f 109/8584/59 2391/8585/1239 2385/8586/72 105/8587/71
f 110/8588/62 106/8589/74 2386/8590/76 2392/8591/82
f 107/8554/77 2385/8553/72 2391/8592/1239 111/8593/65
f 108/8594/78 112/8595/66 2392/8596/82 2386/8597/76
f 109/8574/59 2393/8598/60 2395/8599/1240 617/8560/466
f 110/8575/62 618/8562/468 2396/8600/1241 2394/8601/64
f 619/8602/65 2395/8603/1240 2393/8604/60 111/8605/65
f 620/8606/472 112/8607/66 2394/8608/64 2396/8609/1241
f 617/8560/466 2395/8599/1240 2397/8610/1242 621/8611/453
f 618/8562/468 622/8612/456 2398/8613/1243 2396/8600/1241
f 623/8614/52 2397/8615/1242 2395/8616/1240 619/8617/65
f 624/8618/461 620/8619/472 2396/8620/1241 2398/8621/1243
f 621/8622/453 2397/8623/1242 2399/8624/1244 113/8625/45
f 622/8626/456 114/8627/49 2400/8628/1245 2398/8629/1243
f 115/8630/52 2399/8631/1244 2397/8632/1242 623/8633/52
f 116/8634/53 624/8635/461 2398/8636/1243 2400/8637/1245
f 113/8638/45 2399/8639/1244 2393/8640/60 109/8641/59
f 114/8642/49 110/8643/62 2394/8644/64 2400/8645/1245
f 111/8646/65 2393/8647/60 2399/8631/1244 115/8630/52
f 112/8648/66 116/8634/53 2400/8637/1245 2394/8649/64
f 113/8650/45 2401/8651/454 2403/8652/455 621/8653/453
f 114/8654/49 622/8655/456 2404/8656/1246 2402/8657/1247
f 623/8658/52 2403/8659/455 2401/8660/454 115/8661/52
f 624/8662/461 116/8663/53 2402/8664/1247 2404/8665/1246
f 621/8653/453 2403/8652/455 2405/8666/1248 625/8667/32
f 622/8655/456 626/8668/444 2406/8669/1249 2404/8656/1246
f 627/8670/448 2405/8671/1248 2403/8672/455 623/8673/52
f 628/8674/450 624/8675/461 2404/8676/1246 2406/8677/1249
f 625/8678/32 2405/8679/1248 2407/8680/57 117/8681/32
f 626/8682/444 118/8683/35 2408/8684/1250 2406/8685/1249
f 119/8686/38 2407/8687/57 2405/8688/1248 627/8689/448
f 120/8690/39 628/8691/450 2406/8692/1249 2408/8693/1250
f 117/8694/32 2407/8695/57 2401/8696/454 113/8697/45
f 118/8698/35 114/8699/49 2402/8700/1247 2408/8701/1250
f 115/8702/52 2401/8703/454 2407/8687/57 119/8686/38
f 116/8704/53 120/8690/39 2408/8693/1250 2402/8705/1247
f 117/8706/32 2409/8707/33 2411/8708/1251 625/8709/32
f 118/8710/35 626/8711/444 2412/8712/1252 2410/8713/1253
f 627/8714/448 2411/8715/1251 2409/8716/33 119/8717/38
f 628/8718/450 120/8719/39 2410/8720/1253 2412/8721/1252
f 625/8709/32 2411/8708/1251 2413/8722/1254 629/8723/20
f 626/8711/444 630/8724/438 2414/8725/734 2412/8712/1252
f 631/8726/26 2413/8727/1254 2411/8728/1251 627/8729/448
f 632/8730/440 628/8731/450 2412/8732/1252 2414/8733/734
f 629/8734/20 2413/8735/1254 2415/8736/43 121/8737/20
f 630/8738/438 122/8739/23 2416/8740/44 2414/8741/734
f 123/8742/26 2415/8743/43 2413/8744/1254 631/8745/26
f 124/8746/27 632/8747/440 2414/8748/734 2416/8749/44
f 121/8750/20 2415/8751/43 2409/8752/33 117/8753/32
f 122/8754/23 118/8755/35 2410/8756/1253 2416/8757/44
f 119/8758/38 2409/8759/33 2415/8743/43 123/8742/26
f 120/8760/39 124/8746/27 2416/8749/44 2410/8761/1253
f 121/8762/20 2417/8763/21 2419/8764/1255 629/8765/20
f 122/8766/23 630/8767/438 2420/8768/1256 2418/8769/25
f 631/8770/26 2419/8771/1255 2417/8772/21 123/8773/26
f 632/8774/440 124/8775/27 2418/8776/25 2420/8777/1256
f 629/8765/20 2419/8764/1255 2421/8778/28 633/8779/1
f 630/8767/438 634/8780/431 2422/8781/1257 2420/8768/1256
f 635/8782/8 2421/8783/28 2419/8784/1255 631/8785/26
f 636/8786/9 632/8787/440 2420/8788/1256 2422/8789/1257
f 633/8790/1 2421/8791/28 2423/8792/30 125/8793/1
f 634/8794/431 126/8795/5 2424/8796/31 2422/8797/1257
f 127/8798/8 2423/8799/30 2421/8800/28 635/8801/8
f 128/8802/9 636/8803/9 2422/8804/1257 2424/8805/31
f 125/8806/1 2423/8807/30 2417/8808/21 121/8809/20
f 126/8810/5 122/8811/23 2418/8812/25 2424/8813/31
f 123/8814/26 2417/8815/21 2423/8799/30 127/8798/8
f 124/8816/27 128/8802/9 2424/8805/31 2418/8817/25
f 125/8818/1 2425/8819/708 2427/8820/709 633/8821/1
f 126/8822/5 634/8823/431 2428/8824/1258 2426/8825/713
f 635/8826/8 2427/8827/709 2425/8828/708 127/8829/8
f 636/8830/9 128/8831/9 2426/8832/713 2428/8833/1258
f 633/8834/1 2427/8835/709 2429/8836/1259 637/8837/11
f 634/8838/431 638/8839/436 2430/8840/1260 2428/8841/1258
f 639/8842/14 2429/8843/1259 2427/8844/709 635/8845/8
f 640/8846/435 636/8847/9 2428/8848/1258 2430/8849/1260
f 637/8837/11 2429/8836/1259 2431/8850/719 1/8851/11
f 638/8839/436 2/8852/12 2432/8853/1261 2430/8840/1260
f 3/8854/14 2431/8855/719 2429/8856/1259 639/8857/14
f 4/8858/15 640/8859/435 2430/8860/1260 2432/8861/1261
f 1/8862/11 2431/8863/719 2425/8864/708 125/8865/1
f 2/8866/12 126/8867/5 2426/8868/713 2432/8869/1261
f 127/8870/8 2425/8864/708 2431/8863/719 3/8871/14
f 128/8831/9 4/8872/15 2432/8873/1261 2426/8832/713
f 509/8874/11 2433/8875/705 2435/8876/1262 641/8877/11
f 510/8878/967 642/8879/17 2436/8880/1263 2434/8881/1264
f 643/8882/14 2435/8883/1262 2433/8884/705 511/8885/14
f 644/8886/19 512/8887/970 2434/8888/1264 2436/8889/1263
f 641/8890/11 2435/8891/1262 2437/8892/961 645/8893/409
f 642/8894/17 646/8895/413 2438/8896/1265 2436/8897/1263
f 647/8898/417 2437/8899/961 2435/8900/1262 643/8901/14
f 648/8902/418 644/8903/19 2436/8904/1263 2438/8905/1265
f 645/8893/409 2437/8892/961 2439/8906/429 385/8907/412
f 646/8895/413 386/8908/414 2440/8909/1266 2438/8896/1265
f 387/8910/417 2439/8911/429 2437/8912/961 647/8913/417
f 388/8914/974 648/8915/418 2438/8916/1265 2440/8917/1266
f 385/8918/412 2439/8919/429 2433/8920/705 509/8921/11
f 386/8922/414 510/8923/967 2434/8924/1264 2440/8925/1266
f 511/8885/14 2433/8884/705 2439/8926/429 387/8927/417
f 512/8887/970 388/8928/974 2440/8929/1266 2434/8888/1264
f 385/8930/412 2441/8931/947 2443/8932/948 645/8933/409
f 386/8934/414 646/8935/413 2444/8936/1267 2442/8937/1136
f 647/8938/417 2443/8939/948 2441/8940/947 387/8941/417
f 648/8942/418 388/8943/974 2442/8944/1136 2444/8945/1267
f 645/8946/409 2443/8947/948 2445/8948/953 649/8949/395
f 646/8950/413 650/8951/398 2446/8952/1268 2444/8953/1267
f 651/8954/402 2445/8955/953 2443/8956/948 647/8957/417
f 652/8958/404 648/8959/418 2444/8960/1267 2446/8961/1268
f 649/8949/395 2445/8948/953 2447/8962/955 389/8963/395
f 650/8951/398 390/8964/399 2448/8965/956 2446/8952/1268
f 391/8966/402 2447/8967/955 2445/8968/953 651/8969/402
f 392/8970/404 652/8971/404 2446/8972/1268 2448/8973/956
f 389/8974/395 2447/8975/955 2441/8976/947 385/8977/412
f 390/8978/399 386/8979/414 2442/8980/1136 2448/8981/956
f 387/8941/417 2441/8940/947 2447/8982/955 391/8983/402
f 388/8943/974 392/8984/404 2448/8985/956 2442/8944/1136
f 389/8986/395 2449/8987/939 2451/8988/1269 649/8989/395
f 390/8990/399 650/8991/398 2452/8992/1270 2450/8993/943
f 651/8994/402 2451/8995/1269 2449/8996/939 391/8997/402
f 652/8998/404 392/8999/404 2450/8993/943 2452/8992/1270
f 649/9000/395 2451/9001/1269 2453/9002/405 653/9003/381
f 650/9004/398 654/9005/384 2454/9006/1271 2452/9007/1270
f 655/9008/388 2453/9009/405 2451/9010/1269 651/9011/402
f 656/9012/390 652/9013/404 2452/9014/1270 2454/9015/1271
f 653/9003/381 2453/9002/405 2455/9016/1272 393/9017/381
f 654/9005/384 394/9018/385 2456/9019/946 2454/9006/1271
f 395/9020/388 2455/9021/1272 2453/9022/405 655/9023/388
f 396/9024/689 656/9025/390 2454/9026/1271 2456/9027/946
f 393/9028/381 2455/9029/1272 2449/9030/939 389/9031/395
f 394/9032/385 390/9033/399 2450/9034/943 2456/9035/946
f 391/8997/402 2449/8996/939 2455/9036/1272 395/9037/388
f 392/9038/404 396/9039/689 2456/9040/946 2450/9041/943
f 393/9017/381 2457/9042/930 2459/9043/682 653/9003/381
f 394/9018/385 654/9005/384 2460/9044/1273 2458/9045/1274
f 655/9046/388 2459/9047/682 2457/9048/930 395/9049/388
f 656/9050/390 396/9051/689 2458/9052/1274 2460/9053/1273
f 653/9003/381 2459/9043/682 2461/9054/1275 657/9055/366
f 654/9005/384 658/9056/369 2462/9057/1276 2460/9044/1273
f 659/9058/374 2461/9059/1275 2459/9060/682 655/9061/388
f 660/9062/376 656/9063/390 2460/9064/1273 2462/9065/1276
f 657/9066/366 2461/9067/1275 2463/9068/393 397/9069/366
f 658/9070/369 398/9071/986 2464/9072/1277 2462/9073/1276
f 399/9074/373 2463/9075/393 2461/9076/1275 659/9077/374
f 400/9078/988 660/9079/376 2462/9073/1276 2464/9072/1277
f 397/9080/366 2463/9081/393 2457/9082/930 393/9083/381
f 398/9084/986 394/9085/385 2458/9086/1274 2464/9087/1277
f 395/9088/388 2457/9089/930 2463/9075/393 399/9074/373
f 396/9090/689 400/9091/988 2464/9092/1277 2458/9093/1274
f 397/9094/366 2465/9095/921 2467/9096/1278 657/9097/366
f 398/9098/986 658/9099/369 2468/9100/1279 2466/9101/1280
f 659/9102/374 2467/9103/1278 2465/9104/921 399/9105/373
f 660/9106/376 400/9107/988 2466/9108/1280 2468/9109/1279
f 657/9097/366 2467/9096/1278 2469/9110/927 661/9111/352
f 658/9099/369 662/9112/355 2470/9113/1281 2468/9100/1279
f 663/9114/359 2469/9115/927 2467/9116/1278 659/9117/374
f 664/9118/361 660/9119/376 2468/9120/1279 2470/9121/1281
f 661/9122/352 2469/9123/927 2471/9124/678 401/9125/352
f 662/9126/355 402/9127/356 2472/9128/1282 2470/9129/1281
f 403/9130/359 2471/9131/678 2469/9132/927 663/9133/359
f 404/9134/997 664/9135/361 2470/9136/1281 2472/9137/1282
f 401/9138/352 2471/9139/678 2465/9140/921 397/9141/366
f 402/9142/356 398/9143/986 2466/9144/1280 2472/9145/1282
f 399/9146/373 2465/9147/921 2471/9131/678 403/9130/359
f 400/9148/988 404/9134/997 2472/9137/1282 2466/9149/1280
f 401/9150/352 2473/9151/353 2475/9152/354 661/9153/352
f 402/9154/356 662/9155/355 2476/9156/1283 2474/9157/1284
f 663/9158/359 2475/9159/354 2473/9160/353 403/9161/359
f 664/9162/361 404/9163/997 2474/9164/1284 2476/9165/1283
f 661/9153/352 2475/9152/354 2477/9166/1285 665/9167/339
f 662/9155/355 666/9168/342 2478/9169/1158 2476/9156/1283
f 667/9170/346 2477/9171/1285 2475/9172/354 663/9173/359
f 668/9174/347 664/9175/361 2476/9176/1283 2478/9177/1158
f 665/9178/339 2477/9179/1285 2479/9180/364 405/9181/339
f 666/9182/342 406/9183/343 2480/9184/920 2478/9185/1158
f 407/9186/346 2479/9187/364 2477/9188/1285 667/9189/346
f 408/9190/653 668/9191/347 2478/9192/1158 2480/9193/920
f 405/9194/339 2479/9195/364 2473/9196/353 401/9197/352
f 406/9198/343 402/9199/356 2474/9200/1284 2480/9201/920
f 403/9202/359 2473/9203/353 2479/9187/364 407/9186/346
f 404/9204/997 408/9190/653 2480/9193/920 2474/9205/1284
f 405/9206/339 2481/9207/340 2483/9208/1286 665/9209/339
f 406/9210/343 666/9211/342 2484/9212/1287 2482/9213/909
f 667/9214/346 2483/9215/1286 2481/9216/340 407/9217/346
f 668/9218/347 408/9219/653 2482/9220/909 2484/9221/1287
f 665/9209/339 2483/9208/1286 2485/9222/1288 669/9223/326
f 666/9211/342 670/9224/329 2486/9225/1289 2484/9212/1287
f 671/9226/333 2485/9227/1288 2483/9228/1286 667/9229/346
f 672/9230/334 668/9231/347 2484/9232/1287 2486/9233/1289
f 669/9234/326 2485/9235/1288 2487/9236/350 409/9237/326
f 670/9238/329 410/9239/330 2488/9240/912 2486/9241/1289
f 411/9242/333 2487/9243/350 2485/9244/1288 671/9245/333
f 412/9246/334 672/9247/334 2486/9248/1289 2488/9249/912
f 409/9250/326 2487/9251/350 2481/9252/340 405/9253/339
f 410/9254/330 406/9255/343 2482/9256/909 2488/9257/912
f 407/9258/346 2481/9259/340 2487/9243/350 411/9242/333
f 408/9260/653 412/9246/334 2488/9249/912 2482/9261/909
f 409/9262/326 2489/9263/898 2491/9264/1290 669/9265/326
f 410/9266/330 670/9267/329 2492/9268/1291 2490/9269/1163
f 671/9270/333 2491/9271/1290 2489/9272/898 411/9273/333
f 672/9274/334 412/9275/334 2490/9276/1163 2492/9277/1291
f 669/9278/326 2491/9279/1290 2493/9280/335 673/9281/313
f 670/9282/329 674/9283/316 2494/9284/1292 2492/9285/1291
f 675/9286/320 2493/9287/335 2491/9288/1290 671/9289/333
f 676/9290/321 672/9291/334 2492/9292/1291 2494/9293/1292
f 673/9281/313 2493/9280/335 2495/9294/1166 413/9295/313
f 674/9283/316 414/9296/1009 2496/9297/1167 2494/9284/1292
f 415/9298/320 2495/9299/1166 2493/9300/335 675/9301/320
f 416/9302/321 676/9303/321 2494/9304/1292 2496/9305/1167
f 413/9306/313 2495/9307/1166 2489/9308/898 409/9309/326
f 414/9310/1009 410/9311/330 2490/9312/1163 2496/9313/1167
f 411/9314/333 2489/9308/898 2495/9307/1166 415/9315/320
f 412/9316/334 416/9317/321 2496/9313/1167 2490/9312/1163
f 413/5772/313 2497/9318/1168 2499/9319/1293 673/9320/313
f 414/9321/1009 674/9322/316 2500/9323/1294 2498/9324/1171
f 675/9325/320 2499/9326/1293 2497/9327/1168 415/9328/320
f 676/9329/321 416/9330/321 2498/9331/1171 2500/9332/1294
f 673/9333/313 2499/9334/1293 2501/9335/1295 677/9336/300
f 674/9337/316 678/9338/303 2502/9339/1296 2500/9340/1294
f 679/9341/307 2501/9342/1295 2499/9343/1293 675/9344/320
f 680/9345/308 676/9346/321 2500/9347/1294 2502/9348/1296
f 677/9336/300 2501/9335/1295 2503/9349/896 417/9350/300
f 678/9338/303 418/9351/304 2504/9352/1173 2502/9339/1296
f 419/9353/307 2503/9354/896 2501/9355/1295 679/9356/307
f 420/9357/308 680/9358/308 2502/9359/1296 2504/9360/1173
f 417/9361/300 2503/9362/896 2497/9363/1168 413/9364/313
f 418/9365/304 414/9366/1009 2498/9367/1171 2504/9368/1173
f 415/9328/320 2497/9327/1168 2503/9369/896 419/9370/307
f 416/9330/321 420/9371/308 2504/9372/1173 2498/9331/1171
f 417/9373/300 2505/9374/301 2507/9375/302 677/9376/300
f 418/9377/304 678/9378/303 2508/9379/305 2506/9380/306
f 679/9381/307 2507/9382/302 2505/9383/301 419/9384/307
f 680/9385/308 420/9386/308 2506/9387/306 2508/9388/305
f 677/9389/300 2507/9390/302 2509/9391/309 681/9392/287
f 678/9393/303 682/9394/290 2510/9395/310 2508/9396/305
f 683/9397/294 2509/9398/309 2507/9399/302 679/9400/307
f 684/9401/295 680/9402/308 2508/9403/305 2510/9404/310
f 681/9392/287 2509/9391/309 2511/9405/311 421/9406/287
f 682/9394/290 422/9407/291 2512/9408/312 2510/9395/310
f 423/9409/294 2511/9410/311 2509/9411/309 683/9412/294
f 424/9413/295 684/9414/295 2510/9415/310 2512/9416/312
f 421/9417/287 2511/9418/311 2505/9419/301 417/9420/300
f 422/9421/291 418/9422/304 2506/9423/306 2512/9424/312
f 419/9384/307 2505/9383/301 2511/9425/311 423/9426/294
f 420/9386/308 424/9427/295 2512/9428/312 2506/9387/306
f 421/9429/287 2513/9430/288 2515/9431/1174 681/9432/287
f 422/9433/291 682/9434/290 2516/9435/1297 2514/9436/879
f 683/9437/294 2515/9438/1174 2513/9439/288 423/9440/294
f 684/9441/295 424/9442/295 2514/9443/879 2516/9444/1297
f 681/9445/287 2515/9446/1174 2517/9447/1298 685/9448/273
f 682/9449/290 686/9450/276 2518/9451/1299 2516/9452/1297
f 687/9453/280 2517/9454/1298 2515/9455/1174 683/9456/294
f 688/9457/282 684/9458/295 2516/9459/1297 2518/9460/1299
f 685/9448/273 2517/9447/1298 2519/9461/1300 425/9462/273
f 686/9450/276 426/9463/612 2520/9464/882 2518/9451/1299
f 427/9465/280 2519/9466/1300 2517/9467/1298 687/9468/280
f 428/9469/282 688/9470/282 2518/9471/1299 2520/9472/882
f 425/9473/273 2519/9474/1300 2513/9475/288 421/9476/287
f 426/9477/612 422/9478/291 2514/9479/879 2520/9480/882
f 423/9440/294 2513/9439/288 2519/9481/1300 427/9482/280
f 424/9442/295 428/9483/282 2520/9484/882 2514/9443/879
f 425/9462/273 2521/9485/610 2523/9486/1301 685/9448/273
f 426/9463/612 686/9450/276 2524/9487/1302 2522/9488/614
f 687/9489/280 2523/9490/1301 2521/9491/610 427/9492/280
f 688/9493/282 428/9494/282 2522/9495/614 2524/9496/1302
f 685/9448/273 2523/9486/1301 2525/9497/616 689/9498/257
f 686/9450/276 690/9499/261 2526/9500/1303 2524/9487/1302
f 691/9501/266 2525/9502/616 2523/9503/1301 687/9504/280
f 692/9505/268 688/9506/282 2524/9507/1302 2526/9508/1303
f 689/9509/257 2525/9510/616 2527/9511/874 429/9512/260
f 690/9513/261 430/9514/1028 2528/9515/1304 2526/9516/1303
f 431/9517/265 2527/9518/874 2525/9519/616 691/9520/266
f 432/9521/1030 692/9522/268 2526/9516/1303 2528/9515/1304
f 429/9523/260 2527/9524/874 2521/9525/610 425/9526/273
f 430/9527/1028 426/9528/612 2522/9529/614 2528/9530/1304
f 427/9531/280 2521/9532/610 2527/9518/874 431/9517/265
f 428/9533/282 432/9534/1030 2528/9535/1304 2522/9536/614
f 429/9537/260 2529/9538/857 2531/9539/1305 689/9540/257
f 430/9541/1028 690/9542/261 2532/9543/1306 2530/9544/1307
f 691/9545/266 2531/9546/1305 2529/9547/857 431/9548/265
f 692/9549/268 432/9550/1030 2530/9551/1307 2532/9552/1306
f 689/9540/257 2531/9539/1305 2533/9553/1308 693/9554/243
f 690/9542/261 694/9555/246 2534/9556/1309 2532/9543/1306
f 695/9557/250 2533/9558/1308 2531/9559/1305 691/9560/266
f 696/9561/252 692/9562/268 2532/9563/1306 2534/9564/1309
f 693/9565/243 2533/9566/1308 2535/9567/608 433/9568/243
f 694/9569/246 434/9570/592 2536/9571/1310 2534/9572/1309
f 435/9573/250 2535/9574/608 2533/9575/1308 695/9576/250
f 436/9577/1038 696/9578/252 2534/9579/1309 2536/9580/1310
f 433/9581/243 2535/9582/608 2529/9583/857 429/9584/260
f 434/9585/592 430/9586/1028 2530/9587/1307 2536/9588/1310
f 431/9589/265 2529/9590/857 2535/9574/608 435/9573/250
f 432/9591/1030 436/9577/1038 2536/9580/1310 2530/9592/1307
f 433/9593/243 2537/9594/244 2539/9595/245 693/9596/243
f 434/9597/592 694/9598/246 2540/9599/1311 2538/9600/1312
f 695/9601/250 2539/9602/245 2537/9603/244 435/9604/250
f 696/9605/252 436/9606/1038 2538/9607/1312 2540/9608/1311
f 693/9596/243 2539/9595/245 2541/9609/1190 697/9610/230
f 694/9598/246 698/9611/233 2542/9612/1313 2540/9599/1311
f 699/9613/237 2541/9614/1190 2539/9615/245 695/9616/250
f 700/9617/238 696/9618/252 2540/9619/1311 2542/9620/1313
f 697/9621/230 2541/9622/1190 2543/9623/255 437/9624/230
f 698/9625/233 438/9626/234 2544/9627/856 2542/9628/1313
f 439/9629/237 2543/9630/255 2541/9631/1190 699/9632/237
f 440/9633/586 700/9634/238 2542/9635/1313 2544/9636/856
f 437/9637/230 2543/9638/255 2537/9639/244 433/9640/243
f 438/9641/234 434/9642/592 2538/9643/1312 2544/9644/856
f 435/9645/250 2537/9646/244 2543/9630/255 439/9629/237
f 436/9647/1038 440/9633/586 2544/9636/856 2538/9648/1312
f 437/9649/230 2545/9650/231 2547/9651/232 697/9652/230
f 438/9653/234 698/9654/233 2548/9655/235 2546/9656/236
f 699/9657/237 2547/9658/232 2545/9659/231 439/9660/237
f 700/9661/238 440/9662/586 2546/9663/236 2548/9664/235
f 697/9652/230 2547/9651/232 2549/9665/587 701/9666/217
f 698/9654/233 702/9667/220 2550/9668/240 2548/9655/235
f 703/9669/224 2549/9670/587 2547/9671/232 699/9672/237
f 704/9673/225 700/9674/238 2548/9675/235 2550/9676/240
f 701/9677/217 2549/9678/587 2551/9679/241 441/9680/217
f 702/9681/220 442/9682/1047 2552/9683/242 2550/9684/240
f 443/9685/224 2551/9686/241 2549/9687/587 703/9688/224
f 444/9689/225 704/9690/225 2550/9691/240 2552/9692/242
f 441/9693/217 2551/9694/241 2545/9695/231 437/9696/230
f 442/9697/1047 438/9698/234 2546/9699/236 2552/9700/242
f 439/9701/237 2545/9695/231 2551/9694/241 443/9702/224
f 440/9703/586 444/9689/225 2552/9692/242 2546/9704/236
f 441/9705/217 2553/9706/835 2555/9707/1194 701/9708/217
f 442/9709/1047 702/9710/220 2556/9711/1314 2554/9712/1315
f 703/9713/224 2555/9714/1194 2553/9715/835 443/9716/224
f 704/9717/225 444/9718/225 2554/9719/1315 2556/9720/1314
f 701/9721/217 2555/9722/1194 2557/9723/1316 705/9724/204
f 702/9725/220 706/9726/207 2558/9727/1317 2556/9728/1314
f 707/9729/211 2557/9730/1316 2555/9731/1194 703/9732/224
f 708/9733/212 704/9734/225 2556/9735/1314 2558/9736/1317
f 705/9724/204 2557/9723/1316 2559/9737/1318 445/9738/204
f 706/9726/207 446/9739/1053 2560/9740/1319 2558/9727/1317
f 447/9741/211 2559/9742/1318 2557/9743/1316 707/9744/211
f 448/9745/212 708/9746/212 2558/9747/1317 2560/9748/1319
f 445/9749/204 2559/9750/1318 2553/9751/835 441/9752/217
f 446/9753/1053 442/9754/1047 2554/9755/1315 2560/9756/1319
f 443/9757/224 2553/9751/835 2559/9750/1318 447/9758/211
f 444/9759/225 448/9760/212 2560/9756/1319 2554/9755/1315
f 445/9761/204 2561/9762/1320 2563/9763/565 705/9764/204
f 446/9765/1053 706/9766/207 2564/9767/1321 2562/9768/1322
f 707/9769/211 2563/9770/565 2561/9771/1320 447/9772/211
f 708/9773/212 448/9774/212 2562/9775/1322 2564/9776/1321
f 705/9777/204 2563/9778/565 2565/9779/1323 709/9780/191
f 706/9781/207 710/9782/194 2566/9783/1324 2564/9784/1321
f 711/9785/198 2565/9786/1323 2563/9787/565 707/9788/211
f 712/9789/199 708/9790/212 2564/9791/1321 2566/9792/1324
f 709/9780/191 2565/9779/1323 2567/9793/833 449/9794/191
f 710/9782/194 450/9795/1061 2568/9796/1325 2566/9783/1324
f 451/9797/198 2567/9798/833 2565/9799/1323 711/9800/198
f 452/9801/199 712/9802/199 2566/9803/1324 2568/9804/1325
f 449/9805/191 2567/9806/833 2561/9807/1320 445/9808/204
f 450/9809/1061 446/9810/1053 2562/9811/1322 2568/9812/1325
f 447/9772/211 2561/9771/1320 2567/9813/833 451/9814/198
f 448/9774/212 452/9815/199 2568/9816/1325 2562/9775/1322
f 449/9817/191 2569/9818/192 2571/9819/193 709/9820/191
f 450/9821/1061 710/9822/194 2572/9823/196 2570/9824/197
f 711/9825/198 2571/9826/193 2569/9827/192 451/9828/198
f 712/9829/199 452/9830/199 2570/9831/197 2572/9832/196
f 709/9833/191 2571/9834/193 2573/9835/200 713/9836/178
f 710/9837/194 714/9838/181 2574/9839/201 2572/9840/196
f 715/9841/185 2573/9842/200 2571/9843/193 711/9844/198
f 716/9845/186 712/9846/199 2572/9847/196 2574/9848/201
f 713/9836/178 2573/9835/200 2575/9849/202 453/9850/178
f 714/9838/181 454/9851/182 2576/9852/203 2574/9839/201
f 455/9853/185 2575/9854/202 2573/9855/200 715/9856/185
f 456/9857/186 716/9858/186 2574/9859/201 2576/9860/203
f 453/9861/178 2575/9862/202 2569/9863/192 449/9864/191
f 454/9865/182 450/9866/1061 2570/9867/197 2576/9868/203
f 451/9828/198 2569/9827/192 2575/9869/202 455/9870/185
f 452/9830/199 456/9871/186 2576/9872/203 2570/9831/197
f 453/9873/178 2577/9874/179 2579/9875/180 713/9876/178
f 454/9877/182 714/9878/181 2580/9879/1326 2578/9880/815
f 715/9881/185 2579/9882/180 2577/9883/179 455/9884/185
f 716/9885/186 456/9886/186 2578/9887/815 2580/9888/1326
f 713/9889/178 2579/9890/180 2581/9891/187 717/9892/165
f 714/9893/181 718/9894/168 2582/9895/1327 2580/9896/1326
f 719/9897/172 2581/9898/187 2579/9899/180 715/9900/185
f 720/9901/173 716/9902/186 2580/9903/1326 2582/9904/1327
f 717/9892/165 2581/9891/187 2583/9905/818 457/9906/165
f 718/9894/168 458/9907/1067 2584/9908/819 2582/9895/1327
f 459/9909/172 2583/9910/818 2581/9911/187 719/9912/172
f 460/9913/173 720/9914/173 2582/9915/1327 2584/9916/819
f 457/9917/165 2583/9918/818 2577/9919/179 453/9920/178
f 458/9921/1067 454/9922/182 2578/9923/815 2584/9924/819
f 455/9884/185 2577/9883/179 2583/9925/818 459/9926/172
f 456/9886/186 460/9927/173 2584/9928/819 2578/9887/815
f 457/9906/165 2585/9929/166 2587/9930/167 717/9892/165
f 458/9907/1067 718/9894/168 2588/9931/1328 2586/9932/806
f 719/9933/172 2587/9934/167 2585/9935/166 459/9936/172
f 720/9937/173 460/9938/173 2586/9939/806 2588/9940/1328
f 717/9892/165 2587/9930/167 2589/9941/174 721/9942/149
f 718/9894/168 722/9943/153 2590/9944/1329 2588/9931/1328
f 723/9945/158 2589/9946/174 2587/9947/167 719/9948/172
f 724/9949/160 720/9950/173 2588/9951/1328 2590/9952/1329
f 721/9953/149 2589/9954/174 2591/9955/810 461/9956/152
f 722/9957/153 462/9958/1073 2592/9959/811 2590/9960/1329
f 463/9961/158 2591/9962/810 2589/9963/174 723/9964/158
f 464/9965/160 724/9966/160 2590/9967/1329 2592/9968/811
f 461/9969/152 2591/9970/810 2585/9971/166 457/9972/165
f 462/9973/1073 458/9974/1067 2586/9975/806 2592/9976/811
f 459/9977/172 2585/9978/166 2591/9962/810 463/9961/158
f 460/9979/173 464/9965/160 2592/9968/811 2586/9980/806
f 461/9981/152 2593/9982/794 2595/9983/151 721/9984/149
f 462/9985/1073 722/9986/153 2596/9987/1330 2594/9988/1331
f 723/9989/158 2595/9990/151 2593/9991/794 463/9992/158
f 724/9993/160 464/9994/160 2594/9995/1331 2596/9996/1330
f 721/9984/149 2595/9983/151 2597/9997/532 725/9998/135
f 722/9986/153 726/9999/138 2598/10000/1332 2596/9987/1330
f 727/10001/142 2597/10002/532 2595/10003/151 723/10004/158
f 728/10005/144 724/10006/160 2596/10007/1330 2598/10008/1332
f 725/10009/135 2597/10010/532 2599/10011/534 465/10012/135
f 726/10013/138 466/10014/139 2600/10015/1333 2598/10016/1332
f 467/10017/142 2599/10018/534 2597/10019/532 727/10020/142
f 468/10021/144 728/10022/144 2598/10023/1332 2600/10024/1333
f 465/10025/135 2599/10026/534 2593/10027/794 461/10028/152
f 466/10029/139 462/10030/1073 2594/10031/1331 2600/10032/1333
f 463/10033/158 2593/10034/794 2599/10018/534 467/10017/142
f 464/10035/160 468/10021/144 2600/10024/1333 2594/10036/1331
f 465/10037/135 2601/10038/1218 2603/10039/1334 725/10040/135
f 466/10041/139 726/10042/138 2604/10043/1335 2602/10044/1336
f 727/10045/142 2603/10046/1334 2601/10047/1218 467/10048/142
f 728/10049/144 468/10050/144 2602/10051/1336 2604/10052/1335
f 725/10040/135 2603/10039/1334 2605/10053/1337 729/10054/122
f 726/10042/138 730/10055/125 2606/10056/1338 2604/10043/1335
f 731/10057/129 2605/10058/1337 2603/10059/1334 727/10060/142
f 732/10061/130 728/10062/144 2604/10063/1335 2606/10064/1338
f 729/10065/122 2605/10066/1337 2607/10067/147 469/10068/122
f 730/10069/125 470/10070/126 2608/10071/1222 2606/10072/1338
f 471/10073/129 2607/10074/147 2605/10075/1337 731/10076/129
f 472/10077/130 732/10078/130 2606/10079/1338 2608/10080/1222
f 469/10081/122 2607/10082/147 2601/10083/1218 465/10084/135
f 470/10085/126 466/10086/139 2602/10087/1336 2608/10088/1222
f 467/10089/142 2601/10090/1218 2607/10074/147 471/10073/129
f 468/10091/144 472/10077/130 2608/10080/1222 2602/10092/1336
f 469/10093/122 2609/10094/123 2611/10095/1339 729/10096/122
f 470/10097/126 730/10098/125 2612/10099/127 2610/10100/128
f 731/10101/129 2611/10102/1339 2609/10103/123 471/10104/129
f 732/10105/130 472/10106/130 2610/10107/128 2612/10108/127
f 729/10096/122 2611/10095/1339 2613/10109/1340 733/10110/109
f 730/10098/125 734/10111/112 2614/10112/132 2612/10099/127
f 735/10113/116 2613/10114/1340 2611/10115/1339 731/10116/129
f 736/10117/117 732/10118/130 2612/10119/127 2614/10120/132
f 733/10121/109 2613/10122/1340 2615/10123/513 473/10124/109
f 734/10125/112 474/10126/113 2616/10127/134 2614/10128/132
f 475/10129/116 2615/10130/513 2613/10131/1340 735/10132/116
f 476/10133/117 736/10134/117 2614/10135/132 2616/10136/134
f 473/10137/109 2615/10138/513 2609/10139/123 469/10140/122
f 474/10141/113 470/10142/126 2610/10143/128 2616/10144/134
f 471/10145/129 2609/10146/123 2615/10130/513 475/10129/116
f 472/10147/130 476/10133/117 2616/10136/134 2610/10148/128
f 473/10149/109 2617/10150/773 2619/10151/1341 733/10152/109
f 474/10153/113 734/10154/112 2620/10155/1342 2618/10156/1226
f 735/10157/116 2619/10158/1341 2617/10159/773 475/10160/116
f 736/10161/117 476/10162/117 2618/10163/1226 2620/10164/1342
f 733/10165/109 2619/10166/1341 2621/10167/118 737/10168/96
f 734/10169/112 738/10170/99 2622/10171/1343 2620/10172/1342
f 739/10173/103 2621/10174/118 2619/10175/1341 735/10176/116
f 740/10177/104 736/10178/117 2620/10179/1342 2622/10180/1343
f 737/10168/96 2621/10167/118 2623/10181/1229 477/10182/96
f 738/10170/99 478/10183/1088 2624/10184/1230 2622/10171/1343
f 479/10185/103 2623/10186/1229 2621/10187/118 739/10188/103
f 480/10189/104 740/10190/104 2622/10191/1343 2624/10192/1230
f 477/10193/96 2623/10194/1229 2617/10195/773 473/10196/109
f 478/10197/1088 474/10198/113 2618/10199/1226 2624/10200/1230
f 475/10201/116 2617/10195/773 2623/10194/1229 479/10202/103
f 476/10162/117 480/10203/104 2624/10204/1230 2618/10163/1226
f 477/10205/96 2625/10206/1231 2627/10207/1344 737/10208/96
f 478/10209/1088 738/10210/99 2628/10211/1345 2626/10212/1234
f 739/10213/103 2627/10214/1344 2625/10215/1231 479/10216/103
f 740/10217/104 480/10218/104 2626/10219/1234 2628/10220/1345
f 737/10221/96 2627/10222/1344 2629/10223/1346 741/10224/83
f 738/10225/99 742/10226/86 2630/10227/1347 2628/10228/1345
f 743/10229/90 2629/10230/1346 2627/10231/1344 739/10232/103
f 744/10233/91 740/10234/104 2628/10235/1345 2630/10236/1347
f 741/10224/83 2629/10223/1346 2631/10237/771 481/10238/83
f 742/10226/86 482/10239/87 2632/10240/1236 2630/10227/1347
f 483/10241/90 2631/10242/771 2629/10243/1346 743/10244/90
f 484/10245/91 744/10246/91 2630/10247/1347 2632/10248/1236
f 481/10249/83 2631/10250/771 2625/10251/1231 477/10252/96
f 482/10253/87 478/10254/1088 2626/10255/1234 2632/10256/1236
f 479/10216/103 2625/10215/1231 2631/10257/771 483/10258/90
f 480/10218/104 484/10259/91 2632/10260/1236 2626/10219/1234
f 481/10261/83 2633/10262/84 2635/10263/1348 741/10264/83
f 482/10265/87 742/10266/86 2636/10267/88 2634/10268/89
f 743/10269/90 2635/10270/1348 2633/10271/84 483/10272/90
f 744/10273/91 484/10274/91 2634/10275/89 2636/10276/88
f 741/10277/83 2635/10278/1348 2637/10279/1349 745/10280/71
f 742/10281/86 746/10282/74 2638/10283/93 2636/10284/88
f 747/10285/77 2637/10286/1349 2635/10287/1348 743/10288/90
f 748/10289/78 744/10290/91 2636/10291/88 2638/10292/93
f 745/10280/71 2637/10279/1349 2639/10293/94 485/10294/71
f 746/10282/74 486/10295/74 2640/10296/95 2638/10283/93
f 487/10297/77 2639/10298/94 2637/10299/1349 747/10300/77
f 488/10301/78 748/10302/78 2638/10303/93 2640/10304/95
f 485/10305/71 2639/10306/94 2633/10307/84 481/10308/83
f 486/10309/74 482/10310/87 2634/10311/89 2640/10312/95
f 483/10272/90 2633/10271/84 2639/10313/94 487/10314/77
f 484/10274/91 488/10315/78 2640/10316/95 2634/10275/89
f 485/10317/71 2641/10318/72 2643/10319/73 745/10320/71
f 486/10321/74 746/10322/74 2644/10323/75 2642/10324/76
f 747/10325/77 2643/10326/73 2641/10327/72 487/10328/77
f 748/10329/78 488/10330/78 2642/10324/76 2644/10323/75
f 745/10331/71 2643/10332/73 2645/10333/79 749/10334/59
f 746/10335/74 750/10336/62 2646/10337/80 2644/10338/75
f 751/10339/65 2645/10340/79 2643/10341/73 747/10342/77
f 752/10343/66 748/10344/78 2644/10345/75 2646/10346/80
f 749/10334/59 2645/10333/79 2647/10347/81 489/10348/59
f 750/10336/62 490/10349/62 2648/10350/82 2646/10337/80
f 491/10351/65 2647/10352/81 2645/10353/79 751/10354/65
f 492/10355/1098 752/10356/66 2646/10357/80 2648/10358/82
f 489/10359/59 2647/10360/81 2641/10361/72 485/10362/71
f 490/10363/62 486/10364/74 2642/10365/76 2648/10366/82
f 487/10328/77 2641/10327/72 2647/10367/81 491/10368/65
f 488/10369/78 492/10370/1098 2648/10371/82 2642/10372/76
f 489/10348/59 2649/10373/60 2651/10374/1350 749/10334/59
f 490/10349/62 750/10336/62 2652/10375/63 2650/10376/1351
f 751/10377/65 2651/10378/1350 2649/10379/60 491/10380/65
f 752/10381/66 492/10382/1098 2650/10383/1351 2652/10384/63
f 749/10334/59 2651/10374/1350 2653/10385/1352 753/10386/45
f 750/10336/62 754/10387/48 2654/10388/1353 2652/10375/63
f 755/10389/52 2653/10390/1352 2651/10391/1350 751/10392/65
f 756/10393/54 752/10394/66 2652/10395/63 2654/10396/1353
f 753/10397/45 2653/10398/1352 2655/10399/1244 493/10400/45
f 754/10401/48 494/10402/1105 2656/10403/1354 2654/10404/1353
f 495/10405/52 2655/10406/1244 2653/10407/1352 755/10408/52
f 496/10409/1107 756/10410/54 2654/10411/1353 2656/10412/1354
f 493/10413/45 2655/10414/1244 2649/10415/60 489/10416/59
f 494/10417/1105 490/10418/62 2650/10419/1351 2656/10420/1354
f 491/10421/65 2649/10422/60 2655/10406/1244 495/10405/52
f 492/10423/1098 496/10409/1107 2656/10412/1354 2650/10424/1351
f 493/10425/45 2657/10426/1355 2659/10427/1356 753/10428/45
f 494/10429/1105 754/10430/48 2660/10431/1357 2658/10432/1358
f 755/10433/52 2659/10434/1356 2657/10435/1355 495/10436/52
f 756/10437/54 496/10438/1107 2658/10439/1358 2660/10440/1357
f 753/10428/45 2659/10427/1356 2661/10441/1359 757/10442/32
f 754/10430/48 758/10443/35 2662/10444/1360 2660/10431/1357
f 759/10445/38 2661/10446/1359 2659/10447/1356 755/10448/52
f 760/10449/40 756/10450/54 2660/10451/1357 2662/10452/1360
f 757/10453/32 2661/10454/1359 2663/10455/464 497/10456/32
f 758/10457/35 498/10458/35 2664/10459/1361 2662/10460/1360
f 499/10461/448 2663/10462/464 2661/10463/1359 759/10464/38
f 500/10465/1115 760/10466/40 2662/10467/1360 2664/10468/1361
f 497/10469/32 2663/10470/464 2657/10471/1355 493/10472/45
f 498/10473/35 494/10474/1105 2658/10475/1358 2664/10476/1361
f 495/10477/52 2657/10478/1355 2663/10462/464 499/10461/448
f 496/10479/1107 500/10465/1115 2664/10468/1361 2658/10480/1358
f 497/10481/32 2665/10482/1362 2667/10483/1251 757/10484/32
f 498/10485/35 758/10486/35 2668/10487/1363 2666/10488/1364
f 759/10489/38 2667/10490/1251 2665/10491/1362 499/10492/448
f 760/10493/40 500/10494/1115 2666/10495/1364 2668/10496/1363
f 757/10484/32 2667/10483/1251 2669/10497/41 761/10498/20
f 758/10486/35 762/10499/23 2670/10500/42 2668/10487/1363
f 763/10501/26 2669/10502/41 2667/10503/1251 759/10504/38
f 764/10505/27 760/10506/40 2668/10507/1363 2670/10508/42
f 761/10509/20 2669/10510/41 2671/10511/43 501/10512/20
f 762/10513/23 502/10514/23 2672/10515/735 2670/10516/42
f 503/10517/26 2671/10518/43 2669/10519/41 763/10520/26
f 504/10521/440 764/10522/27 2670/10523/42 2672/10524/735
f 501/10525/20 2671/10526/43 2665/10527/1362 497/10528/32
f 502/10529/23 498/10530/35 2666/10531/1364 2672/10532/735
f 499/10533/448 2665/10534/1362 2671/10518/43 503/10517/26
f 500/10535/1115 504/10521/440 2672/10524/735 2666/10536/1364
f 501/10537/20 2673/10538/21 2675/10539/1255 761/10540/20
f 502/10541/23 762/10542/23 2676/10543/24 2674/10544/25
f 763/10545/26 2675/10546/1255 2673/10547/21 503/10548/26
f 764/10549/27 504/10550/440 2674/10551/25 2676/10552/24
f 761/10540/20 2675/10539/1255 2677/10553/28 765/10554/1
f 762/10542/23 766/10555/4 2678/10556/29 2676/10543/24
f 767/10557/8 2677/10558/28 2675/10559/1255 763/10560/26
f 768/10561/9 764/10562/27 2676/10563/24 2678/10564/29
f 765/10565/1 2677/10566/28 2679/10567/30 505/10568/1
f 766/10569/4 506/10570/5 2680/10571/31 2678/10572/29
f 507/10573/8 2679/10574/30 2677/10575/28 767/10576/8
f 508/10577/1123 768/10578/9 2678/10579/29 2680/10580/31
f 505/10581/1 2679/10582/30 2673/10583/21 501/10584/20
f 506/10585/5 502/10586/23 2674/10587/25 2680/10588/31
f 503/10589/26 2673/10590/21 2679/10574/30 507/10573/8
f 504/10591/440 508/10577/1123 2680/10580/31 2674/10592/25
f 505/10593/1 2681/10594/2 2683/10595/1365 765/10596/1
f 506/10597/5 766/10598/4 2684/10599/1366 2682/10600/1367
f 767/10601/8 2683/10602/1365 2681/10603/2 507/10604/8
f 768/10605/9 508/10606/1123 2682/10607/1367 2684/10608/1366
f 765/10609/1 2683/10610/1365 2685/10611/714 641/10612/11
f 766/10613/4 642/10614/17 2686/10615/1368 2684/10616/1366
f 643/10617/14 2685/10618/714 2683/10619/1365 767/10620/8
f 644/10621/19 768/10622/9 2684/10623/1366 2686/10624/1368
f 641/10612/11 2685/10611/714 2687/10625/719 509/10626/11
f 642/10614/17 510/10627/967 2688/10628/1369 2686/10615/1368
f 511/10629/14 2687/10630/719 2685/10631/714 643/10632/14
f 512/10633/970 644/10634/19 2686/10635/1368 2688/10636/1369
f 509/10637/11 2687/10638/719 2681/10639/2 505/10640/1
f 510/10641/967 506/10642/5 2682/10643/1367 2688/10644/1369
f 507/10645/8 2681/10639/2 2687/10638/719 511/10646/14
f 508/10606/1123 512/10647/970 2688/10648/1369 2682/10607/1367
f 1145/10649/1370 2689/10650/2 2691/10651/709 889/10652/710
f 1146/10653/1371 890/10654/1125 2692/10655/712 2690/10656/1372
f 891/10657/8 2691/10658/709 2689/10659/2 1147/10660/1373
f 892/10661/9 1148/10662/1374 2690/10663/1372 2692/10664/712
f 889/10665/710 2691/10666/709 2693/10667/714 893/10668/715
f 890/10669/1125 894/10670/966 2694/10671/1375 2692/10672/712
f 895/10673/14 2693/10674/714 2691/10675/709 891/10676/8
f 896/10677/971 892/10678/9 2692/10679/712 2694/10680/1375
f 893/10668/715 2693/10667/714 2695/10681/16 1149/10682/1376
f 894/10670/966 1150/10683/1377 2696/10684/1378 2694/10671/1375
f 1151/10685/1379 2695/10686/16 2693/10687/714 895/10688/14
f 1152/10689/1380 896/10690/971 2694/10691/1375 2696/10692/1378
f 1149/10693/1376 2695/10694/16 2689/10695/2 1145/10696/1370
f 1150/10697/1377 1146/10698/1371 2690/10699/1372 2696/10700/1378
f 1147/10701/1373 2689/10695/2 2695/10694/16 1151/10702/1379
f 1148/10662/1374 1152/10703/1380 2696/10704/1378 2690/10663/1372
f 1145/10705/1370 2699/10706/1381 2697/10707/1382 1149/10708/1376
f 1146/10709/1371 1150/10710/1377 2698/10711/1383 2700/10712/1384
f 1151/10713/1379 2697/10714/1382 2699/10715/1381 1147/10716/1373
f 1152/10717/1380 1148/10718/1374 2700/10719/1384 2698/10720/1383
f 1141/10721/1385 2701/10722/1121 2703/10723/721 885/10724/722
f 1142/10725/1386 886/10726/1120 2704/10727/1387 2702/10728/1388
f 887/10729/26 2703/10730/721 2701/10731/1121 1143/10732/1389
f 888/10733/440 1144/10734/1390 2702/10735/1388 2704/10736/1387
f 885/10724/722 2703/10723/721 2705/10737/725 889/10738/710
f 886/10726/1120 890/10739/1125 2706/10740/1391 2704/10727/1387
f 891/10741/8 2705/10742/725 2703/10743/721 887/10744/26
f 892/10745/9 888/10746/440 2704/10747/1387 2706/10748/1391
f 889/10749/710 2705/10750/725 2707/10751/1124 1145/10752/1370
f 890/10753/1125 1146/10754/1371 2708/10755/1392 2706/10756/1391
f 1147/10757/1373 2707/10758/1124 2705/10759/725 891/10760/8
f 1148/10761/1374 892/10762/9 2706/10763/1391 2708/10764/1392
f 1145/10765/1370 2707/10766/1124 2701/10767/1121 1141/10768/1385
f 1146/10769/1371 1142/10770/1386 2702/10771/1388 2708/10772/1392
f 1143/10773/1389 2701/10774/1121 2707/10758/1124 1147/10757/1373
f 1144/10775/1390 1148/10761/1374 2708/10764/1392 2702/10776/1388
f 1141/10777/1385 2709/10778/1393 2699/10779/1381 1145/10780/1370
f 1142/10781/1386 1146/10782/1371 2700/10783/1384 2710/10784/1394
f 1147/10716/1373 2699/10715/1381 2709/10785/1393 1143/10786/1389
f 1148/10718/1374 1144/10787/1390 2710/10788/1394 2700/10719/1384
f 1137/10789/1395 2711/10790/727 2713/10791/1396 881/10792/728
f 1138/10793/1397 882/10794/1116 2714/10795/1398 2712/10796/1399
f 883/10797/448 2713/10798/1396 2711/10799/727 1139/10800/1400
f 884/10801/1118 1140/10802/1401 2712/10803/1399 2714/10804/1398
f 881/10792/728 2713/10791/1396 2715/10805/733 885/10806/722
f 882/10794/1116 886/10807/1120 2716/10808/734 2714/10795/1398
f 887/10809/26 2715/10810/733 2713/10811/1396 883/10812/448
f 888/10813/440 884/10814/1118 2714/10815/1398 2716/10816/734
f 885/10817/722 2715/10818/733 2717/10819/1119 1141/10820/1385
f 886/10821/1120 1142/10822/1386 2718/10823/1402 2716/10824/734
f 1143/10825/1389 2717/10826/1119 2715/10827/733 887/10828/26
f 1144/10829/1390 888/10830/440 2716/10831/734 2718/10832/1402
f 1141/10833/1385 2717/10834/1119 2711/10835/727 1137/10836/1395
f 1142/10837/1386 1138/10838/1397 2712/10839/1399 2718/10840/1402
f 1139/10841/1400 2711/10842/727 2717/10826/1119 1143/10825/1389
f 1140/10843/1401 1144/10829/1390 2718/10832/1402 2712/10844/1399
f 1137/10845/1395 2719/10846/1403 2709/10778/1393 1141/10777/1385
f 1138/10847/1397 1142/10781/1386 2710/10784/1394 2720/10848/1404
f 1143/10786/1389 2709/10785/1393 2719/10849/1403 1139/10850/1400
f 1144/10787/1390 1140/10851/1401 2720/10852/1404 2710/10788/1394
f 1133/10853/1405 2721/10854/1406 2723/10855/736 877/10856/453
f 1134/10857/1407 878/10858/1109 2724/10859/1408 2722/10860/1409
f 879/10861/52 2723/10862/736 2721/10863/1406 1135/10864/1410
f 880/10865/1111 1136/10866/1411 2722/10867/1409 2724/10868/1408
f 877/10856/453 2723/10855/736 2725/10869/1248 881/10870/728
f 878/10858/1109 882/10871/1116 2726/10872/1412 2724/10859/1408
f 883/10873/448 2725/10874/1248 2723/10875/736 879/10876/52
f 884/10877/1118 880/10878/1111 2724/10879/1408 2726/10880/1412
f 881/10881/728 2725/10882/1248 2727/10883/1413 1137/10884/1395
f 882/10885/1116 1138/10886/1397 2728/10887/1414 2726/10888/1412
f 1139/10889/1400 2727/10890/1413 2725/10891/1248 883/10892/448
f 1140/10893/1401 884/10894/1118 2726/10895/1412 2728/10896/1414
f 1137/10897/1395 2727/10898/1413 2721/10899/1406 1133/10900/1405
f 1138/10901/1397 1134/10902/1407 2722/10903/1409 2728/10904/1414
f 1135/10905/1410 2721/10906/1406 2727/10890/1413 1139/10889/1400
f 1136/10907/1411 1140/10893/1401 2728/10896/1414 2722/10908/1409
f 1133/10909/1405 2729/10910/1415 2719/10846/1403 1137/10845/1395
f 1134/10911/1407 1138/10847/1397 2720/10848/1404 2730/10912/1416
f 1139/10850/1400 2719/10849/1403 2729/10913/1415 1135/10914/1410
f 1140/10851/1401 1136/10915/1411 2730/10916/1416 2720/10852/1404
f 1129/10917/1417 2731/10918/1101 2733/10919/1418 873/10920/466
f 1130/10921/1419 874/10922/1100 2734/10923/1420 2732/10924/1421
f 875/10925/65 2733/10926/1418 2731/10927/1101 1131/10928/1422
f 876/10929/1098 1132/10930/1423 2732/10931/1421 2734/10932/1420
f 873/10920/466 2733/10919/1418 2735/10933/749 877/10934/453
f 874/10922/1100 878/10935/1109 2736/10936/1424 2734/10923/1420
f 879/10937/52 2735/10938/749 2733/10939/1418 875/10940/65
f 880/10941/1111 876/10942/1098 2734/10943/1420 2736/10944/1424
f 877/10945/453 2735/10946/749 2737/10947/475 1133/10948/1405
f 878/10949/1109 1134/10950/1407 2738/10951/1425 2736/10952/1424
f 1135/10953/1410 2737/10954/475 2735/10955/749 879/10956/52
f 1136/10957/1411 880/10958/1111 2736/10959/1424 2738/10960/1425
f 1133/10961/1405 2737/10962/475 2731/10963/1101 1129/10964/1417
f 1134/10965/1407 1130/10966/1419 2732/10967/1421 2738/10968/1425
f 1131/10969/1422 2731/10970/1101 2737/10954/475 1135/10953/1410
f 1132/10971/1423 1136/10957/1411 2738/10960/1425 2732/10972/1421
f 1129/10973/1417 2739/10974/1426 2729/10910/1415 1133/10909/1405
f 1130/10975/1419 1134/10911/1407 2730/10912/1416 2740/10976/1427
f 1135/10914/1410 2729/10913/1415 2739/10977/1426 1131/10978/1422
f 1136/10915/1411 1132/10979/1423 2740/10980/1427 2730/10916/1416
f 1125/10981/1428 2741/10982/478 2743/10983/753 869/10984/477
f 1126/10985/1429 870/10986/1097 2744/10987/755 2742/10988/1430
f 871/10989/77 2743/10990/753 2741/10991/478 1127/10992/1431
f 872/10993/78 1128/10994/1432 2742/10988/1430 2744/10987/755
f 869/10995/477 2743/10996/753 2745/10997/1433 873/10920/466
f 870/10998/1097 874/10922/1100 2746/10999/1434 2744/11000/755
f 875/11001/65 2745/11002/1433 2743/11003/753 871/11004/77
f 876/11005/1098 872/11006/78 2744/11007/755 2746/11008/1434
f 873/10920/466 2745/10997/1433 2747/11009/1099 1129/10917/1417
f 874/10922/1100 1130/10921/1419 2748/11010/1435 2746/10999/1434
f 1131/11011/1422 2747/11012/1099 2745/11013/1433 875/11014/65
f 1132/11015/1423 876/11016/1098 2746/11017/1434 2748/11018/1435
f 1129/11019/1417 2747/11020/1099 2741/11021/478 1125/11022/1428
f 1130/11023/1419 1126/11024/1429 2742/11025/1430 2748/11026/1435
f 1127/10992/1431 2741/10991/478 2747/11027/1099 1131/11028/1422
f 1128/11029/1432 1132/11030/1423 2748/11031/1435 2742/11032/1430
f 1125/11033/1428 2749/11034/1436 2739/10974/1426 1129/10973/1417
f 1126/11035/1429 1130/10975/1419 2740/10976/1427 2750/11036/1437
f 1131/10978/1422 2739/10977/1426 2749/11037/1436 1127/11038/1431
f 1132/10979/1423 1128/11039/1432 2750/11040/1437 2740/10980/1427
f 1121/11041/1438 2751/11042/1439 2753/11043/758 865/11044/485
f 1122/11045/1440 866/11046/1095 2754/11047/1441 2752/11048/1442
f 867/11049/90 2753/11050/758 2751/11051/1439 1123/11052/1443
f 868/11053/91 1124/11054/1444 2752/11055/1442 2754/11056/1441
f 865/11057/485 2753/11058/758 2755/11059/761 869/11060/477
f 866/11061/1095 870/11062/1097 2756/11063/1445 2754/11064/1441
f 871/11065/77 2755/11066/761 2753/11067/758 867/11068/90
f 872/11069/78 868/11070/91 2754/11071/1441 2756/11072/1445
f 869/11060/477 2755/11059/761 2757/11073/490 1125/11074/1428
f 870/11062/1097 1126/11075/1429 2758/11076/1446 2756/11063/1445
f 1127/11077/1431 2757/11078/490 2755/11079/761 871/11080/77
f 1128/11081/1432 872/11082/78 2756/11083/1445 2758/11084/1446
f 1125/11085/1428 2757/11086/490 2751/11087/1439 1121/11088/1438
f 1126/11089/1429 1122/11090/1440 2752/11091/1442 2758/11092/1446
f 1123/11052/1443 2751/11051/1439 2757/11093/490 1127/11094/1431
f 1124/11054/1444 1128/11095/1432 2758/11096/1446 2752/11055/1442
f 1121/11097/1438 2759/11098/1447 2749/11034/1436 1125/11033/1428
f 1122/11099/1440 1126/11035/1429 2750/11036/1437 2760/11100/1448
f 1127/11038/1431 2749/11037/1436 2759/11101/1447 1123/11102/1443
f 1128/11039/1432 1124/11103/1444 2760/11104/1448 2750/11040/1437
f 1117/11105/1449 2761/11106/493 2763/11107/1092 861/11108/492
f 1118/11109/1450 862/11110/1090 2764/11111/1451 2762/11112/1452
f 863/11113/103 2763/11114/1092 2761/11115/493 1119/11116/1453
f 864/11117/104 1120/11118/1454 2762/11119/1452 2764/11120/1451
f 861/11121/492 2763/11122/1092 2765/11123/769 865/11124/485
f 862/11125/1090 866/11126/1095 2766/11127/1455 2764/11128/1451
f 867/11129/90 2765/11130/769 2763/11131/1092 863/11132/103
f 868/11133/91 864/11134/104 2764/11135/1451 2766/11136/1455
f 865/11124/485 2765/11123/769 2767/11137/1456 1121/11138/1438
f 866/11126/1095 1122/11139/1440 2768/11140/1457 2766/11127/1455
f 1123/11141/1443 2767/11142/1456 2765/11143/769 867/11144/90
f 1124/11145/1444 868/11146/91 2766/11147/1455 2768/11148/1457
f 1121/11149/1438 2767/11150/1456 2761/11151/493 1117/11152/1449
f 1122/11153/1440 1118/11154/1450 2762/11155/1452 2768/11156/1457
f 1119/11116/1453 2761/11115/493 2767/11157/1456 1123/11158/1443
f 1120/11118/1454 1124/11159/1444 2768/11160/1457 2762/11119/1452
f 1117/11161/1449 2769/11162/1458 2759/11098/1447 1121/11097/1438
f 1118/11163/1450 1122/11099/1440 2760/11100/1448 2770/11164/1459
f 1123/11102/1443 2759/11101/1447 2769/11165/1458 1119/11166/1453
f 1124/11103/1444 1120/11167/1454 2770/11168/1459 2760/11104/1448
f 1113/11169/1460 2771/11170/1461 2773/11171/774 857/11172/501
f 1114/11173/1462 858/11174/1086 2774/11175/1463 2772/11176/1464
f 859/11177/116 2773/11178/774 2771/11179/1461 1115/11180/1465
f 860/11181/117 1116/11182/1466 2772/11183/1464 2774/11184/1463
f 857/11185/501 2773/11186/774 2775/11187/1227 861/11188/492
f 858/11189/1086 862/11190/1090 2776/11191/1467 2774/11192/1463
f 863/11193/103 2775/11194/1227 2773/11195/774 859/11196/116
f 864/11197/104 860/11198/117 2774/11199/1463 2776/11200/1467
f 861/11188/492 2775/11187/1227 2777/11201/1468 1117/11202/1449
f 862/11190/1090 1118/11203/1450 2778/11204/1469 2776/11191/1467
f 1119/11205/1453 2777/11206/1468 2775/11207/1227 863/11208/103
f 1120/11209/1454 864/11210/104 2776/11211/1467 2778/11212/1469
f 1117/11213/1449 2777/11214/1468 2771/11215/1461 1113/11216/1460
f 1118/11217/1450 1114/11218/1462 2772/11219/1464 2778/11220/1469
f 1115/11221/1465 2771/11215/1461 2777/11214/1468 1119/11222/1453
f 1116/11182/1466 1120/11223/1454 2778/11224/1469 2772/11183/1464
f 1113/11225/1460 2779/11226/1470 2769/11162/1458 1117/11161/1449
f 1114/11227/1462 1118/11163/1450 2770/11164/1459 2780/11228/1471
f 1119/11166/1453 2769/11165/1458 2779/11229/1470 1115/11230/1465
f 1120/11167/1454 1116/11231/1466 2780/11232/1471 2770/11168/1459
f 1109/11233/1472 2781/11234/509 2783/11235/781 853/11236/508
f 1110/11237/1473 854/11238/1083 2784/11239/1474 2782/11240/1475
f 855/11241/129 2783/11242/781 2781/11243/509 1111/11244/1476
f 856/11245/1085 1112/11246/1477 2782/11247/1475 2784/11248/1474
f 853/11236/508 2783/11235/781 2785/11249/784 857/11250/501
f 854/11238/1083 858/11251/1086 2786/11252/1478 2784/11239/1474
f 859/11253/116 2785/11254/784 2783/11255/781 855/11256/129
f 860/11257/117 856/11258/1085 2784/11259/1474 2786/11260/1478
f 857/11261/501 2785/11262/784 2787/11263/1479 1113/11264/1460
f 858/11265/1086 1114/11266/1462 2788/11267/1480 2786/11268/1478
f 1115/11269/1465 2787/11270/1479 2785/11271/784 859/11272/116
f 1116/11273/1466 860/11274/117 2786/11275/1478 2788/11276/1480
f 1113/11277/1460 2787/11278/1479 2781/11279/509 1109/11280/1472
f 1114/11281/1462 1110/11282/1473 2782/11283/1475 2788/11284/1480
f 1111/11285/1476 2781/11286/509 2787/11270/1479 1115/11269/1465
f 1112/11287/1477 1116/11273/1466 2788/11276/1480 2782/11288/1475
f 1109/11289/1472 2789/11290/1481 2779/11291/1470 1113/11292/1460
f 1110/11293/1473 1114/11294/1462 2780/11295/1471 2790/11296/1482
f 1115/11230/1465 2779/11229/1470 2789/11297/1481 1111/11298/1476
f 1116/11231/1466 1112/11299/1477 2790/11300/1482 2780/11232/1471
f 1105/11301/1483 2791/11302/786 2793/11303/1334 849/11304/515
f 1106/11305/1484 850/11306/1079 2794/11307/1485 2792/11308/1486
f 851/11309/142 2793/11310/1334 2791/11311/786 1107/11312/1487
f 852/11313/1081 1108/11314/1488 2792/11315/1486 2794/11316/1485
f 849/11304/515 2793/11303/1334 2795/11317/791 853/11318/508
f 850/11306/1079 854/11319/1083 2796/11320/1489 2794/11307/1485
f 855/11321/129 2795/11322/791 2793/11323/1334 851/11324/142
f 856/11325/1085 852/11326/1081 2794/11327/1485 2796/11328/1489
f 853/11329/508 2795/11330/791 2797/11331/525 1109/11332/1472
f 854/11333/1083 1110/11334/1473 2798/11335/1490 2796/11336/1489
f 1111/11337/1476 2797/11338/525 2795/11339/791 855/11340/129
f 1112/11341/1477 856/11342/1085 2796/11343/1489 2798/11344/1490
f 1109/11345/1472 2797/11346/525 2791/11347/786 1105/11348/1483
f 1110/11349/1473 1106/11350/1484 2792/11351/1486 2798/11352/1490
f 1107/11353/1487 2791/11354/786 2797/11338/525 1111/11337/1476
f 1108/11355/1488 1112/11341/1477 2798/11344/1490 2792/11356/1486
f 1105/11357/1483 2799/11358/1491 2789/11290/1481 1109/11289/1472
f 1106/11359/1484 1110/11293/1473 2790/11296/1482 2800/11360/1492
f 1111/11298/1476 2789/11297/1481 2799/11361/1491 1107/11362/1487
f 1112/11299/1477 1108/11363/1488 2800/11364/1492 2790/11300/1482
f 1101/11365/1493 2801/11366/1077 2803/11367/1494 845/11368/149
f 1102/11369/1495 846/11370/1075 2804/11371/1496 2802/11372/1497
f 847/11373/158 2803/11374/1494 2801/11375/1077 1103/11376/1498
f 848/11377/160 1104/11378/1499 2802/11379/1497 2804/11380/1496
f 845/11368/149 2803/11367/1494 2805/11381/1500 849/11382/515
f 846/11370/1075 850/11383/1079 2806/11384/1501 2804/11371/1496
f 851/11385/142 2805/11386/1500 2803/11387/1494 847/11388/158
f 852/11389/1081 848/11390/160 2804/11391/1496 2806/11392/1501
f 849/11393/515 2805/11394/1500 2807/11395/163 1105/11396/1483
f 850/11397/1079 1106/11398/1484 2808/11399/1502 2806/11400/1501
f 1107/11401/1487 2807/11402/163 2805/11403/1500 851/11404/142
f 1108/11405/1488 852/11406/1081 2806/11407/1501 2808/11408/1502
f 1105/11409/1483 2807/11410/163 2801/11411/1077 1101/11412/1493
f 1106/11413/1484 1102/11414/1495 2802/11415/1497 2808/11416/1502
f 1103/11417/1498 2801/11418/1077 2807/11402/163 1107/11401/1487
f 1104/11419/1499 1108/11405/1488 2808/11408/1502 2802/11420/1497
f 1101/11421/1493 2809/11422/1503 2799/11358/1491 1105/11357/1483
f 1102/11423/1495 1106/11359/1484 2800/11360/1492 2810/11424/1504
f 1107/11362/1487 2799/11361/1491 2809/11425/1503 1103/11426/1498
f 1108/11363/1488 1104/11427/1499 2810/11428/1504 2800/11364/1492
f 1097/11429/1505 2811/11430/1506 2813/11431/167 841/11432/536
f 1098/11433/1507 842/11434/1068 2814/11435/1508 2812/11436/1509
f 843/11437/172 2813/11438/167 2811/11439/1506 1099/11440/1510
f 844/11441/1070 1100/11442/1511 2812/11443/1509 2814/11444/1508
f 841/11432/536 2813/11431/167 2815/11445/808 845/11446/149
f 842/11434/1068 846/11447/1075 2816/11448/1512 2814/11435/1508
f 847/11449/158 2815/11450/808 2813/11451/167 843/11452/172
f 848/11453/160 844/11454/1070 2814/11455/1508 2816/11456/1512
f 845/11457/149 2815/11458/808 2817/11459/1513 1101/11460/1493
f 846/11461/1075 1102/11462/1495 2818/11463/1514 2816/11464/1512
f 1103/11465/1498 2817/11466/1513 2815/11467/808 847/11468/158
f 1104/11469/1499 848/11470/160 2816/11471/1512 2818/11472/1514
f 1101/11473/1493 2817/11474/1513 2811/11475/1506 1097/11476/1505
f 1102/11477/1495 1098/11478/1507 2812/11479/1509 2818/11480/1514
f 1099/11481/1510 2811/11482/1506 2817/11466/1513 1103/11465/1498
f 1100/11483/1511 1104/11469/1499 2818/11472/1514 2812/11484/1509
f 1097/11485/1505 2819/11486/1515 2809/11422/1503 1101/11421/1493
f 1098/11487/1507 1102/11423/1495 2810/11424/1504 2820/11488/1516
f 1103/11426/1498 2809/11425/1503 2819/11489/1515 1099/11490/1510
f 1104/11427/1499 1100/11491/1511 2820/11492/1516 2810/11428/1504
f 1093/11493/1517 2821/11494/549 2823/11495/812 837/11496/548
f 1094/11497/1518 838/11498/1065 2824/11499/814 2822/11500/1519
f 839/11501/185 2823/11502/812 2821/11503/549 1095/11504/1520
f 840/11505/186 1096/11506/1521 2822/11507/1519 2824/11508/814
f 837/11509/548 2823/11510/812 2825/11511/1522 841/11432/536
f 838/11512/1065 842/11434/1068 2826/11513/1523 2824/11514/814
f 843/11515/172 2825/11516/1522 2823/11517/812 839/11518/185
f 844/11519/1070 840/11520/186 2824/11521/814 2826/11522/1523
f 841/11432/536 2825/11511/1522 2827/11523/818 1097/11429/1505
f 842/11434/1068 1098/11433/1507 2828/11524/1524 2826/11513/1523
f 1099/11525/1510 2827/11526/818 2825/11527/1522 843/11528/172
f 1100/11529/1511 844/11530/1070 2826/11531/1523 2828/11532/1524
f 1097/11533/1505 2827/11534/818 2821/11535/549 1093/11536/1517
f 1098/11537/1507 1094/11538/1518 2822/11539/1519 2828/11540/1524
f 1095/11504/1520 2821/11503/549 2827/11541/818 1099/11542/1510
f 1096/11506/1521 1100/11543/1511 2828/11544/1524 2822/11507/1519
f 1093/11545/1517 2829/11546/1525 2819/11486/1515 1097/11485/1505
f 1094/11547/1518 1098/11487/1507 2820/11488/1516 2830/11548/1526
f 1099/11490/1510 2819/11489/1515 2829/11549/1525 1095/11550/1520
f 1100/11491/1511 1096/11551/1521 2830/11552/1526 2820/11492/1516
f 1089/11553/1527 2831/11554/1528 2833/11555/820 833/11556/556
f 1090/11557/1529 834/11558/1063 2834/11559/1530 2832/11560/1531
f 835/11561/198 2833/11562/820 2831/11563/1528 1091/11564/1532
f 836/11565/199 1092/11566/1533 2832/11567/1531 2834/11568/1530
f 833/11569/556 2833/11570/820 2835/11571/823 837/11572/548
f 834/11573/1063 838/11574/1065 2836/11575/1534 2834/11576/1530
f 839/11577/185 2835/11578/823 2833/11579/820 835/11580/198
f 840/11581/186 836/11582/199 2834/11583/1530 2836/11584/1534
f 837/11572/548 2835/11571/823 2837/11585/561 1093/11586/1517
f 838/11574/1065 1094/11587/1518 2838/11588/1535 2836/11575/1534
f 1095/11589/1520 2837/11590/561 2835/11591/823 839/11592/185
f 1096/11593/1521 840/11594/186 2836/11595/1534 2838/11596/1535
f 1093/11597/1517 2837/11598/561 2831/11599/1528 1089/11600/1527
f 1094/11601/1518 1090/11602/1529 2832/11603/1531 2838/11604/1535
f 1091/11564/1532 2831/11563/1528 2837/11605/561 1095/11606/1520
f 1092/11566/1533 1096/11607/1521 2838/11608/1535 2832/11567/1531
f 1089/11609/1527 2839/11610/1536 2829/11546/1525 1093/11545/1517
f 1090/11611/1529 1094/11547/1518 2830/11548/1526 2840/11612/1537
f 1095/11550/1520 2829/11549/1525 2839/11613/1536 1091/11614/1532
f 1096/11551/1521 1092/11615/1533 2840/11616/1537 2830/11552/1526
f 1085/11617/1538 2841/11618/1058 2843/11619/565 829/11620/563
f 1086/11621/1539 830/11622/1056 2844/11623/1540 2842/11624/1541
f 831/11625/211 2843/11626/565 2841/11627/1058 1087/11628/1542
f 832/11629/212 1088/11630/1543 2842/11631/1541 2844/11632/1540
f 829/11633/563 2843/11634/565 2845/11635/831 833/11636/556
f 830/11637/1056 834/11638/1063 2846/11639/1544 2844/11640/1540
f 835/11641/198 2845/11642/831 2843/11643/565 831/11644/211
f 836/11645/199 832/11646/212 2844/11647/1540 2846/11648/1544
f 833/11636/556 2845/11635/831 2847/11649/1545 1089/11650/1527
f 834/11638/1063 1090/11651/1529 2848/11652/1546 2846/11639/1544
f 1091/11653/1532 2847/11654/1545 2845/11655/831 835/11656/198
f 1092/11657/1533 836/11658/199 2846/11659/1544 2848/11660/1546
f 1089/11661/1527 2847/11662/1545 2841/11663/1058 1085/11664/1538
f 1090/11665/1529 1086/11666/1539 2842/11667/1541 2848/11668/1546
f 1087/11628/1542 2841/11627/1058 2847/11669/1545 1091/11670/1532
f 1088/11630/1543 1092/11671/1533 2848/11672/1546 2842/11631/1541
f 1085/11673/1538 2849/11674/1547 2839/11610/1536 1089/11609/1527
f 1086/11675/1539 1090/11611/1529 2840/11612/1537 2850/11676/1548
f 1091/11614/1532 2839/11613/1536 2849/11677/1547 1087/11678/1542
f 1092/11615/1533 1088/11679/1543 2850/11680/1548 2840/11616/1537
f 1081/11681/1549 2851/11682/1550 2853/11683/836 825/11684/574
f 1082/11685/1551 826/11686/1048 2854/11687/1552 2852/11688/1553
f 827/11689/224 2853/11690/836 2851/11691/1550 1083/11692/1554
f 828/11693/225 1084/11694/1555 2852/11695/1553 2854/11696/1552
f 825/11697/574 2853/11698/836 2855/11699/1556 829/11700/563
f 826/11701/1048 830/11702/1056 2856/11703/1557 2854/11704/1552
f 831/11705/211 2855/11706/1556 2853/11707/836 827/11708/224
f 832/11709/212 828/11710/225 2854/11711/1552 2856/11712/1557
f 829/11700/563 2855/11699/1556 2857/11713/1318 1085/11714/1538
f 830/11702/1056 1086/11715/1539 2858/11716/1558 2856/11703/1557
f 1087/11717/1542 2857/11718/1318 2855/11719/1556 831/11720/211
f 1088/11721/1543 832/11722/212 2856/11723/1557 2858/11724/1558
f 1085/11725/1538 2857/11726/1318 2851/11727/1550 1081/11728/1549
f 1086/11729/1539 1082/11730/1551 2852/11731/1553 2858/11732/1558
f 1083/11733/1554 2851/11727/1550 2857/11726/1318 1087/11734/1542
f 1084/11735/1555 1088/11736/1543 2858/11732/1558 2852/11731/1553
f 1081/11737/1549 2859/11738/1559 2849/11674/1547 1085/11673/1538
f 1082/11739/1551 1086/11675/1539 2850/11676/1548 2860/11740/1560
f 1087/11678/1542 2849/11677/1547 2859/11741/1559 1083/11742/1554
f 1088/11679/1543 1084/11743/1555 2860/11744/1560 2850/11680/1548
f 1077/11745/1561 2861/11746/583 2863/11747/843 821/11748/844
f 1078/11749/1562 822/11750/1045 2864/11751/1563 2862/11752/1564
f 823/11753/237 2863/11754/843 2861/11755/583 1079/11756/1565
f 824/11757/586 1080/11758/1566 2862/11759/1564 2864/11760/1563
f 821/11748/844 2863/11747/843 2865/11761/847 825/11762/574
f 822/11750/1045 826/11763/1048 2866/11764/1567 2864/11751/1563
f 827/11765/224 2865/11766/847 2863/11767/843 823/11768/237
f 828/11769/225 824/11770/586 2864/11771/1563 2866/11772/1567
f 825/11773/574 2865/11774/847 2867/11775/588 1081/11776/1549
f 826/11777/1048 1082/11778/1551 2868/11779/1568 2866/11780/1567
f 1083/11781/1554 2867/11782/588 2865/11783/847 827/11784/224
f 1084/11785/1555 828/11786/225 2866/11787/1567 2868/11788/1568
f 1081/11789/1549 2867/11790/588 2861/11791/583 1077/11792/1561
f 1082/11793/1551 1078/11794/1562 2862/11795/1564 2868/11796/1568
f 1079/11797/1565 2861/11791/583 2867/11790/588 1083/11798/1554
f 1080/11799/1566 1084/11785/1555 2868/11788/1568 2862/11800/1564
f 1077/11801/1561 2869/11802/1569 2859/11803/1559 1081/11804/1549
f 1078/11805/1562 1082/11806/1551 2860/11807/1560 2870/11808/1570
f 1083/11742/1554 2859/11741/1559 2869/11809/1569 1079/11810/1565
f 1084/11743/1555 1080/11811/1566 2870/11812/1570 2860/11744/1560
f 1073/11813/1571 2871/11814/244 2873/11815/1572 817/11816/850
f 1074/11817/1573 818/11818/1040 2874/11819/1574 2872/11820/1575
f 819/11821/250 2873/11822/1572 2871/11823/244 1075/11824/1576
f 820/11825/1042 1076/11826/1577 2872/11827/1575 2874/11828/1574
f 817/11816/850 2873/11815/1572 2875/11829/854 821/11830/844
f 818/11818/1040 822/11831/1045 2876/11832/855 2874/11819/1574
f 823/11833/237 2875/11834/854 2873/11835/1572 819/11836/250
f 824/11837/586 820/11838/1042 2874/11839/1574 2876/11840/855
f 821/11841/844 2875/11842/854 2877/11843/598 1077/11844/1561
f 822/11845/1045 1078/11846/1562 2878/11847/1578 2876/11848/855
f 1079/11849/1565 2877/11850/598 2875/11851/854 823/11852/237
f 1080/11853/1566 824/11854/586 2876/11855/855 2878/11856/1578
f 1077/11857/1561 2877/11858/598 2871/11859/244 1073/11860/1571
f 1078/11861/1562 1074/11862/1573 2872/11863/1575 2878/11864/1578
f 1075/11865/1576 2871/11866/244 2877/11850/598 1079/11849/1565
f 1076/11867/1577 1080/11853/1566 2878/11856/1578 2872/11868/1575
f 1073/11869/1571 2879/11870/1579 2869/11802/1569 1077/11801/1561
f 1074/11871/1573 1078/11805/1562 2870/11808/1570 2880/11872/1580
f 1079/11810/1565 2869/11809/1569 2879/11873/1579 1075/11874/1576
f 1080/11811/1566 1076/11875/1577 2880/11876/1580 2870/11812/1570
f 1069/11877/1581 2881/11878/1034 2883/11879/259 813/11880/257
f 1070/11881/1582 814/11882/1031 2884/11883/1583 2882/11884/1584
f 815/11885/265 2883/11886/259 2881/11887/1034 1071/11888/1585
f 816/11889/1033 1072/11890/1586 2882/11891/1584 2884/11892/1583
f 813/11880/257 2883/11879/259 2885/11893/1308 817/11894/850
f 814/11882/1031 818/11895/1040 2886/11896/1587 2884/11883/1583
f 819/11897/250 2885/11898/1308 2883/11899/259 815/11900/265
f 820/11901/1042 816/11902/1033 2884/11903/1583 2886/11904/1587
f 817/11905/850 2885/11906/1308 2887/11907/1588 1073/11908/1571
f 818/11909/1040 1074/11910/1573 2888/11911/1589 2886/11912/1587
f 1075/11913/1576 2887/11914/1588 2885/11915/1308 819/11916/250
f 1076/11917/1577 820/11918/1042 2886/11919/1587 2888/11920/1589
f 1073/11921/1571 2887/11922/1588 2881/11923/1034 1069/11924/1581
f 1074/11925/1573 1070/11926/1582 2882/11927/1584 2888/11928/1589
f 1071/11929/1585 2881/11930/1034 2887/11914/1588 1075/11913/1576
f 1072/11931/1586 1076/11917/1577 2888/11920/1589 2882/11932/1584
f 1069/11933/1581 2889/11934/1590 2879/11870/1579 1073/11869/1571
f 1070/11935/1582 1074/11871/1573 2880/11872/1580 2890/11936/1591
f 1075/11874/1576 2879/11873/1579 2889/11937/1590 1071/11938/1585
f 1076/11875/1577 1072/11939/1586 2890/11940/1591 2880/11876/1580
f 1065/11941/1592 2891/11942/1593 2893/11943/866 809/11944/867
f 1066/11945/1594 810/11946/1022 2894/11947/1595 2892/11948/1596
f 811/11949/280 2893/11950/866 2891/11951/1593 1067/11952/1597
f 812/11953/1024 1068/11954/1598 2892/11955/1596 2894/11956/1595
f 809/11944/867 2893/11943/866 2895/11957/1599 813/11958/257
f 810/11946/1022 814/11959/1031 2896/11960/1600 2894/11947/1595
f 815/11961/265 2895/11962/1599 2893/11963/866 811/11964/280
f 816/11965/1033 812/11966/1024 2894/11967/1595 2896/11968/1600
f 813/11969/257 2895/11970/1599 2897/11971/1601 1069/11972/1581
f 814/11973/1031 1070/11974/1582 2898/11975/1602 2896/11976/1600
f 1071/11977/1585 2897/11978/1601 2895/11979/1599 815/11980/265
f 1072/11981/1586 816/11982/1033 2896/11983/1600 2898/11984/1602
f 1069/11985/1581 2897/11986/1601 2891/11987/1593 1065/11988/1592
f 1070/11989/1582 1066/11990/1594 2892/11991/1596 2898/11992/1602
f 1067/11993/1597 2891/11994/1593 2897/11978/1601 1071/11977/1585
f 1068/11995/1598 1072/11981/1586 2898/11984/1602 2892/11996/1596
f 1065/11997/1592 2899/11998/1603 2889/11934/1590 1069/11933/1581
f 1066/11999/1594 1070/11935/1582 2890/11936/1591 2900/12000/1604
f 1071/11938/1585 2889/11937/1590 2899/12001/1603 1067/12002/1597
f 1072/11939/1586 1068/12003/1598 2900/12004/1604 2890/11940/1591
f 1061/12005/1605 2901/12006/621 2903/12007/876 805/12008/620
f 1062/12009/1606 806/12010/1018 2904/12011/878 2902/12012/1607
f 807/12013/294 2903/12014/876 2901/12015/621 1063/12016/1608
f 808/12017/295 1064/12018/1609 2902/12019/1607 2904/12020/878
f 805/12021/620 2903/12022/876 2905/12023/1610 809/11944/867
f 806/12024/1018 810/11946/1022 2906/12025/1611 2904/12026/878
f 811/12027/280 2905/12028/1610 2903/12029/876 807/12030/294
f 812/12031/1024 808/12032/295 2904/12033/878 2906/12034/1611
f 809/11944/867 2905/12023/1610 2907/12035/298 1065/11941/1592
f 810/11946/1022 1066/11945/1594 2908/12036/1612 2906/12025/1611
f 1067/12037/1597 2907/12038/298 2905/12039/1610 811/12040/280
f 1068/12041/1598 812/12042/1024 2906/12043/1611 2908/12044/1612
f 1065/12045/1592 2907/12046/298 2901/12047/621 1061/12048/1605
f 1066/12049/1594 1062/12050/1606 2902/12051/1607 2908/12052/1612
f 1063/12016/1608 2901/12015/621 2907/12053/298 1067/12054/1597
f 1064/12018/1609 1068/12055/1598 2908/12056/1612 2902/12019/1607
f 1061/12057/1605 2909/12058/1613 2899/11998/1603 1065/11997/1592
f 1062/12059/1606 1066/11999/1594 2900/12000/1604 2910/12060/1614
f 1067/12002/1597 2899/12001/1603 2909/12061/1613 1063/12062/1608
f 1068/12003/1598 1064/12063/1609 2910/12064/1614 2900/12004/1604
f 1057/12065/1615 2911/12066/1616 2913/12067/883 801/12068/626
f 1058/12069/1617 802/12070/1016 2914/12071/1618 2912/12072/1619
f 803/12073/307 2913/12074/883 2911/12075/1616 1059/12076/1620
f 804/12077/308 1060/12078/1621 2912/12079/1619 2914/12080/1618
f 801/12081/626 2913/12082/883 2915/12083/886 805/12084/620
f 802/12085/1016 806/12086/1018 2916/12087/1622 2914/12088/1618
f 807/12089/294 2915/12090/886 2913/12091/883 803/12092/307
f 808/12093/295 804/12094/308 2914/12095/1618 2916/12096/1622
f 805/12084/620 2915/12083/886 2917/12097/631 1061/12098/1605
f 806/12086/1018 1062/12099/1606 2918/12100/1623 2916/12087/1622
f 1063/12101/1608 2917/12102/631 2915/12103/886 807/12104/294
f 1064/12105/1609 808/12106/295 2916/12107/1622 2918/12108/1623
f 1061/12109/1605 2917/12110/631 2911/12111/1616 1057/12112/1615
f 1062/12113/1606 1058/12114/1617 2912/12115/1619 2918/12116/1623
f 1059/12076/1620 2911/12075/1616 2917/12117/631 1063/12118/1608
f 1060/12078/1621 1064/12119/1609 2918/12120/1623 2912/12079/1619
f 1057/12121/1615 2919/12122/1624 2909/12058/1613 1061/12057/1605
f 1058/12123/1617 1062/12059/1606 2910/12060/1614 2920/12124/1625
f 1063/12062/1608 2909/12061/1613 2919/12125/1624 1059/12126/1620
f 1064/12063/1609 1060/12127/1621 2920/12128/1625 2910/12064/1614
f 1053/12129/1626 2921/12130/634 2923/12131/1013 797/12132/633
f 1054/12133/1627 798/12134/1011 2924/12135/1628 2922/12136/1629
f 799/12137/320 2923/12138/1013 2921/12139/634 1055/12140/1630
f 800/12141/321 1056/12142/1631 2922/12143/1629 2924/12144/1628
f 797/12145/633 2923/12146/1013 2925/12147/894 801/12148/626
f 798/12149/1011 802/12150/1016 2926/12151/1632 2924/12152/1628
f 803/12153/307 2925/12154/894 2923/12155/1013 799/12156/320
f 804/12157/308 800/12158/321 2924/12159/1628 2926/12160/1632
f 801/12148/626 2925/12147/894 2927/12161/1633 1057/12162/1615
f 802/12150/1016 1058/12163/1617 2928/12164/1634 2926/12151/1632
f 1059/12165/1620 2927/12166/1633 2925/12167/894 803/12168/307
f 1060/12169/1621 804/12170/308 2926/12171/1632 2928/12172/1634
f 1057/12173/1615 2927/12174/1633 2921/12175/634 1053/12176/1626
f 1058/12177/1617 1054/12178/1627 2922/12179/1629 2928/12180/1634
f 1055/12140/1630 2921/12139/634 2927/12181/1633 1059/12182/1620
f 1056/12142/1631 1060/12183/1621 2928/12184/1634 2922/12143/1629
f 1053/12185/1626 2929/12186/1635 2919/12122/1624 1057/12121/1615
f 1054/12187/1627 1058/12123/1617 2920/12124/1625 2930/12188/1636
f 1059/12126/1620 2919/12125/1624 2929/12189/1635 1055/12190/1630
f 1060/12127/1621 1056/12191/1631 2930/12192/1636 2920/12128/1625
f 1049/12193/1637 2931/12194/1638 2933/12195/899 793/12196/642
f 1050/12197/1639 794/12198/1007 2934/12199/1640 2932/12200/1641
f 795/12201/333 2933/12202/899 2931/12203/1638 1051/12204/1642
f 796/12205/334 1052/12206/1643 2932/12207/1641 2934/12208/1640
f 793/12209/642 2933/12210/899 2935/12211/1164 797/12212/633
f 794/12213/1007 798/12214/1011 2936/12215/1644 2934/12216/1640
f 799/12217/320 2935/12218/1164 2933/12219/899 795/12220/333
f 800/12221/321 796/12222/334 2934/12223/1640 2936/12224/1644
f 797/12212/633 2935/12211/1164 2937/12225/337 1053/12226/1626
f 798/12214/1011 1054/12227/1627 2938/12228/1645 2936/12215/1644
f 1055/12229/1630 2937/12230/337 2935/12231/1164 799/12232/320
f 1056/12233/1631 800/12234/321 2936/12235/1644 2938/12236/1645
f 1053/12237/1626 2937/12238/337 2931/12239/1638 1049/12240/1637
f 1054/12241/1627 1050/12242/1639 2932/12243/1641 2938/12244/1645
f 1051/12245/1642 2931/12239/1638 2937/12238/337 1055/12246/1630
f 1052/12247/1643 1056/12248/1631 2938/12244/1645 2932/12243/1641
f 1049/12249/1637 2939/12250/1646 2929/12186/1635 1053/12185/1626
f 1050/12251/1639 1054/12187/1627 2930/12188/1636 2940/12252/1647
f 1055/12190/1630 2929/12189/1635 2939/12253/1646 1051/12254/1642
f 1056/12191/1631 1052/12255/1643 2940/12256/1647 2930/12192/1636
f 1045/12257/1648 2941/12258/650 2943/12259/906 789/12260/649
f 1046/12261/1649 790/12262/1004 2944/12263/1650 2942/12264/1651
f 791/12265/346 2943/12266/906 2941/12267/650 1047/12268/1652
f 792/12269/653 1048/12270/1653 2942/12271/1651 2944/12272/1650
f 789/12260/649 2943/12259/906 2945/12273/910 793/12274/642
f 790/12262/1004 794/12275/1007 2946/12276/1654 2944/12263/1650
f 795/12277/333 2945/12278/910 2943/12279/906 791/12280/346
f 796/12281/334 792/12282/653 2944/12283/1650 2946/12284/1654
f 793/12285/642 2945/12286/910 2947/12287/654 1049/12288/1637
f 794/12289/1007 1050/12290/1639 2948/12291/1655 2946/12292/1654
f 1051/12293/1642 2947/12294/654 2945/12295/910 795/12296/333
f 1052/12297/1643 796/12298/334 2946/12299/1654 2948/12300/1655
f 1049/12301/1637 2947/12302/654 2941/12303/650 1045/12304/1648
f 1050/12305/1639 1046/12306/1649 2942/12307/1651 2948/12308/1655
f 1047/12309/1652 2941/12310/650 2947/12294/654 1051/12293/1642
f 1048/12311/1653 1052/12297/1643 2948/12300/1655 2942/12312/1651
f 1045/12313/1648 2949/12314/1656 2939/12315/1646 1049/12316/1637
f 1046/12317/1649 1050/12318/1639 2940/12319/1647 2950/12320/1657
f 1051/12254/1642 2939/12253/1646 2949/12321/1656 1047/12322/1652
f 1052/12255/1643 1048/12323/1653 2950/12324/1657 2940/12256/1647
f 1041/12325/1658 2951/12326/353 2953/12327/1659 785/12328/656
f 1042/12329/1660 786/12330/999 2954/12331/1661 2952/12332/1662
f 787/12333/359 2953/12334/1659 2951/12335/353 1043/12336/1663
f 788/12337/1001 1044/12338/1664 2952/12339/1662 2954/12340/1661
f 785/12328/656 2953/12327/1659 2955/12341/918 789/12342/649
f 786/12330/999 790/12343/1004 2956/12344/919 2954/12331/1661
f 791/12345/346 2955/12346/918 2953/12347/1659 787/12348/359
f 792/12349/653 788/12350/1001 2954/12351/1661 2956/12352/919
f 789/12353/649 2955/12354/918 2957/12355/667 1045/12356/1648
f 790/12357/1004 1046/12358/1649 2958/12359/1665 2956/12360/919
f 1047/12361/1652 2957/12362/667 2955/12363/918 791/12364/346
f 1048/12365/1653 792/12366/653 2956/12367/919 2958/12368/1665
f 1045/12369/1648 2957/12370/667 2951/12371/353 1041/12372/1658
f 1046/12373/1649 1042/12374/1660 2952/12375/1662 2958/12376/1665
f 1043/12377/1663 2951/12378/353 2957/12362/667 1047/12361/1652
f 1044/12379/1664 1048/12365/1653 2958/12368/1665 2952/12380/1662
f 1041/12381/1658 2959/12382/1666 2949/12314/1656 1045/12313/1648
f 1042/12383/1660 1046/12317/1649 2950/12320/1657 2960/12384/1667
f 1047/12322/1652 2949/12321/1656 2959/12385/1666 1043/12386/1663
f 1048/12323/1653 1044/12387/1664 2960/12388/1667 2950/12324/1657
f 1037/12389/1668 2961/12390/1669 2963/12391/1278 781/12392/668
f 1038/12393/1670 782/12394/990 2964/12395/1671 2962/12396/1672
f 783/12397/373 2963/12398/1278 2961/12399/1669 1039/12400/1673
f 784/12401/992 1040/12402/1674 2962/12403/1672 2964/12404/1671
f 781/12392/668 2963/12391/1278 2965/12405/927 785/12406/656
f 782/12394/990 786/12407/999 2966/12408/1675 2964/12395/1671
f 787/12409/359 2965/12410/927 2963/12411/1278 783/12412/373
f 788/12413/1001 784/12414/992 2964/12415/1671 2966/12416/1675
f 785/12417/656 2965/12418/927 2967/12419/1676 1041/12420/1658
f 786/12421/999 1042/12422/1660 2968/12423/1677 2966/12424/1675
f 1043/12425/1663 2967/12426/1676 2965/12427/927 787/12428/359
f 1044/12429/1664 788/12430/1001 2966/12431/1675 2968/12432/1677
f 1041/12433/1658 2967/12434/1676 2961/12435/1669 1037/12436/1668
f 1042/12437/1660 1038/12438/1670 2962/12439/1672 2968/12440/1677
f 1039/12441/1673 2961/12442/1669 2967/12426/1676 1043/12425/1663
f 1040/12443/1674 1044/12429/1664 2968/12432/1677 2962/12444/1672
f 1037/12445/1668 2969/12446/1678 2959/12382/1666 1041/12381/1658
f 1038/12447/1670 1042/12383/1660 2960/12384/1667 2970/12448/1679
f 1043/12386/1663 2959/12385/1666 2969/12449/1678 1039/12450/1673
f 1044/12387/1664 1040/12451/1674 2970/12452/1679 2960/12388/1667
f 1033/12453/1680 2971/12454/983 2973/12455/1681 777/12456/680
f 1034/12457/1682 778/12458/980 2974/12459/1683 2972/12460/1684
f 779/12461/388 2973/12462/1681 2971/12463/983 1035/12464/1685
f 780/12465/982 1036/12466/1686 2972/12467/1684 2974/12468/1683
f 777/12456/680 2973/12455/1681 2975/12469/1687 781/12470/668
f 778/12458/980 782/12471/990 2976/12472/1688 2974/12459/1683
f 783/12473/373 2975/12474/1687 2973/12475/1681 779/12476/388
f 784/12477/992 780/12478/982 2974/12479/1683 2976/12480/1688
f 781/12481/668 2975/12482/1687 2977/12483/393 1037/12484/1668
f 782/12485/990 1038/12486/1670 2978/12487/1689 2976/12488/1688
f 1039/12489/1673 2977/12490/393 2975/12491/1687 783/12492/373
f 1040/12493/1674 784/12494/992 2976/12488/1688 2978/12487/1689
f 1037/12495/1668 2977/12496/393 2971/12497/983 1033/12498/1680
f 1038/12499/1670 1034/12500/1682 2972/12501/1684 2978/12502/1689
f 1035/12503/1685 2971/12504/983 2977/12490/393 1039/12489/1673
f 1036/12505/1686 1040/12506/1674 2978/12507/1689 2972/12508/1684
f 1033/12509/1680 2979/12510/1690 2969/12446/1678 1037/12445/1668
f 1034/12511/1682 1038/12447/1670 2970/12448/1679 2980/12512/1691
f 1039/12450/1673 2969/12449/1678 2979/12513/1690 1035/12514/1685
f 1040/12451/1674 1036/12515/1686 2980/12516/1691 2970/12452/1679
f 1029/12517/1692 2981/12518/396 2983/12519/940 773/12520/694
f 1030/12521/1693 774/12522/976 2984/12523/1694 2982/12524/1695
f 775/12525/402 2983/12526/940 2981/12527/396 1031/12528/1696
f 776/12529/977 1032/12530/1697 2982/12524/1695 2984/12523/1694
f 773/12531/694 2983/12532/940 2985/12533/1139 777/12456/680
f 774/12534/976 778/12458/980 2986/12535/1698 2984/12536/1694
f 779/12537/388 2985/12538/1139 2983/12539/940 775/12540/402
f 780/12541/982 776/12542/977 2984/12543/1694 2986/12544/1698
f 777/12456/680 2985/12533/1139 2987/12545/700 1033/12453/1680
f 778/12458/980 1034/12457/1682 2988/12546/1699 2986/12535/1698
f 1035/12547/1685 2987/12548/700 2985/12549/1139 779/12550/388
f 1036/12551/1686 780/12552/982 2986/12553/1698 2988/12554/1699
f 1033/12555/1680 2987/12556/700 2981/12557/396 1029/12558/1692
f 1034/12559/1682 1030/12560/1693 2982/12561/1695 2988/12562/1699
f 1031/12528/1696 2981/12527/396 2987/12563/700 1035/12564/1685
f 1032/12565/1697 1036/12566/1686 2988/12567/1699 2982/12568/1695
f 1029/12569/1692 2989/12570/1700 2979/12510/1690 1033/12509/1680
f 1030/12571/1693 1034/12511/1682 2980/12512/1691 2990/12572/1701
f 1035/12514/1685 2979/12513/1690 2989/12573/1700 1031/12574/1696
f 1036/12515/1686 1032/12575/1697 2990/12576/1701 2980/12516/1691
f 1025/12577/1702 2991/12578/1703 2993/12579/948 769/12580/409
f 1026/12581/1704 770/12582/949 2994/12583/1705 2992/12584/1706
f 771/12585/417 2993/12586/948 2991/12587/1703 1027/12588/1707
f 772/12589/418 1028/12590/1708 2992/12591/1706 2994/12592/1705
f 769/12593/409 2993/12594/948 2995/12595/953 773/12596/694
f 770/12597/949 774/12598/976 2996/12599/1709 2994/12600/1705
f 775/12601/402 2995/12602/953 2993/12603/948 771/12604/417
f 776/12605/977 772/12606/418 2994/12607/1705 2996/12608/1709
f 773/12596/694 2995/12595/953 2997/12609/421 1029/12610/1692
f 774/12598/976 1030/12611/1693 2998/12612/1710 2996/12599/1709
f 1031/12613/1696 2997/12614/421 2995/12615/953 775/12616/402
f 1032/12617/1697 776/12618/977 2996/12619/1709 2998/12620/1710
f 1029/12621/1692 2997/12622/421 2991/12623/1703 1025/12624/1702
f 1030/12625/1693 1026/12626/1704 2992/12627/1706 2998/12628/1710
f 1027/12588/1707 2991/12587/1703 2997/12629/421 1031/12630/1696
f 1028/12590/1708 1032/12631/1697 2998/12632/1710 2992/12591/1706
f 1025/12633/1702 2999/12634/1711 2989/12570/1700 1029/12569/1692
f 1026/12635/1704 1030/12571/1693 2990/12572/1701 3000/12636/1712
f 1031/12574/1696 2989/12573/1700 2999/12637/1711 1027/12638/1707
f 1032/12575/1697 1028/12639/1708 3000/12640/1712 2990/12576/1701
f 1149/12641/1376 3001/12642/705 3003/12643/958 893/12644/715
f 1150/12645/1377 894/12646/966 3004/12647/1713 3002/12648/1714
f 895/12649/14 3003/12650/958 3001/12651/705 1151/12652/1379
f 896/12653/971 1152/12654/1380 3002/12655/1714 3004/12656/1713
f 893/12657/715 3003/12658/958 3005/12659/961 769/12660/409
f 894/12661/966 770/12662/949 3006/12663/1715 3004/12664/1713
f 771/12665/417 3005/12666/961 3003/12667/958 895/12668/14
f 772/12669/418 896/12670/971 3004/12671/1713 3006/12672/1715
f 769/12660/409 3005/12659/961 3007/12673/1716 1025/12674/1702
f 770/12662/949 1026/12675/1704 3008/12676/1717 3006/12663/1715
f 1027/12677/1707 3007/12678/1716 3005/12679/961 771/12680/417
f 1028/12681/1708 772/12682/418 3006/12683/1715 3008/12684/1717
f 1025/12624/1702 3007/12685/1716 3001/12686/705 1149/12687/1376
f 1026/12688/1704 1150/12689/1377 3002/12690/1714 3008/12691/1717
f 1151/12652/1379 3001/12651/705 3007/12692/1716 1027/12693/1707
f 1152/12654/1380 1028/12694/1708 3008/12695/1717 3002/12655/1714
f 1149/10708/1376 2697/10707/1382 2999/12634/1711 1025/12633/1702
f 1150/10710/1377 1026/12635/1704 3000/12636/1712 2698/10711/1383
f 1027/12638/1707 2999/12637/1711 2697/10714/1382 1151/10713/1379
f 1028/12639/1708 1152/10717/1380 2698/10720/1383 3000/12640/1712
f 381/12696/710 3009/12697/1718 3011/12698/709 1021/12699/1719
f 382/12700/711 1022/12701/1720 3012/12702/1721 3010/12703/1128
f 1023/12704/1722 3011/12705/709 3009/12706/1718 383/12707/8
f 1024/12708/1723 384/12709/9 3010/12710/1128 3012/12711/1721
f 1021/12712/1719 3011/12713/709 3017/12714/714 897/12715/1724
f 1022/12716/1720 898/12717/1725 3018/12718/1726 3012/12719/1721
f 899/12720/1727 3017/12721/714 3011/12722/709 1023/12723/1722
f 900/12724/1728 1024/12725/1723 3012/12726/1721 3018/12727/1726
f 897/12728/1724 3015/12729/1729 3013/12730/1730 1021/12731/1719
f 898/12732/1725 1022/12733/1720 3014/12734/1731 3016/12735/1732
f 1023/12736/1722 3013/12730/1730 3015/12729/1729 899/12737/1727
f 1024/12738/1723 900/12739/1728 3016/12740/1732 3014/12741/1731
f 897/12715/1724 3017/12714/714 3019/12742/16 257/12743/715
f 898/12717/1725 258/12744/716 3020/12745/1733 3018/12718/1726
f 259/12746/14 3019/12747/16 3017/12748/714 899/12749/1727
f 260/12750/718 900/12751/1728 3018/12752/1726 3020/12753/1733
f 257/12754/715 3019/12755/16 3009/12756/1718 381/12757/710
f 258/12758/716 382/12759/711 3010/12760/1128 3020/12761/1733
f 383/12762/8 3009/12756/1718 3019/12755/16 259/12763/14
f 384/12709/9 260/12764/718 3020/12765/1733 3010/12710/1128
f 377/12766/722 3021/12767/1121 3023/12768/721 1017/12769/1734
f 378/12770/723 1018/12771/1735 3024/12772/1736 3022/12773/1737
f 1019/12774/1738 3023/12775/721 3021/12776/1121 379/12777/26
f 1020/12778/1739 380/12779/440 3022/12780/1737 3024/12781/1736
f 1017/12769/1734 3023/12768/721 3027/12782/1740 1021/12783/1719
f 1018/12771/1735 1022/12784/1720 3028/12785/1741 3024/12772/1736
f 1023/12786/1722 3027/12787/1740 3023/12788/721 1019/12789/1738
f 1024/12790/1723 1020/12791/1739 3024/12792/1736 3028/12793/1741
f 1021/12731/1719 3013/12730/1730 3025/12794/1742 1017/12795/1734
f 1022/12733/1720 1018/12796/1735 3026/12797/1743 3014/12734/1731
f 1019/12798/1738 3025/12799/1742 3013/12800/1730 1023/12801/1722
f 1020/12802/1739 1024/12803/1723 3014/12804/1731 3026/12805/1743
f 1021/12806/1719 3027/12807/1740 3029/12808/1124 381/12809/710
f 1022/12810/1720 382/12811/711 3030/12812/1744 3028/12813/1741
f 383/12814/8 3029/12815/1124 3027/12816/1740 1023/12817/1722
f 384/12818/9 1024/12819/1723 3028/12820/1741 3030/12821/1744
f 381/12822/710 3029/12823/1124 3021/12824/1121 377/12825/722
f 382/12826/711 378/12827/723 3022/12828/1737 3030/12829/1744
f 379/12830/26 3021/12831/1121 3029/12815/1124 383/12814/8
f 380/12832/440 384/12818/9 3030/12821/1744 3022/12833/1737
f 373/12834/728 3031/12835/442 3033/12836/1745 1013/12837/1746
f 374/12838/729 1014/12839/1747 3034/12840/1748 3032/12841/1749
f 1015/12842/1750 3033/12843/1745 3031/12844/442 375/12845/448
f 1016/12846/1751 376/12847/732 3032/12848/1749 3034/12849/1748
f 1013/12837/1746 3033/12836/1745 3037/12850/733 1017/12851/1734
f 1014/12839/1747 1018/12852/1735 3038/12853/1752 3034/12840/1748
f 1019/12854/1738 3037/12855/733 3033/12856/1745 1015/12857/1750
f 1020/12858/1739 1016/12859/1751 3034/12860/1748 3038/12861/1752
f 1017/12795/1734 3025/12794/1742 3035/12862/1753 1013/12863/1746
f 1018/12796/1735 1014/12864/1747 3036/12865/1754 3026/12797/1743
f 1015/12866/1750 3035/12867/1753 3025/12799/1742 1019/12798/1738
f 1016/12868/1751 1020/12802/1739 3026/12805/1743 3036/12869/1754
f 1017/12870/1734 3037/12871/733 3039/12872/1119 377/12873/722
f 1018/12874/1735 378/12875/723 3040/12876/452 3038/12877/1752
f 379/12878/26 3039/12879/1119 3037/12880/733 1019/12881/1738
f 380/12882/440 1020/12883/1739 3038/12884/1752 3040/12885/452
f 377/12886/722 3039/12887/1119 3031/12888/442 373/12889/728
f 378/12890/723 374/12891/729 3032/12892/1749 3040/12893/452
f 375/12894/448 3031/12895/442 3039/12879/1119 379/12878/26
f 376/12896/732 380/12882/440 3040/12885/452 3032/12897/1749
f 369/12898/453 3041/12899/1406 3043/12900/1755 1009/12901/1756
f 370/12902/737 1010/12903/1757 3044/12904/1758 3042/12905/1759
f 1011/12906/1760 3043/12907/1755 3041/12908/1406 371/12909/52
f 1012/12910/1761 372/12911/740 3042/12912/1759 3044/12913/1758
f 1009/12901/1756 3043/12900/1755 3047/12914/741 1013/12915/1746
f 1010/12903/1757 1014/12916/1747 3048/12917/1762 3044/12904/1758
f 1015/12918/1750 3047/12919/741 3043/12920/1755 1011/12921/1760
f 1016/12922/1751 1012/12923/1761 3044/12924/1758 3048/12925/1762
f 1013/12863/1746 3035/12862/1753 3045/12926/1763 1009/12927/1756
f 1014/12864/1747 1010/12928/1757 3046/12929/1764 3036/12865/1754
f 1011/12930/1760 3045/12931/1763 3035/12867/1753 1015/12866/1750
f 1012/12932/1761 1016/12868/1751 3036/12869/1754 3046/12933/1764
f 1013/12934/1746 3047/12935/741 3049/12936/1413 373/12937/728
f 1014/12938/1747 374/12939/729 3050/12940/1765 3048/12941/1762
f 375/12942/448 3049/12943/1413 3047/12944/741 1015/12945/1750
f 376/12946/732 1016/12947/1751 3048/12948/1762 3050/12949/1765
f 373/12950/728 3049/12951/1413 3041/12952/1406 369/12953/453
f 374/12954/729 370/12955/737 3042/12956/1759 3050/12957/1765
f 371/12958/52 3041/12959/1406 3049/12943/1413 375/12942/448
f 372/12960/740 376/12946/732 3050/12949/1765 3042/12961/1759
f 365/12962/466 3051/12963/1766 3053/12964/1767 1005/12965/1768
f 366/12966/745 1006/12967/1769 3054/12968/1770 3052/12969/1771
f 1007/12970/1772 3053/12971/1767 3051/12972/1766 367/12973/65
f 1008/12974/1773 368/12975/748 3052/12976/1771 3054/12977/1770
f 1005/12965/1768 3053/12964/1767 3057/12978/1774 1009/12979/1756
f 1006/12967/1769 1010/12980/1757 3058/12981/1775 3054/12968/1770
f 1011/12982/1760 3057/12983/1774 3053/12984/1767 1007/12985/1772
f 1012/12986/1761 1008/12987/1773 3054/12988/1770 3058/12989/1775
f 1009/12927/1756 3045/12926/1763 3055/12990/1776 1005/12991/1768
f 1010/12928/1757 1006/12992/1769 3056/12993/1777 3046/12929/1764
f 1007/12994/1772 3055/12995/1776 3045/12931/1763 1011/12930/1760
f 1008/12996/1773 1012/12932/1761 3046/12933/1764 3056/12997/1777
f 1009/12998/1756 3057/12999/1774 3059/13000/1778 369/13001/453
f 1010/13002/1757 370/13003/737 3060/13004/1779 3058/13005/1775
f 371/13006/52 3059/13007/1778 3057/13008/1774 1011/13009/1760
f 372/13010/740 1012/13011/1761 3058/13012/1775 3060/13013/1779
f 369/13014/453 3059/13015/1778 3051/13016/1766 365/13017/466
f 370/13018/737 366/13019/745 3052/13020/1771 3060/13021/1779
f 367/13022/65 3051/13023/1766 3059/13007/1778 371/13006/52
f 368/13024/748 372/13010/740 3060/13013/1779 3052/13025/1771
f 361/13026/477 3061/13027/478 3063/13028/753 1001/13029/1780
f 362/13030/754 1002/13031/1781 3064/13032/1782 3062/13033/481
f 1003/13034/1783 3063/13035/753 3061/13036/478 363/13037/77
f 1004/13038/1784 364/13039/78 3062/13033/481 3064/13032/1782
f 1001/13040/1780 3063/13041/753 3067/13042/1785 1005/12965/1768
f 1002/13043/1781 1006/12967/1769 3068/13044/1786 3064/13045/1782
f 1007/13046/1772 3067/13047/1785 3063/13048/753 1003/13049/1783
f 1008/13050/1773 1004/13051/1784 3064/13052/1782 3068/13053/1786
f 1005/12991/1768 3055/12990/1776 3065/13054/1787 1001/13055/1780
f 1006/12992/1769 1002/13056/1781 3066/13057/1788 3056/12993/1777
f 1003/13058/1783 3065/13059/1787 3055/12995/1776 1007/12994/1772
f 1004/13060/1784 1008/12996/1773 3056/12997/1777 3066/13061/1788
f 1005/12965/1768 3067/13042/1785 3069/13062/1099 365/12962/466
f 1006/12967/1769 366/12966/745 3070/13063/1789 3068/13044/1786
f 367/13064/65 3069/13065/1099 3067/13066/1785 1007/13067/1772
f 368/13068/748 1008/13069/1773 3068/13070/1786 3070/13071/1789
f 365/13072/466 3069/13073/1099 3061/13074/478 361/13075/477
f 366/13076/745 362/13077/754 3062/13078/481 3070/13079/1789
f 363/13037/77 3061/13036/478 3069/13080/1099 367/13081/65
f 364/13082/78 368/13083/748 3070/13084/1789 3062/13085/481
f 357/13086/485 3071/13087/486 3073/13088/1237 997/13089/1790
f 358/13090/759 998/13091/1791 3074/13092/1792 3072/13093/1793
f 999/13094/1794 3073/13095/1237 3071/13096/486 359/13097/90
f 1000/13098/1795 360/13099/489 3072/13100/1793 3074/13101/1792
f 997/13102/1790 3073/13103/1237 3077/13104/761 1001/13105/1780
f 998/13106/1791 1002/13107/1781 3078/13108/1796 3074/13109/1792
f 1003/13110/1783 3077/13111/761 3073/13112/1237 999/13113/1794
f 1004/13114/1784 1000/13115/1795 3074/13116/1792 3078/13117/1796
f 1001/13055/1780 3065/13054/1787 3075/13118/1797 997/13119/1790
f 1002/13056/1781 998/13120/1791 3076/13121/1798 3066/13057/1788
f 999/13122/1794 3075/13123/1797 3065/13059/1787 1003/13058/1783
f 1000/13124/1795 1004/13060/1784 3066/13061/1788 3076/13125/1798
f 1001/13105/1780 3077/13104/761 3079/13126/490 361/13127/477
f 1002/13107/1781 362/13128/754 3080/13129/1799 3078/13108/1796
f 363/13130/77 3079/13131/490 3077/13132/761 1003/13133/1783
f 364/13134/78 1004/13135/1784 3078/13136/1796 3080/13137/1799
f 361/13138/477 3079/13139/490 3071/13140/486 357/13141/485
f 362/13142/754 358/13143/759 3072/13144/1793 3080/13145/1799
f 359/13097/90 3071/13096/486 3079/13146/490 363/13147/77
f 360/13099/489 364/13148/78 3080/13149/1799 3072/13100/1793
f 353/13150/492 3081/13151/493 3083/13152/1092 993/13153/1800
f 354/13154/765 994/13155/1801 3084/13156/1802 3082/13157/1803
f 995/13158/1804 3083/13159/1092 3081/13160/493 355/13161/103
f 996/13162/1805 356/13163/768 3082/13164/1803 3084/13165/1802
f 993/13166/1800 3083/13167/1092 3087/13168/769 997/13169/1790
f 994/13170/1801 998/13171/1791 3088/13172/1806 3084/13173/1802
f 999/13174/1794 3087/13175/769 3083/13176/1092 995/13177/1804
f 1000/13178/1795 996/13179/1805 3084/13180/1802 3088/13181/1806
f 997/13119/1790 3075/13118/1797 3085/13182/1807 993/13183/1800
f 998/13120/1791 994/13184/1801 3086/13185/1808 3076/13121/1798
f 995/13186/1804 3085/13187/1807 3075/13123/1797 999/13122/1794
f 996/13188/1805 1000/13124/1795 3076/13125/1798 3086/13189/1808
f 997/13169/1790 3087/13168/769 3089/13190/1809 357/13191/485
f 998/13171/1791 358/13192/759 3090/13193/1810 3088/13172/1806
f 359/13194/90 3089/13195/1809 3087/13196/769 999/13197/1794
f 360/13198/489 1000/13199/1795 3088/13200/1806 3090/13201/1810
f 357/13202/485 3089/13203/1809 3081/13204/493 353/13205/492
f 358/13206/759 354/13207/765 3082/13208/1803 3090/13209/1810
f 355/13161/103 3081/13160/493 3089/13210/1809 359/13211/90
f 356/13163/768 360/13212/489 3090/13213/1810 3082/13164/1803
f 349/13214/501 3091/13215/1811 3093/13216/774 989/13217/1812
f 350/13218/775 990/13219/1813 3094/13220/1814 3092/13221/1815
f 991/13222/1816 3093/13223/774 3091/13224/1811 351/13225/116
f 992/13226/1817 352/13227/778 3092/13228/1815 3094/13229/1814
f 989/13230/1812 3093/13231/774 3097/13232/1227 993/13233/1800
f 990/13234/1813 994/13235/1801 3098/13236/1818 3094/13237/1814
f 995/13238/1804 3097/13239/1227 3093/13240/774 991/13241/1816
f 996/13242/1805 992/13243/1817 3094/13244/1814 3098/13245/1818
f 993/13183/1800 3085/13182/1807 3095/13246/1819 989/13247/1812
f 994/13184/1801 990/13248/1813 3096/13249/1820 3086/13185/1808
f 991/13250/1816 3095/13246/1819 3085/13182/1807 995/13251/1804
f 992/13252/1817 996/13188/1805 3086/13189/1808 3096/13253/1820
f 993/13233/1800 3097/13232/1227 3099/13254/1821 353/13255/492
f 994/13235/1801 354/13256/765 3100/13257/1822 3098/13236/1818
f 355/13258/103 3099/13259/1821 3097/13260/1227 995/13261/1804
f 356/13262/768 996/13263/1805 3098/13264/1818 3100/13265/1822
f 353/13266/492 3099/13267/1821 3091/13268/1811 349/13269/501
f 354/13270/765 350/13271/775 3092/13272/1815 3100/13273/1822
f 351/13274/116 3091/13268/1811 3099/13267/1821 355/13275/103
f 352/13227/778 356/13276/768 3100/13277/1822 3092/13228/1815
f 345/13278/508 3101/13279/509 3103/13280/781 985/13281/1823
f 346/13282/782 986/13283/1824 3104/13284/1825 3102/13285/1826
f 987/13286/1827 3103/13287/781 3101/13288/509 347/13289/129
f 988/13290/1828 348/13291/512 3102/13292/1826 3104/13293/1825
f 985/13281/1823 3103/13280/781 3107/13294/1223 989/13295/1812
f 986/13283/1824 990/13296/1813 3108/13297/1829 3104/13284/1825
f 991/13298/1816 3107/13299/1223 3103/13300/781 987/13301/1827
f 992/13302/1817 988/13303/1828 3104/13304/1825 3108/13305/1829
f 989/13247/1812 3095/13246/1819 3105/13306/1830 985/13307/1823
f 990/13248/1813 986/13308/1824 3106/13309/1831 3096/13249/1820
f 987/13310/1827 3105/13311/1830 3095/13312/1819 991/13313/1816
f 988/13314/1828 992/13315/1817 3096/13316/1820 3106/13317/1831
f 989/13318/1812 3107/13319/1223 3109/13320/513 349/13321/501
f 990/13322/1813 350/13323/775 3110/13324/1832 3108/13325/1829
f 351/13326/116 3109/13327/513 3107/13328/1223 991/13329/1816
f 352/13330/778 992/13331/1817 3108/13332/1829 3110/13333/1832
f 349/13334/501 3109/13335/513 3101/13336/509 345/13337/508
f 350/13338/775 346/13339/782 3102/13340/1826 3110/13341/1832
f 347/13342/129 3101/13343/509 3109/13327/513 351/13326/116
f 348/13344/512 352/13330/778 3110/13333/1832 3102/13345/1826
f 341/13346/515 3111/13347/516 3113/13348/787 981/13349/1833
f 342/13350/788 982/13351/1834 3114/13352/1835 3112/13353/520
f 983/13354/1836 3113/13355/787 3111/13356/516 343/13357/521
f 984/13358/1837 344/13359/522 3112/13360/520 3114/13361/1835
f 981/13349/1833 3113/13348/787 3117/13362/791 985/13363/1823
f 982/13351/1834 986/13364/1824 3118/13365/1838 3114/13352/1835
f 987/13366/1827 3117/13367/791 3113/13368/787 983/13369/1836
f 988/13370/1828 984/13371/1837 3114/13372/1835 3118/13373/1838
f 985/13307/1823 3105/13306/1830 3115/13374/1839 981/13375/1833
f 986/13308/1824 982/13376/1834 3116/13377/1840 3106/13309/1831
f 983/13378/1836 3115/13379/1839 3105/13311/1830 987/13310/1827
f 984/13380/1837 988/13314/1828 3106/13317/1831 3116/13381/1840
f 985/13382/1823 3117/13383/791 3119/13384/525 345/13385/508
f 986/13386/1824 346/13387/782 3120/13388/526 3118/13389/1838
f 347/13390/129 3119/13391/525 3117/13392/791 987/13393/1827
f 348/13394/512 988/13395/1828 3118/13396/1838 3120/13397/526
f 345/13398/508 3119/13399/525 3111/13400/516 341/13401/515
f 346/13402/782 342/13403/788 3112/13404/520 3120/13405/526
f 343/13406/521 3111/13407/516 3119/13391/525 347/13390/129
f 344/13408/522 348/13394/512 3120/13397/526 3112/13409/520
f 337/13410/149 3121/13411/1077 3123/13412/1494 977/13413/1841
f 338/13414/796 978/13415/1842 3124/13416/1843 3122/13417/1844
f 979/13418/1845 3123/13419/1494 3121/13420/1077 339/13421/158
f 980/13422/1846 340/13423/799 3122/13424/1844 3124/13425/1843
f 977/13413/1841 3123/13412/1494 3127/13426/800 981/13427/1833
f 978/13415/1842 982/13428/1834 3128/13429/1847 3124/13416/1843
f 983/13430/1836 3127/13431/800 3123/13432/1494 979/13433/1845
f 984/13434/1837 980/13435/1846 3124/13436/1843 3128/13437/1847
f 981/13375/1833 3115/13374/1839 3125/13438/1848 977/13439/1841
f 982/13376/1834 978/13440/1842 3126/13441/1849 3116/13377/1840
f 979/13442/1845 3125/13443/1848 3115/13379/1839 983/13378/1836
f 980/13444/1846 984/13380/1837 3116/13381/1840 3126/13445/1849
f 981/13446/1833 3127/13447/800 3129/13448/534 341/13449/515
f 982/13450/1834 342/13451/788 3130/13452/1850 3128/13453/1847
f 343/13454/521 3129/13455/534 3127/13456/800 983/13457/1836
f 344/13458/522 984/13459/1837 3128/13460/1847 3130/13461/1850
f 341/13462/515 3129/13463/534 3121/13464/1077 337/13465/149
f 342/13466/788 338/13467/796 3122/13468/1844 3130/13469/1850
f 339/13470/158 3121/13471/1077 3129/13455/534 343/13454/521
f 340/13472/799 344/13458/522 3130/13461/1850 3122/13473/1844
f 333/13474/536 3131/13475/1506 3133/13476/1851 973/13477/1852
f 334/13478/804 974/13479/1853 3134/13480/1854 3132/13481/1855
f 975/13482/1856 3133/13483/1851 3131/13484/1506 335/13485/172
f 976/13486/1857 336/13487/807 3132/13488/1855 3134/13489/1854
f 973/13477/1852 3133/13476/1851 3137/13490/808 977/13491/1841
f 974/13479/1853 978/13492/1842 3138/13493/1858 3134/13480/1854
f 979/13494/1845 3137/13495/808 3133/13496/1851 975/13497/1856
f 980/13498/1846 976/13499/1857 3134/13500/1854 3138/13501/1858
f 977/13439/1841 3125/13438/1848 3135/13502/1859 973/13503/1852
f 978/13440/1842 974/13504/1853 3136/13505/1860 3126/13441/1849
f 975/13506/1856 3135/13507/1859 3125/13443/1848 979/13442/1845
f 976/13508/1857 980/13444/1846 3126/13445/1849 3136/13509/1860
f 977/13510/1841 3137/13511/808 3139/13512/1513 337/13513/149
f 978/13514/1842 338/13515/796 3140/13516/1861 3138/13517/1858
f 339/13518/158 3139/13519/1513 3137/13520/808 979/13521/1845
f 340/13522/799 980/13523/1846 3138/13524/1858 3140/13525/1861
f 337/13526/149 3139/13527/1513 3131/13528/1506 333/13529/536
f 338/13530/796 334/13531/804 3132/13532/1855 3140/13533/1861
f 335/13534/172 3131/13535/1506 3139/13519/1513 339/13518/158
f 336/13536/807 340/13522/799 3140/13525/1861 3132/13537/1855
f 329/13538/548 3141/13539/549 3143/13540/812 969/13541/1862
f 330/13542/813 970/13543/1863 3144/13544/1864 3142/13545/1066
f 971/13546/1865 3143/13547/812 3141/13548/549 331/13549/185
f 972/13550/1866 332/13551/186 3142/13552/1066 3144/13553/1864
f 969/13554/1862 3143/13555/812 3147/13556/1867 973/13477/1852
f 970/13557/1863 974/13479/1853 3148/13558/1868 3144/13559/1864
f 975/13560/1856 3147/13561/1867 3143/13562/812 971/13563/1865
f 976/13564/1857 972/13565/1866 3144/13566/1864 3148/13567/1868
f 973/13503/1852 3135/13502/1859 3145/13568/1869 969/13569/1862
f 974/13504/1853 970/13570/1863 3146/13571/1870 3136/13505/1860
f 971/13572/1865 3145/13573/1869 3135/13507/1859 975/13506/1856
f 972/13574/1866 976/13508/1857 3136/13509/1860 3146/13575/1870
f 973/13477/1852 3147/13556/1867 3149/13576/189 333/13474/536
f 974/13479/1853 334/13478/804 3150/13577/1871 3148/13558/1868
f 335/13578/172 3149/13579/189 3147/13580/1867 975/13581/1856
f 336/13582/807 976/13583/1857 3148/13584/1868 3150/13585/1871
f 333/13586/536 3149/13587/189 3141/13588/549 329/13589/548
f 334/13590/804 330/13591/813 3142/13592/1066 3150/13593/1871
f 331/13549/185 3141/13548/549 3149/13594/189 335/13595/172
f 332/13551/186 336/13596/807 3150/13597/1871 3142/13552/1066
f 325/13598/556 3151/13599/557 3153/13600/1203 965/13601/1872
f 326/13602/821 966/13603/1873 3154/13604/1874 3152/13605/1875
f 967/13606/1876 3153/13607/1203 3151/13608/557 327/13609/198
f 968/13610/1877 328/13611/560 3152/13612/1875 3154/13613/1874
f 965/13614/1872 3153/13615/1203 3157/13616/823 969/13617/1862
f 966/13618/1873 970/13619/1863 3158/13620/1878 3154/13621/1874
f 971/13622/1865 3157/13623/823 3153/13624/1203 967/13625/1876
f 972/13626/1866 968/13627/1877 3154/13628/1874 3158/13629/1878
f 969/13569/1862 3145/13568/1869 3155/13630/1879 965/13631/1872
f 970/13570/1863 966/13632/1873 3156/13633/1880 3146/13571/1870
f 967/13634/1876 3155/13635/1879 3145/13573/1869 971/13572/1865
f 968/13636/1877 972/13574/1866 3146/13575/1870 3156/13637/1880
f 969/13617/1862 3157/13616/823 3159/13638/561 329/13639/548
f 970/13619/1863 330/13640/813 3160/13641/1881 3158/13620/1878
f 331/13642/185 3159/13643/561 3157/13644/823 971/13645/1865
f 332/13646/186 972/13647/1866 3158/13648/1878 3160/13649/1881
f 329/13650/548 3159/13651/561 3151/13652/557 325/13653/556
f 330/13654/813 326/13655/821 3152/13656/1875 3160/13657/1881
f 327/13609/198 3151/13608/557 3159/13658/561 331/13659/185
f 328/13611/560 332/13660/186 3160/13661/1881 3152/13612/1875
f 321/13662/563 3161/13663/1058 3163/13664/1882 961/13665/1883
f 322/13666/827 962/13667/1884 3164/13668/1885 3162/13669/1886
f 963/13670/1887 3163/13671/1882 3161/13672/1058 323/13673/211
f 964/13674/1888 324/13675/830 3162/13676/1886 3164/13677/1885
f 961/13678/1883 3163/13679/1882 3167/13680/831 965/13681/1872
f 962/13682/1884 966/13683/1873 3168/13684/1889 3164/13685/1885
f 967/13686/1876 3167/13687/831 3163/13688/1882 963/13689/1887
f 968/13690/1877 964/13691/1888 3164/13692/1885 3168/13693/1889
f 965/13631/1872 3155/13630/1879 3165/13694/1890 961/13695/1883
f 966/13632/1873 962/13696/1884 3166/13697/1891 3156/13633/1880
f 963/13698/1887 3165/13699/1890 3155/13635/1879 967/13634/1876
f 964/13700/1888 968/13636/1877 3156/13637/1880 3166/13701/1891
f 965/13681/1872 3167/13680/831 3169/13702/1892 325/13703/556
f 966/13683/1873 326/13704/821 3170/13705/1893 3168/13684/1889
f 327/13706/198 3169/13707/1892 3167/13708/831 967/13709/1876
f 328/13710/560 968/13711/1877 3168/13712/1889 3170/13713/1893
f 325/13714/556 3169/13715/1892 3161/13716/1058 321/13717/563
f 326/13718/821 322/13719/827 3162/13720/1886 3170/13721/1893
f 323/13673/211 3161/13672/1058 3169/13722/1892 327/13723/198
f 324/13675/830 328/13724/560 3170/13725/1893 3162/13676/1886
f 317/13726/574 3171/13727/218 3173/13728/836 957/13729/1894
f 318/13730/837 958/13731/1895 3174/13732/1896 3172/13733/1897
f 959/13734/1898 3173/13735/836 3171/13736/218 319/13737/224
f 960/13738/1899 320/13739/840 3172/13740/1897 3174/13741/1896
f 957/13742/1894 3173/13743/836 3177/13744/1900 961/13745/1883
f 958/13746/1895 962/13747/1884 3178/13748/1901 3174/13749/1896
f 963/13750/1887 3177/13751/1900 3173/13752/836 959/13753/1898
f 964/13754/1888 960/13755/1899 3174/13756/1896 3178/13757/1901
f 961/13695/1883 3165/13694/1890 3175/13758/1902 957/13759/1894
f 962/13696/1884 958/13760/1895 3176/13761/1903 3166/13697/1891
f 959/13762/1898 3175/13758/1902 3165/13694/1890 963/13763/1887
f 960/13764/1899 964/13700/1888 3166/13701/1891 3176/13765/1903
f 961/13745/1883 3177/13744/1900 3179/13766/581 321/13767/563
f 962/13747/1884 322/13768/827 3180/13769/1904 3178/13748/1901
f 323/13770/211 3179/13771/581 3177/13772/1900 963/13773/1887
f 324/13774/830 964/13775/1888 3178/13776/1901 3180/13777/1904
f 321/13778/563 3179/13779/581 3171/13780/218 317/13781/574
f 322/13782/827 318/13783/837 3172/13784/1897 3180/13785/1904
f 319/13786/224 3171/13780/218 3179/13779/581 323/13787/211
f 320/13739/840 324/13788/830 3180/13789/1904 3172/13740/1897
f 313/13790/844 3181/13791/583 3183/13792/843 953/13793/1905
f 314/13794/845 954/13795/1906 3184/13796/1907 3182/13797/1908
f 955/13798/1909 3183/13799/843 3181/13800/583 315/13801/237
f 956/13802/1910 316/13803/586 3182/13804/1908 3184/13805/1907
f 953/13793/1905 3183/13792/843 3187/13806/1911 957/13807/1894
f 954/13795/1906 958/13808/1895 3188/13809/1912 3184/13796/1907
f 959/13810/1898 3187/13811/1911 3183/13812/843 955/13813/1909
f 960/13814/1899 956/13815/1910 3184/13816/1907 3188/13817/1912
f 957/13759/1894 3175/13758/1902 3185/13818/1913 953/13819/1905
f 958/13760/1895 954/13820/1906 3186/13821/1914 3176/13761/1903
f 955/13822/1909 3185/13823/1913 3175/13824/1902 959/13825/1898
f 956/13826/1910 960/13827/1899 3176/13828/1903 3186/13829/1914
f 957/13830/1894 3187/13831/1911 3189/13832/588 317/13833/574
f 958/13834/1895 318/13835/837 3190/13836/1915 3188/13837/1912
f 319/13838/224 3189/13839/588 3187/13840/1911 959/13841/1898
f 320/13842/840 960/13843/1899 3188/13844/1912 3190/13845/1915
f 317/13846/574 3189/13847/588 3181/13848/583 313/13849/844
f 318/13850/837 314/13851/845 3182/13852/1908 3190/13853/1915
f 315/13854/237 3181/13848/583 3189/13847/588 319/13855/224
f 316/13856/586 320/13842/840 3190/13845/1915 3182/13857/1908
f 309/13858/850 3191/13859/1043 3193/13860/849 949/13861/1916
f 310/13862/851 950/13863/1917 3194/13864/1918 3192/13865/1044
f 951/13866/1919 3193/13867/849 3191/13868/1043 311/13869/250
f 952/13870/1920 312/13871/595 3192/13872/1044 3194/13873/1918
f 949/13861/1916 3193/13860/849 3197/13874/854 953/13875/1905
f 950/13863/1917 954/13876/1906 3198/13877/1921 3194/13864/1918
f 955/13878/1909 3197/13879/854 3193/13880/849 951/13881/1919
f 956/13882/1910 952/13883/1920 3194/13884/1918 3198/13885/1921
f 953/13819/1905 3185/13818/1913 3195/13886/1922 949/13887/1916
f 954/13820/1906 950/13888/1917 3196/13889/1923 3186/13821/1914
f 951/13890/1919 3195/13891/1922 3185/13823/1913 955/13822/1909
f 952/13892/1920 956/13826/1910 3186/13829/1914 3196/13893/1923
f 953/13894/1905 3197/13895/854 3199/13896/598 313/13897/844
f 954/13898/1906 314/13899/845 3200/13900/1046 3198/13901/1921
f 315/13902/237 3199/13903/598 3197/13904/854 955/13905/1909
f 316/13906/586 956/13907/1910 3198/13908/1921 3200/13909/1046
f 313/13910/844 3199/13911/598 3191/13912/1043 309/13913/850
f 314/13914/845 310/13915/851 3192/13916/1044 3200/13917/1046
f 311/13918/250 3191/13919/1043 3199/13903/598 315/13902/237
f 312/13920/595 316/13906/586 3200/13909/1046 3192/13921/1044
f 305/13922/257 3201/13923/1924 3203/13924/1305 945/13925/1925
f 306/13926/859 946/13927/1926 3204/13928/1927 3202/13929/1928
f 947/13930/1929 3203/13931/1305 3201/13932/1924 307/13933/265
f 948/13934/1930 308/13935/862 3202/13936/1928 3204/13937/1927
f 945/13925/1925 3203/13924/1305 3207/13938/1308 949/13939/1916
f 946/13927/1926 950/13940/1917 3208/13941/1931 3204/13928/1927
f 951/13942/1919 3207/13943/1308 3203/13944/1305 947/13945/1929
f 952/13946/1920 948/13947/1930 3204/13948/1927 3208/13949/1931
f 949/13887/1916 3195/13886/1922 3205/13950/1932 945/13951/1925
f 950/13888/1917 946/13952/1926 3206/13953/1933 3196/13889/1923
f 947/13954/1929 3205/13955/1932 3195/13891/1922 951/13890/1919
f 948/13956/1930 952/13892/1920 3196/13893/1923 3206/13957/1933
f 949/13958/1916 3207/13959/1308 3209/13960/1039 309/13961/850
f 950/13962/1917 310/13963/851 3210/13964/1934 3208/13965/1931
f 311/13966/250 3209/13967/1039 3207/13968/1308 951/13969/1919
f 312/13970/595 952/13971/1920 3208/13972/1931 3210/13973/1934
f 309/13974/850 3209/13975/1039 3201/13976/1924 305/13977/257
f 310/13978/851 306/13979/859 3202/13980/1928 3210/13981/1934
f 307/13982/265 3201/13983/1924 3209/13967/1039 311/13966/250
f 308/13984/862 312/13970/595 3210/13973/1934 3202/13985/1928
f 301/13986/867 3211/13987/1593 3213/13988/866 941/13989/1935
f 302/13990/868 942/13991/1936 3214/13992/1937 3212/13993/1938
f 943/13994/1939 3213/13995/866 3211/13996/1593 303/13997/280
f 944/13998/1940 304/13999/871 3212/14000/1938 3214/14001/1937
f 941/13989/1935 3213/13988/866 3217/14002/1941 945/14003/1925
f 942/13991/1936 946/14004/1926 3218/14005/1942 3214/13992/1937
f 947/14006/1929 3217/14007/1941 3213/14008/866 943/14009/1939
f 948/14010/1930 944/14011/1940 3214/14012/1937 3218/14013/1942
f 945/13951/1925 3205/13950/1932 3215/14014/1943 941/14015/1935
f 946/13952/1926 942/14016/1936 3216/14017/1944 3206/13953/1933
f 943/14018/1939 3215/14019/1943 3205/13955/1932 947/13954/1929
f 944/14020/1940 948/13956/1930 3206/13957/1933 3216/14021/1944
f 945/14022/1925 3217/14023/1941 3219/14024/1945 305/14025/257
f 946/14026/1926 306/14027/859 3220/14028/1946 3218/14029/1942
f 307/14030/265 3219/14031/1945 3217/14032/1941 947/14033/1929
f 308/14034/862 948/14035/1930 3218/14036/1942 3220/14037/1946
f 305/14038/257 3219/14039/1945 3211/14040/1593 301/14041/867
f 306/14042/859 302/14043/868 3212/14044/1938 3220/14045/1946
f 303/14046/280 3211/14047/1593 3219/14031/1945 307/14030/265
f 304/14048/871 308/14034/862 3220/14037/1946 3212/14049/1938
f 297/14050/620 3221/14051/621 3223/14052/876 937/14053/1947
f 298/14054/877 938/14055/1948 3224/14056/1949 3222/14057/1019
f 939/14058/1950 3223/14059/876 3221/14060/621 299/14061/294
f 940/14062/1951 300/14063/295 3222/14064/1019 3224/14065/1949
f 937/14066/1947 3223/14067/876 3227/14068/1952 941/13989/1935
f 938/14069/1948 942/13991/1936 3228/14070/1953 3224/14071/1949
f 943/14072/1939 3227/14073/1952 3223/14074/876 939/14075/1950
f 944/14076/1940 940/14077/1951 3224/14078/1949 3228/14079/1953
f 941/14015/1935 3215/14014/1943 3225/14080/1954 937/14081/1947
f 942/14016/1936 938/14082/1948 3226/14083/1955 3216/14017/1944
f 939/14084/1950 3225/14085/1954 3215/14019/1943 943/14018/1939
f 940/14086/1951 944/14020/1940 3216/14021/1944 3226/14087/1955
f 941/13989/1935 3227/14068/1952 3229/14088/1021 301/13986/867
f 942/13991/1936 302/13990/868 3230/14089/1956 3228/14070/1953
f 303/14090/280 3229/14091/1021 3227/14092/1952 943/14093/1939
f 304/14094/871 944/14095/1940 3228/14096/1953 3230/14097/1956
f 301/14098/867 3229/14099/1021 3221/14100/621 297/14101/620
f 302/14102/868 298/14103/877 3222/14104/1019 3230/14105/1956
f 299/14061/294 3221/14060/621 3229/14106/1021 303/14107/280
f 300/14063/295 304/14108/871 3230/14109/1956 3222/14064/1019
f 293/14110/626 3231/14111/627 3233/14112/1957 933/14113/1958
f 294/14114/884 934/14115/1959 3234/14116/1960 3232/14117/1961
f 935/14118/1962 3233/14119/1957 3231/14120/627 295/14121/307
f 936/14122/1963 296/14123/630 3232/14124/1961 3234/14125/1960
f 933/14126/1958 3233/14127/1957 3237/14128/886 937/14129/1947
f 934/14130/1959 938/14131/1948 3238/14132/1964 3234/14133/1960
f 939/14134/1950 3237/14135/886 3233/14136/1957 935/14137/1962
f 940/14138/1951 936/14139/1963 3234/14140/1960 3238/14141/1964
f 937/14081/1947 3225/14080/1954 3235/14142/1965 933/14143/1958
f 938/14082/1948 934/14144/1959 3236/14145/1966 3226/14083/1955
f 935/14146/1962 3235/14147/1965 3225/14085/1954 939/14084/1950
f 936/14148/1963 940/14086/1951 3226/14087/1955 3236/14149/1966
f 937/14129/1947 3237/14128/886 3239/14150/631 297/14151/620
f 938/14131/1948 298/14152/877 3240/14153/1967 3238/14132/1964
f 299/14154/294 3239/14155/631 3237/14156/886 939/14157/1950
f 300/14158/295 940/14159/1951 3238/14160/1964 3240/14161/1967
f 297/14162/620 3239/14163/631 3231/14164/627 293/14165/626
f 298/14166/877 294/14167/884 3232/14168/1961 3240/14169/1967
f 295/14121/307 3231/14120/627 3239/14170/631 299/14171/294
f 296/14123/630 300/14172/295 3240/14173/1967 3232/14124/1961
f 289/14174/633 3241/14175/634 3243/14176/1169 929/14177/1968
f 290/14178/890 930/14179/1969 3244/14180/1970 3242/14181/1971
f 931/14182/1972 3243/14183/1169 3241/14184/634 291/14185/320
f 932/14186/1973 292/14187/893 3242/14188/1971 3244/14189/1970
f 929/14190/1968 3243/14191/1169 3247/14192/894 933/14193/1958
f 930/14194/1969 934/14195/1959 3248/14196/1974 3244/14197/1970
f 935/14198/1962 3247/14199/894 3243/14200/1169 931/14201/1972
f 936/14202/1963 932/14203/1973 3244/14204/1970 3248/14205/1974
f 933/14143/1958 3235/14142/1965 3245/14206/1975 929/14207/1968
f 934/14144/1959 930/14208/1969 3246/14209/1976 3236/14145/1966
f 931/14210/1972 3245/14211/1975 3235/14147/1965 935/14146/1962
f 932/14212/1973 936/14148/1963 3236/14149/1966 3246/14213/1976
f 933/14193/1958 3247/14192/894 3249/14214/1977 293/14215/626
f 934/14195/1959 294/14216/884 3250/14217/1978 3248/14196/1974
f 295/14218/307 3249/14219/1977 3247/14220/894 935/14221/1962
f 296/14222/630 936/14223/1963 3248/14224/1974 3250/14225/1978
f 293/14226/626 3249/14227/1977 3241/14228/634 289/14229/633
f 294/14230/884 290/14231/890 3242/14232/1971 3250/14233/1978
f 291/14185/320 3241/14184/634 3249/14234/1977 295/14235/307
f 292/14187/893 296/14236/630 3250/14237/1978 3242/14188/1971
f 285/14238/642 3251/14239/1638 3253/14240/899 925/14241/1979
f 286/14242/900 926/14243/1980 3254/14244/1981 3252/14245/1982
f 927/14246/1983 3253/14247/899 3251/14248/1638 287/14249/333
f 928/14250/1984 288/14251/903 3252/14252/1982 3254/14253/1981
f 925/14254/1979 3253/14255/899 3257/14256/1164 929/14257/1968
f 926/14258/1980 930/14259/1969 3258/14260/1985 3254/14261/1981
f 931/14262/1972 3257/14263/1164 3253/14264/899 927/14265/1983
f 932/14266/1973 928/14267/1984 3254/14268/1981 3258/14269/1985
f 929/14207/1968 3245/14206/1975 3255/14270/1986 925/14271/1979
f 930/14208/1969 926/14272/1980 3256/14273/1987 3246/14209/1976
f 927/14274/1983 3255/14270/1986 3245/14206/1975 931/14275/1972
f 928/14276/1984 932/14212/1973 3246/14213/1976 3256/14277/1987
f 929/14257/1968 3257/14256/1164 3259/14278/1988 289/14279/633
f 930/14259/1969 290/14280/890 3260/14281/1989 3258/14260/1985
f 291/14282/320 3259/14283/1988 3257/14284/1164 931/14285/1972
f 292/14286/893 932/14287/1973 3258/14288/1985 3260/14289/1989
f 289/14290/633 3259/14291/1988 3251/14292/1638 285/14293/642
f 290/14294/890 286/14295/900 3252/14296/1982 3260/14297/1989
f 287/14298/333 3251/14292/1638 3259/14291/1988 291/14299/320
f 288/14251/903 292/14300/893 3260/14301/1989 3252/14252/1982
f 281/14302/649 3261/14303/650 3263/14304/906 921/14305/1990
f 282/14306/907 922/14307/1991 3264/14308/1992 3262/14309/1993
f 923/14310/1994 3263/14311/906 3261/14312/650 283/14313/346
f 924/14314/1995 284/14315/653 3262/14316/1993 3264/14317/1992
f 921/14305/1990 3263/14304/906 3267/14318/1160 925/14319/1979
f 922/14307/1991 926/14320/1980 3268/14321/1996 3264/14308/1992
f 927/14322/1983 3267/14323/1160 3263/14324/906 923/14325/1994
f 928/14326/1984 924/14327/1995 3264/14328/1992 3268/14329/1996
f 925/14271/1979 3255/14270/1986 3265/14330/1997 921/14331/1990
f 926/14272/1980 922/14332/1991 3266/14333/1998 3256/14273/1987
f 923/14334/1994 3265/14335/1997 3255/14336/1986 927/14337/1983
f 924/14338/1995 928/14339/1984 3256/14340/1987 3266/14341/1998
f 925/14342/1979 3267/14343/1160 3269/14344/654 285/14345/642
f 926/14346/1980 286/14347/900 3270/14348/1999 3268/14349/1996
f 287/14350/333 3269/14351/654 3267/14352/1160 927/14353/1983
f 288/14354/903 928/14355/1984 3268/14356/1996 3270/14357/1999
f 285/14358/642 3269/14359/654 3261/14360/650 281/14361/649
f 286/14362/900 282/14363/907 3262/14364/1993 3270/14365/1999
f 283/14366/346 3261/14367/650 3269/14351/654 287/14350/333
f 284/14368/653 288/14354/903 3270/14357/1999 3262/14369/1993
f 277/14370/656 3271/14371/657 3273/14372/2000 917/14373/2001
f 278/14374/914 918/14375/2002 3274/14376/2003 3272/14377/2004
f 919/14378/2005 3273/14379/2000 3271/14380/657 279/14381/359
f 920/14382/2006 280/14383/917 3272/14384/2004 3274/14385/2003
f 917/14373/2001 3273/14372/2000 3277/14386/918 921/14387/1990
f 918/14375/2002 922/14388/1991 3278/14389/2007 3274/14376/2003
f 923/14390/1994 3277/14391/918 3273/14392/2000 919/14393/2005
f 924/14394/1995 920/14395/2006 3274/14396/2003 3278/14397/2007
f 921/14331/1990 3265/14330/1997 3275/14398/2008 917/14399/2001
f 922/14332/1991 918/14400/2002 3276/14401/2009 3266/14333/1998
f 919/14402/2005 3275/14403/2008 3265/14335/1997 923/14334/1994
f 920/14404/2006 924/14338/1995 3266/14341/1998 3276/14405/2009
f 921/14406/1990 3277/14407/918 3279/14408/667 281/14409/649
f 922/14410/1991 282/14411/907 3280/14412/1005 3278/14413/2007
f 283/14414/346 3279/14415/667 3277/14416/918 923/14417/1994
f 284/14418/653 924/14419/1995 3278/14420/2007 3280/14421/1005
f 281/14422/649 3279/14423/667 3271/14424/657 277/14425/656
f 282/14426/907 278/14427/914 3272/14428/2004 3280/14429/1005
f 279/14430/359 3271/14431/657 3279/14415/667 283/14414/346
f 280/14432/917 284/14418/653 3280/14421/1005 3272/14433/2004
f 273/14434/668 3281/14435/669 3283/14436/368 913/14437/2010
f 274/14438/923 914/14439/2011 3284/14440/2012 3282/14441/2013
f 915/14442/2014 3283/14443/368 3281/14444/669 275/14445/373
f 916/14446/2015 276/14447/926 3282/14448/2013 3284/14449/2012
f 913/14437/2010 3283/14436/368 3287/14450/1151 917/14451/2001
f 914/14439/2011 918/14452/2002 3288/14453/2016 3284/14440/2012
f 919/14454/2005 3287/14455/1151 3283/14456/368 915/14457/2014
f 920/14458/2006 916/14459/2015 3284/14460/2012 3288/14461/2016
f 917/14399/2001 3275/14398/2008 3285/14462/2017 913/14463/2010
f 918/14400/2002 914/14464/2011 3286/14465/2018 3276/14401/2009
f 915/14466/2014 3285/14467/2017 3275/14403/2008 919/14402/2005
f 916/14468/2015 920/14404/2006 3276/14405/2009 3286/14469/2018
f 917/14470/2001 3287/14471/1151 3289/14472/1676 277/14473/656
f 918/14474/2002 278/14475/914 3290/14476/2019 3288/14477/2016
f 279/14478/359 3289/14479/1676 3287/14480/1151 919/14481/2005
f 280/14482/917 920/14483/2006 3288/14484/2016 3290/14485/2019
f 277/14486/656 3289/14487/1676 3281/14488/669 273/14489/668
f 278/14490/914 274/14491/923 3282/14492/2013 3290/14493/2019
f 275/14494/373 3281/14495/669 3289/14479/1676 279/14478/359
f 276/14496/926 280/14482/917 3290/14485/2019 3282/14497/2013
f 269/14498/680 3291/14499/983 3293/14500/2020 909/14501/2021
f 270/14502/932 910/14503/2022 3294/14504/2023 3292/14505/2024
f 911/14506/2025 3293/14507/2020 3291/14508/983 271/14509/687
f 912/14510/2026 272/14511/935 3292/14512/2024 3294/14513/2023
f 909/14501/2021 3293/14500/2020 3297/14514/1687 913/14515/2010
f 910/14503/2022 914/14516/2011 3298/14517/2027 3294/14504/2023
f 915/14518/2014 3297/14519/1687 3293/14520/2020 911/14521/2025
f 916/14522/2015 912/14523/2026 3294/14524/2023 3298/14525/2027
f 913/14463/2010 3285/14462/2017 3295/14526/2028 909/14527/2021
f 914/14464/2011 910/14528/2022 3296/14529/2029 3286/14465/2018
f 911/14530/2025 3295/14531/2028 3285/14467/2017 915/14466/2014
f 912/14532/2026 916/14468/2015 3286/14469/2018 3296/14533/2029
f 913/14534/2010 3297/14535/1687 3299/14536/989 273/14537/668
f 914/14538/2011 274/14539/923 3300/14540/2030 3298/14541/2027
f 275/14542/373 3299/14543/989 3297/14544/1687 915/14545/2014
f 276/14546/926 916/14547/2015 3298/14548/2027 3300/14549/2030
f 273/14550/668 3299/14551/989 3291/14552/983 269/14553/680
f 274/14554/923 270/14555/932 3292/14556/2024 3300/14557/2030
f 271/14558/687 3291/14559/983 3299/14543/989 275/14542/373
f 272/14560/935 276/14546/926 3300/14549/2030 3292/14561/2024
f 265/14562/694 3301/14563/396 3303/14564/940 905/14565/2031
f 266/14566/941 906/14567/2032 3304/14568/2033 3302/14569/697
f 907/14570/2034 3303/14571/940 3301/14572/396 267/14573/402
f 908/14574/2035 268/14575/404 3302/14569/697 3304/14568/2033
f 905/14576/2031 3303/14577/940 3307/14578/1139 909/14501/2021
f 906/14579/2032 910/14503/2022 3308/14580/2036 3304/14581/2033
f 911/14582/2025 3307/14583/1139 3303/14584/940 907/14585/2034
f 912/14586/2026 908/14587/2035 3304/14588/2033 3308/14589/2036
f 909/14527/2021 3295/14526/2028 3305/14590/2037 905/14591/2031
f 910/14528/2022 906/14592/2032 3306/14593/2038 3296/14529/2029
f 907/14594/2034 3305/14595/2037 3295/14531/2028 911/14530/2025
f 908/14596/2035 912/14532/2026 3296/14533/2029 3306/14597/2038
f 909/14501/2021 3307/14578/1139 3309/14598/2039 269/14498/680
f 910/14503/2022 270/14502/932 3310/14599/2040 3308/14580/2036
f 271/14600/687 3309/14601/2039 3307/14602/1139 911/14603/2025
f 272/14604/935 912/14605/2026 3308/14606/2036 3310/14607/2040
f 269/14608/680 3309/14609/2039 3301/14610/396 265/14611/694
f 270/14612/932 266/14613/941 3302/14614/697 3310/14615/2040
f 267/14573/402 3301/14572/396 3309/14616/2039 271/14617/687
f 268/14618/404 272/14619/935 3310/14620/2040 3302/14621/697
f 261/14622/409 3311/14623/410 3313/14624/2041 901/14625/2042
f 262/14626/949 902/14627/2043 3314/14628/2044 3312/14629/2045
f 903/14630/2046 3313/14631/2041 3311/14632/410 263/14633/417
f 904/14634/2047 264/14635/952 3312/14636/2045 3314/14637/2044
f 901/14638/2042 3313/14639/2041 3317/14640/953 905/14641/2031
f 902/14642/2043 906/14643/2032 3318/14644/2048 3314/14645/2044
f 907/14646/2034 3317/14647/953 3313/14648/2041 903/14649/2046
f 908/14650/2035 904/14651/2047 3314/14652/2044 3318/14653/2048
f 905/14591/2031 3305/14590/2037 3315/14654/2049 901/14655/2042
f 906/14592/2032 902/14656/2043 3316/14657/2050 3306/14593/2038
f 903/14658/2046 3315/14659/2049 3305/14595/2037 907/14594/2034
f 904/14660/2047 908/14596/2035 3306/14597/2038 3316/14661/2050
f 905/14641/2031 3317/14640/953 3319/14662/421 265/14663/694
f 906/14643/2032 266/14664/941 3320/14665/2051 3318/14644/2048
f 267/14666/402 3319/14667/421 3317/14668/953 907/14669/2034
f 268/14670/404 908/14671/2035 3318/14672/2048 3320/14673/2051
f 265/14674/694 3319/14675/421 3311/14676/410 261/14677/409
f 266/14678/941 262/14679/949 3312/14680/2045 3320/14681/2051
f 263/14633/417 3311/14632/410 3319/14682/421 267/14683/402
f 264/14635/952 268/14684/404 3320/14685/2051 3312/14636/2045
f 257/14686/715 3321/14687/423 3323/14688/958 897/14689/1724
f 258/14690/716 898/14691/1725 3324/14692/2052 3322/14693/2053
f 899/14694/1727 3323/14695/958 3321/14696/423 259/14697/14
f 900/14698/1728 260/14699/718 3322/14700/2053 3324/14701/2052
f 897/14702/1724 3323/14703/958 3325/14704/961 901/14705/2042
f 898/14706/1725 902/14707/2043 3326/14708/2054 3324/14709/2052
f 903/14710/2046 3325/14711/961 3323/14712/958 899/14713/1727
f 904/14714/2047 900/14715/1728 3324/14716/2052 3326/14717/2054
f 901/14655/2042 3315/14654/2049 3015/12729/1729 897/12728/1724
f 902/14656/2043 898/12732/1725 3016/12735/1732 3316/14657/2050
f 899/14718/1727 3015/14719/1729 3315/14659/2049 903/14658/2046
f 900/12739/1728 904/14660/2047 3316/14661/2050 3016/12740/1732
f 901/14705/2042 3325/14704/961 3327/14720/429 261/14721/409
f 902/14707/2043 262/14722/949 3328/14723/975 3326/14708/2054
f 263/14724/417 3327/14725/429 3325/14726/961 903/14727/2046
f 264/14728/952 904/14729/2047 3326/14730/2054 3328/14731/975
f 261/14732/409 3327/14733/429 3321/14734/423 257/14735/715
f 262/14736/949 258/14737/716 3322/14738/2053 3328/14739/975
f 259/14697/14 3321/14696/423 3327/14740/429 263/14741/417
f 260/14699/718 264/14742/952 3328/14743/975 3322/14700/2053
f 3585/14744/2055 3330/14745/2056 3332/14746/2057 3586/14747/2058
f 3586/14747/2058 3332/14746/2057 3334/14748/2059 3587/14749/2060
f 3587/14749/2060 3334/14748/2059 3336/14750/2061 3588/14751/2062
f 3588/14751/2062 3336/14750/2061 3338/14752/2063 3589/14753/2064
f 3589/14753/2064 3338/14752/2063 3340/14754/2065 3590/14755/2066
f 3590/14755/2066 3340/14754/2065 3342/14756/2067 3591/14757/2068
f 3591/14757/2068 3342/14756/2067 3344/14758/2069 3592/14759/2070
f 3592/14760/2070 3344/14761/2069 3346/14762/2071 3593/14763/2072
f 3593/14763/2072 3346/14762/2071 3348/14764/2073 3594/14765/2074
f 3594/14765/2074 3348/14764/2073 3350/14766/2075 3595/14767/2076
f 3595/14767/2076 3350/14766/2075 3352/14768/2077 3596/14769/2078
f 3596/14769/2078 3352/14768/2077 3354/14770/2079 3597/14771/2080
f 3597/14771/2080 3354/14770/2079 3356/14772/2081 3598/14773/2082
f 3598/14773/2082 3356/14772/2081 3358/14774/2083 3599/14775/2084
f 3599/14775/2084 3358/14774/2083 3360/14776/2085 3600/14777/2086
f 3600/14778/2086 3360/14779/2085 3362/14780/2087 3601/14781/2088
f 3601/14781/2088 3362/14780/2087 3364/14782/2089 3602/14783/2090
f 3602/14783/2090 3364/14782/2089 3366/14784/2091 3603/14785/2092
f 3603/14785/2092 3366/14784/2091 3368/14786/2093 3604/14787/2094
f 3604/14787/2094 3368/14786/2093 3370/14788/2095 3605/14789/2096
f 3605/14789/2096 3370/14788/2095 3372/14790/2097 3606/14791/2098
f 3606/14791/2098 3372/14790/2097 3374/14792/2099 3607/14793/2100
f 3607/14793/2100 3374/14792/2099 3376/14794/2101 3608/14795/2102
f 3608/14796/2102 3376/14797/2101 3378/14798/2103 3609/14799/2104
f 3609/14799/2104 3378/14798/2103 3380/14800/2105 3610/14801/2106
f 3610/14801/2106 3380/14800/2105 3382/14802/2107 3611/14803/2108
f 3611/14803/2108 3382/14802/2107 3384/14804/2109 3612/14805/2110
f 3612/14805/2110 3384/14804/2109 3386/14806/2111 3613/14807/2112
f 3613/14807/2112 3386/14806/2111 3388/14808/2113 3614/14809/2114
f 3614/14809/2114 3388/14808/2113 3390/14810/2115 3615/14811/2116
f 3615/14811/2116 3390/14810/2115 3392/14812/2117 3616/14813/2118
f 3616/14814/2118 3392/14815/2117 3330/14745/2056 3585/14744/2055
f 3329/14816/2119 3331/14817/2120 3333/14818/2121 3335/14819/2122 3337/14820/2123 3339/14821/2124 3341/14822/2125 3343/14823/2126 3345/14824/2127 3347/14825/2128 3349/14826/2129 3351/14827/2130 3353/14828/2131 3355/14829/2132 3357/14830/2133 3359/14831/2134 3361/14832/2135 3363/14833/2136 3365/14834/2137 3367/14835/2138 3369/14836/2139 3371/14837/2140 3373/14838/2141 3375/14839/2142 3377/14840/2143 3379/14841/2144 3381/14842/2145 3383/14843/2146 3385/14844/2147 3387/14845/2148 3389/14846/2149 3391/14847/2150
f 3680/14848/2055 3456/14849/2056 3425/14850/2057 3649/14851/2058
f 3649/14851/2058 3425/14850/2057 3426/14852/2059 3650/14853/2060
f 3650/14853/2060 3426/14852/2059 3427/14854/2061 3651/14855/2062
f 3651/14855/2062 3427/14854/2061 3428/14856/2063 3652/14857/2064
f 3652/14857/2064 3428/14856/2063 3429/14858/2065 3653/14859/2066
f 3653/14859/2066 3429/14858/2065 3430/14860/2067 3654/14861/2068
f 3654/14861/2068 3430/14860/2067 3431/14862/2069 3655/14863/2151
f 3655/14864/2151 3431/14865/2069 3432/14866/2071 3656/14867/2152
f 3656/14867/2152 3432/14866/2071 3433/14868/2073 3657/14869/2153
f 3657/14869/2153 3433/14868/2073 3434/14870/2075 3658/14871/2154
f 3658/14871/2154 3434/14870/2075 3435/14872/2077 3659/14873/2078
f 3659/14873/2078 3435/14872/2077 3436/14874/2079 3660/14875/2155
f 3660/14875/2155 3436/14874/2079 3437/14876/2081 3661/14877/2082
f 3661/14877/2082 3437/14876/2081 3438/14878/2083 3662/14879/2084
f 3662/14879/2084 3438/14878/2083 3439/14880/2085 3663/14881/2086
f 3663/14882/2086 3439/14883/2085 3440/14884/2087 3664/14885/2088
f 3664/14885/2088 3440/14884/2087 3441/14886/2089 3665/14887/2090
f 3665/14887/2090 3441/14886/2089 3442/14888/2091 3666/14889/2092
f 3666/14889/2092 3442/14888/2091 3443/14890/2093 3667/14891/2094
f 3667/14891/2094 3443/14890/2093 3444/14892/2095 3668/14893/2156
f 3668/14893/2156 3444/14892/2095 3445/14894/2097 3669/14895/2157
f 3669/14895/2157 3445/14894/2097 3446/14896/2099 3670/14897/2100
f 3670/14897/2100 3446/14896/2099 3447/14898/2101 3671/14899/2158
f 3671/14900/2158 3447/14901/2101 3448/14902/2103 3672/14903/2159
f 3672/14903/2159 3448/14902/2103 3449/14904/2105 3673/14905/2160
f 3673/14905/2160 3449/14904/2105 3450/14906/2107 3674/14907/2161
f 3674/14907/2161 3450/14906/2107 3451/14908/2109 3675/14909/2110
f 3675/14909/2110 3451/14908/2109 3452/14910/2111 3676/14911/2162
f 3676/14911/2162 3452/14910/2111 3453/14912/2113 3677/14913/2163
f 3677/14913/2163 3453/14912/2113 3454/14914/2115 3678/14915/2164
f 3678/14915/2164 3454/14914/2115 3455/14916/2117 3679/14917/2118
f 3679/14918/2118 3455/14919/2117 3456/14849/2056 3680/14848/2055
f 3809/14920/2165 3810/14921/2166 3460/14922/2167 3458/14923/2168
f 3810/14921/2166 3811/14924/2169 3462/14925/2170 3460/14922/2167
f 3811/14924/2169 3812/14926/2171 3464/14927/2172 3462/14925/2170
f 3812/14926/2171 3813/14928/2173 3466/14929/2174 3464/14927/2172
f 3813/14928/2173 3814/14930/2175 3468/14931/2176 3466/14929/2174
f 3814/14930/2175 3815/14932/2177 3470/14933/2178 3468/14931/2176
f 3815/14932/2177 3816/14934/2179 3472/14935/2180 3470/14933/2178
f 3816/14936/2179 3817/14937/2181 3474/14938/2182 3472/14939/2180
f 3817/14937/2181 3818/14940/2183 3476/14941/2184 3474/14938/2182
f 3818/14940/2183 3819/14942/2185 3478/14943/2186 3476/14941/2184
f 3819/14942/2185 3820/14944/2187 3480/14945/2188 3478/14943/2186
f 3820/14944/2187 3821/14946/2189 3482/14947/2190 3480/14945/2188
f 3821/14946/2189 3822/14948/2191 3484/14949/2192 3482/14947/2190
f 3822/14948/2191 3823/14950/2193 3486/14951/2194 3484/14949/2192
f 3823/14950/2193 3824/14952/2195 3488/14953/2196 3486/14951/2194
f 3824/14954/2195 3825/14955/2197 3490/14956/2198 3488/14957/2196
f 3825/14955/2197 3826/14958/2199 3492/14959/2200 3490/14956/2198
f 3826/14958/2199 3827/14960/2201 3494/14961/2202 3492/14959/2200
f 3827/14960/2201 3828/14962/2203 3496/14963/2204 3494/14961/2202
f 3828/14962/2203 3829/14964/2205 3498/14965/2206 3496/14963/2204
f 3829/14964/2205 3830/14966/2207 3500/14967/2208 3498/14965/2206
f 3830/14966/2207 3831/14968/2209 3502/14969/2210 3500/14967/2208
f 3831/14968/2209 3832/14970/2211 3504/14971/2212 3502/14969/2210
f 3832/14972/2211 3833/14973/2213 3506/14974/2214 3504/14975/2212
f 3833/14973/2213 3834/14976/2215 3508/14977/2216 3506/14974/2214
f 3834/14976/2215 3835/14978/2217 3510/14979/2218 3508/14977/2216
f 3835/14978/2217 3836/14980/2219 3512/14981/2220 3510/14979/2218
f 3836/14980/2219 3837/14982/2221 3514/14983/2222 3512/14981/2220
f 3837/14982/2221 3838/14984/2223 3516/14985/2224 3514/14983/2222
f 3838/14984/2223 3839/14986/2225 3518/14987/2226 3516/14985/2224
f 3839/14986/2225 3840/14988/2227 3520/14989/2228 3518/14987/2226
f 3840/14990/2227 3809/14920/2165 3458/14923/2168 3520/14991/2228
f 3457/14992/2229 3519/14993/2230 3517/14994/2231 3515/14995/2232 3513/14996/2233 3511/14997/2234 3509/14998/2235 3507/14999/2236 3505/15000/2237 3503/15001/2238 3501/15002/2239 3499/15003/2240 3497/15004/2241 3495/15005/2242 3493/15006/2243 3491/15007/2244 3489/15008/2245 3487/15009/2246 3485/15010/2247 3483/15011/2248 3481/15012/2249 3479/15013/2250 3477/15014/2251 3475/15015/2252 3473/15016/2253 3471/15017/2254 3469/15018/2255 3467/15019/2256 3465/15020/2257 3463/15021/2258 3461/15022/2259 3459/15023/2260
f 3745/15024/2261 3746/15025/2262 3553/15026/2263 3584/15027/2264
f 3746/15025/2262 3747/15028/2265 3554/15029/2266 3553/15026/2263
f 3747/15028/2265 3748/15030/2267 3555/15031/2268 3554/15029/2266
f 3748/15030/2267 3749/15032/2269 3556/15033/2270 3555/15031/2268
f 3749/15032/2269 3750/15034/2271 3557/15035/2272 3556/15033/2270
f 3750/15034/2271 3751/15036/2273 3558/15037/2274 3557/15035/2272
f 3751/15036/2273 3752/15038/2275 3559/15039/2276 3558/15037/2274
f 3752/15040/2275 3753/15041/2277 3560/15042/2278 3559/15043/2276
f 3753/15041/2277 3754/15044/2279 3561/15045/2280 3560/15042/2278
f 3754/15044/2279 3755/15046/2281 3562/15047/2282 3561/15045/2280
f 3755/15046/2281 3756/15048/2283 3563/15049/2284 3562/15047/2282
f 3756/15048/2283 3757/15050/2285 3564/15051/2286 3563/15049/2284
f 3757/15050/2285 3758/15052/2287 3565/15053/2288 3564/15051/2286
f 3758/15052/2287 3759/15054/2289 3566/15055/2290 3565/15053/2288
f 3759/15054/2289 3760/15056/2291 3567/15057/2292 3566/15055/2290
f 3760/15058/2291 3761/15059/2293 3568/15060/2294 3567/15061/2292
f 3761/15059/2293 3762/15062/2295 3569/15063/2296 3568/15060/2294
f 3762/15062/2295 3763/15064/2297 3570/15065/2298 3569/15063/2296
f 3763/15064/2297 3764/15066/2299 3571/15067/2300 3570/15065/2298
f 3764/15066/2299 3765/15068/2301 3572/15069/2302 3571/15067/2300
f 3765/15068/2301 3766/15070/2303 3573/15071/2304 3572/15069/2302
f 3766/15070/2303 3767/15072/2305 3574/15073/2306 3573/15071/2304
f 3767/15072/2305 3768/15074/2307 3575/15075/2308 3574/15073/2306
f 3768/15076/2307 3769/15077/2309 3576/15078/2310 3575/15079/2308
f 3769/15077/2309 3770/15080/2311 3577/15081/2312 3576/15078/2310
f 3770/15080/2311 3771/15082/2313 3578/15083/2314 3577/15081/2312
f 3771/15082/2313 3772/15084/2315 3579/15085/2316 3578/15083/2314
f 3772/15084/2315 3773/15086/2317 3580/15087/2318 3579/15085/2316
f 3773/15086/2317 3774/15088/2319 3581/15089/2320 3580/15087/2318
f 3774/15088/2319 3775/15090/2321 3582/15091/2322 3581/15089/2320
f 3775/15090/2321 3776/15092/2323 3583/15093/2324 3582/15091/2322
f 3776/15094/2323 3745/15024/2261 3584/15027/2264 3583/15095/2324
f 3332/15096/2057 3330/15097/2056 3458/15098/2168 3460/15099/2167
f 3334/15100/2059 3332/15096/2057 3460/15099/2167 3462/15101/2170
f 3336/15102/2061 3334/15100/2059 3462/15101/2170 3464/15103/2172
f 3338/15104/2063 3336/15102/2061 3464/15103/2172 3466/15105/2174
f 3340/15106/2065 3338/15104/2063 3466/15105/2174 3468/15107/2176
f 3342/15108/2067 3340/15106/2065 3468/15107/2176 3470/15109/2178
f 3344/15110/2069 3342/15108/2067 3470/15109/2178 3472/15111/2180
f 3346/15112/2071 3344/15110/2069 3472/15111/2180 3474/15113/2182
f 3348/15114/2073 3346/15112/2071 3474/15113/2182 3476/15115/2184
f 3350/15116/2075 3348/15114/2073 3476/15115/2184 3478/15117/2186
f 3352/15118/2077 3350/15116/2075 3478/15117/2186 3480/15119/2188
f 3354/15120/2079 3352/15118/2077 3480/15119/2188 3482/15121/2190
f 3356/15122/2081 3354/15120/2079 3482/15121/2190 3484/15123/2192
f 3358/15124/2083 3356/15122/2081 3484/15123/2192 3486/15125/2194
f 3360/15126/2085 3358/15124/2083 3486/15125/2194 3488/15127/2196
f 3362/15128/2087 3360/15126/2085 3488/15127/2196 3490/15129/2198
f 3364/15130/2089 3362/15128/2087 3490/15129/2198 3492/15131/2200
f 3366/15132/2091 3364/15130/2089 3492/15131/2200 3494/15133/2202
f 3368/15134/2093 3366/15132/2091 3494/15133/2202 3496/15135/2204
f 3370/15136/2095 3368/15134/2093 3496/15135/2204 3498/15137/2206
f 3372/15138/2097 3370/15136/2095 3498/15137/2206 3500/15139/2208
f 3374/15140/2099 3372/15138/2097 3500/15139/2208 3502/15141/2210
f 3376/15142/2101 3374/15140/2099 3502/15141/2210 3504/15143/2212
f 3378/15144/2103 3376/15142/2101 3504/15143/2212 3506/15145/2214
f 3380/15146/2105 3378/15144/2103 3506/15145/2214 3508/15147/2216
f 3382/15148/2107 3380/15146/2105 3508/15147/2216 3510/15149/2218
f 3384/15150/2109 3382/15148/2107 3510/15149/2218 3512/15151/2220
f 3386/15152/2111 3384/15150/2109 3512/15151/2220 3514/15153/2222
f 3388/15154/2113 3386/15152/2111 3514/15153/2222 3516/15155/2224
f 3390/15156/2115 3388/15154/2113 3516/15155/2224 3518/15157/2226
f 3392/15158/2117 3390/15156/2115 3518/15157/2226 3520/15159/2228
f 3330/15097/2056 3392/15158/2117 3520/15159/2228 3458/15098/2168
f 3424/15160/2325 3393/15161/2326 3521/15162/2327 3552/15163/2328
f 3423/15164/2329 3424/15160/2325 3552/15163/2328 3551/15165/2330
f 3422/15166/2331 3423/15164/2329 3551/15165/2330 3550/15167/2332
f 3421/15168/2333 3422/15166/2331 3550/15167/2332 3549/15169/2334
f 3420/15170/2335 3421/15168/2333 3549/15169/2334 3548/15171/2336
f 3419/15172/2337 3420/15170/2335 3548/15171/2336 3547/15173/2338
f 3418/15174/2339 3419/15172/2337 3547/15173/2338 3546/15175/2340
f 3417/15176/2341 3418/15174/2339 3546/15175/2340 3545/15177/2342
f 3416/15178/2343 3417/15176/2341 3545/15177/2342 3544/15179/2344
f 3415/15180/2345 3416/15178/2343 3544/15179/2344 3543/15181/2346
f 3414/15182/2347 3415/15180/2345 3543/15181/2346 3542/15183/2348
f 3413/15184/2349 3414/15182/2347 3542/15183/2348 3541/15185/2350
f 3412/15186/2351 3413/15184/2349 3541/15185/2350 3540/15187/2352
f 3411/15188/2353 3412/15186/2351 3540/15187/2352 3539/15189/2354
f 3410/15190/2355 3411/15188/2353 3539/15189/2354 3538/15191/2356
f 3409/15192/2357 3410/15190/2355 3538/15191/2356 3537/15193/2358
f 3408/15194/2359 3409/15192/2357 3537/15193/2358 3536/15195/2360
f 3407/15196/2361 3408/15194/2359 3536/15195/2360 3535/15197/2362
f 3406/15198/2363 3407/15196/2361 3535/15197/2362 3534/15199/2364
f 3405/15200/2365 3406/15198/2363 3534/15199/2364 3533/15201/2366
f 3404/15202/2367 3405/15200/2365 3533/15201/2366 3532/15203/2368
f 3403/15204/2369 3404/15202/2367 3532/15203/2368 3531/15205/2370
f 3402/15206/2371 3403/15204/2369 3531/15205/2370 3530/15207/2372
f 3401/15208/2373 3402/15206/2371 3530/15207/2372 3529/15209/2374
f 3400/15210/2375 3401/15208/2373 3529/15209/2374 3528/15211/2376
f 3399/15212/2377 3400/15210/2375 3528/15211/2376 3527/15213/2378
f 3398/15214/2379 3399/15212/2377 3527/15213/2378 3526/15215/2380
f 3397/15216/2381 3398/15214/2379 3526/15215/2380 3525/15217/2382
f 3396/15218/2383 3397/15216/2381 3525/15217/2382 3524/15219/2384
f 3395/15220/2385 3396/15218/2383 3524/15219/2384 3523/15221/2386
f 3394/15222/2387 3395/15220/2385 3523/15221/2386 3522/15223/2388
f 3393/15161/2326 3394/15222/2387 3522/15223/2388 3521/15162/2327
f 3425/15224/2057 3456/15225/2056 3584/15226/2264 3553/15227/2263
f 3426/15228/2059 3425/15224/2057 3553/15227/2263 3554/15229/2266
f 3427/15230/2061 3426/15228/2059 3554/15229/2266 3555/15231/2268
f 3428/15232/2063 3427/15230/2061 3555/15231/2268 3556/15233/2270
f 3429/15234/2065 3428/15232/2063 3556/15233/2270 3557/15235/2272
f 3430/15236/2067 3429/15234/2065 3557/15235/2272 3558/15237/2274
f 3431/15238/2069 3430/15236/2067 3558/15237/2274 3559/15239/2276
f 3432/15240/2071 3431/15238/2069 3559/15239/2276 3560/15241/2278
f 3433/15242/2073 3432/15240/2071 3560/15241/2278 3561/15243/2280
f 3434/15244/2075 3433/15242/2073 3561/15243/2280 3562/15245/2282
f 3435/15246/2077 3434/15244/2075 3562/15245/2282 3563/15247/2284
f 3436/15248/2079 3435/15246/2077 3563/15247/2284 3564/15249/2286
f 3437/15250/2081 3436/15248/2079 3564/15249/2286 3565/15251/2288
f 3438/15252/2083 3437/15250/2081 3565/15251/2288 3566/15253/2290
f 3439/15254/2085 3438/15252/2083 3566/15253/2290 3567/15255/2292
f 3440/15256/2087 3439/15254/2085 3567/15255/2292 3568/15257/2294
f 3441/15258/2089 3440/15256/2087 3568/15257/2294 3569/15259/2296
f 3442/15260/2091 3441/15258/2089 3569/15259/2296 3570/15261/2298
f 3443/15262/2093 3442/15260/2091 3570/15261/2298 3571/15263/2300
f 3444/15264/2095 3443/15262/2093 3571/15263/2300 3572/15265/2302
f 3445/15266/2097 3444/15264/2095 3572/15265/2302 3573/15267/2304
f 3446/15268/2099 3445/15266/2097 3573/15267/2304 3574/15269/2306
f 3447/15270/2101 3446/15268/2099 3574/15269/2306 3575/15271/2308
f 3448/15272/2103 3447/15270/2101 3575/15271/2308 3576/15273/2310
f 3449/15274/2105 3448/15272/2103 3576/15273/2310 3577/15275/2312
f 3450/15276/2107 3449/15274/2105 3577/15275/2312 3578/15277/2314
f 3451/15278/2109 3450/15276/2107 3578/15277/2314 3579/15279/2316
f 3452/15280/2111 3451/15278/2109 3579/15279/2316 3580/15281/2318
f 3453/15282/2113 3452/15280/2111 3580/15281/2318 3581/15283/2320
f 3454/15284/2115 3453/15282/2113 3581/15283/2320 3582/15285/2322
f 3455/15286/2117 3454/15284/2115 3582/15285/2322 3583/15287/2324
f 3456/15225/2056 3455/15286/2117 3583/15287/2324 3584/15226/2264
f 3647/15288/2118 3616/14814/2118 3585/14744/2055 3648/15289/2055
f 3646/15290/2116 3615/14811/2116 3616/14813/2118 3647/15291/2118
f 3645/15292/2163 3614/14809/2114 3615/14811/2116 3646/15290/2116
f 3644/15293/2162 3613/14807/2112 3614/14809/2114 3645/15292/2163
f 3643/15294/2110 3612/14805/2110 3613/14807/2112 3644/15293/2162
f 3642/15295/2161 3611/14803/2108 3612/14805/2110 3643/15294/2110
f 3641/15296/2160 3610/14801/2106 3611/14803/2108 3642/15295/2161
f 3640/15297/2159 3609/14799/2104 3610/14801/2106 3641/15296/2160
f 3639/15298/2158 3608/14796/2102 3609/14799/2104 3640/15297/2159
f 3638/15299/2100 3607/14793/2100 3608/14795/2102 3639/15300/2158
f 3637/15301/2157 3606/14791/2098 3607/14793/2100 3638/15299/2100
f 3636/15302/2389 3605/14789/2096 3606/14791/2098 3637/15301/2157
f 3635/15303/2390 3604/14787/2094 3605/14789/2096 3636/15302/2389
f 3634/15304/2391 3603/14785/2092 3604/14787/2094 3635/15303/2390
f 3633/15305/2090 3602/14783/2090 3603/14785/2092 3634/15304/2391
f 3632/15306/2088 3601/14781/2088 3602/14783/2090 3633/15305/2090
f 3631/15307/2086 3600/14778/2086 3601/14781/2088 3632/15306/2088
f 3630/15308/2084 3599/14775/2084 3600/14777/2086 3631/15309/2086
f 3629/15310/2082 3598/14773/2082 3599/14775/2084 3630/15308/2084
f 3628/15311/2155 3597/14771/2080 3598/14773/2082 3629/15310/2082
f 3627/15312/2392 3596/14769/2078 3597/14771/2080 3628/15311/2155
f 3626/15313/2154 3595/14767/2076 3596/14769/2078 3627/15312/2392
f 3625/15314/2153 3594/14765/2074 3595/14767/2076 3626/15313/2154
f 3624/15315/2152 3593/14763/2072 3594/14765/2074 3625/15314/2153
f 3623/15316/2151 3592/14760/2070 3593/14763/2072 3624/15315/2152
f 3622/15317/2068 3591/14757/2068 3592/14759/2070 3623/15318/2151
f 3621/15319/2066 3590/14755/2066 3591/14757/2068 3622/15317/2068
f 3620/15320/2064 3589/14753/2064 3590/14755/2066 3621/15319/2066
f 3619/15321/2062 3588/14751/2062 3589/14753/2064 3620/15320/2064
f 3618/15322/2060 3587/14749/2060 3588/14751/2062 3619/15321/2062
f 3617/15323/2058 3586/14747/2058 3587/14749/2060 3618/15322/2060
f 3648/15289/2055 3585/14744/2055 3586/14747/2058 3617/15323/2058
f 3393/15324/2326 3648/15289/2055 3617/15323/2058 3394/15325/2387
f 3394/15325/2387 3617/15323/2058 3618/15322/2060 3395/15326/2385
f 3395/15326/2385 3618/15322/2060 3619/15321/2062 3396/15327/2383
f 3396/15327/2383 3619/15321/2062 3620/15320/2064 3397/15328/2381
f 3397/15328/2381 3620/15320/2064 3621/15319/2066 3398/15329/2379
f 3398/15329/2379 3621/15319/2066 3622/15317/2068 3399/15330/2377
f 3399/15330/2377 3622/15317/2068 3623/15318/2151 3400/15331/2375
f 3400/15332/2375 3623/15316/2151 3624/15315/2152 3401/15333/2373
f 3401/15333/2373 3624/15315/2152 3625/15314/2153 3402/15334/2371
f 3402/15334/2371 3625/15314/2153 3626/15313/2154 3403/15335/2369
f 3403/15335/2369 3626/15313/2154 3627/15312/2392 3404/15336/2367
f 3404/15336/2367 3627/15312/2392 3628/15311/2155 3405/15337/2365
f 3405/15337/2365 3628/15311/2155 3629/15310/2082 3406/15338/2363
f 3406/15338/2363 3629/15310/2082 3630/15308/2084 3407/15339/2361
f 3407/15339/2361 3630/15308/2084 3631/15309/2086 3408/15340/2359
f 3408/15341/2359 3631/15307/2086 3632/15306/2088 3409/15342/2357
f 3409/15342/2357 3632/15306/2088 3633/15305/2090 3410/15343/2355
f 3410/15343/2355 3633/15305/2090 3634/15304/2391 3411/15344/2353
f 3411/15344/2353 3634/15304/2391 3635/15303/2390 3412/15345/2351
f 3412/15345/2351 3635/15303/2390 3636/15302/2389 3413/15346/2349
f 3413/15346/2349 3636/15302/2389 3637/15301/2157 3414/15347/2347
f 3414/15347/2347 3637/15301/2157 3638/15299/2100 3415/15348/2345
f 3415/15348/2345 3638/15299/2100 3639/15300/2158 3416/15349/2343
f 3416/15350/2343 3639/15298/2158 3640/15297/2159 3417/15351/2341
f 3417/15351/2341 3640/15297/2159 3641/15296/2160 3418/15352/2339
f 3418/15352/2339 3641/15296/2160 3642/15295/2161 3419/15353/2337
f 3419/15353/2337 3642/15295/2161 3643/15294/2110 3420/15354/2335
f 3420/15354/2335 3643/15294/2110 3644/15293/2162 3421/15355/2333
f 3421/15355/2333 3644/15293/2162 3645/15292/2163 3422/15356/2331
f 3422/15356/2331 3645/15292/2163 3646/15290/2116 3423/15357/2329
f 3423/15357/2329 3646/15290/2116 3647/15291/2118 3424/15358/2325
f 3424/15359/2325 3647/15288/2118 3648/15289/2055 3393/15324/2326
f 3711/15360/2393 3679/14918/2118 3680/14848/2055 3712/15361/2394
f 3710/15362/2116 3678/14915/2164 3679/14917/2118 3711/15363/2393
f 3709/15364/2114 3677/14913/2163 3678/14915/2164 3710/15362/2116
f 3708/15365/2395 3676/14911/2162 3677/14913/2163 3709/15364/2114
f 3707/15366/2396 3675/14909/2110 3676/14911/2162 3708/15365/2395
f 3706/15367/2161 3674/14907/2161 3675/14909/2110 3707/15366/2396
f 3705/15368/2106 3673/14905/2160 3674/14907/2161 3706/15367/2161
f 3704/15369/2104 3672/14903/2159 3673/14905/2160 3705/15368/2106
f 3703/15370/2102 3671/14900/2158 3672/14903/2159 3704/15369/2104
f 3702/15371/2100 3670/14897/2100 3671/14899/2158 3703/15372/2102
f 3701/15373/2098 3669/14895/2157 3670/14897/2100 3702/15371/2100
f 3700/15374/2397 3668/14893/2156 3669/14895/2157 3701/15373/2098
f 3699/15375/2094 3667/14891/2094 3668/14893/2156 3700/15374/2397
f 3698/15376/2391 3666/14889/2092 3667/14891/2094 3699/15375/2094
f 3697/15377/2398 3665/14887/2090 3666/14889/2092 3698/15376/2391
f 3696/15378/2399 3664/14885/2088 3665/14887/2090 3697/15377/2398
f 3695/15379/2400 3663/14882/2086 3664/14885/2088 3696/15378/2399
f 3694/15380/2401 3662/14879/2084 3663/14881/2086 3695/15381/2400
f 3693/15382/2082 3661/14877/2082 3662/14879/2084 3694/15380/2401
f 3692/15383/2155 3660/14875/2155 3661/14877/2082 3693/15382/2082
f 3691/15384/2078 3659/14873/2078 3660/14875/2155 3692/15383/2155
f 3690/15385/2154 3658/14871/2154 3659/14873/2078 3691/15384/2078
f 3689/15386/2074 3657/14869/2153 3658/14871/2154 3690/15385/2154
f 3688/15387/2072 3656/14867/2152 3657/14869/2153 3689/15386/2074
f 3687/15388/2070 3655/14864/2151 3656/14867/2152 3688/15387/2072
f 3686/15389/2402 3654/14861/2068 3655/14863/2151 3687/15390/2070
f 3685/15391/2403 3653/14859/2066 3654/14861/2068 3686/15389/2402
f 3684/15392/2064 3652/14857/2064 3653/14859/2066 3685/15391/2403
f 3683/15393/2404 3651/14855/2062 3652/14857/2064 3684/15392/2064
f 3682/15394/2405 3650/14853/2060 3651/14855/2062 3683/15393/2404
f 3681/15395/2406 3649/14851/2058 3650/14853/2060 3682/15394/2405
f 3712/15361/2394 3680/14848/2055 3649/14851/2058 3681/15395/2406
f 3329/15396/2119 3712/15361/2394 3681/15395/2406 3331/15397/2120
f 3331/15397/2120 3681/15395/2406 3682/15394/2405 3333/15398/2121
f 3333/15398/2121 3682/15394/2405 3683/15393/2404 3335/15399/2122
f 3335/15399/2122 3683/15393/2404 3684/15392/2064 3337/15400/2123
f 3337/15400/2123 3684/15392/2064 3685/15391/2403 3339/15401/2124
f 3339/15401/2124 3685/15391/2403 3686/15389/2402 3341/15402/2125
f 3341/15402/2125 3686/15389/2402 3687/15390/2070 3343/15403/2126
f 3343/15404/2126 3687/15388/2070 3688/15387/2072 3345/15405/2127
f 3345/15405/2127 3688/15387/2072 3689/15386/2074 3347/15406/2128
f 3347/15406/2128 3689/15386/2074 3690/15385/2154 3349/15407/2129
f 3349/15407/2129 3690/15385/2154 3691/15384/2078 3351/15408/2130
f 3351/15408/2130 3691/15384/2078 3692/15383/2155 3353/15409/2131
f 3353/15409/2131 3692/15383/2155 3693/15382/2082 3355/15410/2132
f 3355/15410/2132 3693/15382/2082 3694/15380/2401 3357/15411/2133
f 3357/15411/2133 3694/15380/2401 3695/15381/2400 3359/15412/2134
f 3359/15413/2134 3695/15379/2400 3696/15378/2399 3361/15414/2135
f 3361/15414/2135 3696/15378/2399 3697/15377/2398 3363/15415/2136
f 3363/15415/2136 3697/15377/2398 3698/15376/2391 3365/15416/2137
f 3365/15416/2137 3698/15376/2391 3699/15375/2094 3367/15417/2138
f 3367/15417/2138 3699/15375/2094 3700/15374/2397 3369/15418/2139
f 3369/15418/2139 3700/15374/2397 3701/15373/2098 3371/15419/2140
f 3371/15419/2140 3701/15373/2098 3702/15371/2100 3373/15420/2141
f 3373/15420/2141 3702/15371/2100 3703/15372/2102 3375/15421/2142
f 3375/15422/2142 3703/15370/2102 3704/15369/2104 3377/15423/2143
f 3377/15423/2143 3704/15369/2104 3705/15368/2106 3379/15424/2144
f 3379/15424/2144 3705/15368/2106 3706/15367/2161 3381/15425/2145
f 3381/15425/2145 3706/15367/2161 3707/15366/2396 3383/15426/2146
f 3383/15426/2146 3707/15366/2396 3708/15365/2395 3385/15427/2147
f 3385/15427/2147 3708/15365/2395 3709/15364/2114 3387/15428/2148
f 3387/15428/2148 3709/15364/2114 3710/15362/2116 3389/15429/2149
f 3389/15429/2149 3710/15362/2116 3711/15363/2393 3391/15430/2150
f 3391/15431/2150 3711/15360/2393 3712/15361/2394 3329/15396/2119
f 3519/15432/2230 3457/15433/2229 3744/15434/2261 3743/15435/2323
f 3517/15436/2231 3519/15437/2230 3743/15438/2323 3742/15439/2321
f 3515/15440/2232 3517/15436/2231 3742/15439/2321 3741/15441/2319
f 3513/15442/2233 3515/15440/2232 3741/15441/2319 3740/15443/2317
f 3511/15444/2234 3513/15442/2233 3740/15443/2317 3739/15445/2315
f 3509/15446/2235 3511/15444/2234 3739/15445/2315 3738/15447/2313
f 3507/15448/2236 3509/15446/2235 3738/15447/2313 3737/15449/2311
f 3505/15450/2237 3507/15448/2236 3737/15449/2311 3736/15451/2309
f 3503/15452/2238 3505/15450/2237 3736/15451/2309 3735/15453/2307
f 3501/15454/2239 3503/15455/2238 3735/15456/2307 3734/15457/2305
f 3499/15458/2240 3501/15454/2239 3734/15457/2305 3733/15459/2303
f 3497/15460/2241 3499/15458/2240 3733/15459/2303 3732/15461/2301
f 3495/15462/2242 3497/15460/2241 3732/15461/2301 3731/15463/2299
f 3493/15464/2243 3495/15462/2242 3731/15463/2299 3730/15465/2297
f 3491/15466/2244 3493/15464/2243 3730/15465/2297 3729/15467/2295
f 3489/15468/2245 3491/15466/2244 3729/15467/2295 3728/15469/2293
f 3487/15470/2246 3489/15468/2245 3728/15469/2293 3727/15471/2291
f 3485/15472/2247 3487/15473/2246 3727/15474/2291 3726/15475/2289
f 3483/15476/2248 3485/15472/2247 3726/15475/2289 3725/15477/2287
f 3481/15478/2249 3483/15476/2248 3725/15477/2287 3724/15479/2285
f 3479/15480/2250 3481/15478/2249 3724/15479/2285 3723/15481/2283
f 3477/15482/2251 3479/15480/2250 3723/15481/2283 3722/15483/2281
f 3475/15484/2252 3477/15482/2251 3722/15483/2281 3721/15485/2279
f 3473/15486/2253 3475/15484/2252 3721/15485/2279 3720/15487/2277
f 3471/15488/2254 3473/15486/2253 3720/15487/2277 3719/15489/2275
f 3469/15490/2255 3471/15491/2254 3719/15492/2275 3718/15493/2273
f 3467/15494/2256 3469/15490/2255 3718/15493/2273 3717/15495/2271
f 3465/15496/2257 3467/15494/2256 3717/15495/2271 3716/15497/2269
f 3463/15498/2258 3465/15496/2257 3716/15497/2269 3715/15499/2267
f 3461/15500/2259 3463/15498/2258 3715/15499/2267 3714/15501/2265
f 3459/15502/2260 3461/15500/2259 3714/15501/2265 3713/15503/2262
f 3457/15433/2229 3459/15502/2260 3713/15503/2262 3744/15434/2261
f 3743/15435/2323 3744/15434/2261 3745/15024/2261 3776/15094/2323
f 3742/15439/2321 3743/15438/2323 3776/15092/2323 3775/15090/2321
f 3741/15441/2319 3742/15439/2321 3775/15090/2321 3774/15088/2319
f 3740/15443/2317 3741/15441/2319 3774/15088/2319 3773/15086/2317
f 3739/15445/2315 3740/15443/2317 3773/15086/2317 3772/15084/2315
f 3738/15447/2313 3739/15445/2315 3772/15084/2315 3771/15082/2313
f 3737/15449/2311 3738/15447/2313 3771/15082/2313 3770/15080/2311
f 3736/15451/2309 3737/15449/2311 3770/15080/2311 3769/15077/2309
f 3735/15453/2307 3736/15451/2309 3769/15077/2309 3768/15076/2307
f 3734/15457/2305 3735/15456/2307 3768/15074/2307 3767/15072/2305
f 3733/15459/2303 3734/15457/2305 3767/15072/2305 3766/15070/2303
f 3732/15461/2301 3733/15459/2303 3766/15070/2303 3765/15068/2301
f 3731/15463/2299 3732/15461/2301 3765/15068/2301 3764/15066/2299
f 3730/15465/2297 3731/15463/2299 3764/15066/2299 3763/15064/2297
f 3729/15467/2295 3730/15465/2297 3763/15064/2297 3762/15062/2295
f 3728/15469/2293 3729/15467/2295 3762/15062/2295 3761/15059/2293
f 3727/15471/2291 3728/15469/2293 3761/15059/2293 3760/15058/2291
f 3726/15475/2289 3727/15474/2291 3760/15056/2291 3759/15054/2289
f 3725/15477/2287 3726/15475/2289 3759/15054/2289 3758/15052/2287
f 3724/15479/2285 3725/15477/2287 3758/15052/2287 3757/15050/2285
f 3723/15481/2283 3724/15479/2285 3757/15050/2285 3756/15048/2283
f 3722/15483/2281 3723/15481/2283 3756/15048/2283 3755/15046/2281
f 3721/15485/2279 3722/15483/2281 3755/15046/2281 3754/15044/2279
f 3720/15487/2277 3721/15485/2279 3754/15044/2279 3753/15041/2277
f 3719/15489/2275 3720/15487/2277 3753/15041/2277 3752/15040/2275
f 3718/15493/2273 3719/15492/2275 3752/15038/2275 3751/15036/2273
f 3717/15495/2271 3718/15493/2273 3751/15036/2273 3750/15034/2271
f 3716/15497/2269 3717/15495/2271 3750/15034/2271 3749/15032/2269
f 3715/15499/2267 3716/15497/2269 3749/15032/2269 3748/15030/2267
f 3714/15501/2265 3715/15499/2267 3748/15030/2267 3747/15028/2265
f 3713/15503/2262 3714/15501/2265 3747/15028/2265 3746/15025/2262
f 3744/15434/2261 3713/15503/2262 3746/15025/2262 3745/15024/2261
f 3552/15504/2328 3521/15505/2327 3777/15506/2407 3808/15507/2408
f 3551/15508/2330 3552/15509/2328 3808/15510/2408 3807/15511/2225
f 3550/15512/2332 3551/15508/2330 3807/15511/2225 3806/15513/2223
f 3549/15514/2334 3550/15512/2332 3806/15513/2223 3805/15515/2409
f 3548/15516/2336 3549/15514/2334 3805/15515/2409 3804/15517/2219
f 3547/15518/2338 3548/15516/2336 3804/15517/2219 3803/15519/2217
f 3546/15520/2340 3547/15518/2338 3803/15519/2217 3802/15521/2410
f 3545/15522/2342 3546/15520/2340 3802/15521/2410 3801/15523/2411
f 3544/15524/2344 3545/15522/2342 3801/15523/2411 3800/15525/2412
f 3543/15526/2346 3544/15527/2344 3800/15528/2412 3799/15529/2209
f 3542/15530/2348 3543/15526/2346 3799/15529/2209 3798/15531/2207
f 3541/15532/2350 3542/15530/2348 3798/15531/2207 3797/15533/2413
f 3540/15534/2352 3541/15532/2350 3797/15533/2413 3796/15535/2203
f 3539/15536/2354 3540/15534/2352 3796/15535/2203 3795/15537/2201
f 3538/15538/2356 3539/15536/2354 3795/15537/2201 3794/15539/2414
f 3537/15540/2358 3538/15538/2356 3794/15539/2414 3793/15541/2415
f 3536/15542/2360 3537/15540/2358 3793/15541/2415 3792/15543/2416
f 3535/15544/2362 3536/15545/2360 3792/15546/2416 3791/15547/2193
f 3534/15548/2364 3535/15544/2362 3791/15547/2193 3790/15549/2191
f 3533/15550/2366 3534/15548/2364 3790/15549/2191 3789/15551/2417
f 3532/15552/2368 3533/15550/2366 3789/15551/2417 3788/15553/2418
f 3531/15554/2370 3532/15552/2368 3788/15553/2418 3787/15555/2185
f 3530/15556/2372 3531/15554/2370 3787/15555/2185 3786/15557/2419
f 3529/15558/2374 3530/15556/2372 3786/15557/2419 3785/15559/2420
f 3528/15560/2376 3529/15558/2374 3785/15559/2420 3784/15561/2421
f 3527/15562/2378 3528/15563/2376 3784/15564/2421 3783/15565/2177
f 3526/15566/2380 3527/15562/2378 3783/15565/2177 3782/15567/2175
f 3525/15568/2382 3526/15566/2380 3782/15567/2175 3781/15569/2173
f 3524/15570/2384 3525/15568/2382 3781/15569/2173 3780/15571/2171
f 3523/15572/2386 3524/15570/2384 3780/15571/2171 3779/15573/2169
f 3522/15574/2388 3523/15572/2386 3779/15573/2169 3778/15575/2166
f 3521/15505/2327 3522/15574/2388 3778/15575/2166 3777/15506/2407
f 3808/15507/2408 3777/15506/2407 3809/14920/2165 3840/14990/2227
f 3807/15511/2225 3808/15510/2408 3840/14988/2227 3839/14986/2225
f 3806/15513/2223 3807/15511/2225 3839/14986/2225 3838/14984/2223
f 3805/15515/2409 3806/15513/2223 3838/14984/2223 3837/14982/2221
f 3804/15517/2219 3805/15515/2409 3837/14982/2221 3836/14980/2219
f 3803/15519/2217 3804/15517/2219 3836/14980/2219 3835/14978/2217
f 3802/15521/2410 3803/15519/2217 3835/14978/2217 3834/14976/2215
f 3801/15523/2411 3802/15521/2410 3834/14976/2215 3833/14973/2213
f 3800/15525/2412 3801/15523/2411 3833/14973/2213 3832/14972/2211
f 3799/15529/2209 3800/15528/2412 3832/14970/2211 3831/14968/2209
f 3798/15531/2207 3799/15529/2209 3831/14968/2209 3830/14966/2207
f 3797/15533/2413 3798/15531/2207 3830/14966/2207 3829/14964/2205
f 3796/15535/2203 3797/15533/2413 3829/14964/2205 3828/14962/2203
f 3795/15537/2201 3796/15535/2203 3828/14962/2203 3827/14960/2201
f 3794/15539/2414 3795/15537/2201 3827/14960/2201 3826/14958/2199
f 3793/15541/2415 3794/15539/2414 3826/14958/2199 3825/14955/2197
f 3792/15543/2416 3793/15541/2415 3825/14955/2197 3824/14954/2195
f 3791/15547/2193 3792/15546/2416 3824/14952/2195 3823/14950/2193
f 3790/15549/2191 3791/15547/2193 3823/14950/2193 3822/14948/2191
f 3789/15551/2417 3790/15549/2191 3822/14948/2191 3821/14946/2189
f 3788/15553/2418 3789/15551/2417 3821/14946/2189 3820/14944/2187
f 3787/15555/2185 3788/15553/2418 3820/14944/2187 3819/14942/2185
f 3786/15557/2419 3787/15555/2185 3819/14942/2185 3818/14940/2183
f 3785/15559/2420 3786/15557/2419 3818/14940/2183 3817/14937/2181
f 3784/15561/2421 3785/15559/2420 3817/14937/2181 3816/14936/2179
f 3783/15565/2177 3784/15564/2421 3816/14934/2179 3815/14932/2177
f 3782/15567/2175 3783/15565/2177 3815/14932/2177 3814/14930/2175
f 3781/15569/2173 3782/15567/2175 3814/14930/2175 3813/14928/2173
f 3780/15571/2171 3781/15569/2173 3813/14928/2173 3812/14926/2171
f 3779/15573/2169 3780/15571/2171 3812/14926/2171 3811/14924/2169
f 3778/15575/2166 3779/15573/2169 3811/14924/2169 3810/14921/2166
f 3777/15506/2407 3778/15575/2166 3810/14921/2166 3809/14920/2165
