# Blender 3.1.0
# www.blender.org
mtllib champions_league_cup.mtl
o CL_cup
v 0.000000 0.726631 -0.156822
v 0.000000 0.170067 0.000000
v 0.000000 0.170067 -0.027594
v 0.000000 0.171130 -0.052567
v 0.000000 0.174287 -0.072924
v 0.000000 0.180970 -0.085438
v 0.000000 0.192939 -0.095081
v 0.000000 0.212769 -0.106371
v 0.000000 0.243037 -0.120986
v 0.000000 0.283561 -0.138141
v 0.000000 0.331396 -0.155404
v 0.000000 0.383611 -0.170888
v 0.000000 0.437760 -0.183780
v 0.000000 0.490230 -0.193546
v 0.000000 0.536056 -0.199796
v 0.000000 0.570597 -0.202925
v 0.000000 0.590922 -0.204141
v 0.000000 0.599824 -0.204651
v 0.000000 0.604857 -0.195692
v 0.000000 0.612833 -0.183822
v 0.000000 0.626824 -0.169263
v 0.000000 0.646110 -0.155737
v 0.000000 0.666949 -0.146517
v 0.000000 0.684954 -0.142541
v 0.000000 0.696816 -0.141699
v 0.000000 0.703074 -0.141720
v 0.000000 0.704968 -0.149604
v 0.000000 0.707978 -0.156785
v -0.008527 0.170067 -0.026243
v -0.016244 0.171130 -0.049994
v -0.022535 0.174287 -0.069355
v -0.026402 0.180970 -0.081257
v -0.029382 0.192939 -0.090427
v -0.032870 0.212769 -0.101164
v -0.037387 0.243037 -0.115064
v -0.042688 0.283561 -0.131380
v -0.048022 0.331396 -0.147798
v -0.052807 0.383611 -0.162524
v -0.056791 0.437760 -0.174785
v -0.059809 0.490230 -0.184073
v -0.061740 0.536056 -0.190017
v -0.062707 0.570597 -0.192993
v -0.063083 0.590922 -0.194150
v -0.063241 0.599824 -0.194635
v -0.060472 0.604857 -0.186114
v -0.056804 0.612833 -0.174825
v -0.052305 0.626824 -0.160979
v -0.048125 0.646110 -0.148114
v -0.045276 0.666949 -0.139346
v -0.044048 0.684954 -0.135565
v -0.043787 0.696816 -0.134764
v -0.043794 0.703074 -0.134784
v -0.046230 0.704968 -0.142282
v -0.048449 0.707978 -0.149112
v -0.016219 0.170067 -0.022324
v -0.030898 0.171130 -0.042527
v -0.042864 0.174287 -0.058997
v -0.050219 0.180970 -0.069121
v -0.055887 0.192939 -0.076922
v -0.062523 0.212769 -0.086056
v -0.071114 0.243037 -0.097880
v -0.081197 0.283561 -0.111759
v -0.091344 0.331396 -0.125724
v -0.100445 0.383611 -0.138251
v -0.108023 0.437760 -0.148681
v -0.113764 0.490230 -0.156582
v -0.117437 0.536056 -0.161638
v -0.119276 0.570597 -0.164170
v -0.119991 0.590922 -0.165154
v -0.120291 0.599824 -0.165566
v -0.115025 0.604857 -0.158318
v -0.108048 0.612833 -0.148715
v -0.099491 0.626824 -0.136937
v -0.091540 0.646110 -0.125994
v -0.086121 0.666949 -0.118535
v -0.083783 0.684954 -0.115318
v -0.083288 0.696816 -0.114637
v -0.083301 0.703074 -0.114654
v -0.087935 0.704968 -0.121032
v -0.092156 0.707978 -0.126842
v -0.126872 0.726631 -0.092178
v -0.022324 0.170067 -0.016219
v -0.042527 0.171130 -0.030898
v -0.058997 0.174287 -0.042864
v -0.069121 0.180970 -0.050219
v -0.076922 0.192939 -0.055887
v -0.086056 0.212769 -0.062523
v -0.097880 0.243037 -0.071114
v -0.111759 0.283561 -0.081197
v -0.125724 0.331396 -0.091344
v -0.138251 0.383611 -0.100445
v -0.148681 0.437760 -0.108023
v -0.156582 0.490230 -0.113764
v -0.161638 0.536056 -0.117437
v -0.164170 0.570597 -0.119276
v -0.165154 0.590922 -0.119991
v -0.165566 0.599824 -0.120291
v -0.158318 0.604857 -0.115025
v -0.148715 0.612833 -0.108048
v -0.136937 0.626824 -0.099491
v -0.125994 0.646110 -0.091540
v -0.118535 0.666949 -0.086121
v -0.115318 0.684954 -0.083783
v -0.114637 0.696816 -0.083288
v -0.114654 0.703074 -0.083301
v -0.121032 0.704968 -0.087935
v -0.126842 0.707978 -0.092156
v -0.149147 0.726631 -0.048461
v -0.026243 0.170067 -0.008527
v -0.049994 0.171130 -0.016244
v -0.069355 0.174287 -0.022535
v -0.081257 0.180970 -0.026402
v -0.090427 0.192939 -0.029382
v -0.101164 0.212769 -0.032870
v -0.115064 0.243037 -0.037387
v -0.131380 0.283561 -0.042688
v -0.147798 0.331396 -0.048022
v -0.162524 0.383611 -0.052807
v -0.174785 0.437760 -0.056791
v -0.184073 0.490230 -0.059809
v -0.190017 0.536056 -0.061740
v -0.192993 0.570597 -0.062707
v -0.194150 0.590922 -0.063083
v -0.194635 0.599824 -0.063241
v -0.186114 0.604857 -0.060472
v -0.174825 0.612833 -0.056804
v -0.160979 0.626824 -0.052305
v -0.148114 0.646110 -0.048125
v -0.139346 0.666949 -0.045276
v -0.135565 0.684954 -0.044048
v -0.134764 0.696816 -0.043787
v -0.134784 0.703074 -0.043794
v -0.142282 0.704968 -0.046230
v -0.149112 0.707978 -0.048449
v -0.027594 0.170067 0.000000
v -0.052567 0.171130 0.000000
v -0.072924 0.174287 0.000000
v -0.085438 0.180970 0.000000
v -0.095081 0.192939 0.000000
v -0.106371 0.212769 0.000000
v -0.120986 0.243037 0.000000
v -0.138141 0.283561 0.000000
v -0.155404 0.331396 0.000000
v -0.170888 0.383611 0.000000
v -0.183780 0.437760 0.000000
v -0.193546 0.490230 0.000000
v -0.199796 0.536056 0.000000
v -0.202925 0.570597 0.000000
v -0.204141 0.590922 0.000000
v -0.204651 0.599824 0.000000
v -0.195692 0.604857 0.000000
v -0.183822 0.612833 0.000000
v -0.169263 0.626824 0.000000
v -0.155737 0.646110 0.000000
v -0.146517 0.666949 0.000000
v -0.142541 0.684954 0.000000
v -0.141699 0.696816 0.000000
v -0.141720 0.703074 0.000000
v -0.149604 0.704968 0.000000
v -0.156785 0.707978 0.000000
v -0.026243 0.170067 0.008527
v -0.049994 0.171130 0.016244
v -0.069355 0.174287 0.022535
v -0.081257 0.180970 0.026402
v -0.090427 0.192939 0.029382
v -0.101164 0.212769 0.032870
v -0.115064 0.243037 0.037387
v -0.131380 0.283561 0.042688
v -0.147798 0.331396 0.048022
v -0.162524 0.383611 0.052807
v -0.174785 0.437760 0.056791
v -0.184073 0.490230 0.059809
v -0.190017 0.536056 0.061740
v -0.192993 0.570597 0.062707
v -0.194150 0.590922 0.063083
v -0.194635 0.599824 0.063241
v -0.186114 0.604857 0.060472
v -0.174825 0.612833 0.056804
v -0.160979 0.626824 0.052305
v -0.148114 0.646110 0.048125
v -0.139346 0.666949 0.045276
v -0.135565 0.684954 0.044048
v -0.134764 0.696816 0.043787
v -0.134784 0.703074 0.043794
v -0.142282 0.704968 0.046230
v -0.149112 0.707978 0.048449
v -0.126872 0.726631 0.092178
v -0.022324 0.170067 0.016219
v -0.042527 0.171130 0.030898
v -0.058997 0.174287 0.042864
v -0.069121 0.180970 0.050219
v -0.076922 0.192939 0.055887
v -0.086056 0.212769 0.062523
v -0.097880 0.243037 0.071114
v -0.111759 0.283561 0.081197
v -0.125724 0.331396 0.091344
v -0.138251 0.383611 0.100445
v -0.148681 0.437760 0.108023
v -0.156582 0.490230 0.113764
v -0.161638 0.536056 0.117437
v -0.164170 0.570597 0.119276
v -0.165154 0.590922 0.119991
v -0.165566 0.599824 0.120291
v -0.158318 0.604857 0.115025
v -0.148715 0.612833 0.108048
v -0.136937 0.626824 0.099491
v -0.125994 0.646110 0.091540
v -0.118535 0.666949 0.086121
v -0.115318 0.684954 0.083783
v -0.114637 0.696816 0.083288
v -0.114654 0.703074 0.083301
v -0.121032 0.704968 0.087935
v -0.126842 0.707978 0.092156
v -0.092178 0.726631 0.126872
v -0.016219 0.170067 0.022324
v -0.030898 0.171130 0.042527
v -0.042864 0.174287 0.058997
v -0.050219 0.180970 0.069121
v -0.055887 0.192939 0.076922
v -0.062523 0.212769 0.086056
v -0.071114 0.243037 0.097880
v -0.081197 0.283561 0.111759
v -0.091344 0.331396 0.125724
v -0.100445 0.383611 0.138251
v -0.108023 0.437760 0.148681
v -0.113764 0.490230 0.156582
v -0.117437 0.536056 0.161638
v -0.119276 0.570597 0.164170
v -0.119991 0.590922 0.165154
v -0.120291 0.599824 0.165566
v -0.115025 0.604857 0.158318
v -0.108048 0.612833 0.148715
v -0.099491 0.626824 0.136937
v -0.091540 0.646110 0.125994
v -0.086121 0.666949 0.118535
v -0.083783 0.684954 0.115318
v -0.083288 0.696816 0.114637
v -0.083301 0.703074 0.114654
v -0.087935 0.704968 0.121032
v -0.092156 0.707978 0.126842
v -0.048461 0.726631 0.149147
v -0.008527 0.170067 0.026243
v -0.016244 0.171130 0.049994
v -0.022535 0.174287 0.069355
v -0.026402 0.180970 0.081257
v -0.029382 0.192939 0.090427
v -0.032870 0.212769 0.101164
v -0.037387 0.243037 0.115064
v -0.042688 0.283561 0.131380
v -0.048022 0.331396 0.147798
v -0.052807 0.383611 0.162524
v -0.056791 0.437760 0.174785
v -0.059809 0.490230 0.184073
v -0.061740 0.536056 0.190017
v -0.062707 0.570597 0.192993
v -0.063083 0.590922 0.194150
v -0.063241 0.599824 0.194635
v -0.060472 0.604857 0.186114
v -0.056804 0.612833 0.174825
v -0.052305 0.626824 0.160979
v -0.048125 0.646110 0.148114
v -0.045276 0.666949 0.139346
v -0.044048 0.684954 0.135565
v -0.043787 0.696816 0.134764
v -0.043794 0.703074 0.134784
v -0.046230 0.704968 0.142282
v -0.048449 0.707978 0.149112
v 0.000000 0.726631 0.156822
v 0.000000 0.170067 0.027594
v 0.000000 0.171130 0.052567
v 0.000000 0.174287 0.072924
v 0.000000 0.180970 0.085438
v 0.000000 0.192939 0.095081
v 0.000000 0.212769 0.106371
v 0.000000 0.243037 0.120986
v 0.000000 0.283561 0.138141
v 0.000000 0.331396 0.155404
v 0.000000 0.383611 0.170888
v 0.000000 0.437760 0.183780
v 0.000000 0.490230 0.193546
v 0.000000 0.536056 0.199796
v 0.000000 0.570597 0.202925
v 0.000000 0.590922 0.204141
v 0.000000 0.599824 0.204651
v 0.000000 0.604857 0.195692
v 0.000000 0.612833 0.183822
v 0.000000 0.626824 0.169263
v 0.000000 0.646110 0.155737
v 0.000000 0.666949 0.146517
v 0.000000 0.684954 0.142541
v 0.000000 0.696816 0.141699
v 0.000000 0.703074 0.141720
v 0.000000 0.704968 0.149604
v 0.000000 0.707978 0.156785
v 0.048461 0.726631 0.149147
v 0.008527 0.170067 0.026243
v 0.016244 0.171130 0.049994
v 0.022535 0.174287 0.069355
v 0.026402 0.180970 0.081257
v 0.029382 0.192939 0.090427
v 0.032870 0.212769 0.101164
v 0.037387 0.243037 0.115064
v 0.042688 0.283561 0.131380
v 0.048022 0.331396 0.147798
v 0.052807 0.383611 0.162524
v 0.056791 0.437760 0.174785
v 0.059809 0.490230 0.184073
v 0.061740 0.536056 0.190017
v 0.062707 0.570597 0.192993
v 0.063083 0.590922 0.194150
v 0.063241 0.599824 0.194635
v 0.060472 0.604857 0.186114
v 0.056804 0.612833 0.174825
v 0.052305 0.626824 0.160979
v 0.048125 0.646110 0.148114
v 0.045276 0.666949 0.139346
v 0.044048 0.684954 0.135565
v 0.043787 0.696816 0.134764
v 0.043794 0.703074 0.134784
v 0.046230 0.704968 0.142282
v 0.048449 0.707978 0.149112
v 0.092178 0.726631 0.126872
v 0.016219 0.170067 0.022324
v 0.030898 0.171130 0.042527
v 0.042864 0.174287 0.058997
v 0.050219 0.180970 0.069121
v 0.055887 0.192939 0.076922
v 0.062523 0.212769 0.086056
v 0.071114 0.243037 0.097880
v 0.081197 0.283561 0.111759
v 0.091344 0.331396 0.125724
v 0.100445 0.383611 0.138251
v 0.108023 0.437760 0.148681
v 0.113764 0.490230 0.156582
v 0.117437 0.536056 0.161638
v 0.119276 0.570597 0.164170
v 0.119991 0.590922 0.165154
v 0.120291 0.599824 0.165566
v 0.115025 0.604857 0.158318
v 0.108048 0.612833 0.148715
v 0.099491 0.626824 0.136937
v 0.091540 0.646110 0.125994
v 0.086121 0.666949 0.118535
v 0.083784 0.684954 0.115318
v 0.083288 0.696816 0.114637
v 0.083301 0.703074 0.114654
v 0.087935 0.704968 0.121032
v 0.092156 0.707978 0.126842
v 0.126872 0.726631 0.092178
v 0.022324 0.170067 0.016219
v 0.042527 0.171130 0.030898
v 0.058997 0.174287 0.042864
v 0.069121 0.180970 0.050219
v 0.076922 0.192939 0.055887
v 0.086056 0.212769 0.062523
v 0.097880 0.243037 0.071114
v 0.111759 0.283561 0.081197
v 0.125724 0.331396 0.091344
v 0.138251 0.383611 0.100445
v 0.148681 0.437760 0.108023
v 0.156582 0.490230 0.113763
v 0.161638 0.536056 0.117437
v 0.164170 0.570597 0.119276
v 0.165154 0.590922 0.119991
v 0.165566 0.599824 0.120291
v 0.158318 0.604857 0.115025
v 0.148715 0.612833 0.108048
v 0.136937 0.626824 0.099490
v 0.125994 0.646110 0.091540
v 0.118535 0.666949 0.086121
v 0.115318 0.684954 0.083783
v 0.114637 0.696816 0.083288
v 0.114654 0.703074 0.083301
v 0.121032 0.704968 0.087935
v 0.126842 0.707978 0.092156
v 0.149147 0.726631 0.048461
v 0.026243 0.170067 0.008527
v 0.049994 0.171130 0.016244
v 0.069355 0.174287 0.022535
v 0.081257 0.180970 0.026402
v 0.090427 0.192939 0.029382
v 0.101164 0.212769 0.032870
v 0.115064 0.243037 0.037387
v 0.131380 0.283561 0.042688
v 0.147798 0.331396 0.048022
v 0.162524 0.383611 0.052807
v 0.174785 0.437760 0.056791
v 0.184073 0.490230 0.059809
v 0.190017 0.536056 0.061740
v 0.192993 0.570597 0.062707
v 0.194150 0.590922 0.063083
v 0.194635 0.599824 0.063241
v 0.186114 0.604857 0.060472
v 0.174825 0.612833 0.056804
v 0.160979 0.626824 0.052305
v 0.148114 0.646110 0.048125
v 0.139346 0.666949 0.045276
v 0.135565 0.684954 0.044048
v 0.134764 0.696816 0.043787
v 0.134784 0.703074 0.043794
v 0.142282 0.704968 0.046230
v 0.149112 0.707978 0.048449
v 0.027594 0.170067 -0.000000
v 0.052567 0.171130 -0.000000
v 0.072924 0.174287 -0.000000
v 0.085438 0.180970 -0.000000
v 0.095081 0.192939 -0.000000
v 0.106371 0.212769 -0.000000
v 0.120986 0.243037 -0.000000
v 0.138141 0.283561 -0.000000
v 0.155404 0.331396 -0.000000
v 0.170888 0.383611 -0.000000
v 0.183780 0.437760 -0.000000
v 0.193546 0.490230 -0.000000
v 0.199796 0.536056 -0.000000
v 0.202925 0.570597 -0.000000
v 0.204141 0.590922 -0.000000
v 0.204651 0.599824 -0.000000
v 0.195692 0.604857 -0.000000
v 0.183822 0.612833 -0.000000
v 0.169263 0.626824 -0.000000
v 0.155737 0.646110 -0.000000
v 0.146517 0.666949 -0.000000
v 0.142541 0.684954 -0.000000
v 0.141699 0.696816 -0.000000
v 0.141720 0.703074 -0.000000
v 0.149604 0.704968 -0.000000
v 0.156785 0.707978 -0.000000
v 0.026243 0.170067 -0.008527
v 0.049994 0.171130 -0.016244
v 0.069355 0.174287 -0.022535
v 0.081257 0.180970 -0.026402
v 0.090427 0.192939 -0.029382
v 0.101164 0.212769 -0.032870
v 0.115064 0.243037 -0.037387
v 0.131380 0.283561 -0.042688
v 0.147798 0.331396 -0.048022
v 0.162524 0.383611 -0.052807
v 0.174785 0.437760 -0.056791
v 0.184073 0.490230 -0.059809
v 0.190017 0.536056 -0.061740
v 0.192993 0.570597 -0.062707
v 0.194150 0.590922 -0.063083
v 0.194635 0.599824 -0.063241
v 0.186114 0.604857 -0.060472
v 0.174825 0.612833 -0.056804
v 0.160979 0.626824 -0.052305
v 0.148114 0.646110 -0.048125
v 0.139346 0.666949 -0.045276
v 0.135565 0.684954 -0.044048
v 0.134764 0.696816 -0.043787
v 0.134784 0.703074 -0.043794
v 0.142282 0.704968 -0.046230
v 0.149112 0.707978 -0.048449
v 0.126872 0.726631 -0.092178
v 0.022324 0.170067 -0.016219
v 0.042527 0.171130 -0.030898
v 0.058997 0.174287 -0.042864
v 0.069121 0.180970 -0.050219
v 0.076922 0.192939 -0.055887
v 0.086056 0.212769 -0.062523
v 0.097880 0.243037 -0.071114
v 0.111759 0.283561 -0.081197
v 0.125724 0.331396 -0.091344
v 0.138251 0.383611 -0.100445
v 0.148681 0.437760 -0.108023
v 0.156582 0.490230 -0.113764
v 0.161638 0.536056 -0.117437
v 0.164170 0.570597 -0.119276
v 0.165154 0.590922 -0.119991
v 0.165566 0.599824 -0.120291
v 0.158318 0.604857 -0.115025
v 0.148715 0.612833 -0.108048
v 0.136937 0.626824 -0.099491
v 0.125994 0.646110 -0.091540
v 0.118535 0.666949 -0.086121
v 0.115318 0.684954 -0.083784
v 0.114637 0.696816 -0.083288
v 0.114654 0.703074 -0.083301
v 0.121032 0.704968 -0.087935
v 0.126842 0.707978 -0.092156
v 0.092178 0.726631 -0.126872
v 0.016219 0.170067 -0.022324
v 0.030898 0.171130 -0.042527
v 0.042864 0.174287 -0.058997
v 0.050219 0.180970 -0.069121
v 0.055887 0.192939 -0.076922
v 0.062523 0.212769 -0.086056
v 0.071114 0.243037 -0.097880
v 0.081197 0.283561 -0.111759
v 0.091344 0.331396 -0.125724
v 0.100445 0.383611 -0.138251
v 0.108023 0.437760 -0.148681
v 0.113763 0.490230 -0.156582
v 0.117437 0.536056 -0.161638
v 0.119276 0.570597 -0.164170
v 0.119991 0.590922 -0.165154
v 0.120291 0.599824 -0.165566
v 0.115025 0.604857 -0.158318
v 0.108048 0.612833 -0.148715
v 0.099490 0.626824 -0.136937
v 0.091540 0.646110 -0.125994
v 0.086121 0.666949 -0.118535
v 0.083783 0.684954 -0.115318
v 0.083288 0.696816 -0.114637
v 0.083301 0.703074 -0.114654
v 0.087935 0.704968 -0.121032
v 0.092156 0.707978 -0.126842
v 0.008527 0.170067 -0.026243
v 0.016244 0.171130 -0.049994
v 0.022535 0.174287 -0.069355
v 0.026402 0.180970 -0.081257
v 0.029382 0.192939 -0.090427
v 0.032870 0.212769 -0.101164
v 0.037387 0.243037 -0.115064
v 0.042688 0.283561 -0.131380
v 0.048022 0.331396 -0.147798
v 0.052807 0.383611 -0.162524
v 0.056791 0.437760 -0.174785
v 0.059809 0.490230 -0.184073
v 0.061740 0.536056 -0.190017
v 0.062707 0.570597 -0.192993
v 0.063083 0.590922 -0.194150
v 0.063241 0.599824 -0.194635
v 0.060472 0.604857 -0.186114
v 0.056804 0.612833 -0.174825
v 0.052305 0.626824 -0.160979
v 0.048125 0.646110 -0.148114
v 0.045276 0.666949 -0.139346
v 0.044048 0.684954 -0.135565
v 0.043787 0.696816 -0.134764
v 0.043794 0.703074 -0.134784
v 0.046230 0.704968 -0.142282
v 0.048449 0.707978 -0.149112
v 0.000000 0.726631 -0.165562
v 0.000000 0.719268 -0.165558
v 0.000000 0.713207 -0.165439
v 0.000000 0.706592 -0.164545
v 0.000000 0.701231 -0.161753
v 0.000000 0.698104 -0.157313
v 0.000000 0.696027 -0.151238
v 0.000000 0.688999 -0.151247
v 0.000000 0.677807 -0.152501
v 0.000000 0.661789 -0.157516
v 0.000000 0.643755 -0.167764
v 0.000000 0.627681 -0.181775
v 0.000000 0.616491 -0.196216
v 0.000000 0.610336 -0.207140
v 0.000000 0.607802 -0.212436
v 0.026712 0.729781 -0.271627
v 0.000000 0.605508 -0.213725
v 0.000000 0.565723 -0.210976
v 0.000000 0.525505 -0.206760
v 0.000000 0.476085 -0.199462
v 0.000000 0.422171 -0.188919
v -0.026712 0.729816 -0.265552
v 0.000000 0.367801 -0.175440
v -0.016728 0.729860 -0.257764
v 0.006744 0.729867 -0.256559
v 0.000000 0.315858 -0.159496
v 0.000000 0.268552 -0.141998
v 0.000000 0.228179 -0.124707
v 0.026712 0.729816 -0.265552
v 0.024037 0.729755 -0.276124
v 0.000000 0.196901 -0.109824
v 0.000000 0.176222 -0.099254
v 0.000000 0.165991 -0.093818
v 0.000000 0.162968 -0.092201
v -0.026712 0.729781 -0.271627
v 0.000000 0.157720 -0.092010
v -0.024037 0.729841 -0.261056
v 0.000000 0.152430 -0.091964
v -0.006744 0.729867 -0.256559
v 0.016728 0.729860 -0.257764
v 0.000000 0.146159 -0.091617
v 0.026712 0.627230 -0.261933
v 0.000000 0.140306 -0.090073
v 0.026712 0.508219 -0.231936
v 0.000000 0.136157 -0.086524
v 0.000000 0.133953 -0.082059
v 0.000000 0.132636 -0.077676
v 0.000000 0.126638 -0.077673
v 0.000000 0.119480 -0.073186
v 0.000000 0.109572 -0.069873
v 0.000000 0.095253 -0.070986
v 0.000000 0.078997 -0.078955
v 0.000000 0.064839 -0.092436
v 0.000000 0.054719 -0.108925
v 0.000000 0.047388 -0.125964
v 0.000000 0.041698 -0.140791
v -0.024037 0.626457 -0.266363
v 0.000000 0.036134 -0.155493
v 0.000000 0.030130 -0.155528
v 0.000000 0.027832 -0.159111
v 0.000000 0.024158 -0.164170
v -0.026712 0.628274 -0.255949
v -0.026712 0.510031 -0.226138
v 0.000000 0.018121 -0.169313
v 0.000000 0.010623 -0.172378
v 0.000000 0.004219 -0.173507
v -0.000000 0.000000 -0.163382
v -0.048461 0.726631 -0.149147
v -0.051161 0.726631 -0.157459
v -0.051160 0.719268 -0.157455
v 0.006744 0.512714 -0.217554
v -0.051124 0.713207 -0.157342
v -0.050847 0.706592 -0.156492
v -0.049984 0.701231 -0.153836
v -0.048612 0.698104 -0.149614
v -0.046735 0.696027 -0.143836
v 0.026712 0.510031 -0.226138
v -0.046738 0.688999 -0.143844
v 0.026712 0.386454 -0.181581
v -0.047125 0.677807 -0.145037
v -0.048675 0.661789 -0.149807
v -0.051842 0.643755 -0.159553
v -0.056172 0.627681 -0.172879
v -0.060634 0.616491 -0.186612
v -0.064010 0.610336 -0.197002
v -0.065646 0.607802 -0.202038
v 0.006744 0.380663 -0.195493
v -0.066045 0.605508 -0.203265
v -0.065195 0.565723 -0.200650
v -0.063892 0.525505 -0.196640
v -0.061637 0.476085 -0.189700
v -0.058379 0.422171 -0.179673
v -0.054214 0.367801 -0.166853
v -0.049287 0.315858 -0.151690
v -0.026712 0.508219 -0.231936
v -0.043880 0.268552 -0.135048
v -0.038537 0.228179 -0.118604
v -0.026712 0.384119 -0.187190
v -0.033938 0.196901 -0.104449
v -0.024037 0.629047 -0.251519
v -0.030671 0.176222 -0.094396
v -0.024037 0.511372 -0.221846
v -0.028992 0.165991 -0.089227
v -0.024037 0.388182 -0.177430
v -0.028492 0.162968 -0.087688
v -0.028433 0.157720 -0.087507
v -0.006744 0.629820 -0.247089
v -0.028419 0.152430 -0.087463
v -0.006744 0.512714 -0.217554
v -0.028311 0.146159 -0.087133
v -0.027834 0.140306 -0.085665
v -0.026737 0.136157 -0.082289
v -0.025357 0.133953 -0.078042
v 0.016728 0.629613 -0.248276
v -0.024003 0.132636 -0.073874
v 0.016728 0.512354 -0.218704
v -0.024002 0.126638 -0.073871
v -0.022616 0.119480 -0.069604
v -0.021592 0.109572 -0.066453
v 0.024037 0.388182 -0.177430
v -0.021936 0.095253 -0.067512
v 0.024037 0.511372 -0.221846
v -0.024399 0.078997 -0.075091
v -0.028564 0.064839 -0.087912
v -0.033660 0.054719 -0.103593
v 0.024037 0.764223 -0.260165
v 0.024037 0.793695 -0.256704
v -0.038925 0.047388 -0.119799
v 0.024037 0.818779 -0.251001
v -0.043507 0.041698 -0.133901
v 0.024037 0.840017 -0.243397
v -0.048050 0.036134 -0.147883
v -0.048061 0.030130 -0.147916
v -0.049168 0.027832 -0.151323
v -0.050731 0.024158 -0.156135
v -0.052320 0.018121 -0.161026
v 0.024037 0.892629 -0.194348
v -0.053268 0.010623 -0.163941
v -0.053617 0.004219 -0.165015
v -0.053617 0.000000 -0.165015
v -0.092178 0.726631 -0.126872
v -0.097315 0.726631 -0.133942
v 0.024037 0.815705 -0.132469
v -0.097313 0.719268 -0.133939
v -0.097243 0.713207 -0.133843
v -0.096717 0.706592 -0.133120
v -0.095076 0.701231 -0.130861
v 0.024037 0.684719 -0.179053
v -0.092466 0.698104 -0.127269
v -0.088896 0.696027 -0.122354
v 0.026712 0.691981 -0.171370
v -0.088901 0.688999 -0.122361
v 0.026712 0.722271 -0.188738
v -0.089638 0.677807 -0.123376
v -0.092586 0.661789 -0.127433
v 0.026712 0.777730 -0.162007
v -0.098609 0.643755 -0.135724
v 0.026712 0.809187 -0.124146
v -0.106845 0.627681 -0.147059
v 0.026712 0.851437 -0.110966
v 0.026712 0.871656 -0.115570
v -0.115333 0.616491 -0.158742
v -0.121754 0.610336 -0.167580
v 0.026712 0.895773 -0.131761
v 0.026712 0.906459 -0.154975
v -0.124867 0.607802 -0.171864
v -0.125625 0.605508 -0.172907
v 0.026712 0.907675 -0.177820
v -0.124008 0.565723 -0.170683
v -0.121530 0.525505 -0.167272
v 0.026712 0.892897 -0.215762
v 0.026712 0.879766 -0.230595
v -0.117241 0.476085 -0.161369
v -0.111044 0.422171 -0.152839
v 0.026712 0.863535 -0.242933
v -0.103121 0.367801 -0.141934
v -0.093750 0.315858 -0.129035
v -0.083465 0.268552 -0.114879
v 0.026712 0.795475 -0.267125
v -0.073301 0.228179 -0.100890
v 0.026712 0.765001 -0.270708
v -0.064553 0.196901 -0.088850
v -0.058340 0.176222 -0.080298
v -0.055145 0.165991 -0.075901
v -0.054194 0.162968 -0.074592
v -0.054082 0.157720 -0.074438
v -0.054055 0.152430 -0.074401
v -0.053851 0.146159 -0.074120
v -0.052944 0.140306 -0.072871
v -0.050857 0.136157 -0.069999
v 0.016728 0.915417 -0.178666
v -0.048233 0.133953 -0.066387
v -0.045657 0.132636 -0.062841
v -0.045655 0.126638 -0.062839
v -0.043018 0.119480 -0.059209
v 0.016728 0.885059 -0.236309
v -0.041070 0.109572 -0.056528
v 0.016728 0.847410 -0.260202
v -0.041725 0.095253 -0.057429
v -0.046409 0.078997 -0.063876
v 0.016728 0.796787 -0.274802
v -0.054333 0.064839 -0.074782
v -0.064024 0.054719 -0.088122
v -0.074040 0.047388 -0.101907
v -0.006744 0.698159 -0.164834
v -0.082755 0.041698 -0.113903
v -0.091396 0.036134 -0.125796
v -0.091417 0.030130 -0.125825
v -0.093523 0.027832 -0.128723
v -0.096497 0.024158 -0.132817
v -0.099519 0.018121 -0.136977
v -0.101321 0.010623 -0.139457
v -0.101985 0.004219 -0.140370
v -0.096034 0.000000 -0.132179
v -0.133942 0.726631 -0.097315
v -0.133939 0.719268 -0.097313
v -0.133843 0.713207 -0.097243
v -0.133120 0.706592 -0.096717
v -0.006744 0.847895 -0.261305
v -0.130861 0.701231 -0.095076
v -0.127269 0.698104 -0.092466
v -0.122354 0.696027 -0.088896
v -0.122361 0.688999 -0.088901
v -0.024037 0.695070 -0.168102
v -0.123376 0.677807 -0.089638
v -0.127433 0.661789 -0.092586
v -0.024037 0.773959 -0.159558
v -0.135724 0.643755 -0.098609
v -0.024037 0.806414 -0.120606
v -0.147059 0.627681 -0.106845
v -0.024037 0.851526 -0.106470
v -0.158742 0.616491 -0.115333
v -0.167580 0.610336 -0.121754
v -0.171864 0.607802 -0.124867
v -0.172907 0.605508 -0.125625
v -0.170683 0.565723 -0.124008
v -0.167272 0.525505 -0.121530
v -0.024037 0.906672 -0.199813
v -0.024037 0.896578 -0.218344
v -0.161369 0.476085 -0.117241
v -0.152839 0.422171 -0.111044
v -0.024037 0.882822 -0.233894
v -0.141934 0.367801 -0.103121
v -0.129035 0.315858 -0.093750
v -0.114879 0.268552 -0.083465
v -0.024037 0.796233 -0.271557
v -0.100890 0.228179 -0.073301
v -0.024037 0.765332 -0.275192
v -0.088850 0.196901 -0.064553
v -0.026712 0.687808 -0.175785
v -0.080298 0.176222 -0.058340
v -0.026712 0.720776 -0.194626
v -0.075901 0.165991 -0.055145
v -0.026712 0.764972 -0.186511
v -0.074592 0.162968 -0.054194
v -0.026712 0.782825 -0.165315
v -0.074438 0.157720 -0.054082
v -0.026712 0.812932 -0.128929
v -0.074401 0.152430 -0.054055
v -0.074120 0.146159 -0.053851
v -0.026712 0.851317 -0.117039
v -0.072871 0.140306 -0.052944
v -0.026712 0.869706 -0.121324
v -0.069999 0.136157 -0.050857
v -0.026712 0.891111 -0.135656
v -0.066387 0.133953 -0.048233
v -0.026712 0.900522 -0.156259
v -0.026712 0.901636 -0.177160
v -0.062841 0.132636 -0.045657
v -0.026712 0.896820 -0.195979
v -0.062839 0.126638 -0.045655
v -0.059209 0.119480 -0.043018
v -0.026712 0.887923 -0.212273
v -0.056528 0.109572 -0.041070
v -0.026712 0.875638 -0.226138
v -0.057429 0.095253 -0.041725
v -0.026712 0.860271 -0.237810
v -0.026712 0.841827 -0.247513
v -0.063876 0.078997 -0.046409
v -0.074782 0.064839 -0.054333
v -0.088122 0.054719 -0.064024
v -0.026712 0.794452 -0.261137
v -0.026712 0.764554 -0.264649
v -0.101907 0.047388 -0.074040
v -0.113903 0.041698 -0.082755
v -0.016728 0.682458 -0.181445
v -0.125796 0.036134 -0.091396
v -0.016728 0.718861 -0.202175
v -0.016728 0.770101 -0.192372
v -0.125825 0.030130 -0.091417
v -0.016728 0.789357 -0.169557
v -0.128723 0.027832 -0.093523
v -0.132817 0.024158 -0.096497
v -0.016728 0.817734 -0.135061
v -0.136977 0.018121 -0.099519
v -0.016728 0.851163 -0.124826
v -0.139457 0.010623 -0.101321
v -0.016728 0.867205 -0.128700
v -0.140370 0.004219 -0.101985
v -0.016728 0.885135 -0.140651
v -0.132179 0.000000 -0.096034
v -0.016728 0.892909 -0.157906
v -0.016728 0.893894 -0.176314
v -0.157459 0.726631 -0.051161
v -0.016728 0.889562 -0.193154
v -0.016728 0.881547 -0.207800
v -0.157455 0.719268 -0.051160
v -0.016728 0.870345 -0.220424
v -0.157342 0.713207 -0.051124
v -0.156492 0.706592 -0.050847
v -0.016728 0.856087 -0.231241
v -0.153836 0.701231 -0.049984
v -0.016728 0.838691 -0.240383
v -0.149614 0.698104 -0.048612
v -0.016728 0.817860 -0.247840
v -0.016728 0.793140 -0.253459
v -0.143836 0.696027 -0.046735
v -0.143844 0.688999 -0.046738
v -0.016728 0.763981 -0.256882
v -0.145037 0.677807 -0.047125
v 0.006744 0.681631 -0.182321
v 0.006744 0.718564 -0.203343
v -0.149807 0.661789 -0.048675
v -0.159553 0.643755 -0.051842
v 0.006744 0.770895 -0.193279
v -0.172879 0.627681 -0.056172
v 0.006744 0.790368 -0.170213
v 0.006744 0.818477 -0.136010
v -0.186612 0.616491 -0.060634
v 0.006744 0.851139 -0.126031
v -0.197002 0.610336 -0.064010
v -0.202038 0.607802 -0.065646
v -0.203265 0.605508 -0.066045
v 0.006744 0.884210 -0.141423
v -0.200650 0.565723 -0.065195
v 0.006744 0.891732 -0.158161
v 0.006744 0.892696 -0.176183
v -0.196640 0.525505 -0.063892
v -0.189700 0.476085 -0.061637
v -0.179673 0.422171 -0.058379
v 0.006744 0.880561 -0.207108
v 0.006744 0.869527 -0.219540
v -0.166853 0.367801 -0.054214
v 0.006744 0.855439 -0.230224
v -0.151690 0.315858 -0.049287
v -0.135048 0.268552 -0.043880
v 0.006744 0.838206 -0.239281
v -0.118604 0.228179 -0.038537
v 0.006744 0.817524 -0.246683
v -0.104449 0.196901 -0.033938
v 0.006744 0.763892 -0.255680
v -0.094396 0.176222 -0.030671
v -0.089227 0.165991 -0.028991
v 0.026712 0.687808 -0.175785
v -0.087688 0.162968 -0.028492
v -0.087507 0.157720 -0.028433
v -0.087463 0.152430 -0.028419
v 0.026712 0.782825 -0.165315
v -0.087133 0.146159 -0.028311
v 0.026712 0.812932 -0.128929
v -0.085665 0.140306 -0.027834
v 0.026712 0.851317 -0.117039
v -0.082289 0.136157 -0.026737
v 0.026712 0.891111 -0.135656
v -0.078042 0.133953 -0.025357
v 0.026712 0.900522 -0.156259
v -0.073874 0.132636 -0.024003
v -0.073871 0.126638 -0.024002
v 0.026712 0.901636 -0.177160
v -0.069604 0.119480 -0.022616
v 0.026712 0.896820 -0.195979
v 0.026712 0.887923 -0.212273
v -0.066453 0.109572 -0.021592
v 0.026712 0.875638 -0.226138
v -0.067512 0.095253 -0.021936
v -0.075091 0.078997 -0.024399
v 0.026712 0.860271 -0.237810
v -0.087912 0.064839 -0.028564
v -0.103593 0.054719 -0.033660
v 0.026712 0.820034 -0.255319
v -0.119799 0.047388 -0.038925
v 0.026712 0.794452 -0.261137
v -0.133901 0.041698 -0.043507
v 0.026712 0.764554 -0.264649
v -0.147883 0.036134 -0.048050
v -0.147916 0.030130 -0.048061
v 0.024037 0.723377 -0.184380
v -0.151323 0.027832 -0.049168
v -0.156135 0.024158 -0.050731
v 0.024037 0.773959 -0.159558
v 0.024037 0.806414 -0.120606
v -0.161026 0.018121 -0.052320
v -0.163941 0.010623 -0.053268
v -0.165015 0.004219 -0.053617
v -0.155386 0.000000 -0.050488
v -0.156822 0.726631 0.000000
v -0.165562 0.726631 0.000000
v -0.165558 0.719268 0.000000
v -0.165439 0.713207 0.000000
v 0.024037 0.882822 -0.233894
v -0.164545 0.706592 0.000000
v -0.161753 0.701231 0.000000
v 0.024037 0.865951 -0.246726
v 0.024037 0.846084 -0.257189
v -0.157313 0.698104 0.000000
v -0.151238 0.696027 0.000000
v -0.151247 0.688999 0.000000
v 0.024037 0.796233 -0.271557
v 0.024037 0.765332 -0.275192
v -0.152501 0.677807 0.000000
v -0.157516 0.661789 0.000000
v -0.167764 0.643755 0.000000
v -0.181775 0.627681 0.000000
v -0.196216 0.616491 0.000000
v -0.207140 0.610336 0.000000
v -0.212436 0.607802 0.000000
v -0.213725 0.605508 0.000000
v -0.210976 0.565723 0.000000
v -0.206760 0.525505 0.000000
v -0.199462 0.476085 0.000000
v -0.188919 0.422171 0.000000
v -0.175440 0.367801 0.000000
v -0.159496 0.315858 0.000000
v -0.141998 0.268552 0.000000
v -0.124707 0.228179 0.000000
v 0.006744 0.847895 -0.261305
v -0.109824 0.196901 0.000000
v -0.099254 0.176222 0.000000
v -0.093818 0.165991 0.000000
v -0.092201 0.162968 0.000000
v -0.092010 0.157720 0.000000
v -0.091964 0.152430 0.000000
v -0.091617 0.146159 0.000000
v -0.090073 0.140306 0.000000
v -0.086524 0.136157 0.000000
v -0.082059 0.133953 0.000000
v -0.077676 0.132636 0.000000
v -0.016728 0.914071 -0.153328
v -0.077673 0.126638 0.000000
v -0.073186 0.119480 0.000000
v -0.016728 0.915417 -0.178666
v -0.069873 0.109572 0.000000
v -0.070986 0.095253 0.000000
v -0.016728 0.899273 -0.220234
v -0.078955 0.078997 0.000000
v -0.092436 0.064839 0.000000
v -0.016728 0.847410 -0.260202
v -0.108925 0.054719 0.000000
v -0.125964 0.047388 0.000000
v -0.140791 0.041698 0.000000
v -0.155493 0.036134 0.000000
v -0.026712 0.691981 -0.171370
v -0.155528 0.030130 0.000000
v -0.026712 0.722271 -0.188738
v -0.159111 0.027832 0.000000
v -0.164170 0.024158 0.000000
v -0.026712 0.760971 -0.181940
v -0.169313 0.018121 0.000000
v -0.026712 0.777730 -0.162007
v -0.172378 0.010623 0.000000
v -0.026712 0.809187 -0.124146
v -0.173507 0.004219 0.000000
v -0.026712 0.851437 -0.110966
v -0.026712 0.871656 -0.115570
v -0.173507 0.000000 0.000000
v -0.149147 0.726631 0.048461
v -0.026712 0.895773 -0.131761
v -0.157459 0.726631 0.051161
v -0.026712 0.907675 -0.177820
v -0.157455 0.719268 0.051160
v -0.157342 0.713207 0.051124
v -0.156492 0.706592 0.050847
v -0.026712 0.892897 -0.215762
v -0.026712 0.879766 -0.230595
v -0.153836 0.701231 0.049984
v -0.026712 0.863535 -0.242933
v -0.149614 0.698104 0.048612
v -0.143836 0.696027 0.046735
v -0.143844 0.688999 0.046738
v -0.026712 0.821730 -0.261152
v -0.145037 0.677807 0.047125
v -0.026712 0.795475 -0.267125
v -0.026712 0.765001 -0.270708
v -0.149807 0.661789 0.048675
v -0.159553 0.643755 0.051842
v -0.024037 0.684719 -0.179053
v -0.024037 0.719670 -0.198985
v -0.172879 0.627681 0.056172
v -0.186612 0.616491 0.060634
v -0.024037 0.786597 -0.167764
v -0.197002 0.610336 0.064010
v -0.024037 0.815704 -0.132469
v -0.202038 0.607802 0.065646
v -0.203265 0.605508 0.066045
v -0.024037 0.851228 -0.121535
v -0.024037 0.868262 -0.125582
v -0.200650 0.565723 0.065195
v -0.196640 0.525505 0.063892
v -0.189700 0.476085 0.061637
v -0.024037 0.896127 -0.157210
v -0.024037 0.897166 -0.176671
v -0.179673 0.422171 0.058379
v -0.166853 0.367801 0.054214
v -0.024037 0.892629 -0.194348
v -0.151690 0.315858 0.049287
v -0.024037 0.872582 -0.222839
v -0.135048 0.268552 0.043880
v -0.118604 0.228179 0.038537
v -0.104449 0.196901 0.033938
v -0.024037 0.840017 -0.243397
v -0.024037 0.818779 -0.251001
v -0.094396 0.176222 0.030671
v -0.089227 0.165991 0.028992
v -0.087688 0.162968 0.028492
v -0.024037 0.764223 -0.260165
v -0.087507 0.157720 0.028433
v -0.006744 0.681631 -0.182321
v -0.087463 0.152430 0.028419
v -0.006744 0.718564 -0.203343
v -0.087133 0.146159 0.028311
v -0.006744 0.770895 -0.193279
v -0.085665 0.140306 0.027834
v -0.006744 0.790368 -0.170213
v -0.082289 0.136157 0.026737
v -0.078042 0.133953 0.025357
v -0.073874 0.132636 0.024003
v -0.006744 0.866818 -0.129841
v -0.073871 0.126638 0.024002
v -0.006744 0.891732 -0.158161
v -0.069604 0.119480 0.022616
v -0.066453 0.109572 0.021592
v -0.067512 0.095253 0.021936
v -0.006744 0.888439 -0.192717
v -0.075091 0.078997 0.024399
v -0.006744 0.880561 -0.207108
v -0.087912 0.064839 0.028564
v -0.006744 0.869527 -0.219540
v -0.103593 0.054719 0.033660
v -0.006744 0.838206 -0.239281
v -0.119799 0.047388 0.038925
v -0.133901 0.041698 0.043507
v -0.147883 0.036134 0.048050
v -0.147916 0.030130 0.048061
v -0.151323 0.027832 0.049168
v 0.016728 0.682458 -0.181445
v 0.016728 0.718861 -0.202175
v -0.156135 0.024158 0.050731
v 0.016728 0.770101 -0.192372
v -0.161026 0.018121 0.052321
v -0.163941 0.010623 0.053268
v 0.016728 0.789357 -0.169557
v 0.016728 0.817734 -0.135061
v -0.165015 0.004219 0.053617
v -0.155386 0.000000 0.050488
v 0.016728 0.885135 -0.140651
v -0.133942 0.726631 0.097315
v -0.133939 0.719268 0.097313
v 0.016728 0.892909 -0.157906
v -0.133843 0.713207 0.097243
v 0.016728 0.893894 -0.176314
v -0.133120 0.706592 0.096717
v -0.130861 0.701231 0.095076
v 0.016728 0.881547 -0.207800
v 0.016728 0.870345 -0.220424
v -0.127269 0.698104 0.092466
v -0.122354 0.696027 0.088896
v 0.016728 0.856087 -0.231241
v -0.122361 0.688999 0.088901
v 0.016728 0.838691 -0.240383
v -0.123376 0.677807 0.089638
v -0.127433 0.661789 0.092586
v 0.016728 0.793140 -0.253459
v -0.135724 0.643755 0.098609
v 0.016728 0.763981 -0.256882
v -0.147059 0.627681 0.106845
v 0.024037 0.737755 -0.201244
v -0.158742 0.616491 0.115333
v -0.167580 0.610336 0.121754
v -0.171864 0.607802 0.124867
v -0.172907 0.605508 0.125625
v -0.026712 0.737627 -0.197090
v -0.170683 0.565723 0.124008
v -0.016728 0.737849 -0.204286
v -0.167272 0.525505 0.121530
v 0.006744 0.737883 -0.205399
v -0.161369 0.476085 0.117241
v 0.026712 0.737627 -0.197090
v -0.152839 0.422171 0.111044
v 0.024037 0.737327 -0.187322
v -0.141934 0.367801 0.103121
v -0.129035 0.315858 0.093750
v -0.114879 0.268552 0.083464
v -0.100890 0.228179 0.073301
v -0.088850 0.196901 0.064553
v -0.024037 0.737755 -0.201244
v -0.080298 0.176222 0.058340
v -0.006744 0.737883 -0.205399
v -0.075901 0.165991 0.055145
v 0.016728 0.737849 -0.204286
v -0.074592 0.162968 0.054194
v 0.024037 0.797991 -0.146704
v -0.074438 0.157720 0.054082
v 0.026712 0.790299 -0.139664
v -0.074401 0.152430 0.054055
v -0.006744 0.783755 -0.133674
v -0.074120 0.146159 0.053851
v -0.072871 0.140306 0.052944
v -0.026712 0.794719 -0.143710
v -0.069999 0.136157 0.050857
v -0.066387 0.133953 0.048233
v -0.016728 0.800386 -0.148896
v -0.062841 0.132636 0.045657
v 0.006744 0.801262 -0.149699
v -0.062839 0.126638 0.045655
v 0.026712 0.794719 -0.143710
v -0.059209 0.119480 0.043018
v 0.024037 0.787027 -0.136669
v -0.056528 0.109572 0.041070
v -0.057429 0.095253 0.041725
v -0.063876 0.078997 0.046409
v -0.026712 0.790299 -0.139664
v -0.024037 0.797991 -0.146704
v -0.074782 0.064839 0.054333
v -0.006744 0.801262 -0.149699
v -0.088122 0.054719 0.064024
v -0.101907 0.047388 0.074040
v -0.113903 0.041698 0.082755
v -0.125796 0.036134 0.091396
v -0.125825 0.030130 0.091417
v -0.128723 0.027832 0.093523
v -0.132817 0.024158 0.096497
v -0.136977 0.018121 0.099519
v -0.139457 0.010623 0.101321
v 0.006744 0.831994 -0.128222
v -0.140370 0.004219 0.101985
v -0.132179 0.000000 0.096034
v 0.026712 0.829839 -0.119837
v -0.097315 0.726631 0.133942
v -0.097313 0.719268 0.133939
v -0.097243 0.713207 0.133843
v -0.096717 0.706592 0.133120
v -0.095076 0.701231 0.130861
v -0.006744 0.831994 -0.128222
v 0.016728 0.831705 -0.127098
v -0.092466 0.698104 0.127269
v -0.088896 0.696027 0.122354
v -0.088901 0.688999 0.122361
v 0.016728 0.748380 -0.181872
v -0.089638 0.677807 0.123376
v -0.006744 0.747904 -0.180867
v -0.092586 0.661789 0.127433
v -0.026712 0.753858 -0.193430
v -0.098609 0.643755 0.135724
v -0.016728 0.756935 -0.199923
v -0.106845 0.627681 0.147059
v 0.006744 0.757411 -0.200928
v -0.115333 0.616491 0.158742
v -0.121754 0.610336 0.167580
v -0.124867 0.607802 0.171864
v -0.125625 0.605508 0.172907
v -0.016728 0.748380 -0.181872
v -0.124008 0.565723 0.170683
v -0.121530 0.525505 0.167272
v -0.117241 0.476085 0.161369
v -0.006744 0.757411 -0.200928
v -0.111044 0.422171 0.152839
v -0.103121 0.367801 0.141934
v 0.016728 0.756935 -0.199923
v 0.024037 0.755635 -0.197179
v -0.093750 0.315858 0.129035
v -0.083464 0.268552 0.114879
v -0.073301 0.228179 0.100890
v -0.064553 0.196901 0.088850
v -0.058340 0.176222 0.080298
v -0.055145 0.165991 0.075901
v -0.054194 0.162968 0.074592
v -0.054082 0.157720 0.074438
v -0.054055 0.152430 0.074401
v -0.053851 0.146159 0.074120
v -0.052944 0.140306 0.072871
v -0.050857 0.136157 0.069999
v -0.048233 0.133953 0.066387
v -0.045657 0.132636 0.062841
v -0.045655 0.126638 0.062839
v -0.043018 0.119480 0.059209
v -0.041070 0.109572 0.056528
v -0.041725 0.095253 0.057429
v -0.046409 0.078997 0.063876
v -0.016728 0.729737 -0.279415
v -0.054333 0.064839 0.074782
v 0.006744 0.729730 -0.280620
v -0.064024 0.054719 0.088122
v -0.074040 0.047388 0.101907
v -0.082755 0.041698 0.113903
v -0.091396 0.036134 0.125796
v -0.091417 0.030130 0.125825
v -0.093523 0.027832 0.128723
v -0.096497 0.024158 0.132817
v -0.024037 0.729755 -0.276124
v -0.006744 0.729730 -0.280620
v -0.099519 0.018121 0.136977
v 0.016728 0.729737 -0.279415
v -0.101321 0.010623 0.139457
v -0.101985 0.004219 0.140370
v -0.096034 0.000000 0.132179
v 0.024037 0.729841 -0.261056
v -0.051161 0.726631 0.157459
v -0.051160 0.719268 0.157455
v -0.026712 0.627230 -0.261933
v -0.051123 0.713207 0.157342
v -0.050847 0.706592 0.156492
v -0.049984 0.701231 0.153836
v -0.048612 0.698104 0.149614
v -0.016728 0.625891 -0.269606
v -0.016728 0.505896 -0.239370
v -0.046735 0.696027 0.143836
v -0.046738 0.688999 0.143844
v -0.016728 0.381126 -0.194380
v -0.047125 0.677807 0.145037
v 0.006744 0.625684 -0.270793
v -0.048675 0.661789 0.149807
v 0.006744 0.505537 -0.240520
v -0.051842 0.643755 0.159553
v -0.056172 0.627681 0.172879
v -0.060634 0.616491 0.186612
v -0.064010 0.610336 0.197002
v 0.024037 0.626457 -0.266363
v -0.065646 0.607802 0.202039
v 0.024037 0.506878 -0.236228
v 0.024037 0.382391 -0.191341
v -0.066045 0.605508 0.203265
v -0.065195 0.565723 0.200650
v 0.026712 0.628274 -0.255949
v -0.063892 0.525505 0.196640
v -0.061637 0.476085 0.189700
v -0.058379 0.422171 0.179673
v -0.054214 0.367801 0.166853
v -0.049287 0.315858 0.151690
v -0.043880 0.268552 0.135048
v -0.038537 0.228179 0.118604
v -0.033938 0.196901 0.104449
v -0.030671 0.176222 0.094396
v -0.028991 0.165991 0.089227
v -0.028492 0.162968 0.087688
v -0.028433 0.157720 0.087507
v -0.028419 0.152430 0.087463
v -0.028311 0.146159 0.087133
v -0.026712 0.386454 -0.181581
v -0.027834 0.140306 0.085665
v -0.026737 0.136157 0.082289
v -0.025357 0.133953 0.078042
v -0.024037 0.506878 -0.236228
v -0.024003 0.132636 0.073874
v -0.024002 0.126638 0.073871
v -0.024037 0.382391 -0.191341
v -0.022616 0.119480 0.069604
v -0.021592 0.109572 0.066453
v -0.006744 0.625684 -0.270793
v -0.021936 0.095253 0.067512
v -0.006744 0.505537 -0.240520
v -0.024399 0.078997 0.075091
v -0.006744 0.380663 -0.195493
v -0.028564 0.064839 0.087912
v 0.016728 0.625891 -0.269606
v -0.033660 0.054719 0.103593
v 0.016728 0.505896 -0.239370
v -0.038925 0.047388 0.119799
v -0.043507 0.041698 0.133901
v 0.016728 0.381126 -0.194380
v -0.048050 0.036134 0.147883
v -0.048061 0.030130 0.147916
v -0.049168 0.027832 0.151323
v 0.026712 0.384119 -0.187190
v -0.050731 0.024158 0.156135
v -0.052320 0.018121 0.161026
v -0.053268 0.010623 0.163941
v 0.024037 0.629047 -0.251519
v -0.053616 0.004219 0.165015
v -0.050488 0.000000 0.155386
v 0.000000 0.726631 0.165562
v 0.006744 0.629820 -0.247089
v 0.000000 0.719268 0.165558
v 0.000000 0.713207 0.165439
v 0.000000 0.706592 0.164545
v 0.000000 0.701231 0.161753
v -0.016728 0.629613 -0.248276
v -0.016728 0.512354 -0.218704
v 0.000000 0.698104 0.157313
v 0.000000 0.696027 0.151238
v 0.000000 0.688999 0.151247
v 0.000000 0.677807 0.152501
v 0.000000 0.661789 0.157516
v 0.000000 0.643755 0.167764
v 0.000000 0.627681 0.181775
v 0.000000 0.616491 0.196216
v -0.024037 0.793695 -0.256704
v 0.000000 0.610336 0.207140
v 0.000000 0.607802 0.212436
v 0.000000 0.605508 0.213725
v 0.000000 0.565723 0.210976
v -0.024037 0.857855 -0.234017
v 0.000000 0.525505 0.206760
v -0.024037 0.884242 -0.209690
v 0.000000 0.476085 0.199462
v 0.000000 0.422171 0.188919
v 0.000000 0.367801 0.175440
v 0.000000 0.315858 0.159496
v -0.024037 0.887661 -0.138540
v 0.000000 0.268552 0.141998
v 0.000000 0.228179 0.124707
v 0.000000 0.196901 0.109824
v 0.000000 0.176222 0.099254
v 0.000000 0.165991 0.093818
v 0.000000 0.162968 0.092201
v -0.024037 0.767934 -0.189895
v 0.000000 0.157720 0.092010
v 0.000000 0.152430 0.091964
v 0.000000 0.146159 0.091617
v 0.000000 0.140306 0.090073
v 0.000000 0.136157 0.086524
v 0.000000 0.133953 0.082059
v 0.000000 0.132636 0.077676
v 0.000000 0.126638 0.077673
v 0.000000 0.119480 0.073186
v 0.000000 0.109572 0.069873
v 0.000000 0.095253 0.070986
v -0.026712 0.906459 -0.154975
v 0.000000 0.078997 0.078955
v 0.000000 0.064839 0.092436
v -0.026712 0.902481 -0.198182
v 0.000000 0.054719 0.108925
v 0.000000 0.047388 0.125964
v 0.000000 0.041698 0.140791
v 0.000000 0.036134 0.155493
v -0.026712 0.844274 -0.253073
v 0.000000 0.030130 0.155528
v 0.000000 0.027832 0.159111
v 0.000000 0.024158 0.164170
v -0.016728 0.697331 -0.165710
v 0.000000 0.018121 0.169313
v 0.000000 0.010623 0.172378
v -0.016728 0.724186 -0.181189
v -0.016728 0.755842 -0.176079
v 0.000000 0.004219 0.173507
v 0.000000 0.000000 0.163382
v -0.016728 0.771198 -0.157765
v -0.016728 0.804385 -0.118014
v -0.016728 0.851592 -0.103179
v 0.051161 0.726631 0.157459
v -0.016728 0.874157 -0.108194
v 0.051160 0.719268 0.157455
v -0.016728 0.901749 -0.126767
v 0.051124 0.713207 0.157342
v 0.050847 0.706592 0.156492
v 0.049984 0.701231 0.153836
v 0.048612 0.698104 0.149614
v -0.016728 0.909739 -0.201007
v 0.046735 0.696027 0.143836
v 0.046738 0.688999 0.143844
v -0.016728 0.885059 -0.236309
v -0.016728 0.867719 -0.249502
v 0.047125 0.677807 0.145037
v 0.048675 0.661789 0.149807
v 0.051842 0.643755 0.159553
v -0.016728 0.823904 -0.268631
v 0.056172 0.627681 0.172879
v -0.016728 0.796787 -0.274802
v 0.060634 0.616491 0.186612
v -0.016728 0.765574 -0.278475
v 0.006744 0.698159 -0.164834
v 0.064010 0.610336 0.197002
v 0.065646 0.607802 0.202038
v 0.006744 0.724483 -0.180021
v 0.066045 0.605508 0.203265
v 0.006744 0.755049 -0.175172
v 0.065195 0.565723 0.200650
v 0.006744 0.770188 -0.157109
v 0.063892 0.525505 0.196640
v 0.006744 0.803642 -0.117065
v 0.061637 0.476085 0.189700
v 0.006744 0.851615 -0.101974
v 0.006744 0.874544 -0.107053
v 0.058379 0.422171 0.179673
v 0.054214 0.367801 0.166853
v 0.006744 0.902674 -0.125994
v 0.049287 0.315858 0.151690
v 0.006744 0.915249 -0.153073
v 0.006744 0.916615 -0.178796
v 0.043880 0.268552 0.135048
v 0.006744 0.910862 -0.201444
v 0.038537 0.228179 0.118604
v 0.006744 0.900259 -0.220926
v 0.033938 0.196901 0.104449
v 0.006744 0.885877 -0.237193
v 0.030671 0.176222 0.094396
v 0.028991 0.165991 0.089227
v 0.006744 0.868366 -0.250519
v 0.028492 0.162968 0.087688
v 0.028433 0.157720 0.087507
v 0.006744 0.824240 -0.269788
v 0.006744 0.796990 -0.275989
v 0.028419 0.152430 0.087463
v 0.028311 0.146159 0.087133
v 0.006744 0.765662 -0.279677
v 0.027834 0.140306 0.085665
v 0.024037 0.695070 -0.168102
v 0.026737 0.136157 0.082289
v 0.024037 0.758010 -0.178556
v 0.025357 0.133953 0.078042
v 0.024003 0.132636 0.073874
v 0.024002 0.126638 0.073871
v 0.022616 0.119480 0.069604
v 0.024037 0.851526 -0.106470
v 0.024037 0.873100 -0.111312
v 0.021592 0.109572 0.066453
v 0.021936 0.095253 0.067512
v 0.024037 0.899223 -0.128878
v 0.024037 0.910854 -0.154024
v 0.024399 0.078997 0.075091
v 0.024037 0.912145 -0.178308
v 0.028564 0.064839 0.087912
v 0.024037 0.906672 -0.199813
v 0.033660 0.054719 0.103593
v 0.024037 0.896578 -0.218344
v 0.038925 0.047388 0.119799
v 0.043507 0.041698 0.133901
v 0.048050 0.036134 0.147883
v 0.048061 0.030130 0.147916
v 0.049168 0.027832 0.151323
v 0.024037 0.822985 -0.265470
v 0.050731 0.024158 0.156135
v 0.052320 0.018121 0.161026
v 0.053268 0.010623 0.163941
v 0.026712 0.720776 -0.194626
v 0.053617 0.004219 0.165015
v 0.026712 0.764972 -0.186511
v 0.050488 0.000000 0.155386
v 0.097315 0.726631 0.133942
v 0.097313 0.719268 0.133939
v 0.026712 0.869706 -0.121324
v 0.097243 0.713207 0.133843
v 0.096717 0.706592 0.133120
v 0.095076 0.701231 0.130861
v 0.092466 0.698104 0.127269
v 0.088896 0.696027 0.122354
v 0.088901 0.688999 0.122361
v 0.089638 0.677807 0.123376
v 0.092586 0.661789 0.127433
v 0.026712 0.841827 -0.247513
v 0.098609 0.643755 0.135724
v 0.106845 0.627681 0.147059
v 0.115333 0.616491 0.158742
v 0.121754 0.610336 0.167580
v 0.124867 0.607802 0.171864
v 0.125625 0.605508 0.172907
v 0.124009 0.565723 0.170683
v 0.121530 0.525505 0.167272
v 0.117241 0.476085 0.161369
v 0.016728 0.851163 -0.124826
v 0.111044 0.422171 0.152839
v 0.016728 0.867205 -0.128700
v 0.103121 0.367801 0.141934
v 0.093750 0.315858 0.129035
v 0.083465 0.268552 0.114879
v 0.073301 0.228179 0.100890
v 0.016728 0.889562 -0.193154
v 0.064553 0.196901 0.088850
v 0.058340 0.176222 0.080298
v 0.055145 0.165991 0.075901
v 0.054194 0.162968 0.074592
v 0.054082 0.157720 0.074438
v 0.016728 0.817860 -0.247840
v 0.054055 0.152430 0.074401
v 0.053851 0.146159 0.074120
v 0.052944 0.140306 0.072871
v 0.050857 0.136157 0.069999
v 0.048233 0.133953 0.066387
v 0.045657 0.132636 0.062841
v 0.045655 0.126638 0.062839
v -0.006744 0.818477 -0.136010
v 0.043018 0.119480 0.059209
v -0.006744 0.851139 -0.126031
v 0.041070 0.109572 0.056528
v 0.041725 0.095253 0.057429
v 0.046409 0.078997 0.063876
v -0.006744 0.884210 -0.141423
v 0.054333 0.064839 0.074782
v -0.006744 0.892696 -0.176183
v 0.064024 0.054719 0.088122
v 0.074040 0.047388 0.101907
v 0.082755 0.041698 0.113903
v 0.091396 0.036134 0.125796
v -0.006744 0.855439 -0.230224
v 0.091417 0.030130 0.125825
v 0.093523 0.027832 0.128723
v 0.096497 0.024158 0.132817
v -0.006744 0.817524 -0.246683
v -0.006744 0.792937 -0.252272
v 0.099520 0.018121 0.136977
v 0.101321 0.010623 0.139457
v -0.006744 0.763892 -0.255680
v 0.101985 0.004219 0.140370
v 0.096034 0.000000 0.132179
v 0.133942 0.726631 0.097315
v 0.133939 0.719268 0.097313
v 0.133843 0.713207 0.097243
v 0.133120 0.706592 0.096717
v 0.130861 0.701231 0.095076
v 0.127269 0.698104 0.092466
v 0.122354 0.696027 0.088896
v 0.122361 0.688999 0.088901
v 0.123376 0.677807 0.089638
v 0.127433 0.661789 0.092586
v 0.135724 0.643755 0.098609
v 0.147059 0.627681 0.106845
v 0.158742 0.616491 0.115333
v -0.026712 0.820034 -0.255319
v 0.167580 0.610336 0.121754
v 0.171864 0.607802 0.124867
v 0.172907 0.605508 0.125624
v -0.024037 0.723377 -0.184380
v 0.170683 0.565723 0.124008
v -0.024037 0.758010 -0.178556
v 0.167272 0.525505 0.121530
v 0.161369 0.476085 0.117241
v 0.152839 0.422171 0.111044
v 0.141934 0.367801 0.103121
v -0.024037 0.873100 -0.111312
v 0.129035 0.315858 0.093750
v 0.114879 0.268552 0.083464
v -0.024037 0.899223 -0.128878
v 0.100890 0.228179 0.073301
v -0.024037 0.910854 -0.154024
v 0.088850 0.196901 0.064553
v -0.024037 0.912145 -0.178308
v 0.080298 0.176222 0.058340
v 0.075901 0.165991 0.055145
v 0.074592 0.162968 0.054194
v -0.024037 0.865951 -0.246726
v 0.074438 0.157720 0.054082
v -0.024037 0.846084 -0.257189
v 0.074401 0.152430 0.054055
v -0.024037 0.822985 -0.265470
v 0.074120 0.146159 0.053851
v 0.072871 0.140306 0.052944
v 0.069999 0.136157 0.050857
v 0.066387 0.133953 0.048233
v 0.062841 0.132636 0.045657
v -0.006744 0.724483 -0.180021
v 0.062839 0.126638 0.045655
v -0.006744 0.755049 -0.175172
v 0.059209 0.119480 0.043018
v -0.006744 0.770188 -0.157109
v -0.006744 0.803642 -0.117065
v 0.056528 0.109572 0.041070
v -0.006744 0.851615 -0.101974
v 0.057429 0.095253 0.041725
v -0.006744 0.874544 -0.107053
v 0.063876 0.078997 0.046409
v -0.006744 0.902674 -0.125994
v 0.074782 0.064839 0.054333
v 0.088122 0.054719 0.064024
v -0.006744 0.915249 -0.153073
v -0.006744 0.916615 -0.178796
v 0.101907 0.047388 0.074040
v 0.113903 0.041698 0.082755
v -0.006744 0.910862 -0.201444
v -0.006744 0.900259 -0.220926
v 0.125796 0.036134 0.091396
v -0.006744 0.885877 -0.237193
v 0.125825 0.030130 0.091417
v 0.128723 0.027832 0.093523
v -0.006744 0.868366 -0.250519
v 0.132817 0.024158 0.096497
v -0.006744 0.824240 -0.269788
v 0.136977 0.018121 0.099519
v 0.139457 0.010623 0.101321
v -0.006744 0.796990 -0.275989
v -0.006744 0.765662 -0.279677
v 0.140370 0.004219 0.101985
v 0.016728 0.697331 -0.165710
v 0.132179 0.000000 0.096034
v -0.000000 0.010623 -0.163382
v 0.016728 0.724187 -0.181189
v 0.016728 0.755842 -0.176079
v 0.157459 0.726631 0.051161
v 0.016728 0.771198 -0.157765
v 0.157455 0.719268 0.051160
v 0.016728 0.804385 -0.118014
v 0.157342 0.713207 0.051124
v 0.016728 0.851592 -0.103179
v 0.156492 0.706592 0.050847
v 0.016728 0.874157 -0.108194
v 0.153836 0.701231 0.049984
v 0.016728 0.901749 -0.126767
v 0.016728 0.914071 -0.153328
v 0.149614 0.698104 0.048612
v 0.143836 0.696027 0.046735
v 0.143844 0.688999 0.046738
v 0.016728 0.909739 -0.201007
v 0.145037 0.677807 0.047125
v 0.016728 0.899273 -0.220234
v 0.149807 0.661789 0.048675
v 0.016728 0.867719 -0.249502
v 0.159553 0.643755 0.051842
v 0.172879 0.627681 0.056172
v 0.016728 0.823904 -0.268631
v 0.186612 0.616491 0.060634
v 0.197002 0.610336 0.064010
v 0.016728 0.765574 -0.278475
v 0.202038 0.607802 0.065646
v 0.203265 0.605508 0.066045
v 0.200650 0.565723 0.065195
v 0.026712 0.760971 -0.181940
v 0.196640 0.525505 0.063892
v 0.189700 0.476085 0.061637
v 0.179673 0.422171 0.058379
v 0.166853 0.367801 0.054214
v 0.151690 0.315858 0.049287
v 0.135048 0.268552 0.043880
v 0.118604 0.228179 0.038537
v 0.104449 0.196901 0.033938
v 0.094396 0.176222 0.030671
v 0.026712 0.902481 -0.198182
v 0.089227 0.165991 0.028992
v 0.087688 0.162968 0.028492
v 0.087507 0.157720 0.028433
v 0.087463 0.152430 0.028419
v 0.026712 0.844274 -0.253073
v 0.087133 0.146159 0.028311
v 0.026712 0.821730 -0.261152
v 0.085665 0.140306 0.027834
v 0.082289 0.136157 0.026737
v 0.078042 0.133953 0.025358
v 0.024037 0.719670 -0.198985
v 0.073874 0.132636 0.024003
v 0.024037 0.767934 -0.189895
v 0.073871 0.126638 0.024002
v 0.069604 0.119480 0.022616
v 0.024037 0.786597 -0.167764
v 0.066453 0.109572 0.021592
v 0.067512 0.095253 0.021936
v 0.024037 0.851228 -0.121535
v 0.075091 0.078997 0.024399
v 0.024037 0.868262 -0.125582
v 0.087912 0.064839 0.028564
v 0.024037 0.887661 -0.138540
v 0.024037 0.896127 -0.157210
v 0.103593 0.054719 0.033660
v 0.119799 0.047388 0.038925
v 0.024037 0.897166 -0.176671
v 0.133901 0.041698 0.043507
v 0.147883 0.036134 0.048050
v 0.024037 0.884242 -0.209690
v 0.147916 0.030130 0.048061
v 0.024037 0.872582 -0.222839
v 0.151323 0.027832 0.049168
v 0.024037 0.857855 -0.234017
v 0.156135 0.024158 0.050731
v 0.161026 0.018121 0.052321
v 0.163941 0.010623 0.053268
v 0.165015 0.004219 0.053617
v 0.165015 0.000000 0.053617
v 0.156822 0.726631 -0.000000
v 0.165562 0.726631 -0.000000
v 0.165558 0.719268 -0.000000
v 0.165439 0.713207 -0.000000
v 0.164545 0.706592 -0.000000
v 0.006744 0.866818 -0.129841
v 0.161753 0.701231 -0.000000
v 0.157313 0.698104 -0.000000
v 0.151238 0.696027 -0.000000
v 0.151247 0.688999 -0.000000
v 0.006744 0.888439 -0.192717
v 0.152501 0.677807 -0.000000
v 0.157516 0.661789 -0.000000
v 0.167764 0.643755 -0.000000
v 0.181775 0.627681 -0.000000
v 0.196216 0.616491 -0.000000
v 0.207140 0.610336 -0.000000
v 0.006744 0.792937 -0.252272
v 0.212436 0.607802 -0.000000
v 0.213725 0.605508 -0.000000
v 0.210976 0.565723 -0.000000
v 0.206760 0.525505 -0.000000
v 0.199462 0.476085 -0.000000
v 0.188919 0.422171 -0.000000
v 0.175440 0.367801 -0.000000
v 0.159496 0.315858 -0.000000
v 0.141998 0.268552 -0.000000
v 0.124707 0.228179 -0.000000
v 0.109824 0.196901 -0.000000
v 0.099254 0.176222 -0.000000
v 0.093818 0.165991 -0.000000
v 0.092201 0.162968 -0.000000
v 0.092010 0.157720 -0.000000
v 0.091964 0.152430 -0.000000
v 0.091617 0.146159 -0.000000
v 0.090073 0.140306 -0.000000
v 0.086524 0.136157 -0.000000
v 0.082059 0.133953 -0.000000
v 0.077676 0.132636 -0.000000
v -0.026712 0.737455 -0.191477
v 0.077673 0.126638 -0.000000
v -0.016728 0.737233 -0.184281
v 0.073186 0.119480 -0.000000
v 0.006744 0.737199 -0.183168
v 0.069873 0.109572 -0.000000
v 0.070986 0.095253 -0.000000
v 0.078955 0.078997 -0.000000
v 0.092436 0.064839 -0.000000
v 0.108925 0.054719 -0.000000
v 0.125964 0.047388 -0.000000
v 0.140791 0.041698 -0.000000
v -0.024037 0.737327 -0.187322
v 0.155493 0.036134 -0.000000
v -0.006744 0.737199 -0.183168
v 0.155528 0.030130 -0.000000
v 0.016728 0.737233 -0.184281
v 0.026712 0.737455 -0.191477
v 0.159111 0.027832 -0.000000
v 0.164170 0.024158 -0.000000
v 0.169313 0.018121 -0.000000
v 0.172378 0.010623 -0.000000
v 0.173507 0.004219 -0.000000
v 0.173507 0.000000 -0.000000
v 0.149147 0.726631 -0.048461
v -0.016728 0.784632 -0.134477
v 0.006744 0.783755 -0.133674
v 0.157459 0.726631 -0.051161
v 0.157455 0.719268 -0.051160
v 0.157342 0.713207 -0.051124
v 0.016728 0.800386 -0.148896
v 0.156492 0.706592 -0.050847
v 0.153836 0.701231 -0.049984
v 0.149614 0.698104 -0.048612
v 0.143836 0.696027 -0.046735
v -0.024037 0.787027 -0.136669
v 0.143844 0.688999 -0.046738
v 0.145037 0.677807 -0.047125
v 0.016728 0.784632 -0.134477
v 0.149807 0.661789 -0.048675
v 0.159553 0.643755 -0.051842
v 0.172879 0.627681 -0.056172
v 0.186612 0.616491 -0.060634
v 0.197002 0.610336 -0.064010
v -0.024037 0.830917 -0.124029
v 0.202038 0.607802 -0.065646
v -0.026712 0.828384 -0.114173
v -0.016728 0.826519 -0.106912
v 0.203265 0.605508 -0.066045
v 0.200650 0.565723 -0.065195
v 0.006744 0.826230 -0.105788
v 0.024037 0.827307 -0.109981
v 0.196640 0.525505 -0.063892
v 0.189700 0.476085 -0.061637
v 0.179673 0.422171 -0.058379
v 0.166853 0.367801 -0.054214
v -0.026712 0.829839 -0.119837
v 0.151690 0.315858 -0.049287
v 0.135048 0.268552 -0.043880
v -0.024037 0.827307 -0.109981
v -0.006744 0.826230 -0.105788
v 0.118604 0.228179 -0.038537
v 0.104449 0.196901 -0.033938
v 0.016728 0.826519 -0.106912
v 0.094396 0.176222 -0.030671
v 0.026712 0.828384 -0.114173
v 0.024037 0.830917 -0.124029
v 0.089227 0.165991 -0.028992
v 0.087688 0.162968 -0.028492
v -0.016728 0.831705 -0.127098
v 0.087507 0.157720 -0.028433
v -0.026712 0.751458 -0.188365
v 0.087463 0.152430 -0.028419
v 0.087133 0.146159 -0.028311
v 0.006744 0.747904 -0.180867
v 0.085665 0.140306 -0.027834
v 0.082289 0.136157 -0.026737
v 0.024037 0.749681 -0.184616
v 0.026712 0.753858 -0.193430
v 0.078042 0.133953 -0.025358
v 0.073874 0.132636 -0.024003
v 0.073871 0.126638 -0.024002
v 0.069604 0.119480 -0.022616
v -0.024037 0.749681 -0.184616
v 0.066453 0.109572 -0.021592
v 0.067512 0.095253 -0.021936
v 0.075091 0.078997 -0.024399
v 0.026712 0.751458 -0.188365
v 0.087912 0.064839 -0.028564
v 0.103593 0.054719 -0.033660
v 0.119799 0.047388 -0.038925
v 0.133901 0.041698 -0.043507
v 0.147883 0.036134 -0.048050
v -0.024037 0.755635 -0.197179
v 0.147916 0.030130 -0.048061
v 0.151323 0.027832 -0.049168
v 0.156135 0.024158 -0.050731
v 0.161026 0.018121 -0.052321
v 0.163941 0.010623 -0.053268
v 0.165015 0.004219 -0.053617
v 0.165015 0.000000 -0.053617
v 0.133942 0.726631 -0.097315
v 0.133939 0.719268 -0.097313
v 0.133843 0.713207 -0.097243
v 0.133120 0.706592 -0.096717
v 0.130861 0.701231 -0.095076
v 0.127269 0.698104 -0.092466
v 0.122354 0.696027 -0.088896
v 0.122361 0.688999 -0.088901
v 0.123376 0.677807 -0.089638
v 0.026712 0.729781 0.271627
v 0.127433 0.661789 -0.092586
v 0.135724 0.643755 -0.098609
v 0.147059 0.627681 -0.106845
v -0.026712 0.729816 0.265552
v 0.158742 0.616491 -0.115333
v 0.167580 0.610336 -0.121754
v -0.016728 0.729860 0.257764
v 0.171864 0.607802 -0.124867
v 0.006744 0.729867 0.256559
v 0.024037 0.729841 0.261056
v 0.172907 0.605508 -0.125625
v 0.026712 0.729816 0.265552
v 0.170683 0.565723 -0.124009
v 0.167272 0.525505 -0.121530
v 0.161368 0.476085 -0.117241
v 0.152839 0.422171 -0.111044
v 0.141934 0.367801 -0.103121
v -0.026712 0.729781 0.271627
v 0.129035 0.315858 -0.093750
v -0.024037 0.729841 0.261056
v 0.114879 0.268552 -0.083465
v -0.006744 0.729867 0.256559
v 0.016728 0.729860 0.257764
v 0.100890 0.228179 -0.073301
v 0.088850 0.196901 -0.064553
v 0.026712 0.508219 0.231936
v 0.080298 0.176222 -0.058340
v 0.075901 0.165991 -0.055145
v 0.074592 0.162968 -0.054194
v 0.074438 0.157720 -0.054082
v 0.074401 0.152430 -0.054055
v 0.074120 0.146159 -0.053851
v 0.072871 0.140306 -0.052944
v 0.069999 0.136157 -0.050857
v -0.006744 0.625684 0.270793
v 0.066387 0.133953 -0.048233
v 0.062841 0.132636 -0.045657
v -0.006744 0.380663 0.195493
v 0.062839 0.126638 -0.045655
v 0.059209 0.119480 -0.043018
v 0.056528 0.109572 -0.041070
v -0.024037 0.506878 0.236228
v 0.057429 0.095253 -0.041725
v -0.024037 0.382391 0.191341
v 0.063876 0.078997 -0.046409
v 0.074782 0.064839 -0.054333
v -0.026712 0.510031 0.226138
v 0.088122 0.054719 -0.064024
v 0.101907 0.047388 -0.074040
v -0.026712 0.386454 0.181581
v 0.113903 0.041698 -0.082755
v 0.125796 0.036134 -0.091396
v -0.016728 0.629613 0.248276
v 0.125825 0.030130 -0.091417
v -0.016728 0.512354 0.218704
v 0.128723 0.027832 -0.093523
v 0.132817 0.024158 -0.096497
v 0.136977 0.018121 -0.099520
v 0.006744 0.629820 0.247089
v 0.006744 0.512714 0.217554
v 0.139457 0.010623 -0.101321
v 0.140370 0.004219 -0.101985
v 0.140370 0.000000 -0.101985
v 0.026712 0.628274 0.255949
v 0.026712 0.510031 0.226138
v 0.097315 0.726631 -0.133942
v 0.097313 0.719268 -0.133939
v 0.097243 0.713207 -0.133843
v 0.024037 0.626457 0.266363
v 0.096717 0.706592 -0.133120
v 0.095076 0.701231 -0.130861
v 0.092466 0.698104 -0.127269
v 0.088896 0.696027 -0.122354
v 0.088901 0.688999 -0.122361
v 0.089638 0.677807 -0.123376
v 0.092586 0.661789 -0.127433
v 0.098609 0.643755 -0.135724
v 0.106845 0.627681 -0.147060
v 0.115333 0.616491 -0.158742
v 0.121754 0.610336 -0.167580
v 0.124867 0.607802 -0.171864
v 0.125624 0.605508 -0.172907
v -0.026712 0.508219 0.231936
v 0.124008 0.565723 -0.170683
v -0.026712 0.384119 0.187190
v 0.121530 0.525505 -0.167272
v 0.117241 0.476085 -0.161369
v 0.111044 0.422171 -0.152839
v -0.024037 0.629047 0.251519
v -0.024037 0.511372 0.221846
v 0.103121 0.367801 -0.141934
v 0.093750 0.315858 -0.129035
v -0.024037 0.388182 0.177430
v 0.083464 0.268552 -0.114879
v -0.006744 0.629820 0.247089
v 0.073301 0.228179 -0.100890
v -0.006744 0.512714 0.217554
v 0.064553 0.196901 -0.088850
v 0.058340 0.176222 -0.080298
v 0.055145 0.165991 -0.075901
v 0.054194 0.162968 -0.074592
v 0.016728 0.512354 0.218704
v 0.054082 0.157720 -0.074438
v 0.054055 0.152430 -0.074401
v 0.053851 0.146159 -0.074120
v 0.052944 0.140306 -0.072871
v 0.050857 0.136157 -0.069999
v 0.048233 0.133953 -0.066387
v 0.045657 0.132636 -0.062841
v 0.024037 0.764223 0.260165
v 0.045655 0.126638 -0.062839
v 0.043018 0.119480 -0.059209
v 0.041070 0.109572 -0.056528
v 0.024037 0.818779 0.251001
v 0.041725 0.095253 -0.057429
v 0.024037 0.840017 0.243397
v 0.024037 0.857855 0.234017
v 0.046409 0.078997 -0.063876
v 0.054333 0.064839 -0.074782
v 0.024037 0.872582 0.222839
v 0.064024 0.054719 -0.088122
v 0.074040 0.047388 -0.101907
v 0.024037 0.892629 0.194348
v 0.024037 0.897166 0.176671
v 0.082755 0.041698 -0.113903
v 0.024037 0.896127 0.157210
v 0.091396 0.036134 -0.125796
v 0.091417 0.030130 -0.125825
v 0.093523 0.027832 -0.128723
v 0.024037 0.868262 0.125582
v 0.096497 0.024158 -0.132817
v 0.024037 0.815705 0.132469
v 0.099519 0.018121 -0.136977
v 0.101321 0.010623 -0.139457
v 0.101985 0.004219 -0.140370
v 0.101985 0.000000 -0.140370
v 0.048461 0.726631 -0.149147
v 0.024037 0.684719 0.179053
v 0.026712 0.691981 0.171370
v 0.051161 0.726631 -0.157459
v 0.026712 0.722271 0.188738
v 0.051160 0.719268 -0.157455
v 0.051124 0.713207 -0.157342
v 0.026712 0.760971 0.181940
v 0.026712 0.777730 0.162007
v 0.050847 0.706592 -0.156492
v 0.026712 0.809187 0.124146
v 0.049984 0.701231 -0.153836
v 0.048612 0.698104 -0.149614
v 0.026712 0.851437 0.110966
v 0.026712 0.871656 0.115570
v 0.046735 0.696027 -0.143836
v 0.026712 0.895773 0.131761
v 0.046738 0.688999 -0.143844
v 0.047125 0.677807 -0.145037
v 0.026712 0.906459 0.154975
v 0.048675 0.661789 -0.149807
v 0.026712 0.907675 0.177820
v 0.051842 0.643755 -0.159553
v 0.026712 0.902481 0.198182
v 0.026712 0.892897 0.215762
v 0.056172 0.627681 -0.172879
v 0.060634 0.616491 -0.186612
v 0.026712 0.879766 0.230595
v 0.064010 0.610336 -0.197002
v 0.026712 0.863535 0.242933
v 0.065646 0.607802 -0.202038
v 0.066045 0.605508 -0.203265
v 0.065195 0.565723 -0.200650
v 0.026712 0.795475 0.267125
v 0.063892 0.525505 -0.196640
v 0.026712 0.765001 0.270708
v 0.061637 0.476085 -0.189700
v 0.016728 0.697331 0.165710
v 0.058379 0.422171 -0.179673
v 0.054214 0.367801 -0.166853
v 0.016728 0.755842 0.176079
v 0.049287 0.315858 -0.151690
v 0.043880 0.268552 -0.135048
v 0.038537 0.228179 -0.118604
v 0.033938 0.196901 -0.104449
v 0.030671 0.176222 -0.094396
v 0.028991 0.165991 -0.089227
v 0.016728 0.915417 0.178666
v 0.028492 0.162968 -0.087688
v 0.028433 0.157720 -0.087507
v 0.028419 0.152430 -0.087463
v 0.016728 0.885059 0.236309
v 0.028311 0.146159 -0.087133
v 0.027834 0.140306 -0.085665
v 0.026737 0.136157 -0.082289
v 0.025357 0.133953 -0.078042
v 0.024003 0.132636 -0.073874
v 0.016728 0.765574 0.278475
v 0.024002 0.126638 -0.073871
v 0.022616 0.119480 -0.069604
v 0.021592 0.109572 -0.066453
v 0.021936 0.095253 -0.067512
v -0.006744 0.770188 0.157109
v 0.024399 0.078997 -0.075091
v 0.028564 0.064839 -0.087912
v 0.033660 0.054719 -0.103593
v -0.006744 0.851615 0.101974
v 0.038925 0.047388 -0.119799
v 0.043507 0.041698 -0.133901
v 0.048050 0.036134 -0.147883
v 0.048061 0.030130 -0.147916
v 0.049168 0.027832 -0.151323
v 0.050731 0.024158 -0.156135
v 0.052320 0.018121 -0.161026
v 0.053268 0.010623 -0.163941
v 0.053617 0.004219 -0.165015
v 0.050488 0.000000 -0.155386
v -0.024037 0.695070 0.168102
v -0.024037 0.758010 0.178556
v -0.024037 0.773959 0.159558
v -0.024037 0.806414 0.120606
v -0.024037 0.906672 0.199813
v -0.024037 0.896578 0.218344
v -0.024037 0.882822 0.233894
v -0.024037 0.765332 0.275192
v -0.026712 0.687808 0.175785
v -0.026712 0.764972 0.186511
v -0.026712 0.782825 0.165315
v -0.026712 0.812932 0.128929
v -0.026712 0.851317 0.117039
v -0.026712 0.869706 0.121324
v -0.026712 0.891111 0.135656
v -0.026712 0.900522 0.156259
v -0.026712 0.901636 0.177160
v -0.026712 0.896820 0.195979
v -0.026712 0.887923 0.212273
v -0.026712 0.875638 0.226138
v -0.026712 0.860271 0.237810
v -0.026712 0.841827 0.247513
v -0.026712 0.820034 0.255319
v -0.026712 0.794452 0.261137
v -0.016728 0.682458 0.181445
v -0.016728 0.718861 0.202175
v -0.016728 0.770101 0.192372
v -0.016728 0.789357 0.169557
v -0.016728 0.817734 0.135061
v -0.016728 0.851163 0.124826
v -0.016728 0.867205 0.128700
v -0.016728 0.885135 0.140651
v -0.016728 0.893894 0.176314
v -0.016728 0.889562 0.193154
v -0.016728 0.881547 0.207800
v -0.016728 0.870345 0.220424
v -0.016728 0.856087 0.231241
v -0.016728 0.817860 0.247840
v -0.016728 0.793140 0.253459
v -0.016728 0.763981 0.256882
v 0.006744 0.681631 0.182321
v 0.006744 0.718564 0.203343
v 0.006744 0.770895 0.193279
v 0.006744 0.790368 0.170213
v 0.006744 0.851139 0.126031
v 0.006744 0.866818 0.129841
v 0.006744 0.884210 0.141423
v 0.006744 0.891732 0.158161
v 0.006744 0.892696 0.176183
v 0.006744 0.880561 0.207108
v 0.006744 0.869527 0.219540
v 0.006744 0.855439 0.230224
v 0.006744 0.838206 0.239281
v 0.006744 0.817524 0.246683
v 0.026712 0.687808 0.175785
v 0.026712 0.720776 0.194626
v 0.026712 0.764972 0.186511
v 0.026712 0.782825 0.165315
v 0.026712 0.812932 0.128929
v 0.026712 0.851317 0.117039
v 0.026712 0.869706 0.121324
v 0.026712 0.891111 0.135656
v 0.026712 0.900522 0.156259
v 0.026712 0.901636 0.177160
v 0.026712 0.896820 0.195979
v 0.026712 0.887923 0.212273
v 0.026712 0.875638 0.226138
v 0.026712 0.860271 0.237810
v 0.026712 0.841827 0.247513
v 0.026712 0.820034 0.255319
v 0.026712 0.794452 0.261137
v 0.026712 0.764554 0.264649
v 0.024037 0.695070 0.168102
v 0.024037 0.773959 0.159558
v 0.024037 0.806414 0.120606
v 0.024037 0.896578 0.218344
v 0.024037 0.882822 0.233894
v 0.024037 0.796233 0.271557
v 0.024037 0.765332 0.275192
v 0.006744 0.770188 0.157109
v 0.006744 0.851615 0.101974
v -0.016728 0.697331 0.165710
v -0.016728 0.851592 0.103179
v -0.016728 0.915417 0.178666
v -0.016728 0.885059 0.236309
v -0.026712 0.691981 0.171370
v -0.026712 0.722271 0.188738
v -0.026712 0.777730 0.162007
v -0.026712 0.809187 0.124146
v -0.026712 0.851437 0.110966
v -0.026712 0.895773 0.131761
v -0.026712 0.907675 0.177820
v -0.026712 0.892897 0.215762
v -0.026712 0.879766 0.230595
v -0.026712 0.863535 0.242933
v -0.026712 0.821730 0.261152
v -0.026712 0.795475 0.267125
v -0.026712 0.765001 0.270708
v -0.024037 0.684719 0.179053
v -0.024037 0.786597 0.167764
v -0.024037 0.815704 0.132469
v -0.024037 0.887661 0.138540
v -0.024037 0.896127 0.157210
v -0.024037 0.897166 0.176671
v -0.024037 0.872582 0.222839
v -0.024037 0.840017 0.243397
v -0.024037 0.818779 0.251001
v -0.024037 0.764223 0.260165
v -0.006744 0.681631 0.182321
v -0.006744 0.718564 0.203343
v -0.006744 0.770895 0.193279
v -0.006744 0.790368 0.170213
v -0.006744 0.818477 0.136010
v -0.006744 0.851139 0.126031
v -0.006744 0.884210 0.141423
v -0.006744 0.891732 0.158161
v -0.006744 0.892696 0.176183
v -0.006744 0.888439 0.192717
v -0.006744 0.880561 0.207108
v -0.006744 0.869527 0.219540
v -0.006744 0.855439 0.230224
v -0.006744 0.838206 0.239281
v -0.006744 0.817524 0.246683
v -0.006744 0.792937 0.252272
v 0.016728 0.682458 0.181445
v 0.016728 0.718861 0.202175
v 0.016728 0.770101 0.192372
v 0.016728 0.789357 0.169557
v 0.016728 0.817734 0.135061
v 0.016728 0.851163 0.124826
v 0.016728 0.867205 0.128700
v 0.016728 0.885135 0.140651
v 0.016728 0.893894 0.176314
v 0.016728 0.881547 0.207800
v 0.016728 0.870345 0.220424
v 0.016728 0.856087 0.231241
v 0.016728 0.838691 0.240383
v 0.016728 0.817860 0.247840
v 0.016728 0.793140 0.253459
v 0.016728 0.763981 0.256882
v 0.026712 0.737455 0.191477
v -0.006744 0.737199 0.183168
v -0.026712 0.737627 0.197090
v -0.016728 0.737849 0.204286
v 0.006744 0.737883 0.205399
v 0.026712 0.737627 0.197090
v -0.024037 0.737755 0.201244
v -0.006744 0.737883 0.205399
v 0.024037 0.797991 0.146704
v 0.026712 0.790299 0.139664
v 0.016728 0.784632 0.134477
v -0.024037 0.787027 0.136669
v -0.026712 0.794719 0.143710
v -0.016728 0.800386 0.148896
v 0.006744 0.801262 0.149699
v 0.026712 0.794719 0.143710
v 0.024037 0.787027 0.136669
v -0.026712 0.790299 0.139664
v -0.024037 0.797991 0.146704
v -0.006744 0.801262 0.149699
v 0.016728 0.800386 0.148896
v -0.016728 0.831705 0.127098
v 0.006744 0.831994 0.128222
v 0.026712 0.829839 0.119837
v -0.024037 0.830917 0.124029
v -0.006744 0.831994 0.128222
v 0.026712 0.751458 0.188365
v -0.016728 0.756935 0.199923
v 0.006744 0.757411 0.200928
v 0.026712 0.753858 0.193430
v 0.024037 0.749681 0.184616
v -0.026712 0.751458 0.188365
v -0.024037 0.755635 0.197179
v 0.016728 0.756935 0.199923
v -0.016728 0.729737 0.279415
v 0.006744 0.729730 0.280620
v 0.024037 0.729755 0.276124
v -0.024037 0.729755 0.276124
v -0.006744 0.729730 0.280620
v 0.016728 0.729737 0.279415
v -0.026712 0.627230 0.261933
v -0.016728 0.625891 0.269606
v -0.016728 0.505896 0.239370
v -0.016728 0.381126 0.194380
v 0.006744 0.625684 0.270793
v 0.006744 0.505537 0.240520
v 0.006744 0.380663 0.195493
v 0.024037 0.506878 0.236228
v 0.024037 0.382391 0.191341
v 0.026712 0.386454 0.181581
v 0.016728 0.629613 0.248276
v -0.026712 0.628274 0.255949
v -0.024037 0.626457 0.266363
v -0.006744 0.505537 0.240520
v 0.016728 0.625891 0.269606
v 0.016728 0.505896 0.239370
v 0.016728 0.381126 0.194380
v 0.026712 0.627230 0.261933
v 0.026712 0.384119 0.187190
v 0.024037 0.629047 0.251519
v 0.024037 0.511372 0.221846
v 0.024037 0.388182 0.177430
v -0.024037 0.793695 0.256704
v -0.024037 0.857855 0.234017
v -0.024037 0.884242 0.209690
v -0.024037 0.892629 0.194348
v -0.024037 0.868262 0.125582
v -0.024037 0.851228 0.121535
v -0.024037 0.767934 0.189895
v -0.024037 0.719670 0.198985
v -0.026712 0.760971 0.181940
v -0.026712 0.871656 0.115570
v -0.026712 0.906459 0.154975
v -0.026712 0.902481 0.198182
v -0.026712 0.844274 0.253073
v -0.016728 0.724186 0.181189
v -0.016728 0.755842 0.176079
v -0.016728 0.771198 0.157765
v -0.016728 0.804385 0.118014
v -0.016728 0.874157 0.108194
v -0.016728 0.901749 0.126767
v -0.016728 0.914071 0.153328
v -0.016728 0.909739 0.201007
v -0.016728 0.899273 0.220234
v -0.016728 0.867719 0.249502
v -0.016728 0.847410 0.260202
v -0.016728 0.823904 0.268631
v -0.016728 0.796787 0.274802
v -0.016728 0.765574 0.278475
v 0.006744 0.698159 0.164834
v 0.006744 0.724483 0.180021
v 0.006744 0.755049 0.175172
v 0.006744 0.803642 0.117065
v 0.006744 0.874544 0.107053
v 0.006744 0.902674 0.125994
v 0.006744 0.915249 0.153073
v 0.006744 0.916615 0.178796
v 0.006744 0.910862 0.201444
v 0.006744 0.900259 0.220926
v 0.006744 0.885877 0.237193
v 0.006744 0.868366 0.250519
v 0.006744 0.847895 0.261305
v 0.006744 0.824240 0.269788
v 0.006744 0.796990 0.275989
v 0.006744 0.765662 0.279677
v 0.024037 0.723377 0.184380
v 0.024037 0.758010 0.178556
v 0.024037 0.851526 0.106470
v 0.024037 0.873100 0.111312
v 0.024037 0.899223 0.128878
v 0.024037 0.910854 0.154024
v 0.024037 0.912145 0.178308
v 0.024037 0.906672 0.199813
v 0.024037 0.865951 0.246726
v 0.024037 0.846084 0.257189
v 0.024037 0.822985 0.265470
v 0.016728 0.892909 0.157906
v 0.016728 0.889562 0.193154
v -0.006744 0.866818 0.129841
v -0.006744 0.763892 0.255680
v -0.026712 0.720776 0.194626
v -0.026712 0.764554 0.264649
v -0.024037 0.723377 0.184380
v -0.024037 0.851526 0.106470
v -0.024037 0.873100 0.111312
v -0.024037 0.899223 0.128878
v -0.024037 0.910854 0.154024
v -0.024037 0.912145 0.178308
v -0.024037 0.865951 0.246726
v -0.024037 0.846084 0.257189
v -0.024037 0.822985 0.265470
v -0.024037 0.796233 0.271557
v -0.006744 0.698159 0.164834
v -0.006744 0.724483 0.180021
v -0.006744 0.755049 0.175172
v -0.006744 0.803642 0.117065
v -0.006744 0.874544 0.107053
v -0.006744 0.902674 0.125994
v -0.006744 0.915249 0.153073
v -0.006744 0.916615 0.178796
v -0.006744 0.910862 0.201444
v -0.006744 0.900259 0.220926
v -0.006744 0.885877 0.237193
v -0.006744 0.868366 0.250519
v -0.006744 0.847895 0.261305
v -0.006744 0.824240 0.269788
v -0.006744 0.796990 0.275989
v -0.006744 0.765662 0.279677
v 0.016728 0.724187 0.181189
v 0.016728 0.771198 0.157765
v 0.016728 0.804385 0.118014
v 0.016728 0.851592 0.103179
v 0.016728 0.874157 0.108194
v 0.016728 0.901749 0.126767
v 0.016728 0.914071 0.153328
v 0.016728 0.909739 0.201007
v 0.016728 0.899273 0.220234
v 0.016728 0.867719 0.249502
v 0.016728 0.847410 0.260202
v 0.016728 0.823904 0.268631
v 0.016728 0.796787 0.274802
v 0.026712 0.844274 0.253073
v 0.026712 0.821730 0.261152
v 0.024037 0.719670 0.198985
v 0.024037 0.767934 0.189895
v 0.024037 0.786597 0.167764
v 0.024037 0.851228 0.121535
v 0.024037 0.887661 0.138540
v 0.024037 0.884242 0.209690
v 0.024037 0.793695 0.256704
v 0.006744 0.818477 0.136010
v 0.006744 0.888439 0.192717
v 0.006744 0.792937 0.252272
v 0.006744 0.763892 0.255680
v -0.016728 0.892909 0.157906
v -0.016728 0.838691 0.240383
v -0.026712 0.737455 0.191477
v -0.016728 0.737233 0.184281
v 0.006744 0.737199 0.183168
v 0.024037 0.737327 0.187322
v 0.016728 0.737849 0.204286
v -0.024037 0.737327 0.187322
v 0.016728 0.737233 0.184281
v 0.024037 0.737755 0.201244
v -0.016728 0.784632 0.134477
v 0.006744 0.783755 0.133674
v -0.006744 0.783755 0.133674
v -0.026712 0.828384 0.114173
v -0.016728 0.826519 0.106912
v 0.006744 0.826230 0.105788
v 0.024037 0.827307 0.109981
v 0.016728 0.831705 0.127098
v -0.026712 0.829839 0.119837
v -0.024037 0.827307 0.109981
v -0.006744 0.826230 0.105788
v 0.016728 0.826519 0.106912
v 0.026712 0.828384 0.114173
v 0.024037 0.830917 0.124029
v -0.016728 0.748380 0.181872
v 0.006744 0.747904 0.180867
v -0.006744 0.757411 0.200928
v -0.026712 0.753858 0.193430
v -0.024037 0.749681 0.184616
v -0.006744 0.747904 0.180867
v 0.016728 0.748380 0.181872
v 0.024037 0.755635 0.197179
v 0.010322 0.433785 -0.189556
v -0.013598 0.428097 -0.187925
v -0.016728 0.422660 -0.186366
v -0.006744 0.439999 -0.191337
v -0.026144 0.367801 -0.171299
v -0.024037 0.385162 -0.175937
v -0.024037 0.293501 -0.147419
v -0.025658 0.315858 -0.155433
v 0.015822 0.273456 -0.141306
v 0.024037 0.293501 -0.147419
v 0.024037 0.385162 -0.175937
v 0.026712 0.339558 -0.162540
v 0.022480 0.289201 -0.146076
v 0.005012 0.277411 -0.144481
v 0.000000 0.283804 -0.147640
v -0.017502 0.275416 -0.141765
v -0.026712 0.339649 -0.162568
v -0.026712 0.350954 -0.166038
v -0.022831 0.388391 -0.176929
v -0.020491 0.401621 -0.180579
v 0.000000 0.446473 -0.193672
v 0.016855 0.422171 -0.186250
v 0.018225 0.414423 -0.184112
v 0.022831 0.388391 -0.176929
v 0.023384 0.665342 -0.152700
v 0.003658 0.663033 -0.156547
v 0.000000 0.663374 -0.157020
v 0.006744 0.662745 -0.156149
v -0.017522 0.663283 -0.154273
v -0.026712 0.675761 -0.148911
v -0.026712 0.669762 -0.150789
v -0.022408 0.681800 -0.148504
v -0.017375 0.684872 -0.148957
v 0.000000 0.688388 -0.151315
v -0.004639 0.687897 -0.150635
v 0.018605 0.684120 -0.148847
v 0.026712 0.669762 -0.150789
v 0.026712 0.675761 -0.148911
v 0.026457 0.669363 -0.150955
v 0.024501 0.679883 -0.148388
v 0.010149 0.686853 -0.149880
v -0.013535 0.686037 -0.149435
v -0.025545 0.677807 -0.148455
v -0.024293 0.665974 -0.152358
v -0.008142 0.662781 -0.155916
v 0.015631 0.662975 -0.154669
v -0.010322 0.433785 -0.189556
v 0.011312 0.432066 -0.189063
v 0.006744 0.439999 -0.191337
v 0.016728 0.422660 -0.186366
v 0.026144 0.367801 -0.171299
v 0.025658 0.315858 -0.155433
v 0.016728 0.273281 -0.141098
v 0.006744 0.275200 -0.143389
v -0.015822 0.273456 -0.141306
v -0.006744 0.275200 -0.143389
v -0.016728 0.273281 -0.141098
v -0.026712 0.361648 -0.169321
v -0.022480 0.289201 -0.146076
v -0.005012 0.277411 -0.144481
v 0.017502 0.275416 -0.141765
v 0.026712 0.350954 -0.166038
v 0.026712 0.341452 -0.163121
v 0.022729 0.388969 -0.177088
v -0.016855 0.422171 -0.186250
v -0.024037 0.665572 -0.152525
v 0.017522 0.663283 -0.154273
v 0.022408 0.681800 -0.148504
v 0.020793 0.682786 -0.148650
v 0.016728 0.685267 -0.149015
v 0.006744 0.687674 -0.150327
v -0.018605 0.684120 -0.148847
v -0.026319 0.669146 -0.151044
v -0.024501 0.679883 -0.148388
v -0.010149 0.686853 -0.149880
v 0.013535 0.686037 -0.149435
v 0.025545 0.677807 -0.148455
v 0.024293 0.665974 -0.152358
v 0.008142 0.662781 -0.155916
v -0.015631 0.662975 -0.154669
v 0.016728 0.422660 0.186366
v 0.010322 0.433785 0.189556
v -0.010817 0.432925 0.189309
v -0.006882 0.439760 0.191269
v -0.024037 0.385162 0.175937
v 0.015822 0.273456 0.141306
v 0.016728 0.273281 0.141098
v 0.025656 0.315858 0.155433
v 0.024037 0.385162 0.175937
v 0.022480 0.289201 0.146076
v 0.005012 0.277411 0.144481
v 0.000000 0.283804 0.147640
v -0.017502 0.275416 0.141765
v -0.026712 0.350954 0.166038
v -0.026712 0.341452 0.163121
v -0.022729 0.388969 0.177088
v 0.020490 0.401622 0.180580
v 0.022831 0.388391 0.176929
v 0.023384 0.665342 0.152700
v 0.006744 0.662745 0.156149
v 0.000000 0.663374 0.157020
v -0.003658 0.663033 0.156547
v -0.016728 0.663004 0.154486
v -0.017522 0.663283 0.154273
v -0.024037 0.665572 0.152525
v -0.026712 0.669762 0.150789
v -0.026712 0.675761 0.148911
v -0.022408 0.681800 0.148504
v 0.004639 0.687897 0.150635
v 0.000000 0.688388 0.151315
v 0.018605 0.684120 0.148847
v 0.017374 0.684873 0.148957
v 0.026712 0.675761 0.148911
v 0.026712 0.669762 0.150789
v 0.026319 0.669146 0.151044
v 0.024501 0.679883 0.148388
v 0.025545 0.677807 0.148455
v 0.010149 0.686853 0.149880
v -0.013535 0.686037 0.149435
v -0.024293 0.665974 0.152358
v -0.008142 0.662781 0.155916
v 0.015631 0.662975 0.154669
v -0.016728 0.422660 0.186366
v 0.013598 0.428097 0.187925
v 0.006882 0.439760 0.191269
v 0.026712 0.361648 0.169321
v 0.026144 0.367801 0.171299
v 0.024037 0.293501 0.147419
v 0.026712 0.325519 0.158231
v 0.006744 0.275200 0.143389
v -0.015822 0.273456 0.141306
v -0.006744 0.275200 0.143389
v -0.026712 0.325519 0.158231
v -0.025656 0.315858 0.155433
v -0.024037 0.293501 0.147419
v -0.026145 0.367801 0.171299
v -0.026712 0.361648 0.169321
v -0.022480 0.289201 0.146076
v -0.005012 0.277411 0.144481
v 0.017502 0.275416 0.141765
v 0.026712 0.350954 0.166038
v 0.026712 0.339649 0.162568
v -0.018225 0.414423 0.184112
v -0.022831 0.388391 0.176929
v -0.023384 0.665342 0.152700
v 0.017522 0.663283 0.154273
v 0.022408 0.681800 0.148504
v -0.006744 0.687674 0.150327
v 0.006744 0.687674 0.150327
v -0.020792 0.682786 0.148650
v -0.018605 0.684120 0.148847
v -0.026457 0.669363 0.150955
v -0.025545 0.677807 0.148455
v -0.024501 0.679883 0.148388
v -0.010149 0.686853 0.149880
v 0.013535 0.686037 0.149435
v 0.024293 0.665974 0.152358
v 0.008142 0.662781 0.155916
v -0.015631 0.662975 0.154669
v -0.024039 0.680802 -0.148358
v -0.016730 0.685266 -0.149015
v -0.006746 0.687674 -0.150327
v -0.024039 0.680802 0.148358
v -0.016730 0.685266 0.149015
v 0.024035 0.680807 0.148358
v 0.016727 0.685267 0.149016
v 0.024035 0.680807 -0.148358
v -0.006746 0.662745 -0.156148
v -0.016726 0.663004 -0.154487
v -0.006746 0.662745 0.156148
v 0.016726 0.663004 0.154487
v 0.024035 0.665572 0.152525
v 0.016726 0.663004 -0.154487
v 0.024035 0.665572 -0.152525
v -0.007019 0.439522 -0.191201
v 0.000000 0.446473 0.193672
v 0.007019 0.439522 -0.191201
v -0.022547 0.389996 -0.177371
v -0.022547 0.389996 0.177371
v 0.022547 0.389996 0.177371
v 0.022547 0.389996 -0.177371
v -0.026712 0.325519 -0.158231
v 0.026712 0.325519 -0.158231
v 0.026712 0.361648 -0.169321
v -0.016730 0.273286 0.141099
v 0.000000 0.000000 0.173507
v 0.053617 0.000000 0.165015
v 0.000000 0.000000 -0.173507
v 0.053617 0.000000 -0.165015
v -0.050488 0.000000 -0.155386
v -0.101985 0.000000 -0.140370
v 0.155386 0.000000 0.050488
v 0.163382 0.000000 -0.000000
v -0.163382 0.000000 0.000000
v -0.165015 0.000000 0.053617
v -0.101985 0.000000 0.140370
v -0.053616 0.000000 0.165015
v 0.155386 0.000000 -0.050488
v -0.140370 0.000000 -0.101985
v -0.165015 0.000000 -0.053617
v -0.140370 0.000000 0.101985
v 0.101985 0.000000 0.140370
v 0.132179 0.000000 -0.096034
v 0.096034 0.000000 -0.132179
v 0.140370 0.000000 0.101985
v -0.096034 0.010623 -0.132179
v -0.132179 0.010623 -0.096034
v -0.155386 0.010623 -0.050488
v -0.155386 0.010623 0.050488
v -0.132179 0.010623 0.096034
v -0.096034 0.010623 0.132179
v -0.050488 0.010623 0.155386
v 0.000000 0.010623 0.163382
v 0.050488 0.010623 0.155386
v 0.096034 0.010623 0.132179
v 0.132179 0.010623 0.096034
v 0.050488 0.010623 -0.155386
v -0.050488 0.010623 -0.155386
v 0.155386 0.010623 0.050488
v 0.163382 0.010623 -0.000000
v -0.163382 0.010623 0.000000
v 0.155386 0.010623 -0.050488
v 0.132179 0.010623 -0.096034
v 0.096034 0.010623 -0.132179
v -0.000000 0.018121 -0.159423
v -0.093706 0.018121 -0.128976
v -0.128976 0.018121 -0.093706
v -0.151620 0.018121 -0.049264
v -0.151620 0.018121 0.049264
v -0.128976 0.018121 0.093706
v -0.093706 0.018121 0.128976
v -0.049264 0.018121 0.151620
v 0.000000 0.018121 0.159423
v 0.049264 0.018121 0.151620
v 0.093706 0.018121 0.128976
v 0.128976 0.018121 0.093706
v 0.049264 0.018121 -0.151620
v -0.049264 0.018121 -0.151620
v 0.151620 0.018121 0.049264
v 0.159423 0.018121 -0.000000
v -0.159423 0.018121 0.000000
v 0.151620 0.018121 -0.049264
v 0.128976 0.018121 -0.093706
v 0.093706 0.018121 -0.128976
v -0.000000 0.024158 -0.154173
v -0.090620 0.024158 -0.124728
v -0.124728 0.024158 -0.090620
v -0.146627 0.024158 -0.047642
v -0.146627 0.024158 0.047642
v -0.124728 0.024158 0.090620
v -0.090620 0.024158 0.124728
v -0.047642 0.024158 0.146627
v 0.000000 0.024158 0.154173
v 0.047642 0.024158 0.146627
v 0.090620 0.024158 0.124728
v 0.124728 0.024158 0.090620
v 0.047642 0.024158 -0.146627
v -0.047642 0.024158 -0.146627
v 0.146627 0.024158 0.047642
v 0.154173 0.024158 -0.000000
v -0.154173 0.024158 0.000000
v 0.146627 0.024158 -0.047642
v 0.124728 0.024158 -0.090620
v 0.090620 0.024158 -0.124728
v -0.000000 0.030130 -0.144507
v -0.084939 0.030130 -0.116909
v -0.116909 0.030130 -0.084939
v -0.137434 0.030130 -0.044655
v -0.137434 0.030130 0.044655
v -0.116909 0.030130 0.084939
v -0.084939 0.030130 0.116909
v -0.044655 0.030130 0.137434
v 0.000000 0.030130 0.144507
v 0.044655 0.030130 0.137434
v 0.084939 0.030130 0.116909
v 0.116909 0.030130 0.084939
v 0.044655 0.030130 -0.137434
v -0.044655 0.030130 -0.137434
v 0.137434 0.030130 0.044655
v 0.144507 0.030130 -0.000000
v -0.144507 0.030130 0.000000
v 0.137434 0.030130 -0.044655
v 0.116908 0.030130 -0.084939
v 0.084939 0.030130 -0.116909
vn -0.0000 -0.0339 0.9994
vn -0.0000 0.6521 0.7581
vn 0.2343 0.6521 0.7210
vn 0.3088 -0.0339 0.9505
vn 0.4456 0.6521 0.6134
vn 0.5874 -0.0339 0.8086
vn 0.6134 0.6521 0.4456
vn 0.8086 -0.0339 0.5874
vn 0.7210 0.6521 0.2343
vn 0.9505 -0.0339 0.3088
vn 0.7581 0.6521 -0.0000
vn 0.9994 -0.0339 -0.0000
vn 0.7210 0.6521 -0.2343
vn 0.9505 -0.0339 -0.3088
vn 0.6134 0.6521 -0.4456
vn 0.8086 -0.0339 -0.5874
vn 0.4456 0.6521 -0.6134
vn 0.5874 -0.0339 -0.8086
vn 0.2343 0.6521 -0.7210
vn 0.3088 -0.0339 -0.9505
vn -0.0000 0.6521 -0.7581
vn -0.0000 -0.0339 -0.9994
vn -0.2343 0.6521 -0.7210
vn -0.3088 -0.0339 -0.9505
vn -0.4456 0.6521 -0.6134
vn -0.5874 -0.0339 -0.8086
vn -0.6134 0.6521 -0.4456
vn -0.8086 -0.0339 -0.5874
vn -0.7210 0.6521 -0.2343
vn -0.9505 -0.0339 -0.3088
vn -0.7581 0.6521 -0.0000
vn -0.9994 -0.0339 -0.0000
vn -0.7210 0.6521 0.2343
vn -0.9505 -0.0339 0.3088
vn -0.6134 0.6521 0.4456
vn -0.8086 -0.0339 0.5874
vn -0.4456 0.6521 0.6134
vn -0.5874 -0.0339 0.8086
vn -0.2343 0.6521 0.7210
vn -0.3088 -0.0339 0.9505
vn -0.0000 1.0000 -0.0000
vn -0.0000 0.9997 0.0234
vn 0.0072 0.9997 0.0222
vn 0.0137 0.9997 0.0189
vn 0.0189 0.9997 0.0137
vn 0.0222 0.9997 0.0072
vn 0.0234 0.9997 -0.0000
vn 0.0222 0.9997 -0.0072
vn 0.0189 0.9997 -0.0137
vn 0.0137 0.9997 -0.0189
vn 0.0072 0.9997 -0.0222
vn -0.0000 0.9997 -0.0234
vn -0.0072 0.9997 -0.0222
vn -0.0137 0.9997 -0.0189
vn -0.0189 0.9997 -0.0137
vn -0.0222 0.9997 -0.0072
vn -0.0234 0.9997 -0.0000
vn -0.0222 0.9997 0.0072
vn -0.0189 0.9997 0.0137
vn -0.0137 0.9997 0.0189
vn -0.0072 0.9997 0.0222
vn -0.0000 0.9946 0.1035
vn 0.0320 0.9946 0.0985
vn 0.0609 0.9946 0.0838
vn 0.0838 0.9946 0.0609
vn 0.0985 0.9946 0.0320
vn 0.1035 0.9946 -0.0000
vn 0.0985 0.9946 -0.0320
vn 0.0838 0.9946 -0.0609
vn 0.0609 0.9946 -0.0838
vn 0.0320 0.9946 -0.0985
vn -0.0000 0.9946 -0.1035
vn -0.0320 0.9946 -0.0985
vn -0.0609 0.9946 -0.0838
vn -0.0838 0.9946 -0.0609
vn -0.0985 0.9946 -0.0320
vn -0.1035 0.9946 -0.0000
vn -0.0985 0.9946 0.0320
vn -0.0838 0.9946 0.0609
vn -0.0609 0.9946 0.0838
vn -0.0320 0.9946 0.0985
vn -0.0000 0.9434 0.3315
vn 0.1025 0.9434 0.3153
vn 0.1949 0.9434 0.2682
vn 0.2682 0.9434 0.1949
vn 0.3153 0.9434 0.1025
vn 0.3315 0.9434 -0.0000
vn 0.3153 0.9434 -0.1025
vn 0.2682 0.9434 -0.1949
vn 0.1949 0.9434 -0.2682
vn 0.1025 0.9434 -0.3153
vn -0.0000 0.9434 -0.3315
vn -0.1025 0.9434 -0.3153
vn -0.1949 0.9434 -0.2682
vn -0.2682 0.9434 -0.1949
vn -0.3153 0.9434 -0.1025
vn -0.3315 0.9434 -0.0000
vn -0.3153 0.9434 0.1025
vn -0.2682 0.9434 0.1949
vn -0.1949 0.9434 0.2682
vn -0.1025 0.9434 0.3153
vn -0.0000 0.7605 0.6493
vn 0.2006 0.7605 0.6175
vn 0.3816 0.7605 0.5253
vn 0.5253 0.7605 0.3816
vn 0.6175 0.7605 0.2006
vn 0.6493 0.7605 -0.0000
vn 0.6175 0.7605 -0.2006
vn 0.5253 0.7605 -0.3816
vn 0.3816 0.7605 -0.5253
vn 0.2006 0.7605 -0.6175
vn -0.0000 0.7605 -0.6493
vn -0.2006 0.7605 -0.6175
vn -0.3816 0.7605 -0.5253
vn -0.5253 0.7605 -0.3816
vn -0.6175 0.7605 -0.2006
vn -0.6493 0.7605 -0.0000
vn -0.6175 0.7605 0.2006
vn -0.5253 0.7605 0.3816
vn -0.3816 0.7605 0.5253
vn -0.2006 0.7605 0.6175
vn -0.0000 0.5592 0.8290
vn 0.2562 0.5592 0.7885
vn 0.4873 0.5592 0.6707
vn 0.6707 0.5592 0.4873
vn 0.7885 0.5592 0.2562
vn 0.8290 0.5592 -0.0000
vn 0.7885 0.5592 -0.2562
vn 0.6707 0.5592 -0.4873
vn 0.4873 0.5592 -0.6707
vn 0.2562 0.5592 -0.7885
vn -0.0000 0.5592 -0.8290
vn -0.2562 0.5592 -0.7885
vn -0.4873 0.5592 -0.6707
vn -0.6707 0.5592 -0.4873
vn -0.7885 0.5592 -0.2562
vn -0.8290 0.5592 -0.0000
vn -0.7885 0.5592 0.2562
vn -0.6707 0.5592 0.4873
vn -0.4873 0.5592 0.6707
vn -0.2562 0.5592 0.7885
vn -0.0000 0.4637 0.8860
vn 0.2738 0.4637 0.8426
vn 0.5208 0.4637 0.7168
vn 0.7168 0.4637 0.5208
vn 0.8426 0.4637 0.2738
vn 0.8860 0.4637 -0.0000
vn 0.8426 0.4637 -0.2738
vn 0.7168 0.4637 -0.5208
vn 0.5208 0.4637 -0.7168
vn 0.2738 0.4637 -0.8426
vn -0.0000 0.4637 -0.8860
vn -0.2738 0.4637 -0.8426
vn -0.5208 0.4637 -0.7168
vn -0.7168 0.4637 -0.5208
vn -0.8426 0.4637 -0.2738
vn -0.8860 0.4637 -0.0000
vn -0.8426 0.4637 0.2738
vn -0.7168 0.4637 0.5208
vn -0.5208 0.4637 0.7168
vn -0.2738 0.4637 0.8426
vn -0.0000 0.4115 0.9114
vn 0.2816 0.4115 0.8668
vn 0.5357 0.4115 0.7373
vn 0.7373 0.4115 0.5357
vn 0.8668 0.4115 0.2816
vn 0.9114 0.4115 -0.0000
vn 0.8668 0.4115 -0.2816
vn 0.7373 0.4115 -0.5357
vn 0.5357 0.4115 -0.7373
vn 0.2816 0.4115 -0.8668
vn -0.0000 0.4115 -0.9114
vn -0.2816 0.4115 -0.8668
vn -0.5357 0.4115 -0.7373
vn -0.7373 0.4115 -0.5357
vn -0.8668 0.4115 -0.2816
vn -0.9114 0.4115 -0.0000
vn -0.8668 0.4115 0.2816
vn -0.7373 0.4115 0.5357
vn -0.5357 0.4115 0.7373
vn -0.2816 0.4115 0.8668
vn -0.0000 0.3639 0.9315
vn 0.2878 0.3639 0.8859
vn 0.5475 0.3639 0.7536
vn 0.7536 0.3639 0.5475
vn 0.8859 0.3639 0.2878
vn 0.9315 0.3639 -0.0000
vn 0.8859 0.3639 -0.2878
vn 0.7536 0.3639 -0.5475
vn 0.5475 0.3639 -0.7536
vn 0.2878 0.3639 -0.8859
vn -0.0000 0.3639 -0.9315
vn -0.2878 0.3639 -0.8859
vn -0.5475 0.3639 -0.7536
vn -0.7536 0.3639 -0.5475
vn -0.8859 0.3639 -0.2878
vn -0.9315 0.3639 -0.0000
vn -0.8859 0.3639 0.2878
vn -0.7536 0.3639 0.5475
vn -0.5475 0.3639 0.7536
vn -0.2878 0.3639 0.8859
vn -0.0000 0.3112 0.9504
vn 0.2937 0.3112 0.9038
vn 0.5586 0.3112 0.7689
vn 0.7689 0.3112 0.5586
vn 0.9038 0.3112 0.2937
vn 0.9504 0.3112 -0.0000
vn 0.9038 0.3112 -0.2937
vn 0.7689 0.3112 -0.5586
vn 0.5586 0.3112 -0.7689
vn 0.2937 0.3112 -0.9038
vn -0.0000 0.3112 -0.9504
vn -0.2937 0.3112 -0.9038
vn -0.5586 0.3112 -0.7689
vn -0.7689 0.3112 -0.5586
vn -0.9038 0.3112 -0.2937
vn -0.9504 0.3112 -0.0000
vn -0.9038 0.3112 0.2937
vn -0.7689 0.3112 0.5586
vn -0.5586 0.3112 0.7689
vn -0.2937 0.3112 0.9038
vn -0.0000 0.2574 0.9663
vn 0.2986 0.2574 0.9190
vn 0.5680 0.2574 0.7818
vn 0.7818 0.2574 0.5680
vn 0.9190 0.2574 0.2986
vn 0.9663 0.2574 -0.0000
vn 0.9190 0.2574 -0.2986
vn 0.7818 0.2574 -0.5680
vn 0.5680 0.2574 -0.7818
vn 0.2986 0.2574 -0.9190
vn -0.0000 0.2574 -0.9663
vn -0.2986 0.2574 -0.9190
vn -0.5680 0.2574 -0.7818
vn -0.7818 0.2574 -0.5680
vn -0.9190 0.2574 -0.2986
vn -0.9663 0.2574 -0.0000
vn -0.9190 0.2574 0.2986
vn -0.7818 0.2574 0.5680
vn -0.5680 0.2574 0.7818
vn -0.2986 0.2574 0.9190
vn -0.0000 0.2069 0.9784
vn 0.3023 0.2069 0.9305
vn 0.5751 0.2069 0.7915
vn 0.7915 0.2069 0.5751
vn 0.9305 0.2069 0.3023
vn 0.9784 0.2069 -0.0000
vn 0.9305 0.2069 -0.3023
vn 0.7915 0.2069 -0.5751
vn 0.5751 0.2069 -0.7915
vn 0.3023 0.2069 -0.9305
vn -0.0000 0.2069 -0.9784
vn -0.3023 0.2069 -0.9305
vn -0.5751 0.2069 -0.7915
vn -0.7915 0.2069 -0.5751
vn -0.9305 0.2069 -0.3023
vn -0.9784 0.2069 -0.0000
vn -0.9305 0.2069 0.3023
vn -0.7915 0.2069 0.5751
vn -0.5751 0.2069 0.7915
vn -0.3023 0.2069 0.9305
vn -0.0000 0.1587 0.9873
vn 0.3051 0.1587 0.9390
vn 0.5803 0.1587 0.7988
vn 0.7988 0.1587 0.5803
vn 0.9390 0.1587 0.3051
vn 0.9873 0.1587 -0.0000
vn 0.9390 0.1587 -0.3051
vn 0.7988 0.1587 -0.5803
vn 0.5803 0.1587 -0.7988
vn 0.3051 0.1587 -0.9390
vn -0.0000 0.1587 -0.9873
vn -0.3051 0.1587 -0.9390
vn -0.5803 0.1587 -0.7988
vn -0.7988 0.1587 -0.5803
vn -0.9390 0.1587 -0.3051
vn -0.9873 0.1587 -0.0000
vn -0.9390 0.1587 0.3051
vn -0.7988 0.1587 0.5803
vn -0.5803 0.1587 0.7988
vn -0.3051 0.1587 0.9390
vn -0.0000 0.1125 0.9937
vn 0.3071 0.1125 0.9450
vn 0.5841 0.1125 0.8039
vn 0.8039 0.1125 0.5841
vn 0.9450 0.1125 0.3071
vn 0.9937 0.1125 -0.0000
vn 0.9450 0.1125 -0.3071
vn 0.8039 0.1125 -0.5841
vn 0.5841 0.1125 -0.8039
vn 0.3071 0.1125 -0.9450
vn -0.0000 0.1125 -0.9937
vn -0.3071 0.1125 -0.9450
vn -0.5841 0.1125 -0.8039
vn -0.8039 0.1125 -0.5841
vn -0.9450 0.1125 -0.3071
vn -0.9937 0.1125 -0.0000
vn -0.9450 0.1125 0.3071
vn -0.8039 0.1125 0.5841
vn -0.5841 0.1125 0.8039
vn -0.3071 0.1125 0.9450
vn -0.0000 0.0749 0.9972
vn 0.3081 0.0749 0.9484
vn 0.5861 0.0749 0.8067
vn 0.8067 0.0749 0.5861
vn 0.9484 0.0749 0.3081
vn 0.9972 0.0749 -0.0000
vn 0.9484 0.0749 -0.3081
vn 0.8067 0.0749 -0.5861
vn 0.5861 0.0749 -0.8067
vn 0.3081 0.0749 -0.9484
vn -0.0000 0.0749 -0.9972
vn -0.3081 0.0749 -0.9484
vn -0.5861 0.0749 -0.8067
vn -0.8067 0.0749 -0.5861
vn -0.9484 0.0749 -0.3081
vn -0.9972 0.0749 -0.0000
vn -0.9484 0.0749 0.3081
vn -0.8067 0.0749 0.5861
vn -0.5861 0.0749 0.8067
vn -0.3081 0.0749 0.9484
vn -0.0000 0.0585 0.9983
vn 0.3085 0.0585 0.9494
vn 0.5868 0.0585 0.8076
vn 0.8076 0.0585 0.5868
vn 0.9494 0.0585 0.3085
vn 0.9983 0.0585 -0.0000
vn 0.9494 0.0585 -0.3085
vn 0.8076 0.0585 -0.5868
vn 0.5868 0.0585 -0.8076
vn 0.3085 0.0585 -0.9494
vn -0.0000 0.0585 -0.9983
vn -0.3085 0.0585 -0.9494
vn -0.5868 0.0585 -0.8076
vn -0.8076 0.0585 -0.5868
vn -0.9494 0.0585 -0.3085
vn -0.9983 0.0585 -0.0000
vn -0.9494 0.0585 0.3085
vn -0.8076 0.0585 0.5868
vn -0.5868 0.0585 0.8076
vn -0.3085 0.0585 0.9494
vn -0.0000 -0.4592 0.8883
vn 0.2745 -0.4592 0.8448
vn 0.5221 -0.4592 0.7187
vn 0.7187 -0.4592 0.5221
vn 0.8448 -0.4592 0.2745
vn 0.8883 -0.4592 -0.0000
vn 0.8448 -0.4592 -0.2745
vn 0.7187 -0.4592 -0.5221
vn 0.5221 -0.4592 -0.7187
vn 0.2745 -0.4592 -0.8448
vn -0.0000 -0.4592 -0.8883
vn -0.2745 -0.4592 -0.8448
vn -0.5221 -0.4592 -0.7187
vn -0.7187 -0.4592 -0.5221
vn -0.8448 -0.4592 -0.2745
vn -0.8883 -0.4592 -0.0000
vn -0.8448 -0.4592 0.2745
vn -0.7187 -0.4592 0.5221
vn -0.5221 -0.4592 0.7187
vn -0.2745 -0.4592 0.8448
vn -0.0000 -0.8534 0.5213
vn -0.0000 -0.7827 0.6224
vn 0.1923 -0.7827 0.5919
vn 0.1611 -0.8534 0.4958
vn 0.3658 -0.7827 0.5035
vn 0.3064 -0.8534 0.4217
vn 0.5035 -0.7827 0.3658
vn 0.4217 -0.8534 0.3064
vn 0.5919 -0.7827 0.1923
vn 0.4958 -0.8534 0.1611
vn 0.6224 -0.7827 -0.0000
vn 0.5213 -0.8534 -0.0000
vn 0.5919 -0.7827 -0.1923
vn 0.4958 -0.8534 -0.1611
vn 0.5035 -0.7827 -0.3658
vn 0.4217 -0.8534 -0.3064
vn 0.3658 -0.7827 -0.5035
vn 0.3064 -0.8534 -0.4217
vn 0.1923 -0.7827 -0.5919
vn 0.1611 -0.8534 -0.4958
vn -0.0000 -0.7827 -0.6224
vn -0.0000 -0.8534 -0.5213
vn -0.1923 -0.7827 -0.5919
vn -0.1611 -0.8534 -0.4958
vn -0.3658 -0.7827 -0.5035
vn -0.3064 -0.8534 -0.4217
vn -0.5035 -0.7827 -0.3658
vn -0.4217 -0.8534 -0.3064
vn -0.5919 -0.7827 -0.1923
vn -0.4958 -0.8534 -0.1611
vn -0.6224 -0.7827 -0.0000
vn -0.5213 -0.8534 -0.0000
vn -0.5919 -0.7827 0.1923
vn -0.4958 -0.8534 0.1611
vn -0.5035 -0.7827 0.3658
vn -0.4217 -0.8534 0.3064
vn -0.3658 -0.7827 0.5035
vn -0.3064 -0.8534 0.4217
vn -0.1923 -0.7827 0.5919
vn -0.1611 -0.8534 0.4958
vn -0.0000 -0.6555 0.7552
vn 0.2334 -0.6555 0.7183
vn 0.4439 -0.6555 0.6110
vn 0.6110 -0.6555 0.4439
vn 0.7183 -0.6555 0.2334
vn 0.7552 -0.6555 -0.0000
vn 0.7183 -0.6555 -0.2334
vn 0.6110 -0.6555 -0.4439
vn 0.4439 -0.6555 -0.6110
vn 0.2334 -0.6555 -0.7183
vn -0.0000 -0.6555 -0.7552
vn -0.2334 -0.6555 -0.7183
vn -0.4439 -0.6555 -0.6110
vn -0.6110 -0.6555 -0.4439
vn -0.7183 -0.6555 -0.2334
vn -0.7552 -0.6555 -0.0000
vn -0.7183 -0.6555 0.2334
vn -0.6110 -0.6555 0.4439
vn -0.4439 -0.6555 0.6110
vn -0.2334 -0.6555 0.7183
vn -0.0000 -0.4959 0.8684
vn 0.2683 -0.4959 0.8259
vn 0.5104 -0.4959 0.7025
vn 0.7025 -0.4959 0.5104
vn 0.8259 -0.4959 0.2683
vn 0.8684 -0.4959 -0.0000
vn 0.8259 -0.4959 -0.2683
vn 0.7025 -0.4959 -0.5104
vn 0.5104 -0.4959 -0.7025
vn 0.2683 -0.4959 -0.8259
vn -0.0000 -0.4959 -0.8684
vn -0.2683 -0.4959 -0.8259
vn -0.5104 -0.4959 -0.7025
vn -0.7025 -0.4959 -0.5104
vn -0.8259 -0.4959 -0.2683
vn -0.8684 -0.4959 -0.0000
vn -0.8259 -0.4959 0.2683
vn -0.7025 -0.4959 0.5104
vn -0.5104 -0.4959 0.7025
vn -0.2683 -0.4959 0.8259
vn -0.0000 -0.3146 0.9492
vn 0.2933 -0.3146 0.9028
vn 0.5579 -0.3146 0.7679
vn 0.7679 -0.3146 0.5579
vn 0.9028 -0.3146 0.2933
vn 0.9492 -0.3146 -0.0000
vn 0.9028 -0.3146 -0.2933
vn 0.7679 -0.3146 -0.5579
vn 0.5579 -0.3146 -0.7679
vn 0.2933 -0.3146 -0.9028
vn -0.0000 -0.3146 -0.9492
vn -0.2933 -0.3146 -0.9028
vn -0.5579 -0.3146 -0.7679
vn -0.7679 -0.3146 -0.5579
vn -0.9028 -0.3146 -0.2933
vn -0.9492 -0.3146 -0.0000
vn -0.9028 -0.3146 0.2933
vn -0.7679 -0.3146 0.5579
vn -0.5579 -0.3146 0.7679
vn -0.2933 -0.3146 0.9028
vn -0.0000 -0.1447 0.9895
vn 0.3058 -0.1447 0.9411
vn 0.5816 -0.1447 0.8005
vn 0.8005 -0.1447 0.5816
vn 0.9411 -0.1447 0.3058
vn 0.9895 -0.1447 -0.0000
vn 0.9411 -0.1447 -0.3058
vn 0.8005 -0.1447 -0.5816
vn 0.5816 -0.1447 -0.8005
vn 0.3058 -0.1447 -0.9411
vn -0.0000 -0.1447 -0.9895
vn -0.3058 -0.1447 -0.9411
vn -0.5816 -0.1447 -0.8005
vn -0.8005 -0.1447 -0.5816
vn -0.9411 -0.1447 -0.3058
vn -0.9895 -0.1447 -0.0000
vn -0.9411 -0.1447 0.3058
vn -0.8005 -0.1447 0.5816
vn -0.5816 -0.1447 0.8005
vn -0.3058 -0.1447 0.9411
vn -0.0000 0.9480 0.3183
vn 0.0984 0.9480 0.3027
vn 0.1871 0.9480 0.2575
vn 0.2575 0.9480 0.1871
vn 0.3027 0.9480 0.0984
vn 0.3183 0.9480 -0.0000
vn 0.3027 0.9480 -0.0984
vn 0.2575 0.9480 -0.1871
vn 0.1871 0.9480 -0.2575
vn 0.0984 0.9480 -0.3027
vn -0.0000 0.9480 -0.3183
vn -0.0984 0.9480 -0.3027
vn -0.1871 0.9480 -0.2575
vn -0.2575 0.9480 -0.1871
vn -0.3027 0.9480 -0.0984
vn -0.3183 0.9480 -0.0000
vn -0.3027 0.9480 0.0984
vn -0.2575 0.9480 0.1871
vn -0.1871 0.9480 0.2575
vn -0.0984 0.9480 0.3027
vn -0.0000 0.5306 0.8476
vn 0.2619 0.5306 0.8061
vn 0.4982 0.5306 0.6857
vn 0.6857 0.5306 0.4982
vn 0.8061 0.5306 0.2619
vn 0.8476 0.5306 -0.0000
vn 0.8061 0.5306 -0.2619
vn 0.6857 0.5306 -0.4982
vn 0.4982 0.5306 -0.6857
vn 0.2619 0.5306 -0.8061
vn -0.0000 0.5306 -0.8476
vn -0.2619 0.5306 -0.8061
vn -0.4982 0.5306 -0.6857
vn -0.6857 0.5306 -0.4982
vn -0.8061 0.5306 -0.2619
vn -0.8476 0.5306 -0.0000
vn -0.8061 0.5306 0.2619
vn -0.6857 0.5306 0.4982
vn -0.4982 0.5306 0.6857
vn -0.2619 0.5306 0.8061
vn -0.0000 0.0020 1.0000
vn 0.3090 0.0020 0.9511
vn 0.5878 0.0020 0.8090
vn 0.8090 0.0020 0.5878
vn 0.9511 0.0020 0.3090
vn 1.0000 0.0020 -0.0000
vn 0.9511 0.0020 -0.3090
vn 0.8090 0.0020 -0.5878
vn 0.5878 0.0020 -0.8090
vn 0.3090 0.0020 -0.9511
vn -0.0000 0.0020 -1.0000
vn -0.3090 0.0020 -0.9511
vn -0.5878 0.0020 -0.8090
vn -0.8090 0.0020 -0.5878
vn -0.9511 0.0020 -0.3090
vn -1.0000 0.0020 -0.0000
vn -0.9511 0.0020 0.3090
vn -0.8090 0.0020 0.5878
vn -0.5878 0.0020 0.8090
vn -0.3090 0.0020 0.9511
vn 0.2695 -0.0686 0.9606
vn 0.0601 -0.0711 0.9957
vn 0.0601 0.0343 0.9976
vn 0.2697 0.0331 0.9624
vn -0.0601 -0.0711 0.9957
vn -0.2695 -0.0686 0.9606
vn -0.2697 0.0331 0.9624
vn -0.0601 0.0343 0.9976
vn -0.6702 -0.0529 0.7403
vn -0.9662 -0.0184 0.2573
vn -0.9668 0.0085 0.2556
vn -0.6715 0.0254 0.7406
vn 0.6616 0.0537 -0.7480
vn 0.9622 0.0195 -0.2715
vn 0.9616 -0.0096 -0.2744
vn 0.6601 -0.0255 -0.7508
vn 0.9662 -0.0184 0.2573
vn 0.6702 -0.0529 0.7403
vn 0.6715 0.0254 0.7406
vn 0.9668 0.0085 0.2556
vn 0.2672 0.0690 -0.9612
vn 0.2667 -0.0326 -0.9632
vn -0.9622 0.0195 -0.2715
vn -0.9616 -0.0096 -0.2744
vn 0.0602 0.1696 0.9837
vn 0.2702 0.1635 0.9488
vn 0.0601 0.2917 0.9546
vn 0.2200 0.2703 0.9373
vn 0.1197 0.3367 0.9340
vn 0.0926 0.3377 0.9367
vn -0.2702 0.1635 0.9488
vn -0.0602 0.1696 0.9837
vn -0.2695 0.2814 0.9210
vn -0.0601 0.2917 0.9546
vn -0.0926 0.3377 0.9367
vn -0.3686 0.3153 0.8745
vn -0.1197 0.3367 0.9340
vn -0.9675 0.0430 0.2494
vn -0.6732 0.1256 0.7287
vn -0.9663 0.0753 0.2462
vn -0.6705 0.2168 0.7095
vn -0.9666 0.1003 0.2358
vn -0.6713 0.2904 0.6819
vn -0.8227 0.2519 0.5097
vn -0.9996 0.0125 0.0252
vn -0.8589 0.2269 0.4591
vn -0.6601 -0.0255 -0.7508
vn -0.6587 -0.1277 -0.7415
vn -0.9609 -0.0470 -0.2730
vn -0.6611 -0.2192 -0.7176
vn -0.9620 -0.0797 -0.2611
vn -0.6606 -0.2941 -0.6907
vn -0.9618 -0.1074 -0.2520
vn -0.8725 -0.2165 -0.4381
vn -0.4342 -0.3990 -0.8076
vn -0.8590 -0.2268 -0.4589
vn -0.1847 -0.4353 -0.8811
vn -0.2670 -0.3774 -0.8867
vn -0.0599 -0.3910 -0.9184
vn -0.0898 -0.4412 -0.8929
vn 0.0599 -0.2916 -0.9547
vn 0.2670 -0.2815 -0.9217
vn 0.2670 -0.3774 -0.8867
vn 0.0599 -0.3910 -0.9184
vn 0.9609 -0.0470 -0.2730
vn 0.6587 -0.1277 -0.7415
vn 0.9620 -0.0797 -0.2611
vn 0.6611 -0.2192 -0.7176
vn 0.4342 -0.3990 -0.8076
vn 0.6606 -0.2941 -0.6907
vn 0.9618 -0.1074 -0.2520
vn 0.8725 -0.2165 -0.4381
vn 0.8590 -0.2268 -0.4589
vn 0.9675 0.0430 0.2494
vn 0.6732 0.1256 0.7287
vn 0.7438 0.1806 0.6435
vn 0.9663 0.0752 0.2462
vn 0.7445 0.2775 0.6072
vn 0.9666 0.1003 0.2358
vn 0.9996 0.0125 0.0252
vn 0.8227 0.2519 0.5097
vn 0.8589 0.2269 0.4591
vn 1.0000 -0.0000 -0.0000
vn 0.2665 -0.1636 -0.9499
vn 0.4102 -0.4040 -0.8176
vn 0.1847 -0.4353 -0.8811
vn -0.0599 -0.2916 -0.9547
vn 0.0898 -0.4412 -0.8929
vn -0.0000 -0.4429 -0.8966
vn -0.2667 -0.0326 -0.9632
vn -0.2665 -0.1636 -0.9499
vn -0.2670 -0.2815 -0.9217
vn -0.4102 -0.4040 -0.8177
vn -1.0000 -0.0000 -0.0000
vn -0.4107 0.3484 0.8426
vn -0.4103 0.3093 0.8579
vn -0.0000 0.3392 0.9407
vn 0.4103 0.3093 0.8579
vn 0.4100 0.4042 0.8177
vn 0.2626 -0.6449 -0.7177
vn 0.6455 -0.5102 -0.5683
vn 0.6449 -0.6197 -0.4473
vn 0.4044 -0.7416 -0.5352
vn 0.2701 -0.7807 -0.5634
vn 0.2588 -0.2982 -0.9187
vn 0.6413 -0.2411 -0.7285
vn 0.6324 0.2857 -0.7200
vn 0.2502 0.3539 -0.9012
vn 0.2606 0.6192 -0.7407
vn 0.6455 0.4924 -0.5838
vn 0.2631 0.7986 -0.5414
vn 0.6528 0.6262 -0.4263
vn 0.6858 0.5594 -0.4656
vn 0.2740 0.7398 -0.6146
vn 0.2645 0.5401 -0.7990
vn 0.6669 0.4153 -0.6186
vn 0.6795 0.2276 -0.6975
vn 0.2696 0.3009 -0.9147
vn 0.2715 -0.0578 -0.9607
vn 0.6817 -0.0406 -0.7305
vn 0.6801 -0.2939 -0.6716
vn 0.2702 -0.3870 -0.8816
vn 0.2768 -0.7328 -0.6216
vn 0.6948 -0.5481 -0.4657
vn 0.2720 -0.9349 -0.2279
vn 0.6828 -0.7096 -0.1739
vn 0.2724 -0.9575 0.0951
vn 0.6809 -0.7288 0.0722
vn 0.2714 -0.8952 0.3536
vn 0.6778 -0.6839 0.2698
vn 0.2711 -0.7872 0.5539
vn 0.6767 -0.6023 0.4235
vn 0.2708 -0.6541 0.7063
vn 0.6753 -0.5013 0.5410
vn 0.2704 -0.5167 0.8124
vn 0.6738 -0.3967 0.6234
vn 0.2700 -0.3872 0.8816
vn 0.6726 -0.2977 0.6775
vn 0.2698 -0.2695 0.9244
vn 0.6716 -0.2074 0.7113
vn 0.2696 -0.1631 0.9490
vn 0.6710 -0.1256 0.7308
vn -0.0594 -0.6670 -0.7427
vn 0.0594 -0.6670 -0.7427
vn 0.0642 -0.8092 -0.5840
vn -0.0000 -0.8109 -0.5852
vn -0.0642 -0.8092 -0.5840
vn -0.0584 -0.3063 -0.9501
vn 0.0584 -0.3063 -0.9501
vn 0.0560 0.3624 -0.9303
vn -0.0560 0.3624 -0.9303
vn -0.0588 0.6382 -0.7676
vn 0.0588 0.6382 -0.7676
vn -0.0591 0.8268 -0.5594
vn 0.0591 0.8268 -0.5594
vn 0.0606 0.7677 -0.6379
vn -0.0606 0.7677 -0.6379
vn -0.0587 0.5609 -0.8258
vn 0.0587 0.5609 -0.8258
vn 0.0596 0.3126 -0.9480
vn -0.0596 0.3126 -0.9480
vn -0.0601 -0.0619 -0.9963
vn 0.0601 -0.0619 -0.9963
vn -0.0598 -0.4010 -0.9141
vn 0.0598 -0.4010 -0.9141
vn -0.0610 -0.7615 -0.6453
vn 0.0610 -0.7615 -0.6453
vn -0.0602 -0.9700 -0.2355
vn 0.0602 -0.9700 -0.2355
vn -0.0604 -0.9933 0.0988
vn 0.0604 -0.9933 0.0988
vn -0.0603 -0.9283 0.3669
vn 0.0603 -0.9283 0.3669
vn -0.0603 -0.8162 0.5746
vn 0.0603 -0.8162 0.5746
vn -0.0602 -0.6781 0.7325
vn 0.0602 -0.6781 0.7325
vn -0.0602 -0.5356 0.8423
vn 0.0602 -0.5356 0.8423
vn -0.0602 -0.4013 0.9139
vn 0.0602 -0.4013 0.9139
vn -0.0601 -0.2793 0.9583
vn 0.0601 -0.2793 0.9583
vn -0.0601 -0.1690 0.9838
vn 0.0601 -0.1690 0.9838
vn -0.4044 -0.7416 -0.5352
vn -0.6449 -0.6197 -0.4473
vn -0.6455 -0.5102 -0.5683
vn -0.2626 -0.6450 -0.7177
vn -0.2702 -0.7807 -0.5634
vn -0.6413 -0.2411 -0.7285
vn -0.2588 -0.2982 -0.9187
vn -0.2502 0.3539 -0.9012
vn -0.6324 0.2857 -0.7200
vn -0.6455 0.4924 -0.5838
vn -0.2606 0.6192 -0.7407
vn -0.6528 0.6262 -0.4263
vn -0.2631 0.7986 -0.5414
vn -0.2740 0.7398 -0.6146
vn -0.6858 0.5594 -0.4656
vn -0.6669 0.4153 -0.6186
vn -0.2645 0.5401 -0.7990
vn -0.2696 0.3009 -0.9147
vn -0.6795 0.2276 -0.6975
vn -0.6817 -0.0406 -0.7305
vn -0.2715 -0.0578 -0.9607
vn -0.6801 -0.2939 -0.6716
vn -0.2702 -0.3870 -0.8816
vn -0.6948 -0.5481 -0.4657
vn -0.2768 -0.7328 -0.6216
vn -0.6828 -0.7096 -0.1738
vn -0.2720 -0.9349 -0.2279
vn -0.6809 -0.7288 0.0722
vn -0.2724 -0.9575 0.0951
vn -0.6778 -0.6839 0.2698
vn -0.2714 -0.8952 0.3536
vn -0.6767 -0.6023 0.4235
vn -0.2711 -0.7872 0.5539
vn -0.6753 -0.5013 0.5410
vn -0.2708 -0.6541 0.7063
vn -0.6738 -0.3967 0.6234
vn -0.2704 -0.5167 0.8124
vn -0.6726 -0.2977 0.6775
vn -0.2700 -0.3872 0.8816
vn -0.6716 -0.2074 0.7113
vn -0.2698 -0.2695 0.9244
vn -0.6710 -0.1256 0.7308
vn -0.2697 -0.1631 0.9490
vn -0.9776 0.1705 0.1231
vn -0.9728 0.1555 0.1719
vn -0.9544 -0.1987 -0.2228
vn -0.9490 -0.2555 -0.1844
vn -0.9699 0.0825 0.2291
vn -0.9542 -0.0979 -0.2826
vn -0.9522 0.1125 -0.2842
vn -0.9693 -0.0991 0.2251
vn -0.9690 -0.1664 0.1829
vn -0.9560 0.1900 -0.2233
vn -0.9676 -0.2077 0.1437
vn -0.9591 0.2334 -0.1599
vn -0.9709 0.0723 -0.2283
vn -0.9551 -0.0913 0.2817
vn -0.9558 0.0122 0.2938
vn -0.9714 -0.0115 -0.2373
vn -0.9553 0.1195 0.2703
vn -0.9712 -0.0933 -0.2190
vn -0.9520 0.2325 0.1990
vn -0.9755 -0.1677 -0.1423
vn -0.9402 -0.1829 0.2874
vn -0.9318 0.1950 -0.3060
vn -0.9611 0.1112 -0.2527
vn -0.9672 -0.1022 0.2326
vn -0.9616 0.0769 -0.2636
vn -0.9668 -0.0716 0.2454
vn -0.9619 0.0464 -0.2695
vn -0.9665 -0.0435 0.2530
vn -0.2913 0.7754 0.5603
vn -0.2730 0.6439 0.7147
vn -0.6857 0.4869 0.5411
vn -0.7222 0.5606 0.4050
vn -0.4046 0.7413 0.5356
vn -0.2642 0.3554 0.8966
vn -0.6720 0.2650 0.6916
vn -0.6691 -0.3036 0.6783
vn -0.2614 -0.4056 0.8759
vn -0.2653 -0.6674 0.6959
vn -0.6709 -0.5060 0.5421
vn -0.2679 -0.7894 0.5523
vn -0.6712 -0.6082 0.4238
vn -0.6445 -0.2311 0.7288
vn -0.2595 -0.2907 0.9209
vn -0.2630 0.0342 0.9642
vn -0.6478 0.0286 0.7613
vn -0.2620 0.3799 0.8871
vn -0.6463 0.3018 0.7008
vn -0.6423 0.5831 0.4975
vn -0.2627 0.7341 0.6261
vn -0.2630 0.9364 0.2324
vn -0.6474 0.7396 0.1838
vn -0.2648 0.9597 -0.0944
vn -0.6520 0.7546 -0.0742
vn -0.2652 0.8976 -0.3520
vn -0.6542 0.7041 -0.2763
vn -0.2655 0.7895 -0.5533
vn -0.6553 0.6185 -0.4336
vn -0.2659 0.6561 -0.7063
vn -0.6567 0.5132 -0.5526
vn -0.6581 0.4048 -0.6349
vn -0.2663 0.5182 -0.8127
vn -0.2666 0.3882 -0.8822
vn -0.6592 0.3028 -0.6883
vn -0.2668 0.2701 -0.9251
vn -0.6602 0.2104 -0.7210
vn -0.2670 0.1635 -0.9497
vn -0.6608 0.1273 -0.7397
vn -0.2672 0.0690 -0.9612
vn -0.6616 0.0537 -0.7480
vn 0.0667 0.8087 0.5844
vn 0.0603 0.6685 0.7412
vn -0.0603 0.6685 0.7412
vn -0.0667 0.8087 0.5844
vn -0.0000 0.8105 0.5858
vn 0.0583 0.3725 0.9262
vn -0.0583 0.3725 0.9262
vn -0.0576 -0.4260 0.9029
vn 0.0576 -0.4260 0.9029
vn 0.0587 -0.6961 0.7155
vn -0.0587 -0.6961 0.7155
vn -0.0596 -0.7634 0.6431
vn 0.0596 -0.7634 0.6431
vn 0.0586 -0.5470 0.8351
vn -0.0586 -0.5470 0.8351
vn -0.0598 0.5367 -0.8416
vn 0.0598 0.5367 -0.8416
vn 0.0598 0.4021 -0.9136
vn -0.0598 0.4021 -0.9136
vn 0.0599 0.2797 -0.9582
vn -0.0599 0.2797 -0.9582
vn 0.7221 0.5608 0.4051
vn 0.6856 0.4869 0.5411
vn 0.2729 0.6439 0.7147
vn 0.2912 0.7754 0.5603
vn 0.4045 0.7413 0.5356
vn 0.6720 0.2650 0.6916
vn 0.2642 0.3554 0.8966
vn 0.2614 -0.4056 0.8759
vn 0.6691 -0.3036 0.6783
vn 0.6709 -0.5060 0.5421
vn 0.2653 -0.6674 0.6959
vn 0.6712 -0.6082 0.4238
vn 0.2679 -0.7894 0.5523
vn 0.2641 -0.7376 0.6214
vn 0.6495 -0.5821 0.4892
vn 0.6495 -0.4172 0.6357
vn 0.2610 -0.5296 0.8071
vn 0.2655 0.7895 -0.5533
vn 0.6553 0.6185 -0.4336
vn 0.6567 0.5132 -0.5526
vn 0.2659 0.6561 -0.7063
vn 0.6581 0.4048 -0.6349
vn 0.2663 0.5182 -0.8127
vn 0.6592 0.3028 -0.6883
vn 0.2666 0.3882 -0.8822
vn 0.6602 0.2104 -0.7210
vn 0.2668 0.2701 -0.9251
vn 0.6608 0.1273 -0.7397
vn 0.2670 0.1635 -0.9497
vn 0.9490 -0.2556 -0.1845
vn 0.9544 -0.1988 -0.2228
vn 0.9728 0.1555 0.1719
vn 0.9776 0.1705 0.1232
vn 0.9551 -0.0913 0.2817
vn 0.9709 0.0723 -0.2283
vn 0.9714 -0.0115 -0.2373
vn 0.9558 0.0122 0.2938
vn 0.9712 -0.0933 -0.2190
vn 0.9553 0.1195 0.2703
vn 0.9755 -0.1677 -0.1423
vn 0.9520 0.2325 0.1990
vn 0.9718 -0.2293 -0.0557
vn 0.9555 0.2861 0.0721
vn 0.9706 -0.2397 0.0239
vn 0.9575 0.2871 -0.0280
vn 0.9611 0.1112 -0.2527
vn 0.9672 -0.1022 0.2326
vn 0.9668 -0.0716 0.2454
vn 0.9616 0.0769 -0.2636
vn 0.9665 -0.0435 0.2530
vn 0.9619 0.0464 -0.2695
vn 0.8552 -0.4203 -0.3033
vn 0.9522 0.1125 -0.2842
vn 0.9560 0.1900 -0.2233
vn 0.9722 0.1790 -0.1508
vn 0.9670 0.1422 -0.2113
vn 0.9694 -0.2283 0.0899
vn 0.9417 -0.2753 0.1934
vn 0.9402 -0.1829 0.2874
vn 0.9699 0.0825 0.2291
vn 0.9690 -0.1664 0.1829
vn 0.9676 -0.2077 0.1437
vn 0.9559 -0.2257 0.1877
vn 0.9582 -0.1560 0.2398
vn 0.6445 -0.2311 0.7288
vn 0.6478 0.0286 0.7613
vn 0.6463 0.3018 0.7008
vn 0.6423 0.5831 0.4975
vn 0.6474 0.7396 0.1838
vn 0.6520 0.7546 -0.0742
vn 0.8594 0.3479 -0.3747
vn 0.9318 0.1950 -0.3060
vn 0.1177 0.8049 0.5817
vn 0.0598 0.8175 -0.5728
vn 0.0598 0.6794 -0.7313
vn 0.0599 0.1693 -0.9837
vn 0.0599 0.0715 -0.9956
vn -0.1177 0.8049 0.5817
vn -0.2641 -0.7376 0.6214
vn -0.2610 -0.5296 0.8071
vn -0.0596 0.7594 0.6479
vn -0.0594 0.9687 0.2408
vn -0.0597 0.9934 -0.0976
vn -0.0597 0.9294 -0.3643
vn -0.0598 0.8175 -0.5728
vn -0.0598 0.6794 -0.7313
vn -0.9575 0.2871 -0.0280
vn -0.9587 0.2648 -0.1040
vn -0.9303 0.3002 -0.2106
vn -0.8594 0.3479 -0.3747
vn -0.8553 -0.4202 -0.3033
vn -0.9722 0.1790 -0.1508
vn -0.9670 0.1422 -0.2113
vn -0.9718 -0.2293 -0.0557
vn -0.9706 -0.2397 0.0239
vn -0.9694 -0.2284 0.0899
vn -0.9417 -0.2753 0.1934
vn -0.8594 -0.3476 0.3750
vn -0.1177 -0.8053 -0.5811
vn 0.1177 -0.8053 -0.5811
vn 0.0562 0.0586 -0.9967
vn 0.2507 0.0542 -0.9665
vn -0.2507 0.0542 -0.9665
vn -0.0562 0.0586 -0.9967
vn -0.9517 0.0148 -0.3068
vn -0.6320 0.0401 -0.7740
vn 0.9697 -0.0042 0.2441
vn 0.6696 -0.0038 0.7427
vn 0.9542 -0.0979 -0.2826
vn 0.6320 0.0401 -0.7740
vn 0.9517 0.0148 -0.3068
vn 0.2610 0.0077 0.9653
vn -0.9697 -0.0042 0.2441
vn -0.6495 -0.5821 0.4892
vn -0.9559 -0.2257 0.1877
vn -0.0596 -0.8176 0.5728
vn 0.9591 0.2334 -0.1599
vn 0.0596 -0.8176 0.5728
vn -0.2610 0.0077 0.9653
vn -0.0574 0.0143 0.9982
vn 0.0574 0.0143 0.9982
vn 0.9693 -0.0991 0.2251
vn -0.6696 -0.0038 0.7427
vn 0.0599 -0.0338 -0.9976
vn -0.0599 0.0715 -0.9956
vn -0.0599 -0.0338 -0.9976
vn 0.0598 -0.1694 -0.9837
vn -0.0598 -0.1694 -0.9837
vn 0.9587 0.2648 -0.1040
vn 0.9303 0.3002 -0.2106
vn 0.2630 0.0342 0.9642
vn 0.2595 -0.2907 0.9209
vn 0.2620 0.3799 0.8871
vn 0.2627 0.7341 0.6261
vn 0.2630 0.9364 0.2324
vn 0.2648 0.9597 -0.0944
vn 0.6542 0.7041 -0.2763
vn 0.2652 0.8976 -0.3520
vn 0.0584 -0.3006 0.9520
vn 0.0594 0.0345 0.9976
vn -0.0594 0.0345 0.9976
vn -0.0584 -0.3006 0.9520
vn 0.0591 0.3932 0.9176
vn -0.0591 0.3932 0.9176
vn 0.0596 0.7594 0.6479
vn 0.0594 0.9687 0.2408
vn 0.0597 0.9934 -0.0976
vn 0.0597 0.9294 -0.3643
vn -0.0599 0.1693 -0.9837
vn -0.6495 -0.4172 0.6357
vn -0.9555 0.2861 0.0721
vn -0.8553 0.4201 0.3034
vn -0.9582 -0.1560 0.2398
vn 0.8552 0.4201 0.3035
vn 0.8594 -0.3476 0.3750
vn 0.2695 -0.0686 -0.9606
vn 0.2697 0.0331 -0.9624
vn 0.0601 0.0343 -0.9976
vn 0.0601 -0.0711 -0.9957
vn -0.0601 -0.0711 -0.9957
vn -0.0601 0.0343 -0.9976
vn -0.2697 0.0331 -0.9624
vn -0.2695 -0.0686 -0.9606
vn -0.6702 -0.0529 -0.7403
vn -0.6715 0.0254 -0.7406
vn -0.9668 0.0085 -0.2556
vn -0.9662 -0.0184 -0.2573
vn 0.0599 0.0715 0.9956
vn 0.0599 -0.0338 0.9976
vn 0.2667 -0.0326 0.9632
vn 0.2672 0.0690 0.9612
vn 0.9662 -0.0184 -0.2573
vn 0.9668 0.0085 -0.2556
vn 0.6715 0.0254 -0.7406
vn 0.6702 -0.0529 -0.7403
vn 0.9622 0.0195 0.2715
vn 0.9616 -0.0096 0.2744
vn 0.6601 -0.0255 0.7508
vn 0.6616 0.0537 0.7480
vn 0.2702 0.1635 -0.9488
vn 0.0602 0.1696 -0.9837
vn 0.3179 0.2613 -0.9114
vn 0.0401 0.2762 -0.9603
vn 0.1197 0.3367 -0.9340
vn -0.0602 0.1696 -0.9837
vn -0.2702 0.1635 -0.9488
vn -0.0601 0.2916 -0.9546
vn -0.2200 0.2703 -0.9373
vn -0.0928 0.3377 -0.9367
vn -0.1197 0.3367 -0.9340
vn -0.6732 0.1256 -0.7287
vn -0.9675 0.0430 -0.2494
vn -0.7438 0.1806 -0.6435
vn -0.9663 0.0753 -0.2462
vn -0.7445 0.2775 -0.6072
vn -0.9666 0.1003 -0.2357
vn -0.9996 0.0125 -0.0252
vn -0.8227 0.2519 -0.5096
vn -0.8590 0.2269 -0.4590
vn -0.9609 -0.0470 0.2730
vn -0.9620 -0.0797 0.2611
vn -0.6611 -0.2192 0.7176
vn -0.6587 -0.1277 0.7415
vn -0.9618 -0.1074 0.2520
vn -0.6606 -0.2941 0.6907
vn -0.4342 -0.3990 0.8076
vn -0.8725 -0.2165 0.4381
vn -0.8591 -0.2268 0.4589
vn -0.2667 -0.0326 0.9632
vn -0.2665 -0.1636 0.9499
vn -0.0598 -0.1694 0.9837
vn -0.0599 -0.0338 0.9976
vn -0.2670 -0.2815 0.9217
vn -0.0599 -0.2916 0.9547
vn -0.2670 -0.3774 0.8867
vn -0.0599 -0.3910 0.9184
vn 0.6587 -0.1277 0.7415
vn 0.9609 -0.0470 0.2730
vn 0.6611 -0.2192 0.7176
vn 0.9620 -0.0797 0.2611
vn 0.9618 -0.1074 0.2520
vn 0.6606 -0.2941 0.6907
vn 0.4342 -0.3990 0.8076
vn 0.8591 -0.2268 0.4589
vn 0.8725 -0.2165 0.4381
vn 0.9675 0.0430 -0.2494
vn 0.6732 0.1256 -0.7287
vn 0.9663 0.0752 -0.2462
vn 0.6705 0.2168 -0.7095
vn 0.6713 0.2904 -0.6819
vn 0.9666 0.1003 -0.2358
vn 0.9996 0.0125 -0.0252
vn 0.8589 0.2269 -0.4591
vn 0.8227 0.2519 -0.5097
vn 0.2665 -0.1636 0.9499
vn 0.2670 -0.2815 0.9217
vn 0.2670 -0.3774 0.8867
vn 0.1847 -0.4353 0.8811
vn 0.4102 -0.4040 0.8176
vn 0.0598 -0.1694 0.9837
vn 0.0599 -0.2916 0.9547
vn 0.0599 -0.3910 0.9184
vn 0.0898 -0.4412 0.8929
vn -0.0899 -0.4411 0.8929
vn -0.0000 -0.4429 0.8966
vn -0.4103 0.3093 -0.8579
vn -0.4100 0.4042 -0.8177
vn 0.4107 0.3484 -0.8426
vn 0.4103 0.3093 -0.8579
vn 0.6455 -0.5102 0.5683
vn 0.2626 -0.6450 0.7177
vn 0.2701 -0.7807 0.5634
vn 0.4044 -0.7416 0.5352
vn 0.6449 -0.6197 0.4473
vn 0.6413 -0.2411 0.7285
vn 0.2588 -0.2982 0.9187
vn 0.6324 0.2857 0.7200
vn 0.6455 0.4924 0.5838
vn 0.2606 0.6192 0.7407
vn 0.2502 0.3539 0.9012
vn 0.6528 0.6262 0.4263
vn 0.2631 0.7986 0.5414
vn 0.6858 0.5594 0.4656
vn 0.6669 0.4153 0.6186
vn 0.2645 0.5401 0.7990
vn 0.2740 0.7398 0.6146
vn 0.6795 0.2276 0.6975
vn 0.6817 -0.0406 0.7305
vn 0.2715 -0.0578 0.9607
vn 0.2696 0.3009 0.9147
vn 0.6801 -0.2939 0.6716
vn 0.2702 -0.3870 0.8816
vn 0.6948 -0.5481 0.4657
vn 0.2768 -0.7328 0.6216
vn 0.6828 -0.7096 0.1738
vn 0.2720 -0.9349 0.2279
vn 0.6809 -0.7288 -0.0722
vn 0.2724 -0.9575 -0.0951
vn 0.6778 -0.6839 -0.2698
vn 0.2714 -0.8952 -0.3536
vn 0.6767 -0.6023 -0.4235
vn 0.2711 -0.7872 -0.5539
vn 0.6753 -0.5013 -0.5410
vn 0.2708 -0.6541 -0.7063
vn 0.6738 -0.3967 -0.6234
vn 0.2704 -0.5167 -0.8124
vn 0.6726 -0.2977 -0.6775
vn 0.2700 -0.3872 -0.8816
vn 0.6716 -0.2074 -0.7113
vn 0.2698 -0.2695 -0.9244
vn 0.6710 -0.1256 -0.7308
vn 0.2697 -0.1631 -0.9490
vn 0.0594 -0.6670 0.7427
vn -0.0594 -0.6670 0.7427
vn -0.0642 -0.8092 0.5840
vn -0.0000 -0.8109 0.5852
vn 0.0642 -0.8092 0.5840
vn 0.0584 -0.3063 0.9501
vn -0.0584 -0.3063 0.9501
vn 0.0560 0.3624 0.9303
vn 0.0588 0.6382 0.7676
vn -0.0588 0.6382 0.7676
vn -0.0560 0.3624 0.9303
vn 0.0591 0.8268 0.5594
vn -0.0591 0.8268 0.5594
vn 0.0606 0.7677 0.6379
vn 0.0587 0.5609 0.8258
vn -0.0587 0.5609 0.8258
vn -0.0606 0.7677 0.6379
vn 0.0596 0.3126 0.9480
vn 0.0601 -0.0619 0.9963
vn -0.0601 -0.0619 0.9963
vn -0.0596 0.3126 0.9480
vn 0.0598 -0.4010 0.9141
vn -0.0598 -0.4010 0.9141
vn 0.0610 -0.7615 0.6453
vn -0.0610 -0.7615 0.6453
vn 0.0602 -0.9700 0.2355
vn -0.0602 -0.9700 0.2355
vn 0.0604 -0.9933 -0.0988
vn -0.0604 -0.9933 -0.0988
vn 0.0603 -0.9283 -0.3669
vn -0.0603 -0.9283 -0.3669
vn 0.0603 -0.8162 -0.5746
vn -0.0603 -0.8162 -0.5746
vn 0.0602 -0.6781 -0.7325
vn -0.0602 -0.6781 -0.7325
vn 0.0602 -0.5356 -0.8423
vn -0.0602 -0.5356 -0.8423
vn 0.0602 -0.4013 -0.9139
vn -0.0602 -0.4013 -0.9139
vn 0.0601 -0.2793 -0.9583
vn -0.0601 -0.2793 -0.9583
vn 0.0601 -0.1690 -0.9838
vn -0.0601 -0.1690 -0.9838
vn -0.2626 -0.6449 0.7177
vn -0.6455 -0.5102 0.5683
vn -0.6449 -0.6197 0.4473
vn -0.4044 -0.7416 0.5352
vn -0.2702 -0.7807 0.5634
vn -0.2588 -0.2982 0.9187
vn -0.6413 -0.2411 0.7285
vn -0.2502 0.3539 0.9012
vn -0.2606 0.6192 0.7407
vn -0.6455 0.4924 0.5838
vn -0.6324 0.2857 0.7200
vn -0.2631 0.7986 0.5414
vn -0.6528 0.6262 0.4263
vn -0.2740 0.7398 0.6146
vn -0.2645 0.5401 0.7990
vn -0.6669 0.4153 0.6186
vn -0.6858 0.5594 0.4656
vn -0.2696 0.3009 0.9147
vn -0.2715 -0.0578 0.9607
vn -0.6817 -0.0406 0.7305
vn -0.6795 0.2276 0.6975
vn -0.2702 -0.3870 0.8816
vn -0.6801 -0.2939 0.6716
vn -0.2768 -0.7328 0.6216
vn -0.6948 -0.5481 0.4657
vn -0.2720 -0.9349 0.2279
vn -0.6828 -0.7096 0.1738
vn -0.2724 -0.9575 -0.0951
vn -0.6809 -0.7288 -0.0722
vn -0.2714 -0.8952 -0.3536
vn -0.6778 -0.6839 -0.2698
vn -0.2711 -0.7872 -0.5539
vn -0.6767 -0.6023 -0.4235
vn -0.2708 -0.6541 -0.7063
vn -0.6753 -0.5013 -0.5410
vn -0.2704 -0.5167 -0.8124
vn -0.6738 -0.3967 -0.6234
vn -0.2700 -0.3872 -0.8816
vn -0.6726 -0.2977 -0.6775
vn -0.2698 -0.2695 -0.9244
vn -0.6716 -0.2074 -0.7113
vn -0.2697 -0.1631 -0.9490
vn -0.6710 -0.1256 -0.7308
vn -0.9490 -0.2555 0.1845
vn -0.9544 -0.1987 0.2228
vn -0.9728 0.1555 -0.1719
vn -0.9776 0.1705 -0.1231
vn -0.9522 0.1125 0.2842
vn -0.9560 0.1900 0.2233
vn -0.9690 -0.1664 -0.1829
vn -0.9693 -0.0991 -0.2251
vn -0.9591 0.2334 0.1599
vn -0.9676 -0.2077 -0.1437
vn -0.9709 0.0723 0.2283
vn -0.9714 -0.0115 0.2373
vn -0.9558 0.0122 -0.2938
vn -0.9551 -0.0913 -0.2817
vn -0.9712 -0.0933 0.2190
vn -0.9553 0.1195 -0.2703
vn -0.9755 -0.1677 0.1423
vn -0.9520 0.2325 -0.1990
vn -0.9402 -0.1829 -0.2874
vn -0.9672 -0.1022 -0.2326
vn -0.9611 0.1112 0.2527
vn -0.9318 0.1950 0.3060
vn -0.9668 -0.0716 -0.2454
vn -0.9616 0.0769 0.2636
vn -0.9665 -0.0435 -0.2530
vn -0.9619 0.0464 0.2695
vn -0.9622 0.0195 0.2715
vn -0.6857 0.4869 -0.5411
vn -0.6720 0.2650 -0.6916
vn -0.2642 0.3554 -0.8966
vn -0.2729 0.6439 -0.7147
vn -0.6691 -0.3036 -0.6783
vn -0.6709 -0.5060 -0.5421
vn -0.2653 -0.6674 -0.6959
vn -0.2614 -0.4056 -0.8759
vn -0.6712 -0.6082 -0.4238
vn -0.2679 -0.7894 -0.5523
vn -0.6495 -0.5821 -0.4892
vn -0.6495 -0.4172 -0.6357
vn -0.2610 -0.5296 -0.8071
vn -0.2641 -0.7376 -0.6214
vn -0.6445 -0.2311 -0.7288
vn -0.6478 0.0286 -0.7613
vn -0.2630 0.0342 -0.9642
vn -0.2595 -0.2907 -0.9209
vn -0.6463 0.3018 -0.7008
vn -0.2620 0.3799 -0.8871
vn -0.6520 0.7546 0.0742
vn -0.6542 0.7041 0.2763
vn -0.2652 0.8976 0.3520
vn -0.2648 0.9597 0.0944
vn -0.6553 0.6185 0.4336
vn -0.2655 0.7895 0.5533
vn -0.6567 0.5132 0.5526
vn -0.2659 0.6561 0.7063
vn -0.6581 0.4048 0.6349
vn -0.2663 0.5182 0.8127
vn -0.0587 -0.6961 -0.7155
vn -0.0596 -0.8176 -0.5728
vn 0.0596 -0.8176 -0.5728
vn 0.0587 -0.6961 -0.7155
vn -0.0584 -0.3006 -0.9520
vn -0.0594 0.0345 -0.9976
vn 0.0594 0.0345 -0.9976
vn 0.0584 -0.3006 -0.9520
vn -0.0591 0.3932 -0.9176
vn 0.0591 0.3932 -0.9176
vn 0.2911 0.7754 -0.5603
vn 0.2729 0.6439 -0.7147
vn 0.6856 0.4869 -0.5411
vn 0.7221 0.5608 -0.4051
vn 0.4044 0.7413 -0.5356
vn 0.2642 0.3554 -0.8966
vn 0.6720 0.2650 -0.6916
vn 0.2614 -0.4056 -0.8759
vn 0.2653 -0.6674 -0.6959
vn 0.6709 -0.5060 -0.5421
vn 0.6691 -0.3036 -0.6783
vn 0.2679 -0.7894 -0.5523
vn 0.6712 -0.6082 -0.4238
vn 0.2641 -0.7376 -0.6214
vn 0.2610 -0.5296 -0.8071
vn 0.6495 -0.4172 -0.6357
vn 0.6495 -0.5821 -0.4892
vn 0.2652 0.8976 0.3520
vn 0.2655 0.7895 0.5533
vn 0.6553 0.6185 0.4336
vn 0.6542 0.7041 0.2763
vn 0.2659 0.6561 0.7063
vn 0.6567 0.5132 0.5526
vn 0.2663 0.5182 0.8127
vn 0.6581 0.4048 0.6349
vn 0.2668 0.2701 0.9251
vn 0.2670 0.1635 0.9497
vn 0.6608 0.1273 0.7397
vn 0.6602 0.2104 0.7210
vn 0.9776 0.1705 -0.1232
vn 0.9728 0.1555 -0.1719
vn 0.9544 -0.1988 0.2228
vn 0.9490 -0.2556 0.1845
vn 0.9699 0.0825 -0.2291
vn 0.9542 -0.0979 0.2826
vn 0.9693 -0.0991 -0.2251
vn 0.9690 -0.1664 -0.1829
vn 0.9560 0.1900 0.2233
vn 0.9522 0.1125 0.2842
vn 0.9676 -0.2077 -0.1437
vn 0.9591 0.2334 0.1599
vn 0.9551 -0.0913 -0.2817
vn 0.9558 0.0122 -0.2938
vn 0.9714 -0.0115 0.2373
vn 0.9709 0.0723 0.2283
vn 0.9553 0.1195 -0.2703
vn 0.9712 -0.0933 0.2190
vn 0.9520 0.2325 -0.1990
vn 0.9755 -0.1677 0.1423
vn 0.9555 0.2861 -0.0721
vn 0.9718 -0.2293 0.0557
vn 0.9575 0.2871 0.0280
vn 0.9706 -0.2397 -0.0239
vn 0.9587 0.2648 0.1040
vn 0.9694 -0.2284 -0.0899
vn 0.9303 0.3002 0.2106
vn 0.9417 -0.2753 -0.1934
vn 0.9318 0.1950 0.3060
vn 0.9611 0.1112 0.2527
vn 0.9672 -0.1022 -0.2326
vn 0.9402 -0.1829 -0.2874
vn 0.9616 0.0769 0.2636
vn 0.9668 -0.0716 -0.2454
vn 0.9619 0.0464 0.2695
vn 0.9665 -0.0435 -0.2530
vn 0.8552 -0.4203 0.3033
vn 0.9722 0.1790 0.1508
vn 0.9670 0.1422 0.2113
vn 0.8594 -0.3476 -0.3750
vn 0.9582 -0.1560 -0.2398
vn 0.9559 -0.2257 -0.1877
vn 0.6445 -0.2311 -0.7288
vn 0.6478 0.0286 -0.7613
vn 0.6463 0.3018 -0.7008
vn 0.6423 0.5831 -0.4975
vn 0.6474 0.7396 -0.1838
vn 0.6520 0.7546 0.0742
vn 0.8594 0.3479 0.3747
vn 0.0667 0.8087 -0.5844
vn 0.0603 0.6685 -0.7412
vn 0.1177 0.8049 -0.5817
vn 0.0583 0.3725 -0.9262
vn 0.0576 -0.4260 -0.9029
vn 0.0596 -0.7634 -0.6431
vn 0.0586 -0.5470 -0.8351
vn 0.2630 0.0342 -0.9642
vn 0.2595 -0.2907 -0.9209
vn 0.2620 0.3799 -0.8871
vn 0.0598 0.8175 0.5728
vn 0.0598 0.6794 0.7313
vn 0.0598 0.5367 0.8416
vn 0.0599 0.1693 0.9837
vn -0.0603 0.6685 -0.7412
vn -0.0667 0.8087 -0.5844
vn -0.1177 0.8049 -0.5817
vn -0.2913 0.7754 -0.5603
vn -0.0583 0.3725 -0.9262
vn -0.0598 0.6794 0.7313
vn -0.0598 0.8175 0.5728
vn -0.0598 0.5367 0.8416
vn -0.7222 0.5607 -0.4051
vn -0.8553 0.4201 -0.3034
vn -0.9699 0.0825 -0.2291
vn -0.9559 -0.2257 -0.1877
vn -0.9582 -0.1560 -0.2398
vn -0.9575 0.2871 0.0280
vn -0.9587 0.2648 0.1040
vn -0.9303 0.3002 0.2106
vn -0.8594 0.3479 0.3747
vn -0.6602 0.2104 0.7210
vn -0.6592 0.3028 0.6883
vn -0.6608 0.1273 0.7397
vn -0.6616 0.0537 0.7480
vn -0.9670 0.1422 0.2113
vn -0.9722 0.1790 0.1508
vn -0.9718 -0.2293 0.0557
vn -0.9706 -0.2397 -0.0239
vn -0.9694 -0.2284 -0.0899
vn -0.8594 -0.3476 -0.3750
vn -0.9417 -0.2753 -0.1934
vn -0.1177 -0.8053 0.5811
vn 0.2507 0.0542 0.9665
vn 0.0562 0.0586 0.9967
vn -0.0562 0.0586 0.9967
vn -0.2507 0.0542 0.9665
vn -0.6320 0.0401 0.7740
vn -0.9517 0.0148 0.3068
vn -0.9542 -0.0979 0.2826
vn -0.2610 0.0077 -0.9653
vn -0.0574 0.0143 -0.9982
vn 0.6696 -0.0038 -0.7427
vn 0.9697 -0.0042 -0.2441
vn 0.9517 0.0148 0.3068
vn 0.6320 0.0401 0.7740
vn 0.0574 0.0143 -0.9982
vn -0.9697 -0.0042 -0.2441
vn -0.0596 -0.7634 -0.6431
vn -0.6696 -0.0038 -0.7427
vn -0.0576 -0.4260 -0.9029
vn 0.2610 0.0077 -0.9653
vn -0.0599 0.0715 0.9956
vn -0.2672 0.0690 0.9612
vn -0.9616 -0.0096 0.2744
vn -0.6601 -0.0255 0.7508
vn -0.1845 -0.4353 0.8812
vn -0.1197 -0.4398 0.8901
vn -0.4102 -0.4040 0.8176
vn -0.0000 0.3391 -0.9408
vn 0.2627 0.7341 -0.6261
vn 0.2630 0.9364 -0.2324
vn 0.2648 0.9597 0.0944
vn 0.2666 0.3882 0.8822
vn 0.6592 0.3028 0.6883
vn -0.0000 0.8105 -0.5858
vn -0.0586 -0.5470 -0.8351
vn -0.0596 0.7594 -0.6479
vn 0.0596 0.7594 -0.6479
vn -0.0594 0.9687 -0.2408
vn 0.0594 0.9687 -0.2408
vn -0.0597 0.9934 0.0976
vn 0.0597 0.9934 0.0976
vn -0.0597 0.9294 0.3643
vn 0.0597 0.9294 0.3643
vn -0.0598 0.4021 0.9136
vn 0.0598 0.4021 0.9136
vn -0.0599 0.2797 0.9582
vn 0.0599 0.2797 0.9582
vn -0.0599 0.1693 0.9837
vn -0.4046 0.7412 -0.5356
vn -0.6423 0.5831 -0.4975
vn -0.2627 0.7341 -0.6261
vn -0.6474 0.7396 -0.1838
vn -0.2630 0.9364 -0.2324
vn -0.2666 0.3882 0.8822
vn -0.2668 0.2701 0.9251
vn -0.2670 0.1635 0.9497
vn -0.9555 0.2861 -0.0721
vn -0.8553 -0.4202 0.3033
vn 0.8552 0.4201 -0.3035
vn 0.1177 -0.8053 0.5811
vn -0.0000 -0.0004 -1.0000
vn -0.0000 -0.2695 -0.9630
vn -0.2976 -0.2695 -0.9159
vn -0.3090 -0.0004 -0.9511
vn -0.5660 -0.2695 -0.7791
vn -0.5878 -0.0004 -0.8090
vn -0.7791 -0.2695 -0.5660
vn -0.8090 -0.0004 -0.5878
vn -0.9159 -0.2695 -0.2976
vn -0.9511 -0.0004 -0.3090
vn -0.9630 -0.2695 -0.0000
vn -1.0000 -0.0004 -0.0000
vn -0.9159 -0.2695 0.2976
vn -0.9511 -0.0004 0.3090
vn -0.7791 -0.2695 0.5660
vn -0.8090 -0.0004 0.5878
vn -0.5660 -0.2695 0.7791
vn -0.5878 -0.0004 0.8090
vn -0.2976 -0.2695 0.9159
vn -0.3090 -0.0004 0.9511
vn -0.0000 -0.2695 0.9630
vn -0.0000 -0.0004 1.0000
vn 0.2976 -0.2695 0.9159
vn 0.3090 -0.0004 0.9511
vn 0.5660 -0.2695 0.7791
vn 0.5878 -0.0004 0.8090
vn 0.7791 -0.2695 0.5660
vn 0.8090 -0.0004 0.5878
vn 0.9159 -0.2695 0.2976
vn 0.9511 -0.0004 0.3090
vn 0.9630 -0.2695 -0.0000
vn 1.0000 -0.0004 -0.0000
vn 0.9159 -0.2695 -0.2976
vn 0.9511 -0.0004 -0.3090
vn 0.7791 -0.2695 -0.5660
vn 0.8090 -0.0004 -0.5878
vn 0.5660 -0.2695 -0.7791
vn 0.5878 -0.0004 -0.8090
vn 0.2976 -0.2695 -0.9159
vn 0.3090 -0.0004 -0.9511
vn -0.0000 -0.0005 -1.0000
vn -0.0000 -0.0101 -0.9999
vn -0.3090 -0.0101 -0.9510
vn -0.3090 -0.0005 -0.9511
vn -0.5878 -0.0101 -0.8090
vn -0.5878 -0.0005 -0.8090
vn -0.8090 -0.0101 -0.5878
vn -0.8090 -0.0005 -0.5878
vn -0.9510 -0.0101 -0.3090
vn -0.9511 -0.0005 -0.3090
vn -0.9999 -0.0101 -0.0000
vn -1.0000 -0.0005 -0.0000
vn -0.9510 -0.0101 0.3090
vn -0.9511 -0.0005 0.3090
vn -0.8090 -0.0101 0.5878
vn -0.8090 -0.0005 0.5878
vn -0.5878 -0.0101 0.8090
vn -0.5878 -0.0005 0.8090
vn -0.3090 -0.0101 0.9510
vn -0.3090 -0.0005 0.9511
vn -0.0000 -0.0101 0.9999
vn -0.0000 -0.0005 1.0000
vn 0.3090 -0.0101 0.9510
vn 0.3090 -0.0005 0.9511
vn 0.5878 -0.0101 0.8090
vn 0.5878 -0.0005 0.8090
vn 0.8090 -0.0101 0.5878
vn 0.8090 -0.0005 0.5878
vn 0.9510 -0.0101 0.3090
vn 0.9511 -0.0005 0.3090
vn 0.9999 -0.0101 -0.0000
vn 1.0000 -0.0005 -0.0000
vn 0.9510 -0.0101 -0.3090
vn 0.9511 -0.0005 -0.3090
vn 0.8090 -0.0101 -0.5878
vn 0.8090 -0.0005 -0.5878
vn 0.5878 -0.0101 -0.8090
vn 0.5878 -0.0005 -0.8090
vn 0.3090 -0.0101 -0.9510
vn 0.3090 -0.0005 -0.9511
vn -0.0000 -0.0765 -0.9971
vn -0.3081 -0.0765 -0.9483
vn -0.5861 -0.0765 -0.8066
vn -0.8066 -0.0765 -0.5861
vn -0.9483 -0.0765 -0.3081
vn -0.9971 -0.0765 -0.0000
vn -0.9483 -0.0765 0.3081
vn -0.8066 -0.0765 0.5861
vn -0.5861 -0.0765 0.8066
vn -0.3081 -0.0765 0.9483
vn -0.0000 -0.0765 0.9971
vn 0.3081 -0.0765 0.9483
vn 0.5861 -0.0765 0.8066
vn 0.8066 -0.0765 0.5861
vn 0.9483 -0.0765 0.3081
vn 0.9971 -0.0765 -0.0000
vn 0.9483 -0.0765 -0.3081
vn 0.8066 -0.0765 -0.5861
vn 0.5861 -0.0765 -0.8066
vn 0.3081 -0.0765 -0.9483
vn -0.0000 -0.2976 -0.9547
vn -0.2950 -0.2976 -0.9080
vn -0.5611 -0.2976 -0.7724
vn -0.7724 -0.2976 -0.5611
vn -0.9080 -0.2976 -0.2950
vn -0.9547 -0.2976 -0.0000
vn -0.9080 -0.2976 0.2950
vn -0.7724 -0.2976 0.5611
vn -0.5611 -0.2976 0.7724
vn -0.2950 -0.2976 0.9080
vn -0.0000 -0.2976 0.9547
vn 0.2950 -0.2976 0.9080
vn 0.5611 -0.2976 0.7724
vn 0.7724 -0.2976 0.5611
vn 0.9080 -0.2976 0.2950
vn 0.9547 -0.2976 -0.0000
vn 0.9080 -0.2976 -0.2950
vn 0.7724 -0.2976 -0.5611
vn 0.5611 -0.2976 -0.7724
vn 0.2950 -0.2976 -0.9080
vn -0.0000 -0.6469 -0.7626
vn -0.2356 -0.6469 -0.7252
vn -0.4482 -0.6469 -0.6169
vn -0.6169 -0.6469 -0.4482
vn -0.7252 -0.6469 -0.2356
vn -0.7626 -0.6469 -0.0000
vn -0.7252 -0.6469 0.2356
vn -0.6169 -0.6469 0.4482
vn -0.4482 -0.6469 0.6169
vn -0.2356 -0.6469 0.7252
vn -0.0000 -0.6469 0.7626
vn 0.2356 -0.6469 0.7252
vn 0.4482 -0.6469 0.6169
vn 0.6169 -0.6469 0.4482
vn 0.7252 -0.6469 0.2356
vn 0.7626 -0.6469 -0.0000
vn 0.7252 -0.6469 -0.2356
vn 0.6169 -0.6469 -0.4482
vn 0.4482 -0.6469 -0.6169
vn 0.2356 -0.6469 -0.7252
vn -0.0000 -0.8851 -0.4653
vn -0.1438 -0.8851 -0.4426
vn -0.2735 -0.8851 -0.3765
vn -0.3765 -0.8851 -0.2735
vn -0.4426 -0.8851 -0.1438
vn -0.4653 -0.8851 -0.0000
vn -0.4426 -0.8851 0.1438
vn -0.3765 -0.8851 0.2735
vn -0.2735 -0.8851 0.3765
vn -0.1438 -0.8851 0.4426
vn -0.0000 -0.8851 0.4653
vn 0.1438 -0.8851 0.4426
vn 0.2735 -0.8851 0.3765
vn 0.3765 -0.8851 0.2735
vn 0.4426 -0.8851 0.1438
vn 0.4653 -0.8851 -0.0000
vn 0.4426 -0.8851 -0.1438
vn 0.3765 -0.8851 -0.2735
vn 0.2735 -0.8851 -0.3765
vn 0.1438 -0.8851 -0.4426
vn -0.0000 -0.9463 -0.3234
vn -0.0999 -0.9463 -0.3076
vn -0.1901 -0.9463 -0.2616
vn -0.2616 -0.9463 -0.1901
vn -0.3076 -0.9463 -0.0999
vn -0.3234 -0.9463 -0.0000
vn -0.3076 -0.9463 0.0999
vn -0.2617 -0.9463 0.1901
vn -0.1901 -0.9463 0.2617
vn -0.0999 -0.9463 0.3076
vn -0.0000 -0.9463 0.3234
vn 0.0999 -0.9463 0.3076
vn 0.1901 -0.9463 0.2616
vn 0.2616 -0.9463 0.1901
vn 0.3076 -0.9463 0.0999
vn 0.3234 -0.9463 -0.0000
vn 0.3076 -0.9463 -0.0999
vn 0.2617 -0.9463 -0.1901
vn 0.1901 -0.9463 -0.2617
vn 0.0999 -0.9463 -0.3076
vn -0.1540 0.1761 -0.9722
vn -0.1555 0.1100 -0.9817
vn -0.1430 0.1066 -0.9840
vn -0.1565 0.1204 -0.9803
vn -0.1560 0.1152 -0.9810
vn -0.1595 0.1179 -0.9801
vn -0.0000 0.1114 -0.9938
vn -0.0000 0.2080 -0.9781
vn -0.1522 0.2308 -0.9610
vn -0.1634 0.1257 -0.9785
vn -0.3085 0.0567 -0.9495
vn -0.3023 0.2080 -0.9303
vn -0.5749 0.2080 -0.7913
vn -0.5868 0.0567 -0.8077
vn -0.7913 0.2080 -0.5749
vn -0.8077 0.0567 -0.5868
vn -0.9303 0.2080 -0.3023
vn -0.9495 0.0567 -0.3085
vn -0.9781 0.2080 -0.0000
vn -0.9984 0.0567 -0.0000
vn -0.9303 0.2080 0.3023
vn -0.9495 0.0567 0.3085
vn -0.7913 0.2080 0.5749
vn -0.8077 0.0567 0.5868
vn -0.5749 0.2080 0.7913
vn -0.5868 0.0567 0.8077
vn -0.3023 0.2080 0.9303
vn -0.3085 0.0567 0.9495
vn -0.1522 0.2308 0.9610
vn -0.1437 0.1129 0.9832
vn -0.1555 0.1100 0.9817
vn -0.0000 0.0567 0.9984
vn -0.1540 0.1761 0.9722
vn -0.1551 0.1101 0.9817
vn -0.0000 0.1114 0.9938
vn -0.1591 0.0764 0.9843
vn -0.1573 0.0932 0.9831
vn 0.1555 0.1100 0.9817
vn 0.1364 0.0963 0.9860
vn 0.1459 0.1032 0.9839
vn 0.2370 -0.9681 0.0811
vn 0.1522 0.2308 0.9610
vn 0.1540 0.1761 0.9722
vn 0.3023 0.2080 0.9303
vn 0.3085 0.0567 0.9495
vn 0.1566 0.1128 0.9812
vn 0.5749 0.2080 0.7913
vn 0.5868 0.0567 0.8077
vn 0.7913 0.2080 0.5749
vn 0.8077 0.0567 0.5868
vn 0.9303 0.2080 0.3023
vn 0.9495 0.0567 0.3085
vn 0.9781 0.2080 -0.0000
vn 0.9984 0.0567 -0.0000
vn 0.9303 0.2080 -0.3023
vn 0.9495 0.0567 -0.3085
vn 0.7913 0.2080 -0.5749
vn 0.8077 0.0567 -0.5868
vn 0.5749 0.2080 -0.7913
vn 0.5868 0.0567 -0.8077
vn 0.3023 0.2080 -0.9303
vn 0.3085 0.0567 -0.9495
vn 0.1623 0.1114 -0.9804
vn 0.1555 0.1100 -0.9817
vn 0.1691 0.1127 -0.9791
vn 0.1596 0.1197 -0.9799
vn 0.3503 0.9272 0.1324
vn 0.1522 0.2308 -0.9610
vn -0.1863 0.3150 -0.9306
vn -0.1495 0.2954 -0.9436
vn -0.2227 0.3340 -0.9159
vn -0.0000 0.2988 -0.9543
vn -0.1494 0.2954 -0.9436
vn -0.1170 0.3511 -0.9290
vn -0.1333 0.3234 -0.9368
vn -0.2829 0.4026 -0.8706
vn -0.5380 0.4026 -0.7406
vn -0.7406 0.4026 -0.5380
vn -0.8706 0.4026 -0.2829
vn -0.9154 0.4026 -0.0000
vn -0.8706 0.4026 0.2829
vn -0.7406 0.4026 0.5380
vn -0.5380 0.4026 0.7406
vn -0.2829 0.4026 0.8706
vn -0.1161 0.3482 0.9302
vn -0.1495 0.2954 0.9436
vn -0.1328 0.3220 0.9374
vn -0.1494 0.2954 0.9436
vn -0.1917 0.2940 0.9364
vn -0.2337 0.2921 0.9274
vn -0.0000 0.2988 0.9543
vn -0.0000 0.2080 0.9781
vn -0.1803 0.2705 0.9457
vn -0.1649 0.2830 0.9448
vn 0.1471 0.3147 0.9377
vn 0.1495 0.2954 0.9436
vn 0.1446 0.3338 0.9315
vn -0.6272 -0.3136 -0.7129
vn -0.9000 -0.0342 0.4345
vn 0.1494 0.2954 0.9436
vn 0.9681 0.1919 -0.1610
vn -0.0537 -0.2765 -0.9595
vn 0.2829 0.4026 0.8706
vn 0.5380 0.4026 0.7406
vn 0.7406 0.4026 0.5380
vn 0.8706 0.4026 0.2829
vn 0.9154 0.4026 -0.0000
vn 0.8706 0.4026 -0.2829
vn 0.7406 0.4026 -0.5380
vn 0.5380 0.4026 -0.7406
vn 0.2829 0.4026 -0.8706
vn -0.5534 -0.5534 0.6225
vn 0.1494 0.2954 -0.9436
vn -0.7002 -0.4471 -0.5566
vn 0.1495 0.2954 -0.9436
vn 0.1540 0.1761 -0.9722
vn -0.0000 0.4026 -0.9154
vn 0.9807 0.1181 0.1559
vn -0.0821 -0.2873 0.9543
vn 0.2045 0.3208 -0.9248
vn 0.2586 0.3448 -0.9023
vn -0.0000 0.5832 -0.8123
vn -0.2510 0.5832 -0.7726
vn -0.4775 0.5832 -0.6572
vn -0.6572 0.5832 -0.4775
vn -0.7726 0.5832 -0.2510
vn -0.8123 0.5832 -0.0000
vn -0.7726 0.5832 0.2510
vn -0.6572 0.5832 0.4775
vn -0.4775 0.5832 0.6572
vn -0.2510 0.5832 0.7726
vn -0.0000 0.5832 0.8123
vn -0.0000 0.4026 0.9154
vn 0.2510 0.5832 0.7726
vn 0.4775 0.5832 0.6572
vn 0.6572 0.5832 0.4775
vn 0.7726 0.5832 0.2510
vn 0.8123 0.5832 -0.0000
vn 0.7726 0.5832 -0.2510
vn 0.6572 0.5832 -0.4775
vn 0.4775 0.5832 -0.6572
vn 0.2510 0.5832 -0.7726
vn -0.0000 0.7321 -0.6812
vn -0.2105 0.7321 -0.6479
vn -0.4004 0.7321 -0.5511
vn -0.5511 0.7321 -0.4004
vn -0.6479 0.7321 -0.2105
vn -0.6812 0.7321 -0.0000
vn -0.6479 0.7321 0.2105
vn -0.5511 0.7321 0.4004
vn -0.4004 0.7321 0.5511
vn -0.2105 0.7321 0.6479
vn -0.0000 0.7321 0.6812
vn 0.2105 0.7321 0.6479
vn 0.4004 0.7321 0.5511
vn 0.5511 0.7321 0.4004
vn 0.6479 0.7321 0.2105
vn 0.6812 0.7321 -0.0000
vn 0.6479 0.7321 -0.2105
vn 0.5511 0.7321 -0.4004
vn 0.4004 0.7321 -0.5511
vn 0.2105 0.7321 -0.6479
vn -0.0000 0.8364 -0.5481
vn -0.1694 0.8364 -0.5212
vn -0.3221 0.8364 -0.4434
vn -0.4434 0.8364 -0.3221
vn -0.5212 0.8364 -0.1694
vn -0.5481 0.8364 -0.0000
vn -0.5212 0.8364 0.1694
vn -0.4434 0.8364 0.3221
vn -0.3221 0.8364 0.4434
vn -0.1694 0.8364 0.5212
vn -0.0000 0.8364 0.5481
vn 0.1694 0.8364 0.5212
vn 0.3221 0.8364 0.4434
vn 0.4434 0.8364 0.3221
vn 0.5212 0.8364 0.1694
vn 0.5481 0.8364 -0.0000
vn 0.5212 0.8364 -0.1694
vn 0.4434 0.8364 -0.3221
vn 0.3221 0.8364 -0.4434
vn 0.1694 0.8364 -0.5212
vn -0.0000 0.8885 -0.4588
vn -0.1418 0.8885 -0.4364
vn -0.2697 0.8885 -0.3712
vn -0.3712 0.8885 -0.2697
vn -0.4364 0.8885 -0.1418
vn -0.4588 0.8885 -0.0000
vn -0.4364 0.8885 0.1418
vn -0.3712 0.8885 0.2697
vn -0.2697 0.8885 0.3712
vn -0.1418 0.8885 0.4364
vn -0.0000 0.8885 0.4588
vn 0.1418 0.8885 0.4364
vn 0.2697 0.8885 0.3712
vn 0.3712 0.8885 0.2697
vn 0.4364 0.8885 0.1418
vn 0.4588 0.8885 -0.0000
vn 0.4364 0.8885 -0.1418
vn 0.3712 0.8885 -0.2697
vn 0.2697 0.8885 -0.3712
vn 0.1418 0.8885 -0.4364
vn -0.0000 0.2139 -0.9769
vn -0.0000 -0.0865 -0.9963
vn -0.3079 -0.0865 -0.9475
vn -0.3019 0.2139 -0.9291
vn -0.5856 -0.0865 -0.8060
vn -0.5742 0.2139 -0.7903
vn -0.8060 -0.0865 -0.5856
vn -0.7903 0.2139 -0.5742
vn -0.9475 -0.0865 -0.3079
vn -0.9291 0.2139 -0.3019
vn -0.9963 -0.0865 -0.0000
vn -0.9769 0.2139 -0.0000
vn -0.9475 -0.0865 0.3079
vn -0.9291 0.2139 0.3019
vn -0.8060 -0.0865 0.5856
vn -0.7903 0.2139 0.5742
vn -0.5856 -0.0865 0.8060
vn -0.5742 0.2139 0.7903
vn -0.3079 -0.0865 0.9475
vn -0.3019 0.2139 0.9291
vn -0.0000 -0.0865 0.9963
vn -0.0000 0.2139 0.9769
vn 0.3079 -0.0865 0.9475
vn 0.3019 0.2139 0.9291
vn 0.5856 -0.0865 0.8060
vn 0.5742 0.2139 0.7903
vn 0.8060 -0.0865 0.5856
vn 0.7903 0.2139 0.5742
vn 0.9475 -0.0865 0.3079
vn 0.9291 0.2139 0.3019
vn 0.9963 -0.0865 -0.0000
vn 0.9769 0.2139 -0.0000
vn 0.9475 -0.0865 -0.3079
vn 0.9291 0.2139 -0.3019
vn 0.8060 -0.0865 -0.5856
vn 0.7903 0.2139 -0.5742
vn 0.5856 -0.0865 -0.8060
vn 0.5742 0.2139 -0.7903
vn 0.3079 -0.0865 -0.9475
vn 0.3019 0.2139 -0.9291
vn -0.0000 -0.1249 -0.9922
vn -0.3066 -0.1249 -0.9436
vn -0.5832 -0.1249 -0.8027
vn -0.8027 -0.1249 -0.5832
vn -0.9436 -0.1249 -0.3066
vn -0.9922 -0.1249 -0.0000
vn -0.9436 -0.1249 0.3066
vn -0.8027 -0.1249 0.5832
vn -0.5832 -0.1249 0.8027
vn -0.3066 -0.1249 0.9436
vn -0.0000 -0.1249 0.9922
vn 0.3066 -0.1249 0.9436
vn 0.5832 -0.1249 0.8027
vn 0.8027 -0.1249 0.5832
vn 0.9436 -0.1249 0.3066
vn 0.9922 -0.1249 -0.0000
vn 0.9436 -0.1249 -0.3066
vn 0.8027 -0.1249 -0.5832
vn 0.5832 -0.1249 -0.8027
vn 0.3066 -0.1249 -0.9436
vn -0.0000 -0.1687 -0.9857
vn -0.3046 -0.1687 -0.9374
vn -0.5794 -0.1687 -0.7974
vn -0.7974 -0.1687 -0.5794
vn -0.9374 -0.1687 -0.3046
vn -0.9857 -0.1687 -0.0000
vn -0.9374 -0.1687 0.3046
vn -0.7974 -0.1687 0.5794
vn -0.5794 -0.1687 0.7974
vn -0.3046 -0.1687 0.9374
vn -0.0000 -0.1687 0.9857
vn 0.3046 -0.1687 0.9374
vn 0.5794 -0.1687 0.7974
vn 0.7974 -0.1687 0.5794
vn 0.9374 -0.1687 0.3046
vn 0.9857 -0.1687 -0.0000
vn 0.9374 -0.1687 -0.3046
vn 0.7974 -0.1687 -0.5794
vn 0.5794 -0.1687 -0.7974
vn 0.3046 -0.1687 -0.9374
vn -0.1575 -0.1829 -0.9704
vn -0.1536 -0.1896 -0.9698
vn -0.0000 -0.1919 -0.9814
vn -0.0000 -0.2158 -0.9764
vn -0.1527 -0.2176 -0.9640
vn -0.1529 -0.2101 -0.9656
vn -0.3017 -0.2158 -0.9286
vn -0.5739 -0.2158 -0.7900
vn -0.7900 -0.2158 -0.5739
vn -0.9286 -0.2158 -0.3017
vn -0.9764 -0.2158 -0.0000
vn -0.9286 -0.2158 0.3017
vn -0.7900 -0.2158 0.5739
vn -0.5739 -0.2158 0.7900
vn -0.3017 -0.2159 0.9286
vn -0.0000 -0.1919 0.9814
vn -0.1536 -0.1896 0.9698
vn -0.1527 -0.2197 0.9636
vn -0.0000 -0.2162 0.9764
vn -0.1535 -0.2082 0.9660
vn 0.1213 -0.2425 0.9625
vn 0.1530 -0.2083 0.9660
vn 0.3017 -0.2159 0.9286
vn 0.1536 -0.1896 0.9698
vn 0.1527 -0.2196 0.9636
vn 0.5739 -0.2158 0.7900
vn 0.7900 -0.2158 0.5739
vn 0.9286 -0.2158 0.3017
vn 0.9764 -0.2158 -0.0000
vn 0.9286 -0.2158 -0.3017
vn 0.7900 -0.2158 -0.5739
vn 0.5739 -0.2158 -0.7900
vn 0.3017 -0.2158 -0.9286
vn 0.1536 -0.1896 -0.9698
vn 0.1529 -0.2101 -0.9656
vn 0.1814 -0.1995 -0.9630
vn 0.1527 -0.2176 -0.9640
vn -0.2978 -0.2664 -0.9167
vn -0.1519 -0.2378 -0.9593
vn -0.1510 -0.2617 -0.9533
vn -0.0000 -0.2664 -0.9639
vn -0.1508 -0.2665 -0.9520
vn -0.5665 -0.2664 -0.7798
vn -0.7798 -0.2664 -0.5665
vn -0.9167 -0.2664 -0.2978
vn -0.9639 -0.2664 -0.0000
vn -0.9167 -0.2664 0.2978
vn -0.7798 -0.2664 0.5665
vn -0.5665 -0.2664 0.7798
vn -0.2978 -0.2664 0.9167
vn -0.1520 -0.2376 0.9594
vn -0.9761 0.1241 0.1782
vn -0.1520 -0.2377 0.9594
vn -0.1508 -0.2664 0.9520
vn -0.0000 -0.2663 0.9639
vn -0.1519 -0.2376 0.9594
vn -0.1517 -0.2376 0.9594
vn -0.1509 -0.2616 0.9533
vn 0.1520 -0.2376 0.9594
vn 0.1518 -0.2376 0.9594
vn 0.1509 -0.2616 0.9533
vn 0.2978 -0.2664 0.9167
vn 0.1509 -0.2664 0.9520
vn 0.1522 -0.2376 0.9594
vn 0.5665 -0.2664 0.7798
vn 0.7798 -0.2664 0.5665
vn 0.9167 -0.2664 0.2978
vn 0.9639 -0.2664 -0.0000
vn 0.9167 -0.2664 -0.2978
vn 0.7798 -0.2664 -0.5665
vn 0.5665 -0.2664 -0.7798
vn 0.2978 -0.2664 -0.9167
vn 0.1573 -0.2274 -0.9610
vn 0.1519 -0.2378 -0.9593
vn 0.1510 -0.2617 -0.9533
vn 0.1508 -0.2665 -0.9520
vn -0.1497 -0.2901 -0.9452
vn -0.1483 -0.3174 -0.9366
vn -0.2928 -0.3195 -0.9012
vn -0.0000 -0.3195 -0.9476
vn -0.1484 -0.3161 -0.9370
vn -0.5570 -0.3195 -0.7666
vn -0.7666 -0.3195 -0.5570
vn -0.9012 -0.3195 -0.2928
vn -0.9476 -0.3195 -0.0000
vn -0.9012 -0.3195 0.2928
vn -0.7666 -0.3195 0.5570
vn -0.5570 -0.3195 0.7666
vn -0.2928 -0.3195 0.9012
vn -0.1484 -0.3161 0.9370
vn -0.0000 -0.3195 0.9476
vn -0.1497 -0.2901 0.9452
vn 0.1484 -0.3161 0.9370
vn 0.1497 -0.2901 0.9452
vn -0.9701 -0.0000 -0.2425
vn 0.2928 -0.3195 0.9012
vn 0.5570 -0.3195 0.7666
vn 0.7666 -0.3195 0.5570
vn 0.9012 -0.3195 0.2928
vn 0.9476 -0.3195 -0.0000
vn 0.9012 -0.3195 -0.2928
vn 0.7666 -0.3195 -0.5570
vn 0.5570 -0.3195 -0.7666
vn 0.2928 -0.3195 -0.9012
vn 0.1497 -0.2901 -0.9452
vn 0.1483 -0.3174 -0.9366
vn 0.1256 0.5958 -0.7933
vn 0.1496 -0.2901 -0.9452
vn 0.1484 -0.3161 -0.9370
vn -0.1469 -0.3432 -0.9277
vn -0.0000 -0.3469 -0.9379
vn -0.0000 -0.3696 -0.9292
vn -0.2871 -0.3696 -0.8837
vn -0.1467 -0.3436 -0.9276
vn -0.1464 -0.3440 -0.9275
vn -0.1485 -0.3532 -0.9237
vn -0.5462 -0.3696 -0.7517
vn -0.7517 -0.3696 -0.5462
vn -0.8837 -0.3696 -0.2871
vn -0.9292 -0.3696 -0.0000
vn -0.8837 -0.3696 0.2871
vn -0.7517 -0.3696 0.5462
vn -0.5462 -0.3696 0.7517
vn -0.2871 -0.3696 0.8837
vn -0.1469 -0.3432 0.9277
vn -0.1479 -0.3436 0.9274
vn -0.1488 -0.3441 0.9271
vn -0.0000 -0.3469 0.9379
vn 0.1469 -0.3432 0.9277
vn -0.0000 -0.3696 0.9292
vn 0.2871 -0.3696 0.8837
vn 0.1483 -0.3174 0.9366
vn 0.1449 -0.3428 0.9282
vn 0.1428 -0.3425 0.9286
vn 0.1489 -0.3462 0.9263
vn 0.5462 -0.3696 0.7517
vn 0.7517 -0.3696 0.5462
vn 0.8837 -0.3696 0.2871
vn 0.9292 -0.3696 -0.0000
vn 0.8837 -0.3696 -0.2871
vn 0.7517 -0.3696 -0.5462
vn 0.5462 -0.3696 -0.7517
vn 0.2871 -0.3696 -0.8837
vn 0.1471 -0.3427 -0.9279
vn 0.1469 -0.3432 -0.9277
vn 0.1472 -0.3422 -0.9280
vn 0.1484 -0.3530 -0.9238
vn -0.0000 -0.4110 -0.9116
vn -0.2817 -0.4110 -0.8670
vn -0.5358 -0.4110 -0.7375
vn -0.7375 -0.4110 -0.5358
vn -0.8670 -0.4110 -0.2817
vn -0.9116 -0.4110 -0.0000
vn -0.8670 -0.4110 0.2817
vn -0.7375 -0.4110 0.5358
vn -0.5358 -0.4110 0.7375
vn -0.2817 -0.4110 0.8670
vn -0.0000 -0.4110 0.9116
vn 0.2817 -0.4110 0.8670
vn 0.5358 -0.4110 0.7375
vn 0.7375 -0.4110 0.5358
vn 0.8670 -0.4110 0.2817
vn 0.9116 -0.4110 -0.0000
vn 0.8670 -0.4110 -0.2817
vn 0.7375 -0.4110 -0.5358
vn 0.5358 -0.4110 -0.7375
vn 0.2817 -0.4110 -0.8670
vn -0.0000 -0.4419 -0.8971
vn -0.2772 -0.4419 -0.8532
vn -0.5273 -0.4419 -0.7257
vn -0.7257 -0.4419 -0.5273
vn -0.8532 -0.4419 -0.2772
vn -0.8971 -0.4419 -0.0000
vn -0.8532 -0.4419 0.2772
vn -0.7257 -0.4419 0.5273
vn -0.5273 -0.4419 0.7257
vn -0.2772 -0.4419 0.8532
vn -0.0000 -0.4419 0.8971
vn 0.2772 -0.4419 0.8532
vn 0.5273 -0.4419 0.7257
vn 0.7257 -0.4419 0.5273
vn 0.8532 -0.4419 0.2772
vn 0.8971 -0.4419 -0.0000
vn 0.8532 -0.4419 -0.2772
vn 0.7257 -0.4419 -0.5273
vn 0.5273 -0.4419 -0.7257
vn 0.2772 -0.4419 -0.8532
vn -0.0000 -0.4618 -0.8870
vn -0.2741 -0.4618 -0.8435
vn -0.5213 -0.4618 -0.7176
vn -0.7176 -0.4618 -0.5213
vn -0.8435 -0.4618 -0.2741
vn -0.8870 -0.4618 -0.0000
vn -0.8435 -0.4618 0.2741
vn -0.7176 -0.4618 0.5213
vn -0.5213 -0.4618 0.7176
vn -0.2741 -0.4618 0.8435
vn -0.0000 -0.4618 0.8870
vn 0.2741 -0.4618 0.8435
vn 0.5213 -0.4618 0.7176
vn 0.7176 -0.4618 0.5213
vn 0.8435 -0.4618 0.2741
vn 0.8870 -0.4618 -0.0000
vn 0.8435 -0.4618 -0.2741
vn 0.7176 -0.4618 -0.5213
vn 0.5213 -0.4618 -0.7176
vn 0.2741 -0.4618 -0.8435
vn -0.0000 -0.4705 -0.8824
vn -0.2727 -0.4705 -0.8392
vn -0.5187 -0.4705 -0.7139
vn -0.7139 -0.4705 -0.5187
vn -0.8392 -0.4705 -0.2727
vn -0.8824 -0.4705 -0.0000
vn -0.8392 -0.4705 0.2727
vn -0.7139 -0.4705 0.5187
vn -0.5187 -0.4705 0.7139
vn -0.2727 -0.4705 0.8392
vn -0.0000 -0.4705 0.8824
vn 0.2727 -0.4705 0.8392
vn 0.5187 -0.4705 0.7139
vn 0.7139 -0.4705 0.5187
vn 0.8392 -0.4705 0.2727
vn 0.8824 -0.4705 -0.0000
vn 0.8392 -0.4705 -0.2727
vn 0.7139 -0.4705 -0.5187
vn 0.5187 -0.4705 -0.7139
vn 0.2727 -0.4705 -0.8392
vn -0.0000 -0.2667 -0.9638
vn -0.0000 -0.0225 -0.9997
vn -0.3089 -0.0225 -0.9508
vn -0.2978 -0.2667 -0.9166
vn -0.5876 -0.0225 -0.8088
vn -0.5665 -0.2667 -0.7797
vn -0.8088 -0.0225 -0.5876
vn -0.7797 -0.2667 -0.5665
vn -0.9508 -0.0225 -0.3089
vn -0.9166 -0.2667 -0.2978
vn -0.9997 -0.0225 -0.0000
vn -0.9638 -0.2667 -0.0000
vn -0.9508 -0.0225 0.3089
vn -0.9166 -0.2667 0.2978
vn -0.8088 -0.0225 0.5876
vn -0.7797 -0.2667 0.5665
vn -0.5876 -0.0225 0.8088
vn -0.5665 -0.2667 0.7797
vn -0.3089 -0.0225 0.9508
vn -0.2978 -0.2667 0.9166
vn -0.0000 -0.0225 0.9997
vn -0.0000 -0.2667 0.9638
vn 0.3089 -0.0225 0.9508
vn 0.2978 -0.2667 0.9166
vn 0.5876 -0.0225 0.8088
vn 0.5665 -0.2667 0.7797
vn 0.8088 -0.0225 0.5876
vn 0.7797 -0.2667 0.5665
vn 0.9508 -0.0225 0.3089
vn 0.9166 -0.2667 0.2978
vn 0.9997 -0.0225 -0.0000
vn 0.9638 -0.2667 -0.0000
vn 0.9508 -0.0225 -0.3089
vn 0.9166 -0.2667 -0.2978
vn 0.8088 -0.0225 -0.5876
vn 0.7797 -0.2667 -0.5665
vn 0.5876 -0.0225 -0.8088
vn 0.5665 -0.2667 -0.7797
vn 0.3089 -0.0225 -0.9508
vn 0.2978 -0.2667 -0.9166
vn -0.0000 -0.0319 -0.9995
vn -0.3089 -0.0319 -0.9506
vn -0.5875 -0.0319 -0.8086
vn -0.8086 -0.0319 -0.5875
vn -0.9506 -0.0319 -0.3089
vn -0.9995 -0.0319 -0.0000
vn -0.9506 -0.0319 0.3089
vn -0.8086 -0.0319 0.5875
vn -0.5875 -0.0319 0.8086
vn -0.3089 -0.0319 0.9506
vn -0.0000 -0.0319 0.9995
vn 0.3089 -0.0319 0.9506
vn 0.5875 -0.0319 0.8086
vn 0.8086 -0.0319 0.5875
vn 0.9506 -0.0319 0.3089
vn 0.9995 -0.0319 -0.0000
vn 0.9506 -0.0319 -0.3089
vn 0.8086 -0.0319 -0.5875
vn 0.5875 -0.0319 -0.8086
vn 0.3089 -0.0319 -0.9506
vn -0.0000 -0.1545 -0.9880
vn -0.3053 -0.1545 -0.9396
vn -0.5807 -0.1545 -0.7993
vn -0.7993 -0.1545 -0.5807
vn -0.9396 -0.1545 -0.3053
vn -0.9880 -0.1545 -0.0000
vn -0.9396 -0.1545 0.3053
vn -0.7993 -0.1545 0.5807
vn -0.5807 -0.1545 0.7993
vn -0.3053 -0.1545 0.9396
vn -0.0000 -0.1545 0.9880
vn 0.3053 -0.1545 0.9396
vn 0.5807 -0.1545 0.7993
vn 0.7993 -0.1545 0.5807
vn 0.9396 -0.1545 0.3053
vn 0.9880 -0.1545 -0.0000
vn 0.9396 -0.1545 -0.3053
vn 0.7993 -0.1545 -0.5807
vn 0.5807 -0.1545 -0.7993
vn 0.3053 -0.1545 -0.9396
vn -0.0000 -0.4553 -0.8903
vn -0.2751 -0.4553 -0.8467
vn -0.5233 -0.4553 -0.7203
vn -0.7203 -0.4553 -0.5233
vn -0.8467 -0.4553 -0.2751
vn -0.8903 -0.4553 -0.0000
vn -0.8467 -0.4553 0.2751
vn -0.7203 -0.4553 0.5233
vn -0.5233 -0.4553 0.7203
vn -0.2751 -0.4553 0.8467
vn -0.0000 -0.4553 0.8903
vn 0.2751 -0.4553 0.8467
vn 0.5233 -0.4553 0.7203
vn 0.7203 -0.4553 0.5233
vn 0.8467 -0.4553 0.2751
vn 0.8903 -0.4553 -0.0000
vn 0.8467 -0.4553 -0.2751
vn 0.7203 -0.4553 -0.5233
vn 0.5233 -0.4553 -0.7203
vn 0.2751 -0.4553 -0.8467
vn -0.0000 -0.7799 -0.6259
vn -0.1934 -0.7799 -0.5953
vn -0.3679 -0.7799 -0.5064
vn -0.5064 -0.7799 -0.3679
vn -0.5953 -0.7799 -0.1934
vn -0.6259 -0.7799 -0.0000
vn -0.5953 -0.7799 0.1934
vn -0.5064 -0.7799 0.3679
vn -0.3679 -0.7799 0.5064
vn -0.1934 -0.7799 0.5953
vn -0.0000 -0.7799 0.6259
vn 0.1934 -0.7799 0.5953
vn 0.3679 -0.7799 0.5064
vn 0.5064 -0.7799 0.3679
vn 0.5953 -0.7799 0.1934
vn 0.6259 -0.7799 -0.0000
vn 0.5953 -0.7799 -0.1934
vn 0.5064 -0.7799 -0.3679
vn 0.3679 -0.7799 -0.5064
vn 0.1934 -0.7799 -0.5953
vn -0.0000 -0.9276 -0.3736
vn -0.1155 -0.9276 -0.3553
vn -0.2196 -0.9276 -0.3023
vn -0.3023 -0.9276 -0.2196
vn -0.3553 -0.9276 -0.1155
vn -0.3736 -0.9276 -0.0000
vn -0.3553 -0.9276 0.1155
vn -0.3023 -0.9276 0.2196
vn -0.2196 -0.9276 0.3023
vn -0.1155 -0.9276 0.3553
vn -0.0000 -0.9276 0.3736
vn 0.1155 -0.9276 0.3553
vn 0.2196 -0.9276 0.3023
vn 0.3023 -0.9276 0.2196
vn 0.3553 -0.9276 0.1155
vn 0.3736 -0.9276 -0.0000
vn 0.3553 -0.9276 -0.1155
vn 0.3023 -0.9276 -0.2196
vn 0.2196 -0.9276 -0.3023
vn 0.1155 -0.9276 -0.3553
vn -0.0000 -0.4318 -0.9020
vn -0.2787 -0.4318 -0.8578
vn -0.5302 -0.4318 -0.7297
vn -0.7297 -0.4318 -0.5302
vn -0.8578 -0.4318 -0.2787
vn -0.9020 -0.4318 -0.0000
vn -0.8578 -0.4318 0.2787
vn -0.7297 -0.4318 0.5302
vn -0.5302 -0.4318 0.7297
vn -0.2787 -0.4318 0.8578
vn -0.0000 -0.4318 0.9020
vn 0.2787 -0.4318 0.8578
vn 0.5302 -0.4318 0.7297
vn 0.7297 -0.4318 0.5302
vn 0.8578 -0.4318 0.2787
vn 0.9020 -0.4318 -0.0000
vn 0.8578 -0.4318 -0.2787
vn 0.7297 -0.4318 -0.5302
vn 0.5302 -0.4318 -0.7297
vn 0.2787 -0.4318 -0.8578
vn -0.0000 -0.1247 -0.9922
vn -0.3066 -0.1247 -0.9436
vn -0.5832 -0.1247 -0.8027
vn -0.8027 -0.1247 -0.5832
vn -0.9436 -0.1247 -0.3066
vn -0.9922 -0.1247 -0.0000
vn -0.9436 -0.1247 0.3066
vn -0.8027 -0.1247 0.5832
vn -0.5832 -0.1247 0.8027
vn -0.3066 -0.1247 0.9436
vn -0.0000 -0.1247 0.9922
vn 0.3066 -0.1247 0.9436
vn 0.5832 -0.1247 0.8027
vn 0.8027 -0.1247 0.5832
vn 0.9436 -0.1247 0.3066
vn 0.9922 -0.1247 -0.0000
vn 0.9436 -0.1247 -0.3066
vn 0.8027 -0.1247 -0.5832
vn 0.5832 -0.1247 -0.8027
vn 0.3066 -0.1247 -0.9436
vn -0.0000 0.2684 -0.9633
vn -0.2977 0.2684 -0.9162
vn -0.5662 0.2684 -0.7793
vn -0.7793 0.2684 -0.5662
vn -0.9162 0.2684 -0.2977
vn -0.9633 0.2684 -0.0000
vn -0.9162 0.2684 0.2977
vn -0.7793 0.2684 0.5662
vn -0.5662 0.2684 0.7793
vn -0.2977 0.2684 0.9162
vn -0.0000 0.2684 0.9633
vn 0.2977 0.2684 0.9162
vn 0.5662 0.2684 0.7793
vn 0.7793 0.2684 0.5662
vn 0.9162 0.2684 0.2977
vn 0.9633 0.2684 -0.0000
vn 0.9162 0.2684 -0.2977
vn 0.7793 0.2684 -0.5662
vn 0.5662 0.2684 -0.7793
vn 0.2977 0.2684 -0.9162
vn -0.0000 0.5787 -0.8155
vn -0.2520 0.5787 -0.7756
vn -0.4794 0.5787 -0.6598
vn -0.6598 0.5787 -0.4794
vn -0.7756 0.5787 -0.2520
vn -0.8155 0.5787 -0.0000
vn -0.7756 0.5787 0.2520
vn -0.6598 0.5787 0.4794
vn -0.4794 0.5787 0.6598
vn -0.2520 0.5787 0.7756
vn -0.0000 0.5787 0.8155
vn 0.2520 0.5787 0.7756
vn 0.4794 0.5787 0.6598
vn 0.6598 0.5787 0.4794
vn 0.7756 0.5787 0.2520
vn 0.8155 0.5787 -0.0000
vn 0.7756 0.5787 -0.2520
vn 0.6598 0.5787 -0.4794
vn 0.4794 0.5787 -0.6598
vn 0.2520 0.5787 -0.7756
vn -0.0000 0.7838 -0.6210
vn -0.1919 0.7838 -0.5906
vn -0.3650 0.7838 -0.5024
vn -0.5024 0.7838 -0.3650
vn -0.5906 0.7838 -0.1919
vn -0.6210 0.7838 -0.0000
vn -0.5906 0.7838 0.1919
vn -0.5024 0.7838 0.3650
vn -0.3650 0.7838 0.5024
vn -0.1919 0.7838 0.5906
vn -0.0000 0.7838 0.6210
vn 0.1919 0.7838 0.5906
vn 0.3650 0.7838 0.5024
vn 0.5024 0.7838 0.3650
vn 0.5906 0.7838 0.1919
vn 0.6210 0.7838 -0.0000
vn 0.5906 0.7838 -0.1919
vn 0.5024 0.7838 -0.3650
vn 0.3650 0.7838 -0.5024
vn 0.1919 0.7838 -0.5906
vn -0.0000 0.8907 -0.4546
vn -0.1405 0.8907 -0.4324
vn -0.2672 0.8907 -0.3678
vn -0.3678 0.8907 -0.2672
vn -0.4324 0.8907 -0.1405
vn -0.4546 0.8907 -0.0000
vn -0.4324 0.8907 0.1405
vn -0.3678 0.8907 0.2672
vn -0.2672 0.8907 0.3678
vn -0.1405 0.8907 0.4324
vn -0.0000 0.8907 0.4546
vn 0.1405 0.8907 0.4324
vn 0.2672 0.8907 0.3678
vn 0.3678 0.8907 0.2672
vn 0.4324 0.8907 0.1405
vn 0.4546 0.8907 -0.0000
vn 0.4324 0.8907 -0.1405
vn 0.3678 0.8907 -0.2672
vn 0.2672 0.8907 -0.3678
vn 0.1405 0.8907 -0.4324
vn -0.0000 0.9270 -0.3751
vn -0.1159 0.9270 -0.3567
vn -0.2205 0.9270 -0.3035
vn -0.3035 0.9270 -0.2205
vn -0.3567 0.9270 -0.1159
vn -0.3751 0.9270 -0.0000
vn -0.3567 0.9270 0.1159
vn -0.3035 0.9270 0.2205
vn -0.2205 0.9270 0.3035
vn -0.1159 0.9270 0.3567
vn -0.0000 0.9270 0.3751
vn 0.1159 0.9270 0.3567
vn 0.2205 0.9270 0.3035
vn 0.3035 0.9270 0.2205
vn 0.3567 0.9270 0.1159
vn 0.3751 0.9270 -0.0000
vn 0.3567 0.9270 -0.1159
vn 0.3035 0.9270 -0.2205
vn 0.2205 0.9270 -0.3035
vn 0.1159 0.9270 -0.3567
vn -0.0000 0.9345 -0.3559
vn -0.1100 0.9345 -0.3385
vn -0.2092 0.9345 -0.2879
vn -0.2879 0.9345 -0.2092
vn -0.3385 0.9345 -0.1100
vn -0.3559 0.9345 -0.0000
vn -0.3385 0.9345 0.1100
vn -0.2879 0.9345 0.2092
vn -0.2092 0.9345 0.2879
vn -0.1100 0.9345 0.3385
vn -0.0000 0.9345 0.3559
vn 0.1100 0.9345 0.3385
vn 0.2092 0.9345 0.2879
vn 0.2879 0.9345 0.2092
vn 0.3385 0.9345 0.1100
vn 0.3559 0.9345 -0.0000
vn 0.3385 0.9345 -0.1100
vn 0.2879 0.9345 -0.2092
vn 0.2092 0.9345 -0.2879
vn 0.1100 0.9345 -0.3385
vn -0.0000 0.8244 -0.5660
vn -0.0000 0.7281 -0.6855
vn -0.2118 0.7281 -0.6519
vn -0.1749 0.8244 -0.5383
vn -0.4029 0.7281 -0.5545
vn -0.3327 0.8244 -0.4579
vn -0.5545 0.7281 -0.4029
vn -0.4579 0.8244 -0.3327
vn -0.6519 0.7281 -0.2118
vn -0.5383 0.8244 -0.1749
vn -0.6855 0.7281 -0.0000
vn -0.5660 0.8244 -0.0000
vn -0.6519 0.7281 0.2118
vn -0.5383 0.8244 0.1749
vn -0.5545 0.7281 0.4029
vn -0.4579 0.8244 0.3327
vn -0.4029 0.7281 0.5545
vn -0.3327 0.8244 0.4579
vn -0.2118 0.7281 0.6519
vn -0.1749 0.8244 0.5383
vn -0.0000 0.7281 0.6855
vn -0.0000 0.8244 0.5660
vn 0.2118 0.7281 0.6519
vn 0.1749 0.8244 0.5383
vn 0.4029 0.7281 0.5545
vn 0.3327 0.8244 0.4579
vn 0.5545 0.7281 0.4029
vn 0.4579 0.8244 0.3327
vn 0.6519 0.7281 0.2118
vn 0.5383 0.8244 0.1749
vn 0.6855 0.7281 -0.0000
vn 0.5660 0.8244 -0.0000
vn 0.6519 0.7281 -0.2118
vn 0.5383 0.8244 -0.1749
vn 0.5545 0.7281 -0.4029
vn 0.4579 0.8244 -0.3327
vn 0.4029 0.7281 -0.5545
vn 0.3327 0.8244 -0.4579
vn 0.2118 0.7281 -0.6519
vn 0.1749 0.8244 -0.5383
vn -0.0000 0.5131 -0.8583
vn -0.2652 0.5131 -0.8163
vn -0.5045 0.5131 -0.6944
vn -0.6944 0.5131 -0.5045
vn -0.8163 0.5131 -0.2652
vn -0.8583 0.5131 -0.0000
vn -0.8163 0.5131 0.2652
vn -0.6944 0.5131 0.5045
vn -0.5045 0.5131 0.6944
vn -0.2652 0.5131 0.8163
vn -0.0000 0.5131 0.8583
vn 0.2652 0.5131 0.8163
vn 0.5045 0.5131 0.6944
vn 0.6944 0.5131 0.5045
vn 0.8163 0.5131 0.2652
vn 0.8583 0.5131 -0.0000
vn 0.8163 0.5131 -0.2652
vn 0.6944 0.5131 -0.5045
vn 0.5045 0.5131 -0.6944
vn 0.2652 0.5131 -0.8163
vn -0.0000 0.2748 -0.9615
vn -0.2971 0.2748 -0.9144
vn -0.5652 0.2748 -0.7779
vn -0.7779 0.2748 -0.5652
vn -0.9144 0.2748 -0.2971
vn -0.9615 0.2748 -0.0000
vn -0.9144 0.2748 0.2971
vn -0.7779 0.2748 0.5652
vn -0.5652 0.2748 0.7779
vn -0.2971 0.2748 0.9144
vn -0.0000 0.2748 0.9615
vn 0.2971 0.2748 0.9144
vn 0.5652 0.2748 0.7779
vn 0.7779 0.2748 0.5652
vn 0.9144 0.2748 0.2971
vn 0.9615 0.2748 -0.0000
vn 0.9144 0.2748 -0.2971
vn 0.7779 0.2748 -0.5652
vn 0.5652 0.2748 -0.7779
vn 0.2971 0.2748 -0.9144
vn -0.0000 0.0864 -0.9963
vn -0.3079 0.0864 -0.9475
vn -0.5856 0.0864 -0.8060
vn -0.8060 0.0864 -0.5856
vn -0.9475 0.0864 -0.3079
vn -0.9963 0.0864 -0.0000
vn -0.9475 0.0864 0.3079
vn -0.8060 0.0864 0.5856
vn -0.5856 0.0864 0.8060
vn -0.3079 0.0864 0.9475
vn -0.0000 0.0864 0.9963
vn 0.3079 0.0864 0.9475
vn 0.5856 0.0864 0.8060
vn 0.8060 0.0864 0.5856
vn 0.9475 0.0864 0.3079
vn 0.9963 0.0864 -0.0000
vn 0.9475 0.0864 -0.3079
vn 0.8060 0.0864 -0.5856
vn 0.5856 0.0864 -0.8060
vn 0.3079 0.0864 -0.9475
vn -0.0000 0.7153 -0.6989
vn -0.2160 0.7153 -0.6647
vn -0.4108 0.7153 -0.5654
vn -0.5654 0.7153 -0.4108
vn -0.6647 0.7153 -0.2160
vn -0.6989 0.7153 -0.0000
vn -0.6647 0.7153 0.2160
vn -0.5654 0.7153 0.4108
vn -0.4108 0.7153 0.5654
vn -0.2160 0.7153 0.6647
vn -0.0000 0.7153 0.6989
vn 0.2160 0.7153 0.6647
vn 0.4108 0.7153 0.5654
vn 0.5654 0.7153 0.4108
vn 0.6647 0.7153 0.2160
vn 0.6989 0.7153 -0.0000
vn 0.6647 0.7153 -0.2160
vn 0.5654 0.7153 -0.4108
vn 0.4108 0.7153 -0.5654
vn 0.2160 0.7153 -0.6647
vn -0.0000 0.0012 -1.0000
vn -0.0000 0.0567 -0.9984
vn -0.3090 0.0012 -0.9511
vn -0.5878 0.0012 -0.8090
vn -0.8090 0.0012 -0.5878
vn -0.9511 0.0012 -0.3090
vn -1.0000 0.0012 -0.0000
vn -0.9511 0.0012 0.3090
vn -0.8090 0.0012 0.5878
vn -0.5878 0.0012 0.8090
vn -0.3090 0.0012 0.9511
vn -0.0000 0.0012 1.0000
vn 0.3090 0.0012 0.9511
vn 0.5878 0.0012 0.8090
vn 0.8090 0.0012 0.5878
vn 0.9511 0.0012 0.3090
vn 1.0000 0.0012 -0.0000
vn 0.9511 0.0012 -0.3090
vn 0.8090 0.0012 -0.5878
vn 0.5878 0.0012 -0.8090
vn 0.3090 0.0012 -0.9511
vn -0.9511 -0.0000 0.3090
vn -0.9720 -0.2351 -0.0000
vn -0.9244 -0.2351 0.3004
vn 0.9511 -0.0000 0.3090
vn 0.8090 -0.0000 0.5878
vn 0.7863 -0.2351 0.5713
vn 0.9244 -0.2351 0.3004
vn 0.3090 -0.0000 -0.9511
vn 0.5878 -0.0000 -0.8090
vn 0.5713 -0.2351 -0.7863
vn 0.3004 -0.2351 -0.9244
vn -0.8090 -0.0000 -0.5878
vn -0.5878 -0.0000 -0.8090
vn -0.5713 -0.2351 -0.7863
vn -0.7863 -0.2351 -0.5713
vn 0.9511 -0.0000 -0.3090
vn 0.9720 -0.2351 -0.0000
vn 0.9244 -0.2351 -0.3004
vn -0.5878 -0.0000 0.8090
vn -0.8090 -0.0000 0.5878
vn -0.7863 -0.2351 0.5713
vn -0.5713 -0.2351 0.7863
vn 0.8090 -0.0000 -0.5878
vn 0.7863 -0.2351 -0.5713
vn -0.9511 -0.0000 -0.3090
vn -0.9244 -0.2351 -0.3004
vn -0.3090 -0.0000 -0.9511
vn -0.3004 -0.2351 -0.9244
vn 0.3090 -0.0000 0.9511
vn -0.0000 -0.0000 1.0000
vn -0.0000 -0.2351 0.9720
vn 0.3004 -0.2351 0.9244
vn 0.5878 -0.0000 0.8090
vn 0.5713 -0.2351 0.7863
vn -0.3090 -0.0000 0.9511
vn -0.3004 -0.2351 0.9244
vn -0.0000 -0.0000 -1.0000
vn -0.0000 -0.2351 -0.9720
vn -0.0000 0.9353 -0.3540
vn -0.1094 0.9353 -0.3366
vn -0.2081 0.9353 -0.2864
vn -0.2864 0.9353 -0.2081
vn -0.3366 0.9353 -0.1094
vn -0.3540 0.9353 -0.0000
vn -0.3366 0.9353 0.1094
vn -0.2864 0.9353 0.2081
vn -0.2081 0.9353 0.2864
vn -0.1094 0.9353 0.3366
vn -0.0000 0.9353 0.3540
vn 0.1094 0.9353 0.3366
vn 0.2081 0.9353 0.2864
vn 0.2864 0.9353 0.2081
vn 0.3366 0.9353 0.1094
vn 0.3540 0.9353 -0.0000
vn 0.3366 0.9353 -0.1094
vn 0.2864 0.9353 -0.2081
vn 0.2081 0.9353 -0.2864
vn 0.1094 0.9353 -0.3366
vn -0.0000 0.8417 -0.5399
vn -0.1668 0.8417 -0.5135
vn -0.3173 0.8417 -0.4368
vn -0.4368 0.8417 -0.3173
vn -0.5135 0.8417 -0.1668
vn -0.5399 0.8417 -0.0000
vn -0.5135 0.8417 0.1668
vn -0.4368 0.8417 0.3173
vn -0.3173 0.8417 0.4368
vn -0.1668 0.8417 0.5135
vn -0.0000 0.8417 0.5399
vn 0.1668 0.8417 0.5135
vn 0.3173 0.8417 0.4368
vn 0.4368 0.8417 0.3173
vn 0.5135 0.8417 0.1668
vn 0.5399 0.8417 -0.0000
vn 0.5135 0.8417 -0.1668
vn 0.4368 0.8417 -0.3173
vn 0.3173 0.8417 -0.4368
vn 0.1668 0.8417 -0.5135
vn -0.0000 -0.9577 -0.2879
vn -0.0890 -0.9577 -0.2738
vn -0.1692 -0.9577 -0.2329
vn -0.2329 -0.9577 -0.1692
vn -0.2738 -0.9577 -0.0890
vn -0.2879 -0.9577 -0.0000
vn -0.2738 -0.9577 0.0890
vn -0.2329 -0.9577 0.1692
vn -0.1692 -0.9577 0.2329
vn -0.0890 -0.9577 0.2738
vn -0.0000 -0.9577 0.2879
vn 0.0890 -0.9577 0.2738
vn 0.1692 -0.9577 0.2329
vn 0.2329 -0.9577 0.1692
vn 0.2738 -0.9577 0.0890
vn 0.2879 -0.9577 -0.0000
vn 0.2738 -0.9577 -0.0890
vn 0.2329 -0.9577 -0.1692
vn 0.1692 -0.9577 -0.2329
vn 0.0890 -0.9577 -0.2738
vn -0.0000 0.0059 -1.0000
vn -0.3090 0.0059 -0.9510
vn -0.5878 0.0059 -0.8090
vn -0.8090 0.0059 -0.5878
vn -0.9510 0.0059 -0.3090
vn -1.0000 0.0059 -0.0000
vn -0.9510 0.0059 0.3090
vn -0.8090 0.0059 0.5878
vn -0.5878 0.0059 0.8090
vn -0.3090 0.0059 0.9510
vn -0.0000 0.0059 1.0000
vn 0.3090 0.0059 0.9510
vn 0.5878 0.0059 0.8090
vn 0.8090 0.0059 0.5878
vn 0.9510 0.0059 0.3090
vn 1.0000 0.0059 -0.0000
vn 0.9510 0.0059 -0.3090
vn 0.8090 0.0059 -0.5878
vn 0.5878 0.0059 -0.8090
vn 0.3090 0.0059 -0.9510
vn -0.1642 0.0704 0.9839
vn 0.1577 0.1156 0.9807
vn 0.1578 0.1236 -0.9797
vn -0.1483 -0.3174 0.9366
vn -0.1498 -0.2901 0.9452
vn 0.1490 0.3360 -0.9300
vn -0.0000 -1.0000 -0.0000
vn 0.7879 -0.5601 -0.2560
vn 0.6702 -0.5601 -0.4870
vn 0.4870 -0.5601 -0.6702
vn -0.4870 -0.5601 -0.6702
vn -0.6702 -0.5601 -0.4870
vn 0.8285 -0.5601 -0.0000
vn -0.0000 -0.5601 0.8285
vn 0.2560 -0.5601 0.7879
vn -0.7879 -0.5601 -0.2560
vn -0.8285 -0.5601 -0.0000
vn -0.0000 -0.5601 -0.8285
vn -0.2560 -0.5601 -0.7879
vn 0.4870 -0.5601 0.6702
vn -0.2560 -0.5601 0.7879
vn 0.2560 -0.5601 -0.7879
vn -0.4870 -0.5601 0.6702
vn 0.6702 -0.5601 0.4870
vn 0.7879 -0.5601 0.2560
vn -0.6702 -0.5601 0.4870
vn -0.7879 -0.5601 0.2560
vn 0.6560 -0.7548 -0.0000
vn 0.6239 -0.7548 -0.2027
vn -0.5307 -0.7548 0.3856
vn -0.3856 -0.7548 0.5307
vn 0.5307 -0.7548 -0.3856
vn 0.3856 -0.7548 -0.5307
vn -0.6239 -0.7548 -0.2027
vn -0.6560 -0.7548 -0.0000
vn -0.2027 -0.7548 -0.6239
vn -0.3856 -0.7548 -0.5307
vn -0.6239 -0.7548 0.2027
vn -0.0000 -0.7548 0.6560
vn 0.2027 -0.7548 0.6239
vn -0.5307 -0.7548 -0.3856
vn 0.3856 -0.7548 0.5307
vn 0.6239 -0.7548 0.2027
vn -0.2027 -0.7548 0.6239
vn 0.5307 -0.7548 0.3856
vn 0.2027 -0.7548 -0.6239
vn -0.0000 -0.7548 -0.6560
vn 0.3090 -0.8507 0.4252
vn 0.4252 -0.8507 0.3090
vn 0.1624 -0.8507 -0.4999
vn -0.0000 -0.8507 -0.5256
vn -0.1624 -0.8507 -0.4999
vn -0.5256 -0.8507 -0.0000
vn -0.4999 -0.8507 0.1624
vn 0.4999 -0.8507 0.1624
vn 0.3090 -0.8507 -0.4252
vn -0.3090 -0.8507 -0.4252
vn -0.4252 -0.8507 -0.3090
vn 0.5256 -0.8507 -0.0000
vn 0.4999 -0.8507 -0.1624
vn -0.4252 -0.8507 0.3090
vn -0.3090 -0.8507 0.4252
vn 0.4252 -0.8507 -0.3090
vn -0.4999 -0.8507 -0.1624
vn -0.0000 -0.8507 0.5256
vn 0.1624 -0.8507 0.4999
vn -0.1624 -0.8507 0.4999
vt 0.962244 0.108330
vt 0.051755 0.694541
vt 0.209532 0.870260
vt 0.207727 0.859277
vt 0.206093 0.849336
vt 0.204760 0.841233
vt 0.203941 0.836252
vt 0.391021 0.405008
vt 0.392545 0.409731
vt 0.394325 0.417605
vt 0.396625 0.429652
vt 0.399321 0.445807
vt 0.402029 0.464908
vt 0.404449 0.485795
vt 0.406457 0.507489
vt 0.407968 0.528541
vt 0.408926 0.546951
vt 0.409396 0.560844
vt 0.409573 0.569026
vt 0.409647 0.572610
vt 0.315005 0.307262
vt 0.318574 0.306697
vt 0.323304 0.305948
vt 0.329104 0.305029
vt 0.845632 0.422981
vt 0.853554 0.425148
vt 0.862055 0.426630
vt 0.869358 0.427277
vt 0.874149 0.427421
vt 0.876672 0.427422
vt 0.020514 0.804572
vt 0.017373 0.805070
vt 0.014512 0.805523
vt 0.954723 0.108321
vt 0.211209 0.859256
vt 0.212727 0.849297
vt 0.213964 0.841179
vt 0.214724 0.836189
vt 0.380569 0.404909
vt 0.380913 0.409620
vt 0.381312 0.417481
vt 0.381824 0.429511
vt 0.382421 0.445646
vt 0.383017 0.464727
vt 0.383543 0.485596
vt 0.383973 0.507275
vt 0.384290 0.528315
vt 0.384483 0.546717
vt 0.384570 0.560607
vt 0.384599 0.568788
vt 0.384610 0.572371
vt 0.322986 0.331826
vt 0.326206 0.330186
vt 0.330473 0.328012
vt 0.839620 0.443143
vt 0.335705 0.325346
vt 0.845435 0.443689
vt 0.853372 0.444200
vt 0.861884 0.444555
vt 0.869191 0.444715
vt 0.873984 0.444756
vt 0.876507 0.444760
vt 0.020514 0.786686
vt 0.017373 0.786189
vt 0.014512 0.785735
vt 0.954541 0.127502
vt 0.214527 0.860313
vt 0.219048 0.851310
vt 0.222733 0.843972
vt 0.224999 0.839461
vt 0.369809 0.404909
vt 0.368939 0.409620
vt 0.367916 0.417481
vt 0.366588 0.429511
vt 0.365025 0.445646
vt 0.363446 0.464727
vt 0.362023 0.485596
vt 0.360830 0.507275
vt 0.359917 0.528315
vt 0.359322 0.546717
vt 0.359016 0.560607
vt 0.358891 0.568788
vt 0.358838 0.572371
vt 0.338168 0.352722
vt 0.340723 0.350166
vt 0.839620 0.466292
vt 0.344109 0.346781
vt 0.348262 0.342628
vt 0.845435 0.465004
vt 0.853372 0.463812
vt 0.861884 0.463006
vt 0.869191 0.462666
vt 0.873984 0.462600
vt 0.876507 0.462607
vt 0.026041 0.769676
vt 0.023208 0.768232
vt 0.020627 0.766917
vt 0.954541 0.147246
vt 0.962244 0.165643
vt 0.017994 0.648072
vt 0.217357 0.862343
vt 0.224438 0.855178
vt 0.230210 0.849338
vt 0.359796 0.405008
vt 0.233759 0.845748
vt 0.236493 0.842981
vt 0.357796 0.409731
vt 0.355450 0.417605
vt 0.352409 0.429652
vt 0.348835 0.445807
vt 0.345234 0.464908
vt 0.341996 0.485795
vt 0.339291 0.507489
vt 0.337234 0.528541
vt 0.335907 0.546951
vt 0.335234 0.560844
vt 0.334966 0.569026
vt 0.334854 0.572610
vt 0.359063 0.367903
vt 0.360704 0.364683
vt 0.362878 0.360417
vt 0.365544 0.355184
vt 0.845632 0.484841
vt 0.853554 0.482064
vt 0.862055 0.480178
vt 0.869358 0.479371
vt 0.874150 0.479207
vt 0.876672 0.479216
vt 0.036554 0.755206
vt 0.034306 0.752957
vt 0.032257 0.750908
vt 0.954723 0.165621
vt 0.962592 0.180853
vt 0.964478 0.530294
vt 0.017994 0.628281
vt 0.219420 0.865149
vt 0.228369 0.860523
vt 0.235664 0.856752
vt 0.240148 0.854434
vt 0.691670 0.405154
vt 0.243603 0.852648
vt 0.348574 0.409942
vt 0.694075 0.409911
vt 0.345133 0.417841
vt 0.696885 0.417826
vt 0.340674 0.429920
vt 0.700517 0.429926
vt 0.335437 0.446113
vt 0.704774 0.446143
vt 0.330161 0.465253
vt 0.709049 0.465308
vt 0.325421 0.486174
vt 0.712873 0.486251
vt 0.321467 0.507897
vt 0.716045 0.507994
vt 0.318462 0.528970
vt 0.718434 0.529082
vt 0.316529 0.547394
vt 0.719949 0.547516
vt 0.315552 0.561294
vt 0.720694 0.561423
vt 0.315167 0.569479
vt 0.720975 0.569610
vt 0.315005 0.573064
vt 0.721093 0.573196
vt 0.383627 0.375885
vt 0.384193 0.372315
vt 0.384942 0.367586
vt 0.385860 0.361786
vt 0.846008 0.501258
vt 0.399136 0.761928
vt 0.853899 0.497169
vt 0.407011 0.765345
vt 0.862380 0.494388
vt 0.415482 0.767682
vt 0.869674 0.493196
vt 0.422771 0.768701
vt 0.874464 0.492950
vt 0.427560 0.768926
vt 0.876987 0.492961
vt 0.430084 0.768928
vt 0.051024 0.744693
vt 0.049581 0.741859
vt 0.048265 0.739278
vt 0.955071 0.180827
vt 0.956957 0.530282
vt 0.220516 0.868454
vt 0.230456 0.866820
vt 0.238559 0.865488
vt 0.243540 0.864669
vt 0.682282 0.404993
vt 0.683627 0.409732
vt 0.685196 0.417626
vt 0.687222 0.429698
vt 0.689594 0.445883
vt 0.691973 0.465015
vt 0.694096 0.485930
vt 0.695851 0.507648
vt 0.697167 0.528718
vt 0.697995 0.547141
vt 0.698396 0.561041
vt 0.698543 0.569226
vt 0.698605 0.572811
vt 0.409455 0.375885
vt 0.408890 0.372315
vt 0.408141 0.367586
vt 0.407222 0.361786
vt 0.398818 0.780528
vt 0.406718 0.782458
vt 0.415206 0.783782
vt 0.422503 0.784364
vt 0.427294 0.784496
vt 0.429817 0.784501
vt 0.068035 0.739166
vt 0.067537 0.736024
vt 0.067084 0.733163
vt 0.956662 0.547510
vt 0.220536 0.871937
vt 0.230495 0.873454
vt 0.238613 0.874691
vt 0.243603 0.875452
vt 0.671714 0.404909
vt 0.671867 0.409638
vt 0.672040 0.417520
vt 0.672258 0.429578
vt 0.672508 0.445746
vt 0.672751 0.464862
vt 0.672959 0.485761
vt 0.673119 0.507467
vt 0.673227 0.528527
vt 0.673282 0.546943
vt 0.673296 0.560840
vt 0.673294 0.569024
vt 0.673292 0.572609
vt 0.434019 0.367903
vt 0.432379 0.364683
vt 0.430205 0.360417
vt 0.427539 0.355184
vt 0.398650 0.801463
vt 0.406564 0.801720
vt 0.415061 0.801904
vt 0.422362 0.801994
vt 0.427154 0.802023
vt 0.429677 0.802030
vt 0.085921 0.739166
vt 0.086418 0.736024
vt 0.086872 0.733163
vt 0.956507 0.566903
vt 0.964028 0.586587
vt 0.051755 0.581812
vt 0.219479 0.875255
vt 0.228482 0.879776
vt 0.235820 0.883461
vt 0.240332 0.885726
vt 0.661001 0.404909
vt 0.659945 0.409638
vt 0.658702 0.417520
vt 0.657088 0.429578
vt 0.655187 0.445746
vt 0.653266 0.464862
vt 0.651532 0.485761
vt 0.650076 0.507467
vt 0.648960 0.528527
vt 0.648231 0.546943
vt 0.647853 0.560840
vt 0.647697 0.569024
vt 0.647632 0.572609
vt 0.454915 0.352722
vt 0.452359 0.350166
vt 0.448974 0.346781
vt 0.444821 0.342628
vt 0.398650 0.822687
vt 0.406564 0.821247
vt 0.415061 0.820275
vt 0.422362 0.819867
vt 0.427154 0.819790
vt 0.429677 0.819799
vt 0.102931 0.744693
vt 0.104375 0.741859
vt 0.105690 0.739278
vt 0.956507 0.586561
vt 0.964183 0.604591
vt 0.070579 0.575696
vt 0.217449 0.878084
vt 0.224614 0.885166
vt 0.230454 0.890938
vt 0.651192 0.404993
vt 0.234045 0.894487
vt 0.236811 0.897221
vt 0.649029 0.409732
vt 0.646490 0.417626
vt 0.643198 0.429698
vt 0.639327 0.445883
vt 0.635424 0.465015
vt 0.631913 0.485930
vt 0.628977 0.507648
vt 0.626739 0.528718
vt 0.625293 0.547141
vt 0.624555 0.561041
vt 0.624260 0.569226
vt 0.624136 0.572811
vt 0.470096 0.331826
vt 0.466876 0.330186
vt 0.462610 0.328012
vt 0.457377 0.325346
vt 0.398818 0.842119
vt 0.406718 0.839127
vt 0.415206 0.837097
vt 0.422503 0.836232
vt 0.427294 0.836058
vt 0.429817 0.836070
vt 0.117401 0.755206
vt 0.119650 0.752957
vt 0.121699 0.750908
vt 0.956662 0.604561
vt 0.964478 0.619175
vt 0.967023 0.814763
vt 0.090371 0.575696
vt 0.214644 0.880148
vt 0.219270 0.889097
vt 0.223040 0.896391
vt 0.225359 0.900876
vt 0.489336 0.574003
vt 0.227145 0.904331
vt 0.640188 0.409911
vt 0.487005 0.569167
vt 0.636599 0.417826
vt 0.484276 0.561159
vt 0.631947 0.429926
vt 0.480743 0.548937
vt 0.626481 0.446143
vt 0.476596 0.532577
vt 0.620973 0.465308
vt 0.472424 0.513267
vt 0.616022 0.486251
vt 0.468681 0.492192
vt 0.611886 0.507994
vt 0.465565 0.470339
vt 0.608741 0.529082
vt 0.463205 0.449165
vt 0.606713 0.547516
vt 0.461695 0.430675
vt 0.605685 0.561423
vt 0.460939 0.416739
vt 0.605277 0.569610
vt 0.460645 0.408539
vt 0.605105 0.573196
vt 0.460522 0.404948
vt 0.478078 0.307262
vt 0.474508 0.306697
vt 0.469779 0.305948
vt 0.463979 0.305029
vt 0.399136 0.857859
vt 0.855569 0.094345
vt 0.407011 0.853609
vt 0.863339 0.097612
vt 0.415482 0.850722
vt 0.871738 0.099838
vt 0.422771 0.849487
vt 0.878998 0.100796
vt 0.427560 0.849235
vt 0.883783 0.100998
vt 0.430084 0.849249
vt 0.886307 0.100992
vt 0.127914 0.769676
vt 0.130748 0.768232
vt 0.133329 0.766917
vt 0.956957 0.619141
vt 0.959499 0.814775
vt 0.967053 0.832267
vt 0.109194 0.581812
vt 0.211338 0.881243
vt 0.212972 0.891184
vt 0.214304 0.899287
vt 0.215123 0.904268
vt 0.498872 0.573991
vt 0.497618 0.569153
vt 0.496149 0.561144
vt 0.494247 0.548920
vt 0.492015 0.532557
vt 0.489770 0.513245
vt 0.487755 0.492167
vt 0.486078 0.470312
vt 0.484808 0.449137
vt 0.483996 0.430646
vt 0.483589 0.416710
vt 0.483431 0.408510
vt 0.483365 0.404919
vt 0.478078 0.281434
vt 0.474508 0.282000
vt 0.469779 0.282749
vt 0.463979 0.283667
vt 0.855600 0.113238
vt 0.863368 0.114995
vt 0.871766 0.116192
vt 0.879025 0.116707
vt 0.883809 0.116815
vt 0.886333 0.116811
vt 0.133441 0.786686
vt 0.136583 0.786189
vt 0.139444 0.785735
vt 0.959528 0.832275
vt 0.967068 0.851769
vt 0.125206 0.593445
vt 0.207856 0.881264
vt 0.206338 0.891222
vt 0.205101 0.899340
vt 0.204341 0.904331
vt 0.509497 0.573987
vt 0.509441 0.569149
vt 0.509377 0.561138
vt 0.509293 0.548914
vt 0.509194 0.532550
vt 0.509095 0.513237
vt 0.509006 0.492159
vt 0.508933 0.470303
vt 0.508877 0.449128
vt 0.508842 0.430636
vt 0.508824 0.416700
vt 0.508817 0.408500
vt 0.508814 0.404909
vt 0.470096 0.256870
vt 0.466876 0.258511
vt 0.462610 0.260685
vt 0.457377 0.263351
vt 0.855617 0.134287
vt 0.863383 0.134362
vt 0.871780 0.134412
vt 0.879039 0.134433
vt 0.883823 0.134436
vt 0.886347 0.134435
vt 0.133441 0.804572
vt 0.136583 0.805070
vt 0.139444 0.805523
vt 0.959544 0.851772
vt 0.967068 0.871360
vt 0.136839 0.609457
vt 0.204537 0.880207
vt 0.200017 0.889209
vt 0.196332 0.896548
vt 0.194066 0.901059
vt 0.520170 0.573991
vt 0.521319 0.569153
vt 0.522665 0.561144
vt 0.524406 0.548920
vt 0.526451 0.532557
vt 0.528508 0.513245
vt 0.530354 0.492167
vt 0.531891 0.470312
vt 0.533055 0.449137
vt 0.533800 0.430646
vt 0.534174 0.416710
vt 0.534319 0.408510
vt 0.534380 0.404919
vt 0.454915 0.235975
vt 0.452359 0.238530
vt 0.448974 0.241916
vt 0.444821 0.246068
vt 0.855617 0.155431
vt 0.863383 0.153817
vt 0.871780 0.152715
vt 0.879039 0.152239
vt 0.883823 0.152137
vt 0.886347 0.152139
vt 0.127914 0.821582
vt 0.130748 0.823026
vt 0.133329 0.824341
vt 0.959544 0.871358
vt 0.967053 0.889121
vt 0.142955 0.628281
vt 0.201708 0.878177
vt 0.194627 0.885341
vt 0.188854 0.891182
vt 0.529847 0.574003
vt 0.185306 0.894772
vt 0.182571 0.897539
vt 0.532088 0.569167
vt 0.534712 0.561159
vt 0.538109 0.548937
vt 0.542097 0.532577
vt 0.546109 0.513267
vt 0.549709 0.492192
vt 0.552706 0.470339
vt 0.554976 0.449165
vt 0.556429 0.430675
vt 0.557157 0.416739
vt 0.557440 0.408539
vt 0.557558 0.404948
vt 0.434019 0.220793
vt 0.432379 0.224013
vt 0.430205 0.228280
vt 0.427539 0.233512
vt 0.855600 0.174602
vt 0.863368 0.171456
vt 0.871766 0.169310
vt 0.879025 0.168383
vt 0.883809 0.168186
vt 0.886333 0.168190
vt 0.117401 0.836052
vt 0.119650 0.838301
vt 0.121698 0.840350
vt 0.959528 0.889115
vt 0.967023 0.903315
vt 0.967471 0.690670
vt 0.142955 0.648072
vt 0.199645 0.875371
vt 0.190696 0.879997
vt 0.183401 0.883768
vt 0.178917 0.886086
vt 0.599869 0.014757
vt 0.175461 0.887872
vt 0.540694 0.569188
vt 0.602275 0.019514
vt 0.544340 0.561182
vt 0.605084 0.027429
vt 0.549060 0.548964
vt 0.608716 0.039529
vt 0.554600 0.532608
vt 0.612973 0.055746
vt 0.560175 0.513301
vt 0.617249 0.074911
vt 0.565176 0.492230
vt 0.621073 0.095855
vt 0.569340 0.470379
vt 0.624245 0.117597
vt 0.572494 0.449208
vt 0.626634 0.138686
vt 0.574513 0.430719
vt 0.628148 0.157120
vt 0.575524 0.416784
vt 0.628893 0.171026
vt 0.575917 0.408585
vt 0.629175 0.179213
vt 0.576081 0.404993
vt 0.629292 0.182799
vt 0.409455 0.212812
vt 0.408890 0.216381
vt 0.408141 0.221111
vt 0.407222 0.226911
vt 0.855569 0.189922
vt 0.840106 0.530282
vt 0.863339 0.185551
vt 0.847980 0.533698
vt 0.871738 0.182571
vt 0.856451 0.536036
vt 0.878998 0.181285
vt 0.863740 0.537054
vt 0.883783 0.181011
vt 0.868530 0.537280
vt 0.886307 0.181017
vt 0.871053 0.537282
vt 0.102931 0.846565
vt 0.104375 0.849399
vt 0.105690 0.851980
vt 0.959499 0.903306
vt 0.959949 0.690658
vt 0.198549 0.872066
vt 0.188609 0.873700
vt 0.180506 0.875032
vt 0.175525 0.875851
vt 0.590481 0.014597
vt 0.591827 0.019335
vt 0.593396 0.027229
vt 0.595422 0.039301
vt 0.597794 0.055486
vt 0.600172 0.074619
vt 0.602295 0.095533
vt 0.604050 0.117252
vt 0.605366 0.138322
vt 0.606194 0.156744
vt 0.606595 0.170644
vt 0.606743 0.178829
vt 0.606804 0.182414
vt 0.383627 0.212812
vt 0.384193 0.216381
vt 0.384942 0.221111
vt 0.385860 0.226911
vt 0.839787 0.548881
vt 0.847688 0.550811
vt 0.856175 0.552136
vt 0.863472 0.552717
vt 0.868263 0.552850
vt 0.870786 0.552854
vt 0.085921 0.852093
vt 0.086418 0.855234
vt 0.086872 0.858095
vt 0.959654 0.707886
vt 0.198529 0.868583
vt 0.188570 0.867066
vt 0.180452 0.865829
vt 0.175461 0.865068
vt 0.579913 0.014512
vt 0.580067 0.019241
vt 0.580239 0.027124
vt 0.580457 0.039182
vt 0.580707 0.055350
vt 0.580951 0.074465
vt 0.581158 0.095364
vt 0.581318 0.117070
vt 0.581427 0.138130
vt 0.581482 0.156547
vt 0.581496 0.170444
vt 0.581493 0.178628
vt 0.581491 0.182212
vt 0.359063 0.220793
vt 0.360704 0.224013
vt 0.362878 0.228280
vt 0.365544 0.233512
vt 0.839620 0.569817
vt 0.847534 0.570074
vt 0.856030 0.570258
vt 0.863331 0.570348
vt 0.868123 0.570377
vt 0.870646 0.570383
vt 0.068035 0.852093
vt 0.067537 0.855234
vt 0.067084 0.858095
vt 0.959499 0.727279
vt 0.967021 0.746963
vt 0.109194 0.694541
vt 0.199585 0.865265
vt 0.190583 0.860744
vt 0.183244 0.857059
vt 0.178733 0.854794
vt 0.569201 0.014512
vt 0.568145 0.019241
vt 0.566902 0.027124
vt 0.565287 0.039182
vt 0.563386 0.055350
vt 0.561465 0.074465
vt 0.559731 0.095364
vt 0.558275 0.117070
vt 0.557159 0.138130
vt 0.556430 0.156547
vt 0.556052 0.170444
vt 0.555897 0.178628
vt 0.555831 0.182212
vt 0.338168 0.235975
vt 0.340723 0.238530
vt 0.344109 0.241916
vt 0.348262 0.246068
vt 0.839620 0.591040
vt 0.847534 0.589601
vt 0.856030 0.588629
vt 0.863331 0.588221
vt 0.868123 0.588143
vt 0.870646 0.588153
vt 0.051024 0.846565
vt 0.049581 0.849399
vt 0.048265 0.851980
vt 0.959499 0.746937
vt 0.967176 0.764967
vt 0.090371 0.700657
vt 0.201616 0.862436
vt 0.194451 0.855354
vt 0.188610 0.849582
vt 0.559392 0.014597
vt 0.185020 0.846033
vt 0.182253 0.843299
vt 0.557229 0.019335
vt 0.554690 0.027229
vt 0.551397 0.039301
vt 0.547527 0.055486
vt 0.543624 0.074619
vt 0.540112 0.095533
vt 0.537176 0.117252
vt 0.534938 0.138322
vt 0.533492 0.156744
vt 0.532755 0.170644
vt 0.532460 0.178829
vt 0.532336 0.182414
vt 0.322986 0.256870
vt 0.326206 0.258511
vt 0.330473 0.260685
vt 0.335705 0.263351
vt 0.839787 0.610473
vt 0.847688 0.607481
vt 0.856175 0.605451
vt 0.863472 0.604585
vt 0.868263 0.604411
vt 0.870786 0.604423
vt 0.036554 0.836052
vt 0.034306 0.838301
vt 0.032257 0.840350
vt 0.959654 0.764937
vt 0.204421 0.860372
vt 0.199795 0.851423
vt 0.196024 0.844129
vt 0.193706 0.839644
vt 0.400144 0.405198
vt 0.191920 0.836189
vt 0.548387 0.019514
vt 0.402697 0.409942
vt 0.544798 0.027429
vt 0.405682 0.417841
vt 0.540146 0.039529
vt 0.409543 0.429920
vt 0.534681 0.055746
vt 0.414071 0.446113
vt 0.529173 0.074911
vt 0.418621 0.465253
vt 0.524221 0.095855
vt 0.422695 0.486174
vt 0.520086 0.117597
vt 0.426079 0.507897
vt 0.516940 0.138686
vt 0.428633 0.528970
vt 0.514913 0.157120
vt 0.430258 0.547394
vt 0.513884 0.171026
vt 0.431062 0.561294
vt 0.513476 0.179213
vt 0.431369 0.569479
vt 0.513305 0.182799
vt 0.431498 0.573064
vt 0.315005 0.281434
vt 0.318574 0.282000
vt 0.323304 0.282749
vt 0.329104 0.283667
vt 0.840106 0.626213
vt 0.846008 0.404909
vt 0.847980 0.621963
vt 0.853899 0.408520
vt 0.856451 0.619076
vt 0.862380 0.410987
vt 0.863740 0.617841
vt 0.869674 0.412058
vt 0.868530 0.617588
vt 0.874464 0.412291
vt 0.871053 0.617602
vt 0.876987 0.412291
vt 0.026041 0.821582
vt 0.023208 0.823026
vt 0.020627 0.824341
vt 0.959949 0.779517
vt 0.955071 0.091581
vt 0.839914 0.918591
vt 0.050155 0.697682
vt 0.836944 0.918592
vt 0.834499 0.918577
vt 0.831831 0.918462
vt 0.829671 0.918099
vt 0.460522 0.657265
vt 0.462291 0.657545
vt 0.464711 0.657928
vt 0.855597 0.243219
vt 0.858432 0.243217
vt 0.862948 0.243052
vt 0.869414 0.242397
vt 0.876697 0.241061
vt 0.883194 0.239235
vt 0.327221 0.087679
vt 0.321467 0.086768
vt 0.317115 0.086079
vt 0.189131 0.203404
vt 0.315005 0.085745
vt 0.752624 0.479893
vt 0.189041 0.202467
vt 0.190740 0.186507
vt 0.192643 0.170390
vt 0.195256 0.150611
vt 0.198441 0.129064
vt 0.178874 0.729761
vt 0.202023 0.107369
vt 0.659025 0.665389
vt 0.183207 0.730165
vt 0.650523 0.665005
vt 0.205841 0.086678
vt 0.209705 0.067870
vt 0.213308 0.051845
vt 0.754917 0.479775
vt 0.641694 0.664765
vt 0.750552 0.480027
vt 0.167617 0.250912
vt 0.216292 0.039449
vt 0.218359 0.031261
vt 0.219409 0.027213
vt 0.219721 0.026017
vt 0.176594 0.729487
vt 0.187509 0.252579
vt 0.219922 0.023910
vt 0.180939 0.729978
vt 0.220107 0.021784
vt 0.655519 0.665220
vt 0.646633 0.664857
vt 0.220363 0.019267
vt 0.758550 0.521019
vt 0.220761 0.016933
vt 0.772506 0.568423
vt 0.221361 0.015307
vt 0.300682 0.790941
vt 0.302461 0.791223
vt 0.714567 0.023499
vt 0.304207 0.791499
vt 0.716986 0.023499
vt 0.719870 0.024081
vt 0.723863 0.024511
vt 0.729640 0.024364
vt 0.736205 0.023325
vt 0.780611 0.747626
vt 0.741928 0.021569
vt 0.775240 0.746776
vt 0.768671 0.745735
vt 0.761882 0.744660
vt 0.755974 0.743724
vt 0.190659 0.211024
vt 0.750117 0.742797
vt 0.014541 0.904484
vt 0.310190 0.695978
vt 0.016963 0.904479
vt 0.308903 0.696634
vt 0.307084 0.697561
vt 0.651456 0.918956
vt 0.186743 0.689448
vt 0.202901 0.643304
vt 0.649016 0.919626
vt 0.645988 0.920024
vt 0.643404 0.920171
vt 0.300778 0.877355
vt 0.529627 0.328542
vt 0.962061 0.127515
vt 0.035744 0.682908
vt 0.839898 0.898003
vt 0.033251 0.685400
vt 0.836928 0.898004
vt 0.654104 0.752278
vt 0.834482 0.898004
vt 0.831815 0.898000
vt 0.829656 0.897984
vt 0.460522 0.677679
vt 0.462291 0.677399
vt 0.464711 0.677016
vt 0.855612 0.262027
vt 0.645308 0.753096
vt 0.774656 0.567594
vt 0.858447 0.262026
vt 0.650908 0.802620
vt 0.794210 0.616588
vt 0.862963 0.262017
vt 0.869429 0.261986
vt 0.876714 0.261924
vt 0.883212 0.261840
vt 0.334310 0.065861
vt 0.329120 0.063217
vt 0.325193 0.061216
vt 0.215457 0.205602
vt 0.323290 0.060246
vt 0.196424 0.112089
vt 0.215527 0.204678
vt 0.216885 0.188690
vt 0.218266 0.172529
vt 0.219975 0.152675
vt 0.221853 0.131019
vt 0.223764 0.109184
vt 0.225607 0.088328
vt 0.200128 0.163988
vt 0.200799 0.642328
vt 0.227302 0.069339
vt 0.228762 0.053136
vt 0.210113 0.114634
vt 0.222812 0.594475
vt 0.229902 0.040585
vt 0.188752 0.689962
vt 0.230660 0.032288
vt 0.204834 0.644039
vt 0.231036 0.028184
vt 0.226684 0.596536
vt 0.231147 0.026971
vt 0.231325 0.024862
vt 0.655815 0.705481
vt 0.231504 0.022736
vt 0.659100 0.752492
vt 0.231717 0.020215
vt 0.231923 0.017865
vt 0.232083 0.016202
vt 0.300682 0.801861
vt 0.302460 0.801579
vt 0.646929 0.705199
vt 0.714575 0.033159
vt 0.304207 0.801302
vt 0.650218 0.752271
vt 0.716994 0.033158
vt 0.719877 0.033183
vt 0.723870 0.033200
vt 0.652581 0.801940
vt 0.729647 0.033192
vt 0.646999 0.752571
vt 0.736213 0.033143
vt 0.741938 0.033064
vt 0.778845 0.735681
vt 0.772919 0.732661
vt 0.643960 0.650907
vt 0.644868 0.639008
vt 0.766794 0.729541
vt 0.646080 0.628863
vt 0.761465 0.726825
vt 0.647549 0.620255
vt 0.756181 0.724133
vt 0.014556 0.923821
vt 0.304125 0.677310
vt 0.016978 0.923820
vt 0.302697 0.677536
vt 0.300681 0.677856
vt 0.651448 0.898541
vt 0.649008 0.898570
vt 0.243270 0.944848
vt 0.777828 0.413042
vt 0.645980 0.898588
vt 0.643396 0.898594
vt 0.641694 0.898594
vt 0.544455 0.344301
vt 0.962061 0.147264
vt 0.024110 0.666896
vt 0.839898 0.877320
vt 0.020969 0.668496
vt 0.802891 0.442953
vt 0.836928 0.877322
vt 0.834482 0.877337
vt 0.831815 0.877444
vt 0.829656 0.877778
vt 0.466830 0.697094
vt 0.399969 0.964039
vt 0.788198 0.496494
vt 0.468426 0.696281
vt 0.470609 0.695169
vt 0.855612 0.280920
vt 0.954345 0.373355
vt 0.791313 0.493392
vt 0.858447 0.280920
vt 0.951754 0.361297
vt 0.784086 0.481494
vt 0.862963 0.281068
vt 0.869429 0.281663
vt 0.792953 0.458705
vt 0.876714 0.282881
vt 0.417576 0.897160
vt 0.806553 0.445389
vt 0.883212 0.284548
vt 0.347794 0.047301
vt 0.810596 0.428150
vt 0.415987 0.914396
vt 0.808410 0.420088
vt 0.416958 0.922472
vt 0.343675 0.043182
vt 0.340559 0.040067
vt 0.419813 0.931937
vt 0.801764 0.410656
vt 0.792763 0.406751
vt 0.241901 0.207831
vt 0.339049 0.038556
vt 0.242132 0.206921
vt 0.784111 0.406654
vt 0.243147 0.190903
vt 0.244003 0.174699
vt 0.770112 0.413256
vt 0.764802 0.418797
vt 0.244804 0.154768
vt 0.245370 0.133001
vt 0.760502 0.425545
vt 0.245603 0.111025
vt 0.245461 0.090002
vt 0.244978 0.070829
vt 0.752872 0.453364
vt 0.244286 0.054444
vt 0.752193 0.465696
vt 0.243573 0.041737
vt 0.243015 0.033330
vt 0.242714 0.029168
vt 0.242624 0.027939
vt 0.242778 0.025828
vt 0.242951 0.023701
vt 0.243122 0.021177
vt 0.243136 0.018810
vt 0.242854 0.017110
vt 0.304056 0.812246
vt 0.097367 0.910728
vt 0.305661 0.811428
vt 0.714575 0.042862
vt 0.307236 0.810626
vt 0.716994 0.042861
vt 0.719877 0.042325
vt 0.761127 0.416937
vt 0.097367 0.887476
vt 0.170318 0.314041
vt 0.723870 0.041929
vt 0.752938 0.432506
vt 0.168492 0.298624
vt 0.729647 0.042060
vt 0.736213 0.043007
vt 0.789547 0.730088
vt 0.168307 0.278103
vt 0.741938 0.044611
vt 0.785702 0.726243
vt 0.780999 0.721540
vt 0.776139 0.716679
vt 0.836302 0.978512
vt 0.967820 0.371143
vt 0.771909 0.712450
vt 0.767716 0.708257
vt 0.014556 0.943245
vt 0.304125 0.657682
vt 0.016978 0.943249
vt 0.302697 0.657456
vt 0.300681 0.657136
vt 0.651456 0.878032
vt 0.649016 0.877420
vt 0.645988 0.877054
vt 0.643404 0.876920
vt 0.300778 0.917918
vt 0.565920 0.347034
vt 0.839914 0.858569
vt 0.014512 0.648624
vt 0.836944 0.858571
vt 0.834499 0.858599
vt 0.831831 0.858808
vt 0.177264 0.299548
vt 0.829671 0.859458
vt 0.478829 0.713610
vt 0.480096 0.712343
vt 0.481829 0.710610
vt 0.855597 0.298049
vt 0.858432 0.298050
vt 0.837620 0.985487
vt 0.217305 0.720018
vt 0.862948 0.298340
vt 0.869414 0.299503
vt 0.217202 0.752024
vt 0.102082 0.980391
vt 0.876697 0.301882
vt 0.368920 0.038853
vt 0.230467 0.766711
vt 0.883194 0.305136
vt 0.366354 0.033817
vt 0.233881 0.785409
vt 0.363710 0.028627
vt 0.361709 0.024700
vt 0.265875 0.209873
vt 0.360739 0.022797
vt 0.266251 0.208975
vt 0.266956 0.192931
vt 0.267336 0.176686
vt 0.113811 0.902197
vt 0.196514 0.803524
vt 0.113811 0.894722
vt 0.187769 0.320172
vt 0.189979 0.798681
vt 0.267313 0.156685
vt 0.266690 0.134817
vt 0.184718 0.792498
vt 0.186218 0.314459
vt 0.265401 0.112711
vt 0.263460 0.091535
vt 0.261003 0.072194
vt 0.184258 0.279207
vt 0.258359 0.055643
vt 0.184829 0.266743
vt 0.255967 0.042793
vt 0.214347 0.716762
vt 0.956814 0.016621
vt 0.254216 0.034284
vt 0.954959 0.029999
vt 0.205888 0.729177
vt 0.253302 0.030070
vt 0.956814 0.047769
vt 0.207080 0.747250
vt 0.253029 0.028825
vt 0.214290 0.755319
vt 0.253162 0.026712
vt 0.461931 0.944335
vt 0.226690 0.768954
vt 0.253330 0.024584
vt 0.253461 0.022057
vt 0.229543 0.784858
vt 0.460522 0.928827
vt 0.253301 0.019676
vt 0.309462 0.822093
vt 0.227162 0.792050
vt 0.461145 0.921419
vt 0.252618 0.017942
vt 0.310474 0.821080
vt 0.463087 0.912815
vt 0.220882 0.800020
vt 0.311748 0.819807
vt 0.212750 0.802911
vt 0.204855 0.802462
vt 0.714567 0.051660
vt 0.312998 0.818557
vt 0.197990 0.799723
vt 0.716986 0.051658
vt 0.719870 0.050614
vt 0.192245 0.795457
vt 0.723863 0.049843
vt 0.187554 0.789935
vt 0.729640 0.050099
vt 0.183816 0.783272
vt 0.180946 0.775459
vt 0.736205 0.051949
vt 0.797609 0.724231
vt 0.795140 0.719386
vt 0.792120 0.713459
vt 0.177819 0.755874
vt 0.177755 0.743732
vt 0.789000 0.707335
vt 0.786285 0.702006
vt 0.399004 0.980483
vt 0.952173 0.014667
vt 0.783592 0.696722
vt 0.014541 0.960856
vt 0.950135 0.029438
vt 0.952336 0.050039
vt 0.903409 0.941817
vt 0.310190 0.639014
vt 0.016963 0.960864
vt 0.912612 0.941817
vt 0.308903 0.638358
vt 0.651479 0.859438
vt 0.307084 0.637431
vt 0.466559 0.942442
vt 0.305236 0.636489
vt 0.649040 0.858243
vt 0.465347 0.928936
vt 0.646013 0.857531
vt 0.465908 0.922474
vt 0.643429 0.857268
vt 0.467527 0.915267
vt 0.226826 0.966508
vt 0.301059 0.937065
vt 0.586540 0.347034
vt 0.226826 0.959548
vt 0.226826 0.952122
vt 0.839945 0.843584
vt 0.760387 0.937424
vt 0.014512 0.627729
vt 0.226826 0.945329
vt 0.226826 0.939421
vt 0.836975 0.843586
vt 0.757418 0.937415
vt 0.191332 0.788109
vt 0.226826 0.934329
vt 0.666675 0.608536
vt 0.834530 0.843625
vt 0.754973 0.937378
vt 0.831862 0.843915
vt 0.752299 0.937146
vt 0.187868 0.781927
vt 0.664779 0.614350
vt 0.829702 0.844817
vt 0.750117 0.936439
vt 0.495345 0.725609
vt 0.185165 0.774558
vt 0.663112 0.621418
vt 0.496158 0.724013
vt 0.183240 0.765884
vt 0.661672 0.629861
vt 0.182167 0.755729
vt 0.660478 0.639858
vt 0.497270 0.721830
vt 0.855569 0.311737
vt 0.903477 0.818848
vt 0.858404 0.311739
vt 0.906311 0.818854
vt 0.182106 0.743887
vt 0.659579 0.651632
vt 0.862919 0.312143
vt 0.910815 0.818553
vt 0.398651 0.971015
vt 0.943091 0.014747
vt 0.941025 0.029733
vt 0.869384 0.313760
vt 0.917238 0.817313
vt 0.876666 0.317066
vt 0.924436 0.814763
vt 0.389057 0.032310
vt 0.943280 0.050772
vt 0.903043 0.951285
vt 0.388172 0.026728
vt 0.912347 0.951285
vt 0.475647 0.942216
vt 0.387261 0.020974
vt 0.474465 0.929021
vt 0.386572 0.016622
vt 0.285031 0.211527
vt 0.135317 0.351961
vt 0.386238 0.014512
vt 0.285524 0.210639
vt 0.135641 0.352875
vt 0.476586 0.915713
vt 0.236294 0.966197
vt 0.285981 0.194574
vt 0.134969 0.368941
vt 0.236294 0.959445
vt 0.236294 0.952175
vt 0.285981 0.178296
vt 0.133929 0.385194
vt 0.285300 0.158239
vt 0.132120 0.405183
vt 0.283726 0.136288
vt 0.129498 0.427011
vt 0.236294 0.939700
vt 0.236294 0.934686
vt 0.658111 0.608487
vt 0.281222 0.114077
vt 0.126140 0.449046
vt 0.656239 0.614232
vt 0.277843 0.092777
vt 0.122163 0.470124
vt 0.273807 0.073300
vt 0.117794 0.489344
vt 0.654588 0.621234
vt 0.269605 0.056614
vt 0.113474 0.505767
vt 0.653158 0.629616
vt 0.265870 0.043648
vt 0.109754 0.518503
vt 0.651075 0.651287
vt 0.263166 0.035057
vt 0.107111 0.526929
vt 0.261762 0.030801
vt 0.105752 0.531099
vt 0.789738 0.495148
vt 0.261343 0.029543
vt 0.105347 0.532331
vt 0.261459 0.027429
vt 0.105302 0.534449
vt 0.261622 0.025301
vt 0.105293 0.536583
vt 0.791591 0.456710
vt 0.261722 0.022771
vt 0.105208 0.539115
vt 0.804664 0.443963
vt 0.261423 0.020377
vt 0.318659 0.828774
vt 0.104823 0.541488
vt 0.808305 0.428303
vt 0.103935 0.543190
vt 0.319309 0.827499
vt 0.800397 0.412600
vt 0.320126 0.825894
vt 0.792410 0.409164
vt 0.714553 0.058690
vt 0.827372 0.014856
vt 0.320929 0.824319
vt 0.716972 0.058688
vt 0.829790 0.014855
vt 0.784494 0.409074
vt 0.719856 0.057238
vt 0.832714 0.015977
vt 0.777495 0.411337
vt 0.771539 0.415199
vt 0.723850 0.056167
vt 0.836736 0.016804
vt 0.766576 0.420383
vt 0.649738 0.605748
vt 0.729627 0.056524
vt 0.842502 0.016518
vt 0.736190 0.059095
vt 0.848991 0.014512
vt 0.807086 0.721152
vt 0.762508 0.426771
vt 0.647693 0.612015
vt 0.806235 0.715781
vt 0.805194 0.709211
vt 0.756787 0.443273
vt 0.644417 0.628341
vt 0.804119 0.702423
vt 0.755156 0.453673
vt 0.643180 0.638688
vt 0.803184 0.696515
vt 0.754490 0.465772
vt 0.642258 0.650760
vt 0.802256 0.690658
vt 0.014512 0.974930
vt 0.871390 0.931729
vt 0.321728 0.623134
vt 0.016934 0.974941
vt 0.868969 0.931731
vt 0.953446 0.360839
vt 0.320706 0.622112
vt 0.319263 0.620669
vt 0.912707 0.221265
vt 0.957687 0.340228
vt 0.793586 0.460227
vt 0.102082 0.960999
vt 0.415989 0.896115
vt 0.317796 0.619202
vt 0.649078 0.842919
vt 0.915104 0.219982
vt 0.646051 0.841929
vt 0.918106 0.219222
vt 0.643467 0.841564
vt 0.920680 0.218946
vt 0.301496 0.952909
vt 0.340231 0.859902
vt 0.606150 0.340662
vt 0.964183 0.547527
vt 0.024110 0.609457
vt 0.760699 0.919232
vt 0.020969 0.607857
vt 0.757729 0.919223
vt 0.755284 0.919199
vt 0.094419 0.888450
vt 0.763113 0.417670
vt 0.752609 0.919065
vt 0.750421 0.918665
vt 0.514760 0.731917
vt 0.758641 0.424683
vt 0.166146 0.297896
vt 0.755130 0.432862
vt 0.515040 0.730148
vt 0.515423 0.727728
vt 0.903193 0.835467
vt 0.906027 0.835474
vt 0.165966 0.277688
vt 0.750807 0.453181
vt 0.166537 0.265223
vt 0.750117 0.465686
vt 0.910528 0.835310
vt 0.916942 0.834622
vt 0.410229 0.032310
vt 0.924121 0.833198
vt 0.930475 0.831240
vt 0.411114 0.026728
vt 0.412025 0.020974
vt 0.412714 0.016622
vt 0.111972 0.351654
vt 0.413048 0.014512
vt 0.112155 0.352566
vt 0.111785 0.368636
vt 0.111208 0.384895
vt 0.110201 0.404895
vt 0.108738 0.426738
vt 0.106861 0.448793
vt 0.104636 0.469894
vt 0.102190 0.489139
vt 0.099770 0.505587
vt 0.172131 0.299122
vt 0.097685 0.518344
vt 0.096204 0.526785
vt 0.095442 0.530964
vt 0.095215 0.532198
vt 0.095191 0.534316
vt 0.095186 0.536450
vt 0.095140 0.538982
vt 0.094925 0.541357
vt 0.094427 0.543065
vt 0.329694 0.830873
vt 0.329976 0.829094
vt 0.827260 0.023392
vt 0.330252 0.827348
vt 0.110863 0.920949
vt 0.829678 0.023390
vt 0.832608 0.024019
vt 0.110863 0.910728
vt 0.836635 0.024482
vt 0.842399 0.024319
vt 0.184652 0.321002
vt 0.110863 0.893960
vt 0.817050 0.721152
vt 0.848877 0.023189
vt 0.854456 0.021282
vt 0.817901 0.715781
vt 0.181222 0.299682
vt 0.818941 0.709211
vt 0.820017 0.702423
vt 0.820952 0.696515
vt 0.821880 0.690658
vt 0.871682 0.914642
vt 0.215830 0.718625
vt 0.337607 0.611596
vt 0.869261 0.914640
vt 0.208036 0.730029
vt 0.336951 0.610309
vt 0.336025 0.608490
vt 0.912399 0.239305
vt 0.208964 0.745841
vt 0.914786 0.238587
vt 0.215746 0.753417
vt 0.917781 0.238163
vt 0.228643 0.767657
vt 0.920354 0.238012
vt 0.231819 0.785167
vt 0.229241 0.793079
vt 0.922055 0.238017
vt 0.625720 0.331430
vt 0.964028 0.566924
vt 0.035744 0.593445
vt 0.222149 0.802057
vt 0.760862 0.898754
vt 0.033251 0.590953
vt 0.204353 0.804856
vt 0.757893 0.898745
vt 0.755448 0.898736
vt 0.752771 0.898713
vt 0.190726 0.797302
vt 0.185707 0.791400
vt 0.187766 0.313354
vt 0.750581 0.898658
vt 0.535174 0.731917
vt 0.181755 0.784361
vt 0.186715 0.306684
vt 0.534894 0.730148
vt 0.534510 0.727728
vt 0.903043 0.854174
vt 0.905877 0.854182
vt 0.176668 0.766813
vt 0.185764 0.289664
vt 0.910378 0.854173
vt 0.175527 0.756028
vt 0.185876 0.279040
vt 0.175461 0.743652
vt 0.186440 0.266748
vt 0.916786 0.854105
vt 0.923955 0.853948
vt 0.399969 0.983432
vt 0.213627 0.715397
vt 0.955312 0.015439
vt 0.953352 0.029621
vt 0.930295 0.853724
vt 0.432932 0.033817
vt 0.435576 0.028627
vt 0.213590 0.756741
vt 0.913335 0.938868
vt 0.437577 0.024700
vt 0.463423 0.943233
vt 0.085696 0.351548
vt 0.438547 0.022797
vt 0.085719 0.352460
vt 0.462128 0.928881
vt 0.462716 0.922018
vt 0.085689 0.368531
vt 0.085633 0.384792
vt 0.085529 0.404795
vt 0.223878 0.959828
vt 0.212955 0.801121
vt 0.223878 0.951978
vt 0.205603 0.800704
vt 0.085370 0.426644
vt 0.085161 0.448706
vt 0.223878 0.944848
vt 0.199156 0.798127
vt 0.084908 0.469814
vt 0.223878 0.933355
vt 0.189299 0.788865
vt 0.084626 0.489068
vt 0.084344 0.505525
vt 0.084101 0.518289
vt 0.182946 0.774923
vt 0.180982 0.766079
vt 0.083927 0.526736
vt 0.083837 0.530917
vt 0.083811 0.532152
vt 0.179831 0.743806
vt 0.083810 0.534270
vt 0.398651 0.976456
vt 0.948236 0.014512
vt 0.083811 0.536404
vt 0.946169 0.029498
vt 0.083808 0.538937
vt 0.948424 0.050537
vt 0.903043 0.945844
vt 0.083784 0.541313
vt 0.912347 0.945844
vt 0.083724 0.543022
vt 0.340614 0.830873
vt 0.340332 0.829094
vt 0.827221 0.033000
vt 0.340056 0.827348
vt 0.469867 0.922663
vt 0.829639 0.032998
vt 0.230853 0.959445
vt 0.832572 0.033072
vt 0.836601 0.033125
vt 0.842364 0.033099
vt 0.230853 0.945505
vt 0.848838 0.032955
vt 0.230853 0.939700
vt 0.854410 0.032715
vt 0.828996 0.719386
vt 0.230853 0.934686
vt 0.663108 0.608701
vt 0.832016 0.713459
vt 0.659584 0.621448
vt 0.835136 0.707335
vt 0.837851 0.702006
vt 0.840544 0.696722
vt 0.871836 0.895410
vt 0.356275 0.605531
vt 0.869415 0.895403
vt 0.356049 0.604104
vt 0.786319 0.497572
vt 0.399004 0.966988
vt 0.939412 0.015251
vt 0.777688 0.483270
vt 0.937374 0.030021
vt 0.355730 0.602088
vt 0.912236 0.259611
vt 0.780257 0.462470
vt 0.939575 0.050622
vt 0.903409 0.955312
vt 0.914618 0.259529
vt 0.917611 0.259485
vt 0.912612 0.955312
vt 0.479332 0.942545
vt 0.800843 0.442307
vt 0.920182 0.259472
vt 0.339913 0.898065
vt 0.634952 0.311860
vt 0.797243 0.415264
vt 0.480301 0.915369
vt 0.240322 0.966508
vt 0.760862 0.877995
vt 0.050155 0.578671
vt 0.757893 0.877987
vt 0.240322 0.959548
vt 0.755448 0.877992
vt 0.240322 0.952122
vt 0.752771 0.878081
vt 0.750581 0.878377
vt 0.554589 0.725609
vt 0.656429 0.603410
vt 0.240322 0.939421
vt 0.240322 0.934329
vt 0.654282 0.608004
vt 0.553776 0.724013
vt 0.552663 0.721830
vt 0.903043 0.873136
vt 0.652387 0.613819
vt 0.905877 0.873146
vt 0.650720 0.620887
vt 0.910378 0.873294
vt 0.916786 0.873855
vt 0.648085 0.639327
vt 0.923955 0.874983
vt 0.647187 0.651100
vt 0.930295 0.876516
vt 0.451492 0.047301
vt 0.778647 0.475520
vt 0.935049 0.037758
vt 0.455610 0.043182
vt 0.458726 0.040066
vt 0.059060 0.351654
vt 0.460237 0.038556
vt 0.058921 0.352566
vt 0.954943 0.036801
vt 0.204255 0.735829
vt 0.059236 0.368636
vt 0.950204 0.037100
vt 0.059709 0.384895
vt 0.941107 0.037528
vt 0.060519 0.404895
vt 0.780593 0.475454
vt 0.061683 0.426738
vt 0.953057 0.355241
vt 0.063163 0.448793
vt 0.064909 0.469894
vt 0.066821 0.489139
vt 0.068708 0.505587
vt 0.070331 0.518344
vt 0.953385 0.036920
vt 0.071482 0.526785
vt 0.946251 0.037293
vt 0.072074 0.530964
vt 0.937443 0.037683
vt 0.072250 0.532198
vt 0.797908 0.450330
vt 0.921830 0.958261
vt 0.072273 0.534316
vt 0.419813 0.889303
vt 0.801111 0.453260
vt 0.072280 0.536450
vt 0.406383 0.886967
vt 0.112523 0.973415
vt 0.072321 0.538982
vt 0.072490 0.541357
vt 0.463790 0.951713
vt 0.221904 0.761016
vt 0.072876 0.543065
vt 0.350999 0.827499
vt 0.350182 0.825894
vt 0.468297 0.949469
vt 0.920946 0.941817
vt 0.827260 0.042739
vt 0.349379 0.824319
vt 0.477366 0.949189
vt 0.920622 0.951285
vt 0.829678 0.042736
vt 0.799486 0.451550
vt 0.832608 0.042248
vt 0.418307 0.888048
vt 0.801939 0.454572
vt 0.111315 0.960999
vt 0.836635 0.041886
vt 0.842399 0.042000
vt 0.848877 0.042854
vt 0.834589 0.730088
vt 0.223609 0.759416
vt 0.465212 0.950408
vt 0.221020 0.762213
vt 0.921830 0.938868
vt 0.854456 0.044305
vt 0.838434 0.726243
vt 0.472216 0.949148
vt 0.920622 0.945844
vt 0.843137 0.721540
vt 0.847997 0.716679
vt 0.852226 0.712450
vt 0.856420 0.708257
vt 0.871836 0.875913
vt 0.375904 0.605531
vt 0.869415 0.875903
vt 0.376130 0.604104
vt 0.376449 0.602088
vt 0.912236 0.280195
vt 0.914618 0.280758
vt 0.917611 0.281098
vt 0.474682 0.936748
vt 0.920182 0.281228
vt 0.339995 0.918550
vt 0.641324 0.292250
vt 0.807724 0.436999
vt 0.760698 0.858987
vt 0.070027 0.572214
vt 0.757729 0.858979
vt 0.755284 0.858999
vt 0.752609 0.859190
vt 0.750421 0.859806
vt 0.571104 0.713610
vt 0.469532 0.936706
vt 0.478346 0.936892
vt 0.803540 0.436545
vt 0.569838 0.712343
vt 0.568105 0.710610
vt 0.903193 0.890500
vt 0.906027 0.890510
vt 0.956697 0.350810
vt 0.910528 0.890802
vt 0.965554 0.351228
vt 0.916942 0.891939
vt 0.955713 0.043324
vt 0.204948 0.742496
vt 0.924121 0.894244
vt 0.459940 0.068427
vt 0.951116 0.044770
vt 0.930475 0.897385
vt 0.464976 0.065861
vt 0.942041 0.045376
vt 0.470166 0.063217
vt 0.474092 0.061216
vt 0.034671 0.351961
vt 0.475996 0.060246
vt 0.034385 0.352875
vt 0.210928 0.740847
vt 0.969097 0.351145
vt 0.035015 0.368941
vt 0.035973 0.385194
vt 0.037621 0.405183
vt 0.947186 0.045141
vt 0.039994 0.427011
vt 0.043022 0.449046
vt 0.777696 0.467901
vt 0.938355 0.045353
vt 0.779786 0.468251
vt 0.935901 0.044943
vt 0.046599 0.470124
vt 0.050520 0.489344
vt 0.054391 0.505767
vt 0.057722 0.518503
vt 0.060087 0.526929
vt 0.061304 0.531099
vt 0.061665 0.532331
vt 0.061710 0.534449
vt 0.061723 0.536583
vt 0.061803 0.539115
vt 0.062150 0.541488
vt 0.360846 0.822093
vt 0.062942 0.543190
vt 0.359834 0.821080
vt 0.358560 0.819807
vt 0.827372 0.051657
vt 0.357310 0.818557
vt 0.829790 0.051654
vt 0.832714 0.050650
vt 0.836736 0.049907
vt 0.842502 0.050149
vt 0.848991 0.051919
vt 0.840446 0.738149
vt 0.182702 0.252154
vt 0.845291 0.735681
vt 0.173615 0.251395
vt 0.851217 0.732661
vt 0.857341 0.729541
vt 0.862671 0.726825
vt 0.867955 0.724133
vt 0.871682 0.858062
vt 0.394572 0.611596
vt 0.869261 0.858047
vt 0.395228 0.610309
vt 0.912399 0.299044
vt 0.396155 0.608490
vt 0.185909 0.252431
vt 0.178747 0.251821
vt 0.397096 0.606642
vt 0.914786 0.300197
vt 0.169972 0.251096
vt 0.917782 0.300888
vt 0.920354 0.301147
vt 0.340231 0.937307
vt 0.641324 0.271630
vt 0.643401 0.664769
vt 0.760387 0.843591
vt 0.696259 0.842075
vt 0.090922 0.572214
vt 0.757418 0.843584
vt 0.699228 0.842081
vt 0.192225 0.211472
vt 0.184539 0.688773
vt 0.754973 0.843614
vt 0.701673 0.842118
vt 0.752299 0.843889
vt 0.704348 0.842361
vt 0.750117 0.844765
vt 0.706533 0.843107
vt 0.583104 0.697094
vt 0.581508 0.696281
vt 0.187477 0.210527
vt 0.195444 0.162651
vt 0.579324 0.695169
vt 0.903477 0.904564
vt 0.900589 0.534633
vt 0.906311 0.904575
vt 0.903423 0.534636
vt 0.205484 0.113030
vt 0.910815 0.904984
vt 0.907925 0.534312
vt 0.178399 0.209688
vt 0.917238 0.906587
vt 0.914340 0.532992
vt 0.186375 0.161751
vt 0.924436 0.909844
vt 0.921524 0.530282
vt 0.466483 0.088564
vt 0.472065 0.087679
vt 0.477818 0.086768
vt 0.482171 0.086079
vt 0.756520 0.521452
vt 0.172367 0.209505
vt 0.014918 0.352439
vt 0.014782 0.202605
vt 0.484281 0.085745
vt 0.180306 0.161794
vt 0.770540 0.569083
vt 0.790239 0.618437
vt 0.014512 0.353356
vt 0.014512 0.201667
vt 0.015398 0.369416
vt 0.016502 0.185708
vt 0.760787 0.520496
vt 0.641993 0.705628
vt 0.016747 0.385659
vt 0.018894 0.169592
vt 0.019074 0.405631
vt 0.022397 0.149813
vt 0.022428 0.427436
vt 0.026904 0.128266
vt 0.026709 0.449441
vt 0.032206 0.106572
vt 0.031768 0.470483
vt 0.038086 0.085881
vt 0.037316 0.489664
vt 0.044232 0.067073
vt 0.042796 0.506048
vt 0.050103 0.051050
vt 0.047510 0.518750
vt 0.055047 0.038653
vt 0.050858 0.527152
vt 0.058510 0.030466
vt 0.052580 0.531310
vt 0.060278 0.026418
vt 0.053092 0.532539
vt 0.060803 0.025222
vt 0.053155 0.534656
vt 0.061020 0.023115
vt 0.053172 0.536790
vt 0.061200 0.020989
vt 0.053284 0.539321
vt 0.061490 0.018472
vt 0.224820 0.595651
vt 0.053774 0.541690
vt 0.367528 0.812896
vt 0.062086 0.016138
vt 0.063160 0.014512
vt 0.366252 0.812246
vt 0.364647 0.811428
vt 0.198599 0.163314
vt 0.827547 0.058879
vt 0.658496 0.014911
vt 0.363072 0.810626
vt 0.829965 0.058876
vt 0.660914 0.014905
vt 0.208616 0.113805
vt 0.832878 0.057456
vt 0.663844 0.016090
vt 0.836894 0.056404
vt 0.667871 0.016959
vt 0.183531 0.210114
vt 0.842661 0.056750
vt 0.673634 0.016648
vt 0.191508 0.162177
vt 0.849169 0.059260
vt 0.680111 0.014512
vt 0.843525 0.747626
vt 0.201556 0.112515
vt 0.848896 0.746776
vt 0.174746 0.209470
vt 0.855465 0.745735
vt 0.182713 0.161593
vt 0.768350 0.569658
vt 0.862254 0.744660
vt 0.868162 0.743724
vt 0.192753 0.111972
vt 0.788095 0.619124
vt 0.874019 0.742797
vt 0.871390 0.843602
vt 0.265697 0.572219
vt 0.410452 0.623134
vt 0.868969 0.843584
vt 0.268117 0.572214
vt 0.411474 0.622112
vt 0.792144 0.617624
vt 0.412917 0.620669
vt 0.414384 0.619202
vt 0.915104 0.315941
vt 0.908957 0.403594
vt 0.918106 0.316918
vt 0.911954 0.402785
vt 0.643699 0.705331
vt 0.920680 0.317282
vt 0.914526 0.402490
vt 0.340598 0.952499
vt 0.951405 0.218948
vt 0.634952 0.252019
vt 0.695892 0.859752
vt 0.110794 0.578671
vt 0.650819 0.705267
vt 0.698861 0.859758
vt 0.701306 0.859782
vt 0.703983 0.859929
vt 0.706174 0.860378
vt 0.589412 0.677679
vt 0.659322 0.705731
vt 0.190978 0.690366
vt 0.662611 0.752803
vt 0.207005 0.644606
vt 0.587643 0.677399
vt 0.585223 0.677016
vt 0.900253 0.550781
vt 0.903087 0.550785
vt 0.907586 0.550595
vt 0.913991 0.549810
vt 0.466483 0.109736
vt 0.921152 0.548194
vt 0.927483 0.545979
vt 0.472065 0.110621
vt 0.477818 0.111532
vt 0.179893 0.755774
vt 0.482171 0.112221
vt 0.037361 0.204810
vt 0.484281 0.112555
vt 0.037229 0.203886
vt 0.038926 0.187898
vt 0.185719 0.782479
vt 0.040871 0.171738
vt 0.223878 0.938659
vt 0.193747 0.794105
vt 0.043598 0.151884
vt 0.046984 0.130228
vt 0.050853 0.108393
vt 0.055038 0.087537
vt 0.223878 0.967360
vt 0.464471 0.914221
vt 0.220321 0.798527
vt 0.059324 0.068548
vt 0.063358 0.052344
vt 0.066720 0.039793
vt 0.069059 0.031497
vt 0.070250 0.027392
vt 0.070603 0.026179
vt 0.904408 0.938868
vt 0.955407 0.049026
vt 0.206063 0.748307
vt 0.070800 0.024070
vt 0.070974 0.021944
vt 0.071228 0.019423
vt 0.071659 0.017073
vt 0.072356 0.015410
vt 0.369626 0.801861
vt 0.367847 0.801579
vt 0.658362 0.023205
vt 0.366101 0.801302
vt 0.660781 0.023199
vt 0.663718 0.023905
vt 0.667751 0.024421
vt 0.673512 0.024228
vt 0.212983 0.805347
vt 0.843525 0.757591
vt 0.679975 0.022943
vt 0.685529 0.020784
vt 0.848896 0.758442
vt 0.196925 0.801900
vt 0.855465 0.759482
vt 0.862254 0.760557
vt 0.868162 0.761493
vt 0.874019 0.762421
vt 0.265352 0.588821
vt 0.178756 0.776201
vt 0.186051 0.298821
vt 0.421989 0.639014
vt 0.267772 0.588820
vt 0.423277 0.638358
vt 0.425095 0.637431
vt 0.906202 0.422484
vt 0.219140 0.721065
vt 0.836655 0.982539
vt 0.971376 0.371584
vt 0.426943 0.636489
vt 0.908581 0.421671
vt 0.911571 0.421190
vt 0.969066 0.360893
vt 0.212200 0.731173
vt 0.212790 0.744088
vt 0.970061 0.348086
vt 0.095418 0.977443
vt 0.914141 0.421015
vt 0.951436 0.237184
vt 0.622832 0.235338
vt 0.102805 0.977443
vt 0.400443 0.895590
vt 0.232557 0.766046
vt 0.236146 0.785615
vt 0.398651 0.914849
vt 0.695699 0.880006
vt 0.127699 0.590952
vt 0.233316 0.794450
vt 0.399714 0.923864
vt 0.698668 0.880012
vt 0.110863 0.931663
vt 0.225183 0.804720
vt 0.402988 0.934692
vt 0.701113 0.880022
vt 0.703791 0.880060
vt 0.705986 0.880166
vt 0.589412 0.657265
vt 0.587643 0.657545
vt 0.110863 0.901716
vt 0.585223 0.657928
vt 0.900077 0.569283
vt 0.902911 0.569288
vt 0.110863 0.887476
vt 0.183048 0.315098
vt 0.181924 0.307972
vt 0.907408 0.569251
vt 0.913807 0.569080
vt 0.920956 0.568718
vt 0.180923 0.290133
vt 0.927271 0.568217
vt 0.464976 0.132439
vt 0.181038 0.279161
vt 0.470166 0.135083
vt 0.181615 0.266570
vt 0.836302 0.973071
vt 0.962821 0.371007
vt 0.474092 0.137084
vt 0.063255 0.207046
vt 0.475996 0.138054
vt 0.960555 0.360528
vt 0.063280 0.206136
vt 0.961502 0.348163
vt 0.095784 0.967974
vt 0.064642 0.190119
vt 0.103070 0.967974
vt 0.066073 0.173914
vt 0.408985 0.895160
vt 0.067910 0.153983
vt 0.407161 0.914732
vt 0.408239 0.923893
vt 0.070012 0.132216
vt 0.072238 0.110240
vt 0.411578 0.934932
vt 0.101394 0.931974
vt 0.074479 0.089216
vt 0.101394 0.921051
vt 0.101394 0.910675
vt 0.076633 0.070042
vt 0.101394 0.901540
vt 0.078559 0.053657
vt 0.101394 0.893681
vt 0.080107 0.040949
vt 0.101394 0.887119
vt 0.173975 0.314675
vt 0.081158 0.032541
vt 0.081685 0.028379
vt 0.172839 0.307479
vt 0.081842 0.027150
vt 0.082015 0.025038
vt 0.171830 0.289513
vt 0.171946 0.278486
vt 0.082184 0.022911
vt 0.082395 0.020388
vt 0.172525 0.265850
vt 0.082639 0.018021
vt 0.837620 0.966095
vt 0.955874 0.372108
vt 0.792103 0.492139
vt 0.082903 0.016321
vt 0.369626 0.790941
vt 0.786765 0.466975
vt 0.954571 0.346825
vt 0.367847 0.791223
vt 0.658316 0.032708
vt 0.366101 0.791499
vt 0.660735 0.032702
vt 0.663675 0.032858
vt 0.414283 0.914519
vt 0.415308 0.923137
vt 0.667710 0.032969
vt 0.673470 0.032912
vt 0.802402 0.409263
vt 0.418405 0.933389
vt 0.094419 0.930811
vt 0.792650 0.405012
vt 0.094419 0.920668
vt 0.679928 0.032603
vt 0.094419 0.910872
vt 0.783453 0.404909
vt 0.685474 0.032093
vt 0.845291 0.769537
vt 0.094419 0.902197
vt 0.775454 0.407482
vt 0.851217 0.772556
vt 0.094419 0.894722
vt 0.768680 0.411864
vt 0.857341 0.775677
vt 0.862671 0.778392
vt 0.867955 0.781084
vt 0.265170 0.607844
vt 0.428055 0.657682
vt 0.267591 0.607847
vt 0.429482 0.657456
vt 0.165852 0.288513
vt 0.752514 0.442305
vt 0.431498 0.657136
vt 0.906011 0.442569
vt 0.908384 0.442385
vt 0.911370 0.442278
vt 0.781896 0.482197
vt 0.913939 0.442242
vt 0.783983 0.464262
vt 0.951452 0.257502
vt 0.606150 0.223218
vt 0.695699 0.900856
vt 0.139980 0.607857
vt 0.698668 0.900861
vt 0.806281 0.420972
vt 0.701113 0.900856
vt 0.703791 0.900781
vt 0.705986 0.900536
vt 0.583104 0.637850
vt 0.581508 0.638663
vt 0.579324 0.639776
vt 0.900077 0.588329
vt 0.902911 0.588335
vt 0.907408 0.588456
vt 0.913807 0.588916
vt 0.645924 0.619509
vt 0.759253 0.434364
vt 0.920956 0.589845
vt 0.927271 0.591108
vt 0.451492 0.150999
vt 0.455610 0.155117
vt 0.458726 0.158233
vt 0.089929 0.209093
vt 0.460237 0.159744
vt 0.090115 0.208195
vt 0.091132 0.192151
vt 0.092034 0.175906
vt 0.092955 0.155905
vt 0.478120 0.929039
vt 0.093733 0.134037
vt 0.802151 0.422278
vt 0.478682 0.922576
vt 0.094266 0.111930
vt 0.094506 0.090753
vt 0.094462 0.071410
vt 0.094217 0.054858
vt 0.240322 0.945329
vt 0.093897 0.042007
vt 0.093620 0.033498
vt 0.093465 0.029283
vt 0.093418 0.028038
vt 0.093568 0.025925
vt 0.649280 0.629329
vt 0.093731 0.023798
vt 0.093899 0.021270
vt 0.093948 0.018889
vt 0.093767 0.017155
vt 0.366252 0.780555
vt 0.364647 0.781373
vt 0.658362 0.042490
vt 0.363072 0.782176
vt 0.660781 0.042483
vt 0.470497 0.942175
vt 0.663718 0.042075
vt 0.469315 0.928979
vt 0.667751 0.041768
vt 0.673512 0.041852
vt 0.679975 0.042545
vt 0.834589 0.775129
vt 0.471436 0.915672
vt 0.230853 0.966197
vt 0.685529 0.043733
vt 0.838434 0.778975
vt 0.230853 0.952175
vt 0.843137 0.783678
vt 0.847997 0.788538
vt 0.852227 0.792767
vt 0.856420 0.796961
vt 0.265170 0.627425
vt 0.661235 0.614446
vt 0.428055 0.677310
vt 0.267591 0.627433
vt 0.429482 0.677536
vt 0.431498 0.677856
vt 0.906011 0.463243
vt 0.658154 0.629830
vt 0.656966 0.639774
vt 0.908384 0.463707
vt 0.911370 0.463986
vt 0.656071 0.651501
vt 0.913939 0.464092
vt 0.951452 0.277912
vt 0.586540 0.216846
vt 0.695892 0.920259
vt 0.146437 0.627729
vt 0.698861 0.920264
vt 0.701306 0.920244
vt 0.703983 0.920065
vt 0.706174 0.919493
vt 0.571104 0.621335
vt 0.569838 0.622601
vt 0.568105 0.624334
vt 0.900253 0.606053
vt 0.903087 0.606061
vt 0.907586 0.606328
vt 0.913991 0.607377
vt 0.921152 0.609506
vt 0.430366 0.159447
vt 0.927483 0.612411
vt 0.432932 0.164483
vt 0.435576 0.169673
vt 0.178930 0.766383
vt 0.437577 0.173599
vt 0.114772 0.210751
vt 0.438547 0.175503
vt 0.115109 0.209863
vt 0.210004 0.730673
vt 0.115804 0.193798
vt 0.094419 0.980391
vt 0.210737 0.744813
vt 0.116213 0.177520
vt 0.116281 0.157462
vt 0.115825 0.135511
vt 0.114783 0.113299
vt 0.231157 0.793854
vt 0.113158 0.091997
vt 0.111068 0.072519
vt 0.113811 0.930811
vt 0.223464 0.803578
vt 0.108801 0.055832
vt 0.113811 0.920668
vt 0.213533 0.807165
vt 0.106740 0.042865
vt 0.113811 0.910872
vt 0.204360 0.806641
vt 0.105227 0.034272
vt 0.104437 0.030015
vt 0.104201 0.028758
vt 0.185124 0.307525
vt 0.104328 0.026643
vt 0.184438 0.299416
vt 0.104486 0.024515
vt 0.184144 0.290033
vt 0.104613 0.021985
vt 0.104482 0.019592
vt 0.360846 0.770709
vt 0.103885 0.017830
vt 0.359834 0.771721
vt 0.358560 0.772995
vt 0.658496 0.051593
vt 0.357310 0.774245
vt 0.965554 0.360663
vt 0.660914 0.051586
vt 0.966501 0.348298
vt 0.095784 0.973415
vt 0.663844 0.050651
vt 0.103070 0.973415
vt 0.403984 0.895243
vt 0.667871 0.049956
vt 0.402161 0.914816
vt 0.673634 0.050170
vt 0.403239 0.923977
vt 0.680111 0.051798
vt 0.826527 0.780987
vt 0.106835 0.931974
vt 0.406578 0.935015
vt 0.828996 0.785832
vt 0.832016 0.791758
vt 0.106835 0.921051
vt 0.106835 0.910675
vt 0.835136 0.797882
vt 0.837851 0.803212
vt 0.106835 0.901540
vt 0.106835 0.893681
vt 0.840544 0.808495
vt 0.265352 0.645648
vt 0.106835 0.887119
vt 0.179107 0.315101
vt 0.421989 0.695978
vt 0.267772 0.645660
vt 0.423277 0.696634
vt 0.177971 0.307905
vt 0.906202 0.482483
vt 0.425095 0.697561
vt 0.176962 0.289939
vt 0.426943 0.698503
vt 0.908581 0.483549
vt 0.911571 0.484188
vt 0.177078 0.278913
vt 0.177657 0.266276
vt 0.914141 0.484426
vt 0.836655 0.969043
vt 0.958977 0.371249
vt 0.951436 0.296416
vt 0.565920 0.216846
vt 0.305061 0.877343
vt 0.956667 0.360558
vt 0.957662 0.347751
vt 0.095418 0.963947
vt 0.696260 0.936317
vt 0.790361 0.843584
vt 0.146437 0.648624
vt 0.960665 0.341398
vt 0.102805 0.963947
vt 0.699228 0.936321
vt 0.793331 0.843593
vt 0.412845 0.895383
vt 0.701673 0.936290
vt 0.795776 0.843630
vt 0.411053 0.914642
vt 0.704348 0.936024
vt 0.798450 0.843862
vt 0.412117 0.923658
vt 0.706533 0.935181
vt 0.800632 0.844569
vt 0.554589 0.609335
vt 0.415390 0.934486
vt 0.097367 0.931663
vt 0.097367 0.920949
vt 0.553776 0.610931
vt 0.552663 0.613115
vt 0.900589 0.620722
vt 0.903477 0.694743
vt 0.903423 0.620730
vt 0.906311 0.694749
vt 0.097367 0.901716
vt 0.907925 0.621119
vt 0.910815 0.694448
vt 0.097367 0.893960
vt 0.914340 0.622654
vt 0.917238 0.693208
vt 0.756529 0.424145
vt 0.169193 0.306915
vt 0.921524 0.625778
vt 0.924436 0.690658
vt 0.410229 0.165990
vt 0.411114 0.171572
vt 0.168192 0.289076
vt 0.412025 0.177325
vt 0.412714 0.181678
vt 0.168884 0.265513
vt 0.135352 0.211857
vt 0.285470 0.351961
vt 0.413048 0.183788
vt 0.135814 0.210976
vt 0.285795 0.352875
vt 0.136243 0.194897
vt 0.285122 0.368941
vt 0.785798 0.465795
vt 0.953058 0.345634
vt 0.136243 0.178597
vt 0.284082 0.385194
vt 0.135604 0.158501
vt 0.282273 0.405183
vt 0.134127 0.136495
vt 0.279652 0.427011
vt 0.131778 0.114213
vt 0.276294 0.449046
vt 0.128609 0.092828
vt 0.272317 0.470124
vt 0.124824 0.073258
vt 0.267947 0.489344
vt 0.120882 0.056481
vt 0.263627 0.505767
vt 0.117379 0.043437
vt 0.259907 0.518503
vt 0.114842 0.034789
vt 0.257264 0.526929
vt 0.776538 0.409095
vt 0.113525 0.030504
vt 0.255905 0.531099
vt 0.113133 0.029238
vt 0.255501 0.532331
vt 0.113241 0.027122
vt 0.255455 0.534449
vt 0.113395 0.024994
vt 0.255446 0.536583
vt 0.757099 0.433474
vt 0.113488 0.022463
vt 0.255362 0.539115
vt 0.754547 0.442690
vt 0.113207 0.020061
vt 0.351649 0.764027
vt 0.254977 0.541488
vt 0.254088 0.543190
vt 0.350999 0.765303
vt 0.350182 0.766908
vt 0.935016 0.030459
vt 0.779899 0.482763
vt 0.658704 0.059126
vt 0.771112 0.014856
vt 0.349379 0.768483
vt 0.904408 0.958261
vt 0.782265 0.463174
vt 0.661122 0.059118
vt 0.773531 0.014855
vt 0.664040 0.057749
vt 0.776454 0.015977
vt 0.913335 0.958261
vt 0.790208 0.455280
vt 0.668058 0.056732
vt 0.780477 0.016804
vt 0.673824 0.057055
vt 0.786242 0.016518
vt 0.480483 0.929028
vt 0.806234 0.428462
vt 0.680322 0.059455
vt 0.792732 0.014512
vt 0.817050 0.784066
vt 0.481070 0.922166
vt 0.804330 0.421673
vt 0.817901 0.789437
vt 0.243270 0.967360
vt 0.799009 0.414085
vt 0.243270 0.959828
vt 0.791772 0.410996
vt 0.818941 0.796006
vt 0.820017 0.802795
vt 0.243270 0.951978
vt 0.784402 0.410912
vt 0.820952 0.808702
vt 0.821880 0.814560
vt 0.265697 0.660729
vt 0.265617 0.689771
vt 0.243270 0.938659
vt 0.653453 0.602220
vt 0.772220 0.416682
vt 0.410452 0.711858
vt 0.268117 0.660745
vt 0.268038 0.689769
vt 0.767514 0.421603
vt 0.651218 0.607002
vt 0.411474 0.712880
vt 0.649259 0.613007
vt 0.412917 0.714323
vt 0.915842 0.093900
vt 0.414384 0.715790
vt 0.908957 0.499971
vt 0.918239 0.092617
vt 0.911954 0.500907
vt 0.921241 0.091857
vt 0.914526 0.501255
vt 0.923815 0.091581
vt 0.916227 0.501258
vt 0.925517 0.091586
vt 0.544455 0.219579
vt 0.967176 0.707903
vt 0.136839 0.666896
vt 0.790050 0.861776
vt 0.139980 0.668496
vt 0.793019 0.861786
vt 0.795465 0.861809
vt 0.798140 0.861943
vt 0.475017 0.922704
vt 0.800327 0.862343
vt 0.535174 0.603027
vt 0.534894 0.604796
vt 0.534510 0.607216
vt 0.903193 0.711362
vt 0.906027 0.711369
vt 0.236294 0.945505
vt 0.910528 0.711205
vt 0.916942 0.710516
vt 0.389057 0.165990
vt 0.924121 0.709092
vt 0.930475 0.707135
vt 0.388172 0.171572
vt 0.387261 0.177326
vt 0.386572 0.181678
vt 0.651970 0.639560
vt 0.262126 0.351654
vt 0.386238 0.183788
vt 0.262308 0.352566
vt 0.261938 0.368636
vt 0.261361 0.384895
vt 0.260354 0.404895
vt 0.258891 0.426738
vt 0.257015 0.448793
vt 0.254789 0.469894
vt 0.252343 0.489139
vt 0.249923 0.505587
vt 0.247838 0.518344
vt 0.246357 0.526785
vt 0.245595 0.530964
vt 0.245369 0.532198
vt 0.245344 0.534316
vt 0.245340 0.536450
vt 0.245294 0.538982
vt 0.245079 0.541357
vt 0.244580 0.543065
vt 0.340614 0.761928
vt 0.340332 0.763707
vt 0.771000 0.023392
vt 0.340056 0.765454
vt 0.206370 0.736001
vt 0.773419 0.023390
vt 0.968649 0.355660
vt 0.210492 0.736273
vt 0.776349 0.024019
vt 0.960127 0.355429
vt 0.780376 0.024482
vt 0.786140 0.024319
vt 0.807086 0.784066
vt 0.792618 0.023188
vt 0.798197 0.021282
vt 0.806235 0.789437
vt 0.805194 0.796006
vt 0.804119 0.802795
vt 0.803184 0.808702
vt 0.970874 0.355723
vt 0.208313 0.736142
vt 0.802256 0.814560
vt 0.265324 0.706857
vt 0.965126 0.355564
vt 0.394572 0.723395
vt 0.267745 0.706859
vt 0.956250 0.355325
vt 0.951405 0.355199
vt 0.782716 0.475428
vt 0.395228 0.724683
vt 0.396155 0.726502
vt 0.915534 0.111940
vt 0.917921 0.111222
vt 0.920917 0.110798
vt 0.923489 0.110647
vt 0.925190 0.110651
vt 0.526739 0.232450
vt 0.967021 0.727300
vt 0.125206 0.682908
vt 0.402819 0.887369
vt 0.112199 0.977443
vt 0.227204 0.757418
vt 0.411383 0.886884
vt 0.112523 0.967974
vt 0.789886 0.882254
vt 0.127699 0.685400
vt 0.792855 0.882263
vt 0.795301 0.882272
vt 0.796002 0.449529
vt 0.481070 0.949571
vt 0.920946 0.955312
vt 0.797977 0.882295
vt 0.800167 0.882350
vt 0.514760 0.603027
vt 0.515040 0.604796
vt 0.515423 0.607216
vt 0.903043 0.730068
vt 0.111315 0.980391
vt 0.225248 0.758246
vt 0.905877 0.730076
vt 0.910378 0.730068
vt 0.415221 0.887163
vt 0.112199 0.963947
vt 0.916786 0.729999
vt 0.923955 0.729843
vt 0.930295 0.729619
vt 0.366354 0.164483
vt 0.363710 0.169673
vt 0.361709 0.173599
vt 0.462380 0.937079
vt 0.235849 0.351548
vt 0.360739 0.175503
vt 0.231582 0.775784
vt 0.398945 0.904685
vt 0.235797 0.775399
vt 0.235872 0.352460
vt 0.235842 0.368531
vt 0.407464 0.904441
vt 0.414552 0.904702
vt 0.235787 0.384792
vt 0.235682 0.404795
vt 0.235523 0.426644
vt 0.235314 0.448706
vt 0.460809 0.937496
vt 0.229394 0.776125
vt 0.235061 0.469814
vt 0.234779 0.489068
vt 0.233579 0.775545
vt 0.402464 0.904525
vt 0.234498 0.505525
vt 0.234254 0.518289
vt 0.411347 0.904478
vt 0.234080 0.526736
vt 0.809894 0.437488
vt 0.416222 0.905054
vt 0.480735 0.937226
vt 0.805742 0.436683
vt 0.233991 0.530917
vt 0.233964 0.532152
vt 0.465572 0.936790
vt 0.233963 0.534270
vt 0.206951 0.741750
vt 0.233965 0.536404
vt 0.233961 0.538937
vt 0.960554 0.351093
vt 0.233937 0.541313
vt 0.233878 0.543022
vt 0.329694 0.761928
vt 0.953559 0.350236
vt 0.781616 0.468856
vt 0.329976 0.763707
vt 0.770962 0.033000
vt 0.330252 0.765454
vt 0.773380 0.032998
vt 0.776312 0.033072
vt 0.971376 0.350718
vt 0.208811 0.741212
vt 0.780341 0.033125
vt 0.786104 0.033099
vt 0.792579 0.032955
vt 0.783582 0.469736
vt 0.951981 0.349526
vt 0.798151 0.032715
vt 0.795140 0.785832
vt 0.792120 0.791758
vt 0.789000 0.797882
vt 0.786285 0.803212
vt 0.783592 0.808495
vt 0.265170 0.726090
vt 0.954237 0.044105
vt 0.375904 0.729461
vt 0.267591 0.726096
vt 0.376130 0.730888
vt 0.376449 0.732904
vt 0.915371 0.132246
vt 0.917754 0.132164
vt 0.920746 0.132119
vt 0.923317 0.132107
vt 0.925019 0.132112
vt 0.513868 0.250165
vt 0.789886 0.903013
vt 0.110794 0.697682
vt 0.792855 0.903022
vt 0.795301 0.903016
vt 0.797977 0.902927
vt 0.800167 0.902631
vt 0.495345 0.609335
vt 0.496158 0.610931
vt 0.497270 0.613115
vt 0.903043 0.749031
vt 0.905877 0.749040
vt 0.910378 0.749189
vt 0.767263 0.251720
vt 0.033929 0.254658
vt 0.916786 0.749749
vt 0.923955 0.750878
vt 0.930295 0.752411
vt 0.347794 0.150999
vt 0.696215 0.664045
vt 0.681451 0.169211
vt 0.343675 0.155117
vt 0.340559 0.158233
vt 0.701036 0.664240
vt 0.209213 0.351654
vt 0.339049 0.159744
vt 0.710147 0.664623
vt 0.771609 0.252204
vt 0.716159 0.664883
vt 0.209075 0.352566
vt 0.769543 0.251990
vt 0.209389 0.368636
vt 0.209863 0.384895
vt 0.210673 0.404895
vt 0.211836 0.426738
vt 0.213317 0.448793
vt 0.679158 0.169329
vt 0.215063 0.469894
vt 0.697820 0.664108
vt 0.216975 0.489139
vt 0.705002 0.664406
vt 0.713799 0.664779
vt 0.218862 0.505587
vt 0.220484 0.518344
vt 0.047267 0.165657
vt 0.791318 0.164520
vt 0.221636 0.526785
vt 0.222228 0.530964
vt 0.222404 0.532198
vt 0.222427 0.534316
vt 0.222434 0.536450
vt 0.222474 0.538982
vt 0.222644 0.541357
vt 0.223029 0.543065
vt 0.319309 0.765303
vt 0.025004 0.211685
vt 0.320126 0.766908
vt 0.771000 0.042739
vt 0.320929 0.768483
vt 0.044760 0.113306
vt 0.773419 0.042736
vt 0.776349 0.042248
vt 0.780376 0.041886
vt 0.697075 0.258519
vt 0.786140 0.042000
vt 0.716774 0.307873
vt 0.792618 0.042854
vt 0.789547 0.775129
vt 0.798197 0.044305
vt 0.785702 0.778975
vt 0.697519 0.752879
vt 0.701190 0.257030
vt 0.780999 0.783678
vt 0.776139 0.788538
vt 0.701164 0.802973
vt 0.720744 0.306023
vt 0.771909 0.792767
vt 0.767716 0.796961
vt 0.265170 0.745586
vt 0.700528 0.704702
vt 0.356275 0.729461
vt 0.267591 0.745597
vt 0.702335 0.752152
vt 0.356049 0.730888
vt 0.355730 0.732904
vt 0.915371 0.152830
vt 0.917754 0.153393
vt 0.709640 0.705005
vt 0.711445 0.752393
vt 0.920746 0.153733
vt 0.923317 0.153862
vt 0.925019 0.153867
vt 0.507102 0.270991
vt 0.777343 0.211664
vt 0.793421 0.165491
vt 0.790050 0.922021
vt 0.090922 0.704139
vt 0.793019 0.922029
vt 0.795465 0.922009
vt 0.037050 0.213044
vt 0.798140 0.921818
vt 0.800327 0.921202
vt 0.478829 0.621335
vt 0.480096 0.622601
vt 0.481829 0.624334
vt 0.903192 0.766394
vt 0.906027 0.766405
vt 0.910528 0.766697
vt 0.916942 0.767834
vt 0.924121 0.770138
vt 0.339346 0.129873
vt 0.930475 0.773280
vt 0.334310 0.132439
vt 0.329120 0.135083
vt 0.325193 0.137084
vt 0.184825 0.351961
vt 0.323290 0.138054
vt 0.184538 0.352875
vt 0.699041 0.257859
vt 0.185169 0.368941
vt 0.718678 0.307060
vt 0.186126 0.385194
vt 0.187774 0.405183
vt 0.190148 0.427011
vt 0.697309 0.704791
vt 0.699121 0.752409
vt 0.193176 0.449046
vt 0.196752 0.470124
vt 0.702754 0.802347
vt 0.200673 0.489344
vt 0.704495 0.704787
vt 0.204545 0.505767
vt 0.706299 0.752176
vt 0.207876 0.518503
vt 0.210241 0.526929
vt 0.211457 0.531099
vt 0.211819 0.532331
vt 0.715097 0.752691
vt 0.211864 0.534449
vt 0.211876 0.536583
vt 0.211956 0.539115
vt 0.212303 0.541488
vt 0.309462 0.770709
vt 0.213096 0.543190
vt 0.310474 0.771721
vt 0.311748 0.772995
vt 0.771112 0.051657
vt 0.312998 0.774245
vt 0.716872 0.651032
vt 0.770524 0.266033
vt 0.773531 0.051654
vt 0.776454 0.050650
vt 0.780477 0.049907
vt 0.719011 0.629106
vt 0.771713 0.288304
vt 0.786242 0.050149
vt 0.773693 0.297145
vt 0.776479 0.304696
vt 0.792732 0.051919
vt 0.783690 0.767068
vt 0.778845 0.769537
vt 0.194854 0.967360
vt 0.780069 0.311076
vt 0.772919 0.772556
vt 0.766794 0.775677
vt 0.194854 0.955867
vt 0.789942 0.320321
vt 0.194854 0.948737
vt 0.796394 0.322887
vt 0.761465 0.778392
vt 0.194854 0.940886
vt 0.803747 0.323292
vt 0.756181 0.781084
vt 0.265324 0.763438
vt 0.337607 0.723395
vt 0.267745 0.763453
vt 0.336951 0.724683
vt 0.512709 0.922121
vt 0.915534 0.171678
vt 0.336025 0.726502
vt 0.512991 0.943263
vt 0.335083 0.728350
vt 0.917921 0.172831
vt 0.920917 0.173523
vt 0.923489 0.173782
vt 0.925190 0.173787
vt 0.507102 0.292889
vt 0.967471 0.779550
vt 0.962592 0.091586
vt 0.070579 0.700657
vt 0.907329 0.373466
vt 0.804271 0.237567
vt 0.579641 0.913726
vt 0.806479 0.240791
vt 0.790361 0.937417
vt 0.839945 0.937071
vt 0.070027 0.704139
vt 0.798706 0.252207
vt 0.793331 0.937424
vt 0.836975 0.937071
vt 0.795776 0.937394
vt 0.834530 0.937043
vt 0.799661 0.268019
vt 0.806456 0.275583
vt 0.798450 0.937119
vt 0.831862 0.936828
vt 0.819377 0.289800
vt 0.800632 0.936244
vt 0.829702 0.936154
vt 0.466830 0.637850
vt 0.468426 0.638663
vt 0.822583 0.307305
vt 0.820019 0.315221
vt 0.470609 0.639776
vt 0.903477 0.780459
vt 0.855569 0.226338
vt 0.812942 0.324211
vt 0.906311 0.780469
vt 0.858404 0.226335
vt 0.910815 0.780879
vt 0.862919 0.226030
vt 0.803782 0.327518
vt 0.917238 0.782481
vt 0.869384 0.224816
vt 0.795151 0.327041
vt 0.924436 0.785739
vt 0.332803 0.109736
vt 0.876666 0.222336
vt 0.787718 0.324097
vt 0.781511 0.319510
vt 0.883160 0.218946
vt 0.327221 0.110621
vt 0.321467 0.111532
vt 0.776482 0.313617
vt 0.035723 0.315006
vt 0.317115 0.112221
vt 0.772518 0.306585
vt 0.034270 0.308464
vt 0.165072 0.352439
vt 0.165500 0.201452
vt 0.315005 0.112555
vt 0.164665 0.353356
vt 0.165267 0.200503
vt 0.165551 0.369416
vt 0.167271 0.184568
vt 0.766242 0.278262
vt 0.032568 0.281071
vt 0.166901 0.385659
vt 0.169643 0.168490
vt 0.766154 0.265887
vt 0.032961 0.268817
vt 0.169227 0.405631
vt 0.173068 0.148778
vt 0.809794 0.243225
vt 0.702698 0.981790
vt 0.875461 0.371817
vt 0.172581 0.427436
vt 0.177426 0.127328
vt 0.176863 0.449441
vt 0.182507 0.105757
vt 0.803484 0.266258
vt 0.874180 0.348201
vt 0.063108 0.963947
vt 0.181922 0.470483
vt 0.188099 0.085212
vt 0.187470 0.489664
vt 0.193909 0.066565
vt 0.192949 0.506048
vt 0.199436 0.050700
vt 0.197664 0.518750
vt 0.204075 0.038440
vt 0.201012 0.527152
vt 0.207318 0.030349
vt 0.202733 0.531310
vt 0.208973 0.026351
vt 0.048951 0.908366
vt 0.203246 0.532539
vt 0.209464 0.025170
vt 0.203308 0.534656
vt 0.209687 0.023065
vt 0.203325 0.536790
vt 0.209877 0.020939
vt 0.048951 0.931618
vt 0.030959 0.316787
vt 0.203437 0.539321
vt 0.210172 0.018425
vt 0.203928 0.541690
vt 0.302780 0.779905
vt 0.210741 0.016105
vt 0.211736 0.014512
vt 0.304056 0.780555
vt 0.305661 0.781373
vt 0.771287 0.058879
vt 0.714553 0.014829
vt 0.307236 0.782176
vt 0.028019 0.268698
vt 0.773706 0.058876
vt 0.716972 0.014829
vt 0.776619 0.057456
vt 0.719856 0.015913
vt 0.780634 0.056404
vt 0.723850 0.016712
vt 0.786402 0.056750
vt 0.729627 0.016441
vt 0.055455 0.973415
vt 0.792910 0.059260
vt 0.736190 0.014512
vt 0.780611 0.757591
vt 0.775240 0.758442
vt 0.768671 0.759482
vt 0.894647 0.041859
vt 0.761882 0.760557
vt 0.755974 0.761493
vt 0.750117 0.762421
vt 0.265617 0.777898
vt 0.014512 0.887128
vt 0.321728 0.711858
vt 0.268038 0.777916
vt 0.016934 0.887119
vt 0.320706 0.712880
vt 0.319263 0.714323
vt 0.651479 0.937281
vt 0.317796 0.715790
vt 0.918239 0.188576
vt 0.649040 0.938524
vt 0.921241 0.189553
vt 0.646013 0.939265
vt 0.923815 0.189917
vt 0.643429 0.939538
vt 0.945937 0.495092
vt 0.301059 0.859909
vt 0.517507 0.311860
vt 0.718638 0.181575
vt 0.859582 0.372694
vt 0.703663 0.965346
vt 0.064107 0.980391
vt 0.858296 0.347291
vt 0.713300 0.156411
vt 0.720121 0.149663
vt 0.056443 0.980391
vt 0.734110 0.135926
vt 0.903833 0.023717
vt 0.065395 0.916896
vt 0.701988 0.096918
vt 0.065395 0.924371
vt 0.695215 0.101300
vt 0.065395 0.930644
vt 0.689648 0.107106
vt 0.676651 0.155122
vt 0.716273 0.184584
vt 0.710518 0.153698
vt 0.718126 0.146146
vt 0.731199 0.133399
vt 0.734840 0.117739
vt 0.732816 0.110408
vt 0.726931 0.102036
vt 0.718944 0.098600
vt 0.711028 0.098510
vt 0.704029 0.100773
vt 0.698074 0.104635
vt 0.693110 0.109819
vt 0.702087 0.611653
vt 0.689043 0.116207
vt 0.685787 0.123800
vt 0.700505 0.619022
vt 0.683321 0.132709
vt 0.699112 0.627754
vt 0.681690 0.143109
vt 0.697912 0.638026
vt 0.712854 0.187008
vt 0.906364 0.357022
vt 0.564112 0.913494
vt 0.561634 0.928559
vt 0.704222 0.172706
vt 0.706791 0.151906
vt 0.564311 0.948995
vt 0.969276 0.941817
vt 0.960073 0.941817
vt 0.528530 0.943207
vt 0.727377 0.131743
vt 0.730503 0.118107
vt 0.527417 0.929789
vt 0.728686 0.111714
vt 0.528283 0.923306
vt 0.723777 0.104700
vt 0.530465 0.916023
vt 0.178410 0.934206
vt 0.178410 0.948592
vt 0.178410 0.955386
vt 0.710165 0.603436
vt 0.178410 0.961293
vt 0.178410 0.966386
vt 0.708330 0.607868
vt 0.706676 0.613543
vt 0.703855 0.628840
vt 0.702695 0.638766
vt 0.701744 0.650495
vt 0.572650 0.912815
vt 0.906011 0.366490
vt 0.570137 0.928099
vt 0.572880 0.948969
vt 0.969642 0.951285
vt 0.960337 0.951285
vt 0.518918 0.929347
vt 0.519768 0.923011
vt 0.521883 0.915946
vt 0.187878 0.934518
vt 0.187878 0.941270
vt 0.187878 0.948540
vt 0.187878 0.961014
vt 0.187878 0.966029
vt 0.717385 0.608582
vt 0.715752 0.614189
vt 0.714275 0.621075
vt 0.712954 0.629362
vt 0.804994 0.238930
vt 0.581217 0.914864
vt 0.578961 0.928509
vt 0.796556 0.251359
vt 0.581217 0.946142
vt 0.797779 0.269431
vt 0.805003 0.277487
vt 0.511394 0.944347
vt 0.817426 0.291101
vt 0.820307 0.307000
vt 0.510095 0.928940
vt 0.817938 0.314196
vt 0.511062 0.921510
vt 0.513677 0.912815
vt 0.811671 0.322177
vt 0.803545 0.325082
vt 0.795649 0.324646
vt 0.788779 0.321920
vt 0.783027 0.317663
vt 0.778326 0.312149
vt 0.774577 0.305492
vt 0.771694 0.297684
vt 0.769662 0.288612
vt 0.768533 0.278105
vt 0.768448 0.265963
vt 0.703663 0.984738
vt 0.807957 0.242181
vt 0.807909 0.274187
vt 0.056443 0.960999
vt 0.821199 0.288851
vt 0.046002 0.924371
vt 0.036156 0.321691
vt 0.780767 0.320891
vt 0.775495 0.314717
vt 0.034113 0.316139
vt 0.030849 0.281279
vt 0.031248 0.268853
vt 0.055455 0.967974
vt 0.889497 0.041818
vt 0.862687 0.371791
vt 0.702698 0.968294
vt 0.898616 0.041882
vt 0.062446 0.908366
vt 0.687661 0.106373
vt 0.062446 0.931618
vt 0.018606 0.315655
vt 0.858132 0.373933
vt 0.717848 0.182828
vt 0.710621 0.170930
vt 0.855907 0.361692
vt 0.719488 0.148141
vt 0.905306 0.024851
vt 0.733088 0.134825
vt 0.737130 0.117586
vt 0.903442 0.041866
vt 0.905992 0.059793
vt 0.728299 0.100092
vt 0.710645 0.096090
vt 0.696646 0.102692
vt 0.691336 0.108234
vt 0.687036 0.114981
vt 0.681081 0.132126
vt 0.679406 0.142800
vt 0.678727 0.155132
vt 0.907329 0.354074
vt 0.714732 0.185930
vt 0.716743 0.144716
vt 0.959350 0.938868
vt 0.729426 0.132389
vt 0.175461 0.933355
vt 0.725543 0.103521
vt 0.175461 0.940886
vt 0.718307 0.100432
vt 0.175461 0.948737
vt 0.710936 0.100348
vt 0.705267 0.606833
vt 0.694048 0.111039
vt 0.702029 0.619822
vt 0.700672 0.628331
vt 0.698533 0.650258
vt 0.906011 0.361049
vt 0.567654 0.913024
vt 0.565141 0.928308
vt 0.567883 0.949178
vt 0.969642 0.945844
vt 0.960337 0.945844
vt 0.524996 0.942713
vt 0.523912 0.929603
vt 0.526877 0.916202
vt 0.182437 0.934518
vt 0.182437 0.941270
vt 0.182437 0.948540
vt 0.182437 0.955209
vt 0.182437 0.961014
vt 0.182437 0.966029
vt 0.712239 0.608364
vt 0.710606 0.613972
vt 0.709130 0.620857
vt 0.707808 0.629144
vt 0.706655 0.639016
vt 0.576505 0.912976
vt 0.906364 0.370518
vt 0.574027 0.928041
vt 0.576704 0.948477
vt 0.969276 0.955312
vt 0.960073 0.955312
vt 0.516142 0.942572
vt 0.515029 0.929154
vt 0.515895 0.922671
vt 0.518077 0.915388
vt 0.191905 0.934206
vt 0.191905 0.948592
vt 0.191905 0.961293
vt 0.782101 0.310317
vt 0.191905 0.966386
vt 0.721093 0.608407
vt 0.778627 0.304141
vt 0.719439 0.614083
vt 0.775911 0.296777
vt 0.717949 0.621033
vt 0.773971 0.288105
vt 0.716618 0.629379
vt 0.715458 0.639305
vt 0.714507 0.651034
vt 0.797050 0.258183
vt 0.864274 0.355693
vt 0.707128 0.164890
vt 0.703006 0.165097
vt 0.561717 0.936245
vt 0.570237 0.935917
vt 0.578942 0.935341
vt 0.794935 0.258015
vt 0.705181 0.164956
vt 0.559489 0.936260
vt 0.565240 0.936126
vt 0.514985 0.950330
vt 0.811745 0.284370
vt 0.950854 0.958261
vt 0.814329 0.281568
vt 0.817921 0.279564
vt 0.890150 0.014837
vt 0.046326 0.963947
vt 0.905992 0.015931
vt 0.728474 0.144009
vt 0.047210 0.980391
vt 0.726021 0.140986
vt 0.722537 0.138965
vt 0.530465 0.950128
vt 0.951739 0.941817
vt 0.521915 0.949325
vt 0.952062 0.951285
vt 0.513466 0.951612
vt 0.812627 0.283171
vt 0.815966 0.280396
vt 0.047210 0.960999
vt 0.727646 0.142696
vt 0.724442 0.139766
vt 0.950854 0.938868
vt 0.526910 0.949582
vt 0.952062 0.945844
vt 0.518077 0.949493
vt 0.951739 0.955312
vt 0.527477 0.937617
vt 0.730075 0.125981
vt 0.518970 0.937050
vt 0.510207 0.937580
vt 0.820143 0.298267
vt 0.732276 0.126119
vt 0.523964 0.937306
vt 0.797641 0.263931
vt 0.704231 0.157337
vt 0.562827 0.943843
vt 0.571373 0.943691
vt 0.579878 0.941804
vt 0.795639 0.264680
vt 0.799500 0.263390
vt 0.875853 0.350681
vt 0.855990 0.349919
vt 0.710116 0.159172
vt 0.706321 0.157687
vt 0.560525 0.943378
vt 0.575220 0.943325
vt 0.016651 0.253160
vt 0.674819 0.169653
vt 0.025125 0.253949
vt 0.032225 0.254551
vt 0.677086 0.169463
vt 0.020145 0.253493
vt 0.029003 0.254292
vt 0.685085 0.210455
vt 0.021500 0.211432
vt 0.680817 0.211298
vt 0.030117 0.163243
vt 0.694885 0.259094
vt 0.041237 0.113156
vt 0.714630 0.308560
vt 0.029984 0.212141
vt 0.038611 0.163891
vt 0.049740 0.113762
vt 0.045637 0.165021
vt 0.056732 0.115048
vt 0.815259 0.117802
vt 0.713291 0.705241
vt 0.695699 0.705030
vt 0.687322 0.209932
vt 0.683054 0.210888
vt 0.033631 0.163435
vt 0.033853 0.212564
vt 0.042469 0.164375
vt 0.053589 0.114288
vt 0.038719 0.213451
vt 0.775138 0.210992
vt 0.058326 0.115839
vt 0.813248 0.116628
vt 0.779352 0.212174
vt 0.715648 0.705566
vt 0.717460 0.753184
vt 0.795356 0.166224
vt 0.721093 0.803122
vt 0.817124 0.118684
vt 0.699495 0.638403
vt 0.690153 0.117161
vt 0.703558 0.612694
vt 0.175461 0.962056
vt 0.707178 0.602220
vt 0.698755 0.106119
vt 0.175461 0.955867
vt 0.704362 0.102478
vt 0.730864 0.111109
vt 0.732769 0.117898
vt 0.968277 0.938868
vt 0.708799 0.152610
vt 0.706434 0.172199
vt 0.856837 0.346090
vt 0.712332 0.155231
vt 0.734945 0.109524
vt 0.903970 0.050031
vt 0.719298 0.096187
vt 0.703072 0.098531
vt 0.683633 0.122910
vt 0.860704 0.360937
vt 0.063108 0.977443
vt 0.861406 0.348175
vt 0.055720 0.977443
vt 0.900713 0.022871
vt 0.899189 0.050995
vt 0.901509 0.062163
vt 0.062446 0.887431
vt 0.062446 0.898145
vt 0.062446 0.917378
vt 0.062446 0.925134
vt 0.683063 0.113581
vt 0.017052 0.308667
vt 0.679472 0.121942
vt 0.015989 0.300487
vt 0.676809 0.131552
vt 0.015390 0.291027
vt 0.675079 0.142576
vt 0.015264 0.280118
vt 0.674382 0.155207
vt 0.015666 0.267566
vt 0.702345 0.977763
vt 0.871764 0.371476
vt 0.869818 0.360838
vt 0.062742 0.967974
vt 0.870485 0.348514
vt 0.891630 0.022499
vt 0.890078 0.051078
vt 0.892443 0.062464
vt 0.052978 0.887119
vt 0.052978 0.898042
vt 0.052978 0.908418
vt 0.052978 0.917554
vt 0.052978 0.925413
vt 0.052978 0.931974
vt 0.027106 0.316777
vt 0.025536 0.309719
vt 0.024464 0.301475
vt 0.023861 0.291954
vt 0.023734 0.280992
vt 0.024138 0.268394
vt 0.800675 0.252849
vt 0.875853 0.361291
vt 0.064107 0.960999
vt 0.801432 0.266987
vt 0.824646 0.307544
vt 0.883480 0.041740
vt 0.884034 0.050452
vt 0.821936 0.315993
vt 0.814260 0.325731
vt 0.046002 0.888282
vt 0.804335 0.329334
vt 0.046002 0.898426
vt 0.795161 0.328827
vt 0.046002 0.908221
vt 0.787310 0.325723
vt 0.046002 0.916896
vt 0.032601 0.309339
vt 0.031562 0.301338
vt 0.030973 0.292041
vt 0.191905 0.941167
vt 0.191905 0.955386
vt 0.524762 0.923267
vt 0.705707 0.650699
vt 0.708430 0.171633
vt 0.681025 0.155208
vt 0.696936 0.650052
vt 0.857497 0.361254
vt 0.901835 0.041884
vt 0.902389 0.050597
vt 0.065395 0.888282
vt 0.904583 0.061171
vt 0.728936 0.098699
vt 0.065395 0.898426
vt 0.719185 0.094448
vt 0.065395 0.908221
vt 0.709987 0.094345
vt 0.685176 0.114119
vt 0.681664 0.122298
vt 0.679048 0.131741
vt 0.677341 0.142617
vt 0.702345 0.972322
vt 0.866614 0.371466
vt 0.864668 0.360827
vt 0.062742 0.973415
vt 0.865335 0.348504
vt 0.896780 0.022540
vt 0.895228 0.051118
vt 0.897593 0.062504
vt 0.058419 0.887119
vt 0.058419 0.898042
vt 0.058419 0.908418
vt 0.058419 0.917554
vt 0.058419 0.925413
vt 0.058419 0.931974
vt 0.022126 0.316321
vt 0.020556 0.309263
vt 0.019484 0.301019
vt 0.018881 0.291498
vt 0.018754 0.280536
vt 0.019158 0.267938
vt 0.802872 0.253344
vt 0.873478 0.360963
vt 0.055720 0.963947
vt 0.887939 0.022771
vt 0.823289 0.288183
vt 0.885842 0.041781
vt 0.824096 0.316585
vt 0.886415 0.050894
vt 0.815981 0.326869
vt 0.888735 0.062063
vt 0.048951 0.887431
vt 0.048951 0.898145
vt 0.048951 0.917378
vt 0.033071 0.322524
vt 0.048951 0.925134
vt 0.029404 0.309798
vt 0.028341 0.301619
vt 0.027742 0.292158
vt 0.027616 0.281250
vt 0.769505 0.298430
vt 0.033263 0.300707
vt 0.767401 0.289046
vt 0.032689 0.291633
vt 0.577257 0.928191
vt 0.968277 0.958261
vt 0.579756 0.947442
vt 0.796763 0.270489
vt 0.804305 0.278910
vt 0.959350 0.958261
vt 0.511800 0.929005
vt 0.194854 0.933355
vt 0.515074 0.914242
vt 0.811109 0.320684
vt 0.194854 0.962056
vt 0.784526 0.316308
vt 0.717834 0.639178
vt 0.770607 0.278001
vt 0.520001 0.942457
vt 0.187878 0.955209
vt 0.711800 0.639233
vt 0.710853 0.650916
vt 0.178410 0.941167
vt 0.705186 0.620494
vt 0.709251 0.164864
vt 0.855569 0.355564
vt 0.860317 0.355670
vt 0.869424 0.355704
vt 0.798993 0.258320
vt 0.875486 0.355660
vt 0.574111 0.935727
vt 0.857131 0.355623
vt 0.873091 0.355696
vt 0.577297 0.935516
vt 0.046326 0.977443
vt 0.902924 0.014938
vt 0.046002 0.967974
vt 0.893861 0.014512
vt 0.046002 0.973415
vt 0.899011 0.014553
vt 0.903940 0.032574
vt 0.736429 0.126924
vt 0.899190 0.031776
vt 0.890083 0.031587
vt 0.884022 0.031978
vt 0.824327 0.297680
vt 0.515090 0.936982
vt 0.734258 0.126435
vt 0.902377 0.032123
vt 0.895233 0.031627
vt 0.886416 0.031675
vt 0.826545 0.297530
vt 0.822330 0.297922
vt 0.511882 0.937176
vt 0.860643 0.351177
vt 0.869736 0.351389
vt 0.566377 0.943900
vt 0.708151 0.158292
vt 0.857497 0.350643
vt 0.864586 0.351378
vt 0.801616 0.263021
vt 0.873418 0.351203
vt 0.578333 0.942634
vt 0.656282 0.783855
vt 0.194040 0.133399
vt 0.665333 0.786517
vt 0.203544 0.131888
vt 0.666675 0.788748
vt 0.222914 0.610019
vt 0.205121 0.129820
vt 0.662395 0.781633
vt 0.200093 0.136415
vt 0.229544 0.588614
vt 0.212507 0.108244
vt 0.227372 0.595389
vt 0.210519 0.115101
vt 0.217307 0.078594
vt 0.216131 0.087537
vt 0.203609 0.069349
vt 0.808787 0.653475
vt 0.199014 0.077074
vt 0.652782 0.803148
vt 0.192226 0.113582
vt 0.194483 0.095324
vt 0.802436 0.635143
vt 0.809171 0.655210
vt 0.199926 0.075411
vt 0.207177 0.071243
vt 0.208459 0.073934
vt 0.216163 0.071185
vt 0.233925 0.577695
vt 0.214805 0.097049
vt 0.766154 0.358358
vt 0.232147 0.582080
vt 0.213974 0.101552
vt 0.766154 0.363113
vt 0.227034 0.596648
vt 0.209822 0.116349
vt 0.225438 0.601810
vt 0.208012 0.121550
vt 0.659604 0.778931
vt 0.197006 0.138777
vt 0.654248 0.788411
vt 0.192374 0.128563
vt 0.653987 0.791498
vt 0.192391 0.125431
vt 0.653110 0.801872
vt 0.192448 0.114906
vt 0.410599 0.964303
vt 0.824204 0.358593
vt 0.867965 0.234096
vt 0.409047 0.972260
vt 0.868909 0.241127
vt 0.408856 0.973736
vt 0.868774 0.242462
vt 0.409208 0.971015
vt 0.869024 0.240000
vt 0.409964 0.980804
vt 0.868816 0.249510
vt 0.224944 0.713083
vt 0.863782 0.253718
vt 0.224491 0.710596
vt 0.866204 0.253473
vt 0.829715 0.984830
vt 0.861344 0.252129
vt 0.829897 0.982800
vt 0.860103 0.250148
vt 0.830848 0.975791
vt 0.858678 0.243208
vt 0.830574 0.977662
vt 0.858878 0.245068
vt 0.829853 0.968286
vt 0.860389 0.236425
vt 0.799575 0.501985
vt 0.839620 0.659769
vt 0.866179 0.233075
vt 0.800151 0.499538
vt 0.863758 0.233320
vt 0.799485 0.502153
vt 0.866340 0.233150
vt 0.839620 0.659947
vt 0.862095 0.234233
vt 0.868644 0.660180
vt 0.830269 0.971697
vt 0.859292 0.239520
vt 0.830090 0.981251
vt 0.859631 0.248620
vt 0.225194 0.713929
vt 0.862956 0.253332
vt 0.224402 0.709022
vt 0.867732 0.252345
vt 0.409302 0.977020
vt 0.869016 0.245714
vt 0.409805 0.967430
vt 0.868925 0.236800
vt 0.201895 0.134052
vt 0.193785 0.132682
vt 0.657399 0.781419
vt 0.194960 0.135989
vt 0.654282 0.788217
vt 0.192391 0.128762
vt 0.652530 0.810082
vt 0.192611 0.106591
vt 0.805495 0.644582
vt 0.196605 0.085915
vt 0.810596 0.661634
vt 0.203297 0.069252
vt 0.206734 0.070312
vt 0.215650 0.070349
vt 0.211867 0.070739
vt 0.216027 0.070310
vt 0.230465 0.586228
vt 0.213187 0.105812
vt 0.766154 0.367612
vt 0.217034 0.076832
vt 0.210991 0.071559
vt 0.202844 0.070078
vt 0.193645 0.099863
vt 0.265170 0.806940
vt 0.194344 0.096078
vt 0.802174 0.634391
vt 0.265170 0.806940
vt 0.653129 0.801641
vt 0.192446 0.115140
vt 0.222960 0.609827
vt 0.205201 0.129628
vt 0.410670 0.983432
vt 0.224393 0.708855
vt 0.867894 0.252225
vt 0.824204 0.360706
vt 0.868800 0.236130
vt 0.861323 0.235017
vt 0.829773 0.967403
vt 0.860926 0.235615
vt 0.829921 0.969043
vt 0.859928 0.237120
vt 0.830450 0.973071
vt 0.858963 0.240762
vt 0.860406 0.250633
vt 0.866452 0.253290
vt 0.225280 0.714770
vt 0.862118 0.252943
vt 0.859301 0.247270
vt 0.859619 0.238285
vt 0.800114 0.498726
vt 0.868644 0.661103
vt 0.862932 0.233825
vt 0.839620 0.661455
vt 0.867710 0.233794
vt 0.869008 0.239497
vt 0.868940 0.248736
vt 0.717742 0.789051
vt 0.053552 0.130994
vt 0.715077 0.784443
vt 0.050326 0.135245
vt 0.707030 0.784450
vt 0.042588 0.134184
vt 0.708396 0.781747
vt 0.043512 0.137062
vt 0.702895 0.803574
vt 0.041350 0.114558
vt 0.065121 0.071055
vt 0.065494 0.071015
vt 0.065158 0.088411
vt 0.817810 0.117535
vt 0.059099 0.116184
vt 0.066321 0.077602
vt 0.060499 0.072274
vt 0.057943 0.074670
vt 0.052683 0.070715
vt 0.043023 0.100731
vt 0.727398 0.320051
vt 0.043788 0.096916
vt 0.728709 0.323827
vt 0.703311 0.802053
vt 0.041529 0.116130
vt 0.719564 0.797628
vt 0.056529 0.122673
vt 0.720702 0.803022
vt 0.817474 0.118794
vt 0.058394 0.117439
vt 0.917959 0.373202
vt 0.612396 0.802150
vt 0.912482 0.559241
vt 0.916568 0.366490
vt 0.913583 0.552527
vt 0.916217 0.363770
vt 0.913357 0.549887
vt 0.916407 0.362294
vt 0.913520 0.548607
vt 0.917239 0.357022
vt 0.913625 0.544089
vt 0.917325 0.356702
vt 0.913520 0.543829
vt 0.918030 0.354073
vt 0.725171 0.193184
vt 0.912651 0.541690
vt 0.726109 0.191421
vt 0.910995 0.540971
vt 0.726686 0.188974
vt 0.908596 0.541265
vt 0.906142 0.542920
vt 0.696618 0.976913
vt 0.903513 0.552603
vt 0.696892 0.975042
vt 0.903333 0.550775
vt 0.695896 0.982547
vt 0.904978 0.558068
vt 0.695941 0.982051
vt 0.904680 0.557593
vt 0.815584 0.235232
vt 0.908304 0.561069
vt 0.815127 0.232747
vt 0.612396 0.833561
vt 0.910702 0.560776
vt 0.815112 0.232491
vt 0.612396 0.833252
vt 0.910950 0.560590
vt 0.612396 0.863508
vt 0.906659 0.560330
vt 0.815836 0.236078
vt 0.612396 0.862585
vt 0.907490 0.560708
vt 0.696313 0.979136
vt 0.903912 0.554767
vt 0.696133 0.969583
vt 0.904375 0.546058
vt 0.912492 0.541621
vt 0.916662 0.360485
vt 0.913653 0.547045
vt 0.913458 0.556056
vt 0.704980 0.788512
vt 0.041200 0.129862
vt 0.716440 0.786799
vt 0.051976 0.133071
vt 0.713646 0.781968
vt 0.048594 0.137528
vt 0.820888 0.108369
vt 0.612396 0.760941
vt 0.061886 0.106832
vt 0.819971 0.110756
vt 0.061166 0.109284
vt 0.066545 0.079381
vt 0.826545 0.094345
vt 0.064797 0.092326
vt 0.061382 0.071446
vt 0.053438 0.069985
vt 0.795178 0.358685
vt 0.056402 0.070990
vt 0.795180 0.361958
vt 0.730908 0.330158
vt 0.045072 0.090519
vt 0.732029 0.334018
vt 0.046214 0.086675
vt 0.735322 0.342911
vt 0.048796 0.077755
vt 0.702393 0.810567
vt 0.041861 0.107515
vt 0.702326 0.813050
vt 0.042161 0.105025
vt 0.725922 0.315801
vt 0.735706 0.344646
vt 0.049722 0.076081
vt 0.056798 0.071935
vt 0.065606 0.071899
vt 0.822562 0.104218
vt 0.062747 0.102538
vt 0.612396 0.765440
vt 0.824332 0.099830
vt 0.612396 0.770195
vt 0.063658 0.098000
vt 0.704558 0.791822
vt 0.041267 0.126504
vt 0.703283 0.802286
vt 0.041535 0.115895
vt 0.912738 0.541904
vt 0.612396 0.799569
vt 0.913328 0.556820
vt 0.905896 0.559534
vt 0.696493 0.972322
vt 0.903668 0.548432
vt 0.696493 0.977763
vt 0.903594 0.553433
vt 0.695817 0.966655
vt 0.905734 0.543495
vt 0.695896 0.967537
vt 0.905182 0.544273
vt 0.726020 0.191589
vt 0.911153 0.541039
vt 0.726649 0.188162
vt 0.907770 0.541768
vt 0.906928 0.542164
vt 0.904023 0.547242
vt 0.904227 0.556093
vt 0.912226 0.559632
vt 0.612396 0.831662
vt 0.916662 0.367054
vt 0.913563 0.553082
vt 0.913629 0.544467
vt 0.829656 0.985488
vt 0.225318 0.715142
vt 0.861747 0.252770
vt 0.829921 0.982540
vt 0.859944 0.249895
vt 0.830450 0.978512
vt 0.858969 0.245912
vt 0.726408 0.186980
vt 0.695699 0.965346
vt 0.906555 0.542340
vt 0.695964 0.968294
vt 0.904708 0.544941
vt 0.695699 0.984738
vt 0.815962 0.237293
vt 0.612396 0.863919
vt 0.906290 0.560161
vt 0.695964 0.981790
vt 0.904524 0.557344
vt 0.829656 0.966096
vt 0.799873 0.497543
vt 0.868644 0.659769
vt 0.861723 0.234415
vt 0.409208 0.976457
vt 0.869030 0.245151
vt 0.409878 0.980483
vt 0.868929 0.249178
vt 0.916568 0.361048
vt 0.913657 0.547525
vt 0.917239 0.370517
vt 0.612396 0.799219
vt 0.913442 0.556491
vt 0.918030 0.373465
vt 0.815026 0.231006
vt 0.612396 0.802437
vt 0.612396 0.831461
vt 0.912388 0.559510
vt 0.409878 0.966989
vt 0.824204 0.360993
vt 0.868913 0.236405
vt 0.410670 0.964040
vt 0.798636 0.503749
vt 0.824204 0.358358
vt 0.839620 0.661634
vt 0.867872 0.233870
vt 0.200231 0.136234
vt 0.710825 0.779136
vt 0.045458 0.139990
vt 0.194890 0.135790
vt 0.209603 0.116980
vt 0.703361 0.801641
vt 0.041519 0.116549
vt 0.058168 0.118074
vt 0.192444 0.115555
vt 0.236146 0.572214
vt 0.215843 0.091421
vt 0.195515 0.089732
vt 0.804373 0.640722
vt 0.652560 0.812540
vt 0.799387 0.626365
vt 0.192859 0.104123
vt 0.265170 0.806940
vt 0.737130 0.351068
vt 0.053141 0.069886
vt 0.795180 0.358358
vt 0.915842 0.421019
vt 0.625720 0.232450
vt 0.915640 0.442245
vt 0.608004 0.219579
vt 0.641702 0.920171
vt 0.526739 0.331430
vt 0.925517 0.189922
vt 0.641727 0.939538
vt 0.513868 0.313714
vt 0.300681 0.897344
vt 0.546309 0.340662
vt 0.641702 0.876920
vt 0.565281 0.351068
vt 0.945569 0.402495
vt 0.951405 0.311204
vt 0.546309 0.223218
vt 0.945333 0.420449
vt 0.529627 0.235338
vt 0.339995 0.877856
vt 0.622832 0.328542
vt 0.921883 0.259477
vt 0.638591 0.313714
vt 0.922055 0.301152
vt 0.645358 0.270991
vt 0.922381 0.317287
vt 0.916227 0.402493
vt 0.638591 0.250165
vt 0.945252 0.440658
vt 0.517507 0.252019
vt 0.641727 0.857268
vt 0.587178 0.351068
vt 0.641766 0.841564
vt 0.922381 0.218951
vt 0.608004 0.344301
vt 0.921883 0.281232
vt 0.645358 0.292889
vt 0.915640 0.464095
vt 0.587178 0.212812
vt 0.945333 0.461143
vt 0.511136 0.271630
vt 0.945569 0.479900
vt 0.511136 0.292250
vt 0.915842 0.484430
vt 0.565281 0.212812
vt 0.305061 0.917907
vt 0.305342 0.937053
vt 0.305779 0.952898
vt 0.344514 0.859897
vt 0.344197 0.898060
vt 0.344278 0.918546
vt 0.344514 0.937303
vt 0.955691 0.218946
vt 0.344882 0.952495
vt 0.955721 0.237182
vt 0.955737 0.257500
vt 0.955737 0.277910
vt 0.955721 0.296415
vt 0.305342 0.859897
vt 0.950220 0.495087
vt 0.304965 0.897332
vt 0.949853 0.402490
vt 0.955691 0.311202
vt 0.949617 0.420444
vt 0.344278 0.877851
vt 0.949535 0.440653
vt 0.949617 0.461139
vt 0.949853 0.479895
vt 0.308130 0.877964
vt 0.308130 0.917545
vt 0.308404 0.936228
vt 0.476474 0.776893
vt 0.308830 0.951688
vt 0.347571 0.860887
vt 0.464648 0.793171
vt 0.347261 0.898126
vt 0.347340 0.918115
vt 0.347571 0.936417
vt 0.476474 0.867839
vt 0.347929 0.951241
vt 0.958712 0.219902
vt 0.492751 0.879665
vt 0.958742 0.237697
vt 0.958758 0.257522
vt 0.958758 0.277437
vt 0.567420 0.867839
vt 0.958742 0.295493
vt 0.953268 0.493833
vt 0.551142 0.765067
vt 0.308404 0.860941
vt 0.308036 0.897469
vt 0.958712 0.309923
vt 0.952909 0.403480
vt 0.579246 0.851561
vt 0.952679 0.420999
vt 0.347340 0.878406
vt 0.952599 0.440718
vt 0.952679 0.460707
vt 0.952909 0.479009
vt 0.567420 0.776893
vt 0.310624 0.878793
vt 0.531676 0.760941
vt 0.310624 0.917069
vt 0.493713 0.766954
vt 0.310889 0.935137
vt 0.477971 0.778391
vt 0.350048 0.862202
vt 0.466535 0.794132
vt 0.349748 0.898214
vt 0.460522 0.832095
vt 0.349825 0.917544
vt 0.466535 0.850600
vt 0.350048 0.935244
vt 0.477971 0.866341
vt 0.961143 0.221170
vt 0.493713 0.877778
vt 0.961172 0.238379
vt 0.512218 0.883791
vt 0.961187 0.257551
vt 0.531676 0.883791
vt 0.961187 0.276811
vt 0.550181 0.877778
vt 0.961172 0.294272
vt 0.565922 0.866341
vt 0.310889 0.862330
vt 0.550181 0.766954
vt 0.310533 0.897655
vt 0.512218 0.760941
vt 0.955386 0.404794
vt 0.577359 0.850600
vt 0.955164 0.421737
vt 0.583372 0.832095
vt 0.349825 0.879144
vt 0.460522 0.812637
vt 0.955087 0.440806
vt 0.583372 0.812637
vt 0.955164 0.460137
vt 0.577359 0.794132
vt 0.955386 0.477837
vt 0.565922 0.778391
vt 0.531066 0.764792
vt 0.495483 0.770428
vt 0.480728 0.781148
vt 0.470009 0.795902
vt 0.464373 0.831485
vt 0.470009 0.848830
vt 0.480728 0.863584
vt 0.495483 0.874304
vt 0.512828 0.879940
vt 0.531066 0.879940
vt 0.548411 0.874304
vt 0.563165 0.863584
vt 0.548411 0.770428
vt 0.512828 0.764792
vt 0.573885 0.848830
vt 0.579521 0.831485
vt 0.464373 0.813247
vt 0.579521 0.813247
vt 0.573885 0.795902
vt 0.563165 0.781148
s 1
usemtl mat_cl_cup
f 25/29/1 26/30/2 52/62/3 51/61/4
f 51/61/4 52/62/3 78/94/5 77/93/6
f 77/93/6 78/94/5 105/128/7 104/127/8
f 104/127/8 105/128/7 132/180/9 131/178/10
f 131/179/10 132/181/9 158/213/11 157/212/12
f 157/212/12 158/213/11 184/244/13 183/243/14
f 183/243/14 184/244/13 211/277/15 210/276/16
f 210/276/16 211/277/15 238/311/17 237/310/18
f 237/310/18 238/311/17 265/363/19 264/361/20
f 264/362/20 265/364/19 292/398/21 291/397/22
f 291/397/22 292/398/21 319/431/23 318/430/24
f 318/430/24 319/431/23 346/464/25 345/463/26
f 345/463/26 346/464/25 373/498/27 372/497/28
f 372/497/28 373/498/27 400/550/29 399/548/30
f 399/549/30 400/551/29 426/583/31 425/582/32
f 425/582/32 426/583/31 452/614/33 451/613/34
f 451/613/34 452/614/33 479/647/35 478/646/36
f 478/646/36 479/647/35 506/681/37 505/680/38
f 505/680/38 506/681/37 532/730/39 531/728/40
f 531/729/40 532/731/39 26/30/2 25/29/1
f 2/3/41 3/4/42 29/35/43
f 2/3/41 29/35/43 55/67/44
f 2/3/41 55/67/44 82/101/45
f 2/3/41 82/101/45 109/136/46
f 2/3/41 109/136/46 135/187/47
f 2/3/41 135/187/47 161/218/48
f 2/3/41 161/218/48 188/251/49
f 2/3/41 188/251/49 215/284/50
f 2/3/41 215/284/50 242/319/51
f 2/3/41 242/319/51 269/372/52
f 2/3/41 269/372/52 296/405/53
f 2/3/41 296/405/53 323/438/54
f 2/3/41 323/438/54 350/471/55
f 2/3/41 350/471/55 377/506/56
f 2/3/41 377/506/56 403/557/57
f 2/3/41 403/557/57 429/588/58
f 2/3/41 429/588/58 456/621/59
f 2/3/41 456/621/59 483/654/60
f 2/3/41 483/654/60 509/686/61
f 2/3/41 509/686/61 3/4/42
f 3/4/42 4/5/62 30/36/63 29/35/43
f 29/35/43 30/36/63 56/68/64 55/67/44
f 55/67/44 56/68/64 83/102/65 82/101/45
f 82/101/45 83/102/65 110/137/66 109/136/46
f 109/136/46 110/137/66 136/188/67 135/187/47
f 135/187/47 136/188/67 162/219/68 161/218/48
f 161/218/48 162/219/68 189/252/69 188/251/49
f 188/251/49 189/252/69 216/285/70 215/284/50
f 215/284/50 216/285/70 243/320/71 242/319/51
f 242/319/51 243/320/71 270/373/72 269/372/52
f 269/372/52 270/373/72 297/406/73 296/405/53
f 296/405/53 297/406/73 324/439/74 323/438/54
f 323/438/54 324/439/74 351/472/75 350/471/55
f 350/471/55 351/472/75 378/507/76 377/506/56
f 377/506/56 378/507/76 404/558/77 403/557/57
f 403/557/57 404/558/77 430/589/78 429/588/58
f 429/588/58 430/589/78 457/622/79 456/621/59
f 456/621/59 457/622/79 484/655/80 483/654/60
f 483/654/60 484/655/80 510/687/81 509/686/61
f 509/686/61 510/687/81 4/5/62 3/4/42
f 4/5/62 5/6/82 31/37/83 30/36/63
f 30/36/63 31/37/83 57/69/84 56/68/64
f 56/68/64 57/69/84 84/103/85 83/102/65
f 83/102/65 84/103/85 111/138/86 110/137/66
f 110/137/66 111/138/86 137/189/87 136/188/67
f 136/188/67 137/189/87 163/220/88 162/219/68
f 162/219/68 163/220/88 190/253/89 189/252/69
f 189/252/69 190/253/89 217/286/90 216/285/70
f 216/285/70 217/286/90 244/321/91 243/320/71
f 243/320/71 244/321/91 271/374/92 270/373/72
f 270/373/72 271/374/92 298/407/93 297/406/73
f 297/406/73 298/407/93 325/440/94 324/439/74
f 324/439/74 325/440/94 352/473/95 351/472/75
f 351/472/75 352/473/95 379/508/96 378/507/76
f 378/507/76 379/508/96 405/559/97 404/558/77
f 404/558/77 405/559/97 431/590/98 430/589/78
f 430/589/78 431/590/98 458/623/99 457/622/79
f 457/622/79 458/623/99 485/656/100 484/655/80
f 484/655/80 485/656/100 511/688/101 510/687/81
f 510/687/81 511/688/101 5/6/82 4/5/62
f 5/6/82 6/7/102 32/38/103 31/37/83
f 31/37/83 32/38/103 58/70/104 57/69/84
f 57/69/84 58/70/104 85/105/105 84/103/85
f 84/103/85 85/105/105 112/139/106 111/138/86
f 111/138/86 112/139/106 138/190/107 137/189/87
f 137/189/87 138/190/107 164/221/108 163/220/88
f 163/220/88 164/221/108 191/254/109 190/253/89
f 190/253/89 191/254/109 218/288/110 217/286/90
f 217/286/90 218/288/110 245/322/111 244/321/91
f 244/321/91 245/322/111 272/375/112 271/374/92
f 271/374/92 272/375/112 299/408/113 298/407/93
f 298/407/93 299/408/113 326/441/114 325/440/94
f 325/440/94 326/441/114 353/475/115 352/473/95
f 352/473/95 353/475/115 380/509/116 379/508/96
f 379/508/96 380/509/116 406/560/117 405/559/97
f 405/559/97 406/560/117 432/591/118 431/590/98
f 431/590/98 432/591/118 459/624/119 458/623/99
f 458/623/99 459/624/119 486/658/120 485/656/100
f 485/656/100 486/658/120 512/689/121 511/688/101
f 511/688/101 512/689/121 6/7/102 5/6/82
f 6/8/102 7/9/122 33/40/123 32/39/103
f 32/39/103 33/40/123 59/72/124 58/71/104
f 58/71/104 59/72/124 86/107/125 85/104/105
f 85/105/105 86/106/125 113/141/126 112/139/106
f 112/140/106 113/143/126 139/192/127 138/191/107
f 138/191/107 139/192/127 165/223/128 164/222/108
f 164/222/108 165/223/128 192/256/129 191/255/109
f 191/255/109 192/256/129 219/290/130 218/287/110
f 218/288/110 219/289/130 246/324/131 245/322/111
f 245/323/111 246/326/131 273/377/132 272/376/112
f 272/376/112 273/377/132 300/410/133 299/409/113
f 299/409/113 300/410/133 327/443/134 326/442/114
f 326/442/114 327/443/134 354/477/135 353/474/115
f 353/475/115 354/476/135 381/511/136 380/509/116
f 380/510/116 381/513/136 407/562/137 406/561/117
f 406/561/117 407/562/137 433/593/138 432/592/118
f 432/592/118 433/593/138 460/626/139 459/625/119
f 459/625/119 460/626/139 487/660/140 486/657/120
f 486/658/120 487/659/140 513/691/141 512/689/121
f 512/690/121 513/693/141 7/9/122 6/8/102
f 7/9/122 8/10/142 34/41/143 33/40/123
f 33/40/123 34/41/143 60/73/144 59/72/124
f 59/72/124 60/73/144 87/108/145 86/107/125
f 86/107/125 87/108/145 114/144/146 113/142/126
f 113/143/126 114/145/146 140/193/147 139/192/127
f 139/192/127 140/193/147 166/224/148 165/223/128
f 165/223/128 166/224/148 193/257/149 192/256/129
f 192/256/129 193/257/149 220/291/150 219/290/130
f 219/290/130 220/291/150 247/327/151 246/325/131
f 246/326/131 247/328/151 274/378/152 273/377/132
f 273/377/132 274/378/152 301/411/153 300/410/133
f 300/410/133 301/411/153 328/444/154 327/443/134
f 327/443/134 328/444/154 355/478/155 354/477/135
f 354/477/135 355/478/155 382/514/156 381/512/136
f 381/513/136 382/515/156 408/563/157 407/562/137
f 407/562/137 408/563/157 434/594/158 433/593/138
f 433/593/138 434/594/158 461/627/159 460/626/139
f 460/626/139 461/627/159 488/661/160 487/660/140
f 487/660/140 488/661/160 514/694/161 513/692/141
f 513/693/141 514/695/161 8/10/142 7/9/122
f 8/10/142 9/11/162 35/42/163 34/41/143
f 34/41/143 35/42/163 61/74/164 60/73/144
f 60/73/144 61/74/164 88/109/165 87/108/145
f 87/108/145 88/109/165 115/146/166 114/144/146
f 114/145/146 115/147/166 141/194/167 140/193/147
f 140/193/147 141/194/167 167/225/168 166/224/148
f 166/224/148 167/225/168 194/258/169 193/257/149
f 193/257/149 194/258/169 221/292/170 220/291/150
f 220/291/150 221/292/170 248/329/171 247/327/151
f 247/328/151 248/330/171 275/379/172 274/378/152
f 274/378/152 275/379/172 302/412/173 301/411/153
f 301/411/153 302/412/173 329/445/174 328/444/154
f 328/444/154 329/445/174 356/479/175 355/478/155
f 355/478/155 356/479/175 383/516/176 382/514/156
f 382/515/156 383/517/176 409/564/177 408/563/157
f 408/563/157 409/564/177 435/595/178 434/594/158
f 434/594/158 435/595/178 462/628/179 461/627/159
f 461/627/159 462/628/179 489/662/180 488/661/160
f 488/661/160 489/662/180 515/696/181 514/694/161
f 514/695/161 515/697/181 9/11/162 8/10/142
f 9/11/162 10/12/182 36/43/183 35/42/163
f 35/42/163 36/43/183 62/75/184 61/74/164
f 61/74/164 62/75/184 89/110/185 88/109/165
f 88/109/165 89/110/185 116/148/186 115/146/166
f 115/147/166 116/149/186 142/195/187 141/194/167
f 141/194/167 142/195/187 168/226/188 167/225/168
f 167/225/168 168/226/188 195/259/189 194/258/169
f 194/258/169 195/259/189 222/293/190 221/292/170
f 221/292/170 222/293/190 249/331/191 248/329/171
f 248/330/171 249/332/191 276/380/192 275/379/172
f 275/379/172 276/380/192 303/413/193 302/412/173
f 302/412/173 303/413/193 330/446/194 329/445/174
f 329/445/174 330/446/194 357/480/195 356/479/175
f 356/479/175 357/480/195 384/518/196 383/516/176
f 383/517/176 384/519/196 410/565/197 409/564/177
f 409/564/177 410/565/197 436/596/198 435/595/178
f 435/595/178 436/596/198 463/629/199 462/628/179
f 462/628/179 463/629/199 490/663/200 489/662/180
f 489/662/180 490/663/200 516/698/201 515/696/181
f 515/697/181 516/699/201 10/12/182 9/11/162
f 10/12/182 11/13/202 37/44/203 36/43/183
f 36/43/183 37/44/203 63/76/204 62/75/184
f 62/75/184 63/76/204 90/111/205 89/110/185
f 89/110/185 90/111/205 117/150/206 116/148/186
f 116/149/186 117/151/206 143/196/207 142/195/187
f 142/195/187 143/196/207 169/227/208 168/226/188
f 168/226/188 169/227/208 196/260/209 195/259/189
f 195/259/189 196/260/209 223/294/210 222/293/190
f 222/293/190 223/294/210 250/333/211 249/331/191
f 249/332/191 250/334/211 277/381/212 276/380/192
f 276/380/192 277/381/212 304/414/213 303/413/193
f 303/413/193 304/414/213 331/447/214 330/446/194
f 330/446/194 331/447/214 358/481/215 357/480/195
f 357/480/195 358/481/215 385/520/216 384/518/196
f 384/519/196 385/521/216 411/566/217 410/565/197
f 410/565/197 411/566/217 437/597/218 436/596/198
f 436/596/198 437/597/218 464/630/219 463/629/199
f 463/629/199 464/630/219 491/664/220 490/663/200
f 490/663/200 491/664/220 517/700/221 516/698/201
f 516/699/201 517/701/221 11/13/202 10/12/182
f 11/13/202 12/14/222 38/45/223 37/44/203
f 37/44/203 38/45/223 64/77/224 63/76/204
f 63/76/204 64/77/224 91/112/225 90/111/205
f 90/111/205 91/112/225 118/152/226 117/150/206
f 117/151/206 118/153/226 144/197/227 143/196/207
f 143/196/207 144/197/227 170/228/228 169/227/208
f 169/227/208 170/228/228 197/261/229 196/260/209
f 196/260/209 197/261/229 224/295/230 223/294/210
f 223/294/210 224/295/230 251/335/231 250/333/211
f 250/334/211 251/336/231 278/382/232 277/381/212
f 277/381/212 278/382/232 305/415/233 304/414/213
f 304/414/213 305/415/233 332/448/234 331/447/214
f 331/447/214 332/448/234 359/482/235 358/481/215
f 358/481/215 359/482/235 386/522/236 385/520/216
f 385/521/216 386/523/236 412/567/237 411/566/217
f 411/566/217 412/567/237 438/598/238 437/597/218
f 437/597/218 438/598/238 465/631/239 464/630/219
f 464/630/219 465/631/239 492/665/240 491/664/220
f 491/664/220 492/665/240 518/702/241 517/700/221
f 517/701/221 518/703/241 12/14/222 11/13/202
f 12/14/222 13/15/242 39/46/243 38/45/223
f 38/45/223 39/46/243 65/78/244 64/77/224
f 64/77/224 65/78/244 92/113/245 91/112/225
f 91/112/225 92/113/245 119/154/246 118/152/226
f 118/153/226 119/155/246 145/198/247 144/197/227
f 144/197/227 145/198/247 171/229/248 170/228/228
f 170/228/228 171/229/248 198/262/249 197/261/229
f 197/261/229 198/262/249 225/296/250 224/295/230
f 224/295/230 225/296/250 252/337/251 251/335/231
f 251/336/231 252/338/251 279/383/252 278/382/232
f 278/382/232 279/383/252 306/416/253 305/415/233
f 305/415/233 306/416/253 333/449/254 332/448/234
f 332/448/234 333/449/254 360/483/255 359/482/235
f 359/482/235 360/483/255 387/524/256 386/522/236
f 386/523/236 387/525/256 413/568/257 412/567/237
f 412/567/237 413/568/257 439/599/258 438/598/238
f 438/598/238 439/599/258 466/632/259 465/631/239
f 465/631/239 466/632/259 493/666/260 492/665/240
f 492/665/240 493/666/260 519/704/261 518/702/241
f 518/703/241 519/705/261 13/15/242 12/14/222
f 13/15/242 14/16/262 40/47/263 39/46/243
f 39/46/243 40/47/263 66/79/264 65/78/244
f 65/78/244 66/79/264 93/114/265 92/113/245
f 92/113/245 93/114/265 120/156/266 119/154/246
f 119/155/246 120/157/266 146/199/267 145/198/247
f 145/198/247 146/199/267 172/230/268 171/229/248
f 171/229/248 172/230/268 199/263/269 198/262/249
f 198/262/249 199/263/269 226/297/270 225/296/250
f 225/296/250 226/297/270 253/339/271 252/337/251
f 252/338/251 253/340/271 280/384/272 279/383/252
f 279/383/252 280/384/272 307/417/273 306/416/253
f 306/416/253 307/417/273 334/450/274 333/449/254
f 333/449/254 334/450/274 361/484/275 360/483/255
f 360/483/255 361/484/275 388/526/276 387/524/256
f 387/525/256 388/527/276 414/569/277 413/568/257
f 413/568/257 414/569/277 440/600/278 439/599/258
f 439/599/258 440/600/278 467/633/279 466/632/259
f 466/632/259 467/633/279 494/667/280 493/666/260
f 493/666/260 494/667/280 520/706/281 519/704/261
f 519/705/261 520/707/281 14/16/262 13/15/242
f 14/16/262 15/17/282 41/48/283 40/47/263
f 40/47/263 41/48/283 67/80/284 66/79/264
f 66/79/264 67/80/284 94/115/285 93/114/265
f 93/114/265 94/115/285 121/158/286 120/156/266
f 120/157/266 121/159/286 147/200/287 146/199/267
f 146/199/267 147/200/287 173/231/288 172/230/268
f 172/230/268 173/231/288 200/264/289 199/263/269
f 199/263/269 200/264/289 227/298/290 226/297/270
f 226/297/270 227/298/290 254/341/291 253/339/271
f 253/340/271 254/342/291 281/385/292 280/384/272
f 280/384/272 281/385/292 308/418/293 307/417/273
f 307/417/273 308/418/293 335/451/294 334/450/274
f 334/450/274 335/451/294 362/485/295 361/484/275
f 361/484/275 362/485/295 389/528/296 388/526/276
f 388/527/276 389/529/296 415/570/297 414/569/277
f 414/569/277 415/570/297 441/601/298 440/600/278
f 440/600/278 441/601/298 468/634/299 467/633/279
f 467/633/279 468/634/299 495/668/300 494/667/280
f 494/667/280 495/668/300 521/708/301 520/706/281
f 520/707/281 521/709/301 15/17/282 14/16/262
f 15/17/282 16/18/302 42/49/303 41/48/283
f 41/48/283 42/49/303 68/81/304 67/80/284
f 67/80/284 68/81/304 95/116/305 94/115/285
f 94/115/285 95/116/305 122/160/306 121/158/286
f 121/159/286 122/161/306 148/201/307 147/200/287
f 147/200/287 148/201/307 174/232/308 173/231/288
f 173/231/288 174/232/308 201/265/309 200/264/289
f 200/264/289 201/265/309 228/299/310 227/298/290
f 227/298/290 228/299/310 255/343/311 254/341/291
f 254/342/291 255/344/311 282/386/312 281/385/292
f 281/385/292 282/386/312 309/419/313 308/418/293
f 308/418/293 309/419/313 336/452/314 335/451/294
f 335/451/294 336/452/314 363/486/315 362/485/295
f 362/485/295 363/486/315 390/530/316 389/528/296
f 389/529/296 390/531/316 416/571/317 415/570/297
f 415/570/297 416/571/317 442/602/318 441/601/298
f 441/601/298 442/602/318 469/635/319 468/634/299
f 468/634/299 469/635/319 496/669/320 495/668/300
f 495/668/300 496/669/320 522/710/321 521/708/301
f 521/709/301 522/711/321 16/18/302 15/17/282
f 16/18/302 17/19/322 43/50/323 42/49/303
f 42/49/303 43/50/323 69/82/324 68/81/304
f 68/81/304 69/82/324 96/117/325 95/116/305
f 95/116/305 96/117/325 123/162/326 122/160/306
f 122/161/306 123/163/326 149/202/327 148/201/307
f 148/201/307 149/202/327 175/233/328 174/232/308
f 174/232/308 175/233/328 202/266/329 201/265/309
f 201/265/309 202/266/329 229/300/330 228/299/310
f 228/299/310 229/300/330 256/345/331 255/343/311
f 255/344/311 256/346/331 283/387/332 282/386/312
f 282/386/312 283/387/332 310/420/333 309/419/313
f 309/419/313 310/420/333 337/453/334 336/452/314
f 336/452/314 337/453/334 364/487/335 363/486/315
f 363/486/315 364/487/335 391/532/336 390/530/316
f 390/531/316 391/533/336 417/572/337 416/571/317
f 416/571/317 417/572/337 443/603/338 442/602/318
f 442/602/318 443/603/338 470/636/339 469/635/319
f 469/635/319 470/636/339 497/670/340 496/669/320
f 496/669/320 497/670/340 523/712/341 522/710/321
f 522/711/321 523/713/341 17/19/322 16/18/302
f 17/19/322 18/20/342 44/51/343 43/50/323
f 43/50/323 44/51/343 70/83/344 69/82/324
f 69/82/324 70/83/344 97/118/345 96/117/325
f 96/117/325 97/118/345 124/164/346 123/162/326
f 123/163/326 124/165/346 150/203/347 149/202/327
f 149/202/327 150/203/347 176/234/348 175/233/328
f 175/233/328 176/234/348 203/267/349 202/266/329
f 202/266/329 203/267/349 230/301/350 229/300/330
f 229/300/330 230/301/350 257/347/351 256/345/331
f 256/346/331 257/348/351 284/388/352 283/387/332
f 283/387/332 284/388/352 311/421/353 310/420/333
f 310/420/333 311/421/353 338/454/354 337/453/334
f 337/453/334 338/454/354 365/488/355 364/487/335
f 364/487/335 365/488/355 392/534/356 391/532/336
f 391/533/336 392/535/356 418/573/357 417/572/337
f 417/572/337 418/573/357 444/604/358 443/603/338
f 443/603/338 444/604/358 471/637/359 470/636/339
f 470/636/339 471/637/359 498/671/360 497/670/340
f 497/670/340 498/671/360 524/714/361 523/712/341
f 523/713/341 524/715/361 18/20/342 17/19/322
f 19/22/362 20/23/363 46/54/364 45/53/365
f 45/53/365 46/54/364 72/87/366 71/85/367
f 71/85/367 72/87/366 99/121/368 98/120/369
f 98/120/369 99/121/368 126/168/370 125/167/371
f 125/167/371 126/168/370 152/206/372 151/205/373
f 151/205/373 152/206/372 178/237/374 177/236/375
f 177/236/375 178/237/374 205/270/376 204/269/377
f 204/269/377 205/270/376 232/304/378 231/303/379
f 231/303/379 232/304/378 259/351/380 258/350/381
f 258/350/381 259/351/380 286/391/382 285/390/383
f 285/390/383 286/391/382 313/424/384 312/423/385
f 312/423/385 313/424/384 340/457/386 339/456/387
f 339/456/387 340/457/386 367/491/388 366/490/389
f 366/490/389 367/491/388 394/538/390 393/537/391
f 393/537/391 394/538/390 420/576/392 419/575/393
f 419/575/393 420/576/392 446/607/394 445/606/395
f 445/606/395 446/607/394 473/640/396 472/639/397
f 472/639/397 473/640/396 500/674/398 499/673/399
f 499/673/399 500/674/398 526/718/400 525/717/401
f 525/717/401 526/718/400 20/23/363 19/22/362
f 20/23/363 21/24/402 47/56/403 46/54/364
f 46/55/364 47/57/403 73/89/404 72/86/366
f 72/87/366 73/88/404 100/122/405 99/121/368
f 99/121/368 100/122/405 127/169/406 126/168/370
f 126/168/370 127/169/406 153/207/407 152/206/372
f 152/206/372 153/207/407 179/238/408 178/237/374
f 178/237/374 179/238/408 206/271/409 205/270/376
f 205/270/376 206/271/409 233/305/410 232/304/378
f 232/304/378 233/305/410 260/352/411 259/351/380
f 259/351/380 260/352/411 287/392/412 286/391/382
f 286/391/382 287/392/412 314/425/413 313/424/384
f 313/424/384 314/425/413 341/458/414 340/457/386
f 340/457/386 341/458/414 368/492/415 367/491/388
f 367/491/388 368/492/415 395/539/416 394/538/390
f 394/538/390 395/539/416 421/577/417 420/576/392
f 420/576/392 421/577/417 447/608/418 446/607/394
f 446/607/394 447/608/418 474/641/419 473/640/396
f 473/640/396 474/641/419 501/675/420 500/674/398
f 500/674/398 501/675/420 527/719/421 526/718/400
f 526/718/400 527/719/421 21/24/402 20/23/363
f 21/25/402 22/26/422 48/58/423 47/57/403
f 47/57/403 48/58/423 74/90/424 73/89/404
f 73/89/404 74/90/424 101/124/425 100/123/405
f 100/123/405 101/124/425 128/172/426 127/170/406
f 127/171/406 128/173/426 154/209/427 153/208/407
f 153/208/407 154/209/427 180/240/428 179/239/408
f 179/239/408 180/240/428 207/273/429 206/272/409
f 206/272/409 207/273/429 234/307/430 233/306/410
f 233/306/410 234/307/430 261/355/431 260/353/411
f 260/354/411 261/356/431 288/394/432 287/393/412
f 287/393/412 288/394/432 315/427/433 314/426/413
f 314/426/413 315/427/433 342/460/434 341/459/414
f 341/459/414 342/460/434 369/494/435 368/493/415
f 368/493/415 369/494/435 396/542/436 395/540/416
f 395/541/416 396/543/436 422/579/437 421/578/417
f 421/578/417 422/579/437 448/610/438 447/609/418
f 447/609/418 448/610/438 475/643/439 474/642/419
f 474/642/419 475/643/439 502/677/440 501/676/420
f 501/676/420 502/677/440 528/722/441 527/720/421
f 527/721/421 528/723/441 22/26/422 21/25/402
f 22/26/422 23/27/442 49/59/443 48/58/423
f 48/58/423 49/59/443 75/91/444 74/90/424
f 74/90/424 75/91/444 102/125/445 101/124/425
f 101/124/425 102/125/445 129/174/446 128/172/426
f 128/173/426 129/175/446 155/210/447 154/209/427
f 154/209/427 155/210/447 181/241/448 180/240/428
f 180/240/428 181/241/448 208/274/449 207/273/429
f 207/273/429 208/274/449 235/308/450 234/307/430
f 234/307/430 235/308/450 262/357/451 261/355/431
f 261/356/431 262/358/451 289/395/452 288/394/432
f 288/394/432 289/395/452 316/428/453 315/427/433
f 315/427/433 316/428/453 343/461/454 342/460/434
f 342/460/434 343/461/454 370/495/455 369/494/435
f 369/494/435 370/495/455 397/544/456 396/542/436
f 396/543/436 397/545/456 423/580/457 422/579/437
f 422/579/437 423/580/457 449/611/458 448/610/438
f 448/610/438 449/611/458 476/644/459 475/643/439
f 475/643/439 476/644/459 503/678/460 502/677/440
f 502/677/440 503/678/460 529/724/461 528/722/441
f 528/723/441 529/725/461 23/27/442 22/26/422
f 23/27/442 24/28/462 50/60/463 49/59/443
f 49/59/443 50/60/463 76/92/464 75/91/444
f 75/91/444 76/92/464 103/126/465 102/125/445
f 102/125/445 103/126/465 130/176/466 129/174/446
f 129/175/446 130/177/466 156/211/467 155/210/447
f 155/210/447 156/211/467 182/242/468 181/241/448
f 181/241/448 182/242/468 209/275/469 208/274/449
f 208/274/449 209/275/469 236/309/470 235/308/450
f 235/308/450 236/309/470 263/359/471 262/357/451
f 262/358/451 263/360/471 290/396/472 289/395/452
f 289/395/452 290/396/472 317/429/473 316/428/453
f 316/428/453 317/429/473 344/462/474 343/461/454
f 343/461/454 344/462/474 371/496/475 370/495/455
f 370/495/455 371/496/475 398/546/476 397/544/456
f 397/545/456 398/547/476 424/581/477 423/580/457
f 423/580/457 424/581/477 450/612/478 449/611/458
f 449/611/458 450/612/478 477/645/479 476/644/459
f 476/644/459 477/645/479 504/679/480 503/678/460
f 503/678/460 504/679/480 530/726/481 529/724/461
f 529/725/461 530/727/481 24/28/462 23/27/442
f 24/28/462 25/29/1 51/61/4 50/60/463
f 50/60/463 51/61/4 77/93/6 76/92/464
f 76/92/464 77/93/6 104/127/8 103/126/465
f 103/126/465 104/127/8 131/178/10 130/176/466
f 130/177/466 131/179/10 157/212/12 156/211/467
f 156/211/467 157/212/12 183/243/14 182/242/468
f 182/242/468 183/243/14 210/276/16 209/275/469
f 209/275/469 210/276/16 237/310/18 236/309/470
f 236/309/470 237/310/18 264/361/20 263/359/471
f 263/360/471 264/362/20 291/397/22 290/396/472
f 290/396/472 291/397/22 318/430/24 317/429/473
f 317/429/473 318/430/24 345/463/26 344/462/474
f 344/462/474 345/463/26 372/497/28 371/496/475
f 371/496/475 372/497/28 399/548/30 398/546/476
f 398/547/476 399/549/30 425/582/32 424/581/477
f 424/581/477 425/582/32 451/613/34 450/612/478
f 450/612/478 451/613/34 478/646/36 477/645/479
f 477/645/479 478/646/36 505/680/38 504/679/480
f 504/679/480 505/680/38 531/728/40 530/726/481
f 530/727/481 531/729/40 25/29/1 24/28/462
f 26/31/2 27/32/482 53/64/483 52/63/3
f 52/63/3 53/64/483 79/96/484 78/95/5
f 78/95/5 79/96/484 106/130/485 105/129/7
f 105/129/7 106/130/485 133/183/486 132/182/9
f 132/182/9 133/183/486 159/215/487 158/214/11
f 158/214/11 159/215/487 185/246/488 184/245/13
f 184/245/13 185/246/488 212/279/489 211/278/15
f 211/278/15 212/279/489 239/313/490 238/312/17
f 238/312/17 239/313/490 266/366/491 265/365/19
f 265/365/19 266/366/491 293/400/492 292/399/21
f 292/399/21 293/400/492 320/433/493 319/432/23
f 319/432/23 320/433/493 347/466/494 346/465/25
f 346/465/25 347/466/494 374/500/495 373/499/27
f 373/499/27 374/500/495 401/553/496 400/552/29
f 400/552/29 401/553/496 427/585/497 426/584/31
f 426/584/31 427/585/497 453/616/498 452/615/33
f 452/615/33 453/616/498 480/649/499 479/648/35
f 479/648/35 480/649/499 507/683/500 506/682/37
f 506/682/37 507/683/500 533/733/501 532/732/39
f 532/732/39 533/733/501 27/32/482 26/31/2
f 27/32/482 28/33/502 54/65/503 53/64/483
f 53/64/483 54/65/503 80/97/504 79/96/484
f 79/96/484 80/97/504 107/131/505 106/130/485
f 106/130/485 107/131/505 134/184/506 133/183/486
f 133/183/486 134/184/506 160/216/507 159/215/487
f 159/215/487 160/216/507 186/247/508 185/246/488
f 185/246/488 186/247/508 213/280/509 212/279/489
f 212/279/489 213/280/509 240/314/510 239/313/490
f 239/313/490 240/314/510 267/367/511 266/366/491
f 266/366/491 267/367/511 294/401/512 293/400/492
f 293/400/492 294/401/512 321/434/513 320/433/493
f 320/433/493 321/434/513 348/467/514 347/466/494
f 347/466/494 348/467/514 375/501/515 374/500/495
f 374/500/495 375/501/515 402/554/516 401/553/496
f 401/553/496 402/554/516 428/586/517 427/585/497
f 427/585/497 428/586/517 454/617/518 453/616/498
f 453/616/498 454/617/518 481/650/519 480/649/499
f 480/649/499 481/650/519 508/684/520 507/683/500
f 507/683/500 508/684/520 534/734/521 533/733/501
f 533/733/501 534/734/521 28/33/502 27/32/482
f 18/21/342 19/22/362 45/53/365 44/52/343
f 44/52/343 45/53/365 71/85/367 70/84/344
f 70/84/344 71/85/367 98/120/369 97/119/345
f 97/119/345 98/120/369 125/167/371 124/166/346
f 124/166/346 125/167/371 151/205/373 150/204/347
f 150/204/347 151/205/373 177/236/375 176/235/348
f 176/235/348 177/236/375 204/269/377 203/268/349
f 203/268/349 204/269/377 231/303/379 230/302/350
f 230/302/350 231/303/379 258/350/381 257/349/351
f 257/349/351 258/350/381 285/390/383 284/389/352
f 284/389/352 285/390/383 312/423/385 311/422/353
f 311/422/353 312/423/385 339/456/387 338/455/354
f 338/455/354 339/456/387 366/490/389 365/489/355
f 365/489/355 366/490/389 393/537/391 392/536/356
f 392/536/356 393/537/391 419/575/393 418/574/357
f 418/574/357 419/575/393 445/606/395 444/605/358
f 444/605/358 445/606/395 472/639/397 471/638/359
f 471/638/359 472/639/397 499/673/399 498/672/360
f 498/672/360 499/673/399 525/717/401 524/716/361
f 524/716/361 525/717/401 19/22/362 18/21/342
f 28/34/502 1/1/522 602/821/523 54/66/503
f 54/66/503 602/821/523 675/912/524 80/98/504
f 80/98/504 675/912/524 81/99/525 107/132/505
f 107/132/505 81/99/525 108/133/526 134/185/506
f 134/186/506 108/134/526 930/1295/527 160/217/507
f 160/217/507 930/1295/527 1000/1385/528 186/248/508
f 186/248/508 1000/1385/528 187/249/529 213/281/509
f 213/281/509 187/249/529 214/282/530 240/315/510
f 240/315/510 214/282/530 241/316/531 267/368/511
f 267/369/511 241/317/531 268/370/532 294/402/512
f 294/402/512 268/370/532 295/403/533 321/435/513
f 321/435/513 295/403/533 322/436/534 348/468/514
f 348/468/514 322/436/534 349/469/535 375/502/515
f 375/502/515 349/469/535 376/503/536 402/555/516
f 402/556/516 376/504/536 1698/2395/537 428/587/517
f 428/587/517 1698/2395/537 1761/2476/538 454/618/518
f 454/618/518 1761/2476/538 455/619/539 481/651/519
f 481/651/519 455/619/539 482/652/540 508/685/520
f 508/685/520 482/652/540 1984/2765/541 534/735/521
f 534/736/521 1984/2766/541 1/1/522 28/34/502
f 1108/1534/542 885/1215/543 559/767/544 574/785/545
f 1535/2138/546 853/1163/547 558/765/548 573/784/549
f 1049/1452/550 817/1102/551 556/763/552 571/782/553
f 943/1316/554 715/965/555 550/757/556 564/773/557
f 918/1270/558 660/892/559 1240/1709/560 563/772/561
f 715/965/555 918/1269/558 563/771/561 550/757/556
f 1644/2289/562 943/1315/554 564/774/557 1236/1704/563
f 817/1102/551 1017/1410/564 569/779/565 556/763/552
f 853/1162/547 1049/1452/550 571/782/553 558/766/548
f 885/1215/543 1535/2138/546 573/784/549 559/767/544
f 660/892/559 1108/1534/542 574/785/545 1240/1709/560
f 574/785/545 559/767/544 1315/1844/566 648/878/567
f 648/878/567 1315/1844/566 605/826/568 650/881/569
f 2456/3512/570 650/881/569 605/826/568 2455/3510/571 2407/3416/570
f 573/784/549 558/765/548 1320/1850/572 641/870/573
f 641/870/573 1320/1850/572 1321/1852/574 643/872/575
f 2410/3423/576 643/872/575 1321/1852/574 2409/3420/577 2408/3418/578
f 571/782/553 556/763/552 596/814/579 634/863/580
f 634/863/580 596/814/579 597/815/581 636/865/582
f 636/865/582 597/815/581 1282/1787/583 638/867/584
f 2412/3427/585 638/867/584 1282/1787/583 2464/3524/586 2411/3425/587
f 569/780/565 1233/1700/588 591/806/589 1243/1715/590
f 1243/1715/590 591/806/589 1286/1794/591 629/856/592
f 629/856/592 1286/1794/591 1289/1800/593 632/860/594
f 2588/3766/595 632/860/594 1289/1800/593 2413/3429/596 2414/3430/597
f 2463/3523/598 1252/1732/599 1296/1812/600 2462/3522/601
f 1256/1738/602 1300/1816/603 1303/1820/604 621/848/605
f 564/773/557 550/757/556 576/787/606 1261/1745/607
f 1261/1745/607 576/787/606 578/789/608 1263/1751/609
f 2416/3432/610 1264/1752/611 1307/1829/612 2589/3768/613 2458/3516/614
f 1267/1758/615 1311/1836/616 656/887/617 611/834/618
f 611/834/618 656/887/617 654/885/619 613/837/620
f 2590/3769/621 613/837/620 654/885/619 2417/3434/622 2457/3514/623
f 550/757/556 563/771/561 1267/1757/615 576/787/606
f 576/787/606 1267/1757/615 611/835/618 578/789/608
f 578/789/608 611/835/618 613/838/620 1307/1829/612
f 2418/3437/624 2589/3768/613 1307/1829/612 613/838/620 2590/3770/621 2469/3533/624
f 1236/1704/563 564/774/557 1261/1746/607 1298/1814/625
f 1303/1821/604 1264/1752/611 2416/3432/610 2419/3438/626 2459/3518/627
f 1294/1808/628 1256/1738/602 621/848/605 1296/1812/600
f 1296/1812/600 621/848/605 2460/3520/629 2420/3440/630 2421/3441/630 2462/3522/601
f 1233/1700/588 1223/1687/631 1248/1725/632 591/806/589
f 591/806/589 1248/1725/632 1249/1726/633 1286/1794/591
f 1289/1800/593 1252/1732/599 2463/3523/598 2422/3442/634 2413/3429/596
f 556/763/552 569/779/565 1243/1716/590 596/814/579
f 596/814/579 1243/1716/590 629/857/592 597/815/581
f 597/815/581 629/857/592 632/861/594 1282/1787/583
f 2464/3524/586 1282/1787/583 632/861/594 2588/3765/595 2423/3443/635 2424/3446/635
f 558/766/548 571/782/553 634/863/580 1320/1851/572
f 1320/1851/572 634/863/580 636/865/582 1321/1853/574
f 1321/1853/574 636/865/582 638/867/584 2425/3449/636 2426/3451/637 2471/3537/637 2409/3421/577
f 2425/3449/636 638/867/584 2412/3427/585
f 559/767/544 573/784/549 641/870/573 1315/1844/566
f 1315/1844/566 641/870/573 643/872/575 605/826/568
f 2455/3510/571 605/826/568 643/872/575 2410/3423/576 2427/3453/638
f 1240/1709/560 574/785/545 648/878/567 1311/1836/616
f 1311/1836/616 648/878/567 650/881/569 656/887/617
f 2430/3459/639 654/885/639 656/887/639 650/881/639 2456/3512/639 2428/3455/639 2429/3457/639 2470/3535/639
f 2417/3434/622 654/885/619 2430/3459/640
f 1079/1491/641 682/922/642 2580/3751/643 2431/3461/644 2579/3748/645
f 682/923/642 1079/1490/641 1080/1493/646 1669/2337/647
f 1203/1662/648 1202/1660/649 1082/1497/650 1671/2342/651
f 1671/2341/651 1082/1499/650 1085/1502/652 1674/2347/653
f 1135/1565/654 1767/2487/655 1086/1504/656 677/916/657
f 1803/2534/658 1178/1629/659 1493/2087/660 1677/2353/661
f 1679/2359/662 1495/2089/663 1089/1508/664 1681/2362/665
f 1681/2361/665 1089/1510/664 1092/1514/666 1682/2363/667
f 1682/2363/667 1092/1514/666 1094/1516/668 1685/2367/669
f 1685/2367/669 1094/1516/668 1500/2095/670 671/906/671
f 671/906/671 1500/2095/670 1097/1521/672 1688/2373/673
f 1688/2374/673 1097/1520/672 1098/1523/674 1690/2380/675
f 1690/2380/675 1098/1523/674 1101/1527/676 1692/2382/677
f 1692/2382/677 1101/1527/676 1103/1529/678 665/897/679
f 665/897/679 1103/1529/678 1506/2101/680 663/895/681
f 663/895/681 1506/2101/680 1106/1532/682 661/893/683
f 661/893/683 1106/1532/682 1108/1534/542 660/892/559
f 1051/1454/684 855/1166/685 2434/3468/686 2432/3464/687 2433/3466/687 2574/3734/688
f 855/1167/685 1051/1455/684 1053/1457/689 856/1168/690
f 1190/1646/691 1199/1657/692 1055/1459/693 859/1174/694
f 859/1175/694 1055/1460/693 1057/1462/695 861/1177/696
f 1147/1584/697 1158/1602/698 1514/2111/699 862/1178/700
f 1168/1616/701 1177/1628/702 1516/2113/703 864/1180/704
f 864/1180/704 1516/2113/703 1061/1468/705 1703/2402/706
f 1703/2402/706 1061/1468/705 1520/2118/707 868/1187/708
f 868/1188/708 1520/2119/707 1063/1470/709 870/1191/710
f 870/1191/710 1063/1470/709 1522/2122/711 871/1192/712
f 871/1192/712 1522/2122/711 1067/1474/713 1708/2409/714
f 1708/2409/714 1067/1474/713 1069/1476/715 875/1199/716
f 875/1199/716 1069/1476/715 1071/1479/717 876/1200/718
f 876/1201/718 1071/1480/717 1527/2128/719 878/1204/720
f 878/1204/720 1527/2128/719 1073/1482/721 881/1209/722
f 881/1209/722 1073/1482/721 1531/2134/723 883/1212/724
f 883/1212/724 1531/2134/723 1532/2135/725 1715/2418/726
f 1715/2418/726 1532/2135/725 1535/2138/546 885/1215/543
f 2435/3470/727 2472/3539/728 1020/1414/729 820/1105/730 2575/3736/731
f 820/1106/730 1020/1416/729 1021/1417/732 822/1109/733
f 1188/1643/734 1830/2568/735 1349/1889/736 823/1110/737
f 823/1111/737 1349/1888/736 1024/1422/738 825/1114/739
f 1145/1580/740 1156/1597/741 1026/1424/742 828/1118/743
f 1806/2538/744 1781/2508/745 1029/1428/746 830/1121/747
f 830/1121/747 1029/1428/746 1030/1429/748 832/1123/749
f 832/1123/749 1030/1429/748 1342/1880/750 834/1125/751
f 834/1126/751 1342/1879/750 1034/1433/752 836/1129/753
f 836/1129/753 1034/1433/752 1035/1435/754 837/1130/755
f 837/1130/755 1035/1435/754 1038/1439/756 839/1134/757
f 839/1134/757 1038/1439/756 1337/1873/758 840/1135/759
f 840/1135/759 1337/1873/758 1040/1442/760 842/1139/761
f 842/1138/761 1040/1443/760 1335/1871/762 845/1145/763
f 845/1145/763 1335/1871/762 1044/1447/764 847/1150/765
f 847/1150/765 1044/1447/764 1045/1448/766 849/1153/767
f 849/1153/767 1045/1448/766 1330/1865/768 850/1155/769
f 850/1155/769 1330/1865/768 1049/1452/550 853/1162/547
f 2436/3472/770 986/1368/771 784/1058/772 2437/3474/773
f 784/1058/772 986/1368/771 988/1371/774 786/1062/775
f 1186/1640/776 1808/2540/777 991/1375/778 788/1065/779
f 788/1065/779 991/1375/778 993/1377/780 790/1067/781
f 1793/2523/782 1783/2511/783 997/1381/784 795/1073/785
f 795/1073/785 997/1381/784 998/1382/786 797/1077/787
f 797/1077/787 998/1382/786 1001/1387/788 799/1082/789
f 807/1091/635 1007/1394/635 1008/1395/635 809/1093/635
f 809/1093/635 1008/1395/635 1010/1399/635 811/1095/635
f 811/1095/790 1010/1399/791 1369/1915/792 812/1096/793
f 812/1096/793 1369/1915/792 1014/1405/794 1551/2160/795
f 1551/2160/795 1014/1405/794 1016/1408/796 816/1101/797
f 816/1101/797 1016/1408/796 1017/1410/564 817/1102/551
f 2567/3715/798 1373/1923/799 758/1023/800 2566/3712/801 2438/3476/802 2439/3478/802
f 758/1024/800 1373/1922/799 1376/1929/803 1555/2165/804
f 1820/2555/805 1195/1652/806 1377/1930/807 1557/2168/808
f 1557/2167/808 1377/1932/807 1380/1936/809 761/1028/810
f 1796/2526/811 1784/2513/812 1382/1939/813 765/1034/814
f 765/1034/814 1382/1939/813 1384/1943/815 1562/2173/816
f 1565/2176/817 1386/1946/818 972/1350/819 1567/2179/820
f 1567/2179/820 972/1350/819 975/1353/821 1569/2182/822
f 1569/2182/822 975/1353/821 1391/1954/823 772/1042/824
f 772/1042/824 1391/1954/823 978/1357/825 773/1044/826
f 773/1045/826 978/1356/825 1394/1959/827 776/1050/828
f 1573/2187/829 1395/1960/830 981/1362/831 1575/2189/832
f 1575/2189/832 981/1362/831 1399/1964/833 1577/2191/834
f 1577/2191/834 1399/1964/833 1401/1967/835 780/1054/836
f 780/1054/836 1401/1967/835 1403/1969/837 782/1056/838
f 2477/3549/839 1404/1970/840 739/996/841 2568/3717/842 2441/3482/843 2440/3480/843
f 739/997/841 1404/1971/840 1407/1975/844 1583/2200/845
f 1184/1637/846 1811/2543/847 1409/1977/848 1585/2202/849
f 1139/1571/850 1763/2481/851 1413/1982/852 1588/2206/853
f 1607/2230/854 1431/2002/855 960/1336/856 753/1016/857
f 753/1016/857 960/1336/856 1434/2005/858 1609/2233/859
f 2573/3730/860 1440/2011/861 1615/2240/862 2476/3547/863 2442/3484/864 2475/3545/864
f 1615/2241/862 1440/2012/861 921/1277/865 1618/2245/866
f 1182/1635/867 1814/2547/868 1442/2017/869 1619/2246/870
f 1619/2246/870 1442/2017/869 924/1281/871 1621/2251/872
f 1775/2500/873 1151/1589/874 925/1284/875 1623/2255/876
f 1636/2277/877 1458/2040/878 934/1301/879 730/983/880
f 730/982/880 934/1302/879 937/1306/881 1638/2280/882
f 1638/2280/882 937/1306/881 938/1308/883 732/986/884
f 732/987/884 938/1307/883 1464/2049/885 1641/2286/886
f 1641/2286/886 1464/2049/885 942/1313/887 735/991/888
f 735/991/888 942/1313/887 943/1315/554 1644/2289/562
f 2443/3486/889 888/1220/890 685/928/891 2444/3489/892
f 1802/2532/893 1171/1620/894 896/1234/895 694/940/896
f 694/940/896 896/1234/895 1474/2063/897 695/942/898
f 695/942/898 1474/2063/897 898/1237/899 698/947/900
f 698/947/900 898/1237/899 900/1239/901 699/948/902
f 699/948/902 900/1239/901 903/1245/903 702/952/904
f 705/955/624 906/1249/624 908/1252/624 706/956/624
f 706/956/624 908/1252/624 911/1259/624 709/959/624
f 1663/2326/905 1483/2075/906 914/1263/907 1665/2329/908
f 1665/2329/908 914/1263/907 916/1266/909 713/963/910
f 713/963/910 916/1266/909 918/1269/558 715/965/555
f 2445/3491/911 2580/3752/643 682/923/642 888/1220/890 2443/3486/889
f 1815/2548/912 1203/1662/648 1671/2342/651 1470/2057/913
f 1149/1587/914 1135/1565/654 677/916/657 894/1230/915
f 1171/1620/894 1803/2535/658 1677/2354/661 896/1234/895
f 903/1245/903 1685/2368/669 671/907/671 905/1248/916
f 905/1248/916 671/907/671 1688/2375/673 906/1249/917
f 911/1260/918 1692/2382/677 665/897/679 1483/2074/906
f 1483/2074/906 665/897/679 663/895/681 914/1264/907
f 914/1264/907 663/895/681 661/893/683 916/1267/909
f 916/1267/909 661/893/683 660/892/559 918/1270/558
f 1440/2012/861 685/927/891 687/930/919 921/1277/865
f 1442/2016/869 1648/2297/920 690/934/921 924/1282/871
f 1151/1589/874 1137/1568/922 692/936/923 925/1284/875
f 1788/2517/924 1802/2533/893 694/941/896 1447/2023/925
f 1447/2023/925 694/941/896 695/943/898 1448/2024/926
f 1448/2024/926 695/943/898 698/946/900 1451/2028/927
f 1451/2027/927 698/947/900 699/948/902 1452/2030/928
f 1452/2030/928 699/948/902 702/952/904 1454/2034/929
f 934/1302/879 706/956/930 709/959/931 937/1306/881
f 937/1306/881 709/959/931 1663/2326/905 938/1308/883
f 938/1308/883 1663/2326/905 1665/2329/908 1464/2050/885
f 1464/2050/885 1665/2329/908 713/963/910 942/1314/887
f 942/1314/887 713/963/910 715/965/555 943/1316/554
f 2476/3547/863 1615/2240/862 1404/1970/840 2477/3549/839 2447/3496/932
f 1811/2543/847 1182/1635/867 1619/2246/870 1409/1977/848
f 1426/1996/933 1636/2277/877 730/983/880 1428/1998/934
f 1428/1999/934 730/984/880 1638/2281/882 1431/2002/855
f 1431/2002/855 1638/2281/882 732/987/884 960/1336/856
f 960/1336/856 732/987/884 1641/2286/886 1434/2005/858
f 1434/2005/858 1641/2286/886 735/991/888 1435/2006/935
f 1435/2006/935 735/991/888 1644/2289/562 1438/2009/936
f 2568/3717/842 739/996/841 1373/1923/799 2567/3715/798 2448/3498/937
f 1373/1924/799 739/997/841 1583/2200/845 1376/1928/803
f 1195/1653/806 1184/1637/846 1585/2202/849 1377/1931/807
f 1762/2478/938 1139/1571/850 1588/2206/853 1381/1937/939
f 1386/1946/818 1594/2213/940 1597/2217/941 972/1350/819
f 972/1350/819 1597/2217/941 1598/2218/942 975/1353/821
f 1391/1954/823 1601/2221/943 1602/2222/944 978/1357/825
f 978/1357/825 1602/2222/944 1604/2225/945 1394/1958/827
f 1395/1960/830 1607/2230/854 753/1016/857 981/1362/831
f 981/1362/831 753/1016/857 1609/2233/859 1399/1964/833
f 986/1368/771 758/1024/800 1555/2165/804 988/1371/774
f 1808/2540/777 1820/2555/805 1557/2168/808 991/1375/778
f 991/1375/778 1557/2168/808 761/1027/810 993/1377/780
f 1783/2511/783 1796/2526/811 765/1034/814 997/1381/784
f 997/1381/784 765/1034/814 1562/2173/816 998/1382/786
f 998/1382/786 1562/2173/816 1565/2177/817 1001/1387/788
f 1003/1390/946 1569/2183/822 772/1043/824 1364/1909/947
f 1364/1909/947 772/1043/824 773/1046/826 1007/1394/948
f 1007/1394/948 773/1046/826 776/1049/828 1008/1395/949
f 1369/1916/792 1575/2189/832 1577/2191/834 1014/1406/794
f 1014/1406/794 1577/2191/834 780/1054/836 1016/1409/796
f 1016/1409/796 780/1054/836 782/1056/838 1017/1411/564
f 2437/3474/773 784/1058/772 1020/1415/729 2472/3540/728 2450/3502/950
f 1020/1416/729 784/1059/772 786/1061/775 1021/1417/732
f 1830/2568/735 1186/1639/776 788/1064/779 1349/1889/736
f 1349/1890/736 788/1065/779 790/1067/781 1024/1421/738
f 1156/1597/741 1142/1575/951 792/1069/952 1026/1424/742
f 1781/2508/745 1793/2522/782 795/1074/785 1029/1428/746
f 1029/1428/746 795/1074/785 797/1078/787 1030/1429/748
f 1030/1429/748 797/1078/787 799/1081/789 1342/1880/750
f 1342/1881/750 799/1082/789 801/1084/953 1034/1434/752
f 1034/1434/752 801/1084/953 802/1085/954 1035/1436/754
f 1035/1436/754 802/1085/954 804/1088/955 1038/1440/756
f 1038/1440/756 804/1088/955 807/1091/956 1337/1874/758
f 1337/1874/758 807/1091/956 809/1093/957 1040/1443/760
f 1040/1443/760 809/1093/957 811/1095/790 1335/1871/762
f 1335/1871/762 811/1095/790 812/1096/793 1044/1447/764
f 1044/1447/764 812/1096/793 1551/2160/795 1045/1448/766
f 1330/1865/768 816/1101/797 817/1102/551 1049/1452/550
f 2451/3504/958 2575/3736/731 820/1105/730 1051/1454/684 2574/3734/688
f 1051/1455/684 820/1106/730 822/1109/733 1053/1457/689
f 1199/1657/692 1188/1643/734 823/1110/737 1055/1459/693
f 1055/1460/693 823/1111/737 825/1114/739 1057/1462/695
f 1158/1602/698 1145/1580/740 828/1118/743 1514/2111/699
f 1177/1628/702 1806/2538/744 830/1121/747 1516/2113/703
f 1516/2113/703 830/1121/747 832/1123/749 1061/1468/705
f 1061/1468/705 832/1123/749 834/1125/751 1520/2118/707
f 1520/2119/707 834/1126/751 836/1129/753 1063/1470/709
f 1063/1470/709 836/1129/753 837/1130/755 1522/2122/711
f 1522/2122/711 837/1130/755 839/1134/757 1067/1474/713
f 1067/1474/713 839/1134/757 840/1135/759 1069/1476/715
f 1069/1476/715 840/1135/759 842/1139/761 1071/1479/717
f 1071/1480/717 842/1140/761 845/1146/763 1527/2128/719
f 1527/2128/719 845/1146/763 847/1151/765 1073/1482/721
f 1073/1482/721 847/1151/765 849/1154/767 1531/2134/723
f 1531/2134/723 849/1154/767 850/1156/769 1532/2135/725
f 1532/2135/725 850/1156/769 853/1163/547 1535/2138/546
f 855/1166/685 1079/1491/641 2579/3748/645 2452/3506/959 2434/3468/686
f 1079/1492/641 855/1167/685 856/1168/690 1080/1494/646
f 1202/1661/649 1190/1646/691 859/1174/694 1082/1498/650
f 1082/1499/650 859/1175/694 861/1177/696 1085/1502/652
f 1767/2488/655 1147/1584/697 862/1178/700 1086/1503/656
f 1178/1629/659 1168/1616/701 864/1180/704 1493/2087/660
f 1493/2087/660 864/1180/704 1703/2402/706 1495/2090/663
f 1495/2090/663 1703/2402/706 868/1187/708 1089/1509/664
f 1089/1510/664 868/1188/708 870/1191/710 1092/1514/666
f 1092/1514/666 870/1191/710 871/1192/712 1094/1516/668
f 1094/1516/668 871/1192/712 1708/2409/714 1500/2095/670
f 1500/2095/670 1708/2409/714 875/1199/716 1097/1521/672
f 1097/1521/672 875/1199/716 876/1200/718 1098/1522/674
f 1098/1523/674 876/1201/718 878/1204/720 1101/1527/676
f 1101/1527/676 878/1204/720 881/1209/722 1103/1529/678
f 1103/1529/678 881/1209/722 883/1212/724 1506/2101/680
f 1506/2101/680 883/1212/724 1715/2418/726 1106/1532/682
f 1106/1532/682 1715/2418/726 885/1215/543 1108/1534/542
f 1080/1494/646 856/1168/690 1119/1549/960 1133/1563/961
f 1053/1457/689 822/1109/733 1117/1547/962 1131/1561/963
f 1021/1417/732 786/1061/775 1115/1544/964 1129/1559/965
f 921/1277/865 687/930/919 1754/2466/966 1123/1553/967
f 1468/2055/968 1669/2337/647 1110/1537/969 1121/1551/970
f 687/931/919 1468/2055/968 1121/1551/970 1754/2467/966
f 1618/2245/866 921/1277/865 1123/1553/967 1753/2465/971
f 786/1062/775 988/1371/774 1737/2443/972 1115/1545/964
f 822/1109/733 1021/1417/732 1129/1559/965 1117/1547/962
f 856/1168/690 1053/1457/689 1131/1561/963 1119/1549/960
f 1669/2336/647 1080/1494/646 1133/1563/961 1110/1538/969
f 1085/1502/652 861/1177/696 1147/1585/697 1767/2489/655
f 1057/1462/695 825/1114/739 1145/1581/740 1158/1603/698
f 1024/1421/738 790/1067/781 1142/1576/951 1156/1598/741
f 993/1377/780 761/1027/810 1772/2497/973 1155/1596/974
f 1380/1936/809 1587/2205/975 1139/1572/850 1762/2479/938
f 924/1282/871 690/934/921 1137/1569/922 1151/1590/874
f 892/1227/976 1674/2348/653 1135/1565/654 1149/1587/914
f 1621/2252/872 924/1283/871 1151/1591/874 1775/2501/873
f 1587/2205/975 1411/1980/977 1763/2482/851 1139/1572/850
f 761/1028/810 1380/1936/809 1762/2479/938 1772/2496/973
f 825/1114/739 1024/1422/738 1156/1599/741 1145/1581/740
f 861/1177/696 1057/1462/695 1158/1603/698 1147/1585/697
f 1674/2347/653 1085/1502/652 1767/2489/655 1135/1566/654
f 1086/1503/656 862/1178/700 1168/1616/701 1178/1629/659
f 1514/2111/699 828/1118/743 1806/2538/744 1177/1628/702
f 1026/1424/742 792/1069/952 1793/2522/782 1781/2508/745
f 894/1230/915 677/916/657 1803/2535/658 1171/1620/894
f 692/937/923 894/1230/915 1171/1620/894 1802/2532/893
f 828/1118/743 1026/1424/742 1781/2508/745 1806/2538/744
f 862/1178/700 1514/2111/699 1177/1628/702 1168/1616/701
f 677/916/657 1086/1504/656 1178/1630/659 1803/2535/658
f 1133/1563/961 1119/1549/960 1190/1646/691 1202/1661/649
f 1131/1561/963 1117/1547/962 1188/1643/734 1199/1657/692
f 1129/1559/965 1115/1544/964 1186/1639/776 1830/2568/735
f 1739/2445/978 1751/2462/979 1184/1637/846 1195/1653/806
f 1741/2448/980 1753/2465/971 1182/1635/867 1811/2543/847
f 1123/1553/967 1754/2466/966 1824/2560/981 1814/2547/868
f 1121/1551/970 1110/1537/969 1203/1662/648 1815/2548/912
f 1754/2467/966 1121/1551/970 1815/2548/912 1824/2559/981
f 1753/2465/971 1123/1553/967 1814/2547/868 1182/1635/867
f 1751/2462/979 1741/2448/980 1811/2543/847 1184/1637/846
f 1749/2458/982 1739/2445/978 1195/1653/806 1820/2554/805
f 1115/1545/964 1737/2443/972 1808/2540/777 1186/1640/776
f 1117/1547/962 1129/1559/965 1830/2568/735 1188/1643/734
f 1119/1549/960 1131/1561/963 1199/1657/692 1190/1646/691
f 1110/1538/969 1133/1563/961 1202/1661/649 1203/1663/648
f 1644/2289/562 1236/1704/563 1225/1689/983 1438/2009/936
f 1613/2238/984 1234/1701/985 1223/1687/631 1403/1969/837
f 782/1056/838 1233/1700/588 569/780/565 1017/1411/564
f 1403/1969/837 1223/1687/631 1233/1700/588 782/1056/838
f 1438/2009/936 1225/1689/983 1234/1701/985 1613/2238/984
f 1240/1709/560 1311/1836/616 1267/1758/615 563/772/561
f 578/789/608 1307/1829/612 1264/1752/611 1263/1751/609
f 1236/1704/563 1298/1814/625 1254/1735/986 1225/1689/983
f 1298/1814/625 1300/1816/603 1256/1738/602 1254/1735/986
f 621/848/605 1303/1820/604 2459/3519/627 2460/3520/629
f 1234/1701/985 1292/1805/987 1248/1725/632 1223/1687/631
f 1292/1805/987 1294/1808/628 1249/1726/633 1248/1725/632
f 1294/1808/628 1296/1812/600 1252/1732/599 1249/1726/633
f 1249/1726/633 1252/1732/599 1289/1800/593 1286/1794/591
f 1225/1689/983 1254/1735/986 1292/1805/987 1234/1701/985
f 1254/1735/986 1256/1738/602 1294/1808/628 1292/1805/987
f 1261/1746/607 1263/1750/609 1300/1816/603 1298/1814/625
f 1263/1751/609 1264/1752/611 1303/1821/604 1300/1817/603
f 2430/3459/639 654/885/639 656/887/639 650/881/639 2456/3512/639 2428/3455/639 2470/3535/639
f 1493/2087/660 1495/2090/663 1679/2358/662 1677/2353/661
f 888/1220/890 1468/2055/968 687/931/919 685/928/891
f 1815/2548/912 1470/2057/913 1648/2297/920 1824/2559/981
f 1470/2057/913 892/1227/976 690/934/921 1648/2297/920
f 903/1245/903 905/1248/916 1658/2317/988 702/952/904
f 905/1248/916 906/1249/917 705/955/989 1658/2317/988
f 906/1249/624 908/1252/624 706/956/624 705/955/624
f 908/1252/624 911/1259/624 709/959/624 706/956/624
f 911/1259/918 1483/2075/906 1663/2326/905 709/959/931
f 1788/2517/924 1447/2023/925 1625/2258/990 1800/2530/991
f 1447/2023/925 1448/2024/926 1627/2261/992 1625/2258/990
f 1448/2024/926 1451/2028/927 1629/2265/993 1627/2261/992
f 1451/2029/927 1452/2031/928 1630/2267/994 1629/2266/993
f 1452/2031/928 1454/2033/929 725/976/995 1630/2267/994
f 1454/2033/929 1456/2037/996 1634/2274/997 725/976/995
f 1456/2037/996 1458/2040/878 1636/2277/877 1634/2274/997
f 1409/1978/848 1411/1980/977 1587/2205/975 1585/2203/849
f 1787/2516/998 1415/1984/999 1590/2208/1000 1797/2527/1001
f 1415/1984/999 1416/1985/1002 1592/2210/1003 1590/2208/1000
f 1416/1985/1002 1419/1988/1004 1594/2214/940 1592/2210/1003
f 1419/1989/1004 1421/1991/1005 1597/2217/941 1594/2213/940
f 1421/1991/1005 1422/1992/1006 1598/2218/942 1597/2217/941
f 1422/1992/1006 1424/1994/1007 1601/2221/943 1598/2218/942
f 1424/1994/1007 1426/1996/933 1602/2222/944 1601/2221/943
f 1426/1996/933 1428/1998/934 1604/2225/945 1602/2222/944
f 1428/1999/934 1431/2002/855 1607/2230/854 1604/2226/945
f 1434/2005/858 1435/2006/935 1612/2237/1008 1609/2233/859
f 1435/2006/935 1438/2009/936 1613/2238/984 1612/2237/1008
f 1762/2480/938 1381/1938/939 763/1031/1009 1772/2497/973
f 1384/1943/815 1386/1947/818 1565/2177/817 1562/2173/816
f 1394/1959/827 1395/1960/830 1573/2187/829 776/1050/828
f 1001/1387/788 1361/1904/1010 801/1084/953 799/1082/789
f 1361/1904/1010 1003/1390/946 802/1085/954 801/1084/953
f 1003/1390/946 1364/1909/947 804/1088/955 802/1085/954
f 1364/1909/947 1007/1394/948 807/1091/956 804/1088/955
f 1007/1394/635 1008/1395/635 809/1093/635 807/1091/635
f 1008/1395/635 1010/1399/635 811/1095/635 809/1093/635
f 1551/2160/795 816/1101/797 1330/1865/768 1045/1448/766
f 986/1368/771 2436/3472/770 2449/3500/1011 2480/3553/1011 2566/3713/801 758/1024/800
f 1772/2497/973 763/1031/1009 995/1379/1012 1155/1596/974
f 1565/2177/817 1567/2180/820 1361/1904/1010 1001/1387/788
f 1567/2180/820 1569/2183/822 1003/1390/946 1361/1904/1010
f 776/1050/828 1573/2187/829 1010/1400/791 1008/1396/949
f 1573/2187/829 1575/2189/832 1369/1916/792 1010/1400/791
f 1585/2203/849 1587/2205/975 1380/1936/809 1377/1932/807
f 1797/2527/1001 1590/2208/1000 1382/1940/813 1784/2512/812
f 1590/2208/1000 1592/2210/1003 1384/1944/815 1382/1940/813
f 1592/2210/1003 1594/2214/940 1386/1948/818 1384/1944/815
f 1598/2218/942 1601/2221/943 1391/1954/823 975/1353/821
f 1604/2226/945 1607/2230/854 1395/1960/830 1394/1959/827
f 1609/2233/859 1612/2237/1008 1401/1967/835 1399/1964/833
f 1612/2237/1008 1613/2238/984 1403/1969/837 1401/1967/835
f 1615/2241/862 1618/2245/866 1407/1975/844 1404/1971/840
f 1619/2247/870 1621/2252/872 1411/1980/977 1409/1978/848
f 1775/2500/873 1623/2255/876 1413/1982/852 1763/2481/851
f 1800/2530/991 1625/2258/990 1415/1984/999 1787/2516/998
f 1625/2258/990 1627/2261/992 1416/1985/1002 1415/1984/999
f 1627/2261/992 1629/2265/993 1419/1988/1004 1416/1985/1002
f 1629/2266/993 1630/2267/994 1421/1991/1005 1419/1989/1004
f 1630/2267/994 725/976/995 1422/1992/1006 1421/1991/1005
f 725/976/995 1634/2274/997 1424/1994/1007 1422/1992/1006
f 1634/2274/997 1636/2277/877 1426/1996/933 1424/1994/1007
f 2444/3489/892 685/928/891 1440/2013/861 2573/3731/860 2483/3557/1013
f 1824/2560/981 1648/2298/920 1442/2017/869 1814/2547/868
f 702/952/904 1658/2317/988 1456/2038/996 1454/2034/929
f 1658/2317/988 705/955/989 1458/2041/878 1456/2038/996
f 705/955/989 706/956/930 934/1302/879 1458/2041/878
f 682/923/642 1669/2337/647 1468/2055/968 888/1220/890
f 1671/2342/651 1674/2348/653 892/1227/976 1470/2057/913
f 1677/2354/661 1679/2359/662 1474/2063/897 896/1234/895
f 1679/2359/662 1681/2362/665 898/1237/899 1474/2063/897
f 1681/2362/665 1682/2364/667 900/1239/901 898/1237/899
f 1682/2364/667 1685/2368/669 903/1245/903 900/1239/901
f 1688/2375/673 1690/2379/675 908/1252/1014 906/1249/917
f 1690/2380/675 1692/2382/677 911/1260/918 908/1253/1014
f 1618/2245/866 1753/2465/971 1741/2448/980 1407/1975/844
f 1583/2200/845 1751/2462/979 1739/2445/978 1376/1928/803
f 1555/2165/804 1749/2459/982 1737/2443/972 988/1371/774
f 1376/1929/803 1739/2446/978 1749/2459/982 1555/2165/804
f 1407/1975/844 1741/2448/980 1751/2462/979 1583/2200/845
f 1621/2252/872 1775/2501/873 1763/2482/851 1411/1980/977
f 993/1377/780 1155/1596/974 1142/1576/951 790/1067/781
f 892/1227/976 1149/1587/914 1137/1569/922 690/934/921
f 692/936/923 1802/2533/893 1788/2517/924 925/1284/875
f 1623/2255/876 1800/2530/991 1787/2516/998 1413/1982/852
f 1588/2206/853 1797/2527/1001 1784/2512/812 1381/1937/939
f 763/1031/1009 1796/2526/811 1783/2511/783 995/1379/1012
f 995/1379/1012 1783/2511/783 1793/2523/782 792/1070/952
f 1381/1938/939 1784/2513/812 1796/2526/811 763/1031/1009
f 1413/1982/852 1787/2516/998 1797/2527/1001 1588/2206/853
f 925/1284/875 1788/2517/924 1800/2530/991 1623/2255/876
f 1749/2459/982 1820/2555/805 1808/2540/777 1737/2443/972
f 2200/3116/1015 1870/2619/1016 1856/2604/1017 2374/3374/1018
f 2320/3296/1019 1869/2618/1020 1854/2601/1021 2100/2974/1022
f 2168/3072/1023 1867/2616/1024 1851/2597/1025 2322/3299/1026
f 2305/3273/1027 2236/3177/1028 2240/3181/1029 2041/2873/1030
f 2132/3017/1031 1859/2608/1032 1857/2605/1033 1957/2727/1034
f 2019/2827/1035 1847/2591/1036 1859/2608/1032 2132/3017/1031
f 2041/2873/1030 2240/3181/1029 2237/3178/1037 2139/3029/1038
f 2100/2974/1022 1854/2601/1021 1867/2616/1024 2168/3072/1023
f 2374/3374/1018 1856/2604/1017 1869/2618/1020 2320/3296/1019
f 1957/2726/1034 1857/2606/1033 1870/2619/1016 2200/3116/1015
f 1870/2619/1016 2251/3195/1039 1906/2665/1040 1856/2604/1017
f 2251/3195/1039 1949/2715/1041 1907/2666/1042 1906/2665/1040
f 1949/2715/1043 2487/3564/1043 2488/3566/1043 2531/3648/1043 1907/2666/1043
f 1869/2618/1020 1942/2708/1044 1900/2657/1045 1854/2601/1021
f 1942/2708/1044 1944/2710/1046 1902/2660/1047 1900/2657/1045
f 1902/2660/1047 1944/2710/1046 2490/3570/1048 2489/3568/1049 2529/3644/1049
f 1867/2616/1024 1936/2702/1050 2252/3196/1051 1851/2597/1025
f 1936/2702/1050 1937/2703/1052 1894/2648/1053 2252/3196/1051
f 1937/2703/1052 1940/2706/1054 1897/2652/1055 1894/2648/1053
f 2543/3671/1056 1897/2652/1055 1940/2706/1054 2491/3572/1057 2542/3669/1058
f 2241/3182/1059 1930/2696/1060 1889/2641/1061 2253/3198/1062
f 1930/2696/1060 1932/2698/1063 1891/2643/1064 1889/2641/1061
f 2541/3667/1065 1891/2643/1064 1932/2698/1063 2539/3663/1066 2540/3665/1067
f 2235/3175/1068 2242/3183/1069 1882/2633/1070 2239/3180/1071
f 2242/3183/1069 2243/3185/1072 2254/3199/1073 1882/2633/1070
f 2243/3185/1072 2244/3187/1074 1885/2637/1075 2254/3199/1073
f 2237/3178/1037 1916/2677/1076 2258/3203/1077 1847/2592/1036
f 1916/2677/1076 2248/3192/1078 1873/2622/1079 2258/3203/1077
f 2259/3205/1080 2249/3193/1081 2534/3655/1082 2494/3576/1083 2535/3657/1084
f 1859/2608/1032 1911/2671/1085 2260/3207/1086 1857/2605/1033
f 1911/2671/1085 1912/2672/1087 2261/3210/1088 2260/3207/1086
f 2262/3212/1089 2250/3194/1090 2532/3650/1091 2533/3653/1092 2495/3577/1093
f 1847/2591/1036 2258/3204/1077 1911/2671/1085 1859/2608/1032
f 2258/3204/1077 1873/2623/1079 1912/2672/1087 1911/2671/1085
f 2240/3181/1029 2255/3200/1094 1916/2677/1076 2237/3178/1037
f 2255/3200/1094 2256/3201/1095 2248/3192/1078 1916/2677/1076
f 2534/3655/1082 2249/3193/1081 2257/3202/1096 2493/3575/1097 2496/3579/1098
f 2239/3180/1071 1882/2633/1070 2245/3189/1099 2236/3177/1028
f 1882/2633/1070 2254/3199/1073 2246/3190/1100 2245/3189/1099
f 2254/3199/1073 1885/2637/1075 2247/3191/1101 2246/3190/1100
f 2536/3658/1102 2247/3191/1101 1885/2637/1075 2538/3661/1103 2498/3581/1104 2497/3580/1104
f 2253/3198/1062 1889/2641/1061 2243/3186/1072 2242/3184/1069
f 1889/2641/1061 1891/2643/1064 2244/3188/1074 2243/3186/1072
f 1894/2649/1053 1897/2653/1055 1932/2698/1063 1930/2696/1060
f 2539/3663/1066 1932/2698/1063 1897/2653/1055 2543/3673/1056 2500/3584/635 2501/3586/635
f 1854/2601/1021 1900/2657/1045 1936/2702/1050 1867/2616/1024
f 1900/2657/1045 1902/2660/1047 1937/2703/1052 1936/2702/1050
f 1940/2706/1105 1937/2703/1105 1902/2660/1105 2529/3644/1105 2502/3587/1105 2550/3686/1105
f 2550/3686/1106 2491/3572/1057 1940/2706/1054
f 1856/2604/1017 1906/2665/1040 1942/2708/1044 1869/2618/1020
f 1906/2665/1040 1907/2666/1042 1944/2710/1046 1942/2708/1044
f 1857/2606/1033 2260/3208/1086 2251/3195/1039 1870/2619/1016
f 2260/3208/1086 2261/3209/1088 1949/2715/1041 2251/3195/1039
f 1949/2715/1041 2261/3209/1088 2262/3211/1089 2504/3591/1107 2503/3589/1108 2487/3564/1108
f 2504/3592/1107 2262/3212/1089 2495/3577/1093
f 1985/2768/1109 2185/3094/1110 2577/3740/1111 2505/3594/1112 2578/3743/1113
f 1985/2770/1109 2364/3357/1114 2186/3095/1115 2185/3093/1110
f 2406/3415/1116 2365/3359/1117 2187/3096/1118 2234/3174/1119
f 2365/3358/1117 2366/3362/1120 2188/3098/1121 2187/3097/1118
f 2209/3128/1122 1979/2758/1123 2189/3099/1124 2221/3153/1125
f 2398/3406/1126 2367/3363/1127 2190/3100/1128 2392/3399/1129
f 2367/3363/1127 1977/2755/1130 2191/3101/1131 2190/3100/1128
f 1977/2755/1130 2368/3365/1132 2192/3102/1133 2191/3101/1131
f 2368/3364/1132 1973/2748/1134 2317/3293/1135 2192/3103/1133
f 1973/2748/1134 1971/2745/1136 2193/3104/1137 2317/3293/1135
f 1971/2745/1136 1970/2743/1138 2318/3294/1139 2193/3104/1137
f 1970/2743/1138 2369/3367/1140 2194/3105/1141 2318/3294/1139
f 2369/3367/1140 1967/2739/1142 2195/3107/1143 2194/3105/1141
f 1967/2740/1142 1964/2735/1144 2196/3109/1145 2195/3106/1143
f 1964/2735/1144 1963/2734/1146 2197/3111/1147 2196/3109/1145
f 1963/2734/1146 1961/2732/1148 2198/3113/1149 2197/3111/1147
f 1961/2731/1148 2370/3369/1150 2199/3115/1151 2198/3114/1149
f 2370/3369/1150 1957/2726/1034 2200/3116/1015 2199/3115/1151
f 2101/2976/1152 2169/3073/1153 2576/3738/1154 2508/3601/1155 2507/3599/1155 2506/3597/1156
f 2101/2975/1152 2102/2977/1157 2170/3075/1158 2169/3074/1153
f 2229/3165/1159 2103/2978/1160 2171/3076/1161 2401/3409/1162
f 2103/2979/1160 2104/2980/1163 2172/3078/1164 2171/3077/1161
f 2215/3142/1165 2371/3371/1166 2173/3079/1167 2220/3151/1168
f 2223/3157/1169 2105/2981/1170 2174/3080/1171 2226/3161/1172
f 2105/2981/1170 2106/2982/1173 2319/3295/1174 2174/3080/1171
f 2106/2982/1173 2107/2983/1175 2175/3081/1176 2319/3295/1174
f 2107/2984/1175 2108/2985/1177 2176/3083/1178 2175/3082/1176
f 2108/2985/1177 2109/2986/1179 2177/3084/1180 2176/3083/1178
f 2109/2986/1179 2372/3372/1181 2178/3085/1182 2177/3084/1180
f 2372/3372/1181 2110/2987/1183 2179/3086/1184 2178/3085/1182
f 2110/2987/1183 2111/2988/1185 2180/3087/1186 2179/3086/1184
f 2111/2989/1185 2112/2990/1187 2181/3089/1188 2180/3088/1186
f 2112/2990/1187 2113/2991/1189 2182/3090/1190 2181/3089/1188
f 2113/2991/1189 2114/2992/1191 2183/3091/1192 2182/3090/1190
f 2114/2992/1191 2373/3373/1193 2184/3092/1194 2183/3091/1192
f 2373/3373/1193 2374/3374/1018 2320/3296/1019 2184/3092/1194
f 2085/2948/1195 2159/3057/1196 2511/3607/1197 2510/3605/1198 2509/3603/1199
f 2085/2947/1195 2086/2951/1200 2270/3225/1201 2159/3058/1196
f 2228/3163/1202 2087/2952/1203 2269/3224/1204 2233/3172/1205
f 2087/2954/1203 2088/2955/1206 2160/3060/1207 2269/3223/1204
f 2214/3139/1208 2089/2957/1209 2161/3061/1210 2219/3149/1211
f 2222/3156/1212 2090/2958/1213 2268/3222/1214 2225/3160/1215
f 2090/2958/1213 2091/2960/1216 2267/3221/1217 2268/3222/1214
f 2091/2960/1216 2092/2962/1218 2162/3063/1219 2267/3221/1217
f 2092/2964/1218 2375/3375/1220 2163/3064/1221 2162/3062/1219
f 2375/3375/1220 2093/2965/1222 2164/3066/1223 2163/3064/1221
f 2093/2965/1222 2094/2966/1224 2266/3219/1225 2164/3066/1223
f 2094/2966/1224 2095/2968/1226 2265/3216/1227 2266/3219/1225
f 2095/2967/1226 2096/2970/1228 2165/3068/1229 2265/3217/1227
f 2096/2970/1228 2097/2971/1230 2264/3215/1231 2165/3068/1229
f 2097/2971/1230 2376/3376/1232 2166/3070/1233 2264/3215/1231
f 2376/3376/1232 2098/2972/1234 2167/3071/1235 2166/3070/1233
f 2098/2972/1234 2099/2973/1236 2263/3213/1237 2167/3071/1235
f 2099/2973/1236 2100/2974/1022 2168/3072/1023 2263/3213/1237
f 2512/3610/1238 2069/2927/1239 2146/3040/1240 2513/3612/1241
f 2402/3410/1242 2070/2928/1243 2271/3227/1244 2232/3171/1245
f 2070/2928/1243 2071/2929/1246 2148/3043/1247 2271/3227/1244
f 2393/3400/1248 2073/2931/1249 2150/3046/1250 2388/3394/1251
f 2073/2931/1249 2074/2932/1252 2272/3228/1253 2150/3046/1250
f 2074/2932/1252 2075/2933/1254 2151/3049/1255 2272/3228/1253
f 2079/2937/635 2080/2938/635 2154/3052/635 2153/3051/635
f 2080/2938/635 2081/2940/635 2155/3053/635 2154/3052/635
f 2081/2940/1256 2082/2941/1257 2275/3232/1258 2155/3053/1259
f 2082/2941/1257 2083/2943/1260 2156/3054/1261 2275/3232/1258
f 2083/2943/1260 2084/2945/1262 2157/3055/1263 2156/3054/1261
f 2084/2945/1262 2322/3298/1026 2158/3056/1264 2157/3055/1263
f 2061/2911/1265 2323/3300/1266 2276/3233/1267 2142/3032/1268
f 2403/3411/1269 2062/2914/1270 2277/3235/1271 2399/3407/1272
f 2062/2913/1270 2063/2917/1273 2278/3236/1274 2277/3234/1271
f 2212/3135/1275 2064/2919/1276 2279/3237/1277 2385/3388/1278
f 2394/3401/1279 2324/3301/1280 2143/3034/1281 2389/3395/1282
f 2324/3301/1280 2325/3302/1283 2280/3238/1284 2143/3034/1281
f 2328/3308/1285 2065/2920/1286 2283/3242/1287 2144/3035/1288
f 2065/2920/1286 2066/2922/1289 2284/3243/1290 2283/3242/1287
f 2066/2922/1289 2067/2924/1291 2145/3037/1292 2284/3243/1290
f 2067/2925/1291 2329/3310/1293 2285/3244/1294 2145/3036/1292
f 2335/3317/1295 2046/2882/1296 2140/3030/1297 2292/3257/1298
f 2395/3402/1299 2050/2888/1300 2141/3031/1301 2390/3396/1302
f 2050/2888/1300 2337/3320/1303 2294/3260/1304 2141/3031/1301
f 2572/3728/1305 2021/2832/1306 2133/3018/1307 2571/3724/1308 2517/3619/1309 2518/3621/1309
f 2021/2831/1306 2349/3334/1310 2306/3274/1311 2133/3019/1307
f 2405/3413/1312 2024/2838/1313 2307/3277/1314 2231/3168/1315
f 2024/2840/1313 2350/3336/1316 2134/3021/1317 2307/3276/1314
f 2211/3132/1318 2351/3338/1319 2135/3022/1320 2217/3146/1321
f 2356/3346/1322 2357/3348/1323 2136/3023/1324 2313/3289/1325
f 2357/3347/1323 2035/2861/1326 2137/3027/1327 2136/3024/1324
f 2035/2861/1326 2358/3349/1328 2314/3290/1329 2137/3027/1327
f 2360/3351/1330 2361/3352/1331 2138/3028/1332 2316/3292/1333
f 2361/3352/1331 2041/2873/1030 2139/3029/1038 2138/3028/1332
f 2519/3623/1334 1986/2771/1335 2115/2993/1336 2520/3625/1337
f 1986/2771/1335 1988/2775/1338 2116/2996/1339 2115/2993/1336
f 2227/3162/1340 1991/2780/1341 2117/2998/1342 2230/3167/1343
f 1991/2780/1341 1992/2781/1344 2118/2999/1345 2117/2998/1342
f 2397/3405/1346 1997/2789/1347 2120/3002/1348 2224/3159/1349
f 1997/2789/1347 1998/2790/1350 2121/3004/1351 2120/3002/1348
f 1998/2790/1350 2000/2794/1352 2122/3007/1353 2121/3004/1351
f 2000/2794/1352 2003/2799/1354 2123/3008/1355 2122/3007/1353
f 2003/2799/1354 2005/2802/1356 2124/3009/1357 2123/3008/1355
f 2005/2802/1356 2007/2806/1358 2125/3010/1359 2124/3009/1357
f 2007/2806/1358 2008/2807/1360 2126/3011/1361 2125/3010/1359
f 2008/2807/624 2011/2811/624 2127/3012/624 2126/3011/624
f 2011/2811/624 2013/2814/624 2128/3013/624 2127/3012/624
f 2013/2814/1362 2362/3353/1363 2129/3014/1364 2128/3013/1365
f 2362/3353/1363 2363/3355/1366 2130/3015/1367 2129/3014/1364
f 2363/3355/1366 2017/2823/1368 2131/3016/1369 2130/3015/1367
f 2017/2823/1368 2019/2827/1035 2132/3017/1031 2131/3016/1369
f 2520/3625/1337 2115/2993/1336 1985/2769/1109 2578/3744/1113 2521/3628/1370
f 2115/2994/1336 2116/2995/1339 2364/3357/1114 1985/2770/1109
f 2230/3166/1343 2117/2997/1342 2365/3359/1117 2406/3415/1116
f 2117/2998/1342 2118/2999/1345 2366/3361/1120 2365/3360/1117
f 2216/3144/1371 2119/3000/1372 1979/2758/1123 2209/3128/1122
f 2224/3158/1349 2120/3003/1348 2367/3363/1127 2398/3406/1126
f 2120/3003/1348 2121/3005/1351 1977/2755/1130 2367/3363/1127
f 2121/3005/1351 2122/3006/1353 2368/3365/1132 1977/2755/1130
f 2122/3007/1353 2123/3008/1355 1973/2749/1134 2368/3366/1132
f 2123/3008/1355 2124/3009/1357 1971/2746/1136 1973/2749/1134
f 2124/3009/1357 2125/3010/1359 1970/2744/1138 1971/2746/1136
f 2125/3010/1359 2126/3011/1361 2369/3368/1140 1970/2744/1138
f 2126/3011/1361 2127/3012/1373 1967/2740/1142 2369/3368/1140
f 2127/3012/1373 2128/3013/1365 1964/2735/1144 1967/2740/1142
f 2128/3013/1365 2129/3014/1364 1963/2734/1146 1964/2735/1144
f 2129/3014/1364 2130/3015/1367 1961/2732/1148 1963/2734/1146
f 2130/3015/1367 2131/3016/1369 2370/3370/1150 1961/2732/1148
f 2131/3016/1369 2132/3017/1031 1957/2727/1034 2370/3370/1150
f 2133/3019/1307 2306/3274/1311 1988/2775/1338 1986/2771/1335
f 2231/3168/1315 2307/3277/1314 1991/2780/1341 2227/3162/1340
f 2307/3277/1314 2134/3020/1317 1992/2781/1344 1991/2780/1341
f 2217/3146/1321 2135/3022/1320 1994/2784/1374 2210/3131/1375
f 2391/3398/1376 2308/3278/1377 1997/2789/1347 2397/3405/1346
f 2308/3278/1377 2309/3281/1378 1998/2790/1350 1997/2789/1347
f 2309/3281/1378 2310/3282/1379 2000/2794/1352 1998/2790/1350
f 2310/3282/1379 2311/3284/1380 2003/2799/1354 2000/2794/1352
f 2311/3284/1380 2312/3286/1381 2005/2802/1356 2003/2799/1354
f 2312/3286/1381 2313/3288/1325 2007/2806/1358 2005/2802/1356
f 2313/3288/1325 2136/3025/1324 2008/2807/1360 2007/2806/1358
f 2136/3025/1324 2137/3026/1327 2011/2811/1382 2008/2807/1360
f 2316/3292/1333 2138/3028/1332 2017/2824/1368 2363/3356/1366
f 2138/3028/1332 2139/3029/1038 2019/2828/1035 2017/2824/1368
f 2555/3694/1383 2290/3254/1384 2021/2832/1306 2572/3728/1305 2524/3636/1385
f 2290/3255/1384 2291/3256/1386 2349/3335/1310 2021/2833/1306
f 2400/3408/1387 2292/3258/1298 2024/2839/1313 2405/3414/1312
f 2292/3257/1298 2140/3030/1297 2350/3336/1316 2024/2840/1313
f 2386/3390/1388 2293/3259/1389 2351/3337/1319 2211/3133/1318
f 2390/3396/1302 2141/3031/1301 2352/3339/1390 2396/3403/1391
f 2141/3031/1301 2294/3260/1304 2353/3341/1392 2352/3339/1390
f 2299/3266/1393 2300/3267/1394 2035/2860/1326 2357/3348/1323
f 2300/3268/1394 2301/3269/1395 2358/3349/1328 2035/2861/1326
f 2304/3272/1396 2305/3273/1027 2041/2873/1030 2361/3352/1331
f 2142/3033/1268 2333/3314/1397 2554/3692/1398 2525/3638/1399 2570/3722/1400
f 2142/3032/1268 2276/3233/1267 2334/3316/1401 2333/3315/1397
f 2277/3234/1271 2278/3236/1274 2046/2882/1296 2335/3317/1295
f 2389/3395/1282 2143/3034/1281 2050/2888/1300 2395/3402/1299
f 2143/3034/1281 2280/3238/1284 2337/3320/1303 2050/2888/1300
f 2284/3243/1290 2145/3037/1292 2343/3327/1402 2342/3326/1403
f 2145/3038/1292 2285/3245/1294 2344/3329/1404 2343/3328/1402
f 2513/3612/1241 2146/3040/1240 2061/2910/1265 2569/3719/1405 2559/3702/1406
f 2146/3039/1240 2147/3042/1407 2323/3300/1266 2061/2911/1265
f 2232/3170/1245 2271/3226/1244 2062/2914/1270 2403/3411/1269
f 2271/3227/1244 2148/3043/1247 2063/2916/1273 2062/2915/1270
f 2218/3148/1408 2149/3045/1409 2064/2918/1276 2212/3136/1275
f 2388/3393/1251 2150/3047/1250 2324/3301/1280 2394/3401/1279
f 2150/3047/1250 2272/3229/1253 2325/3302/1283 2324/3301/1280
f 2152/3050/1410 2274/3231/1411 2065/2921/1286 2328/3309/1285
f 2274/3231/1411 2153/3051/1412 2066/2923/1289 2065/2921/1286
f 2153/3051/1412 2154/3052/1413 2067/2925/1291 2066/2923/1289
f 2275/3232/1258 2156/3054/1261 2331/3312/1414 2330/3311/1415
f 2156/3054/1261 2157/3055/1263 2332/3313/1416 2331/3312/1414
f 2157/3055/1263 2158/3056/1264 2068/2926/1417 2332/3313/1416
f 2233/3172/1205 2269/3224/1204 2070/2928/1243 2402/3410/1242
f 2269/3224/1204 2160/3059/1207 2071/2929/1246 2070/2928/1243
f 2219/3149/1211 2161/3061/1210 2072/2930/1418 2213/3138/1419
f 2225/3160/1215 2268/3222/1214 2073/2931/1249 2393/3400/1248
f 2268/3222/1214 2267/3221/1217 2074/2932/1252 2073/2931/1249
f 2267/3221/1217 2162/3063/1219 2075/2933/1254 2074/2932/1252
f 2162/3063/1219 2163/3065/1221 2076/2934/1420 2075/2933/1254
f 2163/3065/1221 2164/3067/1223 2077/2935/1421 2076/2934/1420
f 2164/3067/1223 2266/3220/1225 2078/2936/1422 2077/2935/1421
f 2265/3218/1227 2165/3069/1229 2080/2938/1423 2079/2937/1424
f 2165/3069/1229 2264/3214/1231 2081/2940/1256 2080/2938/1423
f 2264/3215/1231 2166/3070/1233 2082/2942/1257 2081/2939/1256
f 2166/3070/1233 2167/3071/1235 2083/2944/1260 2082/2942/1257
f 2167/3071/1235 2263/3213/1237 2084/2946/1262 2083/2944/1260
f 2169/3073/1153 2085/2948/1195 2509/3603/1199 2527/3641/1425 2576/3738/1154
f 2169/3074/1153 2170/3075/1158 2086/2950/1200 2085/2949/1195
f 2401/3409/1162 2171/3076/1161 2087/2953/1203 2228/3164/1202
f 2171/3077/1161 2172/3078/1164 2088/2955/1206 2087/2954/1203
f 2220/3151/1168 2173/3079/1167 2089/2956/1209 2214/3140/1208
f 2226/3161/1172 2174/3080/1171 2090/2959/1213 2222/3155/1212
f 2174/3080/1171 2319/3295/1174 2091/2961/1216 2090/2959/1213
f 2319/3295/1174 2175/3081/1176 2092/2963/1218 2091/2961/1216
f 2175/3082/1176 2176/3083/1178 2375/3375/1220 2092/2964/1218
f 2176/3083/1178 2177/3084/1180 2093/2965/1222 2375/3375/1220
f 2177/3084/1180 2178/3085/1182 2094/2966/1224 2093/2965/1222
f 2178/3085/1182 2179/3086/1184 2095/2968/1226 2094/2966/1224
f 2179/3086/1184 2180/3087/1186 2096/2969/1228 2095/2968/1226
f 2180/3088/1186 2181/3089/1188 2097/2971/1230 2096/2970/1228
f 2181/3089/1188 2182/3090/1190 2376/3376/1232 2097/2971/1230
f 2182/3090/1190 2183/3091/1192 2098/2972/1234 2376/3376/1232
f 2183/3091/1192 2184/3092/1194 2099/2973/1236 2098/2972/1234
f 2184/3092/1194 2320/3296/1019 2100/2974/1022 2099/2973/1236
f 2185/3093/1110 2186/3095/1115 2102/2977/1157 2101/2975/1152
f 2234/3174/1119 2187/3096/1118 2103/2978/1160 2229/3165/1159
f 2187/3097/1118 2188/3098/1121 2104/2980/1163 2103/2979/1160
f 2221/3153/1125 2189/3099/1124 2371/3371/1166 2215/3142/1165
f 2392/3399/1129 2190/3100/1128 2105/2981/1170 2223/3157/1169
f 2190/3100/1128 2191/3101/1131 2106/2982/1173 2105/2981/1170
f 2191/3101/1131 2192/3102/1133 2107/2983/1175 2106/2982/1173
f 2192/3103/1133 2317/3293/1135 2108/2985/1177 2107/2984/1175
f 2317/3293/1135 2193/3104/1137 2109/2986/1179 2108/2985/1177
f 2193/3104/1137 2318/3294/1139 2372/3372/1181 2109/2986/1179
f 2318/3294/1139 2194/3105/1141 2110/2987/1183 2372/3372/1181
f 2194/3105/1141 2195/3107/1143 2111/2988/1185 2110/2987/1183
f 2195/3108/1143 2196/3110/1145 2112/2990/1187 2111/2989/1185
f 2196/3110/1145 2197/3112/1147 2113/2991/1189 2112/2990/1187
f 2197/3112/1147 2198/3114/1149 2114/2992/1191 2113/2991/1189
f 2198/3114/1149 2199/3115/1151 2373/3373/1193 2114/2992/1191
f 2199/3115/1151 2200/3116/1015 2374/3374/1018 2373/3373/1193
f 2186/3095/1115 2381/3383/1426 2205/3122/1427 2102/2977/1157
f 2170/3075/1158 2208/3127/1428 2204/3121/1429 2086/2950/1200
f 2270/3225/1201 2207/3125/1430 2203/3119/1431 2321/3297/1432
f 2276/3233/1267 2378/3379/1433 2202/3118/1434 2334/3316/1401
f 2306/3274/1311 2380/3381/1435 2201/3117/1436 1988/2775/1338
f 2116/2995/1339 2206/3123/1437 2384/3386/1438 2364/3357/1114
f 1988/2775/1338 2201/3117/1436 2206/3124/1437 2116/2996/1339
f 2334/3316/1401 2202/3118/1434 2379/3380/1439 2291/3256/1386
f 2321/3297/1432 2203/3119/1431 2377/3377/1440 2147/3041/1407
f 2086/2951/1200 2204/3120/1429 2207/3125/1430 2270/3225/1201
f 2102/2977/1157 2205/3122/1427 2208/3127/1428 2170/3075/1158
f 2364/3357/1114 2384/3386/1438 2381/3383/1426 2186/3095/1115
f 2188/3098/1121 2221/3154/1125 2215/3143/1165 2104/2980/1163
f 2172/3078/1164 2220/3152/1168 2214/3141/1208 2088/2955/1206
f 2160/3059/1207 2219/3149/1211 2213/3138/1419 2071/2929/1246
f 2148/3043/1247 2218/3148/1408 2212/3136/1275 2063/2916/1273
f 2278/3236/1274 2385/3387/1278 2387/3391/1441 2046/2882/1296
f 2140/3030/1297 2386/3389/1388 2211/3134/1318 2350/3336/1316
f 2134/3020/1317 2217/3146/1321 2210/3131/1375 1992/2781/1344
f 2118/2999/1345 2216/3145/1371 2209/3129/1122 2366/3361/1120
f 1992/2781/1344 2210/3131/1375 2216/3145/1371 2118/2999/1345
f 2350/3336/1316 2211/3134/1318 2217/3147/1321 2134/3021/1317
f 2046/2882/1296 2387/3391/1441 2386/3389/1388 2140/3030/1297
f 2063/2917/1273 2212/3137/1275 2385/3387/1278 2278/3236/1274
f 2071/2929/1246 2213/3138/1419 2218/3148/1408 2148/3043/1247
f 2088/2955/1206 2214/3141/1208 2219/3150/1211 2160/3060/1207
f 2104/2980/1163 2215/3143/1165 2220/3152/1168 2172/3078/1164
f 2366/3362/1120 2209/3130/1122 2221/3154/1125 2188/3098/1121
f 2189/3099/1124 2392/3399/1129 2223/3157/1169 2371/3371/1166
f 2173/3079/1167 2226/3161/1172 2222/3155/1212 2089/2956/1209
f 2161/3061/1210 2225/3160/1215 2393/3400/1248 2072/2930/1418
f 2119/3000/1372 2224/3158/1349 2398/3406/1126 1979/2758/1123
f 1994/2784/1374 2397/3405/1346 2224/3159/1349 2119/3001/1372
f 2089/2957/1209 2222/3156/1212 2225/3160/1215 2161/3061/1210
f 2371/3371/1166 2223/3157/1169 2226/3161/1172 2173/3079/1167
f 1979/2758/1123 2398/3406/1126 2392/3399/1129 2189/3099/1124
f 2381/3383/1426 2234/3174/1119 2229/3165/1159 2205/3122/1427
f 2208/3127/1428 2401/3409/1162 2228/3164/1202 2204/3121/1429
f 2207/3125/1430 2233/3172/1205 2402/3410/1242 2203/3119/1431
f 2377/3378/1440 2232/3170/1245 2403/3411/1269 2382/3384/1442
f 2378/3379/1433 2399/3407/1272 2404/3412/1443 2202/3118/1434
f 2380/3381/1435 2231/3168/1315 2227/3162/1340 2201/3117/1436
f 2206/3123/1437 2230/3166/1343 2406/3415/1116 2384/3386/1438
f 2201/3117/1436 2227/3162/1340 2230/3167/1343 2206/3124/1437
f 2383/3385/1444 2405/3414/1312 2231/3169/1315 2380/3382/1435
f 2202/3118/1434 2404/3412/1443 2400/3408/1387 2379/3380/1439
f 2203/3119/1431 2402/3410/1242 2232/3171/1245 2377/3377/1440
f 2204/3121/1429 2228/3164/1202 2233/3173/1205 2207/3126/1430
f 2205/3122/1427 2229/3165/1159 2401/3409/1162 2208/3127/1428
f 2384/3386/1438 2406/3415/1116 2234/3174/1119 2381/3383/1426
f 2019/2828/1035 2139/3029/1038 2237/3178/1037 1847/2592/1036
f 2348/3333/1445 2289/3253/1446 2235/3175/1068 2239/3180/1071
f 2068/2926/1417 2158/3056/1264 1865/2614/1447 2238/3179/1448
f 2158/3056/1264 2322/3298/1026 1851/2598/1025 1865/2614/1447
f 2289/3252/1446 2068/2926/1417 2238/3179/1448 2235/3176/1068
f 2305/3273/1027 2348/3333/1445 2239/3180/1071 2236/3177/1028
f 2530/3646/1043 2531/3648/1043 1907/2666/1043 1949/2715/1043 2487/3564/1043
f 2261/3210/1088 1912/2672/1087 2250/3194/1090 2262/3212/1089
f 1873/2622/1079 2248/3192/1078 2249/3193/1081 2259/3205/1080
f 2240/3181/1029 2236/3177/1028 2245/3189/1099 2255/3200/1094
f 2255/3200/1094 2245/3189/1099 2246/3190/1100 2256/3201/1095
f 2256/3201/1095 2246/3190/1100 2247/3191/1101 2257/3202/1096
f 2493/3575/1097 2257/3202/1096 2247/3191/1101 2536/3658/1102
f 2538/3661/1103 1885/2637/1075 2244/3187/1074 2591/3774/1449 2537/3659/1450
f 2238/3179/1448 1865/2614/1447 2241/3182/1059 2253/3198/1062
f 1865/2614/1447 1851/2598/1025 2252/3197/1051 2241/3182/1059
f 2241/3182/1059 2252/3197/1051 1894/2649/1053 1930/2696/1060
f 2235/3176/1068 2238/3179/1448 2253/3198/1062 2242/3184/1069
f 2591/3773/1449 2244/3188/1074 1891/2643/1064 2541/3667/1065 2544/3674/1451
f 2248/3192/1078 2256/3201/1095 2257/3202/1096 2249/3193/1081
f 1912/2672/1087 1873/2623/1079 2259/3206/1080 2250/3194/1090
f 2532/3650/1091 2250/3194/1090 2259/3206/1080 2535/3656/1084 2548/3681/624 2547/3678/624
f 1944/2710/1046 1907/2666/1042 2531/3648/1452 2582/3757/1452 2490/3570/1048
f 1940/2706/1105 1937/2703/1105 1902/2660/1105 2529/3644/1105 2549/3684/1105 2502/3587/1105 2550/3686/1105
f 2126/3011/624 2008/2807/624 2011/2811/624 2127/3012/624
f 2127/3012/624 2011/2811/624 2013/2814/624 2128/3013/624
f 2391/3397/1376 2396/3403/1391 2352/3339/1390 2308/3279/1377
f 2308/3279/1377 2352/3339/1390 2353/3341/1392 2309/3280/1378
f 2309/3281/1378 2353/3340/1392 2354/3342/1453 2310/3282/1379
f 2310/3283/1379 2354/3344/1453 2355/3345/1454 2311/3285/1380
f 2311/3285/1380 2355/3345/1454 2031/2853/1455 2312/3287/1381
f 2312/3287/1381 2031/2853/1455 2356/3346/1322 2313/3289/1325
f 2314/3290/1329 2358/3349/1328 2359/3350/1456 2315/3291/1457
f 2315/3291/1457 2359/3350/1456 2360/3351/1330 2316/3292/1333
f 2554/3692/1398 2333/3314/1397 2290/3254/1384 2555/3694/1383 2515/3615/1458 2516/3617/1458
f 2290/3255/1384 2333/3315/1397 2334/3316/1401 2291/3256/1386
f 2400/3408/1387 2404/3412/1443 2335/3318/1295 2292/3258/1298
f 2386/3390/1388 2387/3392/1441 2336/3319/1459 2293/3259/1389
f 2294/3260/1304 2337/3320/1303 2338/3321/1460 2295/3261/1461
f 2295/3262/1461 2338/3322/1460 2339/3323/1462 2296/3263/1463
f 2296/3263/1463 2339/3323/1462 2340/3324/1464 2297/3264/1465
f 2297/3264/1465 2340/3324/1464 2341/3325/1466 2298/3265/1467
f 2298/3265/1467 2341/3325/1466 2342/3326/1403 2299/3266/1393
f 2299/3266/1393 2342/3326/1403 2343/3327/1402 2300/3267/1394
f 2300/3268/1394 2343/3328/1402 2344/3329/1404 2301/3269/1395
f 2301/3269/1395 2344/3329/1404 2345/3330/1468 2302/3270/1469
f 2302/3270/1469 2345/3330/1468 2346/3331/1470 2303/3271/1471
f 2303/3271/1471 2346/3331/1470 2347/3332/1472 2304/3272/1396
f 2304/3272/1396 2347/3332/1472 2348/3333/1445 2305/3273/1027
f 2569/3720/1405 2061/2912/1265 2142/3033/1268 2570/3722/1400 2557/3698/1473 2556/3696/1473
f 2280/3238/1284 2325/3302/1283 2326/3304/1474 2281/3239/1475
f 2281/3240/1475 2326/3303/1474 2327/3306/1476 2282/3241/1477
f 2282/3241/1477 2327/3306/1476 2328/3308/1285 2144/3035/1288
f 2285/3244/1294 2329/3310/1293 2330/3311/1415 2286/3246/1478
f 2286/3246/1478 2330/3311/1415 2331/3312/1414 2287/3248/1479
f 2287/3248/1479 2331/3312/1414 2332/3313/1416 2288/3250/1480
f 2288/3250/1480 2332/3313/1416 2068/2926/1417 2289/3252/1446
f 2146/3040/1240 2069/2927/1239 2321/3297/1432 2147/3041/1407
f 2151/3049/1255 2075/2933/1254 2076/2934/1420 2273/3230/1481
f 2273/3230/1481 2076/2934/1420 2077/2935/1421 2152/3050/1410
f 2152/3050/1410 2077/2935/1421 2078/2936/1422 2274/3231/1411
f 2274/3231/1411 2078/2936/1422 2079/2937/1424 2153/3051/1412
f 2153/3051/635 2079/2937/635 2080/2938/635 2154/3052/635
f 2154/3052/635 2080/2938/635 2081/2940/635 2155/3053/635
f 2159/3058/1196 2069/2927/1239 2512/3610/1238 2558/3700/1482 2511/3608/1197
f 2069/2927/1239 2159/3058/1196 2270/3225/1201 2321/3297/1432
f 2078/2936/1422 2266/3220/1225 2265/3218/1227 2079/2937/1424
f 2084/2946/1262 2263/3213/1237 2168/3072/1023 2322/3299/1026
f 2325/3302/1283 2272/3229/1253 2151/3048/1255 2326/3304/1474
f 2326/3305/1474 2151/3049/1255 2273/3230/1481 2327/3307/1476
f 2327/3307/1476 2273/3230/1481 2152/3050/1410 2328/3309/1285
f 2067/2925/1291 2154/3052/1413 2155/3053/1259 2329/3310/1293
f 2329/3310/1293 2155/3053/1259 2275/3232/1258 2330/3311/1415
f 2404/3412/1443 2399/3407/1272 2277/3235/1271 2335/3318/1295
f 2387/3392/1441 2385/3388/1278 2279/3237/1277 2336/3319/1459
f 2337/3320/1303 2280/3238/1284 2281/3239/1475 2338/3321/1460
f 2338/3322/1460 2281/3240/1475 2282/3241/1477 2339/3323/1462
f 2339/3323/1462 2282/3241/1477 2144/3035/1288 2340/3324/1464
f 2340/3324/1464 2144/3035/1288 2283/3242/1287 2341/3325/1466
f 2341/3325/1466 2283/3242/1287 2284/3243/1290 2342/3326/1403
f 2344/3329/1404 2285/3245/1294 2286/3247/1478 2345/3330/1468
f 2345/3330/1468 2286/3247/1478 2287/3249/1479 2346/3331/1470
f 2346/3331/1470 2287/3249/1479 2288/3251/1480 2347/3332/1472
f 2347/3332/1472 2288/3251/1480 2289/3253/1446 2348/3333/1445
f 2353/3341/1392 2294/3260/1304 2295/3261/1461 2354/3343/1453
f 2354/3344/1453 2295/3262/1461 2296/3263/1463 2355/3345/1454
f 2355/3345/1454 2296/3263/1463 2297/3264/1465 2031/2853/1455
f 2031/2853/1455 2297/3264/1465 2298/3265/1467 2356/3346/1322
f 2356/3346/1322 2298/3265/1467 2299/3266/1393 2357/3348/1323
f 2358/3349/1328 2301/3269/1395 2302/3270/1469 2359/3350/1456
f 2359/3350/1456 2302/3270/1469 2303/3271/1471 2360/3351/1330
f 2360/3351/1330 2303/3271/1471 2304/3272/1396 2361/3352/1331
f 2523/3633/1483 2571/3725/1308 2133/3019/1307 1986/2771/1335 2519/3623/1334
f 2011/2812/1382 2137/3027/1327 2314/3290/1329 2013/2815/1362
f 2013/2815/1362 2314/3290/1329 2315/3291/1457 2362/3354/1363
f 2362/3354/1363 2315/3291/1457 2316/3292/1333 2363/3356/1366
f 2185/3094/1110 2101/2976/1152 2506/3597/1156 2564/3709/1484 2577/3740/1111
f 2349/3335/1310 2291/3256/1386 2379/3380/1439 2383/3385/1444
f 2323/3300/1266 2147/3042/1407 2377/3378/1440 2382/3384/1442
f 2276/3233/1267 2323/3300/1266 2382/3384/1442 2378/3379/1433
f 2306/3275/1311 2349/3335/1310 2383/3385/1444 2380/3382/1435
f 1994/2784/1374 2135/3022/1320 2391/3398/1376 2397/3405/1346
f 2351/3337/1319 2293/3259/1389 2390/3396/1302 2396/3403/1391
f 2336/3319/1459 2279/3237/1277 2389/3395/1282 2395/3402/1299
f 2064/2919/1276 2149/3044/1409 2388/3393/1251 2394/3401/1279
f 2149/3045/1409 2072/2930/1418 2393/3400/1248 2388/3394/1251
f 2279/3237/1277 2064/2919/1276 2394/3401/1279 2389/3395/1282
f 2293/3259/1389 2336/3319/1459 2395/3402/1299 2390/3396/1302
f 2135/3022/1320 2351/3338/1319 2396/3404/1391 2391/3398/1376
f 2383/3385/1444 2379/3380/1439 2400/3408/1387 2405/3414/1312
f 2378/3379/1433 2382/3384/1442 2403/3411/1269 2399/3407/1272
f 581/793/1485 582/795/1486 651/882/1487 649/879/1488
f 649/879/1488 651/882/1487 728/980/1489 727/978/1490
f 727/978/1490 728/980/1489 805/1089/1491 803/1086/1492
f 803/1086/1492 805/1089/1491 902/1243/1493 901/1240/1494
f 901/1241/1494 902/1244/1493 973/1351/1495 971/1348/1496
f 971/1348/1496 973/1351/1495 1062/1469/1497 1060/1466/1498
f 1060/1466/1498 1062/1469/1497 1148/1586/1499 1146/1582/1500
f 1146/1582/1500 1148/1586/1499 1218/1681/1501 1217/1679/1502
f 1217/1679/1502 1218/1681/1501 1288/1798/1503 1287/1795/1504
f 1287/1796/1504 1288/1799/1503 1357/1900/1505 1356/1898/1506
f 1356/1898/1506 1357/1900/1505 1445/2021/1507 1444/2019/1508
f 1444/2019/1508 1445/2021/1507 1513/2110/1509 1512/2108/1510
f 1512/2108/1510 1513/2110/1509 1584/2201/1511 1582/2198/1512
f 1582/2198/1512 1584/2201/1511 1672/2343/1513 1670/2338/1514
f 1670/2339/1514 1672/2344/1513 1738/2444/1515 1736/2441/1516
f 1736/2441/1516 1738/2444/1515 1818/2552/1517 1817/2550/1518
f 1817/2550/1518 1818/2552/1517 1886/2638/1519 1884/2635/1520
f 1884/2635/1520 1886/2638/1519 1958/2728/1521 1956/2724/1522
f 1956/2724/1522 1958/2728/1521 2042/2874/1523 2040/2870/1524
f 2040/2871/1524 2042/2875/1523 582/795/1486 581/793/1485
f 535/737/1525 536/739/1526 604/825/1527 603/823/1528
f 603/823/1528 604/825/1527 678/917/1529 676/914/1530
f 676/914/1530 678/917/1529 750/1013/1531 749/1011/1532
f 749/1011/1532 750/1013/1531 841/1136/1533 838/1131/1534
f 838/1132/1534 841/1137/1533 932/1299/1535 931/1297/1536
f 931/1297/1536 932/1299/1535 1004/1391/1537 1002/1388/1538
f 1002/1388/1538 1004/1391/1537 1091/1513/1539 1090/1511/1540
f 1090/1511/1540 1091/1513/1539 1173/1623/1541 1172/1621/1542
f 1172/1621/1542 1173/1623/1541 1242/1713/1543 1241/1710/1544
f 1241/1711/1544 1242/1714/1543 1316/1845/1545 1314/1842/1546
f 1314/1842/1546 1316/1845/1545 1385/1945/1547 1383/1941/1548
f 1383/1941/1548 1385/1945/1547 1473/2062/1549 1472/2060/1550
f 1472/2060/1550 1473/2062/1549 1539/2144/1551 1538/2142/1552
f 1538/2142/1552 1539/2144/1551 1622/2253/1553 1620/2248/1554
f 1620/2249/1554 1622/2254/1553 1700/2399/1555 1699/2397/1556
f 1699/2397/1556 1700/2399/1555 1765/2485/1557 1764/2483/1558
f 1764/2483/1558 1765/2485/1557 1839/2581/1559 1838/2579/1560
f 1838/2579/1560 1839/2581/1559 1914/2675/1561 1913/2673/1562
f 1913/2673/1562 1914/2675/1561 1989/2776/1563 1987/2772/1564
f 1987/2773/1564 1989/2777/1563 536/739/1526 535/737/1525
f 536/739/1526 537/740/1565 606/827/1566 604/825/1527
f 604/825/1527 606/827/1566 679/918/1567 678/917/1529
f 678/917/1529 679/918/1567 751/1014/1568 750/1013/1531
f 750/1013/1531 751/1014/1568 843/1141/1569 841/1136/1533
f 841/1137/1533 843/1142/1569 933/1300/1570 932/1299/1535
f 932/1299/1535 933/1300/1570 1005/1392/1571 1004/1391/1537
f 1004/1391/1537 1005/1392/1571 1093/1515/1572 1091/1513/1539
f 1091/1513/1539 1093/1515/1572 1174/1624/1573 1173/1623/1541
f 1173/1623/1541 1174/1624/1573 1244/1717/1574 1242/1713/1543
f 1242/1714/1543 1244/1718/1574 1317/1846/1575 1316/1845/1545
f 1316/1845/1545 1317/1846/1575 1387/1949/1576 1385/1945/1547
f 1385/1945/1547 1387/1949/1576 1475/2064/1577 1473/2062/1549
f 1473/2062/1549 1475/2064/1577 1540/2145/1578 1539/2144/1551
f 1539/2144/1551 1540/2145/1578 1624/2256/1579 1622/2253/1553
f 1622/2254/1553 1624/2257/1579 1701/2400/1580 1700/2399/1555
f 1700/2399/1555 1701/2400/1580 1766/2486/1581 1765/2485/1557
f 1765/2485/1557 1766/2486/1581 1840/2582/1582 1839/2581/1559
f 1839/2581/1559 1840/2582/1582 1915/2676/1583 1914/2675/1561
f 1914/2675/1561 1915/2676/1583 1990/2778/1584 1989/2776/1563
f 1989/2777/1563 1990/2779/1584 537/740/1565 536/739/1526
f 537/740/1565 538/741/1585 607/828/1586 606/827/1566
f 606/827/1566 607/828/1586 680/919/1587 679/918/1567
f 679/918/1567 680/919/1587 752/1015/1588 751/1014/1568
f 751/1014/1568 752/1015/1588 844/1143/1589 843/1141/1569
f 843/1142/1569 844/1144/1589 935/1303/1590 933/1300/1570
f 933/1300/1570 935/1303/1590 1006/1393/1591 1005/1392/1571
f 1005/1392/1571 1006/1393/1591 1095/1517/1592 1093/1515/1572
f 1093/1515/1572 1095/1517/1592 1175/1625/1593 1174/1624/1573
f 1174/1624/1573 1175/1625/1593 1245/1719/1594 1244/1717/1574
f 1244/1718/1574 1245/1720/1594 1318/1847/1595 1317/1846/1575
f 1317/1846/1575 1318/1847/1595 1388/1950/1596 1387/1949/1576
f 1387/1949/1576 1388/1950/1596 1476/2065/1597 1475/2064/1577
f 1475/2064/1577 1476/2065/1597 1541/2146/1598 1540/2145/1578
f 1540/2145/1578 1541/2146/1598 1626/2259/1599 1624/2256/1579
f 1624/2257/1579 1626/2260/1599 1702/2401/1600 1701/2400/1580
f 1701/2400/1580 1702/2401/1600 1768/2490/1601 1766/2486/1581
f 1766/2486/1581 1768/2490/1601 1841/2583/1602 1840/2582/1582
f 1840/2582/1582 1841/2583/1602 1917/2678/1603 1915/2676/1583
f 1915/2676/1583 1917/2678/1603 1993/2782/1604 1990/2778/1584
f 1990/2779/1584 1993/2783/1604 538/741/1585 537/740/1565
f 538/741/1585 539/742/1605 608/829/1606 607/828/1586
f 607/828/1586 608/829/1606 681/920/1607 680/919/1587
f 680/919/1587 681/920/1607 754/1017/1608 752/1015/1588
f 752/1015/1588 754/1017/1608 846/1147/1609 844/1143/1589
f 844/1144/1589 846/1148/1609 936/1304/1610 935/1303/1590
f 935/1303/1590 936/1304/1610 1009/1397/1611 1006/1393/1591
f 1006/1393/1591 1009/1397/1611 1096/1518/1612 1095/1517/1592
f 1095/1517/1592 1096/1518/1612 1176/1626/1613 1175/1625/1593
f 1175/1625/1593 1176/1626/1613 1246/1721/1614 1245/1719/1594
f 1245/1720/1594 1246/1722/1614 1319/1848/1615 1318/1847/1595
f 1318/1847/1595 1319/1848/1615 1389/1951/1616 1388/1950/1596
f 1388/1950/1596 1389/1951/1616 1477/2066/1617 1476/2065/1597
f 1476/2065/1597 1477/2066/1617 1542/2147/1618 1541/2146/1598
f 1541/2146/1598 1542/2147/1618 1628/2262/1619 1626/2259/1599
f 1626/2260/1599 1628/2263/1619 1704/2403/1620 1702/2401/1600
f 1702/2401/1600 1704/2403/1620 1769/2491/1621 1768/2490/1601
f 1768/2490/1601 1769/2491/1621 1842/2584/1622 1841/2583/1602
f 1841/2583/1602 1842/2584/1622 1918/2679/1623 1917/2678/1603
f 1917/2678/1603 1918/2679/1623 1995/2785/1624 1993/2782/1604
f 1993/2783/1604 1995/2786/1624 539/742/1605 538/741/1585
f 539/743/1605 540/744/1625 609/831/1626 608/830/1606
f 608/830/1606 609/831/1626 683/924/1627 681/921/1607
f 681/921/1607 683/924/1627 755/1019/1628 754/1018/1608
f 754/1018/1608 755/1019/1628 848/1152/1629 846/1149/1609
f 846/1149/1609 848/1152/1629 939/1309/1630 936/1305/1610
f 936/1305/1610 939/1309/1630 1011/1401/1631 1009/1398/1611
f 1009/1398/1611 1011/1401/1631 1099/1524/1632 1096/1519/1612
f 1096/1519/1612 1099/1524/1632 1179/1631/1633 1176/1627/1613
f 1176/1627/1613 1179/1631/1633 1247/1724/1634 1246/1723/1614
f 1246/1723/1614 1247/1724/1634 1322/1854/1635 1319/1849/1615
f 1319/1849/1615 1322/1854/1635 1390/1953/1636 1389/1952/1616
f 1389/1952/1616 1390/1953/1636 1478/2068/1637 1477/2067/1617
f 1477/2067/1617 1478/2068/1637 1543/2149/1638 1542/2148/1618
f 1542/2148/1618 1543/2149/1638 1631/2268/1639 1628/2264/1619
f 1628/2264/1619 1631/2268/1639 1705/2405/1640 1704/2404/1620
f 1704/2404/1620 1705/2405/1640 1770/2493/1641 1769/2492/1621
f 1769/2492/1621 1770/2493/1641 1843/2586/1642 1842/2585/1622
f 1842/2585/1622 1843/2586/1642 1919/2681/1643 1918/2680/1623
f 1918/2680/1623 1919/2681/1643 1996/2788/1644 1995/2787/1624
f 1995/2787/1624 1996/2788/1644 540/744/1625 539/743/1605
f 540/744/1625 541/745/1645 610/832/1646 609/831/1626
f 609/831/1626 610/832/1646 684/925/1647 683/924/1627
f 683/924/1627 684/925/1647 756/1020/1648 755/1019/1628
f 755/1019/1628 756/1020/1648 851/1157/1649 848/1152/1629
f 848/1152/1629 851/1157/1649 940/1310/1650 939/1309/1630
f 939/1309/1630 940/1310/1650 1012/1402/1651 1011/1401/1631
f 1011/1401/1631 1012/1402/1651 1100/1525/1652 1099/1524/1632
f 1099/1524/1632 1100/1525/1652 1180/1632/1653 1179/1631/1633
f 1179/1631/1633 1180/1632/1653 1250/1727/1654 1247/1724/1634
f 1247/1724/1634 1250/1727/1654 1323/1855/1655 1322/1854/1635
f 1322/1854/1635 1323/1855/1655 1392/1955/1656 1390/1953/1636
f 1390/1953/1636 1392/1955/1656 1479/2069/1657 1478/2068/1637
f 1478/2068/1637 1479/2069/1657 1544/2150/1658 1543/2149/1638
f 1543/2149/1638 1544/2150/1658 1632/2269/1659 1631/2268/1639
f 1631/2268/1639 1632/2269/1659 1706/2406/1660 1705/2405/1640
f 1705/2405/1640 1706/2406/1660 1771/2494/1661 1770/2493/1641
f 1770/2493/1641 1771/2494/1661 1844/2587/1662 1843/2586/1642
f 1843/2586/1642 1844/2587/1662 1920/2682/1663 1919/2681/1643
f 1919/2681/1643 1920/2682/1663 1999/2791/1664 1996/2788/1644
f 1996/2788/1644 1999/2791/1664 541/745/1645 540/744/1625
f 2449/3501/1665 2566/3714/1666 2480/3554/1667
f 2438/3477/1668 2439/3479/1666 2478/3551/1669 2566/3714/1666
f 2439/3479/1666 2567/3716/1666 2481/3555/1670 2568/3718/1666 2441/3483/1666 2440/3481/1671 543/748/1672 2449/3501/1673 2480/3554/1666 2566/3714/1666 2478/3551/1669
f 2481/3555/1670 2567/3716/1666 2448/3499/1674 2568/3718/1666
f 612/836/1675 614/839/1676 688/932/1677 686/929/1678
f 686/929/1678 688/932/1677 759/1025/1679 757/1022/1680
f 757/1022/1680 759/1025/1679 854/1164/1681 852/1160/1682
f 852/1161/1682 854/1165/1681 944/1317/1683 941/1312/1684
f 941/1312/1684 944/1317/1683 1015/1407/1685 1013/1404/1686
f 1013/1404/1686 1015/1407/1685 1104/1530/1687 1102/1528/1688
f 1102/1528/1688 1104/1530/1687 1183/1636/1689 1181/1634/1690
f 1181/1634/1690 1183/1636/1689 1253/1733/1691 1251/1730/1692
f 2559/3703/1693 2560/3704/1694 2569/3721/1695
f 1324/1857/1696 1251/1731/1692 1253/1734/1691 2559/3703/1697 2569/3721/1695 2514/3614/1698 2556/3697/1695 2570/3723/1695 2525/3639/1695 2554/3693/1695 2516/3618/1699
f 2525/3639/1700 2570/3723/1695 2561/3705/1701 2554/3693/1695
f 2556/3697/1695 2514/3614/1698 2569/3721/1695
f 2555/3695/1702 2524/3637/1703 2572/3729/1702 2562/3706/1704
f 2522/3631/1705 2523/3634/1706 2571/3726/1702
f 2571/3727/1702 2523/3635/1707 1396/1961/1708 1393/1957/1709 1324/1857/1696 2516/3618/1699 2515/3616/1702 2555/3695/1702 2562/3706/1704 2572/3729/1702 2518/3622/1702 2553/3691/1710
f 1393/1957/1709 1396/1961/1708 1481/2072/1711 1480/2071/1712
f 1480/2071/1712 1481/2072/1711 1546/2153/1713 1545/2152/1714
f 1545/2152/1714 1546/2153/1713 1635/2275/1715 1633/2272/1716
f 1633/2273/1716 1635/2276/1715 1709/2410/1717 1707/2408/1718
f 1707/2408/1718 1709/2410/1717 1774/2499/1719 1773/2498/1720
f 1773/2498/1720 1774/2499/1719 1846/2590/1721 1845/2589/1722
f 1845/2589/1722 1846/2590/1721 1922/2685/1723 1921/2684/1724
f 1921/2684/1724 1922/2685/1723 2002/2797/1725 2001/2795/1726
f 2482/3556/1727 2476/3548/1728 2447/3497/1729 2477/3550/1728
f 2475/3546/1728 2442/3485/1730 2476/3548/1728
f 2446/3494/1731 2483/3559/1732 543/748/1672 2440/3481/1671 2477/3550/1728 2447/3497/1728 2476/3548/1728 2442/3485/1728 2475/3546/1728 2573/3733/1728
f 2446/3495/1731 2573/3732/1728 2483/3558/1732
f 2486/3563/1733 2575/3737/1734 2451/3505/1735 2574/3735/1734
f 2472/3541/1734 2450/3503/1734 2437/3475/1734 2436/3473/1734 2449/3501/1673 543/748/1672 2433/3467/1736 2574/3735/1734 2451/3505/1734 2575/3737/1734 2435/3471/1734
f 2437/3475/1737 2450/3503/1738 2472/3541/1737 2479/3552/1739
f 614/839/1676 615/840/1740 689/933/1741 688/932/1677
f 688/932/1677 689/933/1741 760/1026/1742 759/1025/1679
f 759/1025/1679 760/1026/1742 857/1169/1743 854/1164/1681
f 854/1165/1681 857/1170/1743 945/1318/1744 944/1317/1683
f 944/1317/1683 945/1318/1744 1018/1412/1745 1015/1407/1685
f 1015/1407/1685 1018/1412/1745 1105/1531/1746 1104/1530/1687
f 1104/1530/1687 1105/1531/1746 1185/1638/1747 1183/1636/1689
f 1183/1636/1689 1185/1638/1747 1255/1736/1748 1253/1733/1691
f 2510/3606/1749 2511/3609/1750 2551/3688/1751 2509/3604/1752
f 2526/3640/1753 2512/3611/1750 2558/3701/1754 2511/3609/1750
f 2510/3606/1750 2509/3604/1750 2527/3642/1750 2576/3739/1750 2508/3602/1750 2507/3600/1755 1325/1858/1756 2559/3703/1693 2513/3613/1750 2512/3611/1750 2526/3640/1753 2511/3609/1750
f 2527/3642/1757 2509/3604/1752 2565/3711/1758 2576/3739/1750
f 2528/3643/1759 2577/3742/1760 2564/3710/1761 2506/3598/1760
f 2505/3595/1762 2578/3745/1760 2552/3689/1763 2577/3741/1764
f 2552/3690/1763 2578/3747/1760 2563/3707/1765 2520/3627/1760 2519/3624/1760 2523/3635/1706 1325/1858/1756 2507/3600/1755 2506/3598/1760 2564/3710/1760 2577/3742/1764
f 2521/3629/1766 2520/3626/1760 2563/3708/1765 2578/3746/1760
f 1396/1961/1708 1397/1962/1767 1482/2073/1768 1481/2072/1711
f 1481/2072/1711 1482/2073/1768 1547/2154/1769 1546/2153/1713
f 1546/2153/1713 1547/2154/1769 1637/2278/1770 1635/2275/1715
f 1635/2276/1715 1637/2279/1770 1710/2411/1771 1709/2410/1717
f 1709/2410/1717 1710/2411/1771 1776/2502/1772 1774/2499/1719
f 1774/2499/1719 1776/2502/1772 1848/2593/1773 1846/2590/1721
f 1846/2590/1721 1848/2593/1773 1923/2686/1774 1922/2685/1723
f 1922/2685/1723 1923/2686/1774 2004/2800/1775 2002/2797/1725
f 2431/3462/1776 2579/3749/1777 2473/3542/1778 2580/3753/1779
f 2445/3492/1779 2443/3488/1779 2444/3490/1779 2483/3559/1780 2002/2798/1725 2004/2801/1775 544/749/1781 2433/3467/1736 2432/3465/1779 2434/3469/1779 2452/3507/1779 2579/3750/1779 2431/3463/1779 2580/3755/1779
f 2484/3560/1782 2443/3487/1779 2445/3493/1783 2580/3754/1779
f 2485/3562/1784 2579/3750/1777 2452/3507/1785 2434/3469/1779
f 544/749/1781 545/750/1786 616/841/1787 615/840/1740
f 615/840/1740 616/841/1787 691/935/1788 689/933/1741
f 689/933/1741 691/935/1788 762/1029/1789 760/1026/1742
f 760/1026/1742 762/1029/1789 858/1171/1790 857/1169/1743
f 857/1170/1743 858/1172/1790 946/1320/1791 945/1318/1744
f 945/1318/1744 946/1320/1791 1019/1413/1792 1018/1412/1745
f 1018/1412/1745 1019/1413/1792 1107/1533/1793 1105/1531/1746
f 1105/1531/1746 1107/1533/1793 1187/1641/1794 1185/1638/1747
f 1185/1638/1747 1187/1641/1794 1257/1739/1795 1255/1736/1748
f 1255/1737/1748 1257/1740/1795 1327/1861/1796 1326/1859/1797
f 1326/1859/1797 1327/1861/1796 1398/1963/1798 1397/1962/1767
f 1397/1962/1767 1398/1963/1798 1484/2076/1799 1482/2073/1768
f 1482/2073/1768 1484/2076/1799 1548/2155/1800 1547/2154/1769
f 1547/2154/1769 1548/2155/1800 1639/2282/1801 1637/2278/1770
f 1637/2279/1770 1639/2283/1801 1711/2413/1802 1710/2411/1771
f 1710/2411/1771 1711/2413/1802 1777/2503/1803 1776/2502/1772
f 1776/2502/1772 1777/2503/1803 1849/2594/1804 1848/2593/1773
f 1848/2593/1773 1849/2594/1804 1924/2687/1805 1923/2686/1774
f 1923/2686/1774 1924/2687/1805 2006/2803/1806 2004/2800/1775
f 2004/2801/1775 2006/2805/1806 545/750/1786 544/749/1781
f 545/750/1786 546/751/1807 617/842/1808 616/841/1787
f 616/841/1787 617/842/1808 693/938/1809 691/935/1788
f 691/935/1788 693/938/1809 764/1032/1810 762/1029/1789
f 762/1030/1789 764/1033/1810 860/1176/1811 858/1173/1790
f 858/1173/1790 860/1176/1811 947/1322/1812 946/1319/1791
f 946/1320/1791 947/1321/1812 1022/1418/1813 1019/1413/1792
f 1019/1413/1792 1022/1418/1813 1109/1535/1814 1107/1533/1793
f 1107/1533/1793 1109/1535/1814 1189/1644/1815 1187/1641/1794
f 1187/1642/1794 1189/1645/1815 1258/1742/1816 1257/1741/1795
f 1257/1741/1795 1258/1742/1816 1328/1863/1817 1327/1860/1796
f 1327/1861/1796 1328/1862/1817 1400/1965/1818 1398/1963/1798
f 1398/1963/1798 1400/1965/1818 1485/2077/1819 1484/2076/1799
f 1484/2076/1799 1485/2077/1819 1549/2157/1820 1548/2155/1800
f 1548/2156/1800 1549/2158/1820 1640/2285/1821 1639/2284/1801
f 1639/2284/1801 1640/2285/1821 1712/2415/1822 1711/2412/1802
f 1711/2413/1802 1712/2414/1822 1778/2504/1823 1777/2503/1803
f 1777/2503/1803 1778/2504/1823 1850/2595/1824 1849/2594/1804
f 1849/2594/1804 1850/2595/1824 1925/2689/1825 1924/2687/1805
f 1924/2688/1805 1925/2690/1825 2009/2809/1826 2006/2804/1806
f 2006/2805/1806 2009/2808/1826 546/751/1807 545/750/1786
f 546/752/1807 547/753/1827 618/844/1828 617/843/1808
f 617/843/1808 618/844/1828 696/944/1829 693/939/1809
f 693/939/1809 696/944/1829 766/1035/1830 764/1033/1810
f 764/1033/1810 766/1035/1830 863/1179/1831 860/1176/1811
f 860/1176/1811 863/1179/1831 948/1323/1832 947/1322/1812
f 947/1322/1812 948/1323/1832 1023/1420/1833 1022/1419/1813
f 1022/1419/1813 1023/1420/1833 1111/1539/1834 1109/1536/1814
f 1109/1536/1814 1111/1539/1834 1191/1647/1835 1189/1645/1815
f 1189/1645/1815 1191/1647/1835 1259/1743/1836 1258/1742/1816
f 1258/1742/1816 1259/1743/1836 1329/1864/1837 1328/1863/1817
f 1328/1863/1817 1329/1864/1837 1402/1968/1838 1400/1966/1818
f 1400/1966/1818 1402/1968/1838 1486/2079/1839 1485/2078/1819
f 1485/2078/1819 1486/2079/1839 1550/2159/1840 1549/2158/1820
f 1549/2158/1820 1550/2159/1840 1642/2287/1841 1640/2285/1821
f 1640/2285/1821 1642/2287/1841 1713/2416/1842 1712/2415/1822
f 1712/2415/1822 1713/2416/1842 1779/2506/1843 1778/2505/1823
f 1778/2505/1823 1779/2506/1843 1852/2599/1844 1850/2596/1824
f 1850/2596/1824 1852/2599/1844 1926/2691/1845 1925/2690/1825
f 1925/2690/1825 1926/2691/1845 2010/2810/1846 2009/2809/1826
f 2009/2809/1826 2010/2810/1846 547/753/1827 546/752/1807
f 547/753/1827 548/754/1847 619/845/1848 618/844/1828
f 618/844/1828 619/845/1848 697/945/1849 696/944/1829
f 696/944/1829 697/945/1849 767/1036/1850 766/1035/1830
f 766/1035/1830 767/1036/1850 865/1181/1851 863/1179/1831
f 863/1179/1831 865/1181/1851 949/1324/1852 948/1323/1832
f 948/1323/1832 949/1324/1852 1025/1423/1853 1023/1420/1833
f 1023/1420/1833 1025/1423/1853 1112/1540/1854 1111/1539/1834
f 1111/1539/1834 1112/1540/1854 1192/1648/1855 1191/1647/1835
f 1191/1647/1835 1192/1648/1855 1260/1744/1856 1259/1743/1836
f 1259/1743/1836 1260/1744/1856 1331/1866/1857 1329/1864/1837
f 1329/1864/1837 1331/1866/1857 1405/1972/1858 1402/1968/1838
f 1402/1968/1838 1405/1972/1858 1487/2080/1859 1486/2079/1839
f 1486/2079/1839 1487/2080/1859 1552/2161/1860 1550/2159/1840
f 1550/2159/1840 1552/2161/1860 1643/2288/1861 1642/2287/1841
f 1642/2287/1841 1643/2288/1861 1714/2417/1862 1713/2416/1842
f 1713/2416/1842 1714/2417/1862 1780/2507/1863 1779/2506/1843
f 1779/2506/1843 1780/2507/1863 1853/2600/1864 1852/2599/1844
f 1852/2599/1844 1853/2600/1864 1927/2692/1865 1926/2691/1845
f 1926/2691/1845 1927/2692/1865 2012/2813/1866 2010/2810/1846
f 2010/2810/1846 2012/2813/1866 548/754/1847 547/753/1827
f 551/758/1867 552/759/1868 623/850/1869 622/849/1870
f 622/849/1870 623/850/1869 703/953/1871 701/951/1872
f 701/951/1872 703/953/1871 770/1040/1873 769/1039/1874
f 769/1039/1874 770/1040/1873 869/1189/1875 867/1185/1876
f 867/1186/1876 869/1190/1875 952/1328/1877 951/1327/1878
f 951/1327/1878 952/1328/1877 1031/1430/1879 1028/1427/1880
f 1028/1427/1880 1031/1430/1879 1116/1546/1881 1114/1543/1882
f 1114/1543/1882 1116/1546/1881 1196/1654/1883 1194/1651/1884
f 1194/1651/1884 1196/1654/1883 1266/1755/1885 1265/1753/1886
f 1265/1754/1886 1266/1756/1885 1334/1870/1887 1333/1869/1888
f 1333/1869/1888 1334/1870/1887 1410/1979/1889 1408/1976/1890
f 1408/1976/1890 1410/1979/1889 1490/2084/1891 1489/2083/1892
f 1489/2083/1892 1490/2084/1891 1556/2166/1893 1554/2164/1894
f 1554/2164/1894 1556/2166/1893 1647/2295/1895 1646/2293/1896
f 1646/2294/1896 1647/2296/1895 1718/2422/1897 1717/2421/1898
f 1717/2421/1898 1718/2422/1897 1786/2515/1899 1785/2514/1900
f 1785/2514/1900 1786/2515/1899 1860/2609/1901 1858/2607/1902
f 1858/2607/1902 1860/2609/1901 1931/2697/1903 1929/2695/1904
f 1929/2695/1904 1931/2697/1903 2016/2821/1905 2015/2819/1906
f 2015/2820/1906 2016/2822/1905 552/759/1868 551/758/1867
f 552/759/1868 553/760/1907 624/851/1908 623/850/1869
f 623/850/1869 624/851/1908 704/954/1909 703/953/1871
f 703/953/1871 704/954/1909 771/1041/1910 770/1040/1873
f 770/1040/1873 771/1041/1910 872/1193/1911 869/1189/1875
f 869/1190/1875 872/1194/1911 953/1329/1912 952/1328/1877
f 952/1328/1877 953/1329/1912 1032/1431/1913 1031/1430/1879
f 1031/1430/1879 1032/1431/1913 1118/1548/1914 1116/1546/1881
f 1116/1546/1881 1118/1548/1914 1197/1655/1915 1196/1654/1883
f 1196/1654/1883 1197/1655/1915 1268/1759/1916 1266/1755/1885
f 1266/1756/1885 1268/1760/1916 1336/1872/1917 1334/1870/1887
f 1334/1870/1887 1336/1872/1917 1412/1981/1918 1410/1979/1889
f 1410/1979/1889 1412/1981/1918 1491/2085/1919 1490/2084/1891
f 1490/2084/1891 1491/2085/1919 1558/2169/1920 1556/2166/1893
f 1556/2166/1893 1558/2169/1920 1649/2299/1921 1647/2295/1895
f 1647/2296/1895 1649/2300/1921 1719/2423/1922 1718/2422/1897
f 1718/2422/1897 1719/2423/1922 1789/2518/1923 1786/2515/1899
f 1786/2515/1899 1789/2518/1923 1861/2610/1924 1860/2609/1901
f 1860/2609/1901 1861/2610/1924 1933/2699/1925 1931/2697/1903
f 1931/2697/1903 1933/2699/1925 2018/2825/1926 2016/2821/1905
f 2016/2822/1905 2018/2826/1926 553/760/1907 552/759/1868
f 553/760/1907 554/761/1927 625/852/1928 624/851/1908
f 624/851/1908 625/852/1928 707/957/1929 704/954/1909
f 704/954/1909 707/957/1929 774/1047/1930 771/1041/1910
f 771/1041/1910 774/1047/1930 873/1195/1931 872/1193/1911
f 872/1194/1911 873/1196/1931 954/1330/1932 953/1329/1912
f 953/1329/1912 954/1330/1932 1033/1432/1933 1032/1431/1913
f 1032/1431/1913 1033/1432/1933 1120/1550/1934 1118/1548/1914
f 1118/1548/1914 1120/1550/1934 1198/1656/1935 1197/1655/1915
f 1197/1655/1915 1198/1656/1935 1269/1761/1936 1268/1759/1916
f 1268/1760/1916 1269/1762/1936 1338/1875/1937 1336/1872/1917
f 1336/1872/1917 1338/1875/1937 1414/1983/1938 1412/1981/1918
f 1412/1981/1918 1414/1983/1938 1492/2086/1939 1491/2085/1919
f 1491/2085/1919 1492/2086/1939 1559/2170/1940 1558/2169/1920
f 1558/2169/1920 1559/2170/1940 1650/2301/1941 1649/2299/1921
f 1649/2300/1921 1650/2302/1941 1720/2424/1942 1719/2423/1922
f 1719/2423/1922 1720/2424/1942 1790/2519/1943 1789/2518/1923
f 1789/2518/1923 1790/2519/1943 1862/2611/1944 1861/2610/1924
f 1861/2610/1924 1862/2611/1944 1934/2700/1945 1933/2699/1925
f 1933/2699/1925 1934/2700/1945 2020/2829/1946 2018/2825/1926
f 2018/2826/1926 2020/2830/1946 554/761/1927 553/760/1907
f 2453/3508/1947 2581/3756/1948 2410/3424/1948 2427/3454/1949 555/762/1950 2471/3538/1951 2409/3422/1948
f 2408/3419/1947 2409/3422/1948 2471/3538/1952 626/853/1953 625/852/1928 554/761/1927 2427/3454/1949 2410/3424/1948 2581/3756/1948
f 625/852/1928 626/853/1953 708/958/1954 707/957/1929
f 707/957/1929 708/958/1954 775/1048/1955 774/1047/1930
f 774/1047/1930 775/1048/1955 874/1197/1956 873/1195/1931
f 873/1196/1931 874/1198/1956 955/1331/1957 954/1330/1932
f 954/1330/1932 955/1331/1957 1036/1437/1958 1033/1432/1933
f 1033/1432/1933 1036/1437/1958 1122/1552/1959 1120/1550/1934
f 1120/1550/1934 1122/1552/1959 1200/1658/1960 1198/1656/1935
f 1198/1656/1935 1200/1658/1960 1270/1763/1961 1269/1761/1936
f 2582/3758/1962 2490/3571/1963 2489/3569/1963 2529/3645/1964 1339/1876/1965
f 2582/3758/1962 1338/1875/1937 1269/1762/1936 1270/1764/1961 2529/3645/1966 2489/3569/1963 2490/3571/1963
f 2488/3567/1967 2487/3565/1967 2530/3647/1967 2531/3649/1967
f 2487/3565/1968 1417/1986/1969 1414/1983/1938 1338/1875/1937 2582/3758/1962 2531/3649/1970 2530/3647/1970
f 2582/3758/1962 1339/1876/1965 2487/3565/1971 2488/3567/1970 2531/3649/1970
f 1414/1983/1938 1417/1986/1969 1494/2088/1972 1492/2086/1939
f 1492/2086/1939 1494/2088/1972 1560/2171/1973 1559/2170/1940
f 1559/2170/1940 1560/2171/1973 1651/2303/1974 1650/2301/1941
f 1650/2302/1941 1651/2304/1974 1721/2425/1975 1720/2424/1942
f 1720/2424/1942 1721/2425/1975 1791/2520/1976 1790/2519/1943
f 1790/2519/1943 1791/2520/1976 1863/2612/1977 1862/2611/1944
f 1862/2611/1944 1863/2612/1977 1935/2701/1978 1934/2700/1945
f 1934/2700/1945 1935/2701/1978 2022/2834/1979 2020/2829/1946
f 2455/3511/1980 2427/3454/1949 554/761/1927 2020/2830/1946 2022/2835/1979 2428/3456/1981 2456/3513/1980 2454/3509/1982 2583/3759/1980
f 2455/3511/1980 2583/3759/1980 2407/3417/1982 2456/3513/1980 2428/3456/1983 555/762/1950 2427/3454/1949
f 2454/3509/1982 2456/3513/1980 2407/3417/1982 2583/3759/1980
f 627/854/1984 626/853/1953 2471/3538/1952 2426/3452/1985 2584/3760/1985 2425/3450/1985 2412/3428/1985 2411/3426/1986
f 555/762/1950 557/764/1987 2411/3426/1988 2412/3428/1985 2425/3450/1985 2584/3760/1985 2426/3452/1985 2471/3538/1951
f 626/853/1953 627/854/1984 710/960/1989 708/958/1954
f 708/958/1954 710/960/1989 777/1051/1990 775/1048/1955
f 775/1048/1955 777/1051/1990 877/1202/1991 874/1197/1956
f 874/1198/1956 877/1203/1991 956/1332/1992 955/1331/1957
f 955/1331/1957 956/1332/1992 1037/1438/1993 1036/1437/1958
f 1036/1437/1958 1037/1438/1993 1124/1554/1994 1122/1552/1959
f 1122/1552/1959 1124/1554/1994 1201/1659/1995 1200/1658/1960
f 1200/1658/1960 1201/1659/1995 1271/1765/1996 1270/1763/1961
f 2529/3644/1966 2585/3761/1997 2549/3684/1998
f 2491/3573/1999 2542/3670/2000 1340/1877/2001 1339/1876/1965 2529/3645/1964 2549/3685/1998 2585/3762/1997 2502/3588/2002 2550/3687/1999
f 2550/3687/2003 2502/3588/2002 2585/3762/1997 2529/3645/1966 1270/1764/1961 1271/1766/1996 2542/3670/2004 2491/3573/2003
f 2504/3593/2005 2495/3578/2006 2533/3654/2007 1418/1987/2008 1417/1986/1969 2487/3565/1968 2503/3590/2005 2586/3763/2005
f 2503/3590/2005 2487/3565/1971 1339/1876/1965 1340/1877/2001 2533/3654/2009 2495/3578/2010 2504/3593/2005 2586/3763/2005
f 1417/1986/1969 1418/1987/2008 1496/2091/2011 1494/2088/1972
f 1494/2088/1972 1496/2091/2011 1561/2172/2012 1560/2171/1973
f 1560/2171/1973 1561/2172/2012 1652/2305/2013 1651/2303/1974
f 1651/2304/1974 1652/2306/2013 1722/2426/2014 1721/2425/1975
f 1721/2425/1975 1722/2426/2014 1792/2521/2015 1791/2520/1976
f 1791/2520/1976 1792/2521/2015 1864/2613/2016 1863/2612/1977
f 1863/2612/1977 1864/2613/2016 1938/2704/2017 1935/2701/1978
f 1935/2701/1978 1938/2704/2017 2023/2836/2018 2022/2834/1979
f 2429/3458/2019 2428/3456/1981 2587/3764/2020
f 2430/3460/2020 2470/3536/2020 2587/3764/2020 2428/3456/1981 2022/2835/1979 2023/2837/2018 2457/3515/2021 2417/3435/2020
f 2457/3515/2022 557/764/1987 555/762/1950 2428/3456/1983 2429/3458/2019 2587/3764/2020 2470/3536/2020 2430/3460/2020 2417/3435/2020
f 2411/3426/1986 2464/3525/2023 2423/3444/2023 2588/3766/2023 2414/3430/2024 628/855/2025 627/854/1984
f 2588/3766/2023 2423/3444/2023 2424/3447/2023 2464/3525/2023 2411/3426/1988 557/764/1987 560/768/2026 2414/3430/2027
f 2423/3445/2023 2464/3526/2023 2424/3448/624
f 627/854/1984 628/855/2025 711/961/2028 710/960/1989
f 710/960/1989 711/961/2028 778/1052/2029 777/1051/1990
f 777/1051/1990 778/1052/2029 879/1205/2030 877/1202/1991
f 877/1203/1991 879/1206/2030 957/1333/2031 956/1332/1992
f 956/1332/1992 957/1333/2031 1039/1441/2032 1037/1438/1993
f 1037/1438/1993 1039/1441/2032 1125/1555/2033 1124/1554/1994
f 1124/1554/1994 1125/1555/2033 1204/1664/2034 1201/1659/1995
f 1201/1659/1995 1204/1664/2034 1272/1767/2035 1271/1765/1996
f 2540/3666/2036 1341/1878/2037 1340/1877/2001 2542/3670/2000 2543/3672/2038 2500/3583/2038 2501/3585/2038 2539/3664/2038
f 2533/3654/2009 1340/1877/2001 1341/1878/2037 2494/3576/2039 2535/3657/2040 2548/3683/2040 2547/3679/2040 2532/3652/2040
f 2548/3682/2040 2532/3651/2040 2547/3680/2041
f 1418/1987/2008 1420/1990/2042 1497/2092/2043 1496/2091/2011
f 1496/2091/2011 1497/2092/2043 1563/2174/2044 1561/2172/2012
f 1561/2172/2012 1563/2174/2044 1653/2307/2045 1652/2305/2013
f 1652/2306/2013 1653/2308/2045 1723/2427/2046 1722/2426/2014
f 1722/2426/2014 1723/2427/2046 1794/2524/2047 1792/2521/2015
f 1792/2521/2015 1794/2524/2047 1866/2615/2048 1864/2613/2016
f 1864/2613/2016 1866/2615/2048 1939/2705/2049 1938/2704/2017
f 1938/2704/2017 1939/2705/2049 2025/2841/2050 2023/2836/2018
f 2590/3771/2051 2457/3515/2021 2023/2837/2018 2025/2842/2050 2458/3517/2052 2589/3767/2051 2418/3436/2051 2469/3532/2051
f 2590/3771/2051 2468/3530/2053 2469/3532/2051 2589/3767/2054 2458/3517/2055 560/768/2026 557/764/1987 2457/3515/2022
f 2469/3533/2051 2418/3437/635 2589/3768/2054
f 2463/3523/2056 2462/3522/2056 2466/3528/2056 2421/3441/2057 561/769/2058 630/858/2059 628/855/2025 2414/3430/2024 2413/3429/2056 2422/3442/2056
f 2465/3527/2060 2463/3523/2056 2422/3442/2061 2413/3429/2056
f 2461/3521/2062 2462/3522/2056 2463/3523/2056
f 2462/3522/2056 2461/3521/2062 2463/3523/2056 2465/3527/2060 2413/3429/2056 2414/3430/2027 560/768/2026 2421/3441/2057 2466/3528/2056
f 628/855/2025 630/858/2059 712/962/2063 711/961/2028
f 711/961/2028 712/962/2063 779/1053/2064 778/1052/2029
f 778/1052/2029 779/1053/2064 880/1207/2065 879/1205/2030
f 879/1206/2030 880/1208/2065 958/1334/2066 957/1333/2031
f 957/1333/2031 958/1334/2066 1041/1444/2067 1039/1441/2032
f 1039/1441/2032 1041/1444/2067 1126/1556/2068 1125/1555/2033
f 1125/1555/2033 1126/1556/2068 1205/1665/2069 1204/1664/2034
f 1204/1664/2034 1205/1665/2069 1273/1769/2070 1272/1767/2035
f 2541/3668/2071 2499/3582/2072 2591/3774/2071 2544/3675/2073
f 2591/3774/2071 2537/3659/2071 2538/3661/2071 2545/3676/2071 2498/3581/2074 1341/1878/2037 2540/3666/2036 2541/3668/2071 2544/3675/2071
f 2493/3575/2075 2536/3658/2075 2497/3580/2075 2498/3581/2074 1343/1882/2076 1423/1993/2077 1420/1990/2042 2494/3576/2078 2534/3655/2075 2546/3677/2079
f 2534/3655/2075 2496/3579/2080 2493/3575/2075 2546/3677/2079
f 2497/3580/2075 2536/3658/2075 2492/3574/2081 2493/3575/2075 2496/3579/2075 2534/3655/2075 2494/3576/2039 1341/1878/2037 2498/3581/2074
f 1420/1990/2042 1423/1993/2077 1498/2093/2082 1497/2092/2043
f 1497/2092/2043 1498/2093/2082 1564/2175/2083 1563/2174/2044
f 1563/2174/2044 1564/2175/2083 1654/2309/2084 1653/2307/2045
f 1653/2308/2045 1654/2310/2084 1724/2428/2085 1723/2427/2046
f 1723/2427/2046 1724/2428/2085 1795/2525/2086 1794/2524/2047
f 1794/2524/2047 1795/2525/2086 1868/2617/2087 1866/2615/2048
f 1866/2615/2048 1868/2617/2087 1941/2707/2088 1939/2705/2049
f 1939/2705/2049 1941/2707/2088 2026/2843/2089 2025/2841/2050
f 2467/3529/2090 2459/3519/2091 2419/3439/2092 2416/3433/2091
f 2415/3431/2093 2460/3520/2091 2420/3440/2091 2421/3441/2057 560/768/2026 2458/3517/2055 2416/3433/2091 2419/3439/2091 2459/3519/2091
f 2459/3519/2091 2460/3520/2091 2415/3431/2093
f 2460/3520/2091 2459/3519/2091 2467/3529/2090 2416/3433/2091 2458/3517/2052 2025/2842/2050 2026/2844/2089 561/769/2058 2421/3441/2057 2420/3440/2091
f 561/769/2058 562/770/2094 631/859/2095 630/858/2059
f 630/858/2059 631/859/2095 714/964/2096 712/962/2063
f 712/962/2063 714/964/2096 781/1055/2097 779/1053/2064
f 779/1053/2064 781/1055/2097 882/1210/2098 880/1207/2065
f 880/1208/2065 882/1211/2098 959/1335/2099 958/1334/2066
f 958/1334/2066 959/1335/2099 1042/1445/2100 1041/1444/2067
f 1041/1444/2067 1042/1445/2100 1127/1557/2101 1126/1556/2068
f 1126/1556/2068 1127/1557/2101 1206/1666/2102 1205/1665/2069
f 1205/1665/2069 1206/1666/2102 1274/1771/2103 1273/1769/2070
f 1273/1770/2070 1274/1772/2103 1344/1883/2104 1343/1882/2076
f 1343/1882/2076 1344/1883/2104 1425/1995/2105 1423/1993/2077
f 1423/1993/2077 1425/1995/2105 1499/2094/2106 1498/2093/2082
f 1498/2093/2082 1499/2094/2106 1566/2178/2107 1564/2175/2083
f 1564/2175/2083 1566/2178/2107 1655/2311/2108 1654/2309/2084
f 1654/2310/2084 1655/2312/2108 1725/2429/2109 1724/2428/2085
f 1724/2428/2085 1725/2429/2109 1798/2528/2110 1795/2525/2086
f 1795/2525/2086 1798/2528/2110 1871/2620/2111 1868/2617/2087
f 1868/2617/2087 1871/2620/2111 1943/2709/2112 1941/2707/2088
f 1941/2707/2088 1943/2709/2112 2027/2845/2113 2026/2843/2089
f 2026/2844/2089 2027/2846/2113 562/770/2094 561/769/2058
f 562/770/2094 565/775/2114 633/862/2115 631/859/2095
f 631/859/2095 633/862/2115 716/966/2116 714/964/2096
f 714/964/2096 716/966/2116 783/1057/2117 781/1055/2097
f 781/1055/2097 783/1057/2117 884/1213/2118 882/1210/2098
f 882/1211/2098 884/1214/2118 961/1337/2119 959/1335/2099
f 959/1335/2099 961/1337/2119 1043/1446/2120 1042/1445/2100
f 1042/1445/2100 1043/1446/2120 1128/1558/2121 1127/1557/2101
f 1127/1557/2101 1128/1558/2121 1207/1667/2122 1206/1666/2102
f 1206/1666/2102 1207/1667/2122 1275/1773/2123 1274/1771/2103
f 1274/1772/2103 1275/1774/2123 1345/1884/2124 1344/1883/2104
f 1344/1883/2104 1345/1884/2124 1427/1997/2125 1425/1995/2105
f 1425/1995/2105 1427/1997/2125 1501/2096/2126 1499/2094/2106
f 1499/2094/2106 1501/2096/2126 1568/2181/2127 1566/2178/2107
f 1566/2178/2107 1568/2181/2127 1656/2313/2128 1655/2311/2108
f 1655/2312/2108 1656/2314/2128 1726/2430/2129 1725/2429/2109
f 1725/2429/2109 1726/2430/2129 1799/2529/2130 1798/2528/2110
f 1798/2528/2110 1799/2529/2130 1872/2621/2131 1871/2620/2111
f 1871/2620/2111 1872/2621/2131 1945/2711/2132 1943/2709/2112
f 1943/2709/2112 1945/2711/2132 2028/2847/2133 2027/2845/2113
f 2027/2846/2113 2028/2848/2133 565/775/2114 562/770/2094
f 565/775/2114 566/776/2134 635/864/2135 633/862/2115
f 633/862/2115 635/864/2135 717/967/2136 716/966/2116
f 716/966/2116 717/967/2136 785/1060/2137 783/1057/2117
f 783/1057/2117 785/1060/2137 886/1216/2138 884/1213/2118
f 884/1214/2118 886/1217/2138 962/1338/2139 961/1337/2119
f 961/1337/2119 962/1338/2139 1046/1449/2140 1043/1446/2120
f 1043/1446/2120 1046/1449/2140 1130/1560/2141 1128/1558/2121
f 1128/1558/2121 1130/1560/2141 1208/1668/2142 1207/1667/2122
f 1207/1667/2122 1208/1668/2142 1276/1775/2143 1275/1773/2123
f 1275/1774/2123 1276/1776/2143 1346/1885/2144 1345/1884/2124
f 1345/1884/2124 1346/1885/2144 1429/2000/2145 1427/1997/2125
f 1427/1997/2125 1429/2000/2145 1502/2097/2146 1501/2096/2126
f 1501/2096/2126 1502/2097/2146 1570/2184/2147 1568/2181/2127
f 1568/2181/2127 1570/2184/2147 1657/2315/2148 1656/2313/2128
f 1656/2314/2128 1657/2316/2148 1727/2431/2149 1726/2430/2129
f 1726/2430/2129 1727/2431/2149 1801/2531/2150 1799/2529/2130
f 1799/2529/2130 1801/2531/2150 1874/2624/2151 1872/2621/2131
f 1872/2621/2131 1874/2624/2151 1946/2712/2152 1945/2711/2132
f 1945/2711/2132 1946/2712/2152 2029/2849/2153 2028/2847/2133
f 2028/2848/2133 2029/2850/2153 566/776/2134 565/775/2114
f 566/776/2134 567/777/2154 637/866/2155 635/864/2135
f 635/864/2135 637/866/2155 718/968/2156 717/967/2136
f 717/967/2136 718/968/2156 787/1063/2157 785/1060/2137
f 785/1060/2137 787/1063/2157 887/1218/2158 886/1216/2138
f 886/1217/2138 887/1219/2158 963/1339/2159 962/1338/2139
f 962/1338/2139 963/1339/2159 1047/1450/2160 1046/1449/2140
f 1046/1449/2140 1047/1450/2160 1132/1562/2161 1130/1560/2141
f 1130/1560/2141 1132/1562/2161 1209/1669/2162 1208/1668/2142
f 1208/1668/2142 1209/1669/2162 1277/1777/2163 1276/1775/2143
f 1276/1776/2143 1277/1778/2163 1347/1886/2164 1346/1885/2144
f 1346/1885/2144 1347/1886/2164 1430/2001/2165 1429/2000/2145
f 1429/2000/2145 1430/2001/2165 1503/2098/2166 1502/2097/2146
f 1502/2097/2146 1503/2098/2166 1571/2185/2167 1570/2184/2147
f 1570/2184/2147 1571/2185/2167 1659/2318/2168 1657/2315/2148
f 1657/2316/2148 1659/2319/2168 1728/2432/2169 1727/2431/2149
f 1727/2431/2149 1728/2432/2169 1804/2536/2170 1801/2531/2150
f 1801/2531/2150 1804/2536/2170 1875/2625/2171 1874/2624/2151
f 1874/2624/2151 1875/2625/2171 1947/2713/2172 1946/2712/2152
f 1946/2712/2152 1947/2713/2172 2030/2851/2173 2029/2849/2153
f 2029/2850/2153 2030/2852/2173 567/777/2154 566/776/2134
f 568/778/2174 570/781/2175 640/869/2176 639/868/2177
f 639/868/2177 640/869/2176 720/970/2178 719/969/2179
f 719/969/2179 720/970/2178 791/1068/2180 789/1066/2181
f 789/1066/2181 791/1068/2180 890/1223/2182 889/1221/2183
f 889/1222/2183 890/1224/2182 965/1341/2184 964/1340/2185
f 964/1340/2185 965/1341/2184 1050/1453/2186 1048/1451/2187
f 1048/1451/2187 1050/1453/2186 1136/1567/2188 1134/1564/2189
f 1134/1564/2189 1136/1567/2188 1211/1671/2190 1210/1670/2191
f 1210/1670/2191 1211/1671/2190 1279/1781/2192 1278/1779/2193
f 1278/1780/2193 1279/1782/2192 1350/1891/2194 1348/1887/2195
f 1348/1887/2195 1350/1891/2194 1433/2004/2196 1432/2003/2197
f 1432/2003/2197 1433/2004/2196 1505/2100/2198 1504/2099/2199
f 1504/2099/2199 1505/2100/2198 1574/2188/2200 1572/2186/2201
f 1572/2186/2201 1574/2188/2200 1661/2322/2202 1660/2320/2203
f 1660/2321/2203 1661/2323/2202 1730/2434/2204 1729/2433/2205
f 1729/2433/2205 1730/2434/2204 1807/2539/2206 1805/2537/2207
f 1805/2537/2207 1807/2539/2206 1877/2627/2208 1876/2626/2209
f 1876/2626/2209 1877/2627/2208 1950/2716/2210 1948/2714/2211
f 1948/2714/2211 1950/2716/2210 2033/2856/2212 2032/2854/2213
f 2032/2855/2213 2033/2857/2212 570/781/2175 568/778/2174
f 570/781/2175 572/783/2214 642/871/2215 640/869/2176
f 640/869/2176 642/871/2215 721/971/2216 720/970/2178
f 720/970/2178 721/971/2216 793/1071/2217 791/1068/2180
f 791/1068/2180 793/1071/2217 891/1225/2218 890/1223/2182
f 890/1224/2182 891/1226/2218 966/1342/2219 965/1341/2184
f 965/1341/2184 966/1342/2219 1052/1456/2220 1050/1453/2186
f 1050/1453/2186 1052/1456/2220 1138/1570/2221 1136/1567/2188
f 1136/1567/2188 1138/1570/2221 1212/1672/2222 1211/1671/2190
f 1211/1671/2190 1212/1672/2222 1280/1783/2223 1279/1781/2192
f 1279/1782/2192 1280/1784/2223 1351/1892/2224 1350/1891/2194
f 1350/1891/2194 1351/1892/2224 1436/2007/2225 1433/2004/2196
f 1433/2004/2196 1436/2007/2225 1507/2102/2226 1505/2100/2198
f 1505/2100/2198 1507/2102/2226 1576/2190/2227 1574/2188/2200
f 1574/2188/2200 1576/2190/2227 1662/2324/2228 1661/2322/2202
f 1661/2323/2202 1662/2325/2228 1731/2435/2229 1730/2434/2204
f 1730/2434/2204 1731/2435/2229 1809/2541/2230 1807/2539/2206
f 1807/2539/2206 1809/2541/2230 1878/2628/2231 1877/2627/2208
f 1877/2627/2208 1878/2628/2231 1951/2717/2232 1950/2716/2210
f 1950/2716/2210 1951/2717/2232 2034/2858/2233 2033/2856/2212
f 2033/2857/2212 2034/2859/2233 572/783/2214 570/781/2175
f 572/783/2214 575/786/2234 644/873/2235 642/871/2215
f 642/871/2215 644/873/2235 722/972/2236 721/971/2216
f 721/971/2216 722/972/2236 794/1072/2237 793/1071/2217
f 793/1071/2217 794/1072/2237 893/1228/2238 891/1225/2218
f 891/1226/2218 893/1229/2238 967/1343/2239 966/1342/2219
f 966/1342/2219 967/1343/2239 1054/1458/2240 1052/1456/2220
f 1052/1456/2220 1054/1458/2240 1140/1573/2241 1138/1570/2221
f 1138/1570/2221 1140/1573/2241 1213/1673/2242 1212/1672/2222
f 1212/1672/2222 1213/1673/2242 1281/1785/2243 1280/1783/2223
f 1280/1784/2223 1281/1786/2243 1352/1893/2244 1351/1892/2224
f 1351/1892/2224 1352/1893/2244 1437/2008/2245 1436/2007/2225
f 1436/2007/2225 1437/2008/2245 1508/2103/2246 1507/2102/2226
f 1507/2102/2226 1508/2103/2246 1578/2192/2247 1576/2190/2227
f 1576/2190/2227 1578/2192/2247 1664/2327/2248 1662/2324/2228
f 1662/2325/2228 1664/2328/2248 1732/2436/2249 1731/2435/2229
f 1731/2435/2229 1732/2436/2249 1810/2542/2250 1809/2541/2230
f 1809/2541/2230 1810/2542/2250 1879/2629/2251 1878/2628/2231
f 1878/2628/2231 1879/2629/2251 1952/2718/2252 1951/2717/2232
f 1951/2717/2232 1952/2718/2252 2036/2862/2253 2034/2858/2233
f 2034/2859/2233 2036/2863/2253 575/786/2234 572/783/2214
f 575/786/2234 577/788/2254 645/874/2255 644/873/2235
f 644/873/2235 645/874/2255 723/973/2256 722/972/2236
f 722/972/2236 723/973/2256 796/1075/2257 794/1072/2237
f 794/1072/2237 796/1075/2257 895/1231/2258 893/1228/2238
f 893/1229/2238 895/1233/2258 968/1344/2259 967/1343/2239
f 967/1343/2239 968/1344/2259 1056/1461/2260 1054/1458/2240
f 1054/1458/2240 1056/1461/2260 1141/1574/2261 1140/1573/2241
f 1140/1573/2241 1141/1574/2261 1214/1674/2262 1213/1673/2242
f 1213/1673/2242 1214/1674/2262 1283/1788/2263 1281/1785/2243
f 1281/1786/2243 1283/1790/2263 1353/1894/2264 1352/1893/2244
f 1352/1893/2244 1353/1894/2264 1439/2010/2265 1437/2008/2245
f 1437/2008/2245 1439/2010/2265 1509/2104/2266 1508/2103/2246
f 1508/2103/2246 1509/2104/2266 1579/2193/2267 1578/2192/2247
f 1578/2192/2247 1579/2193/2267 1666/2330/2268 1664/2327/2248
f 1664/2328/2248 1666/2332/2268 1733/2437/2269 1732/2436/2249
f 1732/2436/2249 1733/2437/2269 1812/2544/2270 1810/2542/2250
f 1810/2542/2250 1812/2544/2270 1880/2630/2271 1879/2629/2251
f 1879/2629/2251 1880/2630/2271 1953/2719/2272 1952/2718/2252
f 1952/2718/2252 1953/2719/2272 2037/2864/2273 2036/2862/2253
f 2036/2863/2253 2037/2866/2273 577/788/2254 575/786/2234
f 577/788/2254 579/790/2274 646/875/2275 645/874/2255
f 645/874/2255 646/875/2275 724/974/2276 723/973/2256
f 723/973/2256 724/974/2276 798/1079/2277 796/1075/2257
f 796/1076/2257 798/1080/2277 897/1236/2278 895/1232/2258
f 895/1233/2258 897/1235/2278 969/1345/2279 968/1344/2259
f 968/1344/2259 969/1345/2279 1058/1463/2280 1056/1461/2260
f 1056/1461/2260 1058/1463/2280 1143/1577/2281 1141/1574/2261
f 1141/1574/2261 1143/1577/2281 1215/1676/2282 1214/1674/2262
f 1214/1675/2262 1215/1677/2282 1284/1792/2283 1283/1789/2263
f 1283/1790/2263 1284/1791/2283 1354/1895/2284 1353/1894/2264
f 1353/1894/2264 1354/1895/2284 1441/2014/2285 1439/2010/2265
f 1439/2010/2265 1441/2014/2285 1510/2105/2286 1509/2104/2266
f 1509/2104/2266 1510/2105/2286 1580/2195/2287 1579/2193/2267
f 1579/2194/2267 1580/2196/2287 1667/2334/2288 1666/2331/2268
f 1666/2332/2268 1667/2333/2288 1734/2438/2289 1733/2437/2269
f 1733/2437/2269 1734/2438/2289 1813/2545/2290 1812/2544/2270
f 1812/2544/2270 1813/2545/2290 1881/2631/2291 1880/2630/2271
f 1880/2630/2271 1881/2631/2291 1954/2721/2292 1953/2719/2272
f 1953/2720/2272 1954/2722/2292 2038/2868/2293 2037/2865/2273
f 2037/2866/2273 2038/2867/2293 579/790/2274 577/788/2254
f 579/791/2274 580/792/2294 647/877/2295 646/876/2275
f 646/876/2275 647/877/2295 726/977/2296 724/975/2276
f 724/975/2276 726/977/2296 800/1083/2297 798/1080/2277
f 798/1080/2277 800/1083/2297 899/1238/2298 897/1236/2278
f 897/1236/2278 899/1238/2298 970/1347/2299 969/1346/2279
f 969/1346/2279 970/1347/2299 1059/1465/2300 1058/1464/2280
f 1058/1464/2280 1059/1465/2300 1144/1579/2301 1143/1578/2281
f 1143/1578/2281 1144/1579/2301 1216/1678/2302 1215/1677/2282
f 1215/1677/2282 1216/1678/2302 1285/1793/2303 1284/1792/2283
f 1284/1792/2283 1285/1793/2303 1355/1897/2304 1354/1896/2284
f 1354/1896/2284 1355/1897/2304 1443/2018/2305 1441/2015/2285
f 1441/2015/2285 1443/2018/2305 1511/2107/2306 1510/2106/2286
f 1510/2106/2286 1511/2107/2306 1581/2197/2307 1580/2196/2287
f 1580/2196/2287 1581/2197/2307 1668/2335/2308 1667/2334/2288
f 1667/2334/2288 1668/2335/2308 1735/2440/2309 1734/2439/2289
f 1734/2439/2289 1735/2440/2309 1816/2549/2310 1813/2546/2290
f 1813/2546/2290 1816/2549/2310 1883/2634/2311 1881/2632/2291
f 1881/2632/2291 1883/2634/2311 1955/2723/2312 1954/2722/2292
f 1954/2722/2292 1955/2723/2312 2039/2869/2313 2038/2868/2293
f 2038/2868/2293 2039/2869/2313 580/792/2294 579/791/2274
f 582/795/1486 583/796/2314 652/883/2315 651/882/1487
f 651/882/1487 652/883/2315 729/981/2316 728/980/1489
f 728/980/1489 729/981/2316 806/1090/2317 805/1089/1491
f 805/1089/1491 806/1090/2317 904/1246/2318 902/1243/1493
f 902/1244/1493 904/1247/2318 974/1352/2319 973/1351/1495
f 973/1351/1495 974/1352/2319 1064/1471/2320 1062/1469/1497
f 1062/1469/1497 1064/1471/2320 1150/1588/2321 1148/1586/1499
f 1148/1586/1499 1150/1588/2321 1219/1682/2322 1218/1681/1501
f 1218/1681/1501 1219/1682/2322 1290/1801/2323 1288/1798/1503
f 1288/1799/1503 1290/1802/2323 1358/1901/2324 1357/1900/1505
f 1357/1900/1505 1358/1901/2324 1446/2022/2325 1445/2021/1507
f 1445/2021/1507 1446/2022/2325 1515/2112/2326 1513/2110/1509
f 1513/2110/1509 1515/2112/2326 1586/2204/2327 1584/2201/1511
f 1584/2201/1511 1586/2204/2327 1673/2345/2328 1672/2343/1513
f 1672/2344/1513 1673/2346/2328 1740/2447/2329 1738/2444/1515
f 1738/2444/1515 1740/2447/2329 1819/2553/2330 1818/2552/1517
f 1818/2552/1517 1819/2553/2330 1887/2639/2331 1886/2638/1519
f 1886/2638/1519 1887/2639/2331 1959/2729/2332 1958/2728/1521
f 1958/2728/1521 1959/2729/2332 2043/2876/2333 2042/2874/1523
f 2042/2875/1523 2043/2877/2333 583/796/2314 582/795/1486
f 583/796/2314 584/797/2334 653/884/2335 652/883/2315
f 652/883/2315 653/884/2335 731/985/2336 729/981/2316
f 729/981/2316 731/985/2336 808/1092/2337 806/1090/2317
f 806/1090/2317 808/1092/2337 907/1250/2338 904/1246/2318
f 904/1247/2318 907/1251/2338 976/1354/2339 974/1352/2319
f 974/1352/2319 976/1354/2339 1065/1472/2340 1064/1471/2320
f 1064/1471/2320 1065/1472/2340 1152/1592/2341 1150/1588/2321
f 1150/1588/2321 1152/1592/2341 1220/1683/2342 1219/1682/2322
f 1219/1682/2322 1220/1683/2342 1291/1803/2343 1290/1801/2323
f 1290/1802/2323 1291/1804/2343 1359/1902/2344 1358/1901/2324
f 1358/1901/2324 1359/1902/2344 1449/2025/2345 1446/2022/2325
f 1446/2022/2325 1449/2025/2345 1517/2114/2346 1515/2112/2326
f 1515/2112/2326 1517/2114/2346 1589/2207/2347 1586/2204/2327
f 1586/2204/2327 1589/2207/2347 1675/2349/2348 1673/2345/2328
f 1673/2346/2328 1675/2350/2348 1742/2449/2349 1740/2447/2329
f 1740/2447/2329 1742/2449/2349 1821/2556/2350 1819/2553/2330
f 1819/2553/2330 1821/2556/2350 1888/2640/2351 1887/2639/2331
f 1887/2639/2331 1888/2640/2351 1960/2730/2352 1959/2729/2332
f 1959/2729/2332 1960/2730/2352 2044/2878/2353 2043/2876/2333
f 2043/2877/2333 2044/2879/2353 584/797/2334 583/796/2314
f 584/797/2334 585/798/2354 655/886/2355 653/884/2335
f 653/884/2335 655/886/2355 733/988/2356 731/985/2336
f 731/985/2336 733/988/2356 810/1094/2357 808/1092/2337
f 808/1092/2337 810/1094/2357 909/1254/2358 907/1250/2338
f 907/1251/2338 909/1255/2358 977/1355/2359 976/1354/2339
f 976/1354/2339 977/1355/2359 1066/1473/2360 1065/1472/2340
f 1065/1472/2340 1066/1473/2360 1153/1593/2361 1152/1592/2341
f 1152/1592/2341 1153/1593/2361 1221/1684/2362 1220/1683/2342
f 1220/1683/2342 1221/1684/2362 1293/1806/2363 1291/1803/2343
f 1291/1804/2343 1293/1807/2363 1360/1903/2364 1359/1902/2344
f 1359/1902/2344 1360/1903/2364 1450/2026/2365 1449/2025/2345
f 1449/2025/2345 1450/2026/2365 1518/2115/2366 1517/2114/2346
f 1517/2114/2346 1518/2115/2366 1591/2209/2367 1589/2207/2347
f 1589/2207/2347 1591/2209/2367 1676/2351/2368 1675/2349/2348
f 1675/2350/2348 1676/2352/2368 1743/2450/2369 1742/2449/2349
f 1742/2449/2349 1743/2450/2369 1822/2557/2370 1821/2556/2350
f 1821/2556/2350 1822/2557/2370 1890/2642/2371 1888/2640/2351
f 1888/2640/2351 1890/2642/2371 1962/2733/2372 1960/2730/2352
f 1960/2730/2352 1962/2733/2372 2045/2880/2373 2044/2878/2353
f 2044/2879/2353 2045/2881/2373 585/798/2354 584/797/2334
f 585/798/2354 586/799/2374 657/888/2375 655/886/2355
f 655/886/2355 657/888/2375 734/989/2376 733/988/2356
f 733/988/2356 734/989/2376 813/1097/2377 810/1094/2357
f 810/1094/2357 813/1097/2377 910/1256/2378 909/1254/2358
f 909/1255/2358 910/1257/2378 979/1359/2379 977/1355/2359
f 977/1355/2359 979/1359/2379 1068/1475/2380 1066/1473/2360
f 1066/1473/2360 1068/1475/2380 1154/1594/2381 1153/1593/2361
f 1153/1593/2361 1154/1594/2381 1222/1685/2382 1221/1684/2362
f 1221/1684/2362 1222/1685/2382 1295/1809/2383 1293/1806/2363
f 1293/1807/2363 1295/1810/2383 1362/1906/2384 1360/1903/2364
f 1360/1903/2364 1362/1906/2384 1453/2032/2385 1450/2026/2365
f 1450/2026/2365 1453/2032/2385 1519/2116/2386 1518/2115/2366
f 1518/2115/2366 1519/2116/2386 1593/2211/2387 1591/2209/2367
f 1591/2209/2367 1593/2211/2387 1678/2355/2388 1676/2351/2368
f 1676/2352/2368 1678/2356/2388 1744/2452/2389 1743/2450/2369
f 1743/2450/2369 1744/2452/2389 1823/2558/2390 1822/2557/2370
f 1822/2557/2370 1823/2558/2390 1892/2644/2391 1890/2642/2371
f 1890/2642/2371 1892/2644/2391 1965/2736/2392 1962/2733/2372
f 1962/2733/2372 1965/2736/2392 2047/2883/2393 2045/2880/2373
f 2045/2881/2373 2047/2884/2393 586/799/2374 585/798/2354
f 586/799/2374 587/801/2394 658/889/2395 657/888/2375
f 657/888/2375 658/889/2395 736/992/2396 734/989/2376
f 734/990/2376 736/993/2396 814/1099/2397 813/1098/2377
f 813/1098/2377 814/1099/2397 912/1261/2398 910/1258/2378
f 910/1258/2378 912/1261/2398 980/1361/2399 979/1358/2379
f 979/1359/2379 980/1360/2399 1070/1477/2400 1068/1475/2380
f 1068/1475/2380 1070/1477/2400 1157/1600/2401 1154/1594/2381
f 1154/1595/2381 1157/1601/2401 1224/1688/2402 1222/1686/2382
f 1222/1686/2382 1224/1688/2402 1297/1813/2403 1295/1811/2383
f 1295/1811/2383 1297/1813/2403 1363/1908/2404 1362/1905/2384
f 1362/1906/2384 1363/1907/2404 1455/2035/2405 1453/2032/2385
f 1453/2032/2385 1455/2035/2405 1521/2120/2406 1519/2116/2386
f 1519/2117/2386 1521/2121/2406 1595/2215/2407 1593/2212/2387
f 1593/2212/2387 1595/2215/2407 1680/2360/2408 1678/2357/2388
f 1678/2357/2388 1680/2360/2408 1745/2454/2409 1744/2451/2389
f 1744/2452/2389 1745/2453/2409 1825/2561/2410 1823/2558/2390
f 1823/2558/2390 1825/2561/2410 1893/2646/2411 1892/2644/2391
f 1892/2645/2391 1893/2647/2411 1966/2738/2412 1965/2737/2392
f 1965/2737/2392 1966/2738/2412 2048/2886/2413 2047/2885/2393
f 2047/2885/2393 2048/2886/2413 587/802/2394 586/800/2374
f 587/802/2394 588/803/2414 659/891/2415 658/890/2395
f 658/890/2395 659/891/2415 737/994/2416 736/993/2396
f 736/993/2396 737/994/2416 815/1100/2417 814/1099/2397
f 814/1099/2397 815/1100/2417 913/1262/2418 912/1261/2398
f 912/1261/2398 913/1262/2418 982/1363/2419 980/1361/2399
f 980/1361/2399 982/1363/2419 1072/1481/2420 1070/1478/2400
f 1070/1478/2400 1072/1481/2420 1159/1604/2421 1157/1601/2401
f 1157/1601/2401 1159/1604/2421 1226/1690/2422 1224/1688/2402
f 1224/1688/2402 1226/1690/2422 1299/1815/2423 1297/1813/2403
f 1297/1813/2403 1299/1815/2423 1365/1910/2424 1363/1908/2404
f 1363/1908/2404 1365/1910/2424 1457/2039/2425 1455/2036/2405
f 1455/2036/2405 1457/2039/2425 1523/2123/2426 1521/2121/2406
f 1521/2121/2406 1523/2123/2426 1596/2216/2427 1595/2215/2407
f 1595/2215/2407 1596/2216/2427 1683/2365/2428 1680/2360/2408
f 1680/2360/2408 1683/2365/2428 1746/2455/2429 1745/2454/2409
f 1745/2454/2409 1746/2455/2429 1826/2563/2430 1825/2562/2410
f 1825/2562/2410 1826/2563/2430 1895/2650/2431 1893/2647/2411
f 1893/2647/2411 1895/2650/2431 1968/2741/2432 1966/2738/2412
f 1966/2738/2412 1968/2741/2432 2049/2887/2433 2048/2886/2413
f 2048/2886/2413 2049/2887/2433 588/803/2414 587/802/2394
f 588/803/2414 589/804/2434 662/894/2435 659/891/2415
f 659/891/2415 662/894/2435 738/995/2436 737/994/2416
f 737/994/2416 738/995/2436 818/1103/2437 815/1100/2417
f 815/1100/2417 818/1103/2437 915/1265/2438 913/1262/2418
f 913/1262/2418 915/1265/2438 983/1364/2439 982/1363/2419
f 982/1363/2419 983/1364/2439 1074/1483/2440 1072/1481/2420
f 1072/1481/2420 1074/1483/2440 1160/1605/2441 1159/1604/2421
f 1159/1604/2421 1160/1605/2441 1227/1691/2442 1226/1690/2422
f 1226/1690/2422 1227/1691/2442 1301/1818/2443 1299/1815/2423
f 1299/1815/2423 1301/1818/2443 1366/1911/2444 1365/1910/2424
f 1365/1910/2424 1366/1911/2444 1459/2042/2445 1457/2039/2425
f 1457/2039/2425 1459/2042/2445 1524/2124/2446 1523/2123/2426
f 1523/2123/2426 1524/2124/2446 1599/2219/2447 1596/2216/2427
f 1596/2216/2427 1599/2219/2447 1684/2366/2448 1683/2365/2428
f 1683/2365/2428 1684/2366/2448 1747/2456/2449 1746/2455/2429
f 1746/2455/2429 1747/2456/2449 1827/2564/2450 1826/2563/2430
f 1826/2563/2430 1827/2564/2450 1896/2651/2451 1895/2650/2431
f 1895/2650/2431 1896/2651/2451 1969/2742/2452 1968/2741/2432
f 1968/2741/2432 1969/2742/2452 2051/2889/2453 2049/2887/2433
f 2049/2887/2433 2051/2889/2453 589/804/2434 588/803/2414
f 589/804/2434 590/805/2454 664/896/2455 662/894/2435
f 662/894/2435 664/896/2455 740/998/2456 738/995/2436
f 738/995/2436 740/998/2456 819/1104/2457 818/1103/2437
f 818/1103/2437 819/1104/2457 917/1268/2458 915/1265/2438
f 915/1265/2438 917/1268/2458 984/1365/2459 983/1364/2439
f 983/1364/2439 984/1365/2459 1075/1484/2460 1074/1483/2440
f 1074/1483/2440 1075/1484/2460 1161/1606/2461 1160/1605/2441
f 1160/1605/2441 1161/1606/2461 1228/1692/2462 1227/1691/2442
f 1227/1691/2442 1228/1692/2462 1302/1819/2463 1301/1818/2443
f 1301/1818/2443 1302/1819/2463 1367/1912/2464 1366/1911/2444
f 1366/1911/2444 1367/1912/2464 1460/2043/2465 1459/2042/2445
f 1459/2042/2445 1460/2043/2465 1525/2125/2466 1524/2124/2446
f 1524/2124/2446 1525/2125/2466 1600/2220/2467 1599/2219/2447
f 1599/2219/2447 1600/2220/2467 1686/2369/2468 1684/2366/2448
f 1684/2366/2448 1686/2369/2468 1748/2457/2469 1747/2456/2449
f 1747/2456/2449 1748/2457/2469 1828/2565/2470 1827/2564/2450
f 1827/2564/2450 1828/2565/2470 1898/2654/2471 1896/2651/2451
f 1896/2651/2451 1898/2654/2471 1972/2747/2472 1969/2742/2452
f 1969/2742/2452 1972/2747/2472 2052/2890/2473 2051/2889/2453
f 2051/2889/2453 2052/2890/2473 590/805/2454 589/804/2434
f 594/811/2474 595/812/2475 669/903/2476 668/902/2477
f 668/902/2477 669/903/2476 744/1004/2478 743/1003/2479
f 743/1003/2479 744/1004/2478 827/1117/2480 826/1115/2481
f 826/1115/2481 827/1117/2480 923/1279/2482 922/1278/2483
f 922/1278/2483 923/1279/2482 990/1373/2484 989/1372/2485
f 989/1372/2485 990/1373/2484 1081/1495/2486 1078/1489/2487
f 1078/1489/2487 1081/1495/2486 1165/1612/2488 1164/1611/2489
f 1164/1611/2489 1165/1612/2488 1232/1699/2490 1231/1697/2491
f 1231/1697/2491 1232/1699/2490 1308/1830/2492 1306/1828/2493
f 1306/1828/2493 1308/1830/2492 1372/1920/2494 1371/1919/2495
f 1371/1919/2495 1372/1920/2494 1465/2051/2496 1463/2048/2497
f 1463/2048/2497 1465/2051/2496 1530/2132/2498 1529/2131/2499
f 1529/2131/2499 1530/2132/2498 1608/2232/2500 1606/2229/2501
f 1606/2229/2501 1608/2232/2500 1693/2383/2502 1691/2381/2503
f 1691/2381/2503 1693/2383/2502 1756/2469/2504 1755/2468/2505
f 1755/2468/2505 1756/2469/2504 1833/2572/2506 1832/2571/2507
f 1832/2571/2507 1833/2572/2506 1904/2662/2508 1903/2661/2509
f 1903/2661/2509 1904/2662/2508 1978/2757/2510 1976/2754/2511
f 1976/2754/2511 1978/2757/2510 2056/2898/2512 2055/2897/2513
f 2055/2897/2513 2056/2898/2512 595/812/2475 594/811/2474
f 595/813/2475 598/816/2514 670/905/2515 669/904/2476
f 669/904/2476 670/905/2515 745/1006/2516 744/1005/2478
f 744/1005/2478 745/1006/2516 829/1120/2517 827/1116/2480
f 827/1117/2480 829/1119/2517 926/1285/2518 923/1279/2482
f 923/1280/2482 926/1287/2518 992/1376/2519 990/1374/2484
f 990/1374/2484 992/1376/2519 1083/1500/2520 1081/1496/2486
f 1081/1496/2486 1083/1500/2520 1166/1614/2521 1165/1613/2488
f 1165/1613/2488 1166/1614/2521 1235/1703/2522 1232/1698/2490
f 1232/1699/2490 1235/1702/2522 1309/1831/2523 1308/1830/2492
f 1308/1830/2492 1309/1831/2523 1374/1925/2524 1372/1920/2494
f 1372/1921/2494 1374/1926/2524 1466/2053/2525 1465/2052/2496
f 1465/2052/2496 1466/2053/2525 1533/2136/2526 1530/2133/2498
f 1530/2133/2498 1533/2136/2526 1610/2235/2527 1608/2231/2500
f 1608/2232/2500 1610/2234/2527 1694/2385/2528 1693/2383/2502
f 1693/2384/2502 1694/2387/2528 1757/2471/2529 1756/2470/2504
f 1756/2470/2504 1757/2471/2529 1834/2574/2530 1833/2573/2506
f 1833/2573/2506 1834/2574/2530 1905/2664/2531 1904/2663/2508
f 1904/2663/2508 1905/2664/2531 1980/2760/2532 1978/2756/2510
f 1978/2757/2510 1980/2759/2532 2057/2900/2533 2056/2898/2512
f 2056/2899/2512 2057/2902/2533 598/816/2514 595/813/2475
f 598/816/2514 599/817/2534 672/908/2535 670/905/2515
f 670/905/2515 672/908/2535 746/1007/2536 745/1006/2516
f 745/1006/2516 746/1007/2536 831/1122/2537 829/1120/2517
f 829/1120/2517 831/1122/2537 927/1288/2538 926/1286/2518
f 926/1287/2518 927/1289/2538 994/1378/2539 992/1376/2519
f 992/1376/2519 994/1378/2539 1084/1501/2540 1083/1500/2520
f 1083/1500/2520 1084/1501/2540 1167/1615/2541 1166/1614/2521
f 1166/1614/2521 1167/1615/2541 1237/1705/2542 1235/1703/2522
f 1235/1703/2522 1237/1705/2542 1310/1834/2543 1309/1832/2523
f 1309/1833/2523 1310/1835/2543 1375/1927/2544 1374/1926/2524
f 1374/1926/2524 1375/1927/2544 1467/2054/2545 1466/2053/2525
f 1466/2053/2525 1467/2054/2545 1534/2137/2546 1533/2136/2526
f 1533/2136/2526 1534/2137/2546 1611/2236/2547 1610/2235/2527
f 1610/2235/2527 1611/2236/2547 1695/2388/2548 1694/2386/2528
f 1694/2387/2528 1695/2389/2548 1758/2472/2549 1757/2471/2529
f 1757/2471/2529 1758/2472/2549 1835/2575/2550 1834/2574/2530
f 1834/2574/2530 1835/2575/2550 1908/2667/2551 1905/2664/2531
f 1905/2664/2531 1908/2667/2551 1981/2761/2552 1980/2760/2532
f 1980/2760/2532 1981/2761/2552 2058/2903/2553 2057/2901/2533
f 2057/2902/2533 2058/2904/2553 599/817/2534 598/816/2514
f 599/817/2534 600/818/2554 673/909/2555 672/908/2535
f 672/908/2535 673/909/2555 747/1008/2556 746/1007/2536
f 746/1007/2536 747/1008/2556 833/1124/2557 831/1122/2537
f 831/1122/2537 833/1124/2557 928/1290/2558 927/1288/2538
f 927/1289/2538 928/1291/2558 996/1380/2559 994/1378/2539
f 994/1378/2539 996/1380/2559 1087/1505/2560 1084/1501/2540
f 1084/1501/2540 1087/1505/2560 1169/1617/2561 1167/1615/2541
f 1167/1615/2541 1169/1617/2561 1238/1706/2562 1237/1705/2542
f 1237/1705/2542 1238/1706/2562 1312/1837/2563 1310/1834/2543
f 1310/1835/2543 1312/1838/2563 1378/1933/2564 1375/1927/2544
f 1375/1927/2544 1378/1933/2564 1469/2056/2565 1467/2054/2545
f 1467/2054/2545 1469/2056/2565 1536/2139/2566 1534/2137/2546
f 1534/2137/2546 1536/2139/2566 1614/2239/2567 1611/2236/2547
f 1611/2236/2547 1614/2239/2567 1696/2390/2568 1695/2388/2548
f 1695/2389/2548 1696/2391/2568 1759/2473/2569 1758/2472/2549
f 1758/2472/2549 1759/2473/2569 1836/2576/2570 1835/2575/2550
f 1835/2575/2550 1836/2576/2570 1909/2668/2571 1908/2667/2551
f 1908/2667/2551 1909/2668/2571 1982/2762/2572 1981/2761/2552
f 1981/2761/2552 1982/2762/2572 2059/2905/2573 2058/2903/2553
f 2058/2904/2553 2059/2906/2573 600/818/2554 599/817/2534
f 567/777/2154 568/778/2174 639/868/2177 637/866/2155
f 637/866/2155 639/868/2177 719/969/2179 718/968/2156
f 718/968/2156 719/969/2179 789/1066/2181 787/1063/2157
f 787/1063/2157 789/1066/2181 889/1221/2183 887/1218/2158
f 887/1219/2158 889/1222/2183 964/1340/2185 963/1339/2159
f 963/1339/2159 964/1340/2185 1048/1451/2187 1047/1450/2160
f 1047/1450/2160 1048/1451/2187 1134/1564/2189 1132/1562/2161
f 1132/1562/2161 1134/1564/2189 1210/1670/2191 1209/1669/2162
f 1209/1669/2162 1210/1670/2191 1278/1779/2193 1277/1777/2163
f 1277/1778/2163 1278/1780/2193 1348/1887/2195 1347/1886/2164
f 1347/1886/2164 1348/1887/2195 1432/2003/2197 1430/2001/2165
f 1430/2001/2165 1432/2003/2197 1504/2099/2199 1503/2098/2166
f 1503/2098/2166 1504/2099/2199 1572/2186/2201 1571/2185/2167
f 1571/2185/2167 1572/2186/2201 1660/2320/2203 1659/2318/2168
f 1659/2319/2168 1660/2321/2203 1729/2433/2205 1728/2432/2169
f 1728/2432/2169 1729/2433/2205 1805/2537/2207 1804/2536/2170
f 1804/2536/2170 1805/2537/2207 1876/2626/2209 1875/2625/2171
f 1875/2625/2171 1876/2626/2209 1948/2714/2211 1947/2713/2172
f 1947/2713/2172 1948/2714/2211 2032/2854/2213 2030/2851/2173
f 2030/2852/2173 2032/2855/2213 568/778/2174 567/777/2154
f 549/755/2574 551/758/1867 622/849/1870 620/846/2575
f 620/846/2575 622/849/1870 701/951/1872 700/949/2576
f 700/949/2576 701/951/1872 769/1039/1874 768/1037/2577
f 768/1037/2577 769/1039/1874 867/1185/1876 866/1182/2578
f 866/1183/2578 867/1186/1876 951/1327/1878 950/1325/2579
f 950/1325/2579 951/1327/1878 1028/1427/1880 1027/1425/2580
f 1027/1425/2580 1028/1427/1880 1114/1543/1882 1113/1541/2581
f 1113/1541/2581 1114/1543/1882 1194/1651/1884 1193/1649/2582
f 1193/1649/2582 1194/1651/1884 1265/1753/1886 1262/1747/2583
f 1262/1748/2583 1265/1754/1886 1333/1869/1888 1332/1867/2584
f 1332/1867/2584 1333/1869/1888 1408/1976/1890 1406/1973/2585
f 1406/1973/2585 1408/1976/1890 1489/2083/1892 1488/2081/2586
f 1488/2081/2586 1489/2083/1892 1554/2164/1894 1553/2162/2587
f 1553/2162/2587 1554/2164/1894 1646/2293/1896 1645/2290/2588
f 1645/2291/2588 1646/2294/1896 1717/2421/1898 1716/2419/2589
f 1716/2419/2589 1717/2421/1898 1785/2514/1900 1782/2509/2590
f 1782/2509/2590 1785/2514/1900 1858/2607/1902 1855/2602/2591
f 1855/2602/2591 1858/2607/1902 1929/2695/1904 1928/2693/2592
f 1928/2693/2592 1929/2695/1904 2015/2819/1906 2014/2816/2593
f 2014/2817/2593 2015/2820/1906 551/758/1867 549/755/2574
f 541/746/2594 542/747/2595 612/836/1675 610/833/2596
f 610/833/2596 612/836/1675 686/929/1678 684/926/2597
f 684/926/2597 686/929/1678 757/1022/1680 756/1021/2598
f 756/1021/2598 757/1022/1680 852/1160/1682 851/1158/2599
f 851/1159/2599 852/1161/1682 941/1312/1684 940/1311/2600
f 940/1311/2600 941/1312/1684 1013/1404/1686 1012/1403/2601
f 1012/1403/2601 1013/1404/1686 1102/1528/1688 1100/1526/2602
f 1100/1526/2602 1102/1528/1688 1181/1634/1690 1180/1633/2603
f 1180/1633/2603 1181/1634/1690 1251/1730/1692 1250/1728/2604
f 1250/1729/2604 1251/1731/1692 1324/1857/1696 1323/1856/2605
f 1323/1856/2605 1324/1857/1696 1393/1957/1709 1392/1956/2606
f 1392/1956/2606 1393/1957/1709 1480/2071/1712 1479/2070/2607
f 1479/2070/2607 1480/2071/1712 1545/2152/1714 1544/2151/2608
f 1544/2151/2608 1545/2152/1714 1633/2272/1716 1632/2270/2609
f 1632/2271/2609 1633/2273/1716 1707/2408/1718 1706/2407/2610
f 1706/2407/2610 1707/2408/1718 1773/2498/1720 1771/2495/2611
f 1771/2495/2611 1773/2498/1720 1845/2589/1722 1844/2588/2612
f 1844/2588/2612 1845/2589/1722 1921/2684/1724 1920/2683/2613
f 1920/2683/2613 1921/2684/1724 2001/2795/1726 1999/2792/2614
f 1999/2793/2614 2001/2796/1726 542/747/2595 541/746/2594
f 2604/3803/2615 2599/3792/635 2626/3838/2616 2628/3840/2617
f 929/1292/2618 835/1127/2619 2613/3821/2620 2614/3822/2621
f 1313/1839/2622 1239/1707/2623 2617/3826/2624 2618/3828/2625
f 1616/2242/2626 1537/2140/2627 2621/3831/2628 2622/3832/2629
f 1088/1506/2630 2600/3794/624 2627/3839/2631 2615/3824/2632
f 2610/3816/2633 2609/3814/2634 2629/3841/2635 2630/3842/2636
f 1239/1707/2623 1170/1618/2637 2616/3825/2638 2617/3826/2624
f 2599/3792/635 2598/3789/2639 2625/3836/2640 2626/3838/2616
f 1537/2140/2627 1471/2058/2641 2620/3830/2642 2621/3831/2628
f 2609/3814/2634 2604/3803/2615 2628/3840/2617 2629/3841/2635
f 2596/3785/2643 601/819/2644 1617/2244/2645 2624/3835/2646
f 1170/1618/2637 1088/1506/2630 2615/3824/2632 2616/3825/2638
f 2598/3790/2639 1616/2242/2626 2622/3832/2629 2625/3837/2640
f 748/1009/2647 2596/3785/2643 2624/3835/2646 2612/3820/2648
f 2600/3794/624 929/1293/2618 2614/3823/2621 2627/3839/2631
f 2060/2907/2649 2610/3816/2633 2630/3842/2636 2623/3834/2650
f 601/819/2644 2060/2908/2649 2623/3833/2650 1617/2244/2645
f 835/1127/2619 748/1009/2647 2612/3820/2648 2613/3821/2620
f 1379/1934/2651 1313/1840/2622 2618/3827/2625 2619/3829/2652
f 1471/2058/2641 1379/1934/2651 2619/3829/2652 2620/3830/2642
f 590/805/2454 592/807/2653 666/898/2654 664/896/2455
f 664/896/2455 666/898/2654 741/999/2655 740/998/2456
f 740/998/2456 741/999/2655 821/1107/2656 819/1104/2457
f 819/1104/2457 821/1107/2656 919/1271/2657 917/1268/2458
f 917/1268/2458 919/1271/2657 985/1366/2658 984/1365/2459
f 984/1365/2459 985/1366/2658 1076/1485/2659 1075/1484/2460
f 1075/1484/2460 1076/1485/2659 1162/1607/2660 1161/1606/2461
f 1161/1606/2461 1162/1607/2660 1229/1693/2661 1228/1692/2462
f 1228/1692/2462 1229/1693/2661 1304/1822/2662 1302/1819/2463
f 1302/1819/2463 1304/1822/2662 1368/1913/2663 1367/1912/2464
f 1367/1912/2464 1368/1913/2663 1461/2044/2664 1460/2043/2465
f 1460/2043/2465 1461/2044/2664 1526/2126/2665 1525/2125/2466
f 1525/2125/2466 1526/2126/2665 1603/2223/2666 1600/2220/2467
f 1600/2220/2467 1603/2223/2666 1687/2370/2667 1686/2369/2468
f 1686/2369/2468 1687/2370/2667 1750/2460/2668 1748/2457/2469
f 1748/2457/2469 1750/2460/2668 1829/2566/2669 1828/2565/2470
f 1828/2565/2470 1829/2566/2669 1899/2655/2670 1898/2654/2471
f 1898/2654/2471 1899/2655/2670 1974/2750/2671 1972/2747/2472
f 1972/2747/2472 1974/2750/2671 2053/2891/2672 2052/2890/2473
f 2052/2890/2473 2053/2891/2672 592/807/2653 590/805/2454
f 593/809/2673 594/811/2474 668/902/2477 667/900/2674
f 667/900/2674 668/902/2477 743/1003/2479 742/1001/2675
f 742/1001/2675 743/1003/2479 826/1115/2481 824/1112/2676
f 824/1112/2676 826/1115/2481 922/1278/2483 920/1274/2677
f 920/1274/2677 922/1278/2483 989/1372/2485 987/1369/2678
f 987/1369/2678 989/1372/2485 1078/1489/2487 1077/1487/2679
f 1077/1487/2679 1078/1489/2487 1164/1611/2489 1163/1609/2680
f 1163/1609/2680 1164/1611/2489 1231/1697/2491 1230/1695/2681
f 1230/1695/2681 1231/1697/2491 1306/1828/2493 1305/1825/2682
f 1305/1825/2682 1306/1828/2493 1371/1919/2495 1370/1917/2683
f 1370/1917/2683 1371/1919/2495 1463/2048/2497 1462/2046/2684
f 1462/2046/2684 1463/2048/2497 1529/2131/2499 1528/2129/2685
f 1528/2129/2685 1529/2131/2499 1606/2229/2501 1605/2227/2686
f 1605/2227/2686 1606/2229/2501 1691/2381/2503 1689/2376/2687
f 1689/2376/2687 1691/2381/2503 1755/2468/2505 1752/2463/2688
f 1752/2463/2688 1755/2468/2505 1832/2571/2507 1831/2569/2689
f 1831/2569/2689 1832/2571/2507 1903/2661/2509 1901/2658/2690
f 1901/2658/2690 1903/2661/2509 1976/2754/2511 1975/2752/2691
f 1975/2752/2691 1976/2754/2511 2055/2897/2513 2054/2894/2692
f 2054/2894/2692 2055/2897/2513 594/811/2474 593/809/2673
f 600/818/2554 2594/3780/2651 674/910/2641 673/909/2555
f 673/909/2555 674/910/2641 2597/3787/2627 747/1008/2556
f 747/1008/2556 2597/3787/2627 2605/3805/2626 833/1124/2557
f 833/1124/2557 2605/3805/2626 2606/3807/2639 928/1290/2558
f 928/1291/2558 2606/3808/2639 999/1383/635 996/1380/2559
f 996/1380/2559 999/1383/635 2601/3796/2615 1087/1505/2560
f 1087/1505/2560 2601/3796/2615 2607/3810/2634 1169/1617/2561
f 1169/1617/2561 2607/3810/2634 2602/3798/2633 1238/1706/2562
f 1238/1706/2562 2602/3798/2633 2603/3800/2649 1312/1837/2563
f 1312/1838/2563 2603/3801/2649 2592/3776/2644 1378/1933/2564
f 1378/1933/2564 2592/3776/2644 2593/3778/2643 1469/2056/2565
f 1469/2056/2565 2593/3778/2643 2608/3812/2647 1536/2139/2566
f 1536/2139/2566 2608/3812/2647 2611/3818/2619 1614/2239/2567
f 1614/2239/2567 2611/3818/2619 1697/2392/2618 1696/2390/2568
f 1696/2391/2568 1697/2393/2618 1760/2474/624 1759/2473/2569
f 1759/2473/2569 1760/2474/624 1837/2577/2630 1836/2576/2570
f 1836/2576/2570 1837/2577/2630 1910/2669/2637 1909/2668/2571
f 1909/2668/2571 1910/2669/2637 1983/2763/2623 1982/2762/2572
f 1982/2762/2572 1983/2763/2623 2595/3782/2622 2059/2905/2573
f 2059/2906/2573 2595/3783/2622 2594/3780/2651 600/818/2554
f 580/792/2294 581/794/2693 649/880/2694 647/877/2295
f 647/877/2295 649/880/2694 727/979/2695 726/977/2296
f 726/977/2296 727/979/2695 803/1087/2696 800/1083/2297
f 800/1083/2297 803/1087/2696 901/1242/2697 899/1238/2298
f 899/1238/2298 901/1242/2697 971/1349/2698 970/1347/2299
f 970/1347/2299 971/1349/2698 1060/1467/2699 1059/1465/2300
f 1059/1465/2300 1060/1467/2699 1146/1583/2700 1144/1579/2301
f 1144/1579/2301 1146/1583/2700 1217/1680/2701 1216/1678/2302
f 1216/1678/2302 1217/1680/2701 1287/1797/2702 1285/1793/2303
f 1285/1793/2303 1287/1797/2702 1356/1899/2703 1355/1897/2304
f 1355/1897/2304 1356/1899/2703 1444/2020/2704 1443/2018/2305
f 1443/2018/2305 1444/2020/2704 1512/2109/2705 1511/2107/2306
f 1511/2107/2306 1512/2109/2705 1582/2199/2706 1581/2197/2307
f 1581/2197/2307 1582/2199/2706 1670/2340/2707 1668/2335/2308
f 1668/2335/2308 1670/2340/2707 1736/2442/2708 1735/2440/2309
f 1735/2440/2309 1736/2442/2708 1817/2551/2709 1816/2549/2310
f 1816/2549/2310 1817/2551/2709 1884/2636/2710 1883/2634/2311
f 1883/2634/2311 1884/2636/2710 1956/2725/2711 1955/2723/2312
f 1955/2723/2312 1956/2725/2711 2040/2872/2712 2039/2869/2313
f 2039/2869/2313 2040/2872/2712 581/794/2693 580/792/2294
f 548/754/1847 549/756/2574 620/847/2575 619/845/1848
f 619/845/1848 620/847/2575 700/950/2576 697/945/1849
f 697/945/1849 700/950/2576 768/1038/2577 767/1036/1850
f 767/1036/1850 768/1038/2577 866/1184/2578 865/1181/1851
f 865/1181/1851 866/1184/2578 950/1326/2579 949/1324/1852
f 949/1324/1852 950/1326/2579 1027/1426/2580 1025/1423/1853
f 1025/1423/1853 1027/1426/2580 1113/1542/2581 1112/1540/1854
f 1112/1540/1854 1113/1542/2581 1193/1650/2582 1192/1648/1855
f 1192/1648/1855 1193/1650/2582 1262/1749/2583 1260/1744/1856
f 1260/1744/1856 1262/1749/2583 1332/1868/2584 1331/1866/1857
f 1331/1866/1857 1332/1868/2584 1406/1974/2585 1405/1972/1858
f 1405/1972/1858 1406/1974/2585 1488/2082/2586 1487/2080/1859
f 1487/2080/1859 1488/2082/2586 1553/2163/2587 1552/2161/1860
f 1552/2161/1860 1553/2163/2587 1645/2292/2588 1643/2288/1861
f 1643/2288/1861 1645/2292/2588 1716/2420/2589 1714/2417/1862
f 1714/2417/1862 1716/2420/2589 1782/2510/2590 1780/2507/1863
f 1780/2507/1863 1782/2510/2590 1855/2603/2591 1853/2600/1864
f 1853/2600/1864 1855/2603/2591 1928/2694/2592 1927/2692/1865
f 1927/2692/1865 1928/2694/2592 2014/2818/2593 2012/2813/1866
f 2012/2813/1866 2014/2818/2593 549/756/2574 548/754/1847
f 593/810/2713 667/901/2714 666/899/2714 592/808/2713
f 667/901/2714 742/1002/2715 741/1000/2715 666/899/2714
f 742/1002/2715 824/1113/2716 821/1108/2716 741/1000/2715
f 824/1113/2716 920/1275/2717 919/1272/2717 821/1108/2716
f 920/1276/2717 987/1370/2718 985/1367/2718 919/1273/2717
f 987/1370/2718 1077/1488/2719 1076/1486/2719 985/1367/2718
f 1077/1488/2719 1163/1610/2720 1162/1608/2720 1076/1486/2719
f 1163/1610/2720 1230/1696/2721 1229/1694/2721 1162/1608/2720
f 1230/1696/2721 1305/1826/2722 1304/1823/2722 1229/1694/2721
f 1305/1827/2722 1370/1918/2723 1368/1914/2723 1304/1824/2722
f 1370/1918/2723 1462/2047/2724 1461/2045/2724 1368/1914/2723
f 1462/2047/2724 1528/2130/2725 1526/2127/2725 1461/2045/2724
f 1528/2130/2725 1605/2228/2726 1603/2224/2726 1526/2127/2725
f 1605/2228/2726 1689/2377/2727 1687/2371/2727 1603/2224/2726
f 1689/2378/2727 1752/2464/2728 1750/2461/2728 1687/2372/2727
f 1752/2464/2728 1831/2570/2729 1829/2567/2729 1750/2461/2728
f 1831/2570/2729 1901/2659/2730 1899/2656/2730 1829/2567/2729
f 1901/2659/2730 1975/2753/2731 1974/2751/2731 1899/2656/2730
f 1975/2753/2731 2054/2895/2732 2053/2892/2732 1974/2751/2731
f 2054/2896/2732 593/810/2713 592/808/2713 2053/2893/2732
f 1/2/41 535/738/41 603/824/41 602/822/41
f 602/822/41 603/824/41 676/915/41 675/913/41
f 675/913/41 676/915/41 749/1012/41 81/100/41
f 81/100/41 749/1012/41 838/1133/41 108/135/41
f 108/135/41 838/1133/41 931/1298/41 930/1296/41
f 930/1296/41 931/1298/41 1002/1389/41 1000/1386/41
f 1000/1386/41 1002/1389/41 1090/1512/41 187/250/41
f 187/250/41 1090/1512/41 1172/1622/41 214/283/41
f 214/283/41 1172/1622/41 1241/1712/41 241/318/41
f 241/318/41 1241/1712/41 1314/1843/41 268/371/41
f 268/371/41 1314/1843/41 1383/1942/41 295/404/41
f 295/404/41 1383/1942/41 1472/2061/41 322/437/41
f 322/437/41 1472/2061/41 1538/2143/41 349/470/41
f 349/470/41 1538/2143/41 1620/2250/41 376/505/41
f 376/505/41 1620/2250/41 1699/2398/41 1698/2396/41
f 1698/2396/41 1699/2398/41 1764/2484/41 1761/2477/41
f 1761/2477/41 1764/2484/41 1838/2580/41 455/620/41
f 455/620/41 1838/2580/41 1913/2674/41 482/653/41
f 482/653/41 1913/2674/41 1987/2774/41 1984/2767/41
f 1984/2767/41 1987/2774/41 535/738/41 1/2/41
f 2567/3716/1666 2439/3479/1666 2438/3477/1666 2566/3714/1666 2449/3501/1665 614/839/1676 612/836/1675 542/747/2595 2440/3481/1671 2441/3483/1666 2568/3718/1666 2448/3499/1666
f 2569/3721/1695 2560/3704/1694 2559/3703/1693 1325/1858/1756 2516/3618/1699 2554/3693/1695 2561/3705/1701 2570/3723/1695 2557/3699/1695 2556/3697/1695
f 2570/3723/1695 2556/3697/1695 2557/3699/2733
f 2555/3695/1702 2515/3616/1702 2516/3618/1699 1325/1858/1756 2523/3635/1706 2522/3632/1705 2571/3727/1702 2517/3620/1702 2518/3622/1702 2572/3729/1702 2524/3637/1702
f 2518/3622/1702 2517/3620/2734 2571/3727/1702 2553/3691/1710
f 542/747/2595 2001/2796/1726 2002/2798/1725 2483/3559/1780 2573/3733/1728 2474/3544/2735 2475/3546/1728 2476/3548/1728 2482/3556/1727 2477/3550/1728 2440/3481/1671
f 2474/3544/2735 2573/3733/1728 2475/3546/1728
f 544/749/1781 615/840/1740 614/839/1676 2449/3501/1665 2436/3473/1734 2437/3475/1737 2479/3552/1739 2472/3541/1737 2435/3471/1734 2575/3737/1734 2486/3563/1733 2574/3735/1734 2433/3467/1736
f 2511/3609/1750 2558/3701/1750 2512/3611/1750 2513/3613/1750 2559/3703/1697 1253/1734/1691 1255/1737/1748 1326/1859/1797 2507/3600/1755 2508/3602/1750 2576/3739/1750 2565/3711/1758 2509/3604/1752 2551/3688/1751
f 2505/3596/1760 2577/3742/1760 2528/3643/1759 2506/3598/1760 2507/3600/1755 1326/1859/1797 1397/1962/1767 1396/1961/1708 2523/3635/1707 2519/3624/1760 2520/3627/1760 2521/3630/1760 2578/3747/1760
f 2484/3561/1782 2580/3755/1779 2473/3543/1778 2579/3750/1777 2485/3562/1784 2434/3469/1779 2432/3465/1779 2433/3467/1736 543/748/1672 2483/3559/1732 2444/3490/1779 2443/3488/1779
f 2409/3422/1948 2408/3419/1947 2581/3756/1948 2453/3508/1947
f 2542/3670/2004 1271/1766/1996 1272/1768/2035 2540/3666/2736 2539/3664/2038 2501/3585/2737 2543/3672/2038
f 2501/3586/2737 2500/3584/635 2543/3673/2038
f 2548/3683/2040 2535/3657/2040 2494/3576/2078 1420/1990/2042 1418/1987/2008 2533/3654/2007 2532/3652/2040
f 2468/3531/2053 2590/3772/2051 2469/3534/2051
f 2499/3582/2072 2541/3668/2071 2540/3666/2736 1272/1768/2035 1273/1770/2070 1343/1882/2076 2498/3581/2074 2545/3676/2071 2538/3661/2071 2591/3774/2071
f 2591/3775/2071 2538/3662/2071 2537/3660/2738
f 2492/3574/2081 2536/3658/2075 2493/3575/2075
f 2218/3148/1408 2213/3138/1419 2072/2930/1418 2149/3045/1409
f 1155/1596/974 995/1379/1012 792/1070/952 1142/1576/951
f 1149/1587/914 894/1230/915 692/937/923 1137/1569/922
f 2216/3145/1371 2210/3131/1375 1994/2784/1374 2119/3001/1372
f 1379/1935/2739 1471/2059/2739 2593/3779/2739 2592/3777/2739
f 2060/2909/2739 601/820/2739 2594/3781/2739 2595/3784/2739
f 2596/3786/2739 748/1010/2739 2597/3788/2739 674/911/2739
f 601/820/2739 2596/3786/2739 674/911/2739 2594/3781/2739
f 2598/3791/2739 2599/3793/2739 1760/2475/2739 1697/2394/2739
f 2600/3795/2739 1088/1507/2739 2601/3797/2739 999/1384/2739
f 1239/1708/2739 1313/1841/2739 2603/3802/2739 2602/3799/2739
f 2599/3793/2739 2604/3804/2739 1837/2578/2739 1760/2475/2739
f 748/1010/2739 835/1128/2739 2605/3806/2739 2597/3788/2739
f 929/1294/2739 2600/3795/2739 999/1384/2739 2606/3809/2739
f 1088/1507/2739 1170/1619/2739 2607/3811/2739 2601/3797/2739
f 1471/2059/2739 1537/2141/2739 2608/3813/2739 2593/3779/2739
f 2609/3815/2739 2610/3817/2739 1983/2764/2739 1910/2670/2739
f 1537/2141/2739 1616/2243/2739 2611/3819/2739 2608/3813/2739
f 835/1128/2739 929/1294/2739 2606/3809/2739 2605/3806/2739
f 1313/1841/2739 1379/1935/2739 2592/3777/2739 2603/3802/2739
f 2610/3817/2739 2060/2909/2739 2595/3784/2739 1983/2764/2739
f 1616/2243/2739 2598/3791/2739 1697/2394/2739 2611/3819/2739
f 2604/3804/2739 2609/3815/2739 1910/2670/2739 1837/2578/2739
f 1170/1619/2739 1239/1708/2739 2602/3799/2739 2607/3811/2739
f 2616/3825/2638 2615/3824/2632 2635/3850/2740 2636/3851/2741
f 2617/3826/2624 2616/3825/2638 2636/3851/2741 2637/3852/2742
f 2622/3832/2629 2621/3831/2628 2641/3859/2743 2642/3861/2744
f 2615/3824/2632 2627/3839/2631 2647/3870/2745 2635/3850/2740
f 2624/3835/2646 1617/2244/2645 2631/3843/2746 2644/3865/2747
f 2626/3838/2616 2625/3836/2640 2645/3867/2748 2646/3869/2749
f 2620/3830/2642 2619/3829/2652 2639/3857/2750 2640/3858/2751
f 2612/3820/2648 2624/3835/2646 2644/3865/2747 2632/3844/2752
f 1617/2244/2645 2623/3833/2650 2643/3864/2753 2631/3843/2746
f 2625/3837/2640 2622/3832/2629 2642/3861/2744 2645/3866/2748
f 2619/3829/2652 2618/3827/2625 2638/3855/2754 2639/3857/2750
f 2618/3828/2625 2617/3826/2624 2637/3852/2742 2638/3854/2754
f 2623/3834/2650 2630/3842/2636 2650/3873/2755 2643/3862/2753
f 2621/3831/2628 2620/3830/2642 2640/3858/2751 2641/3859/2743
f 2614/3822/2621 2613/3821/2620 2633/3845/2756 2634/3847/2757
f 2630/3842/2636 2629/3841/2635 2649/3872/2758 2650/3873/2755
f 2629/3841/2635 2628/3840/2617 2648/3871/2759 2649/3872/2758
f 2628/3840/2617 2626/3838/2616 2646/3869/2749 2648/3871/2759
f 2627/3839/2631 2614/3823/2621 2634/3848/2757 2647/3870/2745
f 2613/3821/2620 2612/3820/2648 2632/3844/2752 2633/3845/2756
f 2635/3850/2740 2647/3870/2745 2667/3907/2760 2655/3883/2761
f 2650/3873/2755 2649/3872/2758 2669/3911/2762 2670/3913/2763
f 2637/3852/2742 2636/3851/2741 2656/3885/2764 2657/3887/2765
f 2646/3869/2749 2645/3867/2748 2665/3903/2766 2666/3905/2767
f 2641/3859/2743 2640/3858/2751 2660/3893/2768 2661/3895/2769
f 2649/3872/2758 2648/3871/2759 2668/3909/2770 2669/3911/2762
f 2644/3865/2747 2631/3843/2746 2651/3875/2771 2664/3901/2772
f 2636/3851/2741 2635/3850/2740 2655/3883/2761 2656/3885/2764
f 2645/3868/2748 2642/3860/2744 2662/3898/2773 2665/3904/2766
f 2632/3844/2752 2644/3865/2747 2664/3901/2772 2652/3877/2774
f 2647/3870/2745 2634/3848/2757 2654/3881/2775 2667/3907/2760
f 2643/3863/2753 2650/3874/2755 2670/3914/2763 2663/3900/2776
f 2631/3843/2746 2643/3864/2753 2663/3899/2776 2651/3875/2771
f 2633/3845/2756 2632/3844/2752 2652/3877/2774 2653/3879/2777
f 2639/3857/2750 2638/3855/2754 2658/3889/2778 2659/3891/2779
f 2640/3858/2751 2639/3857/2750 2659/3891/2779 2660/3893/2768
f 2648/3871/2759 2646/3869/2749 2666/3905/2767 2668/3909/2770
f 2634/3849/2757 2633/3846/2756 2653/3880/2777 2654/3882/2775
f 2638/3856/2754 2637/3853/2742 2657/3888/2765 2658/3890/2778
f 2642/3861/2744 2641/3859/2743 2661/3895/2769 2662/3897/2773
f 2653/3880/2777 2652/3878/2774 2672/3916/2780 2673/3917/2781
f 2659/3892/2779 2658/3890/2778 2678/3922/2782 2679/3923/2783
f 2660/3894/2768 2659/3892/2779 2679/3923/2783 2680/3924/2784
f 2668/3910/2770 2666/3906/2767 2686/3930/2785 2688/3932/2786
f 2654/3882/2775 2653/3880/2777 2673/3917/2781 2674/3918/2787
f 2658/3890/2778 2657/3888/2765 2677/3921/2788 2678/3922/2782
f 2662/3898/2773 2661/3896/2769 2681/3925/2789 2682/3926/2790
f 2655/3884/2761 2667/3908/2760 2687/3931/2791 2675/3919/2792
f 2670/3914/2763 2669/3912/2762 2689/3933/2793 2690/3934/2794
f 2657/3888/2765 2656/3886/2764 2676/3920/2795 2677/3921/2788
f 2666/3906/2767 2665/3904/2766 2685/3929/2796 2686/3930/2785
f 2661/3896/2769 2660/3894/2768 2680/3924/2784 2681/3925/2789
f 2669/3912/2762 2668/3910/2770 2688/3932/2786 2689/3933/2793
f 2664/3902/2772 2651/3876/2771 2671/3915/2797 2684/3928/2798
f 2656/3886/2764 2655/3884/2761 2675/3919/2792 2676/3920/2795
f 2665/3904/2766 2662/3898/2773 2682/3926/2790 2685/3929/2796
f 2652/3878/2774 2664/3902/2772 2684/3928/2798 2672/3916/2780
f 2667/3908/2760 2654/3882/2775 2674/3918/2787 2687/3931/2791
f 2663/3900/2776 2670/3914/2763 2690/3934/2794 2683/3927/2799
f 2651/3876/2771 2663/3900/2776 2683/3927/2799 2671/3915/2797
f 2676/3920/2739 2675/3919/2739 2687/3931/2739 2674/3918/2739 2673/3917/2739 2672/3916/2739 2684/3928/2739 2671/3915/2739 2683/3927/2739 2690/3934/2739 2689/3933/2739 2688/3932/2739 2686/3930/2739 2685/3929/2739 2682/3926/2739 2681/3925/2739 2680/3924/2739 2679/3923/2739 2678/3922/2739 2677/3921/2739
